# Blender 4.5.1 LTS
# www.blender.org
mtllib Generic Armed Quadcopter.mtl
o Quadcopter_Stands.002
v -0.415762 2.042241 0.125691
v -0.472459 2.098962 0.125691
v -0.472326 2.191152 0.125687
v -0.415441 2.246624 0.125688
v -0.415762 2.042241 -0.000000
v -0.472459 2.098961 -0.000000
v -0.472332 2.191098 -0.000000
v -0.415453 2.246619 -0.000000
v -0.268199 2.098962 0.125691
v -0.324896 2.042241 0.125691
v -0.325217 2.246624 0.125688
v -0.268333 2.191152 0.125687
v -0.268199 2.098961 -0.000000
v -0.324897 2.042241 -0.000000
v -0.325205 2.246619 -0.000000
v -0.268326 2.191098 -0.000000
v -0.415279 2.042314 0.416956
v -0.471979 2.097988 0.414537
v -0.472660 2.190396 0.410886
v -0.415695 2.246333 0.408511
v -0.268679 2.097988 0.414537
v -0.325380 2.042314 0.416956
v -0.324963 2.246333 0.408511
v -0.267998 2.190396 0.410886
v -0.414982 2.070435 0.528398
v -0.471529 2.118485 0.500877
v -0.473367 2.197084 0.456676
v -0.416723 2.248670 0.429022
v -0.269130 2.118485 0.500877
v -0.325677 2.070435 0.528398
v -0.323935 2.248670 0.429022
v -0.267291 2.197084 0.456676
v -0.415080 2.154008 0.615093
v -0.471584 2.181877 0.566725
v -0.473454 2.226634 0.490456
v -0.417054 2.257817 0.439619
v -0.269074 2.181877 0.566725
v -0.325579 2.154008 0.615093
v -0.323604 2.257817 0.439619
v -0.267205 2.226634 0.490456
v -0.415169 2.269855 0.647890
v -0.471634 2.269564 0.591652
v -0.473538 2.269819 0.504952
v -0.417380 2.271146 0.444199
v -0.269024 2.269564 0.591652
v -0.325489 2.269855 0.647890
v -0.323279 2.271146 0.444199
v -0.267120 2.269819 0.504952
v -0.415576 2.382251 0.619796
v -0.472065 2.355283 0.569288
v -0.473299 2.315871 0.494248
v -0.417158 2.288386 0.439673
v -0.268593 2.355283 0.569288
v -0.325082 2.382251 0.619796
v -0.323501 2.288386 0.439673
v -0.267359 2.315871 0.494248
v -0.463752 2.809506 0.291169
v -0.412468 2.836802 0.336917
v -0.412812 2.740776 0.177114
v -0.463824 2.769344 0.224137
v -0.328190 2.836802 0.336917
v -0.276906 2.809505 0.291169
v -0.276834 2.769344 0.224137
v -0.327847 2.740776 0.177114
v 0.415763 2.042241 0.125691
v 0.472460 2.098962 0.125691
v 0.472326 2.191152 0.125687
v 0.415442 2.246624 0.125688
v 0.415762 2.042241 -0.000000
v 0.472460 2.098961 -0.000000
v 0.472332 2.191098 -0.000000
v 0.415454 2.246619 -0.000000
v 0.268199 2.098962 0.125691
v 0.324897 2.042241 0.125691
v 0.325218 2.246624 0.125688
v 0.268333 2.191152 0.125687
v 0.268200 2.098961 -0.000000
v 0.324897 2.042241 -0.000000
v 0.325206 2.246619 -0.000000
v 0.268327 2.191098 -0.000000
v 0.415279 2.042314 0.416956
v 0.471980 2.097988 0.414537
v 0.472660 2.190396 0.410886
v 0.415696 2.246333 0.408511
v 0.268679 2.097988 0.414537
v 0.325380 2.042314 0.416956
v 0.324964 2.246333 0.408511
v 0.267999 2.190396 0.410886
v 0.414982 2.070435 0.528398
v 0.471529 2.118485 0.500877
v 0.473368 2.197084 0.456676
v 0.416724 2.248670 0.429022
v 0.269130 2.118485 0.500877
v 0.325677 2.070435 0.528398
v 0.323935 2.248670 0.429022
v 0.267292 2.197084 0.456676
v 0.415080 2.154008 0.615093
v 0.471584 2.181877 0.566725
v 0.473454 2.226634 0.490456
v 0.417054 2.257817 0.439619
v 0.269075 2.181877 0.566725
v 0.325579 2.154008 0.615093
v 0.323605 2.257817 0.439619
v 0.267205 2.226634 0.490456
v 0.415170 2.269855 0.647890
v 0.471635 2.269564 0.591652
v 0.473539 2.269819 0.504952
v 0.417380 2.271146 0.444199
v 0.269025 2.269564 0.591652
v 0.325489 2.269855 0.647890
v 0.323279 2.271146 0.444199
v 0.267121 2.269819 0.504952
v 0.415576 2.382251 0.619796
v 0.472066 2.355283 0.569288
v 0.473300 2.315871 0.494248
v 0.417158 2.288386 0.439673
v 0.268594 2.355283 0.569288
v 0.325083 2.382251 0.619796
v 0.323501 2.288386 0.439673
v 0.267359 2.315871 0.494248
v 0.463753 2.809506 0.291169
v 0.412469 2.836802 0.336917
v 0.412812 2.740776 0.177114
v 0.463825 2.769344 0.224137
v 0.328190 2.836802 0.336917
v 0.276907 2.809505 0.291169
v 0.276834 2.769344 0.224137
v 0.327847 2.740776 0.177114
v -0.415762 2.042241 -0.125691
v -0.472459 2.098962 -0.125691
v -0.472326 2.191152 -0.125688
v -0.415441 2.246624 -0.125688
v -0.268199 2.098962 -0.125691
v -0.324896 2.042241 -0.125691
v -0.325217 2.246624 -0.125688
v -0.268333 2.191152 -0.125688
v -0.415279 2.042314 -0.416956
v -0.471979 2.097988 -0.414537
v -0.472660 2.190396 -0.410886
v -0.415695 2.246333 -0.408512
v -0.268679 2.097988 -0.414537
v -0.325380 2.042314 -0.416956
v -0.324963 2.246333 -0.408512
v -0.267998 2.190396 -0.410886
v -0.414982 2.070435 -0.528398
v -0.471529 2.118485 -0.500877
v -0.473367 2.197084 -0.456676
v -0.416723 2.248670 -0.429022
v -0.269130 2.118485 -0.500877
v -0.325677 2.070435 -0.528398
v -0.323935 2.248670 -0.429022
v -0.267291 2.197084 -0.456676
v -0.415080 2.154008 -0.615093
v -0.471584 2.181877 -0.566725
v -0.473454 2.226634 -0.490456
v -0.417054 2.257817 -0.439619
v -0.269074 2.181877 -0.566725
v -0.325579 2.154008 -0.615093
v -0.323604 2.257817 -0.439619
v -0.267205 2.226634 -0.490457
v -0.415169 2.269855 -0.647891
v -0.471634 2.269564 -0.591653
v -0.473538 2.269819 -0.504952
v -0.417380 2.271146 -0.444199
v -0.269024 2.269564 -0.591653
v -0.325489 2.269855 -0.647891
v -0.323279 2.271146 -0.444199
v -0.267120 2.269819 -0.504952
v -0.415576 2.382251 -0.619796
v -0.472065 2.355283 -0.569289
v -0.473299 2.315871 -0.494248
v -0.417158 2.288386 -0.439673
v -0.268593 2.355283 -0.569289
v -0.325082 2.382251 -0.619796
v -0.323501 2.288386 -0.439673
v -0.267359 2.315871 -0.494248
v -0.463752 2.809506 -0.291169
v -0.412468 2.836802 -0.336917
v -0.412812 2.740776 -0.177114
v -0.463824 2.769344 -0.224137
v -0.328190 2.836802 -0.336917
v -0.276906 2.809505 -0.291169
v -0.276834 2.769344 -0.224137
v -0.327847 2.740776 -0.177114
v 0.415763 2.042241 -0.125691
v 0.472460 2.098962 -0.125691
v 0.472326 2.191152 -0.125688
v 0.415442 2.246624 -0.125688
v 0.268199 2.098962 -0.125691
v 0.324897 2.042241 -0.125691
v 0.325218 2.246624 -0.125688
v 0.268333 2.191152 -0.125688
v 0.415279 2.042314 -0.416956
v 0.471980 2.097988 -0.414537
v 0.472660 2.190396 -0.410886
v 0.415696 2.246333 -0.408512
v 0.268679 2.097988 -0.414537
v 0.325380 2.042314 -0.416956
v 0.324964 2.246333 -0.408512
v 0.267999 2.190396 -0.410886
v 0.414982 2.070435 -0.528398
v 0.471529 2.118485 -0.500877
v 0.473368 2.197084 -0.456676
v 0.416724 2.248670 -0.429022
v 0.269130 2.118485 -0.500877
v 0.325677 2.070435 -0.528398
v 0.323935 2.248670 -0.429022
v 0.267292 2.197084 -0.456676
v 0.415080 2.154008 -0.615093
v 0.471584 2.181877 -0.566725
v 0.473454 2.226634 -0.490456
v 0.417054 2.257817 -0.439619
v 0.269075 2.181877 -0.566725
v 0.325579 2.154008 -0.615093
v 0.323605 2.257817 -0.439619
v 0.267205 2.226634 -0.490457
v 0.415170 2.269855 -0.647891
v 0.471635 2.269564 -0.591653
v 0.473539 2.269819 -0.504952
v 0.417380 2.271146 -0.444199
v 0.269025 2.269564 -0.591653
v 0.325489 2.269855 -0.647891
v 0.323279 2.271146 -0.444199
v 0.267121 2.269819 -0.504952
v 0.415576 2.382251 -0.619796
v 0.472066 2.355283 -0.569289
v 0.473300 2.315871 -0.494248
v 0.417158 2.288386 -0.439673
v 0.268594 2.355283 -0.569289
v 0.325083 2.382251 -0.619796
v 0.323501 2.288386 -0.439673
v 0.267359 2.315871 -0.494248
v 0.463753 2.809506 -0.291169
v 0.412469 2.836802 -0.336917
v 0.412812 2.740776 -0.177114
v 0.463825 2.769344 -0.224137
v 0.328190 2.836802 -0.336917
v 0.276907 2.809505 -0.291169
v 0.276834 2.769344 -0.224137
v 0.327847 2.740776 -0.177114
v 0.009276 0.217797 -0.189953
v -0.063416 0.217797 -0.175494
v -0.125041 0.217797 -0.134317
v -0.166218 0.217797 -0.072692
v -0.180677 0.217797 -0.000000
v -0.166218 0.217797 0.072692
v -0.125041 0.217797 0.134317
v -0.063416 0.217797 0.175494
v 0.009276 0.217797 0.189953
v 0.081968 0.217797 0.175494
v 0.143593 0.217797 0.134317
v 0.184770 0.217797 0.072692
v 0.199229 0.217797 -0.000000
v 0.184770 0.217797 -0.072692
v 0.143593 0.217797 -0.134317
v 0.081968 0.217797 -0.175494
v 0.009276 2.733280 -0.177366
v -0.060167 2.733280 -0.163553
v -0.119038 2.733280 -0.124216
v -0.158374 2.733280 -0.065346
v -0.172187 2.733280 0.004098
v -0.158374 2.733280 0.073541
v -0.119038 2.733280 0.132411
v -0.060167 2.733280 0.171748
v 0.009276 2.733280 0.205264
v 0.078719 2.733280 0.171748
v 0.137590 2.733280 0.132411
v 0.176926 2.733280 0.073541
v 0.190739 2.733280 0.004098
v 0.176926 2.733280 -0.065346
v 0.137590 2.733280 -0.124216
v 0.078719 2.733280 -0.163553
v 0.009276 0.187580 -0.466549
v -0.169265 0.187580 -0.431035
v -0.320624 0.187580 -0.329900
v -0.421759 0.187580 -0.178541
v -0.457273 0.187580 -0.000000
v -0.421759 0.187580 0.178541
v -0.320624 0.187580 0.329900
v -0.169265 0.187580 0.431035
v 0.009276 0.187580 0.466549
v 0.187817 0.187580 0.431035
v 0.339176 0.187580 0.329900
v 0.440311 0.187580 0.178541
v 0.475825 0.187580 -0.000000
v 0.440311 0.187580 -0.178541
v 0.339176 0.187580 -0.329900
v 0.187817 0.187580 -0.431035
v 0.009276 0.187580 -0.989811
v -0.369508 0.187580 -0.914466
v -0.690626 0.187580 -0.699902
v -0.905190 0.187580 -0.378784
v -0.980535 0.187580 -0.000000
v -0.905190 0.187580 0.378784
v -0.690626 0.187580 0.699902
v -0.369508 0.187580 0.914466
v 0.009276 0.187580 0.989811
v 0.388060 0.187580 0.914466
v 0.709178 0.187580 0.699902
v 0.923742 0.187580 0.378784
v 0.999087 0.187580 -0.000000
v 0.923742 0.187580 -0.378784
v 0.709178 0.187580 -0.699902
v 0.388060 0.187580 -0.914466
v 0.009276 0.000000 -0.860159
v -0.319893 0.000000 -0.794683
v -0.598948 0.000000 -0.608224
v -0.785407 0.000000 -0.329169
v -0.850883 0.000000 -0.000000
v -0.785407 0.000000 0.329169
v -0.598948 0.000000 0.608224
v -0.319893 0.000000 0.794683
v 0.009276 0.000000 0.860159
v 0.338445 0.000000 0.794683
v 0.617500 0.000000 0.608224
v 0.803959 0.000000 0.329168
v 0.869435 0.000000 -0.000000
v 0.803959 0.000000 -0.329169
v 0.617500 0.000000 -0.608224
v 0.338445 0.000000 -0.794683
v -0.369508 0.000000 -0.914466
v 0.009276 0.000000 -0.989811
v -0.690626 0.000000 -0.699902
v -0.905190 0.000000 -0.378784
v -0.980535 0.000000 -0.000000
v -0.905190 0.000000 0.378784
v -0.690626 0.000000 0.699902
v -0.369508 0.000000 0.914466
v 0.009276 0.000000 0.989811
v 0.388060 0.000000 0.914466
v 0.709178 0.000000 0.699902
v 0.923742 0.000000 0.378784
v 0.999087 0.000000 -0.000000
v 0.923742 0.000000 -0.378784
v 0.709178 0.000000 -0.699902
v 0.388060 0.000000 -0.914466
v 0.120142 1.895738 -0.045922
v 0.094129 1.895738 -0.084853
v -0.075577 1.895738 0.084853
v -0.036646 1.895738 0.110866
v 0.055198 1.895738 -0.110866
v 0.009276 1.895738 0.120000
v 0.009276 1.895738 -0.120000
v -0.036646 1.895738 -0.110866
v 0.055198 1.895738 0.110866
v -0.075577 1.895738 -0.084853
v 0.094129 1.895738 0.084853
v -0.101590 1.895738 -0.045922
v 0.120142 1.895738 0.045922
v -0.110724 1.895738 -0.000000
v 0.129276 1.895738 -0.000000
v -0.101590 1.895738 0.045922
v 0.094129 0.253680 -0.084853
v -0.036646 0.253680 0.110866
v 0.055198 0.253680 -0.110866
v 0.009276 0.253680 0.120000
v -0.036646 0.253680 -0.110866
v 0.055198 0.253680 0.110866
v -0.075577 0.253680 -0.084853
v 0.094129 0.253680 0.084853
v -0.101590 0.253680 -0.045922
v 0.120142 0.253680 0.045922
v -0.110724 0.253680 -0.000000
v 0.129276 0.253680 -0.000000
v -0.101590 0.253680 0.045922
v 0.120142 0.253680 -0.045922
v -0.075577 0.253680 0.084853
v 0.009276 0.253680 -0.120000
v -0.189054 2.562765 0.550316
v -0.083425 2.870253 0.693294
v -0.189054 2.764852 0.115711
v -0.083425 3.019789 0.371702
v 0.189054 2.562765 0.550316
v 0.083425 2.870253 0.693294
v 0.189054 2.764852 0.115711
v 0.083425 3.019789 0.371702
v -0.189054 2.716509 0.621805
v -0.189054 2.918595 0.187200
v 0.189054 2.918595 0.187200
v 0.189054 2.716509 0.621805
v 0.000000 2.909929 0.416277
v -0.054927 2.900058 0.411594
v -0.101492 2.871947 0.398257
v -0.132606 2.829877 0.378298
v -0.143532 2.780252 0.354754
v -0.132606 2.730626 0.331210
v -0.101492 2.688556 0.311250
v -0.054927 2.660445 0.297914
v 0.000000 2.650574 0.293231
v 0.054927 2.660445 0.297914
v 0.101492 2.688556 0.311250
v 0.132606 2.730626 0.331210
v 0.143532 2.780252 0.354754
v 0.132606 2.829877 0.378298
v 0.101492 2.871947 0.398257
v 0.054927 2.900058 0.411594
v -0.054927 2.743135 0.742350
v 0.000000 2.753006 0.747033
v -0.101492 2.715025 0.729014
v -0.132606 2.672954 0.709054
v -0.143532 2.623329 0.685510
v -0.132606 2.573704 0.661966
v -0.101492 2.531634 0.642006
v -0.054927 2.503523 0.628670
v 0.000000 2.493652 0.623987
v 0.054927 2.503523 0.628670
v 0.101492 2.531634 0.642006
v 0.132606 2.573704 0.661966
v 0.143532 2.623329 0.685510
v 0.132606 2.672954 0.709054
v 0.101492 2.715025 0.729014
v 0.054927 2.743135 0.742350
v -0.466521 2.644913 -0.000000
v -0.466521 2.958512 -0.000000
v 0.000000 2.644913 0.466521
v 0.000000 2.958512 0.466521
v 0.000000 3.113607 -0.000000
v 0.000000 2.393017 -0.000000
v -0.677629 2.755613 0.486150
v -0.677629 2.893064 0.486150
v -0.486150 2.893064 0.677628
v -0.486150 2.755613 0.677628
v -0.488278 2.948414 0.266275
v -0.266275 2.948414 0.488278
v -0.266275 2.700263 0.488278
v -0.488278 2.700263 0.266275
v 0.000000 3.063858 0.304800
v -0.304800 3.061424 -0.000000
v -0.586521 2.824338 -0.000000
v 0.000000 2.824338 0.586521
v -0.737032 2.824338 0.425554
v -0.425554 2.824338 0.737032
v -0.608278 2.824338 0.266275
v -0.266275 2.824338 0.608278
v -0.168986 2.976089 0.441551
v -0.168986 2.672589 0.441551
v -0.441551 2.672589 0.168986
v -0.441551 2.976089 0.168986
v -0.181482 2.824338 0.549055
v -0.549055 2.824338 0.181482
v -0.750403 2.730514 0.300429
v -0.896558 2.730514 0.329501
v -1.020462 2.730514 0.412291
v -1.103252 2.730514 0.536196
v -1.132324 2.730514 0.682351
v -1.103252 2.730514 0.828506
v -1.020462 2.730514 0.952410
v -0.896558 2.730514 1.035200
v -0.750403 2.730514 1.064272
v -0.604248 2.730514 1.035200
v -0.480343 2.730514 0.952410
v -0.397553 2.730514 0.828506
v -0.368481 2.730514 0.682351
v -0.397553 2.730514 0.536196
v -0.480343 2.730514 0.412291
v -0.604248 2.730514 0.329501
v -0.750403 2.916703 0.300429
v -0.896558 2.916703 0.329501
v -1.020462 2.916703 0.412291
v -1.103252 2.916703 0.536196
v -1.132324 2.916703 0.682351
v -1.103252 2.916703 0.828506
v -1.020462 2.916703 0.952410
v -0.896558 2.916703 1.035200
v -0.750403 2.916703 1.064272
v -0.604248 2.916703 1.035200
v -0.480343 2.916703 0.952410
v -0.397553 2.916703 0.828506
v -0.368481 2.916703 0.682351
v -0.397553 2.916703 0.536196
v -0.480343 2.916703 0.412291
v -0.604248 2.916703 0.329501
v 0.466521 2.644913 -0.000000
v 0.466521 2.958512 -0.000000
v 0.677629 2.755613 0.486150
v 0.677629 2.893064 0.486150
v 0.486150 2.893064 0.677628
v 0.486150 2.755613 0.677628
v 0.488278 2.948414 0.266275
v 0.266275 2.948414 0.488278
v 0.266275 2.700263 0.488278
v 0.488278 2.700263 0.266275
v 0.304800 3.061424 -0.000000
v 0.586521 2.824338 -0.000000
v 0.737032 2.824338 0.425554
v 0.425554 2.824338 0.737032
v 0.608278 2.824338 0.266275
v 0.266275 2.824338 0.608278
v 0.168986 2.976089 0.441551
v 0.168986 2.672589 0.441551
v 0.441551 2.672589 0.168986
v 0.441551 2.976089 0.168986
v 0.181482 2.824338 0.549055
v 0.549055 2.824338 0.181482
v 0.750403 2.730514 0.300429
v 0.896558 2.730514 0.329501
v 1.020462 2.730514 0.412291
v 1.103252 2.730514 0.536196
v 1.132324 2.730514 0.682351
v 1.103252 2.730514 0.828506
v 1.020462 2.730514 0.952410
v 0.896558 2.730514 1.035200
v 0.750403 2.730514 1.064272
v 0.604248 2.730514 1.035200
v 0.480343 2.730514 0.952410
v 0.397553 2.730514 0.828506
v 0.368481 2.730514 0.682351
v 0.397553 2.730514 0.536196
v 0.480343 2.730514 0.412291
v 0.604248 2.730514 0.329501
v 0.750403 2.916703 0.300429
v 0.896558 2.916703 0.329501
v 1.020462 2.916703 0.412291
v 1.103252 2.916703 0.536196
v 1.132324 2.916703 0.682351
v 1.103252 2.916703 0.828506
v 1.020462 2.916703 0.952410
v 0.896558 2.916703 1.035200
v 0.750403 2.916703 1.064272
v 0.604248 2.916703 1.035200
v 0.480343 2.916703 0.952410
v 0.397553 2.916703 0.828506
v 0.368481 2.916703 0.682351
v 0.397553 2.916703 0.536196
v 0.480343 2.916703 0.412291
v 0.604248 2.916703 0.329501
v 0.000000 2.644913 -0.466521
v 0.000000 2.958512 -0.466521
v -0.677629 2.755613 -0.486150
v -0.677629 2.893064 -0.486150
v -0.486150 2.893064 -0.677629
v -0.486150 2.755613 -0.677629
v -0.488278 2.948414 -0.266275
v -0.266275 2.948414 -0.488279
v -0.266275 2.700263 -0.488279
v -0.488278 2.700263 -0.266275
v 0.000000 3.063858 -0.304800
v 0.000000 2.824338 -0.586521
v -0.737032 2.824338 -0.425554
v -0.425554 2.824338 -0.737032
v -0.608278 2.824338 -0.266275
v -0.266275 2.824338 -0.608279
v -0.168986 2.976089 -0.441551
v -0.168986 2.672589 -0.441551
v -0.441551 2.672589 -0.168986
v -0.441551 2.976089 -0.168986
v -0.181482 2.824338 -0.549056
v -0.549055 2.824338 -0.181482
v -0.750403 2.730514 -0.300429
v -0.896558 2.730514 -0.329501
v -1.020462 2.730514 -0.412292
v -1.103252 2.730514 -0.536196
v -1.132324 2.730514 -0.682351
v -1.103252 2.730514 -0.828506
v -1.020462 2.730514 -0.952410
v -0.896558 2.730514 -1.035200
v -0.750403 2.730514 -1.064273
v -0.604248 2.730514 -1.035200
v -0.480343 2.730514 -0.952410
v -0.397553 2.730514 -0.828506
v -0.368481 2.730514 -0.682351
v -0.397553 2.730514 -0.536196
v -0.480343 2.730514 -0.412292
v -0.604248 2.730514 -0.329501
v -0.750403 2.916703 -0.300429
v -0.896558 2.916703 -0.329501
v -1.020462 2.916703 -0.412292
v -1.103252 2.916703 -0.536196
v -1.132324 2.916703 -0.682351
v -1.103252 2.916703 -0.828506
v -1.020462 2.916703 -0.952410
v -0.896558 2.916703 -1.035200
v -0.750403 2.916703 -1.064273
v -0.604248 2.916703 -1.035200
v -0.480343 2.916703 -0.952410
v -0.397553 2.916703 -0.828506
v -0.368481 2.916703 -0.682351
v -0.397553 2.916703 -0.536196
v -0.480343 2.916703 -0.412292
v -0.604248 2.916703 -0.329501
v 0.677629 2.755613 -0.486150
v 0.677629 2.893064 -0.486150
v 0.486150 2.893064 -0.677629
v 0.486150 2.755613 -0.677629
v 0.488278 2.948414 -0.266275
v 0.266275 2.948414 -0.488279
v 0.266275 2.700263 -0.488279
v 0.488278 2.700263 -0.266275
v 0.737032 2.824338 -0.425554
v 0.425554 2.824338 -0.737032
v 0.608278 2.824338 -0.266275
v 0.266275 2.824338 -0.608279
v 0.168986 2.976089 -0.441551
v 0.168986 2.672589 -0.441551
v 0.441551 2.672589 -0.168986
v 0.441551 2.976089 -0.168986
v 0.181482 2.824338 -0.549056
v 0.549055 2.824338 -0.181482
v 0.750403 2.730514 -0.300429
v 0.896558 2.730514 -0.329501
v 1.020462 2.730514 -0.412292
v 1.103252 2.730514 -0.536196
v 1.132324 2.730514 -0.682351
v 1.103252 2.730514 -0.828506
v 1.020462 2.730514 -0.952410
v 0.896558 2.730514 -1.035200
v 0.750403 2.730514 -1.064273
v 0.604248 2.730514 -1.035200
v 0.480343 2.730514 -0.952410
v 0.397553 2.730514 -0.828506
v 0.368481 2.730514 -0.682351
v 0.397553 2.730514 -0.536196
v 0.480343 2.730514 -0.412292
v 0.604248 2.730514 -0.329501
v 0.750403 2.916703 -0.300429
v 0.896558 2.916703 -0.329501
v 1.020462 2.916703 -0.412292
v 1.103252 2.916703 -0.536196
v 1.132324 2.916703 -0.682351
v 1.103252 2.916703 -0.828506
v 1.020462 2.916703 -0.952410
v 0.896558 2.916703 -1.035200
v 0.750403 2.916703 -1.064273
v 0.604248 2.916703 -1.035200
v 0.480343 2.916703 -0.952410
v 0.397553 2.916703 -0.828506
v 0.368481 2.916703 -0.682351
v 0.397553 2.916703 -0.536196
v 0.480343 2.916703 -0.412292
v 0.604248 2.916703 -0.329501
v -0.148603 2.300065 0.224799
v -0.148928 2.297074 0.485781
v -0.000271 2.457067 0.226783
v -0.000596 2.454077 0.487766
v 0.008412 2.151741 0.223295
v 0.008087 2.148750 0.484277
v 0.156744 2.308743 0.225279
v 0.156419 2.305752 0.486261
v -0.148690 2.299260 0.294994
v -0.000358 2.456263 0.296978
v 0.156656 2.307939 0.295474
v 0.008325 2.150936 0.293490
v -0.214282 2.359184 0.456830
v -0.065950 2.516187 0.458814
v -0.181415 2.330369 0.279889
v -0.033083 2.487371 0.281873
v -0.249182 2.393203 0.374017
v -0.100850 2.550206 0.376001
v -0.194038 2.342789 0.240734
v -0.045706 2.499792 0.242718
v -0.374895 2.519100 -0.189801
v -0.226564 2.676102 -0.187817
v -0.319892 2.467396 -0.210592
v -0.171560 2.624399 -0.208608
v -0.155060 2.605599 0.045494
v -0.210064 2.657302 0.066285
v -0.358396 2.500300 0.064301
v -0.303392 2.448597 0.043510
v 0.311365 2.292160 0.265784
v 0.305699 2.398200 0.309481
v 0.186766 2.409862 0.266978
v 0.204738 2.292198 0.223164
v 0.318460 2.399838 0.125251
v 0.310427 2.469952 0.215835
v 0.188608 2.437815 0.230496
v 0.209465 2.363951 0.129518
v 0.222820 2.537563 0.067985
v 0.246696 2.561726 0.177676
v 0.163780 2.473567 0.215631
v 0.145735 2.455724 0.091359
v 0.080470 2.624656 0.127531
v 0.151840 2.619761 0.217355
v 0.126827 2.496176 0.231088
v 0.050879 2.513760 0.131038
v -0.025204 2.610100 0.269008
v 0.081424 2.610062 0.311629
v 0.099395 2.492398 0.267815
v -0.019537 2.504060 0.225312
v -0.032298 2.502421 0.409541
v 0.076696 2.538309 0.405274
v 0.097554 2.464445 0.304296
v -0.024265 2.432308 0.318957
v 0.063342 2.364697 0.466807
v 0.140427 2.446535 0.443434
v 0.122381 2.428692 0.319162
v 0.039466 2.340534 0.357117
v 0.205692 2.277603 0.407261
v 0.235283 2.388500 0.403755
v 0.159334 2.406084 0.303704
v 0.134322 2.282499 0.317438
v -0.149321 2.293464 0.800761
v -0.000989 2.450467 0.802745
v 0.156026 2.302143 0.801241
v 0.007694 2.145140 0.799256
v 0.175400 2.485978 0.204656
v 0.189642 2.502101 0.101527
v 0.098214 2.345223 0.349080
v 0.178228 2.381698 0.291065
v 0.231752 2.406626 0.203817
v 0.250637 2.416211 0.100619
v 0.107200 2.305925 0.348640
v 0.194831 2.309084 0.290253
v 0.253446 2.311751 0.202757
v 0.274119 2.313519 0.099472
v 0.100462 2.266180 0.348177
v 0.182381 2.235644 0.289396
v 0.237179 2.215796 0.201637
v 0.256511 2.209659 0.098259
v 0.079026 2.232038 0.347759
v 0.142773 2.172559 0.288624
v 0.185428 2.133372 0.200628
v 0.200496 2.120443 0.097167
v 0.046155 2.208698 0.347450
v 0.082036 2.129433 0.288054
v 0.106071 2.077025 0.199883
v 0.114601 2.059453 0.096361
v 0.006854 2.199713 0.347298
v 0.009417 2.112831 0.287773
v 0.011190 2.055334 0.199516
v 0.011903 2.035975 0.095964
v 0.189852 2.504026 -0.066461
v 0.189747 2.503064 0.017533
v 0.100525 2.559076 0.018064
v -0.032894 2.206451 0.347326
v -0.064028 2.125281 0.287824
v -0.084771 2.071601 0.199583
v -0.091964 2.053582 0.096036
v 0.100629 2.560039 -0.065931
v -0.003342 2.576684 0.018136
v -0.003238 2.577646 -0.065858
v -0.067038 2.227887 0.347529
v -0.127118 2.164888 0.288200
v -0.167202 2.123350 0.200073
v -0.181187 2.109595 0.096567
v -0.106041 2.553206 0.017739
v -0.105936 2.554168 -0.066256
v -0.191936 2.492216 0.016933
v -0.191831 2.493179 -0.067062
v 0.003891 2.302754 0.369029
v -0.090380 2.260756 0.347877
v -0.170248 2.225622 0.288842
v -0.223554 2.202702 0.200913
v -0.242182 2.195485 0.097475
v -0.247951 2.403000 0.015841
v -0.247846 2.403963 -0.068154
v -0.265558 2.299140 0.014628
v -0.099366 2.300054 0.348316
v -0.186852 2.298236 0.289653
v -0.245247 2.297577 0.201973
v -0.265663 2.298177 0.098623
v -0.265453 2.300103 -0.069366
v -0.242077 2.196448 0.013481
v -0.241972 2.197411 -0.070514
v -0.092628 2.339800 0.348780
v -0.174401 2.371676 0.290510
v -0.228980 2.393531 0.203093
v -0.248056 2.402038 0.099835
v -0.181082 2.110558 0.012573
v -0.180977 2.111520 -0.071422
v -0.091860 2.054545 0.012042
v -0.071192 2.373941 0.349198
v -0.134793 2.434762 0.291283
v -0.177229 2.475956 0.204102
v -0.192041 2.491253 0.100927
v -0.091755 2.055507 -0.071953
v 0.012007 2.036937 0.011970
v 0.012112 2.037900 -0.072025
v -0.038321 2.397281 0.349506
v -0.074056 2.477888 0.291853
v -0.097873 2.532303 0.204847
v -0.106145 2.552243 0.101733
v 0.114706 2.060416 0.012367
v 0.114811 2.061378 -0.071628
v 0.200601 2.121405 0.013173
v 0.000980 2.406265 0.349658
v -0.001437 2.494489 0.292133
v -0.002992 2.553994 0.205213
v -0.003447 2.575722 0.102130
v 0.200706 2.122368 -0.070822
v 0.256616 2.210621 0.014265
v 0.256721 2.211584 -0.069730
v 0.040728 2.399528 0.349630
v 0.072008 2.482039 0.292082
v 0.092969 2.537727 0.205147
v 0.100420 2.558114 0.102058
v 0.274223 2.314481 0.015477
v 0.274328 2.315444 -0.068517
v 0.250742 2.417173 0.016625
v 0.074872 2.378092 0.349427
v 0.135098 2.442432 0.291707
v 0.250847 2.418136 -0.067370
v 0.189957 2.504989 -0.150456
v 0.175971 2.491234 -0.253962
v 0.075808 2.386697 -0.401418
v 0.250951 2.419098 -0.151364
v 0.232323 2.411882 -0.254801
v 0.179018 2.388962 -0.342731
v 0.099150 2.353828 -0.401765
v 0.274433 2.316406 -0.152512
v 0.254017 2.317007 -0.255862
v 0.195621 2.316348 -0.343542
v 0.108136 2.314530 -0.402205
v 0.256826 2.212547 -0.153724
v 0.237750 2.221052 -0.256982
v 0.183171 2.242908 -0.344399
v 0.101398 2.274784 -0.402669
v 0.200811 2.123330 -0.154816
v 0.185999 2.138628 -0.257991
v 0.143563 2.179822 -0.345172
v 0.079962 2.240643 -0.403086
v 0.114915 2.062341 -0.155622
v 0.106642 2.082280 -0.258735
v 0.082826 2.136696 -0.345742
v 0.047091 2.217303 -0.403395
v 0.012217 2.038862 -0.156019
v 0.011761 2.060589 -0.259102
v 0.010207 2.120094 -0.346022
v 0.007790 2.208318 -0.403547
v -0.091650 2.056470 -0.155947
v -0.084199 2.076857 -0.259035
v -0.063238 2.132545 -0.345971
v -0.031958 2.215056 -0.403519
v -0.180873 2.112483 -0.155416
v -0.166630 2.128606 -0.258545
v -0.126328 2.172152 -0.345596
v -0.066102 2.236491 -0.403316
v 0.004879 2.311830 -0.422918
v -0.241867 2.198373 -0.154508
v -0.222982 2.207958 -0.257706
v -0.169458 2.232885 -0.344954
v -0.089444 2.269360 -0.402969
v -0.265349 2.301065 -0.153360
v -0.244676 2.302833 -0.256646
v -0.186062 2.305500 -0.344142
v -0.098430 2.308659 -0.402529
v -0.247742 2.404925 -0.152148
v -0.228409 2.398787 -0.255526
v -0.173611 2.378940 -0.343285
v -0.091692 2.348404 -0.402065
v -0.191726 2.494141 -0.151056
v -0.176658 2.481212 -0.254517
v -0.134003 2.442025 -0.342513
v -0.070256 2.382546 -0.401647
v -0.105831 2.555131 -0.150250
v -0.097301 2.537559 -0.253772
v -0.073266 2.485151 -0.341943
v -0.037385 2.405885 -0.401339
v -0.003133 2.578609 -0.149853
v -0.002420 2.559250 -0.253405
v -0.000647 2.501753 -0.341662
v 0.001916 2.414871 -0.401187
v 0.100734 2.561002 -0.149925
v 0.093541 2.542983 -0.253472
v 0.072798 2.489302 -0.341713
v 0.041664 2.408132 -0.401215
v 0.135888 2.449695 -0.342088
v 0.286302 2.433307 -0.002161
v 0.286359 2.433834 -0.048131
v 0.313169 2.315805 -0.003474
v 0.313227 2.316332 -0.049444
v 0.293023 2.196967 -0.004861
v 0.293080 2.197494 -0.050831
v 0.228930 2.094885 -0.006110
v 0.228987 2.095412 -0.052081
v 0.130647 2.025099 -0.007033
v 0.130705 2.025626 -0.053003
v 0.013138 1.998235 -0.007487
v 0.013195 1.998762 -0.053458
v -0.105708 2.018382 -0.007404
v -0.105651 2.018909 -0.053375
v -0.207798 2.082473 -0.006797
v -0.207741 2.082999 -0.052768
v -0.277589 2.180750 -0.005758
v -0.277532 2.181277 -0.051728
v -0.304457 2.298252 -0.004445
v -0.304400 2.298779 -0.050415
v -0.284310 2.417090 -0.003058
v -0.284253 2.417617 -0.049028
v -0.220217 2.519172 -0.001808
v -0.220160 2.519699 -0.047778
v -0.121935 2.588958 -0.000886
v -0.121877 2.589484 -0.046856
v -0.004425 2.615822 -0.000431
v -0.004368 2.616349 -0.046402
v 0.114421 2.595675 -0.000514
v 0.114478 2.596202 -0.046485
v 0.216568 2.532111 -0.047092
v 0.216510 2.531585 -0.001121
vn 0.3826 -0.9239 -0.0001
vn -0.3672 -0.9233 0.1129
vn -0.3826 -0.9239 -0.0001
vn -0.3782 0.9237 -0.0617
vn 0.4217 0.8257 -0.3747
vn 0.3782 0.9237 -0.0617
vn 0.9242 -0.3819 -0.0005
vn 0.9296 0.3672 -0.0331
vn 0.9095 -0.4126 0.0515
vn -0.3770 0.9262 -0.0000
vn 0.3767 0.9263 0.0003
vn 0.3770 0.9262 -0.0000
vn -0.9242 -0.3819 -0.0005
vn -0.9213 0.3888 -0.0000
vn -0.9242 -0.3820 -0.0000
vn -0.3767 0.9263 0.0003
vn -0.9296 0.3672 -0.0331
vn -0.9211 0.3893 -0.0002
vn 0.9213 0.3888 -0.0000
vn 0.9242 -0.3820 -0.0000
vn -0.9095 -0.4126 0.0515
vn -0.9525 0.2735 -0.1336
vn 0.3574 -0.8161 0.4542
vn -0.3592 -0.4794 0.8007
vn -0.3574 -0.8161 0.4542
vn 0.3672 -0.9233 0.1129
vn 0.9525 0.2735 -0.1336
vn 0.8943 -0.3915 0.2166
vn -0.8943 -0.3915 0.2166
vn -0.9533 0.1650 -0.2530
vn 0.8951 -0.2309 0.3814
vn 0.9553 0.0133 -0.2953
vn 0.8961 -0.0094 0.4437
vn 0.9533 0.1650 -0.2530
vn -0.8951 -0.2309 0.3814
vn -0.9553 0.0133 -0.2953
vn -0.4217 0.8257 -0.3747
vn 0.4204 0.5026 -0.7554
vn -0.4352 0.0347 -0.8997
vn 0.4138 -0.3413 -0.8440
vn 0.4352 0.0347 -0.8997
vn -0.9096 0.1648 0.3814
vn -0.9455 -0.1141 -0.3050
vn -0.4204 0.5026 -0.7554
vn 0.3592 -0.4794 0.8007
vn -0.3610 -0.0144 0.9325
vn 0.9455 -0.1141 -0.3050
vn 0.7127 0.6967 -0.0823
vn 0.9096 0.1648 0.3814
vn 0.3610 -0.0144 0.9325
vn -0.3724 0.3652 0.8532
vn -0.7126 0.6968 -0.0818
vn -0.7142 0.4053 -0.5707
vn 0.3092 0.1773 -0.9343
vn -0.3018 0.9105 0.2826
vn -0.4138 -0.3413 -0.8440
vn 0.3724 0.3652 0.8532
vn -0.3828 -0.9238 -0.0000
vn 0.9211 0.3893 -0.0002
vn -0.8961 -0.0094 0.4437
vn 0.7129 0.4067 -0.5713
vn 0.3019 0.9102 0.2835
vn 0.3828 -0.9238 -0.0000
vn -0.4352 0.0347 -0.8996
vn 0.3593 -0.4794 0.8007
vn -0.7130 0.6964 -0.0820
vn 0.7126 0.6968 -0.0818
vn 0.7145 0.4049 -0.5706
vn -0.3093 0.1767 -0.9344
vn 0.3019 0.9103 0.2832
vn -0.7129 0.4067 -0.5713
vn -0.3019 0.9102 0.2835
vn -0.3672 -0.9233 -0.1129
vn 0.3826 -0.9239 0.0001
vn -0.3826 -0.9239 0.0001
vn 0.4217 0.8257 0.3747
vn -0.3782 0.9237 0.0617
vn 0.3782 0.9237 0.0617
vn 0.9242 -0.3819 0.0005
vn 0.9296 0.3672 0.0331
vn 0.9211 0.3893 0.0002
vn 0.3767 0.9263 -0.0003
vn -0.9242 -0.3819 0.0005
vn -0.9211 0.3893 0.0002
vn -0.3767 0.9263 -0.0003
vn -0.9296 0.3672 0.0331
vn -0.9525 0.2735 0.1336
vn -0.9095 -0.4126 -0.0515
vn -0.3574 -0.8161 -0.4542
vn 0.3592 -0.4794 -0.8007
vn 0.3574 -0.8161 -0.4542
vn 0.3672 -0.9233 -0.1129
vn 0.9095 -0.4126 -0.0515
vn 0.9525 0.2735 0.1336
vn -0.9533 0.1650 0.2530
vn -0.8943 -0.3915 -0.2166
vn 0.8951 -0.2309 -0.3814
vn 0.9553 0.0133 0.2953
vn 0.9533 0.1650 0.2530
vn 0.8943 -0.3915 -0.2166
vn -0.9553 0.0133 0.2953
vn -0.8951 -0.2309 -0.3814
vn 0.4204 0.5026 0.7554
vn -0.4217 0.8257 0.3747
vn 0.4352 0.0347 0.8996
vn -0.4138 -0.3413 0.8440
vn -0.4352 0.0347 0.8997
vn -0.9096 0.1648 -0.3814
vn -0.8961 -0.0094 -0.4437
vn -0.4204 0.5026 0.7554
vn -0.3610 -0.0144 -0.9325
vn -0.3593 -0.4794 -0.8007
vn 0.7130 0.6964 0.0820
vn 0.9455 -0.1141 0.3050
vn 0.9096 0.1648 -0.3814
vn -0.3724 0.3652 -0.8532
vn 0.3610 -0.0144 -0.9325
vn 0.8961 -0.0094 -0.4437
vn -0.9455 -0.1141 0.3050
vn -0.7126 0.6968 0.0818
vn -0.7145 0.4049 0.5706
vn 0.3093 0.1767 0.9344
vn 0.4138 -0.3413 0.8440
vn -0.3019 0.9103 -0.2832
vn 0.3724 0.3652 -0.8532
vn 0.7129 0.4067 0.5713
vn 0.3019 0.9102 -0.2835
vn 0.4352 0.0347 0.8997
vn -0.3592 -0.4794 -0.8007
vn -0.7127 0.6967 0.0823
vn 0.7126 0.6968 0.0818
vn 0.7142 0.4053 0.5707
vn -0.3092 0.1773 0.9343
vn 0.3018 0.9105 -0.2826
vn -0.7129 0.4067 0.5713
vn -0.3019 0.9102 -0.2835
vn 0.5438 0.6396 -0.5433
vn 0.9232 -0.0358 -0.3827
vn 0.7065 -0.0351 -0.7068
vn -0.3825 -0.0391 0.9231
vn -0.5448 0.6370 0.5453
vn -0.7067 -0.0385 0.7064
vn 0.2942 0.6400 -0.7098
vn 0.3823 -0.0345 -0.9234
vn -0.0000 -0.0399 0.9992
vn -0.3692 0.6610 0.6532
vn -0.3823 -0.0345 -0.9234
vn -0.0000 0.6402 -0.7682
vn -0.0000 -0.0343 -0.9994
vn 0.3692 0.6610 0.6533
vn 0.3825 -0.0391 0.9231
vn -0.7065 -0.0351 -0.7068
vn -0.2942 0.6400 -0.7098
vn 0.5448 0.6370 0.5453
vn 0.7067 -0.0385 0.7064
vn -0.9232 -0.0358 -0.3827
vn -0.5438 0.6396 -0.5433
vn 0.7115 0.6376 0.2952
vn 0.9233 -0.0377 0.3821
vn -0.9993 -0.0368 -0.0003
vn -0.7108 0.6390 -0.2940
vn 0.7698 0.6383 0.0005
vn 0.9993 -0.0368 -0.0003
vn -0.9233 -0.0377 0.3821
vn -0.7698 0.6383 0.0005
vn 0.7108 0.6390 -0.2940
vn -0.7115 0.6376 0.2952
vn -0.0000 0.5827 0.8127
vn -0.1019 0.9639 0.2459
vn -0.0000 0.9989 0.0476
vn -0.0000 0.9639 0.2662
vn -0.0000 1.0000 -0.0000
vn 0.0476 0.9989 -0.0000
vn 0.0440 0.9989 0.0182
vn -0.0000 0.9989 -0.0476
vn -0.1019 0.9639 -0.2459
vn -0.0000 0.9639 -0.2662
vn 0.1019 0.9639 -0.2459
vn 0.1019 0.9639 0.2459
vn -0.0182 0.9989 -0.0440
vn -0.1882 0.9639 -0.1882
vn 0.0337 0.9989 0.0337
vn 0.1882 0.9639 0.1882
vn -0.0337 0.9989 -0.0337
vn -0.2459 0.9639 -0.1019
vn 0.2459 0.9639 0.1019
vn -0.0440 0.9989 -0.0182
vn -0.2662 0.9639 -0.0000
vn 0.2662 0.9639 -0.0000
vn -0.0476 0.9989 -0.0000
vn -0.2459 0.9639 0.1019
vn 0.2459 0.9639 -0.1019
vn -0.0440 0.9989 0.0182
vn -0.1882 0.9639 0.1882
vn 0.0440 0.9989 -0.0182
vn 0.1882 0.9639 -0.1882
vn -0.0337 0.9989 0.0337
vn 0.0182 0.9989 -0.0440
vn -0.3827 -0.0000 -0.9239
vn -0.7071 -0.0000 -0.7071
vn 0.0337 0.9989 -0.0337
vn -0.0182 0.9989 0.0440
vn 0.0182 0.9989 0.0440
vn -0.0000 -1.0000 -0.0000
vn 0.3827 -0.0000 0.9239
vn 0.7071 -0.0000 0.7071
vn -0.9239 -0.0000 -0.3827
vn 0.9239 -0.0000 0.3827
vn -1.0000 -0.0000 -0.0000
vn 1.0000 -0.0000 -0.0000
vn -0.9239 -0.0000 0.3827
vn 0.9239 -0.0000 -0.3827
vn -0.7071 -0.0000 0.7071
vn 0.7071 -0.0000 -0.7071
vn -0.3827 -0.0000 0.9239
vn 0.3827 -0.0000 -0.9239
vn -0.0000 -0.0000 1.0000
vn -0.0000 -0.0000 -1.0000
vn -0.7701 0.5524 0.3190
vn -0.5894 0.5524 0.5894
vn 0.8336 0.5524 -0.0000
vn 0.7701 0.5524 -0.3190
vn -0.8336 0.5524 -0.0000
vn 0.7701 0.5524 0.3190
vn -0.7701 0.5524 -0.3190
vn 0.5894 0.5524 0.5894
vn -0.5894 0.5524 -0.5894
vn 0.3190 0.5524 0.7701
vn -0.3190 0.5524 -0.7701
vn -0.0000 0.5524 0.8336
vn 0.3190 0.5524 -0.7701
vn -0.0000 0.5524 -0.8336
vn -0.3190 0.5524 0.7701
vn 0.5894 0.5524 -0.5894
vn -0.8488 0.4795 0.2229
vn -0.0000 0.8768 -0.4809
vn 0.8488 0.4795 0.2229
vn -0.0000 -0.4216 0.9068
vn -0.0000 -0.9068 -0.4216
vn -0.0000 0.9068 0.4216
vn -0.0000 0.4216 -0.9068
vn -0.0000 0.4286 -0.9035
vn -0.0000 -0.4286 0.9035
vn -0.7071 0.6389 0.3031
vn -0.3827 0.8347 0.3960
vn 0.7071 -0.6389 -0.3031
vn 0.3827 -0.8347 -0.3960
vn -0.9239 0.3457 0.1640
vn 0.9239 -0.3457 -0.1640
vn -0.9239 -0.3457 -0.1640
vn 0.9239 0.3457 0.1640
vn -0.7071 -0.6389 -0.3031
vn 0.7071 0.6389 0.3031
vn -0.3827 -0.8347 -0.3960
vn 0.3827 0.8347 0.3960
vn -0.0000 -0.9035 -0.4286
vn -0.0000 0.9035 0.4286
vn -0.4734 0.8774 -0.0776
vn 0.1435 0.9180 0.3697
vn 0.0776 0.8774 0.4734
vn -0.0000 0.8132 0.5820
vn -0.4393 0.8984 -0.0000
vn -0.5803 0.8144 -0.0000
vn -0.6254 -0.7803 -0.0000
vn -0.0000 -0.7803 0.6254
vn -0.7071 -0.0123 0.7071
vn 0.4215 0.6529 0.6294
vn 0.3973 0.7750 0.4914
vn 0.0776 -0.8774 0.4734
vn -0.3697 -0.9180 -0.1435
vn -0.4734 -0.8774 -0.0776
vn -0.6294 -0.6529 -0.4215
vn -0.4914 -0.7750 -0.3973
vn -0.7745 -0.6167 -0.1408
vn -0.4874 -0.8634 0.1301
vn 0.1662 0.6316 0.7573
vn -0.3596 0.9322 -0.0405
vn 0.0405 0.9322 0.3596
vn -0.0000 0.8971 0.4419
vn 0.1408 -0.6167 0.7745
vn -0.1301 -0.8634 0.4874
vn -0.7573 0.6316 -0.1662
vn -0.6294 0.6529 -0.4215
vn -0.3697 0.9180 -0.1435
vn 0.4215 -0.6529 0.6294
vn 0.1435 -0.9180 0.3697
vn -0.7071 0.0123 0.7071
vn -0.0000 -0.5724 0.8199
vn -0.0000 0.6666 0.7454
vn -0.8199 -0.5724 -0.0000
vn -0.0776 0.8774 0.4734
vn 0.3697 0.9180 -0.1435
vn 0.4734 0.8774 -0.0776
vn 0.4393 0.8984 -0.0000
vn 0.6254 -0.7803 -0.0000
vn 0.7071 -0.0123 0.7071
vn -0.4215 0.6529 0.6294
vn -0.1435 0.9180 0.3697
vn 0.3697 -0.9180 -0.1435
vn -0.0776 -0.8774 0.4734
vn 0.4734 -0.8774 -0.0776
vn 0.6294 -0.6529 -0.4215
vn 0.7745 -0.6167 -0.1408
vn 0.4874 -0.8634 0.1301
vn 0.1301 -0.8634 0.4874
vn -0.1662 0.6316 0.7573
vn -0.0405 0.9322 0.3596
vn 0.3596 0.9322 -0.0405
vn -0.1408 -0.6167 0.7745
vn 0.7573 0.6316 -0.1662
vn 0.6294 0.6529 -0.4215
vn -0.1435 -0.9180 0.3697
vn -0.4215 -0.6529 0.6294
vn 0.7071 0.0123 0.7071
vn 0.5803 0.8144 -0.0000
vn 0.7454 0.6666 -0.0000
vn 0.8199 -0.5724 -0.0000
vn 0.0776 0.8774 -0.4734
vn -0.3697 0.9180 0.1435
vn -0.4734 0.8774 0.0776
vn -0.0000 0.8132 -0.5820
vn -0.0000 0.8971 -0.4419
vn -0.0000 -0.7803 -0.6254
vn -0.7071 -0.0123 -0.7071
vn 0.4215 0.6529 -0.6294
vn 0.1435 0.9180 -0.3697
vn -0.3697 -0.9180 0.1435
vn 0.0776 -0.8774 -0.4734
vn -0.4734 -0.8774 0.0776
vn -0.6294 -0.6529 0.4215
vn -0.7745 -0.6167 0.1408
vn -0.4874 -0.8634 -0.1301
vn -0.1301 -0.8634 -0.4874
vn 0.1662 0.6316 -0.7573
vn 0.0405 0.9322 -0.3596
vn -0.3596 0.9322 0.0405
vn 0.1408 -0.6167 -0.7745
vn -0.7573 0.6316 0.1662
vn -0.6294 0.6529 0.4215
vn 0.1435 -0.9180 -0.3697
vn 0.4215 -0.6529 -0.6294
vn -0.7071 0.0123 -0.7071
vn -0.7454 0.6666 -0.0000
vn -0.0000 -0.5724 -0.8199
vn -0.0000 0.6666 -0.7454
vn -0.0776 0.8774 -0.4734
vn 0.3697 0.9180 0.1435
vn -0.1435 0.9180 -0.3697
vn 0.7071 -0.0123 -0.7071
vn -0.4215 0.6529 -0.6294
vn -0.3973 0.7750 -0.4914
vn -0.0776 -0.8774 -0.4734
vn 0.3697 -0.9180 0.1435
vn 0.4734 -0.8774 0.0776
vn 0.6294 -0.6529 0.4215
vn 0.4914 -0.7750 0.3973
vn 0.7745 -0.6167 0.1408
vn 0.1301 -0.8634 -0.4874
vn 0.4874 -0.8634 -0.1301
vn -0.1662 0.6316 -0.7573
vn 0.3596 0.9322 0.0405
vn -0.0405 0.9322 -0.3596
vn -0.1408 -0.6167 -0.7745
vn 0.7573 0.6316 0.1662
vn 0.4734 0.8774 0.0776
vn 0.6294 0.6529 0.4215
vn -0.4215 -0.6529 -0.6294
vn -0.1435 -0.9180 -0.3697
vn 0.7071 0.0123 -0.7071
vn -0.6867 -0.7269 -0.0092
vn 0.4020 0.9156 0.0110
vn 0.9996 0.0284 0.0016
vn 0.6867 0.7269 0.0092
vn 0.0284 -0.9995 -0.0114
vn 0.0012 0.0115 -0.9999
vn -0.9996 -0.0284 -0.0016
vn -0.0284 0.9995 0.0114
vn 0.7269 -0.6867 -0.0070
vn -0.4216 0.4086 -0.8095
vn -0.7269 0.6867 0.0070
vn 0.4919 -0.4553 -0.7421
vn 0.6264 -0.5853 -0.5149
vn -0.2283 0.2036 0.9521
vn -0.4591 0.4238 0.7808
vn -0.6426 0.6011 0.4752
vn -0.1869 0.1888 -0.9641
vn 0.4170 -0.3835 -0.8240
vn 0.4169 -0.3835 -0.8241
vn 0.6781 -0.6360 -0.3685
vn -0.7007 0.6585 0.2746
vn -0.7240 0.6828 0.0975
vn 0.7576 -0.2216 -0.6140
vn 0.7381 0.4592 0.4942
vn -0.7576 0.2216 0.6140
vn -0.4215 -0.7583 -0.4973
vn -0.4149 -0.6570 -0.6294
vn 0.3444 0.3733 -0.8614
vn 0.7448 0.5605 0.3620
vn -0.3444 -0.3734 0.8614
vn -0.2705 0.7496 -0.6042
vn 0.6548 0.6901 0.3082
vn 0.5209 0.7720 0.3642
vn -0.6387 -0.4456 -0.6273
vn -0.5048 -0.5275 -0.6833
vn 0.4215 0.7583 0.4972
vn 0.2705 -0.7496 0.6042
vn -0.7381 -0.4592 -0.4942
vn 0.4149 0.6570 0.6294
vn -0.7448 -0.5605 -0.3620
vn -0.7576 0.2215 0.6140
vn 0.5048 0.5275 0.6833
vn 0.3444 0.3734 -0.8614
vn -0.6548 -0.6901 -0.3082
vn 0.6387 0.4456 0.6273
vn -0.5209 -0.7720 -0.3642
vn 0.2704 -0.7496 0.6041
vn -0.0012 -0.0115 0.9999
vn -0.8913 -0.4533 -0.0063
vn 0.4928 0.5145 0.7017
vn 0.3667 0.1543 0.9174
vn 0.6552 0.2859 0.6993
vn 0.8638 0.0188 0.5034
vn 0.3993 0.1691 0.9011
vn 0.4375 0.0022 0.8992
vn 0.3024 0.3292 -0.8945
vn 0.7899 0.3592 -0.4970
vn 0.4016 0.1896 -0.8960
vn 0.8458 0.3747 0.3797
vn 0.6363 0.6697 0.3829
vn 0.2757 0.2825 0.9188
vn 0.6280 -0.5996 0.4961
vn 0.4089 -0.1666 0.8973
vn 0.3178 -0.3116 0.8955
vn 0.1782 -0.4107 0.8942
vn 0.3529 -0.7949 0.4935
vn 0.6834 0.7223 0.1060
vn 0.9082 0.4057 0.1026
vn 0.0240 -0.8702 0.4922
vn 0.0114 -0.4489 0.8935
vn 0.9264 0.0221 0.3758
vn 0.4018 0.0010 0.9157
vn -0.1574 -0.4203 0.8936
vn -0.3087 -0.8138 0.4924
vn -0.5945 -0.6343 0.4941
vn -0.3024 -0.3292 0.8945
vn 0.9948 0.0272 0.0984
vn 0.7177 0.0125 0.6962
vn -0.7899 -0.3592 0.4970
vn -0.4016 -0.1896 0.8960
vn -0.4397 -0.0228 0.8978
vn -0.8651 -0.0303 0.5007
vn -0.8087 0.3023 0.5046
vn -0.4111 0.1460 0.8998
vn 0.9299 -0.3557 0.0939
vn 0.3755 -0.1541 0.9139
vn 0.6708 -0.2641 0.6930
vn -0.6293 0.5881 0.5081
vn -0.3201 0.2910 0.9016
vn -0.3541 0.7834 0.5107
vn -0.1805 0.3901 0.9029
vn 0.8660 -0.3346 0.3716
vn 0.7234 -0.6846 0.0899
vn 0.2919 -0.2873 0.9123
vn 0.5217 -0.5016 0.6901
vn -0.0252 0.8586 0.5119
vn -0.0136 0.4283 0.9035
vn 0.3075 0.8022 0.5117
vn 0.1552 0.3997 0.9034
vn 0.6736 -0.6410 0.3679
vn 0.3002 0.3086 0.9026
vn 0.5932 0.6228 0.5100
vn 0.4397 0.0228 -0.8978
vn 0.8651 0.0303 -0.5007
vn 0.9085 0.4079 -0.0910
vn 0.9126 0.4088 0.0058
vn 0.3786 -0.8505 0.3651
vn 0.1636 -0.3783 0.9111
vn 0.8074 -0.3138 0.4996
vn 0.9950 0.0294 -0.0953
vn 0.4067 -0.9094 0.0869
vn 0.2930 -0.6640 0.6880
vn 0.0259 -0.9311 0.3638
vn 0.0103 -0.4134 0.9105
vn 0.4111 -0.1460 -0.8998
vn 0.8087 -0.3023 -0.5046
vn 0.9301 -0.3535 -0.0997
vn 0.9344 -0.3563 -0.0029
vn 0.0282 -0.9959 0.0855
vn 0.0196 -0.7265 0.6869
vn 0.6293 -0.5881 -0.5081
vn 0.3201 -0.2910 -0.9016
vn 0.7236 -0.6823 -0.1038
vn 0.1805 -0.3901 -0.9029
vn 0.3541 -0.7834 -0.5107
vn 0.4088 -0.9126 -0.0099
vn 0.4070 -0.9072 -0.1067
vn -0.3308 -0.8707 0.3640
vn -0.3547 -0.9310 0.0857
vn -0.1448 -0.3871 0.9106
vn -0.2570 -0.6796 0.6871
vn 0.0252 -0.8586 -0.5119
vn 0.0136 -0.4283 -0.9035
vn 0.0284 -0.9937 -0.1082
vn -0.4945 -0.5305 0.6885
vn -0.1552 -0.3997 -0.9034
vn -0.3075 -0.8022 -0.5117
vn -0.3563 -0.9343 -0.0112
vn -0.3545 -0.9288 -0.1079
vn -0.6373 -0.6783 0.3658
vn -0.2780 -0.3035 0.9114
vn -0.5933 -0.6228 -0.5100
vn -0.3002 -0.3086 -0.9026
vn -0.6834 -0.7223 -0.1060
vn -0.6836 -0.7246 0.0877
vn -0.7886 -0.3477 -0.5071
vn -0.3993 -0.1691 -0.9011
vn -0.9082 -0.4057 -0.1026
vn -0.9126 -0.4088 -0.0058
vn -0.8467 -0.3833 0.3689
vn -0.3690 -0.1753 0.9128
vn -0.8638 -0.0188 -0.5034
vn -0.4375 -0.0022 -0.8992
vn -0.9948 -0.0272 -0.0984
vn -0.9085 -0.4079 0.0910
vn -0.6569 -0.3018 0.6909
vn -0.4041 -0.0219 0.9145
vn -0.4089 0.1666 -0.8973
vn -0.8074 0.3138 -0.4995
vn -0.9344 0.3563 0.0029
vn -0.9299 0.3557 -0.0939
vn -0.9950 -0.0294 0.0953
vn -0.7194 -0.0284 0.6940
vn -0.3178 0.3116 -0.8955
vn -0.6280 0.5996 -0.4961
vn -0.7234 0.6846 -0.0899
vn -0.9274 -0.0306 0.3729
vn -0.3529 0.7950 -0.4935
vn -0.1782 0.4107 -0.8942
vn -0.9301 0.3535 0.0997
vn -0.6726 0.2481 0.6972
vn -0.4088 0.9126 0.0099
vn -0.4067 0.9094 -0.0869
vn -0.0114 0.4489 -0.8935
vn -0.0240 0.8701 -0.4922
vn -0.8669 0.3261 0.3771
vn -0.3778 0.1331 0.9163
vn -0.0282 0.9959 -0.0855
vn 0.1574 0.4203 -0.8936
vn 0.3087 0.8138 -0.4924
vn 0.3563 0.9343 0.0112
vn 0.3547 0.9310 -0.0857
vn -0.6745 0.6325 0.3808
vn -0.2942 0.2663 0.9179
vn 0.5945 0.6343 -0.4941
vn 0.6836 0.7246 -0.0877
vn -0.7236 0.6823 0.1038
vn -0.5234 0.4857 0.7001
vn 0.9126 0.4087 0.0058
vn -0.3795 0.8419 0.3836
vn -0.1659 0.3574 0.9191
vn -0.4070 0.9072 0.1067
vn -0.2947 0.6480 0.7023
vn -0.0268 0.9226 0.3849
vn -0.0284 0.9937 0.1082
vn -0.0126 0.3924 0.9197
vn -0.0213 0.7106 0.7033
vn 0.3299 0.8621 0.3847
vn 0.3545 0.9288 0.1079
vn 0.2552 0.6637 0.7031
vn 0.1425 0.3661 0.9196
vn 0.2780 0.3035 -0.9114
vn 0.6569 0.3018 -0.6909
vn 0.3690 0.1753 -0.9128
vn 0.6373 0.6783 -0.3658
vn 0.8467 0.3833 -0.3689
vn 0.4945 0.5305 -0.6885
vn 0.9274 0.0306 -0.3729
vn 0.4041 0.0219 -0.9145
vn 0.7194 0.0284 -0.6940
vn 0.3778 -0.1331 -0.9163
vn 0.8669 -0.3261 -0.3770
vn 0.6726 -0.2481 -0.6972
vn 0.5234 -0.4857 -0.7001
vn 0.2942 -0.2663 -0.9179
vn 0.6745 -0.6325 -0.3808
vn 0.1659 -0.3574 -0.9191
vn 0.3795 -0.8419 -0.3836
vn 0.2947 -0.6480 -0.7023
vn 0.0126 -0.3924 -0.9197
vn 0.0268 -0.9226 -0.3849
vn 0.0213 -0.7106 -0.7033
vn -0.1425 -0.3661 -0.9196
vn -0.3299 -0.8621 -0.3847
vn -0.2552 -0.6637 -0.7031
vn -0.4928 -0.5145 -0.7017
vn -0.2757 -0.2825 -0.9188
vn -0.6363 -0.6697 -0.3829
vn -0.3667 -0.1543 -0.9174
vn -0.8458 -0.3747 -0.3797
vn -0.6552 -0.2859 -0.6993
vn -0.4018 -0.0010 -0.9157
vn -0.7177 -0.0125 -0.6962
vn -0.9264 -0.0221 -0.3758
vn -0.6708 0.2641 -0.6930
vn -0.3755 0.1541 -0.9139
vn -0.8660 0.3346 -0.3716
vn -0.2919 0.2873 -0.9123
vn -0.6736 0.6410 -0.3679
vn -0.5217 0.5016 -0.6901
vn -0.3786 0.8505 -0.3651
vn -0.1636 0.3783 -0.9111
vn -0.2930 0.6640 -0.6880
vn -0.0103 0.4134 -0.9105
vn -0.0259 0.9311 -0.3638
vn -0.0196 0.7265 -0.6869
vn 0.2570 0.6796 -0.6871
vn 0.1447 0.3871 -0.9106
vn 0.3308 0.8707 -0.3640
vn 0.7886 0.3477 0.5071
vn -0.3090 0.1755 -0.9347
vn 0.3090 0.1755 -0.9347
vn -0.3090 0.1755 0.9347
vn 0.3090 0.1755 0.9347
vn -0.4914 0.7750 -0.3973
vn 0.3973 -0.7750 0.4914
vn -0.3973 0.7750 0.4914
vn 0.4914 -0.7750 -0.3973
vn 0.4914 0.7750 -0.3973
vn -0.3973 -0.7750 0.4914
vn 0.3973 0.7750 -0.4914
vn -0.4914 -0.7750 0.3973
vn -0.4914 0.7750 0.3973
vn 0.3973 -0.7750 -0.4914
vn 0.4914 0.7750 0.3973
vn -0.3973 -0.7750 -0.4914
vt 0.252032 0.190763
vt 0.235475 0.231967
vt 0.237613 0.189489
vt 0.202038 0.240349
vt 0.186478 0.247318
vt 0.185583 0.243109
vt 0.265094 0.192581
vt 0.265305 0.242093
vt 0.253925 0.236159
vt 0.195725 0.165694
vt 0.178261 0.190262
vt 0.178261 0.164445
vt 0.224700 0.188979
vt 0.210035 0.166704
vt 0.225740 0.167803
vt 0.195287 0.189387
vt 0.214572 0.236257
vt 0.209340 0.189011
vt 0.284085 0.171927
vt 0.267567 0.170739
vt 0.226511 0.233014
vt 0.217263 0.242897
vt 0.242870 0.243645
vt 0.234281 0.252116
vt 0.235217 0.242708
vt 0.245271 0.233080
vt 0.260683 0.248358
vt 0.250128 0.245189
vt 0.227910 0.242430
vt 0.218012 0.249611
vt 0.247955 0.253740
vt 0.256375 0.261811
vt 0.246829 0.261940
vt 0.257837 0.255030
vt 0.227654 0.251091
vt 0.217280 0.256191
vt 0.203551 0.245102
vt 0.187432 0.250039
vt 0.204178 0.252841
vt 0.189456 0.255256
vt 0.188414 0.252517
vt 0.223110 0.266522
vt 0.214240 0.262003
vt 0.204146 0.248951
vt 0.241244 0.252943
vt 0.232839 0.261521
vt 0.257333 0.268598
vt 0.241109 0.333304
vt 0.247657 0.270073
vt 0.240021 0.261815
vt 0.230813 0.269413
vt 0.211118 0.329258
vt 0.200968 0.327635
vt 0.495348 0.824611
vt 0.487724 0.843452
vt 0.469515 0.836336
vt 0.203200 0.257168
vt 0.179937 0.324440
vt 0.239518 0.270581
vt 0.220739 0.330684
vt 0.239010 0.168729
vt 0.299661 0.173072
vt 0.280813 0.195567
vt 0.277720 0.248703
vt 0.274322 0.254043
vt 0.271954 0.258482
vt 0.270016 0.262922
vt 0.226304 0.259294
vt 0.268911 0.267982
vt 0.251192 0.334424
vt 0.260885 0.335488
vt 0.231522 0.332151
vt 0.253974 0.169778
vt 0.367317 0.108739
vt 0.383874 0.149944
vt 0.369455 0.151217
vt 0.318321 0.093389
vt 0.333881 0.100356
vt 0.317427 0.097596
vt 0.396937 0.148125
vt 0.397148 0.098613
vt 0.412655 0.145140
vt 0.310104 0.150445
vt 0.327567 0.175012
vt 0.310104 0.176261
vt 0.356542 0.151727
vt 0.341877 0.174002
vt 0.341182 0.151695
vt 0.327129 0.151319
vt 0.346415 0.104448
vt 0.415927 0.168780
vt 0.399409 0.169967
vt 0.349106 0.097808
vt 0.358353 0.107692
vt 0.367060 0.097998
vt 0.373087 0.087764
vt 0.374713 0.097061
vt 0.377113 0.107627
vt 0.385767 0.104548
vt 0.392526 0.092349
vt 0.349855 0.091095
vt 0.359752 0.098276
vt 0.379798 0.086966
vt 0.388217 0.078896
vt 0.389680 0.085677
vt 0.381970 0.095517
vt 0.349124 0.084515
vt 0.359497 0.089615
vt 0.319274 0.090668
vt 0.335394 0.095602
vt 0.320255 0.088189
vt 0.335045 0.083539
vt 0.336022 0.087863
vt 0.354954 0.074185
vt 0.358148 0.081412
vt 0.335989 0.091753
vt 0.364682 0.079186
vt 0.366124 0.088590
vt 0.372952 0.007406
vt 0.389175 0.072109
vt 0.379499 0.070634
vt 0.362657 0.071294
vt 0.371864 0.078891
vt 0.378672 0.078767
vt 0.346084 0.078704
vt 0.342961 0.011451
vt 0.640118 0.284845
vt 0.647742 0.303686
vt 0.629291 0.310744
vt 0.311782 0.016270
vt 0.321302 0.085451
vt 0.352582 0.010025
vt 0.371361 0.070126
vt 0.357582 0.172903
vt 0.370852 0.171976
vt 0.385816 0.170929
vt 0.431503 0.167635
vt 0.427236 0.141756
vt 0.409563 0.092003
vt 0.406165 0.086664
vt 0.403796 0.082225
vt 0.401858 0.077785
vt 0.332812 0.013075
vt 0.383034 0.006285
vt 0.400753 0.072725
vt 0.363365 0.008558
vt 0.244394 0.105558
vt 0.255029 0.148710
vt 0.240552 0.147973
vt 0.197985 0.084043
vt 0.212368 0.092929
vt 0.196548 0.087990
vt 0.268250 0.148734
vt 0.275510 0.099334
vt 0.284294 0.148005
vt 0.181976 0.138957
vt 0.227688 0.146696
vt 0.212491 0.144538
vt 0.198652 0.142211
vt 0.224215 0.098621
vt 0.227752 0.092433
vt 0.235622 0.103383
vt 0.245557 0.094867
vt 0.252905 0.085244
vt 0.253309 0.094830
vt 0.254293 0.105700
vt 0.263334 0.103740
vt 0.271736 0.092388
vt 0.229364 0.085933
vt 0.238248 0.094253
vt 0.259703 0.085250
vt 0.269168 0.078198
vt 0.269769 0.085255
vt 0.260752 0.094180
vt 0.229472 0.079378
vt 0.239109 0.085716
vt 0.199259 0.081561
vt 0.214482 0.088464
vt 0.200509 0.079314
vt 0.215654 0.076591
vt 0.216083 0.080967
vt 0.236538 0.069842
vt 0.238819 0.077591
vt 0.215563 0.084773
vt 0.245614 0.076554
vt 0.245841 0.085487
vt 0.262310 0.005222
vt 0.270969 0.071524
vt 0.261464 0.068845
vt 0.244525 0.067837
vt 0.252902 0.075633
vt 0.259653 0.076712
vt 0.227188 0.073211
vt 0.231983 0.005826
vt 0.665809 0.310754
vt 0.658185 0.291913
vt 0.676636 0.284855
vt 0.200453 0.006994
vt 0.201833 0.076806
vt 0.241711 0.005507
vt 0.253360 0.067414
vt 0.299293 0.146758
vt 0.288864 0.094453
vt 0.286207 0.088545
vt 0.284417 0.083673
vt 0.283012 0.078862
vt 0.221710 0.006268
vt 0.272493 0.005266
vt 0.282482 0.073574
vt 0.252619 0.005275
vt 0.386870 0.191998
vt 0.376240 0.235147
vt 0.372393 0.192732
vt 0.344213 0.247777
vt 0.329831 0.256664
vt 0.328393 0.252717
vt 0.400092 0.191974
vt 0.407356 0.241372
vt 0.395180 0.236966
vt 0.313818 0.201750
vt 0.359530 0.194009
vt 0.330495 0.198496
vt 0.356060 0.242085
vt 0.344334 0.196168
vt 0.367467 0.237322
vt 0.359597 0.248273
vt 0.385155 0.245877
vt 0.377687 0.255220
vt 0.377403 0.245839
vt 0.386140 0.235007
vt 0.403582 0.248318
vt 0.392598 0.246526
vt 0.370094 0.246453
vt 0.361209 0.254773
vt 0.391549 0.255456
vt 0.401014 0.262508
vt 0.391499 0.263995
vt 0.401615 0.255451
vt 0.370955 0.254991
vt 0.361317 0.261328
vt 0.346327 0.252242
vt 0.331106 0.259146
vt 0.347927 0.259737
vt 0.333676 0.263902
vt 0.332356 0.261393
vt 0.368383 0.270865
vt 0.359033 0.267497
vt 0.347408 0.255932
vt 0.384751 0.255463
vt 0.377460 0.264152
vt 0.402816 0.269182
vt 0.394158 0.335488
vt 0.393310 0.271862
vt 0.384748 0.265073
vt 0.376370 0.272870
vt 0.363830 0.334884
vt 0.353556 0.334443
vt 0.005222 0.709410
vt 0.012845 0.690569
vt 0.031054 0.697685
vt 0.347497 0.264117
vt 0.332299 0.333718
vt 0.385206 0.273293
vt 0.373559 0.335203
vt 0.416137 0.192702
vt 0.420710 0.246252
vt 0.418052 0.252161
vt 0.416263 0.257032
vt 0.414859 0.261843
vt 0.370664 0.263115
vt 0.414328 0.267132
vt 0.404342 0.335443
vt 0.414132 0.335382
vt 0.384467 0.335435
vt 0.148042 0.359986
vt 0.120352 0.241737
vt 0.126974 0.241117
vt 0.079874 0.243163
vt 0.065217 0.365055
vt 0.073103 0.242958
vt 0.157966 0.358036
vt 0.133534 0.240401
vt 0.086657 0.243253
vt 0.075384 0.365666
vt 0.039802 0.240326
vt 0.005222 0.355605
vt 0.033318 0.239508
vt 0.167818 0.355824
vt 0.140024 0.239594
vt 0.097600 0.365697
vt 0.093441 0.243174
vt 0.046357 0.241052
vt 0.015063 0.357843
vt 0.107772 0.365114
vt 0.100212 0.242979
vt 0.052974 0.241683
vt 0.024977 0.359819
vt 0.117910 0.364245
vt 0.106961 0.242673
vt 0.059643 0.242214
vt 0.034957 0.361534
vt 0.128007 0.363096
vt 0.113678 0.242257
vt 0.066357 0.242641
vt 0.044996 0.362982
vt 0.138053 0.361674
vt 0.055085 0.364158
vt 0.443430 0.294019
vt 0.480575 0.288599
vt 0.487512 0.323474
vt 0.554779 0.125262
vt 0.540602 0.086033
vt 0.562003 0.118044
vt 0.652775 0.025711
vt 0.630316 0.103874
vt 0.612472 0.086028
vt 0.612468 0.193591
vt 0.581640 0.165486
vt 0.591073 0.161574
vt 0.598298 0.154357
vt 0.571439 0.114141
vt 0.589153 0.203253
vt 0.571426 0.165480
vt 0.589158 0.076369
vt 0.581652 0.114137
vt 0.563915 0.203249
vt 0.561988 0.161574
vt 0.591087 0.118050
vt 0.540597 0.193596
vt 0.554768 0.154348
vt 0.598305 0.125274
vt 0.522753 0.175749
vt 0.550863 0.144909
vt 0.602208 0.134710
vt 0.513096 0.152433
vt 0.550867 0.134696
vt 0.639972 0.127191
vt 0.602203 0.144921
vt 0.513097 0.127195
vt 0.630316 0.175748
vt 0.407509 0.392141
vt 0.364236 0.345931
vt 0.422217 0.369458
vt 0.441946 0.166584
vt 0.711123 0.113039
vt 0.711122 0.166581
vt 0.639969 0.152429
vt 0.441947 0.113041
vt 0.522756 0.103878
vt 0.690633 0.216050
vt 0.500298 0.025714
vt 0.603306 0.274402
vt 0.563920 0.076375
vt 0.603309 0.005222
vt 0.500294 0.253912
vt 0.762017 0.597336
vt 0.668375 0.457191
vt 0.808520 0.363550
vt 0.265838 0.617342
vt 0.309242 0.663418
vt 0.251158 0.640029
vt 0.359104 0.372515
vt 0.301324 0.345931
vt 0.314356 0.636799
vt 0.372130 0.663421
vt 0.306738 0.372834
vt 0.241821 0.369881
vt 0.366724 0.636515
vt 0.431645 0.639519
vt 0.258336 0.393293
vt 0.199332 0.417901
vt 0.415146 0.616089
vt 0.474198 0.591542
vt 0.222840 0.432020
vt 0.178261 0.477083
vt 0.450692 0.577397
vt 0.495348 0.532336
vt 0.205046 0.481243
vt 0.180599 0.539563
vt 0.468567 0.528191
vt 0.492884 0.469797
vt 0.206900 0.533437
vt 0.206111 0.596637
vt 0.445177 0.428328
vt 0.467256 0.412782
vt 0.466583 0.475968
vt 0.228205 0.581116
vt 0.884365 0.414228
vt 0.861463 0.366409
vt 0.899302 0.404248
vt 0.851483 0.381346
vt 0.758512 0.345931
vt 0.812024 0.345931
vt 0.719054 0.381346
vt 0.762017 0.363550
vt 0.686171 0.414228
vt 0.709073 0.366409
vt 0.671234 0.404248
vt 0.668375 0.503694
vt 0.650756 0.453687
vt 0.686171 0.546657
vt 0.650756 0.507199
vt 0.719054 0.579540
vt 0.671234 0.556638
vt 0.758512 0.614955
vt 0.709073 0.594477
vt 0.808520 0.597336
vt 0.851483 0.579540
vt 0.812024 0.614955
vt 0.899302 0.556638
vt 0.861463 0.594477
vt 0.902161 0.503694
vt 0.884365 0.546657
vt 0.919780 0.453687
vt 0.919780 0.507199
vt 0.902161 0.457191
vt 0.068910 0.013697
vt 0.074839 0.013697
vt 0.110569 0.013278
vt 0.116673 0.013312
vt 0.062964 0.013647
vt 0.104522 0.013439
vt 0.056884 0.013440
vt 0.098558 0.013555
vt 0.050729 0.013535
vt 0.092628 0.013636
vt 0.044658 0.013865
vt 0.086714 0.013728
vt 0.128840 0.013760
vt 0.134552 0.014351
vt 0.038940 0.014471
vt 0.080790 0.013646
vt 0.122792 0.013432
vt 0.122858 0.005222
vt 0.116292 0.005544
vt 0.075050 0.006585
vt 0.080849 0.006393
vt 0.130068 0.005493
vt 0.086736 0.006596
vt 0.043368 0.005552
vt 0.035969 0.007346
vt 0.137452 0.007224
vt 0.092730 0.006320
vt 0.050636 0.005222
vt 0.098692 0.006340
vt 0.057323 0.005514
vt 0.104471 0.006236
vt 0.063512 0.006357
vt 0.110263 0.005807
vt 0.069318 0.006574
vt 0.422654 0.775833
vt 0.471795 0.748154
vt 0.489065 0.775833
vt 0.820906 0.171268
vt 0.783152 0.142110
vt 0.835542 0.142110
vt 0.471795 0.725036
vt 0.422654 0.697357
vt 0.489065 0.697357
vt 0.797788 0.005222
vt 0.835542 0.028714
vt 0.783152 0.028714
vt 0.783152 0.118618
vt 0.835542 0.052207
vt 0.835542 0.118618
vt 0.422654 0.725036
vt 0.783152 0.052207
vt 0.489065 0.673864
vt 0.422654 0.673864
vt 0.489065 0.799326
vt 0.422654 0.799326
vt 0.590174 0.308230
vt 0.566789 0.323856
vt 0.551163 0.300470
vt 0.504679 0.293301
vt 0.532264 0.287814
vt 0.537751 0.315399
vt 0.772291 0.271576
vt 0.721566 0.263816
vt 0.772291 0.263816
vt 0.772291 0.209498
vt 0.721566 0.201738
vt 0.772291 0.201738
vt 0.721566 0.279335
vt 0.721566 0.271576
vt 0.772291 0.217257
vt 0.721566 0.209498
vt 0.772291 0.279335
vt 0.721566 0.287095
vt 0.721566 0.225017
vt 0.721566 0.217257
vt 0.772291 0.294855
vt 0.772291 0.287095
vt 0.772291 0.232777
vt 0.772291 0.225017
vt 0.772291 0.302615
vt 0.721566 0.294855
vt 0.772291 0.240537
vt 0.721566 0.232777
vt 0.721566 0.310374
vt 0.721566 0.302615
vt 0.721566 0.248296
vt 0.721566 0.240537
vt 0.772291 0.318134
vt 0.772291 0.310374
vt 0.721566 0.256056
vt 0.772291 0.256056
vt 0.772291 0.248296
vt 0.721566 0.193978
vt 0.772291 0.193978
vt 0.339908 0.918219
vt 0.298779 0.876793
vt 0.339908 0.872888
vt 0.213974 0.807630
vt 0.290990 0.787146
vt 0.310114 0.805683
vt 0.687964 0.676158
vt 0.736774 0.718094
vt 0.694156 0.767711
vt 0.292588 0.863032
vt 0.298671 0.913712
vt 0.292508 0.927287
vt 0.322933 0.853703
vt 0.984353 0.886324
vt 0.943292 0.845254
vt 0.984494 0.841006
vt 0.967473 0.821478
vt 0.937067 0.831737
vt 0.142944 0.487202
vt 0.133515 0.507588
vt 0.128951 0.484111
vt 0.148152 0.512497
vt 0.107180 0.542212
vt 0.124263 0.401852
vt 0.133678 0.422244
vt 0.112840 0.410506
vt 0.158323 0.466453
vt 0.146903 0.414279
vt 0.232822 0.788187
vt 0.261522 0.758581
vt 0.107180 0.387268
vt 0.118427 0.376694
vt 0.142980 0.464740
vt 0.322799 0.937636
vt 0.967307 0.905409
vt 0.943193 0.882185
vt 0.937067 0.896015
vt 0.308187 0.840432
vt 0.290301 0.820727
vt 0.670245 0.795552
vt 0.674934 0.749628
vt 0.234661 0.822108
vt 0.217185 0.843260
vt 0.195112 0.827087
vt 0.672902 0.694938
vt 0.665211 0.656732
vt 0.650882 0.679384
vt 0.531589 0.635001
vt 0.505791 0.614353
vt 0.531589 0.614353
vt 0.531589 0.490466
vt 0.505791 0.469818
vt 0.531589 0.469818
vt 0.531589 0.655649
vt 0.505791 0.635001
vt 0.531589 0.511114
vt 0.505791 0.490466
vt 0.531589 0.676296
vt 0.505791 0.655649
vt 0.531589 0.531762
vt 0.505791 0.511114
vt 0.531589 0.366579
vt 0.505791 0.345931
vt 0.531589 0.345931
vt 0.531589 0.552409
vt 0.505791 0.531761
vt 0.531589 0.407874
vt 0.505791 0.387227
vt 0.531589 0.387227
vt 0.505791 0.366579
vt 0.531589 0.573057
vt 0.505791 0.552409
vt 0.531589 0.428522
vt 0.505791 0.407874
vt 0.531589 0.593705
vt 0.505791 0.573057
vt 0.531589 0.449170
vt 0.505791 0.428522
vt 0.505791 0.593705
vt 0.505791 0.449170
vt 0.587093 0.913444
vt 0.513692 0.898844
vt 0.528293 0.825444
vt 0.673258 0.917380
vt 0.658658 0.843979
vt 0.732058 0.829379
vt 0.926588 0.886299
vt 0.885371 0.845294
vt 0.926623 0.840974
vt 0.232056 0.730014
vt 0.785576 0.760011
vt 0.879250 0.895983
vt 0.885481 0.882230
vt 0.909548 0.905412
vt 0.953577 0.685553
vt 0.994638 0.644483
vt 0.994779 0.689800
vt 0.977758 0.709329
vt 0.081358 0.444499
vt 0.071929 0.424113
vt 0.086566 0.419204
vt 0.054232 0.376693
vt 0.062677 0.529849
vt 0.072092 0.509456
vt 0.085316 0.517422
vt 0.081394 0.466960
vt 0.096737 0.465247
vt 0.045593 0.544432
vt 0.056841 0.555007
vt 0.909593 0.821478
vt 0.953478 0.648621
vt 0.977592 0.625398
vt 0.947351 0.634791
vt 0.212934 0.711475
vt 0.178261 0.714481
vt 0.194203 0.693347
vt 0.714934 0.783986
vt 0.198860 0.787402
vt 0.178261 0.805527
vt 0.769310 0.777750
vt 0.808272 0.779501
vt 0.604072 0.614353
vt 0.578274 0.635001
vt 0.578274 0.614353
vt 0.604072 0.469818
vt 0.578274 0.490466
vt 0.578274 0.469818
vt 0.604072 0.635001
vt 0.578274 0.655649
vt 0.604072 0.490466
vt 0.578274 0.511114
vt 0.604072 0.655649
vt 0.578274 0.676296
vt 0.604072 0.511114
vt 0.578274 0.531761
vt 0.604072 0.345931
vt 0.578274 0.366579
vt 0.578274 0.345931
vt 0.604072 0.531761
vt 0.578274 0.552409
vt 0.604072 0.387227
vt 0.578274 0.407874
vt 0.578274 0.387227
vt 0.604072 0.366579
vt 0.604072 0.552409
vt 0.578274 0.573057
vt 0.604072 0.407874
vt 0.578274 0.428522
vt 0.604072 0.573057
vt 0.578274 0.593705
vt 0.604072 0.428522
vt 0.578274 0.449170
vt 0.604072 0.593705
vt 0.604072 0.449170
vt 0.887563 0.109025
vt 0.845985 0.046800
vt 0.908211 0.005222
vt 0.787505 0.917380
vt 0.772905 0.843979
vt 0.846305 0.829379
vt 0.977510 0.505153
vt 0.936449 0.464083
vt 0.977651 0.459836
vt 0.309067 0.709536
vt 0.290221 0.728977
vt 0.779400 0.668497
vt 0.930223 0.514845
vt 0.936350 0.501015
vt 0.960464 0.524238
vt 0.047440 0.862904
vt 0.006191 0.903876
vt 0.006191 0.858551
vt 0.023236 0.839068
vt 0.060972 0.675958
vt 0.070401 0.696345
vt 0.055764 0.701254
vt 0.088098 0.743764
vt 0.079653 0.590608
vt 0.070238 0.611001
vt 0.057014 0.603035
vt 0.045593 0.655210
vt 0.096736 0.576025
vt 0.085489 0.565450
vt 0.060936 0.653497
vt 0.960630 0.440307
vt 0.047300 0.899839
vt 0.023216 0.923003
vt 0.053571 0.849323
vt 0.053521 0.913597
vt 0.344793 0.802732
vt 0.328816 0.823841
vt 0.758654 0.652442
vt 0.803139 0.640692
vt 0.324185 0.729798
vt 0.344822 0.711653
vt 0.327951 0.690056
vt 0.704144 0.658347
vt 0.542032 0.407874
vt 0.567831 0.387227
vt 0.567831 0.407874
vt 0.542032 0.552409
vt 0.567830 0.531761
vt 0.567830 0.552409
vt 0.542032 0.387227
vt 0.567831 0.366579
vt 0.542032 0.531761
vt 0.567830 0.511114
vt 0.542032 0.366579
vt 0.567831 0.345931
vt 0.542032 0.511114
vt 0.567830 0.490466
vt 0.542032 0.676296
vt 0.567830 0.655649
vt 0.567830 0.676296
vt 0.542032 0.490466
vt 0.567830 0.469818
vt 0.542032 0.635001
vt 0.567830 0.614353
vt 0.567830 0.635001
vt 0.542032 0.655649
vt 0.542032 0.469818
vt 0.567830 0.449170
vt 0.542032 0.614353
vt 0.567830 0.593705
vt 0.542032 0.449170
vt 0.567830 0.428522
vt 0.542032 0.593705
vt 0.567830 0.573057
vt 0.542032 0.428522
vt 0.542032 0.573057
vt 0.929007 0.706700
vt 0.855606 0.721300
vt 0.841006 0.647900
vt 0.167818 0.880646
vt 0.126240 0.942872
vt 0.064015 0.901294
vt 0.930223 0.410679
vt 0.971460 0.369855
vt 0.971352 0.406774
vt 0.977623 0.356280
vt 0.977543 0.420535
vt 0.947198 0.429864
vt 0.982828 0.246557
vt 0.941767 0.205487
vt 0.982969 0.201239
vt 0.965949 0.181711
vt 0.935542 0.191970
vt 0.757331 0.115730
vt 0.747902 0.136116
vt 0.743337 0.112639
vt 0.730205 0.183535
vt 0.762539 0.141025
vt 0.738649 0.030380
vt 0.748064 0.050772
vt 0.727226 0.039034
vt 0.772709 0.094981
vt 0.761289 0.042807
vt 0.721566 0.015796
vt 0.732814 0.005222
vt 0.757366 0.093268
vt 0.947332 0.345931
vt 0.930223 0.365348
vt 0.965782 0.265642
vt 0.941668 0.242418
vt 0.935542 0.256248
vt 0.214806 0.676722
vt 0.232724 0.696399
vt 0.798607 0.686523
vt 0.288345 0.695055
vt 0.305841 0.673864
vt 0.800657 0.741247
vt 0.822661 0.756862
vt 0.614515 0.387227
vt 0.640313 0.407874
vt 0.614515 0.407874
vt 0.614515 0.531761
vt 0.640313 0.552409
vt 0.614515 0.552409
vt 0.614515 0.366579
vt 0.640313 0.387227
vt 0.614515 0.511114
vt 0.640313 0.531761
vt 0.614515 0.345931
vt 0.640313 0.366579
vt 0.614515 0.490466
vt 0.640313 0.511114
vt 0.614515 0.655649
vt 0.640313 0.676296
vt 0.614515 0.676296
vt 0.614515 0.469818
vt 0.640313 0.490466
vt 0.614515 0.614353
vt 0.640313 0.635001
vt 0.614515 0.635001
vt 0.640313 0.655649
vt 0.614515 0.449170
vt 0.640313 0.469818
vt 0.614515 0.593705
vt 0.640313 0.614353
vt 0.614515 0.428522
vt 0.640313 0.449170
vt 0.614515 0.573057
vt 0.640313 0.593705
vt 0.640313 0.428522
vt 0.640313 0.573057
vt 0.200763 0.861604
vt 0.274164 0.876205
vt 0.259563 0.949605
vt 0.459069 0.901294
vt 0.396843 0.942872
vt 0.355265 0.880646
vt 0.380796 0.752455
vt 0.361050 0.768718
vt 0.375761 0.748191
vt 0.126772 0.725414
vt 0.164275 0.739131
vt 0.136403 0.750034
vt 0.035150 0.610043
vt 0.005222 0.636480
vt 0.005222 0.610043
vt 0.399037 0.787978
vt 0.408668 0.763357
vt 0.035150 0.600316
vt 0.005222 0.570387
vt 0.035150 0.570387
vt 0.035150 0.450268
vt 0.005222 0.406622
vt 0.035150 0.406622
vt 0.384339 0.743396
vt 0.412211 0.754299
vt 0.005222 0.600316
vt 0.139946 0.759093
vt 0.167818 0.748190
vt 0.158323 0.575177
vt 0.128394 0.565450
vt 0.158323 0.565450
vt 0.128394 0.581774
vt 0.158323 0.587728
vt 0.128394 0.587728
vt 0.128394 0.575177
vt 0.005222 0.463389
vt 0.005222 0.450268
vt 0.116657 0.733771
vt 0.121655 0.793443
vt 0.120722 0.828625
vt 0.110872 0.794645
vt 0.035150 0.476703
vt 0.005222 0.476703
vt 0.131369 0.754297
vt 0.114641 0.746932
vt 0.359034 0.755557
vt 0.375495 0.742243
vt 0.611467 0.284845
vt 0.600617 0.314774
vt 0.600617 0.284845
vt 0.366047 0.709046
vt 0.365115 0.673864
vt 0.375897 0.675066
vt 0.158323 0.622243
vt 0.128394 0.657622
vt 0.128394 0.622243
vt 0.035150 0.524566
vt 0.005222 0.559944
vt 0.005222 0.524566
vt 0.355265 0.707843
vt 0.131102 0.760246
vt 0.046893 0.754207
vt 0.041941 0.781780
vt 0.026177 0.774723
vt 0.058505 0.784682
vt 0.055738 0.787846
vt 0.920487 0.950307
vt 0.934444 0.960970
vt 0.920600 0.954460
vt 0.934685 0.944906
vt 0.950285 0.968170
vt 0.076760 0.754207
vt 0.052981 0.770515
vt 0.062622 0.784936
vt 0.917954 0.947189
vt 0.931909 0.915856
vt 0.951258 0.938936
vt 0.096737 0.776635
vt 0.068896 0.770762
vt 0.080087 0.782492
vt 0.907819 0.932557
vt 0.924103 0.932681
vt 0.095754 0.805981
vt 0.079687 0.798794
vt 0.065567 0.787742
vt 0.913733 0.946950
vt 0.896195 0.943719
vt 0.901726 0.915920
vt 0.067757 0.810001
vt 0.065637 0.792015
vt 0.910362 0.949924
vt 0.895890 0.959794
vt 0.880498 0.936216
vt 0.074527 0.826367
vt 0.051502 0.809714
vt 0.062613 0.795191
vt 0.913408 0.957304
vt 0.910411 0.954378
vt 0.907039 0.971512
vt 0.879250 0.965529
vt 0.044397 0.826540
vt 0.041017 0.797616
vt 0.055411 0.792048
vt 0.058217 0.795333
vt 0.922859 0.971842
vt 0.899152 0.988039
vt 0.024614 0.803896
vt 0.917634 0.957603
vt 0.929019 0.988039
vt 0.035150 0.376694
vt 0.005222 0.376694
vt 0.371165 0.777075
vt 0.383137 0.828625
vt 0.355265 0.817722
vt 0.138745 0.673864
vt 0.154644 0.714511
vt 0.035150 0.680126
vt 0.005222 0.680126
vt 0.867664 0.251568
vt 0.859443 0.249316
vt 0.866088 0.246239
vt 0.888047 0.212968
vt 0.894429 0.232228
vt 0.883344 0.218387
vt 0.925099 0.246330
vt 0.908163 0.224897
vt 0.915964 0.220615
vt 0.873867 0.242480
vt 0.876439 0.251132
vt 0.860181 0.251853
vt 0.853449 0.251982
vt 0.850580 0.198871
vt 0.868230 0.209367
vt 0.850771 0.206209
vt 0.832967 0.209548
vt 0.829842 0.202537
vt 0.887722 0.250479
vt 0.883820 0.237641
vt 0.809951 0.212579
vt 0.817233 0.219188
vt 0.868348 0.235376
vt 0.857803 0.247201
vt 0.809157 0.235777
vt 0.801877 0.233344
vt 0.800233 0.254347
vt 0.807560 0.253830
vt 0.875601 0.227204
vt 0.862696 0.241787
vt 0.805901 0.274020
vt 0.812391 0.270923
vt 0.822865 0.285107
vt 0.817913 0.290363
vt 0.835001 0.301514
vt 0.837746 0.294736
vt 0.864270 0.220406
vt 0.855543 0.245777
vt 0.857922 0.238851
vt 0.855323 0.306091
vt 0.855385 0.298501
vt 0.876963 0.303118
vt 0.873777 0.295522
vt 0.860689 0.230731
vt 0.851239 0.218129
vt 0.852952 0.245293
vt 0.852444 0.237875
vt 0.897168 0.291698
vt 0.889991 0.285244
vt 0.906590 0.270489
vt 0.898732 0.268079
vt 0.851894 0.229197
vt 0.899922 0.249456
vt 0.907461 0.248651
vt 0.899126 0.200435
vt 0.893285 0.206902
vt 0.544212 0.786099
vt 0.557482 0.807099
vt 0.536435 0.799026
vt 0.843231 0.231102
vt 0.850422 0.245828
vt 0.870691 0.202615
vt 0.519660 0.784185
vt 0.531599 0.774857
vt 0.838209 0.220796
vt 0.847093 0.239087
vt 0.836015 0.236155
vt 0.848350 0.247303
vt 0.876756 0.186988
vt 0.873473 0.195081
vt 0.523743 0.759711
vt 0.508965 0.764234
vt 0.827213 0.228247
vt 0.842707 0.242193
vt 0.850452 0.190659
vt 0.850661 0.181711
vt 0.505791 0.741118
vt 0.521796 0.742372
vt 0.823133 0.186174
vt 0.826561 0.194793
vt 0.511387 0.717095
vt 0.526599 0.724968
vt 0.831609 0.243757
vt 0.820855 0.239901
vt 0.847047 0.249509
vt 0.839942 0.246847
vt 0.804430 0.207567
vt 0.797872 0.201614
vt 0.527035 0.694948
vt 0.538343 0.710401
vt 0.839329 0.252287
vt 0.784942 0.228246
vt 0.793852 0.230826
vt 0.552871 0.686740
vt 0.555772 0.703617
vt 0.830609 0.252612
vt 0.846748 0.252077
vt 0.792042 0.255010
vt 0.783152 0.256077
vt 0.577452 0.688670
vt 0.573794 0.704284
vt 0.819484 0.253142
vt 0.798658 0.277515
vt 0.790902 0.281550
vt 0.589702 0.711421
vt 0.598514 0.698724
vt 0.832922 0.261286
vt 0.847468 0.254614
vt 0.812367 0.296229
vt 0.806363 0.302555
vt 0.614266 0.715004
vt 0.601731 0.723547
vt 0.822999 0.265906
vt 0.840766 0.257690
vt 0.849062 0.256775
vt 0.828216 0.317150
vt 0.831880 0.309064
vt 0.623312 0.735513
vt 0.608616 0.739007
vt 0.830886 0.276520
vt 0.844156 0.262171
vt 0.854692 0.323852
vt 0.855116 0.314558
vt 0.624628 0.758028
vt 0.609548 0.755947
vt 0.838336 0.268484
vt 0.880325 0.311680
vt 0.883894 0.321042
vt 0.842066 0.283678
vt 0.848897 0.265188
vt 0.617632 0.779967
vt 0.604310 0.772319
vt 0.912353 0.305486
vt 0.905551 0.299309
vt 0.845944 0.273340
vt 0.851326 0.258213
vt 0.593639 0.786106
vt 0.602362 0.798041
vt 0.925099 0.275667
vt 0.915436 0.273012
vt 0.580506 0.807099
vt 0.577266 0.792086
vt 0.854844 0.274949
vt 0.853934 0.258704
vt 0.915878 0.247633
vt 0.560073 0.792096
vt 0.855205 0.286271
vt 0.854417 0.266144
vt 0.863691 0.273138
vt 0.856489 0.258138
vt 0.868559 0.283756
vt 0.859801 0.264975
vt 0.870974 0.267920
vt 0.879860 0.276010
vt 0.858560 0.256660
vt 0.864259 0.261753
vt 0.875449 0.260100
vt 0.886511 0.264016
vt 0.866981 0.257038
vt 0.859857 0.254450
vt 0.565208 0.757381
vt 0.557164 0.764317
vt 0.562024 0.756110
vt 0.562248 0.778032
vt 0.551442 0.773929
vt 0.566338 0.748707
vt 0.563875 0.766948
vt 0.542820 0.766174
vt 0.559444 0.753771
vt 0.551771 0.759481
vt 0.557895 0.750641
vt 0.537600 0.755814
vt 0.548501 0.752963
vt 0.548000 0.745671
vt 0.557688 0.747162
vt 0.536554 0.744144
vt 0.558804 0.743924
vt 0.540097 0.732729
vt 0.550319 0.738779
vt 0.561044 0.741411
vt 0.547943 0.723515
vt 0.555045 0.733314
vt 0.564135 0.740037
vt 0.558990 0.718763
vt 0.561704 0.730330
vt 0.569016 0.730316
vt 0.567537 0.740010
vt 0.570928 0.718868
vt 0.570725 0.741307
vt 0.581783 0.723507
vt 0.575750 0.733100
vt 0.573218 0.743714
vt 0.580931 0.738168
vt 0.590079 0.731726
vt 0.583991 0.744702
vt 0.574728 0.746841
vt 0.594854 0.742292
vt 0.574918 0.750287
vt 0.595452 0.753821
vt 0.584397 0.751859
vt 0.591782 0.764763
vt 0.573822 0.753479
vt 0.582116 0.758591
vt 0.571612 0.755930
vt 0.584272 0.773444
vt 0.577437 0.763837
vt 0.571019 0.766757
vt 0.568600 0.757298
vt 0.573734 0.777899
vt 0.900919 0.228796
vt 0.469515 0.824658
vt 0.476897 0.817552
vt 0.487724 0.817542
vt 0.495348 0.836383
vt 0.476897 0.843442
vt 0.191160 0.326057
vt 0.295394 0.198951
vt 0.621910 0.303638
vt 0.621910 0.291961
vt 0.629291 0.284855
vt 0.647742 0.291913
vt 0.640118 0.310754
vt 0.323004 0.014653
vt 0.392727 0.005222
vt 0.684017 0.291961
vt 0.684017 0.303638
vt 0.676636 0.310744
vt 0.658185 0.303686
vt 0.665809 0.284845
vt 0.211785 0.006696
vt 0.282283 0.005326
vt 0.031054 0.709362
vt 0.023673 0.716468
vt 0.012845 0.716478
vt 0.005222 0.697637
vt 0.023673 0.690579
vt 0.343631 0.334015
vt 0.431135 0.193948
vt 0.086490 0.366250
vt 0.480575 0.330411
vt 0.471511 0.334165
vt 0.461701 0.334165
vt 0.452637 0.330411
vt 0.445700 0.323474
vt 0.441946 0.314410
vt 0.441946 0.304600
vt 0.452637 0.288599
vt 0.461701 0.284845
vt 0.471511 0.284845
vt 0.487512 0.295536
vt 0.491266 0.304600
vt 0.491266 0.314410
vt 0.690634 0.063572
vt 0.462434 0.216051
vt 0.462437 0.063574
vt 0.652773 0.253910
vt 0.549766 0.005223
vt 0.549762 0.274402
vt 0.422654 0.748154
vt 0.797788 0.171268
vt 0.820906 0.005222
vt 0.554133 0.293301
vt 0.559620 0.287814
vt 0.566789 0.284845
vt 0.574549 0.284845
vt 0.581718 0.287814
vt 0.587205 0.293301
vt 0.590174 0.300470
vt 0.587205 0.315399
vt 0.581718 0.320886
vt 0.574549 0.323856
vt 0.559620 0.320886
vt 0.554133 0.315399
vt 0.551163 0.308230
vt 0.532264 0.320886
vt 0.525095 0.323856
vt 0.517335 0.323856
vt 0.510166 0.320886
vt 0.504679 0.315399
vt 0.501709 0.308230
vt 0.501709 0.300470
vt 0.510166 0.287814
vt 0.517335 0.284845
vt 0.525095 0.284845
vt 0.537751 0.293301
vt 0.540720 0.300470
vt 0.540720 0.308230
vt 0.721566 0.318134
vt 0.115819 0.555007
vt 0.650756 0.770489
vt 0.505791 0.676296
vt 0.547369 0.817542
vt 0.568017 0.817542
vt 0.587093 0.825444
vt 0.601693 0.840044
vt 0.609595 0.859120
vt 0.609595 0.879768
vt 0.601693 0.898844
vt 0.568017 0.921346
vt 0.547369 0.921346
vt 0.528293 0.913444
vt 0.505791 0.879768
vt 0.505791 0.859120
vt 0.513692 0.840044
vt 0.746658 0.843979
vt 0.754560 0.863056
vt 0.754560 0.883703
vt 0.746658 0.902780
vt 0.732058 0.917380
vt 0.712982 0.925281
vt 0.692334 0.925281
vt 0.658658 0.902779
vt 0.650756 0.883703
vt 0.650756 0.863055
vt 0.673258 0.829379
vt 0.692334 0.821478
vt 0.712982 0.821478
vt 0.879250 0.831709
vt 0.947351 0.699070
vt 0.067365 0.447590
vt 0.045593 0.389488
vt 0.051254 0.521195
vt 0.198513 0.731746
vt 0.697961 0.811035
vt 0.788067 0.797143
vt 0.604072 0.676296
vt 0.927287 0.013123
vt 0.941887 0.027723
vt 0.949789 0.046799
vt 0.949789 0.067447
vt 0.941887 0.086523
vt 0.927287 0.101124
vt 0.908211 0.109025
vt 0.868487 0.101124
vt 0.853887 0.086523
vt 0.845985 0.067447
vt 0.853887 0.027723
vt 0.868487 0.013123
vt 0.887563 0.005222
vt 0.860905 0.843979
vt 0.868807 0.863055
vt 0.868807 0.883703
vt 0.860905 0.902779
vt 0.846305 0.917380
vt 0.827229 0.925281
vt 0.806581 0.925281
vt 0.772905 0.902779
vt 0.765003 0.883703
vt 0.765003 0.863055
vt 0.787505 0.829379
vt 0.806581 0.821478
vt 0.827229 0.821478
vt 0.930223 0.450566
vt 0.074965 0.672867
vt 0.096737 0.730969
vt 0.091076 0.599262
vt 0.324569 0.785434
vt 0.775437 0.625398
vt 0.685337 0.639037
vt 0.542032 0.345931
vt 0.855606 0.633300
vt 0.874682 0.625398
vt 0.895330 0.625398
vt 0.914406 0.633300
vt 0.929007 0.647900
vt 0.936908 0.666976
vt 0.936908 0.687624
vt 0.914406 0.721300
vt 0.895330 0.729202
vt 0.874682 0.729202
vt 0.841006 0.706700
vt 0.833104 0.687624
vt 0.833104 0.666976
vt 0.064015 0.880646
vt 0.071916 0.861570
vt 0.086516 0.846970
vt 0.105593 0.839068
vt 0.126240 0.839068
vt 0.145316 0.846970
vt 0.159917 0.861570
vt 0.167818 0.901294
vt 0.159917 0.920370
vt 0.145317 0.934970
vt 0.105593 0.942872
vt 0.086516 0.934970
vt 0.071916 0.920370
vt 0.721566 0.170740
vt 0.822661 0.665634
vt 0.640313 0.345931
vt 0.240487 0.957507
vt 0.219839 0.957507
vt 0.200763 0.949605
vt 0.186163 0.935005
vt 0.178261 0.915929
vt 0.178261 0.895281
vt 0.186163 0.876205
vt 0.219839 0.853703
vt 0.240487 0.853703
vt 0.259563 0.861604
vt 0.282065 0.895281
vt 0.282065 0.915929
vt 0.274164 0.935005
vt 0.363167 0.861570
vt 0.377767 0.846970
vt 0.396843 0.839068
vt 0.417491 0.839068
vt 0.436567 0.846970
vt 0.451167 0.861570
vt 0.459069 0.880646
vt 0.451167 0.920370
vt 0.436567 0.934970
vt 0.417491 0.942872
vt 0.377767 0.934970
vt 0.363167 0.920370
vt 0.355265 0.901294
vt 0.035150 0.636480
vt 0.158323 0.581774
vt 0.035150 0.463389
vt 0.131504 0.827422
vt 0.611467 0.314774
vt 0.158323 0.657622
vt 0.035150 0.559944
vt 0.110872 0.684767
s 1
usemtl Generic_Armed_Quadcopter
f 10/1/1 17/2/2 1/3/3
f 20/4/4 31/5/5 23/6/6
f 9/7/7 24/8/8 21/9/9
f 8/10/10 11/11/11 15/12/12
f 2/13/13 7/14/14 6/15/15
f 4/16/16 23/6/6 11/11/11
f 2/13/13 19/17/17 3/18/18
f 16/19/19 9/7/7 13/20/20
f 18/21/21 27/22/22 19/17/17
f 30/23/23 33/24/24 25/25/25
f 22/26/26 25/25/25 17/2/2
f 21/9/9 32/27/27 29/28/28
f 26/29/29 35/30/30 27/22/22
f 37/31/31 48/32/32 45/33/33
f 29/28/28 40/34/34 37/31/31
f 34/35/35 43/36/36 35/30/30
f 28/37/37 39/38/38 31/5/5
f 44/39/39 55/40/40 47/41/41
f 43/36/36 50/42/42 51/43/43
f 36/44/44 47/41/41 39/38/38
f 38/45/45 41/46/46 33/24/24
f 56/47/47 62/48/48 53/49/49
f 46/50/50 49/51/51 41/46/46
f 48/32/32 53/49/49 45/33/33
f 51/43/43 57/52/52 60/53/53
f 64/54/54 60/55/53 58/56/55
f 52/57/56 64/58/54 55/40/40
f 54/59/57 58/60/55 49/51/51
f 1/3/3 6/15/15 5/61/58
f 8/10/10 3/18/18 4/16/16
f 10/1/1 13/20/20 9/7/7
f 15/62/12 12/63/59 16/19/19
f 1/3/3 18/21/21 2/13/13
f 20/4/4 3/18/18 19/17/17
f 21/9/9 10/1/1 9/7/7
f 12/63/59 23/64/6 24/8/8
f 29/28/28 22/26/26 21/9/9
f 26/29/29 17/2/2 25/25/25
f 28/37/37 19/17/17 27/22/22
f 24/8/8 31/65/5 32/27/27
f 25/25/25 34/35/35 26/29/29
f 36/44/44 27/22/22 35/30/30
f 32/27/27 39/66/38 40/34/34
f 30/23/23 37/31/31 38/45/45
f 35/30/30 44/39/39 36/44/44
f 40/34/34 47/67/41 48/32/32
f 38/45/45 45/33/33 46/50/50
f 42/68/60 33/24/24 41/46/46
f 45/33/33 54/59/57 46/50/50
f 42/68/60 49/51/51 50/42/42
f 44/39/39 51/43/43 52/57/56
f 56/47/47 47/67/41 55/69/40
f 60/53/53 52/57/56 51/43/43
f 63/70/61 55/69/40 64/71/54
f 61/72/62 53/49/49 62/48/48
f 50/42/42 58/60/55 57/52/52
f 14/73/63 1/3/3 5/61/58
f 81/74/26 74/75/3 65/76/1
f 95/77/37 84/78/6 87/79/4
f 73/80/13 88/81/17 76/82/18
f 75/83/16 72/84/12 79/85/10
f 66/86/7 71/87/19 67/88/59
f 87/79/4 68/89/11 75/83/16
f 83/90/8 66/86/7 67/88/59
f 73/80/13 80/91/14 77/92/15
f 91/93/27 82/94/9 83/90/8
f 89/95/23 102/96/24 94/97/25
f 89/95/23 86/98/2 81/74/26
f 85/99/21 96/100/22 88/81/17
f 99/101/34 90/102/28 91/93/27
f 101/103/35 112/104/36 104/105/30
f 93/106/29 104/105/30 96/100/22
f 107/107/32 98/108/31 99/101/34
f 103/109/44 92/110/5 95/77/37
f 111/111/64 116/112/40 108/113/41
f 107/107/32 114/114/49 106/115/33
f 111/111/64 100/116/38 103/109/44
f 105/117/50 102/96/24 97/118/65
f 126/119/66 120/120/43 117/121/42
f 113/122/57 110/123/46 105/117/50
f 117/121/42 112/104/36 109/124/60
f 115/125/47 121/126/67 114/114/49
f 124/127/68 128/128/69 126/129/66
f 128/130/69 116/112/40 119/131/56
f 122/132/70 118/133/51 113/122/57
f 70/134/20 65/76/1 69/135/63
f 67/88/59 72/84/12 68/89/11
f 74/75/3 77/92/15 78/136/58
f 79/137/10 76/82/18 75/138/16
f 65/76/1 82/94/9 81/74/26
f 84/78/6 67/88/59 68/89/11
f 74/75/3 85/99/21 73/80/13
f 87/139/4 76/82/18 88/81/17
f 86/98/2 93/106/29 85/99/21
f 90/102/28 81/74/26 82/94/9
f 92/110/5 83/90/8 84/78/6
f 95/140/37 88/81/17 96/100/22
f 89/95/23 98/108/31 97/118/65
f 100/116/38 91/93/27 92/110/5
f 103/141/44 96/100/22 104/105/30
f 101/103/35 94/97/25 102/96/24
f 99/101/34 108/113/41 107/107/32
f 111/142/64 104/105/30 112/104/36
f 109/124/60 102/96/24 110/123/46
f 106/115/33 97/118/65 98/108/31
f 109/124/60 118/133/51 117/121/42
f 113/122/57 106/115/33 114/114/49
f 115/125/47 108/113/41 116/112/40
f 120/120/43 111/142/64 112/104/36
f 116/112/40 124/143/68 115/125/47
f 127/144/71 119/145/56 120/120/43
f 125/146/72 117/121/42 118/133/51
f 122/132/70 114/114/49 121/126/67
f 65/76/1 78/136/58 69/135/63
f 137/147/73 134/148/74 129/149/75
f 151/150/76 140/151/77 143/152/78
f 133/153/79 144/154/80 136/155/81
f 135/156/82 8/10/10 15/12/12
f 130/157/83 7/14/14 131/158/84
f 143/152/78 132/159/85 135/156/82
f 139/160/86 130/157/83 131/158/84
f 133/153/79 16/19/19 13/20/20
f 147/161/87 138/162/88 139/160/86
f 145/163/89 158/164/90 150/165/91
f 145/163/89 142/166/92 137/147/73
f 141/167/93 152/168/94 144/154/80
f 155/169/95 146/170/96 147/161/87
f 157/171/97 168/172/98 160/173/99
f 149/174/100 160/173/99 152/168/94
f 163/175/101 154/176/102 155/169/95
f 159/177/103 148/178/104 151/150/76
f 167/179/105 172/180/106 164/181/107
f 163/175/101 170/182/108 162/183/109
f 167/179/105 156/184/110 159/177/103
f 161/185/111 158/164/90 153/186/112
f 182/187/113 176/188/114 173/189/115
f 169/190/116 166/191/117 161/185/111
f 173/189/115 168/172/98 165/192/118
f 171/193/119 177/194/120 170/182/108
f 180/195/121 184/196/122 182/197/113
f 184/198/122 172/180/106 175/199/123
f 178/200/124 174/201/125 169/190/116
f 6/15/15 129/149/75 5/61/58
f 131/158/84 8/10/10 132/159/85
f 134/148/74 13/20/20 14/73/63
f 15/62/12 136/155/81 135/202/82
f 129/149/75 138/162/88 137/147/73
f 140/151/77 131/158/84 132/159/85
f 134/148/74 141/167/93 133/153/79
f 143/203/78 136/155/81 144/154/80
f 142/166/92 149/174/100 141/167/93
f 146/170/96 137/147/73 138/162/88
f 148/178/104 139/160/86 140/151/77
f 151/204/76 144/154/80 152/168/94
f 145/163/89 154/176/102 153/186/112
f 156/184/110 147/161/87 148/178/104
f 159/205/103 152/168/94 160/173/99
f 157/171/97 150/165/91 158/164/90
f 155/169/95 164/181/107 163/175/101
f 167/206/105 160/173/99 168/172/98
f 165/192/118 158/164/90 166/191/117
f 162/183/109 153/186/112 154/176/102
f 165/192/118 174/201/125 173/189/115
f 169/190/116 162/183/109 170/182/108
f 171/193/119 164/181/107 172/180/106
f 176/188/114 167/206/105 168/172/98
f 172/180/106 180/207/121 171/193/119
f 183/208/126 175/209/123 176/188/114
f 181/210/127 173/189/115 174/201/125
f 178/200/124 170/182/108 177/194/120
f 129/149/75 14/73/63 5/61/58
f 190/211/75 193/212/92 185/213/74
f 196/214/78 207/215/104 199/216/77
f 189/217/83 200/218/86 197/219/88
f 72/84/12 191/220/85 79/85/10
f 186/221/79 71/87/19 70/134/20
f 188/222/82 199/216/77 191/220/85
f 186/221/79 195/223/80 187/224/81
f 80/91/14 189/217/83 77/92/15
f 194/225/93 203/226/94 195/223/80
f 206/227/89 209/228/90 201/229/91
f 198/230/73 201/229/91 193/212/92
f 197/219/88 208/231/87 205/232/96
f 202/233/100 211/234/99 203/226/94
f 213/235/102 224/236/101 221/237/109
f 205/232/96 216/238/95 213/235/102
f 210/239/97 219/240/98 211/234/99
f 204/241/76 215/242/110 207/215/104
f 220/243/128 231/244/106 223/245/107
f 219/240/98 226/246/115 227/247/114
f 212/248/103 223/245/107 215/242/110
f 214/249/129 217/250/117 209/228/90
f 232/251/119 238/252/130 229/253/108
f 222/254/111 225/255/125 217/250/117
f 224/236/101 229/253/108 221/237/109
f 227/247/114 233/256/131 236/257/132
f 240/258/133 236/259/132 234/260/134
f 228/261/123 240/262/133 231/244/106
f 230/263/116 234/264/134 225/255/125
f 185/213/74 70/134/20 69/135/63
f 72/84/12 187/224/81 188/222/82
f 190/211/75 77/92/15 189/217/83
f 79/137/10 192/265/84 80/91/14
f 185/213/74 194/225/93 186/221/79
f 196/214/78 187/224/81 195/223/80
f 197/219/88 190/211/75 189/217/83
f 192/265/84 199/266/77 200/218/86
f 205/232/96 198/230/73 197/219/88
f 202/233/100 193/212/92 201/229/91
f 204/241/76 195/223/80 203/226/94
f 200/218/86 207/267/104 208/231/87
f 201/229/91 210/239/97 202/233/100
f 212/248/103 203/226/94 211/234/99
f 208/231/87 215/268/110 216/238/95
f 206/227/89 213/235/102 214/249/129
f 211/234/99 220/243/128 212/248/103
f 216/238/95 223/269/107 224/236/101
f 214/249/129 221/237/109 222/254/111
f 218/270/118 209/228/90 217/250/117
f 221/237/109 230/263/116 222/254/111
f 218/270/118 225/255/125 226/246/115
f 220/243/128 227/247/114 228/261/123
f 232/251/119 223/269/107 231/271/106
f 236/257/132 228/261/123 227/247/114
f 239/272/135 231/271/106 240/273/133
f 237/274/136 229/253/108 238/252/130
f 226/246/115 234/264/134 233/256/131
f 78/136/58 185/213/74 69/135/63
f 271/275/137 337/276/138 338/277/139
f 340/278/140 263/279/141 339/280/142
f 272/281/143 338/277/139 341/282/144
f 342/283/145 264/284/146 340/278/140
f 344/285/147 257/286/148 343/287/149
f 257/288/148 341/282/144 343/289/149
f 266/290/150 342/283/145 345/291/151
f 346/292/152 258/293/153 344/285/147
f 267/294/154 345/291/151 347/295/155
f 348/296/156 259/297/157 346/292/152
f 268/298/158 347/295/155 349/299/159
f 350/300/160 260/301/161 348/296/156
f 269/302/162 349/299/159 351/303/163
f 352/304/164 261/305/165 350/300/160
f 270/306/166 351/303/163 337/276/138
f 339/280/142 262/307/167 352/304/164
f 265/308/168 269/309/162 257/310/148
f 248/311/169 281/312/170 249/313/171
f 300/314/172 285/315/173 284/316/174
f 273/317/175 242/318/176 241/319/177
f 256/320/178 273/317/175 241/319/177
f 281/312/170 250/321/179 249/313/171
f 274/322/180 243/323/181 242/318/176
f 250/321/179 283/324/182 251/325/183
f 275/326/184 244/327/185 243/323/181
f 283/324/182 252/328/186 251/325/183
f 276/329/187 245/330/188 244/327/185
f 284/316/174 253/331/189 252/328/186
f 277/332/190 246/333/191 245/330/188
f 285/315/173 254/334/192 253/331/189
f 278/335/193 247/336/194 246/333/191
f 286/337/195 255/338/196 254/334/192
f 279/339/197 248/311/169 247/336/194
f 255/338/196 288/340/198 256/320/178
f 321/341/199 291/342/200 290/343/199
f 277/332/190 294/344/172 278/335/193
f 285/315/173 302/345/172 286/337/195
f 294/344/172 279/339/197 278/335/193
f 286/337/195 303/346/172 287/347/201
f 295/348/172 280/349/202 279/339/197
f 287/347/201 304/350/172 288/340/198
f 280/349/202 297/351/172 281/312/170
f 273/317/175 290/352/172 274/322/180
f 304/350/172 273/317/175 288/340/198
f 297/351/172 282/353/203 281/312/170
f 290/352/172 275/326/184 274/322/180
f 282/353/203 299/354/172 283/324/182
f 275/326/184 292/355/172 276/329/187
f 299/354/172 284/316/174 283/324/182
f 292/355/172 277/332/190 276/329/187
f 315/356/204 311/357/204 307/358/204
f 330/359/205 299/360/206 298/361/205
f 323/362/200 292/363/207 291/342/200
f 331/364/206 300/365/208 299/360/206
f 324/366/207 293/367/209 292/363/207
f 332/368/208 301/369/210 300/365/208
f 325/370/209 294/371/211 293/367/209
f 333/372/210 302/373/212 301/369/210
f 326/374/211 295/375/213 294/371/211
f 334/376/212 303/377/214 302/373/212
f 327/378/213 296/379/215 295/375/213
f 335/380/214 304/381/216 303/377/214
f 328/382/215 297/383/217 296/379/215
f 322/384/218 290/343/199 289/385/218
f 336/386/216 289/385/218 304/381/216
f 329/387/217 298/361/205 297/383/217
f 305/388/204 321/389/204 322/390/204
f 307/358/204 321/389/204 306/391/204
f 307/358/204 324/392/204 323/393/204
f 309/394/204 324/392/204 308/395/204
f 310/396/204 325/397/204 309/394/204
f 311/357/204 326/398/204 310/396/204
f 312/399/204 327/400/204 311/357/204
f 313/401/204 328/402/204 312/399/204
f 314/403/204 329/404/204 313/401/204
f 314/403/204 331/405/204 330/406/204
f 316/407/204 331/405/204 315/356/204
f 317/408/204 332/409/204 316/407/204
f 317/408/204 334/410/204 333/411/204
f 319/412/204 334/410/204 318/413/204
f 319/412/204 336/414/204 335/415/204
f 305/388/204 336/414/204 320/416/204
f 339/280/142 365/417/219 367/418/220
f 337/276/138 364/419/221 366/420/222
f 352/304/164 363/421/223 365/417/219
f 351/303/163 362/422/224 364/419/221
f 350/300/160 361/423/225 363/421/223
f 349/299/159 360/424/226 362/422/224
f 348/296/156 359/425/227 361/423/225
f 347/295/155 358/426/228 360/424/226
f 346/292/152 357/427/229 359/425/227
f 345/291/151 356/428/230 358/426/228
f 343/289/149 355/429/231 368/430/232
f 344/285/147 368/431/232 357/427/229
f 342/283/145 354/432/233 356/428/230
f 341/282/144 353/433/234 355/429/231
f 340/278/140 367/418/220 354/432/233
f 338/277/139 366/420/222 353/433/234
f 255/434/196 366/420/222 254/435/192
f 354/432/233 247/436/194 248/437/169
f 256/438/178 353/433/234 255/434/196
f 356/428/230 248/437/169 249/439/171
f 242/440/176 368/431/232 241/441/177
f 368/430/232 256/438/178 241/442/177
f 358/426/228 249/439/171 250/443/179
f 359/425/227 242/440/176 243/444/181
f 251/445/183 358/426/228 250/443/179
f 361/423/225 243/444/181 244/446/185
f 362/422/224 251/445/183 252/447/186
f 245/448/188 361/423/225 244/446/185
f 364/419/221 252/447/186 253/449/189
f 365/417/219 245/448/188 246/450/191
f 254/435/192 364/419/221 253/449/189
f 367/418/220 246/450/191 247/436/194
f 377/451/235 372/452/235 378/453/235
f 372/454/236 379/455/236 378/456/236
f 376/457/237 380/458/237 379/459/237
f 374/460/238 377/461/238 380/462/238
f 375/463/239 369/464/239 371/465/239
f 372/452/240 374/466/240 376/457/240
f 380/462/238 369/464/238 373/467/238
f 375/468/210 380/458/210 373/469/210
f 378/456/241 375/463/241 371/465/241
f 377/451/209 371/470/209 369/471/209
f 391/472/242 387/473/242 383/474/242
f 405/475/243 409/476/243 398/477/243
f 383/478/244 397/479/245 382/480/245
f 391/481/246 406/482/247 390/483/247
f 383/478/244 400/484/248 399/485/244
f 392/486/249 407/487/246 391/481/246
f 384/488/248 401/489/209 400/484/248
f 392/486/249 409/490/210 408/491/249
f 386/492/250 401/489/209 385/493/209
f 394/494/251 409/490/210 393/495/210
f 387/496/252 402/497/250 386/492/250
f 395/498/253 410/499/251 394/494/251
f 387/496/252 404/500/254 403/501/252
f 395/498/253 412/502/255 411/503/253
f 389/504/256 404/500/254 388/505/254
f 382/480/245 398/506/257 381/507/257
f 396/508/255 398/506/257 412/502/255
f 390/483/247 405/509/256 389/510/256
f 423/511/258 421/512/259 424/513/260
f 416/514/261 428/515/262 414/516/263
f 413/517/264 418/518/204 415/519/265
f 432/520/213 420/521/266 431/522/213
f 434/523/267 421/512/259 432/520/268
f 425/524/269 419/525/270 426/526/271
f 433/527/272 419/525/270 431/528/273
f 440/529/274 426/530/271 433/531/272
f 437/532/275 425/533/269 426/530/271
f 439/534/276 424/535/260 434/536/267
f 438/537/277 424/535/260 435/538/278
f 428/515/262 427/539/279 417/540/172
f 439/534/280 425/541/269 436/542/281
f 440/529/282 423/543/258 438/537/277
f 433/544/283 420/521/284 423/511/258
f 434/545/285 422/546/286 425/524/269
f 432/547/213 419/525/287 422/546/287
f 414/516/263 440/548/282 438/549/277
f 430/550/288 436/551/281 415/519/265
f 414/516/263 435/552/278 416/514/261
f 416/514/261 439/553/276 430/554/289
f 415/519/265 437/555/275 413/517/264
f 429/556/290 437/555/275 440/557/274
f 453/558/210 468/559/208 452/560/208
f 446/561/211 461/562/209 445/563/209
f 454/564/212 469/565/210 453/558/210
f 447/566/213 462/567/211 446/561/211
f 455/568/214 470/569/212 454/564/212
f 448/570/215 463/571/213 447/566/213
f 456/572/216 471/573/214 455/574/214
f 449/575/217 464/576/215 448/570/215
f 442/577/199 457/578/218 441/579/218
f 441/579/218 472/580/216 456/572/216
f 450/581/205 465/582/217 449/575/217
f 443/583/200 458/584/199 442/577/199
f 451/585/206 466/586/205 450/581/205
f 444/587/207 459/588/200 443/583/200
f 452/560/208 467/589/206 451/585/206
f 445/563/209 460/590/207 444/587/207
f 451/591/204 447/592/204 443/593/204
f 465/594/172 469/595/172 457/596/172
f 480/597/291 476/598/292 479/599/293
f 416/514/261 483/600/294 427/539/279
f 473/601/295 415/519/265 418/518/204
f 486/602/206 476/598/296 477/603/296
f 488/604/297 477/603/298 480/597/291
f 475/605/299 481/606/300 482/607/301
f 487/608/302 475/605/299 482/607/301
f 494/609/303 482/610/301 491/611/304
f 482/610/301 490/612/305 491/611/304
f 493/613/306 480/614/291 489/615/307
f 489/615/307 479/616/293 492/617/308
f 483/600/294 417/540/172 427/539/279
f 481/618/300 493/613/309 490/619/305
f 479/616/293 494/609/310 492/617/308
f 476/598/292 487/620/311 479/599/293
f 478/621/312 488/622/313 481/606/300
f 475/605/314 486/623/206 478/621/314
f 474/624/315 494/625/310 484/626/316
f 490/627/305 430/550/288 415/519/265
f 489/628/307 474/624/315 416/514/261
f 493/629/306 416/514/261 430/554/289
f 491/630/304 415/519/265 473/601/295
f 484/631/317 491/630/304 473/601/295
f 522/632/211 507/633/209 506/634/211
f 515/635/210 500/636/208 499/637/210
f 523/638/209 508/639/207 507/633/209
f 516/640/208 501/641/206 500/636/208
f 524/642/207 509/643/200 508/639/207
f 517/644/206 502/645/205 501/641/206
f 525/646/200 510/647/199 509/648/200
f 518/649/205 503/650/217 502/645/205
f 511/651/218 496/652/216 495/653/218
f 526/654/199 495/653/218 510/647/199
f 519/655/217 504/656/215 503/650/217
f 512/657/216 497/658/214 496/652/216
f 520/659/215 505/660/213 504/656/215
f 513/661/214 498/662/212 497/658/214
f 521/663/213 506/634/211 505/660/213
f 514/664/212 499/637/210 498/662/212
f 503/665/204 507/666/204 495/667/204
f 521/668/172 517/669/172 513/670/172
f 534/671/318 530/672/319 533/673/320
f 528/674/321 428/515/262 537/675/322
f 413/517/264 527/676/323 418/518/204
f 540/677/200 530/672/324 531/678/324
f 542/679/325 531/678/326 534/671/318
f 529/680/327 535/681/328 536/682/329
f 541/683/330 529/680/327 536/682/329
f 548/684/331 536/685/329 545/686/332
f 536/685/329 544/687/333 545/686/332
f 547/688/334 534/689/318 543/690/335
f 534/689/318 546/691/336 543/690/335
f 428/515/262 417/540/172 537/675/322
f 535/692/328 547/688/337 544/693/333
f 533/694/320 548/684/338 546/691/336
f 530/672/319 541/695/339 533/673/320
f 532/696/340 542/697/341 535/681/328
f 532/696/342 539/698/200 540/699/200
f 414/516/263 548/700/338 429/701/343
f 544/702/333 538/703/344 527/676/323
f 543/704/335 414/516/263 528/674/321
f 547/705/334 528/674/321 538/706/345
f 545/707/332 527/676/323 413/517/264
f 429/556/290 545/707/332 413/517/264
f 576/708/212 561/709/210 560/710/212
f 569/711/209 554/712/207 553/713/209
f 577/714/210 562/715/208 561/709/210
f 570/716/207 555/717/200 554/712/207
f 578/718/208 563/719/206 562/715/208
f 571/720/200 556/721/199 555/717/200
f 579/722/206 564/723/205 563/724/206
f 572/725/199 557/726/218 556/721/199
f 565/727/217 550/728/215 549/729/217
f 580/730/205 549/729/217 564/723/205
f 573/731/218 558/732/216 557/726/218
f 566/733/215 551/734/213 550/728/215
f 574/735/216 559/736/214 558/732/216
f 567/737/213 552/738/211 551/734/213
f 575/739/214 560/710/212 559/736/214
f 568/740/211 553/713/209 552/738/211
f 557/741/204 561/742/204 549/743/204
f 575/744/172 571/745/172 567/746/172
f 586/747/346 582/748/347 583/749/348
f 528/674/321 483/600/294 474/624/315
f 473/601/295 418/518/204 527/676/323
f 583/749/349 589/750/214 590/751/214
f 592/752/350 583/749/348 590/751/351
f 587/753/352 581/754/353 588/755/354
f 591/756/355 581/754/353 589/757/356
f 598/758/357 588/759/354 591/760/355
f 594/761/358 588/759/354 595/762/359
f 597/763/360 586/764/346 592/765/350
f 596/766/361 586/764/346 593/767/362
f 483/600/294 537/675/322 417/540/172
f 597/763/363 587/768/352 594/769/358
f 598/758/364 585/770/365 596/766/361
f 591/771/366 582/748/347 585/772/365
f 592/773/367 584/774/368 587/753/352
f 590/775/214 581/754/369 584/774/369
f 474/624/315 598/776/364 596/777/361
f 538/703/344 594/778/358 527/676/323
f 474/624/315 593/779/362 528/674/321
f 528/674/321 597/780/360 538/706/345
f 527/676/323 595/781/359 473/601/295
f 484/631/317 595/781/359 598/782/357
f 611/783/209 626/784/207 610/785/207
f 604/786/212 619/787/210 603/788/210
f 612/789/211 627/790/209 611/783/209
f 605/791/214 620/792/212 604/786/212
f 613/793/213 628/794/211 612/789/211
f 606/795/216 621/796/214 605/791/214
f 614/797/215 629/798/213 613/799/213
f 607/800/218 622/801/216 606/795/216
f 600/802/205 615/803/217 599/804/217
f 599/804/217 630/805/215 614/797/215
f 608/806/199 623/807/218 607/800/218
f 601/808/206 616/809/205 600/802/205
f 609/810/200 624/811/199 608/806/199
f 602/812/208 617/813/206 601/808/206
f 610/785/207 625/814/200 609/810/200
f 603/788/210 618/815/208 602/812/208
f 609/816/204 605/817/204 601/818/204
f 623/819/172 627/820/172 615/821/172
f 639/822/370 643/823/370 645/824/370
f 634/825/371 641/826/372 640/827/373
f 641/828/372 636/829/374 642/830/374
f 636/831/374 639/822/370 642/832/374
f 637/833/375 631/834/375 633/835/375
f 634/836/371 691/837/376 692/838/377
f 642/832/370 631/839/370 635/840/370
f 641/828/378 635/841/378 637/833/378
f 633/842/373 641/826/373 637/843/373
f 639/844/379 633/845/380 631/846/380
f 646/847/381 649/848/382 650/849/382
f 639/844/379 646/847/381 640/850/379
f 634/836/383 643/851/384 632/852/383
f 640/827/373 644/853/373 634/825/371
f 655/854/373 652/855/373 656/856/373
f 643/851/384 648/857/385 647/858/385
f 646/859/373 648/860/373 644/853/373
f 645/824/370 647/861/370 649/862/370
f 651/863/386 654/864/387 653/865/388
f 658/866/370 651/867/370 653/868/370
f 658/869/389 654/870/387 655/871/389
f 656/872/390 651/873/391 657/874/390
f 647/858/385 656/872/390 657/874/390
f 650/849/382 658/869/389 655/871/389
f 649/862/370 657/875/370 658/866/370
f 650/876/373 656/856/373 648/860/373
f 663/877/392 660/878/393 659/879/378
f 660/878/393 665/880/394 661/881/380
f 665/882/394 662/883/395 661/884/380
f 666/885/396 659/886/378 662/883/395
f 667/887/397 664/888/398 663/877/392
f 664/888/398 669/889/399 665/880/394
f 669/890/399 666/885/396 665/882/394
f 666/885/396 667/891/397 663/892/392
f 671/893/400 668/894/401 667/887/397
f 672/895/402 669/889/399 668/894/401
f 669/890/399 674/896/403 670/897/404
f 674/896/403 667/891/397 670/897/404
f 675/898/380 672/895/402 671/893/400
f 676/899/405 673/900/406 672/895/402
f 673/901/406 678/902/407 674/896/403
f 678/902/407 671/903/400 674/896/403
f 675/898/380 680/904/408 676/899/405
f 680/904/408 677/905/378 676/899/405
f 677/906/378 682/907/409 678/902/407
f 682/907/409 675/908/380 678/902/407
f 679/909/410 684/910/411 680/904/408
f 684/910/411 681/911/392 680/904/408
f 685/912/412 682/907/409 681/913/392
f 686/914/413 679/915/410 682/907/409
f 683/916/399 688/917/414 684/910/411
f 684/910/411 689/918/400 685/919/412
f 685/912/412 690/920/415 686/914/413
f 690/920/415 683/921/399 686/914/413
f 659/879/378 688/917/414 687/922/416
f 660/878/393 689/918/400 688/917/414
f 689/923/400 662/883/395 690/920/415
f 662/883/395 687/924/416 690/920/415
f 693/925/417 691/837/417 694/926/417
f 632/927/418 694/928/374 691/929/376
f 634/825/371 693/930/372 638/931/372
f 636/829/374 693/932/372 694/933/374
f 790/934/419 697/935/420 698/936/421
f 859/937/422 788/938/423 786/939/424
f 721/940/425 858/941/426 791/942/427
f 790/934/419 699/943/428 695/944/429
f 789/945/430 739/946/417 697/935/420
f 863/947/431 780/948/432 774/949/433
f 863/947/431 772/950/434 865/951/435
f 696/952/436 699/943/428 700/953/437
f 867/954/438 772/950/434 766/955/439
f 698/936/421 703/956/440 699/943/428
f 697/935/420 739/946/417 701/957/441
f 867/954/438 760/958/442 869/959/443
f 871/960/444 760/958/442 758/961/445
f 700/953/437 703/956/440 704/962/446
f 697/935/420 702/963/447 698/936/421
f 873/964/448 758/961/445 752/965/449
f 873/964/448 746/966/450 875/967/451
f 877/968/452 746/966/450 744/969/453
f 703/956/440 708/970/454 704/962/446
f 702/963/447 705/971/455 706/972/456
f 879/973/457 744/969/453 737/974/458
f 881/975/459 737/974/458 735/976/460
f 702/963/447 707/977/461 703/956/440
f 701/957/441 739/946/417 705/971/455
f 707/977/461 712/978/462 708/970/454
f 706/972/456 709/979/463 710/980/464
f 883/981/465 735/976/460 729/982/466
f 885/983/467 729/982/466 723/984/468
f 707/977/461 710/980/464 711/985/469
f 705/971/455 739/946/417 709/979/463
f 885/983/467 722/986/470 888/987/471
f 787/988/472 858/941/426 860/989/473
f 795/990/474 721/991/373 791/992/475
f 710/980/464 715/993/476 711/985/469
f 709/979/463 739/946/417 713/994/477
f 859/937/422 780/948/432 861/995/478
f 795/990/474 787/996/372 799/997/479
f 711/985/469 716/998/480 712/978/462
f 710/980/464 713/994/477 714/999/481
f 714/999/481 719/1000/482 715/993/476
f 713/994/477 739/946/417 717/1001/483
f 781/1002/484 860/989/473 862/1003/485
f 803/1004/486 787/996/372 781/1005/487
f 715/993/476 720/1006/488 716/998/480
f 713/994/477 718/1007/489 714/999/481
f 781/1002/484 864/1008/490 779/1009/491
f 803/1004/486 779/1010/378 807/1011/492
f 773/1012/493 864/1008/490 866/1013/494
f 807/1011/492 773/1014/495 811/1015/496
f 720/1006/488 726/1016/497 727/1017/498
f 718/1007/489 724/1018/499 725/1019/500
f 773/1012/493 868/1020/501 767/1021/502
f 811/1015/496 767/1022/374 815/1023/503
f 719/1000/482 725/1019/500 726/1016/497
f 717/1001/483 739/946/417 724/1018/499
f 724/1018/499 732/1024/504 725/1019/500
f 765/1025/505 868/1020/501 870/1026/506
f 815/1023/503 765/1027/507 819/1028/508
f 725/1019/500 733/1029/509 726/1016/497
f 724/1018/499 739/946/417 731/1030/510
f 765/1025/505 872/1031/511 759/1032/512
f 819/1028/508 759/1033/370 823/1034/513
f 726/1016/497 734/1035/514 727/1017/498
f 759/1032/512 874/1036/515 753/1037/516
f 828/1038/517 759/1033/370 753/1039/518
f 732/1024/504 742/1040/519 733/1029/509
f 731/1030/510 739/946/417 740/1041/520
f 753/1037/516 876/1042/521 751/1043/522
f 828/1038/517 751/1044/376 832/1045/523
f 733/1029/509 743/1046/524 734/1035/514
f 731/1030/510 741/1047/525 732/1024/504
f 740/1041/520 739/946/417 747/1048/526
f 745/1049/527 876/1042/521 878/1050/528
f 832/1045/523 745/1051/529 836/1052/530
f 742/1040/519 750/1053/531 743/1046/524
f 740/1041/520 748/1054/532 741/1047/525
f 738/1055/533 878/1050/528 880/1056/534
f 836/1052/530 738/1057/380 840/1058/535
f 741/1047/525 749/1059/536 742/1040/519
f 738/1055/533 882/1060/537 736/1061/538
f 749/1059/536 757/1062/539 750/1053/531
f 747/1048/526 755/1063/540 748/1054/532
f 840/1058/535 736/1064/541 844/1065/542
f 730/1066/543 882/1060/537 884/1067/544
f 748/1054/532 756/1068/545 749/1059/536
f 747/1048/526 739/946/417 754/1069/546
f 848/1070/547 736/1064/541 730/1071/377
f 728/1072/548 884/1067/544 886/1073/549
f 848/1070/547 728/1074/550 852/1075/551
f 755/1063/540 763/1076/552 756/1068/545
f 754/1069/546 739/946/417 761/1077/553
f 721/940/425 886/1073/549 887/1078/554
f 792/1079/555 728/1074/550 721/991/373
f 757/1062/539 763/1076/552 764/1080/556
f 754/1069/546 762/1081/557 755/1063/540
f 722/986/373 700/953/437 788/938/558
f 762/1081/557 770/1082/559 763/1076/552
f 761/1077/553 739/946/417 768/1083/560
f 788/938/558 704/962/446 786/939/372
f 786/939/372 708/970/454 780/948/487
f 763/1076/552 771/1084/561 764/1080/556
f 762/1081/557 768/1083/560 769/1085/562
f 780/948/487 712/978/462 774/949/378
f 772/950/495 712/978/462 716/998/480
f 766/955/374 716/998/480 720/1006/488
f 771/1084/561 777/1086/563 778/1087/564
f 769/1085/562 775/1088/565 776/1089/566
f 766/955/374 727/1017/498 760/958/507
f 760/958/507 734/1035/514 758/961/370
f 770/1082/559 776/1089/566 777/1086/563
f 768/1083/560 739/946/417 775/1088/565
f 778/1087/564 784/1090/567 785/1091/568
f 775/1088/565 783/1092/569 776/1089/566
f 758/961/370 743/1046/524 752/965/518
f 746/966/376 743/1046/524 750/1053/531
f 777/1086/563 783/1092/569 784/1090/567
f 775/1088/565 739/946/417 782/1093/570
f 746/966/376 757/1062/539 744/969/529
f 737/974/380 757/1062/539 764/1080/556
f 735/976/541 764/1080/556 771/1084/561
f 735/976/541 778/1087/564 729/982/377
f 783/1092/569 695/944/429 784/1090/567
f 782/1093/570 739/946/417 789/945/430
f 729/982/377 785/1091/568 723/984/550
f 722/986/373 785/1091/568 696/952/436
f 784/1090/567 696/952/436 785/1091/568
f 783/1092/569 789/945/430 790/934/419
f 794/1094/571 797/1095/572 798/1096/573
f 793/1097/574 795/990/474 796/1098/575
f 827/1099/375 794/1094/571 798/1096/573
f 856/1100/576 796/1098/575 797/1095/572
f 796/1098/575 799/997/479 800/1101/577
f 827/1099/375 798/1096/573 802/1102/578
f 796/1098/575 801/1103/579 797/1095/572
f 797/1095/572 802/1102/578 798/1096/573
f 827/1099/375 802/1102/578 806/1104/580
f 801/1103/579 804/1105/581 805/1106/582
f 801/1103/579 806/1104/580 802/1102/578
f 799/997/479 804/1105/581 800/1101/577
f 806/1104/580 809/1107/583 810/1108/584
f 804/1105/581 807/1011/492 808/1109/585
f 827/1099/375 806/1104/580 810/1108/584
f 805/1106/582 808/1109/585 809/1107/583
f 809/1107/583 814/1110/586 810/1108/584
f 807/1011/492 812/1111/587 808/1109/585
f 827/1099/375 810/1108/584 814/1110/586
f 809/1107/583 812/1111/587 813/1112/588
f 827/1099/375 814/1110/586 818/1113/589
f 813/1112/588 816/1114/590 817/1115/591
f 814/1110/586 817/1115/591 818/1113/589
f 811/1015/496 816/1114/590 812/1111/587
f 827/1099/375 818/1113/589 822/1116/592
f 817/1115/591 820/1117/593 821/1118/594
f 817/1115/591 822/1116/592 818/1113/589
f 815/1023/503 820/1117/593 816/1114/590
f 822/1116/592 825/1119/595 826/1120/596
f 819/1028/508 824/1121/597 820/1117/593
f 827/1099/375 822/1116/592 826/1120/596
f 821/1118/594 824/1121/597 825/1119/595
f 825/1119/595 831/1122/598 826/1120/596
f 824/1121/597 828/1038/517 829/1123/599
f 827/1099/375 826/1120/596 831/1122/598
f 825/1119/595 829/1123/599 830/1124/600
f 827/1099/375 831/1122/598 835/1125/601
f 829/1123/599 834/1126/602 830/1124/600
f 831/1122/598 834/1126/602 835/1125/601
f 828/1038/517 833/1127/603 829/1123/599
f 833/1127/603 838/1128/604 834/1126/602
f 835/1125/601 838/1128/604 839/1129/605
f 832/1045/523 837/1130/606 833/1127/603
f 827/1099/375 835/1125/601 839/1129/605
f 838/1128/604 843/1131/607 839/1129/605
f 836/1052/530 841/1132/608 837/1130/606
f 827/1099/375 839/1129/605 843/1131/607
f 838/1128/604 841/1132/608 842/1133/609
f 840/1058/535 845/1134/610 841/1132/608
f 827/1099/375 843/1131/607 847/1135/611
f 842/1133/609 845/1134/610 846/1136/612
f 842/1133/609 847/1135/611 843/1131/607
f 827/1099/375 847/1135/611 851/1137/613
f 846/1136/612 849/1138/614 850/1139/615
f 846/1136/612 851/1137/613 847/1135/611
f 844/1065/542 849/1138/614 845/1134/610
f 851/1137/613 854/1140/616 855/1141/617
f 848/1070/547 853/1142/618 849/1138/614
f 827/1099/375 851/1137/613 855/1141/617
f 850/1139/615 853/1142/618 854/1140/616
f 855/1141/617 856/1100/576 794/1094/571
f 853/1142/618 792/1079/555 793/1097/574
f 827/1099/375 855/1141/617 794/1094/571
f 854/1140/616 793/1097/574 856/1100/576
f 888/987/471 858/941/426 887/1078/554
f 857/1143/619 860/989/473 858/941/426
f 861/995/478 860/989/473 859/937/422
f 863/947/431 862/1003/485 861/995/478
f 863/947/431 866/1013/494 864/1008/490
f 865/951/435 868/1020/501 866/1013/494
f 867/954/438 870/1026/506 868/1020/501
f 869/959/443 872/1031/511 870/1026/506
f 871/960/444 874/1036/515 872/1031/511
f 875/967/451 874/1036/515 873/964/448
f 877/968/452 876/1042/521 875/967/451
f 877/968/452 880/1056/534 878/1050/528
f 881/975/459 880/1056/534 879/973/457
f 881/975/459 884/1067/544 882/1060/537
f 885/983/467 884/1067/544 883/981/465
f 888/987/471 886/1073/549 885/983/467
f 857/1143/619 722/986/470 788/938/423
f 10/1/1 22/26/26 17/2/2
f 20/4/4 28/37/37 31/5/5
f 9/7/7 12/63/59 24/8/8
f 8/10/10 4/16/16 11/11/11
f 2/13/13 3/18/18 7/14/14
f 4/16/16 20/4/4 23/6/6
f 2/13/13 18/21/21 19/17/17
f 16/19/19 12/63/59 9/7/7
f 18/21/21 26/29/29 27/22/22
f 30/23/23 38/45/45 33/24/24
f 22/26/26 30/23/23 25/25/25
f 21/9/9 24/8/8 32/27/27
f 26/29/29 34/35/35 35/30/30
f 37/31/31 40/34/34 48/32/32
f 29/28/28 32/27/27 40/34/34
f 34/35/35 42/68/60 43/36/36
f 28/37/37 36/44/44 39/38/38
f 44/39/39 52/57/56 55/40/40
f 43/36/36 42/68/60 50/42/42
f 36/44/44 44/39/39 47/41/41
f 38/45/45 46/50/50 41/46/46
f 56/47/47 63/70/61 62/48/48
f 46/50/50 54/59/57 49/51/51
f 48/32/32 56/47/47 53/49/49
f 51/43/43 50/42/42 57/52/52
f 58/56/55 61/1144/62 62/1145/48
f 62/1145/48 63/1146/61 64/54/54
f 64/54/54 59/1147/620 60/55/53
f 60/55/53 57/1148/52 58/56/55
f 58/56/55 62/1145/48 64/54/54
f 52/57/56 59/1149/620 64/58/54
f 54/59/57 61/72/62 58/60/55
f 1/3/3 2/13/13 6/15/15
f 8/10/10 7/14/14 3/18/18
f 10/1/1 14/73/63 13/20/20
f 15/62/12 11/1150/11 12/63/59
f 1/3/3 17/2/2 18/21/21
f 20/4/4 4/16/16 3/18/18
f 21/9/9 22/26/26 10/1/1
f 12/63/59 11/1150/11 23/64/6
f 29/28/28 30/23/23 22/26/26
f 26/29/29 18/21/21 17/2/2
f 28/37/37 20/4/4 19/17/17
f 24/8/8 23/64/6 31/65/5
f 25/25/25 33/24/24 34/35/35
f 36/44/44 28/37/37 27/22/22
f 32/27/27 31/65/5 39/66/38
f 30/23/23 29/28/28 37/31/31
f 35/30/30 43/36/36 44/39/39
f 40/34/34 39/66/38 47/67/41
f 38/45/45 37/31/31 45/33/33
f 42/68/60 34/35/35 33/24/24
f 45/33/33 53/49/49 54/59/57
f 42/68/60 41/46/46 49/51/51
f 44/39/39 43/36/36 51/43/43
f 56/47/47 48/32/32 47/67/41
f 60/53/53 59/1149/620 52/57/56
f 63/70/61 56/47/47 55/69/40
f 61/72/62 54/59/57 53/49/49
f 50/42/42 49/51/51 58/60/55
f 14/73/63 10/1/1 1/3/3
f 81/74/26 86/98/2 74/75/3
f 95/77/37 92/110/5 84/78/6
f 73/80/13 85/99/21 88/81/17
f 75/83/16 68/89/11 72/84/12
f 66/86/7 70/134/20 71/87/19
f 87/79/4 84/78/6 68/89/11
f 83/90/8 82/94/9 66/86/7
f 73/80/13 76/82/18 80/91/14
f 91/93/27 90/102/28 82/94/9
f 89/95/23 97/118/65 102/96/24
f 89/95/23 94/97/25 86/98/2
f 85/99/21 93/106/29 96/100/22
f 99/101/34 98/108/31 90/102/28
f 101/103/35 109/124/60 112/104/36
f 93/106/29 101/103/35 104/105/30
f 107/107/32 106/115/33 98/108/31
f 103/109/44 100/116/38 92/110/5
f 111/111/64 119/131/56 116/112/40
f 107/107/32 115/125/47 114/114/49
f 111/111/64 108/113/41 100/116/38
f 105/117/50 110/123/46 102/96/24
f 126/119/66 127/144/71 120/120/43
f 113/122/57 118/133/51 110/123/46
f 117/121/42 120/120/43 112/104/36
f 115/125/47 124/143/68 121/126/67
f 126/129/66 125/1151/72 122/1152/70
f 122/1152/70 121/1153/67 124/127/68
f 124/127/68 123/1154/621 128/128/69
f 128/128/69 127/1155/71 126/129/66
f 126/129/66 122/1152/70 124/127/68
f 128/130/69 123/1156/621 116/112/40
f 122/132/70 125/146/72 118/133/51
f 70/134/20 66/86/7 65/76/1
f 67/88/59 71/87/19 72/84/12
f 74/75/3 73/80/13 77/92/15
f 79/137/10 80/91/14 76/82/18
f 65/76/1 66/86/7 82/94/9
f 84/78/6 83/90/8 67/88/59
f 74/75/3 86/98/2 85/99/21
f 87/139/4 75/138/16 76/82/18
f 86/98/2 94/97/25 93/106/29
f 90/102/28 89/95/23 81/74/26
f 92/110/5 91/93/27 83/90/8
f 95/140/37 87/139/4 88/81/17
f 89/95/23 90/102/28 98/108/31
f 100/116/38 99/101/34 91/93/27
f 103/141/44 95/140/37 96/100/22
f 101/103/35 93/106/29 94/97/25
f 99/101/34 100/116/38 108/113/41
f 111/142/64 103/141/44 104/105/30
f 109/124/60 101/103/35 102/96/24
f 106/115/33 105/117/50 97/118/65
f 109/124/60 110/123/46 118/133/51
f 113/122/57 105/117/50 106/115/33
f 115/125/47 107/107/32 108/113/41
f 120/120/43 119/145/56 111/142/64
f 116/112/40 123/1156/621 124/143/68
f 127/144/71 128/1157/69 119/145/56
f 125/146/72 126/119/66 117/121/42
f 122/132/70 113/122/57 114/114/49
f 65/76/1 74/75/3 78/136/58
f 137/147/73 142/166/92 134/148/74
f 151/150/76 148/178/104 140/151/77
f 133/153/79 141/167/93 144/154/80
f 135/156/82 132/159/85 8/10/10
f 130/157/83 6/15/15 7/14/14
f 143/152/78 140/151/77 132/159/85
f 139/160/86 138/162/88 130/157/83
f 133/153/79 136/155/81 16/19/19
f 147/161/87 146/170/96 138/162/88
f 145/163/89 153/186/112 158/164/90
f 145/163/89 150/165/91 142/166/92
f 141/167/93 149/174/100 152/168/94
f 155/169/95 154/176/102 146/170/96
f 157/171/97 165/192/118 168/172/98
f 149/174/100 157/171/97 160/173/99
f 163/175/101 162/183/109 154/176/102
f 159/177/103 156/184/110 148/178/104
f 167/179/105 175/199/123 172/180/106
f 163/175/101 171/193/119 170/182/108
f 167/179/105 164/181/107 156/184/110
f 161/185/111 166/191/117 158/164/90
f 182/187/113 183/208/126 176/188/114
f 169/190/116 174/201/125 166/191/117
f 173/189/115 176/188/114 168/172/98
f 171/193/119 180/207/121 177/194/120
f 182/197/113 181/1158/127 178/1159/124
f 178/1159/124 177/1160/120 180/195/121
f 180/195/121 179/1161/622 184/196/122
f 184/196/122 183/1162/126 182/197/113
f 182/197/113 178/1159/124 180/195/121
f 184/198/122 179/1163/622 172/180/106
f 178/200/124 181/210/127 174/201/125
f 6/15/15 130/157/83 129/149/75
f 131/158/84 7/14/14 8/10/10
f 134/148/74 133/153/79 13/20/20
f 15/62/12 16/19/19 136/155/81
f 129/149/75 130/157/83 138/162/88
f 140/151/77 139/160/86 131/158/84
f 134/148/74 142/166/92 141/167/93
f 143/203/78 135/202/82 136/155/81
f 142/166/92 150/165/91 149/174/100
f 146/170/96 145/163/89 137/147/73
f 148/178/104 147/161/87 139/160/86
f 151/204/76 143/203/78 144/154/80
f 145/163/89 146/170/96 154/176/102
f 156/184/110 155/169/95 147/161/87
f 159/205/103 151/204/76 152/168/94
f 157/171/97 149/174/100 150/165/91
f 155/169/95 156/184/110 164/181/107
f 167/206/105 159/205/103 160/173/99
f 165/192/118 157/171/97 158/164/90
f 162/183/109 161/185/111 153/186/112
f 165/192/118 166/191/117 174/201/125
f 169/190/116 161/185/111 162/183/109
f 171/193/119 163/175/101 164/181/107
f 176/188/114 175/209/123 167/206/105
f 172/180/106 179/1163/622 180/207/121
f 183/208/126 184/1164/122 175/209/123
f 181/210/127 182/187/113 173/189/115
f 178/200/124 169/190/116 170/182/108
f 129/149/75 134/148/74 14/73/63
f 190/211/75 198/230/73 193/212/92
f 196/214/78 204/241/76 207/215/104
f 189/217/83 192/265/84 200/218/86
f 72/84/12 188/222/82 191/220/85
f 186/221/79 187/224/81 71/87/19
f 188/222/82 196/214/78 199/216/77
f 186/221/79 194/225/93 195/223/80
f 80/91/14 192/265/84 189/217/83
f 194/225/93 202/233/100 203/226/94
f 206/227/89 214/249/129 209/228/90
f 198/230/73 206/227/89 201/229/91
f 197/219/88 200/218/86 208/231/87
f 202/233/100 210/239/97 211/234/99
f 213/235/102 216/238/95 224/236/101
f 205/232/96 208/231/87 216/238/95
f 210/239/97 218/270/118 219/240/98
f 204/241/76 212/248/103 215/242/110
f 220/243/128 228/261/123 231/244/106
f 219/240/98 218/270/118 226/246/115
f 212/248/103 220/243/128 223/245/107
f 214/249/129 222/254/111 217/250/117
f 232/251/119 239/272/135 238/252/130
f 222/254/111 230/263/116 225/255/125
f 224/236/101 232/251/119 229/253/108
f 227/247/114 226/246/115 233/256/131
f 234/260/134 237/1165/136 238/1166/130
f 238/1166/130 239/1167/135 240/258/133
f 240/258/133 235/1168/623 236/259/132
f 236/259/132 233/1169/131 234/260/134
f 234/260/134 238/1166/130 240/258/133
f 228/261/123 235/1170/623 240/262/133
f 230/263/116 237/274/136 234/264/134
f 185/213/74 186/221/79 70/134/20
f 72/84/12 71/87/19 187/224/81
f 190/211/75 78/136/58 77/92/15
f 79/137/10 191/1171/85 192/265/84
f 185/213/74 193/212/92 194/225/93
f 196/214/78 188/222/82 187/224/81
f 197/219/88 198/230/73 190/211/75
f 192/265/84 191/1171/85 199/266/77
f 205/232/96 206/227/89 198/230/73
f 202/233/100 194/225/93 193/212/92
f 204/241/76 196/214/78 195/223/80
f 200/218/86 199/266/77 207/267/104
f 201/229/91 209/228/90 210/239/97
f 212/248/103 204/241/76 203/226/94
f 208/231/87 207/267/104 215/268/110
f 206/227/89 205/232/96 213/235/102
f 211/234/99 219/240/98 220/243/128
f 216/238/95 215/268/110 223/269/107
f 214/249/129 213/235/102 221/237/109
f 218/270/118 210/239/97 209/228/90
f 221/237/109 229/253/108 230/263/116
f 218/270/118 217/250/117 225/255/125
f 220/243/128 219/240/98 227/247/114
f 232/251/119 224/236/101 223/269/107
f 236/257/132 235/1170/623 228/261/123
f 239/272/135 232/251/119 231/271/106
f 237/274/136 230/263/116 229/253/108
f 226/246/115 225/255/125 234/264/134
f 78/136/58 190/211/75 185/213/74
f 271/275/137 270/306/166 337/276/138
f 340/278/140 264/284/146 263/279/141
f 272/281/143 271/275/137 338/277/139
f 342/283/145 265/1172/168 264/284/146
f 344/285/147 258/293/153 257/286/148
f 257/288/148 272/281/143 341/282/144
f 266/290/150 265/1172/168 342/283/145
f 346/292/152 259/297/157 258/293/153
f 267/294/154 266/290/150 345/291/151
f 348/296/156 260/301/161 259/297/157
f 268/298/158 267/294/154 347/295/155
f 350/300/160 261/305/165 260/301/161
f 269/302/162 268/298/158 349/299/159
f 352/304/164 262/307/167 261/305/165
f 270/306/166 269/302/162 351/303/163
f 339/280/142 263/279/141 262/307/167
f 257/310/148 258/1173/153 259/1174/157
f 259/1174/157 260/1175/161 261/1176/165
f 261/1176/165 262/1177/167 263/1178/141
f 263/1178/141 264/1179/146 265/308/168
f 265/308/168 266/1180/150 267/1181/154
f 267/1181/154 268/1182/158 269/309/162
f 269/309/162 270/1183/166 271/1184/137
f 271/1184/137 272/1185/143 257/310/148
f 257/310/148 259/1174/157 261/1176/165
f 261/1176/165 263/1178/141 265/308/168
f 265/308/168 267/1181/154 269/309/162
f 269/309/162 271/1184/137 257/310/148
f 257/310/148 261/1176/165 265/308/168
f 248/311/169 280/349/202 281/312/170
f 300/314/172 301/1186/172 285/315/173
f 273/317/175 274/322/180 242/318/176
f 256/320/178 288/340/198 273/317/175
f 281/312/170 282/353/203 250/321/179
f 274/322/180 275/326/184 243/323/181
f 250/321/179 282/353/203 283/324/182
f 275/326/184 276/329/187 244/327/185
f 283/324/182 284/316/174 252/328/186
f 276/329/187 277/332/190 245/330/188
f 284/316/174 285/315/173 253/331/189
f 277/332/190 278/335/193 246/333/191
f 285/315/173 286/337/195 254/334/192
f 278/335/193 279/339/197 247/336/194
f 286/337/195 287/347/201 255/338/196
f 279/339/197 280/349/202 248/311/169
f 255/338/196 287/347/201 288/340/198
f 321/341/199 323/362/200 291/342/200
f 277/332/190 293/1187/172 294/344/172
f 285/315/173 301/1186/172 302/345/172
f 294/344/172 295/348/172 279/339/197
f 286/337/195 302/345/172 303/346/172
f 295/348/172 296/1188/172 280/349/202
f 287/347/201 303/346/172 304/350/172
f 280/349/202 296/1188/172 297/351/172
f 273/317/175 289/1189/172 290/352/172
f 304/350/172 289/1189/172 273/317/175
f 297/351/172 298/1190/172 282/353/203
f 290/352/172 291/1191/172 275/326/184
f 282/353/203 298/1190/172 299/354/172
f 275/326/184 291/1191/172 292/355/172
f 299/354/172 300/314/172 284/316/174
f 292/355/172 293/1187/172 277/332/190
f 307/358/204 306/391/204 305/388/204
f 305/388/204 320/416/204 319/412/204
f 319/412/204 318/413/204 317/408/204
f 317/408/204 316/407/204 315/356/204
f 315/356/204 314/403/204 313/401/204
f 313/401/204 312/399/204 311/357/204
f 311/357/204 310/396/204 309/394/204
f 309/394/204 308/395/204 307/358/204
f 307/358/204 305/388/204 319/412/204
f 319/412/204 317/408/204 315/356/204
f 315/356/204 313/401/204 311/357/204
f 311/357/204 309/394/204 307/358/204
f 307/358/204 319/412/204 315/356/204
f 330/359/205 331/364/206 299/360/206
f 323/362/200 324/366/207 292/363/207
f 331/364/206 332/368/208 300/365/208
f 324/366/207 325/370/209 293/367/209
f 332/368/208 333/372/210 301/369/210
f 325/370/209 326/374/211 294/371/211
f 333/372/210 334/376/212 302/373/212
f 326/374/211 327/378/213 295/375/213
f 334/376/212 335/380/214 303/377/214
f 327/378/213 328/382/215 296/379/215
f 335/380/214 336/386/216 304/381/216
f 328/382/215 329/387/217 297/383/217
f 322/384/218 321/341/199 290/343/199
f 336/386/216 322/384/218 289/385/218
f 329/387/217 330/359/205 298/361/205
f 305/388/204 306/391/204 321/389/204
f 307/358/204 323/393/204 321/389/204
f 307/358/204 308/395/204 324/392/204
f 309/394/204 325/397/204 324/392/204
f 310/396/204 326/398/204 325/397/204
f 311/357/204 327/400/204 326/398/204
f 312/399/204 328/402/204 327/400/204
f 313/401/204 329/404/204 328/402/204
f 314/403/204 330/406/204 329/404/204
f 314/403/204 315/356/204 331/405/204
f 316/407/204 332/409/204 331/405/204
f 317/408/204 333/411/204 332/409/204
f 317/408/204 318/413/204 334/410/204
f 319/412/204 335/415/204 334/410/204
f 319/412/204 320/416/204 336/414/204
f 305/388/204 322/390/204 336/414/204
f 339/280/142 352/304/164 365/417/219
f 337/276/138 351/303/163 364/419/221
f 352/304/164 350/300/160 363/421/223
f 351/303/163 349/299/159 362/422/224
f 350/300/160 348/296/156 361/423/225
f 349/299/159 347/295/155 360/424/226
f 348/296/156 346/292/152 359/425/227
f 347/295/155 345/291/151 358/426/228
f 346/292/152 344/285/147 357/427/229
f 345/291/151 342/283/145 356/428/230
f 343/289/149 341/282/144 355/429/231
f 344/285/147 343/287/149 368/431/232
f 342/283/145 340/278/140 354/432/233
f 341/282/144 338/277/139 353/433/234
f 340/278/140 339/280/142 367/418/220
f 338/277/139 337/276/138 366/420/222
f 255/434/196 353/433/234 366/420/222
f 354/432/233 367/418/220 247/436/194
f 256/438/178 355/429/231 353/433/234
f 356/428/230 354/432/233 248/437/169
f 242/440/176 357/427/229 368/431/232
f 368/430/232 355/429/231 256/438/178
f 358/426/228 356/428/230 249/439/171
f 359/425/227 357/427/229 242/440/176
f 251/445/183 360/424/226 358/426/228
f 361/423/225 359/425/227 243/444/181
f 362/422/224 360/424/226 251/445/183
f 245/448/188 363/421/223 361/423/225
f 364/419/221 362/422/224 252/447/186
f 365/417/219 363/421/223 245/448/188
f 254/435/192 366/420/222 364/419/221
f 367/418/220 365/417/219 246/450/191
f 377/451/235 370/1192/235 372/452/235
f 372/454/236 376/1193/236 379/455/236
f 376/457/237 374/466/237 380/458/237
f 374/460/238 370/1194/238 377/461/238
f 375/463/239 373/467/239 369/464/239
f 372/452/240 370/1192/240 374/466/240
f 380/462/238 377/461/238 369/464/238
f 375/468/210 379/459/210 380/458/210
f 378/456/241 379/455/241 375/463/241
f 377/451/209 378/453/209 371/470/209
f 383/474/242 382/1195/242 381/1196/242
f 381/1196/242 396/1197/242 395/1198/242
f 395/1198/242 394/1199/242 393/1200/242
f 393/1200/242 392/1201/242 391/472/242
f 391/472/242 390/1202/242 389/1203/242
f 389/1203/242 388/1204/242 387/473/242
f 387/473/242 386/1205/242 385/1206/242
f 385/1206/242 384/1207/242 383/474/242
f 383/474/242 381/1196/242 395/1198/242
f 395/1198/242 393/1200/242 391/472/242
f 391/472/242 389/1203/242 387/473/242
f 387/473/242 385/1206/242 383/474/242
f 383/474/242 395/1198/242 391/472/242
f 398/477/243 397/1208/243 399/1209/243
f 399/1209/243 400/1210/243 401/1211/243
f 401/1211/243 402/1212/243 403/1213/243
f 403/1213/243 404/1214/243 405/475/243
f 405/475/243 406/1215/243 407/1216/243
f 407/1216/243 408/1217/243 409/476/243
f 409/476/243 410/1218/243 411/1219/243
f 411/1219/243 412/1220/243 398/477/243
f 398/477/243 399/1209/243 401/1211/243
f 401/1211/243 403/1213/243 405/475/243
f 405/475/243 407/1216/243 409/476/243
f 409/476/243 411/1219/243 398/477/243
f 398/477/243 401/1211/243 405/475/243
f 383/478/244 399/485/244 397/479/245
f 391/481/246 407/487/246 406/482/247
f 383/478/244 384/488/248 400/484/248
f 392/486/249 408/491/249 407/487/246
f 384/488/248 385/493/209 401/489/209
f 392/486/249 393/495/210 409/490/210
f 386/492/250 402/497/250 401/489/209
f 394/494/251 410/499/251 409/490/210
f 387/496/252 403/501/252 402/497/250
f 395/498/253 411/503/253 410/499/251
f 387/496/252 388/505/254 404/500/254
f 395/498/253 396/508/255 412/502/255
f 389/504/256 405/1221/256 404/500/254
f 382/480/245 397/479/245 398/506/257
f 396/508/255 381/507/257 398/506/257
f 390/483/247 406/482/247 405/509/256
f 423/511/258 420/521/284 421/512/259
f 416/514/261 427/539/279 428/515/262
f 432/520/213 421/512/266 420/521/266
f 434/523/267 424/513/260 421/512/259
f 425/524/269 422/546/286 419/525/270
f 433/527/272 426/526/271 419/525/270
f 440/529/274 437/532/275 426/530/271
f 437/532/275 436/1222/281 425/533/269
f 439/534/276 435/538/278 424/535/260
f 438/537/277 423/543/258 424/535/260
f 439/534/280 434/536/285 425/541/269
f 440/529/282 433/531/283 423/543/258
f 433/544/283 431/522/624 420/521/284
f 434/545/285 432/547/625 422/546/286
f 432/547/213 431/528/213 419/525/287
f 414/516/263 429/701/343 440/548/282
f 430/550/288 439/1223/280 436/551/281
f 414/516/263 438/549/277 435/552/278
f 416/514/261 435/552/278 439/553/276
f 415/519/265 436/551/281 437/555/275
f 429/556/290 413/517/264 437/555/275
f 453/558/210 469/565/210 468/559/208
f 446/561/211 462/567/211 461/562/209
f 454/564/212 470/569/212 469/565/210
f 447/566/213 463/571/213 462/567/211
f 455/568/214 471/1224/214 470/569/212
f 448/570/215 464/576/215 463/571/213
f 456/572/216 472/580/216 471/573/214
f 449/575/217 465/582/217 464/576/215
f 442/577/199 458/584/199 457/578/218
f 441/579/218 457/578/218 472/580/216
f 450/581/205 466/586/205 465/582/217
f 443/583/200 459/588/200 458/584/199
f 451/585/206 467/589/206 466/586/205
f 444/587/207 460/590/207 459/588/200
f 452/560/208 468/559/208 467/589/206
f 445/563/209 461/562/209 460/590/207
f 443/593/204 442/1225/204 441/1226/204
f 441/1226/204 456/1227/204 455/1228/204
f 455/1228/204 454/1229/204 453/1230/204
f 453/1230/204 452/1231/204 451/591/204
f 451/591/204 450/1232/204 449/1233/204
f 449/1233/204 448/1234/204 447/592/204
f 447/592/204 446/1235/204 445/1236/204
f 445/1236/204 444/1237/204 443/593/204
f 443/593/204 441/1226/204 455/1228/204
f 455/1228/204 453/1230/204 451/591/204
f 451/591/204 449/1233/204 447/592/204
f 447/592/204 445/1236/204 443/593/204
f 443/593/204 455/1228/204 451/591/204
f 457/596/172 458/1238/172 459/1239/172
f 459/1239/172 460/1240/172 461/1241/172
f 461/1241/172 462/1242/172 463/1243/172
f 463/1243/172 464/1244/172 465/594/172
f 465/594/172 466/1245/172 467/1246/172
f 467/1246/172 468/1247/172 469/595/172
f 469/595/172 470/1248/172 471/1249/172
f 471/1249/172 472/1250/172 457/596/172
f 457/596/172 459/1239/172 461/1241/172
f 461/1241/172 463/1243/172 465/594/172
f 465/594/172 467/1246/172 469/595/172
f 469/595/172 471/1249/172 457/596/172
f 457/596/172 461/1241/172 465/594/172
f 480/597/291 477/603/298 476/598/292
f 416/514/261 474/624/315 483/600/294
f 486/602/206 485/1251/206 476/598/296
f 488/604/297 486/602/626 477/603/298
f 475/605/299 478/621/312 481/606/300
f 487/608/302 485/1252/627 475/605/299
f 494/609/303 487/1253/302 482/610/301
f 482/610/301 481/1254/300 490/612/305
f 493/613/306 488/1255/297 480/614/291
f 489/615/307 480/614/291 479/616/293
f 481/618/300 488/1255/313 493/613/309
f 479/616/293 487/1253/311 494/609/310
f 476/598/292 485/1251/628 487/620/311
f 478/621/312 486/623/629 488/622/313
f 475/605/314 485/1252/206 486/623/206
f 474/624/315 492/1256/308 494/625/310
f 490/627/305 493/1257/309 430/550/288
f 489/628/307 492/1256/308 474/624/315
f 493/629/306 489/628/307 416/514/261
f 491/630/304 490/627/305 415/519/265
f 484/631/317 494/1258/303 491/630/304
f 522/632/211 523/638/209 507/633/209
f 515/635/210 516/640/208 500/636/208
f 523/638/209 524/642/207 508/639/207
f 516/640/208 517/644/206 501/641/206
f 524/642/207 525/1259/200 509/643/200
f 517/644/206 518/649/205 502/645/205
f 525/646/200 526/654/199 510/647/199
f 518/649/205 519/655/217 503/650/217
f 511/651/218 512/657/216 496/652/216
f 526/654/199 511/651/218 495/653/218
f 519/655/217 520/659/215 504/656/215
f 512/657/216 513/661/214 497/658/214
f 520/659/215 521/663/213 505/660/213
f 513/661/214 514/664/212 498/662/212
f 521/663/213 522/632/211 506/634/211
f 514/664/212 515/635/210 499/637/210
f 495/667/204 496/1260/204 497/1261/204
f 497/1261/204 498/1262/204 499/1263/204
f 499/1263/204 500/1264/204 501/1265/204
f 501/1265/204 502/1266/204 503/665/204
f 503/665/204 504/1267/204 505/1268/204
f 505/1268/204 506/1269/204 507/666/204
f 507/666/204 508/1270/204 509/1271/204
f 509/1271/204 510/1272/204 495/667/204
f 495/667/204 497/1261/204 499/1263/204
f 499/1263/204 501/1265/204 503/665/204
f 503/665/204 505/1268/204 507/666/204
f 507/666/204 509/1271/204 495/667/204
f 495/667/204 499/1263/204 503/665/204
f 513/670/172 512/1273/172 511/1274/172
f 511/1274/172 526/1275/172 525/1276/172
f 525/1276/172 524/1277/172 523/1278/172
f 523/1278/172 522/1279/172 521/668/172
f 521/668/172 520/1280/172 519/1281/172
f 519/1281/172 518/1282/172 517/669/172
f 517/669/172 516/1283/172 515/1284/172
f 515/1284/172 514/1285/172 513/670/172
f 513/670/172 511/1274/172 525/1276/172
f 525/1276/172 523/1278/172 521/668/172
f 521/668/172 519/1281/172 517/669/172
f 517/669/172 515/1284/172 513/670/172
f 513/670/172 525/1276/172 521/668/172
f 534/671/318 531/678/326 530/672/319
f 528/674/321 414/516/263 428/515/262
f 540/677/200 539/1286/200 530/672/324
f 542/679/325 540/677/630 531/678/326
f 529/680/327 532/696/340 535/681/328
f 541/683/330 539/698/631 529/680/327
f 548/684/331 541/1287/330 536/685/329
f 536/685/329 535/1288/328 544/687/333
f 547/688/334 542/1289/325 534/689/318
f 534/689/318 533/694/320 546/691/336
f 535/692/328 542/1289/341 547/688/337
f 533/694/320 541/1287/339 548/684/338
f 530/672/319 539/1286/632 541/695/339
f 532/696/340 540/699/633 542/697/341
f 532/696/342 529/680/342 539/698/200
f 414/516/263 546/1290/336 548/700/338
f 544/702/333 547/1291/337 538/703/344
f 543/704/335 546/1290/336 414/516/263
f 547/705/334 543/704/335 528/674/321
f 545/707/332 544/702/333 527/676/323
f 429/556/290 548/1292/331 545/707/332
f 576/708/212 577/714/210 561/709/210
f 569/711/209 570/716/207 554/712/207
f 577/714/210 578/718/208 562/715/208
f 570/716/207 571/720/200 555/717/200
f 578/718/208 579/1293/206 563/719/206
f 571/720/200 572/725/199 556/721/199
f 579/722/206 580/730/205 564/723/205
f 572/725/199 573/731/218 557/726/218
f 565/727/217 566/733/215 550/728/215
f 580/730/205 565/727/217 549/729/217
f 573/731/218 574/735/216 558/732/216
f 566/733/215 567/737/213 551/734/213
f 574/735/216 575/739/214 559/736/214
f 567/737/213 568/740/211 552/738/211
f 575/739/214 576/708/212 560/710/212
f 568/740/211 569/711/209 553/713/209
f 549/743/204 550/1294/204 551/1295/204
f 551/1295/204 552/1296/204 553/1297/204
f 553/1297/204 554/1298/204 555/1299/204
f 555/1299/204 556/1300/204 557/741/204
f 557/741/204 558/1301/204 559/1302/204
f 559/1302/204 560/1303/204 561/742/204
f 561/742/204 562/1304/204 563/1305/204
f 563/1305/204 564/1306/204 549/743/204
f 549/743/204 551/1295/204 553/1297/204
f 553/1297/204 555/1299/204 557/741/204
f 557/741/204 559/1302/204 561/742/204
f 561/742/204 563/1305/204 549/743/204
f 549/743/204 553/1297/204 557/741/204
f 567/746/172 566/1307/172 565/1308/172
f 565/1308/172 580/1309/172 579/1310/172
f 579/1310/172 578/1311/172 577/1312/172
f 577/1312/172 576/1313/172 575/744/172
f 575/744/172 574/1314/172 573/1315/172
f 573/1315/172 572/1316/172 571/745/172
f 571/745/172 570/1317/172 569/1318/172
f 569/1318/172 568/1319/172 567/746/172
f 567/746/172 565/1308/172 579/1310/172
f 579/1310/172 577/1312/172 575/744/172
f 575/744/172 573/1315/172 571/745/172
f 571/745/172 569/1318/172 567/746/172
f 567/746/172 579/1310/172 575/744/172
f 586/747/346 585/772/365 582/748/347
f 528/674/321 537/675/322 483/600/294
f 583/749/349 582/748/349 589/750/214
f 592/752/350 586/747/346 583/749/348
f 587/753/352 584/774/368 581/754/353
f 591/756/355 588/755/354 581/754/353
f 598/758/357 595/762/359 588/759/354
f 594/761/358 587/1320/352 588/759/354
f 597/763/360 593/767/362 586/764/346
f 596/766/361 585/770/365 586/764/346
f 597/763/363 592/765/367 587/768/352
f 598/758/364 591/760/366 585/770/365
f 591/771/366 589/750/634 582/748/347
f 592/773/367 590/775/635 584/774/368
f 590/775/214 589/757/214 581/754/369
f 474/624/315 484/626/316 598/776/364
f 538/703/344 597/1321/363 594/778/358
f 474/624/315 596/777/361 593/779/362
f 528/674/321 593/779/362 597/780/360
f 527/676/323 594/778/358 595/781/359
f 484/631/317 473/601/295 595/781/359
f 611/783/209 627/790/209 626/784/207
f 604/786/212 620/792/212 619/787/210
f 612/789/211 628/794/211 627/790/209
f 605/791/214 621/796/214 620/792/212
f 613/793/213 629/1322/213 628/794/211
f 606/795/216 622/801/216 621/796/214
f 614/797/215 630/805/215 629/798/213
f 607/800/218 623/807/218 622/801/216
f 600/802/205 616/809/205 615/803/217
f 599/804/217 615/803/217 630/805/215
f 608/806/199 624/811/199 623/807/218
f 601/808/206 617/813/206 616/809/205
f 609/810/200 625/814/200 624/811/199
f 602/812/208 618/815/208 617/813/206
f 610/785/207 626/784/207 625/814/200
f 603/788/210 619/787/210 618/815/208
f 601/818/204 600/1323/204 599/1324/204
f 599/1324/204 614/1325/204 613/1326/204
f 613/1326/204 612/1327/204 611/1328/204
f 611/1328/204 610/1329/204 609/816/204
f 609/816/204 608/1330/204 607/1331/204
f 607/1331/204 606/1332/204 605/817/204
f 605/817/204 604/1333/204 603/1334/204
f 603/1334/204 602/1335/204 601/818/204
f 601/818/204 599/1324/204 613/1326/204
f 613/1326/204 611/1328/204 609/816/204
f 609/816/204 607/1331/204 605/817/204
f 605/817/204 603/1334/204 601/818/204
f 601/818/204 613/1326/204 609/816/204
f 615/821/172 616/1336/172 617/1337/172
f 617/1337/172 618/1338/172 619/1339/172
f 619/1339/172 620/1340/172 621/1341/172
f 621/1341/172 622/1342/172 623/819/172
f 623/819/172 624/1343/172 625/1344/172
f 625/1344/172 626/1345/172 627/820/172
f 627/820/172 628/1346/172 629/1347/172
f 629/1347/172 630/1348/172 615/821/172
f 615/821/172 617/1337/172 619/1339/172
f 619/1339/172 621/1341/172 623/819/172
f 623/819/172 625/1344/172 627/820/172
f 627/820/172 629/1347/172 615/821/172
f 615/821/172 619/1339/172 623/819/172
f 639/822/370 632/927/418 643/823/370
f 634/825/371 638/931/372 641/826/372
f 641/828/372 638/1349/372 636/829/374
f 636/831/374 632/927/418 639/822/370
f 637/833/375 635/841/375 631/834/375
f 634/836/371 632/852/418 691/837/376
f 642/832/370 639/822/370 631/839/370
f 641/828/378 642/830/378 635/841/378
f 633/842/373 640/827/373 641/826/373
f 639/844/379 640/850/379 633/845/380
f 646/847/381 645/1350/381 649/848/382
f 639/844/379 645/1350/381 646/847/381
f 634/836/383 644/1351/384 643/851/384
f 640/827/373 646/859/373 644/853/373
f 655/854/373 654/1352/373 652/855/373
f 643/851/384 644/1351/384 648/857/385
f 646/859/373 650/876/373 648/860/373
f 645/824/370 643/823/370 647/861/370
f 651/863/386 652/1353/386 654/864/387
f 658/866/370 657/875/370 651/867/370
f 658/869/389 653/1354/388 654/870/387
f 656/872/390 652/1355/391 651/873/391
f 647/858/385 648/857/385 656/872/390
f 650/849/382 649/848/382 658/869/389
f 649/862/370 647/861/370 657/875/370
f 650/876/373 655/854/373 656/856/373
f 663/877/392 664/888/398 660/878/393
f 660/878/393 664/888/398 665/880/394
f 665/882/394 666/885/396 662/883/395
f 666/885/396 663/892/392 659/886/378
f 667/887/397 668/894/401 664/888/398
f 664/888/398 668/894/401 669/889/399
f 669/890/399 670/897/404 666/885/396
f 666/885/396 670/897/404 667/891/397
f 671/893/400 672/895/402 668/894/401
f 672/895/402 673/900/406 669/889/399
f 669/890/399 673/901/406 674/896/403
f 674/896/403 671/903/400 667/891/397
f 675/898/380 676/899/405 672/895/402
f 676/899/405 677/905/378 673/900/406
f 673/901/406 677/906/378 678/902/407
f 678/902/407 675/908/380 671/903/400
f 675/898/380 679/909/410 680/904/408
f 680/904/408 681/911/392 677/905/378
f 677/906/378 681/913/392 682/907/409
f 682/907/409 679/915/410 675/908/380
f 679/909/410 683/916/399 684/910/411
f 684/910/411 685/919/412 681/911/392
f 685/912/412 686/914/413 682/907/409
f 686/914/413 683/921/399 679/915/410
f 683/916/399 687/922/416 688/917/414
f 684/910/411 688/917/414 689/918/400
f 685/912/412 689/923/400 690/920/415
f 690/920/415 687/924/416 683/921/399
f 659/879/378 660/878/393 688/917/414
f 660/878/393 661/881/380 689/918/400
f 689/923/400 661/884/380 662/883/395
f 662/883/395 659/886/378 687/924/416
f 693/925/417 692/838/417 691/837/417
f 632/927/418 636/831/374 694/928/374
f 634/825/371 692/1356/377 693/930/372
f 636/829/374 638/1349/372 693/932/372
f 790/934/419 789/945/430 697/935/420
f 859/937/422 857/1143/619 788/938/423
f 721/940/425 887/1078/554 858/941/426
f 790/934/419 698/936/421 699/943/428
f 863/947/431 861/995/478 780/948/432
f 863/947/431 774/949/433 772/950/434
f 696/952/436 695/944/429 699/943/428
f 867/954/438 865/951/435 772/950/434
f 698/936/421 702/963/447 703/956/440
f 867/954/438 766/955/439 760/958/442
f 871/960/444 869/959/443 760/958/442
f 700/953/437 699/943/428 703/956/440
f 697/935/420 701/957/441 702/963/447
f 873/964/448 871/960/444 758/961/445
f 873/964/448 752/965/449 746/966/450
f 877/968/452 875/967/451 746/966/450
f 703/956/440 707/977/461 708/970/454
f 702/963/447 701/957/441 705/971/455
f 879/973/457 877/968/452 744/969/453
f 881/975/459 879/973/457 737/974/458
f 702/963/447 706/972/456 707/977/461
f 707/977/461 711/985/469 712/978/462
f 706/972/456 705/971/455 709/979/463
f 883/981/465 881/975/459 735/976/460
f 885/983/467 883/981/465 729/982/466
f 707/977/461 706/972/456 710/980/464
f 885/983/467 723/984/468 722/986/470
f 787/988/472 791/942/427 858/941/426
f 795/990/474 792/1079/555 721/991/373
f 710/980/464 714/999/481 715/993/476
f 859/937/422 786/939/424 780/948/432
f 795/990/474 791/992/475 787/996/372
f 711/985/469 715/993/476 716/998/480
f 710/980/464 709/979/463 713/994/477
f 714/999/481 718/1007/489 719/1000/482
f 781/1002/484 787/988/472 860/989/473
f 803/1004/486 799/997/479 787/996/372
f 715/993/476 719/1000/482 720/1006/488
f 713/994/477 717/1001/483 718/1007/489
f 781/1002/484 862/1003/485 864/1008/490
f 803/1004/486 781/1005/487 779/1010/378
f 773/1012/493 779/1009/491 864/1008/490
f 807/1011/492 779/1010/378 773/1014/495
f 720/1006/488 719/1000/482 726/1016/497
f 718/1007/489 717/1001/483 724/1018/499
f 773/1012/493 866/1013/494 868/1020/501
f 811/1015/496 773/1014/495 767/1022/374
f 719/1000/482 718/1007/489 725/1019/500
f 724/1018/499 731/1030/510 732/1024/504
f 765/1025/505 767/1021/502 868/1020/501
f 815/1023/503 767/1022/374 765/1027/507
f 725/1019/500 732/1024/504 733/1029/509
f 765/1025/505 870/1026/506 872/1031/511
f 819/1028/508 765/1027/507 759/1033/370
f 726/1016/497 733/1029/509 734/1035/514
f 759/1032/512 872/1031/511 874/1036/515
f 828/1038/517 823/1034/513 759/1033/370
f 732/1024/504 741/1047/525 742/1040/519
f 753/1037/516 874/1036/515 876/1042/521
f 828/1038/517 753/1039/518 751/1044/376
f 733/1029/509 742/1040/519 743/1046/524
f 731/1030/510 740/1041/520 741/1047/525
f 745/1049/527 751/1043/522 876/1042/521
f 832/1045/523 751/1044/376 745/1051/529
f 742/1040/519 749/1059/536 750/1053/531
f 740/1041/520 747/1048/526 748/1054/532
f 738/1055/533 745/1049/527 878/1050/528
f 836/1052/530 745/1051/529 738/1057/380
f 741/1047/525 748/1054/532 749/1059/536
f 738/1055/533 880/1056/534 882/1060/537
f 749/1059/536 756/1068/545 757/1062/539
f 747/1048/526 754/1069/546 755/1063/540
f 840/1058/535 738/1057/380 736/1064/541
f 730/1066/543 736/1061/538 882/1060/537
f 748/1054/532 755/1063/540 756/1068/545
f 848/1070/547 844/1065/542 736/1064/541
f 728/1072/548 730/1066/543 884/1067/544
f 848/1070/547 730/1071/377 728/1074/550
f 755/1063/540 762/1081/557 763/1076/552
f 721/940/425 728/1072/548 886/1073/549
f 792/1079/555 852/1075/551 728/1074/550
f 757/1062/539 756/1068/545 763/1076/552
f 754/1069/546 761/1077/553 762/1081/557
f 722/986/373 696/952/436 700/953/437
f 762/1081/557 769/1085/562 770/1082/559
f 788/938/558 700/953/437 704/962/446
f 786/939/372 704/962/446 708/970/454
f 763/1076/552 770/1082/559 771/1084/561
f 762/1081/557 761/1077/553 768/1083/560
f 780/948/487 708/970/454 712/978/462
f 772/950/495 774/949/378 712/978/462
f 766/955/374 772/950/495 716/998/480
f 771/1084/561 770/1082/559 777/1086/563
f 769/1085/562 768/1083/560 775/1088/565
f 766/955/374 720/1006/488 727/1017/498
f 760/958/507 727/1017/498 734/1035/514
f 770/1082/559 769/1085/562 776/1089/566
f 778/1087/564 777/1086/563 784/1090/567
f 775/1088/565 782/1093/570 783/1092/569
f 758/961/370 734/1035/514 743/1046/524
f 746/966/376 752/965/518 743/1046/524
f 777/1086/563 776/1089/566 783/1092/569
f 746/966/376 750/1053/531 757/1062/539
f 737/974/380 744/969/529 757/1062/539
f 735/976/541 737/974/380 764/1080/556
f 735/976/541 771/1084/561 778/1087/564
f 783/1092/569 790/934/419 695/944/429
f 729/982/377 778/1087/564 785/1091/568
f 722/986/373 723/984/550 785/1091/568
f 784/1090/567 695/944/429 696/952/436
f 783/1092/569 782/1093/570 789/945/430
f 794/1094/571 856/1100/576 797/1095/572
f 793/1097/574 792/1079/555 795/990/474
f 856/1100/576 793/1097/574 796/1098/575
f 796/1098/575 795/990/474 799/997/479
f 796/1098/575 800/1101/577 801/1103/579
f 797/1095/572 801/1103/579 802/1102/578
f 801/1103/579 800/1101/577 804/1105/581
f 801/1103/579 805/1106/582 806/1104/580
f 799/997/479 803/1004/486 804/1105/581
f 806/1104/580 805/1106/582 809/1107/583
f 804/1105/581 803/1004/486 807/1011/492
f 805/1106/582 804/1105/581 808/1109/585
f 809/1107/583 813/1112/588 814/1110/586
f 807/1011/492 811/1015/496 812/1111/587
f 809/1107/583 808/1109/585 812/1111/587
f 813/1112/588 812/1111/587 816/1114/590
f 814/1110/586 813/1112/588 817/1115/591
f 811/1015/496 815/1023/503 816/1114/590
f 817/1115/591 816/1114/590 820/1117/593
f 817/1115/591 821/1118/594 822/1116/592
f 815/1023/503 819/1028/508 820/1117/593
f 822/1116/592 821/1118/594 825/1119/595
f 819/1028/508 823/1034/513 824/1121/597
f 821/1118/594 820/1117/593 824/1121/597
f 825/1119/595 830/1124/600 831/1122/598
f 824/1121/597 823/1034/513 828/1038/517
f 825/1119/595 824/1121/597 829/1123/599
f 829/1123/599 833/1127/603 834/1126/602
f 831/1122/598 830/1124/600 834/1126/602
f 828/1038/517 832/1045/523 833/1127/603
f 833/1127/603 837/1130/606 838/1128/604
f 835/1125/601 834/1126/602 838/1128/604
f 832/1045/523 836/1052/530 837/1130/606
f 838/1128/604 842/1133/609 843/1131/607
f 836/1052/530 840/1058/535 841/1132/608
f 838/1128/604 837/1130/606 841/1132/608
f 840/1058/535 844/1065/542 845/1134/610
f 842/1133/609 841/1132/608 845/1134/610
f 842/1133/609 846/1136/612 847/1135/611
f 846/1136/612 845/1134/610 849/1138/614
f 846/1136/612 850/1139/615 851/1137/613
f 844/1065/542 848/1070/547 849/1138/614
f 851/1137/613 850/1139/615 854/1140/616
f 848/1070/547 852/1075/551 853/1142/618
f 850/1139/615 849/1138/614 853/1142/618
f 855/1141/617 854/1140/616 856/1100/576
f 853/1142/618 852/1075/551 792/1079/555
f 854/1140/616 853/1142/618 793/1097/574
f 888/987/471 857/1143/619 858/941/426
f 857/1143/619 859/937/422 860/989/473
f 861/995/478 862/1003/485 860/989/473
f 863/947/431 864/1008/490 862/1003/485
f 863/947/431 865/951/435 866/1013/494
f 865/951/435 867/954/438 868/1020/501
f 867/954/438 869/959/443 870/1026/506
f 869/959/443 871/960/444 872/1031/511
f 871/960/444 873/964/448 874/1036/515
f 875/967/451 876/1042/521 874/1036/515
f 877/968/452 878/1050/528 876/1042/521
f 877/968/452 879/973/457 880/1056/534
f 881/975/459 882/1060/537 880/1056/534
f 881/975/459 883/981/465 884/1067/544
f 885/983/467 886/1073/549 884/1067/544
f 888/987/471 887/1078/554 886/1073/549
f 857/1143/619 888/987/471 722/986/470
