# Converted from a binary STL for the private Down Range Unity tactical resolver.
# Source: LPM Rifleman.stl
o LPM Rifleman
v 0.000000 1.256907 -0.008297
v 0.105370 1.256907 -0.026346
v 0.103003 1.328637 -0.031887
v 0.000000 1.328637 -0.014244
v 0.192677 1.256907 -0.080491
v 0.188348 1.328637 -0.084816
v 0.179918 1.374085 -0.093239
v 0.098393 1.374085 -0.042679
v 0.000000 1.374085 -0.025826
v 0.000000 1.147746 -0.006106
v 0.106242 1.147746 -0.024304
v -0.000000 0.990006 -0.005793
v 0.106367 0.990006 -0.024012
v 0.194499 0.990006 -0.078670
v 0.194271 1.147746 -0.078898
v 0.000000 1.256906 -0.537719
v 0.105370 1.256906 -0.519671
v 0.106242 1.147746 -0.521713
v 0.000000 1.147746 -0.539910
v 0.192677 1.256906 -0.465525
v 0.194271 1.147746 -0.467119
v 0.194499 0.990006 -0.467347
v 0.106367 0.990006 -0.522004
v 0.000000 0.990006 -0.540223
v 0.000000 1.328637 -0.531772
v 0.103003 1.328637 -0.514129
v -0.000000 1.374085 -0.520191
v 0.098393 1.374085 -0.503337
v 0.179918 1.374085 -0.452777
v 0.188348 1.328637 -0.461200
v 0.264930 1.256906 -0.273008
v 0.246867 1.256906 -0.167726
v 0.248910 1.147746 -0.166854
v 0.267123 1.147746 -0.273008
v 0.249202 0.990006 -0.166730
v 0.267437 0.990006 -0.273008
v 0.258978 1.328637 -0.273008
v 0.241321 1.328637 -0.170091
v 0.247387 1.374085 -0.273008
v 0.230520 1.374085 -0.174697
v 0.246867 1.256906 -0.378291
v 0.241321 1.328637 -0.375926
v 0.230520 1.374085 -0.371320
v 0.248910 1.147746 -0.379163
v 0.249202 0.990006 -0.379287
v 0.000000 1.421075 -0.065891
v 0.082444 1.421075 -0.080013
v 0.073723 1.431640 -0.100430
v 0.000000 1.431641 -0.087802
v 0.150755 1.421075 -0.122378
v 0.134807 1.431641 -0.138313
v 0.121593 1.438797 -0.151516
v 0.066496 1.438797 -0.117347
v 0.000000 1.438797 -0.105957
v 0.000000 1.403193 -0.043980
v 0.091166 1.403193 -0.059596
v 0.166704 1.403193 -0.106443
v 0.000000 1.421075 -0.480125
v 0.082444 1.421075 -0.466004
v 0.091166 1.403193 -0.486421
v 0.000000 1.403193 -0.502036
v 0.150755 1.421075 -0.423639
v 0.166704 1.403193 -0.439574
v 0.000000 1.431640 -0.458214
v 0.073722 1.431640 -0.445587
v -0.000000 1.438797 -0.440060
v 0.066496 1.438797 -0.428670
v 0.121592 1.438797 -0.394500
v 0.134807 1.431640 -0.407704
v 0.207289 1.421075 -0.273008
v 0.193155 1.421075 -0.190632
v 0.213589 1.403192 -0.181918
v 0.229218 1.403193 -0.273008
v 0.185360 1.431640 -0.273008
v 0.172721 1.431640 -0.199347
v 0.167190 1.438797 -0.273008
v 0.155790 1.438797 -0.206567
v 0.193155 1.421075 -0.355384
v 0.172721 1.431640 -0.346670
v 0.155790 1.438797 -0.339449
v 0.213589 1.403193 -0.364099
v -0.000000 1.453180 -0.122339
v -0.000000 1.445786 -0.117395
v 0.061943 1.445786 -0.128005
v 0.059975 1.453180 -0.132612
v 0.113267 1.445786 -0.159835
v 0.109669 1.453180 -0.163430
v -0.000000 1.453180 -0.423678
v 0.059975 1.453180 -0.413405
v 0.061943 1.445786 -0.418012
v 0.000000 1.445786 -0.428622
v 0.109668 1.453180 -0.382586
v 0.113267 1.445786 -0.386182
v 0.150794 1.453180 -0.273008
v 0.140513 1.453180 -0.213083
v 0.145123 1.445786 -0.211117
v 0.155742 1.445786 -0.273008
v 0.145123 1.445786 -0.334900
v 0.140513 1.453180 -0.332934
v 0.267437 0.208411 -0.273008
v 0.249202 0.208411 -0.166730
v 0.244257 0.183113 -0.166673
v 0.261865 0.183009 -0.273008
v 0.194499 0.208411 -0.078670
v 0.191939 0.183426 -0.081229
v 0.179304 0.171550 -0.093853
v 0.209033 0.168878 -0.163848
v 0.222864 0.168326 -0.273008
v 0.267437 0.578610 -0.273008
v 0.267437 0.784340 -0.273008
v 0.249202 0.784340 -0.166730
v 0.249202 0.578610 -0.166730
v 0.194499 0.784340 -0.078670
v 0.194499 0.578610 -0.078670
v 0.249202 0.578610 -0.379287
v 0.249202 0.784340 -0.379287
v 0.194499 0.578610 -0.467347
v 0.194499 0.784340 -0.467347
v 0.244257 0.183113 -0.379343
v 0.249202 0.208411 -0.379287
v 0.209033 0.168878 -0.382169
v 0.179304 0.171550 -0.452164
v 0.191939 0.183426 -0.464788
v 0.194499 0.208411 -0.467347
v 0.000000 0.208411 -0.540223
v 0.106367 0.208411 -0.522004
v 0.106423 0.183113 -0.517063
v -0.000000 0.183009 -0.534656
v 0.109251 0.168878 -0.481869
v 0.000000 0.168326 -0.495688
v 0.000000 0.578610 -0.540223
v 0.000000 0.784340 -0.540223
v 0.106367 0.784340 -0.522004
v 0.106367 0.578610 -0.522004
v 0.000000 0.578610 -0.005793
v 0.106367 0.578610 -0.024012
v 0.106367 0.784340 -0.024012
v 0.000000 0.784340 -0.005793
v -0.000000 0.208411 -0.005793
v -0.000000 0.183009 -0.011360
v 0.106423 0.183113 -0.028954
v 0.106367 0.208411 -0.024012
v -0.000000 0.168326 -0.050329
v 0.109251 0.168878 -0.064148
v -0.000000 0.314122 -0.005793
v 0.000000 0.247900 -0.005793
v 0.106367 0.247900 -0.024012
v 0.106367 0.314122 -0.024012
v 0.194499 0.247900 -0.078670
v 0.194499 0.314122 -0.078670
v 0.000000 0.314122 -0.540223
v 0.106367 0.314122 -0.522004
v 0.106367 0.247900 -0.522004
v 0.000000 0.247900 -0.540223
v 0.194499 0.314122 -0.467347
v 0.194499 0.247900 -0.467347
v 0.267437 0.314122 -0.273008
v 0.267437 0.247900 -0.273008
v 0.249202 0.247900 -0.379287
v 0.249202 0.314122 -0.379287
v 0.249202 0.314122 -0.166730
v 0.249202 0.247900 -0.166730
v 0.249202 0.421042 -0.166730
v 0.267437 0.421042 -0.273008
v 0.194499 0.421042 -0.078670
v 0.249202 0.421042 -0.379287
v 0.194499 0.421042 -0.467347
v 0.106367 0.421042 -0.522004
v 0.000000 0.421042 -0.540223
v 0.000000 0.421042 -0.005793
v 0.106367 0.421042 -0.024012
v 0.201078 1.667733 -0.273008
v 0.198352 1.601799 -0.273008
v 0.184828 1.601799 -0.351824
v 0.187368 1.667733 -0.352842
v 0.193044 1.549355 -0.273008
v 0.179882 1.549355 -0.349724
v 0.140396 1.549355 -0.413288
v 0.144256 1.601799 -0.417070
v 0.146238 1.667733 -0.418529
v 0.186193 1.740949 -0.352196
v 0.199817 1.740949 -0.273008
v 0.145321 1.740949 -0.416459
v 0.133896 1.808399 -0.404130
v 0.171554 1.808399 -0.345839
v 0.184106 1.808398 -0.273008
v 0.186193 1.740949 -0.193820
v 0.187368 1.667733 -0.193175
v 0.171554 1.808399 -0.200178
v 0.133896 1.808398 -0.141887
v 0.145321 1.740949 -0.129558
v 0.146238 1.667733 -0.127488
v 0.184828 1.601799 -0.194193
v 0.144256 1.601799 -0.128946
v 0.140396 1.549355 -0.132728
v 0.179882 1.549355 -0.196293
v 0.000000 1.667733 -0.074485
v -0.000000 1.601799 -0.075119
v 0.078890 1.601799 -0.088548
v 0.079974 1.667733 -0.087512
v -0.000000 1.549355 -0.080123
v 0.076779 1.549355 -0.093275
v 0.079473 1.740949 -0.092002
v -0.000000 1.740949 -0.080359
v 0.073224 1.808399 -0.109255
v 0.000000 1.808398 -0.099709
v 0.000000 1.667733 -0.471532
v 0.000000 1.740949 -0.465657
v 0.079473 1.740949 -0.454014
v 0.079974 1.667732 -0.458505
v -0.000000 1.808398 -0.446308
v 0.073224 1.808399 -0.436762
v 0.078890 1.601799 -0.457469
v 0.000000 1.601799 -0.470898
v 0.076779 1.549355 -0.452742
v 0.000000 1.549355 -0.465893
v 0.000000 1.460883 -0.424210
v 0.060187 1.460883 -0.413901
v 0.000000 1.468799 -0.429200
v 0.062173 1.468799 -0.418551
v 0.113688 1.468799 -0.386603
v 0.110056 1.460883 -0.382973
v 0.060187 1.460883 -0.132116
v -0.000000 1.460883 -0.121807
v 0.110056 1.460883 -0.163043
v 0.113688 1.468799 -0.159414
v 0.062173 1.468799 -0.127466
v 0.000000 1.468799 -0.116816
v 0.141009 1.460883 -0.333145
v 0.151327 1.460883 -0.273008
v 0.145663 1.468799 -0.335130
v 0.156321 1.468799 -0.273008
v 0.141009 1.460883 -0.212871
v 0.145663 1.468799 -0.210887
v 0.000000 1.490972 -0.447547
v 0.000000 1.513404 -0.457580
v 0.073470 1.513404 -0.444995
v 0.069476 1.490973 -0.435646
v 0.134345 1.513404 -0.407242
v 0.127042 1.490972 -0.399945
v 0.065482 1.477593 -0.426297
v 0.000000 1.477593 -0.437514
v 0.119739 1.477593 -0.392649
v 0.000000 1.490972 -0.098470
v 0.000000 1.477593 -0.108503
v 0.065482 1.477593 -0.119719
v 0.069476 1.490972 -0.110370
v 0.119739 1.477593 -0.153368
v 0.127042 1.490972 -0.146071
v 0.073470 1.513404 -0.101021
v 0.000000 1.513404 -0.088437
v 0.134345 1.513404 -0.138774
v 0.174683 1.490972 -0.273008
v 0.164641 1.477593 -0.273008
v 0.153416 1.477593 -0.338437
v 0.162773 1.490973 -0.342427
v 0.172129 1.513404 -0.346418
v 0.184724 1.513404 -0.273008
v 0.172130 1.513404 -0.199599
v 0.162773 1.490973 -0.203590
v 0.153416 1.477593 -0.207580
v 0.121175 0.163460 -0.151933
v 0.128147 0.162684 -0.273008
v -0.000000 0.162684 -0.144968
v -0.000000 0.161878 -0.273008
v 0.121175 0.163460 -0.394083
v 0.000000 0.162684 -0.401049
v 0.107693 1.857017 -0.376705
v 0.136890 1.857440 -0.330301
v 0.083524 1.880763 -0.345832
v 0.095459 1.885050 -0.307500
v 0.112189 1.880763 -0.273009
v 0.147673 1.857017 -0.273008
v 0.083524 1.880763 -0.200185
v 0.095459 1.885050 -0.238517
v 0.053433 1.895759 -0.273009
v 0.048188 1.886167 -0.199692
v 0.048188 1.886166 -0.346325
v -0.000000 1.887283 -0.347702
v 0.000000 1.897064 -0.273009
v -0.000000 1.887283 -0.198315
v 0.136890 1.857440 -0.215716
v 0.107694 1.857017 -0.169312
v 0.059248 1.857651 -0.145692
v -0.000000 1.857863 -0.139056
v 0.000000 1.857863 -0.406961
v 0.059248 1.857651 -0.400325
v -0.103003 1.328637 -0.031887
v -0.105370 1.256906 -0.026346
v -0.098393 1.374085 -0.042679
v -0.179918 1.374085 -0.093239
v -0.188348 1.328637 -0.084816
v -0.192677 1.256906 -0.080491
v -0.106242 1.147746 -0.024304
v -0.194271 1.147746 -0.078898
v -0.194499 0.990006 -0.078670
v -0.106367 0.990006 -0.024012
v -0.106242 1.147746 -0.521713
v -0.105370 1.256906 -0.519671
v -0.106367 0.990006 -0.522004
v -0.194499 0.990006 -0.467347
v -0.194271 1.147746 -0.467119
v -0.192677 1.256906 -0.465525
v -0.103003 1.328637 -0.514129
v -0.188348 1.328637 -0.461200
v -0.179918 1.374085 -0.452777
v -0.098393 1.374085 -0.503337
v -0.264930 1.256906 -0.273008
v -0.267123 1.147746 -0.273008
v -0.248910 1.147746 -0.166854
v -0.246867 1.256906 -0.167726
v -0.267437 0.990006 -0.273008
v -0.249202 0.990006 -0.166730
v -0.241321 1.328637 -0.170091
v -0.258978 1.328637 -0.273008
v -0.230520 1.374085 -0.174697
v -0.247387 1.374085 -0.273008
v -0.241321 1.328637 -0.375926
v -0.246867 1.256906 -0.378291
v -0.230520 1.374085 -0.371320
v -0.248910 1.147746 -0.379163
v -0.249202 0.990006 -0.379287
v -0.073723 1.431640 -0.100430
v -0.082444 1.421075 -0.080013
v -0.066496 1.438797 -0.117347
v -0.121593 1.438797 -0.151516
v -0.134807 1.431640 -0.138313
v -0.150755 1.421075 -0.122378
v -0.091166 1.403193 -0.059596
v -0.166704 1.403193 -0.106443
v -0.091166 1.403193 -0.486421
v -0.082444 1.421075 -0.466004
v -0.166704 1.403193 -0.439574
v -0.150755 1.421075 -0.423639
v -0.073722 1.431640 -0.445587
v -0.134807 1.431641 -0.407704
v -0.121592 1.438797 -0.394500
v -0.066496 1.438797 -0.428670
v -0.207288 1.421075 -0.273008
v -0.229218 1.403193 -0.273008
v -0.213589 1.403193 -0.181918
v -0.193155 1.421075 -0.190632
v -0.172721 1.431640 -0.199347
v -0.185360 1.431640 -0.273008
v -0.155791 1.438797 -0.206567
v -0.167190 1.438797 -0.273008
v -0.172721 1.431640 -0.346670
v -0.193155 1.421075 -0.355384
v -0.155790 1.438797 -0.339449
v -0.213589 1.403192 -0.364099
v -0.059975 1.453180 -0.132612
v -0.061943 1.445786 -0.128005
v -0.109669 1.453180 -0.163430
v -0.113267 1.445786 -0.159835
v -0.061943 1.445786 -0.418012
v -0.059975 1.453180 -0.413405
v -0.113267 1.445786 -0.386182
v -0.109668 1.453180 -0.382586
v -0.150794 1.453180 -0.273008
v -0.155742 1.445786 -0.273008
v -0.145123 1.445786 -0.211117
v -0.140513 1.453180 -0.213083
v -0.140513 1.453180 -0.332934
v -0.145123 1.445786 -0.334900
v -0.267437 0.208411 -0.273008
v -0.261865 0.183009 -0.273008
v -0.244257 0.183113 -0.166673
v -0.249202 0.208411 -0.166730
v -0.222864 0.168326 -0.273008
v -0.209033 0.168878 -0.163848
v -0.179304 0.171550 -0.093853
v -0.191939 0.183426 -0.081229
v -0.194499 0.208411 -0.078670
v -0.267437 0.578610 -0.273008
v -0.249202 0.578610 -0.166730
v -0.249202 0.784340 -0.166730
v -0.267437 0.784340 -0.273008
v -0.194499 0.578610 -0.078670
v -0.194499 0.784340 -0.078670
v -0.249202 0.784340 -0.379287
v -0.249202 0.578610 -0.379287
v -0.194499 0.784340 -0.467347
v -0.194499 0.578610 -0.467347
v -0.249202 0.208411 -0.379287
v -0.244257 0.183113 -0.379343
v -0.194499 0.208411 -0.467347
v -0.191939 0.183426 -0.464788
v -0.179304 0.171550 -0.452164
v -0.209033 0.168878 -0.382169
v -0.106423 0.183113 -0.517063
v -0.106367 0.208411 -0.522004
v -0.109251 0.168878 -0.481869
v -0.106367 0.578610 -0.522004
v -0.106367 0.784340 -0.522004
v -0.106367 0.784340 -0.024012
v -0.106367 0.578610 -0.024012
v -0.106367 0.208411 -0.024012
v -0.106423 0.183113 -0.028954
v -0.109251 0.168878 -0.064148
v -0.106367 0.314122 -0.024012
v -0.106367 0.247900 -0.024012
v -0.194499 0.314122 -0.078670
v -0.194499 0.247900 -0.078670
v -0.106367 0.247900 -0.522004
v -0.106367 0.314122 -0.522004
v -0.194499 0.247900 -0.467347
v -0.194499 0.314122 -0.467347
v -0.267437 0.314122 -0.273008
v -0.249202 0.314122 -0.379287
v -0.249202 0.247900 -0.379287
v -0.267437 0.247900 -0.273008
v -0.249202 0.247900 -0.166730
v -0.249202 0.314122 -0.166730
v -0.267437 0.421042 -0.273008
v -0.249202 0.421042 -0.166730
v -0.194499 0.421042 -0.078670
v -0.249202 0.421042 -0.379287
v -0.194499 0.421042 -0.467347
v -0.106367 0.421042 -0.522004
v -0.106367 0.421042 -0.024012
v -0.201078 1.667733 -0.273008
v -0.187368 1.667732 -0.352842
v -0.184828 1.601799 -0.351824
v -0.198352 1.601799 -0.273008
v -0.146238 1.667733 -0.418529
v -0.144256 1.601799 -0.417071
v -0.140396 1.549355 -0.413288
v -0.179882 1.549355 -0.349724
v -0.193044 1.549355 -0.273008
v -0.199817 1.740949 -0.273008
v -0.186193 1.740949 -0.352196
v -0.184106 1.808398 -0.273008
v -0.171554 1.808399 -0.345839
v -0.133896 1.808398 -0.404130
v -0.145321 1.740949 -0.416459
v -0.187368 1.667733 -0.193175
v -0.186193 1.740949 -0.193820
v -0.146238 1.667733 -0.127488
v -0.145321 1.740949 -0.129558
v -0.133896 1.808399 -0.141887
v -0.171554 1.808399 -0.200178
v -0.184828 1.601799 -0.194193
v -0.179882 1.549355 -0.196293
v -0.140396 1.549355 -0.132728
v -0.144256 1.601799 -0.128946
v -0.079974 1.667733 -0.087512
v -0.078890 1.601799 -0.088548
v -0.076779 1.549355 -0.093275
v -0.079473 1.740949 -0.092002
v -0.073224 1.808399 -0.109255
v -0.079974 1.667732 -0.458505
v -0.079473 1.740949 -0.454014
v -0.073224 1.808399 -0.436762
v -0.078890 1.601799 -0.457469
v -0.076779 1.549355 -0.452742
v -0.060187 1.460883 -0.413901
v -0.110056 1.460883 -0.382973
v -0.113688 1.468799 -0.386603
v -0.062173 1.468799 -0.418551
v -0.060187 1.460883 -0.132116
v -0.062173 1.468799 -0.127466
v -0.113688 1.468799 -0.159414
v -0.110056 1.460883 -0.163043
v -0.151327 1.460883 -0.273008
v -0.141009 1.460883 -0.333145
v -0.156321 1.468799 -0.273008
v -0.145663 1.468799 -0.335130
v -0.141009 1.460883 -0.212871
v -0.145663 1.468799 -0.210887
v -0.069476 1.490973 -0.435646
v -0.073470 1.513404 -0.444995
v -0.127042 1.490972 -0.399945
v -0.134345 1.513404 -0.407242
v -0.065482 1.477593 -0.426297
v -0.119739 1.477593 -0.392649
v -0.069476 1.490973 -0.110370
v -0.065482 1.477593 -0.119719
v -0.127042 1.490973 -0.146071
v -0.119739 1.477593 -0.153368
v -0.073470 1.513404 -0.101021
v -0.134345 1.513404 -0.138774
v -0.174683 1.490973 -0.273008
v -0.162773 1.490973 -0.342427
v -0.153416 1.477593 -0.338437
v -0.164641 1.477593 -0.273008
v -0.184724 1.513404 -0.273008
v -0.172129 1.513404 -0.346418
v -0.162773 1.490972 -0.203590
v -0.172130 1.513404 -0.199599
v -0.153416 1.477593 -0.207580
v -0.128147 0.162684 -0.273008
v -0.121175 0.163460 -0.151933
v -0.121175 0.163460 -0.394083
v -0.136890 1.857440 -0.330301
v -0.107693 1.857017 -0.376705
v -0.147673 1.857017 -0.273008
v -0.112189 1.880763 -0.273009
v -0.095459 1.885050 -0.307500
v -0.083524 1.880763 -0.345832
v -0.083524 1.880763 -0.200185
v -0.048188 1.886166 -0.199692
v -0.053433 1.895759 -0.273009
v -0.095459 1.885050 -0.238517
v -0.048188 1.886166 -0.346325
v -0.136890 1.857440 -0.215716
v -0.107694 1.857017 -0.169312
v -0.059248 1.857651 -0.145692
v -0.059248 1.857651 -0.400325
v 0.000000 1.813537 -0.011858
v 0.065506 1.809242 -0.018421
v 0.064742 1.842573 -0.042030
v 0.000000 1.846188 -0.035699
v 0.125519 1.800421 -0.039291
v 0.124214 1.834071 -0.061722
v 0.122958 1.866844 -0.081915
v 0.064258 1.876318 -0.063983
v 0.000000 1.880001 -0.058108
v 0.115530 1.907497 -0.451890
v 0.115747 1.933451 -0.409726
v 0.155644 1.915388 -0.403058
v 0.155656 1.894813 -0.442746
v 0.115734 1.950958 -0.356399
v 0.155629 1.928766 -0.353674
v 0.185682 1.900921 -0.350224
v 0.184894 1.891334 -0.394026
v 0.184560 1.875774 -0.429686
v 0.000000 1.727797 -0.554854
v 0.000000 1.788516 -0.541879
v 0.060624 1.788723 -0.538051
v 0.061829 1.727735 -0.551160
v -0.000000 1.836286 -0.525142
v 0.060670 1.836239 -0.521566
v 0.114178 1.834979 -0.512376
v 0.114321 1.788732 -0.528176
v 0.117136 1.728155 -0.541479
v 0.117442 1.920754 -0.136994
v 0.116171 1.941976 -0.175095
v 0.062040 1.956734 -0.166730
v 0.062444 1.934210 -0.125877
v 0.115907 1.955824 -0.225626
v 0.061971 1.971445 -0.220154
v 0.000000 1.977470 -0.218588
v 0.000000 1.962718 -0.164091
v -0.000000 1.939850 -0.122213
v 0.173974 1.823995 -0.095220
v 0.171180 1.854463 -0.112021
v 0.175832 1.791783 -0.075354
v 0.217384 1.782477 -0.123936
v 0.212883 1.814859 -0.140550
v 0.206563 1.844133 -0.153056
v 0.187372 1.905817 -0.245511
v 0.185981 1.899046 -0.201027
v 0.209726 1.870598 -0.205154
v 0.214694 1.872966 -0.252454
v 0.181945 1.891815 -0.171869
v 0.194771 1.871481 -0.163667
v 0.228136 1.839707 -0.202458
v 0.237935 1.838539 -0.253778
v -0.000000 1.878617 -0.497414
v 0.061190 1.877838 -0.494424
v 0.000000 1.916623 -0.460363
v 0.061707 1.914488 -0.458035
v 0.114862 1.874331 -0.486649
v 0.155379 1.866377 -0.475219
v 0.155126 1.830810 -0.499027
v 0.184613 1.852413 -0.458624
v 0.185173 1.821958 -0.479576
v 0.000000 1.585642 -0.583803
v 0.000000 1.651840 -0.570580
v 0.064644 1.650997 -0.567350
v 0.067458 1.583941 -0.581080
v 0.123568 1.651113 -0.558647
v 0.129984 1.583407 -0.573450
v 0.240566 1.808389 -0.194120
v 0.256405 1.803958 -0.248279
v 0.251199 1.771175 -0.180592
v 0.273486 1.760187 -0.237376
v 0.243486 1.731208 -0.428303
v 0.263688 1.659043 -0.431966
v 0.240405 1.655298 -0.481070
v 0.221795 1.728478 -0.470154
v 0.281117 1.591991 -0.435135
v 0.257830 1.587656 -0.490619
v 0.226010 1.585384 -0.534396
v 0.210672 1.653393 -0.520175
v 0.194936 1.728615 -0.504019
v 0.304792 1.649355 -0.211785
v 0.291543 1.701934 -0.223661
v 0.263369 1.724941 -0.163410
v 0.271946 1.683523 -0.148466
v 0.223667 1.746765 -0.102638
v 0.228891 1.715663 -0.084366
v 0.179514 1.760128 -0.049870
v 0.183287 1.733684 -0.028092
v 0.128372 1.769525 -0.010511
v 0.131318 1.744286 0.014196
v 0.000000 1.761244 0.045654
v 0.068817 1.755442 0.038278
v 0.067156 1.779761 0.011988
v 0.000000 1.785047 0.018933
v 0.220286 1.799511 -0.430571
v 0.222259 1.813034 -0.412955
v 0.240136 1.792820 -0.387080
v 0.228865 1.777668 -0.427122
v 0.219245 1.830926 -0.400673
v 0.226321 1.830459 -0.378043
v 0.233932 1.833934 -0.342656
v 0.254376 1.796401 -0.340710
v 0.275333 1.745267 -0.334928
v 0.261465 1.738438 -0.382453
v 0.315569 1.625676 -0.266954
v 0.300884 1.685583 -0.276672
v 0.310389 1.610597 -0.319578
v 0.295699 1.674520 -0.326752
v 0.280731 1.751888 -0.287825
v 0.177801 1.708985 -0.260175
v 0.184893 1.733395 -0.264202
v 0.187235 1.724909 -0.300050
v 0.180909 1.698355 -0.297867
v 0.191449 1.754775 -0.265418
v 0.193901 1.746004 -0.300752
v 0.190618 1.740192 -0.323871
v 0.184871 1.723309 -0.329366
v 0.180124 1.694895 -0.330367
v 0.170539 1.727227 -0.218296
v 0.177036 1.747571 -0.224909
v 0.161277 1.745525 -0.181481
v 0.166751 1.762104 -0.191655
v 0.171962 1.771524 -0.200973
v 0.182012 1.765071 -0.227371
v -0.000000 1.781425 -0.085517
v -0.000000 1.806776 -0.092379
v 0.050682 1.806573 -0.096702
v 0.052526 1.780849 -0.088781
v -0.000000 1.837064 -0.108436
v 0.047741 1.837344 -0.113710
v 0.097929 1.836191 -0.137655
v 0.094457 1.803486 -0.110297
v 0.095982 1.777940 -0.099642
v 0.073317 1.734447 -0.462564
v 0.108726 1.732509 -0.452843
v 0.109605 1.783805 -0.443366
v 0.074317 1.785951 -0.453155
v 0.138100 1.726859 -0.437977
v 0.139489 1.776647 -0.427571
v 0.140075 1.823021 -0.398884
v 0.104705 1.826643 -0.423673
v 0.070605 1.828298 -0.433223
v 0.151027 1.842013 -0.335028
v 0.119526 1.871073 -0.323783
v 0.107407 1.864814 -0.368403
v 0.148279 1.850290 -0.267855
v 0.120514 1.875070 -0.268020
v 0.094401 1.889672 -0.269830
v 0.084710 1.890937 -0.304685
v 0.082618 1.885229 -0.339739
v 0.065440 1.887333 -0.199216
v 0.038457 1.890832 -0.200667
v 0.045671 1.899032 -0.282604
v 0.078502 1.891947 -0.237414
v 0.000000 1.891480 -0.199107
v -0.000000 1.899752 -0.274952
v -0.000000 1.891034 -0.346171
v 0.028508 1.889869 -0.349696
v 0.047647 1.884625 -0.362774
v 0.062148 1.888439 -0.344637
v 0.129703 1.848658 -0.200816
v 0.105390 1.874093 -0.212604
v 0.078495 1.869756 -0.167585
v 0.041720 1.868345 -0.147456
v -0.000000 1.868024 -0.142538
v 0.084261 1.863798 -0.388749
v 0.057805 1.864088 -0.397905
v 0.131850 1.814008 -0.156911
v 0.124511 1.794274 -0.131234
v 0.151378 1.797165 -0.176398
v 0.143501 1.783450 -0.152834
v 0.140540 1.764181 -0.138876
v 0.123942 1.771695 -0.118242
v 0.166111 1.823410 -0.267961
v 0.149899 1.823932 -0.206350
v 0.177730 1.797953 -0.267610
v 0.165153 1.801864 -0.217222
v 0.170496 1.812674 -0.329038
v 0.181964 1.786613 -0.316523
v 0.165930 1.791959 -0.377838
v 0.178596 1.768278 -0.354891
v 0.157306 1.715650 -0.414475
v 0.159329 1.760111 -0.403426
v 0.168817 1.703789 -0.386610
v 0.171452 1.742214 -0.376751
v 0.164770 1.782999 -0.190362
v 0.177084 1.782637 -0.224480
v 0.187786 1.775549 -0.266574
v 0.191121 1.765155 -0.306423
v 0.187352 1.750839 -0.336656
v 0.179772 1.729420 -0.353121
v 0.176120 1.696673 -0.359059
v 0.151866 1.756837 -0.157367
v 0.156484 1.773513 -0.170405
v 0.202609 1.628367 -0.230027
v 0.194939 1.638481 -0.234317
v 0.202075 1.617779 -0.278855
v 0.209727 1.606889 -0.278830
v 0.187454 1.655302 -0.241340
v 0.194068 1.636289 -0.282294
v 0.196035 1.622730 -0.319649
v 0.204151 1.602203 -0.319232
v 0.211306 1.590790 -0.322381
v 0.162465 1.706310 -0.155582
v 0.152409 1.718860 -0.131622
v 0.150425 1.736999 -0.143943
v 0.159906 1.725229 -0.168805
v 0.142428 1.725957 -0.114839
v 0.140127 1.743693 -0.125663
v 0.127391 1.735273 -0.095669
v 0.125025 1.751406 -0.105906
v 0.099909 1.744402 -0.079311
v 0.097958 1.758530 -0.089165
v 0.179883 1.680835 -0.251317
v 0.184796 1.665877 -0.290356
v 0.185654 1.657301 -0.325204
v 0.175462 1.682018 -0.195386
v 0.170598 1.703671 -0.207477
v -0.000000 1.750847 -0.071129
v -0.000000 1.763320 -0.079341
v 0.053958 1.762338 -0.081080
v 0.055054 1.749472 -0.072223
v 0.076697 1.619171 -0.474265
v 0.117716 1.617097 -0.465933
v 0.112098 1.671024 -0.460038
v 0.074307 1.672949 -0.469157
v 0.153218 1.612956 -0.451406
v 0.144147 1.666411 -0.445394
v 0.080365 1.576217 -0.481614
v 0.125180 1.574053 -0.473952
v 0.121871 1.587341 -0.470107
v 0.078617 1.589472 -0.477954
v 0.164422 1.570359 -0.459473
v 0.159655 1.583500 -0.455659
v 0.000000 1.736772 -0.049987
v 0.000000 1.741956 -0.060419
v 0.055974 1.740282 -0.062963
v 0.056941 1.734766 -0.054583
v 0.102141 1.734400 -0.072691
v 0.104704 1.728216 -0.067792
v 0.154687 1.706695 -0.104958
v 0.136450 1.717373 -0.087292
v 0.131439 1.724155 -0.090602
v 0.147780 1.713905 -0.109114
v 0.174358 1.685059 -0.135768
v 0.164805 1.698838 -0.116122
v 0.157759 1.706360 -0.122938
v 0.167710 1.693105 -0.144523
v 0.183233 1.652125 -0.358559
v 0.176866 1.652055 -0.390883
v 0.188883 1.604725 -0.393164
v 0.194714 1.611049 -0.356874
v 0.165019 1.658431 -0.421249
v 0.176301 1.606981 -0.426143
v 0.181693 1.667172 -0.185229
v 0.188749 1.658140 -0.177531
v 0.197196 1.578333 -0.395835
v 0.203004 1.587610 -0.358350
v 0.203183 1.566062 -0.399275
v 0.209539 1.575771 -0.362202
v 0.184104 1.578569 -0.429809
v 0.189652 1.565815 -0.433312
v 0.282376 1.665730 -0.379164
v 0.298383 1.599613 -0.376375
v 0.120235 1.895707 -0.106415
v 0.063356 1.907136 -0.091727
v 0.000000 1.911760 -0.086859
v 0.164911 1.881643 -0.130727
v 0.158517 1.904626 -0.154698
v 0.000001 1.579302 -0.490555
v 0.038793 1.577547 -0.487735
v 0.038094 1.590694 -0.484280
v 0.000000 1.592345 -0.487195
v 0.037451 1.620304 -0.481108
v 0.000000 1.621734 -0.484261
v 0.036755 1.674023 -0.476843
v 0.000000 1.675057 -0.480385
v 0.036720 1.735580 -0.470874
v 0.000000 1.736281 -0.474703
v -0.000000 1.830229 -0.443733
v 0.035581 1.829620 -0.440417
v 0.029653 1.865523 -0.401768
v -0.000000 1.866110 -0.403628
v 0.037423 1.787278 -0.461314
v -0.000000 1.787912 -0.465074
v -0.226010 1.586918 -0.534397
v -0.210672 1.654310 -0.520175
v -0.172213 1.654640 -0.544628
v -0.183334 1.588366 -0.560182
v -0.194936 1.728920 -0.504019
v -0.161005 1.729472 -0.526847
v -0.117136 1.729377 -0.541479
v -0.123568 1.654779 -0.558647
v -0.129984 1.589519 -0.573450
v 0.000000 1.949086 -0.416112
v 0.061924 1.945001 -0.414339
v 0.000000 1.971860 -0.359707
v 0.061950 1.966164 -0.358692
v 0.115792 1.958776 -0.290528
v 0.155911 1.935424 -0.294039
v 0.156251 1.933702 -0.235240
v 0.186825 1.906222 -0.298150
v 0.156548 1.922513 -0.188597
v 0.061957 1.974995 -0.289025
v 0.000000 1.981145 -0.288804
v 0.238817 1.836989 -0.300866
v 0.214276 1.872447 -0.300977
v 0.211346 1.868649 -0.345948
v 0.155914 1.787438 -0.513726
v 0.161005 1.728594 -0.526847
v 0.187212 1.783683 -0.492387
v 0.207092 1.808736 -0.453447
v 0.211230 1.777977 -0.462339
v 0.206022 1.832583 -0.436238
v 0.205942 1.851429 -0.413091
v 0.208125 1.862201 -0.383452
v 0.260285 1.800358 -0.296487
v -0.064742 1.842573 -0.042030
v -0.065506 1.809242 -0.018421
v -0.064258 1.876318 -0.063983
v -0.122958 1.866844 -0.081915
v -0.124214 1.834071 -0.061722
v -0.125519 1.800421 -0.039291
v -0.115530 1.907497 -0.451890
v -0.155656 1.894813 -0.442746
v -0.155644 1.915388 -0.403058
v -0.115747 1.933451 -0.409726
v -0.184560 1.875774 -0.429686
v -0.184894 1.891334 -0.394026
v -0.185682 1.900921 -0.350224
v -0.155629 1.928766 -0.353674
v -0.115734 1.950958 -0.356399
v -0.061829 1.728576 -0.551160
v -0.060624 1.788829 -0.538051
v -0.114321 1.788885 -0.528176
v -0.114178 1.834979 -0.512376
v -0.060670 1.836239 -0.521566
v -0.117441 1.920754 -0.136994
v -0.062444 1.934210 -0.125877
v -0.062039 1.956734 -0.166730
v -0.116171 1.941976 -0.175095
v -0.061971 1.971445 -0.220154
v -0.115907 1.955824 -0.225626
v -0.171180 1.854463 -0.112021
v -0.173974 1.823995 -0.095220
v -0.206563 1.844133 -0.153056
v -0.212883 1.814859 -0.140550
v -0.217384 1.782477 -0.123936
v -0.175832 1.791783 -0.075354
v -0.187372 1.905817 -0.245511
v -0.214694 1.872966 -0.252454
v -0.209726 1.870598 -0.205154
v -0.185981 1.899046 -0.201027
v -0.237935 1.838539 -0.253778
v -0.228136 1.839707 -0.202458
v -0.194771 1.871481 -0.163667
v -0.181945 1.891815 -0.171869
v -0.061190 1.877838 -0.494424
v -0.114862 1.874331 -0.486649
v -0.061707 1.914488 -0.458035
v -0.155126 1.830810 -0.499027
v -0.155379 1.866377 -0.475219
v -0.185173 1.821958 -0.479576
v -0.184613 1.852413 -0.458624
v -0.064644 1.653518 -0.567350
v -0.067458 1.588143 -0.581080
v -0.256405 1.803958 -0.248279
v -0.240566 1.808389 -0.194120
v -0.273486 1.760187 -0.237376
v -0.251199 1.771175 -0.180592
v -0.243486 1.731208 -0.428303
v -0.221795 1.728516 -0.470154
v -0.240405 1.655414 -0.481070
v -0.263688 1.659044 -0.431966
v -0.257830 1.587853 -0.490619
v -0.281117 1.591997 -0.435136
v -0.228892 1.715663 -0.084368
v -0.223668 1.746765 -0.102639
v -0.263369 1.724941 -0.163411
v -0.271948 1.683523 -0.148471
v -0.291543 1.701934 -0.223662
v -0.304794 1.649357 -0.211788
v -0.183287 1.733684 -0.028092
v -0.179514 1.760128 -0.049870
v -0.131318 1.744286 0.014196
v -0.128372 1.769525 -0.010511
v -0.067155 1.779761 0.011988
v -0.068817 1.755442 0.038278
v -0.220286 1.799511 -0.430571
v -0.228865 1.777668 -0.427122
v -0.240136 1.792820 -0.387080
v -0.222259 1.813034 -0.412955
v -0.261465 1.738438 -0.382453
v -0.275333 1.745267 -0.334928
v -0.254376 1.796401 -0.340710
v -0.233932 1.833934 -0.342656
v -0.226321 1.830459 -0.378043
v -0.219245 1.830926 -0.400673
v -0.300885 1.685584 -0.276673
v -0.315570 1.625680 -0.266955
v -0.280731 1.751888 -0.287825
v -0.295700 1.674520 -0.326752
v -0.310390 1.610602 -0.319578
v -0.177801 1.708985 -0.260175
v -0.180909 1.698355 -0.297867
v -0.187235 1.724909 -0.300050
v -0.184893 1.733395 -0.264202
v -0.180124 1.694895 -0.330367
v -0.184871 1.723309 -0.329366
v -0.190618 1.740192 -0.323871
v -0.193901 1.746004 -0.300752
v -0.191449 1.754775 -0.265418
v -0.177036 1.747571 -0.224909
v -0.170539 1.727227 -0.218296
v -0.182012 1.765071 -0.227371
v -0.171962 1.771524 -0.200973
v -0.166751 1.762104 -0.191655
v -0.161277 1.745525 -0.181481
v -0.052525 1.780849 -0.088781
v -0.050682 1.806573 -0.096702
v -0.095982 1.777940 -0.099642
v -0.094457 1.803486 -0.110297
v -0.097929 1.836191 -0.137655
v -0.047741 1.837344 -0.113710
v -0.073317 1.735514 -0.462564
v -0.074317 1.786084 -0.453155
v -0.109605 1.783901 -0.443366
v -0.108726 1.733276 -0.452843
v -0.070605 1.828298 -0.433223
v -0.104705 1.826643 -0.423673
v -0.140075 1.823021 -0.398884
v -0.139489 1.776681 -0.427571
v -0.138100 1.727125 -0.437977
v -0.107407 1.864814 -0.368403
v -0.119526 1.871073 -0.323783
v -0.151027 1.842013 -0.335028
v -0.082618 1.885229 -0.339739
v -0.084710 1.890937 -0.304685
v -0.094401 1.889672 -0.269830
v -0.120514 1.875070 -0.268020
v -0.148280 1.850290 -0.267855
v -0.065440 1.887333 -0.199216
v -0.078502 1.891947 -0.237414
v -0.045671 1.899032 -0.282604
v -0.038457 1.890832 -0.200667
v -0.062148 1.888439 -0.344637
v -0.047647 1.884625 -0.362774
v -0.028508 1.889869 -0.349696
v -0.105390 1.874093 -0.212604
v -0.129703 1.848658 -0.200816
v -0.078495 1.869756 -0.167585
v -0.041720 1.868345 -0.147456
v -0.057805 1.864088 -0.397905
v -0.084261 1.863798 -0.388749
v -0.124511 1.794274 -0.131234
v -0.131850 1.814008 -0.156911
v -0.123942 1.771695 -0.118242
v -0.140540 1.764181 -0.138876
v -0.143501 1.783450 -0.152834
v -0.151378 1.797165 -0.176398
v -0.149899 1.823932 -0.206350
v -0.166111 1.823410 -0.267961
v -0.165153 1.801864 -0.217222
v -0.177730 1.797953 -0.267610
v -0.181964 1.786613 -0.316523
v -0.170496 1.812674 -0.329038
v -0.178596 1.768278 -0.354891
v -0.165930 1.791959 -0.377838
v -0.159329 1.760115 -0.403426
v -0.157306 1.715683 -0.414475
v -0.171452 1.742214 -0.376751
v -0.168817 1.703789 -0.386610
v -0.177084 1.782637 -0.224480
v -0.164770 1.782999 -0.190362
v -0.187786 1.775549 -0.266574
v -0.191121 1.765155 -0.306423
v -0.187352 1.750839 -0.336656
v -0.179772 1.729420 -0.353121
v -0.176120 1.696673 -0.359059
v -0.156484 1.773513 -0.170405
v -0.151866 1.756837 -0.157367
v -0.202603 1.628371 -0.230028
v -0.209720 1.606894 -0.278829
v -0.202074 1.617780 -0.278855
v -0.194939 1.638482 -0.234317
v -0.211298 1.590798 -0.322378
v -0.204150 1.602204 -0.319232
v -0.196035 1.622730 -0.319649
v -0.194068 1.636289 -0.282294
v -0.187454 1.655302 -0.241340
v -0.162465 1.706310 -0.155582
v -0.159906 1.725229 -0.168805
v -0.150425 1.736999 -0.143943
v -0.152409 1.718860 -0.131622
v -0.140127 1.743693 -0.125663
v -0.142428 1.725957 -0.114839
v -0.125025 1.751406 -0.105906
v -0.127391 1.735273 -0.095669
v -0.097958 1.758530 -0.089165
v -0.099909 1.744402 -0.079311
v -0.184796 1.665877 -0.290356
v -0.179883 1.680835 -0.251317
v -0.185654 1.657301 -0.325204
v -0.170598 1.703671 -0.207477
v -0.175462 1.682018 -0.195386
v -0.055054 1.749472 -0.072223
v -0.053958 1.762338 -0.081080
v -0.076697 1.624506 -0.474265
v -0.074307 1.676150 -0.469157
v -0.112098 1.673324 -0.460038
v -0.117716 1.620931 -0.465933
v -0.144147 1.667211 -0.445394
v -0.153218 1.614289 -0.451406
v -0.080361 1.582704 -0.481605
v -0.078616 1.595751 -0.477953
v -0.121870 1.591855 -0.470105
v -0.125172 1.578721 -0.473942
v -0.159654 1.585071 -0.455657
v -0.164413 1.571990 -0.459464
v -0.056940 1.734766 -0.054584
v -0.055974 1.740282 -0.062963
v -0.104703 1.728216 -0.067793
v -0.102141 1.734400 -0.072692
v -0.154685 1.706696 -0.104960
v -0.147780 1.713905 -0.109114
v -0.131438 1.724155 -0.090602
v -0.136448 1.717374 -0.087294
v -0.174354 1.685060 -0.135771
v -0.167709 1.693106 -0.144523
v -0.157759 1.706360 -0.122938
v -0.164802 1.698839 -0.116125
v -0.183233 1.652125 -0.358559
v -0.194714 1.611049 -0.356874
v -0.188883 1.604725 -0.393164
v -0.176866 1.652055 -0.390883
v -0.165019 1.658531 -0.421249
v -0.176301 1.607148 -0.426143
v -0.181693 1.667172 -0.185229
v -0.188744 1.658142 -0.177533
v -0.203003 1.587611 -0.358350
v -0.197194 1.578334 -0.395834
v -0.209530 1.575781 -0.362197
v -0.203174 1.566073 -0.399269
v -0.184103 1.578767 -0.429808
v -0.189641 1.566029 -0.433304
v -0.282376 1.665731 -0.379164
v -0.298383 1.599618 -0.376375
v -0.063356 1.907136 -0.091727
v -0.120235 1.895707 -0.106415
v -0.164911 1.881643 -0.130727
v -0.158517 1.904625 -0.154698
v -0.038094 1.595011 -0.484279
v -0.038790 1.582006 -0.487730
v -0.037451 1.623972 -0.481108
v -0.036755 1.676223 -0.476843
v -0.036720 1.736314 -0.470874
v -0.029653 1.865523 -0.401768
v -0.035581 1.829620 -0.440418
v -0.037423 1.787369 -0.461314
v -0.061924 1.945001 -0.414339
v -0.061950 1.966164 -0.358692
v -0.155911 1.935424 -0.294039
v -0.115792 1.958776 -0.290528
v -0.186825 1.906222 -0.298150
v -0.156251 1.933702 -0.235240
v -0.156548 1.922513 -0.188597
v -0.061957 1.974995 -0.289025
v -0.214276 1.872447 -0.300977
v -0.238817 1.836989 -0.300866
v -0.211346 1.868649 -0.345948
v -0.155914 1.787548 -0.513726
v -0.187212 1.783722 -0.492387
v -0.211230 1.777982 -0.462339
v -0.207092 1.808736 -0.453447
v -0.206022 1.832583 -0.436238
v -0.205942 1.851429 -0.413091
v -0.208125 1.862201 -0.383452
v -0.260285 1.800358 -0.296487
v 0.172213 1.652004 -0.544628
v 0.183334 1.583970 -0.560181
v 0.217024 1.549156 -0.407709
v 0.202060 1.549752 -0.442279
v 0.206386 1.545861 -0.445483
v 0.221707 1.545336 -0.410179
v 0.175298 1.554427 -0.469565
v 0.179062 1.550457 -0.473358
v 0.183005 1.546553 -0.477407
v 0.210931 1.542110 -0.448859
v 0.226670 1.541722 -0.412669
v 0.215819 1.538654 -0.452509
v 0.232082 1.538518 -0.415169
v 0.187230 1.542810 -0.481868
v 0.191517 1.539449 -0.486520
v 0.220799 1.535702 -0.456244
v 0.237669 1.535927 -0.417540
v 0.225602 1.533381 -0.459865
v 0.243128 1.534052 -0.419665
v 0.195637 1.536623 -0.491106
v 0.199639 1.534112 -0.495627
v 0.230279 1.531425 -0.463398
v 0.248480 1.532585 -0.421640
v 0.196425 1.689373 -0.072760
v 0.166960 1.703011 -0.050827
v 0.163704 1.704643 -0.054039
v 0.191381 1.691329 -0.074515
v 0.122848 1.717387 -0.028695
v 0.121209 1.718938 -0.032859
v 0.119412 1.720426 -0.037284
v 0.160331 1.706268 -0.057553
v 0.186306 1.693282 -0.076642
v 0.156785 1.707867 -0.061573
v 0.181232 1.695208 -0.079413
v 0.117349 1.721786 -0.042130
v 0.115121 1.722934 -0.047154
v 0.153255 1.709346 -0.065904
v 0.176440 1.696998 -0.082713
v 0.149924 1.710636 -0.070302
v 0.172168 1.698566 -0.086338
v 0.112852 1.723822 -0.052080
v 0.110576 1.724560 -0.056922
v 0.146724 1.711813 -0.074708
v 0.168211 1.700000 -0.090122
v 0.000001 1.736391 -0.036947
v 0.059463 1.733298 -0.042708
v 0.060647 1.733334 -0.037636
v 0.000001 1.736876 -0.031809
v 0.061794 1.733159 -0.032443
v 0.000001 1.737118 -0.026546
v 0.062860 1.732607 -0.027091
v 0.000000 1.736919 -0.021118
v 0.063780 1.731685 -0.021870
v 0.000000 1.736263 -0.015818
v 0.064515 1.730463 -0.017046
v 0.000000 1.735211 -0.010916
v 0.065142 1.729082 -0.012472
v 0.000001 1.733945 -0.006266
v 0.100318 1.539626 -0.521545
v 0.153513 1.537227 -0.512900
v 0.150006 1.539974 -0.507961
v 0.097496 1.542411 -0.516459
v 0.146445 1.543012 -0.502958
v 0.094684 1.545481 -0.511304
v 0.142826 1.546541 -0.497895
v 0.091926 1.549030 -0.506082
v 0.139349 1.550393 -0.493051
v 0.089377 1.552890 -0.501079
v 0.136188 1.554347 -0.488668
v 0.087159 1.556838 -0.496546
v 0.133222 1.558333 -0.484569
v 0.085140 1.560812 -0.492303
v 0.226504 1.660754 -0.117982
v 0.213241 1.677647 -0.091437
v 0.206787 1.680387 -0.091506
v 0.219354 1.664015 -0.117141
v 0.200367 1.683087 -0.092022
v 0.212247 1.667222 -0.116741
v 0.194081 1.685687 -0.093335
v 0.205298 1.670296 -0.117140
v 0.188288 1.688033 -0.095421
v 0.198905 1.673057 -0.118366
v 0.183264 1.690018 -0.098126
v 0.193371 1.675380 -0.120305
v 0.178698 1.691791 -0.101158
v 0.188349 1.677444 -0.122629
v 0.259381 1.540682 -0.376921
v 0.253591 1.542094 -0.376861
v 0.265011 1.555232 -0.328615
v 0.258978 1.556818 -0.330037
v 0.252857 1.558762 -0.331168
v 0.247713 1.543916 -0.376548
v 0.241740 1.546457 -0.375784
v 0.246645 1.561329 -0.331764
v 0.240683 1.564415 -0.331760
v 0.236000 1.549619 -0.374584
v 0.230781 1.553199 -0.373037
v 0.235271 1.567826 -0.331189
v 0.230198 1.571397 -0.330307
v 0.225884 1.556990 -0.371306
v 0.221835 1.615727 -0.225238
v 0.229810 1.590151 -0.281147
v 0.235090 1.587155 -0.280986
v 0.227238 1.613306 -0.224112
v 0.240713 1.584230 -0.280582
v 0.233015 1.610835 -0.222956
v 0.246891 1.581466 -0.279742
v 0.239403 1.608302 -0.221758
v 0.253312 1.579026 -0.278488
v 0.246082 1.605843 -0.220583
v 0.259625 1.577020 -0.276909
v 0.252685 1.603583 -0.219490
v 0.265839 1.575267 -0.275160
v 0.259204 1.601449 -0.218451
v 0.205143 1.648712 -0.167591
v 0.210456 1.646524 -0.165820
v 0.216227 1.644151 -0.164277
v 0.222757 1.641471 -0.163164
v 0.229728 1.638613 -0.162568
v 0.236748 1.635739 -0.162492
v 0.243752 1.632874 -0.162705
v 0.270821 1.530042 -0.429192
v 0.251280 1.525162 -0.481407
v 0.254691 1.525679 -0.484147
v 0.274782 1.531042 -0.430528
v 0.221451 1.522972 -0.522913
v 0.224397 1.522939 -0.526567
v 0.227152 1.523551 -0.530051
v 0.257910 1.526804 -0.486763
v 0.278550 1.532618 -0.431825
v 0.260746 1.529012 -0.489127
v 0.281927 1.535210 -0.433036
v 0.229534 1.525318 -0.533191
v 0.231386 1.528209 -0.535791
v 0.263018 1.532246 -0.491092
v 0.284701 1.538737 -0.434089
v 0.264638 1.536277 -0.492578
v 0.286760 1.542959 -0.434938
v 0.232642 1.532011 -0.537746
v 0.233559 1.536293 -0.539330
v 0.265887 1.540725 -0.493788
v 0.288411 1.547540 -0.435667
v 0.219001 1.693838 -0.062614
v 0.184203 1.704656 -0.016295
v 0.183611 1.700367 -0.017240
v 0.218362 1.690198 -0.062409
v 0.133042 1.712440 0.026003
v 0.132727 1.708152 0.024605
v 0.132251 1.704450 0.022679
v 0.182654 1.696628 -0.018542
v 0.217118 1.687070 -0.062369
v 0.181050 1.693919 -0.020476
v 0.214799 1.684899 -0.062624
v 0.131488 1.701844 0.019824
v 0.130464 1.700546 0.016142
v 0.178849 1.692456 -0.022970
v 0.211470 1.683864 -0.063179
v 0.176201 1.692243 -0.025863
v 0.207363 1.683955 -0.063988
v 0.129249 1.700550 0.011874
v 0.127934 1.701276 0.007307
v 0.173323 1.692726 -0.028959
v 0.202850 1.684671 -0.064932
v -0.000000 1.714038 0.038416
v 0.067950 1.709909 0.030641
v 0.068384 1.709026 0.035788
v -0.000000 1.713124 0.043637
v 0.068787 1.708875 0.040583
v -0.000000 1.712943 0.048493
v 0.069131 1.710043 0.044689
v -0.000000 1.714084 0.052636
v 0.069392 1.712545 0.047836
v -0.000000 1.716564 0.055791
v 0.069561 1.716174 0.049914
v 0.000000 1.720176 0.057849
v 0.069679 1.720405 0.051385
v 0.000000 1.724395 0.059286
v 0.133221 1.535354 -0.578778
v 0.188947 1.534754 -0.565755
v 0.188170 1.530542 -0.564053
v 0.132560 1.531154 -0.577049
v 0.187074 1.526838 -0.561939
v 0.131628 1.527466 -0.574900
v 0.185415 1.524093 -0.559107
v 0.130219 1.524742 -0.572017
v 0.183251 1.522517 -0.555671
v 0.128382 1.523192 -0.568517
v 0.180727 1.522126 -0.551847
v 0.126239 1.522831 -0.564619
v 0.178017 1.522396 -0.547832
v 0.123938 1.523132 -0.560525
v 0.255151 1.653287 -0.135352
v 0.237525 1.676230 -0.100970
v 0.237240 1.674170 -0.098923
v 0.254922 1.652274 -0.132093
v 0.236159 1.672600 -0.096902
v 0.253850 1.651733 -0.128819
v 0.233656 1.671932 -0.094951
v 0.251271 1.652051 -0.125557
v 0.229784 1.672256 -0.093182
v 0.247238 1.653261 -0.122489
v 0.224824 1.673498 -0.091679
v 0.242046 1.655248 -0.119764
v 0.219293 1.675244 -0.090332
v 0.236242 1.657655 -0.117247
v 0.304172 1.556273 -0.373839
v 0.302204 1.551717 -0.373485
v 0.314809 1.567886 -0.314259
v 0.312594 1.563481 -0.314020
v 0.309940 1.559444 -0.314015
v 0.299801 1.547512 -0.373214
v 0.296643 1.543983 -0.373096
v 0.306523 1.556118 -0.314435
v 0.302487 1.553729 -0.315281
v 0.292860 1.541368 -0.373145
v 0.288686 1.539753 -0.373351
v 0.298081 1.552350 -0.316485
v 0.293497 1.551540 -0.317879
v 0.284322 1.538703 -0.373642
v 0.289393 1.594438 -0.210164
v 0.297702 1.569249 -0.263488
v 0.302383 1.569691 -0.262188
v 0.294305 1.594098 -0.210053
v 0.306898 1.570700 -0.261113
v 0.298977 1.594286 -0.210164
v 0.311060 1.572718 -0.260454
v 0.303162 1.595427 -0.210672
v 0.314616 1.575693 -0.260273
v 0.306598 1.597513 -0.211573
v 0.317415 1.579416 -0.260553
v 0.309148 1.600381 -0.212798
v 0.319776 1.583529 -0.261086
v 0.311189 1.603666 -0.214196
v 0.264063 1.627451 -0.158835
v 0.269495 1.625804 -0.160479
v 0.274483 1.624610 -0.162347
v 0.278611 1.624244 -0.164597
v 0.281599 1.624776 -0.167125
v 0.283354 1.626127 -0.169785
v 0.284413 1.627924 -0.172500
v 0.000043 1.543082 -0.531808
v 0.049111 1.541118 -0.528554
v 0.047525 1.543940 -0.523313
v 0.000033 1.545918 -0.526488
v 0.045962 1.547043 -0.518000
v 0.000023 1.549031 -0.521098
v 0.044460 1.550617 -0.512620
v 0.000015 1.552607 -0.515640
v 0.043105 1.554491 -0.507468
v 0.000010 1.556476 -0.510416
v 0.041962 1.558444 -0.502803
v 0.000006 1.560415 -0.505685
v 0.040942 1.562417 -0.498436
v 0.000004 1.564371 -0.501259
v 0.000000 1.539653 -0.588026
v 0.068869 1.537144 -0.585714
v 0.068483 1.532961 -0.583879
v -0.000002 1.535480 -0.586118
v 0.067942 1.529289 -0.581625
v -0.000004 1.531818 -0.583793
v 0.067126 1.526579 -0.578641
v -0.000008 1.529118 -0.580744
v 0.066063 1.525042 -0.575049
v -0.000013 1.527588 -0.577096
v 0.064824 1.524691 -0.571073
v -0.000019 1.527242 -0.573076
v 0.063495 1.525001 -0.566908
v -0.000025 1.527556 -0.568874
v -0.248280 1.532607 -0.421560
v -0.230082 1.531711 -0.463231
v -0.225450 1.533657 -0.459735
v -0.242973 1.534073 -0.419602
v -0.199442 1.536044 -0.495383
v -0.195484 1.538527 -0.490918
v -0.191403 1.541326 -0.486383
v -0.220685 1.535970 -0.456149
v -0.237555 1.535950 -0.417492
v -0.215735 1.538919 -0.452439
v -0.231998 1.538546 -0.415131
v -0.187146 1.544661 -0.481771
v -0.182940 1.548379 -0.477335
v -0.210865 1.542378 -0.448806
v -0.226605 1.541759 -0.412636
v -0.206325 1.546136 -0.445435
v -0.221648 1.545386 -0.410145
v -0.179003 1.552263 -0.473298
v -0.175240 1.556215 -0.469508
v -0.201998 1.550036 -0.442232
v -0.216965 1.549220 -0.407673
v -0.168199 1.700004 -0.090136
v -0.146716 1.711816 -0.074719
v -0.149915 1.710639 -0.070311
v -0.172155 1.698571 -0.086349
v -0.110572 1.724562 -0.056929
v -0.112848 1.723824 -0.052087
v -0.115116 1.722937 -0.047161
v -0.153244 1.709350 -0.065913
v -0.176423 1.697005 -0.082721
v -0.156771 1.707872 -0.061582
v -0.181206 1.695218 -0.079418
v -0.117344 1.721790 -0.042139
v -0.119404 1.720431 -0.037294
v -0.160311 1.706277 -0.057564
v -0.186268 1.693296 -0.076645
v -0.163676 1.704654 -0.054052
v -0.191329 1.691349 -0.074518
v -0.121199 1.718945 -0.032872
v -0.122835 1.717396 -0.028712
v -0.166924 1.703026 -0.050843
v -0.196356 1.689400 -0.072763
v -0.065139 1.729087 -0.012482
v -0.064512 1.730467 -0.017054
v -0.063778 1.731687 -0.021876
v -0.062858 1.732609 -0.027096
v -0.061792 1.733160 -0.032447
v -0.060645 1.733335 -0.037640
v -0.059460 1.733299 -0.042712
v -0.085112 1.567728 -0.492250
v -0.133176 1.563333 -0.484509
v -0.136138 1.559422 -0.488602
v -0.087124 1.563866 -0.496487
v -0.139289 1.555543 -0.492968
v -0.089328 1.560025 -0.501003
v -0.142742 1.551764 -0.497779
v -0.091852 1.556267 -0.505973
v -0.146325 1.548301 -0.502792
v -0.094575 1.552804 -0.511147
v -0.149842 1.545320 -0.507732
v -0.097342 1.549804 -0.516242
v -0.153300 1.542624 -0.512602
v -0.100117 1.547078 -0.521261
v -0.188327 1.677452 -0.122646
v -0.178683 1.691796 -0.101174
v -0.183245 1.690026 -0.098136
v -0.193346 1.675390 -0.120315
v -0.188262 1.688044 -0.095425
v -0.198871 1.673073 -0.118368
v -0.194042 1.685704 -0.093333
v -0.205249 1.670318 -0.117135
v -0.200310 1.683113 -0.092013
v -0.212175 1.667255 -0.116726
v -0.206707 1.680423 -0.091490
v -0.219253 1.664062 -0.117116
v -0.213137 1.677694 -0.091414
v -0.226373 1.660816 -0.117947
v -0.225831 1.557046 -0.371277
v -0.230727 1.553242 -0.373015
v -0.230150 1.571443 -0.330287
v -0.235223 1.567862 -0.331178
v -0.240628 1.564442 -0.331759
v -0.235939 1.549650 -0.374570
v -0.241660 1.546480 -0.375776
v -0.246573 1.561350 -0.331776
v -0.252758 1.558780 -0.331195
v -0.247604 1.543933 -0.376545
v -0.253443 1.542107 -0.376862
v -0.258843 1.556836 -0.330079
v -0.264836 1.555251 -0.328673
v -0.259190 1.540694 -0.376925
v -0.259059 1.601488 -0.218478
v -0.265682 1.575295 -0.275220
v -0.259504 1.577043 -0.276954
v -0.252573 1.603614 -0.219512
v -0.253223 1.579046 -0.278518
v -0.246000 1.605867 -0.220598
v -0.246826 1.581485 -0.279759
v -0.239344 1.608321 -0.221769
v -0.240664 1.584252 -0.280588
v -0.232971 1.610853 -0.222964
v -0.235047 1.587182 -0.280985
v -0.227200 1.613324 -0.224118
v -0.229767 1.590184 -0.281139
v -0.221798 1.615747 -0.225243
v -0.243611 1.632929 -0.162692
v -0.236640 1.635781 -0.162483
v -0.229650 1.638644 -0.162564
v -0.222702 1.641493 -0.163164
v -0.216188 1.644167 -0.164282
v -0.210424 1.646538 -0.165829
v -0.205114 1.648724 -0.167605
v -0.288414 1.547576 -0.435670
v -0.265889 1.540992 -0.493792
v -0.264648 1.536532 -0.492588
v -0.286771 1.542984 -0.434943
v -0.233559 1.538162 -0.539335
v -0.232651 1.533866 -0.537760
v -0.231407 1.530051 -0.535820
v -0.263038 1.532489 -0.491112
v -0.284722 1.538753 -0.434099
v -0.260784 1.529243 -0.489161
v -0.281964 1.535217 -0.433053
v -0.229573 1.527143 -0.533241
v -0.227215 1.525359 -0.530130
v -0.257970 1.527022 -0.486816
v -0.278609 1.532617 -0.431851
v -0.254778 1.525884 -0.484223
v -0.274867 1.531035 -0.430564
v -0.224487 1.524729 -0.526680
v -0.221570 1.524743 -0.523063
v -0.251395 1.525356 -0.481509
v -0.270933 1.530028 -0.429240
v -0.202878 1.684660 -0.064930
v -0.173338 1.692720 -0.028951
v -0.176213 1.692239 -0.025858
v -0.207385 1.683947 -0.063988
v -0.127939 1.701272 0.007315
v -0.129253 1.700546 0.011880
v -0.130467 1.700544 0.016146
v -0.178857 1.692453 -0.022967
v -0.211486 1.683857 -0.063181
v -0.181055 1.693917 -0.020474
v -0.214810 1.684893 -0.062628
v -0.131490 1.701842 0.019826
v -0.132251 1.704449 0.022681
v -0.182657 1.696626 -0.018542
v -0.217126 1.687064 -0.062376
v -0.183613 1.700366 -0.017240
v -0.218369 1.690191 -0.062421
v -0.132727 1.708152 0.024606
v -0.133042 1.712440 0.026003
v -0.184204 1.704655 -0.016297
v -0.219008 1.693829 -0.062630
v -0.069679 1.720405 0.051385
v -0.069561 1.716174 0.049914
v -0.069392 1.712545 0.047837
v -0.069131 1.710042 0.044691
v -0.068788 1.708874 0.040585
v -0.068385 1.709025 0.035792
v -0.067952 1.709907 0.030646
v -0.124058 1.530392 -0.560694
v -0.178146 1.527589 -0.548012
v -0.180824 1.527340 -0.551983
v -0.126329 1.530110 -0.564747
v -0.183319 1.527751 -0.555766
v -0.128445 1.530489 -0.568606
v -0.185456 1.529346 -0.559166
v -0.130258 1.532055 -0.572073
v -0.187096 1.532108 -0.561972
v -0.131649 1.534792 -0.574930
v -0.188179 1.535825 -0.564068
v -0.132569 1.538491 -0.577063
v -0.188947 1.540049 -0.565758
v -0.133221 1.542699 -0.578780
v -0.236296 1.657630 -0.117261
v -0.219335 1.675225 -0.090341
v -0.224858 1.673482 -0.091689
v -0.242088 1.655227 -0.119779
v -0.229809 1.672241 -0.093195
v -0.247271 1.653242 -0.122506
v -0.233676 1.671918 -0.094968
v -0.251297 1.652033 -0.125582
v -0.236176 1.672584 -0.096927
v -0.253874 1.651713 -0.128854
v -0.237257 1.674150 -0.098957
v -0.254947 1.652249 -0.132140
v -0.237544 1.676205 -0.101014
v -0.255178 1.653257 -0.135414
v -0.284426 1.538696 -0.373642
v -0.288765 1.539750 -0.373351
v -0.293588 1.551530 -0.317849
v -0.298151 1.552345 -0.316462
v -0.302536 1.553729 -0.315266
v -0.292915 1.541370 -0.373146
v -0.296679 1.543991 -0.373097
v -0.306554 1.556124 -0.314427
v -0.309959 1.559458 -0.314012
v -0.299822 1.547527 -0.373216
v -0.302215 1.551741 -0.373487
v -0.312605 1.563502 -0.314021
v -0.314815 1.567915 -0.314264
v -0.304177 1.556305 -0.373842
v -0.311202 1.603678 -0.214216
v -0.319784 1.583554 -0.261094
v -0.317427 1.579434 -0.260556
v -0.309162 1.600389 -0.212813
v -0.314634 1.575704 -0.260271
v -0.306616 1.597516 -0.211582
v -0.311087 1.572722 -0.260446
v -0.303187 1.595425 -0.210674
v -0.306939 1.570697 -0.261098
v -0.299013 1.594279 -0.210160
v -0.302442 1.569683 -0.262166
v -0.294356 1.594086 -0.210044
v -0.297780 1.569236 -0.263458
v -0.289460 1.594421 -0.210150
v -0.284436 1.627911 -0.172547
v -0.283375 1.626116 -0.169821
v -0.281621 1.624765 -0.167151
v -0.278638 1.624232 -0.164613
v -0.274518 1.624596 -0.162357
v -0.269542 1.625786 -0.160486
v -0.264123 1.627428 -0.158839
v -0.040928 1.567165 -0.498405
v -0.041942 1.563270 -0.502768
v -0.043075 1.559391 -0.507423
v -0.044412 1.555586 -0.512555
v -0.045890 1.552071 -0.517906
v -0.047424 1.549014 -0.523182
v -0.048979 1.546231 -0.528383
v -0.063573 1.529999 -0.567009
v -0.064883 1.529700 -0.571149
v -0.066104 1.530062 -0.575102
v -0.067151 1.531608 -0.578674
v -0.067956 1.534325 -0.581643
v -0.068489 1.538002 -0.583887
v -0.068869 1.542190 -0.585715
v 0.240780 1.528294 -0.472403
v 0.259651 1.531313 -0.425416
v 0.210545 1.528542 -0.509270
v 0.195598 1.557255 -0.437544
v 0.209774 1.557243 -0.403330
v 0.169623 1.561779 -0.464193
v 0.165765 1.529812 -0.530366
v 0.112128 1.531379 -0.541035
v 0.128987 1.565522 -0.478881
v 0.082586 1.567811 -0.486536
v 0.141595 1.713774 -0.081819
v 0.161550 1.702584 -0.098421
v 0.107561 1.725458 -0.062562
v 0.066546 1.719496 0.009084
v 0.000000 1.723992 0.016075
v 0.125391 1.709331 -0.010694
v 0.170141 1.697869 -0.039893
v 0.199637 1.687022 -0.068846
v 0.000000 1.735488 -0.042501
v 0.058130 1.732990 -0.048072
v 0.216267 1.676445 -0.090885
v 0.231373 1.659205 -0.117615
v 0.171847 1.694523 -0.108884
v 0.181325 1.680406 -0.128748
v 0.217229 1.566252 -0.366678
v 0.220139 1.581044 -0.326289
v 0.279254 1.553386 -0.323247
v 0.271851 1.539692 -0.375282
v 0.281771 1.572258 -0.269324
v 0.274299 1.597943 -0.214307
v 0.196695 1.652589 -0.171982
v 0.211743 1.621378 -0.227272
v 0.219156 1.598207 -0.279835
v 0.253907 1.630162 -0.160770
v 0.288093 1.558772 -0.436106
v 0.265158 1.553376 -0.494137
v 0.232658 1.550273 -0.539721
v 0.315482 1.578884 -0.315831
v 0.304351 1.567106 -0.374747
v 0.188215 1.548862 -0.566067
v 0.132801 1.548850 -0.579050
v 0.132705 1.726269 0.024631
v 0.184811 1.716153 -0.018686
v 0.228312 1.697883 -0.074231
v 0.270461 1.659428 -0.140149
v 0.308896 1.620730 -0.207392
v 0.069556 1.736438 0.049594
v 0.000000 1.741670 0.057276
v 0.320414 1.595338 -0.262083
v 0.056303 1.533060 -0.547731
v 0.000009 1.535319 -0.550341
v 0.039776 1.569273 -0.492623
v 0.000002 1.571123 -0.495427
v 0.068690 1.550032 -0.586148
v 0.000000 1.552254 -0.588589
v -0.058129 1.732991 -0.048074
v -0.107558 1.725459 -0.062566
v -0.066545 1.719497 0.009082
v -0.125387 1.709334 -0.010699
v -0.039769 1.573855 -0.492607
v -0.082571 1.574481 -0.486509
v -0.056276 1.538115 -0.547696
v -0.112088 1.538735 -0.540978
v -0.068690 1.554970 -0.586148
v -0.132801 1.556036 -0.579051
v -0.069556 1.736438 0.049594
v -0.132705 1.726269 0.024631
v -0.259607 1.531317 -0.425400
v -0.240739 1.528533 -0.472370
v -0.210506 1.530394 -0.509223
v -0.128964 1.570331 -0.478850
v -0.169593 1.563477 -0.464164
v -0.209743 1.557276 -0.403311
v -0.195565 1.557499 -0.437519
v -0.165723 1.535106 -0.530307
v -0.161544 1.702586 -0.098428
v -0.141591 1.713775 -0.081825
v -0.170131 1.697873 -0.039897
v -0.199617 1.687030 -0.068847
v -0.216236 1.676459 -0.090878
v -0.231334 1.659223 -0.117604
v -0.181314 1.680411 -0.128757
v -0.171839 1.694525 -0.108893
v -0.220114 1.581068 -0.326279
v -0.217201 1.566281 -0.366663
v -0.271808 1.539695 -0.375283
v -0.279212 1.553391 -0.323261
v -0.274259 1.597954 -0.214314
v -0.281731 1.572265 -0.269339
v -0.211724 1.621389 -0.227275
v -0.219134 1.598224 -0.279831
v -0.253867 1.630178 -0.160766
v -0.196680 1.652595 -0.171989
v -0.304353 1.567122 -0.374749
v -0.315485 1.578899 -0.315833
v -0.288095 1.558791 -0.436108
v -0.265159 1.553621 -0.494139
v -0.232659 1.552087 -0.539724
v -0.188215 1.554036 -0.566069
v -0.184811 1.716153 -0.018687
v -0.228315 1.697880 -0.074238
v -0.308902 1.620737 -0.207401
v -0.270471 1.659422 -0.140169
v -0.320418 1.595351 -0.262087
v 0.001465 1.180173 -0.004680
v 0.001465 1.266045 -0.009230
v 0.078065 1.261376 -0.015150
v 0.078504 1.174554 -0.010433
v 0.001465 1.307401 -0.014220
v 0.073287 1.304994 -0.020205
v 0.142720 1.303851 -0.036417
v 0.144540 1.252053 -0.029446
v 0.144223 1.163321 -0.024507
v 0.107700 1.329311 -0.034051
v 0.133868 1.335035 -0.044833
v 0.162380 1.322801 -0.049178
v 0.087568 1.345752 -0.035147
v 0.114899 1.348516 -0.045194
v 0.132005 1.350417 -0.052247
v 0.148852 1.341643 -0.053840
v 0.167005 1.331994 -0.055576
v 0.059971 1.329675 -0.022751
v 0.001465 1.331321 -0.017460
v 0.001465 1.348068 -0.019778
v 0.048093 1.346630 -0.024745
v 0.001465 1.289257 0.075549
v 0.001465 1.255324 0.079798
v 0.085042 1.250540 0.073173
v 0.082070 1.286759 0.068813
v 0.001465 1.178013 0.083157
v 0.085664 1.172231 0.076677
v 0.158103 1.161078 0.060599
v 0.155498 1.242699 0.056969
v 0.148298 1.284892 0.052618
v 0.001465 1.334439 0.068078
v 0.001465 1.313291 0.071622
v 0.075240 1.312412 0.064944
v 0.065961 1.334278 0.061586
v 0.134167 1.314436 0.049306
v 0.115997 1.337514 0.047155
v 0.056298 1.352473 0.058632
v 0.001465 1.352643 0.064813
v 0.097129 1.354642 0.046328
v 0.080142 1.364128 0.047796
v 0.048796 1.365449 0.056383
v 0.001465 1.366055 0.062196
v 0.001465 1.180173 -0.541337
v 0.078504 1.174554 -0.535583
v 0.078065 1.261376 -0.530866
v 0.001465 1.266045 -0.536786
v 0.144223 1.163321 -0.521509
v 0.144541 1.252053 -0.516570
v 0.142725 1.303850 -0.509598
v 0.073287 1.304994 -0.525811
v 0.001465 1.307401 -0.531796
v 0.160069 1.343378 -0.549779
v 0.175773 1.334606 -0.549251
v 0.164041 1.323256 -0.557671
v 0.145584 1.339797 -0.555832
v 0.188610 1.326301 -0.547114
v 0.183404 1.312461 -0.553231
v 0.158630 1.288135 -0.565306
v 0.134119 1.313978 -0.567227
v 0.117013 1.335116 -0.564575
v 0.162399 1.322798 -0.496832
v 0.133872 1.335035 -0.501182
v 0.107700 1.329311 -0.511965
v 0.167040 1.331990 -0.490428
v 0.148871 1.341641 -0.492170
v 0.132014 1.350416 -0.493766
v 0.114901 1.348516 -0.500822
v 0.087568 1.345752 -0.510869
v 0.059971 1.329675 -0.523265
v 0.048093 1.346630 -0.521272
v 0.001465 1.348068 -0.526238
v 0.001465 1.331321 -0.528557
v 0.001465 1.289257 -0.589465
v 0.083042 1.286966 -0.582753
v 0.085292 1.250598 -0.587092
v 0.001465 1.255324 -0.593713
v 0.156738 1.242816 -0.570986
v 0.158020 1.161393 -0.574648
v 0.085653 1.172270 -0.590610
v 0.001465 1.178013 -0.597073
v 0.001465 1.334439 -0.581994
v 0.066088 1.333978 -0.575940
v 0.075390 1.312313 -0.579322
v 0.001465 1.313291 -0.585538
v 0.001465 1.352643 -0.578729
v 0.056588 1.352294 -0.572690
v 0.001465 1.366055 -0.576112
v 0.049021 1.365350 -0.570351
v 0.081570 1.363496 -0.562042
v 0.099396 1.353228 -0.561369
v -0.075573 1.174554 -0.010433
v -0.075134 1.261376 -0.015150
v -0.141292 1.163321 -0.024507
v -0.141610 1.252053 -0.029447
v -0.139794 1.303850 -0.036418
v -0.070356 1.304994 -0.020205
v -0.159468 1.322798 -0.049184
v -0.130941 1.335035 -0.044834
v -0.104769 1.329311 -0.034052
v -0.164109 1.331990 -0.055588
v -0.145940 1.341641 -0.053847
v -0.129083 1.350416 -0.052250
v -0.111970 1.348516 -0.045194
v -0.084638 1.345752 -0.035147
v -0.057040 1.329675 -0.022751
v -0.045162 1.346630 -0.024745
v -0.079139 1.286759 0.068813
v -0.082111 1.250540 0.073173
v -0.145368 1.284892 0.052618
v -0.152567 1.242699 0.056969
v -0.155172 1.161078 0.060599
v -0.082733 1.172231 0.076677
v -0.063031 1.334278 0.061586
v -0.072309 1.312412 0.064944
v -0.113066 1.337514 0.047155
v -0.131236 1.314436 0.049306
v -0.053368 1.352473 0.058632
v -0.045865 1.365449 0.056383
v -0.077211 1.364128 0.047796
v -0.094198 1.354642 0.046328
v -0.075134 1.261376 -0.530866
v -0.075573 1.174554 -0.535583
v -0.070356 1.304994 -0.525811
v -0.139789 1.303851 -0.509600
v -0.141609 1.252053 -0.516570
v -0.141292 1.163321 -0.521509
v -0.157138 1.343378 -0.549779
v -0.142653 1.339797 -0.555832
v -0.161111 1.323256 -0.557671
v -0.172842 1.334606 -0.549252
v -0.114082 1.335116 -0.564575
v -0.131189 1.313978 -0.567227
v -0.155699 1.288135 -0.565306
v -0.180473 1.312461 -0.553231
v -0.185679 1.326301 -0.547114
v -0.104769 1.329311 -0.511965
v -0.130937 1.335035 -0.501183
v -0.159449 1.322801 -0.496838
v -0.084638 1.345752 -0.510869
v -0.111968 1.348516 -0.500823
v -0.129075 1.350417 -0.493769
v -0.145921 1.341643 -0.492176
v -0.164074 1.331994 -0.490440
v -0.057040 1.329675 -0.523265
v -0.045162 1.346630 -0.521272
v -0.082361 1.250598 -0.587092
v -0.080112 1.286966 -0.582753
v -0.082723 1.172270 -0.590610
v -0.155089 1.161393 -0.574648
v -0.153807 1.242816 -0.570986
v -0.072459 1.312313 -0.579322
v -0.063158 1.333978 -0.575940
v -0.053657 1.352294 -0.572690
v -0.096465 1.353228 -0.561369
v -0.078639 1.363496 -0.562042
v -0.046090 1.365350 -0.570351
v -0.111295 0.997843 0.032363
v -0.116531 0.981834 0.027948
v -0.128251 0.986541 0.024905
v -0.122904 1.002812 0.029400
v -0.122250 0.964310 0.023120
v -0.133985 0.968980 0.020065
v -0.146729 0.974052 0.016741
v -0.140978 0.991655 0.021593
v -0.135512 1.008211 0.026175
v -0.113721 1.029985 0.036863
v -0.102394 1.024372 0.039601
v -0.126027 1.036086 0.033882
v -0.113203 1.069721 0.043050
v -0.101377 1.062622 0.045524
v -0.090498 1.056096 0.047795
v -0.087261 1.092771 0.053168
v -0.076939 1.085264 0.054710
v -0.098493 1.100944 0.051485
v -0.081457 1.129050 0.059920
v -0.070717 1.120048 0.060887
v -0.060855 1.111786 0.061770
v -0.086751 1.092252 0.167148
v -0.097899 1.099041 0.166427
v -0.118134 1.072766 0.161006
v -0.106293 1.067527 0.162685
v -0.109124 1.107460 0.165602
v -0.129951 1.080069 0.159343
v -0.148045 1.050756 0.153409
v -0.135584 1.044842 0.155971
v -0.123098 1.041443 0.158641
v -0.159716 1.018584 0.019955
v -0.148116 1.013612 0.022939
v -0.153701 0.996770 0.018270
v -0.165411 1.001480 0.015205
v -0.159469 0.979127 0.013406
v -0.171194 0.983799 0.010330
v -0.204860 0.999272 -0.005978
v -0.213939 1.004664 -0.014800
v -0.208261 1.022212 -0.009990
v -0.199191 1.016793 -0.001176
v -0.223754 1.010492 -0.024336
v -0.218064 1.028070 -0.019517
v -0.213025 1.044455 -0.015164
v -0.203303 1.038388 -0.005702
v -0.194309 1.032775 0.003052
v -0.210588 1.119100 -0.017333
v -0.202252 1.112118 -0.009086
v -0.214081 1.078474 -0.017369
v -0.222860 1.084587 -0.025953
v -0.193231 1.104559 -0.000161
v -0.204586 1.071862 -0.008084
v -0.222746 1.050522 -0.024626
v -0.231736 1.056133 -0.033376
v -0.233568 1.016320 -0.033871
v -0.227866 1.033928 -0.029043
v -0.242643 1.021709 -0.042690
v -0.236931 1.039345 -0.037853
v -0.184209 1.097001 0.008764
v -0.195090 1.065249 0.001201
v -0.175873 1.090021 0.017012
v -0.186308 1.059134 0.009788
v -0.215800 1.173689 0.104773
v -0.239676 1.141590 0.098203
v -0.230879 1.133599 0.106877
v -0.207765 1.164261 0.112848
v -0.259983 1.106811 0.091553
v -0.250404 1.100467 0.100871
v -0.240573 1.096718 0.110174
v -0.221834 1.127684 0.115423
v -0.199579 1.156425 0.120663
v -0.163365 1.160603 0.012564
v -0.155759 1.150669 0.020443
v -0.171689 1.125453 0.014699
v -0.179968 1.134288 0.006324
v -0.148757 1.141530 0.027695
v -0.164052 1.117310 0.022423
v -0.228880 1.194631 0.090331
v -0.253726 1.161694 0.083178
v -0.247445 1.151276 0.090122
v -0.222989 1.184135 0.097081
v -0.275316 1.125857 0.075817
v -0.268449 1.115589 0.083024
v -0.177988 1.179697 -0.002583
v -0.170973 1.170539 0.004683
v -0.188248 1.143125 -0.002051
v -0.195891 1.151278 -0.009782
v -0.149648 1.047805 0.028129
v -0.138329 1.042189 0.030889
v -0.135898 1.083352 0.038272
v -0.125026 1.076822 0.040564
v -0.120042 1.116633 0.048226
v -0.109723 1.109119 0.049790
v -0.102057 1.146327 0.058036
v -0.092195 1.138056 0.058941
v -0.128034 1.126834 0.163413
v -0.149427 1.098950 0.156210
v -0.140599 1.089120 0.157630
v -0.119388 1.117053 0.164481
v -0.168462 1.068788 0.149161
v -0.159227 1.059046 0.151022
v 0.208513 1.057263 -0.017560
v 0.216277 1.043099 -0.024063
v 0.208884 1.035595 -0.016459
v 0.201003 1.050013 -0.009861
v 0.224781 1.027606 -0.031186
v 0.217405 1.020066 -0.023597
v 0.209389 1.011876 -0.015359
v 0.200850 1.027444 -0.008206
v 0.192840 1.042138 -0.001503
v 0.187854 1.074266 0.000969
v 0.195633 1.080874 -0.006976
v 0.179396 1.067085 0.009598
v 0.163315 1.098176 0.022032
v 0.172076 1.104268 0.012948
v 0.180128 1.109871 0.004591
v 0.157713 1.133887 0.022061
v 0.165895 1.138268 0.013166
v 0.148802 1.129120 0.031740
v 0.136932 1.160159 0.038597
v 0.145882 1.163837 0.028413
v 0.154093 1.167214 0.019061
v 0.234486 1.178201 0.093714
v 0.227236 1.173135 0.103340
v 0.239266 1.141829 0.101234
v 0.246150 1.148612 0.092455
v 0.218723 1.168837 0.113666
v 0.230902 1.136168 0.110915
v 0.245144 1.104660 0.105785
v 0.253211 1.111894 0.096875
v 0.259534 1.120525 0.089123
v 0.177144 1.027012 0.014527
v 0.184669 1.034262 0.006846
v 0.192808 1.019294 0.000038
v 0.185401 1.011790 0.007623
v 0.201366 1.003686 -0.007129
v 0.193975 0.996147 0.000441
v 0.166261 0.972695 0.018348
v 0.154942 0.965302 0.020911
v 0.146402 0.980771 0.028059
v 0.157734 0.988138 0.025485
v 0.142707 0.957311 0.023681
v 0.134154 0.972808 0.030841
v 0.126043 0.986999 0.037595
v 0.138386 0.994766 0.034732
v 0.149806 1.001950 0.032084
v 0.070957 1.027668 0.067494
v 0.082918 1.033433 0.064341
v 0.099763 1.003431 0.051830
v 0.088132 0.996740 0.054669
v 0.095864 1.039671 0.060928
v 0.112344 1.010667 0.048759
v 0.113700 0.979234 0.040459
v 0.102286 0.972053 0.043106
v 0.130473 0.949320 0.026451
v 0.121906 0.964845 0.033623
v 0.119159 0.941930 0.029013
v 0.110579 0.957481 0.036195
v 0.108811 1.045908 0.057515
v 0.124926 1.017904 0.045688
v 0.120771 1.051674 0.054363
v 0.136562 1.024598 0.042848
v 0.112324 1.100116 0.172170
v 0.127196 1.062527 0.169094
v 0.140250 1.068268 0.165474
v 0.125891 1.104288 0.168024
v 0.144548 1.026171 0.162516
v 0.156971 1.033627 0.159530
v 0.167547 1.042645 0.157516
v 0.151757 1.075250 0.162528
v 0.138156 1.109318 0.164317
v 0.068773 1.096883 0.074619
v 0.082504 1.100387 0.070399
v 0.094267 1.072761 0.065814
v 0.080888 1.067975 0.069665
v 0.095140 1.103615 0.066517
v 0.106602 1.077179 0.062264
v 0.085319 1.095797 0.180557
v 0.100247 1.056806 0.177360
v 0.113482 1.058692 0.173180
v 0.098416 1.097272 0.176468
v 0.117676 1.018645 0.170684
v 0.131076 1.021153 0.166363
v 0.042378 1.090147 0.082730
v 0.055039 1.093379 0.078839
v 0.067507 1.063188 0.073517
v 0.055158 1.058768 0.077070
v 0.163135 1.053296 0.026146
v 0.170930 1.059904 0.018218
v 0.146476 1.086478 0.039448
v 0.154545 1.092083 0.031107
v 0.131682 1.119968 0.050293
v 0.139883 1.124352 0.041411
v 0.119741 1.153100 0.058116
v 0.127974 1.156480 0.048773
v 0.200089 1.164046 0.132837
v 0.211899 1.130322 0.129632
v 0.221433 1.132296 0.120589
v 0.209322 1.165773 0.123708
v 0.225853 1.097222 0.124022
v 0.235686 1.099720 0.115038
v 0.225879 1.370237 -0.141773
v 0.224792 1.369198 -0.141623
v 0.222217 1.375355 -0.155683
v 0.222570 1.376464 -0.161061
v 0.223498 1.368528 -0.142242
v 0.220970 1.375302 -0.158341
v 0.220347 1.377333 -0.178621
v 0.221903 1.368239 -0.142595
v 0.219873 1.374570 -0.156014
v 0.220103 1.368308 -0.142965
v 0.218440 1.375206 -0.158907
v 0.217362 1.369299 -0.143572
v 0.215956 1.375758 -0.158163
v 0.209655 1.373763 -0.147649
v 0.211077 1.380178 -0.170874
v 0.215505 1.369917 -0.402038
v 0.218205 1.368836 -0.402990
v 0.216983 1.374950 -0.389705
v 0.215848 1.376098 -0.384232
v 0.220180 1.368477 -0.403083
v 0.218473 1.375188 -0.387416
v 0.219105 1.377183 -0.367265
v 0.222026 1.368560 -0.403489
v 0.219937 1.374800 -0.390060
v 0.223681 1.369042 -0.403886
v 0.221009 1.375704 -0.387460
v 0.225147 1.370246 -0.404047
v 0.222614 1.376484 -0.388638
v 0.226855 1.373305 -0.400893
v 0.223512 1.379859 -0.376012
v -0.212573 1.369915 -0.143979
v -0.215249 1.368765 -0.143042
v -0.214024 1.374897 -0.156326
v -0.212916 1.376096 -0.161785
v -0.217191 1.368306 -0.142971
v -0.215481 1.375074 -0.158632
v -0.216155 1.377151 -0.178761
v -0.218983 1.368237 -0.142599
v -0.216882 1.374564 -0.156021
v -0.220573 1.368527 -0.142244
v -0.217901 1.375376 -0.158647
v -0.221972 1.369531 -0.142075
v -0.219420 1.375981 -0.157495
v -0.223697 1.372607 -0.144720
v -0.220375 1.379476 -0.170005
v -0.223252 1.371145 -0.404336
v -0.222116 1.369942 -0.404558
v -0.219566 1.375889 -0.390479
v -0.219916 1.376984 -0.385084
v -0.220743 1.369043 -0.403888
v -0.218226 1.375647 -0.387771
v -0.217516 1.377503 -0.367445
v -0.219083 1.368561 -0.403492
v -0.217069 1.374812 -0.390068
v -0.217231 1.368479 -0.403090
v -0.215580 1.375335 -0.387145
v -0.214457 1.369372 -0.402461
v -0.213058 1.375819 -0.387870
v -0.206732 1.373783 -0.398372
v -0.208164 1.380209 -0.375152
v -0.157478 0.865286 0.082471
v -0.152793 0.864163 0.084511
v -0.157108 0.862343 0.098097
v -0.161327 0.863438 0.097208
v -0.150413 0.864165 0.085332
v -0.154795 0.862260 0.098806
v -0.155840 0.862286 0.102311
v -0.158029 0.862495 0.101775
v -0.162091 0.863704 0.100767
v -0.148469 0.864766 0.086051
v -0.152995 0.862781 0.099450
v -0.146763 0.865866 0.086783
v -0.151452 0.863818 0.100135
v -0.153068 0.863578 0.103417
v -0.154282 0.862638 0.102776
v -0.138225 0.885770 0.092126
v -0.144037 0.882783 0.106046
v -0.149506 0.867296 0.101365
v -0.144745 0.869107 0.087916
v -0.146074 0.882223 0.109066
v -0.151380 0.866976 0.104667
v -0.147894 0.882130 0.110298
v -0.152949 0.867126 0.105891
v -0.149946 0.882235 0.111066
v -0.154771 0.867455 0.106624
v -0.155860 0.864037 0.105054
v -0.154295 0.863764 0.104541
v -0.157205 0.884736 0.111062
v -0.161338 0.869289 0.106165
v -0.157100 0.868096 0.106829
v -0.152423 0.882698 0.111329
v -0.162116 0.866013 0.104379
v -0.158053 0.864607 0.105081
v -0.162226 0.864647 0.102708
v -0.158181 0.863337 0.103564
v -0.156076 0.862934 0.103828
v -0.154849 0.862939 0.103826
v -0.124557 0.899430 0.011878
v -0.120733 0.897797 0.013373
v -0.125332 0.884190 0.010053
v -0.129147 0.885795 0.008596
v -0.118893 0.896856 0.014747
v -0.123522 0.883290 0.011329
v -0.124927 0.879874 0.010933
v -0.126740 0.880630 0.009831
v -0.130579 0.882151 0.008448
v -0.117750 0.896080 0.016388
v -0.122452 0.882558 0.012810
v -0.117080 0.895388 0.018309
v -0.121885 0.881876 0.014570
v -0.123570 0.878691 0.013620
v -0.123932 0.879315 0.012130
v -0.121838 0.890705 0.035225
v -0.126420 0.878295 0.031649
v -0.122321 0.880996 0.018205
v -0.117418 0.894582 0.022059
v -0.128297 0.875332 0.030552
v -0.124180 0.877795 0.017099
v -0.130003 0.874232 0.029820
v -0.125732 0.876754 0.016440
v -0.131943 0.873633 0.029089
v -0.127517 0.876240 0.015756
v -0.126337 0.877401 0.012504
v -0.124837 0.877725 0.013140
v -0.138148 0.874641 0.027223
v -0.133862 0.877493 0.013823
v -0.129793 0.876334 0.014994
v -0.134268 0.873636 0.028328
v -0.132440 0.878892 0.010518
v -0.128443 0.877650 0.011725
v -0.131510 0.880372 0.009247
v -0.127606 0.878991 0.010530
v -0.125709 0.878486 0.011412
v -0.124717 0.878374 0.012112
v -0.008736 1.131553 0.100795
v -0.006901 1.133492 0.087119
v -0.000021 1.142085 0.090562
v -0.002652 1.139328 0.103773
v -0.006765 1.134758 0.083525
v 0.000179 1.143290 0.087062
v 0.001715 1.145974 0.088112
v 0.001448 1.144975 0.091538
v -0.001361 1.142163 0.104668
v -0.007398 1.135970 0.081814
v -0.000372 1.144390 0.085477
v -0.008418 1.137384 0.080467
v -0.001306 1.145716 0.084277
v 0.000490 1.147985 0.085806
v 0.001284 1.146801 0.086714
v -0.013162 1.142165 0.078860
v -0.005959 1.150456 0.082818
v -0.002827 1.147432 0.083430
v -0.009998 1.139139 0.079519
v -0.004028 1.152703 0.084666
v -0.000940 1.149665 0.085171
v -0.003234 1.153662 0.086438
v -0.000204 1.150574 0.086775
v -0.002774 1.154257 0.088469
v 0.000209 1.151086 0.088650
v 0.001436 1.149169 0.088690
v 0.001102 1.148856 0.087086
v -0.005626 1.151624 0.105611
v -0.002871 1.148511 0.105616
v -0.000077 1.150913 0.092338
v -0.003040 1.154151 0.092251
v -0.001725 1.146355 0.105450
v 0.001116 1.148822 0.092237
v -0.001275 1.144269 0.105128
v 0.001559 1.146905 0.091974
v 0.001888 1.147564 0.088568
v 0.001618 1.147769 0.087382
v -0.022086 1.119621 0.155329
v -0.015667 1.128321 0.158529
v -0.019266 1.125834 0.171722
v -0.025665 1.117826 0.169713
v -0.014445 1.131127 0.159389
v -0.017872 1.128634 0.172491
v -0.019173 1.128226 0.175875
v -0.020677 1.125607 0.175282
v -0.027094 1.117749 0.173176
v -0.014369 1.133216 0.159878
v -0.017762 1.130542 0.172919
v -0.014831 1.135278 0.160246
v -0.018218 1.132410 0.173267
v -0.019446 1.131339 0.176494
v -0.018964 1.129824 0.176155
v -0.019216 1.141601 0.160095
v -0.022570 1.137608 0.173983
v -0.019442 1.134451 0.173519
v -0.016009 1.137482 0.160444
v -0.023838 1.136168 0.177099
v -0.020725 1.133125 0.176809
v -0.025016 1.134815 0.178461
v -0.021800 1.131914 0.178079
v -0.026368 1.133257 0.179364
v -0.023029 1.130472 0.178877
v -0.021363 1.129165 0.178198
v -0.020367 1.130431 0.177628
v -0.036668 1.122526 0.178045
v -0.032082 1.120026 0.177230
v -0.025197 1.127955 0.178979
v -0.028571 1.130809 0.179599
v -0.030057 1.118896 0.176290
v -0.023332 1.126721 0.178126
v -0.028470 1.118179 0.174934
v -0.021911 1.125995 0.176900
v -0.020199 1.128441 0.177244
v -0.019706 1.129555 0.177148
v -0.129898 0.973168 0.144657
v -0.124040 0.975494 0.146988
v -0.123877 0.977750 0.149541
v -0.128967 0.975911 0.147686
v -0.121314 0.976596 0.147354
v -0.121197 0.979094 0.150236
v -0.121177 0.981034 0.152041
v -0.123692 0.979968 0.151411
v -0.128713 0.978206 0.149674
v -0.119155 0.977727 0.147328
v -0.119193 0.980425 0.150583
v -0.117291 0.978995 0.147127
v -0.117532 0.981838 0.150777
v -0.118233 0.983165 0.152643
v -0.119483 0.982005 0.152356
v -0.110163 0.991302 0.147372
v -0.111453 0.993988 0.152515
v -0.115745 0.984435 0.151023
v -0.115346 0.981330 0.146901
v -0.112793 0.994817 0.154656
v -0.116794 0.985560 0.153051
v -0.114480 0.995496 0.156015
v -0.118219 0.986352 0.154292
v -0.116472 0.996258 0.156843
v -0.119996 0.987070 0.154995
v -0.120815 0.984369 0.154179
v -0.119274 0.983976 0.153719
v -0.124584 0.997257 0.156105
v -0.127457 0.986562 0.153821
v -0.122467 0.987538 0.155046
v -0.119042 0.996984 0.157030
v -0.128134 0.983142 0.152663
v -0.123206 0.984362 0.154029
v -0.128457 0.980631 0.151326
v -0.123481 0.982177 0.152887
v -0.121110 0.982736 0.153302
v -0.119841 0.982967 0.153283
v -0.138141 0.943182 0.127162
v -0.132359 0.944472 0.128647
v -0.127602 0.959435 0.133058
v -0.132294 0.959264 0.132052
v -0.129487 0.945242 0.128757
v -0.124824 0.960145 0.133227
v -0.123874 0.963853 0.134735
v -0.126419 0.963506 0.134658
v -0.131078 0.963278 0.133729
v -0.127101 0.946174 0.128319
v -0.122615 0.961049 0.132950
v -0.124961 0.947297 0.127464
v -0.120702 0.962140 0.132360
v -0.120619 0.965201 0.134231
v -0.122054 0.964370 0.134520
v -0.120775 0.952813 0.127500
v -0.117616 0.967252 0.133827
v -0.119086 0.963645 0.131888
v -0.123080 0.948843 0.126547
v -0.118417 0.969170 0.136083
v -0.119422 0.966438 0.134145
v -0.120075 0.969670 0.137792
v -0.120782 0.967356 0.135812
v -0.122024 0.970422 0.139373
v -0.122513 0.968387 0.137331
v -0.123041 0.966937 0.136431
v -0.121548 0.966170 0.135438
v -0.129953 0.972556 0.141899
v -0.129649 0.969982 0.138736
v -0.124921 0.969445 0.138533
v -0.124522 0.971378 0.140723
v -0.129991 0.967922 0.136855
v -0.125364 0.967620 0.137117
v -0.130493 0.965681 0.135206
v -0.125880 0.965648 0.135861
v -0.123543 0.965491 0.135661
v -0.122257 0.965369 0.135276
v -0.267773 0.910577 0.048657
v -0.264342 0.909294 0.052764
v -0.272904 0.909478 0.064104
v -0.276308 0.910845 0.061263
v -0.262483 0.909210 0.054516
v -0.271075 0.909294 0.065756
v -0.273200 0.909828 0.068692
v -0.274961 0.910154 0.067224
v -0.278169 0.911611 0.064307
v -0.260928 0.909747 0.055928
v -0.269630 0.909749 0.067058
v -0.259545 0.910797 0.057222
v -0.268378 0.910741 0.068250
v -0.270954 0.911023 0.070775
v -0.271926 0.910110 0.069751
v -0.251294 0.930526 0.063527
v -0.261294 0.929990 0.074813
v -0.266636 0.914226 0.069857
v -0.257760 0.914000 0.058794
v -0.264071 0.930243 0.077028
v -0.269430 0.914485 0.072309
v -0.266003 0.930707 0.077561
v -0.271198 0.914931 0.072842
v -0.267964 0.931294 0.077510
v -0.272995 0.915511 0.072766
v -0.273934 0.911890 0.071157
v -0.272406 0.911436 0.071343
v -0.273995 0.934758 0.074156
v -0.278508 0.917861 0.069234
v -0.275040 0.916381 0.071907
v -0.270106 0.932173 0.076720
v -0.279106 0.914328 0.067518
v -0.275829 0.912639 0.070178
v -0.278831 0.912791 0.066009
v -0.275605 0.911217 0.068794
v -0.273855 0.910672 0.069997
v -0.272760 0.910579 0.070508
v -0.231301 0.911666 0.003121
v -0.222710 0.912533 -0.008172
v -0.219543 0.911153 -0.005130
v -0.228259 0.910451 0.005977
v -0.220133 0.913391 -0.010877
v -0.217065 0.911939 -0.007811
v -0.215504 0.911635 -0.006190
v -0.217786 0.910982 -0.003478
v -0.226431 0.910364 0.007634
v -0.218667 0.914622 -0.011883
v -0.215734 0.913050 -0.008755
v -0.217341 0.916220 -0.012491
v -0.214523 0.914526 -0.009271
v -0.213413 0.913784 -0.007388
v -0.214439 0.912523 -0.007086
v -0.210956 0.933335 -0.008896
v -0.208203 0.931542 -0.005551
v -0.212907 0.917986 -0.008935
v -0.215669 0.919754 -0.012231
v -0.207178 0.930640 -0.003352
v -0.211875 0.917119 -0.006858
v -0.206848 0.929994 -0.001221
v -0.211551 0.916507 -0.004927
v -0.207011 0.929499 0.000973
v -0.211745 0.916012 -0.002943
v -0.213308 0.912862 -0.004168
v -0.213036 0.913317 -0.005792
v -0.217428 0.927279 0.015653
v -0.221860 0.914888 0.011821
v -0.213458 0.915620 0.000430
v -0.208673 0.929187 0.004501
v -0.223500 0.911959 0.010322
v -0.215117 0.912451 -0.001028
v -0.224885 0.910905 0.009041
v -0.216382 0.911450 -0.002173
v -0.214371 0.911935 -0.005028
v -0.213834 0.912437 -0.006018
v -0.105543 1.163445 0.076572
v -0.100643 1.160697 0.063905
v -0.092768 1.168707 0.066512
v -0.098497 1.170660 0.078724
v -0.099471 1.160731 0.060181
v -0.091579 1.168707 0.062936
v -0.089662 1.171280 0.063515
v -0.090838 1.171460 0.066910
v -0.096710 1.173358 0.078973
v -0.099390 1.161422 0.057942
v -0.091479 1.169318 0.060898
v -0.099684 1.162475 0.055841
v -0.091744 1.170312 0.059007
v -0.089791 1.172598 0.060291
v -0.089563 1.171673 0.061798
v -0.102534 1.167248 0.050987
v -0.094543 1.175066 0.054354
v -0.092523 1.171878 0.057103
v -0.100493 1.164066 0.053797
v -0.092530 1.177394 0.056014
v -0.090532 1.174170 0.058646
v -0.091892 1.178693 0.057640
v -0.089925 1.175378 0.060104
v -0.091725 1.179808 0.059501
v -0.089785 1.176371 0.061820
v -0.089170 1.174430 0.062898
v -0.089244 1.173694 0.061405
v -0.098354 1.183142 0.075133
v -0.096586 1.179746 0.077190
v -0.090825 1.177417 0.065173
v -0.092754 1.180947 0.062933
v -0.096060 1.177517 0.078130
v -0.090249 1.175266 0.066158
v -0.096143 1.175427 0.078685
v -0.090301 1.173355 0.066691
v -0.089163 1.172856 0.063459
v -0.089124 1.172716 0.062209
v -0.330641 0.947911 -0.012427
v -0.340106 0.948716 -0.000674
v -0.342873 0.950980 -0.003708
v -0.334369 0.950818 -0.015059
v -0.342053 0.949538 0.002271
v -0.344898 0.951655 -0.000620
v -0.346091 0.953063 -0.001947
v -0.344164 0.952616 -0.004970
v -0.335721 0.952597 -0.016266
v -0.342728 0.950730 0.003945
v -0.345521 0.952718 0.000926
v -0.343026 0.952282 0.005423
v -0.345778 0.954166 0.002250
v -0.346806 0.955143 0.000422
v -0.346614 0.953847 -0.000586
v -0.337013 0.972185 0.012926
v -0.340170 0.973780 0.008656
v -0.345028 0.957937 0.003925
v -0.342378 0.955788 0.007182
v -0.341145 0.974748 0.006428
v -0.346037 0.958874 0.001838
v -0.341431 0.975491 0.004307
v -0.346336 0.959531 -0.000095
v -0.341232 0.976051 0.002108
v -0.346137 0.960003 -0.002105
v -0.346893 0.956066 -0.002823
v -0.347122 0.955773 -0.001140
v -0.330808 0.977734 -0.013688
v -0.336184 0.960505 -0.017163
v -0.344417 0.960363 -0.005528
v -0.339669 0.976512 -0.001258
v -0.336807 0.956571 -0.017458
v -0.345147 0.956247 -0.006044
v -0.336462 0.954480 -0.017023
v -0.344848 0.954323 -0.005690
v -0.346671 0.954437 -0.002658
v -0.346990 0.954619 -0.001473
v -0.274955 0.971339 -0.071077
v -0.279637 0.957740 -0.074380
v -0.282933 0.959566 -0.076959
v -0.278291 0.973161 -0.073644
v -0.281276 0.954184 -0.074603
v -0.284485 0.956065 -0.077218
v -0.286292 0.957047 -0.078141
v -0.284927 0.960493 -0.077807
v -0.280371 0.974102 -0.074459
v -0.282575 0.952568 -0.073958
v -0.285659 0.954558 -0.076638
v -0.284024 0.951322 -0.072922
v -0.287007 0.953444 -0.075666
v -0.288396 0.954874 -0.076843
v -0.287202 0.955706 -0.077684
v -0.295638 0.949854 -0.059329
v -0.298369 0.952026 -0.061928
v -0.289532 0.952670 -0.072970
v -0.286596 0.950455 -0.070190
v -0.299664 0.953752 -0.063156
v -0.290870 0.954307 -0.074216
v -0.300410 0.955640 -0.063924
v -0.291590 0.956027 -0.074939
v -0.300750 0.957733 -0.064376
v -0.291873 0.957960 -0.075344
v -0.289241 0.957911 -0.077786
v -0.289112 0.956266 -0.077454
v -0.296413 0.974167 -0.061036
v -0.286978 0.975677 -0.071547
v -0.291212 0.961753 -0.074970
v -0.300224 0.961365 -0.064108
v -0.284164 0.975310 -0.073974
v -0.288445 0.961536 -0.077381
v -0.282278 0.974784 -0.074500
v -0.286691 0.961115 -0.077886
v -0.287753 0.957661 -0.078294
v -0.288064 0.956483 -0.078015
v -0.164163 1.247735 0.015170
v -0.156656 1.254230 0.017959
v -0.150454 1.251613 0.006195
v -0.158737 1.244231 0.003053
v -0.154042 1.255684 0.019221
v -0.147781 1.253258 0.007477
v -0.145950 1.252179 0.004650
v -0.148432 1.250445 0.003410
v -0.156654 1.242970 0.000243
v -0.152189 1.255886 0.020329
v -0.146086 1.253477 0.008508
v -0.150396 1.255541 0.021503
v -0.144441 1.253115 0.009594
v -0.143171 1.252044 0.006424
v -0.144560 1.252465 0.005555
v -0.146072 1.251766 0.025122
v -0.140094 1.249029 0.013312
v -0.142701 1.251979 0.010915
v -0.148594 1.254479 0.022845
v -0.139009 1.247818 0.009916
v -0.141565 1.250820 0.007596
v -0.139124 1.246633 0.008094
v -0.141629 1.249736 0.005911
v -0.139717 1.245275 0.006505
v -0.142203 1.248491 0.004458
v -0.143695 1.250116 0.003799
v -0.143103 1.251131 0.005004
v -0.149665 1.235050 0.001529
v -0.152158 1.238387 -0.000409
v -0.144185 1.246192 0.002909
v -0.141696 1.242899 0.004876
v -0.153752 1.240248 -0.000872
v -0.145737 1.247970 0.002391
v -0.155216 1.241718 -0.000599
v -0.147107 1.249313 0.002601
v -0.144894 1.251227 0.003855
v -0.144107 1.251756 0.004663
v -0.250291 1.021862 0.104441
v -0.245642 1.024362 0.109405
v -0.246209 1.027729 0.112216
v -0.250332 1.026042 0.108270
v -0.243274 1.025596 0.111114
v -0.243932 1.028996 0.113964
v -0.244257 1.031314 0.115557
v -0.246369 1.030362 0.113953
v -0.250474 1.028765 0.110146
v -0.241272 1.026810 0.112116
v -0.242140 1.030268 0.115053
v -0.239448 1.028106 0.112727
v -0.240585 1.031641 0.115818
v -0.241623 1.033369 0.117189
v -0.242773 1.032215 0.116491
v -0.231906 1.040510 0.114360
v -0.234422 1.044078 0.118398
v -0.238795 1.034251 0.116495
v -0.237415 1.030435 0.113106
v -0.236126 1.045396 0.119838
v -0.240190 1.035832 0.117903
v -0.237849 1.046459 0.120415
v -0.241654 1.036977 0.118448
v -0.239627 1.047529 0.120350
v -0.243235 1.037978 0.118339
v -0.244101 1.035080 0.117485
v -0.242727 1.034468 0.117717
v -0.246234 1.049026 0.115934
v -0.249426 1.037872 0.113891
v -0.245255 1.038668 0.117300
v -0.241710 1.048487 0.119401
v -0.250179 1.034224 0.112825
v -0.246079 1.035261 0.116316
v -0.250430 1.031471 0.111617
v -0.246322 1.032843 0.115269
v -0.244349 1.033260 0.116644
v -0.243236 1.033383 0.117141
v -0.148399 1.183477 0.140471
v -0.144814 1.180150 0.142531
v -0.136763 1.187004 0.143804
v -0.139137 1.190435 0.141888
v -0.143135 1.178498 0.142902
v -0.135261 1.185288 0.144241
v -0.132822 1.187280 0.144113
v -0.134101 1.188994 0.143561
v -0.136443 1.192322 0.141562
v -0.141659 1.177174 0.142551
v -0.133948 1.184009 0.143947
v -0.140213 1.176022 0.141628
v -0.132630 1.182951 0.143070
v -0.130633 1.185315 0.143157
v -0.131781 1.186115 0.143965
v -0.131710 1.171441 0.126386
v -0.124058 1.179471 0.128455
v -0.130591 1.181827 0.140217
v -0.138237 1.174795 0.138952
v -0.122282 1.182121 0.128582
v -0.128655 1.184420 0.140334
v -0.121687 1.184172 0.128240
v -0.128070 1.186287 0.140004
v -0.121583 1.186252 0.127645
v -0.128009 1.188190 0.139434
v -0.130103 1.188435 0.142384
v -0.130031 1.186844 0.142851
v -0.123765 1.192786 0.123490
v -0.130645 1.193991 0.136397
v -0.128595 1.190363 0.138433
v -0.122074 1.188534 0.126600
v -0.132859 1.193888 0.139312
v -0.130827 1.190416 0.141483
v -0.134604 1.193277 0.140635
v -0.132424 1.189891 0.142722
v -0.131446 1.188117 0.143457
v -0.130995 1.187038 0.143614
v -0.190676 1.256295 0.064431
v -0.196340 1.258394 0.077935
v -0.188257 1.264758 0.079785
v -0.182221 1.263089 0.067574
v -0.197403 1.258304 0.081567
v -0.189483 1.264736 0.083434
v -0.186924 1.266261 0.084198
v -0.185578 1.266234 0.080813
v -0.179591 1.264446 0.068769
v -0.197547 1.257566 0.083870
v -0.189617 1.264099 0.085529
v -0.197334 1.256433 0.086017
v -0.189349 1.263102 0.087478
v -0.186801 1.264928 0.087499
v -0.187148 1.265752 0.085918
v -0.195024 1.250454 0.091568
v -0.186396 1.258414 0.092294
v -0.188561 1.261517 0.089446
v -0.196676 1.254692 0.088117
v -0.183762 1.260396 0.091908
v -0.185892 1.263498 0.089227
v -0.181934 1.261361 0.090980
v -0.184217 1.264386 0.088415
v -0.180207 1.261992 0.089654
v -0.182664 1.264956 0.087178
v -0.184138 1.266118 0.085830
v -0.185362 1.265656 0.086956
v -0.170410 1.259891 0.074537
v -0.174023 1.263194 0.072290
v -0.180479 1.264950 0.084138
v -0.177954 1.262035 0.086795
v -0.175914 1.264284 0.070982
v -0.182211 1.266073 0.082809
v -0.177718 1.264635 0.069837
v -0.183849 1.266431 0.081748
v -0.185443 1.266505 0.084863
v -0.186011 1.266154 0.085976
v -0.314024 1.059957 0.042617
v -0.314997 1.064838 0.045544
v -0.316957 1.070140 0.043595
v -0.316368 1.066642 0.040801
v -0.315166 1.067682 0.047386
v -0.317049 1.072833 0.045386
v -0.317650 1.075299 0.044351
v -0.317526 1.073019 0.042576
v -0.316943 1.069571 0.039652
v -0.315012 1.070401 0.048967
v -0.316872 1.075319 0.046828
v -0.314609 1.073113 0.050342
v -0.316497 1.077721 0.048016
v -0.317295 1.079073 0.046473
v -0.317550 1.077201 0.045620
v -0.308694 1.088728 0.055297
v -0.311218 1.092503 0.051884
v -0.315429 1.081280 0.049241
v -0.313527 1.076792 0.051744
v -0.312172 1.093345 0.049847
v -0.316361 1.082249 0.047386
v -0.312577 1.093524 0.047760
v -0.316797 1.082328 0.045511
v -0.312552 1.093393 0.045515
v -0.316858 1.081966 0.043471
v -0.317717 1.078865 0.043342
v -0.317652 1.079373 0.045009
v -0.310682 1.089665 0.037760
v -0.315785 1.077304 0.037029
v -0.316515 1.080887 0.041044
v -0.312053 1.092688 0.042906
v -0.316795 1.074162 0.037672
v -0.317473 1.077511 0.041209
v -0.317023 1.071965 0.038624
v -0.317631 1.075349 0.041814
v -0.317816 1.077107 0.043675
v -0.317775 1.078040 0.044811
v -0.238558 0.897570 0.061283
v -0.243642 0.896153 0.075723
v -0.247407 0.898231 0.074519
v -0.243159 0.900080 0.060894
v -0.244517 0.896435 0.079279
v -0.248291 0.898368 0.078229
v -0.250026 0.899756 0.077719
v -0.249232 0.899803 0.074135
v -0.245040 0.901753 0.060595
v -0.244651 0.897374 0.081238
v -0.248410 0.899198 0.080035
v -0.244541 0.898757 0.082911
v -0.248314 0.900488 0.081544
v -0.250044 0.901509 0.080460
v -0.250094 0.900344 0.079277
v -0.238285 0.917020 0.089874
v -0.242777 0.918654 0.087759
v -0.247396 0.904009 0.083283
v -0.243652 0.902021 0.084703
v -0.244551 0.919883 0.086398
v -0.249202 0.905027 0.081987
v -0.245599 0.921014 0.084816
v -0.250254 0.905847 0.080496
v -0.246157 0.922057 0.082946
v -0.250821 0.906546 0.078705
v -0.251403 0.902705 0.077729
v -0.250980 0.902241 0.079284
v -0.241509 0.926895 0.065136
v -0.246487 0.909581 0.061328
v -0.250389 0.907435 0.075011
v -0.245767 0.923277 0.079476
v -0.246868 0.905658 0.060615
v -0.250898 0.903368 0.074149
v -0.246199 0.903591 0.060501
v -0.250306 0.901473 0.074021
v -0.250969 0.901114 0.077519
v -0.250853 0.901151 0.078745
v -0.207061 0.932279 -0.009713
v -0.211620 0.918618 -0.013013
v -0.215702 0.920162 -0.013621
v -0.211180 0.933816 -0.010314
v -0.213020 0.914943 -0.013174
v -0.217030 0.916553 -0.013820
v -0.219146 0.917371 -0.013711
v -0.217990 0.920900 -0.013406
v -0.213557 0.934561 -0.010055
v -0.213934 0.913141 -0.012372
v -0.217847 0.914885 -0.013106
v -0.214859 0.911653 -0.011083
v -0.218706 0.913548 -0.011910
v -0.220531 0.914886 -0.012132
v -0.219752 0.915915 -0.013180
v -0.221145 0.907660 0.005520
v -0.224744 0.909598 0.004669
v -0.220117 0.912246 -0.008641
v -0.216285 0.910265 -0.007753
v -0.226568 0.911221 0.004349
v -0.221954 0.913789 -0.008940
v -0.227733 0.913056 0.004274
v -0.223045 0.915450 -0.008999
v -0.228404 0.915123 0.004393
v -0.223630 0.917349 -0.008895
v -0.221918 0.917830 -0.012094
v -0.221535 0.916210 -0.012139
v -0.224426 0.931539 0.008432
v -0.219101 0.935062 -0.004516
v -0.223196 0.921135 -0.008162
v -0.228104 0.918743 0.005085
v -0.217200 0.935256 -0.007888
v -0.221338 0.921465 -0.011447
v -0.215501 0.935012 -0.009213
v -0.219780 0.921308 -0.012664
v -0.220644 0.917809 -0.013155
v -0.220745 0.916599 -0.012987
v -0.093286 1.207223 0.095777
v -0.086429 1.214306 0.098802
v -0.083114 1.216456 0.085620
v -0.090664 1.208465 0.082133
v -0.083816 1.215958 0.099779
v -0.080472 1.218293 0.086671
v -0.079290 1.218472 0.083303
v -0.081716 1.216586 0.082196
v -0.089194 1.208533 0.078625
v -0.081768 1.216305 0.100358
v -0.078599 1.218645 0.087217
v -0.079672 1.216112 0.100834
v -0.076669 1.218436 0.087626
v -0.076132 1.218588 0.084094
v -0.077762 1.218848 0.083843
v -0.074034 1.212843 0.101565
v -0.070937 1.214912 0.088234
v -0.074475 1.217493 0.087932
v -0.077421 1.215227 0.101204
v -0.070619 1.214971 0.084455
v -0.074098 1.217585 0.084250
v -0.071032 1.214334 0.082427
v -0.074444 1.217013 0.082381
v -0.071787 1.213340 0.080658
v -0.075167 1.216092 0.080778
v -0.077023 1.217354 0.081214
v -0.076306 1.218131 0.082500
v -0.080879 1.202765 0.074854
v -0.084265 1.205602 0.075124
v -0.077069 1.213872 0.079035
v -0.073691 1.211069 0.078811
v -0.086229 1.207020 0.075857
v -0.078983 1.215232 0.079675
v -0.087820 1.207946 0.077042
v -0.080468 1.216074 0.080726
v -0.078337 1.218058 0.081993
v -0.077456 1.218536 0.082694
v -0.107271 1.195820 0.150378
v -0.109548 1.192864 0.164830
v -0.102427 1.200233 0.166871
v -0.099527 1.203342 0.153634
v -0.109619 1.191576 0.168353
v -0.102662 1.198963 0.170485
v -0.100273 1.200790 0.171123
v -0.099849 1.201976 0.167697
v -0.096927 1.204921 0.154563
v -0.109053 1.190261 0.170213
v -0.102155 1.197795 0.172197
v -0.108124 1.188709 0.171714
v -0.101242 1.196426 0.173561
v -0.099094 1.198714 0.173640
v -0.099965 1.199813 0.172564
v -0.103684 1.182393 0.174129
v -0.096569 1.191628 0.175626
v -0.099750 1.194644 0.174619
v -0.106700 1.186725 0.172862
v -0.094459 1.194170 0.175377
v -0.097566 1.197156 0.174511
v -0.093098 1.195725 0.174465
v -0.096308 1.198575 0.173707
v -0.091892 1.197057 0.173096
v -0.095233 1.199788 0.172432
v -0.097163 1.200874 0.171932
v -0.097970 1.199864 0.173074
v -0.086073 1.201431 0.156141
v -0.090505 1.204142 0.156054
v -0.093930 1.201100 0.169138
v -0.090489 1.198382 0.169980
v -0.092812 1.205051 0.155662
v -0.096091 1.202085 0.168696
v -0.094891 1.205259 0.155155
v -0.097988 1.202320 0.168218
v -0.098724 1.201189 0.171476
v -0.098925 1.200437 0.172498
v -0.212405 1.006020 0.123095
v -0.212642 1.009458 0.125867
v -0.215446 1.014456 0.125662
v -0.215621 1.012031 0.123069
v -0.212298 1.011951 0.127935
v -0.215048 1.016828 0.127643
v -0.216135 1.019273 0.127320
v -0.216522 1.017272 0.125370
v -0.216772 1.014675 0.122421
v -0.211731 1.014501 0.129739
v -0.214502 1.019168 0.129276
v -0.211009 1.017105 0.131262
v -0.213860 1.021488 0.130595
v -0.215247 1.022863 0.129712
v -0.215691 1.021048 0.128735
v -0.204283 1.032879 0.136097
v -0.208059 1.036488 0.134567
v -0.212585 1.025052 0.131884
v -0.209671 1.020761 0.132720
v -0.209716 1.037404 0.133225
v -0.214177 1.026065 0.130711
v -0.210836 1.037742 0.131526
v -0.215261 1.026272 0.129192
v -0.211589 1.037823 0.129470
v -0.216022 1.026088 0.127311
v -0.216760 1.022903 0.127003
v -0.216130 1.023261 0.128569
v -0.212345 1.035073 0.121182
v -0.217039 1.022243 0.120393
v -0.216499 1.025276 0.124819
v -0.211991 1.037416 0.126814
v -0.217630 1.019036 0.120919
v -0.217213 1.021802 0.124781
v -0.217375 1.016907 0.121672
v -0.217033 1.019608 0.125061
v -0.216642 1.021112 0.127057
v -0.216246 1.021935 0.128220
v -0.219221 0.975465 0.105973
v -0.214550 0.992016 0.110556
v -0.217825 0.995359 0.109481
v -0.222668 0.980428 0.105055
v -0.213425 0.996067 0.112209
v -0.216609 0.999417 0.111088
v -0.218021 1.001339 0.110131
v -0.219188 0.997718 0.108567
v -0.224033 0.982883 0.104063
v -0.212863 0.998479 0.113680
v -0.216072 1.001560 0.112291
v -0.212428 1.000746 0.115311
v -0.215651 1.003570 0.113523
v -0.217266 1.004455 0.111807
v -0.217560 1.002926 0.111091
v -0.211593 1.005063 0.120565
v -0.215279 1.007515 0.117005
v -0.215349 1.005452 0.114901
v -0.212107 1.002815 0.117187
v -0.216898 1.008199 0.114579
v -0.217041 1.006026 0.112627
v -0.217941 1.008637 0.112215
v -0.218154 1.006128 0.110364
v -0.218581 1.009053 0.109903
v -0.218897 1.006047 0.108146
v -0.218982 1.004366 0.108524
v -0.218282 1.004687 0.110158
v -0.224056 0.993938 0.100502
v -0.224786 0.989338 0.099968
v -0.219961 1.003810 0.105523
v -0.219371 1.007769 0.107230
v -0.225002 0.987127 0.101326
v -0.220122 1.001725 0.106377
v -0.224749 0.985050 0.102811
v -0.219876 0.999775 0.107532
v -0.218740 1.002868 0.109251
v -0.218286 1.003605 0.110180
v 0.330354 0.971463 -0.014705
v 0.333312 0.975185 -0.016889
v 0.343008 0.976237 -0.006336
v 0.340919 0.973298 -0.003731
v 0.334255 0.977297 -0.017883
v 0.343927 0.978210 -0.007395
v 0.346081 0.978797 -0.004499
v 0.345208 0.977051 -0.003352
v 0.342982 0.974244 -0.000873
v 0.334625 0.979359 -0.018401
v 0.344281 0.980092 -0.007905
v 0.334601 0.981512 -0.018540
v 0.344245 0.982071 -0.007997
v 0.346347 0.981999 -0.004995
v 0.346397 0.980338 -0.005041
v 0.325188 1.000593 -0.011838
v 0.335705 1.000028 -0.000633
v 0.342874 0.985862 -0.006927
v 0.333349 0.985194 -0.017682
v 0.337794 0.999368 0.002330
v 0.345005 0.985562 -0.003783
v 0.338383 0.998425 0.004228
v 0.345455 0.984935 -0.001942
v 0.338480 0.997234 0.006067
v 0.345405 0.984022 -0.000174
v 0.346647 0.980776 -0.001978
v 0.346761 0.981610 -0.003419
v 0.335461 0.993095 0.011787
v 0.342678 0.979873 0.004523
v 0.344691 0.982688 0.001721
v 0.337910 0.995716 0.008014
v 0.343725 0.976853 0.002446
v 0.345888 0.979438 -0.000314
v 0.343577 0.975396 0.000857
v 0.345771 0.978078 -0.001752
v 0.346589 0.979551 -0.003102
v 0.346788 0.980477 -0.003882
v 0.263841 0.987023 -0.065370
v 0.266659 0.989614 -0.067575
v 0.273524 0.977631 -0.072734
v 0.270753 0.975046 -0.070522
v 0.268566 0.991033 -0.068290
v 0.275331 0.979010 -0.073473
v 0.277305 0.975983 -0.074332
v 0.275718 0.974593 -0.073543
v 0.273053 0.971974 -0.071307
v 0.270418 0.992117 -0.068319
v 0.277030 0.980001 -0.073538
v 0.272316 0.992999 -0.067834
v 0.278796 0.980749 -0.073085
v 0.280185 0.977418 -0.074014
v 0.278676 0.976900 -0.074453
v 0.286241 0.993488 -0.056147
v 0.292070 0.982053 -0.060953
v 0.281794 0.981362 -0.070891
v 0.275354 0.993770 -0.065597
v 0.293169 0.978640 -0.061756
v 0.283062 0.977832 -0.071815
v 0.293191 0.976487 -0.061617
v 0.283117 0.975855 -0.071703
v 0.292813 0.974424 -0.061108
v 0.282735 0.973971 -0.071226
v 0.279913 0.974216 -0.073527
v 0.280353 0.975765 -0.073937
v 0.289803 0.969564 -0.057897
v 0.279479 0.969110 -0.067860
v 0.281778 0.972012 -0.070218
v 0.291915 0.972380 -0.060109
v 0.276489 0.969643 -0.070243
v 0.278861 0.972460 -0.072570
v 0.274721 0.970636 -0.070990
v 0.277229 0.973340 -0.073270
v 0.278501 0.974842 -0.074141
v 0.279215 0.975801 -0.074378
v 0.174571 1.232104 0.019294
v 0.164316 1.229213 0.010314
v 0.161544 1.240296 0.011894
v 0.171947 1.241973 0.020725
v 0.161016 1.228594 0.008508
v 0.158361 1.239730 0.010079
v 0.157377 1.242720 0.010946
v 0.160349 1.243317 0.012848
v 0.170708 1.244800 0.021717
v 0.158887 1.228098 0.008360
v 0.156412 1.239285 0.009910
v 0.156793 1.227559 0.008777
v 0.154493 1.238821 0.010327
v 0.154172 1.241972 0.011150
v 0.155770 1.242293 0.010699
v 0.151467 1.225905 0.012882
v 0.149312 1.237270 0.014449
v 0.152431 1.238259 0.011513
v 0.154625 1.226935 0.009955
v 0.149244 1.240636 0.015379
v 0.152294 1.241542 0.012397
v 0.149867 1.242430 0.016418
v 0.152832 1.243202 0.013344
v 0.150873 1.243881 0.017672
v 0.153785 1.244512 0.014494
v 0.155404 1.244433 0.012895
v 0.154501 1.243392 0.011954
v 0.163782 1.246982 0.029190
v 0.166497 1.247405 0.026071
v 0.156332 1.245635 0.016936
v 0.153438 1.245091 0.020192
v 0.168137 1.247056 0.024288
v 0.157977 1.245383 0.015193
v 0.169506 1.246162 0.022880
v 0.159262 1.244596 0.013902
v 0.156559 1.243873 0.011824
v 0.155572 1.243318 0.011335
v 0.217504 1.236860 0.057093
v 0.214415 1.247558 0.058859
v 0.224451 1.248643 0.068414
v 0.227839 1.238789 0.067694
v 0.213162 1.250305 0.059859
v 0.223170 1.251479 0.069245
v 0.225514 1.251595 0.072038
v 0.226763 1.248842 0.071468
v 0.229976 1.239015 0.070763
v 0.211989 1.251661 0.061039
v 0.222093 1.252742 0.070285
v 0.210667 1.252552 0.062474
v 0.220898 1.253527 0.071617
v 0.223630 1.253285 0.073972
v 0.224579 1.252711 0.072784
v 0.205259 1.252552 0.067949
v 0.216890 1.253291 0.077127
v 0.219386 1.253788 0.073454
v 0.209008 1.252913 0.064317
v 0.219809 1.252779 0.079275
v 0.222335 1.253393 0.075771
v 0.221504 1.251700 0.080293
v 0.223883 1.252433 0.076728
v 0.223013 1.250205 0.081041
v 0.225257 1.251050 0.077381
v 0.226026 1.251347 0.075316
v 0.224893 1.252549 0.074878
v 0.228187 1.236233 0.082044
v 0.230213 1.238041 0.077508
v 0.226788 1.248119 0.077720
v 0.224576 1.247336 0.081516
v 0.230738 1.238602 0.075127
v 0.227419 1.248536 0.075450
v 0.230613 1.238889 0.072942
v 0.227360 1.248746 0.073449
v 0.226105 1.251468 0.073652
v 0.225316 1.252395 0.073767
v 0.298470 1.073692 0.054570
v 0.299320 1.080243 0.053340
v 0.299423 1.082556 0.055846
v 0.298667 1.077025 0.057102
v 0.299220 1.083024 0.052321
v 0.299361 1.085557 0.055171
v 0.299169 1.087304 0.057154
v 0.299100 1.084599 0.057888
v 0.298378 1.079208 0.059209
v 0.298743 1.085240 0.051427
v 0.298963 1.087909 0.054700
v 0.298000 1.087241 0.050671
v 0.298345 1.089985 0.054387
v 0.298518 1.090886 0.056599
v 0.298958 1.089218 0.056703
v 0.290439 1.099244 0.051700
v 0.291723 1.101695 0.056960
v 0.296927 1.092806 0.054547
v 0.296482 1.089858 0.050316
v 0.292334 1.101957 0.059534
v 0.297296 1.093401 0.056994
v 0.292472 1.101575 0.061767
v 0.297317 1.093230 0.059036
v 0.292143 1.100801 0.063896
v 0.296973 1.092546 0.060928
v 0.298246 1.090178 0.059745
v 0.298478 1.090951 0.058299
v 0.289578 1.094936 0.069032
v 0.295315 1.086203 0.064711
v 0.296257 1.090954 0.062739
v 0.291316 1.099323 0.065969
v 0.296903 1.083426 0.062905
v 0.297753 1.088315 0.061169
v 0.297772 1.081330 0.061159
v 0.298524 1.086504 0.059660
v 0.298791 1.088747 0.058659
v 0.298822 1.089818 0.057941
v 0.307096 1.044760 0.035549
v 0.308116 1.050376 0.033376
v 0.301028 1.063623 0.039722
v 0.299698 1.059608 0.041996
v 0.308110 1.052991 0.031956
v 0.301088 1.066158 0.038372
v 0.299572 1.069428 0.040353
v 0.299348 1.067298 0.041772
v 0.298117 1.063308 0.044049
v 0.307539 1.055113 0.030568
v 0.300615 1.068194 0.037188
v 0.306509 1.056989 0.029159
v 0.299749 1.069985 0.036076
v 0.298799 1.072400 0.038554
v 0.299355 1.070991 0.039285
v 0.303235 1.063088 0.028942
v 0.297543 1.075596 0.037289
v 0.298612 1.071819 0.035410
v 0.305088 1.058873 0.028060
v 0.297531 1.076886 0.040071
v 0.298045 1.073927 0.038282
v 0.298039 1.076566 0.042430
v 0.298270 1.074037 0.040607
v 0.298229 1.076112 0.045003
v 0.298254 1.073870 0.043125
v 0.298613 1.072352 0.042254
v 0.298752 1.072684 0.040337
v 0.297057 1.072255 0.052589
v 0.296853 1.069889 0.049259
v 0.297892 1.073086 0.045885
v 0.298025 1.075263 0.047868
v 0.297029 1.067807 0.047379
v 0.298192 1.071232 0.044468
v 0.297464 1.065598 0.045669
v 0.298693 1.069309 0.043133
v 0.299061 1.070907 0.041450
v 0.299105 1.071662 0.040333
v 0.256598 0.899366 0.054010
v 0.260847 0.902860 0.053863
v 0.266884 0.900908 0.066579
v 0.263426 0.897970 0.067547
v 0.262390 0.904894 0.053752
v 0.268427 0.902828 0.066380
v 0.269653 0.902651 0.069827
v 0.268141 0.900929 0.070162
v 0.264601 0.898156 0.070997
v 0.263205 0.906898 0.053893
v 0.269210 0.904663 0.066485
v 0.263541 0.909000 0.054294
v 0.269497 0.906596 0.066879
v 0.270556 0.905785 0.070243
v 0.270370 0.904171 0.069812
v 0.254851 0.928145 0.061711
v 0.261133 0.924707 0.074992
v 0.268340 0.910383 0.068321
v 0.262571 0.912657 0.055562
v 0.261971 0.923609 0.078273
v 0.269330 0.909368 0.071766
v 0.261672 0.922607 0.080046
v 0.269070 0.908480 0.073426
v 0.260886 0.921424 0.081520
v 0.268300 0.907405 0.074777
v 0.269689 0.904150 0.072763
v 0.270396 0.905131 0.071709
v 0.255130 0.917422 0.084758
v 0.263318 0.903134 0.077083
v 0.266756 0.905995 0.075917
v 0.259365 0.919971 0.082770
v 0.264628 0.900140 0.074823
v 0.268176 0.902741 0.073679
v 0.264776 0.898944 0.073016
v 0.268316 0.901618 0.072035
v 0.269807 0.903112 0.071442
v 0.270399 0.904086 0.071028
v 0.231383 0.909748 0.002422
v 0.224621 0.912298 -0.009820
v 0.228183 0.915129 -0.010516
v 0.234680 0.912501 0.001760
v 0.222618 0.913645 -0.012797
v 0.226231 0.916373 -0.013447
v 0.227796 0.918016 -0.013546
v 0.229705 0.917003 -0.010663
v 0.236156 0.914474 0.001609
v 0.221296 0.915014 -0.013826
v 0.225016 0.917600 -0.014403
v 0.219953 0.916626 -0.014353
v 0.223803 0.919096 -0.014852
v 0.225786 0.920268 -0.014692
v 0.226730 0.918943 -0.014402
v 0.211030 0.931925 -0.008614
v 0.215025 0.934343 -0.009036
v 0.221792 0.922283 -0.014146
v 0.217846 0.919865 -0.013699
v 0.217321 0.935488 -0.008693
v 0.223982 0.923405 -0.013868
v 0.219270 0.936220 -0.007836
v 0.225771 0.924072 -0.013121
v 0.221071 0.936685 -0.006561
v 0.227426 0.924432 -0.011958
v 0.228626 0.921106 -0.013124
v 0.227255 0.920923 -0.014127
v 0.230776 0.933354 0.008394
v 0.236444 0.921944 0.003340
v 0.229683 0.924242 -0.008904
v 0.223382 0.936636 -0.003405
v 0.237289 0.918571 0.002146
v 0.230726 0.920743 -0.010164
v 0.236963 0.916471 0.001753
v 0.230474 0.918815 -0.010525
v 0.228545 0.919479 -0.013400
v 0.227609 0.919767 -0.014149
v 0.119179 1.166762 0.079604
v 0.113502 1.164078 0.067252
v 0.110757 1.175277 0.067413
v 0.116567 1.176737 0.079655
v 0.111178 1.163534 0.064162
v 0.108560 1.174785 0.064390
v 0.107403 1.177821 0.064668
v 0.109351 1.178348 0.067647
v 0.115078 1.179614 0.079862
v 0.109193 1.163095 0.062996
v 0.106770 1.174395 0.063304
v 0.106975 1.162618 0.062316
v 0.104740 1.173990 0.062712
v 0.104270 1.177174 0.063288
v 0.105986 1.177439 0.063690
v 0.099795 1.161126 0.063154
v 0.097718 1.172605 0.063637
v 0.102202 1.173498 0.062691
v 0.104320 1.162061 0.062235
v 0.097479 1.176002 0.064431
v 0.101907 1.176814 0.063408
v 0.097733 1.177803 0.065626
v 0.102110 1.178479 0.064477
v 0.098199 1.179244 0.067188
v 0.102562 1.179778 0.065911
v 0.104792 1.179627 0.065349
v 0.104313 1.178601 0.064127
v 0.105150 1.182086 0.082778
v 0.109280 1.182411 0.081462
v 0.103878 1.180850 0.069157
v 0.099502 1.180405 0.070519
v 0.111610 1.181987 0.080742
v 0.106190 1.180523 0.068469
v 0.113481 1.181028 0.080227
v 0.107922 1.179675 0.067999
v 0.106308 1.179013 0.065008
v 0.105579 1.178482 0.064129
v 0.178226 0.848176 0.071756
v 0.183940 0.846035 0.085581
v 0.179810 0.843978 0.086417
v 0.173740 0.845893 0.073741
v 0.184993 0.846148 0.089048
v 0.181052 0.844009 0.089960
v 0.178945 0.843344 0.090497
v 0.177566 0.843386 0.087159
v 0.171420 0.845353 0.074619
v 0.185139 0.846922 0.091063
v 0.181214 0.844705 0.091802
v 0.184954 0.848096 0.092871
v 0.181009 0.845795 0.093441
v 0.178907 0.844831 0.093367
v 0.179203 0.843895 0.092037
v 0.176568 0.866113 0.102548
v 0.172030 0.862927 0.102554
v 0.179525 0.849013 0.095683
v 0.183702 0.851130 0.095114
v 0.169676 0.861844 0.102189
v 0.177282 0.847942 0.095415
v 0.167670 0.861200 0.101354
v 0.175462 0.847316 0.094671
v 0.165826 0.860795 0.100081
v 0.173808 0.846938 0.093479
v 0.176052 0.843997 0.091773
v 0.177353 0.844322 0.092856
v 0.155764 0.863412 0.084178
v 0.165017 0.848859 0.077822
v 0.171542 0.847097 0.090373
v 0.163498 0.860911 0.097156
v 0.167564 0.846185 0.076302
v 0.174054 0.844159 0.088701
v 0.169426 0.845502 0.075439
v 0.175734 0.843499 0.087888
v 0.177379 0.843362 0.091020
v 0.177987 0.843679 0.092054
v 0.131250 0.879816 0.009452
v 0.138106 0.867780 0.004360
v 0.134509 0.865269 0.005628
v 0.127658 0.877276 0.010751
v 0.140259 0.864570 0.003699
v 0.136613 0.862138 0.004912
v 0.134984 0.860942 0.005910
v 0.132940 0.863930 0.006767
v 0.126086 0.875894 0.011973
v 0.141644 0.862982 0.004223
v 0.137897 0.860678 0.005364
v 0.143000 0.861631 0.005255
v 0.139130 0.859449 0.006348
v 0.137076 0.858706 0.007116
v 0.136110 0.859721 0.006189
v 0.151233 0.857377 0.020614
v 0.147468 0.855467 0.021661
v 0.141076 0.858181 0.009324
v 0.145029 0.860293 0.008241
v 0.145180 0.854933 0.022466
v 0.138834 0.857561 0.010105
v 0.143175 0.855077 0.023285
v 0.136986 0.857652 0.010862
v 0.141301 0.855758 0.024136
v 0.135268 0.858309 0.011636
v 0.134106 0.859318 0.008392
v 0.135541 0.858669 0.007796
v 0.132360 0.869054 0.030718
v 0.125797 0.872885 0.018716
v 0.132882 0.860968 0.013120
v 0.138938 0.858189 0.025568
v 0.124905 0.873868 0.015225
v 0.131886 0.862001 0.009736
v 0.125247 0.874804 0.013460
v 0.132143 0.862902 0.008114
v 0.134194 0.860109 0.007012
v 0.135181 0.859356 0.006870
v 0.007306 1.143606 0.115092
v 0.005718 1.153793 0.114937
v 0.000766 1.152510 0.102385
v 0.002631 1.141130 0.102422
v 0.005944 1.157024 0.114711
v 0.000878 1.155895 0.102219
v 0.000071 1.155604 0.098788
v 0.000083 1.152331 0.098820
v 0.002009 1.140938 0.098761
v 0.006848 1.158956 0.114323
v 0.001692 1.157687 0.101889
v 0.008182 1.160578 0.113773
v 0.002954 1.159155 0.101371
v 0.001819 1.158312 0.098083
v 0.000701 1.157153 0.098602
v 0.014057 1.163231 0.111653
v 0.009124 1.161698 0.099162
v 0.004950 1.160373 0.100600
v 0.010148 1.161892 0.113009
v 0.007907 1.160555 0.095787
v 0.003756 1.159326 0.097265
v 0.007526 1.159132 0.094185
v 0.003402 1.158047 0.095761
v 0.007347 1.157346 0.092959
v 0.003235 1.156390 0.094659
v 0.001369 1.155874 0.095906
v 0.001540 1.157328 0.096738
v 0.009765 1.142491 0.091644
v 0.005637 1.141636 0.093471
v 0.003533 1.153075 0.093928
v 0.007648 1.153962 0.092142
v 0.003715 1.141245 0.095010
v 0.001641 1.152650 0.095370
v 0.002590 1.141030 0.096762
v 0.000581 1.152415 0.096966
v 0.000404 1.155584 0.097193
v 0.000692 1.156772 0.097436
v 0.216287 0.993315 0.127155
v 0.218573 1.000070 0.128439
v 0.217923 1.002523 0.132061
v 0.215817 0.996992 0.131444
v 0.219217 1.003172 0.128556
v 0.218554 1.005589 0.132275
v 0.217889 1.007195 0.134511
v 0.217153 1.004476 0.134421
v 0.215078 0.999059 0.133921
v 0.219341 1.005714 0.128450
v 0.218660 1.008037 0.132384
v 0.219115 1.008013 0.128246
v 0.218437 1.010235 0.132483
v 0.217932 1.010904 0.134772
v 0.218108 1.009154 0.134554
v 0.212482 1.020919 0.129934
v 0.212185 1.022487 0.135662
v 0.217298 1.013233 0.132920
v 0.218021 1.010929 0.128216
v 0.211911 1.022463 0.138239
v 0.216864 1.013569 0.135395
v 0.211242 1.021954 0.140169
v 0.216157 1.013286 0.137176
v 0.210129 1.021158 0.141730
v 0.215097 1.012585 0.138553
v 0.216479 1.010061 0.137289
v 0.217306 1.010861 0.136292
v 0.204991 1.015266 0.143797
v 0.211167 1.006141 0.139631
v 0.213566 1.011027 0.139484
v 0.208453 1.019731 0.142876
v 0.212969 1.003222 0.137830
v 0.215237 1.008215 0.137887
v 0.214111 1.001101 0.136014
v 0.216246 1.006341 0.136315
v 0.217193 1.008581 0.136114
v 0.217621 1.009678 0.135775
v 0.140338 1.169919 0.156177
v 0.144722 1.171649 0.153737
v 0.141950 1.181849 0.152431
v 0.137788 1.181142 0.154238
v 0.146445 1.172180 0.152177
v 0.143734 1.182238 0.150997
v 0.142612 1.185084 0.150239
v 0.140788 1.184817 0.151458
v 0.136651 1.184048 0.153146
v 0.147413 1.172451 0.150432
v 0.144681 1.182432 0.149413
v 0.147870 1.172570 0.148420
v 0.145079 1.182523 0.147553
v 0.143758 1.185317 0.147376
v 0.143529 1.185190 0.148971
v 0.142394 1.170627 0.131337
v 0.139238 1.181460 0.131307
v 0.144321 1.182354 0.143953
v 0.147295 1.172368 0.144928
v 0.137699 1.184255 0.131422
v 0.142844 1.185236 0.143935
v 0.136084 1.185661 0.131728
v 0.141369 1.186540 0.144175
v 0.134197 1.186613 0.132199
v 0.139619 1.187377 0.144612
v 0.141069 1.187075 0.147921
v 0.142546 1.186464 0.147472
v 0.126322 1.186832 0.133830
v 0.132948 1.187297 0.146917
v 0.137279 1.187703 0.145306
v 0.131764 1.187052 0.132854
v 0.134607 1.186706 0.150127
v 0.138912 1.187233 0.148682
v 0.135645 1.185580 0.151808
v 0.139856 1.186232 0.150253
v 0.141795 1.186310 0.149316
v 0.142756 1.186137 0.148654
v 0.029684 1.147297 0.166943
v 0.036265 1.149385 0.180027
v 0.034239 1.159571 0.178851
v 0.028275 1.158493 0.166538
v 0.038585 1.149944 0.182965
v 0.036495 1.160052 0.181934
v 0.036327 1.163085 0.181459
v 0.034304 1.162772 0.178446
v 0.028530 1.161659 0.166218
v 0.040638 1.150337 0.184190
v 0.038336 1.160424 0.183066
v 0.042931 1.150728 0.184916
v 0.040408 1.160852 0.183692
v 0.039523 1.163749 0.182886
v 0.037811 1.163313 0.182467
v 0.051359 1.151442 0.184334
v 0.047517 1.162453 0.182801
v 0.043004 1.161366 0.183739
v 0.045706 1.151113 0.185063
v 0.046261 1.165339 0.181751
v 0.041866 1.164344 0.182772
v 0.045245 1.166869 0.180424
v 0.040958 1.165763 0.181583
v 0.044187 1.167991 0.178762
v 0.039975 1.166756 0.180060
v 0.037987 1.165740 0.180656
v 0.038872 1.165009 0.181945
v 0.037215 1.168388 0.162024
v 0.032719 1.166551 0.164353
v 0.038308 1.167218 0.176741
v 0.042616 1.168601 0.175535
v 0.030740 1.165200 0.165208
v 0.036317 1.165996 0.177496
v 0.029419 1.163583 0.165785
v 0.035075 1.164541 0.178024
v 0.036842 1.164588 0.181045
v 0.037747 1.164405 0.181957
v 0.136724 0.941593 0.145317
v 0.134989 0.944590 0.149937
v 0.129520 0.945176 0.152281
v 0.130279 0.942676 0.148599
v 0.134135 0.946688 0.152462
v 0.128754 0.947233 0.154660
v 0.126175 0.947690 0.155471
v 0.126659 0.945883 0.153265
v 0.127294 0.943355 0.149524
v 0.133251 0.948863 0.154561
v 0.127949 0.949246 0.156553
v 0.132274 0.951141 0.156368
v 0.127067 0.951266 0.158123
v 0.124923 0.950785 0.158248
v 0.125665 0.949267 0.157048
v 0.125270 0.965817 0.162608
v 0.119833 0.964599 0.163713
v 0.125489 0.954437 0.159784
v 0.130730 0.954455 0.158185
v 0.117701 0.963538 0.163400
v 0.123390 0.953532 0.159629
v 0.116106 0.962519 0.162414
v 0.122005 0.952518 0.158753
v 0.114702 0.961597 0.160919
v 0.120891 0.951488 0.157341
v 0.122907 0.949143 0.156443
v 0.123666 0.950108 0.157680
v 0.112520 0.958016 0.153176
v 0.120132 0.947320 0.150527
v 0.120105 0.950232 0.155110
v 0.113550 0.960586 0.158638
v 0.122669 0.945138 0.150196
v 0.122500 0.947780 0.154340
v 0.124859 0.944168 0.149977
v 0.124444 0.946746 0.153874
v 0.124386 0.948263 0.155943
v 0.124478 0.949231 0.157047
v 0.279323 0.919348 0.037689
v 0.289172 0.920368 0.049451
v 0.286236 0.918170 0.051999
v 0.276481 0.917067 0.041476
v 0.291203 0.921238 0.052384
v 0.288473 0.919016 0.054972
v 0.286839 0.918250 0.056363
v 0.284538 0.917482 0.053608
v 0.274757 0.916423 0.043219
v 0.291814 0.922396 0.054123
v 0.289063 0.920068 0.056556
v 0.291950 0.923862 0.055721
v 0.289155 0.921411 0.058018
v 0.287403 0.920230 0.058883
v 0.287445 0.919115 0.057652
v 0.284430 0.940981 0.064180
v 0.281084 0.937647 0.066419
v 0.287923 0.924648 0.060084
v 0.290935 0.926962 0.057726
v 0.278989 0.936436 0.067227
v 0.286018 0.923327 0.060860
v 0.276936 0.935635 0.067388
v 0.284251 0.922392 0.060946
v 0.274837 0.935043 0.067018
v 0.282452 0.921642 0.060480
v 0.284483 0.918783 0.058543
v 0.285929 0.919458 0.059055
v 0.260182 0.934207 0.054903
v 0.269340 0.919779 0.048047
v 0.279407 0.921007 0.058256
v 0.271695 0.934640 0.065107
v 0.271639 0.917131 0.046113
v 0.281689 0.918128 0.056245
v 0.273170 0.916492 0.044706
v 0.283074 0.917517 0.054954
v 0.285566 0.918184 0.057434
v 0.286379 0.918766 0.058153
v 0.211895 0.933981 -0.012076
v 0.218818 0.922006 -0.017271
v 0.216614 0.919517 -0.014379
v 0.209695 0.931462 -0.009159
v 0.221137 0.918936 -0.018098
v 0.218874 0.916521 -0.015247
v 0.218003 0.915406 -0.013471
v 0.215845 0.918270 -0.012461
v 0.208935 0.930169 -0.007154
v 0.222828 0.917601 -0.017800
v 0.220423 0.915297 -0.015007
v 0.224615 0.916614 -0.017049
v 0.222049 0.914403 -0.014291
v 0.220629 0.913654 -0.012681
v 0.219312 0.914382 -0.013389
v 0.237577 0.916197 -0.004286
v 0.235005 0.914186 -0.001681
v 0.224947 0.913916 -0.011894
v 0.227612 0.916094 -0.014642
v 0.233313 0.913551 -0.000009
v 0.223324 0.913237 -0.010236
v 0.231741 0.913621 0.001492
v 0.221901 0.913275 -0.008847
v 0.230213 0.914260 0.002903
v 0.220498 0.913885 -0.007574
v 0.218293 0.914189 -0.010480
v 0.219499 0.913599 -0.011464
v 0.221694 0.927548 0.010149
v 0.211359 0.928408 0.000106
v 0.218320 0.916509 -0.005722
v 0.228106 0.916679 0.004743
v 0.209277 0.928636 -0.003155
v 0.216190 0.916809 -0.008840
v 0.208849 0.929272 -0.005184
v 0.215748 0.917427 -0.010672
v 0.217809 0.914726 -0.011972
v 0.218781 0.914072 -0.012333
v 0.102380 1.206709 0.103218
v 0.100418 1.216811 0.103884
v 0.090586 1.215337 0.094367
v 0.092782 1.204051 0.093452
v 0.100310 1.220035 0.103565
v 0.090398 1.218711 0.094159
v 0.088211 1.218390 0.091352
v 0.088432 1.215132 0.091366
v 0.090628 1.203835 0.090324
v 0.100786 1.221987 0.102781
v 0.090820 1.220520 0.093468
v 0.101593 1.223646 0.101663
v 0.091566 1.222021 0.092406
v 0.089181 1.221136 0.089893
v 0.088554 1.219950 0.090887
v 0.105386 1.226438 0.097099
v 0.095478 1.224700 0.087593
v 0.092819 1.223291 0.090789
v 0.102856 1.225015 0.100076
v 0.092957 1.223505 0.085022
v 0.090350 1.222195 0.088257
v 0.091992 1.222069 0.083720
v 0.089455 1.220905 0.087041
v 0.091402 1.220286 0.082643
v 0.088928 1.219250 0.086081
v 0.087998 1.218692 0.088094
v 0.088416 1.220144 0.088794
v 0.093661 1.205568 0.080104
v 0.091225 1.204630 0.083678
v 0.089053 1.215962 0.085212
v 0.091493 1.216929 0.081687
v 0.090363 1.204190 0.086017
v 0.088178 1.215492 0.087433
v 0.090222 1.203943 0.088187
v 0.088025 1.215228 0.089416
v 0.087791 1.218379 0.089733
v 0.088061 1.219569 0.089827
v 0.144869 1.211293 0.141696
v 0.156307 1.213613 0.151001
v 0.153521 1.223683 0.151001
v 0.142890 1.222386 0.142136
v 0.159586 1.214241 0.152712
v 0.156822 1.224234 0.152882
v 0.156323 1.227251 0.152568
v 0.153241 1.226872 0.150650
v 0.142801 1.225543 0.141764
v 0.161878 1.214690 0.152952
v 0.158898 1.224658 0.153129
v 0.164161 1.215147 0.152629
v 0.160953 1.225147 0.152811
v 0.159707 1.228011 0.152499
v 0.158047 1.227522 0.152855
v 0.171088 1.216070 0.148554
v 0.166586 1.226917 0.149034
v 0.163200 1.225734 0.151747
v 0.166602 1.215609 0.151577
v 0.164930 1.229760 0.148652
v 0.161672 1.228671 0.151393
v 0.163420 1.231258 0.147890
v 0.160316 1.230062 0.150707
v 0.161739 1.232344 0.146841
v 0.158762 1.231021 0.149748
v 0.157321 1.229951 0.151138
v 0.158682 1.229250 0.151931
v 0.148188 1.232474 0.134319
v 0.145431 1.230543 0.138277
v 0.155824 1.231422 0.147409
v 0.158927 1.232895 0.144556
v 0.144127 1.229138 0.139898
v 0.154455 1.230146 0.148938
v 0.143291 1.227486 0.140991
v 0.153651 1.228657 0.149947
v 0.156528 1.228766 0.151981
v 0.157723 1.228612 0.152427
v 0.246540 1.020659 0.107886
v 0.245869 1.023384 0.111304
v 0.241647 1.023849 0.115157
v 0.241637 1.021423 0.112559
v 0.245505 1.025770 0.113492
v 0.241322 1.026178 0.117202
v 0.239154 1.026533 0.118764
v 0.239234 1.024423 0.116895
v 0.239097 1.021710 0.114044
v 0.244961 1.028252 0.115394
v 0.240812 1.028466 0.118918
v 0.244215 1.030770 0.117045
v 0.240122 1.030694 0.120364
v 0.238305 1.030038 0.121293
v 0.238891 1.028360 0.120158
v 0.237150 1.046094 0.122762
v 0.232886 1.044576 0.125784
v 0.238617 1.034049 0.121937
v 0.242767 1.034287 0.118724
v 0.231049 1.043294 0.126392
v 0.236833 1.032933 0.122653
v 0.229480 1.041972 0.126176
v 0.235486 1.031637 0.122471
v 0.227920 1.040650 0.125389
v 0.234234 1.030237 0.121683
v 0.236210 1.027870 0.120558
v 0.237104 1.029142 0.121305
v 0.224236 1.035406 0.119411
v 0.232216 1.024745 0.116257
v 0.233074 1.028481 0.120052
v 0.226370 1.039101 0.123784
v 0.234793 1.022799 0.115557
v 0.235445 1.026081 0.118954
v 0.236879 1.022152 0.114935
v 0.237250 1.025159 0.118052
v 0.237563 1.027027 0.119729
v 0.237811 1.028214 0.120576
v 0.256064 0.992646 0.087942
v 0.247927 1.006738 0.095149
v 0.244242 1.005631 0.098024
v 0.251284 0.992332 0.091737
v 0.246288 1.010379 0.097262
v 0.242582 1.009327 0.100052
v 0.240316 1.008915 0.101189
v 0.241697 1.005504 0.099350
v 0.248616 0.992224 0.093057
v 0.245620 1.012654 0.098897
v 0.241927 1.011337 0.101414
v 0.245143 1.014820 0.100650
v 0.241366 1.013200 0.102810
v 0.239308 1.011789 0.103141
v 0.239886 1.010477 0.102202
v 0.245674 1.019781 0.105344
v 0.240903 1.016928 0.106514
v 0.240977 1.014962 0.104319
v 0.244954 1.016889 0.102544
v 0.238515 1.015131 0.106309
v 0.238757 1.013111 0.104208
v 0.236441 1.013662 0.105668
v 0.236983 1.011450 0.103528
v 0.234486 1.012504 0.104794
v 0.235434 1.009987 0.102560
v 0.236889 1.009177 0.102114
v 0.237867 1.010507 0.102845
v 0.238225 0.996701 0.095677
v 0.241076 0.993500 0.093781
v 0.235120 1.006980 0.100593
v 0.233495 1.010191 0.103039
v 0.243550 0.992688 0.093807
v 0.237174 1.006081 0.100319
v 0.246090 0.992351 0.093673
v 0.239401 1.005678 0.100036
v 0.238501 1.008844 0.101763
v 0.238664 1.009938 0.102386
v 0.310045 0.841963 -0.116805
v 0.287042 0.841973 -0.050414
v 0.286565 0.839739 -0.050782
v 0.309492 0.839730 -0.117001
v 0.256384 0.841981 0.002070
v 0.256012 0.839747 0.001531
v 0.255487 0.837665 0.000778
v 0.285894 0.837657 -0.051295
v 0.308715 0.837647 -0.117273
v 0.284879 0.835870 -0.052063
v 0.307540 0.835861 -0.117677
v 0.254693 0.835878 -0.000355
v 0.253657 0.834505 -0.001826
v 0.283556 0.834497 -0.053059
v 0.306010 0.834488 -0.118199
v 0.282012 0.833587 -0.054218
v 0.304225 0.833577 -0.118805
v 0.252449 0.833594 -0.003538
v 0.251152 0.832945 -0.005375
v 0.280356 0.832938 -0.055459
v 0.302309 0.832929 -0.119454
v 0.157828 0.832948 0.052011
v 0.212112 0.832948 0.028946
v 0.212999 0.833597 0.031171
v 0.158336 0.833597 0.054439
v 0.213825 0.834508 0.033245
v 0.158808 0.834508 0.056703
v 0.214533 0.835882 0.035026
v 0.159214 0.835881 0.058645
v 0.215076 0.837668 0.036396
v 0.159525 0.837668 0.060139
v 0.215435 0.839750 0.037306
v 0.159731 0.839750 0.061130
v 0.215690 0.841984 0.037955
v 0.159878 0.841984 0.061836
v 0.087177 1.376621 0.037902
v 0.120365 1.376270 0.021316
v 0.119651 1.378833 0.020700
v 0.086762 1.379276 0.037161
v 0.146202 1.383610 -0.010145
v 0.145201 1.385976 -0.010506
v 0.144436 1.388442 -0.010842
v 0.119080 1.381507 0.020126
v 0.086407 1.382047 0.036470
v 0.118770 1.384352 0.019633
v 0.086160 1.384996 0.035878
v 0.144103 1.391061 -0.011131
v 0.144249 1.393697 -0.011353
v 0.118755 1.387219 0.019254
v 0.086044 1.387970 0.035422
v 0.119019 1.389957 0.019003
v 0.086056 1.390811 0.035120
v 0.144837 1.396210 -0.011500
v 0.145667 1.398639 -0.011605
v 0.119436 1.392606 0.018824
v 0.086140 1.393559 0.034905
v 0.177646 1.437320 -0.138385
v 0.165319 1.416650 -0.068207
v 0.164164 1.414593 -0.068175
v 0.176293 1.435608 -0.138400
v 0.163316 1.412465 -0.068131
v 0.175285 1.433839 -0.138420
v 0.163031 1.410233 -0.068064
v 0.174910 1.431987 -0.138451
v 0.163359 1.408016 -0.067977
v 0.175226 1.430150 -0.138492
v 0.164247 1.405928 -0.067875
v 0.176177 1.428423 -0.138539
v 0.165442 1.403926 -0.067766
v 0.177475 1.426768 -0.138589
v 0.182789 1.454499 -0.273008
v 0.182429 1.450181 -0.206979
v 0.181012 1.448606 -0.206998
v 0.181438 1.452857 -0.273008
v 0.179953 1.446981 -0.207026
v 0.180444 1.451172 -0.273008
v 0.179552 1.445283 -0.207068
v 0.180101 1.449427 -0.273008
v 0.179871 1.443602 -0.207122
v 0.180468 1.447714 -0.273008
v 0.180853 1.442025 -0.207185
v 0.181486 1.446123 -0.273008
v 0.182195 1.440516 -0.207252
v 0.182858 1.444610 -0.273008
v 0.301584 1.086121 -0.119414
v 0.281473 1.129369 -0.057551
v 0.283214 1.128065 -0.055233
v 0.304033 1.084112 -0.118260
v 0.261898 1.185589 -0.017238
v 0.262765 1.185093 -0.013837
v 0.263035 1.184502 -0.011491
v 0.284197 1.126778 -0.053644
v 0.305605 1.082252 -0.117478
v 0.284846 1.125177 -0.052173
v 0.306890 1.080034 -0.116772
v 0.262923 1.183686 -0.009297
v 0.262413 1.182677 -0.007386
v 0.285105 1.123332 -0.050909
v 0.307801 1.077559 -0.116187
v 0.284983 1.121354 -0.049906
v 0.308310 1.074972 -0.115747
v 0.261553 1.181539 -0.005843
v 0.258578 1.173064 -0.002433
v 0.284693 1.113577 -0.049092
v 0.308612 1.067650 -0.115434
v 0.332409 0.841952 -0.276554
v 0.326163 0.841956 -0.193002
v 0.325572 0.839722 -0.193077
v 0.331809 0.839719 -0.276520
v 0.324740 0.837640 -0.193180
v 0.330967 0.837637 -0.276472
v 0.323485 0.835853 -0.193333
v 0.329696 0.835850 -0.276401
v 0.321851 0.834481 -0.193529
v 0.328043 0.834478 -0.276308
v 0.319945 0.833570 -0.193756
v 0.326115 0.833567 -0.276199
v 0.317900 0.832922 -0.193999
v 0.324046 0.832919 -0.276083
v 0.323276 1.057134 -0.276061
v 0.317053 1.063310 -0.193757
v 0.319834 1.060996 -0.193350
v 0.326114 1.054779 -0.276222
v 0.321675 1.058893 -0.193078
v 0.327991 1.052649 -0.276323
v 0.323247 1.056417 -0.192841
v 0.329601 1.050142 -0.276410
v 0.324446 1.053681 -0.192655
v 0.330839 1.047373 -0.276477
v 0.325230 1.050846 -0.192527
v 0.331661 1.044505 -0.276522
v 0.325767 1.043801 -0.192448
v 0.332228 1.037561 -0.276552
v 0.001465 1.377100 0.059454
v 0.046432 1.377141 0.052410
v 0.046248 1.379877 0.051751
v 0.001465 1.379876 0.058882
v 0.046080 1.382727 0.051136
v 0.001465 1.382764 0.058348
v 0.045944 1.385752 0.050608
v 0.001465 1.385823 0.057890
v 0.045848 1.388793 0.050203
v 0.001465 1.388891 0.057538
v 0.045796 1.391689 0.049934
v 0.001465 1.391807 0.057304
v 0.045768 1.394487 0.049742
v 0.001465 1.394621 0.057138
v 0.247260 1.244082 -0.004177
v 0.247338 1.244185 -0.000280
v 0.238274 1.292504 -0.006035
v 0.237780 1.293015 -0.002059
v 0.237022 1.293427 0.000685
v 0.247001 1.244173 0.002416
v 0.246264 1.244071 0.004937
v 0.235863 1.293872 0.003228
v 0.234345 1.294329 0.005416
v 0.245144 1.243881 0.007133
v 0.243721 1.243616 0.008907
v 0.232567 1.294771 0.007153
v 0.227762 1.296639 0.009671
v 0.240712 1.243137 0.011457
v 0.001465 0.832945 0.074532
v 0.084986 0.832946 0.068139
v 0.085210 0.833595 0.070657
v 0.001465 0.833594 0.077072
v 0.085418 0.834506 0.073004
v 0.001465 0.834505 0.079439
v 0.085597 0.835879 0.075018
v 0.001465 0.835878 0.081470
v 0.085734 0.837666 0.076566
v 0.001465 0.837664 0.083030
v 0.085825 0.839748 0.077593
v 0.001465 0.839747 0.084066
v 0.085890 0.841982 0.078324
v 0.001465 0.841980 0.084803
v 0.234001 1.389839 -0.146312
v 0.234141 1.402521 -0.210581
v 0.234412 1.404304 -0.210314
v 0.234086 1.391457 -0.145550
v 0.234112 1.406326 -0.272988
v 0.234428 1.408161 -0.272993
v 0.234453 1.410030 -0.272998
v 0.234395 1.406123 -0.210054
v 0.233894 1.393118 -0.144820
v 0.233859 1.407989 -0.209810
v 0.233203 1.394836 -0.144154
v 0.233954 1.411939 -0.273002
v 0.232928 1.413784 -0.273005
v 0.232803 1.409798 -0.209596
v 0.232022 1.396521 -0.143595
v 0.231312 1.411460 -0.209421
v 0.230441 1.398084 -0.143165
v 0.231458 1.415472 -0.273006
v 0.229752 1.417061 -0.273008
v 0.229589 1.413030 -0.209269
v 0.228647 1.399571 -0.142809
v 0.233467 1.344430 -0.031986
v 0.233643 1.368313 -0.081786
v 0.233350 1.369610 -0.080195
v 0.232833 1.345428 -0.029958
v 0.232799 1.370957 -0.078684
v 0.231954 1.346424 -0.027696
v 0.231790 1.372382 -0.077335
v 0.230655 1.347513 -0.025675
v 0.230351 1.373810 -0.076234
v 0.228983 1.348640 -0.024023
v 0.228581 1.375166 -0.075424
v 0.227049 1.349745 -0.022804
v 0.226640 1.376473 -0.074780
v 0.224957 1.350764 -0.021463
v 0.228297 1.286092 -0.070033
v 0.228286 1.313558 -0.074890
v 0.231662 1.313104 -0.075621
v 0.231588 1.285763 -0.071012
v 0.224220 1.332990 -0.087426
v 0.229435 1.331671 -0.088599
v 0.231388 1.331235 -0.088234
v 0.233519 1.312810 -0.075368
v 0.233391 1.285673 -0.070943
v 0.235082 1.312663 -0.074542
v 0.234945 1.285663 -0.070267
v 0.233061 1.331030 -0.087385
v 0.234343 1.331081 -0.086071
v 0.236246 1.312680 -0.073155
v 0.236146 1.285738 -0.068985
v 0.236973 1.312852 -0.071310
v 0.236954 1.285891 -0.067200
v 0.235188 1.331372 -0.084387
v 0.235714 1.332039 -0.081542
v 0.237369 1.313299 -0.068092
v 0.237530 1.286213 -0.063979
v 0.260578 0.832937 -0.136188
v 0.239611 0.832943 -0.091110
v 0.238001 0.833592 -0.092247
v 0.258616 0.833587 -0.136813
v 0.214900 0.832948 -0.059170
v 0.213723 0.833597 -0.060835
v 0.212640 0.834507 -0.062388
v 0.236511 0.834503 -0.093308
v 0.256791 0.834498 -0.137397
v 0.235252 0.835876 -0.094221
v 0.255232 0.835872 -0.137899
v 0.211740 0.835879 -0.063723
v 0.211082 0.837665 -0.064751
v 0.234310 0.837662 -0.094925
v 0.254044 0.837659 -0.138288
v 0.233717 0.839744 -0.095396
v 0.253268 0.839741 -0.138549
v 0.210688 0.839745 -0.065436
v 0.210443 0.841977 -0.065926
v 0.233320 0.841977 -0.095734
v 0.252724 0.841975 -0.138738
v 0.141716 0.841982 -0.022564
v 0.183187 0.841980 -0.042029
v 0.183346 0.839748 -0.041426
v 0.141827 0.839749 -0.021894
v 0.183604 0.837667 -0.040582
v 0.141994 0.837667 -0.020954
v 0.184039 0.835881 -0.039313
v 0.142261 0.835882 -0.019537
v 0.184637 0.834509 -0.037663
v 0.142621 0.834509 -0.017694
v 0.185357 0.833598 -0.035742
v 0.143048 0.833598 -0.015547
v 0.186141 0.832950 -0.033681
v 0.143510 0.832949 -0.013244
v 0.082728 1.394007 -0.045754
v 0.109096 1.392777 -0.059240
v 0.109246 1.389922 -0.059089
v 0.082719 1.391120 -0.045594
v 0.127773 1.395303 -0.079217
v 0.128115 1.392507 -0.079105
v 0.128596 1.389652 -0.078947
v 0.109456 1.386986 -0.058876
v 0.082706 1.388139 -0.045370
v 0.109773 1.383936 -0.058555
v 0.082687 1.385020 -0.045032
v 0.129321 1.386726 -0.078710
v 0.130264 1.383888 -0.078401
v 0.110185 1.380936 -0.058138
v 0.082662 1.381929 -0.044592
v 0.110665 1.378139 -0.057651
v 0.082633 1.379026 -0.044079
v 0.131364 1.381281 -0.078041
v 0.132543 1.378818 -0.077655
v 0.111181 1.375474 -0.057129
v 0.082602 1.376246 -0.043529
v 0.234367 1.322618 -0.011739
v 0.233608 1.323450 -0.007874
v 0.232655 1.324160 -0.005231
v 0.231300 1.324961 -0.002829
v 0.229595 1.325811 -0.000817
v 0.227648 1.326664 0.000723
v 0.224460 1.328242 0.002065
v 0.160381 1.402408 -0.157701
v 0.149320 1.389472 -0.111522
v 0.147699 1.391647 -0.111685
v 0.158538 1.404332 -0.157679
v 0.146188 1.393987 -0.111837
v 0.156821 1.406437 -0.157659
v 0.144891 1.396596 -0.111968
v 0.155348 1.408846 -0.157642
v 0.143895 1.399346 -0.112068
v 0.154216 1.411441 -0.157629
v 0.143234 1.402084 -0.112135
v 0.153464 1.414077 -0.157620
v 0.142763 1.404798 -0.112182
v 0.152929 1.416718 -0.157614
v 0.165202 1.414830 -0.273008
v 0.164669 1.411548 -0.212999
v 0.162744 1.413365 -0.212941
v 0.163264 1.416631 -0.273008
v 0.160949 1.415370 -0.212887
v 0.161457 1.418622 -0.273008
v 0.159410 1.417692 -0.212840
v 0.159907 1.420932 -0.273008
v 0.158227 1.420221 -0.212805
v 0.158715 1.423452 -0.273008
v 0.157441 1.422813 -0.212781
v 0.157925 1.426037 -0.273008
v 0.156882 1.425423 -0.212764
v 0.157362 1.428642 -0.273008
v 0.255956 1.095513 -0.138934
v 0.243306 1.130832 -0.095899
v 0.244661 1.138327 -0.096049
v 0.256749 1.102819 -0.138912
v 0.231951 1.178195 -0.071390
v 0.235624 1.186389 -0.073184
v 0.237213 1.186982 -0.073194
v 0.245919 1.139526 -0.095983
v 0.257685 1.104557 -0.138789
v 0.247338 1.140414 -0.095564
v 0.258937 1.105804 -0.138493
v 0.238784 1.187458 -0.072681
v 0.240247 1.187784 -0.071642
v 0.248849 1.140921 -0.094793
v 0.260454 1.106461 -0.138031
v 0.250367 1.141044 -0.093731
v 0.262142 1.106528 -0.137436
v 0.241532 1.187951 -0.070160
v 0.243069 1.187974 -0.067428
v 0.252446 1.140711 -0.091824
v 0.264639 1.105852 -0.136431
v 0.281131 0.832930 -0.273471
v 0.275492 0.832932 -0.199370
v 0.273368 0.833582 -0.199619
v 0.278995 0.833580 -0.273357
v 0.271388 0.834494 -0.199852
v 0.277003 0.834492 -0.273250
v 0.269691 0.835868 -0.200053
v 0.275295 0.835866 -0.273159
v 0.268389 0.837655 -0.200208
v 0.273982 0.837653 -0.273088
v 0.267527 0.839738 -0.200314
v 0.273112 0.839737 -0.273041
v 0.266915 0.841973 -0.200390
v 0.272493 0.841971 -0.273008
v 0.272669 1.070975 -0.273009
v 0.267532 1.076409 -0.200792
v 0.268105 1.083565 -0.200750
v 0.273207 1.078054 -0.273037
v 0.268908 1.085530 -0.200665
v 0.273987 1.080053 -0.273078
v 0.270096 1.086927 -0.200520
v 0.275161 1.081478 -0.273140
v 0.271628 1.087645 -0.200320
v 0.276688 1.082212 -0.273220
v 0.273402 1.087685 -0.200079
v 0.278467 1.082257 -0.273314
v 0.276107 1.086854 -0.199698
v 0.281206 1.081410 -0.273466
v 0.001465 1.394932 -0.027252
v 0.045342 1.394817 -0.033255
v 0.045298 1.391918 -0.033111
v 0.001465 1.392030 -0.027122
v 0.045236 1.388917 -0.032910
v 0.001465 1.389025 -0.026939
v 0.045143 1.385769 -0.032607
v 0.001465 1.385871 -0.026663
v 0.045023 1.382639 -0.032213
v 0.001465 1.382733 -0.026304
v 0.044882 1.379691 -0.031753
v 0.001465 1.379776 -0.025886
v 0.044731 1.376862 -0.031260
v 0.001465 1.376937 -0.025437
v 0.228681 1.240017 -0.066639
v 0.231921 1.240080 -0.067833
v 0.233671 1.240255 -0.067855
v 0.235262 1.240437 -0.067276
v 0.236596 1.240617 -0.066092
v 0.237618 1.240784 -0.064399
v 0.238613 1.241004 -0.061282
v 0.001465 0.841981 -0.002493
v 0.078162 0.841982 -0.008214
v 0.078221 0.839748 -0.007513
v 0.001465 0.839748 -0.001785
v 0.078304 0.837667 -0.006530
v 0.001465 0.837666 -0.000792
v 0.078432 0.835881 -0.005047
v 0.001465 0.835880 0.000706
v 0.078600 0.834508 -0.003117
v 0.001465 0.834507 0.002654
v 0.078796 0.833597 -0.000868
v 0.001465 0.833596 0.004925
v 0.079008 0.832948 0.001544
v 0.001465 0.832947 0.007362
v 0.219152 1.353988 -0.116010
v 0.223429 1.352127 -0.115657
v 0.225658 1.351528 -0.115326
v 0.227510 1.351366 -0.114713
v 0.229042 1.351558 -0.113811
v 0.230187 1.352082 -0.112645
v 0.231108 1.353054 -0.110875
v 0.302230 0.832929 -0.433853
v 0.279741 0.832938 -0.484358
v 0.281549 0.833587 -0.485684
v 0.304165 0.833577 -0.434883
v 0.250076 0.832945 -0.518566
v 0.251639 0.833594 -0.520123
v 0.253095 0.834505 -0.521575
v 0.283235 0.834497 -0.486921
v 0.305968 0.834488 -0.435844
v 0.284679 0.835870 -0.487985
v 0.307514 0.835861 -0.436671
v 0.254343 0.835878 -0.522823
v 0.255301 0.837665 -0.523784
v 0.285788 0.837657 -0.488805
v 0.308701 0.837647 -0.437309
v 0.286521 0.839739 -0.489353
v 0.309487 0.839730 -0.437736
v 0.255935 0.839747 -0.524424
v 0.256384 0.841981 -0.524882
v 0.287042 0.841973 -0.489745
v 0.310045 0.841963 -0.438043
v 0.159878 0.841984 -0.575752
v 0.215690 0.841984 -0.552983
v 0.215361 0.839750 -0.552450
v 0.159681 0.839750 -0.575152
v 0.214897 0.837668 -0.551703
v 0.159405 0.837668 -0.574310
v 0.214196 0.835881 -0.550579
v 0.158989 0.835881 -0.573041
v 0.213283 0.834508 -0.549119
v 0.158446 0.834508 -0.571391
v 0.212218 0.833597 -0.547417
v 0.157814 0.833597 -0.569468
v 0.211075 0.832948 -0.545593
v 0.157135 0.832948 -0.567406
v 0.085239 1.394038 -0.548820
v 0.116802 1.393375 -0.533409
v 0.117057 1.390561 -0.533666
v 0.085385 1.391180 -0.549063
v 0.141708 1.399862 -0.507661
v 0.141886 1.397166 -0.507875
v 0.142250 1.394420 -0.508176
v 0.117429 1.387681 -0.534028
v 0.085591 1.388241 -0.549404
v 0.118009 1.384715 -0.534572
v 0.085901 1.385191 -0.549917
v 0.142949 1.391617 -0.508628
v 0.143963 1.388908 -0.509218
v 0.118776 1.381823 -0.535281
v 0.086304 1.382193 -0.550584
v 0.119680 1.379152 -0.536107
v 0.086773 1.379402 -0.551363
v 0.145220 1.386431 -0.509904
v 0.146605 1.384098 -0.510641
v 0.120654 1.376621 -0.536993
v 0.087277 1.376743 -0.552198
v 0.177576 1.426890 -0.402457
v 0.165731 1.404276 -0.463293
v 0.164206 1.406316 -0.462914
v 0.176086 1.428646 -0.402414
v 0.162887 1.408497 -0.462560
v 0.174877 1.430528 -0.402373
v 0.161953 1.410907 -0.462257
v 0.174189 1.432619 -0.402338
v 0.161480 1.413427 -0.462024
v 0.174090 1.434813 -0.402312
v 0.161466 1.415917 -0.461869
v 0.174554 1.436990 -0.402294
v 0.161708 1.418376 -0.461759
v 0.175326 1.439144 -0.402281
v 0.182208 1.440532 -0.338143
v 0.180784 1.442119 -0.338199
v 0.179690 1.443808 -0.338251
v 0.179203 1.445660 -0.338296
v 0.179386 1.447583 -0.338330
v 0.180193 1.449471 -0.338353
v 0.181340 1.451328 -0.338369
v 0.308446 1.068291 -0.439507
v 0.284234 1.115388 -0.491391
v 0.284603 1.122748 -0.490482
v 0.308188 1.075456 -0.439072
v 0.258094 1.174902 -0.520716
v 0.261130 1.182940 -0.517643
v 0.262033 1.183629 -0.516022
v 0.284799 1.124278 -0.489367
v 0.307731 1.077870 -0.438462
v 0.284579 1.125727 -0.487985
v 0.306873 1.080183 -0.437637
v 0.262534 1.184242 -0.514114
v 0.262581 1.184740 -0.512007
v 0.283933 1.127010 -0.486396
v 0.305637 1.082262 -0.436629
v 0.282917 1.128068 -0.484695
v 0.304110 1.084008 -0.435503
v 0.262199 1.185104 -0.509823
v 0.261237 1.185439 -0.507081
v 0.281145 1.129211 -0.482424
v 0.301697 1.085934 -0.433877
v 0.317987 0.832922 -0.360616
v 0.320010 0.833570 -0.361197
v 0.321896 0.834481 -0.361740
v 0.323513 0.835853 -0.362207
v 0.324755 0.837640 -0.362567
v 0.325578 0.839722 -0.362809
v 0.326163 0.841956 -0.362982
v 0.325747 1.043861 -0.363545
v 0.325228 1.050883 -0.363374
v 0.324468 1.053691 -0.363114
v 0.323303 1.056394 -0.362731
v 0.321774 1.058835 -0.362238
v 0.319981 1.060900 -0.361668
v 0.317238 1.063186 -0.360801
v 0.001465 1.394962 -0.571054
v 0.045656 1.394848 -0.563658
v 0.045712 1.391962 -0.563853
v 0.001465 1.392064 -0.571220
v 0.045792 1.388984 -0.564127
v 0.001465 1.389070 -0.571453
v 0.045912 1.385874 -0.564539
v 0.001465 1.385934 -0.571805
v 0.046068 1.382798 -0.565076
v 0.001465 1.382823 -0.572263
v 0.046249 1.379914 -0.565702
v 0.001465 1.379900 -0.572797
v 0.046444 1.377156 -0.566374
v 0.001465 1.377100 -0.573370
v 0.240838 1.242467 -0.527899
v 0.243740 1.243087 -0.525186
v 0.230267 1.291395 -0.525680
v 0.233057 1.292077 -0.522944
v 0.234683 1.292398 -0.520826
v 0.245098 1.243479 -0.523223
v 0.246132 1.243760 -0.520967
v 0.236070 1.292564 -0.518415
v 0.237127 1.292558 -0.515828
v 0.246763 1.243907 -0.518527
v 0.246982 1.243922 -0.516041
v 0.237816 1.292388 -0.513210
v 0.238262 1.292029 -0.510083
v 0.246810 1.243813 -0.513026
v 0.001465 0.841980 -0.598719
v 0.085890 0.841982 -0.592240
v 0.085801 0.839748 -0.591604
v 0.001465 0.839747 -0.598074
v 0.085676 0.837666 -0.590712
v 0.001465 0.837664 -0.597169
v 0.085488 0.835879 -0.589367
v 0.001465 0.835878 -0.595804
v 0.085243 0.834506 -0.587617
v 0.001465 0.834505 -0.594028
v 0.084958 0.833595 -0.585577
v 0.001465 0.833594 -0.591958
v 0.084651 0.832946 -0.583389
v 0.001465 0.832945 -0.589738
v 0.228713 1.398953 -0.398504
v 0.229611 1.412946 -0.336158
v 0.231321 1.411381 -0.335985
v 0.230484 1.397588 -0.398004
v 0.232797 1.409718 -0.335790
v 0.232041 1.396122 -0.397447
v 0.233833 1.407893 -0.335556
v 0.233194 1.394494 -0.396793
v 0.234345 1.405999 -0.335295
v 0.233857 1.392782 -0.396072
v 0.234337 1.404140 -0.335022
v 0.234021 1.391083 -0.395326
v 0.234039 1.402312 -0.334745
v 0.233907 1.389401 -0.394571
v 0.225329 1.347433 -0.500726
v 0.226805 1.374614 -0.457100
v 0.228711 1.373718 -0.456043
v 0.227348 1.347184 -0.498816
v 0.230451 1.372723 -0.454874
v 0.229223 1.346765 -0.497050
v 0.231870 1.371559 -0.453520
v 0.230861 1.346173 -0.495019
v 0.232871 1.370283 -0.452044
v 0.232154 1.345431 -0.492822
v 0.233424 1.368967 -0.450531
v 0.233056 1.344586 -0.490583
v 0.233725 1.367637 -0.449006
v 0.233730 1.343626 -0.488610
v 0.237557 1.286894 -0.481489
v 0.237025 1.314296 -0.477408
v 0.236709 1.313637 -0.474786
v 0.236977 1.286428 -0.478884
v 0.235392 1.333235 -0.464037
v 0.234943 1.332313 -0.461697
v 0.234190 1.331732 -0.459986
v 0.236076 1.313224 -0.472913
v 0.236167 1.286110 -0.477076
v 0.234999 1.312998 -0.471498
v 0.234965 1.285893 -0.475775
v 0.232997 1.331431 -0.458646
v 0.231404 1.331443 -0.457774
v 0.233510 1.312984 -0.470649
v 0.233414 1.285794 -0.475083
v 0.231713 1.313170 -0.470378
v 0.231616 1.285812 -0.475002
v 0.229518 1.331748 -0.457388
v 0.224357 1.332977 -0.458545
v 0.228384 1.313549 -0.471094
v 0.228331 1.286091 -0.475972
v 0.252724 0.841975 -0.407279
v 0.233320 0.841977 -0.450282
v 0.233772 0.839744 -0.450678
v 0.253265 0.839741 -0.407587
v 0.210443 0.841977 -0.480090
v 0.210795 0.839745 -0.480560
v 0.211339 0.837665 -0.481215
v 0.234442 0.837662 -0.451230
v 0.254038 0.837659 -0.408016
v 0.235500 0.835876 -0.452056
v 0.255221 0.835872 -0.408659
v 0.212224 0.835879 -0.482199
v 0.213419 0.834507 -0.483476
v 0.236910 0.834503 -0.453127
v 0.256772 0.834498 -0.409492
v 0.238577 0.833592 -0.454373
v 0.258589 0.833587 -0.410460
v 0.214845 0.833597 -0.484962
v 0.216391 0.832948 -0.486555
v 0.240376 0.832943 -0.455709
v 0.260542 0.832938 -0.411498
v 0.144510 0.832949 -0.532500
v 0.187617 0.832950 -0.511800
v 0.186469 0.833598 -0.509872
v 0.143800 0.833598 -0.530264
v 0.185408 0.834509 -0.508074
v 0.143143 0.834509 -0.528179
v 0.184518 0.835881 -0.506530
v 0.142586 0.835882 -0.526391
v 0.183859 0.837667 -0.505342
v 0.142166 0.837667 -0.525016
v 0.183452 0.839748 -0.504552
v 0.141898 0.839749 -0.524103
v 0.183187 0.841980 -0.503988
v 0.141716 0.841982 -0.523452
v 0.082602 1.376246 -0.502487
v 0.111181 1.375474 -0.488887
v 0.110665 1.378139 -0.488365
v 0.082633 1.379026 -0.501937
v 0.132543 1.378818 -0.468361
v 0.131364 1.381281 -0.467975
v 0.130264 1.383888 -0.467615
v 0.110185 1.380936 -0.487879
v 0.082662 1.381929 -0.501425
v 0.109773 1.383936 -0.487461
v 0.082687 1.385020 -0.500985
v 0.129321 1.386726 -0.467306
v 0.128596 1.389652 -0.467069
v 0.109456 1.386986 -0.487140
v 0.082706 1.388139 -0.500647
v 0.109246 1.389922 -0.486928
v 0.082719 1.391120 -0.500423
v 0.128115 1.392507 -0.466912
v 0.127773 1.395303 -0.466799
v 0.109096 1.392777 -0.486776
v 0.082728 1.394007 -0.500263
v 0.225432 1.322839 -0.520398
v 0.228166 1.323409 -0.517697
v 0.229985 1.323465 -0.515620
v 0.231598 1.323348 -0.513250
v 0.232901 1.323054 -0.510702
v 0.233845 1.322609 -0.508119
v 0.234606 1.321939 -0.505045
v 0.152929 1.416718 -0.388403
v 0.142763 1.404798 -0.433834
v 0.143234 1.402084 -0.433881
v 0.153464 1.414077 -0.388396
v 0.143895 1.399346 -0.433948
v 0.154216 1.411441 -0.388388
v 0.144891 1.396596 -0.434048
v 0.155348 1.408846 -0.388374
v 0.146188 1.393987 -0.434179
v 0.156821 1.406437 -0.388357
v 0.147699 1.391647 -0.434331
v 0.158538 1.404332 -0.388337
v 0.149320 1.389472 -0.434494
v 0.160381 1.402408 -0.388316
v 0.156882 1.425423 -0.333252
v 0.157441 1.422813 -0.333235
v 0.158227 1.420221 -0.333212
v 0.159410 1.417692 -0.333176
v 0.160949 1.415370 -0.333130
v 0.162744 1.413365 -0.333076
v 0.164669 1.411548 -0.333018
v 0.264548 1.106089 -0.411255
v 0.252993 1.140923 -0.455036
v 0.250798 1.141211 -0.453041
v 0.262069 1.106715 -0.409758
v 0.244079 1.188191 -0.478330
v 0.242328 1.188122 -0.476015
v 0.240800 1.187902 -0.474484
v 0.249148 1.141037 -0.451748
v 0.260404 1.106591 -0.408803
v 0.247524 1.140486 -0.450778
v 0.258906 1.105885 -0.408031
v 0.239128 1.187531 -0.473403
v 0.237396 1.187021 -0.472858
v 0.246018 1.139565 -0.450206
v 0.257668 1.104600 -0.407498
v 0.244703 1.138343 -0.450039
v 0.256742 1.102837 -0.407217
v 0.235700 1.186405 -0.472848
v 0.231953 1.178195 -0.474627
v 0.243308 1.130833 -0.450120
v 0.255956 1.095514 -0.407087
v 0.266915 0.841973 -0.345626
v 0.267511 0.839738 -0.345801
v 0.268350 0.837655 -0.346044
v 0.269618 0.835868 -0.346407
v 0.271270 0.834494 -0.346878
v 0.273198 0.833582 -0.347426
v 0.275266 0.832932 -0.348013
v 0.275883 1.087010 -0.347671
v 0.273225 1.087808 -0.346848
v 0.271505 1.087730 -0.346328
v 0.270020 1.086980 -0.345889
v 0.268867 1.085558 -0.345560
v 0.268088 1.083577 -0.345353
v 0.267531 1.076409 -0.345228
v 0.001465 1.376937 -0.520579
v 0.044731 1.376862 -0.514757
v 0.044882 1.379691 -0.514264
v 0.001465 1.379776 -0.520130
v 0.045023 1.382639 -0.513804
v 0.001465 1.382733 -0.519712
v 0.045143 1.385769 -0.513409
v 0.001465 1.385871 -0.519353
v 0.045236 1.388917 -0.513106
v 0.001465 1.389025 -0.519077
v 0.045298 1.391918 -0.512905
v 0.001465 1.392030 -0.518894
v 0.045342 1.394817 -0.512762
v 0.001465 1.394932 -0.518764
v 0.239295 1.241392 -0.484112
v 0.238156 1.241090 -0.481609
v 0.236970 1.240829 -0.479919
v 0.235495 1.240569 -0.478737
v 0.233796 1.240325 -0.478159
v 0.231975 1.240109 -0.478181
v 0.228687 1.240018 -0.479376
v 0.001465 0.832947 -0.553343
v 0.079494 0.832948 -0.547476
v 0.079162 0.833597 -0.545084
v 0.001465 0.833596 -0.550915
v 0.078854 0.834508 -0.542855
v 0.001465 0.834507 -0.548652
v 0.078590 0.835881 -0.540942
v 0.001465 0.835880 -0.546711
v 0.078388 0.837667 -0.539472
v 0.001465 0.837666 -0.545218
v 0.078256 0.839749 -0.538497
v 0.001465 0.839748 -0.544229
v 0.078162 0.841982 -0.537802
v 0.001465 0.841981 -0.543524
v 0.231213 1.354512 -0.434675
v 0.230219 1.353052 -0.433433
v 0.229064 1.352192 -0.432282
v 0.227546 1.351757 -0.431343
v 0.225713 1.351732 -0.430700
v 0.223671 1.352102 -0.430407
v 0.220153 1.353410 -0.430313
v -0.299378 0.832929 -0.119454
v -0.277425 0.832938 -0.055459
v -0.279081 0.833587 -0.054218
v -0.301294 0.833577 -0.118805
v -0.248221 0.832945 -0.005375
v -0.249518 0.833594 -0.003538
v -0.250726 0.834505 -0.001826
v -0.280625 0.834497 -0.053059
v -0.303079 0.834488 -0.118199
v -0.281948 0.835870 -0.052063
v -0.304609 0.835861 -0.117677
v -0.251762 0.835878 -0.000355
v -0.252556 0.837665 0.000778
v -0.282963 0.837657 -0.051295
v -0.305784 0.837647 -0.117273
v -0.283634 0.839739 -0.050782
v -0.306561 0.839730 -0.117001
v -0.253081 0.839747 0.001531
v -0.253453 0.841981 0.002070
v -0.284111 0.841973 -0.050414
v -0.307114 0.841963 -0.116805
v -0.156947 0.841984 0.061836
v -0.212759 0.841984 0.037955
v -0.212504 0.839750 0.037306
v -0.156800 0.839750 0.061130
v -0.212145 0.837668 0.036396
v -0.156594 0.837668 0.060139
v -0.211602 0.835882 0.035026
v -0.156283 0.835881 0.058645
v -0.210894 0.834508 0.033246
v -0.155878 0.834508 0.056703
v -0.210068 0.833597 0.031171
v -0.155405 0.833597 0.054439
v -0.209181 0.832948 0.028946
v -0.154897 0.832948 0.052011
v -0.083209 1.393559 0.034905
v -0.116505 1.392606 0.018824
v -0.116088 1.389957 0.019003
v -0.083125 1.390811 0.035120
v -0.142736 1.398639 -0.011605
v -0.141906 1.396210 -0.011500
v -0.141318 1.393697 -0.011353
v -0.115824 1.387219 0.019254
v -0.083113 1.387970 0.035422
v -0.115839 1.384352 0.019633
v -0.083229 1.384996 0.035878
v -0.141172 1.391061 -0.011131
v -0.141505 1.388442 -0.010842
v -0.116149 1.381507 0.020126
v -0.083476 1.382047 0.036470
v -0.116721 1.378833 0.020700
v -0.083831 1.379276 0.037161
v -0.142271 1.385976 -0.010506
v -0.143272 1.383610 -0.010145
v -0.117434 1.376270 0.021316
v -0.084246 1.376621 0.037902
v -0.174544 1.426768 -0.138589
v -0.162511 1.403926 -0.067766
v -0.161317 1.405928 -0.067875
v -0.173246 1.428423 -0.138539
v -0.160428 1.408016 -0.067977
v -0.172295 1.430150 -0.138492
v -0.160100 1.410233 -0.068064
v -0.171979 1.431987 -0.138451
v -0.160385 1.412465 -0.068131
v -0.172354 1.433839 -0.138420
v -0.161233 1.414593 -0.068175
v -0.173363 1.435608 -0.138400
v -0.162388 1.416650 -0.068207
v -0.174715 1.437320 -0.138385
v -0.179927 1.444610 -0.273008
v -0.179264 1.440516 -0.207252
v -0.177922 1.442025 -0.207185
v -0.178555 1.446123 -0.273008
v -0.176940 1.443602 -0.207122
v -0.177537 1.447714 -0.273008
v -0.176621 1.445283 -0.207068
v -0.177170 1.449426 -0.273008
v -0.177022 1.446981 -0.207026
v -0.177513 1.451172 -0.273008
v -0.178081 1.448606 -0.206998
v -0.178508 1.452857 -0.273008
v -0.179498 1.450181 -0.206979
v -0.179858 1.454499 -0.273008
v -0.305681 1.067650 -0.115434
v -0.281762 1.113577 -0.049092
v -0.282052 1.121354 -0.049906
v -0.305379 1.074972 -0.115747
v -0.255647 1.173064 -0.002433
v -0.258623 1.181539 -0.005843
v -0.259482 1.182677 -0.007386
v -0.282175 1.123332 -0.050909
v -0.304870 1.077559 -0.116187
v -0.281915 1.125177 -0.052173
v -0.303959 1.080034 -0.116772
v -0.259992 1.183686 -0.009297
v -0.260104 1.184502 -0.011491
v -0.281266 1.126778 -0.053644
v -0.302674 1.082252 -0.117478
v -0.280283 1.128065 -0.055233
v -0.301102 1.084112 -0.118260
v -0.259834 1.185093 -0.013837
v -0.258967 1.185589 -0.017238
v -0.278543 1.129369 -0.057551
v -0.298654 1.086121 -0.119414
v -0.321115 0.832919 -0.276083
v -0.314969 0.832922 -0.193999
v -0.317014 0.833570 -0.193756
v -0.323184 0.833567 -0.276199
v -0.318920 0.834481 -0.193529
v -0.325112 0.834478 -0.276308
v -0.320554 0.835853 -0.193333
v -0.326766 0.835850 -0.276401
v -0.321809 0.837640 -0.193180
v -0.328036 0.837637 -0.276472
v -0.322641 0.839722 -0.193077
v -0.328878 0.839719 -0.276520
v -0.323232 0.841956 -0.193002
v -0.329478 0.841952 -0.276554
v -0.329297 1.037561 -0.276552
v -0.322836 1.043801 -0.192448
v -0.322300 1.050846 -0.192527
v -0.328730 1.044505 -0.276522
v -0.321515 1.053681 -0.192655
v -0.327908 1.047373 -0.276477
v -0.320316 1.056417 -0.192841
v -0.326670 1.050142 -0.276410
v -0.318744 1.058893 -0.193078
v -0.325060 1.052649 -0.276323
v -0.316903 1.060996 -0.193350
v -0.323183 1.054779 -0.276222
v -0.314122 1.063310 -0.193757
v -0.320345 1.057134 -0.276061
v -0.042837 1.394487 0.049742
v -0.042865 1.391689 0.049934
v -0.042918 1.388793 0.050203
v -0.043013 1.385752 0.050608
v -0.043150 1.382727 0.051136
v -0.043317 1.379877 0.051751
v -0.043501 1.377141 0.052410
v -0.237781 1.243137 0.011457
v -0.240790 1.243616 0.008907
v -0.224831 1.296639 0.009671
v -0.229636 1.294771 0.007153
v -0.231414 1.294329 0.005416
v -0.242213 1.243881 0.007133
v -0.243333 1.244071 0.004937
v -0.232932 1.293872 0.003228
v -0.234091 1.293427 0.000685
v -0.244070 1.244173 0.002416
v -0.244407 1.244185 -0.000280
v -0.234849 1.293015 -0.002059
v -0.235343 1.292504 -0.006035
v -0.244329 1.244082 -0.004177
v -0.082959 0.841982 0.078324
v -0.082894 0.839748 0.077593
v -0.082803 0.837666 0.076566
v -0.082666 0.835879 0.075018
v -0.082487 0.834506 0.073004
v -0.082279 0.833595 0.070657
v -0.082055 0.832946 0.068139
v -0.225716 1.399571 -0.142809
v -0.226658 1.413030 -0.209269
v -0.228381 1.411460 -0.209421
v -0.227510 1.398084 -0.143165
v -0.226821 1.417061 -0.273008
v -0.228528 1.415472 -0.273006
v -0.229997 1.413784 -0.273005
v -0.229872 1.409798 -0.209596
v -0.229091 1.396521 -0.143595
v -0.230928 1.407989 -0.209810
v -0.230272 1.394836 -0.144154
v -0.231023 1.411939 -0.273002
v -0.231522 1.410030 -0.272998
v -0.231464 1.406123 -0.210054
v -0.230963 1.393117 -0.144820
v -0.231481 1.404304 -0.210314
v -0.231156 1.391457 -0.145550
v -0.231497 1.408161 -0.272993
v -0.231181 1.406326 -0.272988
v -0.231210 1.402521 -0.210581
v -0.231070 1.389839 -0.146312
v -0.222026 1.350764 -0.021463
v -0.223709 1.376473 -0.074780
v -0.225650 1.375166 -0.075424
v -0.224118 1.349745 -0.022804
v -0.227420 1.373810 -0.076234
v -0.226053 1.348640 -0.024023
v -0.228859 1.372382 -0.077335
v -0.227724 1.347513 -0.025675
v -0.229868 1.370957 -0.078684
v -0.229023 1.346424 -0.027696
v -0.230419 1.369610 -0.080195
v -0.229902 1.345428 -0.029958
v -0.230712 1.368313 -0.081786
v -0.230536 1.344430 -0.031986
v -0.234599 1.286213 -0.063979
v -0.234438 1.313299 -0.068092
v -0.234050 1.312851 -0.071313
v -0.234025 1.285891 -0.067201
v -0.232784 1.332039 -0.081542
v -0.232267 1.331370 -0.084390
v -0.231436 1.331078 -0.086079
v -0.233333 1.312678 -0.073161
v -0.233222 1.285738 -0.068987
v -0.232185 1.312659 -0.074553
v -0.232025 1.285661 -0.070271
v -0.230176 1.331025 -0.087401
v -0.228532 1.331226 -0.088259
v -0.230642 1.312803 -0.075386
v -0.230479 1.285671 -0.070949
v -0.228808 1.313095 -0.075646
v -0.228683 1.285760 -0.071021
v -0.226611 1.331659 -0.088635
v -0.221427 1.332975 -0.087472
v -0.225455 1.313546 -0.074923
v -0.225400 1.286089 -0.070045
v -0.249793 0.841975 -0.138738
v -0.230389 0.841977 -0.095734
v -0.230786 0.839744 -0.095396
v -0.250337 0.839741 -0.138549
v -0.207512 0.841977 -0.065926
v -0.207757 0.839745 -0.065436
v -0.208151 0.837665 -0.064751
v -0.231380 0.837662 -0.094925
v -0.251113 0.837659 -0.138288
v -0.232321 0.835876 -0.094221
v -0.252302 0.835872 -0.137899
v -0.208809 0.835879 -0.063723
v -0.209710 0.834507 -0.062388
v -0.233580 0.834503 -0.093308
v -0.253860 0.834498 -0.137397
v -0.235070 0.833592 -0.092247
v -0.255685 0.833587 -0.136813
v -0.210792 0.833597 -0.060835
v -0.211969 0.832948 -0.059170
v -0.236681 0.832943 -0.091110
v -0.257647 0.832937 -0.136188
v -0.140579 0.832949 -0.013244
v -0.183210 0.832950 -0.033681
v -0.182426 0.833598 -0.035742
v -0.140117 0.833598 -0.015547
v -0.181706 0.834509 -0.037663
v -0.139690 0.834509 -0.017694
v -0.181108 0.835881 -0.039313
v -0.139330 0.835882 -0.019537
v -0.180673 0.837667 -0.040582
v -0.139063 0.837667 -0.020954
v -0.180415 0.839748 -0.041426
v -0.138896 0.839749 -0.021894
v -0.180256 0.841980 -0.042029
v -0.138785 0.841982 -0.022564
v -0.079671 1.376246 -0.043529
v -0.108250 1.375474 -0.057129
v -0.107734 1.378139 -0.057651
v -0.079702 1.379026 -0.044079
v -0.129612 1.378818 -0.077655
v -0.128433 1.381281 -0.078041
v -0.127334 1.383888 -0.078401
v -0.107254 1.380936 -0.058138
v -0.079731 1.381929 -0.044592
v -0.106842 1.383936 -0.058555
v -0.079756 1.385020 -0.045032
v -0.126390 1.386726 -0.078710
v -0.125666 1.389652 -0.078947
v -0.106525 1.386986 -0.058876
v -0.079775 1.388139 -0.045370
v -0.106315 1.389922 -0.059089
v -0.079788 1.391120 -0.045594
v -0.125185 1.392507 -0.079105
v -0.124842 1.395303 -0.079217
v -0.106165 1.392777 -0.059240
v -0.079797 1.394007 -0.045754
v -0.221529 1.328241 0.002065
v -0.224717 1.326664 0.000723
v -0.226664 1.325811 -0.000817
v -0.228369 1.324960 -0.002829
v -0.229724 1.324160 -0.005231
v -0.230677 1.323450 -0.007874
v -0.231437 1.322618 -0.011739
v -0.149998 1.416718 -0.157614
v -0.139832 1.404798 -0.112182
v -0.140303 1.402084 -0.112135
v -0.150533 1.414077 -0.157620
v -0.140964 1.399346 -0.112068
v -0.151285 1.411441 -0.157629
v -0.141961 1.396596 -0.111968
v -0.152417 1.408846 -0.157642
v -0.143257 1.393987 -0.111837
v -0.153890 1.406437 -0.157659
v -0.144768 1.391647 -0.111685
v -0.155608 1.404332 -0.157679
v -0.146389 1.389472 -0.111522
v -0.157450 1.402408 -0.157701
v -0.154431 1.428642 -0.273008
v -0.153951 1.425423 -0.212764
v -0.154510 1.422813 -0.212781
v -0.154994 1.426037 -0.273008
v -0.155296 1.420221 -0.212805
v -0.155784 1.423452 -0.273008
v -0.156479 1.417692 -0.212840
v -0.156976 1.420932 -0.273008
v -0.158019 1.415370 -0.212887
v -0.158526 1.418622 -0.273008
v -0.159813 1.413365 -0.212941
v -0.160333 1.416631 -0.273008
v -0.161738 1.411548 -0.212999
v -0.162271 1.414830 -0.273008
v -0.261708 1.105852 -0.136431
v -0.249515 1.140711 -0.091824
v -0.247436 1.141044 -0.093731
v -0.259211 1.106528 -0.137436
v -0.240138 1.187974 -0.067428
v -0.238601 1.187951 -0.070160
v -0.237316 1.187784 -0.071642
v -0.245918 1.140921 -0.094793
v -0.257523 1.106461 -0.138031
v -0.244407 1.140414 -0.095564
v -0.256006 1.105804 -0.138493
v -0.235853 1.187458 -0.072681
v -0.234282 1.186982 -0.073194
v -0.242988 1.139526 -0.095983
v -0.254754 1.104557 -0.138789
v -0.241731 1.138327 -0.096049
v -0.253818 1.102819 -0.138912
v -0.232693 1.186389 -0.073184
v -0.229020 1.178195 -0.071390
v -0.240375 1.130832 -0.095899
v -0.253025 1.095513 -0.138934
v -0.269562 0.841971 -0.273008
v -0.263984 0.841973 -0.200390
v -0.264596 0.839738 -0.200314
v -0.270181 0.839737 -0.273042
v -0.265458 0.837655 -0.200208
v -0.271051 0.837653 -0.273088
v -0.266760 0.835868 -0.200053
v -0.272364 0.835866 -0.273159
v -0.268457 0.834494 -0.199852
v -0.274072 0.834492 -0.273250
v -0.270437 0.833582 -0.199619
v -0.276064 0.833580 -0.273357
v -0.272561 0.832932 -0.199370
v -0.278201 0.832930 -0.273471
v -0.278275 1.081410 -0.273466
v -0.273176 1.086854 -0.199698
v -0.270471 1.087685 -0.200079
v -0.275536 1.082257 -0.273314
v -0.268697 1.087645 -0.200320
v -0.273757 1.082212 -0.273220
v -0.267165 1.086927 -0.200520
v -0.272230 1.081478 -0.273140
v -0.265977 1.085530 -0.200665
v -0.271056 1.080053 -0.273078
v -0.265174 1.083565 -0.200750
v -0.270276 1.078054 -0.273037
v -0.264601 1.076409 -0.200792
v -0.269738 1.070975 -0.273009
v -0.041800 1.376862 -0.031260
v -0.041951 1.379691 -0.031753
v -0.042092 1.382639 -0.032213
v -0.042213 1.385769 -0.032607
v -0.042305 1.388917 -0.032910
v -0.042367 1.391918 -0.033111
v -0.042411 1.394817 -0.033255
v -0.235682 1.241004 -0.061282
v -0.234687 1.240784 -0.064399
v -0.233666 1.240617 -0.066092
v -0.232333 1.240437 -0.067277
v -0.230742 1.240255 -0.067856
v -0.228993 1.240079 -0.067834
v -0.225754 1.240016 -0.066640
v -0.076077 0.832948 0.001544
v -0.075865 0.833597 -0.000869
v -0.075669 0.834508 -0.003117
v -0.075501 0.835881 -0.005047
v -0.075373 0.837667 -0.006530
v -0.075290 0.839749 -0.007514
v -0.075231 0.841982 -0.008214
v -0.228288 1.353388 -0.111095
v -0.227284 1.352142 -0.112687
v -0.226129 1.351556 -0.113817
v -0.224613 1.351362 -0.114724
v -0.222780 1.351522 -0.115344
v -0.220739 1.352014 -0.115621
v -0.217222 1.353407 -0.115704
v -0.307114 0.841963 -0.438043
v -0.284111 0.841973 -0.489745
v -0.283590 0.839739 -0.489353
v -0.306556 0.839730 -0.437736
v -0.253453 0.841981 -0.524882
v -0.253004 0.839747 -0.524424
v -0.252370 0.837665 -0.523784
v -0.282857 0.837657 -0.488805
v -0.305770 0.837647 -0.437310
v -0.281748 0.835870 -0.487985
v -0.304583 0.835861 -0.436671
v -0.251413 0.835878 -0.522823
v -0.250164 0.834505 -0.521575
v -0.280304 0.834497 -0.486921
v -0.303037 0.834488 -0.435844
v -0.278618 0.833587 -0.485684
v -0.301234 0.833577 -0.434883
v -0.248708 0.833594 -0.520123
v -0.247145 0.832945 -0.518566
v -0.276810 0.832938 -0.484358
v -0.299299 0.832929 -0.433853
v -0.154204 0.832948 -0.567406
v -0.208144 0.832948 -0.545593
v -0.209287 0.833597 -0.547417
v -0.154883 0.833597 -0.569468
v -0.210352 0.834508 -0.549119
v -0.155515 0.834508 -0.571391
v -0.211265 0.835881 -0.550579
v -0.156058 0.835881 -0.573041
v -0.211966 0.837668 -0.551703
v -0.156474 0.837668 -0.574310
v -0.212430 0.839750 -0.552450
v -0.156750 0.839750 -0.575152
v -0.212759 0.841984 -0.552983
v -0.156947 0.841984 -0.575752
v -0.084347 1.376743 -0.552198
v -0.117723 1.376621 -0.536993
v -0.116749 1.379152 -0.536107
v -0.083843 1.379402 -0.551363
v -0.143674 1.384098 -0.510641
v -0.142289 1.386431 -0.509904
v -0.141032 1.388908 -0.509217
v -0.115845 1.381823 -0.535281
v -0.083373 1.382193 -0.550584
v -0.115078 1.384715 -0.534572
v -0.082970 1.385191 -0.549917
v -0.140018 1.391617 -0.508628
v -0.139320 1.394420 -0.508176
v -0.114498 1.387681 -0.534028
v -0.082660 1.388241 -0.549404
v -0.114126 1.390561 -0.533666
v -0.082454 1.391180 -0.549063
v -0.138955 1.397166 -0.507875
v -0.138777 1.399862 -0.507661
v -0.113871 1.393375 -0.533409
v -0.082308 1.394038 -0.548820
v -0.172395 1.439144 -0.402281
v -0.158778 1.418376 -0.461759
v -0.158536 1.415917 -0.461869
v -0.171623 1.436990 -0.402294
v -0.158549 1.413427 -0.462024
v -0.171160 1.434813 -0.402312
v -0.159022 1.410907 -0.462257
v -0.171258 1.432619 -0.402338
v -0.159956 1.408497 -0.462560
v -0.171946 1.430528 -0.402373
v -0.161275 1.406316 -0.462914
v -0.173155 1.428646 -0.402414
v -0.162801 1.404277 -0.463293
v -0.174645 1.426890 -0.402457
v -0.178409 1.451328 -0.338369
v -0.177262 1.449471 -0.338353
v -0.176455 1.447583 -0.338330
v -0.176272 1.445660 -0.338296
v -0.176759 1.443808 -0.338251
v -0.177853 1.442119 -0.338199
v -0.179277 1.440532 -0.338143
v -0.298766 1.085934 -0.433877
v -0.278214 1.129211 -0.482424
v -0.279986 1.128068 -0.484695
v -0.301179 1.084008 -0.435503
v -0.258306 1.185439 -0.507081
v -0.259268 1.185104 -0.509823
v -0.259650 1.184740 -0.512007
v -0.281002 1.127010 -0.486396
v -0.302706 1.082262 -0.436630
v -0.281649 1.125727 -0.487985
v -0.303942 1.080183 -0.437637
v -0.259603 1.184242 -0.514114
v -0.259102 1.183629 -0.516022
v -0.281868 1.124278 -0.489367
v -0.304800 1.077870 -0.438462
v -0.281672 1.122748 -0.490482
v -0.305257 1.075456 -0.439072
v -0.258200 1.182940 -0.517643
v -0.255163 1.174902 -0.520716
v -0.281303 1.115388 -0.491391
v -0.305515 1.068291 -0.439507
v -0.323232 0.841956 -0.362982
v -0.322647 0.839722 -0.362809
v -0.321824 0.837640 -0.362567
v -0.320582 0.835853 -0.362207
v -0.318965 0.834481 -0.361740
v -0.317079 0.833570 -0.361197
v -0.315056 0.832922 -0.360616
v -0.314307 1.063186 -0.360801
v -0.317050 1.060900 -0.361668
v -0.318843 1.058835 -0.362238
v -0.320372 1.056394 -0.362731
v -0.321538 1.053691 -0.363114
v -0.322298 1.050883 -0.363374
v -0.322816 1.043861 -0.363545
v -0.043513 1.377156 -0.566374
v -0.043318 1.379914 -0.565702
v -0.043137 1.382798 -0.565076
v -0.042981 1.385874 -0.564539
v -0.042861 1.388984 -0.564127
v -0.042781 1.391962 -0.563853
v -0.042725 1.394848 -0.563658
v -0.243879 1.243812 -0.513026
v -0.244051 1.243922 -0.516041
v -0.235332 1.292029 -0.510083
v -0.234885 1.292388 -0.513210
v -0.234196 1.292558 -0.515828
v -0.243832 1.243907 -0.518527
v -0.243201 1.243760 -0.520967
v -0.233140 1.292565 -0.518415
v -0.231752 1.292398 -0.520826
v -0.242167 1.243479 -0.523223
v -0.240810 1.243087 -0.525186
v -0.230126 1.292077 -0.522944
v -0.227336 1.291395 -0.525680
v -0.237907 1.242467 -0.527899
v -0.081720 0.832946 -0.583389
v -0.082027 0.833595 -0.585577
v -0.082312 0.834506 -0.587617
v -0.082557 0.835879 -0.589367
v -0.082745 0.837666 -0.590712
v -0.082870 0.839748 -0.591604
v -0.082959 0.841982 -0.592240
v -0.230976 1.389401 -0.394571
v -0.231108 1.402312 -0.334745
v -0.231406 1.404140 -0.335022
v -0.231090 1.391083 -0.395326
v -0.231414 1.405999 -0.335295
v -0.230926 1.392782 -0.396072
v -0.230902 1.407893 -0.335556
v -0.230264 1.394494 -0.396793
v -0.229866 1.409718 -0.335790
v -0.229110 1.396122 -0.397447
v -0.228390 1.411381 -0.335985
v -0.227553 1.397588 -0.398004
v -0.226680 1.412946 -0.336158
v -0.225782 1.398953 -0.398504
v -0.230799 1.343626 -0.488610
v -0.230794 1.367637 -0.449006
v -0.230493 1.368967 -0.450531
v -0.230125 1.344586 -0.490583
v -0.229940 1.370283 -0.452044
v -0.229223 1.345431 -0.492822
v -0.228939 1.371559 -0.453520
v -0.227930 1.346173 -0.495019
v -0.227520 1.372723 -0.454874
v -0.226293 1.346765 -0.497050
v -0.225780 1.373718 -0.456043
v -0.224418 1.347184 -0.498816
v -0.223874 1.374614 -0.457100
v -0.222398 1.347433 -0.500726
v -0.225366 1.286095 -0.475983
v -0.225354 1.313560 -0.471127
v -0.228705 1.313179 -0.470404
v -0.228659 1.285815 -0.475011
v -0.221289 1.332993 -0.458591
v -0.226480 1.331761 -0.457424
v -0.228399 1.331451 -0.457799
v -0.230526 1.312990 -0.470667
v -0.230465 1.285796 -0.475089
v -0.232034 1.313002 -0.471509
v -0.232023 1.285894 -0.475779
v -0.230020 1.331436 -0.458662
v -0.231235 1.331735 -0.459994
v -0.233127 1.313226 -0.472919
v -0.233230 1.286111 -0.477079
v -0.233771 1.313638 -0.474788
v -0.234044 1.286428 -0.478884
v -0.232002 1.332314 -0.461700
v -0.232461 1.333235 -0.464037
v -0.234094 1.314296 -0.477408
v -0.234626 1.286894 -0.481489
v -0.257611 0.832938 -0.411498
v -0.237445 0.832943 -0.455709
v -0.235646 0.833592 -0.454373
v -0.255658 0.833587 -0.410460
v -0.213460 0.832948 -0.486555
v -0.211914 0.833597 -0.484962
v -0.210488 0.834507 -0.483476
v -0.233979 0.834503 -0.453127
v -0.253841 0.834498 -0.409492
v -0.232570 0.835876 -0.452056
v -0.252290 0.835872 -0.408659
v -0.209293 0.835879 -0.482199
v -0.208408 0.837665 -0.481215
v -0.231512 0.837662 -0.451230
v -0.251107 0.837659 -0.408017
v -0.230841 0.839744 -0.450678
v -0.250334 0.839741 -0.407587
v -0.207864 0.839745 -0.480560
v -0.207512 0.841977 -0.480090
v -0.230389 0.841977 -0.450282
v -0.249793 0.841975 -0.407279
v -0.138785 0.841982 -0.523452
v -0.180256 0.841980 -0.503988
v -0.180521 0.839748 -0.504552
v -0.138967 0.839749 -0.524103
v -0.180928 0.837667 -0.505342
v -0.139235 0.837667 -0.525016
v -0.181587 0.835881 -0.506530
v -0.139655 0.835881 -0.526391
v -0.182477 0.834509 -0.508074
v -0.140212 0.834509 -0.528179
v -0.183538 0.833598 -0.509872
v -0.140870 0.833598 -0.530264
v -0.184686 0.832950 -0.511800
v -0.141579 0.832949 -0.532500
v -0.079797 1.394007 -0.500263
v -0.106165 1.392777 -0.486776
v -0.106315 1.389922 -0.486928
v -0.079788 1.391120 -0.500422
v -0.124842 1.395303 -0.466799
v -0.125185 1.392507 -0.466912
v -0.125666 1.389652 -0.467069
v -0.106525 1.386986 -0.487140
v -0.079775 1.388139 -0.500647
v -0.106842 1.383936 -0.487461
v -0.079756 1.385020 -0.500985
v -0.126390 1.386726 -0.467306
v -0.127334 1.383888 -0.467615
v -0.107254 1.380936 -0.487879
v -0.079731 1.381929 -0.501425
v -0.107734 1.378139 -0.488365
v -0.079702 1.379026 -0.501937
v -0.128433 1.381281 -0.467975
v -0.129612 1.378818 -0.468361
v -0.108250 1.375474 -0.488887
v -0.079671 1.376246 -0.502487
v -0.231675 1.321939 -0.505045
v -0.230914 1.322609 -0.508119
v -0.229970 1.323054 -0.510702
v -0.228667 1.323348 -0.513250
v -0.227055 1.323465 -0.515620
v -0.225236 1.323409 -0.517697
v -0.222501 1.322839 -0.520398
v -0.157450 1.402408 -0.388316
v -0.146389 1.389472 -0.434494
v -0.144768 1.391647 -0.434331
v -0.155608 1.404332 -0.388337
v -0.143257 1.393987 -0.434179
v -0.153890 1.406437 -0.388357
v -0.141961 1.396596 -0.434048
v -0.152417 1.408846 -0.388374
v -0.140964 1.399346 -0.433948
v -0.151285 1.411441 -0.388388
v -0.140303 1.402084 -0.433881
v -0.150533 1.414077 -0.388396
v -0.139832 1.404798 -0.433834
v -0.149998 1.416718 -0.388403
v -0.161738 1.411548 -0.333018
v -0.159813 1.413365 -0.333076
v -0.158019 1.415370 -0.333130
v -0.156479 1.417692 -0.333176
v -0.155296 1.420221 -0.333212
v -0.154511 1.422813 -0.333235
v -0.153951 1.425423 -0.333252
v -0.253025 1.095514 -0.407087
v -0.240377 1.130833 -0.450120
v -0.241772 1.138343 -0.450039
v -0.253811 1.102837 -0.407217
v -0.229022 1.178195 -0.474627
v -0.232769 1.186405 -0.472848
v -0.234465 1.187021 -0.472858
v -0.243087 1.139565 -0.450206
v -0.254737 1.104600 -0.407498
v -0.244593 1.140486 -0.450778
v -0.255975 1.105885 -0.408031
v -0.236197 1.187531 -0.473403
v -0.237869 1.187902 -0.474484
v -0.246217 1.141037 -0.451748
v -0.257473 1.106591 -0.408803
v -0.247867 1.141211 -0.453041
v -0.259138 1.106715 -0.409758
v -0.239398 1.188122 -0.476015
v -0.241149 1.188191 -0.478330
v -0.250062 1.140923 -0.455036
v -0.261617 1.106089 -0.411255
v -0.272335 0.832932 -0.348013
v -0.270267 0.833582 -0.347426
v -0.268339 0.834494 -0.346878
v -0.266687 0.835868 -0.346407
v -0.265419 0.837655 -0.346044
v -0.264580 0.839738 -0.345801
v -0.263984 0.841973 -0.345626
v -0.264600 1.076409 -0.345228
v -0.265157 1.083577 -0.345353
v -0.265936 1.085558 -0.345560
v -0.267089 1.086980 -0.345889
v -0.268574 1.087730 -0.346328
v -0.270294 1.087808 -0.346848
v -0.272952 1.087010 -0.347671
v -0.042411 1.394817 -0.512762
v -0.042367 1.391918 -0.512905
v -0.042305 1.388917 -0.513106
v -0.042213 1.385769 -0.513409
v -0.042092 1.382639 -0.513804
v -0.041951 1.379691 -0.514264
v -0.041800 1.376862 -0.514757
v -0.225752 1.240018 -0.479377
v -0.229041 1.240109 -0.478183
v -0.230863 1.240325 -0.478159
v -0.232563 1.240569 -0.478737
v -0.234039 1.240829 -0.479919
v -0.235225 1.241090 -0.481609
v -0.236364 1.241392 -0.484112
v -0.075231 0.841982 -0.537802
v -0.075325 0.839748 -0.538497
v -0.075457 0.837667 -0.539472
v -0.075659 0.835881 -0.540942
v -0.075923 0.834508 -0.542855
v -0.076231 0.833597 -0.545084
v -0.076563 0.832948 -0.547476
v -0.216222 1.353994 -0.430008
v -0.220499 1.352214 -0.430371
v -0.222728 1.351738 -0.430718
v -0.224582 1.351761 -0.431354
v -0.226115 1.352194 -0.432288
v -0.227263 1.352998 -0.433490
v -0.228184 1.354213 -0.434975
v -0.101291 0.953396 0.052970
v -0.111446 0.922062 0.043963
v -0.107757 0.923588 0.030091
v -0.097907 0.953668 0.038422
v -0.107499 0.924184 0.026233
v -0.097707 0.954015 0.034437
v -0.108230 0.924798 0.024222
v -0.098476 0.954519 0.032380
v -0.109431 0.925526 0.022502
v -0.099716 0.955166 0.030626
v -0.111311 0.926439 0.021087
v -0.101629 0.956028 0.029199
v -0.115157 0.928060 0.019580
v -0.105498 0.957622 0.027693
v -0.146127 0.869061 0.055542
v -0.143414 0.868694 0.056438
v -0.141183 0.868783 0.057188
v -0.139193 0.869408 0.057932
v -0.137436 0.870529 0.058683
v -0.135760 0.872702 0.059568
v -0.133410 0.877635 0.061074
v -0.010860 1.145350 0.133153
v -0.009217 1.142986 0.133085
v -0.008187 1.140881 0.132880
v -0.007727 1.138749 0.132522
v -0.007800 1.136594 0.132033
v -0.008640 1.134198 0.131319
v -0.010835 1.130606 0.130061
v -0.145334 0.913480 0.119797
v -0.142221 0.913497 0.120051
v -0.139685 0.913721 0.119903
v -0.137397 0.914178 0.119266
v -0.135339 0.914837 0.118175
v -0.133470 0.915776 0.116482
v -0.131310 0.917284 0.113683
v -0.178070 0.869375 0.092012
v -0.167850 0.865821 0.092809
v -0.168722 0.865847 0.096508
v -0.178558 0.869629 0.094268
v -0.169159 0.866324 0.098967
v -0.178922 0.870145 0.096449
v -0.169293 0.867302 0.100971
v -0.179059 0.871127 0.098469
v -0.169184 0.868711 0.102701
v -0.178948 0.872549 0.100209
v -0.168764 0.870775 0.104178
v -0.178607 0.874314 0.101596
v -0.167879 0.874275 0.105804
v -0.178143 0.876258 0.102779
v -0.090479 0.987537 0.063913
v -0.095478 0.971844 0.058882
v -0.092117 0.971468 0.043424
v -0.087081 0.986980 0.047780
v -0.091939 0.971650 0.039287
v -0.086904 0.987133 0.043544
v -0.092730 0.972084 0.037207
v -0.087699 0.987576 0.041464
v -0.093991 0.972680 0.035439
v -0.088958 0.988193 0.039700
v -0.095919 0.973513 0.034007
v -0.090876 0.989065 0.038280
v -0.099795 0.975100 0.032505
v -0.094719 0.990737 0.036803
v -0.127142 0.973415 0.144188
v -0.124030 0.973419 0.143854
v -0.121603 0.973423 0.143208
v -0.119485 0.973626 0.142325
v -0.117641 0.974061 0.141292
v -0.116153 0.974557 0.140086
v -0.114906 0.974622 0.138502
v -0.070859 1.040678 0.077100
v -0.082094 1.012088 0.070569
v -0.078762 1.011871 0.054492
v -0.067761 1.041147 0.061536
v -0.078588 1.012149 0.050281
v -0.067616 1.041658 0.057433
v -0.079368 1.012697 0.048227
v -0.068375 1.042383 0.055433
v -0.080602 1.013433 0.046496
v -0.069573 1.043310 0.053769
v -0.082480 1.014445 0.045117
v -0.071389 1.044535 0.052478
v -0.086231 1.016347 0.043718
v -0.074997 1.046771 0.051238
v -0.100870 1.040401 0.164238
v -0.113562 1.016942 0.160573
v -0.110688 1.016434 0.160679
v -0.098270 1.040121 0.164198
v -0.108212 1.015903 0.160391
v -0.095775 1.039867 0.163846
v -0.106012 1.015422 0.159530
v -0.093496 1.039662 0.162936
v -0.104140 1.015031 0.158127
v -0.091571 1.039519 0.161484
v -0.102659 1.014689 0.156208
v -0.090077 1.039442 0.159595
v -0.101395 1.014202 0.153767
v -0.088831 1.039400 0.157475
v -0.019613 1.164256 0.105066
v -0.011522 1.157060 0.105403
v -0.008686 1.159443 0.091957
v -0.016683 1.166642 0.091505
v -0.008409 1.159531 0.088123
v -0.016381 1.166734 0.087644
v -0.008876 1.158904 0.086026
v -0.016837 1.166096 0.085533
v -0.009686 1.157909 0.084192
v -0.017643 1.165084 0.083689
v -0.011632 1.155638 0.082312
v -0.019591 1.162794 0.081812
v -0.018848 1.147333 0.078346
v -0.026810 1.154473 0.077854
v -0.155240 0.881236 0.022728
v -0.166965 0.885899 0.019674
v -0.162394 0.888605 0.006306
v -0.150668 0.883947 0.009367
v -0.179708 0.890971 0.016349
v -0.175137 0.893676 0.002981
v -0.173695 0.895093 -0.000376
v -0.160953 0.890023 0.002950
v -0.149224 0.885368 0.006017
v -0.159990 0.891568 0.001623
v -0.148261 0.886912 0.004694
v -0.172733 0.896638 -0.001704
v -0.171774 0.898498 -0.002540
v -0.159031 0.893427 0.000787
v -0.147301 0.888768 0.003857
v -0.157596 0.897130 0.000937
v -0.145864 0.892466 0.004001
v -0.170339 0.902202 -0.002389
v -0.165760 0.915868 0.000911
v -0.153016 0.910795 0.004236
v -0.141283 0.906128 0.007294
v -0.149522 0.970129 0.136416
v -0.162750 0.970618 0.132641
v -0.162583 0.969510 0.130307
v -0.149448 0.968864 0.134148
v -0.176092 0.973908 0.128883
v -0.175913 0.972820 0.126540
v -0.175844 0.971508 0.124275
v -0.162524 0.968180 0.128050
v -0.149473 0.967389 0.131951
v -0.162660 0.966465 0.125955
v -0.149679 0.965549 0.129907
v -0.175971 0.969809 0.122173
v -0.176300 0.967793 0.120362
v -0.162996 0.964438 0.124150
v -0.150066 0.963427 0.128140
v -0.163503 0.962222 0.122711
v -0.150602 0.961150 0.126725
v -0.176803 0.965585 0.118920
v -0.177398 0.963284 0.117693
v -0.164100 0.959916 0.121486
v -0.151218 0.958800 0.125516
v -0.147711 0.982679 0.147961
v -0.161032 0.982458 0.144116
v -0.161753 0.979918 0.143022
v -0.148383 0.980117 0.146919
v -0.174426 0.985674 0.140542
v -0.175152 0.983141 0.139434
v -0.175776 0.980717 0.138102
v -0.162375 0.977483 0.141703
v -0.148967 0.977637 0.145655
v -0.162808 0.975266 0.139995
v -0.149388 0.975333 0.144006
v -0.176209 0.978514 0.136380
v -0.176414 0.976670 0.134342
v -0.163017 0.973403 0.137969
v -0.149612 0.973342 0.142041
v -0.163004 0.971972 0.135750
v -0.149638 0.971752 0.139880
v -0.176396 0.975261 0.132113
v -0.176252 0.974103 0.129791
v -0.162868 0.970789 0.133438
v -0.149555 0.970394 0.137624
v -0.036073 1.150411 0.173956
v -0.045997 1.158826 0.174225
v -0.046929 1.157912 0.176216
v -0.036992 1.149480 0.175942
v -0.056630 1.168112 0.174016
v -0.057564 1.167201 0.176006
v -0.058631 1.166126 0.177792
v -0.047994 1.156836 0.178003
v -0.038044 1.148388 0.177727
v -0.049288 1.155479 0.179405
v -0.039324 1.147021 0.179132
v -0.059927 1.164771 0.179192
v -0.061392 1.163194 0.180104
v -0.050752 1.153901 0.180320
v -0.040777 1.145437 0.180056
v -0.052299 1.152196 0.180728
v -0.042316 1.143728 0.180480
v -0.062941 1.161490 0.180508
v -0.064526 1.159726 0.180627
v -0.053884 1.150432 0.180853
v -0.043894 1.141961 0.180624
v -0.202536 0.879112 0.085636
v -0.189794 0.874040 0.088960
v -0.190287 0.874285 0.091220
v -0.203030 0.879356 0.087896
v -0.190655 0.874795 0.093404
v -0.203398 0.879865 0.090081
v -0.190793 0.875776 0.095427
v -0.203536 0.880845 0.092105
v -0.190680 0.877201 0.097168
v -0.203423 0.882271 0.093846
v -0.190336 0.878972 0.098551
v -0.203079 0.884043 0.095228
v -0.189867 0.880923 0.099727
v -0.202609 0.885995 0.096403
v -0.039852 1.182240 0.104092
v -0.029323 1.172861 0.104641
v -0.026348 1.175283 0.090957
v -0.036857 1.184679 0.090349
v -0.026030 1.175382 0.087077
v -0.036535 1.184782 0.086459
v -0.026479 1.174742 0.084963
v -0.036983 1.184142 0.084345
v -0.027282 1.173724 0.083119
v -0.037786 1.183123 0.082501
v -0.029230 1.171425 0.081245
v -0.039733 1.180824 0.080629
v -0.036449 1.163098 0.077292
v -0.046952 1.172495 0.076677
v -0.145445 0.877368 0.025287
v -0.140917 0.880110 0.011928
v -0.139473 0.881535 0.008595
v -0.138513 0.883069 0.007285
v -0.137555 0.884907 0.006452
v -0.136116 0.888591 0.006586
v -0.131530 0.902244 0.009867
v -0.137962 0.971143 0.139380
v -0.138027 0.969445 0.137126
v -0.138233 0.967630 0.135059
v -0.138598 0.965522 0.133153
v -0.139099 0.963198 0.131488
v -0.139820 0.960473 0.130048
v -0.141075 0.956451 0.128440
v -0.135667 0.986544 0.151900
v -0.136497 0.983005 0.150796
v -0.137040 0.980257 0.149617
v -0.137420 0.977777 0.148102
v -0.137669 0.975511 0.146274
v -0.137798 0.973548 0.144221
v -0.137923 0.971717 0.141973
v -0.027478 1.143837 0.171992
v -0.028659 1.142520 0.175349
v -0.029738 1.141330 0.177399
v -0.030982 1.139947 0.178799
v -0.032401 1.138354 0.179731
v -0.034068 1.136489 0.180138
v -0.036390 1.133960 0.180111
v -0.024366 1.113044 0.093821
v -0.022025 1.115449 0.079971
v -0.042523 1.089956 0.086579
v -0.040086 1.091982 0.072196
v -0.040041 1.093019 0.068358
v -0.021954 1.116654 0.076262
v -0.022645 1.117865 0.074476
v -0.040770 1.094131 0.066513
v -0.041896 1.095461 0.065041
v -0.023725 1.119285 0.073061
v -0.025354 1.121035 0.072073
v -0.043577 1.097121 0.064000
v -0.046858 1.100005 0.063228
v -0.028554 1.124042 0.071391
v -0.057970 1.066341 0.081697
v -0.055255 1.067621 0.066720
v -0.055170 1.068408 0.062747
v -0.055916 1.069339 0.060825
v -0.057079 1.070486 0.059260
v -0.058826 1.071952 0.058102
v -0.062258 1.074552 0.057110
v -0.048603 1.104484 0.173580
v -0.046333 1.103367 0.172943
v -0.066914 1.083137 0.168994
v -0.064744 1.082428 0.168538
v -0.062660 1.081803 0.167797
v -0.044392 1.102492 0.172053
v -0.042663 1.101856 0.170697
v -0.060754 1.081337 0.166551
v -0.059141 1.081064 0.164839
v -0.041182 1.101472 0.168912
v -0.039944 1.101385 0.166526
v -0.057888 1.080988 0.162773
v -0.056843 1.081021 0.160525
v -0.038640 1.101607 0.162847
v -0.085092 1.062179 0.166415
v -0.082648 1.061790 0.166192
v -0.080303 1.061450 0.165667
v -0.078165 1.061201 0.164604
v -0.076365 1.061061 0.163029
v -0.074978 1.061033 0.161054
v -0.073828 1.061067 0.158868
v -0.237862 0.918334 0.037014
v -0.240024 0.913439 0.035145
v -0.241448 0.911304 0.033823
v -0.242872 0.910233 0.032498
v -0.244464 0.909670 0.031054
v -0.246222 0.909659 0.029464
v -0.248327 0.910130 0.027469
v -0.174337 1.139697 0.131256
v -0.153066 1.159276 0.133564
v -0.155018 1.160408 0.136536
v -0.175758 1.140451 0.132943
v -0.156566 1.161411 0.138222
v -0.177286 1.141280 0.134337
v -0.158124 1.162535 0.139143
v -0.178990 1.142236 0.135189
v -0.159746 1.163793 0.139475
v -0.180787 1.143276 0.135420
v -0.161399 1.165163 0.139202
v -0.182580 1.144343 0.135054
v -0.163233 1.166734 0.138471
v -0.184361 1.145418 0.134360
v -0.113518 1.172023 0.103223
v -0.110737 1.175383 0.103800
v -0.109412 1.177674 0.103828
v -0.108822 1.179792 0.103500
v -0.108718 1.181934 0.102917
v -0.109130 1.184100 0.102037
v -0.110020 1.186576 0.100717
v -0.197090 0.990038 0.033417
v -0.207104 0.958639 0.024466
v -0.199060 0.958188 0.012624
v -0.189238 0.988278 0.020965
v -0.197457 0.958284 0.008981
v -0.187672 0.988114 0.017208
v -0.197327 0.958695 0.006680
v -0.187572 0.988411 0.014862
v -0.197687 0.959288 0.004452
v -0.187966 0.988921 0.012597
v -0.198739 0.960162 0.002195
v -0.189050 0.989745 0.010322
v -0.201510 0.961944 -0.001170
v -0.191844 0.991501 0.006949
v -0.223952 0.941117 -0.021831
v -0.216345 0.936593 -0.014393
v -0.221063 0.922999 -0.017730
v -0.228674 0.927518 -0.025187
v -0.222762 0.919431 -0.017981
v -0.230378 0.923940 -0.025452
v -0.224133 0.917780 -0.017341
v -0.231756 0.922274 -0.024808
v -0.225643 0.916498 -0.016294
v -0.233267 0.920979 -0.023740
v -0.228244 0.915613 -0.013549
v -0.235858 0.920089 -0.020963
v -0.237024 0.914870 -0.002412
v -0.244661 0.919374 -0.009834
v -0.255872 1.029524 -0.055262
v -0.265528 0.999960 -0.063371
v -0.268870 1.001807 -0.065943
v -0.259203 1.031404 -0.057842
v -0.270967 1.002803 -0.066748
v -0.261287 1.032462 -0.058647
v -0.272909 1.003580 -0.066763
v -0.263216 1.033333 -0.058643
v -0.274821 1.004228 -0.066199
v -0.265105 1.034099 -0.058041
v -0.277598 1.004828 -0.063696
v -0.267834 1.034953 -0.055416
v -0.286292 1.005664 -0.052475
v -0.276315 1.037085 -0.043567
v -0.317297 0.965498 -0.040141
v -0.318621 0.960045 -0.040977
v -0.318868 0.957166 -0.040990
v -0.318510 0.955021 -0.040527
v -0.317752 0.953080 -0.039751
v -0.316555 0.951361 -0.038639
v -0.314791 0.949596 -0.037100
v -0.172454 1.256808 0.041376
v -0.169056 1.259195 0.042832
v -0.166861 1.260172 0.043946
v -0.164950 1.260366 0.045068
v -0.163101 1.260019 0.046256
v -0.161315 1.259087 0.047509
v -0.159330 1.257511 0.048978
v -0.318546 1.047209 0.018955
v -0.327762 1.011067 0.005826
v -0.329573 1.010701 0.009204
v -0.319400 1.046710 0.020913
v -0.330407 1.010275 0.011655
v -0.320038 1.046031 0.022900
v -0.330624 1.009612 0.013890
v -0.320276 1.045034 0.024919
v -0.330368 1.008707 0.016034
v -0.320078 1.043755 0.026860
v -0.329632 1.007603 0.018045
v -0.319478 1.042276 0.028630
v -0.328457 1.006343 0.020162
v -0.318658 1.040694 0.030294
v -0.329716 0.948310 0.020695
v -0.336609 0.954846 0.013913
v -0.337467 0.951161 0.012259
v -0.329986 0.946279 0.019598
v -0.337647 0.948955 0.010881
v -0.330050 0.944390 0.018336
v -0.337336 0.947355 0.009346
v -0.329742 0.942777 0.016790
v -0.336647 0.946123 0.007605
v -0.329055 0.941546 0.015025
v -0.335440 0.945291 0.005525
v -0.328047 0.940737 0.013145
v -0.333291 0.944670 0.002475
v -0.326867 0.940168 0.011213
v -0.248244 0.963857 0.083034
v -0.250975 0.964033 0.085529
v -0.239026 0.999997 0.096159
v -0.240745 0.999998 0.097286
v -0.242577 1.000013 0.098121
v -0.253032 0.964328 0.086805
v -0.255038 0.964722 0.087310
v -0.244590 1.000057 0.098419
v -0.246689 1.000127 0.098133
v -0.257093 0.965184 0.087214
v -0.259146 0.965731 0.086521
v -0.248763 1.000219 0.097310
v -0.250810 1.000324 0.096193
v -0.261347 0.966469 0.085366
v -0.187143 1.024685 0.043947
v -0.191617 1.008659 0.039155
v -0.183535 1.006124 0.025926
v -0.178814 1.021819 0.030133
v -0.181951 1.005773 0.022040
v -0.177201 1.021404 0.026160
v -0.181870 1.005995 0.019675
v -0.177123 1.021618 0.023792
v -0.182281 1.006450 0.017395
v -0.177534 1.022077 0.021513
v -0.183380 1.007241 0.015114
v -0.178627 1.022890 0.019238
v -0.186184 1.008989 0.011742
v -0.181409 1.024695 0.015884
v -0.244837 1.064279 -0.045851
v -0.250143 1.047209 -0.050416
v -0.253463 1.049121 -0.052996
v -0.248128 1.066264 -0.048410
v -0.255533 1.050224 -0.053797
v -0.250181 1.067415 -0.049198
v -0.257446 1.051159 -0.053780
v -0.252077 1.068397 -0.049169
v -0.259314 1.052005 -0.053156
v -0.253927 1.069289 -0.048531
v -0.262051 1.053046 -0.050394
v -0.256683 1.070418 -0.045673
v -0.270753 1.055951 -0.037758
v -0.265627 1.073667 -0.032447
v -0.314360 1.070140 0.029130
v -0.315652 1.067749 0.030341
v -0.316346 1.066158 0.031741
v -0.316597 1.064496 0.033245
v -0.316472 1.062585 0.034740
v -0.315957 1.060439 0.036168
v -0.315082 1.057842 0.037611
v -0.234933 1.022683 0.106256
v -0.237015 1.020974 0.106680
v -0.238854 1.020082 0.106960
v -0.240818 1.019404 0.106796
v -0.242912 1.018775 0.106135
v -0.245081 1.018187 0.104958
v -0.247480 1.017509 0.103225
v -0.169229 1.078247 0.056581
v -0.179456 1.049664 0.050344
v -0.171226 1.046965 0.036521
v -0.161550 1.075797 0.043027
v -0.169628 1.046621 0.032550
v -0.160048 1.075559 0.039092
v -0.169543 1.046902 0.030191
v -0.159967 1.075951 0.036740
v -0.169939 1.047441 0.027926
v -0.160348 1.076627 0.034494
v -0.171004 1.048352 0.025674
v -0.161367 1.077712 0.032279
v -0.173719 1.050333 0.022373
v -0.163945 1.079994 0.029085
v -0.222719 1.129202 -0.029059
v -0.235649 1.093452 -0.038183
v -0.238867 1.095604 -0.040685
v -0.225781 1.131648 -0.031446
v -0.240880 1.096838 -0.041445
v -0.227706 1.133039 -0.032145
v -0.242744 1.097876 -0.041393
v -0.229491 1.134189 -0.032043
v -0.244564 1.098806 -0.040736
v -0.231237 1.135200 -0.031340
v -0.247283 1.099932 -0.037862
v -0.233813 1.136343 -0.028467
v -0.256115 1.103049 -0.024618
v -0.242069 1.139277 -0.015476
v -0.283514 1.153336 0.053204
v -0.300615 1.118270 0.045648
v -0.301510 1.118746 0.048305
v -0.284415 1.153240 0.055513
v -0.302125 1.118805 0.050687
v -0.285129 1.152893 0.057801
v -0.302334 1.118465 0.052952
v -0.285500 1.152102 0.060028
v -0.302118 1.117785 0.055047
v -0.285485 1.150883 0.062069
v -0.301478 1.116746 0.056919
v -0.285108 1.149326 0.063828
v -0.300485 1.115260 0.058791
v -0.284531 1.147591 0.065421
v -0.265947 1.020941 0.089603
v -0.256891 1.021741 0.099027
v -0.257365 1.024020 0.101106
v -0.266702 1.022613 0.091518
v -0.257721 1.026311 0.102915
v -0.267293 1.024496 0.093361
v -0.257831 1.028846 0.104516
v -0.267581 1.026738 0.095054
v -0.257667 1.031548 0.105860
v -0.267532 1.029236 0.096494
v -0.257192 1.034466 0.106925
v -0.267167 1.031845 0.097620
v -0.256333 1.038170 0.107932
v -0.266629 1.034500 0.098565
v -0.150078 1.203820 0.132215
v -0.145405 1.194847 0.137969
v -0.142635 1.196873 0.137904
v -0.148137 1.205177 0.132004
v -0.140544 1.198239 0.137438
v -0.146189 1.206394 0.131540
v -0.138630 1.199204 0.136500
v -0.144248 1.207345 0.130625
v -0.136819 1.199832 0.135152
v -0.142420 1.207963 0.129281
v -0.135069 1.200083 0.133225
v -0.140793 1.208235 0.127602
v -0.132931 1.200019 0.130100
v -0.139287 1.208313 0.125747
v -0.139945 1.221198 0.011413
v -0.145549 1.229235 0.005580
v -0.137574 1.237109 0.008926
v -0.131963 1.229086 0.014745
v -0.135585 1.239522 0.010576
v -0.129963 1.231514 0.016387
v -0.134973 1.240923 0.012220
v -0.129342 1.232922 0.018043
v -0.134837 1.242135 0.014107
v -0.129197 1.234126 0.019956
v -0.135904 1.243343 0.017551
v -0.130259 1.235308 0.023427
v -0.141746 1.245846 0.029533
v -0.136075 1.237740 0.035459
v -0.188033 0.990486 0.006122
v -0.197681 0.960921 -0.001997
v -0.201806 0.962480 -0.002592
v -0.192150 0.992074 0.005536
v -0.204202 0.963273 -0.002307
v -0.194532 0.992923 0.005839
v -0.206182 0.963810 -0.001410
v -0.196490 0.993549 0.006763
v -0.207906 0.964169 -0.000020
v -0.198184 0.994024 0.008190
v -0.209766 0.964205 0.003443
v -0.199980 0.994310 0.011772
v -0.214327 0.963022 0.017101
v -0.204217 0.994376 0.026102
v -0.236604 0.918719 0.034121
v -0.237743 0.913267 0.032923
v -0.237761 0.910399 0.032462
v -0.237066 0.908276 0.032345
v -0.235877 0.906385 0.032429
v -0.234169 0.904765 0.032713
v -0.231791 0.903166 0.033153
v -0.095926 1.206741 0.125061
v -0.092681 1.209396 0.126375
v -0.090440 1.210541 0.127167
v -0.088342 1.210884 0.127770
v -0.086198 1.210689 0.128277
v -0.084011 1.209917 0.128667
v -0.081494 1.208560 0.128976
v -0.234592 0.958409 0.086686
v -0.235435 0.956371 0.089843
v -0.235610 0.954754 0.091995
v -0.235208 0.953113 0.093742
v -0.234324 0.951391 0.095212
v -0.232914 0.949601 0.096376
v -0.230830 0.947522 0.097454
v -0.227065 0.895737 0.089994
v -0.236108 0.901442 0.087973
v -0.237147 0.897974 0.086340
v -0.227536 0.893786 0.088821
v -0.237605 0.895902 0.084873
v -0.227880 0.892014 0.087440
v -0.237717 0.894480 0.083140
v -0.227993 0.890588 0.085699
v -0.237579 0.893504 0.081123
v -0.227855 0.889607 0.083674
v -0.237105 0.893037 0.078656
v -0.227486 0.889098 0.081489
v -0.236079 0.892988 0.074979
v -0.226992 0.888854 0.079227
v -0.176367 1.025709 0.015882
v -0.182225 1.008229 0.011016
v -0.186330 1.009849 0.010440
v -0.180431 1.027425 0.015335
v -0.188695 1.010743 0.010755
v -0.182771 1.028377 0.015669
v -0.190631 1.011431 0.011697
v -0.184683 1.029118 0.016628
v -0.192298 1.011984 0.013146
v -0.186325 1.029720 0.018093
v -0.194063 1.012439 0.016879
v -0.188076 1.030241 0.021936
v -0.198270 1.013156 0.032117
v -0.192312 1.031156 0.037855
v -0.218050 1.016078 0.111604
v -0.218178 1.015257 0.113430
v -0.218116 1.014079 0.115032
v -0.217678 1.012733 0.116663
v -0.216853 1.011358 0.118317
v -0.215602 1.009889 0.119924
v -0.213781 1.007913 0.121547
v -0.151480 1.092679 0.035192
v -0.165887 1.055843 0.024379
v -0.169856 1.057770 0.023908
v -0.155295 1.094901 0.034877
v -0.172145 1.058827 0.024280
v -0.157503 1.096096 0.035330
v -0.174017 1.059632 0.025266
v -0.159309 1.096976 0.036372
v -0.175626 1.060269 0.026750
v -0.160860 1.097641 0.037896
v -0.177340 1.060755 0.030597
v -0.162496 1.098026 0.041695
v -0.181494 1.061380 0.046477
v -0.166388 1.098035 0.057097
v -0.184697 1.096958 0.137393
v -0.201137 1.063667 0.129555
v -0.201099 1.063763 0.132357
v -0.184799 1.096424 0.139767
v -0.200873 1.063501 0.134736
v -0.184715 1.095668 0.142002
v -0.200283 1.062894 0.136787
v -0.184295 1.094524 0.143965
v -0.199333 1.062007 0.138464
v -0.183543 1.093029 0.145533
v -0.198039 1.060833 0.139721
v -0.182515 1.091285 0.146647
v -0.196386 1.059272 0.140773
v -0.181342 1.089412 0.147504
v -0.067098 1.190526 0.075471
v -0.075090 1.197664 0.075020
v -0.067892 1.205985 0.078985
v -0.059885 1.198853 0.079429
v -0.065970 1.208277 0.080864
v -0.057946 1.201151 0.081306
v -0.065188 1.209296 0.082696
v -0.057149 1.202172 0.083149
v -0.064749 1.209950 0.084791
v -0.056703 1.202819 0.085260
v -0.065054 1.209886 0.088623
v -0.057014 1.202734 0.089120
v -0.067989 1.207592 0.102063
v -0.059951 1.200354 0.102681
v -0.190224 0.925614 -0.005500
v -0.178500 0.920942 -0.002424
v -0.183079 0.907276 -0.005724
v -0.194802 0.911948 -0.008800
v -0.184514 0.903573 -0.005875
v -0.196236 0.908244 -0.008950
v -0.185472 0.901713 -0.005039
v -0.197193 0.906383 -0.008114
v -0.186434 0.900167 -0.003711
v -0.198154 0.904837 -0.006785
v -0.187876 0.898750 -0.000354
v -0.199595 0.903419 -0.003428
v -0.192447 0.896044 0.013014
v -0.204164 0.900713 0.009940
v -0.200141 0.978280 0.112731
v -0.189581 0.970061 0.114827
v -0.188983 0.972368 0.116053
v -0.199519 0.980627 0.113942
v -0.188476 0.974583 0.117491
v -0.198981 0.982904 0.115357
v -0.188141 0.976611 0.119296
v -0.198600 0.985028 0.117123
v -0.188007 0.978326 0.121391
v -0.198407 0.986873 0.119163
v -0.188068 0.979657 0.123648
v -0.198401 0.988356 0.121355
v -0.188238 0.980767 0.125980
v -0.198499 0.989631 0.123617
v -0.198821 0.990011 0.124749
v -0.188392 0.980952 0.126768
v -0.188523 0.982136 0.129086
v -0.198874 0.991401 0.127028
v -0.188530 0.983567 0.131312
v -0.198802 0.993018 0.129218
v -0.188311 0.985426 0.133348
v -0.198510 0.995025 0.131225
v -0.187865 0.987636 0.135070
v -0.197998 0.997333 0.132926
v -0.187228 0.990061 0.136404
v -0.197306 0.999805 0.134249
v -0.186490 0.992590 0.137514
v -0.196519 1.002353 0.135355
v -0.084261 1.178077 0.178249
v -0.074898 1.169237 0.179611
v -0.073315 1.171002 0.179487
v -0.082690 1.179852 0.178103
v -0.071767 1.172707 0.179079
v -0.081154 1.181566 0.177677
v -0.070303 1.174286 0.178163
v -0.079701 1.183151 0.176750
v -0.069009 1.175641 0.176761
v -0.078413 1.184512 0.175344
v -0.067942 1.176716 0.174973
v -0.077349 1.185593 0.173557
v -0.067009 1.177629 0.172983
v -0.076414 1.186512 0.171570
v -0.261733 0.963552 -0.058540
v -0.252660 0.958163 -0.049728
v -0.257382 0.944562 -0.053093
v -0.266450 0.949951 -0.061892
v -0.242846 0.952335 -0.040194
v -0.247569 0.938735 -0.043561
v -0.249275 0.935154 -0.043835
v -0.259087 0.940981 -0.053366
v -0.268149 0.946369 -0.062151
v -0.260464 0.939311 -0.052722
v -0.269521 0.944700 -0.061502
v -0.250653 0.933483 -0.043192
v -0.252160 0.932185 -0.042114
v -0.261971 0.938013 -0.051645
v -0.271025 0.943401 -0.060427
v -0.264554 0.937123 -0.048854
v -0.273611 0.942509 -0.057645
v -0.254743 0.931295 -0.039322
v -0.263539 0.930581 -0.028179
v -0.273350 0.936408 -0.037712
v -0.282410 0.941791 -0.046512
v -0.291939 0.925877 0.057400
v -0.301010 0.931264 0.048586
v -0.301283 0.929224 0.047500
v -0.292214 0.923848 0.056299
v -0.310823 0.937091 0.039051
v -0.311095 0.935050 0.037967
v -0.311162 0.933152 0.036713
v -0.301349 0.927328 0.046244
v -0.292283 0.921962 0.055032
v -0.301043 0.925713 0.044695
v -0.291980 0.920353 0.053480
v -0.310856 0.931537 0.035164
v -0.310172 0.930309 0.033391
v -0.300360 0.924485 0.042922
v -0.291298 0.919125 0.051711
v -0.299357 0.923688 0.041030
v -0.290295 0.918319 0.049826
v -0.309169 0.929513 0.031498
v -0.307994 0.928960 0.029551
v -0.298182 0.923133 0.039085
v -0.289120 0.917752 0.047889
v -0.303908 1.043545 0.052757
v -0.295987 1.033533 0.060123
v -0.296856 1.035025 0.062070
v -0.304657 1.045237 0.054674
v -0.286727 1.025848 0.069119
v -0.287614 1.027311 0.071070
v -0.288325 1.029002 0.072953
v -0.297548 1.036741 0.063951
v -0.305235 1.047133 0.056529
v -0.297915 1.038842 0.065689
v -0.305499 1.049375 0.058251
v -0.288709 1.031085 0.074692
v -0.288726 1.033467 0.076180
v -0.297917 1.041235 0.067180
v -0.305414 1.051858 0.059737
v -0.297574 1.043777 0.068360
v -0.305005 1.054439 0.060922
v -0.288395 1.036005 0.077355
v -0.287874 1.038615 0.078348
v -0.297041 1.046386 0.069359
v -0.304419 1.057057 0.061933
v -0.178074 1.244097 0.102833
v -0.171385 1.234482 0.109821
v -0.169435 1.235830 0.109637
v -0.176136 1.245457 0.102620
v -0.164108 1.224015 0.117449
v -0.162156 1.225361 0.117269
v -0.160198 1.226568 0.116831
v -0.167478 1.237038 0.109194
v -0.174190 1.246677 0.102154
v -0.165529 1.237983 0.108292
v -0.172250 1.247631 0.101237
v -0.158248 1.227512 0.115931
v -0.156416 1.228123 0.114593
v -0.163697 1.238595 0.106952
v -0.170424 1.248252 0.099891
v -0.162072 1.238862 0.105270
v -0.168800 1.248527 0.098209
v -0.154791 1.228388 0.112912
v -0.153292 1.228461 0.111050
v -0.160572 1.238935 0.103409
v -0.167296 1.248608 0.096353
v -0.111990 1.180981 0.040751
v -0.118682 1.190613 0.033723
v -0.110696 1.198505 0.037048
v -0.104001 1.188859 0.044089
v -0.125959 1.201082 0.026086
v -0.117972 1.208976 0.029409
v -0.115968 1.211410 0.031046
v -0.108691 1.200937 0.038686
v -0.101993 1.191275 0.045742
v -0.108064 1.202344 0.040346
v -0.101361 1.192668 0.047408
v -0.115342 1.212819 0.032704
v -0.115194 1.214015 0.034626
v -0.107915 1.203539 0.042267
v -0.101206 1.193858 0.049331
v -0.108975 1.204707 0.045751
v -0.102260 1.195027 0.052811
v -0.116255 1.215182 0.038109
v -0.122070 1.217600 0.050151
v -0.114790 1.207126 0.057793
v -0.108069 1.197450 0.064850
v -0.320638 0.942919 0.029515
v -0.320909 0.940879 0.028430
v -0.320975 0.938983 0.027175
v -0.320669 0.937367 0.025626
v -0.319985 0.936139 0.023854
v -0.318981 0.935341 0.021963
v -0.317806 0.934787 0.020018
v -0.133237 1.211552 0.018448
v -0.125251 1.219446 0.021772
v -0.123248 1.221879 0.023410
v -0.122622 1.223287 0.025068
v -0.122474 1.224485 0.026988
v -0.123536 1.225654 0.030470
v -0.129351 1.228074 0.042511
v -0.269357 0.968073 -0.065902
v -0.274062 0.954471 -0.069225
v -0.275743 0.950893 -0.069457
v -0.277096 0.949231 -0.068799
v -0.278590 0.947939 -0.067734
v -0.281177 0.947045 -0.064974
v -0.290023 0.946341 -0.053899
v -0.310289 1.053628 0.047223
v -0.310858 1.056040 0.049202
v -0.311201 1.058390 0.051020
v -0.311241 1.060933 0.052694
v -0.310976 1.063601 0.054153
v -0.310343 1.066471 0.055395
v -0.309181 1.070191 0.056714
v -0.184544 1.251141 0.096897
v -0.181851 1.253288 0.096749
v -0.179779 1.254684 0.096262
v -0.177871 1.255658 0.095320
v -0.176068 1.256296 0.093966
v -0.174310 1.256535 0.092048
v -0.172101 1.256371 0.088991
v -0.233032 0.946507 -0.030657
v -0.237755 0.932907 -0.034023
v -0.239460 0.929326 -0.034296
v -0.240838 0.927657 -0.033653
v -0.242346 0.926359 -0.032576
v -0.244930 0.925469 -0.029786
v -0.253726 0.924755 -0.018644
v -0.276334 1.021855 0.079207
v -0.277204 1.023345 0.081153
v -0.277899 1.025061 0.083030
v -0.278270 1.027164 0.084761
v -0.278277 1.029562 0.086242
v -0.277940 1.032111 0.087408
v -0.277414 1.034728 0.088392
v -0.156825 1.213536 0.125102
v -0.154875 1.214883 0.124917
v -0.152917 1.216091 0.124475
v -0.150968 1.217035 0.123573
v -0.149136 1.217647 0.122233
v -0.147511 1.217913 0.120552
v -0.146011 1.217986 0.118691
v -0.283727 0.923442 0.065294
v -0.284500 0.919707 0.063723
v -0.284675 0.917499 0.062348
v -0.284380 0.915908 0.060797
v -0.283704 0.914685 0.059041
v -0.282531 0.913874 0.056928
v -0.280499 0.913321 0.053769
v -0.106447 1.172981 0.046617
v -0.098453 1.180828 0.049982
v -0.096437 1.183204 0.051658
v -0.095797 1.184564 0.053332
v -0.095631 1.185734 0.055248
v -0.096669 1.186902 0.058719
v -0.102435 1.189295 0.070781
v -0.215348 0.891069 0.093068
v -0.215818 0.889117 0.091893
v -0.216162 0.887345 0.090511
v -0.216275 0.885919 0.088770
v -0.216137 0.884939 0.086746
v -0.215769 0.884429 0.084562
v -0.215275 0.884185 0.082301
v -0.057454 1.181895 0.076050
v -0.050235 1.190223 0.080003
v -0.048289 1.192523 0.081876
v -0.047487 1.193542 0.083720
v -0.047039 1.194183 0.085834
v -0.047358 1.194085 0.089715
v -0.050334 1.191663 0.103399
v -0.199982 0.929497 -0.008035
v -0.204556 0.915831 -0.011335
v -0.205983 0.912131 -0.011486
v -0.206933 0.910275 -0.010653
v -0.207888 0.908735 -0.009328
v -0.209324 0.907320 -0.005974
v -0.213940 0.904630 0.007379
v -0.209304 0.983618 0.110610
v -0.208168 0.987688 0.112187
v -0.207468 0.990421 0.113621
v -0.206984 0.992751 0.115282
v -0.206658 0.994876 0.117178
v -0.206490 0.996705 0.119235
v -0.206389 0.998389 0.121498
v -0.207146 0.999280 0.123883
v -0.207081 1.001278 0.126149
v -0.206851 1.003346 0.128267
v -0.206404 1.005684 0.130197
v -0.205762 1.008208 0.131838
v -0.204866 1.011004 0.133180
v -0.203475 1.014704 0.134536
v -0.092731 1.184350 0.176815
v -0.090539 1.187005 0.176829
v -0.088904 1.188904 0.176415
v -0.087480 1.190496 0.175477
v -0.086215 1.191864 0.174072
v -0.085078 1.193006 0.172019
v -0.083739 1.194184 0.168665
v -0.223669 1.064697 0.120810
v -0.225469 1.065694 0.122598
v -0.210408 1.092095 0.125475
v -0.212110 1.092627 0.127003
v -0.213931 1.093168 0.128206
v -0.227275 1.066479 0.123825
v -0.229209 1.067246 0.124400
v -0.215946 1.093718 0.128807
v -0.218059 1.094252 0.128738
v -0.231208 1.068026 0.124315
v -0.233239 1.068772 0.123557
v -0.220156 1.094742 0.128041
v -0.222232 1.095207 0.127000
v -0.235498 1.069455 0.122233
v -0.193714 1.117231 0.128455
v -0.195290 1.117828 0.130065
v -0.196988 1.118456 0.131362
v -0.198886 1.119136 0.132079
v -0.200894 1.119832 0.132143
v -0.202898 1.120507 0.131586
v -0.204888 1.121168 0.130690
v -0.123062 1.146395 0.070901
v -0.117488 1.143989 0.058090
v -0.142523 1.125063 0.064907
v -0.136575 1.122527 0.051764
v -0.135411 1.122393 0.047857
v -0.116352 1.143950 0.054252
v -0.116305 1.144630 0.051920
v -0.135381 1.123002 0.045501
v -0.135746 1.123981 0.043283
v -0.116637 1.145682 0.049729
v -0.117485 1.147270 0.047628
v -0.136645 1.125483 0.041156
v -0.138822 1.128500 0.038259
v -0.119562 1.150431 0.044791
v -0.157579 1.103002 0.060777
v -0.150832 1.100510 0.047417
v -0.149512 1.100327 0.043493
v -0.149461 1.100835 0.041137
v -0.149836 1.101673 0.038905
v -0.150796 1.102984 0.036739
v -0.153167 1.105663 0.033702
v -0.166960 1.217795 -0.004865
v -0.169461 1.221138 -0.006815
v -0.188151 1.192884 -0.012832
v -0.190739 1.196090 -0.014866
v -0.192389 1.197924 -0.015373
v -0.171066 1.223036 -0.007275
v -0.172556 1.224573 -0.006982
v -0.193919 1.199427 -0.015107
v -0.195410 1.200730 -0.014250
v -0.174016 1.225895 -0.006113
v -0.176083 1.227253 -0.003229
v -0.197524 1.202108 -0.011314
v -0.203978 1.205310 0.001298
v -0.182165 1.230383 0.009043
v -0.206989 1.163041 -0.020733
v -0.209801 1.165897 -0.022937
v -0.211580 1.167526 -0.023538
v -0.213229 1.168865 -0.023351
v -0.214838 1.170033 -0.022565
v -0.217164 1.171298 -0.019651
v -0.224448 1.174367 -0.006835
v -0.212358 1.243583 0.071346
v -0.213622 1.243716 0.075059
v -0.235974 1.220211 0.067338
v -0.236730 1.220066 0.069736
v -0.237330 1.219643 0.072117
v -0.214256 1.243388 0.077727
v -0.214472 1.242555 0.080088
v -0.237645 1.218726 0.074440
v -0.237637 1.217334 0.076576
v -0.214358 1.241283 0.082276
v -0.213914 1.239600 0.084235
v -0.237327 1.215566 0.078425
v -0.236851 1.213601 0.080103
v -0.213216 1.237490 0.086187
v -0.260806 1.188834 0.060584
v -0.261664 1.188658 0.062926
v -0.262359 1.188203 0.065246
v -0.262750 1.187249 0.067503
v -0.262797 1.185820 0.069566
v -0.262518 1.184017 0.071339
v -0.262059 1.182018 0.072940
v -0.096465 1.184324 0.067100
v -0.099862 1.187175 0.067364
v -0.116148 1.158087 0.056944
v -0.119609 1.160857 0.057104
v -0.121624 1.162298 0.057807
v -0.101845 1.188632 0.068119
v -0.103467 1.189614 0.069356
v -0.123268 1.163295 0.059025
v -0.124673 1.163978 0.060671
v -0.104864 1.190261 0.071000
v -0.106308 1.190278 0.074615
v -0.126103 1.164105 0.064380
v -0.129287 1.162703 0.078710
v -0.109410 1.188544 0.088432
v -0.134808 1.127336 0.046188
v -0.138429 1.129871 0.046120
v -0.140531 1.131212 0.046703
v -0.142247 1.132167 0.047838
v -0.143714 1.132851 0.049430
v -0.145229 1.133108 0.053190
v -0.148708 1.132383 0.068063
v -0.124068 1.177403 0.157562
v -0.124336 1.176260 0.161280
v -0.143946 1.154020 0.152734
v -0.143997 1.153148 0.155048
v -0.143867 1.152055 0.157217
v -0.124199 1.175117 0.163728
v -0.123667 1.173689 0.165623
v -0.143414 1.150574 0.159101
v -0.142642 1.148764 0.160578
v -0.122799 1.171979 0.167133
v -0.121616 1.170029 0.168217
v -0.141610 1.146736 0.161598
v -0.140439 1.144600 0.162357
v -0.120137 1.167756 0.169090
v -0.164899 1.127339 0.145236
v -0.165007 1.126571 0.147568
v -0.164938 1.125565 0.149755
v -0.164550 1.124143 0.151656
v -0.163845 1.122358 0.153148
v -0.162879 1.120325 0.154176
v -0.161773 1.118167 0.154941
v 0.256151 1.049164 -0.030419
v 0.271117 1.021369 -0.043439
v 0.261337 1.019578 -0.053904
v 0.246775 1.046215 -0.041671
v 0.258366 1.018592 -0.056250
v 0.243890 1.045005 -0.044170
v 0.256454 1.017589 -0.056789
v 0.242019 1.043896 -0.044762
v 0.254575 1.016404 -0.056794
v 0.240171 1.042625 -0.044799
v 0.252654 1.014925 -0.056092
v 0.238273 1.041089 -0.044106
v 0.249833 1.012306 -0.053885
v 0.235468 1.038439 -0.041896
v 0.311477 0.971572 -0.037331
v 0.312794 0.973768 -0.038651
v 0.313603 0.975786 -0.039558
v 0.313979 0.977906 -0.040079
v 0.313962 0.980116 -0.040229
v 0.313260 0.982876 -0.039779
v 0.311087 0.987852 -0.038152
v 0.185895 1.250388 0.047212
v 0.187834 1.250343 0.045082
v 0.189391 1.249919 0.043372
v 0.190772 1.248994 0.041914
v 0.191992 1.247604 0.040703
v 0.193110 1.245421 0.039732
v 0.194502 1.241371 0.038753
v 0.322472 1.020700 0.022402
v 0.323147 1.023152 0.020588
v 0.323308 1.025123 0.018979
v 0.322930 1.026843 0.017319
v 0.322065 1.028320 0.015608
v 0.320562 1.029568 0.013758
v 0.317955 1.030911 0.011273
v 0.330361 0.961830 0.006247
v 0.335165 0.967946 -0.001317
v 0.337478 0.968738 0.001593
v 0.331606 0.962473 0.008099
v 0.338706 0.969616 0.003638
v 0.332632 0.963318 0.009939
v 0.339318 0.970812 0.005423
v 0.333251 0.964520 0.011738
v 0.339474 0.972314 0.007070
v 0.333405 0.966035 0.013394
v 0.339038 0.974300 0.008646
v 0.333112 0.967767 0.014833
v 0.337740 0.977457 0.010651
v 0.332574 0.969609 0.016141
v 0.240557 1.079697 -0.015358
v 0.247719 1.065640 -0.022263
v 0.238200 1.061976 -0.034361
v 0.230723 1.075703 -0.027987
v 0.235328 1.060603 -0.037015
v 0.227805 1.074274 -0.030716
v 0.233490 1.059431 -0.037638
v 0.225961 1.073104 -0.031332
v 0.231665 1.058112 -0.037694
v 0.224124 1.071801 -0.031377
v 0.229783 1.056547 -0.037006
v 0.222223 1.070269 -0.030671
v 0.226984 1.053890 -0.034793
v 0.219385 1.067691 -0.028425
v 0.298435 1.075716 0.052627
v 0.298726 1.077932 0.050436
v 0.298694 1.079511 0.048484
v 0.298307 1.080871 0.046665
v 0.297607 1.082091 0.045027
v 0.296688 1.083008 0.043534
v 0.295787 1.083367 0.041766
v 0.214174 1.127831 0.003872
v 0.228633 1.101642 -0.005684
v 0.218580 1.097800 -0.018086
v 0.203929 1.124377 -0.007753
v 0.215587 1.096445 -0.020741
v 0.200836 1.123167 -0.010220
v 0.213686 1.095354 -0.021305
v 0.198847 1.122205 -0.010685
v 0.211789 1.094144 -0.021293
v 0.196862 1.121150 -0.010569
v 0.209821 1.092733 -0.020525
v 0.194808 1.119933 -0.009692
v 0.206884 1.090376 -0.018187
v 0.191760 1.117924 -0.007196
v 0.267730 1.138881 0.078058
v 0.280150 1.115433 0.073501
v 0.281067 1.117368 0.071515
v 0.268338 1.140674 0.076254
v 0.281670 1.118839 0.069523
v 0.268701 1.142281 0.074331
v 0.281807 1.119906 0.067366
v 0.268618 1.143536 0.072214
v 0.281462 1.120564 0.065113
v 0.268069 1.144347 0.070006
v 0.280670 1.120752 0.062804
v 0.267109 1.144697 0.067824
v 0.279599 1.120499 0.060238
v 0.265926 1.144791 0.065669
v 0.151948 1.242952 0.043304
v 0.158727 1.245351 0.035203
v 0.148471 1.243538 0.025927
v 0.141628 1.241167 0.033897
v 0.145886 1.242307 0.023360
v 0.139026 1.239947 0.031300
v 0.144860 1.240808 0.022054
v 0.137999 1.238445 0.029972
v 0.144217 1.238958 0.020971
v 0.137363 1.236585 0.028873
v 0.144279 1.235557 0.020020
v 0.137441 1.233172 0.027916
v 0.146437 1.224170 0.018449
v 0.139615 1.221778 0.026346
v 0.279179 0.958455 -0.046962
v 0.271810 0.950919 -0.039382
v 0.261661 0.950615 -0.049570
v 0.269031 0.958157 -0.057146
v 0.263795 0.942730 -0.031145
v 0.253646 0.942425 -0.041334
v 0.250611 0.942962 -0.043755
v 0.258627 0.951153 -0.051990
v 0.265999 0.958700 -0.059561
v 0.256779 0.952184 -0.052765
v 0.264155 0.959733 -0.060334
v 0.248763 0.943993 -0.044530
v 0.247017 0.945380 -0.044852
v 0.255033 0.953570 -0.053087
v 0.262411 0.961117 -0.060659
v 0.252691 0.956677 -0.052278
v 0.260069 0.964221 -0.059857
v 0.244675 0.948487 -0.044042
v 0.237752 0.960479 -0.038857
v 0.245768 0.968669 -0.047094
v 0.253144 0.976210 -0.054680
v 0.291892 1.054102 0.060507
v 0.286812 1.042937 0.066752
v 0.286080 1.041569 0.064680
v 0.291301 1.052606 0.058466
v 0.279697 1.033181 0.074312
v 0.278946 1.031828 0.072236
v 0.278391 1.030305 0.070179
v 0.285541 1.040031 0.062628
v 0.290894 1.050951 0.056442
v 0.285357 1.038204 0.060633
v 0.290823 1.049025 0.054470
v 0.278192 1.028491 0.068182
v 0.278384 1.026469 0.066358
v 0.285560 1.036173 0.058812
v 0.291112 1.046921 0.052663
v 0.286117 1.034056 0.057249
v 0.291725 1.044758 0.051107
v 0.278934 1.024358 0.064794
v 0.279679 1.022211 0.063383
v 0.286868 1.031905 0.055839
v 0.292514 1.042576 0.049700
v 0.290837 1.066614 0.072186
v 0.286209 1.054975 0.078134
v 0.287195 1.052657 0.076783
v 0.291882 1.064342 0.070827
v 0.279262 1.045211 0.085812
v 0.280233 1.042889 0.084458
v 0.280993 1.040613 0.082945
v 0.287972 1.050383 0.075273
v 0.292734 1.062094 0.069308
v 0.288362 1.048216 0.073491
v 0.293229 1.059913 0.067518
v 0.281363 1.038449 0.081161
v 0.281299 1.036524 0.079191
v 0.288319 1.046283 0.071522
v 0.293317 1.057924 0.065540
v 0.287872 1.044671 0.069479
v 0.293017 1.056221 0.063489
v 0.280830 1.034925 0.077147
v 0.280138 1.033516 0.075075
v 0.287202 1.043248 0.067407
v 0.292503 1.054687 0.061409
v 0.205360 1.249917 0.091337
v 0.197799 1.247021 0.101526
v 0.199639 1.246605 0.102978
v 0.207211 1.249499 0.092770
v 0.189169 1.243868 0.112246
v 0.191006 1.243452 0.113700
v 0.192803 1.242771 0.115039
v 0.201438 1.245924 0.104315
v 0.209022 1.248820 0.094091
v 0.203144 1.244773 0.105430
v 0.210739 1.247674 0.095195
v 0.194506 1.241618 0.116155
v 0.196015 1.240029 0.116972
v 0.204656 1.243187 0.106248
v 0.212264 1.246097 0.096008
v 0.205906 1.241273 0.106742
v 0.213529 1.244194 0.096505
v 0.197262 1.238114 0.117464
v 0.198355 1.236029 0.117774
v 0.207003 1.239190 0.107054
v 0.214643 1.242122 0.096824
v 0.314977 0.946108 0.022066
v 0.322992 0.954297 0.013829
v 0.324245 0.954933 0.015682
v 0.316231 0.946743 0.023920
v 0.325277 0.955774 0.017524
v 0.317264 0.947584 0.025762
v 0.325899 0.956976 0.019325
v 0.317886 0.948785 0.027563
v 0.326051 0.958494 0.020983
v 0.318038 0.950304 0.029221
v 0.325752 0.960230 0.022419
v 0.317739 0.952041 0.030657
v 0.325205 0.962076 0.023723
v 0.317190 0.953888 0.031960
v 0.134913 1.236893 0.063481
v 0.143820 1.240049 0.053001
v 0.133400 1.238270 0.043503
v 0.124443 1.235114 0.053941
v 0.130782 1.237057 0.040886
v 0.121818 1.233903 0.051317
v 0.129756 1.235558 0.039552
v 0.120792 1.232405 0.049981
v 0.129125 1.233697 0.038447
v 0.120162 1.230544 0.048876
v 0.129211 1.230282 0.037490
v 0.120249 1.227130 0.047918
v 0.131394 1.218887 0.035920
v 0.122433 1.215733 0.046349
v 0.285320 0.964768 -0.053278
v 0.275143 0.964454 -0.063418
v 0.272120 0.965005 -0.065822
v 0.270292 0.966036 -0.066589
v 0.268562 0.967411 -0.066918
v 0.266225 0.970505 -0.066129
v 0.259299 0.982488 -0.060967
v 0.295063 1.064496 0.055471
v 0.294773 1.062670 0.053337
v 0.294668 1.060749 0.051361
v 0.294858 1.058614 0.049459
v 0.295342 1.056356 0.047701
v 0.296231 1.053806 0.046050
v 0.297857 1.050100 0.044061
v 0.292677 1.079265 0.068713
v 0.294362 1.076332 0.066985
v 0.295472 1.074005 0.065376
v 0.296190 1.071813 0.063568
v 0.296566 1.069713 0.061572
v 0.296590 1.067776 0.059491
v 0.296390 1.065836 0.057341
v 0.210233 1.252133 0.081730
v 0.213237 1.251846 0.084029
v 0.215292 1.251196 0.085492
v 0.217024 1.250067 0.086562
v 0.218566 1.248513 0.087356
v 0.219911 1.246424 0.087854
v 0.221338 1.243321 0.088203
v 0.180704 1.207791 0.016687
v 0.170079 1.205461 0.007480
v 0.189554 1.179039 0.013507
v 0.178863 1.176372 0.003734
v 0.175549 1.175468 0.001731
v 0.166736 1.204717 0.005616
v 0.164549 1.204147 0.005457
v 0.173388 1.174795 0.001514
v 0.171252 1.174083 0.001883
v 0.162394 1.203540 0.005872
v 0.160195 1.202860 0.007053
v 0.169074 1.173296 0.003025
v 0.165924 1.172059 0.005893
v 0.157029 1.201784 0.009980
v 0.200815 1.152961 0.009864
v 0.190312 1.149877 -0.000790
v 0.187097 1.148818 -0.003014
v 0.185011 1.148006 -0.003347
v 0.182940 1.147133 -0.003094
v 0.180813 1.146147 -0.002071
v 0.177696 1.144560 0.000629
v 0.236276 1.215924 0.078880
v 0.237035 1.216793 0.076541
v 0.245617 1.189010 0.078246
v 0.246185 1.190090 0.076263
v 0.246488 1.191040 0.074192
v 0.237395 1.217444 0.074356
v 0.237235 1.217882 0.072117
v 0.246308 1.191745 0.071985
v 0.245627 1.192150 0.069753
v 0.236564 1.218101 0.069874
v 0.235236 1.218062 0.067536
v 0.244508 1.192252 0.067614
v 0.243152 1.192185 0.065538
v 0.232828 1.217735 0.064472
v 0.256042 1.163181 0.078969
v 0.256581 1.164729 0.077101
v 0.256866 1.166110 0.075126
v 0.256690 1.167175 0.072982
v 0.256035 1.167846 0.070777
v 0.254963 1.168110 0.068629
v 0.253666 1.168146 0.066527
v 0.248158 0.921496 0.031002
v 0.250090 0.916542 0.029042
v 0.250515 0.913823 0.028173
v 0.250166 0.911666 0.027768
v 0.249343 0.909609 0.027620
v 0.247994 0.907662 0.027728
v 0.245967 0.905554 0.028011
v 0.161553 1.123544 0.147602
v 0.152458 1.150863 0.144131
v 0.153305 1.151148 0.147754
v 0.161901 1.123528 0.149906
v 0.153450 1.151169 0.150249
v 0.161980 1.123359 0.152127
v 0.152994 1.150950 0.152319
v 0.161575 1.122915 0.154172
v 0.152036 1.150526 0.154114
v 0.160678 1.122204 0.155919
v 0.150587 1.149903 0.155597
v 0.159363 1.121278 0.157299
v 0.148655 1.149074 0.156991
v 0.157824 1.120240 0.158466
v 0.129488 1.175652 0.105337
v 0.127903 1.179756 0.105410
v 0.126483 1.181983 0.105591
v 0.124829 1.183425 0.105939
v 0.122905 1.184416 0.106446
v 0.120680 1.184915 0.107103
v 0.117855 1.185049 0.107922
v 0.200613 0.988916 0.034297
v 0.215688 0.961215 0.021195
v 0.209423 0.962439 0.008374
v 0.194855 0.989065 0.020635
v 0.207180 0.962284 0.005087
v 0.192719 0.988700 0.017187
v 0.205364 0.961709 0.003728
v 0.190950 0.988023 0.015768
v 0.203383 0.960888 0.002806
v 0.188998 0.987119 0.014808
v 0.201064 0.959686 0.002431
v 0.186699 0.985858 0.014418
v 0.197060 0.957241 0.002847
v 0.182705 0.983379 0.014834
v 0.194577 0.921258 -0.005113
v 0.204096 0.927467 -0.007234
v 0.210919 0.915394 -0.012321
v 0.201390 0.909173 -0.010212
v 0.213052 0.912122 -0.012967
v 0.203520 0.905885 -0.010869
v 0.214448 0.910460 -0.012415
v 0.204928 0.904212 -0.010316
v 0.215826 0.909047 -0.011354
v 0.206330 0.902800 -0.009247
v 0.217872 0.907682 -0.008349
v 0.208402 0.901453 -0.006230
v 0.224408 0.904996 0.003970
v 0.214909 0.898760 0.006111
v 0.102886 0.931245 0.032907
v 0.117255 0.905115 0.020917
v 0.113641 0.902584 0.022227
v 0.099244 0.928736 0.034220
v 0.112033 0.901222 0.023491
v 0.097593 0.927417 0.035502
v 0.111137 0.900165 0.025059
v 0.096645 0.926429 0.037116
v 0.110728 0.899289 0.026919
v 0.096179 0.925647 0.039036
v 0.111509 0.898488 0.030536
v 0.096865 0.925064 0.042812
v 0.116971 0.896737 0.043547
v 0.101846 0.924407 0.056656
v 0.149156 0.856824 0.053438
v 0.152324 0.852605 0.051353
v 0.154358 0.850883 0.050236
v 0.156281 0.850192 0.049358
v 0.158332 0.850032 0.048514
v 0.160519 0.850451 0.047700
v 0.163121 0.851439 0.046776
v 0.016905 1.152349 0.140962
v 0.016716 1.156742 0.140771
v 0.017120 1.159346 0.140509
v 0.018048 1.161323 0.140089
v 0.019402 1.162992 0.139511
v 0.021212 1.164327 0.138759
v 0.023666 1.165554 0.137732
v 0.129359 0.922235 0.127601
v 0.145203 0.890992 0.109258
v 0.147429 0.890744 0.112390
v 0.130889 0.922085 0.129166
v 0.149239 0.890840 0.114287
v 0.132606 0.922015 0.130532
v 0.151180 0.891191 0.115548
v 0.134639 0.922088 0.131524
v 0.153313 0.891734 0.116346
v 0.136898 0.922311 0.132065
v 0.155582 0.892482 0.116666
v 0.139254 0.922663 0.132153
v 0.158105 0.893518 0.116705
v 0.141649 0.923085 0.131990
v 0.200267 0.861931 0.092325
v 0.189849 0.857584 0.095291
v 0.191267 0.854337 0.093169
v 0.200959 0.860223 0.090909
v 0.191912 0.852495 0.091441
v 0.201471 0.858681 0.089320
v 0.192094 0.851283 0.089567
v 0.201654 0.857456 0.087434
v 0.191935 0.850473 0.087484
v 0.201478 0.856634 0.085338
v 0.191345 0.850132 0.085032
v 0.200972 0.856234 0.083150
v 0.190109 0.850237 0.081458
v 0.200287 0.856071 0.080924
v 0.244288 0.955723 0.086783
v 0.245376 0.954728 0.090180
v 0.228443 0.986964 0.105121
v 0.228911 0.986107 0.106930
v 0.229154 0.985060 0.108632
v 0.245676 0.953831 0.092428
v 0.245395 0.952726 0.094198
v 0.228988 0.983683 0.110122
v 0.228397 0.982028 0.111308
v 0.244655 0.951387 0.095649
v 0.243454 0.949862 0.096757
v 0.227434 0.980197 0.112147
v 0.226271 0.978278 0.112789
v 0.241780 0.948150 0.097751
v 0.184233 1.018907 0.049870
v 0.191883 1.005161 0.042636
v 0.186204 1.004769 0.027995
v 0.178444 1.018298 0.034556
v 0.184120 1.004268 0.024371
v 0.176351 1.017751 0.030830
v 0.182389 1.003530 0.022919
v 0.174624 1.017005 0.029374
v 0.180466 1.002577 0.021936
v 0.172698 1.016056 0.028394
v 0.178182 1.001286 0.021539
v 0.170405 1.014782 0.028006
v 0.174194 0.998795 0.021956
v 0.166390 1.012346 0.028446
v 0.085860 0.961679 0.047126
v 0.094279 0.946840 0.040106
v 0.090616 0.944355 0.041426
v 0.082162 0.959262 0.048473
v 0.088937 0.943072 0.042722
v 0.080460 0.958023 0.049787
v 0.087954 0.942135 0.044362
v 0.079454 0.957129 0.051444
v 0.087449 0.941420 0.046319
v 0.078928 0.956458 0.053419
v 0.088090 0.940983 0.050268
v 0.079566 0.956090 0.057480
v 0.093001 0.940875 0.065090
v 0.084583 0.956211 0.072982
v 0.120266 0.941521 0.141465
v 0.122594 0.939747 0.142003
v 0.124567 0.938922 0.142632
v 0.126735 0.938433 0.143014
v 0.129141 0.938091 0.143041
v 0.131736 0.937892 0.142674
v 0.134727 0.937730 0.141889
v 0.219460 1.006021 0.118887
v 0.220634 1.003709 0.119730
v 0.221163 1.001959 0.120686
v 0.221217 1.000055 0.121535
v 0.220882 0.997888 0.122172
v 0.220158 0.995486 0.122549
v 0.219091 0.992647 0.122681
v 0.156892 1.065766 0.070022
v 0.171709 1.040453 0.060013
v 0.165777 1.039855 0.044830
v 0.150867 1.064990 0.055470
v 0.163632 1.039336 0.041145
v 0.148654 1.064468 0.051916
v 0.161863 1.038634 0.039720
v 0.146809 1.063825 0.050547
v 0.159891 1.037744 0.038775
v 0.144753 1.063026 0.049663
v 0.157546 1.036552 0.038427
v 0.142315 1.061977 0.049386
v 0.153452 1.034281 0.038935
v 0.138095 1.060009 0.050008
v 0.053776 1.019354 0.072231
v 0.071401 0.987078 0.058962
v 0.067632 0.984827 0.060372
v 0.049898 1.017423 0.073744
v 0.065895 0.983673 0.061716
v 0.048103 1.016442 0.075139
v 0.064869 0.982841 0.063391
v 0.047042 1.015749 0.076845
v 0.064333 0.982219 0.065376
v 0.046491 1.015244 0.078847
v 0.064991 0.981885 0.069422
v 0.047159 1.015026 0.082810
v 0.070134 0.982028 0.084806
v 0.052361 1.015407 0.097585
v 0.081279 1.018307 0.173661
v 0.098765 0.983860 0.164343
v 0.100051 0.984470 0.166805
v 0.082745 1.018473 0.175655
v 0.101501 0.984962 0.168731
v 0.084410 1.018638 0.177408
v 0.103229 0.985503 0.170150
v 0.086412 1.018802 0.178707
v 0.105159 0.986116 0.171040
v 0.088663 1.018957 0.179454
v 0.107271 0.986771 0.171362
v 0.091031 1.019096 0.179643
v 0.109766 0.987455 0.171262
v 0.093450 1.019225 0.179522
v 0.204418 0.975282 0.127317
v 0.211653 0.986182 0.127874
v 0.211316 0.987842 0.130495
v 0.204364 0.976344 0.129746
v 0.210810 0.989493 0.132875
v 0.204136 0.977614 0.132118
v 0.210028 0.991379 0.135074
v 0.203599 0.979246 0.134360
v 0.208999 0.993460 0.137009
v 0.202762 0.981170 0.136339
v 0.207678 0.995782 0.138664
v 0.201688 0.983268 0.137968
v 0.205814 0.998788 0.140384
v 0.200488 0.985451 0.139391
v 0.119804 1.176266 0.160961
v 0.130929 1.177247 0.157686
v 0.129878 1.180384 0.156772
v 0.119003 1.178367 0.160189
v 0.128925 1.182505 0.155746
v 0.118135 1.180301 0.159190
v 0.127917 1.184096 0.154358
v 0.117156 1.181914 0.157793
v 0.126860 1.185270 0.152628
v 0.116112 1.183097 0.156049
v 0.125679 1.185974 0.150403
v 0.115062 1.183816 0.154069
v 0.123988 1.186338 0.147034
v 0.114014 1.184272 0.151970
v 0.028026 1.146281 0.085625
v 0.017371 1.144071 0.089033
v 0.015235 1.155559 0.089537
v 0.025872 1.157777 0.086122
v 0.014924 1.158980 0.090377
v 0.025546 1.161210 0.086958
v 0.015112 1.160822 0.091645
v 0.025739 1.163069 0.088230
v 0.015521 1.162301 0.093287
v 0.026172 1.164559 0.089879
v 0.016774 1.163475 0.096679
v 0.027464 1.165734 0.093274
v 0.022014 1.165053 0.109090
v 0.032793 1.167314 0.105668
v 0.183519 0.985389 0.011436
v 0.197884 0.959261 -0.000565
v 0.195672 0.956751 0.002370
v 0.181293 0.982905 0.014385
v 0.194890 0.955480 0.004425
v 0.180485 0.981681 0.016466
v 0.194772 0.954622 0.006489
v 0.180326 0.980898 0.018574
v 0.195158 0.954053 0.008625
v 0.180656 0.980427 0.020765
v 0.197141 0.954015 0.012019
v 0.182548 0.980616 0.024304
v 0.206383 0.955249 0.023055
v 0.191391 0.983018 0.036108
v 0.246151 0.921527 0.028538
v 0.249107 0.917306 0.026107
v 0.250871 0.915590 0.024565
v 0.252445 0.914939 0.023115
v 0.254068 0.914862 0.021580
v 0.255715 0.915397 0.019960
v 0.257563 0.916509 0.018022
v 0.121897 1.215822 0.123238
v 0.121394 1.220186 0.123172
v 0.121468 1.222789 0.122751
v 0.121972 1.224787 0.121948
v 0.122809 1.226493 0.120818
v 0.123992 1.227882 0.119334
v 0.125600 1.229175 0.117330
v 0.252945 0.964525 0.078010
v 0.256394 0.964031 0.079651
v 0.258976 0.963875 0.080414
v 0.261401 0.963982 0.080543
v 0.263778 0.964303 0.080154
v 0.266088 0.964864 0.079207
v 0.268662 0.965747 0.077649
v 0.301782 0.938164 0.047754
v 0.294797 0.933603 0.054740
v 0.296042 0.930344 0.052842
v 0.302332 0.936318 0.046453
v 0.296483 0.928329 0.051292
v 0.302632 0.934581 0.045018
v 0.296334 0.926817 0.049642
v 0.302481 0.933063 0.043360
v 0.295712 0.925619 0.047846
v 0.301858 0.931860 0.041557
v 0.294478 0.924772 0.045776
v 0.300825 0.931020 0.039715
v 0.292222 0.924092 0.042772
v 0.299569 0.930385 0.037861
v 0.166492 1.016681 0.025681
v 0.174916 1.001092 0.018641
v 0.172675 0.998638 0.021602
v 0.164209 1.014320 0.028677
v 0.171846 0.997454 0.023701
v 0.163354 1.013194 0.030797
v 0.171657 0.996728 0.025833
v 0.163142 1.012520 0.032947
v 0.171949 0.996328 0.028055
v 0.163414 1.012171 0.035186
v 0.173826 0.996688 0.031744
v 0.165319 1.012620 0.038963
v 0.182811 0.999812 0.044390
v 0.174610 1.016091 0.052148
v 0.230627 1.017298 0.108622
v 0.232423 1.017474 0.109500
v 0.234359 1.017515 0.109957
v 0.236498 1.017762 0.110119
v 0.238738 1.018293 0.110037
v 0.241085 1.019079 0.109613
v 0.243905 1.020029 0.108613
v 0.135073 1.078507 0.051519
v 0.152107 1.043885 0.037643
v 0.149737 1.041738 0.040718
v 0.132620 1.076693 0.054725
v 0.148840 1.040720 0.042876
v 0.131690 1.075841 0.056943
v 0.148606 1.040121 0.045047
v 0.131451 1.075353 0.059140
v 0.148871 1.039824 0.047291
v 0.131732 1.075129 0.061385
v 0.150810 1.040283 0.051034
v 0.133725 1.075576 0.065003
v 0.160300 1.043646 0.064012
v 0.143384 1.078623 0.077242
v 0.194882 1.095405 0.139291
v 0.211004 1.062291 0.130153
v 0.212817 1.063457 0.131946
v 0.196841 1.095965 0.140625
v 0.214637 1.064411 0.133194
v 0.198899 1.096495 0.141655
v 0.216547 1.065328 0.133852
v 0.201112 1.096963 0.142128
v 0.218471 1.066222 0.133919
v 0.203368 1.097344 0.141985
v 0.220377 1.067060 0.133374
v 0.205547 1.097622 0.141270
v 0.222486 1.067883 0.132302
v 0.207672 1.097843 0.140242
v 0.105225 1.209680 0.066340
v 0.098427 1.207280 0.074281
v 0.096254 1.218661 0.075869
v 0.103045 1.221072 0.067917
v 0.096172 1.222056 0.076844
v 0.102959 1.224481 0.068882
v 0.096791 1.223897 0.077954
v 0.103587 1.226339 0.069991
v 0.097793 1.225387 0.079290
v 0.104606 1.227837 0.071328
v 0.100354 1.226610 0.081884
v 0.107201 1.229055 0.073934
v 0.110526 1.228393 0.091257
v 0.117515 1.230838 0.083348
v 0.222339 0.944750 -0.023057
v 0.229729 0.952289 -0.030627
v 0.236652 0.940297 -0.035812
v 0.229262 0.932759 -0.028243
v 0.238993 0.937190 -0.036623
v 0.231605 0.929653 -0.029054
v 0.240740 0.935803 -0.036301
v 0.233353 0.928267 -0.028733
v 0.242588 0.934773 -0.035526
v 0.235202 0.927237 -0.027959
v 0.245623 0.934236 -0.033105
v 0.238237 0.926700 -0.025539
v 0.255772 0.934541 -0.022916
v 0.248387 0.927006 -0.015351
v 0.261722 1.011131 0.081313
v 0.270830 1.015527 0.072305
v 0.270080 1.017679 0.073714
v 0.260937 1.013317 0.082717
v 0.269523 1.019796 0.075277
v 0.260325 1.015481 0.084272
v 0.269320 1.021826 0.077099
v 0.260033 1.017581 0.086082
v 0.269503 1.023652 0.079094
v 0.260096 1.019498 0.088063
v 0.270040 1.025188 0.081148
v 0.260490 1.021142 0.090100
v 0.270771 1.026555 0.083222
v 0.261066 1.022623 0.092156
v 0.261495 1.023021 0.093245
v 0.271138 1.026843 0.083901
v 0.271811 1.028272 0.085973
v 0.262005 1.024604 0.095333
v 0.272264 1.029891 0.088017
v 0.262313 1.026367 0.097387
v 0.272318 1.031834 0.089985
v 0.262253 1.028432 0.099354
v 0.271945 1.034012 0.091763
v 0.261806 1.030704 0.101121
v 0.271188 1.036298 0.093269
v 0.261017 1.033053 0.102606
v 0.270223 1.038629 0.094615
v 0.260043 1.035428 0.103925
v 0.180198 1.230000 0.136901
v 0.189066 1.232880 0.127916
v 0.187968 1.234962 0.127605
v 0.179076 1.232070 0.136589
v 0.186717 1.236875 0.127111
v 0.177806 1.233971 0.136095
v 0.185205 1.238462 0.126293
v 0.176279 1.235549 0.135279
v 0.183500 1.239613 0.125177
v 0.174566 1.236697 0.134167
v 0.181702 1.240295 0.123838
v 0.172764 1.237380 0.132833
v 0.179864 1.240711 0.122384
v 0.170924 1.237802 0.131384
v 0.147479 0.890496 0.005552
v 0.158787 0.897881 0.002987
v 0.165596 0.885791 -0.002119
v 0.154298 0.878414 0.000451
v 0.171021 0.905871 0.000217
v 0.177828 0.893780 -0.004890
v 0.179953 0.890486 -0.005553
v 0.167723 0.882498 -0.002781
v 0.156434 0.875131 -0.000207
v 0.169134 0.880823 -0.002231
v 0.157850 0.873462 0.000343
v 0.181364 0.888810 -0.005002
v 0.182775 0.887403 -0.003931
v 0.170545 0.879416 -0.001159
v 0.159260 0.872056 0.001411
v 0.172629 0.878080 0.001862
v 0.161339 0.870713 0.004427
v 0.184859 0.886067 -0.000909
v 0.191376 0.883386 0.011436
v 0.179145 0.875397 0.014206
v 0.167850 0.868023 0.016766
v 0.247360 0.892691 0.081662
v 0.236052 0.885304 0.084222
v 0.236756 0.883594 0.082811
v 0.248046 0.890978 0.080247
v 0.223819 0.877314 0.086992
v 0.224526 0.875604 0.085581
v 0.225048 0.874059 0.083994
v 0.237277 0.882049 0.081224
v 0.248552 0.889432 0.078659
v 0.237460 0.880820 0.079338
v 0.248729 0.888203 0.076776
v 0.225232 0.872830 0.082108
v 0.225047 0.872004 0.080009
v 0.237275 0.879994 0.077240
v 0.248546 0.887377 0.074680
v 0.236753 0.879592 0.075052
v 0.248034 0.886973 0.072494
v 0.224523 0.871603 0.077821
v 0.223815 0.871439 0.075597
v 0.236046 0.879428 0.072827
v 0.247343 0.886806 0.070269
v 0.157076 0.944420 0.138083
v 0.170572 0.947920 0.133304
v 0.170652 0.948814 0.135747
v 0.157009 0.945499 0.140519
v 0.183698 0.954297 0.129728
v 0.183797 0.955163 0.132173
v 0.183715 0.956257 0.134562
v 0.170553 0.949933 0.138134
v 0.156782 0.946790 0.142896
v 0.170135 0.951448 0.140393
v 0.156269 0.948451 0.145140
v 0.183308 0.957749 0.136823
v 0.182577 0.959580 0.138824
v 0.169401 0.953297 0.142390
v 0.155480 0.950411 0.147119
v 0.168407 0.955364 0.144037
v 0.154474 0.952550 0.148745
v 0.181581 0.961634 0.140474
v 0.180443 0.963799 0.141919
v 0.167276 0.957540 0.145478
v 0.153352 0.954776 0.150164
v 0.066321 1.165196 0.177883
v 0.079072 1.167833 0.173824
v 0.078296 1.169946 0.173058
v 0.065516 1.167296 0.177113
v 0.092966 1.170709 0.169420
v 0.092195 1.172824 0.168656
v 0.091353 1.174770 0.167662
v 0.077450 1.171891 0.172063
v 0.064644 1.169230 0.176115
v 0.076486 1.173511 0.170666
v 0.063661 1.170842 0.174719
v 0.090392 1.176391 0.166265
v 0.089358 1.177576 0.164520
v 0.075450 1.174696 0.168920
v 0.062613 1.172024 0.172976
v 0.074401 1.175409 0.166938
v 0.061559 1.172742 0.170998
v 0.088310 1.178289 0.162537
v 0.087260 1.178734 0.160435
v 0.073352 1.175856 0.164836
v 0.060507 1.173197 0.168900
v 0.081429 1.157334 0.068729
v 0.068638 1.154689 0.072772
v 0.066478 1.166188 0.073265
v 0.079288 1.168833 0.069221
v 0.054737 1.151812 0.077170
v 0.052574 1.163311 0.077662
v 0.052241 1.166749 0.078494
v 0.066148 1.169625 0.074096
v 0.078980 1.172270 0.070052
v 0.066344 1.171489 0.075366
v 0.079191 1.174133 0.071318
v 0.052435 1.168612 0.079765
v 0.052880 1.170105 0.081414
v 0.066790 1.172982 0.077014
v 0.079643 1.175627 0.072960
v 0.068101 1.174155 0.080409
v 0.080952 1.176805 0.076350
v 0.054191 1.171277 0.084809
v 0.059537 1.172854 0.097204
v 0.073446 1.175732 0.092803
v 0.086293 1.178388 0.088741
v 0.211584 0.869323 0.089762
v 0.212289 0.867613 0.088351
v 0.212810 0.866068 0.086763
v 0.212994 0.864840 0.084877
v 0.212810 0.864015 0.082779
v 0.212289 0.863613 0.080591
v 0.211583 0.863449 0.078366
v 0.040834 1.148934 0.081570
v 0.038672 1.160432 0.082062
v 0.038339 1.163869 0.082894
v 0.038534 1.165732 0.084166
v 0.038977 1.167225 0.085815
v 0.040286 1.168398 0.089210
v 0.045630 1.169975 0.101604
v 0.138010 0.884302 0.007730
v 0.144850 0.872240 0.002639
v 0.147006 0.868983 0.001988
v 0.148425 0.867336 0.002536
v 0.149825 0.865937 0.003593
v 0.151891 0.864584 0.006596
v 0.158346 0.861844 0.018934
v 0.145011 0.942827 0.143074
v 0.144494 0.944449 0.145751
v 0.143954 0.946145 0.148154
v 0.143227 0.948115 0.150358
v 0.142316 0.950299 0.152287
v 0.141175 0.952783 0.153933
v 0.139559 0.956147 0.155665
v 0.056172 1.161766 0.181340
v 0.054966 1.164878 0.180475
v 0.053974 1.166991 0.179462
v 0.052954 1.168580 0.178078
v 0.051886 1.169752 0.176353
v 0.050721 1.170459 0.174124
v 0.049160 1.170850 0.170710
v 0.183256 0.913863 -0.002553
v 0.190064 0.901772 -0.007659
v 0.192190 0.898479 -0.008321
v 0.193600 0.896803 -0.007770
v 0.195010 0.895396 -0.006699
v 0.197093 0.894059 -0.003678
v 0.203608 0.891376 0.008667
v 0.195069 0.963914 0.127746
v 0.195149 0.964805 0.130188
v 0.195048 0.965922 0.132574
v 0.194623 0.967432 0.134832
v 0.193877 0.969275 0.136829
v 0.192868 0.971336 0.138473
v 0.191720 0.973505 0.139913
v 0.106886 1.173590 0.165023
v 0.106111 1.175703 0.164257
v 0.105266 1.177648 0.163262
v 0.104302 1.179268 0.161865
v 0.103267 1.180453 0.160119
v 0.102218 1.181166 0.158136
v 0.101169 1.181613 0.156034
v 0.255772 0.900642 0.080364
v 0.257296 0.897465 0.078218
v 0.257945 0.895626 0.076488
v 0.258107 0.894401 0.074618
v 0.257929 0.893579 0.072538
v 0.257297 0.893211 0.070095
v 0.255920 0.893223 0.066557
v 0.092069 1.159532 0.065397
v 0.089970 1.171028 0.065890
v 0.089707 1.174458 0.066714
v 0.089949 1.176312 0.067964
v 0.090413 1.177803 0.069587
v 0.091718 1.178988 0.072961
v 0.097103 1.180596 0.085325
v 0.309167 0.945698 0.040189
v 0.309716 0.943851 0.038886
v 0.310016 0.942115 0.037450
v 0.309864 0.940596 0.035792
v 0.309242 0.939394 0.033991
v 0.308209 0.938554 0.032148
v 0.306954 0.937919 0.030295
v 0.113464 1.212578 0.056771
v 0.111280 1.223974 0.058342
v 0.111193 1.227389 0.059301
v 0.111823 1.229249 0.060406
v 0.112848 1.230748 0.061742
v 0.115465 1.231960 0.064360
v 0.125885 1.233739 0.073859
v 0.216208 0.938483 -0.016743
v 0.223132 0.926495 -0.021931
v 0.225473 0.923395 -0.022745
v 0.227216 0.922016 -0.022428
v 0.229060 0.920993 -0.021659
v 0.232092 0.920460 -0.019242
v 0.242212 0.920733 -0.009027
v 0.254915 1.006246 0.088150
v 0.253213 1.009875 0.090216
v 0.252311 1.012411 0.091881
v 0.251816 1.014659 0.093650
v 0.251602 1.016769 0.095577
v 0.251682 1.018665 0.097578
v 0.251995 1.020514 0.099688
v 0.252821 1.021343 0.102073
v 0.252903 1.023332 0.104345
v 0.252862 1.025426 0.106450
v 0.252536 1.027754 0.108415
v 0.251914 1.030216 0.110157
v 0.250937 1.032897 0.111666
v 0.249397 1.036437 0.113266
v 0.173289 1.226399 0.144143
v 0.171741 1.229467 0.143924
v 0.170360 1.231547 0.143456
v 0.168816 1.233101 0.142656
v 0.167095 1.234237 0.141562
v 0.165084 1.234903 0.140039
v 0.162207 1.235237 0.137580
v 0.200659 1.042479 0.139412
v 0.200835 1.042347 0.142128
v 0.186150 1.068838 0.145971
v 0.186506 1.068431 0.148257
v 0.186617 1.067814 0.150416
v 0.200789 1.041880 0.144400
v 0.200296 1.041055 0.146333
v 0.186286 1.066822 0.152322
v 0.185503 1.065487 0.153858
v 0.199343 1.039931 0.147895
v 0.197958 1.038504 0.149036
v 0.184332 1.063899 0.154968
v 0.182954 1.062179 0.155834
v 0.196201 1.036653 0.149936
v 0.172722 1.095924 0.148285
v 0.173107 1.095679 0.150570
v 0.173238 1.095238 0.152749
v 0.172910 1.094447 0.154711
v 0.172116 1.093330 0.156335
v 0.170921 1.091965 0.157556
v 0.169512 1.090469 0.158545
v 0.124815 1.142307 0.079669
v 0.118905 1.140258 0.066946
v 0.133011 1.113989 0.078881
v 0.127036 1.112023 0.065653
v 0.124711 1.111313 0.062378
v 0.116552 1.139603 0.063774
v 0.114507 1.139096 0.062566
v 0.122697 1.110745 0.061134
v 0.120443 1.110131 0.060391
v 0.112223 1.138555 0.061852
v 0.109527 1.137946 0.061759
v 0.117782 1.109428 0.060277
v 0.113296 1.108268 0.061154
v 0.104993 1.136961 0.062674
v 0.143716 1.089324 0.076148
v 0.137696 1.087899 0.062294
v 0.135420 1.087273 0.058887
v 0.133484 1.086668 0.057585
v 0.131320 1.085965 0.056779
v 0.128762 1.085099 0.056594
v 0.124395 1.083560 0.057358
v 0.015102 1.117816 0.091016
v 0.010960 1.116953 0.092843
v 0.024281 1.085528 0.088506
v 0.020168 1.084494 0.090275
v 0.018227 1.084030 0.091811
v 0.009012 1.116575 0.094408
v 0.007848 1.116383 0.096218
v 0.017063 1.083780 0.093614
v 0.016445 1.083682 0.095679
v 0.007230 1.116324 0.098280
v 0.007834 1.116607 0.102020
v 0.017062 1.083961 0.099492
v 0.022115 1.085694 0.112998
v 0.012774 1.118451 0.115042
v 0.037466 1.052416 0.082372
v 0.033456 1.050961 0.084021
v 0.031578 1.050254 0.085489
v 0.030460 1.049797 0.087247
v 0.029874 1.049511 0.089283
v 0.030521 1.049562 0.093166
v 0.035671 1.050678 0.107271
v 0.039914 1.126894 0.179538
v 0.042095 1.127453 0.182753
v 0.050227 1.095133 0.181756
v 0.051812 1.095417 0.183692
v 0.053612 1.095664 0.185397
v 0.044013 1.127837 0.184703
v 0.046160 1.128147 0.185970
v 0.055780 1.095841 0.186666
v 0.058219 1.095934 0.187402
v 0.048565 1.128405 0.186724
v 0.051169 1.128604 0.186942
v 0.060788 1.095945 0.187599
v 0.063413 1.095910 0.187494
v 0.054119 1.128766 0.186806
v 0.064294 1.057138 0.179489
v 0.065847 1.057306 0.181442
v 0.067615 1.057440 0.183154
v 0.069751 1.057514 0.184413
v 0.072160 1.057519 0.185122
v 0.074698 1.057459 0.185274
v 0.077294 1.057363 0.185118
v 0.099230 1.181022 0.077006
v 0.096779 1.180081 0.080589
v 0.108154 1.148316 0.071566
v 0.105681 1.147243 0.075089
v 0.104774 1.146765 0.077451
v 0.095899 1.179656 0.082971
v 0.095747 1.179435 0.085219
v 0.104594 1.146529 0.079707
v 0.104969 1.146472 0.081945
v 0.096147 1.179365 0.087435
v 0.098315 1.179689 0.090652
v 0.107122 1.146902 0.085260
v 0.117202 1.149316 0.095749
v 0.108307 1.181789 0.100617
v 0.120115 1.113748 0.063110
v 0.117632 1.112341 0.066488
v 0.116702 1.111698 0.068784
v 0.116486 1.111353 0.071016
v 0.116813 1.111229 0.073259
v 0.118893 1.111684 0.076718
v 0.128797 1.114447 0.088036
v 0.160221 1.191642 0.148843
v 0.163494 1.192274 0.150866
v 0.170613 1.162372 0.148158
v 0.172786 1.162768 0.149272
v 0.175051 1.163126 0.150083
v 0.165983 1.192720 0.151827
v 0.168374 1.193096 0.152061
v 0.177460 1.163410 0.150337
v 0.179888 1.163602 0.149985
v 0.170766 1.193427 0.151712
v 0.173101 1.193701 0.150789
v 0.182210 1.163697 0.149082
v 0.184459 1.163738 0.147878
v 0.175577 1.193945 0.149401
v 0.181428 1.129504 0.145014
v 0.183528 1.129919 0.146223
v 0.185731 1.130285 0.147122
v 0.188098 1.130558 0.147454
v 0.190506 1.130719 0.147165
v 0.192827 1.130765 0.146308
v 0.195086 1.130747 0.145139
v 0.087737 1.423368 0.034905
v 0.124205 1.416043 0.018824
v 0.124697 1.418270 0.018062
v 0.087897 1.425697 0.034099
v 0.153464 1.414550 -0.011605
v 0.154352 1.416571 -0.012244
v 0.155041 1.418522 -0.013141
v 0.125077 1.420392 0.016993
v 0.088021 1.427884 0.032968
v 0.125253 1.422298 0.015382
v 0.088079 1.429789 0.031263
v 0.155361 1.420327 -0.014493
v 0.155272 1.421876 -0.016252
v 0.125202 1.423869 0.013285
v 0.088062 1.431290 0.029044
v 0.124941 1.425042 0.010841
v 0.087976 1.432331 0.026459
v 0.154804 1.423102 -0.018303
v 0.154127 1.424142 -0.020503
v 0.124564 1.425987 0.008220
v 0.087853 1.433109 0.023685
v 0.187355 1.450739 -0.141045
v 0.175060 1.435017 -0.073994
v 0.175967 1.434093 -0.072564
v 0.188407 1.450002 -0.140388
v 0.176593 1.433017 -0.071230
v 0.189133 1.449134 -0.139775
v 0.176706 1.431678 -0.070086
v 0.189263 1.448041 -0.139249
v 0.176269 1.430135 -0.069206
v 0.188755 1.446769 -0.138844
v 0.175335 1.428481 -0.068623
v 0.187670 1.445396 -0.138576
v 0.174132 1.426776 -0.068207
v 0.186273 1.443975 -0.138385
v 0.192596 1.467299 -0.272999
v 0.192015 1.461777 -0.207858
v 0.193141 1.461145 -0.207641
v 0.193769 1.466751 -0.273002
v 0.193923 1.460388 -0.207438
v 0.194604 1.466062 -0.273004
v 0.194077 1.459413 -0.207264
v 0.194817 1.465126 -0.273005
v 0.193556 1.458263 -0.207131
v 0.194361 1.463979 -0.273007
v 0.192427 1.457006 -0.207042
v 0.193298 1.462696 -0.273008
v 0.190966 1.455700 -0.206979
v 0.191903 1.461343 -0.273008
v 0.001465 1.427526 0.057138
v 0.045968 1.427003 0.049742
v 0.045988 1.429368 0.048924
v 0.001465 1.429895 0.056318
v 0.046003 1.431575 0.047775
v 0.001465 1.432103 0.055168
v 0.046011 1.433471 0.046043
v 0.001465 1.433998 0.053434
v 0.046009 1.434934 0.043791
v 0.001465 1.435455 0.051178
v 0.045998 1.435909 0.041165
v 0.001465 1.436421 0.048549
v 0.045982 1.436609 0.038348
v 0.001465 1.437109 0.045728
v 0.083396 1.435778 -0.034682
v 0.111158 1.433767 -0.049141
v 0.110648 1.433398 -0.051638
v 0.083231 1.435217 -0.037419
v 0.131575 1.435661 -0.071045
v 0.130635 1.435446 -0.073065
v 0.129759 1.434935 -0.074948
v 0.110173 1.432742 -0.053965
v 0.083077 1.434384 -0.039970
v 0.109765 1.431578 -0.055962
v 0.082945 1.433067 -0.042160
v 0.129007 1.433893 -0.076564
v 0.128429 1.432349 -0.077806
v 0.109452 1.429940 -0.057497
v 0.082843 1.431312 -0.043842
v 0.109244 1.427940 -0.058515
v 0.082776 1.429236 -0.044958
v 0.128046 1.430412 -0.078630
v 0.127773 1.428268 -0.079217
v 0.109096 1.425753 -0.059240
v 0.082728 1.426994 -0.045754
v 0.152929 1.449672 -0.157614
v 0.142763 1.437755 -0.112182
v 0.143144 1.439904 -0.111805
v 0.153384 1.451848 -0.157436
v 0.143680 1.441847 -0.111274
v 0.154023 1.453829 -0.157186
v 0.144487 1.443400 -0.110475
v 0.154985 1.455439 -0.156810
v 0.145538 1.444451 -0.109435
v 0.156238 1.456564 -0.156321
v 0.146762 1.444975 -0.108222
v 0.157697 1.457174 -0.155750
v 0.148075 1.445203 -0.106922
v 0.159263 1.457494 -0.155138
v 0.157362 1.461599 -0.273008
v 0.156882 1.458378 -0.212764
v 0.157368 1.460574 -0.212703
v 0.157853 1.463824 -0.273008
v 0.158051 1.462583 -0.212616
v 0.158543 1.465876 -0.273008
v 0.159080 1.464235 -0.212486
v 0.159583 1.467591 -0.273008
v 0.160418 1.465416 -0.212317
v 0.160937 1.468855 -0.273008
v 0.161979 1.466090 -0.212119
v 0.162514 1.469626 -0.273008
v 0.163652 1.466479 -0.211907
v 0.164206 1.470118 -0.273007
v 0.001465 1.437109 -0.015805
v 0.045425 1.436943 -0.021845
v 0.045405 1.436296 -0.024665
v 0.001465 1.436450 -0.018635
v 0.045385 1.435382 -0.027295
v 0.001465 1.435524 -0.021273
v 0.045369 1.433997 -0.029551
v 0.001465 1.434129 -0.023536
v 0.045356 1.432189 -0.031285
v 0.001465 1.432315 -0.025276
v 0.045348 1.430078 -0.032435
v 0.001465 1.430199 -0.026430
v 0.045342 1.427813 -0.033255
v 0.001465 1.427930 -0.027252
v 0.084738 1.436178 -0.538426
v 0.115601 1.435080 -0.523566
v 0.115985 1.434459 -0.525999
v 0.084862 1.435547 -0.540995
v 0.141624 1.438561 -0.499363
v 0.142338 1.438003 -0.501414
v 0.142970 1.437194 -0.503327
v 0.116338 1.433583 -0.528268
v 0.084977 1.434661 -0.543391
v 0.116633 1.432260 -0.530214
v 0.085076 1.433327 -0.545446
v 0.143448 1.435942 -0.504967
v 0.143734 1.434290 -0.506228
v 0.116850 1.430536 -0.531709
v 0.085152 1.431590 -0.547026
v 0.116981 1.428523 -0.532702
v 0.085203 1.429565 -0.548074
v 0.143826 1.432348 -0.507065
v 0.143809 1.430256 -0.507661
v 0.117065 1.426364 -0.533409
v 0.085239 1.427394 -0.548820
v 0.185130 1.455920 -0.402281
v 0.167923 1.442615 -0.461759
v 0.168313 1.444548 -0.461367
v 0.185984 1.457640 -0.402096
v 0.168509 1.446329 -0.460816
v 0.186565 1.459219 -0.401836
v 0.168353 1.447817 -0.459987
v 0.186648 1.460527 -0.401444
v 0.167831 1.448910 -0.458907
v 0.186197 1.461475 -0.400934
v 0.166994 1.449575 -0.457649
v 0.185267 1.462034 -0.400340
v 0.165986 1.449998 -0.456299
v 0.184077 1.462373 -0.399703
v 0.191585 1.462024 -0.338369
v 0.192783 1.463532 -0.338305
v 0.193665 1.464934 -0.338215
v 0.193968 1.466130 -0.338080
v 0.193640 1.467041 -0.337904
v 0.192735 1.467635 -0.337698
v 0.191514 1.468049 -0.337478
v 0.001465 1.437109 -0.560479
v 0.045593 1.436993 -0.553102
v 0.045608 1.436361 -0.555711
v 0.001465 1.436478 -0.563093
v 0.045623 1.435475 -0.558144
v 0.001465 1.435591 -0.565530
v 0.045635 1.434139 -0.560231
v 0.001465 1.434254 -0.567621
v 0.045645 1.432400 -0.561835
v 0.001465 1.432515 -0.569228
v 0.045651 1.430374 -0.562900
v 0.001465 1.430489 -0.570294
v 0.045656 1.428200 -0.563658
v 0.001465 1.428314 -0.571054
v 0.082728 1.426994 -0.500263
v 0.109096 1.425753 -0.486776
v 0.109213 1.428027 -0.487519
v 0.082765 1.429265 -0.501056
v 0.127773 1.428268 -0.466799
v 0.128002 1.430556 -0.467418
v 0.128325 1.432697 -0.468287
v 0.109377 1.430147 -0.488563
v 0.082817 1.431381 -0.502170
v 0.109625 1.431968 -0.490137
v 0.082896 1.433197 -0.503849
v 0.128810 1.434548 -0.469596
v 0.129442 1.435987 -0.471299
v 0.109947 1.433370 -0.492183
v 0.082998 1.434593 -0.506034
v 0.110322 1.434303 -0.494569
v 0.083117 1.435519 -0.508580
v 0.130179 1.436963 -0.473284
v 0.130969 1.437676 -0.475414
v 0.110724 1.434969 -0.497129
v 0.083245 1.436178 -0.511311
v 0.159099 1.459551 -0.390993
v 0.147632 1.447544 -0.439427
v 0.146428 1.446738 -0.438045
v 0.157574 1.458722 -0.390353
v 0.145306 1.445674 -0.436756
v 0.156152 1.457638 -0.389756
v 0.144343 1.444160 -0.435650
v 0.154932 1.456106 -0.389243
v 0.143603 1.442251 -0.434800
v 0.153994 1.454184 -0.388850
v 0.143112 1.440072 -0.434236
v 0.153372 1.451995 -0.388589
v 0.142763 1.437755 -0.433834
v 0.152929 1.449672 -0.388403
v 0.163624 1.467668 -0.334122
v 0.161957 1.466985 -0.333907
v 0.160404 1.466037 -0.333706
v 0.159071 1.464621 -0.333534
v 0.158046 1.462788 -0.333402
v 0.157366 1.460659 -0.333315
v 0.156882 1.458378 -0.333252
v 0.001465 1.427930 -0.518764
v 0.045342 1.427813 -0.512762
v 0.045346 1.430082 -0.513571
v 0.001465 1.430199 -0.519574
v 0.045353 1.432198 -0.514706
v 0.001465 1.432315 -0.520712
v 0.045363 1.434013 -0.516417
v 0.001465 1.434129 -0.522426
v 0.045376 1.435408 -0.518643
v 0.001465 1.435524 -0.524656
v 0.045391 1.436333 -0.521238
v 0.001465 1.436450 -0.527256
v 0.045406 1.436993 -0.524022
v 0.001465 1.437109 -0.530045
v -0.084922 1.433109 0.023685
v -0.121633 1.425987 0.008220
v -0.122010 1.425042 0.010841
v -0.085046 1.432331 0.026459
v -0.151196 1.424142 -0.020503
v -0.151873 1.423102 -0.018303
v -0.152341 1.421876 -0.016252
v -0.122271 1.423869 0.013285
v -0.085131 1.431290 0.029044
v -0.122322 1.422298 0.015382
v -0.085148 1.429789 0.031263
v -0.152430 1.420327 -0.014493
v -0.152110 1.418522 -0.013141
v -0.122146 1.420392 0.016993
v -0.085090 1.427884 0.032967
v -0.121766 1.418270 0.018062
v -0.084967 1.425697 0.034099
v -0.151421 1.416571 -0.012244
v -0.150533 1.414550 -0.011605
v -0.121274 1.416043 0.018824
v -0.084806 1.423368 0.034905
v -0.183343 1.443975 -0.138385
v -0.171201 1.426776 -0.068207
v -0.172405 1.428481 -0.068623
v -0.184740 1.445396 -0.138576
v -0.173338 1.430135 -0.069206
v -0.185824 1.446769 -0.138844
v -0.173775 1.431678 -0.070086
v -0.186332 1.448041 -0.139249
v -0.173662 1.433017 -0.071230
v -0.186202 1.449134 -0.139775
v -0.173036 1.434093 -0.072564
v -0.185476 1.450002 -0.140388
v -0.172129 1.435017 -0.073994
v -0.184424 1.450739 -0.141045
v -0.188972 1.461343 -0.273008
v -0.188035 1.455700 -0.206979
v -0.189496 1.457006 -0.207042
v -0.190367 1.462696 -0.273008
v -0.190625 1.458263 -0.207131
v -0.191430 1.463979 -0.273007
v -0.191146 1.459413 -0.207264
v -0.191886 1.465126 -0.273005
v -0.190992 1.460388 -0.207438
v -0.191673 1.466062 -0.273004
v -0.190210 1.461145 -0.207641
v -0.190838 1.466751 -0.273002
v -0.189084 1.461777 -0.207858
v -0.189665 1.467299 -0.272999
v -0.043052 1.436609 0.038348
v -0.043067 1.435909 0.041165
v -0.043078 1.434934 0.043791
v -0.043080 1.433471 0.046043
v -0.043073 1.431575 0.047775
v -0.043057 1.429368 0.048924
v -0.043037 1.427003 0.049742
v -0.079797 1.426994 -0.045754
v -0.106165 1.425753 -0.059240
v -0.106313 1.427940 -0.058515
v -0.079845 1.429236 -0.044958
v -0.124842 1.428268 -0.079217
v -0.125115 1.430412 -0.078630
v -0.125498 1.432349 -0.077806
v -0.106521 1.429940 -0.057497
v -0.079912 1.431312 -0.043842
v -0.106835 1.431578 -0.055962
v -0.080014 1.433067 -0.042160
v -0.126076 1.433893 -0.076564
v -0.126828 1.434935 -0.074948
v -0.107242 1.432742 -0.053965
v -0.080146 1.434384 -0.039970
v -0.107718 1.433398 -0.051638
v -0.080300 1.435217 -0.037419
v -0.127704 1.435446 -0.073065
v -0.128644 1.435661 -0.071045
v -0.108227 1.433767 -0.049141
v -0.080465 1.435778 -0.034682
v -0.156333 1.457494 -0.155138
v -0.145144 1.445203 -0.106922
v -0.143831 1.444975 -0.108222
v -0.154767 1.457174 -0.155750
v -0.142607 1.444451 -0.109435
v -0.153307 1.456564 -0.156321
v -0.141556 1.443400 -0.110475
v -0.152054 1.455439 -0.156810
v -0.140749 1.441847 -0.111274
v -0.151092 1.453829 -0.157186
v -0.140213 1.439904 -0.111805
v -0.150453 1.451848 -0.157436
v -0.139832 1.437755 -0.112182
v -0.149998 1.449672 -0.157614
v -0.161275 1.470118 -0.273007
v -0.160722 1.466479 -0.211907
v -0.159048 1.466090 -0.212119
v -0.159583 1.469626 -0.273008
v -0.157488 1.465416 -0.212317
v -0.158006 1.468855 -0.273008
v -0.156149 1.464235 -0.212486
v -0.156653 1.467591 -0.273008
v -0.155120 1.462583 -0.212616
v -0.155612 1.465876 -0.273008
v -0.154437 1.460574 -0.212703
v -0.154922 1.463824 -0.273008
v -0.153951 1.458378 -0.212764
v -0.154431 1.461599 -0.273008
v -0.042411 1.427813 -0.033255
v -0.042417 1.430079 -0.032435
v -0.042425 1.432189 -0.031285
v -0.042438 1.433997 -0.029551
v -0.042455 1.435382 -0.027295
v -0.042474 1.436296 -0.024665
v -0.042494 1.436943 -0.021845
v -0.082308 1.427394 -0.548820
v -0.114134 1.426364 -0.533409
v -0.114050 1.428523 -0.532702
v -0.082272 1.429565 -0.548074
v -0.140878 1.430256 -0.507661
v -0.140895 1.432348 -0.507065
v -0.140803 1.434290 -0.506228
v -0.113919 1.430536 -0.531709
v -0.082221 1.431590 -0.547026
v -0.113702 1.432260 -0.530214
v -0.082145 1.433327 -0.545446
v -0.140517 1.435942 -0.504967
v -0.140039 1.437194 -0.503327
v -0.113407 1.433583 -0.528267
v -0.082046 1.434661 -0.543391
v -0.113054 1.434459 -0.525999
v -0.081931 1.435547 -0.540995
v -0.139407 1.438003 -0.501414
v -0.138693 1.438561 -0.499363
v -0.112670 1.435080 -0.523566
v -0.081807 1.436178 -0.538426
v -0.181146 1.462373 -0.399703
v -0.163055 1.449998 -0.456299
v -0.164063 1.449575 -0.457649
v -0.182336 1.462034 -0.400340
v -0.164901 1.448910 -0.458907
v -0.183266 1.461475 -0.400934
v -0.165422 1.447817 -0.459987
v -0.183717 1.460527 -0.401444
v -0.165578 1.446329 -0.460816
v -0.183635 1.459219 -0.401836
v -0.165382 1.444548 -0.461367
v -0.183053 1.457640 -0.402096
v -0.164992 1.442615 -0.461759
v -0.182199 1.455920 -0.402281
v -0.188583 1.468049 -0.337478
v -0.189804 1.467635 -0.337698
v -0.190709 1.467041 -0.337904
v -0.191037 1.466130 -0.338080
v -0.190734 1.464934 -0.338215
v -0.189852 1.463532 -0.338305
v -0.188655 1.462024 -0.338369
v -0.042725 1.428200 -0.563658
v -0.042720 1.430374 -0.562900
v -0.042714 1.432400 -0.561835
v -0.042704 1.434139 -0.560231
v -0.042692 1.435475 -0.558144
v -0.042678 1.436361 -0.555711
v -0.042662 1.436993 -0.553102
v -0.080314 1.436178 -0.511311
v -0.107793 1.434969 -0.497129
v -0.107391 1.434303 -0.494569
v -0.080186 1.435519 -0.508580
v -0.128038 1.437676 -0.475414
v -0.127248 1.436963 -0.473284
v -0.126511 1.435987 -0.471299
v -0.107016 1.433370 -0.492183
v -0.080067 1.434593 -0.506034
v -0.106694 1.431968 -0.490137
v -0.079965 1.433197 -0.503849
v -0.125879 1.434548 -0.469596
v -0.125394 1.432697 -0.468287
v -0.106446 1.430147 -0.488563
v -0.079886 1.431381 -0.502170
v -0.106282 1.428027 -0.487519
v -0.079834 1.429265 -0.501056
v -0.125071 1.430556 -0.467418
v -0.124842 1.428268 -0.466799
v -0.106165 1.425753 -0.486776
v -0.079797 1.426994 -0.500263
v -0.149998 1.449672 -0.388403
v -0.139832 1.437755 -0.433834
v -0.140182 1.440072 -0.434236
v -0.150441 1.451995 -0.388589
v -0.140672 1.442251 -0.434800
v -0.151063 1.454184 -0.388850
v -0.141412 1.444160 -0.435650
v -0.152001 1.456106 -0.389243
v -0.142375 1.445674 -0.436756
v -0.153221 1.457638 -0.389756
v -0.143497 1.446738 -0.438045
v -0.154643 1.458722 -0.390353
v -0.144701 1.447544 -0.439427
v -0.156168 1.459551 -0.390993
v -0.153951 1.458378 -0.333252
v -0.154435 1.460659 -0.333315
v -0.155115 1.462788 -0.333402
v -0.156140 1.464621 -0.333534
v -0.157473 1.466037 -0.333706
v -0.159027 1.466985 -0.333907
v -0.160693 1.467668 -0.334122
v -0.042476 1.436993 -0.524022
v -0.042460 1.436333 -0.521238
v -0.042445 1.435408 -0.518643
v -0.042432 1.434013 -0.516417
v -0.042422 1.432198 -0.514706
v -0.042416 1.430082 -0.513571
v -0.042411 1.427813 -0.512762
v 0.259983 0.832941 -0.073285
v 0.281444 0.832933 -0.127821
v 0.233026 0.832947 -0.032272
v 0.309319 0.957152 -0.116097
v 0.285482 0.979915 -0.049333
v 0.254769 1.003012 0.002742
v 0.199126 0.832949 -0.002368
v 0.150669 0.832949 0.019384
v 0.214069 1.012409 0.038566
v 0.159228 1.019370 0.061940
v 0.211542 1.154762 0.037514
v 0.121821 1.404325 0.018824
v 0.086938 1.408464 0.034905
v 0.149565 1.406594 -0.011605
v 0.115414 1.363009 0.034272
v 0.141298 1.349656 0.029159
v 0.085526 1.369990 0.042652
v 0.169726 1.421713 -0.068207
v 0.181960 1.440647 -0.138385
v 0.200810 1.343419 0.003249
v 0.187273 1.337155 0.012341
v 0.193365 1.364297 -0.017884
v 0.191550 1.289466 0.032263
v 0.168312 1.324285 0.030348
v 0.196785 1.389962 -0.071476
v 0.203061 1.413169 -0.140699
v 0.186698 1.452940 -0.206979
v 0.187346 1.457921 -0.273008
v 0.205892 1.426773 -0.208261
v 0.206305 1.430836 -0.273008
v 0.266966 1.135060 -0.074696
v 0.252497 1.186792 -0.042347
v 0.283113 1.096013 -0.127925
v 0.204517 1.240027 0.035647
v 0.242955 1.242546 -0.032746
v 0.237924 1.289355 -0.035023
v 0.332328 0.941776 -0.276554
v 0.325972 0.944964 -0.192717
v 0.296696 0.832927 -0.196685
v 0.302589 0.832924 -0.274777
v 0.296578 1.075112 -0.196728
v 0.302239 1.069303 -0.274763
v 0.046754 1.372806 0.054172
v 0.001465 1.373350 0.060541
v 0.045868 1.410745 0.049742
v 0.001465 1.411073 0.057138
v 0.235892 1.317950 -0.039929
v 0.234630 1.338142 -0.057423
v 0.081997 0.832947 0.034841
v 0.001465 0.832946 0.040947
v 0.085806 1.027056 0.078135
v 0.001465 1.030866 0.084577
v 0.232322 1.360519 -0.097087
v 0.229517 1.379705 -0.147778
v 0.226539 1.388552 -0.202568
v 0.226827 1.393510 -0.273013
v 0.219546 1.381389 -0.219783
v 0.219291 1.383891 -0.273009
v 0.143143 1.019027 -0.022610
v 0.187558 1.012897 -0.041773
v 0.191605 1.156573 -0.043564
v 0.217335 1.006278 -0.065815
v 0.237923 0.988794 -0.095462
v 0.254359 0.971398 -0.138838
v 0.109096 1.409265 -0.059240
v 0.127773 1.411786 -0.079217
v 0.082728 1.410500 -0.045754
v 0.188942 1.386050 -0.154982
v 0.185213 1.371203 -0.114118
v 0.177980 1.356060 -0.082486
v 0.163836 1.347149 -0.063859
v 0.134783 1.359192 -0.058912
v 0.188199 1.331560 -0.064886
v 0.109674 1.361698 -0.049654
v 0.081182 1.361050 -0.038684
v 0.142763 1.421277 -0.112182
v 0.152929 1.433195 -0.157614
v 0.195122 1.316345 -0.060236
v 0.193433 1.291565 -0.053501
v 0.196321 1.392290 -0.204636
v 0.194339 1.397232 -0.273008
v 0.156882 1.441901 -0.212764
v 0.157362 1.445121 -0.273008
v 0.192638 1.243526 -0.047371
v 0.267218 0.961635 -0.200596
v 0.272572 0.958859 -0.273008
v 0.045342 1.411315 -0.033255
v 0.001465 1.411431 -0.027252
v 0.043983 1.361894 -0.027678
v 0.001465 1.362782 -0.022442
v 0.001465 1.030028 -0.002740
v 0.078347 1.026352 -0.008447
v 0.281386 0.832933 -0.422676
v 0.260058 0.832941 -0.470033
v 0.233233 0.832947 -0.502560
v 0.159153 1.019671 -0.575910
v 0.213849 1.013292 -0.553754
v 0.211288 1.155730 -0.552769
v 0.254446 1.004304 -0.525787
v 0.285238 0.980886 -0.490978
v 0.309232 0.957482 -0.438800
v 0.199346 0.832949 -0.528697
v 0.150822 0.832949 -0.549953
v 0.116933 1.409870 -0.533409
v 0.142759 1.415059 -0.507661
v 0.085239 1.410716 -0.548820
v 0.203144 1.412921 -0.400481
v 0.196533 1.389351 -0.460409
v 0.188399 1.364733 -0.507754
v 0.164816 1.430495 -0.461759
v 0.180228 1.447532 -0.402281
v 0.155438 1.356311 -0.540320
v 0.125030 1.359298 -0.549990
v 0.087612 1.369095 -0.557110
v 0.181973 1.346833 -0.535941
v 0.200939 1.333066 -0.534813
v 0.205909 1.426738 -0.337150
v 0.186463 1.456676 -0.338369
v 0.237930 1.289464 -0.495776
v 0.243072 1.242606 -0.498559
v 0.252674 1.186823 -0.492697
v 0.205741 1.239515 -0.550359
v 0.202717 1.285751 -0.545570
v 0.267077 1.135084 -0.468724
v 0.283124 1.096038 -0.422563
v 0.296627 0.832927 -0.354314
v 0.325961 0.944995 -0.363273
v 0.296559 1.075128 -0.354235
v 0.045656 1.411524 -0.563658
v 0.001465 1.411638 -0.571054
v 0.047021 1.372692 -0.568157
v 0.001465 1.373350 -0.574457
v 0.204726 1.314221 -0.539559
v 0.234591 1.338367 -0.475969
v 0.235837 1.318117 -0.491218
v 0.001465 1.030866 -0.598493
v 0.085797 1.027094 -0.592058
v 0.082073 0.832947 -0.565432
v 0.001465 0.832946 -0.571541
v 0.229721 1.380256 -0.395263
v 0.232383 1.360840 -0.441340
v 0.226665 1.388963 -0.342374
v 0.219362 1.381368 -0.326214
v 0.254359 0.971398 -0.407178
v 0.237923 0.988794 -0.450554
v 0.217335 1.006278 -0.480202
v 0.187558 1.012897 -0.504243
v 0.143143 1.019027 -0.523407
v 0.191605 1.156573 -0.502453
v 0.109096 1.409265 -0.486776
v 0.082728 1.410500 -0.500263
v 0.127773 1.411786 -0.466799
v 0.109675 1.361697 -0.496362
v 0.134798 1.359191 -0.487100
v 0.081182 1.361050 -0.507332
v 0.142763 1.421277 -0.433834
v 0.152929 1.433195 -0.388402
v 0.185429 1.371093 -0.431943
v 0.189750 1.385517 -0.391567
v 0.178051 1.356052 -0.463506
v 0.163886 1.347144 -0.482140
v 0.188274 1.331552 -0.481105
v 0.195176 1.316339 -0.485763
v 0.193451 1.291563 -0.492509
v 0.156882 1.441901 -0.333252
v 0.196800 1.391877 -0.342262
v 0.192640 1.243526 -0.498645
v 0.267218 0.961635 -0.345420
v 0.043983 1.361894 -0.518338
v 0.001465 1.362782 -0.523575
v 0.045342 1.411315 -0.512762
v 0.001465 1.411431 -0.518764
v 0.078347 1.026352 -0.537570
v 0.001465 1.030028 -0.543276
v -0.082875 1.027056 0.078135
v -0.156297 1.019370 0.061940
v -0.147738 0.832949 0.019384
v -0.079066 0.832947 0.034841
v -0.082595 1.369990 0.042652
v -0.043823 1.372806 0.054172
v -0.042937 1.410745 0.049742
v -0.084008 1.408464 0.034905
v -0.075416 1.026352 -0.008447
v -0.140212 1.019027 -0.022610
v -0.041053 1.361894 -0.027678
v -0.078251 1.361050 -0.038684
v -0.042411 1.411315 -0.033255
v -0.079797 1.410500 -0.045754
v -0.082866 1.027094 -0.592058
v -0.156222 1.019671 -0.575910
v -0.079142 0.832947 -0.565432
v -0.147891 0.832949 -0.549953
v -0.044090 1.372692 -0.568157
v -0.084681 1.369095 -0.557110
v -0.042725 1.411524 -0.563658
v -0.082308 1.410716 -0.548820
v -0.075416 1.026352 -0.537570
v -0.140212 1.019027 -0.523407
v -0.078251 1.361050 -0.507332
v -0.041053 1.361894 -0.518338
v -0.042411 1.411315 -0.512762
v -0.079797 1.410500 -0.500263
v -0.278513 0.832933 -0.127821
v -0.257053 0.832941 -0.073285
v -0.230095 0.832947 -0.032272
v -0.211138 1.012409 0.038566
v -0.208611 1.154762 0.037514
v -0.251838 1.003012 0.002742
v -0.282551 0.979915 -0.049333
v -0.306388 0.957152 -0.116097
v -0.196195 0.832949 -0.002368
v -0.118890 1.404325 0.018824
v -0.146635 1.406594 -0.011605
v -0.200130 1.413169 -0.140699
v -0.193855 1.389962 -0.071476
v -0.190434 1.364297 -0.017884
v -0.165381 1.324285 0.030348
v -0.188619 1.289466 0.032263
v -0.138367 1.349656 0.029159
v -0.184342 1.337155 0.012341
v -0.112483 1.363009 0.034272
v -0.197879 1.343419 0.003249
v -0.166795 1.421713 -0.068207
v -0.179029 1.440647 -0.138385
v -0.203374 1.430836 -0.273008
v -0.202961 1.426773 -0.208261
v -0.183767 1.452940 -0.206979
v -0.184415 1.457921 -0.273008
v -0.234993 1.289355 -0.035023
v -0.240024 1.242546 -0.032746
v -0.249566 1.186792 -0.042347
v -0.201587 1.240027 0.035647
v -0.264035 1.135060 -0.074696
v -0.280182 1.096013 -0.127925
v -0.299658 0.832924 -0.274777
v -0.293765 0.832927 -0.196685
v -0.323041 0.944964 -0.192717
v -0.329397 0.941776 -0.276554
v -0.293647 1.075112 -0.196728
v -0.299308 1.069303 -0.274763
v -0.231699 1.338142 -0.057423
v -0.232961 1.317950 -0.039929
v -0.226695 1.380038 -0.148228
v -0.229411 1.360579 -0.097127
v -0.223896 1.393510 -0.273013
v -0.223672 1.388853 -0.203438
v -0.216360 1.383891 -0.273009
v -0.216427 1.381361 -0.219804
v -0.251428 0.971398 -0.138838
v -0.234992 0.988794 -0.095462
v -0.214404 1.006278 -0.065815
v -0.184627 1.012897 -0.041773
v -0.188674 1.156573 -0.043564
v -0.106165 1.409265 -0.059240
v -0.124842 1.411786 -0.079217
v -0.106745 1.361697 -0.049654
v -0.131868 1.359191 -0.058917
v -0.139832 1.421277 -0.112182
v -0.149998 1.433195 -0.157614
v -0.182498 1.371093 -0.114073
v -0.186820 1.385517 -0.154449
v -0.175120 1.356052 -0.082510
v -0.160955 1.347144 -0.063876
v -0.185344 1.331552 -0.064911
v -0.192245 1.316339 -0.060254
v -0.190521 1.291563 -0.053507
v -0.153951 1.441901 -0.212764
v -0.154431 1.445121 -0.273008
v -0.193869 1.391877 -0.203754
v -0.191409 1.397232 -0.273008
v -0.189709 1.243526 -0.047371
v -0.269641 0.958859 -0.273008
v -0.264287 0.961635 -0.200596
v -0.257127 0.832941 -0.470033
v -0.278455 0.832933 -0.422676
v -0.230302 0.832947 -0.502560
v -0.306301 0.957482 -0.438800
v -0.282307 0.980886 -0.490978
v -0.251515 1.004304 -0.525787
v -0.196415 0.832949 -0.528697
v -0.210918 1.013292 -0.553753
v -0.208357 1.155730 -0.552769
v -0.114002 1.409870 -0.533409
v -0.139828 1.415059 -0.507661
v -0.122100 1.359298 -0.549990
v -0.152507 1.356311 -0.540320
v -0.161885 1.430496 -0.461759
v -0.177297 1.447532 -0.402281
v -0.198009 1.333066 -0.534813
v -0.179042 1.346833 -0.535941
v -0.185468 1.364733 -0.507754
v -0.193603 1.389351 -0.460409
v -0.200214 1.412921 -0.400481
v -0.183532 1.456676 -0.338369
v -0.202978 1.426739 -0.337150
v -0.264146 1.135084 -0.468724
v -0.249743 1.186823 -0.492697
v -0.280193 1.096038 -0.422563
v -0.202810 1.239515 -0.550359
v -0.199786 1.285751 -0.545570
v -0.240141 1.242606 -0.498559
v -0.235000 1.289464 -0.495776
v -0.323030 0.944995 -0.363273
v -0.293696 0.832927 -0.354314
v -0.293628 1.075128 -0.354235
v -0.201795 1.314221 -0.539559
v -0.232906 1.318117 -0.491218
v -0.231660 1.338367 -0.475969
v -0.229435 1.360786 -0.441395
v -0.226693 1.379951 -0.395773
v -0.223678 1.388678 -0.343257
v -0.216631 1.381417 -0.326241
v -0.184627 1.012897 -0.504243
v -0.188674 1.156573 -0.502453
v -0.214404 1.006278 -0.480202
v -0.234992 0.988794 -0.450554
v -0.251428 0.971398 -0.407178
v -0.106165 1.409265 -0.486776
v -0.124842 1.411786 -0.466799
v -0.186012 1.386052 -0.391035
v -0.182283 1.371203 -0.431899
v -0.175049 1.356060 -0.463530
v -0.160905 1.347149 -0.482157
v -0.131852 1.359192 -0.487105
v -0.185268 1.331560 -0.481130
v -0.106743 1.361698 -0.496363
v -0.139832 1.421277 -0.433834
v -0.149998 1.433195 -0.388402
v -0.192191 1.316345 -0.485780
v -0.190502 1.291565 -0.492515
v -0.193393 1.392294 -0.341381
v -0.153951 1.441901 -0.333252
v -0.189707 1.243526 -0.498646
v -0.264287 0.961635 -0.345420
v -0.120383 0.918827 0.074088
v -0.109576 0.953113 0.084996
v -0.154217 0.915310 0.117198
v -0.164680 0.917529 0.114147
v -0.155064 0.872165 0.054764
v -0.165075 0.876057 0.052467
v -0.122140 0.930873 0.017572
v -0.112492 0.960425 0.025686
v -0.131896 0.934759 0.015005
v -0.018262 1.151228 0.134487
v -0.026628 1.158372 0.134694
v -0.052700 1.104949 0.062525
v -0.034269 1.129175 0.070854
v -0.042257 1.136271 0.070333
v -0.030053 1.108512 0.124106
v -0.048602 1.086058 0.118344
v -0.103736 0.973003 0.093076
v -0.098844 0.989117 0.099739
v -0.106785 0.977919 0.030505
v -0.101642 0.993710 0.034852
v -0.090296 1.012955 0.106282
v -0.078496 1.040083 0.111609
v -0.092981 1.019707 0.041902
v -0.081470 1.050679 0.049705
v -0.056413 1.110562 0.173503
v -0.065681 1.117018 0.173335
v -0.076529 1.087205 0.168016
v -0.137633 0.971492 0.140778
v -0.149539 0.970262 0.137020
v -0.111640 1.040308 0.161412
v -0.124602 1.013916 0.157080
v -0.136415 1.012829 0.153642
v -0.176799 0.880721 0.049415
v -0.189542 0.885793 0.046091
v -0.202280 0.890867 0.042756
v -0.213997 0.895536 0.039682
v -0.143631 0.939428 0.011950
v -0.156375 0.944501 0.008625
v -0.169115 0.949575 0.005290
v -0.180840 0.954247 0.002214
v -0.202465 0.930565 0.103948
v -0.213603 0.937008 0.101362
v -0.190004 0.924639 0.107048
v -0.176984 0.920419 0.110606
v -0.162809 0.970704 0.133040
v -0.176172 0.974005 0.129337
v -0.198660 0.989821 0.124183
v -0.188315 0.980859 0.126374
v -0.183644 1.036239 0.142228
v -0.174000 1.026517 0.144315
v -0.162347 1.018942 0.147113
v -0.149373 1.014398 0.150282
v -0.076218 1.124812 0.173208
v -0.087080 1.133828 0.172814
v -0.106173 1.152926 0.170784
v -0.097294 1.143516 0.171878
v -0.036431 1.166895 0.134565
v -0.047004 1.176235 0.134160
v -0.066968 1.194473 0.132309
v -0.057442 1.185698 0.133322
v -0.051923 1.144848 0.069733
v -0.062456 1.154195 0.069074
v -0.082656 1.172133 0.067782
v -0.072987 1.163546 0.068403
v -0.064705 1.064022 0.114839
v -0.068388 1.079044 0.056014
v -0.095382 1.064298 0.164504
v -0.255882 0.914017 0.022213
v -0.263793 0.918594 0.014943
v -0.225347 0.959761 0.049771
v -0.215041 0.994279 0.060421
v -0.269282 0.967182 0.077761
v -0.277742 0.969721 0.069603
v -0.258886 1.001279 0.088211
v -0.267744 1.002614 0.079541
v -0.206906 0.965199 -0.006668
v -0.214514 0.969724 -0.014097
v -0.197250 0.994748 0.001451
v -0.121426 1.202182 0.091053
v -0.115569 1.193889 0.096816
v -0.123506 1.156116 0.040407
v -0.129082 1.164053 0.034528
v -0.142944 1.133939 0.033750
v -0.156140 1.131285 0.093458
v -0.135571 1.152412 0.098435
v -0.304811 1.006945 -0.027417
v -0.294512 1.041468 -0.016774
v -0.322660 0.998890 0.025899
v -0.315522 0.992160 0.032895
v -0.305551 1.025078 0.042812
v -0.312441 1.033124 0.036188
v -0.301540 0.941010 -0.021734
v -0.309081 0.945608 -0.029475
v -0.259925 0.996684 -0.058183
v -0.252296 0.992161 -0.050808
v -0.250273 1.026235 -0.050068
v -0.155040 1.250672 0.055394
v -0.149435 1.242476 0.061659
v -0.162826 1.212002 -0.000788
v -0.157193 1.204009 0.005076
v -0.183852 1.187339 -0.008622
v -0.217771 1.211775 0.029618
v -0.194860 1.236687 0.036313
v -0.210152 1.014643 0.068014
v -0.206292 1.031439 0.074215
v -0.191589 1.012246 0.006247
v -0.186769 1.028067 0.010425
v -0.244552 1.043895 -0.045225
v -0.239293 1.060845 -0.040697
v -0.289530 1.062076 -0.009105
v -0.285016 1.080567 -0.002381
v -0.198370 1.056075 0.080635
v -0.186848 1.084145 0.086205
v -0.168900 1.084182 0.023944
v -0.178949 1.054007 0.017017
v -0.217586 1.124950 -0.024221
v -0.230237 1.089718 -0.033132
v -0.275265 1.109620 0.005475
v -0.259911 1.145358 0.013948
v -0.255640 1.017164 0.094929
v -0.264746 1.017253 0.085705
v -0.254882 1.065553 0.104508
v -0.245012 1.066482 0.113644
v -0.231227 1.095323 0.118809
v -0.175306 1.181291 0.126305
v -0.168679 1.173738 0.132787
v -0.191819 1.150405 0.127742
v -0.208456 1.230133 0.091154
v -0.233288 1.204371 0.084847
v -0.203481 1.221294 0.096799
v -0.302618 1.039777 0.048926
v -0.309291 1.049127 0.042844
v -0.296742 1.102610 0.063147
v -0.280422 1.136636 0.070172
v -0.291492 1.090977 0.068762
v -0.223617 0.959929 0.047125
v -0.212818 0.994219 0.058032
v -0.222937 0.942672 0.099239
v -0.223812 0.899537 0.036797
v -0.180954 0.987685 0.007795
v -0.190599 0.958131 -0.000321
v -0.074949 1.201956 0.131135
v -0.090665 1.179237 0.067292
v -0.110230 1.153174 0.057310
v -0.135653 1.159033 0.110494
v -0.115418 1.184278 0.118750
v -0.169369 1.022720 0.017497
v -0.175157 1.005398 0.012680
v -0.206841 1.014442 0.066214
v -0.200987 1.032871 0.073586
v -0.159063 1.052474 0.025859
v -0.144932 1.088774 0.036391
v -0.190000 1.062399 0.082102
v -0.174321 1.097617 0.091542
v -0.113458 1.161086 0.169917
v -0.134780 1.135949 0.162751
v -0.206966 0.999098 0.122659
v -0.190918 1.047224 0.141128
v -0.175519 1.079018 0.148096
v -0.282667 0.929802 -0.003396
v -0.292479 0.935629 -0.012930
v -0.272855 0.923975 0.006137
v -0.243221 0.986772 -0.041990
v -0.233407 0.980944 -0.032455
v -0.223593 0.975116 -0.022919
v -0.287375 0.973377 0.060305
v -0.297455 0.978384 0.050543
v -0.277812 1.004872 0.069807
v -0.288093 1.009256 0.059866
v -0.307003 0.985033 0.041234
v -0.297444 1.016532 0.050734
v -0.285407 1.022762 0.065577
v -0.294677 1.030340 0.056538
v -0.275036 1.018672 0.075615
v -0.284278 1.080598 0.076120
v -0.275370 1.072431 0.084936
v -0.265264 1.067429 0.094689
v -0.197380 1.211112 0.103593
v -0.190298 1.200474 0.111166
v -0.142711 1.232804 0.068715
v -0.135430 1.222329 0.076356
v -0.128149 1.211855 0.083997
v -0.182735 1.190301 0.118935
v -0.135812 1.173618 0.027477
v -0.143129 1.184019 0.019811
v -0.150448 1.194423 0.012142
v -0.213208 1.123848 0.123279
v -0.173043 1.109057 0.089889
v -0.157686 1.110527 0.028894
v -0.240110 1.180634 0.022064
v -0.202294 1.158093 -0.016223
v -0.258359 1.171950 0.077650
v -0.155731 1.130270 0.101184
v -0.128605 1.122860 0.046951
v -0.156188 1.108646 0.155391
v 0.292144 1.024603 -0.020088
v 0.276422 1.055196 -0.004981
v 0.317931 1.013976 0.027216
v 0.312544 1.006093 0.032920
v 0.307224 0.966191 -0.030770
v 0.301206 0.959830 -0.024139
v 0.245292 1.007763 -0.049475
v 0.230933 1.033884 -0.037482
v 0.239139 1.001487 -0.043181
v 0.181303 1.248455 0.055353
v 0.174879 1.246034 0.063952
v 0.160904 1.170014 0.011341
v 0.152004 1.200001 0.015536
v 0.145191 1.197555 0.023411
v 0.203317 1.212846 0.037500
v 0.212634 1.184709 0.035785
v 0.268401 1.073300 0.005165
v 0.262010 1.088132 0.013358
v 0.222443 1.049349 -0.030370
v 0.214775 1.063301 -0.023946
v 0.250553 1.109777 0.022543
v 0.236440 1.135148 0.030334
v 0.202115 1.086375 -0.013562
v 0.186829 1.114532 -0.002329
v 0.230526 1.213244 0.086476
v 0.224200 1.209631 0.095109
v 0.240420 1.183553 0.085536
v 0.295801 1.065471 0.056300
v 0.292197 1.054395 0.060958
v 0.264115 1.129625 0.083084
v 0.278168 1.104156 0.076986
v 0.274690 1.093349 0.081852
v 0.293837 0.952297 -0.016557
v 0.285822 0.944108 -0.008320
v 0.277799 0.935919 -0.000091
v 0.270414 0.928385 0.007474
v 0.231763 0.993947 -0.035592
v 0.223747 0.985757 -0.027354
v 0.215724 0.977567 -0.019125
v 0.208334 0.970028 -0.011554
v 0.289999 0.980613 0.056247
v 0.281752 0.974648 0.064534
v 0.298435 0.988049 0.047672
v 0.306036 0.996991 0.039781
v 0.287007 1.043093 0.067080
v 0.279918 1.033349 0.074694
v 0.261281 1.022822 0.092700
v 0.270954 1.026699 0.083561
v 0.242252 1.065801 0.114983
v 0.252290 1.068705 0.105890
v 0.261584 1.074538 0.096913
v 0.269151 1.083123 0.088663
v 0.216721 1.205790 0.105165
v 0.208126 1.202250 0.115795
v 0.189767 1.197236 0.135062
v 0.198788 1.199345 0.125965
v 0.166993 1.243132 0.073859
v 0.158203 1.239977 0.084441
v 0.140443 1.233919 0.103998
v 0.149057 1.236822 0.094717
v 0.136974 1.194602 0.032958
v 0.128015 1.191383 0.043356
v 0.110807 1.185205 0.063285
v 0.119046 1.188163 0.053747
v 0.223564 1.159511 0.034127
v 0.172692 1.141907 0.005812
v 0.251519 1.155818 0.085241
v 0.238379 0.899892 0.031200
v 0.228883 0.893548 0.033644
v 0.228787 0.957887 0.049333
v 0.212640 0.988126 0.064697
v 0.234854 0.939603 0.098299
v 0.226148 0.931419 0.099633
v 0.218893 0.969608 0.113293
v 0.210650 0.960285 0.114028
v 0.190126 0.952776 0.004231
v 0.180612 0.946571 0.006358
v 0.175774 0.978902 0.016220
v 0.098192 1.181007 0.115924
v 0.109027 1.183244 0.112200
v 0.097287 1.135313 0.064908
v 0.086678 1.133053 0.068224
v 0.105655 1.106306 0.063314
v 0.145360 1.118116 0.108373
v 0.136815 1.146765 0.107720
v 0.129744 0.893191 0.071775
v 0.113587 0.923425 0.087141
v 0.168306 0.896147 0.113371
v 0.179048 0.900658 0.110299
v 0.163514 0.929510 0.124710
v 0.152109 0.926029 0.128437
v 0.181827 0.862812 0.044299
v 0.172062 0.856575 0.046217
v 0.124032 0.909606 0.019196
v 0.133512 0.915807 0.017022
v 0.109676 0.935729 0.031186
v 0.033626 1.167638 0.136058
v 0.044686 1.169932 0.132854
v 0.022712 1.119431 0.088420
v 0.033361 1.121698 0.085034
v 0.031829 1.087451 0.085998
v 0.034105 1.089728 0.142562
v 0.024359 1.122818 0.143172
v 0.203794 1.005577 0.075349
v 0.196428 1.019816 0.084206
v 0.167259 0.994325 0.023348
v 0.159403 1.007984 0.029884
v 0.101083 0.951302 0.038378
v 0.092717 0.966027 0.045352
v 0.104631 0.941104 0.097889
v 0.096496 0.956939 0.107406
v 0.184206 1.041366 0.094062
v 0.169528 1.067122 0.102599
v 0.130798 1.056510 0.051747
v 0.146337 1.030218 0.040488
v 0.060946 1.022837 0.070158
v 0.078385 0.991127 0.057074
v 0.082343 0.982771 0.118951
v 0.064695 1.016615 0.130258
v 0.212431 0.983101 0.122469
v 0.204677 0.972714 0.122461
v 0.183938 1.013107 0.149332
v 0.191022 1.024576 0.149245
v 0.175891 1.052290 0.156422
v 0.127965 1.143002 0.163372
v 0.138874 1.146491 0.159938
v 0.148544 1.114707 0.161214
v 0.063563 1.130366 0.183687
v 0.073864 1.095528 0.184172
v 0.074567 1.131604 0.180209
v 0.157453 0.941903 0.133179
v 0.145503 0.939488 0.137685
v 0.122462 0.985240 0.166076
v 0.105244 1.018340 0.175099
v 0.135516 0.985188 0.161175
v 0.227181 0.958254 0.046629
v 0.211454 0.988842 0.061742
v 0.274680 0.969806 0.071622
v 0.263955 0.922002 0.013654
v 0.187843 0.989880 0.006758
v 0.202202 0.963760 -0.005239
v 0.132914 1.231431 0.111627
v 0.104005 1.182760 0.071198
v 0.112939 1.150303 0.065870
v 0.140081 1.154899 0.118324
v 0.130695 1.186757 0.121773
v 0.170900 1.020988 0.020934
v 0.179253 1.005554 0.013951
v 0.203284 1.007265 0.072012
v 0.195851 1.024328 0.081059
v 0.156671 1.047807 0.032754
v 0.139791 1.081827 0.046392
v 0.182001 1.051600 0.092444
v 0.165430 1.085786 0.103929
v 0.182069 1.195750 0.142739
v 0.191927 1.163554 0.140721
v 0.252164 1.020907 0.101102
v 0.232355 1.065735 0.123748
v 0.216561 1.096932 0.132339
v 0.205354 0.878179 0.038971
v 0.193123 0.870190 0.041741
v 0.217586 0.886169 0.036202
v 0.144825 0.923196 0.014460
v 0.157059 0.931187 0.011690
v 0.169294 0.939178 0.008920
v 0.215675 0.922501 0.101483
v 0.203840 0.913785 0.103919
v 0.200825 0.950128 0.115265
v 0.189287 0.940861 0.117441
v 0.191207 0.906520 0.107024
v 0.176352 0.934145 0.120808
v 0.183779 0.952277 0.125287
v 0.170701 0.945818 0.128795
v 0.195184 0.961806 0.123245
v 0.149154 0.987957 0.156680
v 0.162450 0.993744 0.153002
v 0.174280 1.002478 0.150546
v 0.087501 1.133421 0.176151
v 0.101450 1.136037 0.171762
v 0.057529 1.172591 0.128790
v 0.071438 1.175470 0.124389
v 0.085347 1.178349 0.119988
v 0.115273 1.139338 0.167395
v 0.073914 1.130334 0.072248
v 0.060036 1.127379 0.076623
v 0.046153 1.124423 0.081000
v 0.161228 1.082754 0.160326
v 0.156254 1.092188 0.107098
v 0.116903 1.080877 0.059328
v 0.047880 1.053424 0.138305
v 0.044848 1.055071 0.080063
v 0.088351 1.056625 0.181318
v 0.151336 1.120880 0.112560
v 0.124897 1.116335 0.057676
v 0.203208 1.130067 0.137682
v 0.045704 1.436776 0.008252
v 0.001465 1.437109 0.014961
v 0.085625 1.434444 -0.005498
v 0.117861 1.429877 -0.020461
v 0.142851 1.429902 -0.045774
v 0.161567 1.440110 -0.090458
v 0.173309 1.454116 -0.148092
v 0.177834 1.464128 -0.209883
v 0.178401 1.468708 -0.273003
v 0.171588 1.460962 -0.395348
v 0.177569 1.467858 -0.335800
v -0.042773 1.436776 0.008252
v -0.082694 1.434444 -0.005498
v 0.001465 1.437109 -0.545262
v 0.045500 1.436993 -0.538562
v 0.083991 1.436178 -0.524868
v 0.113163 1.435024 -0.510347
v 0.136297 1.438118 -0.487388
v 0.156809 1.448771 -0.447863
v -0.042569 1.436993 -0.538562
v -0.081060 1.436178 -0.524868
v -0.114930 1.429877 -0.020461
v -0.139920 1.429902 -0.045774
v -0.158636 1.440110 -0.090458
v -0.170378 1.454116 -0.148092
v -0.174903 1.464128 -0.209883
v -0.175470 1.468708 -0.273003
v -0.174638 1.467858 -0.335800
v -0.168657 1.460962 -0.395348
v -0.110232 1.435024 -0.510347
v -0.133366 1.438118 -0.487388
v -0.153878 1.448771 -0.447863
v 0.784628 0.009524 -0.116936
v 0.784628 0.125033 -0.116936
v 0.739104 0.125033 0.033139
v 0.739104 0.009524 0.033139
v 0.800000 0.009524 -0.273008
v 0.800000 0.125033 -0.273008
v 0.784628 0.009524 -0.429081
v 0.784628 0.125033 -0.429081
v 0.739104 0.009524 -0.579155
v 0.739104 0.125033 -0.579155
v 0.665176 0.009524 -0.717464
v 0.665176 0.125033 -0.717464
v 0.565685 0.009524 -0.838694
v 0.565685 0.125033 -0.838694
v 0.444456 0.009524 -0.938184
v 0.444456 0.125033 -0.938184
v 0.306147 0.009524 -1.012112
v 0.306147 0.125033 -1.012112
v 0.156072 0.009524 -1.057636
v 0.156072 0.125033 -1.057636
v 0.306147 0.009524 0.466095
v 0.306147 0.125033 0.466095
v 0.156072 0.125033 0.511620
v 0.156072 0.009524 0.511620
v 0.444456 0.009524 0.392167
v 0.444456 0.125033 0.392167
v 0.565685 0.009524 0.292677
v 0.565685 0.125033 0.292677
v 0.665176 0.009524 0.171448
v 0.665176 0.125033 0.171448
v 0.000000 0.125033 0.526992
v 0.000000 0.009524 0.526992
v 0.149992 0.163802 -1.027071
v 0.000000 0.163802 -1.041844
v 0.000000 0.163802 0.495827
v 0.149992 0.163802 0.481054
v 0.294220 0.163802 0.437303
v 0.427142 0.163802 0.366255
v 0.543648 0.163802 0.270640
v 0.639263 0.163802 0.154134
v 0.710311 0.163802 0.021212
v 0.754062 0.163802 -0.123016
v 0.768835 0.163802 -0.273008
v 0.754062 0.163802 -0.423001
v 0.710311 0.163802 -0.567229
v 0.639263 0.163802 -0.700150
v 0.543648 0.163802 -0.816657
v 0.427142 0.163802 -0.912271
v 0.294220 0.163802 -0.983319
v 0.155258 0.144417 0.507525
v 0.000000 0.144417 0.522816
v 0.153032 0.158608 0.496337
v 0.000000 0.158608 0.511409
v 0.304549 0.144417 0.462238
v 0.300184 0.158608 0.451699
v 0.442136 0.144417 0.388696
v 0.435799 0.158608 0.379211
v 0.562733 0.144417 0.289725
v 0.554667 0.158608 0.281659
v 0.661704 0.144417 0.169128
v 0.652219 0.158608 0.162791
v 0.735246 0.144417 0.031541
v 0.724707 0.158608 0.027175
v 0.780533 0.144417 -0.117751
v 0.769345 0.158608 -0.119976
v 0.795825 0.144417 -0.273008
v 0.784417 0.158608 -0.273008
v 0.780533 0.144417 -0.428266
v 0.769345 0.158608 -0.426041
v 0.735246 0.144417 -0.577557
v 0.724707 0.158608 -0.573192
v 0.661704 0.144417 -0.715145
v 0.652219 0.158608 -0.708807
v 0.562733 0.144417 -0.835741
v 0.554667 0.158608 -0.827675
v 0.442136 0.144417 -0.934712
v 0.435799 0.158608 -0.925228
v 0.304549 0.144417 -1.008254
v 0.300184 0.158608 -0.997716
v 0.155258 0.144417 -1.053542
v 0.153032 0.158608 -1.042354
v 0.000000 0.125033 -1.073008
v 0.000000 0.144417 -1.068833
v 0.000000 0.158608 -1.057426
v 0.000000 0.009524 -1.073008
v 0.154205 0.000000 0.502233
v 0.155139 0.001276 0.506927
v 0.000000 0.001276 0.522206
v 0.000000 0.000000 0.517421
v 0.155822 0.004762 0.510362
v 0.000000 0.004762 0.525710
v 0.302484 0.000000 0.457253
v 0.304315 0.001276 0.461674
v 0.305656 0.004762 0.464911
v 0.439139 0.000000 0.384210
v 0.441798 0.001276 0.388189
v 0.443744 0.004762 0.391101
v 0.558918 0.000000 0.285910
v 0.562302 0.001276 0.289293
v 0.564779 0.004762 0.291771
v 0.657218 0.000000 0.166131
v 0.661197 0.001276 0.168789
v 0.664109 0.004762 0.170736
v 0.730262 0.000000 0.029476
v 0.734683 0.001276 0.031307
v 0.737919 0.004762 0.032648
v 0.775242 0.000000 -0.118803
v 0.779935 0.001276 -0.117870
v 0.783371 0.004762 -0.117186
v 0.790429 0.000000 -0.273008
v 0.795215 0.001276 -0.273008
v 0.798718 0.004762 -0.273008
v 0.775242 0.000000 -0.427213
v 0.779935 0.001276 -0.428147
v 0.783371 0.004762 -0.428830
v 0.730262 0.000000 -0.575492
v 0.734683 0.001276 -0.577324
v 0.737919 0.004762 -0.578664
v 0.657218 0.000000 -0.712147
v 0.661197 0.001276 -0.714806
v 0.664109 0.004762 -0.716752
v 0.558918 0.000000 -0.831926
v 0.562302 0.001276 -0.835310
v 0.564779 0.004762 -0.837787
v 0.439139 0.000000 -0.930226
v 0.441798 0.001276 -0.934205
v 0.443744 0.004762 -0.937118
v 0.302484 0.000000 -1.003270
v 0.304315 0.001276 -1.007691
v 0.305656 0.004762 -1.010927
v 0.154205 0.000000 -1.048250
v 0.155139 0.001276 -1.052943
v 0.155822 0.004762 -1.056379
v 0.000000 0.000000 -1.063438
v 0.000000 0.001276 -1.068223
v 0.000000 0.004762 -1.071726
v -0.784628 0.009524 -0.116936
v -0.739104 0.009524 0.033139
v -0.739104 0.125033 0.033139
v -0.784628 0.125033 -0.116936
v -0.800000 0.009524 -0.273008
v -0.800000 0.125033 -0.273008
v -0.784628 0.009524 -0.429081
v -0.784628 0.125033 -0.429081
v -0.739104 0.009524 -0.579155
v -0.739104 0.125033 -0.579155
v -0.665176 0.009524 -0.717464
v -0.665176 0.125033 -0.717464
v -0.565685 0.009524 -0.838694
v -0.565685 0.125033 -0.838694
v -0.444456 0.009524 -0.938184
v -0.444456 0.125033 -0.938184
v -0.306147 0.009524 -1.012112
v -0.306147 0.125033 -1.012112
v -0.156072 0.009524 -1.057636
v -0.156072 0.125033 -1.057636
v -0.306147 0.009524 0.466095
v -0.156072 0.009524 0.511620
v -0.156072 0.125033 0.511620
v -0.306147 0.125033 0.466095
v -0.444456 0.009524 0.392167
v -0.444456 0.125033 0.392167
v -0.565685 0.009524 0.292677
v -0.565685 0.125033 0.292677
v -0.665176 0.009524 0.171448
v -0.665176 0.125033 0.171448
v -0.149992 0.163802 -1.027071
v -0.294220 0.163802 -0.983319
v -0.427142 0.163802 -0.912271
v -0.543648 0.163802 -0.816657
v -0.639263 0.163802 -0.700150
v -0.710311 0.163802 -0.567229
v -0.754062 0.163802 -0.423001
v -0.768835 0.163802 -0.273008
v -0.754062 0.163802 -0.123016
v -0.710311 0.163802 0.021212
v -0.639263 0.163802 0.154134
v -0.543648 0.163802 0.270640
v -0.427142 0.163802 0.366255
v -0.294220 0.163802 0.437303
v -0.149992 0.163802 0.481054
v -0.155258 0.144417 0.507525
v -0.153032 0.158608 0.496337
v -0.304549 0.144417 0.462238
v -0.300184 0.158608 0.451699
v -0.442136 0.144417 0.388696
v -0.435799 0.158608 0.379211
v -0.562733 0.144417 0.289725
v -0.554667 0.158608 0.281659
v -0.661704 0.144417 0.169128
v -0.652219 0.158608 0.162791
v -0.735246 0.144417 0.031541
v -0.724707 0.158608 0.027175
v -0.780533 0.144417 -0.117751
v -0.769345 0.158608 -0.119976
v -0.795825 0.144417 -0.273008
v -0.784417 0.158608 -0.273008
v -0.780533 0.144417 -0.428266
v -0.769345 0.158608 -0.426041
v -0.735246 0.144417 -0.577557
v -0.724707 0.158608 -0.573192
v -0.661704 0.144417 -0.715145
v -0.652219 0.158608 -0.708807
v -0.562733 0.144417 -0.835741
v -0.554667 0.158608 -0.827675
v -0.442136 0.144417 -0.934712
v -0.435799 0.158608 -0.925228
v -0.304549 0.144417 -1.008254
v -0.300184 0.158608 -0.997716
v -0.155258 0.144417 -1.053542
v -0.153032 0.158608 -1.042354
v -0.154205 0.000000 0.502233
v -0.155139 0.001276 0.506927
v -0.155822 0.004762 0.510362
v -0.302484 0.000000 0.457253
v -0.304315 0.001276 0.461674
v -0.305656 0.004762 0.464911
v -0.439139 0.000000 0.384210
v -0.441798 0.001276 0.388189
v -0.443744 0.004762 0.391101
v -0.558918 0.000000 0.285910
v -0.562302 0.001276 0.289293
v -0.564779 0.004762 0.291771
v -0.657218 0.000000 0.166131
v -0.661197 0.001276 0.168789
v -0.664109 0.004762 0.170736
v -0.730262 0.000000 0.029476
v -0.734683 0.001276 0.031307
v -0.737919 0.004762 0.032648
v -0.775242 0.000000 -0.118803
v -0.779935 0.001276 -0.117870
v -0.783371 0.004762 -0.117186
v -0.790429 0.000000 -0.273008
v -0.795215 0.001276 -0.273008
v -0.798718 0.004762 -0.273008
v -0.775242 0.000000 -0.427213
v -0.779935 0.001276 -0.428147
v -0.783371 0.004762 -0.428830
v -0.730262 0.000000 -0.575492
v -0.734683 0.001276 -0.577324
v -0.737919 0.004762 -0.578664
v -0.657218 0.000000 -0.712147
v -0.661197 0.001276 -0.714806
v -0.664109 0.004762 -0.716752
v -0.558918 0.000000 -0.831926
v -0.562302 0.001276 -0.835310
v -0.564779 0.004762 -0.837787
v -0.439139 0.000000 -0.930226
v -0.441798 0.001276 -0.934205
v -0.443744 0.004762 -0.937118
v -0.302484 0.000000 -1.003270
v -0.304315 0.001276 -1.007691
v -0.305656 0.004762 -1.010927
v -0.154205 0.000000 -1.048250
v -0.155139 0.001276 -1.052943
v -0.155822 0.004762 -1.056379
v -0.360624 1.397921 -0.309835
v -0.343225 1.410467 -0.309879
v -0.343145 1.413834 -0.332757
v -0.360403 1.400561 -0.332690
v -0.322908 1.414834 -0.309887
v -0.322908 1.418527 -0.332772
v -0.322908 1.424305 -0.363796
v -0.344002 1.419052 -0.363775
v -0.361926 1.404401 -0.363698
v -0.376027 1.354651 -0.309716
v -0.372314 1.378408 -0.309750
v -0.371915 1.379776 -0.332564
v -0.375785 1.351980 -0.332482
v -0.373817 1.381316 -0.363560
v -0.378039 1.347988 -0.363428
v -0.357985 1.309456 -0.309885
v -0.370500 1.330083 -0.309802
v -0.370975 1.319220 -0.332519
v -0.359034 1.290282 -0.332546
v -0.373716 1.305101 -0.363354
v -0.361779 1.266075 -0.363262
v -0.322908 1.292858 -0.309801
v -0.341411 1.296917 -0.309849
v -0.342205 1.273468 -0.332446
v -0.322908 1.268424 -0.332365
v -0.343901 1.243968 -0.363094
v -0.322908 1.237641 -0.362994
v -0.287832 1.309456 -0.309885
v -0.304405 1.296917 -0.309849
v -0.303611 1.273468 -0.332446
v -0.286782 1.290282 -0.332546
v -0.301915 1.243968 -0.363094
v -0.284037 1.266075 -0.363262
v -0.269789 1.354651 -0.309716
v -0.275316 1.330083 -0.309802
v -0.274842 1.319220 -0.332519
v -0.270031 1.351980 -0.332482
v -0.272100 1.305101 -0.363354
v -0.267777 1.347988 -0.363428
v -0.285193 1.397921 -0.309835
v -0.273502 1.378408 -0.309750
v -0.273901 1.379776 -0.332564
v -0.285414 1.400561 -0.332690
v -0.271999 1.381316 -0.363560
v -0.283890 1.404401 -0.363698
v -0.302591 1.410467 -0.309879
v -0.302671 1.413834 -0.332757
v -0.301814 1.419052 -0.363775
v -0.359168 1.326592 0.726001
v -0.376291 1.323862 0.725486
v -0.376260 1.307804 0.725028
v -0.359160 1.308113 0.725497
v -0.380508 1.323342 0.724569
v -0.380413 1.307768 0.724209
v -0.380282 1.303922 0.723589
v -0.376225 1.303795 0.724211
v -0.359153 1.303691 0.724587
v -0.382282 1.323179 0.723201
v -0.382063 1.307758 0.722983
v -0.383651 1.323008 0.721427
v -0.383290 1.307710 0.721333
v -0.382669 1.303906 0.721205
v -0.381725 1.304006 0.722646
v -0.385079 1.322213 0.640480
v -0.384567 1.306991 0.640654
v -0.384108 1.307571 0.709754
v -0.384567 1.322782 0.709760
v -0.383651 1.303044 0.640899
v -0.383290 1.303687 0.709753
v -0.382282 1.301268 0.641170
v -0.382063 1.302034 0.709769
v -0.380507 1.299899 0.641444
v -0.380412 1.300806 0.709821
v -0.380282 1.301517 0.721205
v -0.381725 1.302462 0.721114
v -0.359210 1.298468 0.641884
v -0.359168 1.299517 0.709942
v -0.376261 1.299987 0.709885
v -0.376296 1.298983 0.641697
v -0.359154 1.300519 0.721440
v -0.376225 1.300895 0.721335
v -0.359150 1.301901 0.723218
v -0.376207 1.302134 0.722985
v -0.380191 1.302472 0.722646
v -0.381339 1.302856 0.722260
v -0.359177 1.311894 -0.234473
v -0.359168 1.290500 -0.233985
v -0.376286 1.290169 -0.233530
v -0.376321 1.308888 -0.233985
v -0.359158 1.285683 -0.233087
v -0.376242 1.285801 -0.232709
v -0.380306 1.285969 -0.232060
v -0.380455 1.290168 -0.232707
v -0.380561 1.308358 -0.233086
v -0.359153 1.283943 -0.231719
v -0.376220 1.284188 -0.231480
v -0.359158 1.282638 -0.229929
v -0.376242 1.283018 -0.229823
v -0.380306 1.283668 -0.229672
v -0.380208 1.284566 -0.231111
v -0.359177 1.282806 -0.187092
v -0.376320 1.283300 -0.186831
v -0.376286 1.282444 -0.222941
v -0.359168 1.281989 -0.223008
v -0.380560 1.284208 -0.186469
v -0.380455 1.283265 -0.222852
v -0.382352 1.285588 -0.186082
v -0.382113 1.284493 -0.222782
v -0.383723 1.287388 -0.185707
v -0.383343 1.286147 -0.222755
v -0.382695 1.286048 -0.229671
v -0.381745 1.284617 -0.229574
v -0.385109 1.309207 -0.184038
v -0.384621 1.308183 -0.222622
v -0.384165 1.290406 -0.222738
v -0.384622 1.291688 -0.185236
v -0.383722 1.308126 -0.229925
v -0.383343 1.290221 -0.229819
v -0.382352 1.308240 -0.231715
v -0.382113 1.290209 -0.231477
v -0.381745 1.286098 -0.231110
v -0.381350 1.284972 -0.230716
v -0.286652 1.326553 0.726031
v -0.286652 1.308087 0.725539
v -0.269539 1.307770 0.725085
v -0.269533 1.323759 0.725550
v -0.286664 1.303650 0.724640
v -0.269581 1.303755 0.724261
v -0.265519 1.303902 0.723612
v -0.265375 1.307737 0.724263
v -0.265317 1.323177 0.724657
v -0.286671 1.301848 0.723270
v -0.269607 1.302087 0.723031
v -0.286671 1.300465 0.721479
v -0.269590 1.300844 0.721373
v -0.265527 1.301494 0.721224
v -0.265620 1.302455 0.722663
v -0.286853 1.298442 0.641903
v -0.269747 1.298930 0.641719
v -0.269580 1.299931 0.709908
v -0.286690 1.299474 0.709965
v -0.265511 1.299830 0.641461
v -0.265412 1.300756 0.709833
v -0.263719 1.301201 0.641185
v -0.263753 1.301988 0.709777
v -0.262346 1.302994 0.640917
v -0.262523 1.303649 0.709765
v -0.263138 1.303888 0.721224
v -0.264088 1.302446 0.721126
v -0.260937 1.322171 0.640509
v -0.261269 1.322677 0.709797
v -0.261703 1.307538 0.709779
v -0.261442 1.306960 0.640678
v -0.262160 1.322841 0.721492
v -0.262495 1.307680 0.721375
v -0.263536 1.322989 0.723287
v -0.263721 1.307729 0.723033
v -0.264083 1.303995 0.722663
v -0.264479 1.302848 0.722268
v -0.286649 1.311909 -0.234447
v -0.269525 1.308918 -0.233931
v -0.269556 1.290213 -0.233472
v -0.286657 1.290528 -0.233942
v -0.265308 1.308401 -0.233014
v -0.265404 1.290217 -0.232651
v -0.265534 1.286013 -0.232027
v -0.269592 1.285852 -0.232654
v -0.286665 1.285726 -0.233032
v -0.263534 1.308288 -0.231644
v -0.263753 1.290261 -0.231421
v -0.262165 1.308170 -0.229868
v -0.262526 1.290273 -0.229765
v -0.263147 1.286096 -0.229627
v -0.264091 1.286140 -0.231078
v -0.260737 1.309225 -0.184021
v -0.261248 1.291727 -0.185206
v -0.261708 1.290454 -0.222694
v -0.261249 1.308215 -0.222586
v -0.262165 1.287450 -0.185666
v -0.262526 1.286207 -0.222707
v -0.263534 1.285665 -0.186037
v -0.263753 1.284554 -0.222732
v -0.265309 1.284285 -0.186427
v -0.265404 1.283325 -0.222804
v -0.265534 1.283702 -0.229629
v -0.264091 1.284651 -0.229533
v -0.286649 1.282833 -0.187078
v -0.286657 1.282033 -0.222980
v -0.269556 1.282504 -0.222898
v -0.269526 1.283357 -0.186802
v -0.286665 1.282692 -0.229886
v -0.269591 1.283072 -0.229770
v -0.286668 1.283996 -0.231664
v -0.269610 1.284242 -0.231425
v -0.265626 1.284597 -0.231079
v -0.264478 1.285000 -0.230689
v -0.366813 1.251106 -0.062593
v -0.366297 1.249588 -0.045430
v -0.365829 1.285888 -0.034716
v -0.366298 1.287191 -0.051898
v -0.365368 1.249149 -0.041019
v -0.364995 1.285495 -0.030365
v -0.364374 1.292335 -0.028444
v -0.365011 1.292785 -0.032669
v -0.365381 1.294096 -0.049841
v -0.363974 1.248978 -0.039044
v -0.363744 1.285348 -0.028521
v -0.362164 1.248913 -0.037507
v -0.362066 1.285328 -0.027124
v -0.361948 1.292196 -0.025737
v -0.363411 1.292138 -0.026851
v -0.346898 1.249010 -0.035870
v -0.346899 1.285487 -0.025612
v -0.358653 1.285399 -0.026165
v -0.358677 1.248947 -0.036462
v -0.346907 1.292470 -0.024484
v -0.358635 1.292343 -0.024957
v -0.346921 1.294271 -0.025347
v -0.358638 1.294043 -0.025727
v -0.346942 1.295706 -0.026741
v -0.358679 1.295351 -0.027070
v -0.361981 1.294738 -0.027539
v -0.361872 1.293702 -0.026285
v -0.346985 1.298559 -0.047800
v -0.358780 1.298068 -0.048152
v -0.358734 1.296437 -0.031068
v -0.346966 1.296880 -0.030729
v -0.362236 1.297181 -0.048657
v -0.362128 1.295640 -0.031551
v -0.364012 1.295843 -0.049233
v -0.363782 1.294429 -0.032097
v -0.363430 1.293796 -0.028034
v -0.363030 1.293326 -0.026886
v -0.366813 1.257255 -0.134618
v -0.366298 1.292372 -0.124088
v -0.365831 1.293644 -0.141086
v -0.366299 1.258789 -0.151620
v -0.365382 1.299119 -0.122158
v -0.365012 1.300261 -0.139156
v -0.364378 1.300482 -0.143188
v -0.364999 1.294009 -0.145213
v -0.365372 1.259254 -0.155831
v -0.364012 1.300852 -0.121684
v -0.363784 1.301847 -0.138724
v -0.362237 1.302187 -0.121253
v -0.362129 1.303031 -0.138387
v -0.361983 1.302737 -0.142558
v -0.363433 1.301835 -0.142732
v -0.346985 1.303571 -0.120647
v -0.346965 1.304266 -0.137971
v -0.358734 1.303822 -0.138134
v -0.358780 1.303076 -0.120892
v -0.346940 1.303682 -0.142446
v -0.358679 1.303335 -0.142484
v -0.346919 1.302497 -0.144608
v -0.358639 1.302288 -0.144459
v -0.346904 1.300899 -0.146487
v -0.358636 1.300818 -0.146141
v -0.361952 1.300682 -0.145546
v -0.361875 1.301958 -0.144224
v -0.346894 1.259597 -0.160513
v -0.358675 1.259614 -0.159977
v -0.358652 1.294312 -0.148943
v -0.346896 1.294315 -0.149421
v -0.362167 1.259587 -0.159028
v -0.362070 1.294271 -0.148105
v -0.363978 1.259468 -0.157629
v -0.363750 1.294167 -0.146866
v -0.363417 1.300531 -0.144629
v -0.363034 1.301569 -0.143950
v -0.298919 1.249010 -0.035870
v -0.287140 1.248947 -0.036462
v -0.287164 1.285399 -0.026165
v -0.298917 1.285487 -0.025612
v -0.283652 1.248913 -0.037507
v -0.283751 1.285328 -0.027124
v -0.283869 1.292196 -0.025737
v -0.287181 1.292343 -0.024957
v -0.298910 1.292470 -0.024484
v -0.281843 1.248978 -0.039044
v -0.282072 1.285348 -0.028521
v -0.280448 1.249149 -0.041019
v -0.280822 1.285495 -0.030365
v -0.281442 1.292335 -0.028444
v -0.282405 1.292138 -0.026851
v -0.279004 1.251106 -0.062593
v -0.279519 1.287191 -0.051898
v -0.279988 1.285888 -0.034716
v -0.279519 1.249588 -0.045430
v -0.280435 1.294096 -0.049841
v -0.280806 1.292785 -0.032669
v -0.281804 1.295843 -0.049233
v -0.282034 1.294429 -0.032097
v -0.283580 1.297181 -0.048657
v -0.283688 1.295640 -0.031551
v -0.283836 1.294738 -0.027539
v -0.282386 1.293796 -0.028034
v -0.298831 1.298559 -0.047800
v -0.298851 1.296880 -0.030729
v -0.287082 1.296437 -0.031068
v -0.287037 1.298068 -0.048152
v -0.298875 1.295706 -0.026741
v -0.287138 1.295351 -0.027070
v -0.298895 1.294271 -0.025347
v -0.287178 1.294043 -0.025727
v -0.283945 1.293702 -0.026285
v -0.282786 1.293326 -0.026886
v -0.298923 1.259597 -0.160513
v -0.298920 1.294315 -0.149421
v -0.287164 1.294312 -0.148943
v -0.287142 1.259614 -0.159977
v -0.298912 1.300899 -0.146487
v -0.287181 1.300818 -0.146141
v -0.283864 1.300682 -0.145546
v -0.283746 1.294271 -0.148105
v -0.283650 1.259587 -0.159028
v -0.298897 1.302497 -0.144608
v -0.287178 1.302288 -0.144459
v -0.298876 1.303682 -0.142446
v -0.287138 1.303335 -0.142484
v -0.283834 1.302737 -0.142558
v -0.283941 1.301958 -0.144224
v -0.298831 1.303571 -0.120647
v -0.287037 1.303076 -0.120892
v -0.287082 1.303822 -0.138134
v -0.298851 1.304266 -0.137971
v -0.283579 1.302187 -0.121253
v -0.283687 1.303031 -0.138387
v -0.281804 1.300852 -0.121684
v -0.282033 1.301847 -0.138724
v -0.280435 1.299119 -0.122158
v -0.280804 1.300261 -0.139156
v -0.281439 1.300482 -0.143188
v -0.282384 1.301835 -0.142732
v -0.279003 1.257255 -0.134618
v -0.279517 1.258789 -0.151620
v -0.279985 1.293644 -0.141086
v -0.279518 1.292372 -0.124088
v -0.280444 1.259254 -0.155831
v -0.280818 1.294009 -0.145213
v -0.281838 1.259468 -0.157629
v -0.282067 1.294167 -0.146866
v -0.282400 1.300531 -0.144629
v -0.282782 1.301569 -0.143950
v -0.384967 1.269345 0.214843
v -0.384433 1.271082 0.247726
v -0.384624 1.286618 0.244798
v -0.385172 1.285750 0.211560
v -0.383483 1.271508 0.254184
v -0.383672 1.286789 0.251046
v -0.383717 1.291221 0.251387
v -0.384667 1.291301 0.245386
v -0.385222 1.290724 0.211831
v -0.382067 1.271637 0.255990
v -0.382278 1.286770 0.252603
v -0.380243 1.271671 0.257425
v -0.380476 1.286667 0.253877
v -0.380560 1.290723 0.253783
v -0.382345 1.290990 0.252673
v -0.359133 1.271544 0.259007
v -0.359312 1.286353 0.255401
v -0.376247 1.286502 0.254815
v -0.376023 1.271618 0.258421
v -0.359361 1.290233 0.255271
v -0.376323 1.290446 0.254673
v -0.359382 1.292018 0.256162
v -0.376354 1.292287 0.255499
v -0.359396 1.293423 0.257543
v -0.376364 1.293756 0.256767
v -0.380602 1.294303 0.255709
v -0.380596 1.292686 0.254570
v -0.359366 1.295564 0.336620
v -0.376335 1.296056 0.335775
v -0.376354 1.294888 0.267854
v -0.359398 1.294471 0.268745
v -0.380561 1.296934 0.334614
v -0.380584 1.295615 0.266639
v -0.382384 1.298238 0.333350
v -0.382389 1.296670 0.265330
v -0.383803 1.299907 0.332085
v -0.383787 1.298013 0.264020
v -0.383764 1.295977 0.253396
v -0.382389 1.295051 0.254563
v -0.385363 1.314509 0.281514
v -0.385292 1.301115 0.220965
v -0.384742 1.299633 0.257737
v -0.384767 1.302917 0.325790
v -0.385267 1.296988 0.213382
v -0.384714 1.296895 0.247523
v -0.385246 1.293880 0.212651
v -0.384689 1.294158 0.246507
v -0.383740 1.293704 0.252367
v -0.382375 1.293166 0.253510
v -0.385367 1.309854 0.022774
v -0.384781 1.296052 -0.016418
v -0.384748 1.294586 0.020138
v -0.385295 1.297647 0.056009
v -0.383824 1.292705 -0.022436
v -0.383794 1.292675 0.013635
v -0.383772 1.290912 0.019634
v -0.384722 1.292116 0.025815
v -0.385272 1.293699 0.060177
v -0.382402 1.290964 -0.024178
v -0.382395 1.291258 0.011866
v -0.380573 1.289591 -0.025934
v -0.380588 1.290132 0.010084
v -0.380609 1.289104 0.016645
v -0.382396 1.289911 0.018132
v -0.359174 1.288130 -0.028728
v -0.359175 1.288887 0.007218
v -0.376330 1.289346 0.008422
v -0.376318 1.288658 -0.027558
v -0.359175 1.288165 0.014265
v -0.376344 1.288519 0.015265
v -0.359168 1.286798 0.016341
v -0.376340 1.287050 0.017129
v -0.359154 1.285022 0.018144
v -0.376314 1.285165 0.018792
v -0.380578 1.285395 0.019776
v -0.380608 1.287451 0.018251
v -0.358969 1.259784 0.025859
v -0.376024 1.259737 0.026444
v -0.376245 1.280344 0.020833
v -0.359115 1.280322 0.020235
v -0.380265 1.259717 0.027458
v -0.380498 1.280409 0.021811
v -0.382088 1.259776 0.028919
v -0.382300 1.280540 0.023141
v -0.383505 1.259918 0.030758
v -0.383695 1.280724 0.024764
v -0.383734 1.286053 0.022409
v -0.382362 1.285699 0.020999
v -0.384985 1.262063 0.070162
v -0.385190 1.282007 0.064376
v -0.384648 1.281047 0.031082
v -0.384457 1.260337 0.037251
v -0.385235 1.287478 0.062191
v -0.384685 1.286512 0.028537
v -0.385254 1.290615 0.060955
v -0.384701 1.289387 0.026946
v -0.383752 1.288613 0.020879
v -0.382386 1.287981 0.019522
v -0.287621 1.295560 0.336683
v -0.287781 1.294470 0.268819
v -0.270826 1.294887 0.267961
v -0.270648 1.296045 0.335865
v -0.287795 1.293423 0.257618
v -0.270831 1.293757 0.256876
v -0.266595 1.294304 0.255826
v -0.266595 1.295613 0.266752
v -0.266414 1.296916 0.334707
v -0.287791 1.292018 0.256236
v -0.270824 1.292289 0.255607
v -0.287795 1.290233 0.255344
v -0.270837 1.290449 0.254780
v -0.266602 1.290729 0.253898
v -0.266586 1.292689 0.254686
v -0.287777 1.271545 0.259065
v -0.270887 1.271624 0.258506
v -0.270867 1.286507 0.254917
v -0.287801 1.286354 0.255471
v -0.266665 1.271682 0.257516
v -0.266639 1.286677 0.253987
v -0.264834 1.271651 0.256084
v -0.264831 1.286782 0.252715
v -0.263409 1.271520 0.254281
v -0.263429 1.286800 0.251162
v -0.263438 1.291227 0.251508
v -0.264816 1.290998 0.252791
v -0.261736 1.269347 0.214929
v -0.261705 1.285752 0.211661
v -0.262440 1.286624 0.244915
v -0.262426 1.271089 0.247824
v -0.261702 1.290724 0.211935
v -0.262452 1.291305 0.245508
v -0.261696 1.293880 0.212756
v -0.262453 1.294160 0.246629
v -0.261684 1.296988 0.213488
v -0.262440 1.296895 0.247645
v -0.263427 1.295978 0.253518
v -0.263437 1.293707 0.252489
v -0.261412 1.314508 0.281601
v -0.262166 1.302910 0.325889
v -0.262388 1.299632 0.257855
v -0.261642 1.301115 0.221068
v -0.263151 1.299895 0.332182
v -0.263379 1.298012 0.264138
v -0.264580 1.298221 0.333444
v -0.264785 1.296668 0.265445
v -0.264807 1.295053 0.254683
v -0.264806 1.293170 0.253629
v -0.286645 1.288134 -0.028726
v -0.269506 1.288670 -0.027553
v -0.269489 1.289347 0.008423
v -0.286642 1.288888 0.007219
v -0.265256 1.289610 -0.025926
v -0.265232 1.290135 0.010085
v -0.265211 1.289104 0.016645
v -0.269474 1.288519 0.015265
v -0.286642 1.288165 0.014265
v -0.263432 1.290982 -0.024168
v -0.263426 1.291260 0.011868
v -0.262011 1.292719 -0.022428
v -0.262028 1.292676 0.013636
v -0.262051 1.290912 0.019634
v -0.263425 1.289911 0.018132
v -0.260598 1.309855 0.022788
v -0.260742 1.297647 0.056029
v -0.261100 1.294587 0.020141
v -0.261064 1.296059 -0.016412
v -0.260779 1.293699 0.060198
v -0.261131 1.292116 0.025818
v -0.260801 1.290615 0.060976
v -0.261158 1.289387 0.026949
v -0.260825 1.287478 0.062212
v -0.261183 1.286512 0.028540
v -0.262100 1.286053 0.022409
v -0.262076 1.288613 0.020879
v -0.261041 1.262063 0.070179
v -0.261415 1.260337 0.037253
v -0.261228 1.281047 0.031085
v -0.260870 1.282006 0.064397
v -0.262336 1.259917 0.030758
v -0.262146 1.280724 0.024763
v -0.263744 1.259776 0.028919
v -0.263532 1.280540 0.023141
v -0.265560 1.259717 0.027458
v -0.265327 1.280409 0.021811
v -0.265246 1.285395 0.019776
v -0.263467 1.285699 0.020999
v -0.286849 1.259784 0.025859
v -0.286703 1.280322 0.020235
v -0.269576 1.280344 0.020833
v -0.269797 1.259737 0.026444
v -0.286664 1.285022 0.018144
v -0.269505 1.285165 0.018792
v -0.286649 1.286798 0.016341
v -0.269478 1.287050 0.017129
v -0.265214 1.287451 0.018251
v -0.263438 1.287981 0.019522
v -0.383673 0.980589 0.457582
v -0.383182 0.975186 0.470838
v -0.382728 1.003454 0.482474
v -0.383193 1.008605 0.469857
v -0.382283 0.973723 0.474384
v -0.381904 1.002023 0.485855
v -0.381255 1.007606 0.487979
v -0.381906 1.009086 0.484753
v -0.382300 1.014240 0.472318
v -0.380913 0.973034 0.476037
v -0.380674 1.001366 0.487378
v -0.379122 0.972511 0.477303
v -0.379016 1.000910 0.488520
v -0.378867 1.006685 0.490183
v -0.380306 1.006964 0.489271
v -0.358218 0.971989 0.478588
v -0.358209 1.000480 0.489724
v -0.374907 1.000628 0.489293
v -0.374942 0.972171 0.478135
v -0.358198 1.006513 0.491223
v -0.374863 1.006566 0.490836
v -0.358194 1.008681 0.490630
v -0.374841 1.008558 0.490322
v -0.358198 1.010620 0.489489
v -0.374863 1.010319 0.489251
v -0.378867 1.009790 0.488873
v -0.378769 1.008369 0.489846
v -0.358220 1.018327 0.474136
v -0.374949 1.017901 0.473939
v -0.374908 1.012449 0.486192
v -0.358209 1.012846 0.486393
v -0.379135 1.017103 0.473576
v -0.379018 1.011722 0.485843
v -0.380930 1.015868 0.473028
v -0.380676 1.010611 0.485360
v -0.380306 1.008962 0.488428
v -0.379911 1.008162 0.489336
v -0.383648 0.857858 0.403757
v -0.383140 0.829873 0.391472
v -0.382672 0.823078 0.407951
v -0.383140 0.851299 0.419648
v -0.382230 0.824272 0.389002
v -0.381854 0.817495 0.405603
v -0.381231 0.816021 0.409518
v -0.381854 0.821491 0.411901
v -0.382229 0.849699 0.423566
v -0.380862 0.822664 0.388291
v -0.380628 0.815992 0.404961
v -0.379084 0.821425 0.387750
v -0.378976 0.814863 0.404515
v -0.378844 0.813832 0.408622
v -0.380287 0.814732 0.408891
v -0.358211 0.820133 0.387209
v -0.358201 0.813660 0.404101
v -0.374883 0.814101 0.404241
v -0.374920 0.820597 0.387398
v -0.358192 0.812830 0.408473
v -0.374846 0.813212 0.408512
v -0.358189 0.813414 0.410634
v -0.374828 0.813713 0.410502
v -0.358192 0.814534 0.412571
v -0.374846 0.814768 0.412261
v -0.378843 0.815121 0.411731
v -0.378752 0.814151 0.410313
v -0.358210 0.847972 0.427793
v -0.374919 0.848170 0.427325
v -0.374882 0.820074 0.415317
v -0.358200 0.819869 0.415739
v -0.379082 0.848517 0.426484
v -0.378975 0.820411 0.414571
v -0.380861 0.849033 0.425216
v -0.380627 0.820887 0.413439
v -0.380287 0.815560 0.410890
v -0.379900 0.814651 0.410100
v -0.287605 1.018306 0.474118
v -0.287615 1.012819 0.486357
v -0.270933 1.012407 0.486145
v -0.270895 1.017850 0.473906
v -0.287623 1.010594 0.489435
v -0.270969 1.010294 0.489195
v -0.266972 1.009775 0.488839
v -0.266839 1.011674 0.485801
v -0.266732 1.017030 0.473535
v -0.287627 1.008662 0.490566
v -0.270988 1.008541 0.490262
v -0.287624 1.006504 0.491161
v -0.270970 1.006555 0.490776
v -0.266972 1.006675 0.490151
v -0.267063 1.008361 0.489820
v -0.287605 0.971991 0.478565
v -0.270897 0.972178 0.478093
v -0.270934 1.000629 0.489234
v -0.287615 1.000479 0.489679
v -0.266734 0.972521 0.477249
v -0.266841 1.000912 0.488466
v -0.264955 0.973043 0.475984
v -0.265189 1.001367 0.487325
v -0.263586 0.973725 0.474341
v -0.263962 1.002015 0.485806
v -0.264585 1.007586 0.487943
v -0.265529 1.006953 0.489244
v -0.262168 0.980579 0.457569
v -0.262676 1.008574 0.469832
v -0.263144 1.003431 0.482436
v -0.262676 0.975181 0.470810
v -0.263586 1.014183 0.472282
v -0.263961 1.009043 0.484713
v -0.264953 1.015794 0.472987
v -0.265188 1.010560 0.485319
v -0.265528 1.008945 0.488400
v -0.265915 1.008154 0.489318
v -0.287596 0.820105 0.387206
v -0.270867 0.820538 0.387387
v -0.270908 0.814038 0.404245
v -0.287607 0.813615 0.404108
v -0.266680 0.821344 0.387729
v -0.266798 0.814799 0.404512
v -0.266949 0.813797 0.408636
v -0.270953 0.813154 0.408535
v -0.287618 0.812772 0.408493
v -0.264885 0.822582 0.388269
v -0.265140 0.815927 0.404955
v -0.263516 0.824206 0.388988
v -0.263910 0.817435 0.405602
v -0.264560 0.815981 0.409530
v -0.265510 0.814700 0.408900
v -0.262142 0.857842 0.403759
v -0.262634 0.851276 0.419664
v -0.263088 0.823034 0.407963
v -0.262623 0.829833 0.391468
v -0.263533 0.849671 0.423599
v -0.263912 0.821451 0.411931
v -0.264903 0.849002 0.425260
v -0.265142 0.820851 0.413477
v -0.266694 0.848486 0.426529
v -0.266800 0.820374 0.414611
v -0.266949 0.815091 0.411747
v -0.265510 0.815532 0.410901
v -0.287598 0.847957 0.427811
v -0.287607 0.819836 0.415771
v -0.270909 0.820033 0.415359
v -0.270874 0.848144 0.427360
v -0.287618 0.814484 0.412609
v -0.270953 0.814718 0.412295
v -0.287622 0.813355 0.410666
v -0.270975 0.813659 0.410533
v -0.267047 0.814127 0.410326
v -0.265905 0.814633 0.410107
v -0.329786 1.371170 1.034383
v -0.329775 1.371653 1.047914
v -0.334034 1.372117 1.047878
v -0.334074 1.371658 1.034405
v -0.329764 1.372545 1.051644
v -0.333989 1.372939 1.051526
v -0.336215 1.373590 1.051375
v -0.336366 1.372941 1.047840
v -0.336484 1.372555 1.034452
v -0.329760 1.373915 1.053439
v -0.333966 1.374169 1.053185
v -0.329764 1.375711 1.054809
v -0.333989 1.375828 1.054415
v -0.336215 1.375979 1.053764
v -0.336117 1.374540 1.052814
v -0.329786 1.397721 1.056186
v -0.334074 1.397732 1.055702
v -0.334034 1.380075 1.055238
v -0.329775 1.380034 1.055702
v -0.336484 1.397743 1.054809
v -0.336366 1.380120 1.054415
v -0.338279 1.397747 1.053439
v -0.338025 1.380142 1.053185
v -0.339649 1.397743 1.051644
v -0.339255 1.380120 1.051526
v -0.338604 1.375979 1.051375
v -0.337654 1.376077 1.052814
v -0.341026 1.397723 1.035773
v -0.340542 1.380040 1.034876
v -0.340078 1.380076 1.047936
v -0.340542 1.397733 1.048088
v -0.339649 1.375721 1.034639
v -0.339255 1.375829 1.047863
v -0.338279 1.373927 1.034531
v -0.338025 1.374171 1.047828
v -0.337654 1.374540 1.051277
v -0.337260 1.374934 1.052420
v -0.329786 1.472729 1.056186
v -0.329775 1.490416 1.055702
v -0.334034 1.490375 1.055238
v -0.334074 1.472718 1.055702
v -0.329764 1.494739 1.054809
v -0.333989 1.494622 1.054415
v -0.336215 1.494471 1.053764
v -0.336366 1.490330 1.054415
v -0.336484 1.472707 1.054809
v -0.329760 1.496535 1.053439
v -0.333966 1.496281 1.053185
v -0.329764 1.497905 1.051644
v -0.333989 1.497511 1.051526
v -0.336215 1.496860 1.051375
v -0.336117 1.495910 1.052814
v -0.329786 1.499280 1.040768
v -0.334074 1.498792 1.040740
v -0.334034 1.498333 1.048669
v -0.329775 1.498798 1.048712
v -0.336484 1.497895 1.040692
v -0.336366 1.497509 1.048620
v -0.338279 1.496523 1.040629
v -0.338025 1.496279 1.048590
v -0.339649 1.494729 1.040553
v -0.339255 1.494621 1.048602
v -0.338604 1.494471 1.051375
v -0.337654 1.495910 1.051277
v -0.341026 1.472727 1.039500
v -0.340542 1.472717 1.048554
v -0.340078 1.490374 1.048622
v -0.340542 1.490410 1.040359
v -0.339649 1.472707 1.051644
v -0.339255 1.490330 1.051526
v -0.338279 1.472703 1.053439
v -0.338025 1.490308 1.053185
v -0.337654 1.494373 1.052814
v -0.337260 1.495516 1.052420
v -0.329786 1.371158 0.978420
v -0.334074 1.371661 0.978595
v -0.334034 1.372087 0.965223
v -0.329775 1.371599 0.964995
v -0.336484 1.372574 0.978885
v -0.336366 1.372934 0.965575
v -0.336215 1.373531 0.962187
v -0.333989 1.372852 0.961776
v -0.329764 1.372431 0.961489
v -0.338279 1.373952 0.979286
v -0.338025 1.374173 0.966019
v -0.339649 1.375740 0.979780
v -0.339255 1.375823 0.966538
v -0.338604 1.375920 0.963003
v -0.337654 1.374493 0.962626
v -0.341026 1.397717 0.985304
v -0.340542 1.397701 0.972938
v -0.340078 1.380048 0.967784
v -0.340542 1.380044 0.980888
v -0.339649 1.397672 0.969310
v -0.339255 1.380038 0.964131
v -0.338279 1.397633 0.967435
v -0.338025 1.380002 0.962399
v -0.336484 1.397585 0.965982
v -0.336366 1.379923 0.961082
v -0.336215 1.375820 0.960481
v -0.337654 1.375966 0.961528
v -0.329786 1.397495 0.964468
v -0.329775 1.379743 0.959635
v -0.334034 1.379824 0.960169
v -0.334074 1.397535 0.965010
v -0.329764 1.375465 0.959228
v -0.333989 1.375620 0.959713
v -0.329760 1.373735 0.960073
v -0.333966 1.374022 0.960457
v -0.336117 1.374429 0.961003
v -0.337260 1.374847 0.961564
v -0.329786 1.499292 1.010233
v -0.329775 1.498851 1.002133
v -0.334034 1.498363 1.002076
v -0.334074 1.498789 1.010157
v -0.329764 1.498019 0.998929
v -0.333989 1.497598 0.998966
v -0.336215 1.496919 0.998972
v -0.336366 1.497516 1.001934
v -0.336484 1.497876 1.009994
v -0.329760 1.496715 0.996735
v -0.333966 1.496428 0.996948
v -0.329764 1.494985 0.994859
v -0.333989 1.494830 0.995252
v -0.336215 1.494630 0.995900
v -0.336117 1.496021 0.997252
v -0.329786 1.472955 0.986964
v -0.334074 1.472915 0.987482
v -0.334034 1.490626 0.993201
v -0.329775 1.490707 0.992715
v -0.336484 1.472865 0.988424
v -0.336366 1.490527 0.994056
v -0.338279 1.472817 0.989849
v -0.338025 1.490448 0.995326
v -0.339649 1.472778 0.991701
v -0.339255 1.490412 0.997036
v -0.338604 1.494530 0.998363
v -0.337654 1.494484 0.996861
v -0.341026 1.472733 1.003940
v -0.340542 1.490406 1.008302
v -0.340078 1.490402 0.999996
v -0.340542 1.472749 0.994846
v -0.339649 1.494710 1.009327
v -0.339255 1.494627 1.001216
v -0.338279 1.496498 1.009715
v -0.338025 1.496277 1.001657
v -0.337654 1.495957 0.998837
v -0.337260 1.495603 0.997564
v -0.316031 1.371170 1.034383
v -0.311743 1.371658 1.034405
v -0.311784 1.372117 1.047878
v -0.316042 1.371653 1.047914
v -0.309334 1.372555 1.034452
v -0.309451 1.372941 1.047840
v -0.309602 1.373590 1.051375
v -0.311829 1.372939 1.051526
v -0.316053 1.372545 1.051644
v -0.307538 1.373927 1.034531
v -0.307793 1.374171 1.047828
v -0.306168 1.375721 1.034639
v -0.306562 1.375829 1.047863
v -0.307213 1.375979 1.051375
v -0.308163 1.374540 1.051277
v -0.304791 1.397723 1.035773
v -0.305275 1.397732 1.048088
v -0.305740 1.380076 1.047936
v -0.305275 1.380040 1.034876
v -0.306168 1.397743 1.051644
v -0.306562 1.380120 1.051526
v -0.307538 1.397747 1.053439
v -0.307793 1.380142 1.053185
v -0.309334 1.397743 1.054809
v -0.309451 1.380120 1.054415
v -0.309602 1.375979 1.053764
v -0.308163 1.376077 1.052814
v -0.316031 1.397721 1.056186
v -0.316042 1.380034 1.055702
v -0.311784 1.380075 1.055238
v -0.311743 1.397732 1.055702
v -0.316053 1.375711 1.054809
v -0.311829 1.375828 1.054415
v -0.316057 1.373915 1.053439
v -0.311851 1.374169 1.053185
v -0.309700 1.374540 1.052814
v -0.308557 1.374934 1.052420
v -0.316031 1.499280 1.040768
v -0.316042 1.498798 1.048712
v -0.311784 1.498333 1.048669
v -0.311743 1.498792 1.040740
v -0.316053 1.497905 1.051644
v -0.311829 1.497511 1.051526
v -0.309602 1.496860 1.051375
v -0.309451 1.497509 1.048620
v -0.309334 1.497895 1.040692
v -0.316057 1.496535 1.053439
v -0.311851 1.496281 1.053185
v -0.316053 1.494739 1.054809
v -0.311829 1.494622 1.054415
v -0.309602 1.494471 1.053764
v -0.309700 1.495910 1.052814
v -0.316031 1.472729 1.056186
v -0.311743 1.472718 1.055702
v -0.311784 1.490375 1.055238
v -0.316042 1.490416 1.055702
v -0.309334 1.472707 1.054809
v -0.309451 1.490330 1.054415
v -0.307538 1.472703 1.053439
v -0.307793 1.490308 1.053185
v -0.306168 1.472707 1.051644
v -0.306562 1.490330 1.051526
v -0.307213 1.494471 1.051375
v -0.308163 1.494373 1.052814
v -0.304791 1.472727 1.039500
v -0.305275 1.490410 1.040359
v -0.305740 1.490374 1.048622
v -0.305275 1.472717 1.048554
v -0.306168 1.494729 1.040553
v -0.306562 1.494621 1.048602
v -0.307538 1.496523 1.040629
v -0.307793 1.496279 1.048590
v -0.308163 1.495910 1.051277
v -0.308557 1.495516 1.052420
v -0.316031 1.371158 0.978420
v -0.316042 1.371599 0.964995
v -0.311784 1.372087 0.965223
v -0.311743 1.371661 0.978595
v -0.316053 1.372431 0.961489
v -0.311829 1.372852 0.961776
v -0.309602 1.373531 0.962187
v -0.309451 1.372934 0.965575
v -0.309334 1.372574 0.978885
v -0.316057 1.373735 0.960073
v -0.311851 1.374022 0.960456
v -0.316053 1.375465 0.959228
v -0.311829 1.375620 0.959713
v -0.309602 1.375820 0.960481
v -0.309700 1.374429 0.961003
v -0.316031 1.397495 0.964468
v -0.311743 1.397535 0.965010
v -0.311784 1.379824 0.960169
v -0.316042 1.379743 0.959635
v -0.309334 1.397585 0.965982
v -0.309451 1.379923 0.961082
v -0.307538 1.397633 0.967435
v -0.307793 1.380002 0.962399
v -0.306168 1.397672 0.969310
v -0.306562 1.380038 0.964131
v -0.307213 1.375920 0.963003
v -0.308163 1.375966 0.961528
v -0.304791 1.397717 0.985304
v -0.305275 1.380044 0.980888
v -0.305740 1.380048 0.967784
v -0.305275 1.397701 0.972938
v -0.306168 1.375740 0.979780
v -0.306562 1.375823 0.966538
v -0.307538 1.373952 0.979286
v -0.307793 1.374173 0.966019
v -0.308163 1.374493 0.962626
v -0.308557 1.374847 0.961564
v -0.316031 1.499292 1.010233
v -0.311743 1.498788 1.010157
v -0.311784 1.498363 1.002076
v -0.316042 1.498851 1.002133
v -0.309334 1.497876 1.009994
v -0.309451 1.497516 1.001934
v -0.309602 1.496919 0.998972
v -0.311829 1.497598 0.998965
v -0.316053 1.498019 0.998929
v -0.307538 1.496498 1.009716
v -0.307793 1.496276 1.001658
v -0.306168 1.494710 1.009327
v -0.306562 1.494627 1.001216
v -0.307213 1.494530 0.998363
v -0.308163 1.495957 0.998837
v -0.304791 1.472733 1.003940
v -0.305275 1.472749 0.994846
v -0.305740 1.490402 0.999996
v -0.305275 1.490406 1.008302
v -0.306168 1.472778 0.991701
v -0.306562 1.490412 0.997036
v -0.307538 1.472817 0.989849
v -0.307793 1.490448 0.995325
v -0.309334 1.472865 0.988424
v -0.309451 1.490527 0.994056
v -0.309602 1.494630 0.995900
v -0.308163 1.494484 0.996861
v -0.316031 1.472955 0.986964
v -0.316042 1.490707 0.992715
v -0.311784 1.490626 0.993201
v -0.311743 1.472915 0.987482
v -0.316053 1.494985 0.994859
v -0.311829 1.494830 0.995252
v -0.316057 1.496715 0.996735
v -0.311851 1.496428 0.996948
v -0.309700 1.496021 0.997252
v -0.308557 1.495603 0.997564
v -0.341031 1.429765 0.726002
v -0.337585 1.439601 0.725498
v -0.345031 1.440579 0.725029
v -0.350021 1.434240 0.725487
v -0.336617 1.442694 0.724588
v -0.343531 1.442997 0.724212
v -0.346070 1.443291 0.723589
v -0.347728 1.441228 0.724210
v -0.352889 1.435708 0.724570
v -0.336030 1.444412 0.723218
v -0.342687 1.444491 0.722984
v -0.335425 1.445762 0.721437
v -0.341958 1.445635 0.721331
v -0.344726 1.445304 0.721199
v -0.345212 1.444469 0.722644
v -0.334416 1.447218 0.640396
v -0.340925 1.446881 0.640386
v -0.341344 1.446422 0.709717
v -0.334844 1.446688 0.709753
v -0.344182 1.446250 0.640378
v -0.344395 1.445889 0.709681
v -0.346899 1.445292 0.640375
v -0.346804 1.445062 0.709662
v -0.349498 1.444049 0.640378
v -0.349092 1.443943 0.709681
v -0.348445 1.443764 0.721199
v -0.346663 1.444721 0.721108
v -0.357518 1.437412 0.640394
v -0.356903 1.437306 0.709746
v -0.351688 1.442107 0.709716
v -0.352301 1.442139 0.640386
v -0.355900 1.437029 0.721424
v -0.350705 1.441981 0.721329
v -0.354541 1.436493 0.723200
v -0.349383 1.441686 0.722982
v -0.347510 1.443517 0.722644
v -0.346503 1.444335 0.722257
v -0.367797 1.396723 0.725998
v -0.372177 1.411299 0.725487
v -0.378509 1.405959 0.725028
v -0.377572 1.390475 0.725487
v -0.373632 1.414966 0.724570
v -0.379152 1.409804 0.724210
v -0.381215 1.408146 0.723589
v -0.380929 1.404385 0.724210
v -0.380675 1.388917 0.724570
v -0.374417 1.416617 0.723200
v -0.379610 1.411459 0.722981
v -0.374953 1.417976 0.721424
v -0.379905 1.412781 0.721329
v -0.381688 1.410521 0.721199
v -0.381441 1.409586 0.722644
v -0.375336 1.419594 0.640394
v -0.380063 1.414377 0.640386
v -0.380031 1.413764 0.709716
v -0.375230 1.418979 0.709746
v -0.381973 1.411574 0.640378
v -0.381867 1.411168 0.709681
v -0.383216 1.408975 0.640375
v -0.382986 1.408880 0.709662
v -0.384174 1.406258 0.640378
v -0.383813 1.406471 0.709681
v -0.383228 1.406802 0.721199
v -0.382645 1.408739 0.721108
v -0.385152 1.386171 0.640394
v -0.384642 1.386727 0.709747
v -0.384350 1.402146 0.709716
v -0.384806 1.401711 0.640386
v -0.383738 1.387400 0.721425
v -0.383566 1.402771 0.721329
v -0.382398 1.388143 0.723200
v -0.382422 1.403518 0.722982
v -0.382393 1.407288 0.722644
v -0.382259 1.408579 0.722257
v -0.367800 1.394051 -0.234448
v -0.377579 1.387514 -0.233944
v -0.378510 1.405589 -0.233476
v -0.372177 1.410965 -0.233933
v -0.380688 1.385919 -0.233034
v -0.380930 1.404010 -0.232658
v -0.381215 1.408146 -0.232035
v -0.379152 1.409804 -0.232656
v -0.373632 1.414966 -0.233016
v -0.382416 1.385155 -0.231664
v -0.382425 1.403144 -0.231430
v -0.383756 1.384424 -0.229883
v -0.383568 1.402400 -0.229777
v -0.383228 1.406802 -0.229645
v -0.382393 1.407288 -0.231090
v -0.385156 1.383572 -0.179454
v -0.384807 1.401386 -0.178352
v -0.384351 1.401781 -0.221853
v -0.384653 1.383808 -0.222026
v -0.384174 1.406258 -0.178029
v -0.383813 1.406471 -0.221777
v -0.383216 1.408975 -0.177840
v -0.382986 1.408880 -0.221736
v -0.381973 1.411574 -0.177664
v -0.381867 1.411168 -0.221732
v -0.381688 1.410521 -0.229645
v -0.382645 1.408739 -0.229554
v -0.375336 1.419594 -0.177152
v -0.375230 1.418979 -0.221731
v -0.380031 1.413764 -0.221743
v -0.380063 1.414377 -0.177484
v -0.374953 1.417976 -0.229870
v -0.379905 1.412781 -0.229775
v -0.374417 1.416617 -0.231646
v -0.379610 1.411459 -0.231428
v -0.381441 1.409586 -0.231090
v -0.382259 1.408579 -0.230703
v -0.334382 1.447228 -0.175353
v -0.334741 1.446718 -0.221506
v -0.341332 1.446426 -0.221479
v -0.340920 1.446882 -0.175367
v -0.335255 1.445814 -0.229870
v -0.341937 1.445642 -0.229775
v -0.344726 1.445304 -0.229645
v -0.344395 1.445889 -0.221449
v -0.344182 1.446250 -0.175402
v -0.335837 1.444474 -0.231646
v -0.342663 1.444499 -0.231428
v -0.336450 1.442751 -0.233016
v -0.343510 1.443005 -0.232656
v -0.346070 1.443291 -0.232035
v -0.345212 1.444469 -0.231090
v -0.340998 1.429109 -0.234444
v -0.350016 1.434158 -0.233933
v -0.345019 1.440573 -0.233474
v -0.337485 1.439552 -0.233933
v -0.352889 1.435708 -0.233016
v -0.347728 1.441228 -0.232656
v -0.354541 1.436493 -0.231646
v -0.349383 1.441686 -0.231428
v -0.355900 1.437029 -0.229870
v -0.350705 1.441981 -0.229775
v -0.348445 1.443764 -0.229645
v -0.347510 1.443517 -0.231090
v -0.357518 1.437412 -0.176005
v -0.352301 1.442139 -0.175689
v -0.351688 1.442107 -0.221519
v -0.356903 1.437306 -0.221588
v -0.349498 1.444049 -0.175553
v -0.349092 1.443943 -0.221468
v -0.346899 1.445292 -0.175465
v -0.346804 1.445062 -0.221439
v -0.346663 1.444721 -0.229554
v -0.346503 1.444335 -0.230703
v -0.278190 1.396614 0.726034
v -0.268508 1.390099 0.725550
v -0.267797 1.405742 0.725086
v -0.274049 1.411276 0.725551
v -0.265449 1.388235 0.724657
v -0.265325 1.403865 0.724263
v -0.265097 1.407942 0.723612
v -0.267333 1.409843 0.724263
v -0.272816 1.415065 0.724657
v -0.263708 1.387337 0.723287
v -0.263732 1.402867 0.723033
v -0.262287 1.386698 0.721492
v -0.262438 1.402212 0.721375
v -0.262710 1.406543 0.721224
v -0.263745 1.406965 0.722663
v -0.260745 1.386054 0.640416
v -0.260932 1.401671 0.640402
v -0.261463 1.401852 0.709744
v -0.261270 1.386318 0.709786
v -0.261418 1.406331 0.640391
v -0.261880 1.406391 0.709699
v -0.262330 1.409117 0.640386
v -0.262685 1.408946 0.709677
v -0.263649 1.411735 0.640390
v -0.263922 1.411322 0.709699
v -0.264399 1.410620 0.721224
v -0.263296 1.408689 0.721126
v -0.270582 1.419663 0.640411
v -0.270898 1.419113 0.709785
v -0.265987 1.413972 0.709744
v -0.265730 1.414516 0.640400
v -0.271437 1.418161 0.721492
v -0.266432 1.413026 0.721375
v -0.272094 1.416792 0.723287
v -0.266896 1.411659 0.723033
v -0.264831 1.409589 0.722663
v -0.263857 1.408456 0.722268
v -0.311553 1.447250 0.640404
v -0.311485 1.446631 0.709777
v -0.304779 1.446443 0.709743
v -0.304937 1.447038 0.640395
v -0.311266 1.445593 0.721479
v -0.304439 1.445456 0.721373
v -0.301350 1.445186 0.721224
v -0.301502 1.446025 0.709699
v -0.301564 1.446545 0.640385
v -0.310788 1.444171 0.723270
v -0.303805 1.444161 0.723031
v -0.310051 1.442432 0.724640
v -0.302827 1.442568 0.724261
v -0.299951 1.442798 0.723612
v -0.300927 1.444151 0.722663
v -0.304928 1.429605 0.726031
v -0.295823 1.433831 0.725550
v -0.301015 1.440094 0.725085
v -0.308709 1.439366 0.725539
v -0.292827 1.435078 0.724657
v -0.298049 1.440561 0.724263
v -0.291100 1.435800 0.723287
v -0.296234 1.440998 0.723033
v -0.289732 1.436458 0.721492
v -0.294867 1.441464 0.721375
v -0.297272 1.443497 0.721224
v -0.298303 1.443064 0.722663
v -0.288245 1.437358 0.640408
v -0.293385 1.442219 0.640396
v -0.293921 1.441917 0.709743
v -0.288782 1.437004 0.709785
v -0.296163 1.444305 0.640385
v -0.296571 1.443983 0.709699
v -0.298779 1.445628 0.640381
v -0.298947 1.445220 0.709676
v -0.299204 1.444601 0.721126
v -0.299436 1.444039 0.722268
v -0.304819 1.429109 -0.234444
v -0.308331 1.439552 -0.233933
v -0.300798 1.440573 -0.233474
v -0.295800 1.434158 -0.233933
v -0.309367 1.442751 -0.233016
v -0.302306 1.443005 -0.232656
v -0.299746 1.443291 -0.232035
v -0.298089 1.441228 -0.232656
v -0.292927 1.435708 -0.233016
v -0.309980 1.444474 -0.231646
v -0.303154 1.444499 -0.231428
v -0.310561 1.445814 -0.229870
v -0.303880 1.445642 -0.229775
v -0.301091 1.445304 -0.229645
v -0.300605 1.444469 -0.231090
v -0.311435 1.447228 -0.175353
v -0.304896 1.446882 -0.175367
v -0.304485 1.446426 -0.221479
v -0.311075 1.446718 -0.221506
v -0.301634 1.446250 -0.175402
v -0.301421 1.445889 -0.221449
v -0.298917 1.445292 -0.175465
v -0.299013 1.445062 -0.221439
v -0.296319 1.444049 -0.175553
v -0.296725 1.443943 -0.221468
v -0.297372 1.443764 -0.229645
v -0.299154 1.444721 -0.229554
v -0.288299 1.437412 -0.176005
v -0.288914 1.437306 -0.221588
v -0.294129 1.442107 -0.221519
v -0.293515 1.442139 -0.175689
v -0.289916 1.437030 -0.229870
v -0.295111 1.441981 -0.229775
v -0.291275 1.436493 -0.231646
v -0.296433 1.441686 -0.231428
v -0.298306 1.443517 -0.231090
v -0.299314 1.444335 -0.230703
v -0.278019 1.394053 -0.234444
v -0.273639 1.410965 -0.233933
v -0.267308 1.405590 -0.233474
v -0.268244 1.387519 -0.233933
v -0.272185 1.414966 -0.233016
v -0.266665 1.409804 -0.232656
v -0.264602 1.408146 -0.232035
v -0.264888 1.404012 -0.232656
v -0.265141 1.385928 -0.233016
v -0.271400 1.416618 -0.231646
v -0.266207 1.411460 -0.231428
v -0.270864 1.417977 -0.229870
v -0.265913 1.412782 -0.229775
v -0.264129 1.410521 -0.229645
v -0.264376 1.409587 -0.231090
v -0.270482 1.419595 -0.177152
v -0.265755 1.414378 -0.177484
v -0.265787 1.413764 -0.221743
v -0.270588 1.418980 -0.221731
v -0.263845 1.411575 -0.177664
v -0.263950 1.411169 -0.221732
v -0.262601 1.408976 -0.177840
v -0.262831 1.408880 -0.221736
v -0.261643 1.406259 -0.178029
v -0.262004 1.406471 -0.221777
v -0.262589 1.406802 -0.229645
v -0.263172 1.408739 -0.229554
v -0.260664 1.383574 -0.179452
v -0.261174 1.383813 -0.222019
v -0.261467 1.401782 -0.221852
v -0.261011 1.401386 -0.178352
v -0.262079 1.384433 -0.229871
v -0.262251 1.402401 -0.229775
v -0.263418 1.385165 -0.231646
v -0.263394 1.403146 -0.231428
v -0.263424 1.407288 -0.231090
v -0.263558 1.408579 -0.230703
v -0.322909 1.282655 -0.187180
v -0.322909 1.281860 -0.223021
v -0.322909 1.282539 -0.229947
v -0.322909 1.283886 -0.231774
v -0.322909 1.285662 -0.233186
v -0.322909 1.291020 -0.234115
v -0.322909 1.316103 -0.234623
v -0.323035 1.298293 0.641959
v -0.322932 1.299345 0.709974
v -0.322915 1.300366 0.721497
v -0.322912 1.301794 0.723325
v -0.322910 1.303634 0.724739
v -0.322908 1.308564 0.725669
v -0.322909 1.330377 0.726177
v -0.366980 1.254178 -0.098634
v -0.366451 1.289788 -0.088026
v -0.365504 1.296638 -0.086032
v -0.364090 1.298419 -0.085478
v -0.362275 1.299799 -0.084954
v -0.358796 1.300717 -0.084499
v -0.346992 1.301225 -0.084183
v -0.322908 1.298718 -0.047678
v -0.322908 1.297023 -0.030611
v -0.322908 1.295822 -0.026626
v -0.322908 1.294349 -0.025217
v -0.322908 1.292516 -0.024326
v -0.322908 1.285521 -0.025430
v -0.322908 1.249036 -0.035676
v -0.322908 1.303732 -0.120562
v -0.322908 1.304411 -0.137916
v -0.322908 1.303797 -0.142434
v -0.322908 1.302568 -0.144659
v -0.322908 1.300927 -0.146600
v -0.322908 1.294315 -0.149578
v -0.322908 1.259588 -0.160688
v -0.298824 1.301225 -0.084183
v -0.287020 1.300717 -0.084499
v -0.283542 1.299799 -0.084954
v -0.281726 1.298419 -0.085478
v -0.280313 1.296638 -0.086032
v -0.279366 1.289788 -0.088026
v -0.278836 1.254178 -0.098634
v -0.278993 1.179374 -0.158051
v -0.279524 1.181356 -0.174949
v -0.280297 1.098931 -0.181576
v -0.280898 1.101072 -0.197888
v -0.281962 1.101376 -0.202028
v -0.280490 1.181881 -0.179184
v -0.281950 1.182101 -0.181037
v -0.283522 1.101365 -0.203866
v -0.285491 1.101346 -0.205285
v -0.283831 1.182237 -0.182481
v -0.287359 1.182287 -0.183443
v -0.289009 1.101320 -0.206212
v -0.300256 1.101299 -0.206712
v -0.299088 1.182292 -0.183976
v -0.365520 1.098931 -0.181576
v -0.366824 1.179374 -0.158051
v -0.366293 1.181356 -0.174949
v -0.364918 1.101072 -0.197888
v -0.365326 1.181881 -0.179184
v -0.363855 1.101376 -0.202028
v -0.363867 1.182101 -0.181037
v -0.362294 1.101365 -0.203866
v -0.361986 1.182237 -0.182481
v -0.360325 1.101346 -0.205285
v -0.358457 1.182287 -0.183443
v -0.356808 1.101320 -0.206212
v -0.346728 1.182292 -0.183976
v -0.345560 1.101299 -0.206712
v -0.366823 1.171110 -0.086614
v -0.366292 1.169078 -0.069599
v -0.365520 1.088912 -0.112883
v -0.364918 1.086277 -0.096649
v -0.363856 1.085351 -0.092607
v -0.365325 1.168494 -0.065217
v -0.363865 1.168227 -0.063233
v -0.362296 1.084804 -0.090857
v -0.360329 1.084399 -0.089505
v -0.361987 1.168064 -0.061686
v -0.358462 1.168005 -0.060655
v -0.356814 1.084153 -0.088621
v -0.345566 1.084031 -0.088143
v -0.346734 1.168003 -0.060084
v -0.299083 1.168003 -0.060084
v -0.287354 1.168005 -0.060655
v -0.300251 1.084031 -0.088143
v -0.289002 1.084153 -0.088621
v -0.285488 1.084399 -0.089505
v -0.283830 1.168064 -0.061686
v -0.281951 1.168227 -0.063233
v -0.283521 1.084804 -0.090857
v -0.281961 1.085351 -0.092607
v -0.280492 1.168494 -0.065217
v -0.279525 1.169078 -0.069599
v -0.280898 1.086277 -0.096649
v -0.280297 1.088912 -0.112883
v -0.278993 1.171110 -0.086614
v -0.340208 1.038377 -0.201154
v -0.339205 1.029183 -0.170018
v -0.347785 1.029604 -0.169854
v -0.349210 1.038707 -0.200790
v -0.340210 1.027741 -0.135436
v -0.349213 1.028143 -0.135520
v -0.352610 1.028897 -0.135677
v -0.351159 1.030392 -0.169546
v -0.352607 1.039325 -0.200107
v -0.353522 1.031613 -0.169069
v -0.354909 1.040283 -0.199049
v -0.354911 1.030066 -0.135921
v -0.356898 1.031587 -0.136238
v -0.355590 1.033202 -0.168448
v -0.356897 1.041529 -0.197672
v -0.357368 1.035392 -0.167568
v -0.358528 1.043025 -0.194910
v -0.358528 1.033744 -0.137560
v -0.359924 1.037280 -0.142600
v -0.359548 1.039789 -0.165681
v -0.359924 1.044582 -0.187721
v -0.285892 1.044582 -0.187721
v -0.286268 1.039789 -0.165681
v -0.288448 1.035392 -0.167568
v -0.287289 1.043025 -0.194910
v -0.285892 1.037280 -0.142600
v -0.287289 1.033744 -0.137560
v -0.288919 1.031587 -0.136238
v -0.290227 1.033202 -0.168448
v -0.288919 1.041529 -0.197672
v -0.292295 1.031613 -0.169069
v -0.290907 1.040283 -0.199049
v -0.290906 1.030066 -0.135921
v -0.293207 1.028897 -0.135677
v -0.294658 1.030392 -0.169546
v -0.293209 1.039325 -0.200107
v -0.298032 1.029604 -0.169854
v -0.296607 1.038707 -0.200790
v -0.296604 1.028143 -0.135520
v -0.305606 1.027741 -0.135436
v -0.306612 1.029183 -0.170018
v -0.305609 1.038377 -0.201154
v -0.283298 1.057072 -0.191215
v -0.284122 1.058460 -0.205716
v -0.285434 1.058031 -0.209503
v -0.287208 1.057429 -0.211242
v -0.289346 1.056965 -0.212579
v -0.292806 1.056664 -0.213443
v -0.302932 1.056502 -0.213904
v -0.362519 1.057072 -0.191215
v -0.361695 1.058460 -0.205716
v -0.360382 1.058031 -0.209503
v -0.358608 1.057429 -0.211242
v -0.356471 1.056965 -0.212579
v -0.353011 1.056664 -0.213443
v -0.342884 1.056502 -0.213904
v -0.362519 1.047381 -0.130488
v -0.361695 1.044240 -0.116625
v -0.360384 1.042708 -0.113525
v -0.358611 1.041643 -0.112362
v -0.356475 1.040825 -0.111467
v -0.353017 1.040300 -0.110888
v -0.342889 1.040021 -0.110579
v -0.302927 1.040021 -0.110579
v -0.292800 1.040300 -0.110888
v -0.289342 1.040825 -0.111467
v -0.287206 1.041643 -0.112362
v -0.285433 1.042708 -0.113525
v -0.284121 1.044240 -0.116625
v -0.283298 1.047381 -0.130488
v -0.385149 1.265702 0.142507
v -0.385360 1.283894 0.137978
v -0.385411 1.289169 0.137028
v -0.385434 1.292416 0.136830
v -0.385452 1.295644 0.136819
v -0.385468 1.300398 0.137805
v -0.385496 1.316209 0.142832
v -0.323495 1.295403 0.336943
v -0.323589 1.294333 0.269089
v -0.323595 1.293311 0.257847
v -0.323586 1.291925 0.256424
v -0.323577 1.290156 0.255506
v -0.323556 1.286298 0.255627
v -0.323455 1.271515 0.259224
v -0.322909 1.287957 -0.029138
v -0.322908 1.288736 0.006796
v -0.322908 1.288047 0.013914
v -0.322908 1.286713 0.016066
v -0.322908 1.284974 0.017921
v -0.322908 1.280317 0.020034
v -0.322908 1.259803 0.025666
v -0.260913 1.316209 0.142887
v -0.261018 1.300398 0.137867
v -0.261048 1.295644 0.136882
v -0.261065 1.292416 0.136894
v -0.261081 1.289169 0.137091
v -0.261108 1.283894 0.138039
v -0.261215 1.265702 0.142559
v -0.287705 1.238903 0.268543
v -0.270877 1.238895 0.268004
v -0.287628 1.196387 0.284300
v -0.270856 1.196283 0.283805
v -0.266634 1.196072 0.282885
v -0.266656 1.238831 0.267020
v -0.264811 1.238663 0.265543
v -0.264782 1.195722 0.281475
v -0.263354 1.195251 0.279649
v -0.263379 1.238395 0.263651
v -0.262421 1.237551 0.257177
v -0.262421 1.193688 0.273460
v -0.261892 1.186073 0.242731
v -0.261813 1.233699 0.224859
v -0.358406 1.196387 0.284289
v -0.358766 1.238902 0.268509
v -0.375592 1.238891 0.267954
v -0.375177 1.196282 0.283788
v -0.379811 1.238823 0.266966
v -0.379399 1.196070 0.282867
v -0.381651 1.238654 0.265487
v -0.381249 1.195719 0.281456
v -0.383077 1.238387 0.263593
v -0.382675 1.195248 0.279629
v -0.384015 1.237546 0.257119
v -0.383601 1.193686 0.273441
v -0.384530 1.233698 0.224808
v -0.384099 1.186073 0.242714
v -0.358668 1.212073 0.039317
v -0.375593 1.212065 0.039870
v -0.358373 1.142580 0.066449
v -0.375178 1.142676 0.066949
v -0.379403 1.142875 0.067874
v -0.379825 1.212106 0.040866
v -0.381665 1.212243 0.042357
v -0.381254 1.143211 0.069290
v -0.382680 1.143666 0.071124
v -0.383091 1.212476 0.044267
v -0.384030 1.213282 0.050758
v -0.383606 1.145213 0.077321
v -0.384103 1.152816 0.108053
v -0.384542 1.217104 0.083082
v -0.287443 1.142580 0.066449
v -0.287149 1.212073 0.039317
v -0.270225 1.212065 0.039870
v -0.270639 1.142676 0.066949
v -0.265997 1.212106 0.040866
v -0.266414 1.142875 0.067874
v -0.264161 1.212243 0.042357
v -0.264566 1.143211 0.069290
v -0.262741 1.212476 0.044267
v -0.263142 1.143666 0.071124
v -0.261821 1.213282 0.050759
v -0.262222 1.145213 0.077321
v -0.261401 1.217104 0.083092
v -0.261755 1.152816 0.108057
v -0.358245 1.061620 0.111255
v -0.374997 1.061824 0.111693
v -0.358227 0.982462 0.168817
v -0.374971 0.982758 0.169191
v -0.379194 0.983314 0.169892
v -0.379220 1.062209 0.112512
v -0.381075 1.062809 0.113781
v -0.381049 0.984175 0.170977
v -0.382474 0.985295 0.172390
v -0.382500 1.063592 0.115430
v -0.383421 1.066227 0.120989
v -0.383394 0.989058 0.177141
v -0.383885 1.007656 0.200630
v -0.383912 1.079246 0.148516
v -0.287589 0.982462 0.168817
v -0.287571 1.061620 0.111255
v -0.270819 1.061824 0.111693
v -0.270844 0.982758 0.169191
v -0.266596 1.062209 0.112512
v -0.266622 0.983314 0.169892
v -0.264742 1.062809 0.113781
v -0.264767 0.984175 0.170977
v -0.263316 1.063592 0.115430
v -0.263341 0.985295 0.172390
v -0.262397 1.066227 0.120989
v -0.262422 0.989058 0.177141
v -0.261909 1.079246 0.148517
v -0.261931 1.007656 0.200630
v -0.383911 1.136262 0.269102
v -0.383420 1.149285 0.296629
v -0.383885 1.089106 0.303511
v -0.383394 1.107708 0.327005
v -0.382474 1.111476 0.331761
v -0.382500 1.151924 0.302189
v -0.381074 1.152712 0.303838
v -0.381049 1.112601 0.333178
v -0.379194 1.113466 0.334268
v -0.379220 1.153316 0.305106
v -0.374997 1.153704 0.305926
v -0.374971 1.114024 0.334970
v -0.358226 1.114321 0.335345
v -0.358249 1.153910 0.306364
v -0.261931 1.089106 0.303512
v -0.261926 1.136262 0.269104
v -0.262422 1.149285 0.296632
v -0.262422 1.107708 0.327005
v -0.263343 1.151924 0.302191
v -0.263341 1.111476 0.331761
v -0.264769 1.152712 0.303840
v -0.264767 1.112601 0.333178
v -0.266623 1.153316 0.305109
v -0.266621 1.113466 0.334268
v -0.270846 1.153704 0.305928
v -0.270844 1.114024 0.334970
v -0.287594 1.153910 0.306366
v -0.287589 1.114321 0.335345
v -0.383885 1.048002 0.344527
v -0.383394 1.070857 0.364139
v -0.383885 1.015523 0.387911
v -0.383394 1.041184 0.404216
v -0.382475 1.046375 0.407515
v -0.382475 1.075484 0.368110
v -0.381049 1.076864 0.369296
v -0.381049 1.047919 0.408498
v -0.379194 1.049106 0.409253
v -0.379194 1.077924 0.370206
v -0.374971 1.078608 0.370794
v -0.374971 1.049870 0.409739
v -0.358226 1.050277 0.409998
v -0.358226 1.078973 0.371107
v -0.383881 0.903143 0.316506
v -0.383884 0.947919 0.258652
v -0.383393 0.925068 0.239044
v -0.383383 0.877490 0.300204
v -0.382472 0.920447 0.235078
v -0.382457 0.872309 0.296910
v -0.381047 0.919073 0.233897
v -0.381032 0.870772 0.295931
v -0.379193 0.918016 0.232990
v -0.379181 0.869587 0.295178
v -0.374971 0.917333 0.232404
v -0.374964 0.868817 0.294690
v -0.358226 0.916969 0.232092
v -0.358224 0.868403 0.294429
v -0.261931 0.947919 0.258651
v -0.262422 0.925067 0.239044
v -0.261931 0.903140 0.316505
v -0.262421 0.877481 0.300202
v -0.263341 0.872294 0.296905
v -0.263341 0.920446 0.235077
v -0.264767 0.919070 0.233896
v -0.264767 0.870752 0.295925
v -0.266622 0.869568 0.295172
v -0.266622 0.918014 0.232989
v -0.270844 0.917332 0.232404
v -0.270845 0.868805 0.294686
v -0.287589 0.868399 0.294428
v -0.287589 0.916968 0.232092
v -0.261935 1.015521 0.387910
v -0.261932 1.048002 0.344527
v -0.262423 1.070856 0.364139
v -0.262433 1.041177 0.404212
v -0.263343 1.075482 0.368110
v -0.263358 1.046360 0.407508
v -0.264769 1.076861 0.369295
v -0.264784 1.047900 0.408489
v -0.266623 1.077922 0.370205
v -0.266635 1.049087 0.409244
v -0.270845 1.078607 0.370793
v -0.270851 1.049858 0.409734
v -0.287589 1.078972 0.371107
v -0.287591 1.050273 0.409997
v -0.358218 0.909917 0.453339
v -0.374944 0.910111 0.452869
v -0.379140 0.910465 0.452009
v -0.380968 0.911002 0.450701
v -0.382381 0.911694 0.449009
v -0.383312 0.913233 0.445254
v -0.383820 0.919218 0.430671
v -0.322909 1.018459 0.474194
v -0.322909 1.012963 0.486444
v -0.322909 1.010706 0.489544
v -0.322908 1.008713 0.490703
v -0.322909 1.006494 0.491321
v -0.322909 1.000432 0.489845
v -0.322909 0.971930 0.478726
v -0.322907 0.819974 0.387148
v -0.322907 0.813496 0.404061
v -0.322907 0.812674 0.408472
v -0.322907 0.813280 0.410696
v -0.322907 0.814429 0.412692
v -0.322907 0.819785 0.415891
v -0.322907 0.847902 0.427950
v -0.261995 0.919214 0.430670
v -0.262504 0.913227 0.445251
v -0.263435 0.911686 0.449006
v -0.264848 0.910993 0.450698
v -0.266676 0.910458 0.452005
v -0.270872 0.910106 0.452867
v -0.287598 0.909914 0.453338
v -0.261957 0.873949 0.367618
v -0.262446 0.846685 0.353794
v -0.263363 0.841179 0.351000
v -0.264782 0.839550 0.350173
v -0.266630 0.838300 0.349539
v -0.270848 0.837495 0.349132
v -0.287590 0.837067 0.348915
v -0.261970 0.993365 0.428161
v -0.262479 1.020615 0.441976
v -0.263413 1.026105 0.444760
v -0.264831 1.027723 0.445581
v -0.266666 1.028974 0.446218
v -0.270868 1.029797 0.446637
v -0.287597 1.030247 0.446866
v -0.358225 1.030259 0.446873
v -0.374967 1.029831 0.446654
v -0.379185 1.029027 0.446244
v -0.381034 1.027777 0.445608
v -0.382453 1.026146 0.444781
v -0.383370 1.020637 0.441989
v -0.383858 0.993372 0.428166
v -0.358219 0.837080 0.348919
v -0.374948 0.837532 0.349143
v -0.379149 0.838356 0.349557
v -0.380984 0.839607 0.350191
v -0.382403 0.841223 0.351014
v -0.383336 0.846710 0.353801
v -0.383846 0.873957 0.367620
v -0.355053 1.346614 0.714310
v -0.338178 1.341894 0.714241
v -0.343843 1.328218 0.714703
v -0.361899 1.339768 0.714709
v -0.322908 1.333299 0.714310
v -0.322908 1.323618 0.714709
v -0.322908 1.320037 0.715615
v -0.345354 1.324569 0.715615
v -0.364431 1.337236 0.715615
v -0.346044 1.322905 0.717041
v -0.365706 1.335961 0.717041
v -0.322908 1.318233 0.717041
v -0.322908 1.316852 0.718895
v -0.346572 1.321630 0.718896
v -0.366683 1.334984 0.718895
v -0.346896 1.320848 0.727465
v -0.367282 1.334385 0.727466
v -0.322908 1.316004 0.727465
v -0.322908 1.315803 0.774641
v -0.346973 1.320662 0.774641
v -0.367425 1.334242 0.774641
v -0.368367 1.378759 0.714310
v -0.359773 1.363489 0.714241
v -0.373449 1.357824 0.714703
v -0.378049 1.378759 0.714709
v -0.377098 1.356312 0.715615
v -0.381630 1.378759 0.715615
v -0.378762 1.355623 0.717041
v -0.383434 1.378759 0.717041
v -0.380037 1.355095 0.718895
v -0.384815 1.378759 0.718895
v -0.380819 1.354771 0.727465
v -0.385663 1.378759 0.727466
v -0.381005 1.354694 0.774641
v -0.385864 1.378759 0.774641
v -0.355053 1.410903 0.714310
v -0.359773 1.394029 0.714241
v -0.373449 1.399693 0.714703
v -0.361899 1.417749 0.714709
v -0.377098 1.401205 0.715615
v -0.364431 1.420282 0.715615
v -0.378762 1.401894 0.717041
v -0.365706 1.421556 0.717041
v -0.380037 1.402422 0.718895
v -0.366683 1.422533 0.718895
v -0.380819 1.402746 0.727465
v -0.367282 1.423133 0.727466
v -0.381005 1.402823 0.774641
v -0.367425 1.423275 0.774641
v -0.322908 1.424218 0.714310
v -0.338178 1.415623 0.714241
v -0.343843 1.429299 0.714703
v -0.322908 1.433900 0.714709
v -0.345354 1.432948 0.715615
v -0.322908 1.437481 0.715615
v -0.346044 1.434612 0.717041
v -0.322908 1.439284 0.717041
v -0.346572 1.435887 0.718895
v -0.322908 1.440665 0.718895
v -0.346896 1.436669 0.727465
v -0.322908 1.441513 0.727466
v -0.346973 1.436855 0.774641
v -0.322908 1.441714 0.774641
v -0.290764 1.410903 0.714310
v -0.307638 1.415623 0.714241
v -0.301974 1.429299 0.714703
v -0.283918 1.417749 0.714709
v -0.300462 1.432948 0.715615
v -0.281385 1.420281 0.715615
v -0.299773 1.434612 0.717041
v -0.280110 1.421556 0.717041
v -0.299245 1.435887 0.718895
v -0.279134 1.422533 0.718895
v -0.298921 1.436669 0.727465
v -0.278534 1.423133 0.727466
v -0.298844 1.436855 0.774641
v -0.278392 1.423275 0.774641
v -0.277449 1.378759 0.714310
v -0.286043 1.394029 0.714241
v -0.272368 1.399693 0.714703
v -0.267767 1.378759 0.714709
v -0.268719 1.401205 0.715615
v -0.264186 1.378759 0.715615
v -0.267055 1.401894 0.717041
v -0.262383 1.378759 0.717041
v -0.265780 1.402422 0.718895
v -0.261002 1.378759 0.718895
v -0.264997 1.402746 0.727465
v -0.260154 1.378759 0.727466
v -0.264812 1.402823 0.774641
v -0.259953 1.378759 0.774641
v -0.290764 1.346614 0.714310
v -0.286043 1.363489 0.714241
v -0.272368 1.357824 0.714703
v -0.283918 1.339768 0.714709
v -0.268719 1.356312 0.715615
v -0.281385 1.337236 0.715615
v -0.267055 1.355623 0.717041
v -0.280110 1.335961 0.717041
v -0.265780 1.355095 0.718895
v -0.279134 1.334984 0.718895
v -0.264997 1.354771 0.727465
v -0.278534 1.334385 0.727466
v -0.264812 1.354694 0.774641
v -0.278392 1.334242 0.774641
v -0.307638 1.341894 0.714241
v -0.301974 1.328218 0.714703
v -0.300462 1.324569 0.715615
v -0.299773 1.322905 0.717041
v -0.299245 1.321630 0.718895
v -0.298921 1.320848 0.727465
v -0.298844 1.320662 0.774641
v -0.366552 1.335115 0.984408
v -0.346501 1.321802 0.984408
v -0.346212 1.322498 1.031628
v -0.366018 1.335649 1.031628
v -0.322908 1.317038 0.984408
v -0.322908 1.317793 1.031628
v -0.322908 1.318738 1.040280
v -0.345851 1.323370 1.040280
v -0.365349 1.336318 1.040280
v -0.345317 1.324660 1.042262
v -0.364361 1.337306 1.042262
v -0.322908 1.320135 1.042262
v -0.322908 1.321948 1.043854
v -0.344624 1.326333 1.043854
v -0.363079 1.338587 1.043854
v -0.343854 1.328191 1.044958
v -0.361656 1.340011 1.044958
v -0.322908 1.323962 1.044958
v -0.322908 1.325555 1.045595
v -0.343245 1.329661 1.045595
v -0.360529 1.341138 1.045595
v -0.384629 1.378759 0.984408
v -0.379865 1.355166 0.984408
v -0.379169 1.355455 1.031628
v -0.383874 1.378759 1.031628
v -0.378296 1.355816 1.040280
v -0.382929 1.378759 1.040280
v -0.377007 1.356350 1.042262
v -0.381531 1.378759 1.042262
v -0.375334 1.357043 1.043854
v -0.379719 1.378759 1.043854
v -0.373476 1.357813 1.044958
v -0.377705 1.378759 1.044959
v -0.372005 1.358422 1.045595
v -0.376112 1.378759 1.045596
v -0.366552 1.422402 0.984408
v -0.379865 1.402351 0.984408
v -0.379169 1.402062 1.031628
v -0.366018 1.421868 1.031628
v -0.378296 1.401701 1.040280
v -0.365349 1.421200 1.040280
v -0.377007 1.401167 1.042262
v -0.364361 1.420212 1.042262
v -0.375334 1.400474 1.043854
v -0.363079 1.418930 1.043854
v -0.373476 1.399704 1.044958
v -0.361656 1.417506 1.044959
v -0.372005 1.399095 1.045596
v -0.360529 1.416379 1.045596
v -0.322908 1.440480 0.984408
v -0.346501 1.435716 0.984408
v -0.346212 1.435019 1.031628
v -0.322908 1.439725 1.031628
v -0.345851 1.434147 1.040280
v -0.322908 1.438779 1.040280
v -0.345317 1.432857 1.042262
v -0.322908 1.437382 1.042262
v -0.344624 1.431184 1.043854
v -0.322908 1.435569 1.043854
v -0.343854 1.429326 1.044959
v -0.322908 1.433556 1.044958
v -0.343245 1.427856 1.045596
v -0.322908 1.431962 1.045595
v -0.279265 1.422402 0.984408
v -0.299316 1.435716 0.984408
v -0.299604 1.435019 1.031628
v -0.279799 1.421868 1.031628
v -0.299966 1.434147 1.040280
v -0.280467 1.421200 1.040280
v -0.300500 1.432857 1.042262
v -0.281455 1.420212 1.042262
v -0.301193 1.431184 1.043854
v -0.282737 1.418930 1.043854
v -0.301962 1.429326 1.044958
v -0.284161 1.417506 1.044958
v -0.302572 1.427856 1.045595
v -0.285288 1.416379 1.045595
v -0.261187 1.378759 0.984408
v -0.265951 1.402351 0.984408
v -0.266648 1.402062 1.031628
v -0.261942 1.378759 1.031628
v -0.267520 1.401701 1.040280
v -0.262887 1.378759 1.040280
v -0.268810 1.401167 1.042262
v -0.264285 1.378759 1.042262
v -0.270483 1.400474 1.043854
v -0.266098 1.378759 1.043854
v -0.272341 1.399704 1.044958
v -0.268111 1.378759 1.044958
v -0.273811 1.399095 1.045595
v -0.269705 1.378759 1.045595
v -0.279265 1.335115 0.984408
v -0.265951 1.355166 0.984408
v -0.266648 1.355455 1.031628
v -0.279799 1.335649 1.031628
v -0.267520 1.355816 1.040280
v -0.280467 1.336318 1.040280
v -0.268810 1.356350 1.042262
v -0.281455 1.337306 1.042262
v -0.270483 1.357043 1.043854
v -0.282737 1.338587 1.043854
v -0.272341 1.357813 1.044958
v -0.284161 1.340011 1.044958
v -0.273811 1.358422 1.045595
v -0.285288 1.341138 1.045595
v -0.299316 1.321802 0.984408
v -0.299604 1.322498 1.031628
v -0.299966 1.323370 1.040280
v -0.300500 1.324660 1.042262
v -0.301193 1.326333 1.043854
v -0.301962 1.328191 1.044958
v -0.302572 1.329661 1.045595
v -0.359462 1.342205 1.046154
v -0.342668 1.331054 1.046154
v -0.342071 1.332495 1.046790
v -0.358358 1.343309 1.046790
v -0.322908 1.327065 1.046154
v -0.322908 1.328626 1.046790
v -0.322908 1.330578 1.047893
v -0.341325 1.334297 1.047893
v -0.356977 1.344690 1.047893
v -0.340668 1.335883 1.049482
v -0.355762 1.345905 1.049482
v -0.322908 1.332297 1.049482
v -0.322908 1.333572 1.051461
v -0.340181 1.337060 1.051461
v -0.354860 1.346807 1.051461
v -0.339890 1.337762 1.053763
v -0.354322 1.347345 1.053763
v -0.322908 1.334333 1.053763
v -0.322908 1.334645 1.056552
v -0.339771 1.338050 1.056552
v -0.354101 1.347566 1.056552
v -0.374602 1.378759 1.046154
v -0.370612 1.358999 1.046154
v -0.369172 1.359596 1.046790
v -0.373041 1.378759 1.046790
v -0.367370 1.360342 1.047893
v -0.371089 1.378759 1.047893
v -0.365784 1.360999 1.049482
v -0.369370 1.378759 1.049482
v -0.364607 1.361486 1.051461
v -0.368095 1.378759 1.051461
v -0.363905 1.361777 1.053763
v -0.367334 1.378759 1.053763
v -0.363617 1.361897 1.056552
v -0.367022 1.378759 1.056552
v -0.359462 1.415312 1.046154
v -0.370612 1.398518 1.046154
v -0.369172 1.397922 1.046790
v -0.358358 1.414208 1.046790
v -0.367370 1.397175 1.047893
v -0.356977 1.412827 1.047893
v -0.365784 1.396518 1.049482
v -0.355762 1.411612 1.049482
v -0.364607 1.396031 1.051461
v -0.354860 1.410710 1.051461
v -0.363905 1.395740 1.053763
v -0.354322 1.410172 1.053763
v -0.363617 1.395621 1.056552
v -0.354101 1.409952 1.056552
v -0.322908 1.430453 1.046154
v -0.342668 1.426463 1.046154
v -0.342071 1.425022 1.046790
v -0.322908 1.428892 1.046790
v -0.341325 1.423220 1.047893
v -0.322908 1.426939 1.047893
v -0.340668 1.421634 1.049482
v -0.322908 1.425220 1.049482
v -0.340181 1.420457 1.051461
v -0.322908 1.423945 1.051461
v -0.339890 1.419755 1.053763
v -0.322908 1.423184 1.053763
v -0.339771 1.419467 1.056552
v -0.322908 1.422872 1.056552
v -0.286355 1.415312 1.046154
v -0.303149 1.426463 1.046154
v -0.303745 1.425022 1.046790
v -0.287459 1.414208 1.046790
v -0.304492 1.423220 1.047893
v -0.288840 1.412827 1.047893
v -0.305149 1.421634 1.049482
v -0.290055 1.411612 1.049482
v -0.305636 1.420457 1.051461
v -0.290957 1.410710 1.051461
v -0.305927 1.419755 1.053763
v -0.291495 1.410172 1.053763
v -0.306046 1.419467 1.056552
v -0.291715 1.409952 1.056552
v -0.271214 1.378759 1.046154
v -0.275204 1.398518 1.046154
v -0.276645 1.397922 1.046790
v -0.272775 1.378759 1.046790
v -0.278447 1.397175 1.047893
v -0.274728 1.378759 1.047893
v -0.280033 1.396518 1.049482
v -0.276446 1.378759 1.049482
v -0.281210 1.396031 1.051461
v -0.277722 1.378759 1.051461
v -0.281912 1.395740 1.053763
v -0.278483 1.378759 1.053763
v -0.282200 1.395621 1.056552
v -0.278795 1.378759 1.056552
v -0.286355 1.342205 1.046154
v -0.275204 1.358999 1.046154
v -0.276645 1.359596 1.046790
v -0.287459 1.343309 1.046790
v -0.278447 1.360342 1.047893
v -0.288840 1.344690 1.047893
v -0.280033 1.360999 1.049482
v -0.290055 1.345905 1.049482
v -0.281209 1.361486 1.051461
v -0.290957 1.346807 1.051461
v -0.281912 1.361777 1.053763
v -0.291495 1.347345 1.053763
v -0.282200 1.361897 1.056552
v -0.291715 1.347566 1.056552
v -0.303149 1.331054 1.046154
v -0.303745 1.332495 1.046790
v -0.304492 1.334297 1.047893
v -0.305149 1.335883 1.049482
v -0.305636 1.337060 1.051461
v -0.305927 1.337762 1.053763
v -0.306046 1.338050 1.056552
v -0.354096 1.347571 1.063222
v -0.339768 1.338057 1.063222
v -0.339648 1.338347 1.065968
v -0.353874 1.347793 1.065968
v -0.322908 1.334653 1.063222
v -0.322909 1.334967 1.065968
v -0.322909 1.335731 1.068187
v -0.339355 1.339052 1.068187
v -0.353333 1.348334 1.068187
v -0.338866 1.340234 1.070038
v -0.352428 1.349239 1.070038
v -0.322909 1.337012 1.070038
v -0.322909 1.338738 1.071461
v -0.338206 1.341827 1.071461
v -0.351207 1.350460 1.071461
v -0.336971 1.344809 1.072372
v -0.349103 1.352565 1.072365
v -0.322909 1.341715 1.072366
v -0.322909 1.348492 1.072764
v -0.333060 1.354252 1.072833
v -0.344310 1.357357 1.072764
v -0.367014 1.378759 1.063222
v -0.363610 1.361900 1.063222
v -0.363320 1.362020 1.065968
v -0.366701 1.378759 1.065968
v -0.362615 1.362312 1.068187
v -0.365936 1.378759 1.068187
v -0.361433 1.362801 1.070038
v -0.364655 1.378759 1.070038
v -0.359840 1.363461 1.071461
v -0.362929 1.378759 1.071461
v -0.356858 1.364696 1.072372
v -0.359952 1.378759 1.072365
v -0.347415 1.368608 1.072833
v -0.353175 1.378759 1.072764
v -0.354096 1.409946 1.063222
v -0.363610 1.395618 1.063222
v -0.363320 1.395498 1.065968
v -0.353874 1.409724 1.065968
v -0.362615 1.395206 1.068187
v -0.353333 1.409184 1.068187
v -0.361433 1.394716 1.070038
v -0.352428 1.408278 1.070038
v -0.359840 1.394056 1.071461
v -0.351207 1.407057 1.071461
v -0.356858 1.392821 1.072372
v -0.349103 1.404953 1.072365
v -0.347415 1.388910 1.072833
v -0.344310 1.400160 1.072764
v -0.322908 1.422864 1.063222
v -0.339768 1.419460 1.063222
v -0.339648 1.419171 1.065968
v -0.322909 1.422551 1.065968
v -0.339355 1.418465 1.068187
v -0.322909 1.421786 1.068187
v -0.338866 1.417283 1.070038
v -0.322909 1.420505 1.070038
v -0.338206 1.415690 1.071461
v -0.322909 1.418779 1.071461
v -0.336971 1.412709 1.072372
v -0.322909 1.415802 1.072365
v -0.333060 1.403265 1.072833
v -0.322909 1.409025 1.072764
v -0.291721 1.409946 1.063222
v -0.306049 1.419460 1.063222
v -0.306169 1.419171 1.065968
v -0.291943 1.409724 1.065968
v -0.306462 1.418465 1.068187
v -0.292484 1.409184 1.068187
v -0.306951 1.417283 1.070038
v -0.293389 1.408278 1.070038
v -0.307611 1.415690 1.071461
v -0.294610 1.407057 1.071461
v -0.308846 1.412709 1.072372
v -0.296715 1.404953 1.072365
v -0.312758 1.403265 1.072833
v -0.301507 1.400160 1.072764
v -0.278803 1.378759 1.063222
v -0.282207 1.395618 1.063222
v -0.282497 1.395498 1.065968
v -0.279117 1.378759 1.065968
v -0.283202 1.395206 1.068187
v -0.279881 1.378759 1.068187
v -0.284384 1.394716 1.070038
v -0.281162 1.378759 1.070038
v -0.285977 1.394056 1.071461
v -0.282888 1.378759 1.071461
v -0.288959 1.392821 1.072372
v -0.285865 1.378759 1.072365
v -0.298402 1.388910 1.072833
v -0.292642 1.378759 1.072764
v -0.291721 1.347571 1.063222
v -0.282207 1.361900 1.063222
v -0.282497 1.362020 1.065968
v -0.291943 1.347793 1.065968
v -0.283202 1.362312 1.068187
v -0.292484 1.348334 1.068187
v -0.284384 1.362801 1.070038
v -0.293389 1.349239 1.070038
v -0.285977 1.363461 1.071461
v -0.294610 1.350460 1.071461
v -0.288959 1.364696 1.072372
v -0.296715 1.352565 1.072365
v -0.298402 1.368608 1.072833
v -0.301507 1.357357 1.072764
v -0.306049 1.338057 1.063222
v -0.306169 1.338347 1.065968
v -0.306462 1.339052 1.068187
v -0.306951 1.340234 1.070038
v -0.307611 1.341827 1.071461
v -0.308846 1.344809 1.072372
v -0.312758 1.354252 1.072833
v -0.329790 1.371016 1.006385
v -0.334089 1.371516 1.006485
v -0.336525 1.372441 1.006657
v -0.338367 1.373859 1.006904
v -0.339781 1.375696 1.007213
v -0.340694 1.380034 1.007890
v -0.341182 1.397721 1.010548
v -0.329790 1.435225 1.056342
v -0.334089 1.435225 1.055854
v -0.336525 1.435225 1.054941
v -0.338367 1.435225 1.053527
v -0.339781 1.435225 1.051686
v -0.340694 1.435225 1.048336
v -0.341182 1.435225 1.037643
v -0.329790 1.499434 1.025526
v -0.334089 1.498934 1.025473
v -0.336525 1.498009 1.025366
v -0.338367 1.496591 1.025189
v -0.339781 1.494754 1.024951
v -0.340694 1.490416 1.024339
v -0.341182 1.472729 1.021727
v -0.329790 1.435225 0.975570
v -0.334089 1.435225 0.976104
v -0.336525 1.435225 0.977081
v -0.338367 1.435225 0.978566
v -0.339781 1.435225 0.980478
v -0.340694 1.435225 0.983892
v -0.341182 1.435225 0.994631
v -0.322909 1.370994 0.978361
v -0.322909 1.371439 0.964917
v -0.322909 1.372290 0.961388
v -0.322909 1.373636 0.959939
v -0.322909 1.375409 0.959063
v -0.322909 1.379714 0.959458
v -0.322909 1.397480 0.964292
v -0.322909 1.499456 1.010257
v -0.322909 1.499011 1.002149
v -0.322909 1.498160 0.998913
v -0.322909 1.496814 0.996661
v -0.322909 1.495041 0.994728
v -0.322909 1.490736 0.992556
v -0.322909 1.472970 0.986796
v -0.304635 1.435225 0.994631
v -0.305124 1.435225 0.983892
v -0.306037 1.435225 0.980478
v -0.307450 1.435225 0.978566
v -0.309292 1.435225 0.977082
v -0.311728 1.435225 0.976104
v -0.316027 1.435225 0.975570
v -0.316027 1.371016 1.006385
v -0.311728 1.371516 1.006485
v -0.309292 1.372441 1.006657
v -0.307450 1.373859 1.006904
v -0.306037 1.375696 1.007212
v -0.305124 1.380034 1.007890
v -0.304635 1.397721 1.010548
v -0.316027 1.499434 1.025526
v -0.311728 1.498934 1.025473
v -0.309292 1.498009 1.025366
v -0.307450 1.496591 1.025189
v -0.306037 1.494754 1.024951
v -0.305124 1.490416 1.024338
v -0.304635 1.472729 1.021727
v -0.316027 1.435225 1.056342
v -0.311728 1.435225 1.055854
v -0.309292 1.435225 1.054941
v -0.307450 1.435225 1.053527
v -0.306037 1.435225 1.051686
v -0.305124 1.435225 1.048336
v -0.304635 1.435225 1.037643
v -0.322909 1.371013 1.034376
v -0.322909 1.371500 1.047928
v -0.322909 1.372414 1.051686
v -0.322909 1.373827 1.053527
v -0.322909 1.375669 1.054941
v -0.322909 1.380019 1.055854
v -0.322909 1.397717 1.056342
v -0.322909 1.499437 1.040778
v -0.322909 1.498950 1.048728
v -0.322909 1.498036 1.051686
v -0.322909 1.496623 1.053527
v -0.322909 1.494781 1.054941
v -0.322909 1.490431 1.055854
v -0.322909 1.472733 1.056342
v -0.287238 1.297012 0.489259
v -0.270195 1.297515 0.488741
v -0.265948 1.298438 0.488007
v -0.264108 1.299842 0.487203
v -0.262681 1.301657 0.486399
v -0.261727 1.305520 0.484579
v -0.261135 1.320534 0.480069
v -0.359177 1.285479 -0.107913
v -0.376323 1.286008 -0.107167
v -0.380582 1.286968 -0.106129
v -0.382419 1.288413 -0.105003
v -0.383842 1.290266 -0.103886
v -0.384779 1.294426 -0.101690
v -0.385294 1.311216 -0.095037
v -0.359290 1.297024 0.489221
v -0.376318 1.297548 0.488689
v -0.380546 1.298487 0.487955
v -0.382369 1.299891 0.487151
v -0.383790 1.301692 0.486345
v -0.384744 1.305540 0.484522
v -0.385280 1.320544 0.480014
v -0.286646 1.285492 -0.107907
v -0.269514 1.286044 -0.107152
v -0.265271 1.287022 -0.106105
v -0.263447 1.288467 -0.104975
v -0.262025 1.290307 -0.103862
v -0.261074 1.294449 -0.101675
v -0.260550 1.311224 -0.095030
v -0.334217 1.447459 0.057849
v -0.334237 1.447427 -0.069240
v -0.340758 1.447069 -0.069304
v -0.340739 1.447107 0.057759
v -0.344104 1.446410 -0.069425
v -0.344100 1.446453 0.057589
v -0.346946 1.445405 -0.069614
v -0.346962 1.445443 0.057326
v -0.349666 1.444106 -0.069860
v -0.349699 1.444133 0.056984
v -0.352548 1.442156 -0.070230
v -0.352589 1.442170 0.056470
v -0.357760 1.437450 -0.071115
v -0.357797 1.437459 0.055240
v -0.350504 1.409314 -0.234611
v -0.360510 1.422178 -0.234082
v -0.363195 1.425271 -0.233135
v -0.364470 1.426546 -0.231721
v -0.365465 1.427541 -0.229904
v -0.366133 1.428209 -0.221670
v -0.366506 1.428582 -0.176576
v -0.385351 1.383906 -0.081026
v -0.384993 1.401283 -0.077885
v -0.385383 1.384502 0.041452
v -0.385031 1.401341 0.045820
v -0.384377 1.406176 0.047079
v -0.384334 1.406180 -0.076979
v -0.383329 1.409022 -0.076442
v -0.383367 1.409038 0.047826
v -0.382058 1.411775 0.048540
v -0.382030 1.411742 -0.075929
v -0.380080 1.414624 -0.075389
v -0.380094 1.414665 0.049293
v -0.375383 1.419873 0.050652
v -0.375374 1.419836 -0.074413
v -0.311593 1.447475 0.301143
v -0.311580 1.447468 0.481258
v -0.305019 1.447204 0.481255
v -0.305060 1.447155 0.301121
v -0.301629 1.446638 0.481248
v -0.301687 1.446530 0.301079
v -0.298766 1.445663 0.481240
v -0.298823 1.445529 0.301013
v -0.296056 1.444322 0.481230
v -0.296094 1.444203 0.300929
v -0.293216 1.442271 0.481216
v -0.293226 1.442204 0.300801
v -0.288068 1.437473 0.481181
v -0.288064 1.437463 0.300497
v -0.295384 1.411122 0.726190
v -0.285471 1.422248 0.725702
v -0.282868 1.425024 0.724789
v -0.281611 1.426282 0.723375
v -0.280568 1.427326 0.721534
v -0.279808 1.428090 0.709800
v -0.279373 1.428551 0.640413
v -0.260710 1.385761 0.480772
v -0.260901 1.401557 0.480901
v -0.260810 1.385415 0.297080
v -0.261029 1.401476 0.298163
v -0.261623 1.406213 0.298475
v -0.261445 1.406269 0.480937
v -0.262407 1.409136 0.480958
v -0.262606 1.409084 0.298660
v -0.263915 1.411821 0.298837
v -0.263735 1.411853 0.480980
v -0.265774 1.414702 0.481004
v -0.265897 1.414701 0.299023
v -0.270605 1.419893 0.299360
v -0.270547 1.419870 0.481045
v -0.350508 1.411192 0.726165
v -0.360510 1.422412 0.725636
v -0.363195 1.425271 0.724689
v -0.364470 1.426546 0.723275
v -0.365465 1.427541 0.721458
v -0.366133 1.428209 0.709757
v -0.366506 1.428582 0.640397
v -0.334241 1.447425 0.481257
v -0.340759 1.447069 0.481253
v -0.334217 1.447459 0.301143
v -0.340739 1.447107 0.301120
v -0.344100 1.446453 0.301078
v -0.344104 1.446410 0.481247
v -0.346946 1.445405 0.481238
v -0.346962 1.445443 0.301012
v -0.349699 1.444133 0.300927
v -0.349666 1.444106 0.481228
v -0.352548 1.442156 0.481213
v -0.352589 1.442170 0.300798
v -0.357797 1.437459 0.300491
v -0.357760 1.437450 0.481175
v -0.385383 1.385407 0.297044
v -0.385351 1.385759 0.480745
v -0.384993 1.401515 0.480880
v -0.385031 1.401454 0.298136
v -0.384334 1.406180 0.480919
v -0.384377 1.406176 0.298450
v -0.383329 1.409022 0.480941
v -0.383367 1.409038 0.298637
v -0.382030 1.411742 0.480964
v -0.382058 1.411775 0.298816
v -0.380080 1.414624 0.480989
v -0.380094 1.414665 0.299004
v -0.375374 1.419836 0.481032
v -0.375383 1.419873 0.299343
v -0.311599 1.447459 0.057849
v -0.311598 1.447462 0.169554
v -0.305075 1.447118 0.169489
v -0.305078 1.447107 0.057759
v -0.301712 1.446469 0.169368
v -0.301717 1.446452 0.057589
v -0.298851 1.445460 0.169179
v -0.298856 1.445442 0.057326
v -0.296117 1.444144 0.168933
v -0.296120 1.444131 0.056984
v -0.293237 1.442170 0.168565
v -0.293233 1.442166 0.056471
v -0.288055 1.437454 0.167683
v -0.288033 1.437456 0.055242
v -0.260711 1.385012 0.157795
v -0.260983 1.401411 0.160928
v -0.260531 1.384503 0.041461
v -0.260858 1.401342 0.045827
v -0.261506 1.406178 0.047085
v -0.261611 1.406187 0.161830
v -0.262607 1.409052 0.162366
v -0.262512 1.409040 0.047831
v -0.263819 1.411779 0.048545
v -0.263911 1.411792 0.162878
v -0.265871 1.414681 0.163418
v -0.265779 1.414669 0.049298
v -0.270481 1.419877 0.050656
v -0.270564 1.419884 0.164392
v -0.334218 1.447461 0.169554
v -0.340741 1.447113 0.169489
v -0.344103 1.446461 0.169367
v -0.346966 1.445453 0.169178
v -0.349703 1.444142 0.168932
v -0.352591 1.442175 0.168563
v -0.357798 1.437460 0.167679
v -0.385385 1.385010 0.157769
v -0.385037 1.401406 0.160908
v -0.384385 1.406179 0.161813
v -0.383377 1.409042 0.162350
v -0.382066 1.411779 0.162863
v -0.380099 1.414667 0.163404
v -0.375384 1.419874 0.164381
v -0.295313 1.409314 -0.234610
v -0.285307 1.422178 -0.234082
v -0.282622 1.425271 -0.233135
v -0.281346 1.426547 -0.231721
v -0.280352 1.427542 -0.229904
v -0.279684 1.428210 -0.221670
v -0.279311 1.428583 -0.176576
v -0.311580 1.447427 -0.069240
v -0.305058 1.447069 -0.069304
v -0.301712 1.446410 -0.069425
v -0.298871 1.445405 -0.069614
v -0.296151 1.444106 -0.069860
v -0.293269 1.442156 -0.070230
v -0.288058 1.437450 -0.071115
v -0.260478 1.383906 -0.081024
v -0.260833 1.401284 -0.077884
v -0.261491 1.406181 -0.076979
v -0.262496 1.409023 -0.076441
v -0.263794 1.411743 -0.075928
v -0.265744 1.414625 -0.075388
v -0.270450 1.419838 -0.074413
v -0.260733 1.354046 0.640435
v -0.261172 1.354431 0.709803
v -0.262146 1.354709 0.721534
v -0.263588 1.355116 0.723375
v -0.265395 1.355672 0.724789
v -0.269387 1.357238 0.725702
v -0.285094 1.364244 0.726190
v -0.323004 1.447319 0.640404
v -0.323202 1.446729 0.709778
v -0.323399 1.445716 0.721496
v -0.323469 1.444275 0.723325
v -0.323391 1.442484 0.724739
v -0.323193 1.438683 0.725669
v -0.323001 1.424170 0.726177
v -0.385255 1.354142 0.640408
v -0.384727 1.354723 0.709760
v -0.383781 1.355195 0.721459
v -0.382371 1.355671 0.723275
v -0.380562 1.356150 0.724688
v -0.376527 1.357520 0.725636
v -0.360765 1.364336 0.726165
v -0.322908 1.422715 -0.234610
v -0.322908 1.438611 -0.234082
v -0.322908 1.442658 -0.233135
v -0.322908 1.444462 -0.231721
v -0.322908 1.445868 -0.229904
v -0.322908 1.446813 -0.221517
v -0.322908 1.447340 -0.175348
v -0.385268 1.346343 -0.181729
v -0.384760 1.345966 -0.222334
v -0.383832 1.346267 -0.229942
v -0.382422 1.346707 -0.231771
v -0.380599 1.347158 -0.233185
v -0.376547 1.348604 -0.234115
v -0.360772 1.356068 -0.234623
v -0.260561 1.346349 -0.181722
v -0.261090 1.345982 -0.222314
v -0.262035 1.346293 -0.229905
v -0.263445 1.346737 -0.231721
v -0.265254 1.347184 -0.233134
v -0.269290 1.348620 -0.234082
v -0.285051 1.356074 -0.234611
v -0.371096 1.410967 -0.553008
v -0.348970 1.429574 -0.552983
v -0.348655 1.428778 -0.559415
v -0.370520 1.410360 -0.559454
v -0.322908 1.436273 -0.552982
v -0.322908 1.435400 -0.559409
v -0.322908 1.434327 -0.562157
v -0.348237 1.427805 -0.562164
v -0.369763 1.409628 -0.562204
v -0.347633 1.426431 -0.564020
v -0.368672 1.408598 -0.564057
v -0.322908 1.432810 -0.564012
v -0.322908 1.430895 -0.565439
v -0.346866 1.424698 -0.565448
v -0.367287 1.407300 -0.565482
v -0.345235 1.419268 -0.566364
v -0.364587 1.403515 -0.566387
v -0.322908 1.425811 -0.566347
v -0.322908 1.408557 -0.566747
v -0.339203 1.393849 -0.566821
v -0.357302 1.390039 -0.566778
v -0.391102 1.337289 -0.553043
v -0.385764 1.381477 -0.553061
v -0.385026 1.381121 -0.559532
v -0.390306 1.337226 -0.559541
v -0.384070 1.380696 -0.562279
v -0.389277 1.337150 -0.562289
v -0.382696 1.380098 -0.564123
v -0.387800 1.337044 -0.564128
v -0.380954 1.379346 -0.565536
v -0.385927 1.336912 -0.565534
v -0.377115 1.376381 -0.566432
v -0.382168 1.335917 -0.566416
v -0.362483 1.361071 -0.566858
v -0.371776 1.331823 -0.566785
v -0.371592 1.224030 -0.552707
v -0.386105 1.278294 -0.552878
v -0.385355 1.278544 -0.559404
v -0.370998 1.224573 -0.559262
v -0.384363 1.278845 -0.562161
v -0.370190 1.225231 -0.562029
v -0.382932 1.279269 -0.564007
v -0.369015 1.226160 -0.563884
v -0.381113 1.279804 -0.565424
v -0.367518 1.227331 -0.565312
v -0.377189 1.281783 -0.566328
v -0.364698 1.231578 -0.566225
v -0.362500 1.291686 -0.566786
v -0.357342 1.247595 -0.566649
v -0.322908 1.185158 -0.552684
v -0.349311 1.193657 -0.552668
v -0.348983 1.194419 -0.559257
v -0.322908 1.186006 -0.559290
v -0.348530 1.195354 -0.562026
v -0.322908 1.187054 -0.562059
v -0.347869 1.196680 -0.563878
v -0.322908 1.188542 -0.563906
v -0.347025 1.198353 -0.565302
v -0.322908 1.190422 -0.565324
v -0.345310 1.204474 -0.566217
v -0.322908 1.195987 -0.566224
v -0.339220 1.235081 -0.566708
v -0.322908 1.215978 -0.566630
v -0.274225 1.224030 -0.552707
v -0.296506 1.193657 -0.552668
v -0.296833 1.194419 -0.559257
v -0.274818 1.224573 -0.559262
v -0.297286 1.195354 -0.562026
v -0.275627 1.225231 -0.562029
v -0.297948 1.196680 -0.563878
v -0.276801 1.226160 -0.563884
v -0.298792 1.198353 -0.565302
v -0.278298 1.227331 -0.565312
v -0.300507 1.204474 -0.566217
v -0.281118 1.231578 -0.566225
v -0.306597 1.235081 -0.566708
v -0.288474 1.247595 -0.566649
v -0.254714 1.337289 -0.553043
v -0.259711 1.278294 -0.552878
v -0.260462 1.278544 -0.559404
v -0.255510 1.337226 -0.559541
v -0.261453 1.278845 -0.562161
v -0.256539 1.337150 -0.562289
v -0.262885 1.279269 -0.564007
v -0.258016 1.337044 -0.564128
v -0.264704 1.279804 -0.565424
v -0.259889 1.336912 -0.565534
v -0.268627 1.281783 -0.566328
v -0.263648 1.335917 -0.566416
v -0.283316 1.291686 -0.566786
v -0.274040 1.331823 -0.566785
v -0.274720 1.410967 -0.553008
v -0.260052 1.381477 -0.553061
v -0.260790 1.381121 -0.559532
v -0.275296 1.410360 -0.559454
v -0.261747 1.380696 -0.562279
v -0.276053 1.409628 -0.562204
v -0.263120 1.380098 -0.564123
v -0.277144 1.408598 -0.564057
v -0.264863 1.379346 -0.565536
v -0.278529 1.407300 -0.565482
v -0.268702 1.376381 -0.566433
v -0.281229 1.403515 -0.566387
v -0.283333 1.361071 -0.566858
v -0.288514 1.390039 -0.566778
v -0.296846 1.429574 -0.552983
v -0.297161 1.428778 -0.559415
v -0.297580 1.427805 -0.562164
v -0.298183 1.426431 -0.564020
v -0.298950 1.424698 -0.565448
v -0.300581 1.419268 -0.566364
v -0.306614 1.393849 -0.566821
v -0.369919 1.411024 -0.479018
v -0.348332 1.429135 -0.479083
v -0.349335 1.431046 -0.505724
v -0.371778 1.412222 -0.505663
v -0.322908 1.435667 -0.479106
v -0.322908 1.437835 -0.505748
v -0.322908 1.438246 -0.512213
v -0.349532 1.431406 -0.512189
v -0.372144 1.412441 -0.512127
v -0.349577 1.431463 -0.515447
v -0.372226 1.412465 -0.515385
v -0.322908 1.438314 -0.515471
v -0.322908 1.438320 -0.518733
v -0.349597 1.431464 -0.518709
v -0.372263 1.412451 -0.518646
v -0.349581 1.431378 -0.522364
v -0.372234 1.412374 -0.522304
v -0.322908 1.438231 -0.522388
v -0.322908 1.437882 -0.529299
v -0.349481 1.431055 -0.529280
v -0.372046 1.412117 -0.529234
v -0.389436 1.339746 -0.478734
v -0.384233 1.382408 -0.478910
v -0.386666 1.382478 -0.505563
v -0.392074 1.338122 -0.505381
v -0.387144 1.382472 -0.512028
v -0.392594 1.337774 -0.511843
v -0.387251 1.382441 -0.515284
v -0.392710 1.337654 -0.515099
v -0.387300 1.382398 -0.518545
v -0.392763 1.337557 -0.518358
v -0.387260 1.382330 -0.522206
v -0.392720 1.337488 -0.522023
v -0.387011 1.382165 -0.529164
v -0.392451 1.337427 -0.529011
v -0.370362 1.230853 -0.478191
v -0.384538 1.283014 -0.478474
v -0.386968 1.279121 -0.505088
v -0.372217 1.224869 -0.504773
v -0.387447 1.278310 -0.511545
v -0.372584 1.223631 -0.511223
v -0.387557 1.278062 -0.514798
v -0.372670 1.223264 -0.514475
v -0.387607 1.277884 -0.518057
v -0.372711 1.223010 -0.517733
v -0.387572 1.277797 -0.521725
v -0.372687 1.222906 -0.521405
v -0.387331 1.277841 -0.528736
v -0.372512 1.223042 -0.528442
v -0.322908 1.193299 -0.477872
v -0.348636 1.201550 -0.477965
v -0.349637 1.194391 -0.504539
v -0.322908 1.185810 -0.504450
v -0.349835 1.192915 -0.510987
v -0.322908 1.184269 -0.510898
v -0.349882 1.192485 -0.514238
v -0.322908 1.183823 -0.514148
v -0.349905 1.192193 -0.517495
v -0.322908 1.183522 -0.517405
v -0.349893 1.192086 -0.521171
v -0.322908 1.183417 -0.521084
v -0.349801 1.192291 -0.528244
v -0.322908 1.183649 -0.528175
v -0.275454 1.230853 -0.478191
v -0.297180 1.201550 -0.477965
v -0.296179 1.194391 -0.504539
v -0.273599 1.224869 -0.504773
v -0.295981 1.192915 -0.510987
v -0.273232 1.223631 -0.511223
v -0.295934 1.192485 -0.514238
v -0.273147 1.223264 -0.514475
v -0.295911 1.192193 -0.517495
v -0.273105 1.223010 -0.517733
v -0.295923 1.192086 -0.521171
v -0.273129 1.222906 -0.521405
v -0.296015 1.192291 -0.528244
v -0.273305 1.223042 -0.528442
v -0.256381 1.339746 -0.478734
v -0.261278 1.283014 -0.478474
v -0.258848 1.279121 -0.505088
v -0.253742 1.338122 -0.505381
v -0.258369 1.278310 -0.511545
v -0.253223 1.337774 -0.511843
v -0.258260 1.278062 -0.514798
v -0.253106 1.337654 -0.515099
v -0.258209 1.277884 -0.518057
v -0.253053 1.337557 -0.518358
v -0.258245 1.277797 -0.521725
v -0.253096 1.337488 -0.522023
v -0.258485 1.277841 -0.528736
v -0.253365 1.337427 -0.529011
v -0.275897 1.411024 -0.479018
v -0.261583 1.382408 -0.478910
v -0.259151 1.382478 -0.505563
v -0.274039 1.412222 -0.505663
v -0.258672 1.382472 -0.512028
v -0.273673 1.412441 -0.512127
v -0.258565 1.382441 -0.515284
v -0.273590 1.412465 -0.515385
v -0.258517 1.382398 -0.518545
v -0.273553 1.412451 -0.518646
v -0.258556 1.382330 -0.522206
v -0.273583 1.412374 -0.522304
v -0.258805 1.382165 -0.529164
v -0.273770 1.412117 -0.529234
v -0.297485 1.429135 -0.479083
v -0.296482 1.431046 -0.505724
v -0.296284 1.431406 -0.512189
v -0.296240 1.431463 -0.515447
v -0.296219 1.431464 -0.518709
v -0.296235 1.431378 -0.522364
v -0.296335 1.431055 -0.529280
v -0.350686 1.386238 -0.212748
v -0.336022 1.390676 -0.212664
v -0.340918 1.403025 -0.213124
v -0.356658 1.392456 -0.213151
v -0.322908 1.398382 -0.212728
v -0.322908 1.407093 -0.213123
v -0.322908 1.410469 -0.214025
v -0.342314 1.406459 -0.214032
v -0.359021 1.394834 -0.214056
v -0.342996 1.408094 -0.215452
v -0.360290 1.396062 -0.215479
v -0.322908 1.412245 -0.215446
v -0.322908 1.413591 -0.217297
v -0.343514 1.409333 -0.217303
v -0.361251 1.396993 -0.217332
v -0.343819 1.410064 -0.221512
v -0.361816 1.397543 -0.221541
v -0.322908 1.414385 -0.221508
v -0.322908 1.414454 -0.238181
v -0.343845 1.410128 -0.238184
v -0.361852 1.397591 -0.238201
v -0.361834 1.356691 -0.212758
v -0.354829 1.370732 -0.212686
v -0.366945 1.375519 -0.213167
v -0.370485 1.356280 -0.213172
v -0.370373 1.376818 -0.214090
v -0.373875 1.356083 -0.214091
v -0.372038 1.377418 -0.215524
v -0.375664 1.355965 -0.215526
v -0.373298 1.377873 -0.217385
v -0.377018 1.355876 -0.217389
v -0.374034 1.378142 -0.221595
v -0.377808 1.355822 -0.221600
v -0.374060 1.378168 -0.238234
v -0.377831 1.355812 -0.238236
v -0.348323 1.329464 -0.212684
v -0.353395 1.343614 -0.212658
v -0.364835 1.338151 -0.213120
v -0.353589 1.323299 -0.213067
v -0.368098 1.336571 -0.214025
v -0.355712 1.320841 -0.213951
v -0.369694 1.335783 -0.215443
v -0.356882 1.319514 -0.215355
v -0.370904 1.335184 -0.217292
v -0.357770 1.318505 -0.217194
v -0.371615 1.334826 -0.221501
v -0.358298 1.317902 -0.221402
v -0.371664 1.334768 -0.238175
v -0.358367 1.317809 -0.238114
v -0.322908 1.319003 -0.212639
v -0.334588 1.326095 -0.212591
v -0.338807 1.314234 -0.213024
v -0.322908 1.310689 -0.213020
v -0.340039 1.310832 -0.213925
v -0.322908 1.307373 -0.213926
v -0.340653 1.309157 -0.215342
v -0.322908 1.305576 -0.215355
v -0.341121 1.307886 -0.217190
v -0.322908 1.304213 -0.217213
v -0.341401 1.307129 -0.221404
v -0.322908 1.303405 -0.221432
v -0.341448 1.307033 -0.238118
v -0.322908 1.303314 -0.238136
v -0.297494 1.329464 -0.212684
v -0.311228 1.326095 -0.212591
v -0.307009 1.314234 -0.213024
v -0.292228 1.323299 -0.213067
v -0.305778 1.310832 -0.213925
v -0.290105 1.320842 -0.213951
v -0.305163 1.309157 -0.215342
v -0.288935 1.319514 -0.215355
v -0.304696 1.307886 -0.217190
v -0.288046 1.318505 -0.217194
v -0.304416 1.307129 -0.221404
v -0.287518 1.317902 -0.221402
v -0.304368 1.307033 -0.238118
v -0.287449 1.317809 -0.238114
v -0.283982 1.356691 -0.212758
v -0.292421 1.343614 -0.212658
v -0.280982 1.338151 -0.213120
v -0.275331 1.356280 -0.213172
v -0.277719 1.336571 -0.214025
v -0.271941 1.356083 -0.214091
v -0.276122 1.335783 -0.215443
v -0.270152 1.355965 -0.215526
v -0.274912 1.335184 -0.217292
v -0.268798 1.355876 -0.217389
v -0.274201 1.334826 -0.221501
v -0.268008 1.355822 -0.221600
v -0.274152 1.334768 -0.238175
v -0.267985 1.355812 -0.238236
v -0.295131 1.386238 -0.212748
v -0.290987 1.370732 -0.212686
v -0.278871 1.375519 -0.213167
v -0.289158 1.392456 -0.213151
v -0.275443 1.376818 -0.214090
v -0.286795 1.394834 -0.214056
v -0.273779 1.377418 -0.215524
v -0.285526 1.396062 -0.215479
v -0.272519 1.377873 -0.217385
v -0.284565 1.396993 -0.217332
v -0.271783 1.378142 -0.221595
v -0.284001 1.397543 -0.221541
v -0.271756 1.378168 -0.238234
v -0.283964 1.397591 -0.238201
v -0.309794 1.390676 -0.212664
v -0.304899 1.403025 -0.213124
v -0.303503 1.406459 -0.214032
v -0.302820 1.408094 -0.215452
v -0.302302 1.409333 -0.217303
v -0.301997 1.410064 -0.221512
v -0.301972 1.410128 -0.238184
v -0.322920 1.384158 0.726361
v -0.323267 1.296852 0.489424
v -0.385458 1.353218 0.480190
v -0.385497 1.351837 0.293611
v -0.322909 1.378155 -0.234805
v -0.322909 1.285309 -0.108173
v -0.385497 1.349110 0.032335
v -0.385461 1.347653 -0.087560
v -0.260934 1.351838 0.293668
v -0.260796 1.353208 0.480232
v -0.260376 1.347655 -0.087557
v -0.260463 1.349110 0.032348
v -0.322908 1.301390 -0.084074
v -0.322908 1.168006 -0.059898
v -0.322908 1.083993 -0.087988
v -0.366996 1.175251 -0.122353
v -0.365717 1.094010 -0.147216
v -0.322908 1.182290 -0.184149
v -0.322908 1.101291 -0.206873
v -0.278821 1.175251 -0.122353
v -0.280100 1.094010 -0.147216
v -0.362717 1.052343 -0.160825
v -0.322908 1.039931 -0.110479
v -0.322908 1.027613 -0.135409
v -0.322908 1.056451 -0.214052
v -0.322908 1.038272 -0.201271
v -0.283100 1.052343 -0.160825
v -0.322908 1.029049 -0.170070
v -0.385508 1.350880 0.150963
v -0.384702 1.225397 0.153947
v -0.384261 1.169442 0.175385
v -0.323235 1.238902 0.268704
v -0.323017 1.196420 0.284454
v -0.322908 1.212079 0.039137
v -0.322908 1.142551 0.066288
v -0.260740 1.350880 0.151003
v -0.261441 1.225397 0.153978
v -0.261663 1.169442 0.175395
v -0.384069 1.107753 0.208809
v -0.384042 1.048380 0.252070
v -0.322921 1.153976 0.306505
v -0.322908 1.114417 0.335465
v -0.322908 1.061554 0.111114
v -0.322908 0.982367 0.168698
v -0.261760 1.107753 0.208810
v -0.261774 1.048380 0.252070
v -0.322908 1.079089 0.371208
v -0.322908 1.050407 0.410081
v -0.384042 0.997960 0.301589
v -0.384041 0.959332 0.352208
v -0.322908 0.916852 0.231992
v -0.322908 0.868269 0.294345
v -0.261774 0.997960 0.301589
v -0.261774 0.959331 0.352207
v -0.384013 0.933661 0.397892
v -0.322909 1.030394 0.446941
v -0.322907 0.836932 0.348846
v -0.261803 0.933659 0.397892
v -0.322908 0.909854 0.453490
v -0.322908 1.378759 0.714066
v -0.278720 1.334571 0.879518
v -0.299021 1.321091 0.879518
v -0.322908 1.316267 0.879517
v -0.346795 1.321091 0.879517
v -0.367096 1.334571 0.879518
v -0.380576 1.354872 0.879517
v -0.385400 1.378759 0.879518
v -0.380576 1.402645 0.879517
v -0.367096 1.422947 0.879518
v -0.346795 1.436427 0.879517
v -0.322908 1.441250 0.879518
v -0.299021 1.436427 0.879517
v -0.278720 1.422947 0.879518
v -0.265240 1.402645 0.879517
v -0.260417 1.378759 0.879518
v -0.265240 1.354872 0.879517
v -0.322908 1.326315 1.045875
v -0.342954 1.330363 1.045875
v -0.359992 1.341675 1.045875
v -0.285825 1.341675 1.045875
v -0.302862 1.330363 1.045875
v -0.371304 1.358712 1.045875
v -0.375352 1.378759 1.045875
v -0.371304 1.398805 1.045875
v -0.359992 1.415842 1.045875
v -0.342954 1.427155 1.045875
v -0.322908 1.431202 1.045875
v -0.302862 1.427155 1.045875
v -0.285825 1.415842 1.045875
v -0.274512 1.398805 1.045875
v -0.270464 1.378759 1.045875
v -0.274512 1.358712 1.045875
v -0.322908 1.334649 1.059894
v -0.339769 1.338053 1.059894
v -0.354099 1.347568 1.059894
v -0.291718 1.347568 1.059894
v -0.306048 1.338053 1.059894
v -0.363614 1.361898 1.059894
v -0.367018 1.378759 1.059894
v -0.363614 1.395619 1.059894
v -0.354099 1.409949 1.059894
v -0.339769 1.419464 1.059894
v -0.322908 1.422869 1.059894
v -0.306048 1.419464 1.059894
v -0.291718 1.409949 1.059894
v -0.282203 1.395619 1.059894
v -0.278798 1.378759 1.059894
v -0.282203 1.361898 1.059894
v -0.322909 1.378759 1.073008
v -0.322909 1.370855 1.006352
v -0.341338 1.435225 1.016145
v -0.322909 1.435225 1.056498
v -0.322909 1.499595 1.025543
v -0.322909 1.435225 0.975397
v -0.304479 1.435225 1.016145
v -0.366648 1.428725 0.481105
v -0.366670 1.428746 0.299922
v -0.322907 1.447574 0.301150
v -0.322918 1.447544 0.481259
v -0.366648 1.428725 -0.072750
v -0.366670 1.428746 0.052966
v -0.322908 1.447542 -0.069220
v -0.322908 1.447572 0.057878
v -0.279251 1.428728 0.481114
v -0.279263 1.428749 0.299933
v -0.279172 1.428725 -0.072750
v -0.279177 1.428746 0.052969
v -0.366670 1.428746 0.166044
v -0.322908 1.447572 0.169575
v -0.279232 1.428747 0.166052
v -0.349260 1.430390 -0.541209
v -0.322908 1.437161 -0.541218
v -0.371633 1.411598 -0.541198
v -0.322908 1.320398 -0.566967
v -0.296556 1.430390 -0.541209
v -0.274183 1.411598 -0.541198
v -0.386466 1.381851 -0.541191
v -0.391861 1.337359 -0.541105
v -0.386800 1.278034 -0.540885
v -0.372119 1.223471 -0.540652
v -0.349594 1.192885 -0.540533
v -0.322908 1.184305 -0.540507
v -0.296223 1.192885 -0.540533
v -0.273698 1.223471 -0.540652
v -0.259016 1.278034 -0.540885
v -0.253955 1.337359 -0.541105
v -0.259350 1.381851 -0.541191
v -0.346144 1.424723 -0.421873
v -0.322908 1.430673 -0.421896
v -0.365868 1.408215 -0.421800
v -0.378937 1.382140 -0.421674
v -0.383677 1.343422 -0.421512
v -0.299673 1.424723 -0.421873
v -0.279949 1.408215 -0.421800
v -0.379196 1.292135 -0.421329
v -0.366244 1.245039 -0.421125
v -0.346402 1.218558 -0.420916
v -0.322908 1.211090 -0.420816
v -0.299414 1.218558 -0.420916
v -0.279572 1.245039 -0.421125
v -0.266621 1.292135 -0.421329
v -0.262139 1.343422 -0.421512
v -0.266880 1.382140 -0.421674
v -0.343575 1.409715 -0.273511
v -0.322908 1.414007 -0.273513
v -0.361324 1.397292 -0.273500
v -0.322908 1.357800 -0.212475
v -0.373317 1.378034 -0.273478
v -0.377033 1.355690 -0.273471
v -0.302241 1.409715 -0.273511
v -0.284492 1.397292 -0.273500
v -0.371052 1.334359 -0.273498
v -0.358030 1.317069 -0.273526
v -0.341311 1.306185 -0.273523
v -0.322908 1.302474 -0.273512
v -0.304506 1.306185 -0.273523
v -0.287786 1.317069 -0.273526
v -0.274764 1.334359 -0.273498
v -0.268783 1.355690 -0.273471
v -0.272500 1.378034 -0.273478
v -0.412330 1.444807 0.350594
v -0.411768 1.433215 0.350585
v -0.411123 1.433257 0.374934
v -0.411642 1.444818 0.374969
v -0.410738 1.429517 0.350577
v -0.410185 1.429639 0.374896
v -0.409337 1.429791 0.380226
v -0.410035 1.433299 0.380373
v -0.410428 1.444828 0.380481
v -0.409166 1.427472 0.350575
v -0.408761 1.427741 0.374879
v -0.407103 1.425899 0.350579
v -0.406827 1.426330 0.374904
v -0.406517 1.427047 0.380237
v -0.408241 1.428132 0.380127
v -0.376532 1.424268 0.350601
v -0.376398 1.424852 0.374990
v -0.401263 1.425390 0.374947
v -0.401470 1.424852 0.350590
v -0.376229 1.425899 0.380516
v -0.401026 1.426331 0.380392
v -0.376056 1.427472 0.382561
v -0.400803 1.427742 0.382289
v -0.375891 1.429517 0.384133
v -0.400627 1.429641 0.383698
v -0.406233 1.429793 0.382977
v -0.406261 1.428133 0.381895
v -0.375633 1.444807 0.385759
v -0.400375 1.444819 0.385161
v -0.400481 1.433258 0.384635
v -0.375743 1.433215 0.385179
v -0.406262 1.444829 0.384100
v -0.406254 1.433300 0.383688
v -0.408615 1.444832 0.382521
v -0.408419 1.433321 0.382271
v -0.408092 1.429897 0.381886
v -0.407687 1.428577 0.381446
v -0.374396 1.579053 0.376381
v -0.372061 1.588354 0.376392
v -0.372525 1.589040 0.378267
v -0.374914 1.579560 0.378235
v -0.370351 1.591705 0.376403
v -0.370815 1.592376 0.378299
v -0.371660 1.593445 0.380651
v -0.373398 1.590086 0.380611
v -0.375874 1.580325 0.380571
v -0.368347 1.593755 0.376407
v -0.368859 1.594371 0.378311
v -0.365965 1.595351 0.376403
v -0.366540 1.595930 0.378299
v -0.367437 1.596956 0.380651
v -0.369723 1.595411 0.380666
v -0.348944 1.597016 0.376381
v -0.349368 1.597618 0.378235
v -0.362469 1.597002 0.378267
v -0.361878 1.596420 0.376392
v -0.349976 1.598701 0.380571
v -0.363342 1.598051 0.380611
v -0.350663 1.600316 0.382664
v -0.364369 1.599606 0.382682
v -0.351383 1.602395 0.384293
v -0.365500 1.601632 0.384284
v -0.369904 1.600376 0.384274
v -0.368567 1.598442 0.382699
v -0.352788 1.606917 0.386010
v -0.367806 1.606132 0.386005
v -0.366687 1.603980 0.385379
v -0.352104 1.604765 0.385392
v -0.372779 1.604748 0.386000
v -0.371388 1.602647 0.385365
v -0.375794 1.602714 0.385998
v -0.374166 1.600756 0.385360
v -0.378345 1.600122 0.386000
v -0.376533 1.598370 0.385365
v -0.374572 1.596496 0.384274
v -0.372418 1.598653 0.384271
v -0.383464 1.584451 0.386010
v -0.381465 1.583426 0.385392
v -0.378619 1.594445 0.385379
v -0.380531 1.595934 0.386005
v -0.379261 1.582317 0.384293
v -0.376526 1.592853 0.384284
v -0.377342 1.581262 0.382664
v -0.374740 1.591375 0.382682
v -0.372914 1.594828 0.382699
v -0.370912 1.596842 0.382706
v -0.376570 1.424242 0.245742
v -0.401581 1.424804 0.245752
v -0.401382 1.425327 0.221376
v -0.376440 1.424804 0.221336
v -0.407287 1.425837 0.245765
v -0.407016 1.426272 0.221426
v -0.406610 1.427018 0.216083
v -0.401090 1.426272 0.215911
v -0.376253 1.425837 0.215789
v -0.409379 1.427412 0.245770
v -0.408962 1.427687 0.221452
v -0.410921 1.429471 0.245765
v -0.410337 1.429593 0.221426
v -0.409357 1.429765 0.216083
v -0.408318 1.428110 0.216196
v -0.412351 1.444799 0.245743
v -0.411623 1.444809 0.221338
v -0.411181 1.433229 0.221376
v -0.411869 1.433189 0.245753
v -0.410342 1.444821 0.215793
v -0.409986 1.433280 0.215912
v -0.408485 1.444826 0.213734
v -0.408309 1.433305 0.214006
v -0.406132 1.444821 0.212158
v -0.406142 1.433280 0.212591
v -0.406178 1.429765 0.213337
v -0.408040 1.429877 0.214428
v -0.375605 1.444799 0.210561
v -0.375717 1.433189 0.211122
v -0.400410 1.433229 0.211646
v -0.400292 1.444809 0.211123
v -0.375878 1.429471 0.212155
v -0.400592 1.429593 0.212591
v -0.376060 1.427412 0.213730
v -0.400814 1.427687 0.214005
v -0.406272 1.428110 0.214428
v -0.407690 1.428564 0.214882
v -0.348944 1.597016 0.219971
v -0.361878 1.596420 0.219960
v -0.362469 1.597002 0.218085
v -0.349368 1.597618 0.218116
v -0.365965 1.595351 0.219948
v -0.366540 1.595930 0.218053
v -0.367437 1.596956 0.215701
v -0.363342 1.598051 0.215741
v -0.349976 1.598701 0.215781
v -0.368347 1.593755 0.219944
v -0.368859 1.594371 0.218041
v -0.370351 1.591705 0.219948
v -0.370815 1.592376 0.218053
v -0.371660 1.593445 0.215701
v -0.369723 1.595411 0.215686
v -0.374396 1.579053 0.219971
v -0.374914 1.579560 0.218117
v -0.372525 1.589040 0.218085
v -0.372061 1.588354 0.219960
v -0.375874 1.580325 0.215781
v -0.373398 1.590086 0.215741
v -0.377342 1.581262 0.213688
v -0.374740 1.591375 0.213670
v -0.379261 1.582317 0.212058
v -0.376526 1.592853 0.212068
v -0.374572 1.596496 0.212077
v -0.372914 1.594828 0.213653
v -0.383464 1.584451 0.210342
v -0.380531 1.595934 0.210347
v -0.378619 1.594445 0.210973
v -0.381465 1.583426 0.210959
v -0.378345 1.600122 0.210352
v -0.376533 1.598370 0.210986
v -0.375794 1.602714 0.210354
v -0.374166 1.600756 0.210992
v -0.372779 1.604748 0.210352
v -0.371388 1.602647 0.210987
v -0.369904 1.600376 0.212077
v -0.372418 1.598653 0.212081
v -0.352788 1.606917 0.210342
v -0.352104 1.604765 0.210959
v -0.366687 1.603980 0.210973
v -0.367806 1.606132 0.210347
v -0.351383 1.602395 0.212058
v -0.365500 1.601632 0.212068
v -0.350663 1.600316 0.213688
v -0.364369 1.599606 0.213670
v -0.368567 1.598442 0.213653
v -0.370912 1.596842 0.213646
v -0.269247 1.424242 0.350610
v -0.244236 1.424804 0.350599
v -0.244435 1.425327 0.374976
v -0.269377 1.424804 0.375016
v -0.238530 1.425837 0.350587
v -0.238801 1.426272 0.374925
v -0.239207 1.427018 0.380269
v -0.244727 1.426272 0.380440
v -0.269564 1.425837 0.380562
v -0.236438 1.427412 0.350582
v -0.236855 1.427687 0.374900
v -0.234896 1.429471 0.350587
v -0.235480 1.429593 0.374925
v -0.236460 1.429765 0.380269
v -0.237499 1.428110 0.380156
v -0.233466 1.444799 0.350609
v -0.234194 1.444809 0.375014
v -0.234636 1.433229 0.374976
v -0.233948 1.433189 0.350599
v -0.235476 1.444821 0.380559
v -0.235831 1.433280 0.380440
v -0.237332 1.444826 0.382618
v -0.237508 1.433305 0.382346
v -0.239685 1.444821 0.384194
v -0.239675 1.433280 0.383761
v -0.239639 1.429765 0.383015
v -0.237777 1.429877 0.381923
v -0.270212 1.444799 0.385791
v -0.270100 1.433189 0.385230
v -0.245407 1.433229 0.384706
v -0.245525 1.444809 0.385228
v -0.269939 1.429471 0.384196
v -0.245225 1.429593 0.383761
v -0.269757 1.427412 0.382621
v -0.245003 1.427687 0.382347
v -0.239545 1.428110 0.381923
v -0.238127 1.428564 0.381470
v -0.296873 1.597016 0.376381
v -0.283939 1.596420 0.376392
v -0.283348 1.597002 0.378267
v -0.296449 1.597618 0.378235
v -0.279852 1.595351 0.376403
v -0.279277 1.595930 0.378299
v -0.278380 1.596956 0.380651
v -0.282475 1.598051 0.380611
v -0.295841 1.598701 0.380571
v -0.277470 1.593755 0.376407
v -0.276958 1.594371 0.378311
v -0.275466 1.591705 0.376403
v -0.275002 1.592376 0.378299
v -0.274157 1.593445 0.380651
v -0.276094 1.595411 0.380666
v -0.271421 1.579053 0.376381
v -0.270903 1.579560 0.378235
v -0.273292 1.589040 0.378267
v -0.273756 1.588354 0.376392
v -0.269943 1.580325 0.380571
v -0.272419 1.590086 0.380611
v -0.268475 1.581262 0.382664
v -0.271077 1.591375 0.382682
v -0.266556 1.582317 0.384293
v -0.269291 1.592853 0.384284
v -0.271245 1.596496 0.384274
v -0.272903 1.594828 0.382699
v -0.262353 1.584451 0.386010
v -0.265286 1.595934 0.386005
v -0.267199 1.594445 0.385379
v -0.264352 1.583426 0.385392
v -0.267472 1.600122 0.386000
v -0.269284 1.598370 0.385365
v -0.270023 1.602714 0.385998
v -0.271651 1.600756 0.385360
v -0.273038 1.604748 0.386000
v -0.274429 1.602647 0.385365
v -0.275914 1.600376 0.384274
v -0.273399 1.598653 0.384271
v -0.293029 1.606917 0.386010
v -0.293713 1.604765 0.385392
v -0.279130 1.603980 0.385379
v -0.278011 1.606132 0.386005
v -0.294434 1.602395 0.384293
v -0.280317 1.601632 0.384284
v -0.295154 1.600316 0.382664
v -0.281448 1.599606 0.382682
v -0.277250 1.598442 0.382699
v -0.274905 1.596842 0.382706
v -0.269285 1.424268 0.245751
v -0.269419 1.424852 0.221362
v -0.244554 1.425390 0.221405
v -0.244347 1.424852 0.245762
v -0.269588 1.425899 0.215836
v -0.244791 1.426331 0.215960
v -0.239300 1.427047 0.216114
v -0.238990 1.426330 0.221448
v -0.238714 1.425899 0.245772
v -0.269761 1.427472 0.213791
v -0.245014 1.427742 0.214062
v -0.269926 1.429517 0.212218
v -0.245190 1.429641 0.212654
v -0.239584 1.429793 0.213375
v -0.239556 1.428133 0.214457
v -0.270184 1.444807 0.210593
v -0.245442 1.444819 0.211191
v -0.245336 1.433258 0.211716
v -0.270074 1.433215 0.211173
v -0.239555 1.444829 0.212252
v -0.239563 1.433300 0.212664
v -0.237202 1.444832 0.213831
v -0.237398 1.433321 0.214080
v -0.235389 1.444828 0.215871
v -0.235782 1.433299 0.215979
v -0.236480 1.429791 0.216126
v -0.237725 1.429897 0.214466
v -0.233487 1.444807 0.245758
v -0.234049 1.433215 0.245767
v -0.234694 1.433257 0.221417
v -0.234175 1.444818 0.221383
v -0.235079 1.429517 0.245775
v -0.235632 1.429639 0.221456
v -0.236651 1.427472 0.245777
v -0.237056 1.427741 0.221473
v -0.237576 1.428132 0.216225
v -0.238130 1.428577 0.214906
v -0.296873 1.597016 0.219971
v -0.296449 1.597618 0.218116
v -0.283348 1.597002 0.218085
v -0.283939 1.596420 0.219960
v -0.295841 1.598701 0.215781
v -0.282475 1.598051 0.215741
v -0.278380 1.596956 0.215701
v -0.279277 1.595930 0.218053
v -0.279852 1.595351 0.219948
v -0.295154 1.600316 0.213688
v -0.281448 1.599606 0.213670
v -0.294434 1.602395 0.212058
v -0.280317 1.601632 0.212068
v -0.275914 1.600376 0.212077
v -0.277250 1.598442 0.213653
v -0.293029 1.606917 0.210342
v -0.278011 1.606132 0.210347
v -0.279130 1.603980 0.210973
v -0.293713 1.604765 0.210959
v -0.273038 1.604748 0.210352
v -0.274429 1.602647 0.210986
v -0.270023 1.602714 0.210354
v -0.271651 1.600756 0.210992
v -0.267472 1.600122 0.210352
v -0.269284 1.598370 0.210986
v -0.271245 1.596496 0.212077
v -0.273399 1.598653 0.212081
v -0.262353 1.584451 0.210342
v -0.264352 1.583426 0.210959
v -0.267199 1.594445 0.210973
v -0.265286 1.595934 0.210347
v -0.266556 1.582317 0.212058
v -0.269291 1.592853 0.212068
v -0.268475 1.581262 0.213688
v -0.271077 1.591375 0.213670
v -0.269943 1.580325 0.215781
v -0.272419 1.590086 0.215741
v -0.274157 1.593445 0.215701
v -0.272903 1.594828 0.213653
v -0.271421 1.579053 0.219971
v -0.273756 1.588354 0.219960
v -0.273292 1.589040 0.218085
v -0.270903 1.579560 0.218117
v -0.275466 1.591705 0.219948
v -0.275002 1.592376 0.218053
v -0.277470 1.593755 0.219944
v -0.276958 1.594371 0.218041
v -0.276094 1.595411 0.215686
v -0.274905 1.596842 0.213646
v -0.381085 1.543066 0.376380
v -0.381780 1.542651 0.378235
v -0.382932 1.533157 0.378266
v -0.382211 1.533758 0.376392
v -0.382992 1.542092 0.380570
v -0.384184 1.532285 0.380610
v -0.383780 1.528869 0.380650
v -0.382507 1.529805 0.378298
v -0.381762 1.530402 0.376403
v -0.384746 1.541520 0.382664
v -0.385969 1.531285 0.382682
v -0.386965 1.540981 0.384294
v -0.388239 1.530211 0.384285
v -0.387803 1.526283 0.384276
v -0.385552 1.527684 0.382699
v -0.391940 1.539792 0.386010
v -0.393796 1.527514 0.386005
v -0.390910 1.529037 0.385380
v -0.389492 1.540461 0.385393
v -0.393863 1.522342 0.386000
v -0.390541 1.524616 0.385366
v -0.392985 1.518900 0.385998
v -0.389384 1.521811 0.385362
v -0.391392 1.516236 0.386000
v -0.387690 1.519606 0.385367
v -0.385145 1.521979 0.384276
v -0.386695 1.523888 0.384272
v -0.366289 1.513460 0.386011
v -0.363885 1.517149 0.385395
v -0.383136 1.518058 0.385381
v -0.386654 1.514454 0.386006
v -0.362412 1.519728 0.384295
v -0.380881 1.520583 0.384285
v -0.361099 1.521801 0.382663
v -0.378939 1.522577 0.382680
v -0.359839 1.523409 0.380567
v -0.377162 1.524104 0.380607
v -0.381226 1.525255 0.380647
v -0.383035 1.523836 0.382698
v -0.357933 1.525078 0.376379
v -0.374595 1.525684 0.376391
v -0.375637 1.525126 0.378264
v -0.358719 1.524484 0.378232
v -0.378810 1.526762 0.376402
v -0.379763 1.526224 0.378296
v -0.380554 1.528355 0.376407
v -0.381380 1.527799 0.378309
v -0.382725 1.526851 0.380664
v -0.384503 1.525543 0.382705
v -0.381085 1.543066 0.219971
v -0.382211 1.533758 0.219960
v -0.382932 1.533157 0.218085
v -0.381780 1.542651 0.218117
v -0.381762 1.530402 0.219949
v -0.382507 1.529805 0.218054
v -0.383780 1.528869 0.215702
v -0.384184 1.532285 0.215741
v -0.382992 1.542092 0.215781
v -0.380554 1.528355 0.219945
v -0.381380 1.527799 0.218043
v -0.378810 1.526762 0.219950
v -0.379763 1.526224 0.218056
v -0.381226 1.525255 0.215705
v -0.382725 1.526851 0.215688
v -0.357933 1.525078 0.219972
v -0.358719 1.524484 0.218120
v -0.375637 1.525126 0.218088
v -0.374595 1.525684 0.219961
v -0.359839 1.523409 0.215785
v -0.377162 1.524104 0.215745
v -0.361099 1.521801 0.213689
v -0.378939 1.522577 0.213672
v -0.362412 1.519728 0.212056
v -0.380881 1.520583 0.212066
v -0.385145 1.521979 0.212076
v -0.383035 1.523836 0.213654
v -0.366289 1.513460 0.210341
v -0.386654 1.514454 0.210346
v -0.383136 1.518058 0.210971
v -0.363885 1.517149 0.210957
v -0.391392 1.516236 0.210351
v -0.387690 1.519606 0.210985
v -0.392985 1.518901 0.210353
v -0.389385 1.521811 0.210990
v -0.393863 1.522342 0.210352
v -0.390541 1.524616 0.210985
v -0.387803 1.526283 0.212076
v -0.386695 1.523888 0.212080
v -0.391940 1.539792 0.210341
v -0.389492 1.540461 0.210959
v -0.390910 1.529037 0.210972
v -0.393796 1.527514 0.210346
v -0.386965 1.540981 0.212058
v -0.388239 1.530211 0.212067
v -0.384746 1.541520 0.213688
v -0.385969 1.531285 0.213670
v -0.385552 1.527684 0.213653
v -0.384503 1.525543 0.213647
v -0.264732 1.543066 0.219971
v -0.264037 1.542651 0.218117
v -0.262885 1.533157 0.218085
v -0.263606 1.533758 0.219960
v -0.262825 1.542092 0.215781
v -0.261633 1.532285 0.215741
v -0.262037 1.528869 0.215702
v -0.263310 1.529805 0.218054
v -0.264055 1.530402 0.219949
v -0.261071 1.541520 0.213688
v -0.259848 1.531285 0.213670
v -0.258852 1.540981 0.212058
v -0.257578 1.530211 0.212067
v -0.258014 1.526283 0.212076
v -0.260265 1.527684 0.213653
v -0.253877 1.539792 0.210341
v -0.252021 1.527514 0.210346
v -0.254907 1.529037 0.210972
v -0.256325 1.540461 0.210959
v -0.251954 1.522342 0.210352
v -0.255276 1.524616 0.210985
v -0.252832 1.518900 0.210353
v -0.256433 1.521811 0.210990
v -0.254425 1.516236 0.210351
v -0.258127 1.519606 0.210985
v -0.260672 1.521979 0.212076
v -0.259122 1.523888 0.212080
v -0.279528 1.513460 0.210341
v -0.281932 1.517149 0.210957
v -0.262681 1.518058 0.210971
v -0.259163 1.514454 0.210346
v -0.283405 1.519728 0.212056
v -0.264936 1.520583 0.212066
v -0.284718 1.521801 0.213689
v -0.266878 1.522577 0.213672
v -0.285979 1.523409 0.215785
v -0.268655 1.524104 0.215745
v -0.264591 1.525255 0.215705
v -0.262782 1.523836 0.213654
v -0.287884 1.525078 0.219972
v -0.271222 1.525684 0.219961
v -0.270180 1.525126 0.218088
v -0.287098 1.524484 0.218120
v -0.267007 1.526762 0.219950
v -0.266054 1.526224 0.218056
v -0.265263 1.528355 0.219945
v -0.264437 1.527799 0.218043
v -0.263092 1.526851 0.215688
v -0.261314 1.525543 0.213647
v -0.264732 1.543066 0.376380
v -0.263606 1.533758 0.376392
v -0.262885 1.533157 0.378266
v -0.264037 1.542651 0.378235
v -0.264055 1.530402 0.376403
v -0.263310 1.529805 0.378298
v -0.262037 1.528869 0.380650
v -0.261633 1.532285 0.380610
v -0.262825 1.542092 0.380570
v -0.265263 1.528355 0.376407
v -0.264437 1.527799 0.378309
v -0.267007 1.526762 0.376402
v -0.266054 1.526224 0.378296
v -0.264591 1.525255 0.380647
v -0.263092 1.526851 0.380664
v -0.287884 1.525078 0.376379
v -0.287098 1.524484 0.378232
v -0.270180 1.525126 0.378264
v -0.271222 1.525684 0.376391
v -0.285979 1.523409 0.380567
v -0.268655 1.524104 0.380607
v -0.284718 1.521801 0.382663
v -0.266878 1.522577 0.382680
v -0.283405 1.519728 0.384295
v -0.264936 1.520583 0.384285
v -0.260672 1.521979 0.384276
v -0.262782 1.523836 0.382698
v -0.279528 1.513460 0.386011
v -0.259163 1.514454 0.386006
v -0.262681 1.518058 0.385381
v -0.281932 1.517149 0.385395
v -0.254425 1.516236 0.386000
v -0.258127 1.519606 0.385367
v -0.252832 1.518901 0.385998
v -0.256433 1.521811 0.385362
v -0.251954 1.522342 0.386000
v -0.255276 1.524616 0.385366
v -0.258014 1.526283 0.384276
v -0.259122 1.523888 0.384272
v -0.253877 1.539792 0.386010
v -0.256325 1.540461 0.385393
v -0.254907 1.529037 0.385380
v -0.252021 1.527514 0.386005
v -0.258852 1.540981 0.384294
v -0.257578 1.530211 0.384285
v -0.261071 1.541520 0.382664
v -0.259848 1.531285 0.382682
v -0.260265 1.527684 0.382699
v -0.261314 1.525543 0.382705
v -0.396173 1.537175 0.386025
v -0.398764 1.534877 0.385441
v -0.402219 1.520055 0.385513
v -0.399544 1.522879 0.386043
v -0.401529 1.532054 0.384410
v -0.404678 1.517009 0.384625
v -0.406013 1.511363 0.384860
v -0.404054 1.513520 0.385584
v -0.401352 1.516099 0.386061
v -0.404070 1.528951 0.382893
v -0.406867 1.513775 0.383388
v -0.406196 1.525761 0.380967
v -0.408709 1.510416 0.381857
v -0.408790 1.506748 0.382963
v -0.407568 1.509220 0.383970
v -0.409917 1.507175 0.358145
v -0.411229 1.493040 0.376880
v -0.410160 1.505733 0.379816
v -0.407908 1.521347 0.376883
v -0.410322 1.491177 0.380959
v -0.409722 1.502833 0.381850
v -0.408615 1.490982 0.382873
v -0.408434 1.502229 0.383367
v -0.406395 1.490875 0.384384
v -0.406670 1.501947 0.384596
v -0.406828 1.505388 0.384837
v -0.408084 1.505626 0.383955
v -0.381672 1.495337 0.386091
v -0.398741 1.504482 0.386044
v -0.403988 1.502222 0.385494
v -0.401783 1.491319 0.385431
v -0.401691 1.507745 0.386055
v -0.404951 1.505823 0.385567
v -0.402027 1.511361 0.386065
v -0.404907 1.509164 0.385607
v -0.406604 1.508037 0.384969
v -0.407588 1.507440 0.384359
v -0.386346 1.586226 0.386011
v -0.383249 1.598664 0.386006
v -0.385083 1.600702 0.385381
v -0.388319 1.587396 0.385396
v -0.381005 1.603122 0.386001
v -0.382837 1.605355 0.385368
v -0.384847 1.607859 0.384276
v -0.387091 1.603028 0.384286
v -0.390500 1.588694 0.384296
v -0.378379 1.605824 0.385999
v -0.380243 1.608067 0.385362
v -0.375243 1.607912 0.386001
v -0.377104 1.610121 0.385368
v -0.379198 1.612555 0.384276
v -0.382307 1.610549 0.384273
v -0.354258 1.610075 0.386011
v -0.355399 1.612230 0.385395
v -0.371738 1.611480 0.385381
v -0.370024 1.609303 0.386006
v -0.356747 1.614612 0.384296
v -0.373716 1.613879 0.384286
v -0.358129 1.616719 0.382662
v -0.375646 1.615988 0.382680
v -0.359457 1.618370 0.380566
v -0.377413 1.617652 0.380606
v -0.382762 1.616390 0.380645
v -0.381119 1.614688 0.382697
v -0.361465 1.620125 0.350607
v -0.379957 1.619499 0.350618
v -0.378921 1.618817 0.375041
v -0.360636 1.619491 0.375009
v -0.384947 1.618381 0.350629
v -0.384080 1.617627 0.375073
v -0.387434 1.616718 0.350633
v -0.386731 1.615872 0.375085
v -0.389524 1.614576 0.350629
v -0.388942 1.613586 0.375073
v -0.387965 1.612064 0.380645
v -0.385612 1.614526 0.380660
v -0.395394 1.592542 0.350606
v -0.394862 1.591939 0.375008
v -0.391029 1.608864 0.375041
v -0.391518 1.609966 0.350618
v -0.393890 1.591035 0.380564
v -0.390149 1.607226 0.380605
v -0.392414 1.589932 0.382662
v -0.388824 1.605248 0.382680
v -0.386593 1.610138 0.382697
v -0.384130 1.612743 0.382703
v -0.395394 1.592542 0.245746
v -0.391518 1.609966 0.245734
v -0.391029 1.608864 0.221311
v -0.394862 1.591939 0.221344
v -0.389524 1.614576 0.245723
v -0.388942 1.613586 0.221279
v -0.387965 1.612064 0.215706
v -0.390149 1.607226 0.215746
v -0.393890 1.591035 0.215787
v -0.387434 1.616718 0.245718
v -0.386731 1.615872 0.221267
v -0.384947 1.618381 0.245723
v -0.384080 1.617627 0.221279
v -0.382762 1.616390 0.215706
v -0.385612 1.614526 0.215691
v -0.361465 1.620125 0.245745
v -0.360636 1.619491 0.221342
v -0.378921 1.618817 0.221311
v -0.379957 1.619499 0.245734
v -0.359457 1.618370 0.215786
v -0.377413 1.617652 0.215746
v -0.358129 1.616719 0.213689
v -0.375646 1.615988 0.213672
v -0.356747 1.614612 0.212056
v -0.373716 1.613879 0.212066
v -0.379198 1.612555 0.212076
v -0.381119 1.614688 0.213655
v -0.354258 1.610075 0.210341
v -0.370024 1.609303 0.210346
v -0.371738 1.611480 0.210970
v -0.355399 1.612230 0.210957
v -0.375243 1.607912 0.210351
v -0.377104 1.610121 0.210984
v -0.378379 1.605824 0.210353
v -0.380243 1.608067 0.210989
v -0.381005 1.603122 0.210351
v -0.382837 1.605355 0.210984
v -0.384847 1.607859 0.212076
v -0.382307 1.610549 0.212079
v -0.386346 1.586226 0.210340
v -0.388319 1.587396 0.210956
v -0.385083 1.600702 0.210970
v -0.383249 1.598664 0.210346
v -0.390500 1.588694 0.212055
v -0.387091 1.603028 0.212066
v -0.392414 1.589932 0.213690
v -0.388824 1.605248 0.213672
v -0.386593 1.610138 0.213655
v -0.384130 1.612743 0.213648
v -0.291559 1.610075 0.210341
v -0.290418 1.612230 0.210957
v -0.274079 1.611480 0.210970
v -0.275793 1.609303 0.210346
v -0.289070 1.614612 0.212056
v -0.272101 1.613879 0.212066
v -0.266619 1.612555 0.212076
v -0.268713 1.610121 0.210984
v -0.270574 1.607912 0.210351
v -0.287688 1.616719 0.213689
v -0.270171 1.615988 0.213672
v -0.286360 1.618370 0.215786
v -0.268404 1.617652 0.215746
v -0.263055 1.616390 0.215706
v -0.264698 1.614688 0.213655
v -0.284352 1.620125 0.245745
v -0.265860 1.619499 0.245734
v -0.266896 1.618817 0.221311
v -0.285181 1.619491 0.221342
v -0.260870 1.618381 0.245723
v -0.261737 1.617627 0.221279
v -0.258383 1.616718 0.245718
v -0.259086 1.615872 0.221267
v -0.256293 1.614576 0.245723
v -0.256875 1.613586 0.221279
v -0.257852 1.612064 0.215706
v -0.260205 1.614526 0.215691
v -0.250423 1.592542 0.245746
v -0.250955 1.591939 0.221344
v -0.254788 1.608864 0.221311
v -0.254299 1.609966 0.245734
v -0.251927 1.591035 0.215787
v -0.255668 1.607226 0.215746
v -0.253403 1.589932 0.213690
v -0.256993 1.605248 0.213672
v -0.255317 1.588694 0.212055
v -0.258726 1.603028 0.212066
v -0.260970 1.607859 0.212076
v -0.259224 1.610138 0.213655
v -0.259471 1.586226 0.210340
v -0.262568 1.598664 0.210346
v -0.260734 1.600702 0.210970
v -0.257498 1.587396 0.210956
v -0.264812 1.603122 0.210351
v -0.262980 1.605355 0.210984
v -0.267438 1.605824 0.210353
v -0.265574 1.608067 0.210989
v -0.263510 1.610549 0.212079
v -0.261687 1.612743 0.213648
v -0.250423 1.592542 0.350606
v -0.254299 1.609966 0.350618
v -0.254788 1.608864 0.375041
v -0.250955 1.591939 0.375008
v -0.256293 1.614576 0.350629
v -0.256875 1.613586 0.375073
v -0.257852 1.612064 0.380645
v -0.255668 1.607226 0.380605
v -0.251927 1.591035 0.380564
v -0.258383 1.616718 0.350633
v -0.259086 1.615872 0.375085
v -0.260870 1.618381 0.350629
v -0.261737 1.617627 0.375073
v -0.263055 1.616390 0.380645
v -0.260205 1.614526 0.380660
v -0.284352 1.620125 0.350607
v -0.285181 1.619491 0.375009
v -0.266896 1.618817 0.375041
v -0.265860 1.619499 0.350618
v -0.286360 1.618370 0.380566
v -0.268404 1.617652 0.380606
v -0.287688 1.616719 0.382662
v -0.270171 1.615988 0.382680
v -0.289070 1.614612 0.384296
v -0.272101 1.613879 0.384286
v -0.266619 1.612555 0.384276
v -0.264698 1.614688 0.382697
v -0.291559 1.610075 0.386011
v -0.275793 1.609303 0.386006
v -0.274079 1.611480 0.385381
v -0.290418 1.612230 0.385395
v -0.270574 1.607912 0.386001
v -0.268713 1.610121 0.385368
v -0.267438 1.605824 0.385999
v -0.265574 1.608067 0.385362
v -0.264812 1.603122 0.386001
v -0.262980 1.605355 0.385368
v -0.260970 1.607859 0.384276
v -0.263510 1.610549 0.384273
v -0.259471 1.586226 0.386011
v -0.257498 1.587396 0.385396
v -0.260734 1.600702 0.385381
v -0.262568 1.598664 0.386006
v -0.255317 1.588694 0.384296
v -0.258726 1.603028 0.384286
v -0.253403 1.589932 0.382662
v -0.256993 1.605248 0.382680
v -0.259224 1.610138 0.382697
v -0.261687 1.612743 0.382703
v -0.409914 1.507175 0.238204
v -0.407908 1.521347 0.219469
v -0.410159 1.505733 0.216534
v -0.411216 1.493040 0.219461
v -0.406196 1.525761 0.215385
v -0.408709 1.510416 0.214495
v -0.408790 1.506748 0.213388
v -0.409719 1.502833 0.214500
v -0.410299 1.491177 0.215375
v -0.404070 1.528951 0.213459
v -0.406867 1.513775 0.212964
v -0.401529 1.532054 0.211942
v -0.404678 1.517009 0.211727
v -0.406013 1.511363 0.211492
v -0.407568 1.509220 0.212382
v -0.396173 1.537175 0.210327
v -0.399544 1.522879 0.210308
v -0.402219 1.520055 0.210839
v -0.398764 1.534877 0.210911
v -0.401352 1.516099 0.210291
v -0.404054 1.513520 0.210768
v -0.402027 1.511361 0.210287
v -0.404907 1.509164 0.210745
v -0.401691 1.507745 0.210296
v -0.404951 1.505823 0.210784
v -0.406828 1.505388 0.211515
v -0.406604 1.508037 0.211383
v -0.381667 1.495337 0.210257
v -0.401764 1.491319 0.210907
v -0.403986 1.502222 0.210856
v -0.398741 1.504482 0.210307
v -0.406365 1.490875 0.211945
v -0.406666 1.501947 0.211753
v -0.408585 1.490982 0.213455
v -0.408430 1.502229 0.212982
v -0.408085 1.505626 0.212397
v -0.407588 1.507440 0.211993
v -0.264145 1.495337 0.210260
v -0.247076 1.504482 0.210308
v -0.241829 1.502222 0.210858
v -0.244034 1.491319 0.210921
v -0.244126 1.507745 0.210296
v -0.240866 1.505823 0.210784
v -0.238989 1.505388 0.211515
v -0.239147 1.501946 0.211756
v -0.239423 1.490875 0.211968
v -0.243790 1.511361 0.210287
v -0.240910 1.509164 0.210745
v -0.244465 1.516099 0.210291
v -0.241763 1.513520 0.210768
v -0.239804 1.511363 0.211492
v -0.239213 1.508037 0.211383
v -0.249644 1.537175 0.210327
v -0.247053 1.534877 0.210911
v -0.243598 1.520055 0.210839
v -0.246273 1.522879 0.210308
v -0.244288 1.532054 0.211942
v -0.241139 1.517009 0.211727
v -0.241747 1.528951 0.213459
v -0.238950 1.513775 0.212964
v -0.239621 1.525761 0.215385
v -0.237108 1.510416 0.214495
v -0.237027 1.506748 0.213388
v -0.238249 1.509220 0.212382
v -0.235900 1.507175 0.238207
v -0.234588 1.493040 0.219471
v -0.235657 1.505733 0.216536
v -0.237909 1.521347 0.219469
v -0.235495 1.491177 0.215393
v -0.236095 1.502833 0.214502
v -0.237202 1.490982 0.213479
v -0.237383 1.502229 0.212985
v -0.237732 1.505626 0.212397
v -0.238229 1.507440 0.211993
v -0.235903 1.507175 0.358147
v -0.237909 1.521347 0.376883
v -0.235658 1.505733 0.379817
v -0.234601 1.493040 0.376890
v -0.239621 1.525761 0.380967
v -0.237108 1.510416 0.381857
v -0.237027 1.506748 0.382963
v -0.236098 1.502833 0.381852
v -0.235518 1.491177 0.380977
v -0.241747 1.528951 0.382893
v -0.238950 1.513775 0.383388
v -0.244288 1.532054 0.384410
v -0.241139 1.517009 0.384625
v -0.239804 1.511363 0.384860
v -0.238249 1.509220 0.383970
v -0.249644 1.537175 0.386025
v -0.246273 1.522879 0.386043
v -0.243598 1.520055 0.385513
v -0.247053 1.534877 0.385441
v -0.244465 1.516099 0.386061
v -0.241763 1.513520 0.385584
v -0.243790 1.511361 0.386065
v -0.240910 1.509164 0.385607
v -0.244126 1.507745 0.386055
v -0.240866 1.505823 0.385567
v -0.238989 1.505388 0.384837
v -0.239213 1.508037 0.384969
v -0.264150 1.495337 0.386095
v -0.244053 1.491319 0.385445
v -0.241831 1.502222 0.385496
v -0.247076 1.504482 0.386045
v -0.239452 1.490875 0.384407
v -0.239151 1.501947 0.384599
v -0.237232 1.490982 0.382897
v -0.237387 1.502229 0.383370
v -0.237732 1.505626 0.383955
v -0.238229 1.507440 0.384359
v -0.380552 1.543264 0.374602
v -0.381711 1.534035 0.374615
v -0.381161 1.534093 0.372788
v -0.379976 1.543287 0.372741
v -0.381310 1.530684 0.374627
v -0.380833 1.530821 0.372840
v -0.380026 1.531015 0.370718
v -0.380175 1.534169 0.370545
v -0.378915 1.543318 0.370410
v -0.380116 1.528657 0.374632
v -0.379773 1.528943 0.372865
v -0.378342 1.527114 0.374627
v -0.378120 1.527557 0.372840
v -0.377782 1.528315 0.370718
v -0.379243 1.529383 0.370831
v -0.357540 1.525559 0.374602
v -0.357447 1.526122 0.372741
v -0.373931 1.526637 0.372788
v -0.374083 1.526106 0.374615
v -0.357289 1.527159 0.370410
v -0.373684 1.527592 0.370545
v -0.357072 1.528739 0.368345
v -0.373381 1.529011 0.368638
v -0.356806 1.530799 0.366770
v -0.373042 1.530914 0.367223
v -0.377224 1.531062 0.367972
v -0.377440 1.529413 0.369064
v -0.355245 1.543365 0.365187
v -0.370880 1.543364 0.365743
v -0.372484 1.534196 0.366277
v -0.356385 1.534169 0.365743
v -0.375206 1.543358 0.366770
v -0.376787 1.534222 0.367223
v -0.377304 1.543343 0.368345
v -0.378722 1.534220 0.368638
v -0.378885 1.531150 0.369064
v -0.378684 1.529848 0.369517
v -0.373943 1.578823 0.374602
v -0.373374 1.578800 0.372741
v -0.371142 1.587994 0.372788
v -0.371673 1.588050 0.374615
v -0.372325 1.578769 0.370410
v -0.370184 1.587919 0.370545
v -0.368863 1.591072 0.370718
v -0.369598 1.591266 0.372840
v -0.370025 1.591401 0.374627
v -0.370723 1.578744 0.368345
v -0.368751 1.587867 0.368638
v -0.368631 1.578729 0.366770
v -0.366816 1.587865 0.367223
v -0.366078 1.591026 0.367972
v -0.367771 1.590937 0.369064
v -0.350863 1.578722 0.365187
v -0.349726 1.587919 0.365743
v -0.362920 1.587891 0.366277
v -0.364581 1.578723 0.365743
v -0.349317 1.591288 0.366770
v -0.362310 1.591174 0.367223
v -0.349081 1.593349 0.368345
v -0.361975 1.593076 0.368638
v -0.348915 1.594928 0.370410
v -0.361776 1.594495 0.370545
v -0.365614 1.593772 0.370718
v -0.365681 1.592675 0.369064
v -0.348774 1.596528 0.374602
v -0.361646 1.595982 0.374615
v -0.361684 1.595450 0.372788
v -0.348820 1.595965 0.372741
v -0.365725 1.594975 0.374627
v -0.365670 1.594531 0.372840
v -0.368076 1.593429 0.374632
v -0.367839 1.593144 0.372865
v -0.367473 1.592704 0.370831
v -0.367087 1.592240 0.369517
v -0.348774 1.596528 0.221750
v -0.348820 1.595965 0.223611
v -0.361684 1.595450 0.223564
v -0.361646 1.595982 0.221737
v -0.348915 1.594928 0.225942
v -0.361776 1.594495 0.225807
v -0.365614 1.593772 0.225634
v -0.365670 1.594531 0.223512
v -0.365725 1.594975 0.221724
v -0.349081 1.593349 0.228006
v -0.361975 1.593076 0.227714
v -0.349317 1.591288 0.229581
v -0.362310 1.591174 0.229128
v -0.366078 1.591026 0.228380
v -0.365681 1.592675 0.227288
v -0.350863 1.578722 0.231165
v -0.364581 1.578723 0.230608
v -0.362920 1.587891 0.230074
v -0.349726 1.587919 0.230608
v -0.368631 1.578729 0.229581
v -0.366816 1.587865 0.229128
v -0.370723 1.578744 0.228006
v -0.368751 1.587867 0.227714
v -0.372325 1.578769 0.225942
v -0.370184 1.587919 0.225807
v -0.368863 1.591072 0.225634
v -0.367771 1.590937 0.227288
v -0.373943 1.578823 0.221750
v -0.371673 1.588050 0.221737
v -0.371142 1.587994 0.223564
v -0.373374 1.578800 0.223611
v -0.370025 1.591401 0.221724
v -0.369598 1.591266 0.223512
v -0.368076 1.593429 0.221720
v -0.367839 1.593144 0.223487
v -0.367473 1.592704 0.225521
v -0.367087 1.592240 0.226835
v -0.297043 1.596528 0.221750
v -0.284171 1.595982 0.221737
v -0.284133 1.595450 0.223564
v -0.296997 1.595965 0.223611
v -0.280092 1.594975 0.221724
v -0.280147 1.594531 0.223512
v -0.280203 1.593772 0.225634
v -0.284041 1.594495 0.225807
v -0.296902 1.594928 0.225942
v -0.277741 1.593429 0.221720
v -0.277978 1.593144 0.223487
v -0.275792 1.591401 0.221724
v -0.276219 1.591266 0.223512
v -0.276954 1.591072 0.225634
v -0.278344 1.592704 0.225521
v -0.271874 1.578823 0.221750
v -0.272443 1.578800 0.223611
v -0.274675 1.587994 0.223564
v -0.274145 1.588050 0.221737
v -0.273492 1.578769 0.225942
v -0.275633 1.587919 0.225807
v -0.275094 1.578744 0.228006
v -0.277066 1.587867 0.227714
v -0.277186 1.578729 0.229581
v -0.279001 1.587865 0.229128
v -0.279739 1.591026 0.228380
v -0.278046 1.590937 0.227288
v -0.294954 1.578722 0.231165
v -0.296091 1.587919 0.230608
v -0.282897 1.587891 0.230074
v -0.281236 1.578723 0.230608
v -0.296500 1.591288 0.229581
v -0.283507 1.591174 0.229128
v -0.296736 1.593349 0.228006
v -0.283842 1.593076 0.227714
v -0.280136 1.592675 0.227288
v -0.278730 1.592240 0.226835
v -0.297043 1.596528 0.374602
v -0.296997 1.595965 0.372741
v -0.284133 1.595450 0.372788
v -0.284171 1.595982 0.374615
v -0.296902 1.594928 0.370410
v -0.284041 1.594495 0.370545
v -0.280203 1.593772 0.370718
v -0.280147 1.594531 0.372840
v -0.280092 1.594975 0.374627
v -0.296736 1.593349 0.368345
v -0.283842 1.593076 0.368638
v -0.296500 1.591288 0.366770
v -0.283507 1.591174 0.367223
v -0.279739 1.591026 0.367972
v -0.280136 1.592675 0.369064
v -0.294954 1.578722 0.365187
v -0.281236 1.578723 0.365743
v -0.282897 1.587891 0.366277
v -0.296091 1.587919 0.365743
v -0.277186 1.578729 0.366770
v -0.279001 1.587865 0.367223
v -0.275094 1.578744 0.368345
v -0.277066 1.587867 0.368638
v -0.273492 1.578769 0.370410
v -0.275633 1.587919 0.370545
v -0.276954 1.591072 0.370718
v -0.278046 1.590937 0.369064
v -0.271874 1.578823 0.374602
v -0.274145 1.588050 0.374615
v -0.274675 1.587994 0.372788
v -0.272443 1.578800 0.372741
v -0.275792 1.591401 0.374627
v -0.276219 1.591266 0.372840
v -0.277741 1.593429 0.374632
v -0.277978 1.593144 0.372865
v -0.278344 1.592704 0.370831
v -0.278730 1.592240 0.369517
v -0.380552 1.543264 0.221750
v -0.379976 1.543287 0.223611
v -0.381161 1.534093 0.223564
v -0.381711 1.534035 0.221737
v -0.378915 1.543318 0.225942
v -0.380175 1.534169 0.225807
v -0.380026 1.531015 0.225634
v -0.380833 1.530821 0.223512
v -0.381310 1.530684 0.221724
v -0.377304 1.543343 0.228006
v -0.378722 1.534220 0.227714
v -0.375206 1.543358 0.229581
v -0.376787 1.534222 0.229128
v -0.377224 1.531062 0.228380
v -0.378885 1.531150 0.227288
v -0.355245 1.543365 0.231165
v -0.356385 1.534169 0.230608
v -0.372484 1.534196 0.230074
v -0.370880 1.543364 0.230608
v -0.356806 1.530799 0.229581
v -0.373042 1.530914 0.229128
v -0.357072 1.528739 0.228006
v -0.373381 1.529011 0.227714
v -0.357289 1.527159 0.225942
v -0.373684 1.527592 0.225807
v -0.377782 1.528315 0.225634
v -0.377440 1.529413 0.227288
v -0.357540 1.525559 0.221750
v -0.374083 1.526106 0.221737
v -0.373931 1.526637 0.223564
v -0.357447 1.526122 0.223611
v -0.378342 1.527114 0.221724
v -0.378120 1.527557 0.223512
v -0.380116 1.528657 0.221720
v -0.379773 1.528943 0.223487
v -0.379243 1.529383 0.225521
v -0.378684 1.529848 0.226835
v -0.265265 1.543264 0.221750
v -0.264106 1.534035 0.221737
v -0.264656 1.534093 0.223564
v -0.265842 1.543287 0.223611
v -0.264507 1.530684 0.221724
v -0.264984 1.530821 0.223512
v -0.265791 1.531015 0.225634
v -0.265642 1.534169 0.225807
v -0.266902 1.543318 0.225942
v -0.265701 1.528657 0.221720
v -0.266044 1.528943 0.223487
v -0.267475 1.527114 0.221724
v -0.267697 1.527557 0.223512
v -0.268036 1.528315 0.225634
v -0.266574 1.529383 0.225521
v -0.288277 1.525559 0.221750
v -0.288370 1.526122 0.223611
v -0.271886 1.526637 0.223564
v -0.271734 1.526106 0.221737
v -0.288528 1.527159 0.225942
v -0.272133 1.527592 0.225807
v -0.288745 1.528739 0.228006
v -0.272436 1.529011 0.227714
v -0.289011 1.530799 0.229581
v -0.272775 1.530914 0.229128
v -0.268593 1.531062 0.228380
v -0.268377 1.529413 0.227288
v -0.290572 1.543365 0.231165
v -0.274937 1.543364 0.230608
v -0.273333 1.534196 0.230074
v -0.289432 1.534169 0.230608
v -0.270611 1.543358 0.229581
v -0.269030 1.534222 0.229128
v -0.268513 1.543343 0.228006
v -0.267095 1.534220 0.227714
v -0.266932 1.531150 0.227288
v -0.267133 1.529848 0.226835
v -0.265265 1.543264 0.374602
v -0.265842 1.543287 0.372741
v -0.264656 1.534093 0.372788
v -0.264106 1.534035 0.374615
v -0.266902 1.543318 0.370410
v -0.265642 1.534169 0.370545
v -0.265791 1.531015 0.370718
v -0.264984 1.530821 0.372840
v -0.264507 1.530684 0.374627
v -0.268513 1.543343 0.368345
v -0.267095 1.534220 0.368638
v -0.270611 1.543358 0.366770
v -0.269030 1.534222 0.367223
v -0.268593 1.531062 0.367972
v -0.266932 1.531150 0.369064
v -0.290572 1.543365 0.365187
v -0.289432 1.534169 0.365743
v -0.273333 1.534196 0.366277
v -0.274937 1.543364 0.365743
v -0.289011 1.530799 0.366770
v -0.272775 1.530914 0.367223
v -0.288745 1.528739 0.368345
v -0.272436 1.529011 0.368638
v -0.288528 1.527159 0.370410
v -0.272133 1.527592 0.370545
v -0.268036 1.528315 0.370718
v -0.268377 1.529413 0.369064
v -0.288277 1.525559 0.374602
v -0.271734 1.526106 0.374615
v -0.271886 1.526637 0.372788
v -0.288370 1.526122 0.372741
v -0.267475 1.527114 0.374627
v -0.267697 1.527557 0.372840
v -0.265701 1.528657 0.374632
v -0.266044 1.528943 0.372865
v -0.266574 1.529383 0.370831
v -0.267133 1.529848 0.369517
v -0.376598 1.424070 0.298175
v -0.401598 1.424654 0.298175
v -0.407293 1.425724 0.298175
v -0.409416 1.427348 0.298175
v -0.411021 1.429451 0.298175
v -0.412039 1.433187 0.298174
v -0.412572 1.444799 0.298174
v -0.391186 1.562035 0.386015
v -0.393481 1.561409 0.385408
v -0.396043 1.560504 0.384315
v -0.398368 1.559422 0.382684
v -0.400246 1.558249 0.380598
v -0.401602 1.556809 0.375252
v -0.402477 1.554847 0.351404
v -0.361754 1.620332 0.298176
v -0.380316 1.619724 0.298176
v -0.385244 1.618633 0.298176
v -0.387672 1.617004 0.298176
v -0.389717 1.614915 0.298176
v -0.391677 1.610346 0.298176
v -0.395566 1.592750 0.298176
v -0.376238 1.468406 0.210349
v -0.400466 1.468051 0.210942
v -0.406186 1.467949 0.212015
v -0.408588 1.467963 0.213634
v -0.410476 1.467987 0.215720
v -0.411715 1.468329 0.221078
v -0.412260 1.469634 0.244940
v -0.322914 1.424070 0.245742
v -0.322915 1.424654 0.221333
v -0.322912 1.425724 0.215769
v -0.322909 1.427349 0.213667
v -0.322906 1.429451 0.212042
v -0.322904 1.433187 0.210973
v -0.322905 1.444799 0.210389
v -0.322908 1.620329 0.245749
v -0.322908 1.619712 0.221354
v -0.322908 1.618606 0.215801
v -0.322908 1.616958 0.213696
v -0.322908 1.614850 0.212052
v -0.322909 1.612474 0.210951
v -0.322909 1.610326 0.210339
v -0.233550 1.469635 0.244950
v -0.234070 1.468330 0.221108
v -0.235276 1.467987 0.215773
v -0.237140 1.467964 0.213702
v -0.239543 1.467950 0.212081
v -0.245295 1.468052 0.210985
v -0.269560 1.468407 0.210365
v -0.269219 1.424070 0.298177
v -0.244219 1.424654 0.298177
v -0.238524 1.425724 0.298177
v -0.236401 1.427348 0.298177
v -0.234796 1.429451 0.298177
v -0.233778 1.433187 0.298178
v -0.233245 1.444799 0.298178
v -0.284063 1.620332 0.298176
v -0.265501 1.619724 0.298176
v -0.260573 1.618633 0.298176
v -0.258145 1.617004 0.298176
v -0.256100 1.614915 0.298176
v -0.254140 1.610346 0.298176
v -0.250251 1.592750 0.298176
v -0.269579 1.468406 0.386003
v -0.245351 1.468051 0.385410
v -0.239631 1.467949 0.384337
v -0.237229 1.467963 0.382718
v -0.235341 1.467987 0.380632
v -0.234102 1.468329 0.375274
v -0.233557 1.469634 0.351412
v -0.322904 1.424070 0.350609
v -0.322902 1.424654 0.375018
v -0.322905 1.425724 0.380583
v -0.322908 1.427349 0.382685
v -0.322911 1.429451 0.384309
v -0.322913 1.433187 0.385379
v -0.322912 1.444799 0.385963
v -0.322908 1.620329 0.350602
v -0.322908 1.619712 0.374997
v -0.322909 1.618606 0.380551
v -0.322909 1.616958 0.382656
v -0.322909 1.614850 0.384299
v -0.322909 1.612474 0.385400
v -0.322909 1.610326 0.386013
v -0.376257 1.468407 0.385987
v -0.400522 1.468052 0.385367
v -0.406274 1.467950 0.384271
v -0.408677 1.467964 0.382650
v -0.410541 1.467987 0.380579
v -0.411747 1.468330 0.375244
v -0.412267 1.469635 0.351402
v -0.391186 1.562035 0.210336
v -0.393481 1.561409 0.210944
v -0.396043 1.560504 0.212037
v -0.398368 1.559422 0.213668
v -0.400246 1.558249 0.215754
v -0.401602 1.556809 0.221100
v -0.402477 1.554847 0.244947
v -0.243340 1.554847 0.244947
v -0.244215 1.556809 0.221100
v -0.245571 1.558249 0.215754
v -0.247449 1.559422 0.213668
v -0.249774 1.560504 0.212037
v -0.252336 1.561409 0.210944
v -0.254631 1.562035 0.210336
v -0.254631 1.562035 0.386015
v -0.252336 1.561409 0.385408
v -0.249774 1.560504 0.384315
v -0.247449 1.559422 0.382684
v -0.245571 1.558249 0.380598
v -0.244216 1.556809 0.375252
v -0.243340 1.554847 0.351405
v -0.377938 1.561061 0.376376
v -0.378551 1.561108 0.378223
v -0.379647 1.561217 0.380556
v -0.381275 1.561413 0.382657
v -0.383358 1.561691 0.384297
v -0.385714 1.562016 0.385398
v -0.387871 1.562265 0.386012
v -0.322908 1.607174 0.210340
v -0.322909 1.605025 0.210954
v -0.322909 1.602651 0.212055
v -0.322909 1.600553 0.213694
v -0.322909 1.598917 0.215796
v -0.322909 1.597821 0.218128
v -0.322908 1.597210 0.219975
v -0.322909 1.607174 0.386012
v -0.322909 1.605025 0.385397
v -0.322909 1.602651 0.384297
v -0.322909 1.600553 0.382658
v -0.322909 1.598917 0.380556
v -0.322909 1.597821 0.378223
v -0.322909 1.597210 0.376376
v -0.377938 1.561061 0.219975
v -0.378551 1.561108 0.218129
v -0.379647 1.561217 0.215796
v -0.381275 1.561413 0.213694
v -0.383358 1.561691 0.212055
v -0.385714 1.562016 0.210954
v -0.387871 1.562265 0.210340
v -0.257946 1.562265 0.210339
v -0.260103 1.562016 0.210954
v -0.262459 1.561691 0.212055
v -0.264542 1.561413 0.213694
v -0.266170 1.561217 0.215796
v -0.267266 1.561108 0.218129
v -0.267879 1.561061 0.219975
v -0.267879 1.561061 0.376376
v -0.267266 1.561108 0.378223
v -0.266170 1.561217 0.380556
v -0.264542 1.561413 0.382657
v -0.262459 1.561691 0.384297
v -0.260103 1.562016 0.385398
v -0.257946 1.562265 0.386012
v -0.322908 1.524879 0.376375
v -0.322908 1.524272 0.378220
v -0.322908 1.523177 0.380552
v -0.322908 1.521541 0.382656
v -0.322908 1.519442 0.384299
v -0.322908 1.516848 0.385400
v -0.322908 1.513136 0.386013
v -0.322908 1.524879 0.219977
v -0.322908 1.524272 0.218132
v -0.322908 1.523177 0.215800
v -0.322908 1.521541 0.213696
v -0.322908 1.519442 0.212053
v -0.322908 1.516848 0.210952
v -0.322908 1.513136 0.210339
v -0.370919 1.507553 0.386226
v -0.392199 1.509439 0.386216
v -0.396618 1.511735 0.386216
v -0.397632 1.515004 0.386217
v -0.397719 1.519272 0.386217
v -0.396710 1.525422 0.386215
v -0.394032 1.538768 0.386214
v -0.353442 1.608496 0.386212
v -0.368810 1.607714 0.386211
v -0.373927 1.606312 0.386209
v -0.377044 1.604218 0.386209
v -0.379672 1.601536 0.386209
v -0.381904 1.597201 0.386211
v -0.384909 1.585313 0.386212
v -0.260908 1.585313 0.210140
v -0.263913 1.597201 0.210141
v -0.266145 1.601536 0.210142
v -0.268773 1.604218 0.210143
v -0.271890 1.606312 0.210142
v -0.277007 1.607714 0.210141
v -0.292375 1.608496 0.210140
v -0.384909 1.585313 0.210140
v -0.381904 1.597201 0.210141
v -0.379672 1.601536 0.210142
v -0.377044 1.604218 0.210143
v -0.373927 1.606312 0.210142
v -0.368810 1.607714 0.210141
v -0.353442 1.608496 0.210140
v -0.260908 1.585313 0.386212
v -0.263913 1.597201 0.386211
v -0.266145 1.601536 0.386209
v -0.268773 1.604218 0.386209
v -0.271890 1.606312 0.386209
v -0.277007 1.607714 0.386211
v -0.292375 1.608496 0.386212
v -0.370919 1.507553 0.210125
v -0.392199 1.509439 0.210135
v -0.396618 1.511735 0.210136
v -0.397632 1.515004 0.210135
v -0.397719 1.519272 0.210135
v -0.396710 1.525422 0.210136
v -0.394032 1.538768 0.210138
v -0.274898 1.507553 0.210125
v -0.253618 1.509439 0.210135
v -0.249199 1.511735 0.210136
v -0.248185 1.515004 0.210135
v -0.248098 1.519272 0.210135
v -0.249107 1.525422 0.210136
v -0.251785 1.538768 0.210138
v -0.274898 1.507553 0.386227
v -0.253618 1.509439 0.386217
v -0.249199 1.511735 0.386216
v -0.248185 1.515004 0.386217
v -0.248098 1.519272 0.386217
v -0.249107 1.525422 0.386215
v -0.251785 1.538768 0.386214
v -0.353054 1.561044 0.365008
v -0.367741 1.561044 0.365569
v -0.371960 1.561044 0.366619
v -0.374109 1.561044 0.368244
v -0.375767 1.561044 0.370362
v -0.376846 1.561044 0.372724
v -0.377427 1.561043 0.374597
v -0.322908 1.596704 0.221754
v -0.322909 1.596133 0.223628
v -0.322909 1.595072 0.225990
v -0.322908 1.593443 0.228108
v -0.322908 1.591329 0.229733
v -0.322908 1.587929 0.230783
v -0.322908 1.578722 0.231344
v -0.322909 1.596704 0.374597
v -0.322909 1.596133 0.372724
v -0.322909 1.595072 0.370362
v -0.322908 1.593443 0.368244
v -0.322908 1.591329 0.366619
v -0.322908 1.587929 0.365569
v -0.322908 1.578722 0.365008
v -0.353054 1.561044 0.231344
v -0.367741 1.561044 0.230783
v -0.371960 1.561044 0.229733
v -0.374109 1.561044 0.228108
v -0.375767 1.561044 0.225990
v -0.376846 1.561044 0.223628
v -0.377427 1.561043 0.221754
v -0.268390 1.561043 0.221754
v -0.268971 1.561044 0.223628
v -0.270050 1.561044 0.225990
v -0.271708 1.561044 0.228108
v -0.273857 1.561044 0.229733
v -0.278076 1.561044 0.230783
v -0.292763 1.561044 0.231344
v -0.292763 1.561044 0.365008
v -0.278076 1.561044 0.365569
v -0.273857 1.561044 0.366619
v -0.271708 1.561044 0.368244
v -0.270050 1.561044 0.370362
v -0.268971 1.561044 0.372724
v -0.268390 1.561043 0.374597
v -0.322908 1.543365 0.365008
v -0.322908 1.534158 0.365569
v -0.322908 1.530758 0.366619
v -0.322908 1.528644 0.368244
v -0.322908 1.527015 0.370362
v -0.322908 1.525954 0.372724
v -0.322908 1.525383 0.374597
v -0.322908 1.543365 0.231344
v -0.322908 1.534158 0.230783
v -0.322908 1.530758 0.229733
v -0.322908 1.528644 0.228108
v -0.322908 1.527015 0.225990
v -0.322908 1.525954 0.223628
v -0.322908 1.525383 0.221754
v -0.348778 1.596765 0.220859
v -0.361654 1.596193 0.220856
v -0.365758 1.595142 0.220853
v -0.368167 1.593539 0.220852
v -0.370183 1.591463 0.220853
v -0.371879 1.588095 0.220856
v -0.374178 1.578855 0.220859
v -0.357615 1.525324 0.220859
v -0.374185 1.525899 0.220856
v -0.378451 1.526952 0.220853
v -0.380255 1.528550 0.220852
v -0.381492 1.530620 0.220853
v -0.381932 1.533991 0.220856
v -0.380798 1.543234 0.220859
v -0.271639 1.578855 0.220859
v -0.273938 1.588095 0.220856
v -0.275634 1.591463 0.220853
v -0.277650 1.593539 0.220852
v -0.280059 1.595142 0.220853
v -0.284163 1.596193 0.220856
v -0.297039 1.596765 0.220859
v -0.265019 1.543234 0.375493
v -0.263885 1.533991 0.375496
v -0.264325 1.530620 0.375499
v -0.265562 1.528550 0.375500
v -0.267366 1.526952 0.375499
v -0.271632 1.525899 0.375496
v -0.288202 1.525324 0.375493
v -0.380798 1.543234 0.375493
v -0.381932 1.533991 0.375496
v -0.381492 1.530620 0.375499
v -0.380255 1.528550 0.375500
v -0.378451 1.526952 0.375499
v -0.374185 1.525899 0.375496
v -0.357615 1.525324 0.375493
v -0.288202 1.525324 0.220859
v -0.271632 1.525899 0.220856
v -0.267366 1.526952 0.220853
v -0.265562 1.528550 0.220852
v -0.264325 1.530620 0.220853
v -0.263885 1.533991 0.220856
v -0.265019 1.543234 0.220859
v -0.374178 1.578855 0.375493
v -0.371879 1.588095 0.375496
v -0.370183 1.591463 0.375499
v -0.368167 1.593539 0.375500
v -0.365758 1.595142 0.375499
v -0.361654 1.596193 0.375496
v -0.348778 1.596765 0.375493
v -0.271639 1.578855 0.375493
v -0.273938 1.588095 0.375496
v -0.275634 1.591463 0.375499
v -0.277650 1.593539 0.375500
v -0.280059 1.595142 0.375499
v -0.284163 1.596193 0.375496
v -0.297039 1.596765 0.375493
v -0.364409 1.499552 0.393997
v -0.364409 1.482570 0.382721
v -0.384052 1.482360 0.383230
v -0.384052 1.499162 0.394386
v -0.364409 1.462590 0.378687
v -0.384052 1.462590 0.379238
v -0.388963 1.462590 0.380270
v -0.388963 1.481965 0.384183
v -0.388963 1.498432 0.395117
v -0.391095 1.481353 0.385660
v -0.391095 1.497300 0.396249
v -0.391095 1.462590 0.381871
v -0.392735 1.462590 0.383954
v -0.392735 1.480557 0.387582
v -0.392735 1.495827 0.397721
v -0.393784 1.479101 0.391098
v -0.393776 1.493344 0.400204
v -0.393776 1.462590 0.387465
v -0.394235 1.462590 0.395422
v -0.394315 1.474509 0.402184
v -0.394235 1.487718 0.405830
v -0.364409 1.514862 0.430959
v -0.364409 1.510827 0.410978
v -0.384052 1.510319 0.411189
v -0.384052 1.514311 0.430959
v -0.388963 1.509366 0.411584
v -0.388963 1.513278 0.430959
v -0.391095 1.507889 0.412196
v -0.391095 1.511677 0.430959
v -0.392735 1.505967 0.412992
v -0.392735 1.509595 0.430959
v -0.393784 1.502451 0.414448
v -0.393776 1.506083 0.430959
v -0.394315 1.491364 0.419040
v -0.394235 1.498127 0.430959
v -0.364409 1.499552 0.467921
v -0.364409 1.510827 0.450940
v -0.384052 1.510319 0.450729
v -0.384052 1.499162 0.467532
v -0.388963 1.509366 0.450334
v -0.388963 1.498432 0.466801
v -0.391095 1.507889 0.449722
v -0.391095 1.497300 0.465669
v -0.392735 1.505967 0.448926
v -0.392735 1.495827 0.464197
v -0.393784 1.502451 0.447470
v -0.393776 1.493344 0.461714
v -0.394315 1.491364 0.442878
v -0.394235 1.487718 0.456088
v -0.364409 1.462590 0.483231
v -0.364409 1.482570 0.479197
v -0.384052 1.482360 0.478689
v -0.384052 1.462590 0.482681
v -0.388963 1.481965 0.477736
v -0.388963 1.462590 0.481648
v -0.391095 1.481353 0.476258
v -0.391095 1.462590 0.480047
v -0.392735 1.480557 0.474336
v -0.392735 1.462590 0.477964
v -0.393784 1.479101 0.470820
v -0.393776 1.462590 0.474453
v -0.394315 1.474508 0.459734
v -0.394235 1.462590 0.466497
v -0.364409 1.425627 0.467921
v -0.364409 1.442609 0.479197
v -0.384052 1.442819 0.478689
v -0.384052 1.426017 0.467532
v -0.388963 1.443214 0.477736
v -0.388963 1.426747 0.466801
v -0.391095 1.443826 0.476258
v -0.391095 1.427879 0.465669
v -0.392734 1.444622 0.474336
v -0.392734 1.429352 0.464197
v -0.393784 1.446079 0.470820
v -0.393776 1.431835 0.461714
v -0.394315 1.450671 0.459734
v -0.394235 1.437461 0.456088
v -0.364409 1.410317 0.430959
v -0.364409 1.414352 0.450940
v -0.384052 1.414860 0.450729
v -0.384052 1.410868 0.430959
v -0.388963 1.415813 0.450334
v -0.388963 1.411901 0.430959
v -0.391095 1.417290 0.449722
v -0.391095 1.413501 0.430959
v -0.392734 1.419212 0.448926
v -0.392734 1.415584 0.430959
v -0.393784 1.422728 0.447470
v -0.393776 1.419096 0.430959
v -0.394315 1.433815 0.442878
v -0.394235 1.427052 0.430959
v -0.364409 1.425627 0.393997
v -0.364409 1.414352 0.410978
v -0.384052 1.414860 0.411189
v -0.384052 1.426017 0.394386
v -0.388963 1.415813 0.411584
v -0.388963 1.426747 0.395117
v -0.391095 1.417290 0.412196
v -0.391095 1.427879 0.396249
v -0.392734 1.419212 0.412992
v -0.392734 1.429352 0.397721
v -0.393784 1.422728 0.414448
v -0.393776 1.431835 0.400204
v -0.394315 1.433815 0.419040
v -0.394235 1.437461 0.405830
v -0.364409 1.442609 0.382721
v -0.384052 1.442819 0.383230
v -0.388963 1.443214 0.384183
v -0.391095 1.443826 0.385660
v -0.392735 1.444622 0.387582
v -0.393784 1.446079 0.391098
v -0.394315 1.450671 0.402184
v -0.251582 1.487718 0.405830
v -0.251502 1.474508 0.402184
v -0.252033 1.479101 0.391098
v -0.252041 1.493344 0.400204
v -0.251582 1.462590 0.395422
v -0.252041 1.462590 0.387465
v -0.253083 1.462590 0.383954
v -0.253083 1.480557 0.387582
v -0.253083 1.495827 0.397721
v -0.254722 1.481353 0.385660
v -0.254722 1.497300 0.396249
v -0.254722 1.462590 0.381871
v -0.256854 1.462590 0.380270
v -0.256854 1.481965 0.384183
v -0.256854 1.498432 0.395117
v -0.261765 1.482360 0.383230
v -0.261765 1.499162 0.394386
v -0.261765 1.462590 0.379238
v -0.281408 1.462590 0.378687
v -0.281408 1.482570 0.382721
v -0.281408 1.499552 0.393997
v -0.251582 1.498127 0.430959
v -0.251502 1.491364 0.419040
v -0.252033 1.502451 0.414448
v -0.252041 1.506083 0.430959
v -0.253083 1.505967 0.412992
v -0.253083 1.509595 0.430959
v -0.254722 1.507889 0.412196
v -0.254722 1.511677 0.430959
v -0.256854 1.509366 0.411584
v -0.256854 1.513278 0.430959
v -0.261765 1.510319 0.411189
v -0.261765 1.514311 0.430959
v -0.281408 1.510827 0.410978
v -0.281408 1.514862 0.430959
v -0.251582 1.487718 0.456088
v -0.251502 1.491364 0.442878
v -0.252033 1.502451 0.447470
v -0.252041 1.493344 0.461714
v -0.253083 1.505967 0.448926
v -0.253083 1.495827 0.464197
v -0.254722 1.507889 0.449722
v -0.254722 1.497300 0.465669
v -0.256854 1.509366 0.450334
v -0.256854 1.498432 0.466801
v -0.261765 1.510319 0.450729
v -0.261765 1.499162 0.467532
v -0.281408 1.510827 0.450940
v -0.281408 1.499552 0.467921
v -0.251582 1.462590 0.466497
v -0.251502 1.474508 0.459734
v -0.252033 1.479101 0.470820
v -0.252041 1.462590 0.474453
v -0.253083 1.480557 0.474336
v -0.253083 1.462590 0.477964
v -0.254722 1.481353 0.476258
v -0.254722 1.462590 0.480047
v -0.256854 1.481965 0.477735
v -0.256854 1.462590 0.481648
v -0.261765 1.482360 0.478689
v -0.261765 1.462590 0.482681
v -0.281408 1.482570 0.479197
v -0.281408 1.462590 0.483231
v -0.251582 1.437461 0.456088
v -0.251502 1.450671 0.459734
v -0.252033 1.446079 0.470820
v -0.252041 1.431835 0.461714
v -0.253083 1.444622 0.474336
v -0.253083 1.429352 0.464197
v -0.254722 1.443826 0.476258
v -0.254722 1.427879 0.465669
v -0.256854 1.443214 0.477735
v -0.256854 1.426747 0.466801
v -0.261765 1.442819 0.478689
v -0.261765 1.426017 0.467532
v -0.281408 1.442609 0.479197
v -0.281408 1.425627 0.467921
v -0.251582 1.427052 0.430959
v -0.251502 1.433815 0.442878
v -0.252033 1.422728 0.447470
v -0.252041 1.419096 0.430959
v -0.253083 1.419212 0.448926
v -0.253083 1.415584 0.430959
v -0.254722 1.417290 0.449722
v -0.254722 1.413502 0.430959
v -0.256854 1.415813 0.450334
v -0.256854 1.411901 0.430959
v -0.261765 1.414860 0.450729
v -0.261765 1.410868 0.430959
v -0.281408 1.414352 0.450940
v -0.281408 1.410317 0.430959
v -0.251582 1.437461 0.405830
v -0.251502 1.433815 0.419040
v -0.252033 1.422728 0.414448
v -0.252041 1.431835 0.400204
v -0.253083 1.419212 0.412992
v -0.253083 1.429352 0.397721
v -0.254722 1.417290 0.412196
v -0.254722 1.427879 0.396249
v -0.256854 1.415813 0.411584
v -0.256854 1.426747 0.395117
v -0.261765 1.414860 0.411189
v -0.261765 1.426017 0.394386
v -0.281408 1.414352 0.410978
v -0.281408 1.425627 0.393997
v -0.251502 1.450671 0.402184
v -0.252033 1.446079 0.391098
v -0.253083 1.444622 0.387582
v -0.254722 1.443826 0.385660
v -0.256854 1.443214 0.384183
v -0.261765 1.442819 0.383230
v -0.281408 1.442609 0.382721
v -0.412393 1.470061 0.298175
v -0.409604 1.508105 0.298176
v -0.322909 1.423881 0.298176
v -0.322911 1.468289 0.386186
v -0.322909 1.493042 0.386240
v -0.377676 1.561046 0.375492
v -0.322909 1.608750 0.386212
v -0.389504 1.562302 0.386213
v -0.322909 1.596950 0.375492
v -0.322906 1.468289 0.210166
v -0.322908 1.493042 0.210112
v -0.322909 1.608750 0.210139
v -0.377676 1.561046 0.220860
v -0.322909 1.596950 0.220860
v -0.389504 1.562302 0.210139
v -0.233424 1.470061 0.298177
v -0.236213 1.508105 0.298176
v -0.256313 1.562302 0.386213
v -0.268141 1.561046 0.375492
v -0.268141 1.561046 0.220860
v -0.256313 1.562302 0.210139
v -0.322908 1.525138 0.375492
v -0.322909 1.506825 0.386239
v -0.322908 1.525138 0.220860
v -0.322908 1.506825 0.210113
v -0.402691 1.554435 0.298176
v -0.322908 1.620530 0.298176
v -0.243126 1.554435 0.298176
v -0.322908 1.561044 0.364828
v -0.322908 1.561044 0.231524
v -0.394516 1.462590 0.430959
v -0.322908 1.462590 0.378510
v -0.322908 1.442541 0.382558
v -0.322908 1.425503 0.393872
v -0.322909 1.499676 0.393872
v -0.322909 1.482638 0.382558
v -0.322909 1.515038 0.430959
v -0.322909 1.510990 0.410911
v -0.322909 1.499676 0.468046
v -0.322909 1.510990 0.451007
v -0.322908 1.462590 0.483408
v -0.322909 1.482638 0.479360
v -0.322908 1.425503 0.468046
v -0.322908 1.442541 0.479360
v -0.322908 1.410141 0.430959
v -0.322908 1.414189 0.451007
v -0.322908 1.414189 0.410911
v -0.251301 1.462590 0.430959
s 1
f 1 2 3
f 1 3 4
f 2 5 6
f 2 6 3
f 3 6 7
f 3 7 8
f 4 3 8
f 4 8 9
f 1 10 11
f 1 11 2
f 10 12 13
f 10 13 11
f 11 13 14
f 11 14 15
f 2 11 15
f 2 15 5
f 16 17 18
f 16 18 19
f 17 20 21
f 17 21 18
f 18 21 22
f 18 22 23
f 19 18 23
f 19 23 24
f 16 25 26
f 16 26 17
f 25 27 28
f 25 28 26
f 26 28 29
f 26 29 30
f 17 26 30
f 17 30 20
f 31 32 33
f 31 33 34
f 32 5 15
f 32 15 33
f 33 15 14
f 33 14 35
f 34 33 35
f 34 35 36
f 31 37 38
f 31 38 32
f 37 39 40
f 37 40 38
f 38 40 7
f 38 7 6
f 32 38 6
f 32 6 5
f 31 41 42
f 31 42 37
f 41 20 30
f 41 30 42
f 42 30 29
f 42 29 43
f 37 42 43
f 37 43 39
f 31 34 44
f 31 44 41
f 34 36 45
f 34 45 44
f 44 45 22
f 44 22 21
f 41 44 21
f 41 21 20
f 46 47 48
f 46 48 49
f 47 50 51
f 47 51 48
f 48 51 52
f 48 52 53
f 49 48 53
f 49 53 54
f 46 55 56
f 46 56 47
f 55 9 8
f 55 8 56
f 56 8 7
f 56 7 57
f 47 56 57
f 47 57 50
f 58 59 60
f 58 60 61
f 59 62 63
f 59 63 60
f 60 63 29
f 60 29 28
f 61 60 28
f 61 28 27
f 58 64 65
f 58 65 59
f 64 66 67
f 64 67 65
f 65 67 68
f 65 68 69
f 59 65 69
f 59 69 62
f 70 71 72
f 70 72 73
f 71 50 57
f 71 57 72
f 72 57 7
f 72 7 40
f 73 72 40
f 73 40 39
f 70 74 75
f 70 75 71
f 74 76 77
f 74 77 75
f 75 77 52
f 75 52 51
f 71 75 51
f 71 51 50
f 70 78 79
f 70 79 74
f 78 62 69
f 78 69 79
f 79 69 68
f 79 68 80
f 74 79 80
f 74 80 76
f 70 73 81
f 70 81 78
f 73 39 43
f 73 43 81
f 81 43 29
f 81 29 63
f 78 81 63
f 78 63 62
f 82 83 84
f 82 84 85
f 83 54 53
f 83 53 84
f 84 53 52
f 84 52 86
f 85 84 86
f 85 86 87
f 88 89 90
f 88 90 91
f 89 92 93
f 89 93 90
f 90 93 68
f 90 68 67
f 91 90 67
f 91 67 66
f 94 95 96
f 94 96 97
f 95 87 86
f 95 86 96
f 96 86 52
f 96 52 77
f 97 96 77
f 97 77 76
f 94 97 98
f 94 98 99
f 97 76 80
f 97 80 98
f 98 80 68
f 98 68 93
f 99 98 93
f 99 93 92
f 100 101 102
f 100 102 103
f 101 104 105
f 101 105 102
f 102 105 106
f 102 106 107
f 103 102 107
f 103 107 108
f 109 110 111
f 109 111 112
f 110 36 35
f 110 35 111
f 111 35 14
f 111 14 113
f 112 111 113
f 112 113 114
f 109 115 116
f 109 116 110
f 115 117 118
f 115 118 116
f 116 118 22
f 116 22 45
f 110 116 45
f 110 45 36
f 100 103 119
f 100 119 120
f 103 108 121
f 103 121 119
f 119 121 122
f 119 122 123
f 120 119 123
f 120 123 124
f 125 126 127
f 125 127 128
f 126 124 123
f 126 123 127
f 127 123 122
f 127 122 129
f 128 127 129
f 128 129 130
f 131 132 133
f 131 133 134
f 132 24 23
f 132 23 133
f 133 23 22
f 133 22 118
f 134 133 118
f 134 118 117
f 135 136 137
f 135 137 138
f 136 114 113
f 136 113 137
f 137 113 14
f 137 14 13
f 138 137 13
f 138 13 12
f 139 140 141
f 139 141 142
f 140 143 144
f 140 144 141
f 141 144 106
f 141 106 105
f 142 141 105
f 142 105 104
f 145 146 147
f 145 147 148
f 146 139 142
f 146 142 147
f 147 142 104
f 147 104 149
f 148 147 149
f 148 149 150
f 151 152 153
f 151 153 154
f 152 155 156
f 152 156 153
f 153 156 124
f 153 124 126
f 154 153 126
f 154 126 125
f 157 158 159
f 157 159 160
f 158 100 120
f 158 120 159
f 159 120 124
f 159 124 156
f 160 159 156
f 160 156 155
f 157 161 162
f 157 162 158
f 161 150 149
f 161 149 162
f 162 149 104
f 162 104 101
f 158 162 101
f 158 101 100
f 109 112 163
f 109 163 164
f 112 114 165
f 112 165 163
f 163 165 150
f 163 150 161
f 164 163 161
f 164 161 157
f 109 164 166
f 109 166 115
f 164 157 160
f 164 160 166
f 166 160 155
f 166 155 167
f 115 166 167
f 115 167 117
f 131 134 168
f 131 168 169
f 134 117 167
f 134 167 168
f 168 167 155
f 168 155 152
f 169 168 152
f 169 152 151
f 135 170 171
f 135 171 136
f 170 145 148
f 170 148 171
f 171 148 150
f 171 150 165
f 136 171 165
f 136 165 114
f 172 173 174
f 172 174 175
f 173 176 177
f 173 177 174
f 174 177 178
f 174 178 179
f 175 174 179
f 175 179 180
f 172 175 181
f 172 181 182
f 175 180 183
f 175 183 181
f 181 183 184
f 181 184 185
f 182 181 185
f 182 185 186
f 172 182 187
f 172 187 188
f 182 186 189
f 182 189 187
f 187 189 190
f 187 190 191
f 188 187 191
f 188 191 192
f 172 188 193
f 172 193 173
f 188 192 194
f 188 194 193
f 193 194 195
f 193 195 196
f 173 193 196
f 173 196 176
f 197 198 199
f 197 199 200
f 198 201 202
f 198 202 199
f 199 202 195
f 199 195 194
f 200 199 194
f 200 194 192
f 197 200 203
f 197 203 204
f 200 192 191
f 200 191 203
f 203 191 190
f 203 190 205
f 204 203 205
f 204 205 206
f 207 208 209
f 207 209 210
f 208 211 212
f 208 212 209
f 209 212 184
f 209 184 183
f 210 209 183
f 210 183 180
f 207 210 213
f 207 213 214
f 210 180 179
f 210 179 213
f 213 179 178
f 213 178 215
f 214 213 215
f 214 215 216
f 88 217 218
f 88 218 89
f 217 219 220
f 217 220 218
f 218 220 221
f 218 221 222
f 89 218 222
f 89 222 92
f 82 85 223
f 82 223 224
f 85 87 225
f 85 225 223
f 223 225 226
f 223 226 227
f 224 223 227
f 224 227 228
f 94 99 229
f 94 229 230
f 99 92 222
f 99 222 229
f 229 222 221
f 229 221 231
f 230 229 231
f 230 231 232
f 94 230 233
f 94 233 95
f 230 232 234
f 230 234 233
f 233 234 226
f 233 226 225
f 95 233 225
f 95 225 87
f 235 236 237
f 235 237 238
f 236 216 215
f 236 215 237
f 237 215 178
f 237 178 239
f 238 237 239
f 238 239 240
f 235 238 241
f 235 241 242
f 238 240 243
f 238 243 241
f 241 243 221
f 241 221 220
f 242 241 220
f 242 220 219
f 244 245 246
f 244 246 247
f 245 228 227
f 245 227 246
f 246 227 226
f 246 226 248
f 247 246 248
f 247 248 249
f 244 247 250
f 244 250 251
f 247 249 252
f 247 252 250
f 250 252 195
f 250 195 202
f 251 250 202
f 251 202 201
f 253 254 255
f 253 255 256
f 254 232 231
f 254 231 255
f 255 231 221
f 255 221 243
f 256 255 243
f 256 243 240
f 253 256 257
f 253 257 258
f 256 240 239
f 256 239 257
f 257 239 178
f 257 178 177
f 258 257 177
f 258 177 176
f 253 258 259
f 253 259 260
f 258 176 196
f 258 196 259
f 259 196 195
f 259 195 252
f 260 259 252
f 260 252 249
f 253 260 261
f 253 261 254
f 260 249 248
f 260 248 261
f 261 248 226
f 261 226 234
f 254 261 234
f 254 234 232
f 108 107 262
f 108 262 263
f 107 106 144
f 107 144 262
f 262 144 143
f 262 143 264
f 263 262 264
f 263 264 265
f 122 121 266
f 122 266 129
f 121 108 263
f 121 263 266
f 266 263 265
f 266 265 267
f 129 266 267
f 129 267 130
f 184 268 269
f 184 269 185
f 268 270 271
f 268 271 269
f 269 271 272
f 269 272 273
f 185 269 273
f 185 273 186
f 274 275 276
f 274 276 277
f 272 271 276
f 272 276 275
f 270 278 276
f 270 276 271
f 279 280 276
f 279 276 278
f 281 277 276
f 281 276 280
f 186 273 282
f 186 282 189
f 273 272 275
f 273 275 282
f 282 275 274
f 282 274 283
f 189 282 283
f 189 283 190
f 190 283 284
f 190 284 205
f 283 274 277
f 283 277 284
f 284 277 281
f 284 281 285
f 205 284 285
f 205 285 206
f 211 286 287
f 211 287 212
f 286 279 278
f 286 278 287
f 287 278 270
f 287 270 268
f 212 287 268
f 212 268 184
f 1 4 288
f 1 288 289
f 4 9 290
f 4 290 288
f 288 290 291
f 288 291 292
f 289 288 292
f 289 292 293
f 1 289 294
f 1 294 10
f 289 293 295
f 289 295 294
f 294 295 296
f 294 296 297
f 10 294 297
f 10 297 12
f 16 19 298
f 16 298 299
f 19 24 300
f 19 300 298
f 298 300 301
f 298 301 302
f 299 298 302
f 299 302 303
f 16 299 304
f 16 304 25
f 299 303 305
f 299 305 304
f 304 305 306
f 304 306 307
f 25 304 307
f 25 307 27
f 308 309 310
f 308 310 311
f 309 312 313
f 309 313 310
f 310 313 296
f 310 296 295
f 311 310 295
f 311 295 293
f 308 311 314
f 308 314 315
f 311 293 292
f 311 292 314
f 314 292 291
f 314 291 316
f 315 314 316
f 315 316 317
f 308 315 318
f 308 318 319
f 315 317 320
f 315 320 318
f 318 320 306
f 318 306 305
f 319 318 305
f 319 305 303
f 308 319 321
f 308 321 309
f 319 303 302
f 319 302 321
f 321 302 301
f 321 301 322
f 309 321 322
f 309 322 312
f 46 49 323
f 46 323 324
f 49 54 325
f 49 325 323
f 323 325 326
f 323 326 327
f 324 323 327
f 324 327 328
f 46 324 329
f 46 329 55
f 324 328 330
f 324 330 329
f 329 330 291
f 329 291 290
f 55 329 290
f 55 290 9
f 58 61 331
f 58 331 332
f 61 27 307
f 61 307 331
f 331 307 306
f 331 306 333
f 332 331 333
f 332 333 334
f 58 332 335
f 58 335 64
f 332 334 336
f 332 336 335
f 335 336 337
f 335 337 338
f 64 335 338
f 64 338 66
f 339 340 341
f 339 341 342
f 340 317 316
f 340 316 341
f 341 316 291
f 341 291 330
f 342 341 330
f 342 330 328
f 339 342 343
f 339 343 344
f 342 328 327
f 342 327 343
f 343 327 326
f 343 326 345
f 344 343 345
f 344 345 346
f 339 344 347
f 339 347 348
f 344 346 349
f 344 349 347
f 347 349 337
f 347 337 336
f 348 347 336
f 348 336 334
f 339 348 350
f 339 350 340
f 348 334 333
f 348 333 350
f 350 333 306
f 350 306 320
f 340 350 320
f 340 320 317
f 82 351 352
f 82 352 83
f 351 353 354
f 351 354 352
f 352 354 326
f 352 326 325
f 83 352 325
f 83 325 54
f 88 91 355
f 88 355 356
f 91 66 338
f 91 338 355
f 355 338 337
f 355 337 357
f 356 355 357
f 356 357 358
f 359 360 361
f 359 361 362
f 360 346 345
f 360 345 361
f 361 345 326
f 361 326 354
f 362 361 354
f 362 354 353
f 359 363 364
f 359 364 360
f 363 358 357
f 363 357 364
f 364 357 337
f 364 337 349
f 360 364 349
f 360 349 346
f 365 366 367
f 365 367 368
f 366 369 370
f 366 370 367
f 367 370 371
f 367 371 372
f 368 367 372
f 368 372 373
f 374 375 376
f 374 376 377
f 375 378 379
f 375 379 376
f 376 379 296
f 376 296 313
f 377 376 313
f 377 313 312
f 374 377 380
f 374 380 381
f 377 312 322
f 377 322 380
f 380 322 301
f 380 301 382
f 381 380 382
f 381 382 383
f 365 384 385
f 365 385 366
f 384 386 387
f 384 387 385
f 385 387 388
f 385 388 389
f 366 385 389
f 366 389 369
f 125 128 390
f 125 390 391
f 128 130 392
f 128 392 390
f 390 392 388
f 390 388 387
f 391 390 387
f 391 387 386
f 131 393 394
f 131 394 132
f 393 383 382
f 393 382 394
f 394 382 301
f 394 301 300
f 132 394 300
f 132 300 24
f 135 138 395
f 135 395 396
f 138 12 297
f 138 297 395
f 395 297 296
f 395 296 379
f 396 395 379
f 396 379 378
f 139 397 398
f 139 398 140
f 397 373 372
f 397 372 398
f 398 372 371
f 398 371 399
f 140 398 399
f 140 399 143
f 145 400 401
f 145 401 146
f 400 402 403
f 400 403 401
f 401 403 373
f 401 373 397
f 146 401 397
f 146 397 139
f 151 154 404
f 151 404 405
f 154 125 391
f 154 391 404
f 404 391 386
f 404 386 406
f 405 404 406
f 405 406 407
f 408 409 410
f 408 410 411
f 409 407 406
f 409 406 410
f 410 406 386
f 410 386 384
f 411 410 384
f 411 384 365
f 408 411 412
f 408 412 413
f 411 365 368
f 411 368 412
f 412 368 373
f 412 373 403
f 413 412 403
f 413 403 402
f 374 414 415
f 374 415 375
f 414 408 413
f 414 413 415
f 415 413 402
f 415 402 416
f 375 415 416
f 375 416 378
f 374 381 417
f 374 417 414
f 381 383 418
f 381 418 417
f 417 418 407
f 417 407 409
f 414 417 409
f 414 409 408
f 131 169 419
f 131 419 393
f 169 151 405
f 169 405 419
f 419 405 407
f 419 407 418
f 393 419 418
f 393 418 383
f 135 396 420
f 135 420 170
f 396 378 416
f 396 416 420
f 420 416 402
f 420 402 400
f 170 420 400
f 170 400 145
f 421 422 423
f 421 423 424
f 422 425 426
f 422 426 423
f 423 426 427
f 423 427 428
f 424 423 428
f 424 428 429
f 421 430 431
f 421 431 422
f 430 432 433
f 430 433 431
f 431 433 434
f 431 434 435
f 422 431 435
f 422 435 425
f 421 436 437
f 421 437 430
f 436 438 439
f 436 439 437
f 437 439 440
f 437 440 441
f 430 437 441
f 430 441 432
f 421 424 442
f 421 442 436
f 424 429 443
f 424 443 442
f 442 443 444
f 442 444 445
f 436 442 445
f 436 445 438
f 197 446 447
f 197 447 198
f 446 438 445
f 446 445 447
f 447 445 444
f 447 444 448
f 198 447 448
f 198 448 201
f 197 204 449
f 197 449 446
f 204 206 450
f 204 450 449
f 449 450 440
f 449 440 439
f 446 449 439
f 446 439 438
f 207 451 452
f 207 452 208
f 451 425 435
f 451 435 452
f 452 435 434
f 452 434 453
f 208 452 453
f 208 453 211
f 207 214 454
f 207 454 451
f 214 216 455
f 214 455 454
f 454 455 427
f 454 427 426
f 451 454 426
f 451 426 425
f 88 356 456
f 88 456 217
f 356 358 457
f 356 457 456
f 456 457 458
f 456 458 459
f 217 456 459
f 217 459 219
f 82 224 460
f 82 460 351
f 224 228 461
f 224 461 460
f 460 461 462
f 460 462 463
f 351 460 463
f 351 463 353
f 359 464 465
f 359 465 363
f 464 466 467
f 464 467 465
f 465 467 458
f 465 458 457
f 363 465 457
f 363 457 358
f 359 362 468
f 359 468 464
f 362 353 463
f 362 463 468
f 468 463 462
f 468 462 469
f 464 468 469
f 464 469 466
f 235 470 471
f 235 471 236
f 470 472 473
f 470 473 471
f 471 473 427
f 471 427 455
f 236 471 455
f 236 455 216
f 235 242 474
f 235 474 470
f 242 219 459
f 242 459 474
f 474 459 458
f 474 458 475
f 470 474 475
f 470 475 472
f 244 476 477
f 244 477 245
f 476 478 479
f 476 479 477
f 477 479 462
f 477 462 461
f 245 477 461
f 245 461 228
f 244 251 480
f 244 480 476
f 251 201 448
f 251 448 480
f 480 448 444
f 480 444 481
f 476 480 481
f 476 481 478
f 482 483 484
f 482 484 485
f 483 472 475
f 483 475 484
f 484 475 458
f 484 458 467
f 485 484 467
f 485 467 466
f 482 486 487
f 482 487 483
f 486 429 428
f 486 428 487
f 487 428 427
f 487 427 473
f 483 487 473
f 483 473 472
f 482 488 489
f 482 489 486
f 488 478 481
f 488 481 489
f 489 481 444
f 489 444 443
f 486 489 443
f 486 443 429
f 482 485 490
f 482 490 488
f 485 466 469
f 485 469 490
f 490 469 462
f 490 462 479
f 488 490 479
f 488 479 478
f 369 491 492
f 369 492 370
f 491 265 264
f 491 264 492
f 492 264 143
f 492 143 399
f 370 492 399
f 370 399 371
f 388 392 493
f 388 493 389
f 392 130 267
f 392 267 493
f 493 267 265
f 493 265 491
f 389 493 491
f 389 491 369
f 434 433 494
f 434 494 495
f 433 432 496
f 433 496 494
f 494 496 497
f 494 497 498
f 495 494 498
f 495 498 499
f 500 501 502
f 500 502 503
f 281 280 502
f 281 502 501
f 279 504 502
f 279 502 280
f 499 498 502
f 499 502 504
f 497 503 502
f 497 502 498
f 432 441 505
f 432 505 496
f 441 440 506
f 441 506 505
f 505 506 500
f 505 500 503
f 496 505 503
f 496 503 497
f 440 450 507
f 440 507 506
f 450 206 285
f 450 285 507
f 507 285 281
f 507 281 501
f 506 507 501
f 506 501 500
f 211 453 508
f 211 508 286
f 453 434 495
f 453 495 508
f 508 495 499
f 508 499 504
f 286 508 504
f 286 504 279
f 509 510 511
f 509 511 512
f 510 513 514
f 510 514 511
f 511 514 515
f 511 515 516
f 512 511 516
f 512 516 517
f 518 519 520
f 518 520 521
f 519 522 523
f 519 523 520
f 520 523 524
f 520 524 525
f 521 520 525
f 521 525 526
f 527 528 529
f 527 529 530
f 528 531 532
f 528 532 529
f 529 532 533
f 529 533 534
f 530 529 534
f 530 534 535
f 536 537 538
f 536 538 539
f 537 540 541
f 537 541 538
f 538 541 542
f 538 542 543
f 539 538 543
f 539 543 544
f 515 514 545
f 515 545 546
f 514 513 547
f 514 547 545
f 545 547 548
f 545 548 549
f 546 545 549
f 546 549 550
f 551 552 553
f 551 553 554
f 552 555 556
f 552 556 553
f 553 556 550
f 553 550 557
f 554 553 557
f 554 557 558
f 531 559 560
f 531 560 532
f 559 561 562
f 559 562 560
f 560 562 518
f 560 518 563
f 532 560 563
f 532 563 533
f 533 563 564
f 533 564 565
f 563 518 521
f 563 521 564
f 564 521 526
f 564 526 566
f 565 564 566
f 565 566 567
f 568 569 570
f 568 570 571
f 569 527 530
f 569 530 570
f 570 530 535
f 570 535 572
f 571 570 572
f 571 572 573
f 558 557 574
f 558 574 575
f 557 550 549
f 557 549 574
f 574 549 548
f 574 548 576
f 575 574 576
f 575 576 577
f 578 579 580
f 578 580 581
f 579 582 583
f 579 583 580
f 580 583 584
f 580 584 585
f 581 580 585
f 581 585 586
f 587 588 589
f 587 589 590
f 588 577 576
f 588 576 589
f 589 576 548
f 589 548 591
f 590 589 591
f 590 591 592
f 592 591 593
f 592 593 594
f 591 548 547
f 591 547 593
f 593 547 513
f 593 513 595
f 594 593 595
f 594 595 596
f 597 598 599
f 597 599 600
f 598 596 595
f 598 595 599
f 599 595 513
f 599 513 510
f 600 599 510
f 600 510 509
f 601 602 603
f 601 603 604
f 605 606 603
f 605 603 602
f 607 608 603
f 607 603 606
f 609 610 603
f 609 603 608
f 578 604 603
f 578 603 610
f 587 611 612
f 587 612 588
f 611 613 614
f 611 614 612
f 612 614 609
f 612 609 615
f 588 612 615
f 588 615 577
f 616 617 618
f 616 618 619
f 617 620 621
f 617 621 618
f 618 621 622
f 618 622 623
f 619 618 623
f 619 623 624
f 616 625 626
f 616 626 617
f 625 627 628
f 625 628 626
f 626 628 629
f 626 629 630
f 617 626 630
f 617 630 620
f 631 632 633
f 631 633 634
f 632 635 636
f 632 636 633
f 633 636 637
f 633 637 638
f 634 633 638
f 634 638 639
f 640 641 642
f 640 642 643
f 641 644 645
f 641 645 642
f 642 645 646
f 642 646 647
f 643 642 647
f 643 647 648
f 646 649 650
f 646 650 651
f 649 652 653
f 649 653 650
f 650 653 654
f 650 654 655
f 651 650 655
f 651 655 656
f 657 658 659
f 657 659 660
f 661 662 659
f 661 659 658
f 663 664 659
f 663 659 662
f 665 666 659
f 665 659 664
f 656 655 659
f 656 659 666
f 654 660 659
f 654 659 655
f 652 667 668
f 652 668 653
f 667 637 669
f 667 669 668
f 668 669 657
f 668 657 660
f 653 668 660
f 653 660 654
f 637 636 670
f 637 670 669
f 636 635 671
f 636 671 670
f 670 671 661
f 670 661 658
f 669 670 658
f 669 658 657
f 648 647 672
f 648 672 673
f 647 646 651
f 647 651 672
f 672 651 656
f 672 656 666
f 673 672 666
f 673 666 665
f 637 674 675
f 637 675 638
f 674 676 677
f 674 677 675
f 675 677 678
f 675 678 679
f 638 675 679
f 638 679 639
f 652 680 681
f 652 681 667
f 680 682 683
f 680 683 681
f 681 683 676
f 681 676 674
f 667 681 674
f 667 674 637
f 682 680 684
f 682 684 685
f 680 652 649
f 680 649 684
f 684 649 646
f 684 646 686
f 685 684 686
f 685 686 687
f 644 688 689
f 644 689 645
f 688 690 691
f 688 691 689
f 689 691 687
f 689 687 686
f 645 689 686
f 645 686 646
f 629 692 693
f 629 693 630
f 692 676 683
f 692 683 693
f 693 683 682
f 693 682 694
f 630 693 694
f 630 694 620
f 620 694 695
f 620 695 621
f 694 682 685
f 694 685 695
f 695 685 687
f 695 687 696
f 621 695 696
f 621 696 622
f 622 696 697
f 622 697 623
f 696 687 691
f 696 691 697
f 697 691 690
f 697 690 698
f 623 697 698
f 623 698 624
f 627 699 700
f 627 700 628
f 699 678 677
f 699 677 700
f 700 677 676
f 700 676 692
f 628 700 692
f 628 692 629
f 701 702 703
f 701 703 704
f 702 705 706
f 702 706 703
f 703 706 707
f 703 707 708
f 704 703 708
f 704 708 709
f 710 711 712
f 710 712 713
f 711 714 715
f 711 715 712
f 712 715 678
f 712 678 699
f 713 712 699
f 713 699 627
f 714 716 717
f 714 717 715
f 716 718 719
f 716 719 717
f 717 719 639
f 717 639 679
f 715 717 679
f 715 679 678
f 705 720 721
f 705 721 706
f 720 616 619
f 720 619 721
f 721 619 624
f 721 624 722
f 706 721 722
f 706 722 707
f 705 723 724
f 705 724 720
f 723 710 713
f 723 713 724
f 724 713 627
f 724 627 625
f 720 724 625
f 720 625 616
f 725 726 727
f 725 727 728
f 726 631 634
f 726 634 727
f 727 634 639
f 727 639 719
f 728 727 719
f 728 719 718
f 729 730 731
f 729 731 732
f 730 733 734
f 730 734 731
f 731 734 644
f 731 644 641
f 732 731 641
f 732 641 640
f 735 736 737
f 735 737 738
f 736 739 740
f 736 740 737
f 737 740 733
f 737 733 730
f 738 737 730
f 738 730 729
f 741 742 743
f 741 743 744
f 742 725 728
f 742 728 743
f 743 728 718
f 743 718 745
f 744 743 745
f 744 745 746
f 747 748 749
f 747 749 750
f 748 746 745
f 748 745 749
f 749 745 718
f 749 718 716
f 750 749 716
f 750 716 714
f 751 752 753
f 751 753 754
f 752 747 750
f 752 750 753
f 753 750 714
f 753 714 711
f 754 753 711
f 754 711 710
f 624 698 755
f 624 755 722
f 698 690 756
f 698 756 755
f 755 756 757
f 755 757 758
f 722 755 758
f 722 758 707
f 690 688 759
f 690 759 756
f 688 644 734
f 688 734 759
f 759 734 733
f 759 733 760
f 756 759 760
f 756 760 757
f 710 723 761
f 710 761 754
f 723 705 702
f 723 702 761
f 761 702 701
f 761 701 762
f 754 761 762
f 754 762 751
f 757 763 764
f 757 764 758
f 763 765 766
f 763 766 764
f 764 766 709
f 764 709 708
f 758 764 708
f 758 708 707
f 757 760 767
f 757 767 763
f 760 733 740
f 760 740 767
f 767 740 739
f 767 739 768
f 763 767 768
f 763 768 765
f 609 614 769
f 609 769 610
f 614 613 770
f 614 770 769
f 769 770 582
f 769 582 579
f 610 769 579
f 610 579 578
f 515 771 772
f 515 772 516
f 771 536 539
f 771 539 772
f 772 539 544
f 772 544 773
f 516 772 773
f 516 773 517
f 515 546 774
f 515 774 771
f 546 550 556
f 546 556 774
f 774 556 555
f 774 555 775
f 771 774 775
f 771 775 536
f 776 777 778
f 776 778 779
f 777 735 738
f 777 738 778
f 778 738 729
f 778 729 780
f 779 778 780
f 779 780 781
f 781 780 782
f 781 782 783
f 780 729 732
f 780 732 782
f 782 732 640
f 782 640 784
f 783 782 784
f 783 784 785
f 786 787 788
f 786 788 789
f 787 648 673
f 787 673 788
f 788 673 665
f 788 665 664
f 789 788 664
f 789 664 663
f 785 784 790
f 785 790 791
f 784 640 643
f 784 643 790
f 790 643 648
f 790 648 787
f 791 790 787
f 791 787 786
f 792 793 794
f 792 794 795
f 793 796 797
f 793 797 794
f 794 797 798
f 794 798 799
f 795 794 799
f 795 799 800
f 561 801 802
f 561 802 562
f 801 803 804
f 801 804 802
f 802 804 522
f 802 522 519
f 562 802 519
f 562 519 518
f 522 805 806
f 522 806 523
f 805 540 807
f 805 807 806
f 806 807 551
f 806 551 808
f 523 806 808
f 523 808 524
f 551 807 809
f 551 809 552
f 807 540 537
f 807 537 809
f 809 537 536
f 809 536 775
f 552 809 775
f 552 775 555
f 540 805 810
f 540 810 541
f 805 522 804
f 805 804 810
f 810 804 803
f 810 803 811
f 541 810 811
f 541 811 542
f 558 812 813
f 558 813 554
f 812 607 814
f 812 814 813
f 813 814 524
f 813 524 808
f 554 813 808
f 554 808 551
f 535 534 815
f 535 815 816
f 534 533 565
f 534 565 815
f 815 565 567
f 815 567 817
f 816 815 817
f 816 817 586
f 567 818 819
f 567 819 817
f 818 601 604
f 818 604 819
f 819 604 578
f 819 578 581
f 817 819 581
f 817 581 586
f 567 566 820
f 567 820 818
f 566 526 821
f 566 821 820
f 820 821 605
f 820 605 602
f 818 820 602
f 818 602 601
f 607 606 822
f 607 822 814
f 606 605 821
f 606 821 822
f 822 821 526
f 822 526 525
f 814 822 525
f 814 525 524
f 558 575 823
f 558 823 812
f 575 577 615
f 575 615 823
f 823 615 609
f 823 609 608
f 812 823 608
f 812 608 607
f 509 512 824
f 509 824 825
f 512 517 826
f 512 826 824
f 824 826 827
f 824 827 828
f 825 824 828
f 825 828 829
f 830 831 832
f 830 832 833
f 831 834 835
f 831 835 832
f 832 835 836
f 832 836 837
f 833 832 837
f 833 837 838
f 527 839 840
f 527 840 528
f 839 798 841
f 839 841 840
f 840 841 842
f 840 842 843
f 528 840 843
f 528 843 531
f 844 845 846
f 844 846 847
f 845 544 543
f 845 543 846
f 846 543 542
f 846 542 848
f 847 846 848
f 847 848 849
f 827 850 851
f 827 851 828
f 850 852 853
f 850 853 851
f 851 853 854
f 851 854 855
f 828 851 855
f 828 855 829
f 856 857 858
f 856 858 859
f 857 860 861
f 857 861 858
f 858 861 852
f 858 852 862
f 859 858 862
f 859 862 863
f 531 843 864
f 531 864 559
f 843 842 865
f 843 865 864
f 864 865 830
f 864 830 866
f 559 864 866
f 559 866 561
f 842 867 868
f 842 868 865
f 867 869 870
f 867 870 868
f 868 870 834
f 868 834 831
f 865 868 831
f 865 831 830
f 800 799 871
f 800 871 872
f 799 798 839
f 799 839 871
f 871 839 527
f 871 527 569
f 872 871 569
f 872 569 568
f 860 873 874
f 860 874 861
f 873 875 876
f 873 876 874
f 874 876 854
f 874 854 853
f 861 874 853
f 861 853 852
f 877 878 879
f 877 879 880
f 878 796 793
f 878 793 879
f 879 793 792
f 879 792 881
f 880 879 881
f 880 881 882
f 883 884 885
f 883 885 886
f 884 854 876
f 884 876 885
f 885 876 875
f 885 875 887
f 886 885 887
f 886 887 888
f 883 889 890
f 883 890 884
f 889 891 892
f 889 892 890
f 890 892 829
f 890 829 855
f 884 890 855
f 884 855 854
f 597 600 893
f 597 893 894
f 600 509 825
f 600 825 893
f 893 825 829
f 893 829 892
f 894 893 892
f 894 892 891
f 895 896 897
f 895 897 898
f 877 899 897
f 877 897 896
f 900 901 897
f 900 897 899
f 902 903 897
f 902 897 901
f 904 898 897
f 904 897 903
f 888 887 905
f 888 905 906
f 887 875 907
f 887 907 905
f 905 907 900
f 905 900 908
f 906 905 908
f 906 908 909
f 910 911 912
f 910 912 913
f 911 914 915
f 911 915 912
f 912 915 916
f 912 916 917
f 913 912 917
f 913 917 918
f 910 913 919
f 910 919 920
f 913 918 921
f 913 921 919
f 919 921 922
f 919 922 923
f 920 919 923
f 920 923 924
f 631 925 926
f 631 926 632
f 925 927 928
f 925 928 926
f 926 928 929
f 926 929 930
f 632 926 930
f 632 930 635
f 931 932 933
f 931 933 934
f 932 935 936
f 932 936 933
f 933 936 937
f 933 937 938
f 934 933 938
f 934 938 939
f 937 940 941
f 937 941 942
f 940 943 944
f 940 944 941
f 941 944 945
f 941 945 946
f 942 941 946
f 942 946 947
f 948 949 950
f 948 950 951
f 945 944 950
f 945 950 949
f 943 952 950
f 943 950 944
f 953 954 950
f 953 950 952
f 663 662 950
f 663 950 954
f 661 951 950
f 661 950 662
f 947 946 955
f 947 955 956
f 946 945 949
f 946 949 955
f 955 949 948
f 955 948 957
f 956 955 957
f 956 957 929
f 929 957 958
f 929 958 930
f 957 948 951
f 957 951 958
f 958 951 661
f 958 661 671
f 930 958 671
f 930 671 635
f 935 959 960
f 935 960 936
f 959 953 952
f 959 952 960
f 960 952 943
f 960 943 940
f 936 960 940
f 936 940 937
f 929 928 961
f 929 961 962
f 928 927 963
f 928 963 961
f 961 963 964
f 961 964 965
f 962 961 965
f 962 965 966
f 947 956 967
f 947 967 968
f 956 929 962
f 956 962 967
f 967 962 966
f 967 966 969
f 968 967 969
f 968 969 970
f 970 971 972
f 970 972 968
f 971 973 974
f 971 974 972
f 972 974 937
f 972 937 942
f 968 972 942
f 968 942 947
f 939 938 975
f 939 975 976
f 938 937 974
f 938 974 975
f 975 974 973
f 975 973 977
f 976 975 977
f 976 977 978
f 922 921 979
f 922 979 980
f 921 918 981
f 921 981 979
f 979 981 970
f 979 970 969
f 980 979 969
f 980 969 966
f 918 917 982
f 918 982 981
f 917 916 983
f 917 983 982
f 982 983 973
f 982 973 971
f 981 982 971
f 981 971 970
f 916 915 984
f 916 984 983
f 915 914 985
f 915 985 984
f 984 985 978
f 984 978 977
f 983 984 977
f 983 977 973
f 924 923 986
f 924 986 987
f 923 922 980
f 923 980 986
f 986 980 966
f 986 966 965
f 987 986 965
f 987 965 964
f 988 989 990
f 988 990 991
f 989 992 993
f 989 993 990
f 990 993 994
f 990 994 995
f 991 990 995
f 991 995 996
f 997 998 999
f 997 999 1000
f 998 924 987
f 998 987 999
f 999 987 964
f 999 964 1001
f 1000 999 1001
f 1000 1001 1002
f 1002 1001 1003
f 1002 1003 1004
f 1001 964 963
f 1001 963 1003
f 1003 963 927
f 1003 927 1005
f 1004 1003 1005
f 1004 1005 1006
f 996 995 1007
f 996 1007 1008
f 995 994 1009
f 995 1009 1007
f 1007 1009 914
f 1007 914 911
f 1008 1007 911
f 1008 911 910
f 996 1008 1010
f 996 1010 1011
f 1008 910 920
f 1008 920 1010
f 1010 920 924
f 1010 924 998
f 1011 1010 998
f 1011 998 997
f 725 1012 1013
f 725 1013 726
f 1012 1006 1005
f 1012 1005 1013
f 1013 1005 927
f 1013 927 925
f 726 1013 925
f 726 925 631
f 1014 1015 1016
f 1014 1016 1017
f 1015 931 934
f 1015 934 1016
f 1016 934 939
f 1016 939 1018
f 1017 1016 1018
f 1017 1018 1019
f 1020 1021 1022
f 1020 1022 1023
f 1021 1014 1017
f 1021 1017 1022
f 1022 1017 1019
f 1022 1019 1024
f 1023 1022 1024
f 1023 1024 1025
f 741 1026 1027
f 741 1027 742
f 1026 1028 1029
f 1026 1029 1027
f 1027 1029 1006
f 1027 1006 1012
f 742 1027 1012
f 742 1012 725
f 1030 1031 1032
f 1030 1032 1033
f 1031 1002 1004
f 1031 1004 1032
f 1032 1004 1006
f 1032 1006 1029
f 1033 1032 1029
f 1033 1029 1028
f 1034 1035 1036
f 1034 1036 1037
f 1035 997 1000
f 1035 1000 1036
f 1036 1000 1002
f 1036 1002 1031
f 1037 1036 1031
f 1037 1031 1030
f 914 1009 1038
f 914 1038 985
f 1009 994 1039
f 1009 1039 1038
f 1038 1039 1040
f 1038 1040 1041
f 985 1038 1041
f 985 1041 978
f 978 1041 1042
f 978 1042 976
f 1041 1040 1043
f 1041 1043 1042
f 1042 1043 1019
f 1042 1019 1018
f 976 1042 1018
f 976 1018 939
f 997 1035 1044
f 997 1044 1011
f 1035 1034 1045
f 1035 1045 1044
f 1044 1045 988
f 1044 988 991
f 1011 1044 991
f 1011 991 996
f 1040 1039 1046
f 1040 1046 1047
f 1039 994 993
f 1039 993 1046
f 1046 993 992
f 1046 992 1048
f 1047 1046 1048
f 1047 1048 1049
f 1040 1047 1050
f 1040 1050 1043
f 1047 1049 1051
f 1047 1051 1050
f 1050 1051 1025
f 1050 1025 1024
f 1043 1050 1024
f 1043 1024 1019
f 900 899 1052
f 900 1052 908
f 899 877 880
f 899 880 1052
f 1052 880 882
f 1052 882 1053
f 908 1052 1053
f 908 1053 909
f 827 826 1054
f 827 1054 1055
f 826 517 773
f 826 773 1054
f 1054 773 544
f 1054 544 845
f 1055 1054 845
f 1055 845 844
f 827 1055 1056
f 827 1056 850
f 1055 844 1057
f 1055 1057 1056
f 1056 1057 863
f 1056 863 862
f 850 1056 862
f 850 862 852
f 776 779 1058
f 776 1058 1059
f 779 781 1060
f 779 1060 1058
f 1058 1060 1014
f 1058 1014 1021
f 1059 1058 1021
f 1059 1021 1020
f 781 783 1061
f 781 1061 1060
f 783 785 1062
f 783 1062 1061
f 1061 1062 931
f 1061 931 1015
f 1060 1061 1015
f 1060 1015 1014
f 786 789 1063
f 786 1063 1064
f 789 663 954
f 789 954 1063
f 1063 954 953
f 1063 953 959
f 1064 1063 959
f 1064 959 935
f 785 791 1065
f 785 1065 1062
f 791 786 1064
f 791 1064 1065
f 1065 1064 935
f 1065 935 932
f 1062 1065 932
f 1062 932 931
f 561 866 1066
f 561 1066 801
f 866 830 833
f 866 833 1066
f 1066 833 838
f 1066 838 1067
f 801 1066 1067
f 801 1067 803
f 838 837 1068
f 838 1068 1069
f 837 836 1070
f 837 1070 1068
f 1068 1070 856
f 1068 856 1071
f 1069 1068 1071
f 1069 1071 849
f 856 859 1072
f 856 1072 1071
f 859 863 1057
f 859 1057 1072
f 1072 1057 844
f 1072 844 847
f 1071 1072 847
f 1071 847 849
f 849 848 1073
f 849 1073 1069
f 848 542 811
f 848 811 1073
f 1073 811 803
f 1073 803 1067
f 1069 1073 1067
f 1069 1067 838
f 860 857 1074
f 860 1074 1075
f 857 856 1070
f 857 1070 1074
f 1074 1070 836
f 1074 836 1076
f 1075 1074 1076
f 1075 1076 902
f 798 797 1077
f 798 1077 841
f 797 796 1078
f 797 1078 1077
f 1077 1078 869
f 1077 869 867
f 841 1077 867
f 841 867 842
f 869 1078 1079
f 869 1079 1080
f 1078 796 878
f 1078 878 1079
f 1079 878 877
f 1079 877 896
f 1080 1079 896
f 1080 896 895
f 869 1080 1081
f 869 1081 870
f 1080 895 898
f 1080 898 1081
f 1081 898 904
f 1081 904 1082
f 870 1081 1082
f 870 1082 834
f 902 1076 1083
f 902 1083 903
f 1076 836 835
f 1076 835 1083
f 1083 835 834
f 1083 834 1082
f 903 1083 1082
f 903 1082 904
f 860 1075 1084
f 860 1084 873
f 1075 902 901
f 1075 901 1084
f 1084 901 900
f 1084 900 907
f 873 1084 907
f 873 907 875
f 573 572 1085
f 573 1085 1086
f 572 535 816
f 572 816 1085
f 1085 816 586
f 1085 586 585
f 1086 1085 585
f 1086 585 584
f 1087 1088 1089
f 1087 1089 1090
f 1088 1091 1092
f 1088 1092 1089
f 1089 1092 1093
f 1089 1093 1094
f 1090 1089 1094
f 1090 1094 1095
f 1095 1094 1096
f 1095 1096 1097
f 1094 1093 1098
f 1094 1098 1096
f 1096 1098 1099
f 1096 1099 1100
f 1097 1096 1100
f 1097 1100 1101
f 1101 1100 1102
f 1101 1102 1103
f 1100 1099 1104
f 1100 1104 1102
f 1102 1104 1105
f 1102 1105 1106
f 1103 1102 1106
f 1103 1106 1107
f 1108 1109 1110
f 1108 1110 1111
f 1109 1112 1113
f 1109 1113 1110
f 1110 1113 1114
f 1110 1114 1115
f 1111 1110 1115
f 1111 1115 1116
f 1116 1115 1117
f 1116 1117 1118
f 1115 1114 1119
f 1115 1119 1117
f 1117 1119 1120
f 1117 1120 1121
f 1118 1117 1121
f 1118 1121 1122
f 1122 1121 1123
f 1122 1123 1124
f 1121 1120 1125
f 1121 1125 1123
f 1123 1125 1126
f 1123 1126 1127
f 1124 1123 1127
f 1124 1127 1128
f 1129 1130 1131
f 1129 1131 1132
f 1130 1126 1125
f 1130 1125 1131
f 1131 1125 1120
f 1131 1120 1133
f 1132 1131 1133
f 1132 1133 1134
f 1134 1133 1135
f 1134 1135 1136
f 1133 1120 1119
f 1133 1119 1135
f 1135 1119 1114
f 1135 1114 1137
f 1136 1135 1137
f 1136 1137 1138
f 1138 1137 1139
f 1138 1139 1140
f 1137 1114 1113
f 1137 1113 1139
f 1139 1113 1112
f 1139 1112 1141
f 1140 1139 1141
f 1140 1141 1142
f 1143 1144 1145
f 1143 1145 1146
f 1144 1105 1104
f 1144 1104 1145
f 1145 1104 1099
f 1145 1099 1147
f 1146 1145 1147
f 1146 1147 1148
f 1148 1147 1149
f 1148 1149 1150
f 1147 1099 1098
f 1147 1098 1149
f 1149 1098 1093
f 1149 1093 1151
f 1150 1149 1151
f 1150 1151 1152
f 1152 1151 1153
f 1152 1153 1154
f 1151 1093 1092
f 1151 1092 1153
f 1153 1092 1091
f 1153 1091 1155
f 1154 1153 1155
f 1154 1155 1156
f 1157 1158 1159
f 1157 1159 1160
f 1158 1108 1111
f 1158 1111 1159
f 1159 1111 1116
f 1159 1116 1161
f 1160 1159 1161
f 1160 1161 1162
f 1162 1161 1163
f 1162 1163 1164
f 1161 1116 1118
f 1161 1118 1163
f 1163 1118 1122
f 1163 1122 1165
f 1164 1163 1165
f 1164 1165 1166
f 1166 1165 1167
f 1166 1167 1168
f 1165 1122 1124
f 1165 1124 1167
f 1167 1124 1128
f 1167 1128 1169
f 1168 1167 1169
f 1168 1169 1170
f 1107 1171 1172
f 1107 1172 1103
f 1171 1173 1174
f 1171 1174 1172
f 1172 1174 1175
f 1172 1175 1176
f 1103 1172 1176
f 1103 1176 1101
f 1101 1176 1177
f 1101 1177 1097
f 1176 1175 1178
f 1176 1178 1177
f 1177 1178 1179
f 1177 1179 1180
f 1097 1177 1180
f 1097 1180 1095
f 1095 1180 1181
f 1095 1181 1090
f 1180 1179 1182
f 1180 1182 1181
f 1181 1182 1183
f 1181 1183 1184
f 1090 1181 1184
f 1090 1184 1087
f 1185 1186 1187
f 1185 1187 1188
f 1186 1183 1182
f 1186 1182 1187
f 1187 1182 1179
f 1187 1179 1189
f 1188 1187 1189
f 1188 1189 1190
f 1190 1189 1191
f 1190 1191 1192
f 1189 1179 1178
f 1189 1178 1191
f 1191 1178 1175
f 1191 1175 1193
f 1192 1191 1193
f 1192 1193 1194
f 1194 1193 1195
f 1194 1195 1196
f 1193 1175 1174
f 1193 1174 1195
f 1195 1174 1173
f 1195 1173 1197
f 1196 1195 1197
f 1196 1197 1198
f 1170 1199 1200
f 1170 1200 1168
f 1199 1185 1188
f 1199 1188 1200
f 1200 1188 1190
f 1200 1190 1201
f 1168 1200 1201
f 1168 1201 1166
f 1166 1201 1202
f 1166 1202 1164
f 1201 1190 1192
f 1201 1192 1202
f 1202 1192 1194
f 1202 1194 1203
f 1164 1202 1203
f 1164 1203 1162
f 1162 1203 1204
f 1162 1204 1160
f 1203 1194 1196
f 1203 1196 1204
f 1204 1196 1198
f 1204 1198 1205
f 1160 1204 1205
f 1160 1205 1157
f 1206 1207 1208
f 1206 1208 1209
f 1207 1210 1211
f 1207 1211 1208
f 1208 1211 1212
f 1208 1212 1213
f 1209 1208 1213
f 1209 1213 1214
f 1214 1213 1215
f 1214 1215 1216
f 1213 1212 1217
f 1213 1217 1215
f 1215 1217 1218
f 1215 1218 1219
f 1216 1215 1219
f 1216 1219 1220
f 1220 1219 1221
f 1220 1221 1222
f 1219 1218 1223
f 1219 1223 1221
f 1221 1223 1224
f 1221 1224 1225
f 1222 1221 1225
f 1222 1225 1226
f 1227 1228 1229
f 1227 1229 1230
f 1228 1231 1232
f 1228 1232 1229
f 1229 1232 1233
f 1229 1233 1234
f 1230 1229 1234
f 1230 1234 1235
f 1235 1234 1236
f 1235 1236 1237
f 1234 1233 1238
f 1234 1238 1236
f 1236 1238 1239
f 1236 1239 1240
f 1237 1236 1240
f 1237 1240 1241
f 1241 1240 1242
f 1241 1242 1243
f 1240 1239 1244
f 1240 1244 1242
f 1242 1244 1245
f 1242 1245 1246
f 1243 1242 1246
f 1243 1246 1247
f 1248 1249 1250
f 1248 1250 1251
f 1249 1245 1244
f 1249 1244 1250
f 1250 1244 1239
f 1250 1239 1252
f 1251 1250 1252
f 1251 1252 1253
f 1253 1252 1254
f 1253 1254 1255
f 1252 1239 1238
f 1252 1238 1254
f 1254 1238 1233
f 1254 1233 1256
f 1255 1254 1256
f 1255 1256 1257
f 1257 1256 1258
f 1257 1258 1259
f 1256 1233 1232
f 1256 1232 1258
f 1258 1232 1231
f 1258 1231 1260
f 1259 1258 1260
f 1259 1260 1261
f 1262 1263 1264
f 1262 1264 1265
f 1263 1224 1223
f 1263 1223 1264
f 1264 1223 1218
f 1264 1218 1266
f 1265 1264 1266
f 1265 1266 1267
f 1267 1266 1268
f 1267 1268 1269
f 1266 1218 1217
f 1266 1217 1268
f 1268 1217 1212
f 1268 1212 1270
f 1269 1268 1270
f 1269 1270 1271
f 1271 1270 1272
f 1271 1272 1273
f 1270 1212 1211
f 1270 1211 1272
f 1272 1211 1210
f 1272 1210 1274
f 1273 1272 1274
f 1273 1274 1275
f 1276 1277 1278
f 1276 1278 1279
f 1277 1227 1230
f 1277 1230 1278
f 1278 1230 1235
f 1278 1235 1280
f 1279 1278 1280
f 1279 1280 1281
f 1281 1280 1282
f 1281 1282 1283
f 1280 1235 1237
f 1280 1237 1282
f 1282 1237 1241
f 1282 1241 1284
f 1283 1282 1284
f 1283 1284 1285
f 1285 1284 1286
f 1285 1286 1287
f 1284 1241 1243
f 1284 1243 1286
f 1286 1243 1247
f 1286 1247 1288
f 1287 1286 1288
f 1287 1288 1289
f 1226 1290 1291
f 1226 1291 1222
f 1290 1292 1293
f 1290 1293 1291
f 1291 1293 1294
f 1291 1294 1295
f 1222 1291 1295
f 1222 1295 1220
f 1220 1295 1296
f 1220 1296 1216
f 1295 1294 1297
f 1295 1297 1296
f 1296 1297 1298
f 1296 1298 1299
f 1216 1296 1299
f 1216 1299 1214
f 1214 1299 1300
f 1214 1300 1209
f 1299 1298 1301
f 1299 1301 1300
f 1300 1301 1302
f 1300 1302 1303
f 1209 1300 1303
f 1209 1303 1206
f 1304 1305 1306
f 1304 1306 1307
f 1305 1302 1301
f 1305 1301 1306
f 1306 1301 1298
f 1306 1298 1308
f 1307 1306 1308
f 1307 1308 1309
f 1309 1308 1310
f 1309 1310 1311
f 1308 1298 1297
f 1308 1297 1310
f 1310 1297 1294
f 1310 1294 1312
f 1311 1310 1312
f 1311 1312 1313
f 1313 1312 1314
f 1313 1314 1315
f 1312 1294 1293
f 1312 1293 1314
f 1314 1293 1292
f 1314 1292 1316
f 1315 1314 1316
f 1315 1316 1317
f 1289 1318 1319
f 1289 1319 1287
f 1318 1304 1307
f 1318 1307 1319
f 1319 1307 1309
f 1319 1309 1320
f 1287 1319 1320
f 1287 1320 1285
f 1285 1320 1321
f 1285 1321 1283
f 1320 1309 1311
f 1320 1311 1321
f 1321 1311 1313
f 1321 1313 1322
f 1283 1321 1322
f 1283 1322 1281
f 1281 1322 1323
f 1281 1323 1279
f 1322 1313 1315
f 1322 1315 1323
f 1323 1315 1317
f 1323 1317 1324
f 1279 1323 1324
f 1279 1324 1276
f 1325 1326 1327
f 1325 1327 1328
f 1326 1143 1146
f 1326 1146 1327
f 1327 1146 1148
f 1327 1148 1329
f 1328 1327 1329
f 1328 1329 1330
f 1330 1329 1331
f 1330 1331 1332
f 1329 1148 1150
f 1329 1150 1331
f 1331 1150 1152
f 1331 1152 1333
f 1332 1331 1333
f 1332 1333 1334
f 1334 1333 1335
f 1334 1335 1336
f 1333 1152 1154
f 1333 1154 1335
f 1335 1154 1156
f 1335 1156 1337
f 1336 1335 1337
f 1336 1337 1338
f 1339 1340 1341
f 1339 1341 1342
f 1340 1262 1265
f 1340 1265 1341
f 1341 1265 1267
f 1341 1267 1343
f 1342 1341 1343
f 1342 1343 1344
f 1344 1343 1345
f 1344 1345 1346
f 1343 1267 1269
f 1343 1269 1345
f 1345 1269 1271
f 1345 1271 1347
f 1346 1345 1347
f 1346 1347 1348
f 1348 1347 1349
f 1348 1349 1350
f 1347 1271 1273
f 1347 1273 1349
f 1349 1273 1275
f 1349 1275 1351
f 1350 1349 1351
f 1350 1351 1352
f 1353 1354 1355
f 1353 1355 1356
f 1354 1357 1358
f 1354 1358 1355
f 1355 1358 1359
f 1355 1359 1360
f 1356 1355 1360
f 1356 1360 1361
f 1361 1360 1362
f 1361 1362 1363
f 1360 1359 1364
f 1360 1364 1362
f 1362 1364 1365
f 1362 1365 1366
f 1363 1362 1366
f 1363 1366 1367
f 1367 1366 1368
f 1367 1368 1369
f 1366 1365 1370
f 1366 1370 1368
f 1368 1370 1371
f 1368 1371 1372
f 1369 1368 1372
f 1369 1372 1373
f 1374 1375 1376
f 1374 1376 1377
f 1375 1378 1379
f 1375 1379 1376
f 1376 1379 1380
f 1376 1380 1381
f 1377 1376 1381
f 1377 1381 1382
f 1382 1381 1383
f 1382 1383 1384
f 1381 1380 1385
f 1381 1385 1383
f 1383 1385 1386
f 1383 1386 1387
f 1384 1383 1387
f 1384 1387 1388
f 1388 1387 1389
f 1388 1389 1390
f 1387 1386 1391
f 1387 1391 1389
f 1389 1391 1392
f 1389 1392 1393
f 1390 1389 1393
f 1390 1393 1394
f 1142 1395 1396
f 1142 1396 1140
f 1395 1392 1391
f 1395 1391 1396
f 1396 1391 1386
f 1396 1386 1397
f 1140 1396 1397
f 1140 1397 1138
f 1138 1397 1398
f 1138 1398 1136
f 1397 1386 1385
f 1397 1385 1398
f 1398 1385 1380
f 1398 1380 1399
f 1136 1398 1399
f 1136 1399 1134
f 1134 1399 1400
f 1134 1400 1132
f 1399 1380 1379
f 1399 1379 1400
f 1400 1379 1378
f 1400 1378 1401
f 1132 1400 1401
f 1132 1401 1129
f 1402 1403 1404
f 1402 1404 1405
f 1403 1371 1370
f 1403 1370 1404
f 1404 1370 1365
f 1404 1365 1406
f 1405 1404 1406
f 1405 1406 1407
f 1407 1406 1408
f 1407 1408 1409
f 1406 1365 1364
f 1406 1364 1408
f 1408 1364 1359
f 1408 1359 1410
f 1409 1408 1410
f 1409 1410 1411
f 1411 1410 1412
f 1411 1412 1413
f 1410 1359 1358
f 1410 1358 1412
f 1412 1358 1357
f 1412 1357 1414
f 1413 1412 1414
f 1413 1414 1415
f 1416 1417 1418
f 1416 1418 1419
f 1417 1374 1377
f 1417 1377 1418
f 1418 1377 1382
f 1418 1382 1420
f 1419 1418 1420
f 1419 1420 1421
f 1421 1420 1422
f 1421 1422 1423
f 1420 1382 1384
f 1420 1384 1422
f 1422 1384 1388
f 1422 1388 1424
f 1423 1422 1424
f 1423 1424 1425
f 1425 1424 1426
f 1425 1426 1427
f 1424 1388 1390
f 1424 1390 1426
f 1426 1390 1394
f 1426 1394 1428
f 1427 1426 1428
f 1427 1428 1429
f 1373 1430 1431
f 1373 1431 1369
f 1430 1432 1433
f 1430 1433 1431
f 1431 1433 1434
f 1431 1434 1435
f 1369 1431 1435
f 1369 1435 1367
f 1367 1435 1436
f 1367 1436 1363
f 1435 1434 1437
f 1435 1437 1436
f 1436 1437 1438
f 1436 1438 1439
f 1363 1436 1439
f 1363 1439 1361
f 1361 1439 1440
f 1361 1440 1356
f 1439 1438 1441
f 1439 1441 1440
f 1440 1441 1442
f 1440 1442 1443
f 1356 1440 1443
f 1356 1443 1353
f 1444 1445 1446
f 1444 1446 1447
f 1445 1442 1441
f 1445 1441 1446
f 1446 1441 1438
f 1446 1438 1448
f 1447 1446 1448
f 1447 1448 1449
f 1449 1448 1450
f 1449 1450 1451
f 1448 1438 1437
f 1448 1437 1450
f 1450 1437 1434
f 1450 1434 1452
f 1451 1450 1452
f 1451 1452 1453
f 1453 1452 1454
f 1453 1454 1455
f 1452 1434 1433
f 1452 1433 1454
f 1454 1433 1432
f 1454 1432 1456
f 1455 1454 1456
f 1455 1456 1457
f 1429 1458 1459
f 1429 1459 1427
f 1458 1444 1447
f 1458 1447 1459
f 1459 1447 1449
f 1459 1449 1460
f 1427 1459 1460
f 1427 1460 1425
f 1425 1460 1461
f 1425 1461 1423
f 1460 1449 1451
f 1460 1451 1461
f 1461 1451 1453
f 1461 1453 1462
f 1423 1461 1462
f 1423 1462 1421
f 1421 1462 1463
f 1421 1463 1419
f 1462 1453 1455
f 1462 1455 1463
f 1463 1455 1457
f 1463 1457 1464
f 1419 1463 1464
f 1419 1464 1416
f 1465 1466 1467
f 1465 1467 1468
f 1466 1469 1470
f 1466 1470 1467
f 1467 1470 1471
f 1467 1471 1472
f 1468 1467 1472
f 1468 1472 1473
f 1473 1472 1474
f 1473 1474 1475
f 1472 1471 1476
f 1472 1476 1474
f 1474 1476 1477
f 1474 1477 1478
f 1475 1474 1478
f 1475 1478 1479
f 1479 1478 1480
f 1479 1480 1481
f 1478 1477 1482
f 1478 1482 1480
f 1480 1482 1483
f 1480 1483 1484
f 1481 1480 1484
f 1481 1484 1485
f 1486 1487 1488
f 1486 1488 1489
f 1487 1490 1491
f 1487 1491 1488
f 1488 1491 1492
f 1488 1492 1493
f 1489 1488 1493
f 1489 1493 1494
f 1494 1493 1495
f 1494 1495 1496
f 1493 1492 1497
f 1493 1497 1495
f 1495 1497 1498
f 1495 1498 1499
f 1496 1495 1499
f 1496 1499 1500
f 1500 1499 1501
f 1500 1501 1502
f 1499 1498 1503
f 1499 1503 1501
f 1501 1503 1504
f 1501 1504 1505
f 1502 1501 1505
f 1502 1505 1506
f 1261 1507 1508
f 1261 1508 1259
f 1507 1504 1503
f 1507 1503 1508
f 1508 1503 1498
f 1508 1498 1509
f 1259 1508 1509
f 1259 1509 1257
f 1257 1509 1510
f 1257 1510 1255
f 1509 1498 1497
f 1509 1497 1510
f 1510 1497 1492
f 1510 1492 1511
f 1255 1510 1511
f 1255 1511 1253
f 1253 1511 1512
f 1253 1512 1251
f 1511 1492 1491
f 1511 1491 1512
f 1512 1491 1490
f 1512 1490 1513
f 1251 1512 1513
f 1251 1513 1248
f 1514 1515 1516
f 1514 1516 1517
f 1515 1483 1482
f 1515 1482 1516
f 1516 1482 1477
f 1516 1477 1518
f 1517 1516 1518
f 1517 1518 1519
f 1519 1518 1520
f 1519 1520 1521
f 1518 1477 1476
f 1518 1476 1520
f 1520 1476 1471
f 1520 1471 1522
f 1521 1520 1522
f 1521 1522 1523
f 1523 1522 1524
f 1523 1524 1525
f 1522 1471 1470
f 1522 1470 1524
f 1524 1470 1469
f 1524 1469 1526
f 1525 1524 1526
f 1525 1526 1527
f 1528 1529 1530
f 1528 1530 1531
f 1529 1486 1489
f 1529 1489 1530
f 1530 1489 1494
f 1530 1494 1532
f 1531 1530 1532
f 1531 1532 1533
f 1533 1532 1534
f 1533 1534 1535
f 1532 1494 1496
f 1532 1496 1534
f 1534 1496 1500
f 1534 1500 1536
f 1535 1534 1536
f 1535 1536 1537
f 1537 1536 1538
f 1537 1538 1539
f 1536 1500 1502
f 1536 1502 1538
f 1538 1502 1506
f 1538 1506 1540
f 1539 1538 1540
f 1539 1540 1541
f 1485 1542 1543
f 1485 1543 1481
f 1542 1544 1545
f 1542 1545 1543
f 1543 1545 1546
f 1543 1546 1547
f 1481 1543 1547
f 1481 1547 1479
f 1479 1547 1548
f 1479 1548 1475
f 1547 1546 1549
f 1547 1549 1548
f 1548 1549 1550
f 1548 1550 1551
f 1475 1548 1551
f 1475 1551 1473
f 1473 1551 1552
f 1473 1552 1468
f 1551 1550 1553
f 1551 1553 1552
f 1552 1553 1554
f 1552 1554 1555
f 1468 1552 1555
f 1468 1555 1465
f 1556 1557 1558
f 1556 1558 1559
f 1557 1554 1553
f 1557 1553 1558
f 1558 1553 1550
f 1558 1550 1560
f 1559 1558 1560
f 1559 1560 1561
f 1561 1560 1562
f 1561 1562 1563
f 1560 1550 1549
f 1560 1549 1562
f 1562 1549 1546
f 1562 1546 1564
f 1563 1562 1564
f 1563 1564 1565
f 1565 1564 1566
f 1565 1566 1567
f 1564 1546 1545
f 1564 1545 1566
f 1566 1545 1544
f 1566 1544 1568
f 1567 1566 1568
f 1567 1568 1569
f 1541 1570 1571
f 1541 1571 1539
f 1570 1556 1559
f 1570 1559 1571
f 1571 1559 1561
f 1571 1561 1572
f 1539 1571 1572
f 1539 1572 1537
f 1537 1572 1573
f 1537 1573 1535
f 1572 1561 1563
f 1572 1563 1573
f 1573 1563 1565
f 1573 1565 1574
f 1535 1573 1574
f 1535 1574 1533
f 1533 1574 1575
f 1533 1575 1531
f 1574 1565 1567
f 1574 1567 1575
f 1575 1567 1569
f 1575 1569 1576
f 1531 1575 1576
f 1531 1576 1528
f 1338 1577 1578
f 1338 1578 1336
f 1577 1402 1405
f 1577 1405 1578
f 1578 1405 1407
f 1578 1407 1579
f 1336 1578 1579
f 1336 1579 1334
f 1334 1579 1580
f 1334 1580 1332
f 1579 1407 1409
f 1579 1409 1580
f 1580 1409 1411
f 1580 1411 1581
f 1332 1580 1581
f 1332 1581 1330
f 1330 1581 1582
f 1330 1582 1328
f 1581 1411 1413
f 1581 1413 1582
f 1582 1413 1415
f 1582 1415 1583
f 1328 1582 1583
f 1328 1583 1325
f 1352 1584 1585
f 1352 1585 1350
f 1584 1514 1517
f 1584 1517 1585
f 1585 1517 1519
f 1585 1519 1586
f 1350 1585 1586
f 1350 1586 1348
f 1348 1586 1587
f 1348 1587 1346
f 1586 1519 1521
f 1586 1521 1587
f 1587 1521 1523
f 1587 1523 1588
f 1346 1587 1588
f 1346 1588 1344
f 1344 1588 1589
f 1344 1589 1342
f 1588 1523 1525
f 1588 1525 1589
f 1589 1525 1527
f 1589 1527 1590
f 1342 1589 1590
f 1342 1590 1339
f 1107 1106 1591
f 1107 1591 1592
f 1106 1105 1593
f 1106 1593 1591
f 1591 1593 1210
f 1591 1210 1207
f 1592 1591 1207
f 1592 1207 1206
f 765 768 1594
f 765 1594 1595
f 768 739 1596
f 768 1596 1594
f 1594 1596 1091
f 1594 1091 1088
f 1595 1594 1088
f 1595 1088 1087
f 1210 1593 1597
f 1210 1597 1274
f 1593 1105 1144
f 1593 1144 1597
f 1597 1144 1143
f 1597 1143 1598
f 1274 1597 1598
f 1274 1598 1275
f 1156 1155 1599
f 1156 1599 1600
f 1155 1091 1596
f 1155 1596 1599
f 1599 1596 739
f 1599 739 736
f 1600 1599 736
f 1600 736 735
f 1128 1127 1601
f 1128 1601 1602
f 1127 1126 1603
f 1127 1603 1601
f 1601 1603 746
f 1601 746 748
f 1602 1601 748
f 1602 748 747
f 1142 1141 1604
f 1142 1604 1605
f 1141 1112 1606
f 1141 1606 1604
f 1604 1606 1245
f 1604 1245 1249
f 1605 1604 1249
f 1605 1249 1248
f 1245 1606 1607
f 1245 1607 1246
f 1606 1112 1109
f 1606 1109 1607
f 1607 1109 1108
f 1607 1108 1608
f 1246 1607 1608
f 1246 1608 1247
f 1129 1609 1610
f 1129 1610 1130
f 1609 741 744
f 1609 744 1610
f 1610 744 746
f 1610 746 1603
f 1130 1610 1603
f 1130 1603 1126
f 1108 1158 1611
f 1108 1611 1608
f 1158 1157 1612
f 1158 1612 1611
f 1611 1612 1289
f 1611 1289 1288
f 1608 1611 1288
f 1608 1288 1247
f 1170 1169 1613
f 1170 1613 1614
f 1169 1128 1602
f 1169 1602 1613
f 1613 1602 747
f 1613 747 752
f 1614 1613 752
f 1614 752 751
f 709 766 1615
f 709 1615 1616
f 766 765 1595
f 766 1595 1615
f 1615 1595 1087
f 1615 1087 1184
f 1616 1615 1184
f 1616 1184 1183
f 1302 1617 1618
f 1302 1618 1303
f 1617 1173 1171
f 1617 1171 1618
f 1618 1171 1107
f 1618 1107 1592
f 1303 1618 1592
f 1303 1592 1206
f 1198 1197 1619
f 1198 1619 1620
f 1197 1173 1617
f 1197 1617 1619
f 1619 1617 1302
f 1619 1302 1305
f 1620 1619 1305
f 1620 1305 1304
f 751 762 1621
f 751 1621 1614
f 762 701 1622
f 762 1622 1621
f 1621 1622 1185
f 1621 1185 1199
f 1614 1621 1199
f 1614 1199 1170
f 701 704 1623
f 701 1623 1622
f 704 709 1616
f 704 1616 1623
f 1623 1616 1183
f 1623 1183 1186
f 1622 1623 1186
f 1622 1186 1185
f 1289 1612 1624
f 1289 1624 1318
f 1612 1157 1205
f 1612 1205 1624
f 1624 1205 1198
f 1624 1198 1620
f 1318 1624 1620
f 1318 1620 1304
f 582 1625 1626
f 582 1626 583
f 1625 1226 1225
f 1625 1225 1626
f 1626 1225 1224
f 1626 1224 1627
f 583 1626 1627
f 583 1627 584
f 613 1628 1629
f 613 1629 770
f 1628 1292 1290
f 1628 1290 1629
f 1629 1290 1226
f 1629 1226 1625
f 770 1629 1625
f 770 1625 582
f 584 1627 1630
f 584 1630 1086
f 1627 1224 1263
f 1627 1263 1630
f 1630 1263 1262
f 1630 1262 1631
f 1086 1630 1631
f 1086 1631 573
f 596 1632 1633
f 596 1633 594
f 1632 1231 1228
f 1632 1228 1633
f 1633 1228 1227
f 1633 1227 1634
f 594 1633 1634
f 594 1634 592
f 587 590 1635
f 587 1635 1636
f 592 1634 1635
f 592 1635 590
f 1227 1277 1635
f 1227 1635 1634
f 1276 1324 1635
f 1276 1635 1277
f 1317 1636 1635
f 1317 1635 1324
f 1231 1632 1637
f 1231 1637 1260
f 1632 596 598
f 1632 598 1637
f 1637 598 597
f 1637 597 1638
f 1260 1637 1638
f 1260 1638 1261
f 587 1636 1639
f 587 1639 611
f 1636 1317 1316
f 1636 1316 1639
f 1639 1316 1292
f 1639 1292 1628
f 611 1639 1628
f 611 1628 613
f 1275 1598 1640
f 1275 1640 1351
f 1598 1143 1326
f 1598 1326 1640
f 1640 1326 1325
f 1640 1325 1641
f 1351 1640 1641
f 1351 1641 1352
f 1338 1337 1642
f 1338 1642 1643
f 1337 1156 1600
f 1337 1600 1642
f 1642 1600 735
f 1642 735 777
f 1643 1642 777
f 1643 777 776
f 573 1631 1644
f 573 1644 571
f 1631 1262 1340
f 1631 1340 1644
f 1644 1340 1339
f 1644 1339 1645
f 571 1644 1645
f 571 1645 568
f 1129 1401 1646
f 1129 1646 1609
f 1401 1378 1647
f 1401 1647 1646
f 1646 1647 1028
f 1646 1028 1026
f 1609 1646 1026
f 1609 1026 741
f 1142 1605 1648
f 1142 1648 1395
f 1605 1248 1513
f 1605 1513 1648
f 1648 1513 1490
f 1648 1490 1649
f 1395 1648 1649
f 1395 1649 1392
f 1338 1643 1650
f 1338 1650 1577
f 1643 776 1059
f 1643 1059 1650
f 1650 1059 1020
f 1650 1020 1651
f 1577 1650 1651
f 1577 1651 1402
f 1514 1584 1652
f 1514 1652 1653
f 1584 1352 1641
f 1584 1641 1652
f 1652 1641 1325
f 1652 1325 1583
f 1653 1652 1583
f 1653 1583 1415
f 800 872 1654
f 800 1654 1655
f 872 568 1645
f 872 1645 1654
f 1654 1645 1339
f 1654 1339 1590
f 1655 1654 1590
f 1655 1590 1527
f 1504 1507 1656
f 1504 1656 1657
f 1507 1261 1638
f 1507 1638 1656
f 1656 1638 597
f 1656 597 894
f 1657 1656 894
f 1657 894 891
f 1353 1658 1659
f 1353 1659 1354
f 1658 1485 1484
f 1658 1484 1659
f 1659 1484 1483
f 1659 1483 1660
f 1354 1659 1660
f 1354 1660 1357
f 1402 1651 1661
f 1402 1661 1403
f 1651 1020 1023
f 1651 1023 1661
f 1661 1023 1025
f 1661 1025 1662
f 1403 1661 1662
f 1403 1662 1371
f 1049 1663 1664
f 1049 1664 1051
f 1663 1373 1372
f 1663 1372 1664
f 1664 1372 1371
f 1664 1371 1662
f 1051 1664 1662
f 1051 1662 1025
f 1483 1515 1665
f 1483 1665 1660
f 1515 1514 1653
f 1515 1653 1665
f 1665 1653 1415
f 1665 1415 1414
f 1660 1665 1414
f 1660 1414 1357
f 1374 1666 1667
f 1374 1667 1375
f 1666 1030 1033
f 1666 1033 1667
f 1667 1033 1028
f 1667 1028 1647
f 1375 1667 1647
f 1375 1647 1378
f 1490 1487 1668
f 1490 1668 1649
f 1487 1486 1669
f 1487 1669 1668
f 1668 1669 1394
f 1668 1394 1393
f 1649 1668 1393
f 1649 1393 1392
f 1394 1669 1670
f 1394 1670 1428
f 1669 1486 1529
f 1669 1529 1670
f 1670 1529 1528
f 1670 1528 1671
f 1428 1670 1671
f 1428 1671 1429
f 1416 1672 1673
f 1416 1673 1417
f 1672 1034 1037
f 1672 1037 1673
f 1673 1037 1030
f 1673 1030 1666
f 1417 1673 1666
f 1417 1666 1374
f 992 1674 1675
f 992 1675 1048
f 1674 1432 1430
f 1674 1430 1675
f 1675 1430 1373
f 1675 1373 1663
f 1048 1675 1663
f 1048 1663 1049
f 1544 1542 1676
f 1544 1676 1677
f 1542 1485 1658
f 1542 1658 1676
f 1676 1658 1353
f 1676 1353 1443
f 1677 1676 1443
f 1677 1443 1442
f 1444 1678 1679
f 1444 1679 1445
f 1678 1569 1568
f 1678 1568 1679
f 1679 1568 1544
f 1679 1544 1677
f 1445 1679 1677
f 1445 1677 1442
f 988 1680 1681
f 988 1681 989
f 1680 1457 1456
f 1680 1456 1681
f 1681 1456 1432
f 1681 1432 1674
f 989 1681 1674
f 989 1674 992
f 1528 1576 1682
f 1528 1682 1671
f 1576 1569 1678
f 1576 1678 1682
f 1682 1678 1444
f 1682 1444 1458
f 1671 1682 1458
f 1671 1458 1429
f 1034 1672 1683
f 1034 1683 1045
f 1672 1416 1464
f 1672 1464 1683
f 1683 1464 1457
f 1683 1457 1680
f 1045 1683 1680
f 1045 1680 988
f 909 1053 1684
f 909 1684 1685
f 1053 882 1686
f 1053 1686 1684
f 1684 1686 1465
f 1684 1465 1555
f 1685 1684 1555
f 1685 1555 1554
f 882 881 1687
f 882 1687 1686
f 881 792 1688
f 881 1688 1687
f 1687 1688 1469
f 1687 1469 1466
f 1686 1687 1466
f 1686 1466 1465
f 792 795 1689
f 792 1689 1688
f 795 800 1655
f 795 1655 1689
f 1689 1655 1527
f 1689 1527 1526
f 1688 1689 1526
f 1688 1526 1469
f 891 889 1690
f 891 1690 1657
f 889 883 1691
f 889 1691 1690
f 1690 1691 1506
f 1690 1506 1505
f 1657 1690 1505
f 1657 1505 1504
f 888 1692 1693
f 888 1693 886
f 1556 1570 1693
f 1556 1693 1692
f 1541 1540 1693
f 1541 1693 1570
f 1506 1691 1693
f 1506 1693 1540
f 883 886 1693
f 883 1693 1691
f 888 906 1694
f 888 1694 1692
f 906 909 1685
f 906 1685 1694
f 1694 1685 1554
f 1694 1554 1557
f 1692 1694 1557
f 1692 1557 1556
f 1695 1696 1697
f 1695 1697 1698
f 1696 1699 1700
f 1696 1700 1697
f 1697 1700 1701
f 1697 1701 1702
f 1698 1697 1702
f 1698 1702 1703
f 1701 1704 1705
f 1701 1705 1706
f 1704 1707 1708
f 1704 1708 1705
f 1705 1708 1709
f 1705 1709 1710
f 1706 1705 1710
f 1706 1710 1711
f 1701 1700 1712
f 1701 1712 1704
f 1700 1699 1713
f 1700 1713 1712
f 1712 1713 1714
f 1712 1714 1715
f 1704 1712 1715
f 1704 1715 1707
f 1716 1717 1718
f 1716 1718 1719
f 1717 1720 1721
f 1717 1721 1718
f 1718 1721 1722
f 1718 1722 1723
f 1719 1718 1723
f 1719 1723 1724
f 1725 1726 1727
f 1725 1727 1728
f 1726 1716 1719
f 1726 1719 1727
f 1727 1719 1724
f 1727 1724 1729
f 1728 1727 1729
f 1728 1729 1730
f 1725 1728 1731
f 1725 1731 1732
f 1728 1730 1733
f 1728 1733 1731
f 1731 1733 1734
f 1731 1734 1735
f 1732 1731 1735
f 1732 1735 1736
f 1737 1738 1739
f 1737 1739 1740
f 1738 1741 1742
f 1738 1742 1739
f 1739 1742 1743
f 1739 1743 1744
f 1740 1739 1744
f 1740 1744 1745
f 1746 1747 1748
f 1746 1748 1749
f 1747 1750 1751
f 1747 1751 1748
f 1748 1751 1752
f 1748 1752 1753
f 1749 1748 1753
f 1749 1753 1754
f 1743 1755 1756
f 1743 1756 1757
f 1755 1758 1759
f 1755 1759 1756
f 1756 1759 1760
f 1756 1760 1761
f 1757 1756 1761
f 1757 1761 1762
f 1743 1757 1763
f 1743 1763 1744
f 1757 1762 1764
f 1757 1764 1763
f 1763 1764 1765
f 1763 1765 1766
f 1744 1763 1766
f 1744 1766 1745
f 1767 1768 1769
f 1767 1769 1770
f 1768 1752 1771
f 1768 1771 1769
f 1769 1771 1772
f 1769 1772 1773
f 1770 1769 1773
f 1770 1773 1774
f 1775 1776 1777
f 1775 1777 1778
f 1776 1754 1753
f 1776 1753 1777
f 1777 1753 1752
f 1777 1752 1768
f 1778 1777 1768
f 1778 1768 1767
f 1775 1779 1780
f 1775 1780 1776
f 1779 1781 1782
f 1779 1782 1780
f 1780 1782 1783
f 1780 1783 1784
f 1776 1780 1784
f 1776 1784 1754
f 1695 1785 1786
f 1695 1786 1696
f 1785 1787 1788
f 1785 1788 1786
f 1786 1788 1789
f 1786 1789 1790
f 1696 1786 1790
f 1696 1790 1699
f 1789 1791 1792
f 1789 1792 1793
f 1791 1794 1795
f 1791 1795 1792
f 1792 1795 1796
f 1792 1796 1797
f 1793 1792 1797
f 1793 1797 1798
f 1789 1793 1799
f 1789 1799 1790
f 1793 1798 1800
f 1793 1800 1799
f 1799 1800 1714
f 1799 1714 1713
f 1790 1799 1713
f 1790 1713 1699
f 1716 1801 1802
f 1716 1802 1717
f 1801 1803 1804
f 1801 1804 1802
f 1802 1804 1805
f 1802 1805 1806
f 1717 1802 1806
f 1717 1806 1720
f 1725 1807 1808
f 1725 1808 1726
f 1807 1809 1810
f 1807 1810 1808
f 1808 1810 1803
f 1808 1803 1801
f 1726 1808 1801
f 1726 1801 1716
f 1725 1732 1811
f 1725 1811 1807
f 1732 1736 1812
f 1732 1812 1811
f 1811 1812 1813
f 1811 1813 1814
f 1807 1811 1814
f 1807 1814 1809
f 1737 1740 1815
f 1737 1815 1816
f 1740 1745 1817
f 1740 1817 1815
f 1815 1817 1818
f 1815 1818 1819
f 1816 1815 1819
f 1816 1819 1820
f 1821 1822 1823
f 1821 1823 1824
f 1822 1825 1826
f 1822 1826 1823
f 1823 1826 1827
f 1823 1827 1828
f 1824 1823 1828
f 1824 1828 1829
f 1818 1830 1831
f 1818 1831 1832
f 1830 1833 1834
f 1830 1834 1831
f 1831 1834 1835
f 1831 1835 1836
f 1832 1831 1836
f 1832 1836 1837
f 1818 1817 1838
f 1818 1838 1830
f 1817 1745 1766
f 1817 1766 1838
f 1838 1766 1765
f 1838 1765 1839
f 1830 1838 1839
f 1830 1839 1833
f 1767 1770 1840
f 1767 1840 1841
f 1770 1774 1842
f 1770 1842 1840
f 1840 1842 1843
f 1840 1843 1844
f 1841 1840 1844
f 1841 1844 1827
f 1775 1778 1845
f 1775 1845 1846
f 1778 1767 1841
f 1778 1841 1845
f 1845 1841 1827
f 1845 1827 1826
f 1846 1845 1826
f 1846 1826 1825
f 1775 1846 1847
f 1775 1847 1779
f 1846 1825 1848
f 1846 1848 1847
f 1847 1848 1849
f 1847 1849 1850
f 1779 1847 1850
f 1779 1850 1781
f 1851 1852 1853
f 1851 1853 1854
f 1852 1855 1856
f 1852 1856 1853
f 1853 1856 1857
f 1853 1857 1858
f 1854 1853 1858
f 1854 1858 1859
f 1851 1854 1860
f 1851 1860 1861
f 1854 1859 1862
f 1854 1862 1860
f 1860 1862 1863
f 1860 1863 1864
f 1861 1860 1864
f 1861 1864 1865
f 1865 1864 1866
f 1865 1866 1867
f 1864 1863 1868
f 1864 1868 1866
f 1866 1868 1869
f 1866 1869 1870
f 1867 1866 1870
f 1867 1870 1871
f 1872 1873 1874
f 1872 1874 1875
f 1873 1876 1877
f 1873 1877 1874
f 1874 1877 1878
f 1874 1878 1879
f 1875 1874 1879
f 1875 1879 1880
f 1881 1882 1883
f 1881 1883 1884
f 1882 1859 1858
f 1882 1858 1883
f 1883 1858 1857
f 1883 1857 1885
f 1884 1883 1885
f 1884 1885 1886
f 1887 1888 1889
f 1887 1889 1890
f 1888 1891 1892
f 1888 1892 1889
f 1889 1892 1893
f 1889 1893 1894
f 1890 1889 1894
f 1890 1894 1895
f 1896 1897 1898
f 1896 1898 1899
f 1897 1900 1901
f 1897 1901 1898
f 1898 1901 1893
f 1898 1893 1902
f 1899 1898 1902
f 1899 1902 1903
f 1891 1904 1905
f 1891 1905 1892
f 1904 1906 1907
f 1904 1907 1905
f 1905 1907 1903
f 1905 1903 1902
f 1892 1905 1902
f 1892 1902 1893
f 1900 1908 1909
f 1900 1909 1901
f 1908 1910 1911
f 1908 1911 1909
f 1909 1911 1895
f 1909 1895 1894
f 1901 1909 1894
f 1901 1894 1893
f 1912 1913 1914
f 1912 1914 1915
f 1913 1916 1917
f 1913 1917 1914
f 1914 1917 1918
f 1914 1918 1919
f 1915 1914 1919
f 1915 1919 1920
f 1921 1922 1923
f 1921 1923 1924
f 1922 1925 1926
f 1922 1926 1923
f 1923 1926 1910
f 1923 1910 1908
f 1924 1923 1908
f 1924 1908 1900
f 1927 1928 1929
f 1927 1929 1930
f 1928 1931 1932
f 1928 1932 1929
f 1929 1932 1916
f 1929 1916 1913
f 1930 1929 1913
f 1930 1913 1912
f 1933 1934 1935
f 1933 1935 1936
f 1934 1921 1924
f 1934 1924 1935
f 1935 1924 1900
f 1935 1900 1897
f 1936 1935 1897
f 1936 1897 1896
f 1881 1937 1938
f 1881 1938 1882
f 1937 1939 1940
f 1937 1940 1938
f 1938 1940 1863
f 1938 1863 1862
f 1882 1938 1862
f 1882 1862 1859
f 1939 1941 1942
f 1939 1942 1940
f 1941 1943 1944
f 1941 1944 1942
f 1942 1944 1869
f 1942 1869 1868
f 1940 1942 1868
f 1940 1868 1863
f 1945 1946 1947
f 1945 1947 1948
f 1946 1949 1950
f 1946 1950 1947
f 1947 1950 1878
f 1947 1878 1877
f 1948 1947 1877
f 1948 1877 1876
f 1951 1952 1953
f 1951 1953 1954
f 1952 1955 1956
f 1952 1956 1953
f 1953 1956 1957
f 1953 1957 1958
f 1954 1953 1958
f 1954 1958 1959
f 1951 1954 1960
f 1951 1960 1961
f 1954 1959 1962
f 1954 1962 1960
f 1960 1962 1963
f 1960 1963 1964
f 1961 1960 1964
f 1961 1964 1965
f 1965 1964 1966
f 1965 1966 1967
f 1964 1963 1968
f 1964 1968 1966
f 1966 1968 1969
f 1966 1969 1970
f 1967 1966 1970
f 1967 1970 1971
f 1972 1973 1974
f 1972 1974 1975
f 1973 1976 1977
f 1973 1977 1974
f 1974 1977 1978
f 1974 1978 1979
f 1975 1974 1979
f 1975 1979 1980
f 1981 1982 1983
f 1981 1983 1984
f 1982 1959 1958
f 1982 1958 1983
f 1983 1958 1957
f 1983 1957 1985
f 1984 1983 1985
f 1984 1985 1986
f 1987 1988 1989
f 1987 1989 1990
f 1988 1991 1992
f 1988 1992 1989
f 1989 1992 1993
f 1989 1993 1994
f 1990 1989 1994
f 1990 1994 1995
f 1996 1997 1998
f 1996 1998 1999
f 1997 2000 2001
f 1997 2001 1998
f 1998 2001 1993
f 1998 1993 2002
f 1999 1998 2002
f 1999 2002 2003
f 1991 2004 2005
f 1991 2005 1992
f 2004 2006 2007
f 2004 2007 2005
f 2005 2007 2003
f 2005 2003 2002
f 1992 2005 2002
f 1992 2002 1993
f 2000 2008 2009
f 2000 2009 2001
f 2008 2010 2011
f 2008 2011 2009
f 2009 2011 1995
f 2009 1995 1994
f 2001 2009 1994
f 2001 1994 1993
f 2012 2013 2014
f 2012 2014 2015
f 2013 2016 2017
f 2013 2017 2014
f 2014 2017 2018
f 2014 2018 2019
f 2015 2014 2019
f 2015 2019 2020
f 2021 2022 2023
f 2021 2023 2024
f 2022 2025 2026
f 2022 2026 2023
f 2023 2026 2010
f 2023 2010 2008
f 2024 2023 2008
f 2024 2008 2000
f 2027 2028 2029
f 2027 2029 2030
f 2028 2031 2032
f 2028 2032 2029
f 2029 2032 2016
f 2029 2016 2013
f 2030 2029 2013
f 2030 2013 2012
f 2033 2034 2035
f 2033 2035 2036
f 2034 2021 2024
f 2034 2024 2035
f 2035 2024 2000
f 2035 2000 1997
f 2036 2035 1997
f 2036 1997 1996
f 1981 2037 2038
f 1981 2038 1982
f 2037 2039 2040
f 2037 2040 2038
f 2038 2040 1963
f 2038 1963 1962
f 1982 2038 1962
f 1982 1962 1959
f 2039 2041 2042
f 2039 2042 2040
f 2041 2043 2044
f 2041 2044 2042
f 2042 2044 1969
f 2042 1969 1968
f 2040 2042 1968
f 2040 1968 1963
f 2045 2046 2047
f 2045 2047 2048
f 2046 2049 2050
f 2046 2050 2047
f 2047 2050 1978
f 2047 1978 1977
f 2048 2047 1977
f 2048 1977 1976
f 2051 2052 2053
f 2051 2053 2054
f 2055 2056 2053
f 2055 2053 2052
f 2057 2054 2053
f 2057 2053 2056
f 2055 2058 2059
f 2055 2059 2056
f 2060 2061 2059
f 2060 2059 2058
f 2057 2056 2059
f 2057 2059 2061
f 2060 2062 2063
f 2060 2063 2061
f 2064 2065 2063
f 2064 2063 2062
f 2057 2061 2063
f 2057 2063 2065
f 2066 2067 2068
f 2066 2068 2069
f 2070 2071 2068
f 2070 2068 2067
f 2072 2069 2068
f 2072 2068 2071
f 2070 2073 2074
f 2070 2074 2071
f 2075 2076 2074
f 2075 2074 2073
f 2072 2071 2074
f 2072 2074 2076
f 2075 2077 2078
f 2075 2078 2076
f 2079 2080 2078
f 2079 2078 2077
f 2072 2076 2078
f 2072 2078 2080
f 2081 2082 2083
f 2081 2083 2084
f 2085 2086 2083
f 2085 2083 2082
f 2087 2084 2083
f 2087 2083 2086
f 2085 2088 2089
f 2085 2089 2086
f 2090 2091 2089
f 2090 2089 2088
f 2087 2086 2089
f 2087 2089 2091
f 2090 2092 2093
f 2090 2093 2091
f 2094 2095 2093
f 2094 2093 2092
f 2087 2091 2093
f 2087 2093 2095
f 2096 2097 2098
f 2096 2098 2099
f 2100 2101 2098
f 2100 2098 2097
f 2102 2099 2098
f 2102 2098 2101
f 2100 2103 2104
f 2100 2104 2101
f 2105 2106 2104
f 2105 2104 2103
f 2102 2101 2104
f 2102 2104 2106
f 2105 2107 2108
f 2105 2108 2106
f 2109 2110 2108
f 2109 2108 2107
f 2102 2106 2108
f 2102 2108 2110
f 2111 2112 2113
f 2111 2113 2114
f 2112 2115 2116
f 2112 2116 2113
f 2113 2116 2117
f 2113 2117 2118
f 2114 2113 2118
f 2114 2118 2119
f 2115 2120 2121
f 2115 2121 2116
f 2120 2122 2123
f 2120 2123 2121
f 2121 2123 2124
f 2121 2124 2125
f 2116 2121 2125
f 2116 2125 2117
f 2126 2127 2128
f 2126 2128 2129
f 2127 2130 2131
f 2127 2131 2128
f 2128 2131 2124
f 2128 2124 2123
f 2129 2128 2123
f 2129 2123 2122
f 2130 2132 2133
f 2130 2133 2131
f 2132 2134 2135
f 2132 2135 2133
f 2133 2135 2136
f 2133 2136 2137
f 2131 2133 2137
f 2131 2137 2124
f 2138 2139 2140
f 2138 2140 2141
f 2139 2142 2143
f 2139 2143 2140
f 2140 2143 2136
f 2140 2136 2135
f 2141 2140 2135
f 2141 2135 2134
f 2142 2144 2145
f 2142 2145 2143
f 2144 2119 2118
f 2144 2118 2145
f 2145 2118 2117
f 2145 2117 2146
f 2143 2145 2146
f 2143 2146 2136
f 2117 2125 2147
f 2117 2147 2146
f 2124 2137 2147
f 2124 2147 2125
f 2136 2146 2147
f 2136 2147 2137
f 2148 2149 2150
f 2148 2150 2151
f 2149 2152 2153
f 2149 2153 2150
f 2150 2153 2154
f 2150 2154 2155
f 2151 2150 2155
f 2151 2155 2156
f 2152 2157 2158
f 2152 2158 2153
f 2157 2159 2160
f 2157 2160 2158
f 2158 2160 2161
f 2158 2161 2162
f 2153 2158 2162
f 2153 2162 2154
f 2163 2164 2165
f 2163 2165 2166
f 2164 2167 2168
f 2164 2168 2165
f 2165 2168 2161
f 2165 2161 2160
f 2166 2165 2160
f 2166 2160 2159
f 2167 2169 2170
f 2167 2170 2168
f 2169 2171 2172
f 2169 2172 2170
f 2170 2172 2173
f 2170 2173 2174
f 2168 2170 2174
f 2168 2174 2161
f 2175 2176 2177
f 2175 2177 2178
f 2176 2179 2180
f 2176 2180 2177
f 2177 2180 2173
f 2177 2173 2172
f 2178 2177 2172
f 2178 2172 2171
f 2179 2181 2182
f 2179 2182 2180
f 2181 2156 2155
f 2181 2155 2182
f 2182 2155 2154
f 2182 2154 2183
f 2180 2182 2183
f 2180 2183 2173
f 2154 2162 2184
f 2154 2184 2183
f 2161 2174 2184
f 2161 2184 2162
f 2173 2183 2184
f 2173 2184 2174
f 2185 2186 2187
f 2185 2187 2188
f 2186 2189 2190
f 2186 2190 2187
f 2187 2190 2191
f 2187 2191 2192
f 2188 2187 2192
f 2188 2192 2193
f 2189 2194 2195
f 2189 2195 2190
f 2194 2196 2197
f 2194 2197 2195
f 2195 2197 2198
f 2195 2198 2199
f 2190 2195 2199
f 2190 2199 2191
f 2200 2201 2202
f 2200 2202 2203
f 2201 2204 2205
f 2201 2205 2202
f 2202 2205 2198
f 2202 2198 2197
f 2203 2202 2197
f 2203 2197 2196
f 2204 2206 2207
f 2204 2207 2205
f 2206 2208 2209
f 2206 2209 2207
f 2207 2209 2210
f 2207 2210 2211
f 2205 2207 2211
f 2205 2211 2198
f 2212 2213 2214
f 2212 2214 2215
f 2213 2216 2217
f 2213 2217 2214
f 2214 2217 2210
f 2214 2210 2209
f 2215 2214 2209
f 2215 2209 2208
f 2216 2218 2219
f 2216 2219 2217
f 2218 2193 2192
f 2218 2192 2219
f 2219 2192 2191
f 2219 2191 2220
f 2217 2219 2220
f 2217 2220 2210
f 2191 2199 2221
f 2191 2221 2220
f 2198 2211 2221
f 2198 2221 2199
f 2210 2220 2221
f 2210 2221 2211
f 2222 2223 2224
f 2222 2224 2225
f 2223 2226 2227
f 2223 2227 2224
f 2224 2227 2228
f 2224 2228 2229
f 2225 2224 2229
f 2225 2229 2230
f 2226 2231 2232
f 2226 2232 2227
f 2231 2233 2234
f 2231 2234 2232
f 2232 2234 2235
f 2232 2235 2236
f 2227 2232 2236
f 2227 2236 2228
f 2237 2238 2239
f 2237 2239 2240
f 2238 2241 2242
f 2238 2242 2239
f 2239 2242 2235
f 2239 2235 2234
f 2240 2239 2234
f 2240 2234 2233
f 2241 2243 2244
f 2241 2244 2242
f 2243 2245 2246
f 2243 2246 2244
f 2244 2246 2247
f 2244 2247 2248
f 2242 2244 2248
f 2242 2248 2235
f 2249 2250 2251
f 2249 2251 2252
f 2250 2253 2254
f 2250 2254 2251
f 2251 2254 2247
f 2251 2247 2246
f 2252 2251 2246
f 2252 2246 2245
f 2253 2255 2256
f 2253 2256 2254
f 2255 2230 2229
f 2255 2229 2256
f 2256 2229 2228
f 2256 2228 2257
f 2254 2256 2257
f 2254 2257 2247
f 2228 2236 2258
f 2228 2258 2257
f 2235 2248 2258
f 2235 2258 2236
f 2247 2257 2258
f 2247 2258 2248
f 2259 2260 2261
f 2259 2261 2262
f 2260 2263 2264
f 2260 2264 2261
f 2261 2264 2265
f 2261 2265 2266
f 2262 2261 2266
f 2262 2266 2267
f 2263 2268 2269
f 2263 2269 2264
f 2268 2270 2271
f 2268 2271 2269
f 2269 2271 2272
f 2269 2272 2273
f 2264 2269 2273
f 2264 2273 2265
f 2274 2275 2276
f 2274 2276 2277
f 2275 2278 2279
f 2275 2279 2276
f 2276 2279 2272
f 2276 2272 2271
f 2277 2276 2271
f 2277 2271 2270
f 2278 2280 2281
f 2278 2281 2279
f 2280 2282 2283
f 2280 2283 2281
f 2281 2283 2284
f 2281 2284 2285
f 2279 2281 2285
f 2279 2285 2272
f 2286 2287 2288
f 2286 2288 2289
f 2287 2290 2291
f 2287 2291 2288
f 2288 2291 2284
f 2288 2284 2283
f 2289 2288 2283
f 2289 2283 2282
f 2290 2292 2293
f 2290 2293 2291
f 2292 2267 2266
f 2292 2266 2293
f 2293 2266 2265
f 2293 2265 2294
f 2291 2293 2294
f 2291 2294 2284
f 2265 2273 2295
f 2265 2295 2294
f 2272 2285 2295
f 2272 2295 2273
f 2284 2294 2295
f 2284 2295 2285
f 2296 2297 2298
f 2296 2298 2299
f 2297 2300 2301
f 2297 2301 2298
f 2298 2301 2302
f 2298 2302 2303
f 2299 2298 2303
f 2299 2303 2304
f 2300 2305 2306
f 2300 2306 2301
f 2305 2307 2308
f 2305 2308 2306
f 2306 2308 2309
f 2306 2309 2310
f 2301 2306 2310
f 2301 2310 2302
f 2311 2312 2313
f 2311 2313 2314
f 2312 2315 2316
f 2312 2316 2313
f 2313 2316 2309
f 2313 2309 2308
f 2314 2313 2308
f 2314 2308 2307
f 2315 2317 2318
f 2315 2318 2316
f 2317 2319 2320
f 2317 2320 2318
f 2318 2320 2321
f 2318 2321 2322
f 2316 2318 2322
f 2316 2322 2309
f 2323 2324 2325
f 2323 2325 2326
f 2324 2327 2328
f 2324 2328 2325
f 2325 2328 2321
f 2325 2321 2320
f 2326 2325 2320
f 2326 2320 2319
f 2327 2329 2330
f 2327 2330 2328
f 2329 2304 2303
f 2329 2303 2330
f 2330 2303 2302
f 2330 2302 2331
f 2328 2330 2331
f 2328 2331 2321
f 2302 2310 2332
f 2302 2332 2331
f 2309 2322 2332
f 2309 2332 2310
f 2321 2331 2332
f 2321 2332 2322
f 2333 2334 2335
f 2333 2335 2336
f 2334 2337 2338
f 2334 2338 2335
f 2335 2338 2339
f 2335 2339 2340
f 2336 2335 2340
f 2336 2340 2341
f 2337 2342 2343
f 2337 2343 2338
f 2342 2344 2345
f 2342 2345 2343
f 2343 2345 2346
f 2343 2346 2347
f 2338 2343 2347
f 2338 2347 2339
f 2348 2349 2350
f 2348 2350 2351
f 2349 2352 2353
f 2349 2353 2350
f 2350 2353 2346
f 2350 2346 2345
f 2351 2350 2345
f 2351 2345 2344
f 2352 2354 2355
f 2352 2355 2353
f 2354 2356 2357
f 2354 2357 2355
f 2355 2357 2358
f 2355 2358 2359
f 2353 2355 2359
f 2353 2359 2346
f 2360 2361 2362
f 2360 2362 2363
f 2361 2364 2365
f 2361 2365 2362
f 2362 2365 2358
f 2362 2358 2357
f 2363 2362 2357
f 2363 2357 2356
f 2364 2366 2367
f 2364 2367 2365
f 2366 2341 2340
f 2366 2340 2367
f 2367 2340 2339
f 2367 2339 2368
f 2365 2367 2368
f 2365 2368 2358
f 2339 2347 2369
f 2339 2369 2368
f 2346 2359 2369
f 2346 2369 2347
f 2358 2368 2369
f 2358 2369 2359
f 2370 2371 2372
f 2370 2372 2373
f 2371 2374 2375
f 2371 2375 2372
f 2372 2375 2376
f 2372 2376 2377
f 2373 2372 2377
f 2373 2377 2378
f 2374 2379 2380
f 2374 2380 2375
f 2379 2381 2382
f 2379 2382 2380
f 2380 2382 2383
f 2380 2383 2384
f 2375 2380 2384
f 2375 2384 2376
f 2385 2386 2387
f 2385 2387 2388
f 2386 2389 2390
f 2386 2390 2387
f 2387 2390 2383
f 2387 2383 2382
f 2388 2387 2382
f 2388 2382 2381
f 2389 2391 2392
f 2389 2392 2390
f 2391 2393 2394
f 2391 2394 2392
f 2392 2394 2395
f 2392 2395 2396
f 2390 2392 2396
f 2390 2396 2383
f 2397 2398 2399
f 2397 2399 2400
f 2398 2401 2402
f 2398 2402 2399
f 2399 2402 2395
f 2399 2395 2394
f 2400 2399 2394
f 2400 2394 2393
f 2401 2403 2404
f 2401 2404 2402
f 2403 2378 2377
f 2403 2377 2404
f 2404 2377 2376
f 2404 2376 2405
f 2402 2404 2405
f 2402 2405 2395
f 2376 2384 2406
f 2376 2406 2405
f 2383 2396 2406
f 2383 2406 2384
f 2395 2405 2406
f 2395 2406 2396
f 2407 2408 2409
f 2407 2409 2410
f 2408 2411 2412
f 2408 2412 2409
f 2409 2412 2413
f 2409 2413 2414
f 2410 2409 2414
f 2410 2414 2415
f 2411 2416 2417
f 2411 2417 2412
f 2416 2418 2419
f 2416 2419 2417
f 2417 2419 2420
f 2417 2420 2421
f 2412 2417 2421
f 2412 2421 2413
f 2422 2423 2424
f 2422 2424 2425
f 2423 2426 2427
f 2423 2427 2424
f 2424 2427 2420
f 2424 2420 2419
f 2425 2424 2419
f 2425 2419 2418
f 2426 2428 2429
f 2426 2429 2427
f 2428 2430 2431
f 2428 2431 2429
f 2429 2431 2432
f 2429 2432 2433
f 2427 2429 2433
f 2427 2433 2420
f 2434 2435 2436
f 2434 2436 2437
f 2435 2438 2439
f 2435 2439 2436
f 2436 2439 2432
f 2436 2432 2431
f 2437 2436 2431
f 2437 2431 2430
f 2438 2440 2441
f 2438 2441 2439
f 2440 2415 2414
f 2440 2414 2441
f 2441 2414 2413
f 2441 2413 2442
f 2439 2441 2442
f 2439 2442 2432
f 2413 2421 2443
f 2413 2443 2442
f 2420 2433 2443
f 2420 2443 2421
f 2432 2442 2443
f 2432 2443 2433
f 2444 2445 2446
f 2444 2446 2447
f 2445 2448 2449
f 2445 2449 2446
f 2446 2449 2450
f 2446 2450 2451
f 2447 2446 2451
f 2447 2451 2452
f 2448 2453 2454
f 2448 2454 2449
f 2453 2455 2456
f 2453 2456 2454
f 2454 2456 2457
f 2454 2457 2458
f 2449 2454 2458
f 2449 2458 2450
f 2459 2460 2461
f 2459 2461 2462
f 2460 2463 2464
f 2460 2464 2461
f 2461 2464 2457
f 2461 2457 2456
f 2462 2461 2456
f 2462 2456 2455
f 2463 2465 2466
f 2463 2466 2464
f 2465 2467 2468
f 2465 2468 2466
f 2466 2468 2469
f 2466 2469 2470
f 2464 2466 2470
f 2464 2470 2457
f 2471 2472 2473
f 2471 2473 2474
f 2472 2475 2476
f 2472 2476 2473
f 2473 2476 2469
f 2473 2469 2468
f 2474 2473 2468
f 2474 2468 2467
f 2475 2477 2478
f 2475 2478 2476
f 2477 2452 2451
f 2477 2451 2478
f 2478 2451 2450
f 2478 2450 2479
f 2476 2478 2479
f 2476 2479 2469
f 2450 2458 2480
f 2450 2480 2479
f 2457 2470 2480
f 2457 2480 2458
f 2469 2479 2480
f 2469 2480 2470
f 2481 2482 2483
f 2481 2483 2484
f 2482 2485 2486
f 2482 2486 2483
f 2483 2486 2487
f 2483 2487 2488
f 2484 2483 2488
f 2484 2488 2489
f 2485 2490 2491
f 2485 2491 2486
f 2490 2492 2493
f 2490 2493 2491
f 2491 2493 2494
f 2491 2494 2495
f 2486 2491 2495
f 2486 2495 2487
f 2496 2497 2498
f 2496 2498 2499
f 2497 2500 2501
f 2497 2501 2498
f 2498 2501 2494
f 2498 2494 2493
f 2499 2498 2493
f 2499 2493 2492
f 2500 2502 2503
f 2500 2503 2501
f 2502 2504 2505
f 2502 2505 2503
f 2503 2505 2506
f 2503 2506 2507
f 2501 2503 2507
f 2501 2507 2494
f 2508 2509 2510
f 2508 2510 2511
f 2509 2512 2513
f 2509 2513 2510
f 2510 2513 2506
f 2510 2506 2505
f 2511 2510 2505
f 2511 2505 2504
f 2512 2514 2515
f 2512 2515 2513
f 2514 2489 2488
f 2514 2488 2515
f 2515 2488 2487
f 2515 2487 2516
f 2513 2515 2516
f 2513 2516 2506
f 2487 2495 2517
f 2487 2517 2516
f 2494 2507 2517
f 2494 2517 2495
f 2506 2516 2517
f 2506 2517 2507
f 2518 2519 2520
f 2518 2520 2521
f 2519 2522 2523
f 2519 2523 2520
f 2520 2523 2524
f 2520 2524 2525
f 2521 2520 2525
f 2521 2525 2526
f 2522 2527 2528
f 2522 2528 2523
f 2527 2529 2530
f 2527 2530 2528
f 2528 2530 2531
f 2528 2531 2532
f 2523 2528 2532
f 2523 2532 2524
f 2533 2534 2535
f 2533 2535 2536
f 2534 2537 2538
f 2534 2538 2535
f 2535 2538 2531
f 2535 2531 2530
f 2536 2535 2530
f 2536 2530 2529
f 2537 2539 2540
f 2537 2540 2538
f 2539 2541 2542
f 2539 2542 2540
f 2540 2542 2543
f 2540 2543 2544
f 2538 2540 2544
f 2538 2544 2531
f 2545 2546 2547
f 2545 2547 2548
f 2546 2549 2550
f 2546 2550 2547
f 2547 2550 2543
f 2547 2543 2542
f 2548 2547 2542
f 2548 2542 2541
f 2549 2551 2552
f 2549 2552 2550
f 2551 2526 2525
f 2551 2525 2552
f 2552 2525 2524
f 2552 2524 2553
f 2550 2552 2553
f 2550 2553 2543
f 2524 2532 2554
f 2524 2554 2553
f 2531 2544 2554
f 2531 2554 2532
f 2543 2553 2554
f 2543 2554 2544
f 2555 2556 2557
f 2555 2557 2558
f 2556 2559 2560
f 2556 2560 2557
f 2557 2560 2561
f 2557 2561 2562
f 2558 2557 2562
f 2558 2562 2563
f 2559 2564 2565
f 2559 2565 2560
f 2564 2566 2567
f 2564 2567 2565
f 2565 2567 2568
f 2565 2568 2569
f 2560 2565 2569
f 2560 2569 2561
f 2570 2571 2572
f 2570 2572 2573
f 2571 2574 2575
f 2571 2575 2572
f 2572 2575 2568
f 2572 2568 2567
f 2573 2572 2567
f 2573 2567 2566
f 2574 2576 2577
f 2574 2577 2575
f 2576 2578 2579
f 2576 2579 2577
f 2577 2579 2580
f 2577 2580 2581
f 2575 2577 2581
f 2575 2581 2568
f 2582 2583 2584
f 2582 2584 2585
f 2583 2586 2587
f 2583 2587 2584
f 2584 2587 2580
f 2584 2580 2579
f 2585 2584 2579
f 2585 2579 2578
f 2586 2588 2589
f 2586 2589 2587
f 2588 2563 2562
f 2588 2562 2589
f 2589 2562 2561
f 2589 2561 2590
f 2587 2589 2590
f 2587 2590 2580
f 2561 2569 2591
f 2561 2591 2590
f 2568 2581 2591
f 2568 2591 2569
f 2580 2590 2591
f 2580 2591 2581
f 2592 2593 2594
f 2592 2594 2595
f 2593 2596 2597
f 2593 2597 2594
f 2594 2597 2598
f 2594 2598 2599
f 2595 2594 2599
f 2595 2599 2600
f 2596 2601 2602
f 2596 2602 2597
f 2601 2603 2604
f 2601 2604 2602
f 2602 2604 2605
f 2602 2605 2606
f 2597 2602 2606
f 2597 2606 2598
f 2607 2608 2609
f 2607 2609 2610
f 2608 2611 2612
f 2608 2612 2609
f 2609 2612 2605
f 2609 2605 2604
f 2610 2609 2604
f 2610 2604 2603
f 2611 2613 2614
f 2611 2614 2612
f 2613 2615 2616
f 2613 2616 2614
f 2614 2616 2617
f 2614 2617 2618
f 2612 2614 2618
f 2612 2618 2605
f 2619 2620 2621
f 2619 2621 2622
f 2620 2623 2624
f 2620 2624 2621
f 2621 2624 2617
f 2621 2617 2616
f 2622 2621 2616
f 2622 2616 2615
f 2623 2625 2626
f 2623 2626 2624
f 2625 2600 2599
f 2625 2599 2626
f 2626 2599 2598
f 2626 2598 2627
f 2624 2626 2627
f 2624 2627 2617
f 2598 2606 2628
f 2598 2628 2627
f 2605 2618 2628
f 2605 2628 2606
f 2617 2627 2628
f 2617 2628 2618
f 2629 2630 2631
f 2629 2631 2632
f 2630 2633 2634
f 2630 2634 2631
f 2631 2634 2635
f 2631 2635 2636
f 2632 2631 2636
f 2632 2636 2637
f 2633 2638 2639
f 2633 2639 2634
f 2638 2640 2641
f 2638 2641 2639
f 2639 2641 2642
f 2639 2642 2643
f 2634 2639 2643
f 2634 2643 2635
f 2644 2645 2646
f 2644 2646 2647
f 2645 2648 2649
f 2645 2649 2646
f 2646 2649 2642
f 2646 2642 2641
f 2647 2646 2641
f 2647 2641 2640
f 2648 2650 2651
f 2648 2651 2649
f 2650 2652 2653
f 2650 2653 2651
f 2651 2653 2654
f 2651 2654 2655
f 2649 2651 2655
f 2649 2655 2642
f 2656 2657 2658
f 2656 2658 2659
f 2657 2660 2661
f 2657 2661 2658
f 2658 2661 2654
f 2658 2654 2653
f 2659 2658 2653
f 2659 2653 2652
f 2660 2662 2663
f 2660 2663 2661
f 2662 2637 2636
f 2662 2636 2663
f 2663 2636 2635
f 2663 2635 2664
f 2661 2663 2664
f 2661 2664 2654
f 2635 2643 2665
f 2635 2665 2664
f 2642 2655 2665
f 2642 2665 2643
f 2654 2664 2665
f 2654 2665 2655
f 2666 2667 2668
f 2666 2668 2669
f 2667 2670 2671
f 2667 2671 2668
f 2668 2671 2672
f 2668 2672 2673
f 2669 2668 2673
f 2669 2673 2674
f 2670 2675 2676
f 2670 2676 2671
f 2675 2677 2678
f 2675 2678 2676
f 2676 2678 2679
f 2676 2679 2680
f 2671 2676 2680
f 2671 2680 2672
f 2681 2682 2683
f 2681 2683 2684
f 2682 2685 2686
f 2682 2686 2683
f 2683 2686 2679
f 2683 2679 2678
f 2684 2683 2678
f 2684 2678 2677
f 2685 2687 2688
f 2685 2688 2686
f 2687 2689 2690
f 2687 2690 2688
f 2688 2690 2691
f 2688 2691 2692
f 2686 2688 2692
f 2686 2692 2679
f 2693 2694 2695
f 2693 2695 2696
f 2694 2697 2698
f 2694 2698 2695
f 2695 2698 2691
f 2695 2691 2690
f 2696 2695 2690
f 2696 2690 2689
f 2697 2699 2700
f 2697 2700 2698
f 2699 2674 2673
f 2699 2673 2700
f 2700 2673 2672
f 2700 2672 2701
f 2698 2700 2701
f 2698 2701 2691
f 2672 2680 2702
f 2672 2702 2701
f 2679 2692 2702
f 2679 2702 2680
f 2691 2701 2702
f 2691 2702 2692
f 2703 2704 2705
f 2703 2705 2706
f 2704 2707 2708
f 2704 2708 2705
f 2705 2708 2709
f 2705 2709 2710
f 2706 2705 2710
f 2706 2710 2711
f 2707 2712 2713
f 2707 2713 2708
f 2712 2714 2715
f 2712 2715 2713
f 2713 2715 2716
f 2713 2716 2717
f 2708 2713 2717
f 2708 2717 2709
f 2718 2719 2720
f 2718 2720 2721
f 2719 2722 2723
f 2719 2723 2720
f 2720 2723 2716
f 2720 2716 2715
f 2721 2720 2715
f 2721 2715 2714
f 2722 2724 2725
f 2722 2725 2723
f 2724 2726 2727
f 2724 2727 2725
f 2725 2727 2728
f 2725 2728 2729
f 2723 2725 2729
f 2723 2729 2716
f 2730 2731 2732
f 2730 2732 2733
f 2731 2734 2735
f 2731 2735 2732
f 2732 2735 2728
f 2732 2728 2727
f 2733 2732 2727
f 2733 2727 2726
f 2734 2736 2737
f 2734 2737 2735
f 2736 2711 2710
f 2736 2710 2737
f 2737 2710 2709
f 2737 2709 2738
f 2735 2737 2738
f 2735 2738 2728
f 2709 2717 2739
f 2709 2739 2738
f 2716 2729 2739
f 2716 2739 2717
f 2728 2738 2739
f 2728 2739 2729
f 2740 2741 2742
f 2740 2742 2743
f 2741 2744 2745
f 2741 2745 2742
f 2742 2745 2746
f 2742 2746 2747
f 2743 2742 2747
f 2743 2747 2748
f 2744 2749 2750
f 2744 2750 2745
f 2749 2751 2752
f 2749 2752 2750
f 2750 2752 2753
f 2750 2753 2754
f 2745 2750 2754
f 2745 2754 2746
f 2755 2756 2757
f 2755 2757 2758
f 2756 2759 2760
f 2756 2760 2757
f 2757 2760 2753
f 2757 2753 2752
f 2758 2757 2752
f 2758 2752 2751
f 2759 2761 2762
f 2759 2762 2760
f 2761 2763 2764
f 2761 2764 2762
f 2762 2764 2765
f 2762 2765 2766
f 2760 2762 2766
f 2760 2766 2753
f 2767 2768 2769
f 2767 2769 2770
f 2768 2771 2772
f 2768 2772 2769
f 2769 2772 2765
f 2769 2765 2764
f 2770 2769 2764
f 2770 2764 2763
f 2771 2773 2774
f 2771 2774 2772
f 2773 2748 2747
f 2773 2747 2774
f 2774 2747 2746
f 2774 2746 2775
f 2772 2774 2775
f 2772 2775 2765
f 2746 2754 2776
f 2746 2776 2775
f 2753 2766 2776
f 2753 2776 2754
f 2765 2775 2776
f 2765 2776 2766
f 2777 2778 2779
f 2777 2779 2780
f 2778 2781 2782
f 2778 2782 2779
f 2779 2782 2783
f 2779 2783 2784
f 2780 2779 2784
f 2780 2784 2785
f 2781 2786 2787
f 2781 2787 2782
f 2786 2788 2789
f 2786 2789 2787
f 2787 2789 2790
f 2787 2790 2791
f 2782 2787 2791
f 2782 2791 2783
f 2792 2793 2794
f 2792 2794 2795
f 2793 2796 2797
f 2793 2797 2794
f 2794 2797 2790
f 2794 2790 2789
f 2795 2794 2789
f 2795 2789 2788
f 2796 2798 2799
f 2796 2799 2797
f 2798 2800 2801
f 2798 2801 2799
f 2799 2801 2802
f 2799 2802 2803
f 2797 2799 2803
f 2797 2803 2790
f 2804 2805 2806
f 2804 2806 2807
f 2805 2808 2809
f 2805 2809 2806
f 2806 2809 2802
f 2806 2802 2801
f 2807 2806 2801
f 2807 2801 2800
f 2808 2810 2811
f 2808 2811 2809
f 2810 2785 2784
f 2810 2784 2811
f 2811 2784 2783
f 2811 2783 2812
f 2809 2811 2812
f 2809 2812 2802
f 2783 2791 2813
f 2783 2813 2812
f 2790 2803 2813
f 2790 2813 2791
f 2802 2812 2813
f 2802 2813 2803
f 2814 2815 2816
f 2814 2816 2817
f 2815 2818 2819
f 2815 2819 2816
f 2816 2819 2820
f 2816 2820 2821
f 2817 2816 2821
f 2817 2821 2822
f 2818 2823 2824
f 2818 2824 2819
f 2823 2825 2826
f 2823 2826 2824
f 2824 2826 2827
f 2824 2827 2828
f 2819 2824 2828
f 2819 2828 2820
f 2829 2830 2831
f 2829 2831 2832
f 2830 2833 2834
f 2830 2834 2831
f 2831 2834 2827
f 2831 2827 2826
f 2832 2831 2826
f 2832 2826 2825
f 2833 2835 2836
f 2833 2836 2834
f 2835 2837 2838
f 2835 2838 2836
f 2836 2838 2839
f 2836 2839 2840
f 2834 2836 2840
f 2834 2840 2827
f 2841 2842 2843
f 2841 2843 2844
f 2842 2845 2846
f 2842 2846 2843
f 2843 2846 2839
f 2843 2839 2838
f 2844 2843 2838
f 2844 2838 2837
f 2845 2847 2848
f 2845 2848 2846
f 2847 2822 2821
f 2847 2821 2848
f 2848 2821 2820
f 2848 2820 2849
f 2846 2848 2849
f 2846 2849 2839
f 2820 2828 2850
f 2820 2850 2849
f 2827 2840 2850
f 2827 2850 2828
f 2839 2849 2850
f 2839 2850 2840
f 2851 2852 2853
f 2851 2853 2854
f 2852 2855 2856
f 2852 2856 2853
f 2853 2856 2857
f 2853 2857 2858
f 2854 2853 2858
f 2854 2858 2859
f 2855 2860 2861
f 2855 2861 2856
f 2860 2862 2863
f 2860 2863 2861
f 2861 2863 2864
f 2861 2864 2865
f 2856 2861 2865
f 2856 2865 2857
f 2866 2867 2868
f 2866 2868 2869
f 2867 2870 2871
f 2867 2871 2868
f 2868 2871 2864
f 2868 2864 2863
f 2869 2868 2863
f 2869 2863 2862
f 2870 2872 2873
f 2870 2873 2871
f 2872 2874 2875
f 2872 2875 2873
f 2873 2875 2876
f 2873 2876 2877
f 2871 2873 2877
f 2871 2877 2864
f 2878 2879 2880
f 2878 2880 2881
f 2879 2882 2883
f 2879 2883 2880
f 2880 2883 2876
f 2880 2876 2875
f 2881 2880 2875
f 2881 2875 2874
f 2882 2884 2885
f 2882 2885 2883
f 2884 2859 2858
f 2884 2858 2885
f 2885 2858 2857
f 2885 2857 2886
f 2883 2885 2886
f 2883 2886 2876
f 2857 2865 2887
f 2857 2887 2886
f 2864 2877 2887
f 2864 2887 2865
f 2876 2886 2887
f 2876 2887 2877
f 2888 2889 2890
f 2888 2890 2891
f 2889 2892 2893
f 2889 2893 2890
f 2890 2893 2894
f 2890 2894 2895
f 2891 2890 2895
f 2891 2895 2896
f 2892 2897 2898
f 2892 2898 2893
f 2897 2899 2900
f 2897 2900 2898
f 2898 2900 2901
f 2898 2901 2902
f 2893 2898 2902
f 2893 2902 2894
f 2903 2904 2905
f 2903 2905 2906
f 2904 2907 2908
f 2904 2908 2905
f 2905 2908 2901
f 2905 2901 2900
f 2906 2905 2900
f 2906 2900 2899
f 2907 2909 2910
f 2907 2910 2908
f 2909 2911 2912
f 2909 2912 2910
f 2910 2912 2913
f 2910 2913 2914
f 2908 2910 2914
f 2908 2914 2901
f 2915 2916 2917
f 2915 2917 2918
f 2916 2919 2920
f 2916 2920 2917
f 2917 2920 2913
f 2917 2913 2912
f 2918 2917 2912
f 2918 2912 2911
f 2919 2921 2922
f 2919 2922 2920
f 2921 2896 2895
f 2921 2895 2922
f 2922 2895 2894
f 2922 2894 2923
f 2920 2922 2923
f 2920 2923 2913
f 2894 2902 2924
f 2894 2924 2923
f 2901 2914 2924
f 2901 2924 2902
f 2913 2923 2924
f 2913 2924 2914
f 2925 2926 2927
f 2925 2927 2928
f 2926 2929 2930
f 2926 2930 2927
f 2927 2930 2931
f 2927 2931 2932
f 2928 2927 2932
f 2928 2932 2933
f 2929 2934 2935
f 2929 2935 2930
f 2934 2936 2937
f 2934 2937 2935
f 2935 2937 2938
f 2935 2938 2939
f 2930 2935 2939
f 2930 2939 2931
f 2940 2941 2942
f 2940 2942 2943
f 2941 2944 2945
f 2941 2945 2942
f 2942 2945 2938
f 2942 2938 2937
f 2943 2942 2937
f 2943 2937 2936
f 2944 2946 2947
f 2944 2947 2945
f 2946 2948 2949
f 2946 2949 2947
f 2947 2949 2950
f 2947 2950 2951
f 2945 2947 2951
f 2945 2951 2938
f 2952 2953 2954
f 2952 2954 2955
f 2953 2956 2957
f 2953 2957 2954
f 2954 2957 2950
f 2954 2950 2949
f 2955 2954 2949
f 2955 2949 2948
f 2956 2958 2959
f 2956 2959 2957
f 2958 2933 2932
f 2958 2932 2959
f 2959 2932 2931
f 2959 2931 2960
f 2957 2959 2960
f 2957 2960 2950
f 2931 2939 2961
f 2931 2961 2960
f 2938 2951 2961
f 2938 2961 2939
f 2950 2960 2961
f 2950 2961 2951
f 2962 2963 2964
f 2962 2964 2965
f 2963 2966 2967
f 2963 2967 2964
f 2964 2967 2968
f 2964 2968 2969
f 2965 2964 2969
f 2965 2969 2970
f 2966 2971 2972
f 2966 2972 2967
f 2971 2973 2974
f 2971 2974 2972
f 2972 2974 2975
f 2972 2975 2976
f 2967 2972 2976
f 2967 2976 2968
f 2977 2978 2979
f 2977 2979 2980
f 2978 2981 2982
f 2978 2982 2979
f 2979 2982 2975
f 2979 2975 2974
f 2980 2979 2974
f 2980 2974 2973
f 2981 2983 2984
f 2981 2984 2982
f 2983 2985 2986
f 2983 2986 2984
f 2984 2986 2987
f 2984 2987 2988
f 2982 2984 2988
f 2982 2988 2975
f 2989 2990 2991
f 2989 2991 2992
f 2990 2993 2994
f 2990 2994 2991
f 2991 2994 2987
f 2991 2987 2986
f 2992 2991 2986
f 2992 2986 2985
f 2993 2995 2996
f 2993 2996 2994
f 2995 2970 2969
f 2995 2969 2996
f 2996 2969 2968
f 2996 2968 2997
f 2994 2996 2997
f 2994 2997 2987
f 2968 2976 2998
f 2968 2998 2997
f 2975 2988 2998
f 2975 2998 2976
f 2987 2997 2998
f 2987 2998 2988
f 2999 3000 3001
f 2999 3001 3002
f 3000 3003 3004
f 3000 3004 3001
f 3001 3004 3005
f 3001 3005 3006
f 3002 3001 3006
f 3002 3006 3007
f 3003 3008 3009
f 3003 3009 3004
f 3008 3010 3011
f 3008 3011 3009
f 3009 3011 3012
f 3009 3012 3013
f 3004 3009 3013
f 3004 3013 3005
f 3014 3015 3016
f 3014 3016 3017
f 3015 3018 3019
f 3015 3019 3016
f 3016 3019 3012
f 3016 3012 3011
f 3017 3016 3011
f 3017 3011 3010
f 3018 3020 3021
f 3018 3021 3019
f 3020 3022 3023
f 3020 3023 3021
f 3021 3023 3024
f 3021 3024 3025
f 3019 3021 3025
f 3019 3025 3012
f 3026 3027 3028
f 3026 3028 3029
f 3027 3030 3031
f 3027 3031 3028
f 3028 3031 3024
f 3028 3024 3023
f 3029 3028 3023
f 3029 3023 3022
f 3030 3032 3033
f 3030 3033 3031
f 3032 3007 3006
f 3032 3006 3033
f 3033 3006 3005
f 3033 3005 3034
f 3031 3033 3034
f 3031 3034 3024
f 3005 3013 3035
f 3005 3035 3034
f 3012 3025 3035
f 3012 3035 3013
f 3024 3034 3035
f 3024 3035 3025
f 3036 3037 3038
f 3036 3038 3039
f 3037 3040 3041
f 3037 3041 3038
f 3038 3041 3042
f 3038 3042 3043
f 3039 3038 3043
f 3039 3043 3044
f 3040 3045 3046
f 3040 3046 3041
f 3045 3047 3048
f 3045 3048 3046
f 3046 3048 3049
f 3046 3049 3050
f 3041 3046 3050
f 3041 3050 3042
f 3051 3052 3053
f 3051 3053 3054
f 3052 3055 3056
f 3052 3056 3053
f 3053 3056 3049
f 3053 3049 3048
f 3054 3053 3048
f 3054 3048 3047
f 3055 3057 3058
f 3055 3058 3056
f 3057 3059 3060
f 3057 3060 3058
f 3058 3060 3061
f 3058 3061 3062
f 3056 3058 3062
f 3056 3062 3049
f 3063 3064 3065
f 3063 3065 3066
f 3064 3067 3068
f 3064 3068 3065
f 3065 3068 3061
f 3065 3061 3060
f 3066 3065 3060
f 3066 3060 3059
f 3067 3069 3070
f 3067 3070 3068
f 3069 3044 3043
f 3069 3043 3070
f 3070 3043 3042
f 3070 3042 3071
f 3068 3070 3071
f 3068 3071 3061
f 3042 3050 3072
f 3042 3072 3071
f 3049 3062 3072
f 3049 3072 3050
f 3061 3071 3072
f 3061 3072 3062
f 3073 3074 3075
f 3073 3075 3076
f 3074 3077 3078
f 3074 3078 3075
f 3075 3078 3079
f 3075 3079 3080
f 3076 3075 3080
f 3076 3080 3081
f 3077 3082 3083
f 3077 3083 3078
f 3082 3084 3085
f 3082 3085 3083
f 3083 3085 3086
f 3083 3086 3087
f 3078 3083 3087
f 3078 3087 3079
f 3088 3089 3090
f 3088 3090 3091
f 3089 3092 3093
f 3089 3093 3090
f 3090 3093 3086
f 3090 3086 3085
f 3091 3090 3085
f 3091 3085 3084
f 3092 3094 3095
f 3092 3095 3093
f 3094 3096 3097
f 3094 3097 3095
f 3095 3097 3098
f 3095 3098 3099
f 3093 3095 3099
f 3093 3099 3086
f 3100 3101 3102
f 3100 3102 3103
f 3101 3104 3105
f 3101 3105 3102
f 3102 3105 3098
f 3102 3098 3097
f 3103 3102 3097
f 3103 3097 3096
f 3104 3106 3107
f 3104 3107 3105
f 3106 3081 3080
f 3106 3080 3107
f 3107 3080 3079
f 3107 3079 3108
f 3105 3107 3108
f 3105 3108 3098
f 3079 3087 3109
f 3079 3109 3108
f 3086 3099 3109
f 3086 3109 3087
f 3098 3108 3109
f 3098 3109 3099
f 3110 3111 3112
f 3110 3112 3113
f 3111 3114 3115
f 3111 3115 3112
f 3112 3115 3116
f 3112 3116 3117
f 3113 3112 3117
f 3113 3117 3118
f 3114 3119 3120
f 3114 3120 3115
f 3119 3121 3122
f 3119 3122 3120
f 3120 3122 3123
f 3120 3123 3124
f 3115 3120 3124
f 3115 3124 3116
f 3125 3126 3127
f 3125 3127 3128
f 3126 3129 3130
f 3126 3130 3127
f 3127 3130 3123
f 3127 3123 3122
f 3128 3127 3122
f 3128 3122 3121
f 3129 3131 3132
f 3129 3132 3130
f 3131 3133 3134
f 3131 3134 3132
f 3132 3134 3135
f 3132 3135 3136
f 3130 3132 3136
f 3130 3136 3123
f 3137 3138 3139
f 3137 3139 3140
f 3138 3141 3142
f 3138 3142 3139
f 3139 3142 3135
f 3139 3135 3134
f 3140 3139 3134
f 3140 3134 3133
f 3141 3143 3144
f 3141 3144 3142
f 3143 3118 3117
f 3143 3117 3144
f 3144 3117 3116
f 3144 3116 3145
f 3142 3144 3145
f 3142 3145 3135
f 3116 3124 3146
f 3116 3146 3145
f 3123 3136 3146
f 3123 3146 3124
f 3135 3145 3146
f 3135 3146 3136
f 3147 3148 3149
f 3147 3149 3150
f 3148 3151 3152
f 3148 3152 3149
f 3149 3152 3153
f 3149 3153 3154
f 3150 3149 3154
f 3150 3154 3155
f 3151 3156 3157
f 3151 3157 3152
f 3156 3158 3159
f 3156 3159 3157
f 3157 3159 3160
f 3157 3160 3161
f 3152 3157 3161
f 3152 3161 3153
f 3162 3163 3164
f 3162 3164 3165
f 3163 3166 3167
f 3163 3167 3164
f 3164 3167 3160
f 3164 3160 3159
f 3165 3164 3159
f 3165 3159 3158
f 3166 3168 3169
f 3166 3169 3167
f 3168 3170 3171
f 3168 3171 3169
f 3169 3171 3172
f 3169 3172 3173
f 3167 3169 3173
f 3167 3173 3160
f 3174 3175 3176
f 3174 3176 3177
f 3175 3178 3179
f 3175 3179 3176
f 3176 3179 3172
f 3176 3172 3171
f 3177 3176 3171
f 3177 3171 3170
f 3178 3180 3181
f 3178 3181 3179
f 3180 3155 3154
f 3180 3154 3181
f 3181 3154 3153
f 3181 3153 3182
f 3179 3181 3182
f 3179 3182 3172
f 3153 3161 3183
f 3153 3183 3182
f 3160 3173 3183
f 3160 3183 3161
f 3172 3182 3183
f 3172 3183 3173
f 3184 3185 3186
f 3184 3186 3187
f 3185 3188 3189
f 3185 3189 3186
f 3186 3189 3190
f 3186 3190 3191
f 3187 3186 3191
f 3187 3191 3192
f 3188 3193 3194
f 3188 3194 3189
f 3193 3195 3196
f 3193 3196 3194
f 3194 3196 3197
f 3194 3197 3198
f 3189 3194 3198
f 3189 3198 3190
f 3199 3200 3201
f 3199 3201 3202
f 3200 3203 3204
f 3200 3204 3201
f 3201 3204 3197
f 3201 3197 3196
f 3202 3201 3196
f 3202 3196 3195
f 3203 3205 3206
f 3203 3206 3204
f 3205 3207 3208
f 3205 3208 3206
f 3206 3208 3209
f 3206 3209 3210
f 3204 3206 3210
f 3204 3210 3197
f 3211 3212 3213
f 3211 3213 3214
f 3212 3215 3216
f 3212 3216 3213
f 3213 3216 3209
f 3213 3209 3208
f 3214 3213 3208
f 3214 3208 3207
f 3215 3217 3218
f 3215 3218 3216
f 3217 3192 3191
f 3217 3191 3218
f 3218 3191 3190
f 3218 3190 3219
f 3216 3218 3219
f 3216 3219 3209
f 3190 3198 3220
f 3190 3220 3219
f 3197 3210 3220
f 3197 3220 3198
f 3209 3219 3220
f 3209 3220 3210
f 3221 3222 3223
f 3221 3223 3224
f 3222 3225 3226
f 3222 3226 3223
f 3223 3226 3227
f 3223 3227 3228
f 3224 3223 3228
f 3224 3228 3229
f 3225 3230 3231
f 3225 3231 3226
f 3230 3232 3233
f 3230 3233 3231
f 3231 3233 3234
f 3231 3234 3235
f 3226 3231 3235
f 3226 3235 3227
f 3236 3237 3238
f 3236 3238 3239
f 3237 3240 3241
f 3237 3241 3238
f 3238 3241 3234
f 3238 3234 3233
f 3239 3238 3233
f 3239 3233 3232
f 3240 3242 3243
f 3240 3243 3241
f 3242 3244 3245
f 3242 3245 3243
f 3243 3245 3246
f 3243 3246 3247
f 3241 3243 3247
f 3241 3247 3234
f 3248 3249 3250
f 3248 3250 3251
f 3249 3252 3253
f 3249 3253 3250
f 3250 3253 3246
f 3250 3246 3245
f 3251 3250 3245
f 3251 3245 3244
f 3252 3254 3255
f 3252 3255 3253
f 3254 3229 3228
f 3254 3228 3255
f 3255 3228 3227
f 3255 3227 3256
f 3253 3255 3256
f 3253 3256 3246
f 3227 3235 3257
f 3227 3257 3256
f 3234 3247 3257
f 3234 3257 3235
f 3246 3256 3257
f 3246 3257 3247
f 3258 3259 3260
f 3258 3260 3261
f 3259 3262 3263
f 3259 3263 3260
f 3260 3263 3264
f 3260 3264 3265
f 3261 3260 3265
f 3261 3265 3266
f 3262 3267 3268
f 3262 3268 3263
f 3267 3269 3270
f 3267 3270 3268
f 3268 3270 3271
f 3268 3271 3272
f 3263 3268 3272
f 3263 3272 3264
f 3273 3274 3275
f 3273 3275 3276
f 3274 3277 3278
f 3274 3278 3275
f 3275 3278 3271
f 3275 3271 3270
f 3276 3275 3270
f 3276 3270 3269
f 3277 3279 3280
f 3277 3280 3278
f 3279 3281 3282
f 3279 3282 3280
f 3280 3282 3283
f 3280 3283 3284
f 3278 3280 3284
f 3278 3284 3271
f 3285 3286 3287
f 3285 3287 3288
f 3286 3289 3290
f 3286 3290 3287
f 3287 3290 3283
f 3287 3283 3282
f 3288 3287 3282
f 3288 3282 3281
f 3289 3291 3292
f 3289 3292 3290
f 3291 3266 3265
f 3291 3265 3292
f 3292 3265 3264
f 3292 3264 3293
f 3290 3292 3293
f 3290 3293 3283
f 3264 3272 3294
f 3264 3294 3293
f 3271 3284 3294
f 3271 3294 3272
f 3283 3293 3294
f 3283 3294 3284
f 3295 3296 3297
f 3295 3297 3298
f 3296 3299 3300
f 3296 3300 3297
f 3297 3300 3301
f 3297 3301 3302
f 3298 3297 3302
f 3298 3302 3303
f 3299 3304 3305
f 3299 3305 3300
f 3304 3306 3307
f 3304 3307 3305
f 3305 3307 3308
f 3305 3308 3309
f 3300 3305 3309
f 3300 3309 3301
f 3310 3311 3312
f 3310 3312 3313
f 3311 3314 3315
f 3311 3315 3312
f 3312 3315 3308
f 3312 3308 3307
f 3313 3312 3307
f 3313 3307 3306
f 3314 3316 3317
f 3314 3317 3315
f 3316 3318 3319
f 3316 3319 3317
f 3317 3319 3320
f 3317 3320 3321
f 3315 3317 3321
f 3315 3321 3308
f 3322 3323 3324
f 3322 3324 3325
f 3323 3326 3327
f 3323 3327 3324
f 3324 3327 3320
f 3324 3320 3319
f 3325 3324 3319
f 3325 3319 3318
f 3326 3328 3329
f 3326 3329 3327
f 3328 3303 3302
f 3328 3302 3329
f 3329 3302 3301
f 3329 3301 3330
f 3327 3329 3330
f 3327 3330 3320
f 3301 3309 3331
f 3301 3331 3330
f 3308 3321 3331
f 3308 3331 3309
f 3320 3330 3331
f 3320 3331 3321
f 3332 3333 3334
f 3332 3334 3335
f 3333 3336 3337
f 3333 3337 3334
f 3334 3337 3338
f 3334 3338 3339
f 3335 3334 3339
f 3335 3339 3340
f 3336 3341 3342
f 3336 3342 3337
f 3341 3343 3344
f 3341 3344 3342
f 3342 3344 3345
f 3342 3345 3346
f 3337 3342 3346
f 3337 3346 3338
f 3347 3348 3349
f 3347 3349 3350
f 3348 3351 3352
f 3348 3352 3349
f 3349 3352 3345
f 3349 3345 3344
f 3350 3349 3344
f 3350 3344 3343
f 3351 3353 3354
f 3351 3354 3352
f 3353 3355 3356
f 3353 3356 3354
f 3354 3356 3357
f 3354 3357 3358
f 3352 3354 3358
f 3352 3358 3345
f 3359 3360 3361
f 3359 3361 3362
f 3360 3363 3364
f 3360 3364 3361
f 3361 3364 3357
f 3361 3357 3356
f 3362 3361 3356
f 3362 3356 3355
f 3363 3365 3366
f 3363 3366 3364
f 3365 3340 3339
f 3365 3339 3366
f 3366 3339 3338
f 3366 3338 3367
f 3364 3366 3367
f 3364 3367 3357
f 3338 3346 3368
f 3338 3368 3367
f 3345 3358 3368
f 3345 3368 3346
f 3357 3367 3368
f 3357 3368 3358
f 3369 3370 3371
f 3369 3371 3372
f 3370 3373 3374
f 3370 3374 3371
f 3371 3374 3375
f 3371 3375 3376
f 3372 3371 3376
f 3372 3376 3377
f 3373 3378 3379
f 3373 3379 3374
f 3378 3380 3381
f 3378 3381 3379
f 3379 3381 3382
f 3379 3382 3383
f 3374 3379 3383
f 3374 3383 3375
f 3384 3385 3386
f 3384 3386 3387
f 3385 3388 3389
f 3385 3389 3386
f 3386 3389 3382
f 3386 3382 3381
f 3387 3386 3381
f 3387 3381 3380
f 3388 3390 3391
f 3388 3391 3389
f 3390 3392 3393
f 3390 3393 3391
f 3391 3393 3394
f 3391 3394 3395
f 3389 3391 3395
f 3389 3395 3382
f 3396 3397 3398
f 3396 3398 3399
f 3397 3400 3401
f 3397 3401 3398
f 3398 3401 3394
f 3398 3394 3393
f 3399 3398 3393
f 3399 3393 3392
f 3400 3402 3403
f 3400 3403 3401
f 3402 3377 3376
f 3402 3376 3403
f 3403 3376 3375
f 3403 3375 3404
f 3401 3403 3404
f 3401 3404 3394
f 3375 3383 3405
f 3375 3405 3404
f 3382 3395 3405
f 3382 3405 3383
f 3394 3404 3405
f 3394 3405 3395
f 3406 3407 3408
f 3406 3408 3409
f 3407 3410 3411
f 3407 3411 3408
f 3408 3411 3412
f 3408 3412 3413
f 3409 3408 3413
f 3409 3413 3414
f 3410 3415 3416
f 3410 3416 3411
f 3415 3417 3418
f 3415 3418 3416
f 3416 3418 3419
f 3416 3419 3420
f 3411 3416 3420
f 3411 3420 3412
f 3421 3422 3423
f 3421 3423 3424
f 3422 3425 3426
f 3422 3426 3423
f 3423 3426 3419
f 3423 3419 3418
f 3424 3423 3418
f 3424 3418 3417
f 3425 3427 3428
f 3425 3428 3426
f 3427 3429 3430
f 3427 3430 3428
f 3428 3430 3431
f 3428 3431 3432
f 3426 3428 3432
f 3426 3432 3419
f 3433 3434 3435
f 3433 3435 3436
f 3434 3437 3438
f 3434 3438 3435
f 3435 3438 3431
f 3435 3431 3430
f 3436 3435 3430
f 3436 3430 3429
f 3437 3439 3440
f 3437 3440 3438
f 3439 3414 3413
f 3439 3413 3440
f 3440 3413 3412
f 3440 3412 3441
f 3438 3440 3441
f 3438 3441 3431
f 3412 3420 3442
f 3412 3442 3441
f 3419 3432 3442
f 3419 3442 3420
f 3431 3441 3442
f 3431 3442 3432
f 3443 3444 3445
f 3443 3445 3446
f 3444 3447 3448
f 3444 3448 3445
f 3445 3448 3449
f 3445 3449 3450
f 3446 3445 3450
f 3446 3450 3451
f 3447 3452 3453
f 3447 3453 3448
f 3452 3454 3455
f 3452 3455 3453
f 3453 3455 3456
f 3453 3456 3457
f 3448 3453 3457
f 3448 3457 3449
f 3458 3459 3460
f 3458 3460 3461
f 3459 3462 3463
f 3459 3463 3460
f 3460 3463 3456
f 3460 3456 3455
f 3461 3460 3455
f 3461 3455 3454
f 3462 3464 3465
f 3462 3465 3463
f 3464 3466 3467
f 3464 3467 3465
f 3465 3467 3468
f 3465 3468 3469
f 3463 3465 3469
f 3463 3469 3456
f 3470 3471 3472
f 3470 3472 3473
f 3471 3474 3475
f 3471 3475 3472
f 3472 3475 3468
f 3472 3468 3467
f 3473 3472 3467
f 3473 3467 3466
f 3474 3476 3477
f 3474 3477 3475
f 3476 3451 3450
f 3476 3450 3477
f 3477 3450 3449
f 3477 3449 3478
f 3475 3477 3478
f 3475 3478 3468
f 3449 3457 3479
f 3449 3479 3478
f 3456 3469 3479
f 3456 3479 3457
f 3468 3478 3479
f 3468 3479 3469
f 3480 3481 3482
f 3480 3482 3483
f 3481 3484 3485
f 3481 3485 3482
f 3482 3485 3486
f 3482 3486 3487
f 3483 3482 3487
f 3483 3487 3488
f 3484 3489 3490
f 3484 3490 3485
f 3489 3491 3492
f 3489 3492 3490
f 3490 3492 3493
f 3490 3493 3494
f 3485 3490 3494
f 3485 3494 3486
f 3495 3496 3497
f 3495 3497 3498
f 3496 3499 3500
f 3496 3500 3497
f 3497 3500 3493
f 3497 3493 3492
f 3498 3497 3492
f 3498 3492 3491
f 3499 3501 3502
f 3499 3502 3500
f 3501 3503 3504
f 3501 3504 3502
f 3502 3504 3505
f 3502 3505 3506
f 3500 3502 3506
f 3500 3506 3493
f 3507 3508 3509
f 3507 3509 3510
f 3508 3511 3512
f 3508 3512 3509
f 3509 3512 3505
f 3509 3505 3504
f 3510 3509 3504
f 3510 3504 3503
f 3511 3513 3514
f 3511 3514 3512
f 3513 3488 3487
f 3513 3487 3514
f 3514 3487 3486
f 3514 3486 3515
f 3512 3514 3515
f 3512 3515 3505
f 3486 3494 3516
f 3486 3516 3515
f 3493 3506 3516
f 3493 3516 3494
f 3505 3515 3516
f 3505 3516 3506
f 3517 3518 3519
f 3517 3519 3520
f 3518 3521 3522
f 3518 3522 3519
f 3519 3522 3523
f 3519 3523 3524
f 3520 3519 3524
f 3520 3524 3525
f 3521 3526 3527
f 3521 3527 3522
f 3526 3528 3529
f 3526 3529 3527
f 3527 3529 3530
f 3527 3530 3531
f 3522 3527 3531
f 3522 3531 3523
f 3532 3533 3534
f 3532 3534 3535
f 3533 3536 3537
f 3533 3537 3534
f 3534 3537 3530
f 3534 3530 3529
f 3535 3534 3529
f 3535 3529 3528
f 3536 3538 3539
f 3536 3539 3537
f 3538 3540 3541
f 3538 3541 3539
f 3539 3541 3542
f 3539 3542 3543
f 3537 3539 3543
f 3537 3543 3530
f 3544 3545 3546
f 3544 3546 3547
f 3545 3548 3549
f 3545 3549 3546
f 3546 3549 3542
f 3546 3542 3541
f 3547 3546 3541
f 3547 3541 3540
f 3548 3550 3551
f 3548 3551 3549
f 3550 3525 3524
f 3550 3524 3551
f 3551 3524 3523
f 3551 3523 3552
f 3549 3551 3552
f 3549 3552 3542
f 3523 3531 3553
f 3523 3553 3552
f 3530 3543 3553
f 3530 3553 3531
f 3542 3552 3553
f 3542 3553 3543
f 3554 3555 3556
f 3554 3556 3557
f 3555 3558 3559
f 3555 3559 3556
f 3556 3559 3560
f 3556 3560 3561
f 3557 3556 3561
f 3557 3561 3562
f 3558 3563 3564
f 3558 3564 3559
f 3563 3565 3566
f 3563 3566 3564
f 3564 3566 3567
f 3564 3567 3568
f 3559 3564 3568
f 3559 3568 3560
f 3569 3570 3571
f 3569 3571 3572
f 3570 3573 3574
f 3570 3574 3571
f 3571 3574 3567
f 3571 3567 3566
f 3572 3571 3566
f 3572 3566 3565
f 3573 3575 3576
f 3573 3576 3574
f 3575 3577 3578
f 3575 3578 3576
f 3576 3578 3579
f 3576 3579 3580
f 3574 3576 3580
f 3574 3580 3567
f 3581 3582 3583
f 3581 3583 3584
f 3582 3585 3586
f 3582 3586 3583
f 3583 3586 3579
f 3583 3579 3578
f 3584 3583 3578
f 3584 3578 3577
f 3585 3587 3588
f 3585 3588 3586
f 3587 3562 3561
f 3587 3561 3588
f 3588 3561 3560
f 3588 3560 3589
f 3586 3588 3589
f 3586 3589 3579
f 3560 3568 3590
f 3560 3590 3589
f 3567 3580 3590
f 3567 3590 3568
f 3579 3589 3590
f 3579 3590 3580
f 3591 3592 3593
f 3591 3593 3594
f 3592 3595 3596
f 3592 3596 3593
f 3593 3596 3597
f 3593 3597 3598
f 3594 3593 3598
f 3594 3598 3599
f 3595 3600 3601
f 3595 3601 3596
f 3600 3602 3603
f 3600 3603 3601
f 3601 3603 3604
f 3601 3604 3605
f 3596 3601 3605
f 3596 3605 3597
f 3606 3607 3608
f 3606 3608 3609
f 3607 3610 3611
f 3607 3611 3608
f 3608 3611 3604
f 3608 3604 3603
f 3609 3608 3603
f 3609 3603 3602
f 3610 3612 3613
f 3610 3613 3611
f 3612 3614 3615
f 3612 3615 3613
f 3613 3615 3616
f 3613 3616 3617
f 3611 3613 3617
f 3611 3617 3604
f 3618 3619 3620
f 3618 3620 3621
f 3619 3622 3623
f 3619 3623 3620
f 3620 3623 3616
f 3620 3616 3615
f 3621 3620 3615
f 3621 3615 3614
f 3622 3624 3625
f 3622 3625 3623
f 3624 3599 3598
f 3624 3598 3625
f 3625 3598 3597
f 3625 3597 3626
f 3623 3625 3626
f 3623 3626 3616
f 3597 3605 3627
f 3597 3627 3626
f 3604 3617 3627
f 3604 3627 3605
f 3616 3626 3627
f 3616 3627 3617
f 3628 3629 3630
f 3628 3630 3631
f 3629 3632 3633
f 3629 3633 3630
f 3630 3633 3634
f 3630 3634 3635
f 3631 3630 3635
f 3631 3635 3636
f 3632 3637 3638
f 3632 3638 3633
f 3637 3639 3640
f 3637 3640 3638
f 3638 3640 3641
f 3638 3641 3642
f 3633 3638 3642
f 3633 3642 3634
f 3643 3644 3645
f 3643 3645 3646
f 3644 3647 3648
f 3644 3648 3645
f 3645 3648 3641
f 3645 3641 3640
f 3646 3645 3640
f 3646 3640 3639
f 3647 3649 3650
f 3647 3650 3648
f 3649 3651 3652
f 3649 3652 3650
f 3650 3652 3653
f 3650 3653 3654
f 3648 3650 3654
f 3648 3654 3641
f 3655 3656 3657
f 3655 3657 3658
f 3656 3659 3660
f 3656 3660 3657
f 3657 3660 3653
f 3657 3653 3652
f 3658 3657 3652
f 3658 3652 3651
f 3659 3661 3662
f 3659 3662 3660
f 3661 3636 3635
f 3661 3635 3662
f 3662 3635 3634
f 3662 3634 3663
f 3660 3662 3663
f 3660 3663 3653
f 3634 3642 3664
f 3634 3664 3663
f 3641 3654 3664
f 3641 3664 3642
f 3653 3663 3664
f 3653 3664 3654
f 3665 3666 3667
f 3665 3667 3668
f 3666 3669 3670
f 3666 3670 3667
f 3667 3670 3671
f 3667 3671 3672
f 3668 3667 3672
f 3668 3672 3673
f 3669 3674 3675
f 3669 3675 3670
f 3674 3676 3677
f 3674 3677 3675
f 3675 3677 3678
f 3675 3678 3679
f 3670 3675 3679
f 3670 3679 3671
f 3680 3681 3682
f 3680 3682 3683
f 3681 3684 3685
f 3681 3685 3682
f 3682 3685 3678
f 3682 3678 3677
f 3683 3682 3677
f 3683 3677 3676
f 3684 3686 3687
f 3684 3687 3685
f 3686 3688 3689
f 3686 3689 3687
f 3687 3689 3690
f 3687 3690 3691
f 3685 3687 3691
f 3685 3691 3678
f 3692 3693 3694
f 3692 3694 3695
f 3693 3696 3697
f 3693 3697 3694
f 3694 3697 3690
f 3694 3690 3689
f 3695 3694 3689
f 3695 3689 3688
f 3696 3698 3699
f 3696 3699 3697
f 3698 3673 3672
f 3698 3672 3699
f 3699 3672 3671
f 3699 3671 3700
f 3697 3699 3700
f 3697 3700 3690
f 3671 3679 3701
f 3671 3701 3700
f 3678 3691 3701
f 3678 3701 3679
f 3690 3700 3701
f 3690 3701 3691
f 3702 3703 3704
f 3702 3704 3705
f 3703 3706 3707
f 3703 3707 3704
f 3704 3707 3708
f 3704 3708 3709
f 3705 3704 3709
f 3705 3709 3710
f 3706 3711 3712
f 3706 3712 3707
f 3711 3713 3714
f 3711 3714 3712
f 3712 3714 3715
f 3712 3715 3716
f 3707 3712 3716
f 3707 3716 3708
f 3717 3718 3719
f 3717 3719 3720
f 3718 3721 3722
f 3718 3722 3719
f 3719 3722 3715
f 3719 3715 3714
f 3720 3719 3714
f 3720 3714 3713
f 3721 3723 3724
f 3721 3724 3722
f 3723 3725 3726
f 3723 3726 3724
f 3724 3726 3727
f 3724 3727 3728
f 3722 3724 3728
f 3722 3728 3715
f 3729 3730 3731
f 3729 3731 3732
f 3730 3733 3734
f 3730 3734 3731
f 3731 3734 3727
f 3731 3727 3726
f 3732 3731 3726
f 3732 3726 3725
f 3733 3735 3736
f 3733 3736 3734
f 3735 3710 3709
f 3735 3709 3736
f 3736 3709 3708
f 3736 3708 3737
f 3734 3736 3737
f 3734 3737 3727
f 3708 3716 3738
f 3708 3738 3737
f 3715 3728 3738
f 3715 3738 3716
f 3727 3737 3738
f 3727 3738 3728
f 3739 3740 3741
f 3739 3741 3742
f 3740 3743 3744
f 3740 3744 3741
f 3741 3744 3745
f 3741 3745 3746
f 3742 3741 3746
f 3742 3746 3747
f 3747 3746 3748
f 3747 3748 3749
f 3746 3745 3750
f 3746 3750 3748
f 3748 3750 3751
f 3748 3751 3752
f 3749 3748 3752
f 3749 3752 3753
f 3753 3752 3754
f 3753 3754 3755
f 3752 3751 3756
f 3752 3756 3754
f 3754 3756 3757
f 3754 3757 3758
f 3755 3754 3758
f 3755 3758 3759
f 3760 3761 3762
f 3760 3762 3763
f 3761 3757 3756
f 3761 3756 3762
f 3762 3756 3751
f 3762 3751 3764
f 3763 3762 3764
f 3763 3764 3765
f 3765 3764 3766
f 3765 3766 3767
f 3764 3751 3750
f 3764 3750 3766
f 3766 3750 3745
f 3766 3745 3768
f 3767 3766 3768
f 3767 3768 3769
f 3769 3768 3770
f 3769 3770 3771
f 3768 3745 3744
f 3768 3744 3770
f 3770 3744 3743
f 3770 3743 3772
f 3771 3770 3772
f 3771 3772 3773
f 3774 3775 3776
f 3774 3776 3777
f 3775 3778 3779
f 3775 3779 3776
f 3776 3779 3780
f 3776 3780 3781
f 3777 3776 3781
f 3777 3781 3782
f 3782 3781 3783
f 3782 3783 3784
f 3781 3780 3785
f 3781 3785 3783
f 3783 3785 3786
f 3783 3786 3787
f 3784 3783 3787
f 3784 3787 3788
f 3788 3787 3789
f 3788 3789 3790
f 3787 3786 3791
f 3787 3791 3789
f 3789 3791 3792
f 3789 3792 3793
f 3790 3789 3793
f 3790 3793 3794
f 3795 3796 3797
f 3795 3797 3798
f 3796 3792 3791
f 3796 3791 3797
f 3797 3791 3786
f 3797 3786 3799
f 3798 3797 3799
f 3798 3799 3800
f 3800 3799 3801
f 3800 3801 3802
f 3799 3786 3785
f 3799 3785 3801
f 3801 3785 3780
f 3801 3780 3803
f 3802 3801 3803
f 3802 3803 3804
f 3804 3803 3805
f 3804 3805 3806
f 3803 3780 3779
f 3803 3779 3805
f 3805 3779 3778
f 3805 3778 3807
f 3806 3805 3807
f 3806 3807 3808
f 3809 3810 3811
f 3809 3811 3812
f 3810 3795 3798
f 3810 3798 3811
f 3811 3798 3800
f 3811 3800 3813
f 3812 3811 3813
f 3812 3813 3814
f 3814 3813 3815
f 3814 3815 3816
f 3813 3800 3802
f 3813 3802 3815
f 3815 3802 3804
f 3815 3804 3817
f 3816 3815 3817
f 3816 3817 3818
f 3818 3817 3819
f 3818 3819 3820
f 3817 3804 3806
f 3817 3806 3819
f 3819 3806 3808
f 3819 3808 3821
f 3820 3819 3821
f 3820 3821 3822
f 3823 3824 3825
f 3823 3825 3826
f 3824 3827 3828
f 3824 3828 3825
f 3825 3828 3829
f 3825 3829 3830
f 3826 3825 3830
f 3826 3830 3831
f 3831 3830 3832
f 3831 3832 3833
f 3830 3829 3834
f 3830 3834 3832
f 3832 3834 3835
f 3832 3835 3836
f 3833 3832 3836
f 3833 3836 3837
f 3837 3836 3838
f 3837 3838 3839
f 3836 3835 3840
f 3836 3840 3838
f 3838 3840 3841
f 3838 3841 3842
f 3839 3838 3842
f 3839 3842 3843
f 3844 3845 3846
f 3844 3846 3847
f 3845 3739 3742
f 3845 3742 3846
f 3846 3742 3747
f 3846 3747 3848
f 3847 3846 3848
f 3847 3848 3849
f 3849 3848 3850
f 3849 3850 3851
f 3848 3747 3749
f 3848 3749 3850
f 3850 3749 3753
f 3850 3753 3852
f 3851 3850 3852
f 3851 3852 3853
f 3853 3852 3854
f 3853 3854 3855
f 3852 3753 3755
f 3852 3755 3854
f 3854 3755 3759
f 3854 3759 3856
f 3855 3854 3856
f 3855 3856 3857
f 3858 3859 3860
f 3858 3860 3861
f 3859 3823 3826
f 3859 3826 3860
f 3860 3826 3831
f 3860 3831 3862
f 3861 3860 3862
f 3861 3862 3863
f 3863 3862 3864
f 3863 3864 3865
f 3862 3831 3833
f 3862 3833 3864
f 3864 3833 3837
f 3864 3837 3866
f 3865 3864 3866
f 3865 3866 3867
f 3867 3866 3868
f 3867 3868 3869
f 3866 3837 3839
f 3866 3839 3868
f 3868 3839 3843
f 3868 3843 3870
f 3869 3868 3870
f 3869 3870 3871
f 3872 3873 3874
f 3872 3874 3875
f 3873 3774 3777
f 3873 3777 3874
f 3874 3777 3782
f 3874 3782 3876
f 3875 3874 3876
f 3875 3876 3877
f 3877 3876 3878
f 3877 3878 3879
f 3876 3782 3784
f 3876 3784 3878
f 3878 3784 3788
f 3878 3788 3880
f 3879 3878 3880
f 3879 3880 3881
f 3881 3880 3882
f 3881 3882 3883
f 3880 3788 3790
f 3880 3790 3882
f 3882 3790 3794
f 3882 3794 3884
f 3883 3882 3884
f 3883 3884 3885
f 3827 3886 3887
f 3827 3887 3828
f 3886 3888 3889
f 3886 3889 3887
f 3887 3889 3890
f 3887 3890 3891
f 3828 3887 3891
f 3828 3891 3829
f 3829 3891 3892
f 3829 3892 3834
f 3891 3890 3893
f 3891 3893 3892
f 3892 3893 3894
f 3892 3894 3895
f 3834 3892 3895
f 3834 3895 3835
f 3835 3895 3896
f 3835 3896 3840
f 3895 3894 3897
f 3895 3897 3896
f 3896 3897 3898
f 3896 3898 3899
f 3840 3896 3899
f 3840 3899 3841
f 3900 3901 3902
f 3900 3902 3903
f 3901 3760 3763
f 3901 3763 3902
f 3902 3763 3765
f 3902 3765 3904
f 3903 3902 3904
f 3903 3904 3905
f 3905 3904 3906
f 3905 3906 3907
f 3904 3765 3767
f 3904 3767 3906
f 3906 3767 3769
f 3906 3769 3908
f 3907 3906 3908
f 3907 3908 3909
f 3909 3908 3910
f 3909 3910 3911
f 3908 3769 3771
f 3908 3771 3910
f 3910 3771 3773
f 3910 3773 3912
f 3911 3910 3912
f 3911 3912 3913
f 3914 3915 3916
f 3914 3916 3917
f 3915 3918 3919
f 3915 3919 3916
f 3916 3919 3920
f 3916 3920 3921
f 3917 3916 3921
f 3917 3921 3922
f 3922 3921 3923
f 3922 3923 3924
f 3921 3920 3925
f 3921 3925 3923
f 3923 3925 3926
f 3923 3926 3927
f 3924 3923 3927
f 3924 3927 3928
f 3928 3927 3929
f 3928 3929 3930
f 3927 3926 3931
f 3927 3931 3929
f 3929 3931 3932
f 3929 3932 3933
f 3930 3929 3933
f 3930 3933 3934
f 3935 3936 3937
f 3935 3937 3938
f 3936 3914 3917
f 3936 3917 3937
f 3937 3917 3922
f 3937 3922 3939
f 3938 3937 3939
f 3938 3939 3940
f 3940 3939 3941
f 3940 3941 3942
f 3939 3922 3924
f 3939 3924 3941
f 3941 3924 3928
f 3941 3928 3943
f 3942 3941 3943
f 3942 3943 3944
f 3944 3943 3945
f 3944 3945 3946
f 3943 3928 3930
f 3943 3930 3945
f 3945 3930 3934
f 3945 3934 3947
f 3946 3945 3947
f 3946 3947 3948
f 3949 3950 3951
f 3949 3951 3952
f 3950 3953 3954
f 3950 3954 3951
f 3951 3954 3955
f 3951 3955 3956
f 3952 3951 3956
f 3952 3956 3957
f 3957 3956 3958
f 3957 3958 3959
f 3956 3955 3960
f 3956 3960 3958
f 3958 3960 3961
f 3958 3961 3962
f 3959 3958 3962
f 3959 3962 3963
f 3963 3962 3964
f 3963 3964 3965
f 3962 3961 3966
f 3962 3966 3964
f 3964 3966 3967
f 3964 3967 3968
f 3965 3964 3968
f 3965 3968 3969
f 3970 3971 3972
f 3970 3972 3973
f 3971 3974 3975
f 3971 3975 3972
f 3972 3975 3976
f 3972 3976 3977
f 3973 3972 3977
f 3973 3977 3978
f 3978 3977 3979
f 3978 3979 3980
f 3977 3976 3981
f 3977 3981 3979
f 3979 3981 3982
f 3979 3982 3983
f 3980 3979 3983
f 3980 3983 3984
f 3984 3983 3985
f 3984 3985 3986
f 3983 3982 3987
f 3983 3987 3985
f 3985 3987 3988
f 3985 3988 3989
f 3986 3985 3989
f 3986 3989 3990
f 3991 3992 3993
f 3991 3993 3994
f 3992 3988 3987
f 3992 3987 3993
f 3993 3987 3982
f 3993 3982 3995
f 3994 3993 3995
f 3994 3995 3996
f 3996 3995 3997
f 3996 3997 3998
f 3995 3982 3981
f 3995 3981 3997
f 3997 3981 3976
f 3997 3976 3999
f 3998 3997 3999
f 3998 3999 4000
f 4000 3999 4001
f 4000 4001 4002
f 3999 3976 3975
f 3999 3975 4001
f 4001 3975 3974
f 4001 3974 4003
f 4002 4001 4003
f 4002 4003 4004
f 4005 4006 4007
f 4005 4007 4008
f 4006 4009 4010
f 4006 4010 4007
f 4007 4010 4011
f 4007 4011 4012
f 4008 4007 4012
f 4008 4012 4013
f 4013 4012 4014
f 4013 4014 4015
f 4012 4011 4016
f 4012 4016 4014
f 4014 4016 4017
f 4014 4017 4018
f 4015 4014 4018
f 4015 4018 4019
f 4019 4018 4020
f 4019 4020 4021
f 4018 4017 4022
f 4018 4022 4020
f 4020 4022 4023
f 4020 4023 4024
f 4021 4020 4024
f 4021 4024 4025
f 3888 4026 4027
f 3888 4027 3889
f 4026 3935 3938
f 4026 3938 4027
f 4027 3938 3940
f 4027 3940 4028
f 3889 4027 4028
f 3889 4028 3890
f 3890 4028 4029
f 3890 4029 3893
f 4028 3940 3942
f 4028 3942 4029
f 4029 3942 3944
f 4029 3944 4030
f 3893 4029 4030
f 3893 4030 3894
f 3894 4030 4031
f 3894 4031 3897
f 4030 3944 3946
f 4030 3946 4031
f 4031 3946 3948
f 4031 3948 4032
f 3897 4031 4032
f 3897 4032 3898
f 4033 4034 4035
f 4033 4035 4036
f 4034 4023 4022
f 4034 4022 4035
f 4035 4022 4017
f 4035 4017 4037
f 4036 4035 4037
f 4036 4037 4038
f 4038 4037 4039
f 4038 4039 4040
f 4037 4017 4016
f 4037 4016 4039
f 4039 4016 4011
f 4039 4011 4041
f 4040 4039 4041
f 4040 4041 4042
f 4042 4041 4043
f 4042 4043 4044
f 4041 4011 4010
f 4041 4010 4043
f 4043 4010 4009
f 4043 4009 4045
f 4044 4043 4045
f 4044 4045 4046
f 4047 4048 4049
f 4047 4049 4050
f 4048 4033 4036
f 4048 4036 4049
f 4049 4036 4038
f 4049 4038 4051
f 4050 4049 4051
f 4050 4051 4052
f 4052 4051 4053
f 4052 4053 4054
f 4051 4038 4040
f 4051 4040 4053
f 4053 4040 4042
f 4053 4042 4055
f 4054 4053 4055
f 4054 4055 4056
f 4056 4055 4057
f 4056 4057 4058
f 4055 4042 4044
f 4055 4044 4057
f 4057 4044 4046
f 4057 4046 4059
f 4058 4057 4059
f 4058 4059 4060
f 4061 4062 4063
f 4061 4063 4064
f 4062 4065 4066
f 4062 4066 4063
f 4063 4066 4067
f 4063 4067 4068
f 4064 4063 4068
f 4064 4068 4069
f 4069 4068 4070
f 4069 4070 4071
f 4068 4067 4072
f 4068 4072 4070
f 4070 4072 4073
f 4070 4073 4074
f 4071 4070 4074
f 4071 4074 4075
f 4075 4074 4076
f 4075 4076 4077
f 4074 4073 4078
f 4074 4078 4076
f 4076 4078 4079
f 4076 4079 4080
f 4077 4076 4080
f 4077 4080 4081
f 4082 4083 4084
f 4082 4084 4085
f 4083 3970 3973
f 4083 3973 4084
f 4084 3973 3978
f 4084 3978 4086
f 4085 4084 4086
f 4085 4086 4087
f 4087 4086 4088
f 4087 4088 4089
f 4086 3978 3980
f 4086 3980 4088
f 4088 3980 3984
f 4088 3984 4090
f 4089 4088 4090
f 4089 4090 4091
f 4091 4090 4092
f 4091 4092 4093
f 4090 3984 3986
f 4090 3986 4092
f 4092 3986 3990
f 4092 3990 4094
f 4093 4092 4094
f 4093 4094 4095
f 4096 4097 4098
f 4096 4098 4099
f 4097 4061 4064
f 4097 4064 4098
f 4098 4064 4069
f 4098 4069 4100
f 4099 4098 4100
f 4099 4100 4101
f 4101 4100 4102
f 4101 4102 4103
f 4100 4069 4071
f 4100 4071 4102
f 4102 4071 4075
f 4102 4075 4104
f 4103 4102 4104
f 4103 4104 4105
f 4105 4104 4106
f 4105 4106 4107
f 4104 4075 4077
f 4104 4077 4106
f 4106 4077 4081
f 4106 4081 4108
f 4107 4106 4108
f 4107 4108 4109
f 4110 4111 4112
f 4110 4112 4113
f 4111 4005 4008
f 4111 4008 4112
f 4112 4008 4013
f 4112 4013 4114
f 4113 4112 4114
f 4113 4114 4115
f 4115 4114 4116
f 4115 4116 4117
f 4114 4013 4015
f 4114 4015 4116
f 4116 4015 4019
f 4116 4019 4118
f 4117 4116 4118
f 4117 4118 4119
f 4119 4118 4120
f 4119 4120 4121
f 4118 4019 4021
f 4118 4021 4120
f 4120 4021 4025
f 4120 4025 4122
f 4121 4120 4122
f 4121 4122 4123
f 4065 4124 4125
f 4065 4125 4066
f 4124 3949 3952
f 4124 3952 4125
f 4125 3952 3957
f 4125 3957 4126
f 4066 4125 4126
f 4066 4126 4067
f 4067 4126 4127
f 4067 4127 4072
f 4126 3957 3959
f 4126 3959 4127
f 4127 3959 3963
f 4127 3963 4128
f 4072 4127 4128
f 4072 4128 4073
f 4073 4128 4129
f 4073 4129 4078
f 4128 3963 3965
f 4128 3965 4129
f 4129 3965 3969
f 4129 3969 4130
f 4078 4129 4130
f 4078 4130 4079
f 4131 4132 4133
f 4131 4133 4134
f 4132 3991 3994
f 4132 3994 4133
f 4133 3994 3996
f 4133 3996 4135
f 4134 4133 4135
f 4134 4135 4136
f 4136 4135 4137
f 4136 4137 4138
f 4135 3996 3998
f 4135 3998 4137
f 4137 3998 4000
f 4137 4000 4139
f 4138 4137 4139
f 4138 4139 4140
f 4140 4139 4141
f 4140 4141 4142
f 4139 4000 4002
f 4139 4002 4141
f 4141 4002 4004
f 4141 4004 4143
f 4142 4141 4143
f 4142 4143 4144
f 3953 4145 4146
f 3953 4146 3954
f 4145 2064 2062
f 4145 2062 4146
f 4146 2062 2060
f 4146 2060 4147
f 3954 4146 4147
f 3954 4147 3955
f 3955 4147 4148
f 3955 4148 3960
f 4147 2060 2058
f 4147 2058 4148
f 4148 2058 2055
f 4148 2055 4149
f 3960 4148 4149
f 3960 4149 3961
f 3961 4149 4150
f 3961 4150 3966
f 4149 2055 2052
f 4149 2052 4150
f 4150 2052 2051
f 4150 2051 4151
f 3966 4150 4151
f 3966 4151 3967
f 4152 4153 4154
f 4152 4154 4155
f 4153 4156 4157
f 4153 4157 4154
f 4154 4157 4158
f 4154 4158 4159
f 4155 4154 4159
f 4155 4159 4160
f 4160 4159 4161
f 4160 4161 4162
f 4159 4158 4163
f 4159 4163 4161
f 4161 4163 4164
f 4161 4164 4165
f 4162 4161 4165
f 4162 4165 4166
f 4166 4165 4167
f 4166 4167 4168
f 4165 4164 4169
f 4165 4169 4167
f 4167 4169 4170
f 4167 4170 4171
f 4168 4167 4171
f 4168 4171 4172
f 4173 4174 4175
f 4173 4175 4176
f 4174 4170 4169
f 4174 4169 4175
f 4175 4169 4164
f 4175 4164 4177
f 4176 4175 4177
f 4176 4177 4178
f 4178 4177 4179
f 4178 4179 4180
f 4177 4164 4163
f 4177 4163 4179
f 4179 4163 4158
f 4179 4158 4181
f 4180 4179 4181
f 4180 4181 4182
f 4182 4181 4183
f 4182 4183 4184
f 4181 4158 4157
f 4181 4157 4183
f 4183 4157 4156
f 4183 4156 4185
f 4184 4183 4185
f 4184 4185 4186
f 4187 4188 4189
f 4187 4189 4190
f 4188 4191 4192
f 4188 4192 4189
f 4189 4192 4193
f 4189 4193 4194
f 4190 4189 4194
f 4190 4194 4195
f 4195 4194 4196
f 4195 4196 4197
f 4194 4193 4198
f 4194 4198 4196
f 4196 4198 4199
f 4196 4199 4200
f 4197 4196 4200
f 4197 4200 4201
f 4201 4200 4202
f 4201 4202 4203
f 4200 4199 4204
f 4200 4204 4202
f 4202 4204 4205
f 4202 4205 4206
f 4203 4202 4206
f 4203 4206 4207
f 4208 4209 4210
f 4208 4210 4211
f 4209 4205 4204
f 4209 4204 4210
f 4210 4204 4199
f 4210 4199 4212
f 4211 4210 4212
f 4211 4212 4213
f 4213 4212 4214
f 4213 4214 4215
f 4212 4199 4198
f 4212 4198 4214
f 4214 4198 4193
f 4214 4193 4216
f 4215 4214 4216
f 4215 4216 4217
f 4217 4216 4218
f 4217 4218 4219
f 4216 4193 4192
f 4216 4192 4218
f 4218 4192 4191
f 4218 4191 4220
f 4219 4218 4220
f 4219 4220 4221
f 3822 4222 4223
f 3822 4223 3820
f 4222 4208 4211
f 4222 4211 4223
f 4223 4211 4213
f 4223 4213 4224
f 3820 4223 4224
f 3820 4224 3818
f 3818 4224 4225
f 3818 4225 3816
f 4224 4213 4215
f 4224 4215 4225
f 4225 4215 4217
f 4225 4217 4226
f 3816 4225 4226
f 3816 4226 3814
f 3814 4226 4227
f 3814 4227 3812
f 4226 4217 4219
f 4226 4219 4227
f 4227 4219 4221
f 4227 4221 4228
f 3812 4227 4228
f 3812 4228 3809
f 4229 4230 4231
f 4229 4231 4232
f 4230 4233 4234
f 4230 4234 4231
f 4231 4234 4235
f 4231 4235 4236
f 4232 4231 4236
f 4232 4236 4237
f 4237 4236 4238
f 4237 4238 4239
f 4236 4235 4240
f 4236 4240 4238
f 4238 4240 4241
f 4238 4241 4242
f 4239 4238 4242
f 4239 4242 4243
f 4243 4242 4244
f 4243 4244 4245
f 4242 4241 4246
f 4242 4246 4244
f 4244 4246 4247
f 4244 4247 4248
f 4245 4244 4248
f 4245 4248 4249
f 3857 4250 4251
f 3857 4251 3855
f 4250 4152 4155
f 4250 4155 4251
f 4251 4155 4160
f 4251 4160 4252
f 3855 4251 4252
f 3855 4252 3853
f 3853 4252 4253
f 3853 4253 3851
f 4252 4160 4162
f 4252 4162 4253
f 4253 4162 4166
f 4253 4166 4254
f 3851 4253 4254
f 3851 4254 3849
f 3849 4254 4255
f 3849 4255 3847
f 4254 4166 4168
f 4254 4168 4255
f 4255 4168 4172
f 4255 4172 4256
f 3847 4255 4256
f 3847 4256 3844
f 3871 4257 4258
f 3871 4258 3869
f 4257 4229 4232
f 4257 4232 4258
f 4258 4232 4237
f 4258 4237 4259
f 3869 4258 4259
f 3869 4259 3867
f 3867 4259 4260
f 3867 4260 3865
f 4259 4237 4239
f 4259 4239 4260
f 4260 4239 4243
f 4260 4243 4261
f 3865 4260 4261
f 3865 4261 3863
f 3863 4261 4262
f 3863 4262 3861
f 4261 4243 4245
f 4261 4245 4262
f 4262 4245 4249
f 4262 4249 4263
f 3861 4262 4263
f 3861 4263 3858
f 4264 4265 4266
f 4264 4266 4267
f 4265 4187 4190
f 4265 4190 4266
f 4266 4190 4195
f 4266 4195 4268
f 4267 4266 4268
f 4267 4268 4269
f 4269 4268 4270
f 4269 4270 4271
f 4268 4195 4197
f 4268 4197 4270
f 4270 4197 4201
f 4270 4201 4272
f 4271 4270 4272
f 4271 4272 4273
f 4273 4272 4274
f 4273 4274 4275
f 4272 4201 4203
f 4272 4203 4274
f 4274 4203 4207
f 4274 4207 4276
f 4275 4274 4276
f 4275 4276 4277
f 4233 4278 4279
f 4233 4279 4234
f 4278 4280 4281
f 4278 4281 4279
f 4279 4281 4282
f 4279 4282 4283
f 4234 4279 4283
f 4234 4283 4235
f 4235 4283 4284
f 4235 4284 4240
f 4283 4282 4285
f 4283 4285 4284
f 4284 4285 4286
f 4284 4286 4287
f 4240 4284 4287
f 4240 4287 4241
f 4241 4287 4288
f 4241 4288 4246
f 4287 4286 4289
f 4287 4289 4288
f 4288 4289 4290
f 4288 4290 4291
f 4246 4288 4291
f 4246 4291 4247
f 4292 4293 4294
f 4292 4294 4295
f 4293 4173 4176
f 4293 4176 4294
f 4294 4176 4178
f 4294 4178 4296
f 4295 4294 4296
f 4295 4296 4297
f 4297 4296 4298
f 4297 4298 4299
f 4296 4178 4180
f 4296 4180 4298
f 4298 4180 4182
f 4298 4182 4300
f 4299 4298 4300
f 4299 4300 4301
f 4301 4300 4302
f 4301 4302 4303
f 4300 4182 4184
f 4300 4184 4302
f 4302 4184 4186
f 4302 4186 4304
f 4303 4302 4304
f 4303 4304 4305
f 4306 4307 4308
f 4306 4308 4309
f 4307 3932 3931
f 4307 3931 4308
f 4308 3931 3926
f 4308 3926 4310
f 4309 4308 4310
f 4309 4310 4311
f 4311 4310 4312
f 4311 4312 4313
f 4310 3926 3925
f 4310 3925 4312
f 4312 3925 3920
f 4312 3920 4314
f 4313 4312 4314
f 4313 4314 4315
f 4315 4314 4316
f 4315 4316 4317
f 4314 3920 3919
f 4314 3919 4316
f 4316 3919 3918
f 4316 3918 4318
f 4317 4316 4318
f 4317 4318 4319
f 4320 4321 4322
f 4320 4322 4323
f 4321 4306 4309
f 4321 4309 4322
f 4322 4309 4311
f 4322 4311 4324
f 4323 4322 4324
f 4323 4324 4325
f 4325 4324 4326
f 4325 4326 4327
f 4324 4311 4313
f 4324 4313 4326
f 4326 4313 4315
f 4326 4315 4328
f 4327 4326 4328
f 4327 4328 4329
f 4329 4328 4330
f 4329 4330 4331
f 4328 4315 4317
f 4328 4317 4330
f 4330 4317 4319
f 4330 4319 4332
f 4331 4330 4332
f 4331 4332 4333
f 4334 4335 4336
f 4334 4336 4337
f 4335 4338 4339
f 4335 4339 4336
f 4336 4339 4340
f 4336 4340 4341
f 4337 4336 4341
f 4337 4341 4342
f 4342 4341 4343
f 4342 4343 4344
f 4341 4340 4345
f 4341 4345 4343
f 4343 4345 4346
f 4343 4346 4347
f 4344 4343 4347
f 4344 4347 4348
f 4348 4347 4349
f 4348 4349 4350
f 4347 4346 4351
f 4347 4351 4349
f 4349 4351 4352
f 4349 4352 4353
f 4350 4349 4353
f 4350 4353 4354
f 4355 4356 4357
f 4355 4357 4358
f 4356 4359 4360
f 4356 4360 4357
f 4357 4360 4361
f 4357 4361 4362
f 4358 4357 4362
f 4358 4362 4363
f 4363 4362 4364
f 4363 4364 4365
f 4362 4361 4366
f 4362 4366 4364
f 4364 4366 4367
f 4364 4367 4368
f 4365 4364 4368
f 4365 4368 4369
f 4369 4368 4370
f 4369 4370 4371
f 4368 4367 4372
f 4368 4372 4370
f 4370 4372 4373
f 4370 4373 4374
f 4371 4370 4374
f 4371 4374 4375
f 4376 4377 4378
f 4376 4378 4379
f 4377 4373 4372
f 4377 4372 4378
f 4378 4372 4367
f 4378 4367 4380
f 4379 4378 4380
f 4379 4380 4381
f 4381 4380 4382
f 4381 4382 4383
f 4380 4367 4366
f 4380 4366 4382
f 4382 4366 4361
f 4382 4361 4384
f 4383 4382 4384
f 4383 4384 4385
f 4385 4384 4386
f 4385 4386 4387
f 4384 4361 4360
f 4384 4360 4386
f 4386 4360 4359
f 4386 4359 4388
f 4387 4386 4388
f 4387 4388 4389
f 4390 4391 4392
f 4390 4392 4393
f 4391 4394 4395
f 4391 4395 4392
f 4392 4395 4396
f 4392 4396 4397
f 4393 4392 4397
f 4393 4397 4398
f 4398 4397 4399
f 4398 4399 4400
f 4397 4396 4401
f 4397 4401 4399
f 4399 4401 4402
f 4399 4402 4403
f 4400 4399 4403
f 4400 4403 4404
f 4404 4403 4405
f 4404 4405 4406
f 4403 4402 4407
f 4403 4407 4405
f 4405 4407 4408
f 4405 4408 4409
f 4406 4405 4409
f 4406 4409 4410
f 4280 4411 4412
f 4280 4412 4281
f 4411 4320 4323
f 4411 4323 4412
f 4412 4323 4325
f 4412 4325 4413
f 4281 4412 4413
f 4281 4413 4282
f 4282 4413 4414
f 4282 4414 4285
f 4413 4325 4327
f 4413 4327 4414
f 4414 4327 4329
f 4414 4329 4415
f 4285 4414 4415
f 4285 4415 4286
f 4286 4415 4416
f 4286 4416 4289
f 4415 4329 4331
f 4415 4331 4416
f 4416 4331 4333
f 4416 4333 4417
f 4289 4416 4417
f 4289 4417 4290
f 4418 4419 4420
f 4418 4420 4421
f 4419 4408 4407
f 4419 4407 4420
f 4420 4407 4402
f 4420 4402 4422
f 4421 4420 4422
f 4421 4422 4423
f 4423 4422 4424
f 4423 4424 4425
f 4422 4402 4401
f 4422 4401 4424
f 4424 4401 4396
f 4424 4396 4426
f 4425 4424 4426
f 4425 4426 4427
f 4427 4426 4428
f 4427 4428 4429
f 4426 4396 4395
f 4426 4395 4428
f 4428 4395 4394
f 4428 4394 4430
f 4429 4428 4430
f 4429 4430 4431
f 4060 4432 4433
f 4060 4433 4058
f 4432 4418 4421
f 4432 4421 4433
f 4433 4421 4423
f 4433 4423 4434
f 4058 4433 4434
f 4058 4434 4056
f 4056 4434 4435
f 4056 4435 4054
f 4434 4423 4425
f 4434 4425 4435
f 4435 4425 4427
f 4435 4427 4436
f 4054 4435 4436
f 4054 4436 4052
f 4052 4436 4437
f 4052 4437 4050
f 4436 4427 4429
f 4436 4429 4437
f 4437 4429 4431
f 4437 4431 4438
f 4050 4437 4438
f 4050 4438 4047
f 4439 4440 4441
f 4439 4441 4442
f 4440 4443 4444
f 4440 4444 4441
f 4441 4444 4445
f 4441 4445 4446
f 4442 4441 4446
f 4442 4446 4447
f 4447 4446 4448
f 4447 4448 4449
f 4446 4445 4450
f 4446 4450 4448
f 4448 4450 4451
f 4448 4451 4452
f 4449 4448 4452
f 4449 4452 4453
f 4453 4452 4454
f 4453 4454 4455
f 4452 4451 4456
f 4452 4456 4454
f 4454 4456 4457
f 4454 4457 4458
f 4455 4454 4458
f 4455 4458 4459
f 4095 4460 4461
f 4095 4461 4093
f 4460 4355 4358
f 4460 4358 4461
f 4461 4358 4363
f 4461 4363 4462
f 4093 4461 4462
f 4093 4462 4091
f 4091 4462 4463
f 4091 4463 4089
f 4462 4363 4365
f 4462 4365 4463
f 4463 4365 4369
f 4463 4369 4464
f 4089 4463 4464
f 4089 4464 4087
f 4087 4464 4465
f 4087 4465 4085
f 4464 4369 4371
f 4464 4371 4465
f 4465 4371 4375
f 4465 4375 4466
f 4085 4465 4466
f 4085 4466 4082
f 4109 4467 4468
f 4109 4468 4107
f 4467 4439 4442
f 4467 4442 4468
f 4468 4442 4447
f 4468 4447 4469
f 4107 4468 4469
f 4107 4469 4105
f 4105 4469 4470
f 4105 4470 4103
f 4469 4447 4449
f 4469 4449 4470
f 4470 4449 4453
f 4470 4453 4471
f 4103 4470 4471
f 4103 4471 4101
f 4101 4471 4472
f 4101 4472 4099
f 4471 4453 4455
f 4471 4455 4472
f 4472 4455 4459
f 4472 4459 4473
f 4099 4472 4473
f 4099 4473 4096
f 4474 4475 4476
f 4474 4476 4477
f 4475 4390 4393
f 4475 4393 4476
f 4476 4393 4398
f 4476 4398 4478
f 4477 4476 4478
f 4477 4478 4479
f 4479 4478 4480
f 4479 4480 4481
f 4478 4398 4400
f 4478 4400 4480
f 4480 4400 4404
f 4480 4404 4482
f 4481 4480 4482
f 4481 4482 4483
f 4483 4482 4484
f 4483 4484 4485
f 4482 4404 4406
f 4482 4406 4484
f 4484 4406 4410
f 4484 4410 4486
f 4485 4484 4486
f 4485 4486 4487
f 4443 4488 4489
f 4443 4489 4444
f 4488 4334 4337
f 4488 4337 4489
f 4489 4337 4342
f 4489 4342 4490
f 4444 4489 4490
f 4444 4490 4445
f 4445 4490 4491
f 4445 4491 4450
f 4490 4342 4344
f 4490 4344 4491
f 4491 4344 4348
f 4491 4348 4492
f 4450 4491 4492
f 4450 4492 4451
f 4451 4492 4493
f 4451 4493 4456
f 4492 4348 4350
f 4492 4350 4493
f 4493 4350 4354
f 4493 4354 4494
f 4456 4493 4494
f 4456 4494 4457
f 4495 4496 4497
f 4495 4497 4498
f 4496 4376 4379
f 4496 4379 4497
f 4497 4379 4381
f 4497 4381 4499
f 4498 4497 4499
f 4498 4499 4500
f 4500 4499 4501
f 4500 4501 4502
f 4499 4381 4383
f 4499 4383 4501
f 4501 4383 4385
f 4501 4385 4503
f 4502 4501 4503
f 4502 4503 4504
f 4504 4503 4505
f 4504 4505 4506
f 4503 4385 4387
f 4503 4387 4505
f 4505 4387 4389
f 4505 4389 4507
f 4506 4505 4507
f 4506 4507 4508
f 4338 4509 4510
f 4338 4510 4339
f 4509 2079 2077
f 4509 2077 4510
f 4510 2077 2075
f 4510 2075 4511
f 4339 4510 4511
f 4339 4511 4340
f 4340 4511 4512
f 4340 4512 4345
f 4511 2075 2073
f 4511 2073 4512
f 4512 2073 2070
f 4512 2070 4513
f 4345 4512 4513
f 4345 4513 4346
f 4346 4513 4514
f 4346 4514 4351
f 4513 2070 2067
f 4513 2067 4514
f 4514 2067 2066
f 4514 2066 4515
f 4351 4514 4515
f 4351 4515 4352
f 4516 4517 4518
f 4516 4518 4519
f 4517 4520 4521
f 4517 4521 4518
f 4518 4521 4522
f 4518 4522 4523
f 4519 4518 4523
f 4519 4523 4524
f 4524 4523 4525
f 4524 4525 4526
f 4523 4522 4527
f 4523 4527 4525
f 4525 4527 4528
f 4525 4528 4529
f 4526 4525 4529
f 4526 4529 4530
f 4530 4529 4531
f 4530 4531 4532
f 4529 4528 4533
f 4529 4533 4531
f 4531 4533 4534
f 4531 4534 4535
f 4532 4531 4535
f 4532 4535 4536
f 4537 4538 4539
f 4537 4539 4540
f 4538 4534 4533
f 4538 4533 4539
f 4539 4533 4528
f 4539 4528 4541
f 4540 4539 4541
f 4540 4541 4542
f 4542 4541 4543
f 4542 4543 4544
f 4541 4528 4527
f 4541 4527 4543
f 4543 4527 4522
f 4543 4522 4545
f 4544 4543 4545
f 4544 4545 4546
f 4546 4545 4547
f 4546 4547 4548
f 4545 4522 4521
f 4545 4521 4547
f 4547 4521 4520
f 4547 4520 4549
f 4548 4547 4549
f 4548 4549 4550
f 4551 4552 4553
f 4551 4553 4554
f 4552 4555 4556
f 4552 4556 4553
f 4553 4556 4557
f 4553 4557 4558
f 4554 4553 4558
f 4554 4558 4559
f 4559 4558 4560
f 4559 4560 4561
f 4558 4557 4562
f 4558 4562 4560
f 4560 4562 4563
f 4560 4563 4564
f 4561 4560 4564
f 4561 4564 4565
f 4565 4564 4566
f 4565 4566 4567
f 4564 4563 4568
f 4564 4568 4566
f 4566 4568 4569
f 4566 4569 4570
f 4567 4566 4570
f 4567 4570 4571
f 4572 4573 4574
f 4572 4574 4575
f 4573 4569 4568
f 4573 4568 4574
f 4574 4568 4563
f 4574 4563 4576
f 4575 4574 4576
f 4575 4576 4577
f 4577 4576 4578
f 4577 4578 4579
f 4576 4563 4562
f 4576 4562 4578
f 4578 4562 4557
f 4578 4557 4580
f 4579 4578 4580
f 4579 4580 4581
f 4581 4580 4582
f 4581 4582 4583
f 4580 4557 4556
f 4580 4556 4582
f 4582 4556 4555
f 4582 4555 4584
f 4583 4582 4584
f 4583 4584 4585
f 4586 4587 4588
f 4586 4588 4589
f 4587 4572 4575
f 4587 4575 4588
f 4588 4575 4577
f 4588 4577 4590
f 4589 4588 4590
f 4589 4590 4591
f 4591 4590 4592
f 4591 4592 4593
f 4590 4577 4579
f 4590 4579 4592
f 4592 4579 4581
f 4592 4581 4594
f 4593 4592 4594
f 4593 4594 4595
f 4595 4594 4596
f 4595 4596 4597
f 4594 4581 4583
f 4594 4583 4596
f 4596 4583 4585
f 4596 4585 4598
f 4597 4596 4598
f 4597 4598 4599
f 4600 4601 4602
f 4600 4602 4603
f 4601 4604 4605
f 4601 4605 4602
f 4602 4605 4606
f 4602 4606 4607
f 4603 4602 4607
f 4603 4607 4608
f 4608 4607 4609
f 4608 4609 4610
f 4607 4606 4611
f 4607 4611 4609
f 4609 4611 4612
f 4609 4612 4613
f 4610 4609 4613
f 4610 4613 4614
f 4614 4613 4615
f 4614 4615 4616
f 4613 4612 4617
f 4613 4617 4615
f 4615 4617 4618
f 4615 4618 4619
f 4616 4615 4619
f 4616 4619 4620
f 4621 4622 4623
f 4621 4623 4624
f 4622 4516 4519
f 4622 4519 4623
f 4623 4519 4524
f 4623 4524 4625
f 4624 4623 4625
f 4624 4625 4626
f 4626 4625 4627
f 4626 4627 4628
f 4625 4524 4526
f 4625 4526 4627
f 4627 4526 4530
f 4627 4530 4629
f 4628 4627 4629
f 4628 4629 4630
f 4630 4629 4631
f 4630 4631 4632
f 4629 4530 4532
f 4629 4532 4631
f 4631 4532 4536
f 4631 4536 4633
f 4632 4631 4633
f 4632 4633 4634
f 4635 4636 4637
f 4635 4637 4638
f 4636 4600 4603
f 4636 4603 4637
f 4637 4603 4608
f 4637 4608 4639
f 4638 4637 4639
f 4638 4639 4640
f 4640 4639 4641
f 4640 4641 4642
f 4639 4608 4610
f 4639 4610 4641
f 4641 4610 4614
f 4641 4614 4643
f 4642 4641 4643
f 4642 4643 4644
f 4644 4643 4645
f 4644 4645 4646
f 4643 4614 4616
f 4643 4616 4645
f 4645 4616 4620
f 4645 4620 4647
f 4646 4645 4647
f 4646 4647 4648
f 3885 4649 4650
f 3885 4650 3883
f 4649 4551 4554
f 4649 4554 4650
f 4650 4554 4559
f 4650 4559 4651
f 3883 4650 4651
f 3883 4651 3881
f 3881 4651 4652
f 3881 4652 3879
f 4651 4559 4561
f 4651 4561 4652
f 4652 4561 4565
f 4652 4565 4653
f 3879 4652 4653
f 3879 4653 3877
f 3877 4653 4654
f 3877 4654 3875
f 4653 4565 4567
f 4653 4567 4654
f 4654 4567 4571
f 4654 4571 4655
f 3875 4654 4655
f 3875 4655 3872
f 4604 4656 4657
f 4604 4657 4605
f 4656 4658 4659
f 4656 4659 4657
f 4657 4659 4660
f 4657 4660 4661
f 4605 4657 4661
f 4605 4661 4606
f 4606 4661 4662
f 4606 4662 4611
f 4661 4660 4663
f 4661 4663 4662
f 4662 4663 4664
f 4662 4664 4665
f 4611 4662 4665
f 4611 4665 4612
f 4612 4665 4666
f 4612 4666 4617
f 4665 4664 4667
f 4665 4667 4666
f 4666 4667 4668
f 4666 4668 4669
f 4617 4666 4669
f 4617 4669 4618
f 3913 4670 4671
f 3913 4671 3911
f 4670 4537 4540
f 4670 4540 4671
f 4671 4540 4542
f 4671 4542 4672
f 3911 4671 4672
f 3911 4672 3909
f 3909 4672 4673
f 3909 4673 3907
f 4672 4542 4544
f 4672 4544 4673
f 4673 4544 4546
f 4673 4546 4674
f 3907 4673 4674
f 3907 4674 3905
f 3905 4674 4675
f 3905 4675 3903
f 4674 4546 4548
f 4674 4548 4675
f 4675 4548 4550
f 4675 4550 4676
f 3903 4675 4676
f 3903 4676 3900
f 4677 4678 4679
f 4677 4679 4680
f 4678 4681 4682
f 4678 4682 4679
f 4679 4682 4683
f 4679 4683 4684
f 4680 4679 4684
f 4680 4684 4685
f 4685 4684 4686
f 4685 4686 4687
f 4684 4683 4688
f 4684 4688 4686
f 4686 4688 4689
f 4686 4689 4690
f 4687 4686 4690
f 4687 4690 4691
f 4691 4690 4692
f 4691 4692 4693
f 4690 4689 4694
f 4690 4694 4692
f 4692 4694 4695
f 4692 4695 4696
f 4693 4692 4696
f 4693 4696 4697
f 4698 4699 4700
f 4698 4700 4701
f 4699 4677 4680
f 4699 4680 4700
f 4700 4680 4685
f 4700 4685 4702
f 4701 4700 4702
f 4701 4702 4703
f 4703 4702 4704
f 4703 4704 4705
f 4702 4685 4687
f 4702 4687 4704
f 4704 4687 4691
f 4704 4691 4706
f 4705 4704 4706
f 4705 4706 4707
f 4707 4706 4708
f 4707 4708 4709
f 4706 4691 4693
f 4706 4693 4708
f 4708 4693 4697
f 4708 4697 4710
f 4709 4708 4710
f 4709 4710 4711
f 4712 4713 4714
f 4712 4714 4715
f 4713 4716 4717
f 4713 4717 4714
f 4714 4717 4718
f 4714 4718 4719
f 4715 4714 4719
f 4715 4719 4720
f 4720 4719 4721
f 4720 4721 4722
f 4719 4718 4723
f 4719 4723 4721
f 4721 4723 4724
f 4721 4724 4725
f 4722 4721 4725
f 4722 4725 4726
f 4726 4725 4727
f 4726 4727 4728
f 4725 4724 4729
f 4725 4729 4727
f 4727 4729 4730
f 4727 4730 4731
f 4728 4727 4731
f 4728 4731 4732
f 4733 4734 4735
f 4733 4735 4736
f 4734 4737 4738
f 4734 4738 4735
f 4735 4738 4739
f 4735 4739 4740
f 4736 4735 4740
f 4736 4740 4741
f 4741 4740 4742
f 4741 4742 4743
f 4740 4739 4744
f 4740 4744 4742
f 4742 4744 4745
f 4742 4745 4746
f 4743 4742 4746
f 4743 4746 4747
f 4747 4746 4748
f 4747 4748 4749
f 4746 4745 4750
f 4746 4750 4748
f 4748 4750 4751
f 4748 4751 4752
f 4749 4748 4752
f 4749 4752 4753
f 4754 4755 4756
f 4754 4756 4757
f 4755 4751 4750
f 4755 4750 4756
f 4756 4750 4745
f 4756 4745 4758
f 4757 4756 4758
f 4757 4758 4759
f 4759 4758 4760
f 4759 4760 4761
f 4758 4745 4744
f 4758 4744 4760
f 4760 4744 4739
f 4760 4739 4762
f 4761 4760 4762
f 4761 4762 4763
f 4763 4762 4764
f 4763 4764 4765
f 4762 4739 4738
f 4762 4738 4764
f 4764 4738 4737
f 4764 4737 4766
f 4765 4764 4766
f 4765 4766 4767
f 4768 4769 4770
f 4768 4770 4771
f 4769 4772 4773
f 4769 4773 4770
f 4770 4773 4774
f 4770 4774 4775
f 4771 4770 4775
f 4771 4775 4776
f 4776 4775 4777
f 4776 4777 4778
f 4775 4774 4779
f 4775 4779 4777
f 4777 4779 4780
f 4777 4780 4781
f 4778 4777 4781
f 4778 4781 4782
f 4782 4781 4783
f 4782 4783 4784
f 4781 4780 4785
f 4781 4785 4783
f 4783 4785 4786
f 4783 4786 4787
f 4784 4783 4787
f 4784 4787 4788
f 4658 4789 4790
f 4658 4790 4659
f 4789 4698 4701
f 4789 4701 4790
f 4790 4701 4703
f 4790 4703 4791
f 4659 4790 4791
f 4659 4791 4660
f 4660 4791 4792
f 4660 4792 4663
f 4791 4703 4705
f 4791 4705 4792
f 4792 4705 4707
f 4792 4707 4793
f 4663 4792 4793
f 4663 4793 4664
f 4664 4793 4794
f 4664 4794 4667
f 4793 4707 4709
f 4793 4709 4794
f 4794 4709 4711
f 4794 4711 4795
f 4667 4794 4795
f 4667 4795 4668
f 4796 4797 4798
f 4796 4798 4799
f 4797 4786 4785
f 4797 4785 4798
f 4798 4785 4780
f 4798 4780 4800
f 4799 4798 4800
f 4799 4800 4801
f 4801 4800 4802
f 4801 4802 4803
f 4800 4780 4779
f 4800 4779 4802
f 4802 4779 4774
f 4802 4774 4804
f 4803 4802 4804
f 4803 4804 4805
f 4805 4804 4806
f 4805 4806 4807
f 4804 4774 4773
f 4804 4773 4806
f 4806 4773 4772
f 4806 4772 4808
f 4807 4806 4808
f 4807 4808 4809
f 4810 4811 4812
f 4810 4812 4813
f 4811 4796 4799
f 4811 4799 4812
f 4812 4799 4801
f 4812 4801 4814
f 4813 4812 4814
f 4813 4814 4815
f 4815 4814 4816
f 4815 4816 4817
f 4814 4801 4803
f 4814 4803 4816
f 4816 4803 4805
f 4816 4805 4818
f 4817 4816 4818
f 4817 4818 4819
f 4819 4818 4820
f 4819 4820 4821
f 4818 4805 4807
f 4818 4807 4820
f 4820 4807 4809
f 4820 4809 4822
f 4821 4820 4822
f 4821 4822 4823
f 4824 4825 4826
f 4824 4826 4827
f 4825 4828 4829
f 4825 4829 4826
f 4826 4829 4830
f 4826 4830 4831
f 4827 4826 4831
f 4827 4831 4832
f 4832 4831 4833
f 4832 4833 4834
f 4831 4830 4835
f 4831 4835 4833
f 4833 4835 4836
f 4833 4836 4837
f 4834 4833 4837
f 4834 4837 4838
f 4838 4837 4839
f 4838 4839 4840
f 4837 4836 4841
f 4837 4841 4839
f 4839 4841 4842
f 4839 4842 4843
f 4840 4839 4843
f 4840 4843 4844
f 4845 4846 4847
f 4845 4847 4848
f 4846 4733 4736
f 4846 4736 4847
f 4847 4736 4741
f 4847 4741 4849
f 4848 4847 4849
f 4848 4849 4850
f 4850 4849 4851
f 4850 4851 4852
f 4849 4741 4743
f 4849 4743 4851
f 4851 4743 4747
f 4851 4747 4853
f 4852 4851 4853
f 4852 4853 4854
f 4854 4853 4855
f 4854 4855 4856
f 4853 4747 4749
f 4853 4749 4855
f 4855 4749 4753
f 4855 4753 4857
f 4856 4855 4857
f 4856 4857 4858
f 4859 4860 4861
f 4859 4861 4862
f 4860 4824 4827
f 4860 4827 4861
f 4861 4827 4832
f 4861 4832 4863
f 4862 4861 4863
f 4862 4863 4864
f 4864 4863 4865
f 4864 4865 4866
f 4863 4832 4834
f 4863 4834 4865
f 4865 4834 4838
f 4865 4838 4867
f 4866 4865 4867
f 4866 4867 4868
f 4868 4867 4869
f 4868 4869 4870
f 4867 4838 4840
f 4867 4840 4869
f 4869 4840 4844
f 4869 4844 4871
f 4870 4869 4871
f 4870 4871 4872
f 4123 4873 4874
f 4123 4874 4121
f 4873 4768 4771
f 4873 4771 4874
f 4874 4771 4776
f 4874 4776 4875
f 4121 4874 4875
f 4121 4875 4119
f 4119 4875 4876
f 4119 4876 4117
f 4875 4776 4778
f 4875 4778 4876
f 4876 4778 4782
f 4876 4782 4877
f 4117 4876 4877
f 4117 4877 4115
f 4115 4877 4878
f 4115 4878 4113
f 4877 4782 4784
f 4877 4784 4878
f 4878 4784 4788
f 4878 4788 4879
f 4113 4878 4879
f 4113 4879 4110
f 4828 4880 4881
f 4828 4881 4829
f 4880 4712 4715
f 4880 4715 4881
f 4881 4715 4720
f 4881 4720 4882
f 4829 4881 4882
f 4829 4882 4830
f 4830 4882 4883
f 4830 4883 4835
f 4882 4720 4722
f 4882 4722 4883
f 4883 4722 4726
f 4883 4726 4884
f 4835 4883 4884
f 4835 4884 4836
f 4836 4884 4885
f 4836 4885 4841
f 4884 4726 4728
f 4884 4728 4885
f 4885 4728 4732
f 4885 4732 4886
f 4841 4885 4886
f 4841 4886 4842
f 4144 4887 4888
f 4144 4888 4142
f 4887 4754 4757
f 4887 4757 4888
f 4888 4757 4759
f 4888 4759 4889
f 4142 4888 4889
f 4142 4889 4140
f 4140 4889 4890
f 4140 4890 4138
f 4889 4759 4761
f 4889 4761 4890
f 4890 4761 4763
f 4890 4763 4891
f 4138 4890 4891
f 4138 4891 4136
f 4136 4891 4892
f 4136 4892 4134
f 4891 4763 4765
f 4891 4765 4892
f 4892 4765 4767
f 4892 4767 4893
f 4134 4892 4893
f 4134 4893 4131
f 4716 4894 4895
f 4716 4895 4717
f 4894 2094 2092
f 4894 2092 4895
f 4895 2092 2090
f 4895 2090 4896
f 4717 4895 4896
f 4717 4896 4718
f 4718 4896 4897
f 4718 4897 4723
f 4896 2090 2088
f 4896 2088 4897
f 4897 2088 2085
f 4897 2085 4898
f 4723 4897 4898
f 4723 4898 4724
f 4724 4898 4899
f 4724 4899 4729
f 4898 2085 2082
f 4898 2082 4899
f 4899 2082 2081
f 4899 2081 4900
f 4729 4899 4900
f 4729 4900 4730
f 4901 4902 4903
f 4901 4903 4904
f 4902 4905 4906
f 4902 4906 4903
f 4903 4906 4907
f 4903 4907 4908
f 4904 4903 4908
f 4904 4908 4909
f 4909 4908 4910
f 4909 4910 4911
f 4908 4907 4912
f 4908 4912 4910
f 4910 4912 4913
f 4910 4913 4914
f 4911 4910 4914
f 4911 4914 4915
f 4915 4914 4916
f 4915 4916 4917
f 4914 4913 4918
f 4914 4918 4916
f 4916 4918 4919
f 4916 4919 4920
f 4917 4916 4920
f 4917 4920 4921
f 4922 4923 4924
f 4922 4924 4925
f 4923 4919 4918
f 4923 4918 4924
f 4924 4918 4913
f 4924 4913 4926
f 4925 4924 4926
f 4925 4926 4927
f 4927 4926 4928
f 4927 4928 4929
f 4926 4913 4912
f 4926 4912 4928
f 4928 4912 4907
f 4928 4907 4930
f 4929 4928 4930
f 4929 4930 4931
f 4931 4930 4932
f 4931 4932 4933
f 4930 4907 4906
f 4930 4906 4932
f 4932 4906 4905
f 4932 4905 4934
f 4933 4932 4934
f 4933 4934 4935
f 4936 4937 4938
f 4936 4938 4939
f 4937 4940 4941
f 4937 4941 4938
f 4938 4941 4942
f 4938 4942 4943
f 4939 4938 4943
f 4939 4943 4944
f 4944 4943 4945
f 4944 4945 4946
f 4943 4942 4947
f 4943 4947 4945
f 4945 4947 4948
f 4945 4948 4949
f 4946 4945 4949
f 4946 4949 4950
f 4950 4949 4951
f 4950 4951 4952
f 4949 4948 4953
f 4949 4953 4951
f 4951 4953 4954
f 4951 4954 4955
f 4952 4951 4955
f 4952 4955 4956
f 4957 4958 4959
f 4957 4959 4960
f 4958 4954 4953
f 4958 4953 4959
f 4959 4953 4948
f 4959 4948 4961
f 4960 4959 4961
f 4960 4961 4962
f 4962 4961 4963
f 4962 4963 4964
f 4961 4948 4947
f 4961 4947 4963
f 4963 4947 4942
f 4963 4942 4965
f 4964 4963 4965
f 4964 4965 4966
f 4966 4965 4967
f 4966 4967 4968
f 4965 4942 4941
f 4965 4941 4967
f 4967 4941 4940
f 4967 4940 4969
f 4968 4967 4969
f 4968 4969 4970
f 4599 4971 4972
f 4599 4972 4597
f 4971 4957 4960
f 4971 4960 4972
f 4972 4960 4962
f 4972 4962 4973
f 4597 4972 4973
f 4597 4973 4595
f 4595 4973 4974
f 4595 4974 4593
f 4973 4962 4964
f 4973 4964 4974
f 4974 4964 4966
f 4974 4966 4975
f 4593 4974 4975
f 4593 4975 4591
f 4591 4975 4976
f 4591 4976 4589
f 4975 4966 4968
f 4975 4968 4976
f 4976 4968 4970
f 4976 4970 4977
f 4589 4976 4977
f 4589 4977 4586
f 4978 4979 4980
f 4978 4980 4981
f 4979 4982 4983
f 4979 4983 4980
f 4980 4983 4984
f 4980 4984 4985
f 4981 4980 4985
f 4981 4985 4986
f 4986 4985 4987
f 4986 4987 4988
f 4985 4984 4989
f 4985 4989 4987
f 4987 4989 4990
f 4987 4990 4991
f 4988 4987 4991
f 4988 4991 4992
f 4992 4991 4993
f 4992 4993 4994
f 4991 4990 4995
f 4991 4995 4993
f 4993 4995 4996
f 4993 4996 4997
f 4994 4993 4997
f 4994 4997 4998
f 4634 4999 5000
f 4634 5000 4632
f 4999 4901 4904
f 4999 4904 5000
f 5000 4904 4909
f 5000 4909 5001
f 4632 5000 5001
f 4632 5001 4630
f 4630 5001 5002
f 4630 5002 4628
f 5001 4909 4911
f 5001 4911 5002
f 5002 4911 4915
f 5002 4915 5003
f 4628 5002 5003
f 4628 5003 4626
f 4626 5003 5004
f 4626 5004 4624
f 5003 4915 4917
f 5003 4917 5004
f 5004 4917 4921
f 5004 4921 5005
f 4624 5004 5005
f 4624 5005 4621
f 4648 5006 5007
f 4648 5007 4646
f 5006 4978 4981
f 5006 4981 5007
f 5007 4981 4986
f 5007 4986 5008
f 4646 5007 5008
f 4646 5008 4644
f 4644 5008 5009
f 4644 5009 4642
f 5008 4986 4988
f 5008 4988 5009
f 5009 4988 4992
f 5009 4992 5010
f 4642 5009 5010
f 4642 5010 4640
f 4640 5010 5011
f 4640 5011 4638
f 5010 4992 4994
f 5010 4994 5011
f 5011 4994 4998
f 5011 4998 5012
f 4638 5011 5012
f 4638 5012 4635
f 4277 5013 5014
f 4277 5014 4275
f 5013 4936 4939
f 5013 4939 5014
f 5014 4939 4944
f 5014 4944 5015
f 4275 5014 5015
f 4275 5015 4273
f 4273 5015 5016
f 4273 5016 4271
f 5015 4944 4946
f 5015 4946 5016
f 5016 4946 4950
f 5016 4950 5017
f 4271 5016 5017
f 4271 5017 4269
f 4269 5017 5018
f 4269 5018 4267
f 5017 4950 4952
f 5017 4952 5018
f 5018 4952 4956
f 5018 4956 5019
f 4267 5018 5019
f 4267 5019 4264
f 4982 5020 5021
f 4982 5021 4983
f 5020 5022 5023
f 5020 5023 5021
f 5021 5023 5024
f 5021 5024 5025
f 4983 5021 5025
f 4983 5025 4984
f 4984 5025 5026
f 4984 5026 4989
f 5025 5024 5027
f 5025 5027 5026
f 5026 5027 5028
f 5026 5028 5029
f 4989 5026 5029
f 4989 5029 4990
f 4990 5029 5030
f 4990 5030 4995
f 5029 5028 5031
f 5029 5031 5030
f 5030 5031 5032
f 5030 5032 5033
f 4995 5030 5033
f 4995 5033 4996
f 4305 5034 5035
f 4305 5035 4303
f 5034 4922 4925
f 5034 4925 5035
f 5035 4925 4927
f 5035 4927 5036
f 4303 5035 5036
f 4303 5036 4301
f 4301 5036 5037
f 4301 5037 4299
f 5036 4927 4929
f 5036 4929 5037
f 5037 4929 4931
f 5037 4931 5038
f 4299 5037 5038
f 4299 5038 4297
f 4297 5038 5039
f 4297 5039 4295
f 5038 4931 4933
f 5038 4933 5039
f 5039 4933 4935
f 5039 4935 5040
f 4295 5039 5040
f 4295 5040 4292
f 5041 5042 5043
f 5041 5043 5044
f 5042 4695 4694
f 5042 4694 5043
f 5043 4694 4689
f 5043 4689 5045
f 5044 5043 5045
f 5044 5045 5046
f 5046 5045 5047
f 5046 5047 5048
f 5045 4689 4688
f 5045 4688 5047
f 5047 4688 4683
f 5047 4683 5049
f 5048 5047 5049
f 5048 5049 5050
f 5050 5049 5051
f 5050 5051 5052
f 5049 4683 4682
f 5049 4682 5051
f 5051 4682 4681
f 5051 4681 5053
f 5052 5051 5053
f 5052 5053 5054
f 5055 5056 5057
f 5055 5057 5058
f 5056 5041 5044
f 5056 5044 5057
f 5057 5044 5046
f 5057 5046 5059
f 5058 5057 5059
f 5058 5059 5060
f 5060 5059 5061
f 5060 5061 5062
f 5059 5046 5048
f 5059 5048 5061
f 5061 5048 5050
f 5061 5050 5063
f 5062 5061 5063
f 5062 5063 5064
f 5064 5063 5065
f 5064 5065 5066
f 5063 5050 5052
f 5063 5052 5065
f 5065 5052 5054
f 5065 5054 5067
f 5066 5065 5067
f 5066 5067 5068
f 5069 5070 5071
f 5069 5071 5072
f 5070 5073 5074
f 5070 5074 5071
f 5071 5074 5075
f 5071 5075 5076
f 5072 5071 5076
f 5072 5076 5077
f 5077 5076 5078
f 5077 5078 5079
f 5076 5075 5080
f 5076 5080 5078
f 5078 5080 5081
f 5078 5081 5082
f 5079 5078 5082
f 5079 5082 5083
f 5083 5082 5084
f 5083 5084 5085
f 5082 5081 5086
f 5082 5086 5084
f 5084 5086 5087
f 5084 5087 5088
f 5085 5084 5088
f 5085 5088 5089
f 5090 5091 5092
f 5090 5092 5093
f 5091 5094 5095
f 5091 5095 5092
f 5092 5095 5096
f 5092 5096 5097
f 5093 5092 5097
f 5093 5097 5098
f 5098 5097 5099
f 5098 5099 5100
f 5097 5096 5101
f 5097 5101 5099
f 5099 5101 5102
f 5099 5102 5103
f 5100 5099 5103
f 5100 5103 5104
f 5104 5103 5105
f 5104 5105 5106
f 5103 5102 5107
f 5103 5107 5105
f 5105 5107 5108
f 5105 5108 5109
f 5106 5105 5109
f 5106 5109 5110
f 5111 5112 5113
f 5111 5113 5114
f 5112 5108 5107
f 5112 5107 5113
f 5113 5107 5102
f 5113 5102 5115
f 5114 5113 5115
f 5114 5115 5116
f 5116 5115 5117
f 5116 5117 5118
f 5115 5102 5101
f 5115 5101 5117
f 5117 5101 5096
f 5117 5096 5119
f 5118 5117 5119
f 5118 5119 5120
f 5120 5119 5121
f 5120 5121 5122
f 5119 5096 5095
f 5119 5095 5121
f 5121 5095 5094
f 5121 5094 5123
f 5122 5121 5123
f 5122 5123 5124
f 5125 5126 5127
f 5125 5127 5128
f 5126 5129 5130
f 5126 5130 5127
f 5127 5130 5131
f 5127 5131 5132
f 5128 5127 5132
f 5128 5132 5133
f 5133 5132 5134
f 5133 5134 5135
f 5132 5131 5136
f 5132 5136 5134
f 5134 5136 5137
f 5134 5137 5138
f 5135 5134 5138
f 5135 5138 5139
f 5139 5138 5140
f 5139 5140 5141
f 5138 5137 5142
f 5138 5142 5140
f 5140 5142 5143
f 5140 5143 5144
f 5141 5140 5144
f 5141 5144 5145
f 5022 5146 5147
f 5022 5147 5023
f 5146 5055 5058
f 5146 5058 5147
f 5147 5058 5060
f 5147 5060 5148
f 5023 5147 5148
f 5023 5148 5024
f 5024 5148 5149
f 5024 5149 5027
f 5148 5060 5062
f 5148 5062 5149
f 5149 5062 5064
f 5149 5064 5150
f 5027 5149 5150
f 5027 5150 5028
f 5028 5150 5151
f 5028 5151 5031
f 5150 5064 5066
f 5150 5066 5151
f 5151 5066 5068
f 5151 5068 5152
f 5031 5151 5152
f 5031 5152 5032
f 5153 5154 5155
f 5153 5155 5156
f 5154 5143 5142
f 5154 5142 5155
f 5155 5142 5137
f 5155 5137 5157
f 5156 5155 5157
f 5156 5157 5158
f 5158 5157 5159
f 5158 5159 5160
f 5157 5137 5136
f 5157 5136 5159
f 5159 5136 5131
f 5159 5131 5161
f 5160 5159 5161
f 5160 5161 5162
f 5162 5161 5163
f 5162 5163 5164
f 5161 5131 5130
f 5161 5130 5163
f 5163 5130 5129
f 5163 5129 5165
f 5164 5163 5165
f 5164 5165 5166
f 4823 5167 5168
f 4823 5168 4821
f 5167 5153 5156
f 5167 5156 5168
f 5168 5156 5158
f 5168 5158 5169
f 4821 5168 5169
f 4821 5169 4819
f 4819 5169 5170
f 4819 5170 4817
f 5169 5158 5160
f 5169 5160 5170
f 5170 5160 5162
f 5170 5162 5171
f 4817 5170 5171
f 4817 5171 4815
f 4815 5171 5172
f 4815 5172 4813
f 5171 5162 5164
f 5171 5164 5172
f 5172 5164 5166
f 5172 5166 5173
f 4813 5172 5173
f 4813 5173 4810
f 5174 5175 5176
f 5174 5176 5177
f 5175 5178 5179
f 5175 5179 5176
f 5176 5179 5180
f 5176 5180 5181
f 5177 5176 5181
f 5177 5181 5182
f 5182 5181 5183
f 5182 5183 5184
f 5181 5180 5185
f 5181 5185 5183
f 5183 5185 5186
f 5183 5186 5187
f 5184 5183 5187
f 5184 5187 5188
f 5188 5187 5189
f 5188 5189 5190
f 5187 5186 5191
f 5187 5191 5189
f 5189 5191 5192
f 5189 5192 5193
f 5190 5189 5193
f 5190 5193 5194
f 4858 5195 5196
f 4858 5196 4856
f 5195 5090 5093
f 5195 5093 5196
f 5196 5093 5098
f 5196 5098 5197
f 4856 5196 5197
f 4856 5197 4854
f 4854 5197 5198
f 4854 5198 4852
f 5197 5098 5100
f 5197 5100 5198
f 5198 5100 5104
f 5198 5104 5199
f 4852 5198 5199
f 4852 5199 4850
f 4850 5199 5200
f 4850 5200 4848
f 5199 5104 5106
f 5199 5106 5200
f 5200 5106 5110
f 5200 5110 5201
f 4848 5200 5201
f 4848 5201 4845
f 4872 5202 5203
f 4872 5203 4870
f 5202 5174 5177
f 5202 5177 5203
f 5203 5177 5182
f 5203 5182 5204
f 4870 5203 5204
f 4870 5204 4868
f 4868 5204 5205
f 4868 5205 4866
f 5204 5182 5184
f 5204 5184 5205
f 5205 5184 5188
f 5205 5188 5206
f 4866 5205 5206
f 4866 5206 4864
f 4864 5206 5207
f 4864 5207 4862
f 5206 5188 5190
f 5206 5190 5207
f 5207 5190 5194
f 5207 5194 5208
f 4862 5207 5208
f 4862 5208 4859
f 4487 5209 5210
f 4487 5210 4485
f 5209 5125 5128
f 5209 5128 5210
f 5210 5128 5133
f 5210 5133 5211
f 4485 5210 5211
f 4485 5211 4483
f 4483 5211 5212
f 4483 5212 4481
f 5211 5133 5135
f 5211 5135 5212
f 5212 5135 5139
f 5212 5139 5213
f 4481 5212 5213
f 4481 5213 4479
f 4479 5213 5214
f 4479 5214 4477
f 5213 5139 5141
f 5213 5141 5214
f 5214 5141 5145
f 5214 5145 5215
f 4477 5214 5215
f 4477 5215 4474
f 5178 5216 5217
f 5178 5217 5179
f 5216 5069 5072
f 5216 5072 5217
f 5217 5072 5077
f 5217 5077 5218
f 5179 5217 5218
f 5179 5218 5180
f 5180 5218 5219
f 5180 5219 5185
f 5218 5077 5079
f 5218 5079 5219
f 5219 5079 5083
f 5219 5083 5220
f 5185 5219 5220
f 5185 5220 5186
f 5186 5220 5221
f 5186 5221 5191
f 5220 5083 5085
f 5220 5085 5221
f 5221 5085 5089
f 5221 5089 5222
f 5191 5221 5222
f 5191 5222 5192
f 4508 5223 5224
f 4508 5224 4506
f 5223 5111 5114
f 5223 5114 5224
f 5224 5114 5116
f 5224 5116 5225
f 4506 5224 5225
f 4506 5225 4504
f 4504 5225 5226
f 4504 5226 4502
f 5225 5116 5118
f 5225 5118 5226
f 5226 5118 5120
f 5226 5120 5227
f 4502 5226 5227
f 4502 5227 4500
f 4500 5227 5228
f 4500 5228 4498
f 5227 5120 5122
f 5227 5122 5228
f 5228 5122 5124
f 5228 5124 5229
f 4498 5228 5229
f 4498 5229 4495
f 5073 5230 5231
f 5073 5231 5074
f 5230 2109 2107
f 5230 2107 5231
f 5231 2107 2105
f 5231 2105 5232
f 5074 5231 5232
f 5074 5232 5075
f 5075 5232 5233
f 5075 5233 5080
f 5232 2105 2103
f 5232 2103 5233
f 5233 2103 2100
f 5233 2100 5234
f 5080 5233 5234
f 5080 5234 5081
f 5081 5234 5235
f 5081 5235 5086
f 5234 2100 2097
f 5234 2097 5235
f 5235 2097 2096
f 5235 2096 5236
f 5086 5235 5236
f 5086 5236 5087
f 5237 5238 5239
f 5237 5239 5240
f 5238 2163 2166
f 5238 2166 5239
f 5239 2166 2159
f 5239 2159 5241
f 5240 5239 5241
f 5240 5241 5242
f 5242 5241 5243
f 5242 5243 5244
f 5241 2159 2157
f 5241 2157 5243
f 5243 2157 2152
f 5243 2152 5245
f 5244 5243 5245
f 5244 5245 5246
f 5246 5245 5247
f 5246 5247 5248
f 5245 2152 2149
f 5245 2149 5247
f 5247 2149 2148
f 5247 2148 5249
f 5248 5247 5249
f 5248 5249 5250
f 2111 5251 5252
f 2111 5252 2112
f 5251 2175 2178
f 5251 2178 5252
f 5252 2178 2171
f 5252 2171 5253
f 2112 5252 5253
f 2112 5253 2115
f 2115 5253 5254
f 2115 5254 2120
f 5253 2171 2169
f 5253 2169 5254
f 5254 2169 2167
f 5254 2167 5255
f 2120 5254 5255
f 2120 5255 2122
f 2122 5255 5256
f 2122 5256 2129
f 5255 2167 2164
f 5255 2164 5256
f 5256 2164 2163
f 5256 2163 5257
f 2129 5256 5257
f 2129 5257 2126
f 2212 5258 5259
f 2212 5259 2213
f 5258 2237 2240
f 5258 2240 5259
f 5259 2240 2233
f 5259 2233 5260
f 2213 5259 5260
f 2213 5260 2216
f 2216 5260 5261
f 2216 5261 2218
f 5260 2233 2231
f 5260 2231 5261
f 5261 2231 2226
f 5261 2226 5262
f 2218 5261 5262
f 2218 5262 2193
f 2193 5262 5263
f 2193 5263 2188
f 5262 2226 2223
f 5262 2223 5263
f 5263 2223 2222
f 5263 2222 5264
f 2188 5263 5264
f 2188 5264 2185
f 2296 5265 5266
f 2296 5266 2297
f 5265 2138 2141
f 5265 2141 5266
f 5266 2141 2134
f 5266 2134 5267
f 2297 5266 5267
f 2297 5267 2300
f 2300 5267 5268
f 2300 5268 2305
f 5267 2134 2132
f 5267 2132 5268
f 5268 2132 2130
f 5268 2130 5269
f 2305 5268 5269
f 2305 5269 2307
f 2307 5269 5270
f 2307 5270 2314
f 5269 2130 2127
f 5269 2127 5270
f 5270 2127 2126
f 5270 2126 5271
f 2314 5270 5271
f 2314 5271 2311
f 5272 5273 5274
f 5272 5274 5275
f 5273 2111 2114
f 5273 2114 5274
f 5274 2114 2119
f 5274 2119 5276
f 5275 5274 5276
f 5275 5276 5277
f 5277 5276 5278
f 5277 5278 5279
f 5276 2119 2144
f 5276 2144 5278
f 5278 2144 2142
f 5278 2142 5280
f 5279 5278 5280
f 5279 5280 5281
f 5281 5280 5282
f 5281 5282 5283
f 5280 2142 2139
f 5280 2139 5282
f 5282 2139 2138
f 5282 2138 5284
f 5283 5282 5284
f 5283 5284 5285
f 5286 5287 5288
f 5286 5288 5289
f 5287 5237 5240
f 5287 5240 5288
f 5288 5240 5242
f 5288 5242 5290
f 5289 5288 5290
f 5289 5290 5291
f 5291 5290 5292
f 5291 5292 5293
f 5290 5242 5244
f 5290 5244 5292
f 5292 5244 5246
f 5292 5246 5294
f 5293 5292 5294
f 5293 5294 5295
f 5295 5294 5296
f 5295 5296 5297
f 5294 5246 5248
f 5294 5248 5296
f 5296 5248 5250
f 5296 5250 5298
f 5297 5296 5298
f 5297 5298 5299
f 2259 5300 5301
f 2259 5301 2260
f 5300 2323 2326
f 5300 2326 5301
f 5301 2326 2319
f 5301 2319 5302
f 2260 5301 5302
f 2260 5302 2263
f 2263 5302 5303
f 2263 5303 2268
f 5302 2319 2317
f 5302 2317 5303
f 5303 2317 2315
f 5303 2315 5304
f 2268 5303 5304
f 2268 5304 2270
f 2270 5304 5305
f 2270 5305 2277
f 5304 2315 2312
f 5304 2312 5305
f 5305 2312 5306
f 2312 2311 5306
f 2277 5305 5306
f 2277 5306 2274
f 5307 5308 5309
f 5307 5309 5310
f 5308 5286 5289
f 5308 5289 5309
f 5309 5289 5291
f 5309 5291 5311
f 5310 5309 5311
f 5310 5311 5312
f 5312 5311 5313
f 5312 5313 5314
f 5311 5291 5293
f 5311 5293 5313
f 5313 5293 5295
f 5313 5295 5315
f 5314 5313 5315
f 5314 5315 5316
f 5316 5315 5317
f 5316 5317 5318
f 5315 5295 5297
f 5315 5297 5317
f 5317 5297 5299
f 5317 5299 5319
f 5318 5317 5319
f 5318 5319 5320
f 5321 5322 5323
f 5321 5323 5324
f 5322 2286 2289
f 5322 2289 5323
f 5323 2289 2282
f 5323 2282 5325
f 5324 5323 5325
f 5324 5325 5326
f 5326 5325 5327
f 5326 5327 5328
f 5325 2282 2280
f 5325 2280 5327
f 5327 2280 2278
f 5327 2278 5329
f 5328 5327 5329
f 5328 5329 5330
f 5330 5329 5331
f 5330 5331 5332
f 5329 2278 2275
f 5329 2275 5331
f 5331 2275 2274
f 5331 2274 5333
f 5332 5331 5333
f 5332 5333 5334
f 5335 5336 5337
f 5335 5337 5338
f 5336 2212 2215
f 5336 2215 5337
f 5337 2215 2208
f 5337 2208 5339
f 5338 5337 5339
f 5338 5339 5340
f 5340 5339 5341
f 5340 5341 5342
f 5339 2208 2206
f 5339 2206 5341
f 5341 2206 2204
f 5341 2204 5343
f 5342 5341 5343
f 5342 5343 5344
f 5344 5343 5345
f 5344 5345 5346
f 5343 2204 2201
f 5343 2201 5345
f 5345 2201 2200
f 5345 2200 5347
f 5346 5345 5347
f 5346 5347 5348
f 5349 5350 5351
f 5349 5351 5352
f 5350 5353 5354
f 5350 5354 5351
f 5351 5354 5355
f 5351 5355 5356
f 5352 5351 5356
f 5352 5356 5357
f 5357 5356 5358
f 5357 5358 5359
f 5356 5355 5360
f 5356 5360 5358
f 5358 5360 5361
f 5358 5361 5362
f 5359 5358 5362
f 5359 5362 5363
f 5363 5362 5364
f 5363 5364 5365
f 5362 5361 5366
f 5362 5366 5364
f 5364 5366 5367
f 5364 5367 5368
f 5365 5364 5368
f 5365 5368 5369
f 5370 5371 5372
f 5370 5372 5373
f 5371 5374 5375
f 5371 5375 5372
f 5372 5375 5376
f 5372 5376 5377
f 5373 5372 5377
f 5373 5377 5378
f 5378 5377 5379
f 5378 5379 5380
f 5377 5376 5381
f 5377 5381 5379
f 5379 5381 5382
f 5379 5382 5383
f 5380 5379 5383
f 5380 5383 5384
f 5384 5383 5385
f 5384 5385 5386
f 5383 5382 5387
f 5383 5387 5385
f 5385 5387 5388
f 5385 5388 5389
f 5386 5385 5389
f 5386 5389 5390
f 5391 5392 5393
f 5391 5393 5394
f 5392 5395 5396
f 5392 5396 5393
f 5393 5396 5397
f 5393 5397 5398
f 5394 5393 5398
f 5394 5398 5399
f 5399 5398 5400
f 5399 5400 5401
f 5398 5397 5402
f 5398 5402 5400
f 5400 5402 5403
f 5400 5403 5404
f 5401 5400 5404
f 5401 5404 5405
f 5405 5404 5406
f 5405 5406 5407
f 5404 5403 5408
f 5404 5408 5406
f 5406 5408 5409
f 5406 5409 5410
f 5407 5406 5410
f 5407 5410 5411
f 5412 5413 5414
f 5412 5414 5415
f 5413 5416 5417
f 5413 5417 5414
f 5414 5417 5418
f 5414 5418 5419
f 5415 5414 5419
f 5415 5419 5420
f 5420 5419 5421
f 5420 5421 5422
f 5419 5418 5423
f 5419 5423 5421
f 5421 5423 5424
f 5421 5424 5425
f 5422 5421 5425
f 5422 5425 5426
f 5426 5425 5427
f 5426 5427 5428
f 5425 5424 5429
f 5425 5429 5427
f 5427 5429 5430
f 5427 5430 5431
f 5428 5427 5431
f 5428 5431 5432
f 5433 5434 5435
f 5433 5435 5436
f 5434 5272 5275
f 5434 5275 5435
f 5435 5275 5277
f 5435 5277 5437
f 5436 5435 5437
f 5436 5437 5438
f 5438 5437 5439
f 5438 5439 5440
f 5437 5277 5279
f 5437 5279 5439
f 5439 5279 5281
f 5439 5281 5441
f 5440 5439 5441
f 5440 5441 5442
f 5442 5441 5443
f 5442 5443 5444
f 5441 5281 5283
f 5441 5283 5443
f 5443 5283 5285
f 5443 5285 5445
f 5444 5443 5445
f 5444 5445 5446
f 5447 5448 5449
f 5447 5449 5450
f 5448 5335 5338
f 5448 5338 5449
f 5449 5338 5340
f 5449 5340 5451
f 5450 5449 5451
f 5450 5451 5452
f 5452 5451 5453
f 5452 5453 5454
f 5451 5340 5342
f 5451 5342 5453
f 5453 5342 5344
f 5453 5344 5455
f 5454 5453 5455
f 5454 5455 5456
f 5456 5455 5457
f 5456 5457 5458
f 5455 5344 5346
f 5455 5346 5457
f 5457 5346 5348
f 5457 5348 5459
f 5458 5457 5459
f 5458 5459 5460
f 2175 5461 5462
f 2175 5462 2176
f 5461 5349 5352
f 5461 5352 5462
f 5462 5352 5357
f 5462 5357 5463
f 2176 5462 5463
f 2176 5463 2179
f 2179 5463 5464
f 2179 5464 2181
f 5463 5357 5359
f 5463 5359 5464
f 5464 5359 5363
f 5464 5363 5465
f 2181 5464 5465
f 2181 5465 2156
f 2156 5465 5466
f 2156 5466 2151
f 5465 5363 5365
f 5465 5365 5466
f 5466 5365 5369
f 5466 5369 5467
f 2151 5466 5467
f 2151 5467 2148
f 2323 5468 5469
f 2323 5469 2324
f 5468 5370 5373
f 5468 5373 5469
f 5469 5373 5378
f 5469 5378 5470
f 2324 5469 5470
f 2324 5470 2327
f 2327 5470 5471
f 2327 5471 2329
f 5470 5378 5380
f 5470 5380 5471
f 5471 5380 5384
f 5471 5384 5472
f 2329 5471 5472
f 2329 5472 2304
f 2304 5472 5473
f 2304 5473 2299
f 5472 5384 5386
f 5472 5386 5473
f 5473 5386 5390
f 5473 5390 5474
f 2299 5473 5474
f 2299 5474 2296
f 2286 5475 5476
f 2286 5476 2287
f 5475 5391 5394
f 5475 5394 5476
f 5476 5394 5399
f 5476 5399 5477
f 2287 5476 5477
f 2287 5477 2290
f 2290 5477 5478
f 2290 5478 2292
f 5477 5399 5401
f 5477 5401 5478
f 5478 5401 5405
f 5478 5405 5479
f 2292 5478 5479
f 2292 5479 2267
f 2267 5479 5480
f 2267 5480 2262
f 5479 5405 5407
f 5479 5407 5480
f 5480 5407 5411
f 5480 5411 5481
f 2262 5480 5481
f 2262 5481 2259
f 2237 5482 5483
f 2237 5483 2238
f 5482 5412 5415
f 5482 5415 5483
f 5483 5415 5420
f 5483 5420 5484
f 2238 5483 5484
f 2238 5484 2241
f 2241 5484 5485
f 2241 5485 2243
f 5484 5420 5422
f 5484 5422 5485
f 5485 5422 5426
f 5485 5426 5486
f 2243 5485 5486
f 2243 5486 2245
f 2245 5486 5487
f 2245 5487 2252
f 5486 5426 5428
f 5486 5428 5487
f 5487 5428 5432
f 5487 5432 5488
f 2252 5487 5488
f 2252 5488 2249
f 2185 5489 5490
f 2185 5490 2186
f 5489 5491 5492
f 5489 5492 5490
f 5490 5492 5493
f 5490 5493 5494
f 2186 5490 5494
f 2186 5494 2189
f 2189 5494 5495
f 2189 5495 2194
f 5494 5493 5496
f 5494 5496 5495
f 5495 5496 5497
f 5495 5497 5498
f 2194 5495 5498
f 2194 5498 2196
f 2196 5498 5499
f 2196 5499 2203
f 5498 5497 5500
f 5498 5500 5499
f 5499 5500 5501
f 5499 5501 5502
f 2203 5499 5502
f 2203 5502 2200
f 5491 5503 5504
f 5491 5504 5492
f 5503 5307 5310
f 5503 5310 5504
f 5504 5310 5312
f 5504 5312 5505
f 5492 5504 5505
f 5492 5505 5493
f 5493 5505 5506
f 5493 5506 5496
f 5505 5312 5314
f 5505 5314 5506
f 5506 5314 5316
f 5506 5316 5507
f 5496 5506 5507
f 5496 5507 5497
f 5497 5507 5508
f 5497 5508 5500
f 5507 5316 5318
f 5507 5318 5508
f 5508 5318 5320
f 5508 5320 5509
f 5500 5508 5509
f 5500 5509 5501
f 2249 5510 5511
f 2249 5511 2250
f 5510 5512 5513
f 5510 5513 5511
f 5511 5513 5514
f 5511 5514 5515
f 2250 5511 5515
f 2250 5515 2253
f 2253 5515 5516
f 2253 5516 2255
f 5515 5514 5517
f 5515 5517 5516
f 5516 5517 5518
f 5516 5518 5519
f 2255 5516 5519
f 2255 5519 2230
f 2230 5519 5520
f 2230 5520 2225
f 5519 5518 5521
f 5519 5521 5520
f 5520 5521 5522
f 5520 5522 5523
f 2225 5520 5523
f 2225 5523 2222
f 5512 5524 5525
f 5512 5525 5513
f 5524 5321 5324
f 5524 5324 5525
f 5525 5324 5326
f 5525 5326 5526
f 5513 5525 5526
f 5513 5526 5514
f 5514 5526 5527
f 5514 5527 5517
f 5526 5326 5328
f 5526 5328 5527
f 5527 5328 5330
f 5527 5330 5528
f 5517 5527 5528
f 5517 5528 5518
f 5518 5528 5529
f 5518 5529 5521
f 5528 5330 5332
f 5528 5332 5529
f 5529 5332 5334
f 5529 5334 5530
f 5521 5529 5530
f 5521 5530 5522
f 2397 5531 5532
f 2397 5532 2398
f 5531 2348 2351
f 5531 2351 5532
f 5532 2351 2344
f 5532 2344 5533
f 2398 5532 5533
f 2398 5533 2401
f 2401 5533 5534
f 2401 5534 2403
f 5533 2344 2342
f 5533 2342 5534
f 5534 2342 2337
f 5534 2337 5535
f 2403 5534 5535
f 2403 5535 2378
f 2378 5535 5536
f 2378 5536 2373
f 5535 2337 2334
f 5535 2334 5536
f 5536 2334 2333
f 5536 2333 5537
f 2373 5536 5537
f 2373 5537 2370
f 5538 5539 5540
f 5538 5540 5541
f 5539 2607 2610
f 5539 2610 5540
f 5540 2610 2603
f 5540 2603 5542
f 5541 5540 5542
f 5541 5542 5543
f 5543 5542 5544
f 5543 5544 5545
f 5542 2603 2601
f 5542 2601 5544
f 5544 2601 2596
f 5544 2596 5546
f 5545 5544 5546
f 5545 5546 5547
f 5547 5546 5548
f 5547 5548 5549
f 5546 2596 2593
f 5546 2593 5548
f 5548 2593 2592
f 5548 2592 5550
f 5549 5548 5550
f 5549 5550 5551
f 2607 5552 5553
f 2607 5553 2608
f 5552 2407 2410
f 5552 2410 5553
f 5553 2410 2415
f 5553 2415 5554
f 2608 5553 5554
f 2608 5554 2611
f 2611 5554 5555
f 2611 5555 2613
f 5554 2415 2440
f 5554 2440 5555
f 5555 2440 2438
f 5555 2438 5556
f 2613 5555 5556
f 2613 5556 2615
f 2615 5556 5557
f 2615 5557 2622
f 5556 2438 2435
f 5556 2435 5557
f 5557 2435 2434
f 5557 2434 5558
f 2622 5557 5558
f 2622 5558 2619
f 5559 5560 5561
f 5559 5561 5562
f 5560 2397 2400
f 5560 2400 5561
f 5561 2400 2393
f 5561 2393 5563
f 5562 5561 5563
f 5562 5563 5564
f 5564 5563 5565
f 5564 5565 5566
f 5563 2393 2391
f 5563 2391 5565
f 5565 2391 2389
f 5565 2389 5567
f 5566 5565 5567
f 5566 5567 5568
f 5568 5567 5569
f 5568 5569 5570
f 5567 2389 2386
f 5567 2386 5569
f 5569 2386 2385
f 5569 2385 5571
f 5570 5569 5571
f 5570 5571 5572
f 5573 5574 5575
f 5573 5575 5576
f 5574 2385 2388
f 5574 2388 5575
f 5575 2388 2381
f 5575 2381 5577
f 5576 5575 5577
f 5576 5577 5578
f 5578 5577 5579
f 5578 5579 5580
f 5577 2381 2379
f 5577 2379 5579
f 5579 2379 2374
f 5579 2374 5581
f 5580 5579 5581
f 5580 5581 5582
f 5582 5581 5583
f 5582 5583 5584
f 5581 2374 2371
f 5581 2371 5583
f 5583 2371 2370
f 5583 2370 5585
f 5584 5583 5585
f 5584 5585 5586
f 5587 5588 5589
f 5587 5589 5590
f 5588 2481 2484
f 5588 2484 5589
f 5589 2484 2489
f 5589 2489 5591
f 5590 5589 5591
f 5590 5591 5592
f 5592 5591 5593
f 5592 5593 5594
f 5591 2489 2514
f 5591 2514 5593
f 5593 2514 2512
f 5593 2512 5595
f 5594 5593 5595
f 5594 5595 5596
f 5596 5595 5597
f 5596 5597 5598
f 5595 2512 2509
f 5595 2509 5597
f 5597 2509 2508
f 5597 2508 5599
f 5598 5597 5599
f 5598 5599 5600
f 2471 5601 5602
f 2471 5602 2472
f 5601 2508 2511
f 5601 2511 5602
f 5602 2511 2504
f 5602 2504 5603
f 2472 5602 5603
f 2472 5603 2475
f 2475 5603 5604
f 2475 5604 2477
f 5603 2504 2502
f 5603 2502 5604
f 5604 2502 2500
f 5604 2500 5605
f 2477 5604 5605
f 2477 5605 2452
f 2452 5605 5606
f 2452 5606 2447
f 5605 2500 2497
f 5605 2497 5606
f 5606 2497 2496
f 5606 2496 5607
f 2447 5606 5607
f 2447 5607 2444
f 2518 5608 5609
f 2518 5609 2519
f 5608 2629 2632
f 5608 2632 5609
f 5609 2632 2637
f 5609 2637 5610
f 2519 5609 5610
f 2519 5610 2522
f 2522 5610 5611
f 2522 5611 2527
f 5610 2637 2662
f 5610 2662 5611
f 5611 2662 2660
f 5611 2660 5612
f 2527 5611 5612
f 2527 5612 2529
f 2529 5612 5613
f 2529 5613 2536
f 5612 2660 2657
f 5612 2657 5613
f 5613 2657 2656
f 5613 2656 5614
f 2536 5613 5614
f 2536 5614 2533
f 5615 5616 5617
f 5615 5617 5618
f 5616 2471 2474
f 5616 2474 5617
f 5617 2474 2467
f 5617 2467 5619
f 5618 5617 5619
f 5618 5619 5620
f 5620 5619 5621
f 5620 5621 5622
f 5619 2467 2465
f 5619 2465 5621
f 5621 2465 2463
f 5621 2463 5623
f 5622 5621 5623
f 5622 5623 5624
f 5624 5623 5625
f 5624 5625 5626
f 5623 2463 2460
f 5623 2460 5625
f 5625 2460 2459
f 5625 2459 5627
f 5626 5625 5627
f 5626 5627 5628
f 5629 5630 5631
f 5629 5631 5632
f 5630 2459 2462
f 5630 2462 5631
f 5631 2462 2455
f 5631 2455 5633
f 5632 5631 5633
f 5632 5633 5634
f 5634 5633 5635
f 5634 5635 5636
f 5633 2455 2453
f 5633 2453 5635
f 5635 2453 2448
f 5635 2448 5637
f 5636 5635 5637
f 5636 5637 5638
f 5638 5637 5639
f 5638 5639 5640
f 5637 2448 2445
f 5637 2445 5639
f 5639 2445 2444
f 5639 2444 5641
f 5640 5639 5641
f 5640 5641 5642
f 2348 5643 5644
f 2348 5644 2349
f 5643 5645 5646
f 5643 5646 5644
f 5644 5646 5647
f 5644 5647 5648
f 2349 5644 5648
f 2349 5648 2352
f 2352 5648 5649
f 2352 5649 2354
f 5648 5647 5650
f 5648 5650 5649
f 5649 5650 5651
f 5649 5651 5652
f 2354 5649 5652
f 2354 5652 2356
f 2356 5652 5653
f 2356 5653 2363
f 5652 5651 5654
f 5652 5654 5653
f 5653 5654 5655
f 5653 5655 5656
f 2363 5653 5656
f 2363 5656 2360
f 5657 5658 5659
f 5657 5659 5660
f 5658 5559 5562
f 5658 5562 5659
f 5659 5562 5564
f 5659 5564 5661
f 5660 5659 5661
f 5660 5661 5662
f 5662 5661 5663
f 5662 5663 5664
f 5661 5564 5566
f 5661 5566 5663
f 5663 5566 5568
f 5663 5568 5665
f 5664 5663 5665
f 5664 5665 5666
f 5666 5665 5667
f 5666 5667 5668
f 5665 5568 5570
f 5665 5570 5667
f 5667 5570 5572
f 5667 5572 5669
f 5668 5667 5669
f 5668 5669 5670
f 5671 5672 5673
f 5671 5673 5674
f 5672 5587 5590
f 5672 5590 5673
f 5673 5590 5592
f 5673 5592 5675
f 5674 5673 5675
f 5674 5675 5676
f 5676 5675 5677
f 5676 5677 5678
f 5675 5592 5594
f 5675 5594 5677
f 5677 5594 5596
f 5677 5596 5679
f 5678 5677 5679
f 5678 5679 5680
f 5680 5679 5681
f 5680 5681 5682
f 5679 5596 5598
f 5679 5598 5681
f 5681 5598 5600
f 5681 5600 5683
f 5682 5681 5683
f 5682 5683 5684
f 2693 5685 5686
f 2693 5686 2694
f 5685 5615 5618
f 5685 5618 5686
f 5686 5618 5620
f 5686 5620 5687
f 2694 5686 5687
f 2694 5687 2697
f 2697 5687 5688
f 2697 5688 2699
f 5687 5620 5622
f 5687 5622 5688
f 5688 5622 5624
f 5688 5624 5689
f 2699 5688 5689
f 2699 5689 2674
f 2674 5689 5690
f 2674 5690 2669
f 5689 5624 5626
f 5689 5626 5690
f 5690 5626 5628
f 5690 5628 5691
f 2669 5690 5691
f 2669 5691 2666
f 5645 5692 5693
f 5645 5693 5646
f 5692 2570 2573
f 5692 2573 5693
f 5693 2573 2566
f 5693 2566 5694
f 5646 5693 5694
f 5646 5694 5647
f 5647 5694 5695
f 5647 5695 5650
f 5694 2566 2564
f 5694 2564 5695
f 5695 2564 2559
f 5695 2559 5696
f 5650 5695 5696
f 5650 5696 5651
f 5651 5696 5697
f 5651 5697 5654
f 5696 2559 2556
f 5696 2556 5697
f 5697 2556 2555
f 5697 2555 5698
f 5654 5697 5698
f 5654 5698 5655
f 5699 5700 5701
f 5699 5701 5702
f 5700 5657 5660
f 5700 5660 5701
f 5701 5660 5662
f 5701 5662 5703
f 5702 5701 5703
f 5702 5703 5704
f 5704 5703 5705
f 5704 5705 5706
f 5703 5662 5664
f 5703 5664 5705
f 5705 5664 5666
f 5705 5666 5707
f 5706 5705 5707
f 5706 5707 5708
f 5708 5707 5709
f 5708 5709 5710
f 5707 5666 5668
f 5707 5668 5709
f 5709 5668 5670
f 5709 5670 5711
f 5710 5709 5711
f 5710 5711 5712
f 5713 5714 5715
f 5713 5715 5716
f 5714 5671 5674
f 5714 5674 5715
f 5715 5674 5676
f 5715 5676 5717
f 5716 5715 5717
f 5716 5717 5718
f 5718 5717 5719
f 5718 5719 5720
f 5717 5676 5678
f 5717 5678 5719
f 5719 5678 5680
f 5719 5680 5721
f 5720 5719 5721
f 5720 5721 5722
f 5722 5721 5723
f 5722 5723 5724
f 5721 5680 5682
f 5721 5682 5723
f 5723 5682 5684
f 5723 5684 5725
f 5724 5723 5725
f 5724 5725 5726
f 5727 5728 5729
f 5727 5729 5730
f 5728 2693 2696
f 5728 2696 5729
f 5729 2696 2689
f 5729 2689 5731
f 5730 5729 5731
f 5730 5731 5732
f 5732 5731 5733
f 5732 5733 5734
f 5731 2689 2687
f 5731 2687 5733
f 5733 2687 2685
f 5733 2685 5735
f 5734 5733 5735
f 5734 5735 5736
f 5736 5735 5737
f 5736 5737 5738
f 5735 2685 2682
f 5735 2682 5737
f 5737 2682 2681
f 5737 2681 5739
f 5738 5737 5739
f 5738 5739 5740
f 5741 5742 5743
f 5741 5743 5744
f 5742 2555 2558
f 5742 2558 5743
f 5743 2558 2563
f 5743 2563 5745
f 5744 5743 5745
f 5744 5745 5746
f 5746 5745 5747
f 5746 5747 5748
f 5745 2563 2588
f 5745 2588 5747
f 5747 2588 2586
f 5747 2586 5749
f 5748 5747 5749
f 5748 5749 5750
f 5750 5749 5751
f 5750 5751 5752
f 5749 2586 2583
f 5749 2583 5751
f 5751 2583 2582
f 5751 2582 5753
f 5752 5751 5753
f 5752 5753 5754
f 5755 5756 5757
f 5755 5757 5758
f 5756 2592 2595
f 5756 2595 5757
f 5757 2595 2600
f 5757 2600 5759
f 5758 5757 5759
f 5758 5759 5760
f 5760 5759 5761
f 5760 5761 5762
f 5759 2600 2625
f 5759 2625 5761
f 5761 2625 2623
f 5761 2623 5763
f 5762 5761 5763
f 5762 5763 5764
f 5764 5763 5765
f 5764 5765 5766
f 5763 2623 2620
f 5763 2620 5765
f 5765 2620 2619
f 5765 2619 5767
f 5766 5765 5767
f 5766 5767 5768
f 5769 5770 5771
f 5769 5771 5772
f 5770 2545 2548
f 5770 2548 5771
f 5771 2548 2541
f 5771 2541 5773
f 5772 5771 5773
f 5772 5773 5774
f 5774 5773 5775
f 5774 5775 5776
f 5773 2541 2539
f 5773 2539 5775
f 5775 2539 2537
f 5775 2537 5777
f 5776 5775 5777
f 5776 5777 5778
f 5778 5777 5779
f 5778 5779 5780
f 5777 2537 2534
f 5777 2534 5779
f 5779 2534 2533
f 5779 2533 5781
f 5780 5779 5781
f 5780 5781 5782
f 5783 5784 5785
f 5783 5785 5786
f 5784 2740 2743
f 5784 2743 5785
f 5785 2743 2748
f 5785 2748 5787
f 5786 5785 5787
f 5786 5787 5788
f 5788 5787 5789
f 5788 5789 5790
f 5787 2748 2773
f 5787 2773 5789
f 5789 2773 2771
f 5789 2771 5791
f 5790 5789 5791
f 5790 5791 5792
f 5792 5791 5793
f 5792 5793 5794
f 5791 2771 2768
f 5791 2768 5793
f 5793 2768 2767
f 5793 2767 5795
f 5794 5793 5795
f 5794 5795 5796
f 2730 5797 5798
f 2730 5798 2731
f 5797 2767 2770
f 5797 2770 5798
f 5798 2770 2763
f 5798 2763 5799
f 2731 5798 5799
f 2731 5799 2734
f 2734 5799 5800
f 2734 5800 2736
f 5799 2763 2761
f 5799 2761 5800
f 5800 2761 2759
f 5800 2759 5801
f 2736 5800 5801
f 2736 5801 2711
f 2711 5801 5802
f 2711 5802 2706
f 5801 2759 2756
f 5801 2756 5802
f 5802 2756 2755
f 5802 2755 5803
f 2706 5802 5803
f 2706 5803 2703
f 2777 5804 5805
f 2777 5805 2778
f 5804 2814 2817
f 5804 2817 5805
f 5805 2817 2822
f 5805 2822 5806
f 2778 5805 5806
f 2778 5806 2781
f 2781 5806 5807
f 2781 5807 2786
f 5806 2822 2847
f 5806 2847 5807
f 5807 2847 2845
f 5807 2845 5808
f 2786 5807 5808
f 2786 5808 2788
f 2788 5808 5809
f 2788 5809 2795
f 5808 2845 2842
f 5808 2842 5809
f 5809 2842 2841
f 5809 2841 5810
f 2795 5809 5810
f 2795 5810 2792
f 2915 5811 5812
f 2915 5812 2916
f 5811 2730 2733
f 5811 2733 5812
f 5812 2733 2726
f 5812 2726 5813
f 2916 5812 5813
f 2916 5813 2919
f 2919 5813 5814
f 2919 5814 2921
f 5813 2726 2724
f 5813 2724 5814
f 5814 2724 2722
f 5814 2722 5815
f 2921 5814 5815
f 2921 5815 2896
f 2896 5815 5816
f 2896 5816 2891
f 5815 2722 2719
f 5815 2719 5816
f 5816 2719 2718
f 5816 2718 5817
f 2891 5816 5817
f 2891 5817 2888
f 5818 5819 5820
f 5818 5820 5821
f 5819 2718 2721
f 5819 2721 5820
f 5820 2721 2714
f 5820 2714 5822
f 5821 5820 5822
f 5821 5822 5823
f 5823 5822 5824
f 5823 5824 5825
f 5822 2714 2712
f 5822 2712 5824
f 5824 2712 2707
f 5824 2707 5826
f 5825 5824 5826
f 5825 5826 5827
f 5827 5826 5828
f 5827 5828 5829
f 5826 2707 2704
f 5826 2704 5828
f 5828 2704 2703
f 5828 2703 5830
f 5829 5828 5830
f 5829 5830 5831
f 5832 5833 5834
f 5832 5834 5835
f 5833 5783 5786
f 5833 5786 5834
f 5834 5786 5788
f 5834 5788 5836
f 5835 5834 5836
f 5835 5836 5837
f 5837 5836 5838
f 5837 5838 5839
f 5836 5788 5790
f 5836 5790 5838
f 5838 5790 5792
f 5838 5792 5840
f 5839 5838 5840
f 5839 5840 5841
f 5841 5840 5842
f 5841 5842 5843
f 5840 5792 5794
f 5840 5794 5842
f 5842 5794 5796
f 5842 5796 5844
f 5843 5842 5844
f 5843 5844 5845
f 2878 5846 5847
f 2878 5847 2879
f 5846 2915 5847
f 2915 2918 5847
f 5847 2918 2911
f 5847 2911 5848
f 2879 5847 5848
f 2879 5848 2882
f 2882 5848 5849
f 2882 5849 2884
f 5848 2911 2909
f 5848 2909 5849
f 5849 2909 2907
f 5849 2907 5850
f 2884 5849 5850
f 2884 5850 2859
f 2859 5850 5851
f 2859 5851 2854
f 5850 2907 2904
f 5850 2904 5851
f 5851 2904 2903
f 5851 2903 5852
f 2854 5851 5852
f 2854 5852 2851
f 5853 5854 5855
f 5853 5855 5856
f 5854 5832 5835
f 5854 5835 5855
f 5855 5835 5837
f 5855 5837 5857
f 5856 5855 5857
f 5856 5857 5858
f 5858 5857 5859
f 5858 5859 5860
f 5857 5837 5839
f 5857 5839 5859
f 5859 5839 5841
f 5859 5841 5861
f 5860 5859 5861
f 5860 5861 5862
f 5862 5861 5863
f 5862 5863 5864
f 5861 5841 5843
f 5861 5843 5863
f 5863 5843 5845
f 5863 5845 5865
f 5864 5863 5865
f 5864 5865 5866
f 5867 5868 5869
f 5867 5869 5870
f 5868 2878 2881
f 5868 2881 5869
f 5869 2881 2874
f 5869 2874 5871
f 5870 5869 5871
f 5870 5871 5872
f 5872 5871 5873
f 5872 5873 5874
f 5871 2874 2872
f 5871 2872 5873
f 5873 2872 2870
f 5873 2870 5875
f 5874 5873 5875
f 5874 5875 5876
f 5876 5875 5877
f 5876 5877 5878
f 5875 2870 2867
f 5875 2867 5877
f 5877 2867 2866
f 5877 2866 5879
f 5878 5877 5879
f 5878 5879 5880
f 5881 5882 5883
f 5881 5883 5884
f 5882 2804 2807
f 5882 2807 5883
f 5883 2807 2800
f 5883 2800 5885
f 5884 5883 5885
f 5884 5885 5886
f 5886 5885 5887
f 5886 5887 5888
f 5885 2800 2798
f 5885 2798 5887
f 5887 2798 2796
f 5887 2796 5889
f 5888 5887 5889
f 5888 5889 5890
f 5890 5889 5891
f 5890 5891 5892
f 5889 2796 2793
f 5889 2793 5891
f 5891 2793 2792
f 5891 2792 5893
f 5892 5891 5893
f 5892 5893 5894
f 5895 5896 5897
f 5895 5897 5898
f 5896 5367 5366
f 5896 5366 5897
f 5897 5366 5361
f 5897 5361 5899
f 5898 5897 5899
f 5898 5899 5900
f 5900 5899 5901
f 5900 5901 5902
f 5899 5361 5360
f 5899 5360 5901
f 5901 5360 5355
f 5901 5355 5903
f 5902 5901 5903
f 5902 5903 5904
f 5904 5903 5905
f 5904 5905 5906
f 5903 5355 5354
f 5903 5354 5905
f 5905 5354 5353
f 5905 5353 5907
f 5906 5905 5907
f 5906 5907 5908
f 5909 5910 5911
f 5909 5911 5912
f 5910 5388 5387
f 5910 5387 5911
f 5911 5387 5382
f 5911 5382 5913
f 5912 5911 5913
f 5912 5913 5914
f 5914 5913 5915
f 5914 5915 5916
f 5913 5382 5381
f 5913 5381 5915
f 5915 5381 5376
f 5915 5376 5917
f 5916 5915 5917
f 5916 5917 5918
f 5918 5917 5919
f 5918 5919 5920
f 5917 5376 5375
f 5917 5375 5919
f 5919 5375 5374
f 5919 5374 5921
f 5920 5919 5921
f 5920 5921 5922
f 5923 5924 5925
f 5923 5925 5926
f 5924 5409 5408
f 5924 5408 5925
f 5925 5408 5403
f 5925 5403 5927
f 5926 5925 5927
f 5926 5927 5928
f 5928 5927 5929
f 5928 5929 5930
f 5927 5403 5402
f 5927 5402 5929
f 5929 5402 5397
f 5929 5397 5931
f 5930 5929 5931
f 5930 5931 5932
f 5932 5931 5933
f 5932 5933 5934
f 5931 5397 5396
f 5931 5396 5933
f 5933 5396 5395
f 5933 5395 5935
f 5934 5933 5935
f 5934 5935 5936
f 5937 5938 5939
f 5937 5939 5940
f 5938 5430 5429
f 5938 5429 5939
f 5939 5429 5424
f 5939 5424 5941
f 5940 5939 5941
f 5940 5941 5942
f 5942 5941 5943
f 5942 5943 5944
f 5941 5424 5423
f 5941 5423 5943
f 5943 5423 5418
f 5943 5418 5945
f 5944 5943 5945
f 5944 5945 5946
f 5946 5945 5947
f 5946 5947 5948
f 5945 5418 5417
f 5945 5417 5947
f 5947 5417 5416
f 5947 5416 5949
f 5948 5947 5949
f 5948 5949 5950
f 5951 5952 5953
f 5951 5953 5954
f 5952 5955 5956
f 5952 5956 5953
f 5953 5956 5957
f 5953 5957 5958
f 5954 5953 5958
f 5954 5958 5959
f 5959 5958 5960
f 5959 5960 5961
f 5958 5957 5962
f 5958 5962 5960
f 5960 5962 5963
f 5960 5963 5964
f 5961 5960 5964
f 5961 5964 5965
f 5965 5964 5966
f 5965 5966 5967
f 5964 5963 5968
f 5964 5968 5966
f 5966 5968 5969
f 5966 5969 5970
f 5967 5966 5970
f 5967 5970 5971
f 5972 5973 5974
f 5972 5974 5975
f 5973 5976 5977
f 5973 5977 5974
f 5974 5977 5978
f 5974 5978 5979
f 5975 5974 5979
f 5975 5979 5980
f 5980 5979 5981
f 5980 5981 5982
f 5979 5978 5983
f 5979 5983 5981
f 5981 5983 5984
f 5981 5984 5985
f 5982 5981 5985
f 5982 5985 5986
f 5986 5985 5987
f 5986 5987 5988
f 5985 5984 5989
f 5985 5989 5987
f 5987 5989 5990
f 5987 5990 5991
f 5988 5987 5991
f 5988 5991 5992
f 5993 5994 5995
f 5993 5995 5996
f 5994 5997 5998
f 5994 5998 5995
f 5995 5998 5999
f 5995 5999 6000
f 5996 5995 6000
f 5996 6000 6001
f 6001 6000 6002
f 6001 6002 6003
f 6000 5999 6004
f 6000 6004 6002
f 6002 6004 6005
f 6002 6005 6006
f 6003 6002 6006
f 6003 6006 6007
f 6007 6006 6008
f 6007 6008 6009
f 6006 6005 6010
f 6006 6010 6008
f 6008 6010 6011
f 6008 6011 6012
f 6009 6008 6012
f 6009 6012 6013
f 6014 6015 6016
f 6014 6016 6017
f 6015 6018 6019
f 6015 6019 6016
f 6016 6019 6020
f 6016 6020 6021
f 6017 6016 6021
f 6017 6021 6022
f 6022 6021 6023
f 6022 6023 6024
f 6021 6020 6025
f 6021 6025 6023
f 6023 6025 6026
f 6023 6026 6027
f 6024 6023 6027
f 6024 6027 6028
f 6028 6027 6029
f 6028 6029 6030
f 6027 6026 6031
f 6027 6031 6029
f 6029 6031 6032
f 6029 6032 6033
f 6030 6029 6033
f 6030 6033 6034
f 6035 6036 6037
f 6035 6037 6038
f 6036 6039 6040
f 6036 6040 6037
f 6037 6040 6041
f 6037 6041 6042
f 6038 6037 6042
f 6038 6042 6043
f 6043 6042 6044
f 6043 6044 6045
f 6042 6041 6046
f 6042 6046 6044
f 6044 6046 6047
f 6044 6047 6048
f 6045 6044 6048
f 6045 6048 6049
f 6049 6048 6050
f 6049 6050 6051
f 6048 6047 6052
f 6048 6052 6050
f 6050 6052 6053
f 6050 6053 6054
f 6051 6050 6054
f 6051 6054 6055
f 5976 6056 6057
f 5976 6057 5977
f 6056 5629 5632
f 6056 5632 6057
f 6057 5632 5634
f 6057 5634 6058
f 5977 6057 6058
f 5977 6058 5978
f 5978 6058 6059
f 5978 6059 5983
f 6058 5634 5636
f 6058 5636 6059
f 6059 5636 5638
f 6059 5638 6060
f 5983 6059 6060
f 5983 6060 5984
f 5984 6060 6061
f 5984 6061 5989
f 6060 5638 5640
f 6060 5640 6061
f 6061 5640 5642
f 6061 5642 6062
f 5989 6061 6062
f 5989 6062 5990
f 6039 6063 6064
f 6039 6064 6040
f 6063 5769 5772
f 6063 5772 6064
f 6064 5772 5774
f 6064 5774 6065
f 6040 6064 6065
f 6040 6065 6041
f 6041 6065 6066
f 6041 6066 6046
f 6065 5774 5776
f 6065 5776 6066
f 6066 5776 5778
f 6066 5778 6067
f 6046 6066 6067
f 6046 6067 6047
f 6047 6067 6068
f 6047 6068 6052
f 6067 5778 5780
f 6067 5780 6068
f 6068 5780 5782
f 6068 5782 6069
f 6052 6068 6069
f 6052 6069 6053
f 2481 6070 6071
f 2481 6071 2482
f 6070 5951 5954
f 6070 5954 6071
f 6071 5954 5959
f 6071 5959 6072
f 2482 6071 6072
f 2482 6072 2485
f 2485 6072 6073
f 2485 6073 2490
f 6072 5959 5961
f 6072 5961 6073
f 6073 5961 5965
f 6073 5965 6074
f 2490 6073 6074
f 2490 6074 2492
f 2492 6074 6075
f 2492 6075 2499
f 6074 5965 5967
f 6074 5967 6075
f 6075 5967 5971
f 6075 5971 6076
f 2499 6075 6076
f 2499 6076 2496
f 2666 6077 6078
f 2666 6078 2667
f 6077 5993 5996
f 6077 5996 6078
f 6078 5996 6001
f 6078 6001 6079
f 2667 6078 6079
f 2667 6079 2670
f 2670 6079 6080
f 2670 6080 2675
f 6079 6001 6003
f 6079 6003 6080
f 6080 6003 6007
f 6080 6007 6081
f 2675 6080 6081
f 2675 6081 2677
f 2677 6081 6082
f 2677 6082 2684
f 6081 6007 6009
f 6081 6009 6082
f 6082 6009 6013
f 6082 6013 6083
f 2684 6082 6083
f 2684 6083 2681
f 2644 6084 6085
f 2644 6085 2645
f 6084 6014 6017
f 6084 6017 6085
f 6085 6017 6022
f 6085 6022 6086
f 2645 6085 6086
f 2645 6086 2648
f 2648 6086 6087
f 2648 6087 2650
f 6086 6022 6024
f 6086 6024 6087
f 6087 6024 6028
f 6087 6028 6088
f 2650 6087 6088
f 2650 6088 2652
f 2652 6088 6089
f 2652 6089 2659
f 6088 6028 6030
f 6088 6030 6089
f 6089 6030 6034
f 6089 6034 6090
f 2659 6089 6090
f 2659 6090 2656
f 5955 6091 6092
f 5955 6092 5956
f 6091 5573 5576
f 6091 5576 6092
f 6092 5576 5578
f 6092 5578 6093
f 5956 6092 6093
f 5956 6093 5957
f 5957 6093 6094
f 5957 6094 5962
f 6093 5578 5580
f 6093 5580 6094
f 6094 5580 5582
f 6094 5582 6095
f 5962 6094 6095
f 5962 6095 5963
f 5963 6095 6096
f 5963 6096 5968
f 6095 5582 5584
f 6095 5584 6096
f 6096 5584 5586
f 6096 5586 6097
f 5968 6096 6097
f 5968 6097 5969
f 5997 6098 6099
f 5997 6099 5998
f 6098 5741 5744
f 6098 5744 6099
f 6099 5744 5746
f 6099 5746 6100
f 5998 6099 6100
f 5998 6100 5999
f 5999 6100 6101
f 5999 6101 6004
f 6100 5746 5748
f 6100 5748 6101
f 6101 5748 5750
f 6101 5750 6102
f 6004 6101 6102
f 6004 6102 6005
f 6005 6102 6103
f 6005 6103 6010
f 6102 5750 5752
f 6102 5752 6103
f 6103 5752 5754
f 6103 5754 6104
f 6010 6103 6104
f 6010 6104 6011
f 6018 6105 6106
f 6018 6106 6019
f 6105 5755 5758
f 6105 5758 6106
f 6106 5758 5760
f 6106 5760 6107
f 6019 6106 6107
f 6019 6107 6020
f 6020 6107 6108
f 6020 6108 6025
f 6107 5760 5762
f 6107 5762 6108
f 6108 5762 5764
f 6108 5764 6109
f 6025 6108 6109
f 6025 6109 6026
f 6026 6109 6110
f 6026 6110 6031
f 6109 5764 5766
f 6109 5766 6110
f 6110 5766 5768
f 6110 5768 6111
f 6031 6110 6111
f 6031 6111 6032
f 2360 6112 6113
f 2360 6113 2361
f 6112 5972 5975
f 6112 5975 6113
f 6113 5975 5980
f 6113 5980 6114
f 2361 6113 6114
f 2361 6114 2364
f 2364 6114 6115
f 2364 6115 2366
f 6114 5980 5982
f 6114 5982 6115
f 6115 5982 5986
f 6115 5986 6116
f 2366 6115 6116
f 2366 6116 2341
f 2341 6116 6117
f 2341 6117 2336
f 6116 5986 5988
f 6116 5988 6117
f 6117 5988 5992
f 6117 5992 6118
f 2336 6117 6118
f 2336 6118 2333
f 2422 6119 6120
f 2422 6120 2423
f 6119 6035 6038
f 6119 6038 6120
f 6120 6038 6043
f 6120 6043 6121
f 2423 6120 6121
f 2423 6121 2426
f 2426 6121 6122
f 2426 6122 2428
f 6121 6043 6045
f 6121 6045 6122
f 6122 6045 6049
f 6122 6049 6123
f 2428 6122 6123
f 2428 6123 2430
f 2430 6123 6124
f 2430 6124 2437
f 6123 6049 6051
f 6123 6051 6124
f 6124 6051 6055
f 6124 6055 6125
f 2437 6124 6125
f 2437 6125 2434
f 5446 6126 6127
f 5446 6127 5444
f 6126 5818 5821
f 6126 5821 6127
f 6127 5821 5823
f 6127 5823 6128
f 5444 6127 6128
f 5444 6128 5442
f 5442 6128 6129
f 5442 6129 5440
f 6128 5823 5825
f 6128 5825 6129
f 6129 5825 5827
f 6129 5827 6130
f 5440 6129 6130
f 5440 6130 5438
f 5438 6130 6131
f 5438 6131 5436
f 6130 5827 5829
f 6130 5829 6131
f 6131 5829 5831
f 6131 5831 6132
f 5436 6131 6132
f 5436 6132 5433
f 5460 6133 6134
f 5460 6134 5458
f 6133 5881 5884
f 6133 5884 6134
f 6134 5884 5886
f 6134 5886 6135
f 5458 6134 6135
f 5458 6135 5456
f 5456 6135 6136
f 5456 6136 5454
f 6135 5886 5888
f 6135 5888 6136
f 6136 5888 5890
f 6136 5890 6137
f 5454 6136 6137
f 5454 6137 5452
f 5452 6137 6138
f 5452 6138 5450
f 6137 5890 5892
f 6137 5892 6138
f 6138 5892 5894
f 6138 5894 6139
f 5450 6138 6139
f 5450 6139 5447
f 2740 6140 6141
f 2740 6141 2741
f 6140 5895 5898
f 6140 5898 6141
f 6141 5898 5900
f 6141 5900 6142
f 2741 6141 6142
f 2741 6142 2744
f 2744 6142 6143
f 2744 6143 2749
f 6142 5900 5902
f 6142 5902 6143
f 6143 5902 5904
f 6143 5904 6144
f 2749 6143 6144
f 2749 6144 2751
f 2751 6144 6145
f 2751 6145 2758
f 6144 5904 5906
f 6144 5906 6145
f 6145 5906 5908
f 6145 5908 6146
f 2758 6145 6146
f 2758 6146 2755
f 2888 6147 6148
f 2888 6148 2889
f 6147 5909 5912
f 6147 5912 6148
f 6148 5912 5914
f 6148 5914 6149
f 2889 6148 6149
f 2889 6149 2892
f 2892 6149 6150
f 2892 6150 2897
f 6149 5914 5916
f 6149 5916 6150
f 6150 5916 5918
f 6150 5918 6151
f 2897 6150 6151
f 2897 6151 2899
f 2899 6151 6152
f 2899 6152 2906
f 6151 5918 5920
f 6151 5920 6152
f 6152 5920 5922
f 6152 5922 6153
f 2906 6152 6153
f 2906 6153 2903
f 2851 6154 6155
f 2851 6155 2852
f 6154 5923 5926
f 6154 5926 6155
f 6155 5926 5928
f 6155 5928 6156
f 2852 6155 6156
f 2852 6156 2855
f 2855 6156 6157
f 2855 6157 2860
f 6156 5928 5930
f 6156 5930 6157
f 6157 5930 5932
f 6157 5932 6158
f 2860 6157 6158
f 2860 6158 2862
f 2862 6158 6159
f 2862 6159 2869
f 6158 5932 5934
f 6158 5934 6159
f 6159 5934 5936
f 6159 5936 6160
f 2869 6159 6160
f 2869 6160 2866
f 2829 6161 6162
f 2829 6162 2830
f 6161 5937 5940
f 6161 5940 6162
f 6162 5940 5942
f 6162 5942 6163
f 2830 6162 6163
f 2830 6163 2833
f 2833 6163 6164
f 2833 6164 2835
f 6163 5942 5944
f 6163 5944 6164
f 6164 5944 5946
f 6164 5946 6165
f 2835 6164 6165
f 2835 6165 2837
f 2837 6165 6166
f 2837 6166 2844
f 6165 5946 5948
f 6165 5948 6166
f 6166 5948 5950
f 6166 5950 6167
f 2844 6166 6167
f 2844 6167 2841
f 2570 6168 6169
f 2570 6169 2571
f 6168 6170 6171
f 6168 6171 6169
f 6169 6171 6172
f 6169 6172 6173
f 2571 6169 6173
f 2571 6173 2574
f 2574 6173 6174
f 2574 6174 2576
f 6173 6172 6175
f 6173 6175 6174
f 6174 6175 6176
f 6174 6176 6177
f 2576 6174 6177
f 2576 6177 2578
f 2578 6177 6178
f 2578 6178 2585
f 6177 6176 6179
f 6177 6179 6178
f 6178 6179 6180
f 6178 6180 6181
f 2585 6178 6181
f 2585 6181 2582
f 6170 6182 6183
f 6170 6183 6171
f 6182 5538 5541
f 6182 5541 6183
f 6183 5541 5543
f 6183 5543 6184
f 6171 6183 6184
f 6171 6184 6172
f 6172 6184 6185
f 6172 6185 6175
f 6184 5543 5545
f 6184 5545 6185
f 6185 5545 5547
f 6185 5547 6186
f 6175 6185 6186
f 6175 6186 6176
f 6176 6186 6187
f 6176 6187 6179
f 6186 5547 5549
f 6186 5549 6187
f 6187 5549 5551
f 6187 5551 6188
f 6179 6187 6188
f 6179 6188 6180
f 2407 6189 6190
f 2407 6190 2408
f 6189 6191 6192
f 6189 6192 6190
f 6190 6192 6193
f 6190 6193 6194
f 2408 6190 6194
f 2408 6194 2411
f 2411 6194 6195
f 2411 6195 2416
f 6194 6193 6196
f 6194 6196 6195
f 6195 6196 6197
f 6195 6197 6198
f 2416 6195 6198
f 2416 6198 2418
f 2418 6198 6199
f 2418 6199 2425
f 6198 6197 6200
f 6198 6200 6199
f 6199 6200 6201
f 6199 6201 6202
f 2425 6199 6202
f 2425 6202 2422
f 6191 6203 6204
f 6191 6204 6192
f 6203 5699 5702
f 6203 5702 6204
f 6204 5702 5704
f 6204 5704 6205
f 6192 6204 6205
f 6192 6205 6193
f 6193 6205 6206
f 6193 6206 6196
f 6205 5704 5706
f 6205 5706 6206
f 6206 5706 5708
f 6206 5708 6207
f 6196 6206 6207
f 6196 6207 6197
f 6197 6207 6208
f 6197 6208 6200
f 6207 5708 5710
f 6207 5710 6208
f 6208 5710 5712
f 6208 5712 6209
f 6200 6208 6209
f 6200 6209 6201
f 2545 6210 6211
f 2545 6211 2546
f 6210 6212 6213
f 6210 6213 6211
f 6211 6213 6214
f 6211 6214 6215
f 2546 6211 6215
f 2546 6215 2549
f 2549 6215 6216
f 2549 6216 2551
f 6215 6214 6217
f 6215 6217 6216
f 6216 6217 6218
f 6216 6218 6219
f 2551 6216 6219
f 2551 6219 2526
f 2526 6219 6220
f 2526 6220 2521
f 6219 6218 6221
f 6219 6221 6220
f 6220 6221 6222
f 6220 6222 6223
f 2521 6220 6223
f 2521 6223 2518
f 6212 6224 6225
f 6212 6225 6213
f 6224 5713 5716
f 6224 5716 6225
f 6225 5716 5718
f 6225 5718 6226
f 6213 6225 6226
f 6213 6226 6214
f 6214 6226 6227
f 6214 6227 6217
f 6226 5718 5720
f 6226 5720 6227
f 6227 5720 5722
f 6227 5722 6228
f 6217 6227 6228
f 6217 6228 6218
f 6218 6228 6229
f 6218 6229 6221
f 6228 5722 5724
f 6228 5724 6229
f 6229 5724 5726
f 6229 5726 6230
f 6221 6229 6230
f 6221 6230 6222
f 2629 6231 6232
f 2629 6232 2630
f 6231 6233 6234
f 6231 6234 6232
f 6232 6234 6235
f 6232 6235 6236
f 2630 6232 6236
f 2630 6236 2633
f 2633 6236 6237
f 2633 6237 2638
f 6236 6235 6238
f 6236 6238 6237
f 6237 6238 6239
f 6237 6239 6240
f 2638 6237 6240
f 2638 6240 2640
f 2640 6240 6241
f 2640 6241 2647
f 6240 6239 6242
f 6240 6242 6241
f 6241 6242 6243
f 6241 6243 6244
f 2647 6241 6244
f 2647 6244 2644
f 6233 6245 6246
f 6233 6246 6234
f 6245 5727 5730
f 6245 5730 6246
f 6246 5730 5732
f 6246 5732 6247
f 6234 6246 6247
f 6234 6247 6235
f 6235 6247 6248
f 6235 6248 6238
f 6247 5732 5734
f 6247 5734 6248
f 6248 5734 5736
f 6248 5736 6249
f 6238 6248 6249
f 6238 6249 6239
f 6239 6249 6250
f 6239 6250 6242
f 6249 5736 5738
f 6249 5738 6250
f 6250 5738 5740
f 6250 5740 6251
f 6242 6250 6251
f 6242 6251 6243
f 2804 6252 6253
f 2804 6253 2805
f 6252 6254 6255
f 6252 6255 6253
f 6253 6255 6256
f 6253 6256 6257
f 2805 6253 6257
f 2805 6257 2808
f 2808 6257 6258
f 2808 6258 2810
f 6257 6256 6259
f 6257 6259 6258
f 6258 6259 6260
f 6258 6260 6261
f 2810 6258 6261
f 2810 6261 2785
f 2785 6261 6262
f 2785 6262 2780
f 6261 6260 6263
f 6261 6263 6262
f 6262 6263 6264
f 6262 6264 6265
f 2780 6262 6265
f 2780 6265 2777
f 6254 6266 6267
f 6254 6267 6255
f 6266 5853 5856
f 6266 5856 6267
f 6267 5856 5858
f 6267 5858 6268
f 6255 6267 6268
f 6255 6268 6256
f 6256 6268 6269
f 6256 6269 6259
f 6268 5858 5860
f 6268 5860 6269
f 6269 5860 5862
f 6269 5862 6270
f 6259 6269 6270
f 6259 6270 6260
f 6260 6270 6271
f 6260 6271 6263
f 6270 5862 5864
f 6270 5864 6271
f 6271 5864 5866
f 6271 5866 6272
f 6263 6271 6272
f 6263 6272 6264
f 2814 6273 6274
f 2814 6274 2815
f 6273 6275 6276
f 6273 6276 6274
f 6274 6276 6277
f 6274 6277 6278
f 2815 6274 6278
f 2815 6278 2818
f 2818 6278 6279
f 2818 6279 2823
f 6278 6277 6280
f 6278 6280 6279
f 6279 6280 6281
f 6279 6281 6282
f 2823 6279 6282
f 2823 6282 2825
f 2825 6282 6283
f 2825 6283 2832
f 6282 6281 6284
f 6282 6284 6283
f 6283 6284 6285
f 6283 6285 6286
f 2832 6283 6286
f 2832 6286 2829
f 6275 6287 6288
f 6275 6288 6276
f 6287 5867 5870
f 6287 5870 6288
f 6288 5870 5872
f 6288 5872 6289
f 6276 6288 6289
f 6276 6289 6277
f 6277 6289 6290
f 6277 6290 6280
f 6289 5872 5874
f 6289 5874 6290
f 6290 5874 5876
f 6290 5876 6291
f 6280 6290 6291
f 6280 6291 6281
f 6281 6291 6292
f 6281 6292 6284
f 6291 5876 5878
f 6291 5878 6292
f 6292 5878 5880
f 6292 5880 6293
f 6284 6292 6293
f 6284 6293 6285
f 6294 6295 6296
f 6294 6296 6297
f 6295 2977 2980
f 6295 2980 6296
f 6296 2980 2973
f 6296 2973 6298
f 6297 6296 6298
f 6297 6298 6299
f 6299 6298 6300
f 6299 6300 6301
f 6298 2973 2971
f 6298 2971 6300
f 6300 2971 2966
f 6300 2966 6302
f 6301 6300 6302
f 6301 6302 6303
f 6303 6302 6304
f 6303 6304 6305
f 6302 2966 2963
f 6302 2963 6304
f 6304 2963 2962
f 6304 2962 6306
f 6305 6304 6306
f 6305 6306 6307
f 2925 6308 6309
f 2925 6309 2926
f 6308 2989 2992
f 6308 2992 6309
f 6309 2992 2985
f 6309 2985 6310
f 2926 6309 6310
f 2926 6310 2929
f 2929 6310 6311
f 2929 6311 2934
f 6310 2985 2983
f 6310 2983 6311
f 6311 2983 2981
f 6311 2981 6312
f 2934 6311 6312
f 2934 6312 2936
f 2936 6312 6313
f 2936 6313 2943
f 6312 2981 2978
f 6312 2978 6313
f 6313 2978 2977
f 6313 2977 6314
f 2943 6313 6314
f 2943 6314 2940
f 3026 6315 6316
f 3026 6316 3027
f 6315 3051 3054
f 6315 3054 6316
f 6316 3054 3047
f 6316 3047 6317
f 3027 6316 6317
f 3027 6317 3030
f 3030 6317 6318
f 3030 6318 3032
f 6317 3047 3045
f 6317 3045 6318
f 6318 3045 3040
f 6318 3040 6319
f 3032 6318 6319
f 3032 6319 3007
f 3007 6319 6320
f 3007 6320 3002
f 6319 3040 3037
f 6319 3037 6320
f 6320 3037 3036
f 6320 3036 6321
f 3002 6320 6321
f 3002 6321 2999
f 3110 6322 6323
f 3110 6323 3111
f 6322 2952 2955
f 6322 2955 6323
f 6323 2955 2948
f 6323 2948 6324
f 3111 6323 6324
f 3111 6324 3114
f 3114 6324 6325
f 3114 6325 3119
f 6324 2948 2946
f 6324 2946 6325
f 6325 2946 2944
f 6325 2944 6326
f 3119 6325 6326
f 3119 6326 3121
f 3121 6326 6327
f 3121 6327 3128
f 6326 2944 2941
f 6326 2941 6327
f 6327 2941 2940
f 6327 2940 6328
f 3128 6327 6328
f 3128 6328 3125
f 6329 6330 6331
f 6329 6331 6332
f 6330 2925 2928
f 6330 2928 6331
f 6331 2928 2933
f 6331 2933 6333
f 6332 6331 6333
f 6332 6333 6334
f 6334 6333 6335
f 6334 6335 6336
f 6333 2933 2958
f 6333 2958 6335
f 6335 2958 2956
f 6335 2956 6337
f 6336 6335 6337
f 6336 6337 6338
f 6338 6337 6339
f 6338 6339 6340
f 6337 2956 2953
f 6337 2953 6339
f 6339 2953 2952
f 6339 2952 6341
f 6340 6339 6341
f 6340 6341 6342
f 6343 6344 6345
f 6343 6345 6346
f 6344 6294 6297
f 6344 6297 6345
f 6345 6297 6299
f 6345 6299 6347
f 6346 6345 6347
f 6346 6347 6348
f 6348 6347 6349
f 6348 6349 6350
f 6347 6299 6301
f 6347 6301 6349
f 6349 6301 6303
f 6349 6303 6351
f 6350 6349 6351
f 6350 6351 6352
f 6352 6351 6353
f 6352 6353 6354
f 6351 6303 6305
f 6351 6305 6353
f 6353 6305 6307
f 6353 6307 6355
f 6354 6353 6355
f 6354 6355 6356
f 3073 6357 6358
f 3073 6358 3074
f 6357 3137 3140
f 6357 3140 6358
f 6358 3140 3133
f 6358 3133 6359
f 3074 6358 6359
f 3074 6359 3077
f 3077 6359 6360
f 3077 6360 3082
f 6359 3133 3131
f 6359 3131 6360
f 6360 3131 3129
f 6360 3129 6361
f 3082 6360 6361
f 3082 6361 3084
f 3084 6361 6362
f 3084 6362 3091
f 6361 3129 3126
f 6361 3126 6362
f 6362 3126 6363
f 3126 3125 6363
f 3091 6362 6363
f 3091 6363 3088
f 6364 6365 6366
f 6364 6366 6367
f 6365 6343 6346
f 6365 6346 6366
f 6366 6346 6348
f 6366 6348 6368
f 6367 6366 6368
f 6367 6368 6369
f 6369 6368 6370
f 6369 6370 6371
f 6368 6348 6350
f 6368 6350 6370
f 6370 6350 6352
f 6370 6352 6372
f 6371 6370 6372
f 6371 6372 6373
f 6373 6372 6374
f 6373 6374 6375
f 6372 6352 6354
f 6372 6354 6374
f 6374 6354 6356
f 6374 6356 6376
f 6375 6374 6376
f 6375 6376 6377
f 6378 6379 6380
f 6378 6380 6381
f 6379 3100 3103
f 6379 3103 6380
f 6380 3103 3096
f 6380 3096 6382
f 6381 6380 6382
f 6381 6382 6383
f 6383 6382 6384
f 6383 6384 6385
f 6382 3096 3094
f 6382 3094 6384
f 6384 3094 3092
f 6384 3092 6386
f 6385 6384 6386
f 6385 6386 6387
f 6387 6386 6388
f 6387 6388 6389
f 6386 3092 3089
f 6386 3089 6388
f 6388 3089 3088
f 6388 3088 6390
f 6389 6388 6390
f 6389 6390 6391
f 6392 6393 6394
f 6392 6394 6395
f 6393 3026 3029
f 6393 3029 6394
f 6394 3029 3022
f 6394 3022 6396
f 6395 6394 6396
f 6395 6396 6397
f 6397 6396 6398
f 6397 6398 6399
f 6396 3022 3020
f 6396 3020 6398
f 6398 3020 3018
f 6398 3018 6400
f 6399 6398 6400
f 6399 6400 6401
f 6401 6400 6402
f 6401 6402 6403
f 6400 3018 3015
f 6400 3015 6402
f 6402 3015 3014
f 6402 3014 6404
f 6403 6402 6404
f 6403 6404 6405
f 6406 6407 6408
f 6406 6408 6409
f 6407 6410 6411
f 6407 6411 6408
f 6408 6411 6412
f 6408 6412 6413
f 6409 6408 6413
f 6409 6413 6414
f 6414 6413 6415
f 6414 6415 6416
f 6413 6412 6417
f 6413 6417 6415
f 6415 6417 6418
f 6415 6418 6419
f 6416 6415 6419
f 6416 6419 6420
f 6420 6419 6421
f 6420 6421 6422
f 6419 6418 6423
f 6419 6423 6421
f 6421 6423 6424
f 6421 6424 6425
f 6422 6421 6425
f 6422 6425 6426
f 6427 6428 6429
f 6427 6429 6430
f 6428 6431 6432
f 6428 6432 6429
f 6429 6432 6433
f 6429 6433 6434
f 6430 6429 6434
f 6430 6434 6435
f 6435 6434 6436
f 6435 6436 6437
f 6434 6433 6438
f 6434 6438 6436
f 6436 6438 6439
f 6436 6439 6440
f 6437 6436 6440
f 6437 6440 6441
f 6441 6440 6442
f 6441 6442 6443
f 6440 6439 6444
f 6440 6444 6442
f 6442 6444 6445
f 6442 6445 6446
f 6443 6442 6446
f 6443 6446 6447
f 6448 6449 6450
f 6448 6450 6451
f 6449 6452 6453
f 6449 6453 6450
f 6450 6453 6454
f 6450 6454 6455
f 6451 6450 6455
f 6451 6455 6456
f 6456 6455 6457
f 6456 6457 6458
f 6455 6454 6459
f 6455 6459 6457
f 6457 6459 6460
f 6457 6460 6461
f 6458 6457 6461
f 6458 6461 6462
f 6462 6461 6463
f 6462 6463 6464
f 6461 6460 6465
f 6461 6465 6463
f 6463 6465 6466
f 6463 6466 6467
f 6464 6463 6467
f 6464 6467 6468
f 6469 6470 6471
f 6469 6471 6472
f 6470 6473 6474
f 6470 6474 6471
f 6471 6474 6475
f 6471 6475 6476
f 6472 6471 6476
f 6472 6476 6477
f 6477 6476 6478
f 6477 6478 6479
f 6476 6475 6480
f 6476 6480 6478
f 6478 6480 6481
f 6478 6481 6482
f 6479 6478 6482
f 6479 6482 6483
f 6483 6482 6484
f 6483 6484 6485
f 6482 6481 6486
f 6482 6486 6484
f 6484 6486 6487
f 6484 6487 6488
f 6485 6484 6488
f 6485 6488 6489
f 6490 6491 6492
f 6490 6492 6493
f 6491 6329 6332
f 6491 6332 6492
f 6492 6332 6334
f 6492 6334 6494
f 6493 6492 6494
f 6493 6494 6495
f 6495 6494 6496
f 6495 6496 6497
f 6494 6334 6336
f 6494 6336 6496
f 6496 6336 6338
f 6496 6338 6498
f 6497 6496 6498
f 6497 6498 6499
f 6499 6498 6500
f 6499 6500 6501
f 6498 6338 6340
f 6498 6340 6500
f 6500 6340 6342
f 6500 6342 6502
f 6501 6500 6502
f 6501 6502 6503
f 6504 6505 6506
f 6504 6506 6507
f 6505 6392 6395
f 6505 6395 6506
f 6506 6395 6397
f 6506 6397 6508
f 6507 6506 6508
f 6507 6508 6509
f 6509 6508 6510
f 6509 6510 6511
f 6508 6397 6399
f 6508 6399 6510
f 6510 6399 6401
f 6510 6401 6512
f 6511 6510 6512
f 6511 6512 6513
f 6513 6512 6514
f 6513 6514 6515
f 6512 6401 6403
f 6512 6403 6514
f 6514 6403 6405
f 6514 6405 6516
f 6515 6514 6516
f 6515 6516 6517
f 2989 6518 6519
f 2989 6519 2990
f 6518 6406 6409
f 6518 6409 6519
f 6519 6409 6414
f 6519 6414 6520
f 2990 6519 6520
f 2990 6520 2993
f 2993 6520 6521
f 2993 6521 2995
f 6520 6414 6416
f 6520 6416 6521
f 6521 6416 6420
f 6521 6420 6522
f 2995 6521 6522
f 2995 6522 2970
f 2970 6522 6523
f 2970 6523 2965
f 6522 6420 6422
f 6522 6422 6523
f 6523 6422 6426
f 6523 6426 6524
f 2965 6523 6524
f 2965 6524 2962
f 3137 6525 6526
f 3137 6526 3138
f 6525 6427 6430
f 6525 6430 6526
f 6526 6430 6435
f 6526 6435 6527
f 3138 6526 6527
f 3138 6527 3141
f 3141 6527 6528
f 3141 6528 3143
f 6527 6435 6437
f 6527 6437 6528
f 6528 6437 6441
f 6528 6441 6529
f 3143 6528 6529
f 3143 6529 3118
f 3118 6529 6530
f 3118 6530 3113
f 6529 6441 6443
f 6529 6443 6530
f 6530 6443 6447
f 6530 6447 6531
f 3113 6530 6531
f 3113 6531 3110
f 3100 6532 6533
f 3100 6533 3101
f 6532 6448 6451
f 6532 6451 6533
f 6533 6451 6456
f 6533 6456 6534
f 3101 6533 6534
f 3101 6534 3104
f 3104 6534 6535
f 3104 6535 3106
f 6534 6456 6458
f 6534 6458 6535
f 6535 6458 6462
f 6535 6462 6536
f 3106 6535 6536
f 3106 6536 3081
f 3081 6536 6537
f 3081 6537 3076
f 6536 6462 6464
f 6536 6464 6537
f 6537 6464 6468
f 6537 6468 6538
f 3076 6537 6538
f 3076 6538 3073
f 3051 6539 6540
f 3051 6540 3052
f 6539 6469 6472
f 6539 6472 6540
f 6540 6472 6477
f 6540 6477 6541
f 3052 6540 6541
f 3052 6541 3055
f 3055 6541 6542
f 3055 6542 3057
f 6541 6477 6479
f 6541 6479 6542
f 6542 6479 6483
f 6542 6483 6543
f 3057 6542 6543
f 3057 6543 3059
f 3059 6543 6544
f 3059 6544 3066
f 6543 6483 6485
f 6543 6485 6544
f 6544 6485 6489
f 6544 6489 6545
f 3066 6544 6545
f 3066 6545 3063
f 2999 6546 6547
f 2999 6547 3000
f 6546 6548 6549
f 6546 6549 6547
f 6547 6549 6550
f 6547 6550 6551
f 3000 6547 6551
f 3000 6551 3003
f 3003 6551 6552
f 3003 6552 3008
f 6551 6550 6553
f 6551 6553 6552
f 6552 6553 6554
f 6552 6554 6555
f 3008 6552 6555
f 3008 6555 3010
f 3010 6555 6556
f 3010 6556 3017
f 6555 6554 6557
f 6555 6557 6556
f 6556 6557 6558
f 6556 6558 6559
f 3017 6556 6559
f 3017 6559 3014
f 6548 6560 6561
f 6548 6561 6549
f 6560 6364 6367
f 6560 6367 6561
f 6561 6367 6369
f 6561 6369 6562
f 6549 6561 6562
f 6549 6562 6550
f 6550 6562 6563
f 6550 6563 6553
f 6562 6369 6371
f 6562 6371 6563
f 6563 6371 6373
f 6563 6373 6564
f 6553 6563 6564
f 6553 6564 6554
f 6554 6564 6565
f 6554 6565 6557
f 6564 6373 6375
f 6564 6375 6565
f 6565 6375 6377
f 6565 6377 6566
f 6557 6565 6566
f 6557 6566 6558
f 3063 6567 6568
f 3063 6568 3064
f 6567 6569 6570
f 6567 6570 6568
f 6568 6570 6571
f 6568 6571 6572
f 3064 6568 6572
f 3064 6572 3067
f 3067 6572 6573
f 3067 6573 3069
f 6572 6571 6574
f 6572 6574 6573
f 6573 6574 6575
f 6573 6575 6576
f 3069 6573 6576
f 3069 6576 3044
f 3044 6576 6577
f 3044 6577 3039
f 6576 6575 6578
f 6576 6578 6577
f 6577 6578 6579
f 6577 6579 6580
f 3039 6577 6580
f 3039 6580 3036
f 6569 6581 6582
f 6569 6582 6570
f 6581 6378 6381
f 6581 6381 6582
f 6582 6381 6383
f 6582 6383 6583
f 6570 6582 6583
f 6570 6583 6571
f 6571 6583 6584
f 6571 6584 6574
f 6583 6383 6385
f 6583 6385 6584
f 6584 6385 6387
f 6584 6387 6585
f 6574 6584 6585
f 6574 6585 6575
f 6575 6585 6586
f 6575 6586 6578
f 6585 6387 6389
f 6585 6389 6586
f 6586 6389 6391
f 6586 6391 6587
f 6578 6586 6587
f 6578 6587 6579
f 3211 6588 6589
f 3211 6589 3212
f 6588 3162 3165
f 6588 3165 6589
f 6589 3165 3158
f 6589 3158 6590
f 3212 6589 6590
f 3212 6590 3215
f 3215 6590 6591
f 3215 6591 3217
f 6590 3158 3156
f 6590 3156 6591
f 6591 3156 3151
f 6591 3151 6592
f 3217 6591 6592
f 3217 6592 3192
f 3192 6592 6593
f 3192 6593 3187
f 6592 3151 3148
f 6592 3148 6593
f 6593 3148 3147
f 6593 3147 6594
f 3187 6593 6594
f 3187 6594 3184
f 6595 6596 6597
f 6595 6597 6598
f 6596 3421 3424
f 6596 3424 6597
f 6597 3424 3417
f 6597 3417 6599
f 6598 6597 6599
f 6598 6599 6600
f 6600 6599 6601
f 6600 6601 6602
f 6599 3417 3415
f 6599 3415 6601
f 6601 3415 3410
f 6601 3410 6603
f 6602 6601 6603
f 6602 6603 6604
f 6604 6603 6605
f 6604 6605 6606
f 6603 3410 3407
f 6603 3407 6605
f 6605 3407 3406
f 6605 3406 6607
f 6606 6605 6607
f 6606 6607 6608
f 3421 6609 6610
f 3421 6610 3422
f 6609 3221 3224
f 6609 3224 6610
f 6610 3224 3229
f 6610 3229 6611
f 3422 6610 6611
f 3422 6611 3425
f 3425 6611 6612
f 3425 6612 3427
f 6611 3229 3254
f 6611 3254 6612
f 6612 3254 3252
f 6612 3252 6613
f 3427 6612 6613
f 3427 6613 3429
f 3429 6613 6614
f 3429 6614 3436
f 6613 3252 3249
f 6613 3249 6614
f 6614 3249 3248
f 6614 3248 6615
f 3436 6614 6615
f 3436 6615 3433
f 6616 6617 6618
f 6616 6618 6619
f 6617 3211 3214
f 6617 3214 6618
f 6618 3214 3207
f 6618 3207 6620
f 6619 6618 6620
f 6619 6620 6621
f 6621 6620 6622
f 6621 6622 6623
f 6620 3207 3205
f 6620 3205 6622
f 6622 3205 3203
f 6622 3203 6624
f 6623 6622 6624
f 6623 6624 6625
f 6625 6624 6626
f 6625 6626 6627
f 6624 3203 3200
f 6624 3200 6626
f 6626 3200 3199
f 6626 3199 6628
f 6627 6626 6628
f 6627 6628 6629
f 6630 6631 6632
f 6630 6632 6633
f 6631 3199 3202
f 6631 3202 6632
f 6632 3202 3195
f 6632 3195 6634
f 6633 6632 6634
f 6633 6634 6635
f 6635 6634 6636
f 6635 6636 6637
f 6634 3195 3193
f 6634 3193 6636
f 6636 3193 3188
f 6636 3188 6638
f 6637 6636 6638
f 6637 6638 6639
f 6639 6638 6640
f 6639 6640 6641
f 6638 3188 3185
f 6638 3185 6640
f 6640 3185 3184
f 6640 3184 6642
f 6641 6640 6642
f 6641 6642 6643
f 6644 6645 6646
f 6644 6646 6647
f 6645 3295 3298
f 6645 3298 6646
f 6646 3298 3303
f 6646 3303 6648
f 6647 6646 6648
f 6647 6648 6649
f 6649 6648 6650
f 6649 6650 6651
f 6648 3303 3328
f 6648 3328 6650
f 6650 3328 3326
f 6650 3326 6652
f 6651 6650 6652
f 6651 6652 6653
f 6653 6652 6654
f 6653 6654 6655
f 6652 3326 3323
f 6652 3323 6654
f 6654 3323 3322
f 6654 3322 6656
f 6655 6654 6656
f 6655 6656 6657
f 3285 6658 6659
f 3285 6659 3286
f 6658 3322 3325
f 6658 3325 6659
f 6659 3325 3318
f 6659 3318 6660
f 3286 6659 6660
f 3286 6660 3289
f 3289 6660 6661
f 3289 6661 3291
f 6660 3318 3316
f 6660 3316 6661
f 6661 3316 3314
f 6661 3314 6662
f 3291 6661 6662
f 3291 6662 3266
f 3266 6662 6663
f 3266 6663 3261
f 6662 3314 3311
f 6662 3311 6663
f 6663 3311 3310
f 6663 3310 6664
f 3261 6663 6664
f 3261 6664 3258
f 3332 6665 6666
f 3332 6666 3333
f 6665 3443 3446
f 6665 3446 6666
f 6666 3446 3451
f 6666 3451 6667
f 3333 6666 6667
f 3333 6667 3336
f 3336 6667 6668
f 3336 6668 3341
f 6667 3451 3476
f 6667 3476 6668
f 6668 3476 3474
f 6668 3474 6669
f 3341 6668 6669
f 3341 6669 3343
f 3343 6669 6670
f 3343 6670 3350
f 6669 3474 3471
f 6669 3471 6670
f 6670 3471 3470
f 6670 3470 6671
f 3350 6670 6671
f 3350 6671 3347
f 6672 6673 6674
f 6672 6674 6675
f 6673 3285 3288
f 6673 3288 6674
f 6674 3288 3281
f 6674 3281 6676
f 6675 6674 6676
f 6675 6676 6677
f 6677 6676 6678
f 6677 6678 6679
f 6676 3281 3279
f 6676 3279 6678
f 6678 3279 3277
f 6678 3277 6680
f 6679 6678 6680
f 6679 6680 6681
f 6681 6680 6682
f 6681 6682 6683
f 6680 3277 3274
f 6680 3274 6682
f 6682 3274 3273
f 6682 3273 6684
f 6683 6682 6684
f 6683 6684 6685
f 6686 6687 6688
f 6686 6688 6689
f 6687 3273 3276
f 6687 3276 6688
f 6688 3276 3269
f 6688 3269 6690
f 6689 6688 6690
f 6689 6690 6691
f 6691 6690 6692
f 6691 6692 6693
f 6690 3269 3267
f 6690 3267 6692
f 6692 3267 3262
f 6692 3262 6694
f 6693 6692 6694
f 6693 6694 6695
f 6695 6694 6696
f 6695 6696 6697
f 6694 3262 3259
f 6694 3259 6696
f 6696 3259 3258
f 6696 3258 6698
f 6697 6696 6698
f 6697 6698 6699
f 3162 6700 6701
f 3162 6701 3163
f 6700 6702 6703
f 6700 6703 6701
f 6701 6703 6704
f 6701 6704 6705
f 3163 6701 6705
f 3163 6705 3166
f 3166 6705 6706
f 3166 6706 3168
f 6705 6704 6707
f 6705 6707 6706
f 6706 6707 6708
f 6706 6708 6709
f 3168 6706 6709
f 3168 6709 3170
f 3170 6709 6710
f 3170 6710 3177
f 6709 6708 6711
f 6709 6711 6710
f 6710 6711 6712
f 6710 6712 6713
f 3177 6710 6713
f 3177 6713 3174
f 6714 6715 6716
f 6714 6716 6717
f 6715 6616 6619
f 6715 6619 6716
f 6716 6619 6621
f 6716 6621 6718
f 6717 6716 6718
f 6717 6718 6719
f 6719 6718 6720
f 6719 6720 6721
f 6718 6621 6623
f 6718 6623 6720
f 6720 6623 6625
f 6720 6625 6722
f 6721 6720 6722
f 6721 6722 6723
f 6723 6722 6724
f 6723 6724 6725
f 6722 6625 6627
f 6722 6627 6724
f 6724 6627 6629
f 6724 6629 6726
f 6725 6724 6726
f 6725 6726 6727
f 6728 6729 6730
f 6728 6730 6731
f 6729 6644 6647
f 6729 6647 6730
f 6730 6647 6649
f 6730 6649 6732
f 6731 6730 6732
f 6731 6732 6733
f 6733 6732 6734
f 6733 6734 6735
f 6732 6649 6651
f 6732 6651 6734
f 6734 6651 6653
f 6734 6653 6736
f 6735 6734 6736
f 6735 6736 6737
f 6737 6736 6738
f 6737 6738 6739
f 6736 6653 6655
f 6736 6655 6738
f 6738 6655 6657
f 6738 6657 6740
f 6739 6738 6740
f 6739 6740 6741
f 3507 6742 6743
f 3507 6743 3508
f 6742 6672 6675
f 6742 6675 6743
f 6743 6675 6677
f 6743 6677 6744
f 3508 6743 6744
f 3508 6744 3511
f 3511 6744 6745
f 3511 6745 3513
f 6744 6677 6679
f 6744 6679 6745
f 6745 6679 6681
f 6745 6681 6746
f 3513 6745 6746
f 3513 6746 3488
f 3488 6746 6747
f 3488 6747 3483
f 6746 6681 6683
f 6746 6683 6747
f 6747 6683 6685
f 6747 6685 6748
f 3483 6747 6748
f 3483 6748 3480
f 6702 6749 6750
f 6702 6750 6703
f 6749 3384 3387
f 6749 3387 6750
f 6750 3387 3380
f 6750 3380 6751
f 6703 6750 6751
f 6703 6751 6704
f 6704 6751 6752
f 6704 6752 6707
f 6751 3380 3378
f 6751 3378 6752
f 6752 3378 3373
f 6752 3373 6753
f 6707 6752 6753
f 6707 6753 6708
f 6708 6753 6754
f 6708 6754 6711
f 6753 3373 3370
f 6753 3370 6754
f 6754 3370 3369
f 6754 3369 6755
f 6711 6754 6755
f 6711 6755 6712
f 6756 6757 6758
f 6756 6758 6759
f 6757 6714 6717
f 6757 6717 6758
f 6758 6717 6719
f 6758 6719 6760
f 6759 6758 6760
f 6759 6760 6761
f 6761 6760 6762
f 6761 6762 6763
f 6760 6719 6721
f 6760 6721 6762
f 6762 6721 6723
f 6762 6723 6764
f 6763 6762 6764
f 6763 6764 6765
f 6765 6764 6766
f 6765 6766 6767
f 6764 6723 6725
f 6764 6725 6766
f 6766 6725 6727
f 6766 6727 6768
f 6767 6766 6768
f 6767 6768 6769
f 6770 6771 6772
f 6770 6772 6773
f 6771 6728 6731
f 6771 6731 6772
f 6772 6731 6733
f 6772 6733 6774
f 6773 6772 6774
f 6773 6774 6775
f 6775 6774 6776
f 6775 6776 6777
f 6774 6733 6735
f 6774 6735 6776
f 6776 6735 6737
f 6776 6737 6778
f 6777 6776 6778
f 6777 6778 6779
f 6779 6778 6780
f 6779 6780 6781
f 6778 6737 6739
f 6778 6739 6780
f 6780 6739 6741
f 6780 6741 6782
f 6781 6780 6782
f 6781 6782 6783
f 6784 6785 6786
f 6784 6786 6787
f 6785 3507 3510
f 6785 3510 6786
f 6786 3510 3503
f 6786 3503 6788
f 6787 6786 6788
f 6787 6788 6789
f 6789 6788 6790
f 6789 6790 6791
f 6788 3503 3501
f 6788 3501 6790
f 6790 3501 3499
f 6790 3499 6792
f 6791 6790 6792
f 6791 6792 6793
f 6793 6792 6794
f 6793 6794 6795
f 6792 3499 3496
f 6792 3496 6794
f 6794 3496 3495
f 6794 3495 6796
f 6795 6794 6796
f 6795 6796 6797
f 6798 6799 6800
f 6798 6800 6801
f 6799 3369 3372
f 6799 3372 6800
f 6800 3372 3377
f 6800 3377 6802
f 6801 6800 6802
f 6801 6802 6803
f 6803 6802 6804
f 6803 6804 6805
f 6802 3377 3402
f 6802 3402 6804
f 6804 3402 3400
f 6804 3400 6806
f 6805 6804 6806
f 6805 6806 6807
f 6807 6806 6808
f 6807 6808 6809
f 6806 3400 3397
f 6806 3397 6808
f 6808 3397 3396
f 6808 3396 6810
f 6809 6808 6810
f 6809 6810 6811
f 6812 6813 6814
f 6812 6814 6815
f 6813 3406 3409
f 6813 3409 6814
f 6814 3409 3414
f 6814 3414 6816
f 6815 6814 6816
f 6815 6816 6817
f 6817 6816 6818
f 6817 6818 6819
f 6816 3414 3439
f 6816 3439 6818
f 6818 3439 3437
f 6818 3437 6820
f 6819 6818 6820
f 6819 6820 6821
f 6821 6820 6822
f 6821 6822 6823
f 6820 3437 3434
f 6820 3434 6822
f 6822 3434 3433
f 6822 3433 6824
f 6823 6822 6824
f 6823 6824 6825
f 6826 6827 6828
f 6826 6828 6829
f 6827 3359 3362
f 6827 3362 6828
f 6828 3362 3355
f 6828 3355 6830
f 6829 6828 6830
f 6829 6830 6831
f 6831 6830 6832
f 6831 6832 6833
f 6830 3355 3353
f 6830 3353 6832
f 6832 3353 3351
f 6832 3351 6834
f 6833 6832 6834
f 6833 6834 6835
f 6835 6834 6836
f 6835 6836 6837
f 6834 3351 3348
f 6834 3348 6836
f 6836 3348 3347
f 6836 3347 6838
f 6837 6836 6838
f 6837 6838 6839
f 6840 6841 6842
f 6840 6842 6843
f 6841 3554 3557
f 6841 3557 6842
f 6842 3557 3562
f 6842 3562 6844
f 6843 6842 6844
f 6843 6844 6845
f 6845 6844 6846
f 6845 6846 6847
f 6844 3562 3587
f 6844 3587 6846
f 6846 3587 3585
f 6846 3585 6848
f 6847 6846 6848
f 6847 6848 6849
f 6849 6848 6850
f 6849 6850 6851
f 6848 3585 3582
f 6848 3582 6850
f 6850 3582 3581
f 6850 3581 6852
f 6851 6850 6852
f 6851 6852 6853
f 3544 6854 6855
f 3544 6855 3545
f 6854 3581 3584
f 6854 3584 6855
f 6855 3584 3577
f 6855 3577 6856
f 3545 6855 6856
f 3545 6856 3548
f 3548 6856 6857
f 3548 6857 3550
f 6856 3577 3575
f 6856 3575 6857
f 6857 3575 3573
f 6857 3573 6858
f 3550 6857 6858
f 3550 6858 3525
f 3525 6858 6859
f 3525 6859 3520
f 6858 3573 3570
f 6858 3570 6859
f 6859 3570 3569
f 6859 3569 6860
f 3520 6859 6860
f 3520 6860 3517
f 3591 6861 6862
f 3591 6862 3592
f 6861 3628 3631
f 6861 3631 6862
f 6862 3631 3636
f 6862 3636 6863
f 3592 6862 6863
f 3592 6863 3595
f 3595 6863 6864
f 3595 6864 3600
f 6863 3636 3661
f 6863 3661 6864
f 6864 3661 3659
f 6864 3659 6865
f 3600 6864 6865
f 3600 6865 3602
f 3602 6865 6866
f 3602 6866 3609
f 6865 3659 3656
f 6865 3656 6866
f 6866 3656 3655
f 6866 3655 6867
f 3609 6866 6867
f 3609 6867 3606
f 3729 6868 6869
f 3729 6869 3730
f 6868 3544 3547
f 6868 3547 6869
f 6869 3547 3540
f 6869 3540 6870
f 3730 6869 6870
f 3730 6870 3733
f 3733 6870 6871
f 3733 6871 3735
f 6870 3540 3538
f 6870 3538 6871
f 6871 3538 3536
f 6871 3536 6872
f 3735 6871 6872
f 3735 6872 3710
f 3710 6872 6873
f 3710 6873 3705
f 6872 3536 3533
f 6872 3533 6873
f 6873 3533 3532
f 6873 3532 6874
f 3705 6873 6874
f 3705 6874 3702
f 6875 6876 6877
f 6875 6877 6878
f 6876 3532 3535
f 6876 3535 6877
f 6877 3535 3528
f 6877 3528 6879
f 6878 6877 6879
f 6878 6879 6880
f 6880 6879 6881
f 6880 6881 6882
f 6879 3528 3526
f 6879 3526 6881
f 6881 3526 3521
f 6881 3521 6883
f 6882 6881 6883
f 6882 6883 6884
f 6884 6883 6885
f 6884 6885 6886
f 6883 3521 3518
f 6883 3518 6885
f 6885 3518 3517
f 6885 3517 6887
f 6886 6885 6887
f 6886 6887 6888
f 6889 6890 6891
f 6889 6891 6892
f 6890 6840 6843
f 6890 6843 6891
f 6891 6843 6845
f 6891 6845 6893
f 6892 6891 6893
f 6892 6893 6894
f 6894 6893 6895
f 6894 6895 6896
f 6893 6845 6847
f 6893 6847 6895
f 6895 6847 6849
f 6895 6849 6897
f 6896 6895 6897
f 6896 6897 6898
f 6898 6897 6899
f 6898 6899 6900
f 6897 6849 6851
f 6897 6851 6899
f 6899 6851 6853
f 6899 6853 6901
f 6900 6899 6901
f 6900 6901 6902
f 3692 6903 6904
f 3692 6904 3693
f 6903 3729 6904
f 3729 3732 6904
f 6904 3732 3725
f 6904 3725 6905
f 3693 6904 6905
f 3693 6905 3696
f 3696 6905 6906
f 3696 6906 3698
f 6905 3725 3723
f 6905 3723 6906
f 6906 3723 3721
f 6906 3721 6907
f 3698 6906 6907
f 3698 6907 3673
f 3673 6907 6908
f 3673 6908 3668
f 6907 3721 3718
f 6907 3718 6908
f 6908 3718 3717
f 6908 3717 6909
f 3668 6908 6909
f 3668 6909 3665
f 6910 6911 6912
f 6910 6912 6913
f 6911 6889 6892
f 6911 6892 6912
f 6912 6892 6894
f 6912 6894 6914
f 6913 6912 6914
f 6913 6914 6915
f 6915 6914 6916
f 6915 6916 6917
f 6914 6894 6896
f 6914 6896 6916
f 6916 6896 6898
f 6916 6898 6918
f 6917 6916 6918
f 6917 6918 6919
f 6919 6918 6920
f 6919 6920 6921
f 6918 6898 6900
f 6918 6900 6920
f 6920 6900 6902
f 6920 6902 6922
f 6921 6920 6922
f 6921 6922 6923
f 6924 6925 6926
f 6924 6926 6927
f 6925 3692 3695
f 6925 3695 6926
f 6926 3695 3688
f 6926 3688 6928
f 6927 6926 6928
f 6927 6928 6929
f 6929 6928 6930
f 6929 6930 6931
f 6928 3688 3686
f 6928 3686 6930
f 6930 3686 3684
f 6930 3684 6932
f 6931 6930 6932
f 6931 6932 6933
f 6933 6932 6934
f 6933 6934 6935
f 6932 3684 3681
f 6932 3681 6934
f 6934 3681 3680
f 6934 3680 6936
f 6935 6934 6936
f 6935 6936 6937
f 6938 6939 6940
f 6938 6940 6941
f 6939 3618 3621
f 6939 3621 6940
f 6940 3621 3614
f 6940 3614 6942
f 6941 6940 6942
f 6941 6942 6943
f 6943 6942 6944
f 6943 6944 6945
f 6942 3614 3612
f 6942 3612 6944
f 6944 3612 3610
f 6944 3610 6946
f 6945 6944 6946
f 6945 6946 6947
f 6947 6946 6948
f 6947 6948 6949
f 6946 3610 3607
f 6946 3607 6948
f 6948 3607 3606
f 6948 3606 6950
f 6949 6948 6950
f 6949 6950 6951
f 6952 6953 6954
f 6952 6954 6955
f 6953 6424 6423
f 6953 6423 6954
f 6954 6423 6418
f 6954 6418 6956
f 6955 6954 6956
f 6955 6956 6957
f 6957 6956 6958
f 6957 6958 6959
f 6956 6418 6417
f 6956 6417 6958
f 6958 6417 6412
f 6958 6412 6960
f 6959 6958 6960
f 6959 6960 6961
f 6961 6960 6962
f 6961 6962 6963
f 6960 6412 6411
f 6960 6411 6962
f 6962 6411 6410
f 6962 6410 6964
f 6963 6962 6964
f 6963 6964 6965
f 6966 6967 6968
f 6966 6968 6969
f 6967 6445 6444
f 6967 6444 6968
f 6968 6444 6439
f 6968 6439 6970
f 6969 6968 6970
f 6969 6970 6971
f 6971 6970 6972
f 6971 6972 6973
f 6970 6439 6438
f 6970 6438 6972
f 6972 6438 6433
f 6972 6433 6974
f 6973 6972 6974
f 6973 6974 6975
f 6975 6974 6976
f 6975 6976 6977
f 6974 6433 6432
f 6974 6432 6976
f 6976 6432 6431
f 6976 6431 6978
f 6977 6976 6978
f 6977 6978 6979
f 6980 6981 6982
f 6980 6982 6983
f 6981 6466 6465
f 6981 6465 6982
f 6982 6465 6460
f 6982 6460 6984
f 6983 6982 6984
f 6983 6984 6985
f 6985 6984 6986
f 6985 6986 6987
f 6984 6460 6459
f 6984 6459 6986
f 6986 6459 6454
f 6986 6454 6988
f 6987 6986 6988
f 6987 6988 6989
f 6989 6988 6990
f 6989 6990 6991
f 6988 6454 6453
f 6988 6453 6990
f 6990 6453 6452
f 6990 6452 6992
f 6991 6990 6992
f 6991 6992 6993
f 6994 6995 6996
f 6994 6996 6997
f 6995 6487 6486
f 6995 6486 6996
f 6996 6486 6481
f 6996 6481 6998
f 6997 6996 6998
f 6997 6998 6999
f 6999 6998 7000
f 6999 7000 7001
f 6998 6481 6480
f 6998 6480 7000
f 7000 6480 6475
f 7000 6475 7002
f 7001 7000 7002
f 7001 7002 7003
f 7003 7002 7004
f 7003 7004 7005
f 7002 6475 6474
f 7002 6474 7004
f 7004 6474 6473
f 7004 6473 7006
f 7005 7004 7006
f 7005 7006 7007
f 7008 7009 7010
f 7008 7010 7011
f 7009 7012 7013
f 7009 7013 7010
f 7010 7013 7014
f 7010 7014 7015
f 7011 7010 7015
f 7011 7015 7016
f 7016 7015 7017
f 7016 7017 7018
f 7015 7014 7019
f 7015 7019 7017
f 7017 7019 7020
f 7017 7020 7021
f 7018 7017 7021
f 7018 7021 7022
f 7022 7021 7023
f 7022 7023 7024
f 7021 7020 7025
f 7021 7025 7023
f 7023 7025 7026
f 7023 7026 7027
f 7024 7023 7027
f 7024 7027 7028
f 7029 7030 7031
f 7029 7031 7032
f 7030 7033 7034
f 7030 7034 7031
f 7031 7034 7035
f 7031 7035 7036
f 7032 7031 7036
f 7032 7036 7037
f 7037 7036 7038
f 7037 7038 7039
f 7036 7035 7040
f 7036 7040 7038
f 7038 7040 7041
f 7038 7041 7042
f 7039 7038 7042
f 7039 7042 7043
f 7043 7042 7044
f 7043 7044 7045
f 7042 7041 7046
f 7042 7046 7044
f 7044 7046 7047
f 7044 7047 7048
f 7045 7044 7048
f 7045 7048 7049
f 7050 7051 7052
f 7050 7052 7053
f 7051 7054 7055
f 7051 7055 7052
f 7052 7055 7056
f 7052 7056 7057
f 7053 7052 7057
f 7053 7057 7058
f 7058 7057 7059
f 7058 7059 7060
f 7057 7056 7061
f 7057 7061 7059
f 7059 7061 7062
f 7059 7062 7063
f 7060 7059 7063
f 7060 7063 7064
f 7064 7063 7065
f 7064 7065 7066
f 7063 7062 7067
f 7063 7067 7065
f 7065 7067 7068
f 7065 7068 7069
f 7066 7065 7069
f 7066 7069 7070
f 7071 7072 7073
f 7071 7073 7074
f 7072 7075 7076
f 7072 7076 7073
f 7073 7076 7077
f 7073 7077 7078
f 7074 7073 7078
f 7074 7078 7079
f 7079 7078 7080
f 7079 7080 7081
f 7078 7077 7082
f 7078 7082 7080
f 7080 7082 7083
f 7080 7083 7084
f 7081 7080 7084
f 7081 7084 7085
f 7085 7084 7086
f 7085 7086 7087
f 7084 7083 7088
f 7084 7088 7086
f 7086 7088 7089
f 7086 7089 7090
f 7087 7086 7090
f 7087 7090 7091
f 7092 7093 7094
f 7092 7094 7095
f 7093 7096 7097
f 7093 7097 7094
f 7094 7097 7098
f 7094 7098 7099
f 7095 7094 7099
f 7095 7099 7100
f 7100 7099 7101
f 7100 7101 7102
f 7099 7098 7103
f 7099 7103 7101
f 7101 7103 7104
f 7101 7104 7105
f 7102 7101 7105
f 7102 7105 7106
f 7106 7105 7107
f 7106 7107 7108
f 7105 7104 7109
f 7105 7109 7107
f 7107 7109 7110
f 7107 7110 7111
f 7108 7107 7111
f 7108 7111 7112
f 7033 7113 7114
f 7033 7114 7034
f 7113 6686 6689
f 7113 6689 7114
f 7114 6689 6691
f 7114 6691 7115
f 7034 7114 7115
f 7034 7115 7035
f 7035 7115 7116
f 7035 7116 7040
f 7115 6691 6693
f 7115 6693 7116
f 7116 6693 6695
f 7116 6695 7117
f 7040 7116 7117
f 7040 7117 7041
f 7041 7117 7118
f 7041 7118 7046
f 7117 6695 6697
f 7117 6697 7118
f 7118 6697 6699
f 7118 6699 7119
f 7046 7118 7119
f 7046 7119 7047
f 7096 7120 7121
f 7096 7121 7097
f 7120 6826 6829
f 7120 6829 7121
f 7121 6829 6831
f 7121 6831 7122
f 7097 7121 7122
f 7097 7122 7098
f 7098 7122 7123
f 7098 7123 7103
f 7122 6831 6833
f 7122 6833 7123
f 7123 6833 6835
f 7123 6835 7124
f 7103 7123 7124
f 7103 7124 7104
f 7104 7124 7125
f 7104 7125 7109
f 7124 6835 6837
f 7124 6837 7125
f 7125 6837 6839
f 7125 6839 7126
f 7109 7125 7126
f 7109 7126 7110
f 3295 7127 7128
f 3295 7128 3296
f 7127 7008 7011
f 7127 7011 7128
f 7128 7011 7016
f 7128 7016 7129
f 3296 7128 7129
f 3296 7129 3299
f 3299 7129 7130
f 3299 7130 3304
f 7129 7016 7018
f 7129 7018 7130
f 7130 7018 7022
f 7130 7022 7131
f 3304 7130 7131
f 3304 7131 3306
f 3306 7131 7132
f 3306 7132 3313
f 7131 7022 7024
f 7131 7024 7132
f 7132 7024 7028
f 7132 7028 7133
f 3313 7132 7133
f 3313 7133 3310
f 3480 7134 7135
f 3480 7135 3481
f 7134 7050 7053
f 7134 7053 7135
f 7135 7053 7058
f 7135 7058 7136
f 3481 7135 7136
f 3481 7136 3484
f 3484 7136 7137
f 3484 7137 3489
f 7136 7058 7060
f 7136 7060 7137
f 7137 7060 7064
f 7137 7064 7138
f 3489 7137 7138
f 3489 7138 3491
f 3491 7138 7139
f 3491 7139 3498
f 7138 7064 7066
f 7138 7066 7139
f 7139 7066 7070
f 7139 7070 7140
f 3498 7139 7140
f 3498 7140 3495
f 3458 7141 7142
f 3458 7142 3459
f 7141 7071 7074
f 7141 7074 7142
f 7142 7074 7079
f 7142 7079 7143
f 3459 7142 7143
f 3459 7143 3462
f 3462 7143 7144
f 3462 7144 3464
f 7143 7079 7081
f 7143 7081 7144
f 7144 7081 7085
f 7144 7085 7145
f 3464 7144 7145
f 3464 7145 3466
f 3466 7145 7146
f 3466 7146 3473
f 7145 7085 7087
f 7145 7087 7146
f 7146 7087 7091
f 7146 7091 7147
f 3473 7146 7147
f 3473 7147 3470
f 7012 7148 7149
f 7012 7149 7013
f 7148 6630 6633
f 7148 6633 7149
f 7149 6633 6635
f 7149 6635 7150
f 7013 7149 7150
f 7013 7150 7014
f 7014 7150 7151
f 7014 7151 7019
f 7150 6635 6637
f 7150 6637 7151
f 7151 6637 6639
f 7151 6639 7152
f 7019 7151 7152
f 7019 7152 7020
f 7020 7152 7153
f 7020 7153 7025
f 7152 6639 6641
f 7152 6641 7153
f 7153 6641 6643
f 7153 6643 7154
f 7025 7153 7154
f 7025 7154 7026
f 7054 7155 7156
f 7054 7156 7055
f 7155 6798 6801
f 7155 6801 7156
f 7156 6801 6803
f 7156 6803 7157
f 7055 7156 7157
f 7055 7157 7056
f 7056 7157 7158
f 7056 7158 7061
f 7157 6803 6805
f 7157 6805 7158
f 7158 6805 6807
f 7158 6807 7159
f 7061 7158 7159
f 7061 7159 7062
f 7062 7159 7160
f 7062 7160 7067
f 7159 6807 6809
f 7159 6809 7160
f 7160 6809 6811
f 7160 6811 7161
f 7067 7160 7161
f 7067 7161 7068
f 7075 7162 7163
f 7075 7163 7076
f 7162 6812 6815
f 7162 6815 7163
f 7163 6815 6817
f 7163 6817 7164
f 7076 7163 7164
f 7076 7164 7077
f 7077 7164 7165
f 7077 7165 7082
f 7164 6817 6819
f 7164 6819 7165
f 7165 6819 6821
f 7165 6821 7166
f 7082 7165 7166
f 7082 7166 7083
f 7083 7166 7167
f 7083 7167 7088
f 7166 6821 6823
f 7166 6823 7167
f 7167 6823 6825
f 7167 6825 7168
f 7088 7167 7168
f 7088 7168 7089
f 3174 7169 7170
f 3174 7170 3175
f 7169 7029 7032
f 7169 7032 7170
f 7170 7032 7037
f 7170 7037 7171
f 3175 7170 7171
f 3175 7171 3178
f 3178 7171 7172
f 3178 7172 3180
f 7171 7037 7039
f 7171 7039 7172
f 7172 7039 7043
f 7172 7043 7173
f 3180 7172 7173
f 3180 7173 3155
f 3155 7173 7174
f 3155 7174 3150
f 7173 7043 7045
f 7173 7045 7174
f 7174 7045 7049
f 7174 7049 7175
f 3150 7174 7175
f 3150 7175 3147
f 3236 7176 7177
f 3236 7177 3237
f 7176 7092 7095
f 7176 7095 7177
f 7177 7095 7100
f 7177 7100 7178
f 3237 7177 7178
f 3237 7178 3240
f 3240 7178 7179
f 3240 7179 3242
f 7178 7100 7102
f 7178 7102 7179
f 7179 7102 7106
f 7179 7106 7180
f 3242 7179 7180
f 3242 7180 3244
f 3244 7180 7181
f 3244 7181 3251
f 7180 7106 7108
f 7180 7108 7181
f 7181 7108 7112
f 7181 7112 7182
f 3251 7181 7182
f 3251 7182 3248
f 6503 7183 7184
f 6503 7184 6501
f 7183 6875 6878
f 7183 6878 7184
f 7184 6878 6880
f 7184 6880 7185
f 6501 7184 7185
f 6501 7185 6499
f 6499 7185 7186
f 6499 7186 6497
f 7185 6880 6882
f 7185 6882 7186
f 7186 6882 6884
f 7186 6884 7187
f 6497 7186 7187
f 6497 7187 6495
f 6495 7187 7188
f 6495 7188 6493
f 7187 6884 6886
f 7187 6886 7188
f 7188 6886 6888
f 7188 6888 7189
f 6493 7188 7189
f 6493 7189 6490
f 6517 7190 7191
f 6517 7191 6515
f 7190 6938 6941
f 7190 6941 7191
f 7191 6941 6943
f 7191 6943 7192
f 6515 7191 7192
f 6515 7192 6513
f 6513 7192 7193
f 6513 7193 6511
f 7192 6943 6945
f 7192 6945 7193
f 7193 6945 6947
f 7193 6947 7194
f 6511 7193 7194
f 6511 7194 6509
f 6509 7194 7195
f 6509 7195 6507
f 7194 6947 6949
f 7194 6949 7195
f 7195 6949 6951
f 7195 6951 7196
f 6507 7195 7196
f 6507 7196 6504
f 3554 7197 7198
f 3554 7198 3555
f 7197 6952 6955
f 7197 6955 7198
f 7198 6955 6957
f 7198 6957 7199
f 3555 7198 7199
f 3555 7199 3558
f 3558 7199 7200
f 3558 7200 3563
f 7199 6957 6959
f 7199 6959 7200
f 7200 6959 6961
f 7200 6961 7201
f 3563 7200 7201
f 3563 7201 3565
f 3565 7201 7202
f 3565 7202 3572
f 7201 6961 6963
f 7201 6963 7202
f 7202 6963 6965
f 7202 6965 7203
f 3572 7202 7203
f 3572 7203 3569
f 3702 7204 7205
f 3702 7205 3703
f 7204 6966 6969
f 7204 6969 7205
f 7205 6969 6971
f 7205 6971 7206
f 3703 7205 7206
f 3703 7206 3706
f 3706 7206 7207
f 3706 7207 3711
f 7206 6971 6973
f 7206 6973 7207
f 7207 6973 6975
f 7207 6975 7208
f 3711 7207 7208
f 3711 7208 3713
f 3713 7208 7209
f 3713 7209 3720
f 7208 6975 6977
f 7208 6977 7209
f 7209 6977 6979
f 7209 6979 7210
f 3720 7209 7210
f 3720 7210 3717
f 3665 7211 7212
f 3665 7212 3666
f 7211 6980 6983
f 7211 6983 7212
f 7212 6983 6985
f 7212 6985 7213
f 3666 7212 7213
f 3666 7213 3669
f 3669 7213 7214
f 3669 7214 3674
f 7213 6985 6987
f 7213 6987 7214
f 7214 6987 6989
f 7214 6989 7215
f 3674 7214 7215
f 3674 7215 3676
f 3676 7215 7216
f 3676 7216 3683
f 7215 6989 6991
f 7215 6991 7216
f 7216 6991 6993
f 7216 6993 7217
f 3683 7216 7217
f 3683 7217 3680
f 3643 7218 7219
f 3643 7219 3644
f 7218 6994 6997
f 7218 6997 7219
f 7219 6997 6999
f 7219 6999 7220
f 3644 7219 7220
f 3644 7220 3647
f 3647 7220 7221
f 3647 7221 3649
f 7220 6999 7001
f 7220 7001 7221
f 7221 7001 7003
f 7221 7003 7222
f 3649 7221 7222
f 3649 7222 3651
f 3651 7222 7223
f 3651 7223 3658
f 7222 7003 7005
f 7222 7005 7223
f 7223 7005 7007
f 7223 7007 7224
f 3658 7223 7224
f 3658 7224 3655
f 3384 7225 7226
f 3384 7226 3385
f 7225 7227 7228
f 7225 7228 7226
f 7226 7228 7229
f 7226 7229 7230
f 3385 7226 7230
f 3385 7230 3388
f 3388 7230 7231
f 3388 7231 3390
f 7230 7229 7232
f 7230 7232 7231
f 7231 7232 7233
f 7231 7233 7234
f 3390 7231 7234
f 3390 7234 3392
f 3392 7234 7235
f 3392 7235 3399
f 7234 7233 7236
f 7234 7236 7235
f 7235 7236 7237
f 7235 7237 7238
f 3399 7235 7238
f 3399 7238 3396
f 7227 7239 7240
f 7227 7240 7228
f 7239 6595 6598
f 7239 6598 7240
f 7240 6598 6600
f 7240 6600 7241
f 7228 7240 7241
f 7228 7241 7229
f 7229 7241 7242
f 7229 7242 7232
f 7241 6600 6602
f 7241 6602 7242
f 7242 6602 6604
f 7242 6604 7243
f 7232 7242 7243
f 7232 7243 7233
f 7233 7243 7244
f 7233 7244 7236
f 7243 6604 6606
f 7243 6606 7244
f 7244 6606 6608
f 7244 6608 7245
f 7236 7244 7245
f 7236 7245 7237
f 3221 7246 7247
f 3221 7247 3222
f 7246 7248 7249
f 7246 7249 7247
f 7247 7249 7250
f 7247 7250 7251
f 3222 7247 7251
f 3222 7251 3225
f 3225 7251 7252
f 3225 7252 3230
f 7251 7250 7253
f 7251 7253 7252
f 7252 7253 7254
f 7252 7254 7255
f 3230 7252 7255
f 3230 7255 3232
f 3232 7255 7256
f 3232 7256 3239
f 7255 7254 7257
f 7255 7257 7256
f 7256 7257 7258
f 7256 7258 7259
f 3239 7256 7259
f 3239 7259 3236
f 7248 7260 7261
f 7248 7261 7249
f 7260 6756 6759
f 7260 6759 7261
f 7261 6759 6761
f 7261 6761 7262
f 7249 7261 7262
f 7249 7262 7250
f 7250 7262 7263
f 7250 7263 7253
f 7262 6761 6763
f 7262 6763 7263
f 7263 6763 6765
f 7263 6765 7264
f 7253 7263 7264
f 7253 7264 7254
f 7254 7264 7265
f 7254 7265 7257
f 7264 6765 6767
f 7264 6767 7265
f 7265 6767 6769
f 7265 6769 7266
f 7257 7265 7266
f 7257 7266 7258
f 3359 7267 7268
f 3359 7268 3360
f 7267 7269 7270
f 7267 7270 7268
f 7268 7270 7271
f 7268 7271 7272
f 3360 7268 7272
f 3360 7272 3363
f 3363 7272 7273
f 3363 7273 3365
f 7272 7271 7274
f 7272 7274 7273
f 7273 7274 7275
f 7273 7275 7276
f 3365 7273 7276
f 3365 7276 3340
f 3340 7276 7277
f 3340 7277 3335
f 7276 7275 7278
f 7276 7278 7277
f 7277 7278 7279
f 7277 7279 7280
f 3335 7277 7280
f 3335 7280 3332
f 7269 7281 7282
f 7269 7282 7270
f 7281 6770 6773
f 7281 6773 7282
f 7282 6773 6775
f 7282 6775 7283
f 7270 7282 7283
f 7270 7283 7271
f 7271 7283 7284
f 7271 7284 7274
f 7283 6775 6777
f 7283 6777 7284
f 7284 6777 6779
f 7284 6779 7285
f 7274 7284 7285
f 7274 7285 7275
f 7275 7285 7286
f 7275 7286 7278
f 7285 6779 6781
f 7285 6781 7286
f 7286 6781 6783
f 7286 6783 7287
f 7278 7286 7287
f 7278 7287 7279
f 3443 7288 7289
f 3443 7289 3444
f 7288 7290 7291
f 7288 7291 7289
f 7289 7291 7292
f 7289 7292 7293
f 3444 7289 7293
f 3444 7293 3447
f 3447 7293 7294
f 3447 7294 3452
f 7293 7292 7295
f 7293 7295 7294
f 7294 7295 7296
f 7294 7296 7297
f 3452 7294 7297
f 3452 7297 3454
f 3454 7297 7298
f 3454 7298 3461
f 7297 7296 7299
f 7297 7299 7298
f 7298 7299 7300
f 7298 7300 7301
f 3461 7298 7301
f 3461 7301 3458
f 7290 7302 7303
f 7290 7303 7291
f 7302 6784 6787
f 7302 6787 7303
f 7303 6787 6789
f 7303 6789 7304
f 7291 7303 7304
f 7291 7304 7292
f 7292 7304 7305
f 7292 7305 7295
f 7304 6789 6791
f 7304 6791 7305
f 7305 6791 6793
f 7305 6793 7306
f 7295 7305 7306
f 7295 7306 7296
f 7296 7306 7307
f 7296 7307 7299
f 7306 6793 6795
f 7306 6795 7307
f 7307 6795 6797
f 7307 6797 7308
f 7299 7307 7308
f 7299 7308 7300
f 3618 7309 7310
f 3618 7310 3619
f 7309 7311 7312
f 7309 7312 7310
f 7310 7312 7313
f 7310 7313 7314
f 3619 7310 7314
f 3619 7314 3622
f 3622 7314 7315
f 3622 7315 3624
f 7314 7313 7316
f 7314 7316 7315
f 7315 7316 7317
f 7315 7317 7318
f 3624 7315 7318
f 3624 7318 3599
f 3599 7318 7319
f 3599 7319 3594
f 7318 7317 7320
f 7318 7320 7319
f 7319 7320 7321
f 7319 7321 7322
f 3594 7319 7322
f 3594 7322 3591
f 7311 7323 7324
f 7311 7324 7312
f 7323 6910 6913
f 7323 6913 7324
f 7324 6913 6915
f 7324 6915 7325
f 7312 7324 7325
f 7312 7325 7313
f 7313 7325 7326
f 7313 7326 7316
f 7325 6915 6917
f 7325 6917 7326
f 7326 6917 6919
f 7326 6919 7327
f 7316 7326 7327
f 7316 7327 7317
f 7317 7327 7328
f 7317 7328 7320
f 7327 6919 6921
f 7327 6921 7328
f 7328 6921 6923
f 7328 6923 7329
f 7320 7328 7329
f 7320 7329 7321
f 3628 7330 7331
f 3628 7331 3629
f 7330 7332 7333
f 7330 7333 7331
f 7331 7333 7334
f 7331 7334 7335
f 3629 7331 7335
f 3629 7335 3632
f 3632 7335 7336
f 3632 7336 3637
f 7335 7334 7337
f 7335 7337 7336
f 7336 7337 7338
f 7336 7338 7339
f 3637 7336 7339
f 3637 7339 3639
f 3639 7339 7340
f 3639 7340 3646
f 7339 7338 7341
f 7339 7341 7340
f 7340 7341 7342
f 7340 7342 7343
f 3646 7340 7343
f 3646 7343 3643
f 7332 7344 7345
f 7332 7345 7333
f 7344 6924 6927
f 7344 6927 7345
f 7345 6927 6929
f 7345 6929 7346
f 7333 7345 7346
f 7333 7346 7334
f 7334 7346 7347
f 7334 7347 7337
f 7346 6929 6931
f 7346 6931 7347
f 7347 6931 6933
f 7347 6933 7348
f 7337 7347 7348
f 7337 7348 7338
f 7338 7348 7349
f 7338 7349 7341
f 7348 6933 6935
f 7348 6935 7349
f 7349 6935 6937
f 7349 6937 7350
f 7341 7349 7350
f 7341 7350 7342
f 7351 7352 7353
f 7351 7353 7354
f 7352 7355 7356
f 7352 7356 7353
f 7353 7356 7357
f 7353 7357 7358
f 7354 7353 7358
f 7354 7358 7359
f 7359 7358 7360
f 7359 7360 7361
f 7358 7357 7362
f 7358 7362 7360
f 7360 7362 7363
f 7360 7363 7364
f 7361 7360 7364
f 7361 7364 7365
f 7365 7364 7366
f 7365 7366 7367
f 7364 7363 7368
f 7364 7368 7366
f 7366 7368 7369
f 7366 7369 7370
f 7367 7366 7370
f 7367 7370 7371
f 7372 7373 7374
f 7372 7374 7375
f 7373 7369 7368
f 7373 7368 7374
f 7374 7368 7363
f 7374 7363 7376
f 7375 7374 7376
f 7375 7376 7377
f 7377 7376 7378
f 7377 7378 7379
f 7376 7363 7362
f 7376 7362 7378
f 7378 7362 7357
f 7378 7357 7380
f 7379 7378 7380
f 7379 7380 7381
f 7381 7380 7382
f 7381 7382 7383
f 7380 7357 7356
f 7380 7356 7382
f 7382 7356 7355
f 7382 7355 7384
f 7383 7382 7384
f 7383 7384 7385
f 7386 7387 7388
f 7386 7388 7389
f 7387 7372 7375
f 7387 7375 7388
f 7388 7375 7377
f 7388 7377 7390
f 7389 7388 7390
f 7389 7390 7391
f 7391 7390 7392
f 7391 7392 7393
f 7390 7377 7379
f 7390 7379 7392
f 7392 7379 7381
f 7392 7381 7394
f 7393 7392 7394
f 7393 7394 7395
f 7395 7394 7396
f 7395 7396 7397
f 7394 7381 7383
f 7394 7383 7396
f 7396 7383 7385
f 7396 7385 7398
f 7397 7396 7398
f 7397 7398 7399
f 7400 7401 7402
f 7400 7402 7403
f 7401 7351 7354
f 7401 7354 7402
f 7402 7354 7359
f 7402 7359 7404
f 7403 7402 7404
f 7403 7404 7405
f 7405 7404 7406
f 7405 7406 7407
f 7404 7359 7361
f 7404 7361 7406
f 7406 7361 7365
f 7406 7365 7408
f 7407 7406 7408
f 7407 7408 7409
f 7409 7408 7410
f 7409 7410 7411
f 7408 7365 7367
f 7408 7367 7410
f 7410 7367 7371
f 7410 7371 7412
f 7411 7410 7412
f 7411 7412 7413
f 7414 7415 7416
f 7414 7416 7417
f 7415 7418 7419
f 7415 7419 7416
f 7416 7419 7420
f 7416 7420 7421
f 7417 7416 7421
f 7417 7421 7422
f 7422 7421 7423
f 7422 7423 7424
f 7421 7420 7425
f 7421 7425 7423
f 7423 7425 7426
f 7423 7426 7427
f 7424 7423 7427
f 7424 7427 7428
f 7428 7427 7429
f 7428 7429 7430
f 7427 7426 7431
f 7427 7431 7429
f 7429 7431 7432
f 7429 7432 7433
f 7430 7429 7433
f 7430 7433 7434
f 7435 7436 7437
f 7435 7437 7438
f 7436 7432 7431
f 7436 7431 7437
f 7437 7431 7426
f 7437 7426 7439
f 7438 7437 7439
f 7438 7439 7440
f 7440 7439 7441
f 7440 7441 7442
f 7439 7426 7425
f 7439 7425 7441
f 7441 7425 7420
f 7441 7420 7443
f 7442 7441 7443
f 7442 7443 7444
f 7444 7443 7445
f 7444 7445 7446
f 7443 7420 7419
f 7443 7419 7445
f 7445 7419 7418
f 7445 7418 7447
f 7446 7445 7447
f 7446 7447 7448
f 7449 7450 7451
f 7449 7451 7452
f 7450 7435 7438
f 7450 7438 7451
f 7451 7438 7440
f 7451 7440 7453
f 7452 7451 7453
f 7452 7453 7454
f 7454 7453 7455
f 7454 7455 7456
f 7453 7440 7442
f 7453 7442 7455
f 7455 7442 7444
f 7455 7444 7457
f 7456 7455 7457
f 7456 7457 7458
f 7458 7457 7459
f 7458 7459 7460
f 7457 7444 7446
f 7457 7446 7459
f 7459 7446 7448
f 7459 7448 7461
f 7460 7459 7461
f 7460 7461 7462
f 7463 7464 7465
f 7463 7465 7466
f 7464 7414 7417
f 7464 7417 7465
f 7465 7417 7422
f 7465 7422 7467
f 7466 7465 7467
f 7466 7467 7468
f 7468 7467 7469
f 7468 7469 7470
f 7467 7422 7424
f 7467 7424 7469
f 7469 7424 7428
f 7469 7428 7471
f 7470 7469 7471
f 7470 7471 7472
f 7472 7471 7473
f 7472 7473 7474
f 7471 7428 7430
f 7471 7430 7473
f 7473 7430 7434
f 7473 7434 7475
f 7474 7473 7475
f 7474 7475 7476
f 7477 7478 7479
f 7477 7479 7480
f 7478 7481 7482
f 7478 7482 7479
f 7479 7482 7483
f 7479 7483 7484
f 7480 7479 7484
f 7480 7484 7485
f 7485 7484 7486
f 7485 7486 7487
f 7484 7483 7488
f 7484 7488 7486
f 7486 7488 7489
f 7486 7489 7490
f 7487 7486 7490
f 7487 7490 7491
f 7491 7490 7492
f 7491 7492 7493
f 7490 7489 7494
f 7490 7494 7492
f 7492 7494 7495
f 7492 7495 7496
f 7493 7492 7496
f 7493 7496 7497
f 7498 7499 7500
f 7498 7500 7501
f 7499 7495 7494
f 7499 7494 7500
f 7500 7494 7489
f 7500 7489 7502
f 7501 7500 7502
f 7501 7502 7503
f 7503 7502 7504
f 7503 7504 7505
f 7502 7489 7488
f 7502 7488 7504
f 7504 7488 7483
f 7504 7483 7506
f 7505 7504 7506
f 7505 7506 7507
f 7507 7506 7508
f 7507 7508 7509
f 7506 7483 7482
f 7506 7482 7508
f 7508 7482 7481
f 7508 7481 7510
f 7509 7508 7510
f 7509 7510 7511
f 7399 7512 7513
f 7399 7513 7397
f 7512 7498 7501
f 7512 7501 7513
f 7513 7501 7503
f 7513 7503 7514
f 7397 7513 7514
f 7397 7514 7395
f 7395 7514 7515
f 7395 7515 7393
f 7514 7503 7505
f 7514 7505 7515
f 7515 7505 7507
f 7515 7507 7516
f 7393 7515 7516
f 7393 7516 7391
f 7391 7516 7517
f 7391 7517 7389
f 7516 7507 7509
f 7516 7509 7517
f 7517 7509 7511
f 7517 7511 7518
f 7389 7517 7518
f 7389 7518 7386
f 7519 7520 7521
f 7519 7521 7522
f 7520 7477 7480
f 7520 7480 7521
f 7521 7480 7485
f 7521 7485 7523
f 7522 7521 7523
f 7522 7523 7524
f 7524 7523 7525
f 7524 7525 7526
f 7523 7485 7487
f 7523 7487 7525
f 7525 7487 7491
f 7525 7491 7527
f 7526 7525 7527
f 7526 7527 7528
f 7528 7527 7529
f 7528 7529 7530
f 7527 7491 7493
f 7527 7493 7529
f 7529 7493 7497
f 7529 7497 7531
f 7530 7529 7531
f 7530 7531 7532
f 7533 7534 7535
f 7533 7535 7536
f 7534 7537 7538
f 7534 7538 7535
f 7535 7538 7539
f 7535 7539 7540
f 7536 7535 7540
f 7536 7540 7541
f 7541 7540 7542
f 7541 7542 7543
f 7540 7539 7544
f 7540 7544 7542
f 7542 7544 7545
f 7542 7545 7546
f 7543 7542 7546
f 7543 7546 7547
f 7547 7546 7548
f 7547 7548 7549
f 7546 7545 7550
f 7546 7550 7548
f 7548 7550 7551
f 7548 7551 7552
f 7549 7548 7552
f 7549 7552 7553
f 7554 7555 7556
f 7554 7556 7557
f 7555 7551 7550
f 7555 7550 7556
f 7556 7550 7545
f 7556 7545 7558
f 7557 7556 7558
f 7557 7558 7559
f 7559 7558 7560
f 7559 7560 7561
f 7558 7545 7544
f 7558 7544 7560
f 7560 7544 7539
f 7560 7539 7562
f 7561 7560 7562
f 7561 7562 7563
f 7563 7562 7564
f 7563 7564 7565
f 7562 7539 7538
f 7562 7538 7564
f 7564 7538 7537
f 7564 7537 7566
f 7565 7564 7566
f 7565 7566 7567
f 7462 7568 7569
f 7462 7569 7460
f 7568 7554 7557
f 7568 7557 7569
f 7569 7557 7559
f 7569 7559 7570
f 7460 7569 7570
f 7460 7570 7458
f 7458 7570 7571
f 7458 7571 7456
f 7570 7559 7561
f 7570 7561 7571
f 7571 7561 7563
f 7571 7563 7572
f 7456 7571 7572
f 7456 7572 7454
f 7454 7572 7573
f 7454 7573 7452
f 7572 7563 7565
f 7572 7565 7573
f 7573 7565 7567
f 7573 7567 7574
f 7452 7573 7574
f 7452 7574 7449
f 7575 7576 7577
f 7575 7577 7578
f 7576 7533 7536
f 7576 7536 7577
f 7577 7536 7541
f 7577 7541 7579
f 7578 7577 7579
f 7578 7579 7580
f 7580 7579 7581
f 7580 7581 7582
f 7579 7541 7543
f 7579 7543 7581
f 7581 7543 7547
f 7581 7547 7583
f 7582 7581 7583
f 7582 7583 7584
f 7584 7583 7585
f 7584 7585 7586
f 7583 7547 7549
f 7583 7549 7585
f 7585 7549 7553
f 7585 7553 7587
f 7586 7585 7587
f 7586 7587 7588
f 7589 7590 7591
f 7589 7591 7592
f 7590 7593 7594
f 7590 7594 7591
f 7591 7594 7595
f 7591 7595 7596
f 7592 7591 7596
f 7592 7596 7597
f 7597 7596 7598
f 7597 7598 7599
f 7596 7595 7600
f 7596 7600 7598
f 7598 7600 7601
f 7598 7601 7602
f 7599 7598 7602
f 7599 7602 7603
f 7603 7602 7604
f 7603 7604 7605
f 7602 7601 7606
f 7602 7606 7604
f 7604 7606 7607
f 7604 7607 7608
f 7605 7604 7608
f 7605 7608 7609
f 7610 7611 7612
f 7610 7612 7613
f 7611 7607 7606
f 7611 7606 7612
f 7612 7606 7601
f 7612 7601 7614
f 7613 7612 7614
f 7613 7614 7615
f 7615 7614 7616
f 7615 7616 7617
f 7614 7601 7600
f 7614 7600 7616
f 7616 7600 7595
f 7616 7595 7618
f 7617 7616 7618
f 7617 7618 7619
f 7619 7618 7620
f 7619 7620 7621
f 7618 7595 7594
f 7618 7594 7620
f 7620 7594 7593
f 7620 7593 7622
f 7621 7620 7622
f 7621 7622 7623
f 7624 7625 7626
f 7624 7626 7627
f 7625 7610 7613
f 7625 7613 7626
f 7626 7613 7615
f 7626 7615 7628
f 7627 7626 7628
f 7627 7628 7629
f 7629 7628 7630
f 7629 7630 7631
f 7628 7615 7617
f 7628 7617 7630
f 7630 7617 7619
f 7630 7619 7632
f 7631 7630 7632
f 7631 7632 7633
f 7633 7632 7634
f 7633 7634 7635
f 7632 7619 7621
f 7632 7621 7634
f 7634 7621 7623
f 7634 7623 7636
f 7635 7634 7636
f 7635 7636 7637
f 7413 7638 7639
f 7413 7639 7411
f 7638 7589 7592
f 7638 7592 7639
f 7639 7592 7597
f 7639 7597 7640
f 7411 7639 7640
f 7411 7640 7409
f 7409 7640 7641
f 7409 7641 7407
f 7640 7597 7599
f 7640 7599 7641
f 7641 7599 7603
f 7641 7603 7642
f 7407 7641 7642
f 7407 7642 7405
f 7405 7642 7643
f 7405 7643 7403
f 7642 7603 7605
f 7642 7605 7643
f 7643 7605 7609
f 7643 7609 7644
f 7403 7643 7644
f 7403 7644 7400
f 7645 7646 7647
f 7645 7647 7648
f 7646 7649 7650
f 7646 7650 7647
f 7647 7650 7651
f 7647 7651 7652
f 7648 7647 7652
f 7648 7652 7653
f 7653 7652 7654
f 7653 7654 7655
f 7652 7651 7656
f 7652 7656 7654
f 7654 7656 7657
f 7654 7657 7658
f 7655 7654 7658
f 7655 7658 7659
f 7659 7658 7660
f 7659 7660 7661
f 7658 7657 7662
f 7658 7662 7660
f 7660 7662 7663
f 7660 7663 7664
f 7661 7660 7664
f 7661 7664 7665
f 7666 7667 7668
f 7666 7668 7669
f 7667 7663 7662
f 7667 7662 7668
f 7668 7662 7657
f 7668 7657 7670
f 7669 7668 7670
f 7669 7670 7671
f 7671 7670 7672
f 7671 7672 7673
f 7670 7657 7656
f 7670 7656 7672
f 7672 7656 7651
f 7672 7651 7674
f 7673 7672 7674
f 7673 7674 7675
f 7675 7674 7676
f 7675 7676 7677
f 7674 7651 7650
f 7674 7650 7676
f 7676 7650 7649
f 7676 7649 7678
f 7677 7676 7678
f 7677 7678 7679
f 7680 7681 7682
f 7680 7682 7683
f 7681 7666 7669
f 7681 7669 7682
f 7682 7669 7671
f 7682 7671 7684
f 7683 7682 7684
f 7683 7684 7685
f 7685 7684 7686
f 7685 7686 7687
f 7684 7671 7673
f 7684 7673 7686
f 7686 7673 7675
f 7686 7675 7688
f 7687 7686 7688
f 7687 7688 7689
f 7689 7688 7690
f 7689 7690 7691
f 7688 7675 7677
f 7688 7677 7690
f 7690 7677 7679
f 7690 7679 7692
f 7691 7690 7692
f 7691 7692 7693
f 7476 7694 7695
f 7476 7695 7474
f 7694 7645 7648
f 7694 7648 7695
f 7695 7648 7653
f 7695 7653 7696
f 7474 7695 7696
f 7474 7696 7472
f 7472 7696 7697
f 7472 7697 7470
f 7696 7653 7655
f 7696 7655 7697
f 7697 7655 7659
f 7697 7659 7698
f 7470 7697 7698
f 7470 7698 7468
f 7468 7698 7699
f 7468 7699 7466
f 7698 7659 7661
f 7698 7661 7699
f 7699 7661 7665
f 7699 7665 7700
f 7466 7699 7700
f 7466 7700 7463
f 7701 7702 7703
f 7701 7703 7704
f 7702 7705 7706
f 7702 7706 7703
f 7703 7706 7707
f 7703 7707 7708
f 7704 7703 7708
f 7704 7708 7709
f 7709 7708 7710
f 7709 7710 7711
f 7708 7707 7712
f 7708 7712 7710
f 7710 7712 7713
f 7710 7713 7714
f 7711 7710 7714
f 7711 7714 7715
f 7715 7714 7716
f 7715 7716 7717
f 7714 7713 7718
f 7714 7718 7716
f 7716 7718 7719
f 7716 7719 7720
f 7717 7716 7720
f 7717 7720 7721
f 7722 7723 7724
f 7722 7724 7725
f 7723 7719 7718
f 7723 7718 7724
f 7724 7718 7713
f 7724 7713 7726
f 7725 7724 7726
f 7725 7726 7727
f 7727 7726 7728
f 7727 7728 7729
f 7726 7713 7712
f 7726 7712 7728
f 7728 7712 7707
f 7728 7707 7730
f 7729 7728 7730
f 7729 7730 7731
f 7731 7730 7732
f 7731 7732 7733
f 7730 7707 7706
f 7730 7706 7732
f 7732 7706 7705
f 7732 7705 7734
f 7733 7732 7734
f 7733 7734 7735
f 7637 7736 7737
f 7637 7737 7635
f 7736 7722 7725
f 7736 7725 7737
f 7737 7725 7727
f 7737 7727 7738
f 7635 7737 7738
f 7635 7738 7633
f 7633 7738 7739
f 7633 7739 7631
f 7738 7727 7729
f 7738 7729 7739
f 7739 7729 7731
f 7739 7731 7740
f 7631 7739 7740
f 7631 7740 7629
f 7629 7740 7741
f 7629 7741 7627
f 7740 7731 7733
f 7740 7733 7741
f 7741 7733 7735
f 7741 7735 7742
f 7627 7741 7742
f 7627 7742 7624
f 7532 7743 7744
f 7532 7744 7530
f 7743 7701 7704
f 7743 7704 7744
f 7744 7704 7709
f 7744 7709 7745
f 7530 7744 7745
f 7530 7745 7528
f 7528 7745 7746
f 7528 7746 7526
f 7745 7709 7711
f 7745 7711 7746
f 7746 7711 7715
f 7746 7715 7747
f 7526 7746 7747
f 7526 7747 7524
f 7524 7747 7748
f 7524 7748 7522
f 7747 7715 7717
f 7747 7717 7748
f 7748 7717 7721
f 7748 7721 7749
f 7522 7748 7749
f 7522 7749 7519
f 7750 7751 7752
f 7750 7752 7753
f 7751 7754 7755
f 7751 7755 7752
f 7752 7755 7756
f 7752 7756 7757
f 7753 7752 7757
f 7753 7757 7758
f 7758 7757 7759
f 7758 7759 7760
f 7757 7756 7761
f 7757 7761 7759
f 7759 7761 7762
f 7759 7762 7763
f 7760 7759 7763
f 7760 7763 7764
f 7764 7763 7765
f 7764 7765 7766
f 7763 7762 7767
f 7763 7767 7765
f 7765 7767 7768
f 7765 7768 7769
f 7766 7765 7769
f 7766 7769 7770
f 7771 7772 7773
f 7771 7773 7774
f 7772 7768 7767
f 7772 7767 7773
f 7773 7767 7762
f 7773 7762 7775
f 7774 7773 7775
f 7774 7775 7776
f 7776 7775 7777
f 7776 7777 7778
f 7775 7762 7761
f 7775 7761 7777
f 7777 7761 7756
f 7777 7756 7779
f 7778 7777 7779
f 7778 7779 7780
f 7780 7779 7781
f 7780 7781 7782
f 7779 7756 7755
f 7779 7755 7781
f 7781 7755 7754
f 7781 7754 7783
f 7782 7781 7783
f 7782 7783 7784
f 7693 7785 7786
f 7693 7786 7691
f 7785 7771 7774
f 7785 7774 7786
f 7786 7774 7776
f 7786 7776 7787
f 7691 7786 7787
f 7691 7787 7689
f 7689 7787 7788
f 7689 7788 7687
f 7787 7776 7778
f 7787 7778 7788
f 7788 7778 7780
f 7788 7780 7789
f 7687 7788 7789
f 7687 7789 7685
f 7685 7789 7790
f 7685 7790 7683
f 7789 7780 7782
f 7789 7782 7790
f 7790 7782 7784
f 7790 7784 7791
f 7683 7790 7791
f 7683 7791 7680
f 7588 7792 7793
f 7588 7793 7586
f 7792 7750 7753
f 7792 7753 7793
f 7793 7753 7758
f 7793 7758 7794
f 7586 7793 7794
f 7586 7794 7584
f 7584 7794 7795
f 7584 7795 7582
f 7794 7758 7760
f 7794 7760 7795
f 7795 7760 7764
f 7795 7764 7796
f 7582 7795 7796
f 7582 7796 7580
f 7580 7796 7797
f 7580 7797 7578
f 7796 7764 7766
f 7796 7766 7797
f 7797 7766 7770
f 7797 7770 7798
f 7578 7797 7798
f 7578 7798 7575
f 3759 3758 7799
f 3759 7799 7800
f 3758 3757 7801
f 3758 7801 7799
f 7799 7801 3974
f 7799 3974 3971
f 7800 7799 3971
f 7800 3971 3970
f 3739 7802 7803
f 3739 7803 3740
f 7802 3843 3842
f 7802 3842 7803
f 7803 3842 3841
f 7803 3841 7804
f 3740 7803 7804
f 3740 7804 3743
f 3757 3761 7805
f 3757 7805 7801
f 3761 3760 7806
f 3761 7806 7805
f 7805 7806 4004
f 7805 4004 4003
f 7801 7805 4003
f 7801 4003 3974
f 3773 3772 7807
f 3773 7807 7808
f 3772 3743 7804
f 3772 7804 7807
f 7807 7804 3841
f 7807 3841 7809
f 7808 7807 7809
f 7808 7809 1722
f 3794 3793 7810
f 3794 7810 7811
f 3793 3792 7812
f 3793 7812 7810
f 7810 7812 7355
f 7810 7355 7352
f 7811 7810 7352
f 7811 7352 7351
f 3778 3775 7813
f 3778 7813 7814
f 3775 3774 7815
f 3775 7815 7813
f 7813 7815 1734
f 7813 1734 1733
f 7814 7813 1733
f 7814 1733 1730
f 3792 3796 7816
f 3792 7816 7812
f 3796 3795 7817
f 3796 7817 7816
f 7816 7817 7385
f 7816 7385 7384
f 7812 7816 7384
f 7812 7384 7355
f 3898 4032 7818
f 3898 7818 7819
f 3948 7820 7818
f 3948 7818 4032
f 3778 7819 7818
f 3778 7818 7820
f 1724 7821 7822
f 1724 7822 1729
f 7821 3898 7819
f 7821 7819 7822
f 7822 7819 3778
f 7822 3778 7814
f 1729 7822 7814
f 1729 7814 1730
f 3808 3807 7823
f 3808 7823 7824
f 3807 3778 7820
f 3807 7820 7823
f 7823 7820 3948
f 7823 3948 3947
f 7824 7823 3947
f 7824 3947 3934
f 3795 3810 7825
f 3795 7825 7817
f 3810 3809 7826
f 3810 7826 7825
f 7825 7826 7399
f 7825 7399 7398
f 7817 7825 7398
f 7817 7398 7385
f 3822 3821 7827
f 3822 7827 7828
f 3821 3808 7824
f 3821 7824 7827
f 7827 7824 3934
f 7827 3934 3933
f 7828 7827 3933
f 7828 3933 3932
f 3827 3824 7829
f 3827 7829 7830
f 3824 3823 7831
f 3824 7831 7829
f 7829 7831 4081
f 7829 4081 4080
f 7830 7829 4080
f 7830 4080 4079
f 1722 7809 7832
f 1722 7832 1723
f 7809 3841 3899
f 7809 3899 7832
f 7832 3899 3898
f 7832 3898 7821
f 1723 7832 7821
f 1723 7821 1724
f 3888 3886 7833
f 3888 7833 7834
f 3886 3827 7830
f 3886 7830 7833
f 7833 7830 4079
f 7833 4079 4130
f 7834 7833 4130
f 7834 4130 3969
f 3844 7835 7836
f 3844 7836 3845
f 7835 3871 3870
f 7835 3870 7836
f 7836 3870 3843
f 7836 3843 7802
f 3845 7836 7802
f 3845 7802 3739
f 3857 3856 7837
f 3857 7837 7838
f 3856 3759 7800
f 3856 7800 7837
f 7837 7800 3970
f 7837 3970 4083
f 7838 7837 4083
f 7838 4083 4082
f 3823 3859 7839
f 3823 7839 7831
f 3859 3858 7840
f 3859 7840 7839
f 7839 7840 4109
f 7839 4109 4108
f 7831 7839 4108
f 7831 4108 4081
f 3774 3873 7841
f 3774 7841 7815
f 3873 3872 7842
f 3873 7842 7841
f 7841 7842 1736
f 7841 1736 1735
f 7815 7841 1735
f 7815 1735 1734
f 3885 3884 7843
f 3885 7843 7844
f 3884 3794 7811
f 3884 7811 7843
f 7843 7811 7351
f 7843 7351 7401
f 7844 7843 7401
f 7844 7401 7400
f 3935 4026 7845
f 3935 7845 7846
f 4026 3888 7834
f 4026 7834 7845
f 7845 7834 3969
f 7845 3969 3968
f 7846 7845 3968
f 7846 3968 3967
f 3760 3901 7847
f 3760 7847 7806
f 3901 3900 7848
f 3901 7848 7847
f 7847 7848 4144
f 7847 4144 4143
f 7806 7847 4143
f 7806 4143 4004
f 3913 3912 7849
f 3913 7849 7850
f 3912 3773 7808
f 3912 7808 7849
f 7849 7808 1722
f 7849 1722 1721
f 7850 7849 1721
f 7850 1721 1720
f 3914 3936 7851
f 3914 7851 7852
f 3936 3935 7846
f 3936 7846 7851
f 7851 7846 3967
f 7851 3967 4151
f 7852 7851 4151
f 7852 4151 2051
f 3918 3915 7853
f 3918 7853 7854
f 3914 7852 7853
f 3914 7853 3915
f 2051 2054 7853
f 2051 7853 7852
f 2057 7855 7853
f 2057 7853 2054
f 7856 7854 7853
f 7856 7853 7855
f 3991 7857 7858
f 3991 7858 3992
f 7857 1703 7859
f 7857 7859 7858
f 7858 7859 4065
f 7858 4065 7860
f 3992 7858 7860
f 3992 7860 3988
f 3990 3989 7861
f 3990 7861 7862
f 3989 3988 7860
f 3989 7860 7861
f 7861 7860 4065
f 7861 4065 4062
f 7862 7861 4062
f 7862 4062 4061
f 4009 4006 7863
f 4009 7863 7864
f 4006 4005 7865
f 4006 7865 7863
f 7863 7865 7434
f 7863 7434 7433
f 7864 7863 7433
f 7864 7433 7432
f 4033 7866 7867
f 4033 7867 4034
f 7866 2064 4145
f 7866 4145 7867
f 7867 4145 3953
f 7867 3953 7868
f 4034 7867 7868
f 4034 7868 4023
f 4023 7868 7869
f 4023 7869 7870
f 7868 3953 7871
f 7868 7871 7869
f 7869 7871 1711
f 7869 1711 1710
f 7870 7869 1710
f 7870 1710 1709
f 4023 7870 7872
f 4023 7872 4024
f 7870 1709 1708
f 7870 1708 7872
f 7872 1708 1707
f 7872 1707 7873
f 4024 7872 7873
f 4024 7873 4025
f 4046 4045 7874
f 4046 7874 7875
f 4045 4009 7864
f 4045 7864 7874
f 7874 7864 7432
f 7874 7432 7436
f 7875 7874 7436
f 7875 7436 7435
f 3953 3950 7876
f 3953 7876 7871
f 3950 3949 7877
f 3950 7877 7876
f 7876 7877 1701
f 7876 1701 1706
f 7871 7876 1706
f 7871 1706 1711
f 4033 4048 7878
f 4033 7878 7866
f 4047 7879 7878
f 4047 7878 4048
f 7856 7855 7878
f 7856 7878 7879
f 2057 2065 7878
f 2057 7878 7855
f 2064 7866 7878
f 2064 7878 2065
f 4060 4059 7880
f 4060 7880 7881
f 4059 4046 7875
f 4059 7875 7880
f 7880 7875 7435
f 7880 7435 7450
f 7881 7880 7450
f 7881 7450 7449
f 1703 1702 7882
f 1703 7882 7859
f 1702 1701 7877
f 1702 7877 7882
f 7882 7877 3949
f 7882 3949 4124
f 7859 7882 4124
f 7859 4124 4065
f 4095 4094 7883
f 4095 7883 7884
f 4094 3990 7862
f 4094 7862 7883
f 7883 7862 4061
f 7883 4061 4097
f 7884 7883 4097
f 7884 4097 4096
f 4005 4111 7885
f 4005 7885 7865
f 4111 4110 7886
f 4111 7886 7885
f 7885 7886 7476
f 7885 7476 7475
f 7865 7885 7475
f 7865 7475 7434
f 4025 7873 7887
f 4025 7887 4122
f 7873 1707 1715
f 7873 1715 7887
f 7887 1715 1714
f 7887 1714 7888
f 4122 7887 7888
f 4122 7888 4123
f 4131 7889 7890
f 4131 7890 4132
f 7889 1695 1698
f 7889 1698 7890
f 7890 1698 1703
f 7890 1703 7857
f 4132 7890 7857
f 4132 7857 3991
f 4152 7891 7892
f 4152 7892 4153
f 7891 4375 4374
f 7891 4374 7892
f 7892 4374 4373
f 7892 4373 7893
f 4153 7892 7893
f 4153 7893 4156
f 4173 7894 7895
f 4173 7895 4174
f 7894 1772 7896
f 7894 7896 7895
f 7895 7896 4233
f 7895 4233 7897
f 4174 7895 7897
f 4174 7897 4170
f 4172 4171 7898
f 4172 7898 7899
f 4171 4170 7897
f 4171 7897 7898
f 7898 7897 4233
f 7898 4233 4230
f 7899 7898 4230
f 7899 4230 4229
f 4156 7893 7900
f 4156 7900 4185
f 7893 4373 4377
f 7893 4377 7900
f 7900 4377 4376
f 7900 4376 7901
f 4185 7900 7901
f 4185 7901 4186
f 4191 4188 7902
f 4191 7902 7903
f 4188 4187 7904
f 4188 7904 7902
f 7902 7904 7497
f 7902 7497 7496
f 7903 7902 7496
f 7903 7496 7495
f 4208 7905 7906
f 4208 7906 4209
f 7905 4306 4321
f 7905 4321 7906
f 7906 4321 4320
f 7906 4320 7907
f 4209 7906 7907
f 4209 7907 4205
f 4221 4220 7908
f 4221 7908 7909
f 4220 4191 7903
f 4220 7903 7908
f 7908 7903 7495
f 7908 7495 7499
f 7909 7908 7499
f 7909 7499 7498
f 4205 7910 7911
f 4205 7911 4206
f 1746 1749 7911
f 1746 7911 7910
f 1754 1784 7911
f 1754 7911 1749
f 1783 7912 7911
f 1783 7911 1784
f 4207 4206 7911
f 4207 7911 7912
f 1750 1747 7913
f 1750 7913 7914
f 1747 1746 7910
f 1747 7910 7913
f 7913 7910 4205
f 7913 4205 7907
f 7914 7913 7907
f 7914 7907 4320
f 3932 4307 7915
f 3932 7915 7828
f 4307 4306 7905
f 4307 7905 7915
f 7915 7905 4208
f 7915 4208 4222
f 7828 7915 4222
f 7828 4222 3822
f 3809 4228 7916
f 3809 7916 7826
f 4228 4221 7909
f 4228 7909 7916
f 7916 7909 7498
f 7916 7498 7512
f 7826 7916 7512
f 7826 7512 7399
f 4290 7917 7918
f 4290 7918 4291
f 7917 4334 4488
f 7917 4488 7918
f 7918 4488 4443
f 7918 4443 7919
f 4291 7918 7919
f 4291 7919 4247
f 1772 1771 7920
f 1772 7920 7896
f 1771 1752 7921
f 1771 7921 7920
f 7920 7921 4280
f 7920 4280 4278
f 7896 7920 4278
f 7896 4278 4233
f 4247 7919 7922
f 4247 7922 4248
f 7919 4443 4440
f 7919 4440 7922
f 7922 4440 4439
f 7922 4439 7923
f 4248 7922 7923
f 4248 7923 4249
f 3857 7838 7924
f 3857 7924 4250
f 7838 4082 4466
f 7838 4466 7924
f 7924 4466 4375
f 7924 4375 7891
f 4250 7924 7891
f 4250 7891 4152
f 3844 4256 7925
f 3844 7925 7835
f 4256 4172 7899
f 4256 7899 7925
f 7925 7899 4229
f 7925 4229 4257
f 7835 7925 4257
f 7835 4257 3871
f 4249 7923 7926
f 4249 7926 4263
f 7923 4439 4467
f 7923 4467 7926
f 7926 4467 4109
f 7926 4109 7840
f 4263 7926 7840
f 4263 7840 3858
f 4187 4265 7927
f 4187 7927 7904
f 4265 4264 7928
f 4265 7928 7927
f 7927 7928 7532
f 7927 7532 7531
f 7904 7927 7531
f 7904 7531 7497
f 4207 7912 7929
f 4207 7929 4276
f 7912 1783 1782
f 7912 1782 7929
f 7929 1782 1781
f 7929 1781 7930
f 4276 7929 7930
f 4276 7930 4277
f 4280 7921 7931
f 4280 7931 4411
f 7921 1752 1751
f 7921 1751 7931
f 7931 1751 1750
f 7931 1750 7914
f 4411 7931 7914
f 4411 7914 4320
f 4333 7932 7933
f 4333 7933 4417
f 7932 4338 4335
f 7932 4335 7933
f 7933 4335 4334
f 7933 4334 7917
f 4417 7933 7917
f 4417 7917 4290
f 4292 7934 7935
f 4292 7935 4293
f 7934 1774 1773
f 7934 1773 7935
f 7935 1773 1772
f 7935 1772 7894
f 4293 7935 7894
f 4293 7894 4173
f 4186 7901 7936
f 4186 7936 4304
f 7901 4376 4496
f 7901 4496 7936
f 7936 4496 4495
f 7936 4495 7937
f 4304 7936 7937
f 4304 7937 4305
f 4319 7938 7939
f 4319 7939 4332
f 7938 2079 4509
f 7938 4509 7939
f 7939 4509 4338
f 7939 4338 7932
f 4332 7939 7932
f 4332 7932 4333
f 3918 7854 7940
f 3918 7940 4318
f 7856 7941 7940
f 7856 7940 7854
f 2072 2080 7940
f 2072 7940 7941
f 2079 7938 7940
f 2079 7940 2080
f 4319 4318 7940
f 4319 7940 7938
f 4355 7942 7943
f 4355 7943 4356
f 7942 4459 4458
f 7942 4458 7943
f 7943 4458 4457
f 7943 4457 7944
f 4356 7943 7944
f 4356 7944 4359
f 4389 4388 7945
f 4389 7945 7946
f 4388 4359 7944
f 4388 7944 7945
f 7945 7944 4457
f 7945 4457 7947
f 7946 7945 7947
f 7946 7947 1741
f 4410 4409 7948
f 4410 7948 7949
f 4409 4408 7950
f 4409 7950 7948
f 7948 7950 7537
f 7948 7537 7534
f 7949 7948 7534
f 7949 7534 7533
f 4394 4391 7951
f 4394 7951 7952
f 4391 4390 7953
f 4391 7953 7951
f 7951 7953 1762
f 7951 1762 1761
f 7952 7951 1761
f 7952 1761 1760
f 4408 4419 7954
f 4408 7954 7950
f 4419 4418 7955
f 4419 7955 7954
f 7954 7955 7567
f 7954 7567 7566
f 7950 7954 7566
f 7950 7566 7537
f 4431 4430 7956
f 4431 7956 7957
f 4430 4394 7958
f 4430 7958 7956
f 7956 7958 4352
f 7956 4352 4515
f 7957 7956 4515
f 7957 4515 2066
f 4394 7952 7959
f 4394 7959 7958
f 7952 1760 1759
f 7952 1759 7959
f 7959 1759 1758
f 7959 1758 7960
f 7958 7959 7960
f 7958 7960 4352
f 4352 7960 7961
f 4352 7961 4353
f 7960 1758 1755
f 7960 1755 7961
f 7961 1755 1743
f 7961 1743 7962
f 4353 7961 7962
f 4353 7962 4354
f 4418 4432 7963
f 4418 7963 7955
f 4432 4060 7881
f 4432 7881 7963
f 7963 7881 7449
f 7963 7449 7574
f 7955 7963 7574
f 7955 7574 7567
f 4431 7957 7964
f 4431 7964 4438
f 2066 2069 7964
f 2066 7964 7957
f 2072 7941 7964
f 2072 7964 2069
f 7856 7879 7964
f 7856 7964 7941
f 4047 4438 7964
f 4047 7964 7879
f 1741 7947 7965
f 1741 7965 1742
f 7947 4457 4494
f 7947 4494 7965
f 7965 4494 4354
f 7965 4354 7962
f 1742 7965 7962
f 1742 7962 1743
f 4095 7884 7966
f 4095 7966 4460
f 7884 4096 4473
f 7884 4473 7966
f 7966 4473 4459
f 7966 4459 7942
f 4460 7966 7942
f 4460 7942 4355
f 4390 4475 7967
f 4390 7967 7953
f 4475 4474 7968
f 4475 7968 7967
f 7967 7968 1765
f 7967 1765 1764
f 7953 7967 1764
f 7953 1764 1762
f 4487 4486 7969
f 4487 7969 7970
f 4486 4410 7949
f 4486 7949 7969
f 7969 7949 7533
f 7969 7533 7576
f 7970 7969 7576
f 7970 7576 7575
f 4508 4507 7971
f 4508 7971 7972
f 4507 4389 7946
f 4507 7946 7971
f 7971 7946 1741
f 7971 1741 1738
f 7972 7971 1738
f 7972 1738 1737
f 3913 7850 7973
f 3913 7973 4670
f 7850 1720 1806
f 7850 1806 7973
f 7973 1806 1805
f 7973 1805 7974
f 4670 7973 7974
f 4670 7974 4537
f 4550 7975 7976
f 4550 7976 4676
f 7975 4754 4887
f 7975 4887 7976
f 7976 4887 4144
f 7976 4144 7848
f 4676 7976 7848
f 4676 7848 3900
f 4571 7977 7978
f 4571 7978 4655
f 7977 1813 1812
f 7977 1812 7978
f 7978 1812 1736
f 7978 1736 7842
f 4655 7978 7842
f 4655 7842 3872
f 4551 4649 7979
f 4551 7979 7980
f 4649 3885 7844
f 4649 7844 7979
f 7979 7844 7400
f 7979 7400 7644
f 7980 7979 7644
f 7980 7644 7609
f 4131 4893 7981
f 4131 7981 7889
f 4893 4767 7982
f 4893 7982 7981
f 7981 7982 1787
f 7981 1787 1785
f 7889 7981 1785
f 7889 1785 1695
f 4768 4873 7983
f 4768 7983 7984
f 4873 4123 7888
f 4873 7888 7983
f 7983 7888 1714
f 7983 1714 1800
f 7984 7983 1800
f 7984 1800 1798
f 4110 4879 7985
f 4110 7985 7886
f 4879 4788 7986
f 4879 7986 7985
f 7985 7986 7645
f 7985 7645 7694
f 7886 7985 7694
f 7886 7694 7476
f 4292 5040 7987
f 4292 7987 7934
f 5040 4935 7988
f 5040 7988 7987
f 7987 7988 1843
f 7987 1843 1842
f 7934 7987 1842
f 7934 1842 1774
f 4922 5034 7989
f 4922 7989 7990
f 5034 4305 7937
f 5034 7937 7989
f 7989 7937 4495
f 7989 4495 5229
f 7990 7989 5229
f 7990 5229 5124
f 4936 5013 7991
f 4936 7991 7992
f 5013 4277 7930
f 5013 7930 7991
f 7991 7930 1781
f 7991 1781 1850
f 7992 7991 1850
f 7992 1850 1849
f 4264 5019 7993
f 4264 7993 7928
f 5019 4956 7994
f 5019 7994 7993
f 7993 7994 7701
f 7993 7701 7743
f 7928 7993 7743
f 7928 7743 7532
f 4508 7972 7995
f 4508 7995 5223
f 7972 1737 1816
f 7972 1816 7995
f 7995 1816 1820
f 7995 1820 7996
f 5223 7995 7996
f 5223 7996 5111
f 5145 7997 7998
f 5145 7998 5215
f 7997 1833 1839
f 7997 1839 7998
f 7998 1839 1765
f 7998 1765 7968
f 5215 7998 7968
f 5215 7968 4474
f 5125 5209 7999
f 5125 7999 8000
f 5209 4487 7970
f 5209 7970 7999
f 7999 7970 7575
f 7999 7575 7798
f 8000 7999 7798
f 8000 7798 7770
f 4516 8001 8002
f 4516 8002 4517
f 8001 4753 4752
f 8001 4752 8002
f 8002 4752 4751
f 8002 4751 8003
f 4517 8002 8003
f 4517 8003 4520
f 4537 7974 8004
f 4537 8004 4538
f 7974 1805 8005
f 7974 8005 8004
f 8004 8005 4604
f 8004 4604 8006
f 4538 8004 8006
f 4538 8006 4534
f 4536 4535 8007
f 4536 8007 8008
f 4535 4534 8006
f 4535 8006 8007
f 8007 8006 4604
f 8007 4604 4601
f 8008 8007 4601
f 8008 4601 4600
f 4520 8003 8009
f 4520 8009 4549
f 8003 4751 4755
f 8003 4755 8009
f 8009 4755 4754
f 8009 4754 7975
f 4549 8009 7975
f 4549 7975 4550
f 4555 4552 8010
f 4555 8010 8011
f 4552 4551 7980
f 4552 7980 8010
f 8010 7980 7609
f 8010 7609 7608
f 8011 8010 7608
f 8011 7608 7607
f 4572 8012 8013
f 4572 8013 4573
f 8012 4677 4699
f 8012 4699 8013
f 8013 4699 4698
f 8013 4698 8014
f 4573 8013 8014
f 4573 8014 4569
f 1803 1810 8015
f 1803 8015 8016
f 1810 1809 8017
f 1810 8017 8015
f 8015 8017 4569
f 8015 4569 8018
f 8016 8015 8018
f 8016 8018 4658
f 4569 8017 8019
f 4569 8019 4570
f 8017 1809 1814
f 8017 1814 8019
f 8019 1814 1813
f 8019 1813 7977
f 4570 8019 7977
f 4570 7977 4571
f 4658 8018 8020
f 4658 8020 4789
f 4569 8014 8020
f 4569 8020 8018
f 4698 4789 8020
f 4698 8020 8014
f 4585 4584 8021
f 4585 8021 8022
f 4584 4555 8011
f 4584 8011 8021
f 8021 8011 7607
f 8021 7607 7611
f 8022 8021 7611
f 8022 7611 7610
f 4586 8023 8024
f 4586 8024 4587
f 8023 4681 4678
f 8023 4678 8024
f 8024 4678 4677
f 8024 4677 8012
f 4587 8024 8012
f 4587 8012 4572
f 4599 4598 8025
f 4599 8025 8026
f 4598 4585 8022
f 4598 8022 8025
f 8025 8022 7610
f 8025 7610 7625
f 8026 8025 7625
f 8026 7625 7624
f 4668 8027 8028
f 4668 8028 4669
f 8027 4712 4880
f 8027 4880 8028
f 8028 4880 4828
f 8028 4828 8029
f 4669 8028 8029
f 4669 8029 4618
f 1805 1804 8030
f 1805 8030 8005
f 1804 1803 8016
f 1804 8016 8030
f 8030 8016 4658
f 8030 4658 4656
f 8005 8030 4656
f 8005 4656 4604
f 4618 8029 8031
f 4618 8031 4619
f 8029 4828 4825
f 8029 4825 8031
f 8031 4825 4824
f 8031 4824 8032
f 4619 8031 8032
f 4619 8032 4620
f 4621 8033 8034
f 4621 8034 4622
f 8033 4858 4857
f 8033 4857 8034
f 8034 4857 4753
f 8034 4753 8001
f 4622 8034 8001
f 4622 8001 4516
f 4634 4633 8035
f 4634 8035 8036
f 4633 4536 8008
f 4633 8008 8035
f 8035 8008 4600
f 8035 4600 4636
f 8036 8035 4636
f 8036 4636 4635
f 4620 8032 8037
f 4620 8037 4647
f 8032 4824 4860
f 8032 4860 8037
f 8037 4860 4859
f 8037 4859 8038
f 4647 8037 8038
f 4647 8038 4648
f 4711 8039 8040
f 4711 8040 4795
f 8039 4716 4713
f 8039 4713 8040
f 8040 4713 4712
f 8040 4712 8027
f 4795 8040 8027
f 4795 8027 4668
f 4697 8041 8042
f 4697 8042 4710
f 8041 2094 4894
f 8041 4894 8042
f 8042 4894 4716
f 8042 4716 8039
f 4710 8042 8039
f 4710 8039 4711
f 4695 8043 8044
f 4695 8044 4696
f 8045 8046 8044
f 8045 8044 8043
f 2087 2095 8044
f 2087 8044 8046
f 2094 8041 8044
f 2094 8044 2095
f 4697 4696 8044
f 4697 8044 8041
f 4733 8047 8048
f 4733 8048 4734
f 8047 4844 4843
f 8047 4843 8048
f 8048 4843 4842
f 8048 4842 8049
f 4734 8048 8049
f 4734 8049 4737
f 4767 4766 8050
f 4767 8050 7982
f 4766 4737 8049
f 4766 8049 8050
f 8050 8049 4842
f 8050 4842 8051
f 7982 8050 8051
f 7982 8051 1787
f 4788 4787 8052
f 4788 8052 7986
f 4787 4786 8053
f 4787 8053 8052
f 8052 8053 7649
f 8052 7649 7646
f 7986 8052 7646
f 7986 7646 7645
f 4772 4769 8054
f 4772 8054 8055
f 4769 4768 7984
f 4769 7984 8054
f 8054 7984 1798
f 8054 1798 1797
f 8055 8054 1797
f 8055 1797 1796
f 4786 4797 8056
f 4786 8056 8053
f 4797 4796 8057
f 4797 8057 8056
f 8056 8057 7679
f 8056 7679 7678
f 8053 8056 7678
f 8053 7678 7649
f 4809 4808 8058
f 4809 8058 8059
f 4808 4772 8060
f 4808 8060 8058
f 8058 8060 4730
f 8058 4730 4900
f 8059 8058 4900
f 8059 4900 2081
f 4772 8055 8061
f 4772 8061 8060
f 8055 1796 1795
f 8055 1795 8061
f 8061 1795 1794
f 8061 1794 8062
f 8060 8061 8062
f 8060 8062 4730
f 4730 8062 8063
f 4730 8063 4731
f 8062 1794 1791
f 8062 1791 8063
f 8063 1791 1789
f 8063 1789 8064
f 4731 8063 8064
f 4731 8064 4732
f 4796 4811 8065
f 4796 8065 8057
f 4811 4810 8066
f 4811 8066 8065
f 8065 8066 7693
f 8065 7693 7692
f 8057 8065 7692
f 8057 7692 7679
f 4809 8059 8067
f 4809 8067 4822
f 2081 2084 8067
f 2081 8067 8059
f 2087 8046 8067
f 2087 8067 2084
f 8045 8068 8067
f 8045 8067 8046
f 4823 4822 8067
f 4823 8067 8068
f 1787 8051 8069
f 1787 8069 1788
f 8051 4842 4886
f 8051 4886 8069
f 8069 4886 4732
f 8069 4732 8064
f 1788 8069 8064
f 1788 8064 1789
f 4845 8070 8071
f 4845 8071 4846
f 8070 4872 4871
f 8070 4871 8071
f 8071 4871 4844
f 8071 4844 8047
f 4846 8071 8047
f 4846 8047 4733
f 4921 4920 8072
f 4921 8072 8073
f 4920 4919 8074
f 4920 8074 8072
f 8072 8074 5094
f 8072 5094 5091
f 8073 8072 5091
f 8073 5091 5090
f 4901 8075 8076
f 4901 8076 4902
f 8075 4998 4997
f 8075 4997 8076
f 8076 4997 4996
f 8076 4996 8077
f 4902 8076 8077
f 4902 8077 4905
f 4919 4923 8078
f 4919 8078 8074
f 4923 4922 7990
f 4923 7990 8078
f 8078 7990 5124
f 8078 5124 5123
f 8074 8078 5123
f 8074 5123 5094
f 4935 4934 8079
f 4935 8079 7988
f 4934 4905 8077
f 4934 8077 8079
f 8079 8077 4996
f 8079 4996 8080
f 7988 8079 8080
f 7988 8080 1843
f 4956 4955 8081
f 4956 8081 7994
f 4955 4954 8082
f 4955 8082 8081
f 8081 8082 7705
f 8081 7705 7702
f 7994 8081 7702
f 7994 7702 7701
f 4940 4937 8083
f 4940 8083 8084
f 4936 7992 8083
f 4936 8083 4937
f 1849 1848 8083
f 1849 8083 7992
f 1825 1822 8083
f 1825 8083 1848
f 1821 8084 8083
f 1821 8083 1822
f 4954 4958 8085
f 4954 8085 8082
f 4958 4957 8086
f 4958 8086 8085
f 8085 8086 7735
f 8085 7735 7734
f 8082 8085 7734
f 8082 7734 7705
f 1829 8087 8088
f 1829 8088 1824
f 8087 5068 8089
f 8087 8089 8088
f 8088 8089 4940
f 8088 4940 8084
f 1824 8088 8084
f 1824 8084 1821
f 4970 4969 8090
f 4970 8090 8091
f 4969 4940 8089
f 4969 8089 8090
f 8090 8089 5068
f 8090 5068 5067
f 8091 8090 5067
f 8091 5067 5054
f 4957 4971 8092
f 4957 8092 8086
f 4971 4599 8026
f 4971 8026 8092
f 8092 8026 7624
f 8092 7624 7742
f 8086 8092 7742
f 8086 7742 7735
f 4681 8023 8093
f 4681 8093 5053
f 8023 4586 4977
f 8023 4977 8093
f 8093 4977 4970
f 8093 4970 8091
f 5053 8093 8091
f 5053 8091 5054
f 4982 4979 8094
f 4982 8094 8095
f 4979 4978 8096
f 4979 8096 8094
f 8094 8096 5194
f 8094 5194 5193
f 8095 8094 5193
f 8095 5193 5192
f 1843 8080 8097
f 1843 8097 1844
f 8080 4996 5033
f 8080 5033 8097
f 8097 5033 5032
f 8097 5032 8098
f 1844 8097 8098
f 1844 8098 1827
f 5022 5020 8099
f 5022 8099 8100
f 5020 4982 8095
f 5020 8095 8099
f 8099 8095 5192
f 8099 5192 5222
f 8100 8099 5222
f 8100 5222 5089
f 4634 8036 8101
f 4634 8101 4999
f 8036 4635 5012
f 8036 5012 8101
f 8101 5012 4998
f 8101 4998 8075
f 4999 8101 8075
f 4999 8075 4901
f 4621 5005 8102
f 4621 8102 8033
f 5005 4921 8073
f 5005 8073 8102
f 8102 8073 5090
f 8102 5090 5195
f 8033 8102 5195
f 8033 5195 4858
f 4978 5006 8103
f 4978 8103 8096
f 5006 4648 8038
f 5006 8038 8103
f 8103 8038 4859
f 8103 4859 5208
f 8096 8103 5208
f 8096 5208 5194
f 5032 5152 8104
f 5032 8104 8098
f 5152 5068 8087
f 5152 8087 8104
f 8104 8087 1829
f 8104 1829 1828
f 8098 8104 1828
f 8098 1828 1827
f 5055 5146 8105
f 5055 8105 8106
f 5146 5022 8100
f 5146 8100 8105
f 8105 8100 5089
f 8105 5089 5088
f 8106 8105 5088
f 8106 5088 5087
f 5041 5056 8107
f 5041 8107 8108
f 5056 5055 8106
f 5056 8106 8107
f 8107 8106 5087
f 8107 5087 5236
f 8108 8107 5236
f 8108 5236 2096
f 4695 5042 8109
f 4695 8109 8043
f 5041 8108 8109
f 5041 8109 5042
f 2096 2099 8109
f 2096 8109 8108
f 2102 8110 8109
f 2102 8109 2099
f 8045 8043 8109
f 8045 8109 8110
f 5111 7996 8111
f 5111 8111 5112
f 7996 1820 8112
f 7996 8112 8111
f 8111 8112 5178
f 8111 5178 8113
f 5112 8111 8113
f 5112 8113 5108
f 5110 5109 8114
f 5110 8114 8115
f 5109 5108 8113
f 5109 8113 8114
f 8114 8113 5178
f 8114 5178 5175
f 8115 8114 5175
f 8115 5175 5174
f 5129 5126 8116
f 5129 8116 8117
f 5126 5125 8000
f 5126 8000 8116
f 8116 8000 7770
f 8116 7770 7769
f 8117 8116 7769
f 8117 7769 7768
f 5153 8118 8119
f 5153 8119 5154
f 8118 2109 5230
f 8118 5230 8119
f 8119 5230 5073
f 8119 5073 8120
f 5154 8119 8120
f 5154 8120 5143
f 5143 8120 8121
f 5143 8121 8122
f 8120 5073 8123
f 8120 8123 8121
f 8121 8123 1837
f 8121 1837 1836
f 8122 8121 1836
f 8122 1836 1835
f 5143 8122 8124
f 5143 8124 5144
f 8122 1835 1834
f 8122 1834 8124
f 8124 1834 1833
f 8124 1833 7997
f 5144 8124 7997
f 5144 7997 5145
f 5166 5165 8125
f 5166 8125 8126
f 5165 5129 8117
f 5165 8117 8125
f 8125 8117 7768
f 8125 7768 7772
f 8126 8125 7772
f 8126 7772 7771
f 5073 5070 8127
f 5073 8127 8123
f 5070 5069 8128
f 5070 8128 8127
f 8127 8128 1818
f 8127 1818 1832
f 8123 8127 1832
f 8123 1832 1837
f 5153 5167 8129
f 5153 8129 8118
f 4823 8068 8129
f 4823 8129 5167
f 8045 8110 8129
f 8045 8129 8068
f 2102 2110 8129
f 2102 8129 8110
f 2109 8118 8129
f 2109 8129 2110
f 4810 5173 8130
f 4810 8130 8066
f 5173 5166 8126
f 5173 8126 8130
f 8130 8126 7771
f 8130 7771 7785
f 8066 8130 7785
f 8066 7785 7693
f 1820 1819 8131
f 1820 8131 8112
f 1819 1818 8128
f 1819 8128 8131
f 8131 8128 5069
f 8131 5069 5216
f 8112 8131 5216
f 8112 5216 5178
f 4845 5201 8132
f 4845 8132 8070
f 5201 5110 8115
f 5201 8115 8132
f 8132 8115 5174
f 8132 5174 5202
f 8070 8132 5202
f 8070 5202 4872
f 2163 5238 8133
f 2163 8133 5257
f 5238 5237 8134
f 5238 8134 8133
f 8133 8134 2311
f 8133 2311 5271
f 5257 8133 5271
f 5257 5271 2126
f 2138 5265 8135
f 2138 8135 5284
f 5265 2296 5474
f 5265 5474 8135
f 8135 5474 5390
f 8135 5390 8136
f 5284 8135 8136
f 5284 8136 5285
f 5349 5461 8137
f 5349 8137 8138
f 5461 2175 5251
f 5461 5251 8137
f 8137 5251 2111
f 8137 2111 5273
f 8138 8137 5273
f 8138 5273 5272
f 5250 5249 8139
f 5250 8139 8140
f 5249 2148 5467
f 5249 5467 8139
f 8139 5467 5369
f 8139 5369 8141
f 8140 8139 8141
f 8140 8141 1855
f 2212 5336 8142
f 2212 8142 5258
f 5336 5335 8143
f 5336 8143 8142
f 8142 8143 5412
f 8142 5412 5482
f 5258 8142 5482
f 5258 5482 2237
f 5501 8144 8145
f 5501 8145 5502
f 8144 1871 8146
f 8144 8146 8145
f 8145 8146 5348
f 8145 5348 5347
f 5502 8145 5347
f 5502 5347 2200
f 5491 5489 8147
f 5491 8147 8148
f 5489 2185 5264
f 5489 5264 8147
f 8147 5264 2222
f 8147 2222 5523
f 8148 8147 5523
f 8148 5523 5522
f 5237 5287 8149
f 5237 8149 8134
f 5287 5286 8150
f 5287 8150 8149
f 8149 8150 2274
f 8149 2274 5306
f 8134 8149 5306
f 8134 5306 2311
f 5299 5298 8151
f 5299 8151 8152
f 5298 5250 8140
f 5298 8140 8151
f 8151 8140 1855
f 8151 1855 1852
f 8152 8151 1852
f 8152 1852 1851
f 5286 5308 8153
f 5286 8153 8150
f 5308 5307 8154
f 5308 8154 8153
f 8153 8154 5334
f 8153 5334 5333
f 8150 8153 5333
f 8150 5333 2274
f 5299 8152 8155
f 5299 8155 5319
f 8152 1851 1861
f 8152 1861 8155
f 8155 1861 1865
f 8155 1865 8156
f 5319 8155 8156
f 5319 8156 5320
f 2249 5488 8157
f 2249 8157 5510
f 5488 5432 8158
f 5488 8158 8157
f 8157 8158 1872
f 8157 1872 8159
f 5510 8157 8159
f 5510 8159 5512
f 2259 5481 8160
f 2259 8160 5300
f 5481 5411 8161
f 5481 8161 8160
f 8160 8161 5370
f 8160 5370 5468
f 5300 8160 5468
f 5300 5468 2323
f 5321 8162 8163
f 5321 8163 5322
f 8162 1880 8164
f 8162 8164 8163
f 8163 8164 5391
f 8163 5391 5475
f 5322 8163 5475
f 5322 5475 2286
f 5353 5350 8165
f 5353 8165 8166
f 5350 5349 8138
f 5350 8138 8165
f 8165 8138 5272
f 8165 5272 5434
f 8166 8165 5434
f 8166 5434 5433
f 5353 8166 8167
f 5353 8167 5907
f 8166 5433 6132
f 8166 6132 8167
f 8167 6132 5831
f 8167 5831 8168
f 5907 8167 8168
f 5907 8168 5908
f 1855 8141 8169
f 1855 8169 1856
f 8141 5369 5368
f 8141 5368 8169
f 8169 5368 5367
f 8169 5367 8170
f 1856 8169 8170
f 1856 8170 1857
f 1886 1885 8171
f 1886 8171 8172
f 1885 1857 8170
f 1885 8170 8171
f 8171 8170 5367
f 8171 5367 5896
f 8172 8171 5896
f 8172 5896 5895
f 5818 6126 8173
f 5818 8173 8174
f 6126 5446 8175
f 6126 8175 8173
f 8173 8175 5388
f 8173 5388 5910
f 8174 8173 5910
f 8174 5910 5909
f 5285 8136 8176
f 5285 8176 5445
f 8136 5390 5389
f 8136 5389 8176
f 8176 5389 5388
f 8176 5388 8175
f 5445 8176 8175
f 5445 8175 5446
f 5411 5410 8177
f 5411 8177 8161
f 5410 5409 8178
f 5410 8178 8177
f 8177 8178 5374
f 8177 5374 5371
f 8161 8177 5371
f 8161 5371 5370
f 5923 8179 8180
f 5923 8180 5924
f 8179 5922 5921
f 8179 5921 8180
f 8180 5921 5374
f 8180 5374 8178
f 5924 8180 8178
f 5924 8178 5409
f 1949 8181 8182
f 1949 8182 1950
f 8181 5936 5935
f 8181 5935 8182
f 8182 5935 5395
f 8182 5395 8183
f 1950 8182 8183
f 1950 8183 1878
f 1880 1879 8184
f 1880 8184 8164
f 1879 1878 8183
f 1879 8183 8184
f 8184 8183 5395
f 8184 5395 5392
f 8164 8184 5392
f 8164 5392 5391
f 5432 5431 8185
f 5432 8185 8158
f 5431 5430 8186
f 5431 8186 8185
f 8185 8186 1876
f 8185 1876 1873
f 8158 8185 1873
f 8158 1873 1872
f 5937 8187 8188
f 5937 8188 5938
f 8187 1945 1948
f 8187 1948 8188
f 8188 1948 1876
f 8188 1876 8186
f 5938 8188 8186
f 5938 8186 5430
f 5335 5448 8189
f 5335 8189 8143
f 5448 5447 8190
f 5448 8190 8189
f 8189 8190 5416
f 8189 5416 5413
f 8143 8189 5413
f 8143 5413 5412
f 5894 8191 8192
f 5894 8192 6139
f 8191 5950 5949
f 8191 5949 8192
f 8192 5949 5416
f 8192 5416 8190
f 6139 8192 8190
f 6139 8190 5447
f 1871 1870 8193
f 1871 8193 8146
f 1870 1869 8194
f 1870 8194 8193
f 8193 8194 5460
f 8193 5460 5459
f 8146 8193 5459
f 8146 5459 5348
f 1943 8195 8196
f 1943 8196 1944
f 8195 5881 6133
f 8195 6133 8196
f 8196 6133 5460
f 8196 5460 8194
f 1944 8196 8194
f 1944 8194 1869
f 5307 5503 8197
f 5307 8197 8154
f 5503 5491 8148
f 5503 8148 8197
f 8197 8148 5522
f 8197 5522 5530
f 8154 8197 5530
f 8154 5530 5334
f 5320 8156 8198
f 5320 8198 5509
f 8156 1865 1867
f 8156 1867 8198
f 8198 1867 1871
f 8198 1871 8144
f 5509 8198 8144
f 5509 8144 5501
f 5512 8159 8199
f 5512 8199 5524
f 8159 1872 1875
f 8159 1875 8199
f 8199 1875 1880
f 8199 1880 8162
f 5524 8199 8162
f 5524 8162 5321
f 2370 5537 8200
f 2370 8200 5585
f 5537 2333 6118
f 5537 6118 8200
f 8200 6118 5992
f 8200 5992 8201
f 5585 8200 8201
f 5585 8201 5586
f 2348 5531 8202
f 2348 8202 5643
f 5531 2397 5560
f 5531 5560 8202
f 8202 5560 5559
f 8202 5559 8203
f 5643 8202 8203
f 5643 8203 5645
f 5972 6112 8204
f 5972 8204 8205
f 6112 2360 5656
f 6112 5656 8204
f 8204 5656 5655
f 8204 5655 8206
f 8205 8204 8206
f 8205 8206 8207
f 2385 5574 8208
f 2385 8208 5571
f 5574 5573 8209
f 5574 8209 8208
f 8208 8209 1887
f 8208 1887 8210
f 5571 8208 8210
f 5571 8210 5572
f 6055 8211 8212
f 6055 8212 6125
f 8211 5768 5767
f 8211 5767 8212
f 8212 5767 2619
f 8212 2619 5558
f 6125 8212 5558
f 6125 5558 2434
f 6035 6119 8213
f 6035 8213 8214
f 6119 2422 6202
f 6119 6202 8213
f 8213 6202 6201
f 8213 6201 8215
f 8214 8213 8215
f 8214 8215 1925
f 5538 8216 8217
f 5538 8217 5539
f 8216 6191 6189
f 8216 6189 8217
f 8217 6189 2407
f 8217 2407 5552
f 5539 8217 5552
f 5539 5552 2607
f 2508 5601 8218
f 2508 8218 5599
f 5601 2471 5616
f 5601 5616 8218
f 8218 5616 5615
f 8218 5615 8219
f 5599 8218 8219
f 5599 8219 5600
f 2459 5630 8220
f 2459 8220 5627
f 5630 5629 8221
f 5630 8221 8220
f 8220 8221 8222
f 8220 8222 8223
f 5627 8220 8223
f 5627 8223 5628
f 5971 8224 8225
f 5971 8225 6076
f 8224 5642 5641
f 8224 5641 8225
f 8225 5641 2444
f 8225 2444 5607
f 6076 8225 5607
f 6076 5607 2496
f 5951 6070 8226
f 5951 8226 8227
f 6070 2481 5588
f 6070 5588 8226
f 8226 5588 5587
f 8226 5587 8228
f 8227 8226 8228
f 8227 8228 1906
f 2533 5614 8229
f 2533 8229 5781
f 5614 2656 6090
f 5614 6090 8229
f 8229 6090 6034
f 8229 6034 8230
f 5781 8229 8230
f 5781 8230 5782
f 2545 5770 8231
f 2545 8231 6210
f 5770 5769 8232
f 5770 8232 8231
f 8231 8232 1933
f 8231 1933 8233
f 6210 8231 8233
f 6210 8233 6212
f 6222 8234 8235
f 6222 8235 6223
f 8234 6233 6231
f 8234 6231 8235
f 8235 6231 2629
f 8235 2629 5608
f 6223 8235 5608
f 6223 5608 2518
f 5645 8203 8236
f 5645 8236 5692
f 8203 5559 5658
f 8203 5658 8236
f 8236 5658 5657
f 8236 5657 8237
f 5692 8236 8237
f 5692 8237 2570
f 5572 8210 8238
f 5572 8238 5669
f 8210 1887 1890
f 8210 1890 8238
f 8238 1890 1895
f 8238 1895 8239
f 5669 8238 8239
f 5669 8239 5670
f 1906 8228 8240
f 1906 8240 1907
f 8228 5587 5672
f 8228 5672 8240
f 8240 5672 5671
f 8240 5671 8241
f 1907 8240 8241
f 1907 8241 1903
f 5600 8219 8242
f 5600 8242 5683
f 8219 5615 5685
f 8219 5685 8242
f 8242 5685 2693
f 8242 2693 8243
f 5683 8242 8243
f 5683 8243 5684
f 2570 8237 8244
f 2570 8244 6168
f 8237 5657 5700
f 8237 5700 8244
f 8244 5700 5699
f 8244 5699 8245
f 6168 8244 8245
f 6168 8245 6170
f 1910 8246 8247
f 1910 8247 1911
f 8246 5712 5711
f 8246 5711 8247
f 8247 5711 5670
f 8247 5670 8239
f 1911 8247 8239
f 1911 8239 1895
f 5713 8248 8249
f 5713 8249 5714
f 8248 1896 1899
f 8248 1899 8249
f 8249 1899 1903
f 8249 1903 8241
f 5714 8249 8241
f 5714 8241 5671
f 5684 8243 8250
f 5684 8250 5725
f 8243 2693 5728
f 8243 5728 8250
f 8250 5728 5727
f 8250 5727 8251
f 5725 8250 8251
f 5725 8251 5726
f 5655 5698 8252
f 5655 8252 8206
f 5698 2555 5742
f 5698 5742 8252
f 8252 5742 5741
f 8252 5741 8253
f 8206 8252 8253
f 8206 8253 8207
f 1918 8254 8255
f 1918 8255 8256
f 8254 5754 5753
f 8254 5753 8255
f 8255 5753 2582
f 8255 2582 6181
f 8256 8255 6181
f 8256 6181 6180
f 5755 8257 8258
f 5755 8258 5756
f 8257 1920 8259
f 8257 8259 8258
f 8258 8259 5551
f 8258 5551 5550
f 5756 8258 5550
f 5756 5550 2592
f 2644 6244 8260
f 2644 8260 6084
f 6244 6243 8261
f 6244 8261 8260
f 8260 8261 1927
f 8260 1927 8262
f 6084 8260 8262
f 6084 8262 6014
f 8222 8263 8264
f 8222 8264 8223
f 8263 5993 6077
f 8263 6077 8264
f 8264 6077 2666
f 8264 2666 5691
f 8223 8264 5691
f 8223 5691 5628
f 5740 5739 8265
f 5740 8265 8266
f 5739 2681 6083
f 5739 6083 8265
f 8265 6083 6013
f 8265 6013 8267
f 8266 8265 8267
f 8266 8267 1931
f 2767 5797 8268
f 2767 8268 5795
f 5797 2730 5811
f 5797 5811 8268
f 8268 5811 2915
f 8268 2915 8269
f 5795 8268 8269
f 5795 8269 5796
f 2718 5819 8270
f 2718 8270 5817
f 5819 5818 8174
f 5819 8174 8270
f 8270 8174 5909
f 8270 5909 6147
f 5817 8270 6147
f 5817 6147 2888
f 5908 8168 8271
f 5908 8271 6146
f 8168 5831 5830
f 8168 5830 8271
f 8271 5830 2703
f 8271 2703 5803
f 6146 8271 5803
f 6146 5803 2755
f 5783 8272 8273
f 5783 8273 5784
f 8272 1886 8172
f 8272 8172 8273
f 8273 8172 5895
f 8273 5895 6140
f 5784 8273 6140
f 5784 6140 2740
f 2792 5810 8274
f 2792 8274 5893
f 5810 2841 6167
f 5810 6167 8274
f 8274 6167 5950
f 8274 5950 8191
f 5893 8274 8191
f 5893 8191 5894
f 6254 6252 8275
f 6254 8275 8276
f 6252 2804 5882
f 6252 5882 8275
f 8275 5882 5881
f 8275 5881 8195
f 8276 8275 8195
f 8276 8195 1943
f 6264 8277 8278
f 6264 8278 6265
f 8277 6275 6273
f 8277 6273 8278
f 8278 6273 2814
f 8278 2814 5804
f 6265 8278 5804
f 6265 5804 2777
f 5832 8279 8280
f 5832 8280 5833
f 8279 1881 1884
f 8279 1884 8280
f 8280 1884 1886
f 8280 1886 8272
f 5833 8280 8272
f 5833 8272 5783
f 5796 8269 8281
f 5796 8281 5844
f 8269 2915 5846
f 8269 5846 8281
f 8281 5846 2878
f 8281 2878 8282
f 5844 8281 8282
f 5844 8282 5845
f 5832 5854 8283
f 5832 8283 8279
f 5854 5853 8284
f 5854 8284 8283
f 8283 8284 1939
f 8283 1939 1937
f 8279 8283 1937
f 8279 1937 1881
f 5845 8282 8285
f 5845 8285 5865
f 8282 2878 5868
f 8282 5868 8285
f 8285 5868 5867
f 8285 5867 8286
f 5865 8285 8286
f 5865 8286 5866
f 2829 6286 8287
f 2829 8287 6161
f 6286 6285 8288
f 6286 8288 8287
f 8287 8288 1945
f 8287 1945 8187
f 6161 8287 8187
f 6161 8187 5937
f 2851 5852 8289
f 2851 8289 6154
f 5852 2903 6153
f 5852 6153 8289
f 8289 6153 5922
f 8289 5922 8179
f 6154 8289 8179
f 6154 8179 5923
f 5880 5879 8290
f 5880 8290 8291
f 5879 2866 6160
f 5879 6160 8290
f 8290 6160 5936
f 8290 5936 8181
f 8291 8290 8181
f 8291 8181 1949
f 5969 8292 8293
f 5969 8293 5970
f 8292 5990 6062
f 8292 6062 8293
f 8293 6062 5642
f 8293 5642 8224
f 5970 8293 8224
f 5970 8224 5971
f 5586 8201 8294
f 5586 8294 6097
f 8201 5992 5991
f 8201 5991 8294
f 8294 5991 5990
f 8294 5990 8292
f 6097 8294 8292
f 6097 8292 5969
f 5955 5952 8295
f 5955 8295 8296
f 5952 5951 8227
f 5952 8227 8295
f 8295 8227 1906
f 8295 1906 1904
f 8296 8295 1904
f 8296 1904 1891
f 5573 6091 8297
f 5573 8297 8209
f 6091 5955 8296
f 6091 8296 8297
f 8297 8296 1891
f 8297 1891 1888
f 8209 8297 1888
f 8209 1888 1887
f 5976 5973 8298
f 5976 8298 8299
f 5973 5972 8205
f 5973 8205 8298
f 8298 8205 8207
f 8298 8207 8300
f 8299 8298 8300
f 8299 8300 8301
f 5629 6056 8302
f 5629 8302 8221
f 6056 5976 8299
f 6056 8299 8302
f 8302 8299 8301
f 8302 8301 8303
f 8221 8302 8303
f 8221 8303 8222
f 8301 8304 8305
f 8301 8305 8303
f 8304 5997 5994
f 8304 5994 8305
f 8305 5994 5993
f 8305 5993 8263
f 8303 8305 8263
f 8303 8263 8222
f 8207 8253 8306
f 8207 8306 8300
f 8253 5741 6098
f 8253 6098 8306
f 8306 6098 5997
f 8306 5997 8304
f 8300 8306 8304
f 8300 8304 8301
f 1931 8267 8307
f 1931 8307 1932
f 8267 6013 6012
f 8267 6012 8307
f 8307 6012 6011
f 8307 6011 8308
f 1932 8307 8308
f 1932 8308 1916
f 1916 8308 8309
f 1916 8309 1917
f 8308 6011 6104
f 8308 6104 8309
f 8309 6104 5754
f 8309 5754 8254
f 1917 8309 8254
f 1917 8254 1918
f 6014 8262 8310
f 6014 8310 6015
f 8262 1927 1930
f 8262 1930 8310
f 8310 1930 1912
f 8310 1912 8311
f 6015 8310 8311
f 6015 8311 6018
f 5782 8230 8312
f 5782 8312 6069
f 8230 6034 6033
f 8230 6033 8312
f 8312 6033 6032
f 8312 6032 8313
f 6069 8312 8313
f 6069 8313 6053
f 6053 8313 8314
f 6053 8314 6054
f 8313 6032 6111
f 8313 6111 8314
f 8314 6111 5768
f 8314 5768 8211
f 6054 8314 8211
f 6054 8211 6055
f 6018 8311 8315
f 6018 8315 6105
f 8311 1912 1915
f 8311 1915 8315
f 8315 1915 1920
f 8315 1920 8257
f 6105 8315 8257
f 6105 8257 5755
f 6039 6036 8316
f 6039 8316 8317
f 6036 6035 8214
f 6036 8214 8316
f 8316 8214 1925
f 8316 1925 1922
f 8317 8316 1922
f 8317 1922 1921
f 5769 6063 8318
f 5769 8318 8232
f 6063 6039 8317
f 6063 8317 8318
f 8318 8317 1921
f 8318 1921 1934
f 8232 8318 1934
f 8232 1934 1933
f 1920 1919 8319
f 1920 8319 8259
f 1919 1918 8256
f 1919 8256 8319
f 8319 8256 6180
f 8319 6180 6188
f 8259 8319 6188
f 8259 6188 5551
f 6170 8245 8320
f 6170 8320 6182
f 8245 5699 6203
f 8245 6203 8320
f 8320 6203 6191
f 8320 6191 8216
f 6182 8320 8216
f 6182 8216 5538
f 1925 8215 8321
f 1925 8321 1926
f 8215 6201 6209
f 8215 6209 8321
f 8321 6209 5712
f 8321 5712 8246
f 1926 8321 8246
f 1926 8246 1910
f 5726 8251 8322
f 5726 8322 6230
f 8251 5727 6245
f 8251 6245 8322
f 8322 6245 6233
f 8322 6233 8234
f 6230 8322 8234
f 6230 8234 6222
f 6212 8233 8323
f 6212 8323 6224
f 8233 1933 1936
f 8233 1936 8323
f 8323 1936 1896
f 8323 1896 8248
f 6224 8323 8248
f 6224 8248 5713
f 6243 6251 8324
f 6243 8324 8261
f 6251 5740 8266
f 6251 8266 8324
f 8324 8266 1931
f 8324 1931 1928
f 8261 8324 1928
f 8261 1928 1927
f 5866 8286 8325
f 5866 8325 6272
f 8286 5867 6287
f 8286 6287 8325
f 8325 6287 6275
f 8325 6275 8277
f 6272 8325 8277
f 6272 8277 6264
f 5853 6266 8326
f 5853 8326 8284
f 6266 6254 8276
f 6266 8276 8326
f 8326 8276 1943
f 8326 1943 1941
f 8284 8326 1941
f 8284 1941 1939
f 6285 6293 8327
f 6285 8327 8288
f 6293 5880 8291
f 6293 8291 8327
f 8327 8291 1949
f 8327 1949 1946
f 8288 8327 1946
f 8288 1946 1945
f 2977 6295 8328
f 2977 8328 6314
f 6295 6294 8329
f 6295 8329 8328
f 8328 8329 3125
f 8328 3125 6328
f 6314 8328 6328
f 6314 6328 2940
f 2952 6322 8330
f 2952 8330 6341
f 6322 3110 6531
f 6322 6531 8330
f 8330 6531 6447
f 8330 6447 8331
f 6341 8330 8331
f 6341 8331 6342
f 6406 6518 8332
f 6406 8332 8333
f 6518 2989 6308
f 6518 6308 8332
f 8332 6308 2925
f 8332 2925 6330
f 8333 8332 6330
f 8333 6330 6329
f 6307 6306 8334
f 6307 8334 8335
f 6306 2962 6524
f 6306 6524 8334
f 8334 6524 6426
f 8334 6426 8336
f 8335 8334 8336
f 8335 8336 1955
f 3026 6393 8337
f 3026 8337 6315
f 6393 6392 8338
f 6393 8338 8337
f 8337 8338 6469
f 8337 6469 6539
f 6315 8337 6539
f 6315 6539 3051
f 6558 8339 8340
f 6558 8340 6559
f 8339 1971 8341
f 8339 8341 8340
f 8340 8341 6405
f 8340 6405 6404
f 6559 8340 6404
f 6559 6404 3014
f 6548 6546 8342
f 6548 8342 8343
f 6546 2999 6321
f 6546 6321 8342
f 8342 6321 3036
f 8342 3036 6580
f 8343 8342 6580
f 8343 6580 6579
f 6294 6344 8344
f 6294 8344 8329
f 6344 6343 8345
f 6344 8345 8344
f 8344 8345 3088
f 8344 3088 6363
f 8329 8344 6363
f 8329 6363 3125
f 6356 6355 8346
f 6356 8346 8347
f 6355 6307 8335
f 6355 8335 8346
f 8346 8335 1955
f 8346 1955 1952
f 8347 8346 1952
f 8347 1952 1951
f 6343 6365 8348
f 6343 8348 8345
f 6365 6364 8349
f 6365 8349 8348
f 8348 8349 6391
f 8348 6391 6390
f 8345 8348 6390
f 8345 6390 3088
f 6356 8347 8350
f 6356 8350 6376
f 8347 1951 1961
f 8347 1961 8350
f 8350 1961 1965
f 8350 1965 8351
f 6376 8350 8351
f 6376 8351 6377
f 3063 6545 8352
f 3063 8352 6567
f 6545 6489 8353
f 6545 8353 8352
f 8352 8353 1972
f 8352 1972 8354
f 6567 8352 8354
f 6567 8354 6569
f 3073 6538 8355
f 3073 8355 6357
f 6538 6468 8356
f 6538 8356 8355
f 8355 8356 6427
f 8355 6427 6525
f 6357 8355 6525
f 6357 6525 3137
f 6378 8357 8358
f 6378 8358 6379
f 8357 1980 8359
f 8357 8359 8358
f 8358 8359 6448
f 8358 6448 6532
f 6379 8358 6532
f 6379 6532 3100
f 6410 6407 8360
f 6410 8360 8361
f 6407 6406 8333
f 6407 8333 8360
f 8360 8333 6329
f 8360 6329 6491
f 8361 8360 6491
f 8361 6491 6490
f 6410 8361 8362
f 6410 8362 6964
f 8361 6490 7189
f 8361 7189 8362
f 8362 7189 6888
f 8362 6888 8363
f 6964 8362 8363
f 6964 8363 6965
f 1955 8336 8364
f 1955 8364 1956
f 8336 6426 6425
f 8336 6425 8364
f 8364 6425 6424
f 8364 6424 8365
f 1956 8364 8365
f 1956 8365 1957
f 1986 1985 8366
f 1986 8366 8367
f 1985 1957 8365
f 1985 8365 8366
f 8366 8365 6424
f 8366 6424 6953
f 8367 8366 6953
f 8367 6953 6952
f 6875 7183 8368
f 6875 8368 8369
f 7183 6503 8370
f 7183 8370 8368
f 8368 8370 6445
f 8368 6445 6967
f 8369 8368 6967
f 8369 6967 6966
f 6342 8331 8371
f 6342 8371 6502
f 8331 6447 6446
f 8331 6446 8371
f 8371 6446 6445
f 8371 6445 8370
f 6502 8371 8370
f 6502 8370 6503
f 6468 6467 8372
f 6468 8372 8356
f 6467 6466 8373
f 6467 8373 8372
f 8372 8373 6431
f 8372 6431 6428
f 8356 8372 6428
f 8356 6428 6427
f 6980 8374 8375
f 6980 8375 6981
f 8374 6979 6978
f 8374 6978 8375
f 8375 6978 6431
f 8375 6431 8373
f 6981 8375 8373
f 6981 8373 6466
f 2049 8376 8377
f 2049 8377 2050
f 8376 6993 6992
f 8376 6992 8377
f 8377 6992 6452
f 8377 6452 8378
f 2050 8377 8378
f 2050 8378 1978
f 1980 1979 8379
f 1980 8379 8359
f 1979 1978 8378
f 1979 8378 8379
f 8379 8378 6452
f 8379 6452 6449
f 8359 8379 6449
f 8359 6449 6448
f 6489 6488 8380
f 6489 8380 8353
f 6488 6487 8381
f 6488 8381 8380
f 8380 8381 1976
f 8380 1976 1973
f 8353 8380 1973
f 8353 1973 1972
f 6994 8382 8383
f 6994 8383 6995
f 8382 2045 2048
f 8382 2048 8383
f 8383 2048 1976
f 8383 1976 8381
f 6995 8383 8381
f 6995 8381 6487
f 6392 6505 8384
f 6392 8384 8338
f 6505 6504 8385
f 6505 8385 8384
f 8384 8385 6473
f 8384 6473 6470
f 8338 8384 6470
f 8338 6470 6469
f 6951 8386 8387
f 6951 8387 7196
f 8386 7007 7006
f 8386 7006 8387
f 8387 7006 6473
f 8387 6473 8385
f 7196 8387 8385
f 7196 8385 6504
f 1971 1970 8388
f 1971 8388 8341
f 1970 1969 8389
f 1970 8389 8388
f 8388 8389 6517
f 8388 6517 6516
f 8341 8388 6516
f 8341 6516 6405
f 2043 8390 8391
f 2043 8391 2044
f 8390 6938 7190
f 8390 7190 8391
f 8391 7190 6517
f 8391 6517 8389
f 2044 8391 8389
f 2044 8389 1969
f 6364 6560 8392
f 6364 8392 8349
f 6560 6548 8343
f 6560 8343 8392
f 8392 8343 6579
f 8392 6579 6587
f 8349 8392 6587
f 8349 6587 6391
f 6377 8351 8393
f 6377 8393 6566
f 8351 1965 1967
f 8351 1967 8393
f 8393 1967 1971
f 8393 1971 8339
f 6566 8393 8339
f 6566 8339 6558
f 6569 8354 8394
f 6569 8394 6581
f 8354 1972 1975
f 8354 1975 8394
f 8394 1975 1980
f 8394 1980 8357
f 6581 8394 8357
f 6581 8357 6378
f 3184 6594 8395
f 3184 8395 6642
f 6594 3147 7175
f 6594 7175 8395
f 8395 7175 7049
f 8395 7049 8396
f 6642 8395 8396
f 6642 8396 6643
f 3162 6588 8397
f 3162 8397 6700
f 6588 3211 6617
f 6588 6617 8397
f 8397 6617 6616
f 8397 6616 8398
f 6700 8397 8398
f 6700 8398 6702
f 7029 7169 8399
f 7029 8399 8400
f 7169 3174 6713
f 7169 6713 8399
f 8399 6713 6712
f 8399 6712 8401
f 8400 8399 8401
f 8400 8401 8402
f 3199 6631 8403
f 3199 8403 6628
f 6631 6630 8404
f 6631 8404 8403
f 8403 8404 1987
f 8403 1987 8405
f 6628 8403 8405
f 6628 8405 6629
f 7112 8406 8407
f 7112 8407 7182
f 8406 6825 6824
f 8406 6824 8407
f 8407 6824 3433
f 8407 3433 6615
f 7182 8407 6615
f 7182 6615 3248
f 7092 7176 8408
f 7092 8408 8409
f 7176 3236 7259
f 7176 7259 8408
f 8408 7259 7258
f 8408 7258 8410
f 8409 8408 8410
f 8409 8410 2025
f 6595 8411 8412
f 6595 8412 6596
f 8411 7248 7246
f 8411 7246 8412
f 8412 7246 3221
f 8412 3221 6609
f 6596 8412 6609
f 6596 6609 3421
f 3322 6658 8413
f 3322 8413 6656
f 6658 3285 6673
f 6658 6673 8413
f 8413 6673 6672
f 8413 6672 8414
f 6656 8413 8414
f 6656 8414 6657
f 3273 6687 8415
f 3273 8415 6684
f 6687 6686 8416
f 6687 8416 8415
f 8415 8416 8417
f 8415 8417 8418
f 6684 8415 8418
f 6684 8418 6685
f 7028 8419 8420
f 7028 8420 7133
f 8419 6699 6698
f 8419 6698 8420
f 8420 6698 3258
f 8420 3258 6664
f 7133 8420 6664
f 7133 6664 3310
f 7008 7127 8421
f 7008 8421 8422
f 7127 3295 6645
f 7127 6645 8421
f 8421 6645 6644
f 8421 6644 8423
f 8422 8421 8423
f 8422 8423 2006
f 3347 6671 8424
f 3347 8424 6838
f 6671 3470 7147
f 6671 7147 8424
f 8424 7147 7091
f 8424 7091 8425
f 6838 8424 8425
f 6838 8425 6839
f 3359 6827 8426
f 3359 8426 7267
f 6827 6826 8427
f 6827 8427 8426
f 8426 8427 2033
f 8426 2033 8428
f 7267 8426 8428
f 7267 8428 7269
f 7279 8429 8430
f 7279 8430 7280
f 8429 7290 7288
f 8429 7288 8430
f 8430 7288 3443
f 8430 3443 6665
f 7280 8430 6665
f 7280 6665 3332
f 6702 8398 8431
f 6702 8431 6749
f 8398 6616 6715
f 8398 6715 8431
f 8431 6715 6714
f 8431 6714 8432
f 6749 8431 8432
f 6749 8432 3384
f 6629 8405 8433
f 6629 8433 6726
f 8405 1987 1990
f 8405 1990 8433
f 8433 1990 1995
f 8433 1995 8434
f 6726 8433 8434
f 6726 8434 6727
f 2006 8423 8435
f 2006 8435 2007
f 8423 6644 6729
f 8423 6729 8435
f 8435 6729 6728
f 8435 6728 8436
f 2007 8435 8436
f 2007 8436 2003
f 6657 8414 8437
f 6657 8437 6740
f 8414 6672 6742
f 8414 6742 8437
f 8437 6742 3507
f 8437 3507 8438
f 6740 8437 8438
f 6740 8438 6741
f 3384 8432 8439
f 3384 8439 7225
f 8432 6714 6757
f 8432 6757 8439
f 8439 6757 6756
f 8439 6756 8440
f 7225 8439 8440
f 7225 8440 7227
f 2010 8441 8442
f 2010 8442 2011
f 8441 6769 6768
f 8441 6768 8442
f 8442 6768 6727
f 8442 6727 8434
f 2011 8442 8434
f 2011 8434 1995
f 6770 8443 8444
f 6770 8444 6771
f 8443 1996 1999
f 8443 1999 8444
f 8444 1999 2003
f 8444 2003 8436
f 6771 8444 8436
f 6771 8436 6728
f 6741 8438 8445
f 6741 8445 6782
f 8438 3507 6785
f 8438 6785 8445
f 8445 6785 6784
f 8445 6784 8446
f 6782 8445 8446
f 6782 8446 6783
f 6712 6755 8447
f 6712 8447 8401
f 6755 3369 6799
f 6755 6799 8447
f 8447 6799 6798
f 8447 6798 8448
f 8401 8447 8448
f 8401 8448 8402
f 2018 8449 8450
f 2018 8450 8451
f 8449 6811 6810
f 8449 6810 8450
f 8450 6810 3396
f 8450 3396 7238
f 8451 8450 7238
f 8451 7238 7237
f 6812 8452 8453
f 6812 8453 6813
f 8452 2020 8454
f 8452 8454 8453
f 8453 8454 6608
f 8453 6608 6607
f 6813 8453 6607
f 6813 6607 3406
f 3458 7301 8455
f 3458 8455 7141
f 7301 7300 8456
f 7301 8456 8455
f 8455 8456 2027
f 8455 2027 8457
f 7141 8455 8457
f 7141 8457 7071
f 8417 8458 8459
f 8417 8459 8418
f 8458 7050 7134
f 8458 7134 8459
f 8459 7134 3480
f 8459 3480 6748
f 8418 8459 6748
f 8418 6748 6685
f 6797 6796 8460
f 6797 8460 8461
f 6796 3495 7140
f 6796 7140 8460
f 8460 7140 7070
f 8460 7070 8462
f 8461 8460 8462
f 8461 8462 2031
f 3581 6854 8463
f 3581 8463 6852
f 6854 3544 6868
f 6854 6868 8463
f 8463 6868 3729
f 8463 3729 8464
f 6852 8463 8464
f 6852 8464 6853
f 3532 6876 8465
f 3532 8465 6874
f 6876 6875 8369
f 6876 8369 8465
f 8465 8369 6966
f 8465 6966 7204
f 6874 8465 7204
f 6874 7204 3702
f 6965 8363 8466
f 6965 8466 7203
f 8363 6888 6887
f 8363 6887 8466
f 8466 6887 3517
f 8466 3517 6860
f 7203 8466 6860
f 7203 6860 3569
f 6840 8467 8468
f 6840 8468 6841
f 8467 1986 8367
f 8467 8367 8468
f 8468 8367 6952
f 8468 6952 7197
f 6841 8468 7197
f 6841 7197 3554
f 3606 6867 8469
f 3606 8469 6950
f 6867 3655 7224
f 6867 7224 8469
f 8469 7224 7007
f 8469 7007 8386
f 6950 8469 8386
f 6950 8386 6951
f 7311 7309 8470
f 7311 8470 8471
f 7309 3618 6939
f 7309 6939 8470
f 8470 6939 6938
f 8470 6938 8390
f 8471 8470 8390
f 8471 8390 2043
f 7321 8472 8473
f 7321 8473 7322
f 8472 7332 7330
f 8472 7330 8473
f 8473 7330 3628
f 8473 3628 6861
f 7322 8473 6861
f 7322 6861 3591
f 6889 8474 8475
f 6889 8475 6890
f 8474 1981 1984
f 8474 1984 8475
f 8475 1984 1986
f 8475 1986 8467
f 6890 8475 8467
f 6890 8467 6840
f 6853 8464 8476
f 6853 8476 6901
f 8464 3729 6903
f 8464 6903 8476
f 8476 6903 3692
f 8476 3692 8477
f 6901 8476 8477
f 6901 8477 6902
f 6889 6911 8478
f 6889 8478 8474
f 6911 6910 8479
f 6911 8479 8478
f 8478 8479 2039
f 8478 2039 2037
f 8474 8478 2037
f 8474 2037 1981
f 6902 8477 8480
f 6902 8480 6922
f 8477 3692 6925
f 8477 6925 8480
f 8480 6925 6924
f 8480 6924 8481
f 6922 8480 8481
f 6922 8481 6923
f 3643 7343 8482
f 3643 8482 7218
f 7343 7342 8483
f 7343 8483 8482
f 8482 8483 2045
f 8482 2045 8382
f 7218 8482 8382
f 7218 8382 6994
f 3665 6909 8484
f 3665 8484 7211
f 6909 3717 7210
f 6909 7210 8484
f 8484 7210 6979
f 8484 6979 8374
f 7211 8484 8374
f 7211 8374 6980
f 6937 6936 8485
f 6937 8485 8486
f 6936 3680 7217
f 6936 7217 8485
f 8485 7217 6993
f 8485 6993 8376
f 8486 8485 8376
f 8486 8376 2049
f 7026 8487 8488
f 7026 8488 7027
f 8487 7047 7119
f 8487 7119 8488
f 8488 7119 6699
f 8488 6699 8419
f 7027 8488 8419
f 7027 8419 7028
f 6643 8396 8489
f 6643 8489 7154
f 8396 7049 7048
f 8396 7048 8489
f 8489 7048 7047
f 8489 7047 8487
f 7154 8489 8487
f 7154 8487 7026
f 7012 7009 8490
f 7012 8490 8491
f 7009 7008 8422
f 7009 8422 8490
f 8490 8422 2006
f 8490 2006 2004
f 8491 8490 2004
f 8491 2004 1991
f 6630 7148 8492
f 6630 8492 8404
f 7148 7012 8491
f 7148 8491 8492
f 8492 8491 1991
f 8492 1991 1988
f 8404 8492 1988
f 8404 1988 1987
f 7033 7030 8493
f 7033 8493 8494
f 7030 7029 8400
f 7030 8400 8493
f 8493 8400 8402
f 8493 8402 8495
f 8494 8493 8495
f 8494 8495 8496
f 6686 7113 8497
f 6686 8497 8416
f 7113 7033 8494
f 7113 8494 8497
f 8497 8494 8496
f 8497 8496 8498
f 8416 8497 8498
f 8416 8498 8417
f 8496 8499 8500
f 8496 8500 8498
f 8499 7054 7051
f 8499 7051 8500
f 8500 7051 7050
f 8500 7050 8458
f 8498 8500 8458
f 8498 8458 8417
f 8402 8448 8501
f 8402 8501 8495
f 8448 6798 7155
f 8448 7155 8501
f 8501 7155 7054
f 8501 7054 8499
f 8495 8501 8499
f 8495 8499 8496
f 2031 8462 8502
f 2031 8502 2032
f 8462 7070 7069
f 8462 7069 8502
f 8502 7069 7068
f 8502 7068 8503
f 2032 8502 8503
f 2032 8503 2016
f 2016 8503 8504
f 2016 8504 2017
f 8503 7068 7161
f 8503 7161 8504
f 8504 7161 6811
f 8504 6811 8449
f 2017 8504 8449
f 2017 8449 2018
f 7071 8457 8505
f 7071 8505 7072
f 8457 2027 2030
f 8457 2030 8505
f 8505 2030 2012
f 8505 2012 8506
f 7072 8505 8506
f 7072 8506 7075
f 6839 8425 8507
f 6839 8507 7126
f 8425 7091 7090
f 8425 7090 8507
f 8507 7090 7089
f 8507 7089 8508
f 7126 8507 8508
f 7126 8508 7110
f 7110 8508 8509
f 7110 8509 7111
f 8508 7089 7168
f 8508 7168 8509
f 8509 7168 6825
f 8509 6825 8406
f 7111 8509 8406
f 7111 8406 7112
f 7075 8506 8510
f 7075 8510 7162
f 8506 2012 2015
f 8506 2015 8510
f 8510 2015 2020
f 8510 2020 8452
f 7162 8510 8452
f 7162 8452 6812
f 7096 7093 8511
f 7096 8511 8512
f 7093 7092 8409
f 7093 8409 8511
f 8511 8409 2025
f 8511 2025 2022
f 8512 8511 2022
f 8512 2022 2021
f 6826 7120 8513
f 6826 8513 8427
f 7120 7096 8512
f 7120 8512 8513
f 8513 8512 2021
f 8513 2021 2034
f 8427 8513 2034
f 8427 2034 2033
f 2020 2019 8514
f 2020 8514 8454
f 2019 2018 8451
f 2019 8451 8514
f 8514 8451 7237
f 8514 7237 7245
f 8454 8514 7245
f 8454 7245 6608
f 7227 8440 8515
f 7227 8515 7239
f 8440 6756 7260
f 8440 7260 8515
f 8515 7260 7248
f 8515 7248 8411
f 7239 8515 8411
f 7239 8411 6595
f 2025 8410 8516
f 2025 8516 2026
f 8410 7258 7266
f 8410 7266 8516
f 8516 7266 6769
f 8516 6769 8441
f 2026 8516 8441
f 2026 8441 2010
f 6783 8446 8517
f 6783 8517 7287
f 8446 6784 7302
f 8446 7302 8517
f 8517 7302 7290
f 8517 7290 8429
f 7287 8517 8429
f 7287 8429 7279
f 7269 8428 8518
f 7269 8518 7281
f 8428 2033 2036
f 8428 2036 8518
f 8518 2036 1996
f 8518 1996 8443
f 7281 8518 8443
f 7281 8443 6770
f 7300 7308 8519
f 7300 8519 8456
f 7308 6797 8461
f 7308 8461 8519
f 8519 8461 2031
f 8519 2031 2028
f 8456 8519 2028
f 8456 2028 2027
f 6923 8481 8520
f 6923 8520 7329
f 8481 6924 7344
f 8481 7344 8520
f 8520 7344 7332
f 8520 7332 8472
f 7329 8520 8472
f 7329 8472 7321
f 6910 7323 8521
f 6910 8521 8479
f 7323 7311 8471
f 7323 8471 8521
f 8521 8471 2043
f 8521 2043 2041
f 8479 8521 2041
f 8479 2041 2039
f 7342 7350 8522
f 7342 8522 8483
f 7350 6937 8486
f 7350 8486 8522
f 8522 8486 2049
f 8522 2049 2046
f 8483 8522 2046
f 8483 2046 2045
f 7413 7412 8523
f 7413 8523 8524
f 7412 7371 8525
f 7412 8525 8523
f 8523 8525 7414
f 8523 7414 7464
f 8524 8523 7464
f 8524 7464 7463
f 7371 7370 8526
f 7371 8526 8525
f 7370 7369 8527
f 7370 8527 8526
f 8526 8527 7418
f 8526 7418 7415
f 8525 8526 7415
f 8525 7415 7414
f 7369 7373 8528
f 7369 8528 8527
f 7373 7372 8529
f 7373 8529 8528
f 8528 8529 7448
f 8528 7448 7447
f 8527 8528 7447
f 8527 7447 7418
f 7372 7387 8530
f 7372 8530 8529
f 7387 7386 8531
f 7387 8531 8530
f 8530 8531 7462
f 8530 7462 7461
f 8529 8530 7461
f 8529 7461 7448
f 7511 8532 8533
f 7511 8533 7518
f 8532 7554 7568
f 8532 7568 8533
f 8533 7568 7462
f 8533 7462 8531
f 7518 8533 8531
f 7518 8531 7386
f 7413 8524 8534
f 7413 8534 7638
f 8524 7463 7700
f 8524 7700 8534
f 8534 7700 7665
f 8534 7665 8535
f 7638 8534 8535
f 7638 8535 7589
f 7519 8536 8537
f 7519 8537 7520
f 8536 7588 7587
f 8536 7587 8537
f 8537 7587 7553
f 8537 7553 8538
f 7520 8537 8538
f 7520 8538 7477
f 7477 8538 8539
f 7477 8539 7478
f 8538 7553 7552
f 8538 7552 8539
f 8539 7552 7551
f 8539 7551 8540
f 7478 8539 8540
f 7478 8540 7481
f 7481 8540 8541
f 7481 8541 7510
f 8540 7551 7555
f 8540 7555 8541
f 8541 7555 7554
f 8541 7554 8532
f 7510 8541 8532
f 7510 8532 7511
f 7519 7749 8542
f 7519 8542 8536
f 7749 7721 8543
f 7749 8543 8542
f 8542 8543 7750
f 8542 7750 7792
f 8536 8542 7792
f 8536 7792 7588
f 7589 8535 8544
f 7589 8544 7590
f 8535 7665 7664
f 8535 7664 8544
f 8544 7664 7663
f 8544 7663 8545
f 7590 8544 8545
f 7590 8545 7593
f 7593 8545 8546
f 7593 8546 7622
f 8545 7663 7667
f 8545 7667 8546
f 8546 7667 7666
f 8546 7666 8547
f 7622 8546 8547
f 7622 8547 7623
f 7623 8547 8548
f 7623 8548 7636
f 8547 7666 7681
f 8547 7681 8548
f 8548 7681 7680
f 8548 7680 8549
f 7636 8548 8549
f 7636 8549 7637
f 7722 7736 8550
f 7722 8550 8551
f 7736 7637 8549
f 7736 8549 8550
f 8550 8549 7680
f 8550 7680 7791
f 8551 8550 7791
f 8551 7791 7784
f 7721 7720 8552
f 7721 8552 8543
f 7720 7719 8553
f 7720 8553 8552
f 8552 8553 7754
f 8552 7754 7751
f 8543 8552 7751
f 8543 7751 7750
f 7719 7723 8554
f 7719 8554 8553
f 7723 7722 8551
f 7723 8551 8554
f 8554 8551 7784
f 8554 7784 7783
f 8553 8554 7783
f 8553 7783 7754
f 8555 8556 8557
f 8555 8557 8558
f 8559 8560 8556
f 8559 8556 8555
f 8561 8562 8560
f 8561 8560 8559
f 8563 8564 8562
f 8563 8562 8561
f 8565 8566 8564
f 8565 8564 8563
f 8567 8568 8566
f 8567 8566 8565
f 8569 8570 8568
f 8569 8568 8567
f 8571 8572 8570
f 8571 8570 8569
f 8573 8574 8572
f 8573 8572 8571
f 8575 8576 8577
f 8575 8577 8578
f 8579 8580 8576
f 8579 8576 8575
f 8581 8582 8580
f 8581 8580 8579
f 8583 8584 8582
f 8583 8582 8581
f 8558 8557 8584
f 8558 8584 8583
f 8578 8577 8585
f 8578 8585 8586
f 8587 8588 8589
f 8589 8590 8591
f 8591 8592 8593
f 8593 8594 8595
f 8595 8596 8597
f 8597 8598 8599
f 8599 8600 8601
f 8601 8602 8603
f 8603 8587 8589
f 8589 8591 8593
f 8593 8595 8597
f 8597 8599 8601
f 8601 8603 8589
f 8589 8593 8597
f 8589 8597 8601
f 8577 8604 8605
f 8577 8605 8585
f 8604 8606 8607
f 8604 8607 8605
f 8606 8590 8589
f 8606 8589 8607
f 8576 8608 8604
f 8576 8604 8577
f 8608 8609 8606
f 8608 8606 8604
f 8609 8591 8590
f 8609 8590 8606
f 8580 8610 8608
f 8580 8608 8576
f 8610 8611 8609
f 8610 8609 8608
f 8611 8592 8591
f 8611 8591 8609
f 8582 8612 8610
f 8582 8610 8580
f 8612 8613 8611
f 8612 8611 8610
f 8613 8593 8592
f 8613 8592 8611
f 8584 8614 8612
f 8584 8612 8582
f 8614 8615 8613
f 8614 8613 8612
f 8615 8594 8593
f 8615 8593 8613
f 8557 8616 8614
f 8557 8614 8584
f 8616 8617 8615
f 8616 8615 8614
f 8617 8595 8594
f 8617 8594 8615
f 8556 8618 8616
f 8556 8616 8557
f 8618 8619 8617
f 8618 8617 8616
f 8619 8596 8595
f 8619 8595 8617
f 8560 8620 8618
f 8560 8618 8556
f 8620 8621 8619
f 8620 8619 8618
f 8621 8597 8596
f 8621 8596 8619
f 8562 8622 8620
f 8562 8620 8560
f 8622 8623 8621
f 8622 8621 8620
f 8623 8598 8597
f 8623 8597 8621
f 8564 8624 8622
f 8564 8622 8562
f 8624 8625 8623
f 8624 8623 8622
f 8625 8599 8598
f 8625 8598 8623
f 8566 8626 8624
f 8566 8624 8564
f 8626 8627 8625
f 8626 8625 8624
f 8627 8600 8599
f 8627 8599 8625
f 8568 8628 8626
f 8568 8626 8566
f 8628 8629 8627
f 8628 8627 8626
f 8629 8601 8600
f 8629 8600 8627
f 8570 8630 8628
f 8570 8628 8568
f 8630 8631 8629
f 8630 8629 8628
f 8631 8602 8601
f 8631 8601 8629
f 8572 8632 8630
f 8572 8630 8570
f 8632 8633 8631
f 8632 8631 8630
f 8633 8603 8602
f 8633 8602 8631
f 8574 8634 8632
f 8574 8632 8572
f 8634 8635 8633
f 8634 8633 8632
f 8635 8587 8603
f 8635 8603 8633
f 8636 8637 8634
f 8636 8634 8574
f 8637 8638 8635
f 8637 8635 8634
f 8638 8588 8587
f 8638 8587 8635
f 8639 8636 8574
f 8639 8574 8573
f 8640 8641 8642
f 8640 8642 8643
f 8641 8644 8645
f 8641 8645 8642
f 8644 8578 8586
f 8644 8586 8645
f 8646 8647 8641
f 8646 8641 8640
f 8647 8648 8644
f 8647 8644 8641
f 8648 8575 8578
f 8648 8578 8644
f 8649 8650 8647
f 8649 8647 8646
f 8650 8651 8648
f 8650 8648 8647
f 8651 8579 8575
f 8651 8575 8648
f 8652 8653 8650
f 8652 8650 8649
f 8653 8654 8651
f 8653 8651 8650
f 8654 8581 8579
f 8654 8579 8651
f 8655 8656 8653
f 8655 8653 8652
f 8656 8657 8654
f 8656 8654 8653
f 8657 8583 8581
f 8657 8581 8654
f 8658 8659 8656
f 8658 8656 8655
f 8659 8660 8657
f 8659 8657 8656
f 8660 8558 8583
f 8660 8583 8657
f 8661 8662 8659
f 8661 8659 8658
f 8662 8663 8660
f 8662 8660 8659
f 8663 8555 8558
f 8663 8558 8660
f 8664 8665 8662
f 8664 8662 8661
f 8665 8666 8663
f 8665 8663 8662
f 8666 8559 8555
f 8666 8555 8663
f 8667 8668 8665
f 8667 8665 8664
f 8668 8669 8666
f 8668 8666 8665
f 8669 8561 8559
f 8669 8559 8666
f 8670 8671 8668
f 8670 8668 8667
f 8671 8672 8669
f 8671 8669 8668
f 8672 8563 8561
f 8672 8561 8669
f 8673 8674 8671
f 8673 8671 8670
f 8674 8675 8672
f 8674 8672 8671
f 8675 8565 8563
f 8675 8563 8672
f 8676 8677 8674
f 8676 8674 8673
f 8677 8678 8675
f 8677 8675 8674
f 8678 8567 8565
f 8678 8565 8675
f 8679 8680 8677
f 8679 8677 8676
f 8680 8681 8678
f 8680 8678 8677
f 8681 8569 8567
f 8681 8567 8678
f 8682 8683 8680
f 8682 8680 8679
f 8683 8684 8681
f 8683 8681 8680
f 8684 8571 8569
f 8684 8569 8681
f 8685 8686 8683
f 8685 8683 8682
f 8686 8687 8684
f 8686 8684 8683
f 8687 8573 8571
f 8687 8571 8684
f 8688 8689 8686
f 8688 8686 8685
f 8689 8690 8687
f 8689 8687 8686
f 8690 8639 8573
f 8690 8573 8687
f 8646 8640 8643
f 8643 8688 8685
f 8685 8682 8679
f 8679 8676 8673
f 8673 8670 8667
f 8667 8664 8661
f 8661 8658 8655
f 8655 8652 8649
f 8649 8646 8643
f 8643 8685 8679
f 8679 8673 8667
f 8667 8661 8655
f 8655 8649 8643
f 8643 8679 8667
f 8643 8667 8655
f 8691 8692 8693
f 8691 8693 8694
f 8695 8691 8694
f 8695 8694 8696
f 8697 8695 8696
f 8697 8696 8698
f 8699 8697 8698
f 8699 8698 8700
f 8701 8699 8700
f 8701 8700 8702
f 8703 8701 8702
f 8703 8702 8704
f 8705 8703 8704
f 8705 8704 8706
f 8707 8705 8706
f 8707 8706 8708
f 8709 8707 8708
f 8709 8708 8710
f 8711 8712 8713
f 8711 8713 8714
f 8715 8711 8714
f 8715 8714 8716
f 8717 8715 8716
f 8717 8716 8718
f 8719 8717 8718
f 8719 8718 8720
f 8692 8719 8720
f 8692 8720 8693
f 8712 8586 8585
f 8712 8585 8713
f 8589 8588 8721
f 8721 8722 8723
f 8723 8724 8725
f 8725 8726 8727
f 8727 8728 8729
f 8729 8730 8731
f 8731 8732 8733
f 8733 8734 8735
f 8735 8589 8721
f 8721 8723 8725
f 8725 8727 8729
f 8729 8731 8733
f 8733 8735 8721
f 8721 8725 8729
f 8721 8729 8733
f 8713 8585 8605
f 8713 8605 8736
f 8736 8605 8607
f 8736 8607 8737
f 8737 8607 8589
f 8737 8589 8735
f 8714 8713 8736
f 8714 8736 8738
f 8738 8736 8737
f 8738 8737 8739
f 8739 8737 8735
f 8739 8735 8734
f 8716 8714 8738
f 8716 8738 8740
f 8740 8738 8739
f 8740 8739 8741
f 8741 8739 8734
f 8741 8734 8733
f 8718 8716 8740
f 8718 8740 8742
f 8742 8740 8741
f 8742 8741 8743
f 8743 8741 8733
f 8743 8733 8732
f 8720 8718 8742
f 8720 8742 8744
f 8744 8742 8743
f 8744 8743 8745
f 8745 8743 8732
f 8745 8732 8731
f 8693 8720 8744
f 8693 8744 8746
f 8746 8744 8745
f 8746 8745 8747
f 8747 8745 8731
f 8747 8731 8730
f 8694 8693 8746
f 8694 8746 8748
f 8748 8746 8747
f 8748 8747 8749
f 8749 8747 8730
f 8749 8730 8729
f 8696 8694 8748
f 8696 8748 8750
f 8750 8748 8749
f 8750 8749 8751
f 8751 8749 8729
f 8751 8729 8728
f 8698 8696 8750
f 8698 8750 8752
f 8752 8750 8751
f 8752 8751 8753
f 8753 8751 8728
f 8753 8728 8727
f 8700 8698 8752
f 8700 8752 8754
f 8754 8752 8753
f 8754 8753 8755
f 8755 8753 8727
f 8755 8727 8726
f 8702 8700 8754
f 8702 8754 8756
f 8756 8754 8755
f 8756 8755 8757
f 8757 8755 8726
f 8757 8726 8725
f 8704 8702 8756
f 8704 8756 8758
f 8758 8756 8757
f 8758 8757 8759
f 8759 8757 8725
f 8759 8725 8724
f 8706 8704 8758
f 8706 8758 8760
f 8760 8758 8759
f 8760 8759 8761
f 8761 8759 8724
f 8761 8724 8723
f 8708 8706 8760
f 8708 8760 8762
f 8762 8760 8761
f 8762 8761 8763
f 8763 8761 8723
f 8763 8723 8722
f 8710 8708 8762
f 8710 8762 8764
f 8764 8762 8763
f 8764 8763 8765
f 8765 8763 8722
f 8765 8722 8721
f 8636 8710 8764
f 8636 8764 8637
f 8637 8764 8765
f 8637 8765 8638
f 8638 8765 8721
f 8638 8721 8588
f 8639 8709 8710
f 8639 8710 8636
f 8766 8643 8642
f 8766 8642 8767
f 8767 8642 8645
f 8767 8645 8768
f 8768 8645 8586
f 8768 8586 8712
f 8769 8766 8767
f 8769 8767 8770
f 8770 8767 8768
f 8770 8768 8771
f 8771 8768 8712
f 8771 8712 8711
f 8772 8769 8770
f 8772 8770 8773
f 8773 8770 8771
f 8773 8771 8774
f 8774 8771 8711
f 8774 8711 8715
f 8775 8772 8773
f 8775 8773 8776
f 8776 8773 8774
f 8776 8774 8777
f 8777 8774 8715
f 8777 8715 8717
f 8778 8775 8776
f 8778 8776 8779
f 8779 8776 8777
f 8779 8777 8780
f 8780 8777 8717
f 8780 8717 8719
f 8781 8778 8779
f 8781 8779 8782
f 8782 8779 8780
f 8782 8780 8783
f 8783 8780 8719
f 8783 8719 8692
f 8784 8781 8782
f 8784 8782 8785
f 8785 8782 8783
f 8785 8783 8786
f 8786 8783 8692
f 8786 8692 8691
f 8787 8784 8785
f 8787 8785 8788
f 8788 8785 8786
f 8788 8786 8789
f 8789 8786 8691
f 8789 8691 8695
f 8790 8787 8788
f 8790 8788 8791
f 8791 8788 8789
f 8791 8789 8792
f 8792 8789 8695
f 8792 8695 8697
f 8793 8790 8791
f 8793 8791 8794
f 8794 8791 8792
f 8794 8792 8795
f 8795 8792 8697
f 8795 8697 8699
f 8796 8793 8794
f 8796 8794 8797
f 8797 8794 8795
f 8797 8795 8798
f 8798 8795 8699
f 8798 8699 8701
f 8799 8796 8797
f 8799 8797 8800
f 8800 8797 8798
f 8800 8798 8801
f 8801 8798 8701
f 8801 8701 8703
f 8802 8799 8800
f 8802 8800 8803
f 8803 8800 8801
f 8803 8801 8804
f 8804 8801 8703
f 8804 8703 8705
f 8805 8802 8803
f 8805 8803 8806
f 8806 8803 8804
f 8806 8804 8807
f 8807 8804 8705
f 8807 8705 8707
f 8808 8805 8806
f 8808 8806 8809
f 8809 8806 8807
f 8809 8807 8810
f 8810 8807 8707
f 8810 8707 8709
f 8688 8808 8809
f 8688 8809 8689
f 8689 8809 8810
f 8689 8810 8690
f 8690 8810 8709
f 8690 8709 8639
f 8643 8766 8769
f 8769 8772 8775
f 8775 8778 8781
f 8781 8784 8787
f 8787 8790 8793
f 8793 8796 8799
f 8799 8802 8805
f 8805 8808 8688
f 8688 8643 8769
f 8769 8775 8781
f 8781 8787 8793
f 8793 8799 8805
f 8805 8688 8769
f 8769 8781 8793
f 8769 8793 8805
f 8811 8812 8813
f 8811 8813 8814
f 8812 8815 8816
f 8812 8816 8813
f 8813 8816 8817
f 8813 8817 8818
f 8814 8813 8818
f 8814 8818 8819
f 8820 8821 8822
f 8820 8822 8823
f 8821 8811 8814
f 8821 8814 8822
f 8822 8814 8819
f 8822 8819 8824
f 8823 8822 8824
f 8823 8824 8825
f 8826 8827 8828
f 8826 8828 8829
f 8827 8820 8823
f 8827 8823 8828
f 8828 8823 8825
f 8828 8825 8830
f 8829 8828 8830
f 8829 8830 8831
f 8832 8833 8834
f 8832 8834 8835
f 8833 8826 8829
f 8833 8829 8834
f 8834 8829 8831
f 8834 8831 8836
f 8835 8834 8836
f 8835 8836 8837
f 8838 8839 8840
f 8838 8840 8841
f 8839 8832 8835
f 8839 8835 8840
f 8840 8835 8837
f 8840 8837 8842
f 8841 8840 8842
f 8841 8842 8843
f 8844 8845 8846
f 8844 8846 8847
f 8845 8838 8841
f 8845 8841 8846
f 8846 8841 8843
f 8846 8843 8848
f 8847 8846 8848
f 8847 8848 8849
f 8850 8851 8852
f 8850 8852 8853
f 8851 8844 8847
f 8851 8847 8852
f 8852 8847 8849
f 8852 8849 8854
f 8853 8852 8854
f 8853 8854 8855
f 8815 8856 8857
f 8815 8857 8816
f 8856 8850 8853
f 8856 8853 8857
f 8857 8853 8855
f 8857 8855 8858
f 8816 8857 8858
f 8816 8858 8817
f 8859 8860 8861
f 8859 8861 8862
f 8860 8863 8864
f 8860 8864 8861
f 8861 8864 8865
f 8861 8865 8866
f 8862 8861 8866
f 8862 8866 8867
f 8863 8868 8869
f 8863 8869 8864
f 8868 8870 8871
f 8868 8871 8869
f 8869 8871 8872
f 8869 8872 8873
f 8864 8869 8873
f 8864 8873 8865
f 8874 8875 8876
f 8874 8876 8877
f 8875 8878 8879
f 8875 8879 8876
f 8876 8879 8872
f 8876 8872 8871
f 8877 8876 8871
f 8877 8871 8870
f 8878 8880 8881
f 8878 8881 8879
f 8880 8882 8883
f 8880 8883 8881
f 8881 8883 8884
f 8881 8884 8885
f 8879 8881 8885
f 8879 8885 8872
f 8886 8887 8888
f 8886 8888 8889
f 8887 8890 8891
f 8887 8891 8888
f 8888 8891 8884
f 8888 8884 8883
f 8889 8888 8883
f 8889 8883 8882
f 8890 8892 8893
f 8890 8893 8891
f 8892 8867 8866
f 8892 8866 8893
f 8893 8866 8865
f 8893 8865 8894
f 8891 8893 8894
f 8891 8894 8884
f 8865 8873 8895
f 8865 8895 8894
f 8872 8885 8895
f 8872 8895 8873
f 8884 8894 8895
f 8884 8895 8885
f 8896 8897 8898
f 8896 8898 8899
f 8897 8900 8901
f 8897 8901 8898
f 8898 8901 8902
f 8898 8902 8903
f 8899 8898 8903
f 8899 8903 8904
f 8900 8905 8906
f 8900 8906 8901
f 8905 8907 8908
f 8905 8908 8906
f 8906 8908 8909
f 8906 8909 8910
f 8901 8906 8910
f 8901 8910 8902
f 8911 8912 8913
f 8911 8913 8914
f 8912 8915 8916
f 8912 8916 8913
f 8913 8916 8909
f 8913 8909 8908
f 8914 8913 8908
f 8914 8908 8907
f 8915 8917 8918
f 8915 8918 8916
f 8917 8919 8920
f 8917 8920 8918
f 8918 8920 8921
f 8918 8921 8922
f 8916 8918 8922
f 8916 8922 8909
f 8923 8924 8925
f 8923 8925 8926
f 8924 8927 8928
f 8924 8928 8925
f 8925 8928 8921
f 8925 8921 8920
f 8926 8925 8920
f 8926 8920 8919
f 8927 8929 8930
f 8927 8930 8928
f 8929 8904 8903
f 8929 8903 8930
f 8930 8903 8902
f 8930 8902 8931
f 8928 8930 8931
f 8928 8931 8921
f 8902 8910 8932
f 8902 8932 8931
f 8909 8922 8932
f 8909 8932 8910
f 8921 8931 8932
f 8921 8932 8922
f 8933 8934 8935
f 8933 8935 8936
f 8934 8937 8938
f 8934 8938 8935
f 8935 8938 8939
f 8935 8939 8940
f 8936 8935 8940
f 8936 8940 8941
f 8937 8942 8943
f 8937 8943 8938
f 8942 8944 8945
f 8942 8945 8943
f 8943 8945 8946
f 8943 8946 8947
f 8938 8943 8947
f 8938 8947 8939
f 8948 8949 8950
f 8948 8950 8951
f 8949 8952 8953
f 8949 8953 8950
f 8950 8953 8946
f 8950 8946 8945
f 8951 8950 8945
f 8951 8945 8944
f 8952 8954 8955
f 8952 8955 8953
f 8954 8956 8957
f 8954 8957 8955
f 8955 8957 8958
f 8955 8958 8959
f 8953 8955 8959
f 8953 8959 8946
f 8960 8961 8962
f 8960 8962 8963
f 8961 8964 8965
f 8961 8965 8962
f 8962 8965 8958
f 8962 8958 8957
f 8963 8962 8957
f 8963 8957 8956
f 8964 8966 8967
f 8964 8967 8965
f 8966 8941 8940
f 8966 8940 8967
f 8967 8940 8939
f 8967 8939 8968
f 8965 8967 8968
f 8965 8968 8958
f 8939 8947 8969
f 8939 8969 8968
f 8946 8959 8969
f 8946 8969 8947
f 8958 8968 8969
f 8958 8969 8959
f 8970 8971 8972
f 8970 8972 8973
f 8971 8974 8975
f 8971 8975 8972
f 8972 8975 8976
f 8972 8976 8977
f 8973 8972 8977
f 8973 8977 8978
f 8974 8979 8980
f 8974 8980 8975
f 8979 8981 8982
f 8979 8982 8980
f 8980 8982 8983
f 8980 8983 8984
f 8975 8980 8984
f 8975 8984 8976
f 8985 8986 8987
f 8985 8987 8988
f 8986 8989 8990
f 8986 8990 8987
f 8987 8990 8983
f 8987 8983 8982
f 8988 8987 8982
f 8988 8982 8981
f 8989 8991 8992
f 8989 8992 8990
f 8991 8993 8994
f 8991 8994 8992
f 8992 8994 8995
f 8992 8995 8996
f 8990 8992 8996
f 8990 8996 8983
f 8997 8998 8999
f 8997 8999 9000
f 8998 9001 9002
f 8998 9002 8999
f 8999 9002 8995
f 8999 8995 8994
f 9000 8999 8994
f 9000 8994 8993
f 9001 9003 9004
f 9001 9004 9002
f 9003 8978 8977
f 9003 8977 9004
f 9004 8977 8976
f 9004 8976 9005
f 9002 9004 9005
f 9002 9005 8995
f 8976 8984 9006
f 8976 9006 9005
f 8983 8996 9006
f 8983 9006 8984
f 8995 9005 9006
f 8995 9006 8996
f 9007 9008 9009
f 9007 9009 9010
f 9008 9011 9012
f 9008 9012 9009
f 9009 9012 9013
f 9009 9013 9014
f 9010 9009 9014
f 9010 9014 9015
f 9011 9016 9017
f 9011 9017 9012
f 9016 9018 9019
f 9016 9019 9017
f 9017 9019 9020
f 9017 9020 9021
f 9012 9017 9021
f 9012 9021 9013
f 9022 9023 9024
f 9022 9024 9025
f 9023 9026 9027
f 9023 9027 9024
f 9024 9027 9020
f 9024 9020 9019
f 9025 9024 9019
f 9025 9019 9018
f 9026 9028 9029
f 9026 9029 9027
f 9028 9030 9031
f 9028 9031 9029
f 9029 9031 9032
f 9029 9032 9033
f 9027 9029 9033
f 9027 9033 9020
f 9034 9035 9036
f 9034 9036 9037
f 9035 9038 9039
f 9035 9039 9036
f 9036 9039 9032
f 9036 9032 9031
f 9037 9036 9031
f 9037 9031 9030
f 9038 9040 9041
f 9038 9041 9039
f 9040 9015 9014
f 9040 9014 9041
f 9041 9014 9013
f 9041 9013 9042
f 9039 9041 9042
f 9039 9042 9032
f 9013 9021 9043
f 9013 9043 9042
f 9020 9033 9043
f 9020 9043 9021
f 9032 9042 9043
f 9032 9043 9033
f 9044 9045 9046
f 9044 9046 9047
f 9045 9048 9049
f 9045 9049 9046
f 9046 9049 9050
f 9046 9050 9051
f 9047 9046 9051
f 9047 9051 9052
f 9048 9053 9054
f 9048 9054 9049
f 9053 9055 9056
f 9053 9056 9054
f 9054 9056 9057
f 9054 9057 9058
f 9049 9054 9058
f 9049 9058 9050
f 9059 9060 9061
f 9059 9061 9062
f 9060 9063 9064
f 9060 9064 9061
f 9061 9064 9057
f 9061 9057 9056
f 9062 9061 9056
f 9062 9056 9055
f 9063 9065 9066
f 9063 9066 9064
f 9065 9067 9068
f 9065 9068 9066
f 9066 9068 9069
f 9066 9069 9070
f 9064 9066 9070
f 9064 9070 9057
f 9071 9072 9073
f 9071 9073 9074
f 9072 9075 9076
f 9072 9076 9073
f 9073 9076 9069
f 9073 9069 9068
f 9074 9073 9068
f 9074 9068 9067
f 9075 9077 9078
f 9075 9078 9076
f 9077 9052 9051
f 9077 9051 9078
f 9078 9051 9050
f 9078 9050 9079
f 9076 9078 9079
f 9076 9079 9069
f 9050 9058 9080
f 9050 9080 9079
f 9057 9070 9080
f 9057 9080 9058
f 9069 9079 9080
f 9069 9080 9070
f 9081 9082 9083
f 9081 9083 9084
f 9082 9085 9086
f 9082 9086 9083
f 9083 9086 9087
f 9083 9087 9088
f 9084 9083 9088
f 9084 9088 9089
f 9085 9090 9091
f 9085 9091 9086
f 9090 9092 9093
f 9090 9093 9091
f 9091 9093 9094
f 9091 9094 9095
f 9086 9091 9095
f 9086 9095 9087
f 9096 9097 9098
f 9096 9098 9099
f 9097 9100 9101
f 9097 9101 9098
f 9098 9101 9094
f 9098 9094 9093
f 9099 9098 9093
f 9099 9093 9092
f 9100 9102 9103
f 9100 9103 9101
f 9102 9104 9105
f 9102 9105 9103
f 9103 9105 9106
f 9103 9106 9107
f 9101 9103 9107
f 9101 9107 9094
f 9108 9109 9110
f 9108 9110 9111
f 9109 9112 9113
f 9109 9113 9110
f 9110 9113 9106
f 9110 9106 9105
f 9111 9110 9105
f 9111 9105 9104
f 9112 9114 9115
f 9112 9115 9113
f 9114 9089 9088
f 9114 9088 9115
f 9115 9088 9087
f 9115 9087 9116
f 9113 9115 9116
f 9113 9116 9106
f 9087 9095 9117
f 9087 9117 9116
f 9094 9107 9117
f 9094 9117 9095
f 9106 9116 9117
f 9106 9117 9107
f 9118 9119 9120
f 9118 9120 9121
f 9119 9122 9123
f 9119 9123 9120
f 9120 9123 9124
f 9120 9124 9125
f 9121 9120 9125
f 9121 9125 9126
f 9122 9127 9128
f 9122 9128 9123
f 9127 9129 9130
f 9127 9130 9128
f 9128 9130 9131
f 9128 9131 9132
f 9123 9128 9132
f 9123 9132 9124
f 9133 9134 9135
f 9133 9135 9136
f 9134 9137 9138
f 9134 9138 9135
f 9135 9138 9131
f 9135 9131 9130
f 9136 9135 9130
f 9136 9130 9129
f 9137 9139 9140
f 9137 9140 9138
f 9139 9141 9142
f 9139 9142 9140
f 9140 9142 9143
f 9140 9143 9144
f 9138 9140 9144
f 9138 9144 9131
f 9145 9146 9147
f 9145 9147 9148
f 9146 9149 9150
f 9146 9150 9147
f 9147 9150 9143
f 9147 9143 9142
f 9148 9147 9142
f 9148 9142 9141
f 9149 9151 9152
f 9149 9152 9150
f 9151 9126 9125
f 9151 9125 9152
f 9152 9125 9124
f 9152 9124 9153
f 9150 9152 9153
f 9150 9153 9143
f 9124 9132 9154
f 9124 9154 9153
f 9131 9144 9154
f 9131 9154 9132
f 9143 9153 9154
f 9143 9154 9144
f 9155 9156 9157
f 9155 9157 9158
f 9156 9159 9160
f 9156 9160 9157
f 9157 9160 9161
f 9157 9161 9162
f 9158 9157 9162
f 9158 9162 9163
f 9159 9164 9165
f 9159 9165 9160
f 9164 9166 9167
f 9164 9167 9165
f 9165 9167 9168
f 9165 9168 9169
f 9160 9165 9169
f 9160 9169 9161
f 9170 9171 9172
f 9170 9172 9173
f 9171 9174 9175
f 9171 9175 9172
f 9172 9175 9168
f 9172 9168 9167
f 9173 9172 9167
f 9173 9167 9166
f 9174 9176 9177
f 9174 9177 9175
f 9176 9178 9179
f 9176 9179 9177
f 9177 9179 9180
f 9177 9180 9181
f 9175 9177 9181
f 9175 9181 9168
f 9182 9183 9184
f 9182 9184 9185
f 9183 9186 9187
f 9183 9187 9184
f 9184 9187 9180
f 9184 9180 9179
f 9185 9184 9179
f 9185 9179 9178
f 9186 9188 9189
f 9186 9189 9187
f 9188 9190 9191
f 9188 9191 9189
f 9189 9191 9192
f 9189 9192 9193
f 9187 9189 9193
f 9187 9193 9180
f 9194 9195 9196
f 9194 9196 9197
f 9195 9198 9199
f 9195 9199 9196
f 9196 9199 9192
f 9196 9192 9191
f 9197 9196 9191
f 9197 9191 9190
f 9198 9200 9201
f 9198 9201 9199
f 9200 9163 9162
f 9200 9162 9201
f 9201 9162 9161
f 9201 9161 9202
f 9199 9201 9202
f 9199 9202 9192
f 9161 9169 9203
f 9161 9203 9202
f 9169 9168 9181
f 9169 9181 9203
f 9203 9181 9180
f 9203 9180 9193
f 9202 9203 9193
f 9202 9193 9192
f 9204 9205 9206
f 9204 9206 9207
f 9205 9208 9209
f 9205 9209 9206
f 9206 9209 9210
f 9206 9210 9211
f 9207 9206 9211
f 9207 9211 9212
f 9208 9213 9214
f 9208 9214 9209
f 9213 9215 9216
f 9213 9216 9214
f 9214 9216 9217
f 9214 9217 9218
f 9209 9214 9218
f 9209 9218 9210
f 9219 9220 9221
f 9219 9221 9222
f 9220 9223 9224
f 9220 9224 9221
f 9221 9224 9217
f 9221 9217 9216
f 9222 9221 9216
f 9222 9216 9215
f 9223 9225 9226
f 9223 9226 9224
f 9225 9227 9228
f 9225 9228 9226
f 9226 9228 9229
f 9226 9229 9230
f 9224 9226 9230
f 9224 9230 9217
f 9231 9232 9233
f 9231 9233 9234
f 9232 9235 9236
f 9232 9236 9233
f 9233 9236 9229
f 9233 9229 9228
f 9234 9233 9228
f 9234 9228 9227
f 9235 9237 9238
f 9235 9238 9236
f 9237 9239 9240
f 9237 9240 9238
f 9238 9240 9241
f 9238 9241 9242
f 9236 9238 9242
f 9236 9242 9229
f 9243 9244 9245
f 9243 9245 9246
f 9244 9247 9248
f 9244 9248 9245
f 9245 9248 9241
f 9245 9241 9240
f 9246 9245 9240
f 9246 9240 9239
f 9247 9249 9250
f 9247 9250 9248
f 9249 9212 9211
f 9249 9211 9250
f 9250 9211 9210
f 9250 9210 9251
f 9248 9250 9251
f 9248 9251 9241
f 9210 9218 9252
f 9210 9252 9251
f 9218 9217 9230
f 9218 9230 9252
f 9252 9230 9229
f 9252 9229 9242
f 9251 9252 9242
f 9251 9242 9241
f 9253 9254 9255
f 9253 9255 9256
f 9254 9257 9258
f 9254 9258 9255
f 9255 9258 9259
f 9255 9259 9260
f 9256 9255 9260
f 9256 9260 9261
f 9257 9262 9263
f 9257 9263 9258
f 9262 9264 9265
f 9262 9265 9263
f 9263 9265 9266
f 9263 9266 9267
f 9258 9263 9267
f 9258 9267 9259
f 9268 9269 9270
f 9268 9270 9271
f 9269 9272 9273
f 9269 9273 9270
f 9270 9273 9266
f 9270 9266 9265
f 9271 9270 9265
f 9271 9265 9264
f 9272 9274 9275
f 9272 9275 9273
f 9274 9276 9277
f 9274 9277 9275
f 9275 9277 9278
f 9275 9278 9279
f 9273 9275 9279
f 9273 9279 9266
f 9280 9281 9282
f 9280 9282 9283
f 9281 9284 9285
f 9281 9285 9282
f 9282 9285 9278
f 9282 9278 9277
f 9283 9282 9277
f 9283 9277 9276
f 9284 9286 9287
f 9284 9287 9285
f 9286 9288 9289
f 9286 9289 9287
f 9287 9289 9290
f 9287 9290 9291
f 9285 9287 9291
f 9285 9291 9278
f 9292 9293 9294
f 9292 9294 9295
f 9293 9296 9297
f 9293 9297 9294
f 9294 9297 9290
f 9294 9290 9289
f 9295 9294 9289
f 9295 9289 9288
f 9296 9298 9299
f 9296 9299 9297
f 9298 9261 9260
f 9298 9260 9299
f 9299 9260 9259
f 9299 9259 9300
f 9297 9299 9300
f 9297 9300 9290
f 9259 9267 9301
f 9259 9301 9300
f 9267 9266 9279
f 9267 9279 9301
f 9301 9279 9278
f 9301 9278 9291
f 9300 9301 9291
f 9300 9291 9290
f 9302 9303 9304
f 9302 9304 9305
f 9303 9306 9307
f 9303 9307 9304
f 9304 9307 9308
f 9304 9308 9309
f 9305 9304 9309
f 9305 9309 9310
f 9306 9311 9312
f 9306 9312 9307
f 9311 9313 9314
f 9311 9314 9312
f 9312 9314 9315
f 9312 9315 9316
f 9307 9312 9316
f 9307 9316 9308
f 9317 9318 9319
f 9317 9319 9320
f 9318 9321 9322
f 9318 9322 9319
f 9319 9322 9315
f 9319 9315 9314
f 9320 9319 9314
f 9320 9314 9313
f 9321 9323 9324
f 9321 9324 9322
f 9323 9325 9326
f 9323 9326 9324
f 9324 9326 9327
f 9324 9327 9328
f 9322 9324 9328
f 9322 9328 9315
f 9329 9330 9331
f 9329 9331 9332
f 9330 9333 9334
f 9330 9334 9331
f 9331 9334 9327
f 9331 9327 9326
f 9332 9331 9326
f 9332 9326 9325
f 9333 9335 9336
f 9333 9336 9334
f 9335 9337 9338
f 9335 9338 9336
f 9336 9338 9339
f 9336 9339 9340
f 9334 9336 9340
f 9334 9340 9327
f 9341 9342 9343
f 9341 9343 9344
f 9342 9345 9346
f 9342 9346 9343
f 9343 9346 9339
f 9343 9339 9338
f 9344 9343 9338
f 9344 9338 9337
f 9345 9347 9348
f 9345 9348 9346
f 9347 9310 9309
f 9347 9309 9348
f 9348 9309 9308
f 9348 9308 9349
f 9346 9348 9349
f 9346 9349 9339
f 9308 9316 9350
f 9308 9350 9349
f 9316 9315 9328
f 9316 9328 9350
f 9350 9328 9327
f 9350 9327 9340
f 9349 9350 9340
f 9349 9340 9339
f 9351 9352 9353
f 9351 9353 9354
f 9352 9355 9356
f 9352 9356 9353
f 9353 9356 9357
f 9353 9357 9358
f 9354 9353 9358
f 9354 9358 9359
f 9355 9360 9361
f 9355 9361 9356
f 9360 9362 9363
f 9360 9363 9361
f 9361 9363 9364
f 9361 9364 9365
f 9356 9361 9365
f 9356 9365 9357
f 9366 9367 9368
f 9366 9368 9369
f 9367 9370 9371
f 9367 9371 9368
f 9368 9371 9364
f 9368 9364 9363
f 9369 9368 9363
f 9369 9363 9362
f 9370 9372 9373
f 9370 9373 9371
f 9372 9374 9375
f 9372 9375 9373
f 9373 9375 9376
f 9373 9376 9377
f 9371 9373 9377
f 9371 9377 9364
f 9378 9379 9380
f 9378 9380 9381
f 9379 9382 9383
f 9379 9383 9380
f 9380 9383 9376
f 9380 9376 9375
f 9381 9380 9375
f 9381 9375 9374
f 9382 9384 9385
f 9382 9385 9383
f 9384 9359 9358
f 9384 9358 9385
f 9385 9358 9357
f 9385 9357 9386
f 9383 9385 9386
f 9383 9386 9376
f 9357 9365 9387
f 9357 9387 9386
f 9364 9377 9387
f 9364 9387 9365
f 9376 9386 9387
f 9376 9387 9377
f 9388 9389 9390
f 9388 9390 9391
f 9389 9392 9393
f 9389 9393 9390
f 9390 9393 9394
f 9390 9394 9395
f 9391 9390 9395
f 9391 9395 9396
f 9392 9397 9398
f 9392 9398 9393
f 9397 9399 9400
f 9397 9400 9398
f 9398 9400 9401
f 9398 9401 9402
f 9393 9398 9402
f 9393 9402 9394
f 9403 9404 9405
f 9403 9405 9406
f 9404 9407 9408
f 9404 9408 9405
f 9405 9408 9401
f 9405 9401 9400
f 9406 9405 9400
f 9406 9400 9399
f 9407 9409 9410
f 9407 9410 9408
f 9409 9411 9412
f 9409 9412 9410
f 9410 9412 9413
f 9410 9413 9414
f 9408 9410 9414
f 9408 9414 9401
f 9415 9416 9417
f 9415 9417 9418
f 9416 9419 9420
f 9416 9420 9417
f 9417 9420 9413
f 9417 9413 9412
f 9418 9417 9412
f 9418 9412 9411
f 9419 9421 9422
f 9419 9422 9420
f 9421 9396 9395
f 9421 9395 9422
f 9422 9395 9394
f 9422 9394 9423
f 9420 9422 9423
f 9420 9423 9413
f 9394 9402 9424
f 9394 9424 9423
f 9401 9414 9424
f 9401 9424 9402
f 9413 9423 9424
f 9413 9424 9414
f 9425 9426 9427
f 9425 9427 9428
f 9426 9429 9430
f 9426 9430 9427
f 9427 9430 9431
f 9427 9431 9432
f 9428 9427 9432
f 9428 9432 9433
f 9429 9434 9435
f 9429 9435 9430
f 9434 9436 9437
f 9434 9437 9435
f 9435 9437 9438
f 9435 9438 9439
f 9430 9435 9439
f 9430 9439 9431
f 9440 9441 9442
f 9440 9442 9443
f 9441 9444 9445
f 9441 9445 9442
f 9442 9445 9438
f 9442 9438 9437
f 9443 9442 9437
f 9443 9437 9436
f 9444 9446 9447
f 9444 9447 9445
f 9446 9448 9449
f 9446 9449 9447
f 9447 9449 9450
f 9447 9450 9451
f 9445 9447 9451
f 9445 9451 9438
f 9452 9453 9454
f 9452 9454 9455
f 9453 9456 9457
f 9453 9457 9454
f 9454 9457 9450
f 9454 9450 9449
f 9455 9454 9449
f 9455 9449 9448
f 9456 9458 9459
f 9456 9459 9457
f 9458 9433 9432
f 9458 9432 9459
f 9459 9432 9431
f 9459 9431 9460
f 9457 9459 9460
f 9457 9460 9450
f 9431 9439 9461
f 9431 9461 9460
f 9438 9451 9461
f 9438 9461 9439
f 9450 9460 9461
f 9450 9461 9451
f 9462 9463 9464
f 9462 9464 9465
f 9463 9466 9467
f 9463 9467 9464
f 9464 9467 9468
f 9464 9468 9469
f 9465 9464 9469
f 9465 9469 9470
f 9466 9471 9472
f 9466 9472 9467
f 9471 9473 9474
f 9471 9474 9472
f 9472 9474 9475
f 9472 9475 9476
f 9467 9472 9476
f 9467 9476 9468
f 9477 9478 9479
f 9477 9479 9480
f 9478 9481 9482
f 9478 9482 9479
f 9479 9482 9475
f 9479 9475 9474
f 9480 9479 9474
f 9480 9474 9473
f 9481 9483 9484
f 9481 9484 9482
f 9483 9485 9486
f 9483 9486 9484
f 9484 9486 9487
f 9484 9487 9488
f 9482 9484 9488
f 9482 9488 9475
f 9489 9490 9491
f 9489 9491 9492
f 9490 9493 9494
f 9490 9494 9491
f 9491 9494 9487
f 9491 9487 9486
f 9492 9491 9486
f 9492 9486 9485
f 9493 9495 9496
f 9493 9496 9494
f 9495 9470 9469
f 9495 9469 9496
f 9496 9469 9468
f 9496 9468 9497
f 9494 9496 9497
f 9494 9497 9487
f 9468 9476 9498
f 9468 9498 9497
f 9475 9488 9498
f 9475 9498 9476
f 9487 9497 9498
f 9487 9498 9488
f 9499 9500 9501
f 9499 9501 9502
f 9500 9503 9504
f 9500 9504 9501
f 9501 9504 9505
f 9501 9505 9506
f 9502 9501 9506
f 9502 9506 9507
f 9503 9508 9509
f 9503 9509 9504
f 9508 9510 9511
f 9508 9511 9509
f 9509 9511 9512
f 9509 9512 9513
f 9504 9509 9513
f 9504 9513 9505
f 9514 9515 9516
f 9514 9516 9517
f 9515 9518 9519
f 9515 9519 9516
f 9516 9519 9512
f 9516 9512 9511
f 9517 9516 9511
f 9517 9511 9510
f 9518 9520 9521
f 9518 9521 9519
f 9520 9522 9523
f 9520 9523 9521
f 9521 9523 9524
f 9521 9524 9525
f 9519 9521 9525
f 9519 9525 9512
f 9526 9527 9528
f 9526 9528 9529
f 9527 9530 9531
f 9527 9531 9528
f 9528 9531 9524
f 9528 9524 9523
f 9529 9528 9523
f 9529 9523 9522
f 9530 9532 9533
f 9530 9533 9531
f 9532 9507 9506
f 9532 9506 9533
f 9533 9506 9505
f 9533 9505 9534
f 9531 9533 9534
f 9531 9534 9524
f 9505 9513 9535
f 9505 9535 9534
f 9512 9525 9535
f 9512 9535 9513
f 9524 9534 9535
f 9524 9535 9525
f 9536 9537 9538
f 9536 9538 9539
f 9537 9540 9541
f 9537 9541 9538
f 9538 9541 9542
f 9538 9542 9543
f 9539 9538 9543
f 9539 9543 9544
f 9540 9545 9546
f 9540 9546 9541
f 9545 9547 9548
f 9545 9548 9546
f 9546 9548 9549
f 9546 9549 9550
f 9541 9546 9550
f 9541 9550 9542
f 9551 9552 9553
f 9551 9553 9554
f 9552 9555 9556
f 9552 9556 9553
f 9553 9556 9549
f 9553 9549 9548
f 9554 9553 9548
f 9554 9548 9547
f 9555 9557 9558
f 9555 9558 9556
f 9557 9559 9560
f 9557 9560 9558
f 9558 9560 9561
f 9558 9561 9562
f 9556 9558 9562
f 9556 9562 9549
f 9563 9564 9565
f 9563 9565 9566
f 9564 9567 9568
f 9564 9568 9565
f 9565 9568 9561
f 9565 9561 9560
f 9566 9565 9560
f 9566 9560 9559
f 9567 9569 9570
f 9567 9570 9568
f 9569 9544 9543
f 9569 9543 9570
f 9570 9543 9542
f 9570 9542 9571
f 9568 9570 9571
f 9568 9571 9561
f 9542 9550 9572
f 9542 9572 9571
f 9549 9562 9572
f 9549 9572 9550
f 9561 9571 9572
f 9561 9572 9562
f 9573 9574 9575
f 9573 9575 9576
f 9574 9577 9578
f 9574 9578 9575
f 9575 9578 9579
f 9575 9579 9580
f 9576 9575 9580
f 9576 9580 9581
f 9577 9582 9583
f 9577 9583 9578
f 9582 9584 9585
f 9582 9585 9583
f 9583 9585 9586
f 9583 9586 9587
f 9578 9583 9587
f 9578 9587 9579
f 9588 9589 9590
f 9588 9590 9591
f 9589 9592 9593
f 9589 9593 9590
f 9590 9593 9586
f 9590 9586 9585
f 9591 9590 9585
f 9591 9585 9584
f 9592 9594 9595
f 9592 9595 9593
f 9594 9596 9597
f 9594 9597 9595
f 9595 9597 9598
f 9595 9598 9599
f 9593 9595 9599
f 9593 9599 9586
f 9600 9601 9602
f 9600 9602 9603
f 9601 9604 9605
f 9601 9605 9602
f 9602 9605 9598
f 9602 9598 9597
f 9603 9602 9597
f 9603 9597 9596
f 9604 9606 9607
f 9604 9607 9605
f 9606 9581 9580
f 9606 9580 9607
f 9607 9580 9579
f 9607 9579 9608
f 9605 9607 9608
f 9605 9608 9598
f 9579 9587 9609
f 9579 9609 9608
f 9586 9599 9609
f 9586 9609 9587
f 9598 9608 9609
f 9598 9609 9599
f 9610 9611 9612
f 9610 9612 9613
f 9611 9614 9615
f 9611 9615 9612
f 9612 9615 9616
f 9612 9616 9617
f 9613 9612 9617
f 9613 9617 9618
f 9614 9619 9620
f 9614 9620 9615
f 9619 9621 9622
f 9619 9622 9620
f 9620 9622 9623
f 9620 9623 9624
f 9615 9620 9624
f 9615 9624 9616
f 9625 9626 9627
f 9625 9627 9628
f 9626 9629 9630
f 9626 9630 9627
f 9627 9630 9623
f 9627 9623 9622
f 9628 9627 9622
f 9628 9622 9621
f 9629 9631 9632
f 9629 9632 9630
f 9631 9633 9634
f 9631 9634 9632
f 9632 9634 9635
f 9632 9635 9636
f 9630 9632 9636
f 9630 9636 9623
f 9637 9638 9639
f 9637 9639 9640
f 9638 9641 9642
f 9638 9642 9639
f 9639 9642 9635
f 9639 9635 9634
f 9640 9639 9634
f 9640 9634 9633
f 9641 9643 9644
f 9641 9644 9642
f 9643 9618 9617
f 9643 9617 9644
f 9644 9617 9616
f 9644 9616 9645
f 9642 9644 9645
f 9642 9645 9635
f 9616 9624 9646
f 9616 9646 9645
f 9623 9636 9646
f 9623 9646 9624
f 9635 9645 9646
f 9635 9646 9636
f 9647 9648 9649
f 9647 9649 9650
f 9648 9651 9652
f 9648 9652 9649
f 9649 9652 9653
f 9649 9653 9654
f 9650 9649 9654
f 9650 9654 9655
f 9651 9656 9657
f 9651 9657 9652
f 9656 9658 9659
f 9656 9659 9657
f 9657 9659 9660
f 9657 9660 9661
f 9652 9657 9661
f 9652 9661 9653
f 9662 9663 9664
f 9662 9664 9665
f 9663 9666 9667
f 9663 9667 9664
f 9664 9667 9660
f 9664 9660 9659
f 9665 9664 9659
f 9665 9659 9658
f 9666 9668 9669
f 9666 9669 9667
f 9668 9670 9671
f 9668 9671 9669
f 9669 9671 9672
f 9669 9672 9673
f 9667 9669 9673
f 9667 9673 9660
f 9674 9675 9676
f 9674 9676 9677
f 9675 9678 9679
f 9675 9679 9676
f 9676 9679 9672
f 9676 9672 9671
f 9677 9676 9671
f 9677 9671 9670
f 9678 9680 9681
f 9678 9681 9679
f 9680 9655 9654
f 9680 9654 9681
f 9681 9654 9653
f 9681 9653 9682
f 9679 9681 9682
f 9679 9682 9672
f 9653 9661 9683
f 9653 9683 9682
f 9660 9673 9683
f 9660 9683 9661
f 9672 9682 9683
f 9672 9683 9673
f 9684 9685 9686
f 9684 9686 9687
f 9685 9688 9689
f 9685 9689 9686
f 9686 9689 9690
f 9686 9690 9691
f 9687 9686 9691
f 9687 9691 9692
f 9688 9693 9694
f 9688 9694 9689
f 9693 9695 9696
f 9693 9696 9694
f 9694 9696 9697
f 9694 9697 9698
f 9689 9694 9698
f 9689 9698 9690
f 9699 9700 9701
f 9699 9701 9702
f 9700 9703 9704
f 9700 9704 9701
f 9701 9704 9697
f 9701 9697 9696
f 9702 9701 9696
f 9702 9696 9695
f 9703 9705 9706
f 9703 9706 9704
f 9705 9707 9708
f 9705 9708 9706
f 9706 9708 9709
f 9706 9709 9710
f 9704 9706 9710
f 9704 9710 9697
f 9711 9712 9713
f 9711 9713 9714
f 9712 9715 9716
f 9712 9716 9713
f 9713 9716 9709
f 9713 9709 9708
f 9714 9713 9708
f 9714 9708 9707
f 9715 9717 9718
f 9715 9718 9716
f 9717 9692 9691
f 9717 9691 9718
f 9718 9691 9690
f 9718 9690 9719
f 9716 9718 9719
f 9716 9719 9709
f 9690 9698 9720
f 9690 9720 9719
f 9697 9710 9720
f 9697 9720 9698
f 9709 9719 9720
f 9709 9720 9710
f 9721 9722 9723
f 9721 9723 9724
f 9722 9725 9726
f 9722 9726 9723
f 9723 9726 9727
f 9723 9727 9728
f 9724 9723 9728
f 9724 9728 9729
f 9725 9730 9731
f 9725 9731 9726
f 9730 9732 9733
f 9730 9733 9731
f 9731 9733 9734
f 9731 9734 9735
f 9726 9731 9735
f 9726 9735 9727
f 9736 9737 9738
f 9736 9738 9739
f 9737 9740 9741
f 9737 9741 9738
f 9738 9741 9734
f 9738 9734 9733
f 9739 9738 9733
f 9739 9733 9732
f 9740 9742 9743
f 9740 9743 9741
f 9742 9744 9745
f 9742 9745 9743
f 9743 9745 9746
f 9743 9746 9747
f 9741 9743 9747
f 9741 9747 9734
f 9748 9749 9750
f 9748 9750 9751
f 9749 9752 9753
f 9749 9753 9750
f 9750 9753 9746
f 9750 9746 9745
f 9751 9750 9745
f 9751 9745 9744
f 9752 9754 9755
f 9752 9755 9753
f 9754 9729 9728
f 9754 9728 9755
f 9755 9728 9727
f 9755 9727 9756
f 9753 9755 9756
f 9753 9756 9746
f 9727 9735 9757
f 9727 9757 9756
f 9734 9747 9757
f 9734 9757 9735
f 9746 9756 9757
f 9746 9757 9747
f 9758 9759 9760
f 9758 9760 9761
f 9759 9762 9763
f 9759 9763 9760
f 9760 9763 9764
f 9760 9764 9765
f 9761 9760 9765
f 9761 9765 9766
f 9762 9767 9768
f 9762 9768 9763
f 9767 9769 9770
f 9767 9770 9768
f 9768 9770 9771
f 9768 9771 9772
f 9763 9768 9772
f 9763 9772 9764
f 9773 9774 9775
f 9773 9775 9776
f 9774 9777 9778
f 9774 9778 9775
f 9775 9778 9771
f 9775 9771 9770
f 9776 9775 9770
f 9776 9770 9769
f 9777 9779 9780
f 9777 9780 9778
f 9779 9781 9782
f 9779 9782 9780
f 9780 9782 9783
f 9780 9783 9784
f 9778 9780 9784
f 9778 9784 9771
f 9785 9786 9787
f 9785 9787 9788
f 9786 9789 9790
f 9786 9790 9787
f 9787 9790 9783
f 9787 9783 9782
f 9788 9787 9782
f 9788 9782 9781
f 9789 9791 9792
f 9789 9792 9790
f 9791 9766 9765
f 9791 9765 9792
f 9792 9765 9764
f 9792 9764 9793
f 9790 9792 9793
f 9790 9793 9783
f 9764 9772 9794
f 9764 9794 9793
f 9771 9784 9794
f 9771 9794 9772
f 9783 9793 9794
f 9783 9794 9784
f 9795 9796 9797
f 9795 9797 9798
f 9796 9799 9800
f 9796 9800 9797
f 9797 9800 9801
f 9797 9801 9802
f 9798 9797 9802
f 9798 9802 9803
f 9799 9804 9805
f 9799 9805 9800
f 9804 9806 9807
f 9804 9807 9805
f 9805 9807 9808
f 9805 9808 9809
f 9800 9805 9809
f 9800 9809 9801
f 9810 9811 9812
f 9810 9812 9813
f 9811 9814 9815
f 9811 9815 9812
f 9812 9815 9808
f 9812 9808 9807
f 9813 9812 9807
f 9813 9807 9806
f 9814 9816 9817
f 9814 9817 9815
f 9816 9818 9819
f 9816 9819 9817
f 9817 9819 9820
f 9817 9820 9821
f 9815 9817 9821
f 9815 9821 9808
f 9822 9823 9824
f 9822 9824 9825
f 9823 9826 9827
f 9823 9827 9824
f 9824 9827 9820
f 9824 9820 9819
f 9825 9824 9819
f 9825 9819 9818
f 9826 9828 9829
f 9826 9829 9827
f 9828 9803 9802
f 9828 9802 9829
f 9829 9802 9801
f 9829 9801 9830
f 9827 9829 9830
f 9827 9830 9820
f 9801 9809 9831
f 9801 9831 9830
f 9808 9821 9831
f 9808 9831 9809
f 9820 9830 9831
f 9820 9831 9821
f 9832 9833 9834
f 9832 9834 9835
f 9833 9836 9837
f 9833 9837 9834
f 9834 9837 9838
f 9834 9838 9839
f 9835 9834 9839
f 9835 9839 9840
f 9836 9841 9842
f 9836 9842 9837
f 9841 9843 9844
f 9841 9844 9842
f 9842 9844 9845
f 9842 9845 9846
f 9837 9842 9846
f 9837 9846 9838
f 9847 9848 9849
f 9847 9849 9850
f 9848 9851 9852
f 9848 9852 9849
f 9849 9852 9845
f 9849 9845 9844
f 9850 9849 9844
f 9850 9844 9843
f 9851 9853 9854
f 9851 9854 9852
f 9853 9855 9856
f 9853 9856 9854
f 9854 9856 9857
f 9854 9857 9858
f 9852 9854 9858
f 9852 9858 9845
f 9859 9860 9861
f 9859 9861 9862
f 9860 9863 9864
f 9860 9864 9861
f 9861 9864 9857
f 9861 9857 9856
f 9862 9861 9856
f 9862 9856 9855
f 9863 9865 9866
f 9863 9866 9864
f 9865 9840 9839
f 9865 9839 9866
f 9866 9839 9838
f 9866 9838 9867
f 9864 9866 9867
f 9864 9867 9857
f 9838 9846 9868
f 9838 9868 9867
f 9845 9858 9868
f 9845 9868 9846
f 9857 9867 9868
f 9857 9868 9858
f 9869 9870 9871
f 9869 9871 9872
f 9870 9873 9874
f 9870 9874 9871
f 9871 9874 9875
f 9871 9875 9876
f 9872 9871 9876
f 9872 9876 9877
f 9873 9878 9879
f 9873 9879 9874
f 9878 9880 9881
f 9878 9881 9879
f 9879 9881 9882
f 9879 9882 9883
f 9874 9879 9883
f 9874 9883 9875
f 9884 9885 9886
f 9884 9886 9887
f 9885 9888 9889
f 9885 9889 9886
f 9886 9889 9882
f 9886 9882 9881
f 9887 9886 9881
f 9887 9881 9880
f 9888 9890 9891
f 9888 9891 9889
f 9890 9892 9893
f 9890 9893 9891
f 9891 9893 9894
f 9891 9894 9895
f 9889 9891 9895
f 9889 9895 9882
f 9896 9897 9898
f 9896 9898 9899
f 9897 9900 9901
f 9897 9901 9898
f 9898 9901 9894
f 9898 9894 9893
f 9899 9898 9893
f 9899 9893 9892
f 9900 9902 9903
f 9900 9903 9901
f 9902 9877 9876
f 9902 9876 9903
f 9903 9876 9875
f 9903 9875 9904
f 9901 9903 9904
f 9901 9904 9894
f 9875 9883 9905
f 9875 9905 9904
f 9882 9895 9905
f 9882 9905 9883
f 9894 9904 9905
f 9894 9905 9895
f 9906 9907 9908
f 9906 9908 9909
f 9907 9910 9911
f 9907 9911 9908
f 9908 9911 9912
f 9908 9912 9913
f 9909 9908 9913
f 9909 9913 9914
f 9910 9915 9916
f 9910 9916 9911
f 9915 9917 9918
f 9915 9918 9916
f 9916 9918 9919
f 9916 9919 9920
f 9911 9916 9920
f 9911 9920 9912
f 9921 9922 9923
f 9921 9923 9924
f 9922 9925 9926
f 9922 9926 9923
f 9923 9926 9919
f 9923 9919 9918
f 9924 9923 9918
f 9924 9918 9917
f 9925 9927 9928
f 9925 9928 9926
f 9927 9929 9930
f 9927 9930 9928
f 9928 9930 9931
f 9928 9931 9932
f 9926 9928 9932
f 9926 9932 9919
f 9933 9934 9935
f 9933 9935 9936
f 9934 9937 9938
f 9934 9938 9935
f 9935 9938 9931
f 9935 9931 9930
f 9936 9935 9930
f 9936 9930 9929
f 9937 9939 9940
f 9937 9940 9938
f 9939 9914 9913
f 9939 9913 9940
f 9940 9913 9912
f 9940 9912 9941
f 9938 9940 9941
f 9938 9941 9931
f 9912 9920 9942
f 9912 9942 9941
f 9919 9932 9942
f 9919 9942 9920
f 9931 9941 9942
f 9931 9942 9932
f 9943 9944 9945
f 9943 9945 9946
f 9944 9947 9948
f 9944 9948 9945
f 9945 9948 9949
f 9945 9949 9950
f 9946 9945 9950
f 9946 9950 9951
f 9947 9952 9953
f 9947 9953 9948
f 9952 9954 9955
f 9952 9955 9953
f 9953 9955 9956
f 9953 9956 9957
f 9948 9953 9957
f 9948 9957 9949
f 9958 9959 9960
f 9958 9960 9961
f 9959 9962 9963
f 9959 9963 9960
f 9960 9963 9956
f 9960 9956 9955
f 9961 9960 9955
f 9961 9955 9954
f 9962 9964 9965
f 9962 9965 9963
f 9964 9966 9967
f 9964 9967 9965
f 9965 9967 9968
f 9965 9968 9969
f 9963 9965 9969
f 9963 9969 9956
f 9970 9971 9972
f 9970 9972 9973
f 9971 9974 9975
f 9971 9975 9972
f 9972 9975 9968
f 9972 9968 9967
f 9973 9972 9967
f 9973 9967 9966
f 9974 9976 9977
f 9974 9977 9975
f 9976 9951 9950
f 9976 9950 9977
f 9977 9950 9949
f 9977 9949 9978
f 9975 9977 9978
f 9975 9978 9968
f 9949 9957 9979
f 9949 9979 9978
f 9956 9969 9979
f 9956 9979 9957
f 9968 9978 9979
f 9968 9979 9969
f 9980 9981 9982
f 9980 9982 9983
f 9981 9984 9985
f 9981 9985 9982
f 9982 9985 9986
f 9982 9986 9987
f 9983 9982 9987
f 9983 9987 9988
f 9984 9989 9990
f 9984 9990 9985
f 9989 9991 9992
f 9989 9992 9990
f 9990 9992 9993
f 9990 9993 9994
f 9985 9990 9994
f 9985 9994 9986
f 9995 9996 9997
f 9995 9997 9998
f 9996 9999 10000
f 9996 10000 9997
f 9997 10000 9993
f 9997 9993 9992
f 9998 9997 9992
f 9998 9992 9991
f 9999 10001 10002
f 9999 10002 10000
f 10001 10003 10004
f 10001 10004 10002
f 10002 10004 10005
f 10002 10005 10006
f 10000 10002 10006
f 10000 10006 9993
f 10007 10008 10009
f 10007 10009 10010
f 10008 10011 10012
f 10008 10012 10009
f 10009 10012 10005
f 10009 10005 10004
f 10010 10009 10004
f 10010 10004 10003
f 10011 10013 10014
f 10011 10014 10012
f 10013 9988 9987
f 10013 9987 10014
f 10014 9987 9986
f 10014 9986 10015
f 10012 10014 10015
f 10012 10015 10005
f 9986 9994 10016
f 9986 10016 10015
f 9993 10006 10016
f 9993 10016 9994
f 10005 10015 10016
f 10005 10016 10006
f 10017 10018 10019
f 10017 10019 10020
f 10018 10021 10022
f 10018 10022 10019
f 10019 10022 10023
f 10019 10023 10024
f 10020 10019 10024
f 10020 10024 10025
f 10021 10026 10027
f 10021 10027 10022
f 10026 10028 10029
f 10026 10029 10027
f 10027 10029 10030
f 10027 10030 10031
f 10022 10027 10031
f 10022 10031 10023
f 10032 10033 10034
f 10032 10034 10035
f 10033 10036 10037
f 10033 10037 10034
f 10034 10037 10030
f 10034 10030 10029
f 10035 10034 10029
f 10035 10029 10028
f 10036 10038 10039
f 10036 10039 10037
f 10038 10040 10041
f 10038 10041 10039
f 10039 10041 10042
f 10039 10042 10043
f 10037 10039 10043
f 10037 10043 10030
f 10044 10045 10046
f 10044 10046 10047
f 10045 10048 10049
f 10045 10049 10046
f 10046 10049 10042
f 10046 10042 10041
f 10047 10046 10041
f 10047 10041 10040
f 10048 10050 10051
f 10048 10051 10049
f 10050 10025 10024
f 10050 10024 10051
f 10051 10024 10023
f 10051 10023 10052
f 10049 10051 10052
f 10049 10052 10042
f 10023 10031 10053
f 10023 10053 10052
f 10030 10043 10053
f 10030 10053 10031
f 10042 10052 10053
f 10042 10053 10043
f 10054 10055 10056
f 10054 10056 10057
f 10055 10058 10059
f 10055 10059 10056
f 10056 10059 10060
f 10056 10060 10061
f 10057 10056 10061
f 10057 10061 10062
f 10058 10063 10064
f 10058 10064 10059
f 10063 10065 10066
f 10063 10066 10064
f 10064 10066 10067
f 10064 10067 10068
f 10059 10064 10068
f 10059 10068 10060
f 10069 10070 10071
f 10069 10071 10072
f 10070 10073 10074
f 10070 10074 10071
f 10071 10074 10067
f 10071 10067 10066
f 10072 10071 10066
f 10072 10066 10065
f 10073 10075 10076
f 10073 10076 10074
f 10075 10077 10078
f 10075 10078 10076
f 10076 10078 10079
f 10076 10079 10080
f 10074 10076 10080
f 10074 10080 10067
f 10081 10082 10083
f 10081 10083 10084
f 10082 10085 10086
f 10082 10086 10083
f 10083 10086 10079
f 10083 10079 10078
f 10084 10083 10078
f 10084 10078 10077
f 10085 10087 10088
f 10085 10088 10086
f 10087 10062 10061
f 10087 10061 10088
f 10088 10061 10060
f 10088 10060 10089
f 10086 10088 10089
f 10086 10089 10079
f 10060 10068 10090
f 10060 10090 10089
f 10067 10080 10090
f 10067 10090 10068
f 10079 10089 10090
f 10079 10090 10080
f 8997 10091 10092
f 8997 10092 8998
f 10091 8911 8914
f 10091 8914 10092
f 10092 8914 8907
f 10092 8907 10093
f 8998 10092 10093
f 8998 10093 9001
f 9001 10093 10094
f 9001 10094 9003
f 10093 8907 8905
f 10093 8905 10094
f 10094 8905 8900
f 10094 8900 10095
f 9003 10094 10095
f 9003 10095 8978
f 8978 10095 10096
f 8978 10096 8973
f 10095 8900 8897
f 10095 8897 10096
f 10096 8897 8896
f 10096 8896 10097
f 8973 10096 10097
f 8973 10097 8970
f 8886 10098 10099
f 8886 10099 8887
f 10098 8948 8951
f 10098 8951 10099
f 10099 8951 8944
f 10099 8944 10100
f 8887 10099 10100
f 8887 10100 8890
f 8890 10100 10101
f 8890 10101 8892
f 10100 8944 8942
f 10100 8942 10101
f 10101 8942 8937
f 10101 8937 10102
f 8892 10101 10102
f 8892 10102 8867
f 8867 10102 10103
f 8867 10103 8862
f 10102 8937 8934
f 10102 8934 10103
f 10103 8934 8933
f 10103 8933 10104
f 8862 10103 10104
f 8862 10104 8859
f 9044 10105 10106
f 9044 10106 9045
f 10105 9007 9010
f 10105 9010 10106
f 10106 9010 9015
f 10106 9015 10107
f 9045 10106 10107
f 9045 10107 9048
f 9048 10107 10108
f 9048 10108 9053
f 10107 9015 9040
f 10107 9040 10108
f 10108 9040 9038
f 10108 9038 10109
f 9053 10108 10109
f 9053 10109 9055
f 9055 10109 10110
f 9055 10110 9062
f 10109 9038 9035
f 10109 9035 10110
f 10110 9035 9034
f 10110 9034 10111
f 9062 10110 10111
f 9062 10111 9059
f 9108 10112 10113
f 9108 10113 9109
f 10112 9034 9037
f 10112 9037 10113
f 10113 9037 9030
f 10113 9030 10114
f 9109 10113 10114
f 9109 10114 9112
f 9112 10114 10115
f 9112 10115 9114
f 10114 9030 9028
f 10114 9028 10115
f 10115 9028 9026
f 10115 9026 10116
f 9114 10115 10116
f 9114 10116 9089
f 9089 10116 10117
f 9089 10117 9084
f 10116 9026 9023
f 10116 9023 10117
f 10117 9023 9022
f 10117 9022 10118
f 9084 10117 10118
f 9084 10118 9081
f 9059 10119 10120
f 9059 10120 9060
f 10119 9133 9136
f 10119 9136 10120
f 10120 9136 9129
f 10120 9129 10121
f 9060 10120 10121
f 9060 10121 9063
f 9063 10121 10122
f 9063 10122 9065
f 10121 9129 9127
f 10121 9127 10122
f 10122 9127 9122
f 10122 9122 10123
f 9065 10122 10123
f 9065 10123 9067
f 9067 10123 10124
f 9067 10124 9074
f 10123 9122 9119
f 10123 9119 10124
f 10124 9119 9118
f 10124 9118 10125
f 9074 10124 10125
f 9074 10125 9071
f 9133 10126 10127
f 9133 10127 9134
f 10126 9108 9111
f 10126 9111 10127
f 10127 9111 9104
f 10127 9104 10128
f 9134 10127 10128
f 9134 10128 9137
f 9137 10128 10129
f 9137 10129 9139
f 10128 9104 9102
f 10128 9102 10129
f 10129 9102 9100
f 10129 9100 10130
f 9139 10129 10130
f 9139 10130 9141
f 9141 10130 10131
f 9141 10131 9148
f 10130 9100 9097
f 10130 9097 10131
f 10131 9097 9096
f 10131 9096 10132
f 9148 10131 10132
f 9148 10132 9145
f 9145 10133 10134
f 9145 10134 9146
f 10133 10135 10136
f 10133 10136 10134
f 10134 10136 10137
f 10134 10137 10138
f 9146 10134 10138
f 9146 10138 9149
f 9149 10138 10139
f 9149 10139 9151
f 10138 10137 10140
f 10138 10140 10139
f 10139 10140 10141
f 10139 10141 10142
f 9151 10139 10142
f 9151 10142 9126
f 9126 10142 10143
f 9126 10143 9121
f 10142 10141 10144
f 10142 10144 10143
f 10143 10144 10145
f 10143 10145 10146
f 9121 10143 10146
f 9121 10146 9118
f 10147 10148 10149
f 10147 10149 10150
f 10148 9044 9047
f 10148 9047 10149
f 10149 9047 9052
f 10149 9052 10151
f 10150 10149 10151
f 10150 10151 10152
f 10152 10151 10153
f 10152 10153 10154
f 10151 9052 9077
f 10151 9077 10153
f 10153 9077 9075
f 10153 9075 10155
f 10154 10153 10155
f 10154 10155 10156
f 10156 10155 10157
f 10156 10157 10158
f 10155 9075 9072
f 10155 9072 10157
f 10157 9072 9071
f 10157 9071 10159
f 10158 10157 10159
f 10158 10159 10160
f 9007 10161 10162
f 9007 10162 9008
f 10161 10163 10164
f 10161 10164 10162
f 10162 10164 10165
f 10162 10165 10166
f 9008 10162 10166
f 9008 10166 9011
f 9011 10166 10167
f 9011 10167 9016
f 10166 10165 10168
f 10166 10168 10167
f 10167 10168 10169
f 10167 10169 10170
f 9016 10167 10170
f 9016 10170 9018
f 9018 10170 10171
f 9018 10171 9025
f 10170 10169 10172
f 10170 10172 10171
f 10171 10172 10173
f 10171 10173 10174
f 9025 10171 10174
f 9025 10174 9022
f 9081 10175 10176
f 9081 10176 9082
f 10175 10177 10178
f 10175 10178 10176
f 10176 10178 10179
f 10176 10179 10180
f 9082 10176 10180
f 9082 10180 9085
f 9085 10180 10181
f 9085 10181 9090
f 10180 10179 10182
f 10180 10182 10181
f 10181 10182 10183
f 10181 10183 10184
f 9090 10181 10184
f 9090 10184 9092
f 9092 10184 10185
f 9092 10185 9099
f 10184 10183 10186
f 10184 10186 10185
f 10185 10186 10187
f 10185 10187 10188
f 9099 10185 10188
f 9099 10188 9096
f 10189 10190 10191
f 10189 10191 10192
f 10190 10193 10194
f 10190 10194 10191
f 10191 10194 10195
f 10191 10195 10196
f 10192 10191 10196
f 10192 10196 10197
f 10197 10196 10198
f 10197 10198 10199
f 10196 10195 10200
f 10196 10200 10198
f 10198 10200 10201
f 10198 10201 10202
f 10199 10198 10202
f 10199 10202 10203
f 10203 10202 10204
f 10203 10204 10205
f 10202 10201 10206
f 10202 10206 10204
f 10204 10206 10207
f 10204 10207 10208
f 10205 10204 10208
f 10205 10208 10209
f 10210 10211 10212
f 10210 10212 10213
f 10211 10214 10215
f 10211 10215 10212
f 10212 10215 10216
f 10212 10216 10217
f 10213 10212 10217
f 10213 10217 10218
f 10218 10217 10219
f 10218 10219 10220
f 10217 10216 10221
f 10217 10221 10219
f 10219 10221 10222
f 10219 10222 10223
f 10220 10219 10223
f 10220 10223 10224
f 10224 10223 10225
f 10224 10225 10226
f 10223 10222 10227
f 10223 10227 10225
f 10225 10227 10228
f 10225 10228 10229
f 10226 10225 10229
f 10226 10229 10230
f 10135 10231 10232
f 10135 10232 10136
f 10231 10210 10213
f 10231 10213 10232
f 10232 10213 10218
f 10232 10218 10233
f 10136 10232 10233
f 10136 10233 10137
f 10137 10233 10234
f 10137 10234 10140
f 10233 10218 10220
f 10233 10220 10234
f 10234 10220 10224
f 10234 10224 10235
f 10140 10234 10235
f 10140 10235 10141
f 10141 10235 10236
f 10141 10236 10144
f 10235 10224 10226
f 10235 10226 10236
f 10236 10226 10230
f 10236 10230 10237
f 10144 10236 10237
f 10144 10237 10145
f 10209 10238 10239
f 10209 10239 10205
f 10238 10147 10150
f 10238 10150 10239
f 10239 10150 10152
f 10239 10152 10240
f 10205 10239 10240
f 10205 10240 10203
f 10203 10240 10241
f 10203 10241 10199
f 10240 10152 10154
f 10240 10154 10241
f 10241 10154 10156
f 10241 10156 10242
f 10199 10241 10242
f 10199 10242 10197
f 10197 10242 10243
f 10197 10243 10192
f 10242 10156 10158
f 10242 10158 10243
f 10243 10158 10160
f 10243 10160 10244
f 10192 10243 10244
f 10192 10244 10189
f 10163 10245 10246
f 10163 10246 10164
f 10245 10207 10206
f 10245 10206 10246
f 10246 10206 10201
f 10246 10201 10247
f 10164 10246 10247
f 10164 10247 10165
f 10165 10247 10248
f 10165 10248 10168
f 10247 10201 10200
f 10247 10200 10248
f 10248 10200 10195
f 10248 10195 10249
f 10168 10248 10249
f 10168 10249 10169
f 10169 10249 10250
f 10169 10250 10172
f 10249 10195 10194
f 10249 10194 10250
f 10250 10194 10193
f 10250 10193 10251
f 10172 10250 10251
f 10172 10251 10173
f 10177 10252 10253
f 10177 10253 10178
f 10252 10228 10227
f 10252 10227 10253
f 10253 10227 10222
f 10253 10222 10254
f 10178 10253 10254
f 10178 10254 10179
f 10179 10254 10255
f 10179 10255 10182
f 10254 10222 10221
f 10254 10221 10255
f 10255 10221 10216
f 10255 10216 10256
f 10182 10255 10256
f 10182 10256 10183
f 10183 10256 10257
f 10183 10257 10186
f 10256 10216 10215
f 10256 10215 10257
f 10257 10215 10214
f 10257 10214 10258
f 10186 10257 10258
f 10186 10258 10187
f 9243 10259 10260
f 9243 10260 9244
f 10259 9155 9158
f 10259 9158 10260
f 10260 9158 9163
f 10260 9163 10261
f 9244 10260 10261
f 9244 10261 9247
f 9247 10261 10262
f 9247 10262 9249
f 10261 9163 9200
f 10261 9200 10262
f 10262 9200 9198
f 10262 9198 10263
f 9249 10262 10263
f 9249 10263 9212
f 9212 10263 10264
f 9212 10264 9207
f 10263 9198 9195
f 10263 9195 10264
f 10264 9195 9194
f 10264 9194 10265
f 9207 10264 10265
f 9207 10265 9204
f 9253 10266 10267
f 9253 10267 9254
f 10266 9182 9185
f 10266 9185 10267
f 10267 9185 9178
f 10267 9178 10268
f 9254 10267 10268
f 9254 10268 9257
f 9257 10268 10269
f 9257 10269 9262
f 10268 9178 9176
f 10268 9176 10269
f 10269 9176 9174
f 10269 9174 10270
f 9262 10269 10270
f 9262 10270 9264
f 9264 10270 10271
f 9264 10271 9271
f 10270 9174 9171
f 10270 9171 10271
f 10271 9171 9170
f 10271 9170 10272
f 9271 10271 10272
f 9271 10272 9268
f 9219 10273 10274
f 9219 10274 9220
f 10273 9302 9305
f 10273 9305 10274
f 10274 9305 9310
f 10274 9310 10275
f 9220 10274 10275
f 9220 10275 9223
f 9223 10275 10276
f 9223 10276 9225
f 10275 9310 9347
f 10275 9347 10276
f 10276 9347 9345
f 10276 9345 10277
f 9225 10276 10277
f 9225 10277 9227
f 9227 10277 10278
f 9227 10278 9234
f 10277 9345 9342
f 10277 9342 10278
f 10278 9342 9341
f 10278 9341 10279
f 9234 10278 10279
f 9234 10279 9231
f 9317 10280 10281
f 9317 10281 9318
f 10280 9292 9295
f 10280 9295 10281
f 10281 9295 9288
f 10281 9288 10282
f 9318 10281 10282
f 9318 10282 9321
f 9321 10282 10283
f 9321 10283 9323
f 10282 9288 9286
f 10282 9286 10283
f 10283 9286 9284
f 10283 9284 10284
f 9323 10283 10284
f 9323 10284 9325
f 9325 10284 10285
f 9325 10285 9332
f 10284 9284 9281
f 10284 9281 10285
f 10285 9281 9280
f 10285 9280 10286
f 9332 10285 10286
f 9332 10286 9329
f 9268 10287 10288
f 9268 10288 9269
f 10287 10289 10290
f 10287 10290 10288
f 10288 10290 10291
f 10288 10291 10292
f 9269 10288 10292
f 9269 10292 9272
f 9272 10292 10293
f 9272 10293 9274
f 10292 10291 10294
f 10292 10294 10293
f 10293 10294 10295
f 10293 10295 10296
f 9274 10293 10296
f 9274 10296 9276
f 9276 10296 10297
f 9276 10297 9283
f 10296 10295 10298
f 10296 10298 10297
f 10297 10298 10299
f 10297 10299 10300
f 9283 10297 10300
f 9283 10300 9280
f 10301 10302 10303
f 10301 10303 10304
f 10302 9170 9173
f 10302 9173 10303
f 10303 9173 9166
f 10303 9166 10305
f 10304 10303 10305
f 10304 10305 10306
f 10306 10305 10307
f 10306 10307 10308
f 10305 9166 9164
f 10305 9164 10307
f 10307 9164 9159
f 10307 9159 10309
f 10308 10307 10309
f 10308 10309 10310
f 10310 10309 10311
f 10310 10311 10312
f 10309 9159 9156
f 10309 9156 10311
f 10311 9156 9155
f 10311 9155 10313
f 10312 10311 10313
f 10312 10313 10314
f 9231 10315 10316
f 9231 10316 9232
f 10315 10317 10318
f 10315 10318 10316
f 10316 10318 10319
f 10316 10319 10320
f 9232 10316 10320
f 9232 10320 9235
f 9235 10320 10321
f 9235 10321 9237
f 10320 10319 10322
f 10320 10322 10321
f 10321 10322 10323
f 10321 10323 10324
f 9237 10321 10324
f 9237 10324 9239
f 9239 10324 10325
f 9239 10325 9246
f 10324 10323 10326
f 10324 10326 10325
f 10325 10326 10327
f 10325 10327 10328
f 9246 10325 10328
f 9246 10328 9243
f 10329 10330 10331
f 10329 10331 10332
f 10330 9341 9344
f 10330 9344 10331
f 10331 9344 9337
f 10331 9337 10333
f 10332 10331 10333
f 10332 10333 10334
f 10334 10333 10335
f 10334 10335 10336
f 10333 9337 9335
f 10333 9335 10335
f 10335 9335 9333
f 10335 9333 10337
f 10336 10335 10337
f 10336 10337 10338
f 10338 10337 10339
f 10338 10339 10340
f 10337 9333 9330
f 10337 9330 10339
f 10339 9330 9329
f 10339 9329 10341
f 10340 10339 10341
f 10340 10341 10342
f 10317 10343 10344
f 10317 10344 10318
f 10343 10345 10346
f 10343 10346 10344
f 10344 10346 10347
f 10344 10347 10348
f 10318 10344 10348
f 10318 10348 10319
f 10319 10348 10349
f 10319 10349 10322
f 10348 10347 10350
f 10348 10350 10349
f 10349 10350 10351
f 10349 10351 10352
f 10322 10349 10352
f 10322 10352 10323
f 10323 10352 10353
f 10323 10353 10326
f 10352 10351 10354
f 10352 10354 10353
f 10353 10354 10355
f 10353 10355 10356
f 10326 10353 10356
f 10326 10356 10327
f 10357 10358 10359
f 10357 10359 10360
f 10358 10329 10332
f 10358 10332 10359
f 10359 10332 10334
f 10359 10334 10361
f 10360 10359 10361
f 10360 10361 10362
f 10362 10361 10363
f 10362 10363 10364
f 10361 10334 10336
f 10361 10336 10363
f 10363 10336 10338
f 10363 10338 10365
f 10364 10363 10365
f 10364 10365 10366
f 10366 10365 10367
f 10366 10367 10368
f 10365 10338 10340
f 10365 10340 10367
f 10367 10340 10342
f 10367 10342 10369
f 10368 10367 10369
f 10368 10369 10370
f 10314 10371 10372
f 10314 10372 10312
f 10371 10373 10374
f 10371 10374 10372
f 10372 10374 10375
f 10372 10375 10376
f 10312 10372 10376
f 10312 10376 10310
f 10310 10376 10377
f 10310 10377 10308
f 10376 10375 10378
f 10376 10378 10377
f 10377 10378 10379
f 10377 10379 10380
f 10308 10377 10380
f 10308 10380 10306
f 10306 10380 10381
f 10306 10381 10304
f 10380 10379 10382
f 10380 10382 10381
f 10381 10382 10383
f 10381 10383 10384
f 10304 10381 10384
f 10304 10384 10301
f 10385 10386 10387
f 10385 10387 10388
f 10386 10299 10298
f 10386 10298 10387
f 10387 10298 10295
f 10387 10295 10389
f 10388 10387 10389
f 10388 10389 10390
f 10390 10389 10391
f 10390 10391 10392
f 10389 10295 10294
f 10389 10294 10391
f 10391 10294 10291
f 10391 10291 10393
f 10392 10391 10393
f 10392 10393 10394
f 10394 10393 10395
f 10394 10395 10396
f 10393 10291 10290
f 10393 10290 10395
f 10395 10290 10289
f 10395 10289 10397
f 10396 10395 10397
f 10396 10397 10398
f 10373 10399 10400
f 10373 10400 10374
f 10399 10401 10402
f 10399 10402 10400
f 10400 10402 10403
f 10400 10403 10404
f 10374 10400 10404
f 10374 10404 10375
f 10375 10404 10405
f 10375 10405 10378
f 10404 10403 10406
f 10404 10406 10405
f 10405 10406 10407
f 10405 10407 10408
f 10378 10405 10408
f 10378 10408 10379
f 10379 10408 10409
f 10379 10409 10382
f 10408 10407 10410
f 10408 10410 10409
f 10409 10410 10411
f 10409 10411 10412
f 10382 10409 10412
f 10382 10412 10383
f 10413 10414 10415
f 10413 10415 10416
f 10414 10355 10354
f 10414 10354 10415
f 10415 10354 10351
f 10415 10351 10417
f 10416 10415 10417
f 10416 10417 10418
f 10418 10417 10419
f 10418 10419 10420
f 10417 10351 10350
f 10417 10350 10419
f 10419 10350 10347
f 10419 10347 10421
f 10420 10419 10421
f 10420 10421 10422
f 10422 10421 10423
f 10422 10423 10424
f 10421 10347 10346
f 10421 10346 10423
f 10423 10346 10345
f 10423 10345 10425
f 10424 10423 10425
f 10424 10425 10426
f 10370 10427 10428
f 10370 10428 10368
f 10427 10429 10430
f 10427 10430 10428
f 10428 10430 10431
f 10428 10431 10432
f 10368 10428 10432
f 10368 10432 10366
f 10366 10432 10433
f 10366 10433 10364
f 10432 10431 10434
f 10432 10434 10433
f 10433 10434 10435
f 10433 10435 10436
f 10364 10433 10436
f 10364 10436 10362
f 10362 10436 10437
f 10362 10437 10360
f 10436 10435 10438
f 10436 10438 10437
f 10437 10438 10439
f 10437 10439 10440
f 10360 10437 10440
f 10360 10440 10357
f 10441 10442 10443
f 10441 10443 10444
f 10442 10385 10388
f 10442 10388 10443
f 10443 10388 10390
f 10443 10390 10445
f 10444 10443 10445
f 10444 10445 10446
f 10446 10445 10447
f 10446 10447 10448
f 10445 10390 10392
f 10445 10392 10447
f 10447 10392 10394
f 10447 10394 10449
f 10448 10447 10449
f 10448 10449 10450
f 10450 10449 10451
f 10450 10451 10452
f 10449 10394 10396
f 10449 10396 10451
f 10451 10396 10398
f 10451 10398 10453
f 10452 10451 10453
f 10452 10453 10454
f 9415 10455 10456
f 9415 10456 9416
f 10455 9366 9369
f 10455 9369 10456
f 10456 9369 9362
f 10456 9362 10457
f 9416 10456 10457
f 9416 10457 9419
f 9419 10457 10458
f 9419 10458 9421
f 10457 9362 9360
f 10457 9360 10458
f 10458 9360 9355
f 10458 9355 10459
f 9421 10458 10459
f 9421 10459 9396
f 9396 10459 10460
f 9396 10460 9391
f 10459 9355 9352
f 10459 9352 10460
f 10460 9352 9351
f 10460 9351 10461
f 9391 10460 10461
f 9391 10461 9388
f 9425 10462 10463
f 9425 10463 9426
f 10462 9378 9381
f 10462 9381 10463
f 10463 9381 9374
f 10463 9374 10464
f 9426 10463 10464
f 9426 10464 9429
f 9429 10464 10465
f 9429 10465 9434
f 10464 9374 9372
f 10464 9372 10465
f 10465 9372 9370
f 10465 9370 10466
f 9434 10465 10466
f 9434 10466 9436
f 9436 10466 10467
f 9436 10467 9443
f 10466 9370 9367
f 10466 9367 10467
f 10467 9367 9366
f 10467 9366 10468
f 9443 10467 10468
f 9443 10468 9440
f 9403 10469 10470
f 9403 10470 9404
f 10469 9462 9465
f 10469 9465 10470
f 10470 9465 9470
f 10470 9470 10471
f 9404 10470 10471
f 9404 10471 9407
f 9407 10471 10472
f 9407 10472 9409
f 10471 9470 9495
f 10471 9495 10472
f 10472 9495 9493
f 10472 9493 10473
f 9409 10472 10473
f 9409 10473 9411
f 9411 10473 10474
f 9411 10474 9418
f 10473 9493 9490
f 10473 9490 10474
f 10474 9490 9489
f 10474 9489 10475
f 9418 10474 10475
f 9418 10475 9415
f 9477 10476 10477
f 9477 10477 9478
f 10476 9452 9455
f 10476 9455 10477
f 10477 9455 9448
f 10477 9448 10478
f 9478 10477 10478
f 9478 10478 9481
f 9481 10478 10479
f 9481 10479 9483
f 10478 9448 9446
f 10478 9446 10479
f 10479 9446 9444
f 10479 9444 10480
f 9483 10479 10480
f 9483 10480 9485
f 9485 10480 10481
f 9485 10481 9492
f 10480 9444 9441
f 10480 9441 10481
f 10481 9441 9440
f 10481 9440 10482
f 9492 10481 10482
f 9492 10482 9489
f 10429 10483 10484
f 10429 10484 10430
f 10483 9477 9480
f 10483 9480 10484
f 10484 9480 9473
f 10484 9473 10485
f 10430 10484 10485
f 10430 10485 10431
f 10431 10485 10486
f 10431 10486 10434
f 10485 9473 9471
f 10485 9471 10486
f 10486 9471 9466
f 10486 9466 10487
f 10434 10486 10487
f 10434 10487 10435
f 10435 10487 10488
f 10435 10488 10438
f 10487 9466 9463
f 10487 9463 10488
f 10488 9463 9462
f 10488 9462 10489
f 10438 10488 10489
f 10438 10489 10439
f 9452 10490 10491
f 9452 10491 9453
f 10490 10441 10444
f 10490 10444 10491
f 10491 10444 10446
f 10491 10446 10492
f 9453 10491 10492
f 9453 10492 9456
f 9456 10492 10493
f 9456 10493 9458
f 10492 10446 10448
f 10492 10448 10493
f 10493 10448 10450
f 10493 10450 10494
f 9458 10493 10494
f 9458 10494 9433
f 9433 10494 10495
f 9433 10495 9428
f 10494 10450 10452
f 10494 10452 10495
f 10495 10452 10454
f 10495 10454 10496
f 9428 10495 10496
f 9428 10496 9425
f 9378 10497 10498
f 9378 10498 9379
f 10497 10411 10410
f 10497 10410 10498
f 10498 10410 10407
f 10498 10407 10499
f 9379 10498 10499
f 9379 10499 9382
f 9382 10499 10500
f 9382 10500 9384
f 10499 10407 10406
f 10499 10406 10500
f 10500 10406 10403
f 10500 10403 10501
f 9384 10500 10501
f 9384 10501 9359
f 9359 10501 10502
f 9359 10502 9354
f 10501 10403 10402
f 10501 10402 10502
f 10502 10402 10401
f 10502 10401 10503
f 9354 10502 10503
f 9354 10503 9351
f 10426 10504 10505
f 10426 10505 10424
f 10504 9403 9406
f 10504 9406 10505
f 10505 9406 9399
f 10505 9399 10506
f 10424 10505 10506
f 10424 10506 10422
f 10422 10506 10507
f 10422 10507 10420
f 10506 9399 9397
f 10506 9397 10507
f 10507 9397 9392
f 10507 9392 10508
f 10420 10507 10508
f 10420 10508 10418
f 10418 10508 10509
f 10418 10509 10416
f 10508 9392 9389
f 10508 9389 10509
f 10509 9389 9388
f 10509 9388 10510
f 10416 10509 10510
f 10416 10510 10413
f 10511 10512 10513
f 10511 10513 10514
f 10512 10515 10516
f 10512 10516 10513
f 10513 10516 10517
f 10513 10517 10518
f 10514 10513 10518
f 10514 10518 10519
f 10519 10518 10520
f 10519 10520 10521
f 10518 10517 10522
f 10518 10522 10520
f 10520 10522 10523
f 10520 10523 10524
f 10521 10520 10524
f 10521 10524 10525
f 10525 10524 10526
f 10525 10526 10527
f 10524 10523 10528
f 10524 10528 10526
f 10526 10528 10529
f 10526 10529 10530
f 10527 10526 10530
f 10527 10530 10531
f 10532 10533 10534
f 10532 10534 10535
f 10533 10511 10514
f 10533 10514 10534
f 10534 10514 10519
f 10534 10519 10536
f 10535 10534 10536
f 10535 10536 10537
f 10537 10536 10538
f 10537 10538 10539
f 10536 10519 10521
f 10536 10521 10538
f 10538 10521 10525
f 10538 10525 10540
f 10539 10538 10540
f 10539 10540 10541
f 10541 10540 10542
f 10541 10542 10543
f 10540 10525 10527
f 10540 10527 10542
f 10542 10527 10531
f 10542 10531 10544
f 10543 10542 10544
f 10543 10544 10545
f 10546 10547 10548
f 10546 10548 10549
f 10547 10532 10535
f 10547 10535 10548
f 10548 10535 10537
f 10548 10537 10550
f 10549 10548 10550
f 10549 10550 10551
f 10551 10550 10552
f 10551 10552 10553
f 10550 10537 10539
f 10550 10539 10552
f 10552 10539 10541
f 10552 10541 10554
f 10553 10552 10554
f 10553 10554 10555
f 10555 10554 10556
f 10555 10556 10557
f 10554 10541 10543
f 10554 10543 10556
f 10556 10543 10545
f 10556 10545 10558
f 10557 10556 10558
f 10557 10558 10559
f 10560 10561 10562
f 10560 10562 10563
f 10561 10546 10549
f 10561 10549 10562
f 10562 10549 10551
f 10562 10551 10564
f 10563 10562 10564
f 10563 10564 10565
f 10565 10564 10566
f 10565 10566 10567
f 10564 10551 10553
f 10564 10553 10566
f 10566 10553 10555
f 10566 10555 10568
f 10567 10566 10568
f 10567 10568 10569
f 10569 10568 10570
f 10569 10570 10571
f 10568 10555 10557
f 10568 10557 10570
f 10570 10557 10559
f 10570 10559 10572
f 10571 10570 10572
f 10571 10572 10573
f 10574 10575 10576
f 10574 10576 10577
f 10575 10560 10563
f 10575 10563 10576
f 10576 10563 10565
f 10576 10565 10578
f 10577 10576 10578
f 10577 10578 10579
f 10579 10578 10580
f 10579 10580 10581
f 10578 10565 10567
f 10578 10567 10580
f 10580 10567 10569
f 10580 10569 10582
f 10581 10580 10582
f 10581 10582 10583
f 10583 10582 10584
f 10583 10584 10585
f 10582 10569 10571
f 10582 10571 10584
f 10584 10571 10573
f 10584 10573 10586
f 10585 10584 10586
f 10585 10586 10587
f 10588 10589 10590
f 10588 10590 10591
f 10589 10574 10577
f 10589 10577 10590
f 10590 10577 10579
f 10590 10579 10592
f 10591 10590 10592
f 10591 10592 10593
f 10593 10592 10594
f 10593 10594 10595
f 10592 10579 10581
f 10592 10581 10594
f 10594 10581 10583
f 10594 10583 10596
f 10595 10594 10596
f 10595 10596 10597
f 10597 10596 10598
f 10597 10598 10599
f 10596 10583 10585
f 10596 10585 10598
f 10598 10585 10587
f 10598 10587 10600
f 10599 10598 10600
f 10599 10600 10601
f 10602 10603 10604
f 10602 10604 10605
f 10603 10588 10591
f 10603 10591 10604
f 10604 10591 10593
f 10604 10593 10606
f 10605 10604 10606
f 10605 10606 10607
f 10607 10606 10608
f 10607 10608 10609
f 10606 10593 10595
f 10606 10595 10608
f 10608 10595 10597
f 10608 10597 10610
f 10609 10608 10610
f 10609 10610 10611
f 10611 10610 10612
f 10611 10612 10613
f 10610 10597 10599
f 10610 10599 10612
f 10612 10599 10601
f 10612 10601 10614
f 10613 10612 10614
f 10613 10614 10615
f 10515 10616 10617
f 10515 10617 10516
f 10616 10602 10605
f 10616 10605 10617
f 10617 10605 10607
f 10617 10607 10618
f 10516 10617 10618
f 10516 10618 10517
f 10517 10618 10619
f 10517 10619 10522
f 10618 10607 10609
f 10618 10609 10619
f 10619 10609 10611
f 10619 10611 10620
f 10522 10619 10620
f 10522 10620 10523
f 10523 10620 10621
f 10523 10621 10528
f 10620 10611 10613
f 10620 10613 10621
f 10621 10613 10615
f 10621 10615 10622
f 10528 10621 10622
f 10528 10622 10529
f 10623 10624 10625
f 10623 10625 10626
f 10624 10627 10628
f 10624 10628 10625
f 10625 10628 10629
f 10625 10629 10630
f 10626 10625 10630
f 10626 10630 10631
f 10631 10630 10632
f 10631 10632 10633
f 10630 10629 10634
f 10630 10634 10632
f 10632 10634 10635
f 10632 10635 10636
f 10633 10632 10636
f 10633 10636 10637
f 10637 10636 10638
f 10637 10638 10639
f 10636 10635 10640
f 10636 10640 10638
f 10638 10640 10641
f 10638 10641 10642
f 10639 10638 10642
f 10639 10642 10643
f 10644 10645 10646
f 10644 10646 10647
f 10645 10623 10626
f 10645 10626 10646
f 10646 10626 10631
f 10646 10631 10648
f 10647 10646 10648
f 10647 10648 10649
f 10649 10648 10650
f 10649 10650 10651
f 10648 10631 10633
f 10648 10633 10650
f 10650 10633 10637
f 10650 10637 10652
f 10651 10650 10652
f 10651 10652 10653
f 10653 10652 10654
f 10653 10654 10655
f 10652 10637 10639
f 10652 10639 10654
f 10654 10639 10643
f 10654 10643 10656
f 10655 10654 10656
f 10655 10656 10657
f 10658 10659 10660
f 10658 10660 10661
f 10659 10644 10647
f 10659 10647 10660
f 10660 10647 10649
f 10660 10649 10662
f 10661 10660 10662
f 10661 10662 10663
f 10663 10662 10664
f 10663 10664 10665
f 10662 10649 10651
f 10662 10651 10664
f 10664 10651 10653
f 10664 10653 10666
f 10665 10664 10666
f 10665 10666 10667
f 10667 10666 10668
f 10667 10668 10669
f 10666 10653 10655
f 10666 10655 10668
f 10668 10655 10657
f 10668 10657 10670
f 10669 10668 10670
f 10669 10670 10671
f 10672 10673 10674
f 10672 10674 10675
f 10673 10658 10661
f 10673 10661 10674
f 10674 10661 10663
f 10674 10663 10676
f 10675 10674 10676
f 10675 10676 10677
f 10677 10676 10678
f 10677 10678 10679
f 10676 10663 10665
f 10676 10665 10678
f 10678 10665 10667
f 10678 10667 10680
f 10679 10678 10680
f 10679 10680 10681
f 10681 10680 10682
f 10681 10682 10683
f 10680 10667 10669
f 10680 10669 10682
f 10682 10669 10671
f 10682 10671 10684
f 10683 10682 10684
f 10683 10684 10685
f 10686 10687 10688
f 10686 10688 10689
f 10687 10672 10675
f 10687 10675 10688
f 10688 10675 10677
f 10688 10677 10690
f 10689 10688 10690
f 10689 10690 10691
f 10691 10690 10692
f 10691 10692 10693
f 10690 10677 10679
f 10690 10679 10692
f 10692 10679 10681
f 10692 10681 10694
f 10693 10692 10694
f 10693 10694 10695
f 10695 10694 10696
f 10695 10696 10697
f 10694 10681 10683
f 10694 10683 10696
f 10696 10683 10685
f 10696 10685 10698
f 10697 10696 10698
f 10697 10698 10699
f 10700 10701 10702
f 10700 10702 10703
f 10701 10686 10689
f 10701 10689 10702
f 10702 10689 10691
f 10702 10691 10704
f 10703 10702 10704
f 10703 10704 10705
f 10705 10704 10706
f 10705 10706 10707
f 10704 10691 10693
f 10704 10693 10706
f 10706 10693 10695
f 10706 10695 10708
f 10707 10706 10708
f 10707 10708 10709
f 10709 10708 10710
f 10709 10710 10711
f 10708 10695 10697
f 10708 10697 10710
f 10710 10697 10699
f 10710 10699 10712
f 10711 10710 10712
f 10711 10712 10713
f 10714 10715 10716
f 10714 10716 10717
f 10715 10700 10703
f 10715 10703 10716
f 10716 10703 10705
f 10716 10705 10718
f 10717 10716 10718
f 10717 10718 10719
f 10719 10718 10720
f 10719 10720 10721
f 10718 10705 10707
f 10718 10707 10720
f 10720 10707 10709
f 10720 10709 10722
f 10721 10720 10722
f 10721 10722 10723
f 10723 10722 10724
f 10723 10724 10725
f 10722 10709 10711
f 10722 10711 10724
f 10724 10711 10713
f 10724 10713 10726
f 10725 10724 10726
f 10725 10726 10727
f 10627 10728 10729
f 10627 10729 10628
f 10728 10714 10717
f 10728 10717 10729
f 10729 10717 10719
f 10729 10719 10730
f 10628 10729 10730
f 10628 10730 10629
f 10629 10730 10731
f 10629 10731 10634
f 10730 10719 10721
f 10730 10721 10731
f 10731 10721 10723
f 10731 10723 10732
f 10634 10731 10732
f 10634 10732 10635
f 10635 10732 10733
f 10635 10733 10640
f 10732 10723 10725
f 10732 10725 10733
f 10733 10725 10727
f 10733 10727 10734
f 10640 10733 10734
f 10640 10734 10641
f 10735 10736 10737
f 10735 10737 10738
f 10736 10739 10740
f 10736 10740 10737
f 10737 10740 10741
f 10737 10741 10742
f 10738 10737 10742
f 10738 10742 10743
f 10743 10742 10744
f 10743 10744 10745
f 10742 10741 10746
f 10742 10746 10744
f 10744 10746 10747
f 10744 10747 10748
f 10745 10744 10748
f 10745 10748 10749
f 10749 10748 10750
f 10749 10750 10751
f 10748 10747 10752
f 10748 10752 10750
f 10750 10752 10753
f 10750 10753 10754
f 10751 10750 10754
f 10751 10754 10755
f 10756 10757 10758
f 10756 10758 10759
f 10757 10735 10738
f 10757 10738 10758
f 10758 10738 10743
f 10758 10743 10760
f 10759 10758 10760
f 10759 10760 10761
f 10761 10760 10762
f 10761 10762 10763
f 10760 10743 10745
f 10760 10745 10762
f 10762 10745 10749
f 10762 10749 10764
f 10763 10762 10764
f 10763 10764 10765
f 10765 10764 10766
f 10765 10766 10767
f 10764 10749 10751
f 10764 10751 10766
f 10766 10751 10755
f 10766 10755 10768
f 10767 10766 10768
f 10767 10768 10769
f 10770 10771 10772
f 10770 10772 10773
f 10771 10756 10759
f 10771 10759 10772
f 10772 10759 10761
f 10772 10761 10774
f 10773 10772 10774
f 10773 10774 10775
f 10775 10774 10776
f 10775 10776 10777
f 10774 10761 10763
f 10774 10763 10776
f 10776 10763 10765
f 10776 10765 10778
f 10777 10776 10778
f 10777 10778 10779
f 10779 10778 10780
f 10779 10780 10781
f 10778 10765 10767
f 10778 10767 10780
f 10780 10767 10769
f 10780 10769 10782
f 10781 10780 10782
f 10781 10782 10783
f 10784 10785 10786
f 10784 10786 10787
f 10785 10770 10773
f 10785 10773 10786
f 10786 10773 10775
f 10786 10775 10788
f 10787 10786 10788
f 10787 10788 10789
f 10789 10788 10790
f 10789 10790 10791
f 10788 10775 10777
f 10788 10777 10790
f 10790 10777 10779
f 10790 10779 10792
f 10791 10790 10792
f 10791 10792 10793
f 10793 10792 10794
f 10793 10794 10795
f 10792 10779 10781
f 10792 10781 10794
f 10794 10781 10783
f 10794 10783 10796
f 10795 10794 10796
f 10795 10796 10797
f 10798 10799 10800
f 10798 10800 10801
f 10799 10784 10787
f 10799 10787 10800
f 10800 10787 10789
f 10800 10789 10802
f 10801 10800 10802
f 10801 10802 10803
f 10803 10802 10804
f 10803 10804 10805
f 10802 10789 10791
f 10802 10791 10804
f 10804 10791 10793
f 10804 10793 10806
f 10805 10804 10806
f 10805 10806 10807
f 10807 10806 10808
f 10807 10808 10809
f 10806 10793 10795
f 10806 10795 10808
f 10808 10795 10797
f 10808 10797 10810
f 10809 10808 10810
f 10809 10810 10811
f 10812 10813 10814
f 10812 10814 10815
f 10813 10798 10801
f 10813 10801 10814
f 10814 10801 10803
f 10814 10803 10816
f 10815 10814 10816
f 10815 10816 10817
f 10817 10816 10818
f 10817 10818 10819
f 10816 10803 10805
f 10816 10805 10818
f 10818 10805 10807
f 10818 10807 10820
f 10819 10818 10820
f 10819 10820 10821
f 10821 10820 10822
f 10821 10822 10823
f 10820 10807 10809
f 10820 10809 10822
f 10822 10809 10811
f 10822 10811 10824
f 10823 10822 10824
f 10823 10824 10825
f 10826 10827 10828
f 10826 10828 10829
f 10827 10812 10815
f 10827 10815 10828
f 10828 10815 10817
f 10828 10817 10830
f 10829 10828 10830
f 10829 10830 10831
f 10831 10830 10832
f 10831 10832 10833
f 10830 10817 10819
f 10830 10819 10832
f 10832 10819 10821
f 10832 10821 10834
f 10833 10832 10834
f 10833 10834 10835
f 10835 10834 10836
f 10835 10836 10837
f 10834 10821 10823
f 10834 10823 10836
f 10836 10823 10825
f 10836 10825 10838
f 10837 10836 10838
f 10837 10838 10839
f 10739 10840 10841
f 10739 10841 10740
f 10840 10826 10829
f 10840 10829 10841
f 10841 10829 10831
f 10841 10831 10842
f 10740 10841 10842
f 10740 10842 10741
f 10741 10842 10843
f 10741 10843 10746
f 10842 10831 10833
f 10842 10833 10843
f 10843 10833 10835
f 10843 10835 10844
f 10746 10843 10844
f 10746 10844 10747
f 10747 10844 10845
f 10747 10845 10752
f 10844 10835 10837
f 10844 10837 10845
f 10845 10837 10839
f 10845 10839 10846
f 10752 10845 10846
f 10752 10846 10753
f 10847 10848 10849
f 10847 10849 10850
f 10848 10851 10852
f 10848 10852 10849
f 10849 10852 10853
f 10849 10853 10854
f 10850 10849 10854
f 10850 10854 10855
f 10855 10854 10856
f 10855 10856 10857
f 10854 10853 10858
f 10854 10858 10856
f 10856 10858 10859
f 10856 10859 10860
f 10857 10856 10860
f 10857 10860 10861
f 10861 10860 10862
f 10861 10862 10863
f 10860 10859 10864
f 10860 10864 10862
f 10862 10864 10865
f 10862 10865 10866
f 10863 10862 10866
f 10863 10866 10867
f 10868 10869 10870
f 10868 10870 10871
f 10869 10847 10850
f 10869 10850 10870
f 10870 10850 10855
f 10870 10855 10872
f 10871 10870 10872
f 10871 10872 10873
f 10873 10872 10874
f 10873 10874 10875
f 10872 10855 10857
f 10872 10857 10874
f 10874 10857 10861
f 10874 10861 10876
f 10875 10874 10876
f 10875 10876 10877
f 10877 10876 10878
f 10877 10878 10879
f 10876 10861 10863
f 10876 10863 10878
f 10878 10863 10867
f 10878 10867 10880
f 10879 10878 10880
f 10879 10880 10881
f 10882 10883 10884
f 10882 10884 10885
f 10883 10868 10871
f 10883 10871 10884
f 10884 10871 10873
f 10884 10873 10886
f 10885 10884 10886
f 10885 10886 10887
f 10887 10886 10888
f 10887 10888 10889
f 10886 10873 10875
f 10886 10875 10888
f 10888 10875 10877
f 10888 10877 10890
f 10889 10888 10890
f 10889 10890 10891
f 10891 10890 10892
f 10891 10892 10893
f 10890 10877 10879
f 10890 10879 10892
f 10892 10879 10881
f 10892 10881 10894
f 10893 10892 10894
f 10893 10894 10895
f 10896 10897 10898
f 10896 10898 10899
f 10897 10882 10885
f 10897 10885 10898
f 10898 10885 10887
f 10898 10887 10900
f 10899 10898 10900
f 10899 10900 10901
f 10901 10900 10902
f 10901 10902 10903
f 10900 10887 10889
f 10900 10889 10902
f 10902 10889 10891
f 10902 10891 10904
f 10903 10902 10904
f 10903 10904 10905
f 10905 10904 10906
f 10905 10906 10907
f 10904 10891 10893
f 10904 10893 10906
f 10906 10893 10895
f 10906 10895 10908
f 10907 10906 10908
f 10907 10908 10909
f 10910 10911 10912
f 10910 10912 10913
f 10911 10896 10899
f 10911 10899 10912
f 10912 10899 10901
f 10912 10901 10914
f 10913 10912 10914
f 10913 10914 10915
f 10915 10914 10916
f 10915 10916 10917
f 10914 10901 10903
f 10914 10903 10916
f 10916 10903 10905
f 10916 10905 10918
f 10917 10916 10918
f 10917 10918 10919
f 10919 10918 10920
f 10919 10920 10921
f 10918 10905 10907
f 10918 10907 10920
f 10920 10907 10909
f 10920 10909 10922
f 10921 10920 10922
f 10921 10922 10923
f 10924 10925 10926
f 10924 10926 10927
f 10925 10910 10913
f 10925 10913 10926
f 10926 10913 10915
f 10926 10915 10928
f 10927 10926 10928
f 10927 10928 10929
f 10929 10928 10930
f 10929 10930 10931
f 10928 10915 10917
f 10928 10917 10930
f 10930 10917 10919
f 10930 10919 10932
f 10931 10930 10932
f 10931 10932 10933
f 10933 10932 10934
f 10933 10934 10935
f 10932 10919 10921
f 10932 10921 10934
f 10934 10921 10923
f 10934 10923 10936
f 10935 10934 10936
f 10935 10936 10937
f 10938 10939 10940
f 10938 10940 10941
f 10939 10924 10927
f 10939 10927 10940
f 10940 10927 10929
f 10940 10929 10942
f 10941 10940 10942
f 10941 10942 10943
f 10943 10942 10944
f 10943 10944 10945
f 10942 10929 10931
f 10942 10931 10944
f 10944 10931 10933
f 10944 10933 10946
f 10945 10944 10946
f 10945 10946 10947
f 10947 10946 10948
f 10947 10948 10949
f 10946 10933 10935
f 10946 10935 10948
f 10948 10935 10937
f 10948 10937 10950
f 10949 10948 10950
f 10949 10950 10951
f 10851 10952 10953
f 10851 10953 10852
f 10952 10938 10941
f 10952 10941 10953
f 10953 10941 10943
f 10953 10943 10954
f 10852 10953 10954
f 10852 10954 10853
f 10853 10954 10955
f 10853 10955 10858
f 10954 10943 10945
f 10954 10945 10955
f 10955 10945 10947
f 10955 10947 10956
f 10858 10955 10956
f 10858 10956 10859
f 10859 10956 10957
f 10859 10957 10864
f 10956 10947 10949
f 10956 10949 10957
f 10957 10949 10951
f 10957 10951 10958
f 10864 10957 10958
f 10864 10958 10865
f 9573 10959 10960
f 9573 10960 9574
f 10959 9499 9502
f 10959 9502 10960
f 10960 9502 9507
f 10960 9507 10961
f 9574 10960 10961
f 9574 10961 9577
f 9577 10961 10962
f 9577 10962 9582
f 10961 9507 9532
f 10961 9532 10962
f 10962 9532 9530
f 10962 9530 10963
f 9582 10962 10963
f 9582 10963 9584
f 9584 10963 10964
f 9584 10964 9591
f 10963 9530 9527
f 10963 9527 10964
f 10964 9527 9526
f 10964 9526 10965
f 9591 10964 10965
f 9591 10965 9588
f 9514 10966 10967
f 9514 10967 9515
f 10966 9536 9539
f 10966 9539 10967
f 10967 9539 9544
f 10967 9544 10968
f 9515 10967 10968
f 9515 10968 9518
f 9518 10968 10969
f 9518 10969 9520
f 10968 9544 9569
f 10968 9569 10969
f 10969 9569 9567
f 10969 9567 10970
f 9520 10969 10970
f 9520 10970 9522
f 9522 10970 10971
f 9522 10971 9529
f 10970 9567 9564
f 10970 9564 10971
f 10971 9564 9563
f 10971 9563 10972
f 9529 10971 10972
f 9529 10972 9526
f 9551 10973 10974
f 9551 10974 9552
f 10973 9610 9613
f 10973 9613 10974
f 10974 9613 9618
f 10974 9618 10975
f 9552 10974 10975
f 9552 10975 9555
f 9555 10975 10976
f 9555 10976 9557
f 10975 9618 9643
f 10975 9643 10976
f 10976 9643 9641
f 10976 9641 10977
f 9557 10976 10977
f 9557 10977 9559
f 9559 10977 10978
f 9559 10978 9566
f 10977 9641 9638
f 10977 9638 10978
f 10978 9638 9637
f 10978 9637 10979
f 9566 10978 10979
f 9566 10979 9563
f 9625 10980 10981
f 9625 10981 9626
f 10980 9600 9603
f 10980 9603 10981
f 10981 9603 9596
f 10981 9596 10982
f 9626 10981 10982
f 9626 10982 9629
f 9629 10982 10983
f 9629 10983 9631
f 10982 9596 9594
f 10982 9594 10983
f 10983 9594 9592
f 10983 9592 10984
f 9631 10983 10984
f 9631 10984 9633
f 9633 10984 10985
f 9633 10985 9640
f 10984 9592 9589
f 10984 9589 10985
f 10985 9589 9588
f 10985 9588 10986
f 9640 10985 10986
f 9640 10986 9637
f 9721 10987 10988
f 9721 10988 9722
f 10987 9573 9576
f 10987 9576 10988
f 10988 9576 9581
f 10988 9581 10989
f 9722 10988 10989
f 9722 10989 9725
f 9725 10989 10990
f 9725 10990 9730
f 10989 9581 9606
f 10989 9606 10990
f 10990 9606 9604
f 10990 9604 10991
f 9730 10990 10991
f 9730 10991 9732
f 9732 10991 10992
f 9732 10992 9739
f 10991 9604 9601
f 10991 9601 10992
f 10992 9601 9600
f 10992 9600 10993
f 9739 10992 10993
f 9739 10993 9736
f 9610 10994 10995
f 9610 10995 9611
f 10994 9758 9761
f 10994 9761 10995
f 10995 9761 9766
f 10995 9766 10996
f 9611 10995 10996
f 9611 10996 9614
f 9614 10996 10997
f 9614 10997 9619
f 10996 9766 9791
f 10996 9791 10997
f 10997 9791 9789
f 10997 9789 10998
f 9619 10997 10998
f 9619 10998 9621
f 9621 10998 10999
f 9621 10999 9628
f 10998 9789 9786
f 10998 9786 10999
f 10999 9786 9785
f 10999 9785 11000
f 9628 10999 11000
f 9628 11000 9625
f 9773 11001 11002
f 9773 11002 9774
f 11001 9748 9751
f 11001 9751 11002
f 11002 9751 9744
f 11002 9744 11003
f 9774 11002 11003
f 9774 11003 9777
f 9777 11003 11004
f 9777 11004 9779
f 11003 9744 9742
f 11003 9742 11004
f 11004 9742 9740
f 11004 9740 11005
f 9779 11004 11005
f 9779 11005 9781
f 9781 11005 11006
f 9781 11006 9788
f 11005 9740 9737
f 11005 9737 11006
f 11006 9737 9736
f 11006 9736 11007
f 9788 11006 11007
f 9788 11007 9785
f 9647 11008 11009
f 9647 11009 9648
f 11008 9721 9724
f 11008 9724 11009
f 11009 9724 9729
f 11009 9729 11010
f 9648 11009 11010
f 9648 11010 9651
f 9651 11010 11011
f 9651 11011 9656
f 11010 9729 9754
f 11010 9754 11011
f 11011 9754 9752
f 11011 9752 11012
f 9656 11011 11012
f 9656 11012 9658
f 9658 11012 11013
f 9658 11013 9665
f 11012 9752 9749
f 11012 9749 11013
f 11013 9749 9748
f 11013 9748 11014
f 9665 11013 11014
f 9665 11014 9662
f 9758 11015 11016
f 9758 11016 9759
f 11015 9684 9687
f 11015 9687 11016
f 11016 9687 9692
f 11016 9692 11017
f 9759 11016 11017
f 9759 11017 9762
f 9762 11017 11018
f 9762 11018 9767
f 11017 9692 9717
f 11017 9717 11018
f 11018 9717 9715
f 11018 9715 11019
f 9767 11018 11019
f 9767 11019 9769
f 9769 11019 11020
f 9769 11020 9776
f 11019 9715 9712
f 11019 9712 11020
f 11020 9712 9711
f 11020 9711 11021
f 9776 11020 11021
f 9776 11021 9773
f 9699 11022 11023
f 9699 11023 9700
f 11022 9674 9677
f 11022 9677 11023
f 11023 9677 9670
f 11023 9670 11024
f 9700 11023 11024
f 9700 11024 9703
f 9703 11024 11025
f 9703 11025 9705
f 11024 9670 9668
f 11024 9668 11025
f 11025 9668 9666
f 11025 9666 11026
f 9705 11025 11026
f 9705 11026 9707
f 9707 11026 11027
f 9707 11027 9714
f 11026 9666 9663
f 11026 9663 11027
f 11027 9663 9662
f 11027 9662 11028
f 9714 11027 11028
f 9714 11028 9711
f 9499 11029 11030
f 9499 11030 9500
f 11029 9647 9650
f 11029 9650 11030
f 11030 9650 9655
f 11030 9655 11031
f 9500 11030 11031
f 9500 11031 9503
f 9503 11031 11032
f 9503 11032 9508
f 11031 9655 9680
f 11031 9680 11032
f 11032 9680 9678
f 11032 9678 11033
f 9508 11032 11033
f 9508 11033 9510
f 9510 11033 11034
f 9510 11034 9517
f 11033 9678 9675
f 11033 9675 11034
f 11034 9675 9674
f 11034 9674 11035
f 9517 11034 11035
f 9517 11035 9514
f 9684 11036 11037
f 9684 11037 9685
f 11036 9551 9554
f 11036 9554 11037
f 11037 9554 9547
f 11037 9547 11038
f 9685 11037 11038
f 9685 11038 9688
f 9688 11038 11039
f 9688 11039 9693
f 11038 9547 9545
f 11038 9545 11039
f 11039 9545 9540
f 11039 9540 11040
f 9693 11039 11040
f 9693 11040 9695
f 9695 11040 11041
f 9695 11041 9702
f 11040 9540 9537
f 11040 9537 11041
f 11041 9537 9536
f 11041 9536 11042
f 9702 11041 11042
f 9702 11042 9699
f 8948 11043 11044
f 8948 11044 8949
f 11043 9253 9256
f 11043 9256 11044
f 11044 9256 9261
f 11044 9261 11045
f 8949 11044 11045
f 8949 11045 8952
f 8952 11045 11046
f 8952 11046 8954
f 11045 9261 9298
f 11045 9298 11046
f 11046 9298 9296
f 11046 9296 11047
f 8954 11046 11047
f 8954 11047 8956
f 8956 11047 11048
f 8956 11048 8963
f 11047 9296 9293
f 11047 9293 11048
f 11048 9293 9292
f 11048 9292 11049
f 8963 11048 11049
f 8963 11049 8960
f 8911 11050 11051
f 8911 11051 8912
f 11050 9219 9222
f 11050 9222 11051
f 11051 9222 9215
f 11051 9215 11052
f 8912 11051 11052
f 8912 11052 8915
f 8915 11052 11053
f 8915 11053 8917
f 11052 9215 9213
f 11052 9213 11053
f 11053 9213 9208
f 11053 9208 11054
f 8917 11053 11054
f 8917 11054 8919
f 8919 11054 11055
f 8919 11055 8926
f 11054 9208 9205
f 11054 9205 11055
f 11055 9205 9204
f 11055 9204 11056
f 8926 11055 11056
f 8926 11056 8923
f 9182 11057 11058
f 9182 11058 9183
f 11057 8886 8889
f 11057 8889 11058
f 11058 8889 8882
f 11058 8882 11059
f 9183 11058 11059
f 9183 11059 9186
f 9186 11059 11060
f 9186 11060 9188
f 11059 8882 8880
f 11059 8880 11060
f 11060 8880 8878
f 11060 8878 11061
f 9188 11060 11061
f 9188 11061 9190
f 9190 11061 11062
f 9190 11062 9197
f 11061 8878 8875
f 11061 8875 11062
f 11062 8875 8874
f 11062 8874 11063
f 9197 11062 11063
f 9197 11063 9194
f 9302 11064 11065
f 9302 11065 9303
f 11064 8997 9000
f 11064 9000 11065
f 11065 9000 8993
f 11065 8993 11066
f 9303 11065 11066
f 9303 11066 9306
f 9306 11066 11067
f 9306 11067 9311
f 11066 8993 8991
f 11066 8991 11067
f 11067 8991 8989
f 11067 8989 11068
f 9311 11067 11068
f 9311 11068 9313
f 9313 11068 11069
f 9313 11069 9320
f 11068 8989 8986
f 11068 8986 11069
f 11069 8986 8985
f 11069 8985 11070
f 9320 11069 11070
f 9320 11070 9317
f 11071 11072 11073
f 11071 11073 11074
f 11072 9906 9909
f 11072 9909 11073
f 11073 9909 9914
f 11073 9914 11075
f 11074 11073 11075
f 11074 11075 11076
f 11076 11075 11077
f 11076 11077 11078
f 11075 9914 9939
f 11075 9939 11077
f 11077 9939 9937
f 11077 9937 11079
f 11078 11077 11079
f 11078 11079 11080
f 11080 11079 11081
f 11080 11081 11082
f 11079 9937 9934
f 11079 9934 11081
f 11081 9934 9933
f 11081 9933 11083
f 11082 11081 11083
f 11082 11083 11084
f 9921 11085 11086
f 9921 11086 9922
f 11085 9869 9872
f 11085 9872 11086
f 11086 9872 9877
f 11086 9877 11087
f 9922 11086 11087
f 9922 11087 9925
f 9925 11087 11088
f 9925 11088 9927
f 11087 9877 9902
f 11087 9902 11088
f 11088 9902 9900
f 11088 9900 11089
f 9927 11088 11089
f 9927 11089 9929
f 9929 11089 11090
f 9929 11090 9936
f 11089 9900 9897
f 11089 9897 11090
f 11090 9897 9896
f 11090 9896 11091
f 9936 11090 11091
f 9936 11091 9933
f 9884 11092 11093
f 9884 11093 9885
f 11092 11094 11095
f 11092 11095 11093
f 11093 11095 11096
f 11093 11096 11097
f 9885 11093 11097
f 9885 11097 9888
f 9888 11097 11098
f 9888 11098 9890
f 11097 11096 11099
f 11097 11099 11098
f 11098 11099 11100
f 11098 11100 11101
f 9890 11098 11101
f 9890 11101 9892
f 9892 11101 11102
f 9892 11102 9899
f 11101 11100 11103
f 11101 11103 11102
f 11102 11103 11104
f 11102 11104 11105
f 9899 11102 11105
f 9899 11105 9896
f 11106 11107 11108
f 11106 11108 11109
f 11107 9980 9983
f 11107 9983 11108
f 11108 9983 9988
f 11108 9988 11110
f 11109 11108 11110
f 11109 11110 11111
f 11111 11110 11112
f 11111 11112 11113
f 11110 9988 10013
f 11110 10013 11112
f 11112 10013 10011
f 11112 10011 11114
f 11113 11112 11114
f 11113 11114 11115
f 11115 11114 11116
f 11115 11116 11117
f 11114 10011 10008
f 11114 10008 11116
f 11116 10008 10007
f 11116 10007 11118
f 11117 11116 11118
f 11117 11118 11119
f 9995 11120 11121
f 9995 11121 9996
f 11120 9943 9946
f 11120 9946 11121
f 11121 9946 9951
f 11121 9951 11122
f 9996 11121 11122
f 9996 11122 9999
f 9999 11122 11123
f 9999 11123 10001
f 11122 9951 9976
f 11122 9976 11123
f 11123 9976 9974
f 11123 9974 11124
f 10001 11123 11124
f 10001 11124 10003
f 10003 11124 11125
f 10003 11125 10010
f 11124 9974 9971
f 11124 9971 11125
f 11125 9971 9970
f 11125 9970 11126
f 10010 11125 11126
f 10010 11126 10007
f 9958 11127 11128
f 9958 11128 9959
f 11127 11129 11130
f 11127 11130 11128
f 11128 11130 11131
f 11128 11131 11132
f 9959 11128 11132
f 9959 11132 9962
f 9962 11132 11133
f 9962 11133 9964
f 11132 11131 11134
f 11132 11134 11133
f 11133 11134 11135
f 11133 11135 11136
f 9964 11133 11136
f 9964 11136 9966
f 9966 11136 11137
f 9966 11137 9973
f 11136 11135 11138
f 11136 11138 11137
f 11137 11138 11139
f 11137 11139 11140
f 9973 11137 11140
f 9973 11140 9970
f 9832 11141 11142
f 9832 11142 9833
f 11141 9795 9798
f 11141 9798 11142
f 11142 9798 9803
f 11142 9803 11143
f 9833 11142 11143
f 9833 11143 9836
f 9836 11143 11144
f 9836 11144 9841
f 11143 9803 9828
f 11143 9828 11144
f 11144 9828 9826
f 11144 9826 11145
f 9841 11144 11145
f 9841 11145 9843
f 9843 11145 11146
f 9843 11146 9850
f 11145 9826 9823
f 11145 9823 11146
f 11146 9823 9822
f 11146 9822 11147
f 9850 11146 11147
f 9850 11147 9847
f 9810 11148 11149
f 9810 11149 9811
f 11148 11150 11151
f 11148 11151 11149
f 11149 11151 11152
f 11149 11152 11153
f 9811 11149 11153
f 9811 11153 9814
f 9814 11153 11154
f 9814 11154 9816
f 11153 11152 11155
f 11153 11155 11154
f 11154 11155 11156
f 11154 11156 11157
f 9816 11154 11157
f 9816 11157 9818
f 9818 11157 11158
f 9818 11158 9825
f 11157 11156 11159
f 11157 11159 11158
f 11158 11159 11160
f 11158 11160 11161
f 9825 11158 11161
f 9825 11161 9822
f 11162 11163 11164
f 11162 11164 11165
f 11163 9859 9862
f 11163 9862 11164
f 11164 9862 9855
f 11164 9855 11166
f 11165 11164 11166
f 11165 11166 11167
f 11167 11166 11168
f 11167 11168 11169
f 11166 9855 9853
f 11166 9853 11168
f 11168 9853 9851
f 11168 9851 11170
f 11169 11168 11170
f 11169 11170 11171
f 11171 11170 11172
f 11171 11172 11173
f 11170 9851 9848
f 11170 9848 11172
f 11172 9848 9847
f 11172 9847 11174
f 11173 11172 11174
f 11173 11174 11175
f 11176 11177 11178
f 11176 11178 11179
f 11177 11106 11109
f 11177 11109 11178
f 11178 11109 11111
f 11178 11111 11180
f 11179 11178 11180
f 11179 11180 11181
f 11181 11180 11182
f 11181 11182 11183
f 11180 11111 11113
f 11180 11113 11182
f 11182 11113 11115
f 11182 11115 11184
f 11183 11182 11184
f 11183 11184 11185
f 11185 11184 11186
f 11185 11186 11187
f 11184 11115 11117
f 11184 11117 11186
f 11186 11117 11119
f 11186 11119 11188
f 11187 11186 11188
f 11187 11188 11189
f 11129 11190 11191
f 11129 11191 11130
f 11190 11192 11193
f 11190 11193 11191
f 11191 11193 11194
f 11191 11194 11195
f 11130 11191 11195
f 11130 11195 11131
f 11131 11195 11196
f 11131 11196 11134
f 11195 11194 11197
f 11195 11197 11196
f 11196 11197 11198
f 11196 11198 11199
f 11134 11196 11199
f 11134 11199 11135
f 11135 11199 11200
f 11135 11200 11138
f 11199 11198 11201
f 11199 11201 11200
f 11200 11201 11202
f 11200 11202 11203
f 11138 11200 11203
f 11138 11203 11139
f 11150 11204 11205
f 11150 11205 11151
f 11204 11071 11074
f 11204 11074 11205
f 11205 11074 11076
f 11205 11076 11206
f 11151 11205 11206
f 11151 11206 11152
f 11152 11206 11207
f 11152 11207 11155
f 11206 11076 11078
f 11206 11078 11207
f 11207 11078 11080
f 11207 11080 11208
f 11155 11207 11208
f 11155 11208 11156
f 11156 11208 11209
f 11156 11209 11159
f 11208 11080 11082
f 11208 11082 11209
f 11209 11082 11084
f 11209 11084 11210
f 11159 11209 11210
f 11159 11210 11160
f 11094 11211 11212
f 11094 11212 11095
f 11211 11162 11165
f 11211 11165 11212
f 11212 11165 11167
f 11212 11167 11213
f 11095 11212 11213
f 11095 11213 11096
f 11096 11213 11214
f 11096 11214 11099
f 11213 11167 11169
f 11213 11169 11214
f 11214 11169 11171
f 11214 11171 11215
f 11099 11214 11215
f 11099 11215 11100
f 11100 11215 11216
f 11100 11216 11103
f 11215 11171 11173
f 11215 11173 11216
f 11216 11173 11175
f 11216 11175 11217
f 11103 11216 11217
f 11103 11217 11104
f 10054 11218 11219
f 10054 11219 10055
f 11218 10017 10020
f 11218 10020 11219
f 11219 10020 10025
f 11219 10025 11220
f 10055 11219 11220
f 10055 11220 10058
f 10058 11220 11221
f 10058 11221 10063
f 11220 10025 10050
f 11220 10050 11221
f 11221 10050 10048
f 11221 10048 11222
f 10063 11221 11222
f 10063 11222 10065
f 10065 11222 11223
f 10065 11223 10072
f 11222 10048 10045
f 11222 10045 11223
f 11223 10045 10044
f 11223 10044 11224
f 10072 11223 11224
f 10072 11224 10069
f 10032 11225 11226
f 10032 11226 10033
f 11225 11176 11179
f 11225 11179 11226
f 11226 11179 11181
f 11226 11181 11227
f 10033 11226 11227
f 10033 11227 10036
f 10036 11227 11228
f 10036 11228 10038
f 11227 11181 11183
f 11227 11183 11228
f 11228 11183 11185
f 11228 11185 11229
f 10038 11228 11229
f 10038 11229 10040
f 10040 11229 11230
f 10040 11230 10047
f 11229 11185 11187
f 11229 11187 11230
f 11230 11187 11189
f 11230 11189 11231
f 10047 11230 11231
f 10047 11231 10044
f 11192 11232 11233
f 11192 11233 11193
f 11232 10081 10084
f 11232 10084 11233
f 11233 10084 10077
f 11233 10077 11234
f 11193 11233 11234
f 11193 11234 11194
f 11194 11234 11235
f 11194 11235 11197
f 11234 10077 10075
f 11234 10075 11235
f 11235 10075 10073
f 11235 10073 11236
f 11197 11235 11236
f 11197 11236 11198
f 11198 11236 11237
f 11198 11237 11201
f 11236 10073 10070
f 11236 10070 11237
f 11237 10070 10069
f 11237 10069 11238
f 11201 11237 11238
f 11201 11238 11202
f 8960 11239 11240
f 8960 11240 8961
f 11239 9958 9961
f 11239 9961 11240
f 11240 9961 9954
f 11240 9954 11241
f 8961 11240 11241
f 8961 11241 8964
f 8964 11241 11242
f 8964 11242 8966
f 11241 9954 9952
f 11241 9952 11242
f 11242 9952 9947
f 11242 9947 11243
f 8966 11242 11243
f 8966 11243 8941
f 8941 11243 11244
f 8941 11244 8936
f 11243 9947 9944
f 11243 9944 11244
f 11244 9944 9943
f 11244 9943 11245
f 8936 11244 11245
f 8936 11245 8933
f 9980 11246 11247
f 9980 11247 9981
f 11246 9810 9813
f 11246 9813 11247
f 11247 9813 9806
f 11247 9806 11248
f 9981 11247 11248
f 9981 11248 9984
f 9984 11248 11249
f 9984 11249 9989
f 11248 9806 9804
f 11248 9804 11249
f 11249 9804 9799
f 11249 9799 11250
f 9989 11249 11250
f 9989 11250 9991
f 9991 11250 11251
f 9991 11251 9998
f 11250 9799 9796
f 11250 9796 11251
f 11251 9796 9795
f 11251 9795 11252
f 9998 11251 11252
f 9998 11252 9995
f 9859 11253 11254
f 9859 11254 9860
f 11253 8874 8877
f 11253 8877 11254
f 11254 8877 8870
f 11254 8870 11255
f 9860 11254 11255
f 9860 11255 9863
f 9863 11255 11256
f 9863 11256 9865
f 11255 8870 8868
f 11255 8868 11256
f 11256 8868 8863
f 11256 8863 11257
f 9865 11256 11257
f 9865 11257 9840
f 9840 11257 11258
f 9840 11258 9835
f 11257 8863 8860
f 11257 8860 11258
f 11258 8860 8859
f 11258 8859 11259
f 9835 11258 11259
f 9835 11259 9832
f 10017 11260 11261
f 10017 11261 10018
f 11260 9921 9924
f 11260 9924 11261
f 11261 9924 9917
f 11261 9917 11262
f 10018 11261 11262
f 10018 11262 10021
f 10021 11262 11263
f 10021 11263 10026
f 11262 9917 9915
f 11262 9915 11263
f 11263 9915 9910
f 11263 9910 11264
f 10026 11263 11264
f 10026 11264 10028
f 10028 11264 11265
f 10028 11265 10035
f 11264 9910 9907
f 11264 9907 11265
f 11265 9907 9906
f 11265 9906 11266
f 10035 11265 11266
f 10035 11266 10032
f 8923 11267 11268
f 8923 11268 8924
f 11267 9884 9887
f 11267 9887 11268
f 11268 9887 9880
f 11268 9880 11269
f 8924 11268 11269
f 8924 11269 8927
f 8927 11269 11270
f 8927 11270 8929
f 11269 9880 9878
f 11269 9878 11270
f 11270 9878 9873
f 11270 9873 11271
f 8929 11270 11271
f 8929 11271 8904
f 8904 11271 11272
f 8904 11272 8899
f 11271 9873 9870
f 11271 9870 11272
f 11272 9870 9869
f 11272 9869 11273
f 8899 11272 11273
f 8899 11273 8896
f 10081 11274 11275
f 10081 11275 10082
f 11274 8985 8988
f 11274 8988 11275
f 11275 8988 8981
f 11275 8981 11276
f 10082 11275 11276
f 10082 11276 10085
f 10085 11276 11277
f 10085 11277 10087
f 11276 8981 8979
f 11276 8979 11277
f 11277 8979 8974
f 11277 8974 11278
f 10087 11277 11278
f 10087 11278 10062
f 10062 11278 11279
f 10062 11279 10057
f 11278 8974 8971
f 11278 8971 11279
f 11279 8971 8970
f 11279 8970 11280
f 10057 11279 11280
f 10057 11280 10054
f 11281 11282 11283
f 11281 11283 11284
f 11282 11285 11286
f 11282 11286 11283
f 11283 11286 11287
f 11283 11287 11288
f 11284 11283 11288
f 11284 11288 11289
f 11289 11288 11290
f 11289 11290 11291
f 11288 11287 11292
f 11288 11292 11290
f 11290 11292 11293
f 11290 11293 11294
f 11291 11290 11294
f 11291 11294 11295
f 11295 11294 11296
f 11295 11296 11297
f 11294 11293 11298
f 11294 11298 11296
f 11296 11298 11299
f 11296 11299 11300
f 11297 11296 11300
f 11297 11300 11301
f 11302 11303 11304
f 11302 11304 11305
f 11303 11281 11284
f 11303 11284 11304
f 11304 11284 11289
f 11304 11289 11306
f 11305 11304 11306
f 11305 11306 11307
f 11307 11306 11308
f 11307 11308 11309
f 11306 11289 11291
f 11306 11291 11308
f 11308 11291 11295
f 11308 11295 11310
f 11309 11308 11310
f 11309 11310 11311
f 11311 11310 11312
f 11311 11312 11313
f 11310 11295 11297
f 11310 11297 11312
f 11312 11297 11301
f 11312 11301 11314
f 11313 11312 11314
f 11313 11314 11315
f 11316 11317 11318
f 11316 11318 11319
f 11317 11302 11305
f 11317 11305 11318
f 11318 11305 11307
f 11318 11307 11320
f 11319 11318 11320
f 11319 11320 11321
f 11321 11320 11322
f 11321 11322 11323
f 11320 11307 11309
f 11320 11309 11322
f 11322 11309 11311
f 11322 11311 11324
f 11323 11322 11324
f 11323 11324 11325
f 11325 11324 11326
f 11325 11326 11327
f 11324 11311 11313
f 11324 11313 11326
f 11326 11313 11315
f 11326 11315 11328
f 11327 11326 11328
f 11327 11328 11329
f 11330 11331 11332
f 11330 11332 11333
f 11331 11316 11319
f 11331 11319 11332
f 11332 11319 11321
f 11332 11321 11334
f 11333 11332 11334
f 11333 11334 11335
f 11335 11334 11336
f 11335 11336 11337
f 11334 11321 11323
f 11334 11323 11336
f 11336 11323 11325
f 11336 11325 11338
f 11337 11336 11338
f 11337 11338 11339
f 11339 11338 11340
f 11339 11340 11341
f 11338 11325 11327
f 11338 11327 11340
f 11340 11327 11329
f 11340 11329 11342
f 11341 11340 11342
f 11341 11342 11343
f 11344 11345 11346
f 11344 11346 11347
f 11345 11330 11333
f 11345 11333 11346
f 11346 11333 11335
f 11346 11335 11348
f 11347 11346 11348
f 11347 11348 11349
f 11349 11348 11350
f 11349 11350 11351
f 11348 11335 11337
f 11348 11337 11350
f 11350 11337 11339
f 11350 11339 11352
f 11351 11350 11352
f 11351 11352 11353
f 11353 11352 11354
f 11353 11354 11355
f 11352 11339 11341
f 11352 11341 11354
f 11354 11341 11343
f 11354 11343 11356
f 11355 11354 11356
f 11355 11356 11357
f 11358 11359 11360
f 11358 11360 11361
f 11359 11344 11347
f 11359 11347 11360
f 11360 11347 11349
f 11360 11349 11362
f 11361 11360 11362
f 11361 11362 11363
f 11363 11362 11364
f 11363 11364 11365
f 11362 11349 11351
f 11362 11351 11364
f 11364 11351 11353
f 11364 11353 11366
f 11365 11364 11366
f 11365 11366 11367
f 11367 11366 11368
f 11367 11368 11369
f 11366 11353 11355
f 11366 11355 11368
f 11368 11355 11357
f 11368 11357 11370
f 11369 11368 11370
f 11369 11370 11371
f 11372 11373 11374
f 11372 11374 11375
f 11373 11358 11361
f 11373 11361 11374
f 11374 11361 11363
f 11374 11363 11376
f 11375 11374 11376
f 11375 11376 11377
f 11377 11376 11378
f 11377 11378 11379
f 11376 11363 11365
f 11376 11365 11378
f 11378 11365 11367
f 11378 11367 11380
f 11379 11378 11380
f 11379 11380 11381
f 11381 11380 11382
f 11381 11382 11383
f 11380 11367 11369
f 11380 11369 11382
f 11382 11369 11371
f 11382 11371 11384
f 11383 11382 11384
f 11383 11384 11385
f 11285 11386 11387
f 11285 11387 11286
f 11386 11372 11375
f 11386 11375 11387
f 11387 11375 11377
f 11387 11377 11388
f 11286 11387 11388
f 11286 11388 11287
f 11287 11388 11389
f 11287 11389 11292
f 11388 11377 11379
f 11388 11379 11389
f 11389 11379 11381
f 11389 11381 11390
f 11292 11389 11390
f 11292 11390 11293
f 11293 11390 11391
f 11293 11391 11298
f 11390 11381 11383
f 11390 11383 11391
f 11391 11383 11385
f 11391 11385 11392
f 11298 11391 11392
f 11298 11392 11299
f 11393 11394 11395
f 11393 11395 11396
f 11394 11397 11398
f 11394 11398 11395
f 11395 11398 11399
f 11395 11399 11400
f 11396 11395 11400
f 11396 11400 11401
f 11401 11400 11402
f 11401 11402 11403
f 11400 11399 11404
f 11400 11404 11402
f 11402 11404 11405
f 11402 11405 11406
f 11403 11402 11406
f 11403 11406 11407
f 11407 11406 11408
f 11407 11408 11409
f 11406 11405 11410
f 11406 11410 11408
f 11408 11410 11411
f 11408 11411 11412
f 11409 11408 11412
f 11409 11412 11413
f 11414 11415 11416
f 11414 11416 11417
f 11415 11393 11396
f 11415 11396 11416
f 11416 11396 11401
f 11416 11401 11418
f 11417 11416 11418
f 11417 11418 11419
f 11419 11418 11420
f 11419 11420 11421
f 11418 11401 11403
f 11418 11403 11420
f 11420 11403 11407
f 11420 11407 11422
f 11421 11420 11422
f 11421 11422 11423
f 11423 11422 11424
f 11423 11424 11425
f 11422 11407 11409
f 11422 11409 11424
f 11424 11409 11413
f 11424 11413 11426
f 11425 11424 11426
f 11425 11426 11427
f 11428 11429 11430
f 11428 11430 11431
f 11429 11414 11417
f 11429 11417 11430
f 11430 11417 11419
f 11430 11419 11432
f 11431 11430 11432
f 11431 11432 11433
f 11433 11432 11434
f 11433 11434 11435
f 11432 11419 11421
f 11432 11421 11434
f 11434 11421 11423
f 11434 11423 11436
f 11435 11434 11436
f 11435 11436 11437
f 11437 11436 11438
f 11437 11438 11439
f 11436 11423 11425
f 11436 11425 11438
f 11438 11425 11427
f 11438 11427 11440
f 11439 11438 11440
f 11439 11440 11441
f 11442 11443 11444
f 11442 11444 11445
f 11443 11428 11431
f 11443 11431 11444
f 11444 11431 11433
f 11444 11433 11446
f 11445 11444 11446
f 11445 11446 11447
f 11447 11446 11448
f 11447 11448 11449
f 11446 11433 11435
f 11446 11435 11448
f 11448 11435 11437
f 11448 11437 11450
f 11449 11448 11450
f 11449 11450 11451
f 11451 11450 11452
f 11451 11452 11453
f 11450 11437 11439
f 11450 11439 11452
f 11452 11439 11441
f 11452 11441 11454
f 11453 11452 11454
f 11453 11454 11455
f 11456 11457 11458
f 11456 11458 11459
f 11457 11442 11445
f 11457 11445 11458
f 11458 11445 11447
f 11458 11447 11460
f 11459 11458 11460
f 11459 11460 11461
f 11461 11460 11462
f 11461 11462 11463
f 11460 11447 11449
f 11460 11449 11462
f 11462 11449 11451
f 11462 11451 11464
f 11463 11462 11464
f 11463 11464 11465
f 11465 11464 11466
f 11465 11466 11467
f 11464 11451 11453
f 11464 11453 11466
f 11466 11453 11455
f 11466 11455 11468
f 11467 11466 11468
f 11467 11468 11469
f 11470 11471 11472
f 11470 11472 11473
f 11471 11456 11459
f 11471 11459 11472
f 11472 11459 11461
f 11472 11461 11474
f 11473 11472 11474
f 11473 11474 11475
f 11475 11474 11476
f 11475 11476 11477
f 11474 11461 11463
f 11474 11463 11476
f 11476 11463 11465
f 11476 11465 11478
f 11477 11476 11478
f 11477 11478 11479
f 11479 11478 11480
f 11479 11480 11481
f 11478 11465 11467
f 11478 11467 11480
f 11480 11467 11469
f 11480 11469 11482
f 11481 11480 11482
f 11481 11482 11483
f 11484 11485 11486
f 11484 11486 11487
f 11485 11470 11473
f 11485 11473 11486
f 11486 11473 11475
f 11486 11475 11488
f 11487 11486 11488
f 11487 11488 11489
f 11489 11488 11490
f 11489 11490 11491
f 11488 11475 11477
f 11488 11477 11490
f 11490 11477 11479
f 11490 11479 11492
f 11491 11490 11492
f 11491 11492 11493
f 11493 11492 11494
f 11493 11494 11495
f 11492 11479 11481
f 11492 11481 11494
f 11494 11481 11483
f 11494 11483 11496
f 11495 11494 11496
f 11495 11496 11497
f 11397 11498 11499
f 11397 11499 11398
f 11498 11484 11487
f 11498 11487 11499
f 11499 11487 11489
f 11499 11489 11500
f 11398 11499 11500
f 11398 11500 11399
f 11399 11500 11501
f 11399 11501 11404
f 11500 11489 11491
f 11500 11491 11501
f 11501 11491 11493
f 11501 11493 11502
f 11404 11501 11502
f 11404 11502 11405
f 11405 11502 11503
f 11405 11503 11410
f 11502 11493 11495
f 11502 11495 11503
f 11503 11495 11497
f 11503 11497 11504
f 11410 11503 11504
f 11410 11504 11411
f 11505 11506 11507
f 11505 11507 11508
f 11506 11509 11510
f 11506 11510 11507
f 11507 11510 11511
f 11507 11511 11512
f 11508 11507 11512
f 11508 11512 11513
f 11513 11512 11514
f 11513 11514 11515
f 11512 11511 11516
f 11512 11516 11514
f 11514 11516 11517
f 11514 11517 11518
f 11515 11514 11518
f 11515 11518 11519
f 11519 11518 11520
f 11519 11520 11521
f 11518 11517 11522
f 11518 11522 11520
f 11520 11522 11523
f 11520 11523 11524
f 11521 11520 11524
f 11521 11524 11525
f 11526 11527 11528
f 11526 11528 11529
f 11527 11505 11508
f 11527 11508 11528
f 11528 11508 11513
f 11528 11513 11530
f 11529 11528 11530
f 11529 11530 11531
f 11531 11530 11532
f 11531 11532 11533
f 11530 11513 11515
f 11530 11515 11532
f 11532 11515 11519
f 11532 11519 11534
f 11533 11532 11534
f 11533 11534 11535
f 11535 11534 11536
f 11535 11536 11537
f 11534 11519 11521
f 11534 11521 11536
f 11536 11521 11525
f 11536 11525 11538
f 11537 11536 11538
f 11537 11538 11539
f 11540 11541 11542
f 11540 11542 11543
f 11541 11526 11529
f 11541 11529 11542
f 11542 11529 11531
f 11542 11531 11544
f 11543 11542 11544
f 11543 11544 11545
f 11545 11544 11546
f 11545 11546 11547
f 11544 11531 11533
f 11544 11533 11546
f 11546 11533 11535
f 11546 11535 11548
f 11547 11546 11548
f 11547 11548 11549
f 11549 11548 11550
f 11549 11550 11551
f 11548 11535 11537
f 11548 11537 11550
f 11550 11537 11539
f 11550 11539 11552
f 11551 11550 11552
f 11551 11552 11553
f 11554 11555 11556
f 11554 11556 11557
f 11555 11540 11543
f 11555 11543 11556
f 11556 11543 11545
f 11556 11545 11558
f 11557 11556 11558
f 11557 11558 11559
f 11559 11558 11560
f 11559 11560 11561
f 11558 11545 11547
f 11558 11547 11560
f 11560 11547 11549
f 11560 11549 11562
f 11561 11560 11562
f 11561 11562 11563
f 11563 11562 11564
f 11563 11564 11565
f 11562 11549 11551
f 11562 11551 11564
f 11564 11551 11553
f 11564 11553 11566
f 11565 11564 11566
f 11565 11566 11567
f 11568 11569 11570
f 11568 11570 11571
f 11569 11554 11557
f 11569 11557 11570
f 11570 11557 11559
f 11570 11559 11572
f 11571 11570 11572
f 11571 11572 11573
f 11573 11572 11574
f 11573 11574 11575
f 11572 11559 11561
f 11572 11561 11574
f 11574 11561 11563
f 11574 11563 11576
f 11575 11574 11576
f 11575 11576 11577
f 11577 11576 11578
f 11577 11578 11579
f 11576 11563 11565
f 11576 11565 11578
f 11578 11565 11567
f 11578 11567 11580
f 11579 11578 11580
f 11579 11580 11581
f 11582 11583 11584
f 11582 11584 11585
f 11583 11568 11571
f 11583 11571 11584
f 11584 11571 11573
f 11584 11573 11586
f 11585 11584 11586
f 11585 11586 11587
f 11587 11586 11588
f 11587 11588 11589
f 11586 11573 11575
f 11586 11575 11588
f 11588 11575 11577
f 11588 11577 11590
f 11589 11588 11590
f 11589 11590 11591
f 11591 11590 11592
f 11591 11592 11593
f 11590 11577 11579
f 11590 11579 11592
f 11592 11579 11581
f 11592 11581 11594
f 11593 11592 11594
f 11593 11594 11595
f 11596 11597 11598
f 11596 11598 11599
f 11597 11582 11585
f 11597 11585 11598
f 11598 11585 11587
f 11598 11587 11600
f 11599 11598 11600
f 11599 11600 11601
f 11601 11600 11602
f 11601 11602 11603
f 11600 11587 11589
f 11600 11589 11602
f 11602 11589 11591
f 11602 11591 11604
f 11603 11602 11604
f 11603 11604 11605
f 11605 11604 11606
f 11605 11606 11607
f 11604 11591 11593
f 11604 11593 11606
f 11606 11593 11595
f 11606 11595 11608
f 11607 11606 11608
f 11607 11608 11609
f 11509 11610 11611
f 11509 11611 11510
f 11610 11596 11599
f 11610 11599 11611
f 11611 11599 11601
f 11611 11601 11612
f 11510 11611 11612
f 11510 11612 11511
f 11511 11612 11613
f 11511 11613 11516
f 11612 11601 11603
f 11612 11603 11613
f 11613 11603 11605
f 11613 11605 11614
f 11516 11613 11614
f 11516 11614 11517
f 11517 11614 11615
f 11517 11615 11522
f 11614 11605 11607
f 11614 11607 11615
f 11615 11607 11609
f 11615 11609 11616
f 11522 11615 11616
f 11522 11616 11523
f 8933 11245 11617
f 8933 11617 10104
f 9943 11120 11617
f 9943 11617 11245
f 9995 11252 11617
f 9995 11617 11120
f 9795 11141 11617
f 9795 11617 11252
f 9832 11259 11617
f 9832 11617 11141
f 8859 10104 11617
f 8859 11617 11259
f 9182 10266 11618
f 9182 11618 11057
f 10266 9253 11043
f 10266 11043 11618
f 11618 11043 8948
f 11618 8948 10098
f 11057 11618 10098
f 11057 10098 8886
f 9859 11163 11619
f 9859 11619 11253
f 11163 11162 11620
f 11163 11620 11619
f 11619 11620 9194
f 11619 9194 11063
f 11253 11619 11063
f 11253 11063 8874
f 8896 11273 11621
f 8896 11621 10097
f 9869 11085 11621
f 9869 11621 11273
f 9921 11260 11621
f 9921 11621 11085
f 10017 11218 11621
f 10017 11621 11260
f 10054 11280 11621
f 10054 11621 11218
f 8970 10097 11621
f 8970 11621 11280
f 8911 10091 11622
f 8911 11622 11050
f 10091 8997 11064
f 10091 11064 11622
f 11622 11064 9302
f 11622 9302 10273
f 11050 11622 10273
f 11050 10273 9219
f 9204 11623 11624
f 9204 11624 11056
f 11623 11094 11092
f 11623 11092 11624
f 11624 11092 9884
f 11624 9884 11267
f 11056 11624 11267
f 11056 11267 8923
f 9292 11625 11626
f 9292 11626 11049
f 11625 11129 11127
f 11625 11127 11626
f 11626 11127 9958
f 11626 9958 11239
f 11049 11626 11239
f 11049 11239 8960
f 8985 11274 11627
f 8985 11627 11070
f 11274 10081 11232
f 11274 11232 11627
f 11627 11232 11192
f 11627 11192 11628
f 11070 11627 11628
f 11070 11628 9317
f 9034 10112 11629
f 9034 11629 10111
f 10112 9108 10126
f 10112 10126 11629
f 11629 10126 9133
f 11629 9133 10119
f 10111 11629 10119
f 10111 10119 9059
f 9081 10118 11630
f 9081 11630 10175
f 10118 9022 10174
f 10118 10174 11630
f 11630 10174 10173
f 11630 10173 11631
f 10175 11630 11631
f 10175 11631 10177
f 9044 10148 11632
f 9044 11632 10105
f 10148 10147 11633
f 10148 11633 11632
f 11632 11633 10163
f 11632 10163 10161
f 10105 11632 10161
f 10105 10161 9007
f 9071 10125 11634
f 9071 11634 10159
f 10125 9118 10146
f 10125 10146 11634
f 11634 10146 10145
f 11634 10145 11635
f 10159 11634 11635
f 10159 11635 10160
f 9145 10132 11636
f 9145 11636 10133
f 10132 9096 10188
f 10132 10188 11636
f 11636 10188 10187
f 11636 10187 11637
f 10133 11636 11637
f 10133 11637 10135
f 10147 10238 11638
f 10147 11638 11633
f 10238 10209 10208
f 10238 10208 11638
f 11638 10208 10207
f 11638 10207 10245
f 11633 11638 10245
f 11633 10245 10163
f 10177 11631 11639
f 10177 11639 10252
f 11631 10173 10251
f 11631 10251 11639
f 11639 10251 10193
f 11639 10193 11640
f 10252 11639 11640
f 10252 11640 10228
f 10160 11635 11641
f 10160 11641 10244
f 11635 10145 10237
f 11635 10237 11641
f 11641 10237 10230
f 11641 10230 11642
f 10244 11641 11642
f 10244 11642 10189
f 10135 11637 11643
f 10135 11643 10231
f 11637 10187 10258
f 11637 10258 11643
f 11643 10258 10214
f 11643 10214 10211
f 10231 11643 10211
f 10231 10211 10210
f 10193 10190 11644
f 10193 11644 11640
f 10190 10189 11642
f 10190 11642 11644
f 11644 11642 10230
f 11644 10230 10229
f 11640 11644 10229
f 11640 10229 10228
f 11162 11211 11645
f 11162 11645 11620
f 11211 11094 11623
f 11211 11623 11645
f 11645 11623 9204
f 11645 9204 10265
f 11620 11645 10265
f 11620 10265 9194
f 9243 10328 11646
f 9243 11646 10259
f 10328 10327 11647
f 10328 11647 11646
f 11646 11647 10314
f 11646 10314 10313
f 10259 11646 10313
f 10259 10313 9155
f 9170 10302 11648
f 9170 11648 10272
f 10302 10301 11649
f 10302 11649 11648
f 11648 11649 10289
f 11648 10289 10287
f 10272 11648 10287
f 10272 10287 9268
f 9341 10330 11650
f 9341 11650 10279
f 10330 10329 11651
f 10330 11651 11650
f 11650 11651 10317
f 11650 10317 10315
f 10279 11650 10315
f 10279 10315 9231
f 11192 11190 11652
f 11192 11652 11628
f 11190 11129 11625
f 11190 11625 11652
f 11652 11625 9292
f 11652 9292 10280
f 11628 11652 10280
f 11628 10280 9317
f 9280 10300 11653
f 9280 11653 10286
f 10300 10299 11654
f 10300 11654 11653
f 11653 11654 10342
f 11653 10342 10341
f 10286 11653 10341
f 10286 10341 9329
f 10327 10356 11655
f 10327 11655 11647
f 10356 10355 11656
f 10356 11656 11655
f 11655 11656 10373
f 11655 10373 10371
f 11647 11655 10371
f 11647 10371 10314
f 10301 10384 11657
f 10301 11657 11649
f 10384 10383 11658
f 10384 11658 11657
f 11657 11658 10398
f 11657 10398 10397
f 11649 11657 10397
f 11649 10397 10289
f 10329 10358 11659
f 10329 11659 11651
f 10358 10357 11660
f 10358 11660 11659
f 11659 11660 10345
f 11659 10345 10343
f 11651 11659 10343
f 11651 10343 10317
f 10299 10386 11661
f 10299 11661 11654
f 10386 10385 11662
f 10386 11662 11661
f 11661 11662 10370
f 11661 10370 10369
f 11654 11661 10369
f 11654 10369 10342
f 10383 10412 11663
f 10383 11663 11658
f 10412 10411 11664
f 10412 11664 11663
f 11663 11664 10454
f 11663 10454 10453
f 11658 11663 10453
f 11658 10453 10398
f 10355 10414 11665
f 10355 11665 11656
f 10414 10413 11666
f 10414 11666 11665
f 11665 11666 10401
f 11665 10401 10399
f 11656 11665 10399
f 11656 10399 10373
f 10357 10440 11667
f 10357 11667 11660
f 10440 10439 11668
f 10440 11668 11667
f 11667 11668 10426
f 11667 10426 10425
f 11660 11667 10425
f 11660 10425 10345
f 10385 10442 11669
f 10385 11669 11662
f 10442 10441 11670
f 10442 11670 11669
f 11669 11670 10429
f 11669 10429 10427
f 11662 11669 10427
f 11662 10427 10370
f 10413 10510 11671
f 10413 11671 11666
f 10510 9388 10461
f 10510 10461 11671
f 11671 10461 9351
f 11671 9351 10503
f 11666 11671 10503
f 11666 10503 10401
f 10411 10497 11672
f 10411 11672 11664
f 10497 9378 10462
f 10497 10462 11672
f 11672 10462 9425
f 11672 9425 10496
f 11664 11672 10496
f 11664 10496 10454
f 10439 10489 11673
f 10439 11673 11668
f 10489 9462 10469
f 10489 10469 11673
f 11673 10469 9403
f 11673 9403 10504
f 11668 11673 10504
f 11668 10504 10426
f 10441 10490 11674
f 10441 11674 11670
f 10490 9452 10476
f 10490 10476 11674
f 11674 10476 9477
f 11674 9477 10483
f 11670 11674 10483
f 11670 10483 10429
f 9366 10455 11675
f 9366 11675 10468
f 10455 9415 10475
f 10455 10475 11675
f 11675 10475 9489
f 11675 9489 10482
f 10468 11675 10482
f 10468 10482 9440
f 10511 10533 11676
f 10511 11676 10512
f 10532 10547 11676
f 10532 11676 10533
f 10546 10561 11676
f 10546 11676 10547
f 10560 10575 11676
f 10560 11676 10561
f 10574 10589 11676
f 10574 11676 10575
f 10588 10603 11676
f 10588 11676 10589
f 10602 10616 11676
f 10602 11676 10603
f 10515 10512 11676
f 10515 11676 10616
f 10615 11677 11678
f 10615 11678 10622
f 11677 10714 10728
f 11677 10728 11678
f 11678 10728 10627
f 11678 10627 11679
f 10622 11678 11679
f 10622 11679 10529
f 10529 11679 11680
f 10529 11680 10530
f 11679 10627 10624
f 11679 10624 11680
f 11680 10624 10623
f 11680 10623 11681
f 10530 11680 11681
f 10530 11681 10531
f 10531 11681 11682
f 10531 11682 10544
f 11681 10623 10645
f 11681 10645 11682
f 11682 10645 10644
f 11682 10644 11683
f 10544 11682 11683
f 10544 11683 10545
f 10545 11683 11684
f 10545 11684 10558
f 11683 10644 10659
f 11683 10659 11684
f 11684 10659 10658
f 11684 10658 11685
f 10558 11684 11685
f 10558 11685 10559
f 10559 11685 11686
f 10559 11686 10572
f 11685 10658 10673
f 11685 10673 11686
f 11686 10673 10672
f 11686 10672 11687
f 10572 11686 11687
f 10572 11687 10573
f 10573 11687 11688
f 10573 11688 10586
f 11687 10672 10687
f 11687 10687 11688
f 11688 10687 10686
f 11688 10686 11689
f 10586 11688 11689
f 10586 11689 10587
f 10587 11689 11690
f 10587 11690 10600
f 11689 10686 10701
f 11689 10701 11690
f 11690 10701 10700
f 11690 10700 11691
f 10600 11690 11691
f 10600 11691 10601
f 10601 11691 11692
f 10601 11692 10614
f 11691 10700 10715
f 11691 10715 11692
f 11692 10715 10714
f 11692 10714 11677
f 10614 11692 11677
f 10614 11677 10615
f 10641 11693 11694
f 10641 11694 10642
f 11693 10739 10736
f 11693 10736 11694
f 11694 10736 10735
f 11694 10735 11695
f 10642 11694 11695
f 10642 11695 10643
f 10727 11696 11697
f 10727 11697 10734
f 11696 10826 10840
f 11696 10840 11697
f 11697 10840 10739
f 11697 10739 11693
f 10734 11697 11693
f 10734 11693 10641
f 10643 11695 11698
f 10643 11698 10656
f 11695 10735 10757
f 11695 10757 11698
f 11698 10757 10756
f 11698 10756 11699
f 10656 11698 11699
f 10656 11699 10657
f 10657 11699 11700
f 10657 11700 10670
f 11699 10756 10771
f 11699 10771 11700
f 11700 10771 10770
f 11700 10770 11701
f 10670 11700 11701
f 10670 11701 10671
f 10671 11701 11702
f 10671 11702 10684
f 11701 10770 10785
f 11701 10785 11702
f 11702 10785 10784
f 11702 10784 11703
f 10684 11702 11703
f 10684 11703 10685
f 10685 11703 11704
f 10685 11704 10698
f 11703 10784 10799
f 11703 10799 11704
f 11704 10799 10798
f 11704 10798 11705
f 10698 11704 11705
f 10698 11705 10699
f 10699 11705 11706
f 10699 11706 10712
f 11705 10798 10813
f 11705 10813 11706
f 11706 10813 10812
f 11706 10812 11707
f 10712 11706 11707
f 10712 11707 10713
f 10713 11707 11708
f 10713 11708 10726
f 11707 10812 10827
f 11707 10827 11708
f 11708 10827 10826
f 11708 10826 11696
f 10726 11708 11696
f 10726 11696 10727
f 10753 11709 11710
f 10753 11710 10754
f 11709 10851 10848
f 11709 10848 11710
f 11710 10848 10847
f 11710 10847 11711
f 10754 11710 11711
f 10754 11711 10755
f 10839 11712 11713
f 10839 11713 10846
f 11712 10938 10952
f 11712 10952 11713
f 11713 10952 10851
f 11713 10851 11709
f 10846 11713 11709
f 10846 11709 10753
f 10755 11711 11714
f 10755 11714 10768
f 11711 10847 10869
f 11711 10869 11714
f 11714 10869 10868
f 11714 10868 11715
f 10768 11714 11715
f 10768 11715 10769
f 10769 11715 11716
f 10769 11716 10782
f 11715 10868 10883
f 11715 10883 11716
f 11716 10883 10882
f 11716 10882 11717
f 10782 11716 11717
f 10782 11717 10783
f 10783 11717 11718
f 10783 11718 10796
f 11717 10882 10897
f 11717 10897 11718
f 11718 10897 10896
f 11718 10896 11719
f 10796 11718 11719
f 10796 11719 10797
f 10797 11719 11720
f 10797 11720 10810
f 11719 10896 10911
f 11719 10911 11720
f 11720 10911 10910
f 11720 10910 11721
f 10810 11720 11721
f 10810 11721 10811
f 10811 11721 11722
f 10811 11722 10824
f 11721 10910 10925
f 11721 10925 11722
f 11722 10925 10924
f 11722 10924 11723
f 10824 11722 11723
f 10824 11723 10825
f 10825 11723 11724
f 10825 11724 10838
f 11723 10924 10939
f 11723 10939 11724
f 11724 10939 10938
f 11724 10938 11712
f 10838 11724 11712
f 10838 11712 10839
f 10867 10866 11725
f 10867 11725 10880
f 10865 10958 11725
f 10865 11725 10866
f 10951 10950 11725
f 10951 11725 10958
f 10937 10936 11725
f 10937 11725 10950
f 10923 10922 11725
f 10923 11725 10936
f 10909 10908 11725
f 10909 11725 10922
f 10895 10894 11725
f 10895 11725 10908
f 10881 10880 11725
f 10881 11725 10894
f 9573 10987 11726
f 9573 11726 10959
f 10987 9721 11008
f 10987 11008 11726
f 11726 11008 9647
f 11726 9647 11029
f 10959 11726 11029
f 10959 11029 9499
f 9526 10972 11727
f 9526 11727 10965
f 10972 9563 10979
f 10972 10979 11727
f 11727 10979 9637
f 11727 9637 10986
f 10965 11727 10986
f 10965 10986 9588
f 9674 11022 11728
f 9674 11728 11035
f 11022 9699 11042
f 11022 11042 11728
f 11728 11042 9536
f 11728 9536 10966
f 11035 11728 10966
f 11035 10966 9514
f 9758 10994 11729
f 9758 11729 11015
f 10994 9610 10973
f 10994 10973 11729
f 11729 10973 9551
f 11729 9551 11036
f 11015 11729 11036
f 11015 11036 9684
f 9600 10980 11730
f 9600 11730 10993
f 10980 9625 11000
f 10980 11000 11730
f 11730 11000 9785
f 11730 9785 11007
f 10993 11730 11007
f 10993 11007 9736
f 9748 11001 11731
f 9748 11731 11014
f 11001 9773 11021
f 11001 11021 11731
f 11731 11021 9711
f 11731 9711 11028
f 11014 11731 11028
f 11014 11028 9662
f 9822 11161 11732
f 9822 11732 11147
f 11161 11160 11733
f 11161 11733 11732
f 11732 11733 11175
f 11732 11175 11174
f 11147 11732 11174
f 11147 11174 9847
f 11106 11734 11735
f 11106 11735 11107
f 11734 11150 11148
f 11734 11148 11735
f 11735 11148 9810
f 11735 9810 11246
f 11107 11735 11246
f 11107 11246 9980
f 11084 11083 11736
f 11084 11736 11737
f 11083 9933 11091
f 11083 11091 11736
f 11736 11091 9896
f 11736 9896 11105
f 11737 11736 11105
f 11737 11105 11104
f 10032 11266 11738
f 10032 11738 11225
f 11266 9906 11072
f 11266 11072 11738
f 11738 11072 11071
f 11738 11071 11739
f 11225 11738 11739
f 11225 11739 11176
f 11119 11118 11740
f 11119 11740 11741
f 11118 10007 11126
f 11118 11126 11740
f 11740 11126 9970
f 11740 9970 11140
f 11741 11740 11140
f 11741 11140 11139
f 10044 11231 11742
f 10044 11742 11224
f 11231 11189 11743
f 11231 11743 11742
f 11742 11743 11202
f 11742 11202 11238
f 11224 11742 11238
f 11224 11238 10069
f 11160 11210 11744
f 11160 11744 11733
f 11210 11084 11737
f 11210 11737 11744
f 11744 11737 11104
f 11744 11104 11217
f 11733 11744 11217
f 11733 11217 11175
f 11176 11739 11745
f 11176 11745 11177
f 11739 11071 11204
f 11739 11204 11745
f 11745 11204 11150
f 11745 11150 11734
f 11177 11745 11734
f 11177 11734 11106
f 11189 11188 11746
f 11189 11746 11743
f 11188 11119 11741
f 11188 11741 11746
f 11746 11741 11139
f 11746 11139 11203
f 11743 11746 11203
f 11743 11203 11202
f 11285 11282 11747
f 11285 11747 11748
f 11282 11281 11749
f 11282 11749 11747
f 11747 11749 11413
f 11747 11413 11412
f 11748 11747 11412
f 11748 11412 11411
f 11301 11300 11750
f 11301 11750 11314
f 11299 11392 11750
f 11299 11750 11300
f 11385 11384 11750
f 11385 11750 11392
f 11371 11370 11750
f 11371 11750 11384
f 11357 11356 11750
f 11357 11750 11370
f 11343 11342 11750
f 11343 11750 11356
f 11329 11328 11750
f 11329 11750 11342
f 11315 11314 11750
f 11315 11750 11328
f 11372 11386 11751
f 11372 11751 11752
f 11386 11285 11748
f 11386 11748 11751
f 11751 11748 11411
f 11751 11411 11504
f 11752 11751 11504
f 11752 11504 11497
f 11281 11303 11753
f 11281 11753 11749
f 11303 11302 11754
f 11303 11754 11753
f 11753 11754 11427
f 11753 11427 11426
f 11749 11753 11426
f 11749 11426 11413
f 11302 11317 11755
f 11302 11755 11754
f 11317 11316 11756
f 11317 11756 11755
f 11755 11756 11441
f 11755 11441 11440
f 11754 11755 11440
f 11754 11440 11427
f 11316 11331 11757
f 11316 11757 11756
f 11331 11330 11758
f 11331 11758 11757
f 11757 11758 11455
f 11757 11455 11454
f 11756 11757 11454
f 11756 11454 11441
f 11330 11345 11759
f 11330 11759 11758
f 11345 11344 11760
f 11345 11760 11759
f 11759 11760 11469
f 11759 11469 11468
f 11758 11759 11468
f 11758 11468 11455
f 11344 11359 11761
f 11344 11761 11760
f 11359 11358 11762
f 11359 11762 11761
f 11761 11762 11483
f 11761 11483 11482
f 11760 11761 11482
f 11760 11482 11469
f 11358 11373 11763
f 11358 11763 11762
f 11373 11372 11752
f 11373 11752 11763
f 11763 11752 11497
f 11763 11497 11496
f 11762 11763 11496
f 11762 11496 11483
f 11397 11394 11764
f 11397 11764 11765
f 11394 11393 11766
f 11394 11766 11764
f 11764 11766 8819
f 11764 8819 8818
f 11765 11764 8818
f 11765 8818 8817
f 11393 11415 11767
f 11393 11767 11766
f 11415 11414 11768
f 11415 11768 11767
f 11767 11768 8825
f 11767 8825 8824
f 11766 11767 8824
f 11766 8824 8819
f 11484 11498 11769
f 11484 11769 11770
f 11498 11397 11765
f 11498 11765 11769
f 11769 11765 8817
f 11769 8817 8858
f 11770 11769 8858
f 11770 8858 8855
f 11414 11429 11771
f 11414 11771 11768
f 11429 11428 11772
f 11429 11772 11771
f 11771 11772 8831
f 11771 8831 8830
f 11768 11771 8830
f 11768 8830 8825
f 11428 11443 11773
f 11428 11773 11772
f 11443 11442 11774
f 11443 11774 11773
f 11773 11774 8837
f 11773 8837 8836
f 11772 11773 8836
f 11772 8836 8831
f 11442 11457 11775
f 11442 11775 11774
f 11457 11456 11776
f 11457 11776 11775
f 11775 11776 8843
f 11775 8843 8842
f 11774 11775 8842
f 11774 8842 8837
f 11456 11471 11777
f 11456 11777 11776
f 11471 11470 11778
f 11471 11778 11777
f 11777 11778 8849
f 11777 8849 8848
f 11776 11777 8848
f 11776 8848 8843
f 11470 11485 11779
f 11470 11779 11778
f 11485 11484 11770
f 11485 11770 11779
f 11779 11770 8855
f 11779 8855 8854
f 11778 11779 8854
f 11778 8854 8849
f 8815 8812 11780
f 8815 11780 11781
f 8812 8811 11782
f 8812 11782 11780
f 11780 11782 11525
f 11780 11525 11524
f 11781 11780 11524
f 11781 11524 11523
f 11505 11527 11783
f 11505 11783 11506
f 11526 11541 11783
f 11526 11783 11527
f 11540 11555 11783
f 11540 11783 11541
f 11554 11569 11783
f 11554 11783 11555
f 11568 11583 11783
f 11568 11783 11569
f 11582 11597 11783
f 11582 11783 11583
f 11596 11610 11783
f 11596 11783 11597
f 11509 11506 11783
f 11509 11783 11610
f 8811 8821 11784
f 8811 11784 11782
f 8821 8820 11785
f 8821 11785 11784
f 11784 11785 11539
f 11784 11539 11538
f 11782 11784 11538
f 11782 11538 11525
f 8850 8856 11786
f 8850 11786 11787
f 8856 8815 11781
f 8856 11781 11786
f 11786 11781 11523
f 11786 11523 11616
f 11787 11786 11616
f 11787 11616 11609
f 8820 8827 11788
f 8820 11788 11785
f 8827 8826 11789
f 8827 11789 11788
f 11788 11789 11553
f 11788 11553 11552
f 11785 11788 11552
f 11785 11552 11539
f 8826 8833 11790
f 8826 11790 11789
f 8833 8832 11791
f 8833 11791 11790
f 11790 11791 11567
f 11790 11567 11566
f 11789 11790 11566
f 11789 11566 11553
f 8832 8839 11792
f 8832 11792 11791
f 8839 8838 11793
f 8839 11793 11792
f 11792 11793 11581
f 11792 11581 11580
f 11791 11792 11580
f 11791 11580 11567
f 8838 8845 11794
f 8838 11794 11793
f 8845 8844 11795
f 8845 11795 11794
f 11794 11795 11595
f 11794 11595 11594
f 11793 11794 11594
f 11793 11594 11581
f 8844 8851 11796
f 8844 11796 11795
f 8851 8850 11787
f 8851 11787 11796
f 11796 11787 11609
f 11796 11609 11608
f 11795 11796 11608
f 11795 11608 11595
f 11797 11798 11799
f 11797 11799 11800
f 11798 11801 11802
f 11798 11802 11799
f 11799 11802 11803
f 11799 11803 11804
f 11800 11799 11804
f 11800 11804 11805
f 11801 11806 11807
f 11801 11807 11802
f 11806 11808 11809
f 11806 11809 11807
f 11807 11809 11810
f 11807 11810 11811
f 11802 11807 11811
f 11802 11811 11803
f 11812 11813 11814
f 11812 11814 11815
f 11813 11816 11817
f 11813 11817 11814
f 11814 11817 11810
f 11814 11810 11809
f 11815 11814 11809
f 11815 11809 11808
f 11816 11818 11819
f 11816 11819 11817
f 11818 11820 11821
f 11818 11821 11819
f 11819 11821 11822
f 11819 11822 11823
f 11817 11819 11823
f 11817 11823 11810
f 11824 11825 11826
f 11824 11826 11827
f 11825 11828 11829
f 11825 11829 11826
f 11826 11829 11822
f 11826 11822 11821
f 11827 11826 11821
f 11827 11821 11820
f 11828 11830 11831
f 11828 11831 11829
f 11830 11805 11804
f 11830 11804 11831
f 11831 11804 11803
f 11831 11803 11832
f 11829 11831 11832
f 11829 11832 11822
f 11803 11811 11833
f 11803 11833 11832
f 11810 11823 11833
f 11810 11833 11811
f 11822 11832 11833
f 11822 11833 11823
f 11834 11835 11836
f 11834 11836 11837
f 11835 11838 11839
f 11835 11839 11836
f 11836 11839 11840
f 11836 11840 11841
f 11837 11836 11841
f 11837 11841 11842
f 11838 11843 11844
f 11838 11844 11839
f 11843 11845 11846
f 11843 11846 11844
f 11844 11846 11847
f 11844 11847 11848
f 11839 11844 11848
f 11839 11848 11840
f 11849 11850 11851
f 11849 11851 11852
f 11850 11853 11854
f 11850 11854 11851
f 11851 11854 11847
f 11851 11847 11846
f 11852 11851 11846
f 11852 11846 11845
f 11853 11855 11856
f 11853 11856 11854
f 11855 11857 11858
f 11855 11858 11856
f 11856 11858 11859
f 11856 11859 11860
f 11854 11856 11860
f 11854 11860 11847
f 11861 11862 11863
f 11861 11863 11864
f 11862 11865 11866
f 11862 11866 11863
f 11863 11866 11859
f 11863 11859 11858
f 11864 11863 11858
f 11864 11858 11857
f 11865 11867 11868
f 11865 11868 11866
f 11867 11869 11870
f 11867 11870 11868
f 11868 11870 11871
f 11868 11871 11872
f 11866 11868 11872
f 11866 11872 11859
f 11873 11874 11875
f 11873 11875 11876
f 11874 11877 11878
f 11874 11878 11875
f 11875 11878 11871
f 11875 11871 11870
f 11876 11875 11870
f 11876 11870 11869
f 11877 11879 11880
f 11877 11880 11878
f 11879 11842 11841
f 11879 11841 11880
f 11880 11841 11840
f 11880 11840 11881
f 11878 11880 11881
f 11878 11881 11871
f 11840 11848 11882
f 11840 11882 11881
f 11848 11847 11860
f 11848 11860 11882
f 11882 11860 11859
f 11882 11859 11872
f 11881 11882 11872
f 11881 11872 11871
f 11883 11884 11885
f 11883 11885 11886
f 11884 11887 11888
f 11884 11888 11885
f 11885 11888 11889
f 11885 11889 11890
f 11886 11885 11890
f 11886 11890 11891
f 11887 11892 11893
f 11887 11893 11888
f 11892 11894 11895
f 11892 11895 11893
f 11893 11895 11896
f 11893 11896 11897
f 11888 11893 11897
f 11888 11897 11889
f 11898 11899 11900
f 11898 11900 11901
f 11899 11902 11903
f 11899 11903 11900
f 11900 11903 11896
f 11900 11896 11895
f 11901 11900 11895
f 11901 11895 11894
f 11902 11904 11905
f 11902 11905 11903
f 11904 11906 11907
f 11904 11907 11905
f 11905 11907 11908
f 11905 11908 11909
f 11903 11905 11909
f 11903 11909 11896
f 11910 11911 11912
f 11910 11912 11913
f 11911 11914 11915
f 11911 11915 11912
f 11912 11915 11908
f 11912 11908 11907
f 11913 11912 11907
f 11913 11907 11906
f 11914 11916 11917
f 11914 11917 11915
f 11916 11891 11890
f 11916 11890 11917
f 11917 11890 11889
f 11917 11889 11918
f 11915 11917 11918
f 11915 11918 11908
f 11889 11897 11919
f 11889 11919 11918
f 11896 11909 11919
f 11896 11919 11897
f 11908 11918 11919
f 11908 11919 11909
f 11920 11921 11922
f 11920 11922 11923
f 11921 11924 11925
f 11921 11925 11922
f 11922 11925 11926
f 11922 11926 11927
f 11923 11922 11927
f 11923 11927 11928
f 11924 11929 11930
f 11924 11930 11925
f 11929 11931 11932
f 11929 11932 11930
f 11930 11932 11933
f 11930 11933 11934
f 11925 11930 11934
f 11925 11934 11926
f 11935 11936 11937
f 11935 11937 11938
f 11936 11939 11940
f 11936 11940 11937
f 11937 11940 11933
f 11937 11933 11932
f 11938 11937 11932
f 11938 11932 11931
f 11939 11941 11942
f 11939 11942 11940
f 11941 11943 11944
f 11941 11944 11942
f 11942 11944 11945
f 11942 11945 11946
f 11940 11942 11946
f 11940 11946 11933
f 11947 11948 11949
f 11947 11949 11950
f 11948 11951 11952
f 11948 11952 11949
f 11949 11952 11945
f 11949 11945 11944
f 11950 11949 11944
f 11950 11944 11943
f 11951 11953 11954
f 11951 11954 11952
f 11953 11955 11956
f 11953 11956 11954
f 11954 11956 11957
f 11954 11957 11958
f 11952 11954 11958
f 11952 11958 11945
f 11959 11960 11961
f 11959 11961 11962
f 11960 11963 11964
f 11960 11964 11961
f 11961 11964 11957
f 11961 11957 11956
f 11962 11961 11956
f 11962 11956 11955
f 11963 11965 11966
f 11963 11966 11964
f 11965 11928 11927
f 11965 11927 11966
f 11966 11927 11926
f 11966 11926 11967
f 11964 11966 11967
f 11964 11967 11957
f 11926 11934 11968
f 11926 11968 11967
f 11934 11933 11946
f 11934 11946 11968
f 11968 11946 11945
f 11968 11945 11958
f 11967 11968 11958
f 11967 11958 11957
f 11969 11970 11971
f 11969 11971 11972
f 11970 11973 11974
f 11970 11974 11971
f 11971 11974 11975
f 11971 11975 11976
f 11972 11971 11976
f 11972 11976 11977
f 11973 11978 11979
f 11973 11979 11974
f 11978 11980 11981
f 11978 11981 11979
f 11979 11981 11982
f 11979 11982 11983
f 11974 11979 11983
f 11974 11983 11975
f 11984 11985 11986
f 11984 11986 11987
f 11985 11988 11989
f 11985 11989 11986
f 11986 11989 11982
f 11986 11982 11981
f 11987 11986 11981
f 11987 11981 11980
f 11988 11990 11991
f 11988 11991 11989
f 11990 11992 11993
f 11990 11993 11991
f 11991 11993 11994
f 11991 11994 11995
f 11989 11991 11995
f 11989 11995 11982
f 11996 11997 11998
f 11996 11998 11999
f 11997 12000 12001
f 11997 12001 11998
f 11998 12001 11994
f 11998 11994 11993
f 11999 11998 11993
f 11999 11993 11992
f 12000 12002 12003
f 12000 12003 12001
f 12002 11977 11976
f 12002 11976 12003
f 12003 11976 11975
f 12003 11975 12004
f 12001 12003 12004
f 12001 12004 11994
f 11975 11983 12005
f 11975 12005 12004
f 11982 11995 12005
f 11982 12005 11983
f 11994 12004 12005
f 11994 12005 11995
f 12006 12007 12008
f 12006 12008 12009
f 12007 12010 12011
f 12007 12011 12008
f 12008 12011 12012
f 12008 12012 12013
f 12009 12008 12013
f 12009 12013 12014
f 12010 12015 12016
f 12010 12016 12011
f 12015 12017 12018
f 12015 12018 12016
f 12016 12018 12019
f 12016 12019 12020
f 12011 12016 12020
f 12011 12020 12012
f 12021 12022 12023
f 12021 12023 12024
f 12022 12025 12026
f 12022 12026 12023
f 12023 12026 12019
f 12023 12019 12018
f 12024 12023 12018
f 12024 12018 12017
f 12025 12027 12028
f 12025 12028 12026
f 12027 12029 12030
f 12027 12030 12028
f 12028 12030 12031
f 12028 12031 12032
f 12026 12028 12032
f 12026 12032 12019
f 12033 12034 12035
f 12033 12035 12036
f 12034 12037 12038
f 12034 12038 12035
f 12035 12038 12031
f 12035 12031 12030
f 12036 12035 12030
f 12036 12030 12029
f 12037 12039 12040
f 12037 12040 12038
f 12039 12041 12042
f 12039 12042 12040
f 12040 12042 12043
f 12040 12043 12044
f 12038 12040 12044
f 12038 12044 12031
f 12045 12046 12047
f 12045 12047 12048
f 12046 12049 12050
f 12046 12050 12047
f 12047 12050 12043
f 12047 12043 12042
f 12048 12047 12042
f 12048 12042 12041
f 12049 12051 12052
f 12049 12052 12050
f 12051 12014 12013
f 12051 12013 12052
f 12052 12013 12012
f 12052 12012 12053
f 12050 12052 12053
f 12050 12053 12043
f 12012 12020 12054
f 12012 12054 12053
f 12020 12019 12032
f 12020 12032 12054
f 12054 12032 12031
f 12054 12031 12044
f 12053 12054 12044
f 12053 12044 12043
f 12055 12056 12057
f 12055 12057 12058
f 12056 12059 12060
f 12056 12060 12057
f 12057 12060 12061
f 12057 12061 12062
f 12058 12057 12062
f 12058 12062 12063
f 12059 12064 12065
f 12059 12065 12060
f 12064 12066 12067
f 12064 12067 12065
f 12065 12067 12068
f 12065 12068 12069
f 12060 12065 12069
f 12060 12069 12061
f 12070 12071 12072
f 12070 12072 12073
f 12071 12074 12075
f 12071 12075 12072
f 12072 12075 12068
f 12072 12068 12067
f 12073 12072 12067
f 12073 12067 12066
f 12074 12076 12077
f 12074 12077 12075
f 12076 12078 12079
f 12076 12079 12077
f 12077 12079 12080
f 12077 12080 12081
f 12075 12077 12081
f 12075 12081 12068
f 12082 12083 12084
f 12082 12084 12085
f 12083 12086 12087
f 12083 12087 12084
f 12084 12087 12080
f 12084 12080 12079
f 12085 12084 12079
f 12085 12079 12078
f 12086 12088 12089
f 12086 12089 12087
f 12088 12063 12062
f 12088 12062 12089
f 12089 12062 12061
f 12089 12061 12090
f 12087 12089 12090
f 12087 12090 12080
f 12061 12069 12091
f 12061 12091 12090
f 12068 12081 12091
f 12068 12091 12069
f 12080 12090 12091
f 12080 12091 12081
f 12092 12093 12094
f 12092 12094 12095
f 12093 12096 12097
f 12093 12097 12094
f 12094 12097 12098
f 12094 12098 12099
f 12095 12094 12099
f 12095 12099 12100
f 12096 12101 12102
f 12096 12102 12097
f 12101 12103 12104
f 12101 12104 12102
f 12102 12104 12105
f 12102 12105 12106
f 12097 12102 12106
f 12097 12106 12098
f 12107 12108 12109
f 12107 12109 12110
f 12108 12111 12112
f 12108 12112 12109
f 12109 12112 12105
f 12109 12105 12104
f 12110 12109 12104
f 12110 12104 12103
f 12111 12113 12114
f 12111 12114 12112
f 12113 12115 12116
f 12113 12116 12114
f 12114 12116 12117
f 12114 12117 12118
f 12112 12114 12118
f 12112 12118 12105
f 12119 12120 12121
f 12119 12121 12122
f 12120 12123 12124
f 12120 12124 12121
f 12121 12124 12117
f 12121 12117 12116
f 12122 12121 12116
f 12122 12116 12115
f 12123 12125 12126
f 12123 12126 12124
f 12125 12127 12128
f 12125 12128 12126
f 12126 12128 12129
f 12126 12129 12130
f 12124 12126 12130
f 12124 12130 12117
f 12131 12132 12133
f 12131 12133 12134
f 12132 12135 12136
f 12132 12136 12133
f 12133 12136 12129
f 12133 12129 12128
f 12134 12133 12128
f 12134 12128 12127
f 12135 12137 12138
f 12135 12138 12136
f 12137 12100 12099
f 12137 12099 12138
f 12138 12099 12098
f 12138 12098 12139
f 12136 12138 12139
f 12136 12139 12129
f 12098 12106 12140
f 12098 12140 12139
f 12106 12105 12118
f 12106 12118 12140
f 12140 12118 12117
f 12140 12117 12130
f 12139 12140 12130
f 12139 12130 12129
f 12141 12142 12143
f 12141 12143 12144
f 12142 12145 12146
f 12142 12146 12143
f 12143 12146 12147
f 12143 12147 12148
f 12144 12143 12148
f 12144 12148 12149
f 12145 12150 12151
f 12145 12151 12146
f 12150 12152 12153
f 12150 12153 12151
f 12151 12153 12154
f 12151 12154 12155
f 12146 12151 12155
f 12146 12155 12147
f 12156 12157 12158
f 12156 12158 12159
f 12157 12160 12161
f 12157 12161 12158
f 12158 12161 12154
f 12158 12154 12153
f 12159 12158 12153
f 12159 12153 12152
f 12160 12162 12163
f 12160 12163 12161
f 12162 12164 12165
f 12162 12165 12163
f 12163 12165 12166
f 12163 12166 12167
f 12161 12163 12167
f 12161 12167 12154
f 12168 12169 12170
f 12168 12170 12171
f 12169 12172 12173
f 12169 12173 12170
f 12170 12173 12166
f 12170 12166 12165
f 12171 12170 12165
f 12171 12165 12164
f 12172 12174 12175
f 12172 12175 12173
f 12174 12176 12177
f 12174 12177 12175
f 12175 12177 12178
f 12175 12178 12179
f 12173 12175 12179
f 12173 12179 12166
f 12180 12181 12182
f 12180 12182 12183
f 12181 12184 12185
f 12181 12185 12182
f 12182 12185 12178
f 12182 12178 12177
f 12183 12182 12177
f 12183 12177 12176
f 12184 12186 12187
f 12184 12187 12185
f 12186 12149 12148
f 12186 12148 12187
f 12187 12148 12147
f 12187 12147 12188
f 12185 12187 12188
f 12185 12188 12178
f 12147 12155 12189
f 12147 12189 12188
f 12155 12154 12167
f 12155 12167 12189
f 12189 12167 12166
f 12189 12166 12179
f 12188 12189 12179
f 12188 12179 12178
f 12190 12191 12192
f 12190 12192 12193
f 12191 12194 12195
f 12191 12195 12192
f 12192 12195 12196
f 12192 12196 12197
f 12193 12192 12197
f 12193 12197 12198
f 12194 12199 12200
f 12194 12200 12195
f 12199 12201 12202
f 12199 12202 12200
f 12200 12202 12203
f 12200 12203 12204
f 12195 12200 12204
f 12195 12204 12196
f 12205 12206 12207
f 12205 12207 12208
f 12206 12209 12210
f 12206 12210 12207
f 12207 12210 12203
f 12207 12203 12202
f 12208 12207 12202
f 12208 12202 12201
f 12209 12211 12212
f 12209 12212 12210
f 12211 12213 12214
f 12211 12214 12212
f 12212 12214 12215
f 12212 12215 12216
f 12210 12212 12216
f 12210 12216 12203
f 12217 12218 12219
f 12217 12219 12220
f 12218 12221 12222
f 12218 12222 12219
f 12219 12222 12215
f 12219 12215 12214
f 12220 12219 12214
f 12220 12214 12213
f 12221 12223 12224
f 12221 12224 12222
f 12223 12225 12226
f 12223 12226 12224
f 12224 12226 12227
f 12224 12227 12228
f 12222 12224 12228
f 12222 12228 12215
f 12229 12230 12231
f 12229 12231 12232
f 12230 12233 12234
f 12230 12234 12231
f 12231 12234 12227
f 12231 12227 12226
f 12232 12231 12226
f 12232 12226 12225
f 12233 12235 12236
f 12233 12236 12234
f 12235 12198 12197
f 12235 12197 12236
f 12236 12197 12196
f 12236 12196 12237
f 12234 12236 12237
f 12234 12237 12227
f 12196 12204 12238
f 12196 12238 12237
f 12204 12203 12216
f 12204 12216 12238
f 12238 12216 12215
f 12238 12215 12228
f 12237 12238 12228
f 12237 12228 12227
f 12239 12240 12241
f 12239 12241 12242
f 12240 12243 12244
f 12240 12244 12241
f 12241 12244 12245
f 12241 12245 12246
f 12242 12241 12246
f 12242 12246 12247
f 12243 12248 12249
f 12243 12249 12244
f 12248 12250 12251
f 12248 12251 12249
f 12249 12251 12252
f 12249 12252 12253
f 12244 12249 12253
f 12244 12253 12245
f 12254 12255 12256
f 12254 12256 12257
f 12255 12258 12259
f 12255 12259 12256
f 12256 12259 12252
f 12256 12252 12251
f 12257 12256 12251
f 12257 12251 12250
f 12258 12260 12261
f 12258 12261 12259
f 12260 12262 12263
f 12260 12263 12261
f 12261 12263 12264
f 12261 12264 12265
f 12259 12261 12265
f 12259 12265 12252
f 12266 12267 12268
f 12266 12268 12269
f 12267 12270 12271
f 12267 12271 12268
f 12268 12271 12264
f 12268 12264 12263
f 12269 12268 12263
f 12269 12263 12262
f 12270 12272 12273
f 12270 12273 12271
f 12272 12274 12275
f 12272 12275 12273
f 12273 12275 12276
f 12273 12276 12277
f 12271 12273 12277
f 12271 12277 12264
f 12278 12279 12280
f 12278 12280 12281
f 12279 12282 12283
f 12279 12283 12280
f 12280 12283 12276
f 12280 12276 12275
f 12281 12280 12275
f 12281 12275 12274
f 12282 12284 12285
f 12282 12285 12283
f 12284 12247 12246
f 12284 12246 12285
f 12285 12246 12245
f 12285 12245 12286
f 12283 12285 12286
f 12283 12286 12276
f 12245 12253 12287
f 12245 12287 12286
f 12253 12252 12265
f 12253 12265 12287
f 12287 12265 12264
f 12287 12264 12277
f 12286 12287 12277
f 12286 12277 12276
f 12288 12289 12290
f 12288 12290 12291
f 12289 12292 12293
f 12289 12293 12290
f 12290 12293 12294
f 12290 12294 12295
f 12291 12290 12295
f 12291 12295 12296
f 12292 12297 12298
f 12292 12298 12293
f 12297 12299 12300
f 12297 12300 12298
f 12298 12300 12301
f 12298 12301 12302
f 12293 12298 12302
f 12293 12302 12294
f 12303 12304 12305
f 12303 12305 12306
f 12304 12307 12308
f 12304 12308 12305
f 12305 12308 12301
f 12305 12301 12300
f 12306 12305 12300
f 12306 12300 12299
f 12307 12309 12310
f 12307 12310 12308
f 12309 12311 12312
f 12309 12312 12310
f 12310 12312 12313
f 12310 12313 12314
f 12308 12310 12314
f 12308 12314 12301
f 12315 12316 12317
f 12315 12317 12318
f 12316 12319 12320
f 12316 12320 12317
f 12317 12320 12313
f 12317 12313 12312
f 12318 12317 12312
f 12318 12312 12311
f 12319 12321 12322
f 12319 12322 12320
f 12321 12323 12324
f 12321 12324 12322
f 12322 12324 12325
f 12322 12325 12326
f 12320 12322 12326
f 12320 12326 12313
f 12327 12328 12329
f 12327 12329 12330
f 12328 12331 12332
f 12328 12332 12329
f 12329 12332 12325
f 12329 12325 12324
f 12330 12329 12324
f 12330 12324 12323
f 12331 12333 12334
f 12331 12334 12332
f 12333 12296 12295
f 12333 12295 12334
f 12334 12295 12294
f 12334 12294 12335
f 12332 12334 12335
f 12332 12335 12325
f 12294 12302 12336
f 12294 12336 12335
f 12302 12301 12314
f 12302 12314 12336
f 12336 12314 12313
f 12336 12313 12326
f 12335 12336 12326
f 12335 12326 12325
f 12337 12338 12339
f 12337 12339 12340
f 12338 12341 12342
f 12338 12342 12339
f 12339 12342 12343
f 12339 12343 12344
f 12340 12339 12344
f 12340 12344 12345
f 12341 12346 12347
f 12341 12347 12342
f 12346 12348 12349
f 12346 12349 12347
f 12347 12349 12350
f 12347 12350 12351
f 12342 12347 12351
f 12342 12351 12343
f 12352 12353 12354
f 12352 12354 12355
f 12353 12356 12357
f 12353 12357 12354
f 12354 12357 12350
f 12354 12350 12349
f 12355 12354 12349
f 12355 12349 12348
f 12356 12358 12359
f 12356 12359 12357
f 12358 12360 12361
f 12358 12361 12359
f 12359 12361 12362
f 12359 12362 12363
f 12357 12359 12363
f 12357 12363 12350
f 12364 12365 12366
f 12364 12366 12367
f 12365 12368 12369
f 12365 12369 12366
f 12366 12369 12362
f 12366 12362 12361
f 12367 12366 12361
f 12367 12361 12360
f 12368 12370 12371
f 12368 12371 12369
f 12370 12345 12344
f 12370 12344 12371
f 12371 12344 12343
f 12371 12343 12372
f 12369 12371 12372
f 12369 12372 12362
f 12343 12351 12373
f 12343 12373 12372
f 12350 12363 12373
f 12350 12373 12351
f 12362 12372 12373
f 12362 12373 12363
f 12374 12375 12376
f 12374 12376 12377
f 12375 12378 12379
f 12375 12379 12376
f 12376 12379 12380
f 12376 12380 12381
f 12377 12376 12381
f 12377 12381 12382
f 12378 12383 12384
f 12378 12384 12379
f 12383 12385 12386
f 12383 12386 12384
f 12384 12386 12387
f 12384 12387 12388
f 12379 12384 12388
f 12379 12388 12380
f 12389 12390 12391
f 12389 12391 12392
f 12390 12393 12394
f 12390 12394 12391
f 12391 12394 12387
f 12391 12387 12386
f 12392 12391 12386
f 12392 12386 12385
f 12393 12395 12396
f 12393 12396 12394
f 12395 12397 12398
f 12395 12398 12396
f 12396 12398 12399
f 12396 12399 12400
f 12394 12396 12400
f 12394 12400 12387
f 12401 12402 12403
f 12401 12403 12404
f 12402 12405 12406
f 12402 12406 12403
f 12403 12406 12399
f 12403 12399 12398
f 12404 12403 12398
f 12404 12398 12397
f 12405 12407 12408
f 12405 12408 12406
f 12407 12409 12410
f 12407 12410 12408
f 12408 12410 12411
f 12408 12411 12412
f 12406 12408 12412
f 12406 12412 12399
f 12413 12414 12415
f 12413 12415 12416
f 12414 12417 12418
f 12414 12418 12415
f 12415 12418 12411
f 12415 12411 12410
f 12416 12415 12410
f 12416 12410 12409
f 12417 12419 12420
f 12417 12420 12418
f 12419 12382 12381
f 12419 12381 12420
f 12420 12381 12380
f 12420 12380 12421
f 12418 12420 12421
f 12418 12421 12411
f 12380 12388 12422
f 12380 12422 12421
f 12388 12387 12400
f 12388 12400 12422
f 12422 12400 12399
f 12422 12399 12412
f 12421 12422 12412
f 12421 12412 12411
f 12423 12424 12425
f 12423 12425 12426
f 12424 12427 12428
f 12424 12428 12425
f 12425 12428 12429
f 12425 12429 12430
f 12426 12425 12430
f 12426 12430 12431
f 12427 12432 12433
f 12427 12433 12428
f 12432 12434 12435
f 12432 12435 12433
f 12433 12435 12436
f 12433 12436 12437
f 12428 12433 12437
f 12428 12437 12429
f 12438 12439 12440
f 12438 12440 12441
f 12439 12442 12443
f 12439 12443 12440
f 12440 12443 12436
f 12440 12436 12435
f 12441 12440 12435
f 12441 12435 12434
f 12442 12444 12445
f 12442 12445 12443
f 12444 12446 12447
f 12444 12447 12445
f 12445 12447 12448
f 12445 12448 12449
f 12443 12445 12449
f 12443 12449 12436
f 12450 12451 12452
f 12450 12452 12453
f 12451 12454 12455
f 12451 12455 12452
f 12452 12455 12448
f 12452 12448 12447
f 12453 12452 12447
f 12453 12447 12446
f 12454 12456 12457
f 12454 12457 12455
f 12456 12458 12459
f 12456 12459 12457
f 12457 12459 12460
f 12457 12460 12461
f 12455 12457 12461
f 12455 12461 12448
f 12462 12463 12464
f 12462 12464 12465
f 12463 12466 12467
f 12463 12467 12464
f 12464 12467 12460
f 12464 12460 12459
f 12465 12464 12459
f 12465 12459 12458
f 12466 12468 12469
f 12466 12469 12467
f 12468 12431 12430
f 12468 12430 12469
f 12469 12430 12429
f 12469 12429 12470
f 12467 12469 12470
f 12467 12470 12460
f 12429 12437 12471
f 12429 12471 12470
f 12437 12436 12449
f 12437 12449 12471
f 12471 12449 12448
f 12471 12448 12461
f 12470 12471 12461
f 12470 12461 12460
f 12472 12473 12474
f 12472 12474 12475
f 12473 12476 12477
f 12473 12477 12474
f 12474 12477 12478
f 12474 12478 12479
f 12475 12474 12479
f 12475 12479 12480
f 12476 12481 12482
f 12476 12482 12477
f 12481 12483 12484
f 12481 12484 12482
f 12482 12484 12485
f 12482 12485 12486
f 12477 12482 12486
f 12477 12486 12478
f 12487 12488 12489
f 12487 12489 12490
f 12488 12491 12492
f 12488 12492 12489
f 12489 12492 12485
f 12489 12485 12484
f 12490 12489 12484
f 12490 12484 12483
f 12491 12493 12494
f 12491 12494 12492
f 12493 12495 12496
f 12493 12496 12494
f 12494 12496 12497
f 12494 12497 12498
f 12492 12494 12498
f 12492 12498 12485
f 12499 12500 12501
f 12499 12501 12502
f 12500 12503 12504
f 12500 12504 12501
f 12501 12504 12497
f 12501 12497 12496
f 12502 12501 12496
f 12502 12496 12495
f 12503 12505 12506
f 12503 12506 12504
f 12505 12507 12508
f 12505 12508 12506
f 12506 12508 12509
f 12506 12509 12510
f 12504 12506 12510
f 12504 12510 12497
f 12511 12512 12513
f 12511 12513 12514
f 12512 12515 12516
f 12512 12516 12513
f 12513 12516 12509
f 12513 12509 12508
f 12514 12513 12508
f 12514 12508 12507
f 12515 12517 12518
f 12515 12518 12516
f 12517 12480 12479
f 12517 12479 12518
f 12518 12479 12478
f 12518 12478 12519
f 12516 12518 12519
f 12516 12519 12509
f 12478 12486 12520
f 12478 12520 12519
f 12486 12485 12498
f 12486 12498 12520
f 12520 12498 12497
f 12520 12497 12510
f 12519 12520 12510
f 12519 12510 12509
f 12521 12522 12523
f 12521 12523 12524
f 12522 12525 12526
f 12522 12526 12523
f 12523 12526 12527
f 12523 12527 12528
f 12524 12523 12528
f 12524 12528 12529
f 12525 12530 12531
f 12525 12531 12526
f 12530 12532 12533
f 12530 12533 12531
f 12531 12533 12534
f 12531 12534 12535
f 12526 12531 12535
f 12526 12535 12527
f 12536 12537 12538
f 12536 12538 12539
f 12537 12540 12541
f 12537 12541 12538
f 12538 12541 12534
f 12538 12534 12533
f 12539 12538 12533
f 12539 12533 12532
f 12540 12542 12543
f 12540 12543 12541
f 12542 12544 12545
f 12542 12545 12543
f 12543 12545 12546
f 12543 12546 12547
f 12541 12543 12547
f 12541 12547 12534
f 12548 12549 12550
f 12548 12550 12551
f 12549 12552 12553
f 12549 12553 12550
f 12550 12553 12546
f 12550 12546 12545
f 12551 12550 12545
f 12551 12545 12544
f 12552 12554 12555
f 12552 12555 12553
f 12554 12556 12557
f 12554 12557 12555
f 12555 12557 12558
f 12555 12558 12559
f 12553 12555 12559
f 12553 12559 12546
f 12560 12561 12562
f 12560 12562 12563
f 12561 12564 12565
f 12561 12565 12562
f 12562 12565 12558
f 12562 12558 12557
f 12563 12562 12557
f 12563 12557 12556
f 12564 12566 12567
f 12564 12567 12565
f 12566 12529 12528
f 12566 12528 12567
f 12567 12528 12527
f 12567 12527 12568
f 12565 12567 12568
f 12565 12568 12558
f 12527 12535 12569
f 12527 12569 12568
f 12535 12534 12547
f 12535 12547 12569
f 12569 12547 12546
f 12569 12546 12559
f 12568 12569 12559
f 12568 12559 12558
f 12570 12571 12572
f 12570 12572 12573
f 12571 12574 12575
f 12571 12575 12572
f 12572 12575 12576
f 12572 12576 12577
f 12573 12572 12577
f 12573 12577 12578
f 12574 12579 12580
f 12574 12580 12575
f 12579 12581 12582
f 12579 12582 12580
f 12580 12582 12583
f 12580 12583 12584
f 12575 12580 12584
f 12575 12584 12576
f 12585 12586 12587
f 12585 12587 12588
f 12586 12589 12590
f 12586 12590 12587
f 12587 12590 12583
f 12587 12583 12582
f 12588 12587 12582
f 12588 12582 12581
f 12589 12591 12592
f 12589 12592 12590
f 12591 12593 12594
f 12591 12594 12592
f 12592 12594 12595
f 12592 12595 12596
f 12590 12592 12596
f 12590 12596 12583
f 12597 12598 12599
f 12597 12599 12600
f 12598 12601 12602
f 12598 12602 12599
f 12599 12602 12595
f 12599 12595 12594
f 12600 12599 12594
f 12600 12594 12593
f 12601 12603 12604
f 12601 12604 12602
f 12603 12578 12577
f 12603 12577 12604
f 12604 12577 12576
f 12604 12576 12605
f 12602 12604 12605
f 12602 12605 12595
f 12576 12584 12606
f 12576 12606 12605
f 12583 12596 12606
f 12583 12606 12584
f 12595 12605 12606
f 12595 12606 12596
f 12607 12608 12609
f 12607 12609 12610
f 12608 12611 12612
f 12608 12612 12609
f 12609 12612 12613
f 12609 12613 12614
f 12610 12609 12614
f 12610 12614 12615
f 12611 12616 12617
f 12611 12617 12612
f 12616 12618 12619
f 12616 12619 12617
f 12617 12619 12620
f 12617 12620 12621
f 12612 12617 12621
f 12612 12621 12613
f 12622 12623 12624
f 12622 12624 12625
f 12623 12626 12627
f 12623 12627 12624
f 12624 12627 12620
f 12624 12620 12619
f 12625 12624 12619
f 12625 12619 12618
f 12626 12628 12629
f 12626 12629 12627
f 12628 12630 12631
f 12628 12631 12629
f 12629 12631 12632
f 12629 12632 12633
f 12627 12629 12633
f 12627 12633 12620
f 12634 12635 12636
f 12634 12636 12637
f 12635 12638 12639
f 12635 12639 12636
f 12636 12639 12632
f 12636 12632 12631
f 12637 12636 12631
f 12637 12631 12630
f 12638 12640 12641
f 12638 12641 12639
f 12640 12615 12614
f 12640 12614 12641
f 12641 12614 12613
f 12641 12613 12642
f 12639 12641 12642
f 12639 12642 12632
f 12613 12621 12643
f 12613 12643 12642
f 12620 12633 12643
f 12620 12643 12621
f 12632 12642 12643
f 12632 12643 12633
f 12644 12645 12646
f 12644 12646 12647
f 12645 12648 12649
f 12645 12649 12646
f 12646 12649 12650
f 12646 12650 12651
f 12647 12646 12651
f 12647 12651 12652
f 12648 12653 12654
f 12648 12654 12649
f 12653 12655 12656
f 12653 12656 12654
f 12654 12656 12657
f 12654 12657 12658
f 12649 12654 12658
f 12649 12658 12650
f 12659 12660 12661
f 12659 12661 12662
f 12660 12663 12664
f 12660 12664 12661
f 12661 12664 12657
f 12661 12657 12656
f 12662 12661 12656
f 12662 12656 12655
f 12663 12665 12666
f 12663 12666 12664
f 12665 12667 12668
f 12665 12668 12666
f 12666 12668 12669
f 12666 12669 12670
f 12664 12666 12670
f 12664 12670 12657
f 12671 12672 12673
f 12671 12673 12674
f 12672 12675 12676
f 12672 12676 12673
f 12673 12676 12669
f 12673 12669 12668
f 12674 12673 12668
f 12674 12668 12667
f 12675 12677 12678
f 12675 12678 12676
f 12677 12652 12651
f 12677 12651 12678
f 12678 12651 12650
f 12678 12650 12679
f 12676 12678 12679
f 12676 12679 12669
f 12650 12658 12680
f 12650 12680 12679
f 12657 12670 12680
f 12657 12680 12658
f 12669 12679 12680
f 12669 12680 12670
f 12681 12682 12683
f 12681 12683 12684
f 12682 12685 12686
f 12682 12686 12683
f 12683 12686 12687
f 12683 12687 12688
f 12684 12683 12688
f 12684 12688 12689
f 12685 12690 12691
f 12685 12691 12686
f 12690 12692 12693
f 12690 12693 12691
f 12691 12693 12694
f 12691 12694 12695
f 12686 12691 12695
f 12686 12695 12687
f 12696 12697 12698
f 12696 12698 12699
f 12697 12700 12701
f 12697 12701 12698
f 12698 12701 12694
f 12698 12694 12693
f 12699 12698 12693
f 12699 12693 12692
f 12700 12702 12703
f 12700 12703 12701
f 12702 12704 12705
f 12702 12705 12703
f 12703 12705 12706
f 12703 12706 12707
f 12701 12703 12707
f 12701 12707 12694
f 12708 12709 12710
f 12708 12710 12711
f 12709 12712 12713
f 12709 12713 12710
f 12710 12713 12706
f 12710 12706 12705
f 12711 12710 12705
f 12711 12705 12704
f 12712 12714 12715
f 12712 12715 12713
f 12714 12689 12688
f 12714 12688 12715
f 12715 12688 12687
f 12715 12687 12716
f 12713 12715 12716
f 12713 12716 12706
f 12687 12695 12717
f 12687 12717 12716
f 12694 12707 12717
f 12694 12717 12695
f 12706 12716 12717
f 12706 12717 12707
f 12718 12719 12720
f 12718 12720 12721
f 12719 12722 12723
f 12719 12723 12720
f 12720 12723 12724
f 12720 12724 12725
f 12721 12720 12725
f 12721 12725 12726
f 12722 12727 12728
f 12722 12728 12723
f 12727 12729 12730
f 12727 12730 12728
f 12728 12730 12731
f 12728 12731 12732
f 12723 12728 12732
f 12723 12732 12724
f 12733 12734 12735
f 12733 12735 12736
f 12734 12737 12738
f 12734 12738 12735
f 12735 12738 12731
f 12735 12731 12730
f 12736 12735 12730
f 12736 12730 12729
f 12737 12739 12740
f 12737 12740 12738
f 12739 12741 12742
f 12739 12742 12740
f 12740 12742 12743
f 12740 12743 12744
f 12738 12740 12744
f 12738 12744 12731
f 12745 12746 12747
f 12745 12747 12748
f 12746 12749 12750
f 12746 12750 12747
f 12747 12750 12743
f 12747 12743 12742
f 12748 12747 12742
f 12748 12742 12741
f 12749 12751 12752
f 12749 12752 12750
f 12751 12726 12725
f 12751 12725 12752
f 12752 12725 12724
f 12752 12724 12753
f 12750 12752 12753
f 12750 12753 12743
f 12724 12732 12754
f 12724 12754 12753
f 12731 12744 12754
f 12731 12754 12732
f 12743 12753 12754
f 12743 12754 12744
f 12755 12756 12757
f 12755 12757 12758
f 12756 12759 12760
f 12756 12760 12757
f 12757 12760 12761
f 12757 12761 12762
f 12758 12757 12762
f 12758 12762 12763
f 12759 12764 12765
f 12759 12765 12760
f 12764 12766 12767
f 12764 12767 12765
f 12765 12767 12768
f 12765 12768 12769
f 12760 12765 12769
f 12760 12769 12761
f 12770 12771 12772
f 12770 12772 12773
f 12771 12774 12775
f 12771 12775 12772
f 12772 12775 12768
f 12772 12768 12767
f 12773 12772 12767
f 12773 12767 12766
f 12774 12776 12777
f 12774 12777 12775
f 12776 12778 12779
f 12776 12779 12777
f 12777 12779 12780
f 12777 12780 12781
f 12775 12777 12781
f 12775 12781 12768
f 12782 12783 12784
f 12782 12784 12785
f 12783 12786 12787
f 12783 12787 12784
f 12784 12787 12780
f 12784 12780 12779
f 12785 12784 12779
f 12785 12779 12778
f 12786 12788 12789
f 12786 12789 12787
f 12788 12763 12762
f 12788 12762 12789
f 12789 12762 12761
f 12789 12761 12790
f 12787 12789 12790
f 12787 12790 12780
f 12761 12769 12791
f 12761 12791 12790
f 12768 12781 12791
f 12768 12791 12769
f 12780 12790 12791
f 12780 12791 12781
f 12792 12793 12794
f 12792 12794 12795
f 12793 12796 12797
f 12793 12797 12794
f 12794 12797 12798
f 12794 12798 12799
f 12795 12794 12799
f 12795 12799 12800
f 12796 12801 12802
f 12796 12802 12797
f 12801 12803 12804
f 12801 12804 12802
f 12802 12804 12805
f 12802 12805 12806
f 12797 12802 12806
f 12797 12806 12798
f 12807 12808 12809
f 12807 12809 12810
f 12808 12811 12812
f 12808 12812 12809
f 12809 12812 12805
f 12809 12805 12804
f 12810 12809 12804
f 12810 12804 12803
f 12811 12813 12814
f 12811 12814 12812
f 12813 12815 12816
f 12813 12816 12814
f 12814 12816 12817
f 12814 12817 12818
f 12812 12814 12818
f 12812 12818 12805
f 12819 12820 12821
f 12819 12821 12822
f 12820 12823 12824
f 12820 12824 12821
f 12821 12824 12817
f 12821 12817 12816
f 12822 12821 12816
f 12822 12816 12815
f 12823 12825 12826
f 12823 12826 12824
f 12825 12800 12799
f 12825 12799 12826
f 12826 12799 12798
f 12826 12798 12827
f 12824 12826 12827
f 12824 12827 12817
f 12798 12806 12828
f 12798 12828 12827
f 12805 12818 12828
f 12805 12828 12806
f 12817 12827 12828
f 12817 12828 12818
f 12829 12830 12831
f 12829 12831 12832
f 12830 12833 12834
f 12830 12834 12831
f 12831 12834 12835
f 12831 12835 12836
f 12832 12831 12836
f 12832 12836 12837
f 12833 12838 12839
f 12833 12839 12834
f 12838 12840 12841
f 12838 12841 12839
f 12839 12841 12842
f 12839 12842 12843
f 12834 12839 12843
f 12834 12843 12835
f 12844 12845 12846
f 12844 12846 12847
f 12845 12848 12849
f 12845 12849 12846
f 12846 12849 12842
f 12846 12842 12841
f 12847 12846 12841
f 12847 12841 12840
f 12848 12850 12851
f 12848 12851 12849
f 12850 12852 12853
f 12850 12853 12851
f 12851 12853 12854
f 12851 12854 12855
f 12849 12851 12855
f 12849 12855 12842
f 12856 12857 12858
f 12856 12858 12859
f 12857 12860 12861
f 12857 12861 12858
f 12858 12861 12854
f 12858 12854 12853
f 12859 12858 12853
f 12859 12853 12852
f 12860 12862 12863
f 12860 12863 12861
f 12862 12837 12836
f 12862 12836 12863
f 12863 12836 12835
f 12863 12835 12864
f 12861 12863 12864
f 12861 12864 12854
f 12835 12843 12865
f 12835 12865 12864
f 12842 12855 12865
f 12842 12865 12843
f 12854 12864 12865
f 12854 12865 12855
f 12866 12867 12868
f 12866 12868 12869
f 12867 12870 12871
f 12867 12871 12868
f 12868 12871 12872
f 12868 12872 12873
f 12869 12868 12873
f 12869 12873 12874
f 12870 12875 12876
f 12870 12876 12871
f 12875 12877 12878
f 12875 12878 12876
f 12876 12878 12879
f 12876 12879 12880
f 12871 12876 12880
f 12871 12880 12872
f 12881 12882 12883
f 12881 12883 12884
f 12882 12885 12886
f 12882 12886 12883
f 12883 12886 12879
f 12883 12879 12878
f 12884 12883 12878
f 12884 12878 12877
f 12885 12887 12888
f 12885 12888 12886
f 12887 12889 12890
f 12887 12890 12888
f 12888 12890 12891
f 12888 12891 12892
f 12886 12888 12892
f 12886 12892 12879
f 12893 12894 12895
f 12893 12895 12896
f 12894 12897 12898
f 12894 12898 12895
f 12895 12898 12891
f 12895 12891 12890
f 12896 12895 12890
f 12896 12890 12889
f 12897 12899 12900
f 12897 12900 12898
f 12899 12874 12873
f 12899 12873 12900
f 12900 12873 12872
f 12900 12872 12901
f 12898 12900 12901
f 12898 12901 12891
f 12872 12880 12902
f 12872 12902 12901
f 12879 12892 12902
f 12879 12902 12880
f 12891 12901 12902
f 12891 12902 12892
f 12903 12904 12905
f 12903 12905 12906
f 12904 12907 12908
f 12904 12908 12905
f 12905 12908 12909
f 12905 12909 12910
f 12906 12905 12910
f 12906 12910 12911
f 12907 12912 12913
f 12907 12913 12908
f 12912 12914 12915
f 12912 12915 12913
f 12913 12915 12916
f 12913 12916 12917
f 12908 12913 12917
f 12908 12917 12909
f 12918 12919 12920
f 12918 12920 12921
f 12919 12922 12923
f 12919 12923 12920
f 12920 12923 12916
f 12920 12916 12915
f 12921 12920 12915
f 12921 12915 12914
f 12922 12924 12925
f 12922 12925 12923
f 12924 12926 12927
f 12924 12927 12925
f 12925 12927 12928
f 12925 12928 12929
f 12923 12925 12929
f 12923 12929 12916
f 12930 12931 12932
f 12930 12932 12933
f 12931 12934 12935
f 12931 12935 12932
f 12932 12935 12928
f 12932 12928 12927
f 12933 12932 12927
f 12933 12927 12926
f 12934 12936 12937
f 12934 12937 12935
f 12936 12911 12910
f 12936 12910 12937
f 12937 12910 12909
f 12937 12909 12938
f 12935 12937 12938
f 12935 12938 12928
f 12909 12917 12939
f 12909 12939 12938
f 12916 12929 12939
f 12916 12939 12917
f 12928 12938 12939
f 12928 12939 12929
f 12940 12941 12942
f 12940 12942 12943
f 12941 12944 12945
f 12941 12945 12942
f 12942 12945 12946
f 12942 12946 12947
f 12943 12942 12947
f 12943 12947 12948
f 12944 12949 12950
f 12944 12950 12945
f 12949 12951 12952
f 12949 12952 12950
f 12950 12952 12953
f 12950 12953 12954
f 12945 12950 12954
f 12945 12954 12946
f 12955 12956 12957
f 12955 12957 12958
f 12956 12959 12960
f 12956 12960 12957
f 12957 12960 12953
f 12957 12953 12952
f 12958 12957 12952
f 12958 12952 12951
f 12959 12961 12962
f 12959 12962 12960
f 12961 12963 12964
f 12961 12964 12962
f 12962 12964 12965
f 12962 12965 12966
f 12960 12962 12966
f 12960 12966 12953
f 12967 12968 12969
f 12967 12969 12970
f 12968 12971 12972
f 12968 12972 12969
f 12969 12972 12965
f 12969 12965 12964
f 12970 12969 12964
f 12970 12964 12963
f 12971 12973 12974
f 12971 12974 12972
f 12973 12948 12947
f 12973 12947 12974
f 12974 12947 12946
f 12974 12946 12975
f 12972 12974 12975
f 12972 12975 12965
f 12946 12954 12976
f 12946 12976 12975
f 12953 12966 12976
f 12953 12976 12954
f 12965 12975 12976
f 12965 12976 12966
f 11883 12977 12978
f 11883 12978 11884
f 12977 11812 11815
f 12977 11815 12978
f 12978 11815 11808
f 12978 11808 12979
f 11884 12978 12979
f 11884 12979 11887
f 11887 12979 12980
f 11887 12980 11892
f 12979 11808 11806
f 12979 11806 12980
f 12980 11806 11801
f 12980 11801 12981
f 11892 12980 12981
f 11892 12981 11894
f 11894 12981 12982
f 11894 12982 11901
f 12981 11801 11798
f 12981 11798 12982
f 12982 11798 11797
f 12982 11797 12983
f 11901 12982 12983
f 11901 12983 11898
f 12337 12984 12985
f 12337 12985 12338
f 12984 12374 12377
f 12984 12377 12985
f 12985 12377 12382
f 12985 12382 12986
f 12338 12985 12986
f 12338 12986 12341
f 12341 12986 12987
f 12341 12987 12346
f 12986 12382 12419
f 12986 12419 12987
f 12987 12419 12417
f 12987 12417 12988
f 12346 12987 12988
f 12346 12988 12348
f 12348 12988 12989
f 12348 12989 12355
f 12988 12417 12414
f 12988 12414 12989
f 12989 12414 12413
f 12989 12413 12990
f 12355 12989 12990
f 12355 12990 12352
f 12401 12991 12992
f 12401 12992 12402
f 12991 12438 12441
f 12991 12441 12992
f 12992 12441 12434
f 12992 12434 12993
f 12402 12992 12993
f 12402 12993 12405
f 12405 12993 12994
f 12405 12994 12407
f 12993 12434 12432
f 12993 12432 12994
f 12994 12432 12427
f 12994 12427 12995
f 12407 12994 12995
f 12407 12995 12409
f 12409 12995 12996
f 12409 12996 12416
f 12995 12427 12424
f 12995 12424 12996
f 12996 12424 12423
f 12996 12423 12997
f 12416 12996 12997
f 12416 12997 12413
f 12597 12998 12999
f 12597 12999 12598
f 12998 11910 11913
f 12998 11913 12999
f 12999 11913 11906
f 12999 11906 13000
f 12598 12999 13000
f 12598 13000 12601
f 12601 13000 13001
f 12601 13001 12603
f 13000 11906 11904
f 13000 11904 13001
f 13001 11904 11902
f 13001 11902 13002
f 12603 13001 13002
f 12603 13002 12578
f 12578 13002 13003
f 12578 13003 12573
f 13002 11902 11899
f 13002 11899 13003
f 13003 11899 11898
f 13003 11898 13004
f 12573 13003 13004
f 12573 13004 12570
f 12055 13005 13006
f 12055 13006 12056
f 13005 11883 11886
f 13005 11886 13006
f 13006 11886 11891
f 13006 11891 13007
f 12056 13006 13007
f 12056 13007 12059
f 12059 13007 13008
f 12059 13008 12064
f 13007 11891 11916
f 13007 11916 13008
f 13008 11916 11914
f 13008 11914 13009
f 12064 13008 13009
f 12064 13009 12066
f 12066 13009 13010
f 12066 13010 12073
f 13009 11914 11911
f 13009 11911 13010
f 13010 11911 11910
f 13010 11910 13011
f 12073 13010 13011
f 12073 13011 12070
f 12438 13012 13013
f 12438 13013 12439
f 13012 12487 12490
f 13012 12490 13013
f 13013 12490 12483
f 13013 12483 13014
f 12439 13013 13014
f 12439 13014 12442
f 12442 13014 13015
f 12442 13015 12444
f 13014 12483 12481
f 13014 12481 13015
f 13015 12481 12476
f 13015 12476 13016
f 12444 13015 13016
f 12444 13016 12446
f 12446 13016 13017
f 12446 13017 12453
f 13016 12476 12473
f 13016 12473 13017
f 13017 12473 12472
f 13017 12472 13018
f 12453 13017 13018
f 12453 13018 12450
f 12634 13019 13020
f 12634 13020 12635
f 13019 12082 12085
f 13019 12085 13020
f 13020 12085 12078
f 13020 12078 13021
f 12635 13020 13021
f 12635 13021 12638
f 12638 13021 13022
f 12638 13022 12640
f 13021 12078 12076
f 13021 12076 13022
f 13022 12076 12074
f 13022 12074 13023
f 12640 13022 13023
f 12640 13023 12615
f 12615 13023 13024
f 12615 13024 12610
f 13023 12074 12071
f 13023 12071 13024
f 13024 12071 12070
f 13024 12070 13025
f 12610 13024 13025
f 12610 13025 12607
f 11969 13026 13027
f 11969 13027 11970
f 13026 12055 12058
f 13026 12058 13027
f 13027 12058 12063
f 13027 12063 13028
f 11970 13027 13028
f 11970 13028 11973
f 11973 13028 13029
f 11973 13029 11978
f 13028 12063 12088
f 13028 12088 13029
f 13029 12088 12086
f 13029 12086 13030
f 11978 13029 13030
f 11978 13030 11980
f 11980 13030 13031
f 11980 13031 11987
f 13030 12086 12083
f 13030 12083 13031
f 13031 12083 12082
f 13031 12082 13032
f 11987 13031 13032
f 11987 13032 11984
f 12487 13033 13034
f 12487 13034 12488
f 13033 12536 12539
f 13033 12539 13034
f 13034 12539 12532
f 13034 12532 13035
f 12488 13034 13035
f 12488 13035 12491
f 12491 13035 13036
f 12491 13036 12493
f 13035 12532 12530
f 13035 12530 13036
f 13036 12530 12525
f 13036 12525 13037
f 12493 13036 13037
f 12493 13037 12495
f 12495 13037 13038
f 12495 13038 12502
f 13037 12525 12522
f 13037 12522 13038
f 13038 12522 12521
f 13038 12521 13039
f 12502 13038 13039
f 12502 13039 12499
f 12671 13040 13041
f 12671 13041 12672
f 13040 11996 11999
f 13040 11999 13041
f 13041 11999 11992
f 13041 11992 13042
f 12672 13041 13042
f 12672 13042 12675
f 12675 13042 13043
f 12675 13043 12677
f 13042 11992 11990
f 13042 11990 13043
f 13043 11990 11988
f 13043 11988 13044
f 12677 13043 13044
f 12677 13044 12652
f 12652 13044 13045
f 12652 13045 12647
f 13044 11988 11985
f 13044 11985 13045
f 13045 11985 11984
f 13045 11984 13046
f 12647 13045 13046
f 12647 13046 12644
f 11812 13047 13048
f 11812 13048 11813
f 13047 11969 11972
f 13047 11972 13048
f 13048 11972 11977
f 13048 11977 13049
f 11813 13048 13049
f 11813 13049 11816
f 11816 13049 13050
f 11816 13050 11818
f 13049 11977 12002
f 13049 12002 13050
f 13050 12002 12000
f 13050 12000 13051
f 11818 13050 13051
f 11818 13051 11820
f 11820 13051 13052
f 11820 13052 11827
f 13051 12000 11997
f 13051 11997 13052
f 13052 11997 11996
f 13052 11996 13053
f 11827 13052 13053
f 11827 13053 11824
f 12536 13054 13055
f 12536 13055 12537
f 13054 12401 12404
f 13054 12404 13055
f 13055 12404 12397
f 13055 12397 13056
f 12537 13055 13056
f 12537 13056 12540
f 12540 13056 13057
f 12540 13057 12542
f 13056 12397 12395
f 13056 12395 13057
f 13057 12395 12393
f 13057 12393 13058
f 12542 13057 13058
f 12542 13058 12544
f 12544 13058 13059
f 12544 13059 12551
f 13058 12393 12390
f 13058 12390 13059
f 13059 12390 12389
f 13059 12389 13060
f 12551 13059 13060
f 12551 13060 12548
f 11824 13061 13062
f 11824 13062 11825
f 13061 12364 12367
f 13061 12367 13062
f 13062 12367 12360
f 13062 12360 13063
f 11825 13062 13063
f 11825 13063 11828
f 11828 13063 13064
f 11828 13064 11830
f 13063 12360 12358
f 13063 12358 13064
f 13064 12358 12356
f 13064 12356 13065
f 11830 13064 13065
f 11830 13065 11805
f 11805 13065 13066
f 11805 13066 11800
f 13065 12356 12353
f 13065 12353 13066
f 13066 12353 12352
f 13066 12352 13067
f 11800 13066 13067
f 11800 13067 11797
f 12462 13068 13069
f 12462 13069 12463
f 13068 12585 12588
f 13068 12588 13069
f 13069 12588 12581
f 13069 12581 13070
f 12463 13069 13070
f 12463 13070 12466
f 12466 13070 13071
f 12466 13071 12468
f 13070 12581 12579
f 13070 12579 13071
f 13071 12579 12574
f 13071 12574 13072
f 12468 13071 13072
f 12468 13072 12431
f 12431 13072 13073
f 12431 13073 12426
f 13072 12574 12571
f 13072 12571 13073
f 13073 12571 12570
f 13073 12570 13074
f 12426 13073 13074
f 12426 13074 12423
f 12499 13075 13076
f 12499 13076 12500
f 13075 12634 12637
f 13075 12637 13076
f 13076 12637 12630
f 13076 12630 13077
f 12500 13076 13077
f 12500 13077 12503
f 12503 13077 13078
f 12503 13078 12505
f 13077 12630 12628
f 13077 12628 13078
f 13078 12628 12626
f 13078 12626 13079
f 12505 13078 13079
f 12505 13079 12507
f 12507 13079 13080
f 12507 13080 12514
f 13079 12626 12623
f 13079 12623 13080
f 13080 12623 12622
f 13080 12622 13081
f 12514 13080 13081
f 12514 13081 12511
f 12560 13082 13083
f 12560 13083 12561
f 13082 12659 12662
f 13082 12662 13083
f 13083 12662 12655
f 13083 12655 13084
f 12561 13083 13084
f 12561 13084 12564
f 12564 13084 13085
f 12564 13085 12566
f 13084 12655 12653
f 13084 12653 13085
f 13085 12653 12648
f 13085 12648 13086
f 12566 13085 13086
f 12566 13086 12529
f 12529 13086 13087
f 12529 13087 12524
f 13086 12648 12645
f 13086 12645 13087
f 13087 12645 12644
f 13087 12644 13088
f 12524 13087 13088
f 12524 13088 12521
f 12141 13089 13090
f 12141 13090 12142
f 13089 11834 11837
f 13089 11837 13090
f 13090 11837 11842
f 13090 11842 13091
f 12142 13090 13091
f 12142 13091 12145
f 12145 13091 13092
f 12145 13092 12150
f 13091 11842 11879
f 13091 11879 13092
f 13092 11879 11877
f 13092 11877 13093
f 12150 13092 13093
f 12150 13093 12152
f 12152 13093 13094
f 12152 13094 12159
f 13093 11877 11874
f 13093 11874 13094
f 13094 11874 11873
f 13094 11873 13095
f 12159 13094 13095
f 12159 13095 12156
f 11959 13096 13097
f 11959 13097 11960
f 13096 12107 12110
f 13096 12110 13097
f 13097 12110 12103
f 13097 12103 13098
f 11960 13097 13098
f 11960 13098 11963
f 11963 13098 13099
f 11963 13099 11965
f 13098 12103 12101
f 13098 12101 13099
f 13099 12101 12096
f 13099 12096 13100
f 11965 13099 13100
f 11965 13100 11928
f 11928 13100 13101
f 11928 13101 11923
f 13100 12096 12093
f 13100 12093 13101
f 13101 12093 12092
f 13101 12092 13102
f 11923 13101 13102
f 11923 13102 11920
f 12045 13103 13104
f 12045 13104 12046
f 13103 11861 11864
f 13103 11864 13104
f 13104 11864 11857
f 13104 11857 13105
f 12046 13104 13105
f 12046 13105 12049
f 12049 13105 13106
f 12049 13106 12051
f 13105 11857 11855
f 13105 11855 13106
f 13106 11855 11853
f 13106 11853 13107
f 12051 13106 13107
f 12051 13107 12014
f 12014 13107 13108
f 12014 13108 12009
f 13107 11853 11850
f 13107 11850 13108
f 13108 11850 11849
f 13108 11849 13109
f 12009 13108 13109
f 12009 13109 12006
f 11935 13110 13111
f 11935 13111 11936
f 13110 12190 12193
f 13110 12193 13111
f 13111 12193 12198
f 13111 12198 13112
f 11936 13111 13112
f 11936 13112 11939
f 11939 13112 13113
f 11939 13113 11941
f 13112 12198 12235
f 13112 12235 13113
f 13113 12235 12233
f 13113 12233 13114
f 11941 13113 13114
f 11941 13114 11943
f 11943 13114 13115
f 11943 13115 11950
f 13114 12233 12230
f 13114 12230 13115
f 13115 12230 12229
f 13115 12229 13116
f 11950 13115 13116
f 11950 13116 11947
f 12119 13117 13118
f 12119 13118 12120
f 13117 12254 12257
f 13117 12257 13118
f 13118 12257 12250
f 13118 12250 13119
f 12120 13118 13119
f 12120 13119 12123
f 12123 13119 13120
f 12123 13120 12125
f 13119 12250 12248
f 13119 12248 13120
f 13120 12248 12243
f 13120 12243 13121
f 12125 13120 13121
f 12125 13121 12127
f 12127 13121 13122
f 12127 13122 12134
f 13121 12243 12240
f 13121 12240 13122
f 13122 12240 12239
f 13122 12239 13123
f 12134 13122 13123
f 12134 13123 12131
f 12021 13124 13125
f 12021 13125 12022
f 13124 12288 12291
f 13124 12291 13125
f 13125 12291 12296
f 13125 12296 13126
f 12022 13125 13126
f 12022 13126 12025
f 12025 13126 13127
f 12025 13127 12027
f 13126 12296 12333
f 13126 12333 13127
f 13127 12333 12331
f 13127 12331 13128
f 12027 13127 13128
f 12027 13128 12029
f 12029 13128 13129
f 12029 13129 12036
f 13128 12331 12328
f 13128 12328 13129
f 13129 12328 12327
f 13129 12327 13130
f 12036 13129 13130
f 12036 13130 12033
f 12303 13131 13132
f 12303 13132 12304
f 13131 12180 12183
f 13131 12183 13132
f 13132 12183 12176
f 13132 12176 13133
f 12304 13132 13133
f 12304 13133 12307
f 12307 13133 13134
f 12307 13134 12309
f 13133 12176 12174
f 13133 12174 13134
f 13134 12174 12172
f 13134 12172 13135
f 12309 13134 13135
f 12309 13135 12311
f 12311 13135 13136
f 12311 13136 12318
f 13135 12172 12169
f 13135 12169 13136
f 13136 12169 12168
f 13136 12168 13137
f 12318 13136 13137
f 12318 13137 12315
f 12205 13138 13139
f 12205 13139 12206
f 13138 12278 12281
f 13138 12281 13139
f 13139 12281 12274
f 13139 12274 13140
f 12206 13139 13140
f 12206 13140 12209
f 12209 13140 13141
f 12209 13141 12211
f 13140 12274 12272
f 13140 12272 13141
f 13141 12272 12270
f 13141 12270 13142
f 12211 13141 13142
f 12211 13142 12213
f 12213 13142 13143
f 12213 13143 12220
f 13142 12270 12267
f 13142 12267 13143
f 13143 12267 12266
f 13143 12266 13144
f 12220 13143 13144
f 12220 13144 12217
f 12364 13145 13146
f 12364 13146 12365
f 13145 12168 12171
f 13145 12171 13146
f 13146 12171 12164
f 13146 12164 13147
f 12365 13146 13147
f 12365 13147 12368
f 12368 13147 13148
f 12368 13148 12370
f 13147 12164 12162
f 13147 12162 13148
f 13148 12162 12160
f 13148 12160 13149
f 12370 13148 13149
f 12370 13149 12345
f 12345 13149 13150
f 12345 13150 12340
f 13149 12160 12157
f 13149 12157 13150
f 13150 12157 12156
f 13150 12156 13151
f 12340 13150 13151
f 12340 13151 12337
f 11861 13152 13153
f 11861 13153 11862
f 13152 12389 12392
f 13152 12392 13153
f 13153 12392 12385
f 13153 12385 13154
f 11862 13153 13154
f 11862 13154 11865
f 11865 13154 13155
f 11865 13155 11867
f 13154 12385 12383
f 13154 12383 13155
f 13155 12383 12378
f 13155 12378 13156
f 11867 13155 13156
f 11867 13156 11869
f 11869 13156 13157
f 11869 13157 11876
f 13156 12378 12375
f 13156 12375 13157
f 13157 12375 12374
f 13157 12374 13158
f 11876 13157 13158
f 11876 13158 11873
f 12511 13159 13160
f 12511 13160 12512
f 13159 12119 12122
f 13159 12122 13160
f 13160 12122 12115
f 13160 12115 13161
f 12512 13160 13161
f 12512 13161 12515
f 12515 13161 13162
f 12515 13162 12517
f 13161 12115 12113
f 13161 12113 13162
f 13162 12113 12111
f 13162 12111 13163
f 12517 13162 13163
f 12517 13163 12480
f 12480 13163 13164
f 12480 13164 12475
f 13163 12111 12108
f 13163 12108 13164
f 13164 12108 12107
f 13164 12107 13165
f 12475 13164 13165
f 12475 13165 12472
f 11947 13166 13167
f 11947 13167 11948
f 13166 12462 12465
f 13166 12465 13167
f 13167 12465 12458
f 13167 12458 13168
f 11948 13167 13168
f 11948 13168 11951
f 11951 13168 13169
f 11951 13169 11953
f 13168 12458 12456
f 13168 12456 13169
f 13169 12456 12454
f 13169 12454 13170
f 11953 13169 13170
f 11953 13170 11955
f 11955 13170 13171
f 11955 13171 11962
f 13170 12454 12451
f 13170 12451 13171
f 13171 12451 12450
f 13171 12450 13172
f 11962 13171 13172
f 11962 13172 11959
f 12033 13173 13174
f 12033 13174 12034
f 13173 12560 12563
f 13173 12563 13174
f 13174 12563 12556
f 13174 12556 13175
f 12034 13174 13175
f 12034 13175 12037
f 12037 13175 13176
f 12037 13176 12039
f 13175 12556 12554
f 13175 12554 13176
f 13176 12554 12552
f 13176 12552 13177
f 12039 13176 13177
f 12039 13177 12041
f 12041 13177 13178
f 12041 13178 12048
f 13177 12552 12549
f 13177 12549 13178
f 13178 12549 12548
f 13178 12548 13179
f 12048 13178 13179
f 12048 13179 12045
f 12217 13180 13181
f 12217 13181 12218
f 13180 12597 12600
f 13180 12600 13181
f 13181 12600 12593
f 13181 12593 13182
f 12218 13181 13182
f 12218 13182 12221
f 12221 13182 13183
f 12221 13183 12223
f 13182 12593 12591
f 13182 12591 13183
f 13183 12591 12589
f 13183 12589 13184
f 12223 13183 13184
f 12223 13184 12225
f 12225 13184 13185
f 12225 13185 12232
f 13184 12589 12586
f 13184 12586 13185
f 13185 12586 12585
f 13185 12585 13186
f 12232 13185 13186
f 12232 13186 12229
f 12607 13187 13188
f 12607 13188 12608
f 13187 12266 12269
f 13187 12269 13188
f 13188 12269 12262
f 13188 12262 13189
f 12608 13188 13189
f 12608 13189 12611
f 12611 13189 13190
f 12611 13190 12616
f 13189 12262 12260
f 13189 12260 13190
f 13190 12260 12258
f 13190 12258 13191
f 12616 13190 13191
f 12616 13191 12618
f 12618 13191 13192
f 12618 13192 12625
f 13191 12258 12255
f 13191 12255 13192
f 13192 12255 12254
f 13192 12254 13193
f 12625 13192 13193
f 12625 13193 12622
f 12315 13194 13195
f 12315 13195 12316
f 13194 12671 12674
f 13194 12674 13195
f 13195 12674 12667
f 13195 12667 13196
f 12316 13195 13196
f 12316 13196 12319
f 12319 13196 13197
f 12319 13197 12321
f 13196 12667 12665
f 13196 12665 13197
f 13197 12665 12663
f 13197 12663 13198
f 12321 13197 13198
f 12321 13198 12323
f 12323 13198 13199
f 12323 13199 12330
f 13198 12663 12660
f 13198 12660 13199
f 13199 12660 12659
f 13199 12659 13200
f 12330 13199 13200
f 12330 13200 12327
f 12708 13201 13202
f 12708 13202 12709
f 13201 12733 12736
f 13201 12736 13202
f 13202 12736 12729
f 13202 12729 13203
f 12709 13202 13203
f 12709 13203 12712
f 12712 13203 13204
f 12712 13204 12714
f 13203 12729 12727
f 13203 12727 13204
f 13204 12727 12722
f 13204 12722 13205
f 12714 13204 13205
f 12714 13205 12689
f 12689 13205 13206
f 12689 13206 12684
f 13205 12722 12719
f 13205 12719 13206
f 13206 12719 12718
f 13206 12718 13207
f 12684 13206 13207
f 12684 13207 12681
f 12755 13208 13209
f 12755 13209 12756
f 13208 12792 12795
f 13208 12795 13209
f 13209 12795 12800
f 13209 12800 13210
f 12756 13209 13210
f 12756 13210 12759
f 12759 13210 13211
f 12759 13211 12764
f 13210 12800 12825
f 13210 12825 13211
f 13211 12825 12823
f 13211 12823 13212
f 12764 13211 13212
f 12764 13212 12766
f 12766 13212 13213
f 12766 13213 12773
f 13212 12823 12820
f 13212 12820 13213
f 13213 12820 12819
f 13213 12819 13214
f 12773 13213 13214
f 12773 13214 12770
f 12829 13215 13216
f 12829 13216 12830
f 13215 12745 12748
f 13215 12748 13216
f 13216 12748 12741
f 13216 12741 13217
f 12830 13216 13217
f 12830 13217 12833
f 12833 13217 13218
f 12833 13218 12838
f 13217 12741 12739
f 13217 12739 13218
f 13218 12739 12737
f 13218 12737 13219
f 12838 13218 13219
f 12838 13219 12840
f 12840 13219 13220
f 12840 13220 12847
f 13219 12737 12734
f 13219 12734 13220
f 13220 12734 12733
f 13220 12733 13221
f 12847 13220 13221
f 12847 13221 12844
f 12770 13222 13223
f 12770 13223 12771
f 13222 12881 12884
f 13222 12884 13223
f 13223 12884 12877
f 13223 12877 13224
f 12771 13223 13224
f 12771 13224 12774
f 12774 13224 13225
f 12774 13225 12776
f 13224 12877 12875
f 13224 12875 13225
f 13225 12875 12870
f 13225 12870 13226
f 12776 13225 13226
f 12776 13226 12778
f 12778 13226 13227
f 12778 13227 12785
f 13226 12870 12867
f 13226 12867 13227
f 13227 12867 12866
f 13227 12866 13228
f 12785 13227 13228
f 12785 13228 12782
f 12807 13229 13230
f 12807 13230 12808
f 13229 12903 12906
f 13229 12906 13230
f 13230 12906 12911
f 13230 12911 13231
f 12808 13230 13231
f 12808 13231 12811
f 12811 13231 13232
f 12811 13232 12813
f 13231 12911 12936
f 13231 12936 13232
f 13232 12936 12934
f 13232 12934 13233
f 12813 13232 13233
f 12813 13233 12815
f 12815 13233 13234
f 12815 13234 12822
f 13233 12934 12931
f 13233 12931 13234
f 13234 12931 12930
f 13234 12930 13235
f 12822 13234 13235
f 12822 13235 12819
f 12844 13236 13237
f 12844 13237 12845
f 13236 12955 12958
f 13236 12958 13237
f 13237 12958 12951
f 13237 12951 13238
f 12845 13237 13238
f 12845 13238 12848
f 12848 13238 13239
f 12848 13239 12850
f 13238 12951 12949
f 13238 12949 13239
f 13239 12949 12944
f 13239 12944 13240
f 12850 13239 13240
f 12850 13240 12852
f 12852 13240 13241
f 12852 13241 12859
f 13240 12944 12941
f 13240 12941 13241
f 13241 12941 12940
f 13241 12940 13242
f 12859 13241 13242
f 12859 13242 12856
f 12955 13243 13244
f 12955 13244 12956
f 13243 12708 12711
f 13243 12711 13244
f 13244 12711 12704
f 13244 12704 13245
f 12956 13244 13245
f 12956 13245 12959
f 12959 13245 13246
f 12959 13246 12961
f 13245 12704 12702
f 13245 12702 13246
f 13246 12702 12700
f 13246 12700 13247
f 12961 13246 13247
f 12961 13247 12963
f 12963 13247 13248
f 12963 13248 12970
f 13247 12700 12697
f 13247 12697 13248
f 13248 12697 12696
f 13248 12696 13249
f 12970 13248 13249
f 12970 13249 12967
f 12881 13250 13251
f 12881 13251 12882
f 13250 12930 12933
f 13250 12933 13251
f 13251 12933 12926
f 13251 12926 13252
f 12882 13251 13252
f 12882 13252 12885
f 12885 13252 13253
f 12885 13253 12887
f 13252 12926 12924
f 13252 12924 13253
f 13253 12924 12922
f 13253 12922 13254
f 12887 13253 13254
f 12887 13254 12889
f 12889 13254 13255
f 12889 13255 12896
f 13254 12922 12919
f 13254 12919 13255
f 13255 12919 12918
f 13255 12918 13256
f 12896 13255 13256
f 12896 13256 12893
f 11920 13257 13258
f 11920 13258 11921
f 13257 12755 12758
f 13257 12758 13258
f 13258 12758 12763
f 13258 12763 13259
f 11921 13258 13259
f 11921 13259 11924
f 11924 13259 13260
f 11924 13260 11929
f 13259 12763 12788
f 13259 12788 13260
f 13260 12788 12786
f 13260 12786 13261
f 11929 13260 13261
f 11929 13261 11931
f 11931 13261 13262
f 11931 13262 11938
f 13261 12786 12783
f 13261 12783 13262
f 13262 12783 12782
f 13262 12782 13263
f 11938 13262 13263
f 11938 13263 11935
f 12893 13264 13265
f 12893 13265 12894
f 13264 12205 12208
f 13264 12208 13265
f 13265 12208 12201
f 13265 12201 13266
f 12894 13265 13266
f 12894 13266 12897
f 12897 13266 13267
f 12897 13267 12899
f 13266 12201 12199
f 13266 12199 13267
f 13267 12199 12194
f 13267 12194 13268
f 12899 13267 13268
f 12899 13268 12874
f 12874 13268 13269
f 12874 13269 12869
f 13268 12194 12191
f 13268 12191 13269
f 13269 12191 12190
f 13269 12190 13270
f 12869 13269 13270
f 12869 13270 12866
f 12131 13271 13272
f 12131 13272 12132
f 13271 12807 12810
f 13271 12810 13272
f 13272 12810 12803
f 13272 12803 13273
f 12132 13272 13273
f 12132 13273 12135
f 12135 13273 13274
f 12135 13274 12137
f 13273 12803 12801
f 13273 12801 13274
f 13274 12801 12796
f 13274 12796 13275
f 12137 13274 13275
f 12137 13275 12100
f 12100 13275 13276
f 12100 13276 12095
f 13275 12796 12793
f 13275 12793 13276
f 13276 12793 12792
f 13276 12792 13277
f 12095 13276 13277
f 12095 13277 12092
f 12288 13278 13279
f 12288 13279 12289
f 13278 12940 12943
f 13278 12943 13279
f 13279 12943 12948
f 13279 12948 13280
f 12289 13279 13280
f 12289 13280 12292
f 12292 13280 13281
f 12292 13281 12297
f 13280 12948 12973
f 13280 12973 13281
f 13281 12973 12971
f 13281 12971 13282
f 12297 13281 13282
f 12297 13282 12299
f 12299 13282 13283
f 12299 13283 12306
f 13282 12971 12968
f 13282 12968 13283
f 13283 12968 12967
f 13283 12967 13284
f 12306 13283 13284
f 12306 13284 12303
f 12681 13285 13286
f 12681 13286 12682
f 13285 12141 12144
f 13285 12144 13286
f 13286 12144 12149
f 13286 12149 13287
f 12682 13286 13287
f 12682 13287 12685
f 12685 13287 13288
f 12685 13288 12690
f 13287 12149 12186
f 13287 12186 13288
f 13288 12186 12184
f 13288 12184 13289
f 12690 13288 13289
f 12690 13289 12692
f 12692 13289 13290
f 12692 13290 12699
f 13289 12184 12181
f 13289 12181 13290
f 13290 12181 12180
f 13290 12180 13291
f 12699 13290 13291
f 12699 13291 12696
f 12278 13292 13293
f 12278 13293 12279
f 13292 12918 12921
f 13292 12921 13293
f 13293 12921 12914
f 13293 12914 13294
f 12279 13293 13294
f 12279 13294 12282
f 12282 13294 13295
f 12282 13295 12284
f 13294 12914 12912
f 13294 12912 13295
f 13295 12912 12907
f 13295 12907 13296
f 12284 13295 13296
f 12284 13296 12247
f 12247 13296 13297
f 12247 13297 12242
f 13296 12907 12904
f 13296 12904 13297
f 13297 12904 12903
f 13297 12903 13298
f 12242 13297 13298
f 12242 13298 12239
f 11834 13299 13300
f 11834 13300 11835
f 13299 12718 12721
f 13299 12721 13300
f 13300 12721 12726
f 13300 12726 13301
f 11835 13300 13301
f 11835 13301 11838
f 11838 13301 13302
f 11838 13302 11843
f 13301 12726 12751
f 13301 12751 13302
f 13302 12751 12749
f 13302 12749 13303
f 11843 13302 13303
f 11843 13303 11845
f 11845 13303 13304
f 11845 13304 11852
f 13303 12749 12746
f 13303 12746 13304
f 13304 12746 12745
f 13304 12745 13305
f 11852 13304 13305
f 11852 13305 11849
f 12856 13306 13307
f 12856 13307 12857
f 13306 12021 12024
f 13306 12024 13307
f 13307 12024 12017
f 13307 12017 13308
f 12857 13307 13308
f 12857 13308 12860
f 12860 13308 13309
f 12860 13309 12862
f 13308 12017 12015
f 13308 12015 13309
f 13309 12015 12010
f 13309 12010 13310
f 12862 13309 13310
f 12862 13310 12837
f 12837 13310 13311
f 12837 13311 12832
f 13310 12010 12007
f 13310 12007 13311
f 13311 12007 12006
f 13311 12006 13312
f 12832 13311 13312
f 12832 13312 12829
f 13313 13314 13315
f 13313 13315 13316
f 13314 13317 13318
f 13314 13318 13315
f 13315 13318 13319
f 13315 13319 13320
f 13316 13315 13320
f 13316 13320 13321
f 13321 13320 13322
f 13321 13322 13323
f 13320 13319 13324
f 13320 13324 13322
f 13322 13324 13325
f 13322 13325 13326
f 13323 13322 13326
f 13323 13326 13327
f 13327 13326 13328
f 13327 13328 13329
f 13326 13325 13330
f 13326 13330 13328
f 13328 13330 13331
f 13328 13331 13332
f 13329 13328 13332
f 13329 13332 13333
f 13334 13335 13336
f 13334 13336 13337
f 13335 13313 13316
f 13335 13316 13336
f 13336 13316 13321
f 13336 13321 13338
f 13337 13336 13338
f 13337 13338 13339
f 13339 13338 13340
f 13339 13340 13341
f 13338 13321 13323
f 13338 13323 13340
f 13340 13323 13327
f 13340 13327 13342
f 13341 13340 13342
f 13341 13342 13343
f 13343 13342 13344
f 13343 13344 13345
f 13342 13327 13329
f 13342 13329 13344
f 13344 13329 13333
f 13344 13333 13346
f 13345 13344 13346
f 13345 13346 13347
f 13348 13349 13350
f 13348 13350 13351
f 13349 13334 13337
f 13349 13337 13350
f 13350 13337 13339
f 13350 13339 13352
f 13351 13350 13352
f 13351 13352 13353
f 13353 13352 13354
f 13353 13354 13355
f 13352 13339 13341
f 13352 13341 13354
f 13354 13341 13343
f 13354 13343 13356
f 13355 13354 13356
f 13355 13356 13357
f 13357 13356 13358
f 13357 13358 13359
f 13356 13343 13345
f 13356 13345 13358
f 13358 13345 13347
f 13358 13347 13360
f 13359 13358 13360
f 13359 13360 13361
f 13362 13363 13364
f 13362 13364 13365
f 13363 13348 13351
f 13363 13351 13364
f 13364 13351 13353
f 13364 13353 13366
f 13365 13364 13366
f 13365 13366 13367
f 13367 13366 13368
f 13367 13368 13369
f 13366 13353 13355
f 13366 13355 13368
f 13368 13355 13357
f 13368 13357 13370
f 13369 13368 13370
f 13369 13370 13371
f 13371 13370 13372
f 13371 13372 13373
f 13370 13357 13359
f 13370 13359 13372
f 13372 13359 13361
f 13372 13361 13374
f 13373 13372 13374
f 13373 13374 13375
f 13376 13377 13378
f 13376 13378 13379
f 13377 13362 13365
f 13377 13365 13378
f 13378 13365 13367
f 13378 13367 13380
f 13379 13378 13380
f 13379 13380 13381
f 13381 13380 13382
f 13381 13382 13383
f 13380 13367 13369
f 13380 13369 13382
f 13382 13369 13371
f 13382 13371 13384
f 13383 13382 13384
f 13383 13384 13385
f 13385 13384 13386
f 13385 13386 13387
f 13384 13371 13373
f 13384 13373 13386
f 13386 13373 13375
f 13386 13375 13388
f 13387 13386 13388
f 13387 13388 13389
f 13390 13391 13392
f 13390 13392 13393
f 13391 13376 13379
f 13391 13379 13392
f 13392 13379 13381
f 13392 13381 13394
f 13393 13392 13394
f 13393 13394 13395
f 13395 13394 13396
f 13395 13396 13397
f 13394 13381 13383
f 13394 13383 13396
f 13396 13383 13385
f 13396 13385 13398
f 13397 13396 13398
f 13397 13398 13399
f 13399 13398 13400
f 13399 13400 13401
f 13398 13385 13387
f 13398 13387 13400
f 13400 13387 13389
f 13400 13389 13402
f 13401 13400 13402
f 13401 13402 13403
f 13404 13405 13406
f 13404 13406 13407
f 13405 13390 13393
f 13405 13393 13406
f 13406 13393 13395
f 13406 13395 13408
f 13407 13406 13408
f 13407 13408 13409
f 13409 13408 13410
f 13409 13410 13411
f 13408 13395 13397
f 13408 13397 13410
f 13410 13397 13399
f 13410 13399 13412
f 13411 13410 13412
f 13411 13412 13413
f 13413 13412 13414
f 13413 13414 13415
f 13412 13399 13401
f 13412 13401 13414
f 13414 13401 13403
f 13414 13403 13416
f 13415 13414 13416
f 13415 13416 13417
f 13317 13418 13419
f 13317 13419 13318
f 13418 13404 13407
f 13418 13407 13419
f 13419 13407 13409
f 13419 13409 13420
f 13318 13419 13420
f 13318 13420 13319
f 13319 13420 13421
f 13319 13421 13324
f 13420 13409 13411
f 13420 13411 13421
f 13421 13411 13413
f 13421 13413 13422
f 13324 13421 13422
f 13324 13422 13325
f 13325 13422 13423
f 13325 13423 13330
f 13422 13413 13415
f 13422 13415 13423
f 13423 13415 13417
f 13423 13417 13424
f 13330 13423 13424
f 13330 13424 13331
f 13425 13426 13427
f 13425 13427 13428
f 13426 13429 13430
f 13426 13430 13427
f 13427 13430 13431
f 13427 13431 13432
f 13428 13427 13432
f 13428 13432 13433
f 13433 13432 13434
f 13433 13434 13435
f 13432 13431 13436
f 13432 13436 13434
f 13434 13436 13437
f 13434 13437 13438
f 13435 13434 13438
f 13435 13438 13439
f 13439 13438 13440
f 13439 13440 13441
f 13438 13437 13442
f 13438 13442 13440
f 13440 13442 13443
f 13440 13443 13444
f 13441 13440 13444
f 13441 13444 13445
f 13446 13447 13448
f 13446 13448 13449
f 13447 13425 13428
f 13447 13428 13448
f 13448 13428 13433
f 13448 13433 13450
f 13449 13448 13450
f 13449 13450 13451
f 13451 13450 13452
f 13451 13452 13453
f 13450 13433 13435
f 13450 13435 13452
f 13452 13435 13439
f 13452 13439 13454
f 13453 13452 13454
f 13453 13454 13455
f 13455 13454 13456
f 13455 13456 13457
f 13454 13439 13441
f 13454 13441 13456
f 13456 13441 13445
f 13456 13445 13458
f 13457 13456 13458
f 13457 13458 13459
f 13460 13461 13462
f 13460 13462 13463
f 13461 13446 13449
f 13461 13449 13462
f 13462 13449 13451
f 13462 13451 13464
f 13463 13462 13464
f 13463 13464 13465
f 13465 13464 13466
f 13465 13466 13467
f 13464 13451 13453
f 13464 13453 13466
f 13466 13453 13455
f 13466 13455 13468
f 13467 13466 13468
f 13467 13468 13469
f 13469 13468 13470
f 13469 13470 13471
f 13468 13455 13457
f 13468 13457 13470
f 13470 13457 13459
f 13470 13459 13472
f 13471 13470 13472
f 13471 13472 13473
f 13474 13475 13476
f 13474 13476 13477
f 13475 13460 13463
f 13475 13463 13476
f 13476 13463 13465
f 13476 13465 13478
f 13477 13476 13478
f 13477 13478 13479
f 13479 13478 13480
f 13479 13480 13481
f 13478 13465 13467
f 13478 13467 13480
f 13480 13467 13469
f 13480 13469 13482
f 13481 13480 13482
f 13481 13482 13483
f 13483 13482 13484
f 13483 13484 13485
f 13482 13469 13471
f 13482 13471 13484
f 13484 13471 13473
f 13484 13473 13486
f 13485 13484 13486
f 13485 13486 13487
f 13488 13489 13490
f 13488 13490 13491
f 13489 13474 13477
f 13489 13477 13490
f 13490 13477 13479
f 13490 13479 13492
f 13491 13490 13492
f 13491 13492 13493
f 13493 13492 13494
f 13493 13494 13495
f 13492 13479 13481
f 13492 13481 13494
f 13494 13481 13483
f 13494 13483 13496
f 13495 13494 13496
f 13495 13496 13497
f 13497 13496 13498
f 13497 13498 13499
f 13496 13483 13485
f 13496 13485 13498
f 13498 13485 13487
f 13498 13487 13500
f 13499 13498 13500
f 13499 13500 13501
f 13502 13503 13504
f 13502 13504 13505
f 13503 13488 13491
f 13503 13491 13504
f 13504 13491 13493
f 13504 13493 13506
f 13505 13504 13506
f 13505 13506 13507
f 13507 13506 13508
f 13507 13508 13509
f 13506 13493 13495
f 13506 13495 13508
f 13508 13495 13497
f 13508 13497 13510
f 13509 13508 13510
f 13509 13510 13511
f 13511 13510 13512
f 13511 13512 13513
f 13510 13497 13499
f 13510 13499 13512
f 13512 13499 13501
f 13512 13501 13514
f 13513 13512 13514
f 13513 13514 13515
f 13516 13517 13518
f 13516 13518 13519
f 13517 13502 13505
f 13517 13505 13518
f 13518 13505 13507
f 13518 13507 13520
f 13519 13518 13520
f 13519 13520 13521
f 13521 13520 13522
f 13521 13522 13523
f 13520 13507 13509
f 13520 13509 13522
f 13522 13509 13511
f 13522 13511 13524
f 13523 13522 13524
f 13523 13524 13525
f 13525 13524 13526
f 13525 13526 13527
f 13524 13511 13513
f 13524 13513 13526
f 13526 13513 13515
f 13526 13515 13528
f 13527 13526 13528
f 13527 13528 13529
f 13429 13530 13531
f 13429 13531 13430
f 13530 13516 13519
f 13530 13519 13531
f 13531 13519 13521
f 13531 13521 13532
f 13430 13531 13532
f 13430 13532 13431
f 13431 13532 13533
f 13431 13533 13436
f 13532 13521 13523
f 13532 13523 13533
f 13533 13523 13525
f 13533 13525 13534
f 13436 13533 13534
f 13436 13534 13437
f 13437 13534 13535
f 13437 13535 13442
f 13534 13525 13527
f 13534 13527 13535
f 13535 13527 13529
f 13535 13529 13536
f 13442 13535 13536
f 13442 13536 13443
f 11797 13067 13537
f 11797 13537 12983
f 13067 12352 13538
f 13067 13538 13537
f 13537 13538 12570
f 13537 12570 13004
f 12983 13537 13004
f 12983 13004 11898
f 11883 13005 13539
f 11883 13539 12977
f 13005 12055 13026
f 13005 13026 13539
f 13539 13026 11969
f 13539 11969 13047
f 12977 13539 13047
f 12977 13047 11812
f 11996 13040 13540
f 11996 13540 13053
f 13040 12671 13541
f 13040 13541 13540
f 13540 13541 12364
f 13540 12364 13061
f 13053 13540 13061
f 13053 13061 11824
f 11834 13089 13542
f 11834 13542 13299
f 13089 12141 13285
f 13089 13285 13542
f 13542 13285 12681
f 13542 12681 13207
f 13299 13542 13207
f 13299 13207 12718
f 11861 13103 13543
f 11861 13543 13152
f 13103 12045 13179
f 13103 13179 13543
f 13543 13179 12548
f 13543 12548 13060
f 13152 13543 13060
f 13152 13060 12389
f 12156 13095 13544
f 12156 13544 13151
f 13095 11873 13158
f 13095 13158 13544
f 13544 13158 12374
f 13544 12374 12984
f 13151 13544 12984
f 13151 12984 12337
f 12006 13109 13545
f 12006 13545 13312
f 13109 11849 13305
f 13109 13305 13545
f 13545 13305 12745
f 13545 12745 13215
f 13312 13545 13215
f 13312 13215 12829
f 11910 12998 13546
f 11910 13546 13011
f 12998 12597 13547
f 12998 13547 13546
f 13546 13547 12607
f 13546 12607 13025
f 13011 13546 13025
f 13011 13025 12070
f 12107 13096 13548
f 12107 13548 13165
f 13096 11959 13172
f 13096 13172 13548
f 13548 13172 12450
f 13548 12450 13018
f 13165 13548 13018
f 13165 13018 12472
f 12190 13110 13549
f 12190 13549 13270
f 13110 11935 13263
f 13110 13263 13549
f 13549 13263 12782
f 13549 12782 13228
f 13270 13549 13228
f 13270 13228 12866
f 11920 13102 13550
f 11920 13550 13257
f 13102 12092 13277
f 13102 13277 13550
f 13550 13277 12792
f 13550 12792 13208
f 13257 13550 13208
f 13257 13208 12755
f 11947 13116 13551
f 11947 13551 13166
f 13116 12229 13186
f 13116 13186 13551
f 13551 13186 12585
f 13551 12585 13068
f 13166 13551 13068
f 13166 13068 12462
f 12082 13019 13552
f 12082 13552 13032
f 13019 12634 13553
f 13019 13553 13552
f 13552 13553 12644
f 13552 12644 13046
f 13032 13552 13046
f 13032 13046 11984
f 12033 13130 13554
f 12033 13554 13173
f 13130 12327 13200
f 13130 13200 13554
f 13554 13200 12659
f 13554 12659 13082
f 13173 13554 13082
f 13173 13082 12560
f 12288 13124 13555
f 12288 13555 13278
f 13124 12021 13306
f 13124 13306 13555
f 13555 13306 12856
f 13555 12856 13242
f 13278 13555 13242
f 13278 13242 12940
f 12131 13123 13556
f 12131 13556 13271
f 13123 12239 13298
f 13123 13298 13556
f 13556 13298 12903
f 13556 12903 13229
f 13271 13556 13229
f 13271 13229 12807
f 12254 13117 13557
f 12254 13557 13193
f 13117 12119 13159
f 13117 13159 13557
f 13557 13159 12511
f 13557 12511 13081
f 13193 13557 13081
f 13193 13081 12622
f 12180 13131 13558
f 12180 13558 13291
f 13131 12303 13284
f 13131 13284 13558
f 13558 13284 12967
f 13558 12967 13249
f 13291 13558 13249
f 13291 13249 12696
f 12315 13137 13559
f 12315 13559 13194
f 13137 12168 13145
f 13137 13145 13559
f 13559 13145 12364
f 13559 12364 13541
f 13194 13559 13541
f 13194 13541 12671
f 12278 13138 13560
f 12278 13560 13292
f 13138 12205 13264
f 13138 13264 13560
f 13560 13264 12893
f 13560 12893 13256
f 13292 13560 13256
f 13292 13256 12918
f 12217 13144 13561
f 12217 13561 13180
f 13144 12266 13187
f 13144 13187 13561
f 13561 13187 12607
f 13561 12607 13547
f 13180 13561 13547
f 13180 13547 12597
f 12352 12990 13562
f 12352 13562 13538
f 12990 12413 12997
f 12990 12997 13562
f 13562 12997 12423
f 13562 12423 13074
f 13538 13562 13074
f 13538 13074 12570
f 12487 13012 13563
f 12487 13563 13033
f 13012 12438 12991
f 13012 12991 13563
f 13563 12991 12401
f 13563 12401 13054
f 13033 13563 13054
f 13033 13054 12536
f 12634 13075 13564
f 12634 13564 13553
f 13075 12499 13039
f 13075 13039 13564
f 13564 13039 12521
f 13564 12521 13088
f 13553 13564 13088
f 13553 13088 12644
f 12955 13236 13565
f 12955 13565 13243
f 13236 12844 13221
f 13236 13221 13565
f 13565 13221 12733
f 13565 12733 13201
f 13243 13565 13201
f 13243 13201 12708
f 12881 13222 13566
f 12881 13566 13250
f 13222 12770 13214
f 13222 13214 13566
f 13566 13214 12819
f 13566 12819 13235
f 13250 13566 13235
f 13250 13235 12930
f 13333 13332 13567
f 13333 13567 13346
f 13331 13424 13567
f 13331 13567 13332
f 13417 13416 13567
f 13417 13567 13424
f 13403 13402 13567
f 13403 13567 13416
f 13389 13388 13567
f 13389 13567 13402
f 13375 13374 13567
f 13375 13567 13388
f 13361 13360 13567
f 13361 13567 13374
f 13347 13346 13567
f 13347 13567 13360
f 13317 13568 13569
f 13317 13569 13418
f 13568 13443 13536
f 13568 13536 13569
f 13569 13536 13529
f 13569 13529 13570
f 13418 13569 13570
f 13418 13570 13404
f 13313 13571 13572
f 13313 13572 13314
f 13571 13445 13444
f 13571 13444 13572
f 13572 13444 13443
f 13572 13443 13568
f 13314 13572 13568
f 13314 13568 13317
f 13334 13573 13574
f 13334 13574 13335
f 13573 13459 13458
f 13573 13458 13574
f 13574 13458 13445
f 13574 13445 13571
f 13335 13574 13571
f 13335 13571 13313
f 13348 13575 13576
f 13348 13576 13349
f 13575 13473 13472
f 13575 13472 13576
f 13576 13472 13459
f 13576 13459 13573
f 13349 13576 13573
f 13349 13573 13334
f 13362 13577 13578
f 13362 13578 13363
f 13577 13487 13486
f 13577 13486 13578
f 13578 13486 13473
f 13578 13473 13575
f 13363 13578 13575
f 13363 13575 13348
f 13376 13579 13580
f 13376 13580 13377
f 13579 13501 13500
f 13579 13500 13580
f 13580 13500 13487
f 13580 13487 13577
f 13377 13580 13577
f 13377 13577 13362
f 13390 13581 13582
f 13390 13582 13391
f 13581 13515 13514
f 13581 13514 13582
f 13582 13514 13501
f 13582 13501 13579
f 13391 13582 13579
f 13391 13579 13376
f 13404 13570 13583
f 13404 13583 13405
f 13570 13529 13528
f 13570 13528 13583
f 13583 13528 13515
f 13583 13515 13581
f 13405 13583 13581
f 13405 13581 13390
f 13425 13447 13584
f 13425 13584 13426
f 13446 13461 13584
f 13446 13584 13447
f 13460 13475 13584
f 13460 13584 13461
f 13474 13489 13584
f 13474 13584 13475
f 13488 13503 13584
f 13488 13584 13489
f 13502 13517 13584
f 13502 13584 13503
f 13516 13530 13584
f 13516 13584 13517
f 13429 13426 13584
f 13429 13584 13530
