# Converted from a binary STL for the private Down Range Unity tactical resolver.
# Source: MOUT Medium Ground Floor.stl
o MOUT Medium Ground Floor
v 1.000000 0.500000 0.000000
v 0.000000 0.500000 0.000000
v 0.000000 0.500000 1.000000
v 1.000000 0.500000 1.000000
v 0.000000 0.000000 0.000000
v 1.000000 0.000000 0.000000
v 1.000000 0.000000 1.000000
v 0.000000 0.000000 1.000000
v 1.000000 0.000000 4.500000
v 0.000000 0.000000 4.500000
v 7.500000 0.000000 0.000000
v 7.500000 0.000000 1.000000
v -1.000000 0.500000 0.000000
v -1.000000 0.500000 1.000000
v -1.000000 0.000000 1.000000
v -1.000000 0.000000 0.000000
v -1.000000 0.000000 4.500000
v -7.500000 0.000000 1.000000
v -7.500000 0.000000 0.000000
v 1.000000 0.500000 -1.000000
v 0.000000 0.500000 -1.000000
v 0.000000 0.000000 -1.000000
v 1.000000 0.000000 -1.000000
v 0.000000 0.000000 -4.500000
v 1.000000 0.000000 -4.500000
v 7.500000 0.000000 -1.000000
v -1.000000 0.500000 -1.000000
v -1.000000 0.000000 -1.000000
v -1.000000 0.000000 -4.500000
v -7.500000 0.000000 -1.000000
v 5.480000 1.000000 4.520000
v 5.489816 1.002968 4.520000
v 5.498512 1.001751 4.510355
v 5.497989 0.999061 4.510021
v 5.497032 1.010184 4.520000
v 5.500175 1.005663 4.510495
v 5.500000 1.020000 4.520000
v 5.502715 1.011268 4.510187
v 5.509380 1.001780 4.502927
v 5.504961 1.001326 4.505024
v 5.518311 0.993897 4.500000
v 5.512009 0.996777 4.502716
v 3.520000 1.000000 4.520000
v 3.497756 0.999177 4.510018
v 3.499394 1.001974 4.510353
v 3.510184 1.002968 4.520000
v 3.480653 0.997175 4.502709
v 3.491642 1.002284 4.505068
v 3.473276 0.994655 4.500000
v 3.486474 1.004047 4.503009
v 3.496149 1.013252 4.510312
v 3.498709 1.006439 4.510602
v 3.500000 1.020000 4.520000
v 3.502967 1.010183 4.520000
v 5.480000 3.000000 4.980000
v 5.489816 2.997032 4.980000
v 5.499332 2.998096 4.989649
v 5.499696 3.000822 4.989983
v 5.497032 2.989816 4.980000
v 5.500595 2.993933 4.989465
v 5.500000 2.980000 4.980000
v 5.503134 2.987761 4.989766
v 5.510883 2.996964 4.997036
v 5.506255 2.998112 4.994961
v 5.521358 3.005339 5.000000
v 5.514835 3.002823 4.997292
v 3.520000 3.000000 4.980000
v 3.498508 3.000766 4.989986
v 3.499788 2.998000 4.989651
v 3.510183 2.997032 4.980000
v 3.482090 3.002629 4.997295
v 3.492326 2.997712 4.994944
v 3.475148 3.004970 5.000000
v 3.487397 2.996031 4.997005
v 3.496397 2.986964 4.989714
v 3.498941 2.993617 4.989421
v 3.500000 2.980000 4.980000
v 3.502967 2.989816 4.980000
v 5.500000 1.020000 4.980000
v 5.497032 1.010184 4.980000
v 5.500595 1.006067 4.989465
v 5.503134 1.012239 4.989766
v 5.489816 1.002968 4.980000
v 5.499332 1.001904 4.989650
v 5.480000 1.000000 4.980000
v 5.499695 0.999178 4.989983
v 5.514835 0.997177 4.997292
v 5.506255 1.001888 4.994961
v 5.521358 0.994660 5.000000
v 5.510883 1.003036 4.997036
v 3.500000 1.020000 4.980000
v 3.496397 1.013036 4.989714
v 3.498941 1.006383 4.989421
v 3.502967 1.010183 4.980000
v 3.487397 1.003969 4.997005
v 3.492326 1.002288 4.994944
v 3.475148 0.995030 5.000000
v 3.482090 0.997371 4.997295
v 3.498508 0.999234 4.989986
v 3.499788 1.002000 4.989651
v 3.520000 1.000000 4.980000
v 3.510184 1.002968 4.980000
v 5.500000 2.980000 4.520000
v 5.497032 2.989816 4.520000
v 5.500174 2.994337 4.510495
v 5.502715 2.988732 4.510187
v 5.489816 2.997032 4.520000
v 5.498512 2.998249 4.510355
v 5.480000 3.000000 4.520000
v 5.497989 3.000939 4.510021
v 5.512009 3.003222 4.502716
v 5.504961 2.998674 4.505024
v 5.518311 3.006104 4.500000
v 5.509380 2.998220 4.502927
v 3.500000 2.980000 4.520000
v 3.496150 2.986748 4.510313
v 3.498709 2.993561 4.510601
v 3.502968 2.989817 4.520000
v 3.486474 2.995953 4.503009
v 3.491643 2.997716 4.505068
v 3.473276 3.005345 4.500000
v 3.480653 3.002825 4.502710
v 3.497756 3.000822 4.510018
v 3.499395 2.998026 4.510353
v 3.520000 3.000000 4.520000
v 3.510183 2.997032 4.520000
v 7.500000 0.509459 1.020000
v 7.502963 0.512824 1.010192
v 7.500115 0.507007 1.005080
v 7.497225 0.504953 1.011983
v 7.510192 0.516635 1.002962
v 7.503345 0.508631 1.000326
v 7.520000 0.520000 1.000000
v 7.507288 0.510227 0.997062
v 7.492712 0.502939 0.989773
v 7.496703 0.503826 0.998376
v 7.480000 0.500000 0.980000
v 7.489938 0.501442 0.997359
v 7.980000 3.500000 0.980000
v 7.989773 3.502938 0.992712
v 7.989470 3.499982 0.996659
v 7.980000 3.497033 0.989817
v 7.997061 3.510227 1.007288
v 7.994843 3.503357 1.003357
v 8.000000 3.520000 1.020000
v 7.997061 3.507288 1.010227
v 7.989773 3.492711 1.002939
v 7.989471 3.496659 0.999982
v 7.980000 3.480000 1.000000
v 7.980000 3.489817 0.997033
v 7.980000 0.500000 0.980000
v 7.980000 0.502968 0.989817
v 7.989471 0.500018 0.996658
v 7.989773 0.497061 0.992711
v 7.980000 0.510184 0.997033
v 7.989471 0.503342 0.999982
v 7.980000 0.520000 1.000000
v 7.989773 0.507289 1.002939
v 7.997061 0.492712 1.010227
v 7.994843 0.496643 1.003357
v 8.000000 0.480000 1.020000
v 7.997061 0.489773 1.007288
v 7.520000 3.500000 0.980000
v 7.520000 3.497033 0.989817
v 7.510529 3.499982 0.996659
v 7.510227 3.502939 0.992712
v 7.520000 3.489816 0.997033
v 7.510529 3.496658 0.999982
v 7.520000 3.480000 1.000000
v 7.510227 3.492712 1.002939
v 7.502939 3.507288 1.010227
v 7.505157 3.503357 1.003357
v 7.500000 3.520000 1.020000
v 7.502939 3.510227 1.007288
v 1.027293 0.505459 4.500000
v 1.019780 0.502884 4.497289
v 1.008551 0.505949 4.500189
v 1.013788 0.510908 4.503021
v 1.002469 0.500840 4.489981
v 1.000728 0.503358 4.496717
v 0.980000 0.500000 4.480000
v 0.989773 0.502939 4.492712
v 0.997061 0.510227 4.507288
v 1.001381 0.508209 4.503387
v 1.000000 0.520000 4.520000
v 1.003936 0.516174 4.510309
v 1.000000 3.480000 4.520000
v 0.997032 3.489817 4.520000
v 1.000832 3.495863 4.510613
v 1.003879 3.490561 4.510327
v 0.989817 3.497033 4.520000
v 0.997908 3.499837 4.510532
v 0.980000 3.500000 4.520000
v 0.994932 3.502936 4.510231
v 1.012080 3.510231 4.502937
v 1.005742 3.502553 4.505190
v 1.027013 3.520000 4.500000
v 1.013688 3.505130 4.503001
v 1.020000 3.520000 5.000000
v 1.007288 3.510227 4.997061
v 1.003357 3.503357 4.994843
v 1.010227 3.507288 4.997061
v 0.992712 3.502939 4.989773
v 0.996658 3.499982 4.989471
v 0.980000 3.500000 4.980000
v 0.989817 3.497033 4.980000
v 0.997032 3.489816 4.980000
v 0.999982 3.496658 4.989471
v 1.000000 3.480000 4.980000
v 1.002939 3.492712 4.989773
v 1.000000 0.520000 4.980000
v 0.997032 0.510184 4.980000
v 0.999982 0.503342 4.989471
v 1.002939 0.507289 4.989773
v 0.989816 0.502968 4.980000
v 0.996658 0.500018 4.989471
v 0.980000 0.500000 4.980000
v 0.992711 0.497061 4.989773
v 1.007288 0.489773 4.997061
v 1.003357 0.496643 4.994843
v 1.020000 0.480000 5.000000
v 1.010227 0.492712 4.997061
v 7.985858 0.020000 4.485858
v 7.981576 0.010216 4.477410
v 7.990910 0.010550 4.484277
v 7.993027 0.020000 4.489845
v 7.979446 0.002945 4.464998
v 7.989650 0.005165 4.475014
v 7.980000 0.000000 4.451716
v 7.989783 0.002946 4.460716
v 7.997054 0.010217 4.470999
v 7.995309 0.010550 4.482455
v 8.000000 0.020000 4.480000
v 7.997749 0.020000 4.487888
v 7.485858 0.020000 4.985858
v 7.489845 0.020000 4.993027
v 7.484277 0.010550 4.990910
v 7.477410 0.010216 4.981577
v 7.487888 0.020000 4.997749
v 7.482455 0.010550 4.995309
v 7.480000 0.020000 5.000000
v 7.470999 0.010217 4.997054
v 7.460716 0.002946 4.989783
v 7.475014 0.005165 4.989650
v 7.451716 0.000000 4.980000
v 7.464998 0.002945 4.979446
v 7.971716 0.500000 4.500000
v 7.978658 0.497033 4.493059
v 7.988728 0.500179 4.495207
v 7.985185 0.502932 4.498872
v 7.983760 0.489816 4.487956
v 7.991494 0.497784 4.492586
v 7.985858 0.480000 4.485858
v 7.993619 0.495741 4.490592
v 8.000583 0.510301 4.490212
v 7.995741 0.504452 4.494151
v 8.005000 0.520000 4.485000
v 7.997268 0.510178 4.493440
v 7.500000 0.500000 4.971716
v 7.498872 0.502932 4.985185
v 7.495207 0.500179 4.988727
v 7.493059 0.497033 4.978657
v 7.493440 0.510178 4.997269
v 7.494151 0.504452 4.995741
v 7.485000 0.520000 5.005000
v 7.490212 0.510300 5.000583
v 7.490592 0.495740 4.993618
v 7.492586 0.497784 4.991493
v 7.485858 0.480000 4.985858
v 7.487956 0.489816 4.983759
v 7.500000 4.011547 4.016330
v 7.520000 4.000000 4.020000
v 7.510001 3.997321 4.010000
v 7.502679 3.990000 4.002680
v 7.500000 3.980000 4.000000
v 7.485858 4.000000 4.014142
v 7.014142 4.000000 4.485858
v 7.000000 3.980000 4.500000
v 7.002679 3.990000 4.502680
v 7.010001 3.997321 4.510000
v 7.020000 4.000000 4.520000
v 7.016330 4.011547 4.500000
v 7.145735 4.455000 4.610380
v 7.149590 4.464819 4.610456
v 7.144433 4.464685 4.601628
v 7.140412 4.455291 4.601277
v 7.156163 4.472160 4.606647
v 7.149060 4.469853 4.598946
v 7.163640 4.475000 4.600000
v 7.155923 4.472619 4.592284
v 7.149177 4.465615 4.585537
v 7.144309 4.464923 4.594196
v 7.145258 4.455920 4.581618
v 7.140237 4.455628 4.590720
v 7.501857 4.455000 4.966501
v 7.511874 4.455000 4.972042
v 7.513480 4.464506 4.970546
v 7.504492 4.464816 4.964939
v 7.523004 4.455000 4.972320
v 7.521531 4.464509 4.970705
v 7.532704 4.455000 4.967296
v 7.530323 4.464817 4.965480
v 7.524902 4.472033 4.960697
v 7.517535 4.469811 4.967023
v 7.517678 4.475000 4.954038
v 7.510201 4.472034 4.960442
v 7.610380 4.455000 4.145735
v 7.601277 4.455291 4.140412
v 7.601628 4.464685 4.144433
v 7.610457 4.464819 4.149590
v 7.590720 4.455628 4.140236
v 7.594196 4.464923 4.144310
v 7.581618 4.455920 4.145258
v 7.585537 4.465615 4.149177
v 7.592284 4.472619 4.155924
v 7.598946 4.469853 4.149060
v 7.600000 4.475000 4.163639
v 7.606647 4.472160 4.156163
v 7.966501 4.455000 4.501857
v 7.964940 4.464816 4.504491
v 7.970546 4.464506 4.513479
v 7.972041 4.455000 4.511874
v 7.960442 4.472033 4.510201
v 7.967023 4.469811 4.517535
v 7.954038 4.475000 4.517678
v 7.960696 4.472033 4.524902
v 7.965480 4.464817 4.530323
v 7.970705 4.464509 4.521531
v 7.967296 4.455000 4.532704
v 7.972320 4.455000 4.523005
v 7.018697 0.020000 4.518697
v 7.006190 0.010231 4.510342
v 7.004966 0.010737 4.504940
v 7.013721 0.020691 4.509527
v 6.989055 0.002936 4.503523
v 6.996619 0.005122 4.501375
v 6.971716 0.000000 4.500000
v 6.988168 0.002823 4.498490
v 7.005057 0.009847 4.494733
v 7.004625 0.010614 4.499890
v 7.017991 0.019245 4.489707
v 7.013465 0.020418 4.499059
v 7.489707 0.019245 4.017991
v 7.494733 0.009847 4.005056
v 7.499890 0.010614 4.004625
v 7.499059 0.020418 4.013465
v 7.498490 0.002823 3.988167
v 7.501375 0.005122 3.996618
v 7.500000 0.000000 3.971716
v 7.503523 0.002936 3.989054
v 7.510342 0.010231 4.006190
v 7.504941 0.010737 4.004966
v 7.518697 0.020000 4.018697
v 7.509528 0.020691 4.013721
v 7.050179 4.025000 4.514824
v 7.044662 4.025000 4.505518
v 7.019026 4.013453 4.500000
v 7.044412 4.025000 4.494915
v 7.049498 4.025000 4.485858
v 7.485858 4.025000 4.049498
v 7.494915 4.025000 4.044413
v 7.500000 4.013453 4.019026
v 7.505518 4.025000 4.044662
v 7.514824 4.025000 4.050179
v 7.110696 0.480000 4.610697
v 7.105396 0.480239 4.601618
v 7.109252 0.489664 4.601803
v 7.114380 0.489849 4.610601
v 7.105248 0.480516 4.591087
v 7.109148 0.489859 4.594390
v 7.110293 0.480755 4.582009
v 7.114030 0.490503 4.585746
v 7.120634 0.497567 4.592350
v 7.113798 0.494832 4.599039
v 7.128284 0.500000 4.600000
v 7.120836 0.497190 4.606675
v 7.600000 0.500000 4.128284
v 7.592350 0.497567 4.120634
v 7.599039 0.494832 4.113798
v 7.606675 0.497190 4.120836
v 7.585746 0.490503 4.114030
v 7.594390 0.489859 4.109148
v 7.582009 0.480755 4.110293
v 7.591087 0.480516 4.105248
v 7.601617 0.480239 4.105396
v 7.601804 0.489664 4.109253
v 7.610696 0.480000 4.110697
v 7.610602 0.489849 4.114380
v -5.518311 0.993897 4.500000
v -5.509380 1.001780 4.502927
v -5.504961 1.001326 4.505024
v -5.512009 0.996777 4.502717
v -5.502715 1.011268 4.510187
v -5.500175 1.005663 4.510496
v -5.500000 1.020000 4.520000
v -5.497032 1.010184 4.520000
v -5.489816 1.002968 4.520000
v -5.498512 1.001751 4.510355
v -5.480000 1.000000 4.520000
v -5.497989 0.999061 4.510021
v -3.520000 1.000000 4.520000
v -3.510184 1.002968 4.520000
v -3.499395 1.001974 4.510352
v -3.497756 0.999177 4.510018
v -3.502967 1.010183 4.520000
v -3.498709 1.006439 4.510601
v -3.500000 1.020000 4.520000
v -3.496150 1.013252 4.510313
v -3.486474 1.004047 4.503009
v -3.491643 1.002284 4.505067
v -3.473276 0.994655 4.500000
v -3.480653 0.997175 4.502710
v -5.521358 3.005339 5.000000
v -5.510883 2.996964 4.997036
v -5.506255 2.998112 4.994960
v -5.514834 3.002823 4.997292
v -5.503134 2.987761 4.989765
v -5.500595 2.993933 4.989465
v -5.500000 2.980000 4.980000
v -5.497032 2.989816 4.980000
v -5.489816 2.997032 4.980000
v -5.499332 2.998096 4.989650
v -5.480000 3.000000 4.980000
v -5.499695 3.000822 4.989983
v -3.520000 3.000000 4.980000
v -3.510183 2.997032 4.980000
v -3.499788 2.998000 4.989651
v -3.498508 3.000766 4.989986
v -3.502968 2.989817 4.980000
v -3.498941 2.993617 4.989421
v -3.500000 2.980000 4.980000
v -3.496397 2.986964 4.989714
v -3.487397 2.996031 4.997005
v -3.492326 2.997712 4.994944
v -3.475148 3.004970 5.000000
v -3.482090 3.002629 4.997295
v -5.521358 0.994660 5.000000
v -5.514834 0.997177 4.997292
v -5.506255 1.001888 4.994960
v -5.510883 1.003036 4.997037
v -5.499696 0.999178 4.989983
v -5.499332 1.001904 4.989650
v -5.480000 1.000000 4.980000
v -5.489816 1.002968 4.980000
v -5.497032 1.010184 4.980000
v -5.500595 1.006067 4.989465
v -5.500000 1.020000 4.980000
v -5.503134 1.012239 4.989765
v -3.500000 1.020000 4.980000
v -3.502967 1.010183 4.980000
v -3.498941 1.006383 4.989421
v -3.496397 1.013036 4.989714
v -3.510184 1.002968 4.980000
v -3.499788 1.002000 4.989651
v -3.520000 1.000000 4.980000
v -3.498508 0.999234 4.989986
v -3.482090 0.997371 4.997295
v -3.492326 1.002288 4.994944
v -3.475148 0.995030 5.000000
v -3.487397 1.003969 4.997005
v -5.518311 3.006104 4.500000
v -5.512009 3.003223 4.502717
v -5.504961 2.998674 4.505024
v -5.509380 2.998220 4.502927
v -5.497989 3.000939 4.510021
v -5.498512 2.998249 4.510355
v -5.480000 3.000000 4.520000
v -5.489816 2.997032 4.520000
v -5.497032 2.989816 4.520000
v -5.500174 2.994337 4.510496
v -5.500000 2.980000 4.520000
v -5.502715 2.988732 4.510187
v -3.500000 2.980000 4.520000
v -3.502967 2.989816 4.520000
v -3.498709 2.993561 4.510601
v -3.496149 2.986748 4.510313
v -3.510183 2.997032 4.520000
v -3.499394 2.998026 4.510352
v -3.520000 3.000000 4.520000
v -3.497756 3.000822 4.510018
v -3.480653 3.002825 4.502710
v -3.491642 2.997717 4.505067
v -3.473276 3.005345 4.500000
v -3.486474 2.995953 4.503009
v -7.500000 0.509459 1.020000
v -7.497224 0.504953 1.011982
v -7.500114 0.507007 1.005080
v -7.502962 0.512824 1.010192
v -7.489938 0.501442 0.997359
v -7.496703 0.503826 0.998376
v -7.480000 0.500000 0.980000
v -7.492712 0.502939 0.989773
v -7.507288 0.510227 0.997062
v -7.503345 0.508631 1.000327
v -7.520000 0.520000 1.000000
v -7.510192 0.516635 1.002962
v -7.980000 3.500000 0.980000
v -7.980000 3.497033 0.989817
v -7.989471 3.499982 0.996659
v -7.989773 3.502939 0.992712
v -7.980000 3.489816 0.997033
v -7.989471 3.496658 0.999982
v -7.980000 3.480000 1.000000
v -7.989774 3.492712 1.002939
v -7.997061 3.507288 1.010227
v -7.994843 3.503357 1.003357
v -8.000000 3.520000 1.020000
v -7.997061 3.510227 1.007288
v -7.980000 0.500000 0.980000
v -7.989772 0.497061 0.992711
v -7.989470 0.500018 0.996658
v -7.980000 0.502968 0.989817
v -7.997061 0.489773 1.007288
v -7.994843 0.496643 1.003357
v -8.000000 0.480000 1.020000
v -7.997061 0.492712 1.010227
v -7.989773 0.507289 1.002939
v -7.989471 0.503342 0.999982
v -7.980000 0.520000 1.000000
v -7.980000 0.510184 0.997033
v -7.520000 3.500000 0.980000
v -7.510226 3.502938 0.992712
v -7.510529 3.499982 0.996659
v -7.520000 3.497033 0.989817
v -7.502939 3.510227 1.007288
v -7.505157 3.503357 1.003357
v -7.500000 3.520000 1.020000
v -7.502939 3.507288 1.010227
v -7.510227 3.492711 1.002939
v -7.510529 3.496659 0.999982
v -7.520000 3.480000 1.000000
v -7.520000 3.489817 0.997033
v -1.000000 0.520000 4.520000
v -0.997061 0.510227 4.507288
v -1.001381 0.508209 4.503387
v -1.003936 0.516174 4.510309
v -0.989773 0.502939 4.492712
v -1.000728 0.503358 4.496717
v -0.980000 0.500000 4.480000
v -1.002469 0.500840 4.489981
v -1.019780 0.502884 4.497289
v -1.008551 0.505949 4.500189
v -1.027293 0.505459 4.500000
v -1.013788 0.510908 4.503021
v -1.027013 3.520000 4.500000
v -1.012080 3.510231 4.502937
v -1.005742 3.502552 4.505191
v -1.013688 3.505130 4.503001
v -0.994932 3.502936 4.510231
v -0.997908 3.499837 4.510533
v -0.980000 3.500000 4.520000
v -0.989817 3.497033 4.520000
v -0.997032 3.489816 4.520000
v -1.000832 3.495863 4.510614
v -1.000000 3.480000 4.520000
v -1.003879 3.490561 4.510327
v -1.000000 3.480000 4.980000
v -0.997032 3.489817 4.980000
v -0.999982 3.496659 4.989471
v -1.002939 3.492711 4.989773
v -0.989817 3.497033 4.980000
v -0.996658 3.499982 4.989471
v -0.980000 3.500000 4.980000
v -0.992711 3.502938 4.989773
v -1.007288 3.510227 4.997061
v -1.003357 3.503357 4.994843
v -1.020000 3.520000 5.000000
v -1.010227 3.507288 4.997061
v -1.020000 0.480000 5.000000
v -1.007288 0.489773 4.997061
v -1.003357 0.496643 4.994843
v -1.010227 0.492712 4.997061
v -0.992711 0.497061 4.989773
v -0.996658 0.500018 4.989471
v -0.980000 0.500000 4.980000
v -0.989816 0.502968 4.980000
v -0.997032 0.510184 4.980000
v -0.999982 0.503342 4.989471
v -1.000000 0.520000 4.980000
v -1.002939 0.507289 4.989773
v -7.985858 0.020000 4.485858
v -7.993027 0.020000 4.489845
v -7.990910 0.010550 4.484278
v -7.981576 0.010216 4.477410
v -7.997749 0.020000 4.487888
v -7.995309 0.010550 4.482455
v -8.000000 0.020000 4.480000
v -7.997054 0.010217 4.470999
v -7.989783 0.002946 4.460717
v -7.989650 0.005165 4.475013
v -7.980000 0.000000 4.451716
v -7.979446 0.002945 4.464998
v -7.485858 0.020000 4.985858
v -7.477411 0.010216 4.981577
v -7.484277 0.010550 4.990910
v -7.489845 0.020000 4.993027
v -7.464998 0.002945 4.979446
v -7.475013 0.005165 4.989650
v -7.451716 0.000000 4.980000
v -7.460716 0.002946 4.989783
v -7.470999 0.010217 4.997054
v -7.482455 0.010550 4.995309
v -7.480000 0.020000 5.000000
v -7.487888 0.020000 4.997749
v -7.971716 0.500000 4.500000
v -7.985185 0.502932 4.498872
v -7.988728 0.500179 4.495206
v -7.978657 0.497033 4.493059
v -7.997269 0.510178 4.493440
v -7.995741 0.504452 4.494150
v -8.005000 0.520000 4.485000
v -8.000583 0.510301 4.490212
v -7.993618 0.495741 4.490591
v -7.991492 0.497784 4.492586
v -7.985858 0.480000 4.485858
v -7.983759 0.489816 4.487956
v -7.500000 0.500000 4.971716
v -7.493059 0.497033 4.978657
v -7.495207 0.500179 4.988728
v -7.498872 0.502932 4.985185
v -7.487956 0.489816 4.983759
v -7.492586 0.497784 4.991494
v -7.485858 0.480000 4.985858
v -7.490592 0.495740 4.993618
v -7.490212 0.510300 5.000583
v -7.494150 0.504452 4.995741
v -7.485000 0.520000 5.005000
v -7.493439 0.510178 4.997269
v -7.485858 4.000000 4.014142
v -7.500000 3.980000 4.000000
v -7.502679 3.990000 4.002680
v -7.510001 3.997321 4.010000
v -7.520000 4.000000 4.020000
v -7.500000 4.011547 4.016330
v -7.016330 4.011547 4.500000
v -7.020000 4.000000 4.520000
v -7.010001 3.997321 4.510000
v -7.002679 3.990000 4.502680
v -7.000000 3.980000 4.500000
v -7.014142 4.000000 4.485858
v -7.145735 4.455000 4.610380
v -7.140412 4.455291 4.601277
v -7.144433 4.464685 4.601628
v -7.149590 4.464819 4.610456
v -7.140237 4.455628 4.590720
v -7.144309 4.464923 4.594196
v -7.145258 4.455920 4.581618
v -7.149177 4.465615 4.585537
v -7.155923 4.472619 4.592284
v -7.149060 4.469853 4.598946
v -7.163640 4.475000 4.600000
v -7.156163 4.472160 4.606647
v -7.501857 4.455000 4.966501
v -7.504491 4.464816 4.964939
v -7.513480 4.464506 4.970545
v -7.511874 4.455000 4.972042
v -7.510201 4.472033 4.960442
v -7.517535 4.469811 4.967023
v -7.517678 4.475000 4.954038
v -7.524902 4.472033 4.960697
v -7.530323 4.464817 4.965480
v -7.521531 4.464509 4.970705
v -7.532704 4.455000 4.967296
v -7.523004 4.455000 4.972320
v -7.610380 4.455000 4.145735
v -7.610457 4.464819 4.149590
v -7.601628 4.464685 4.144433
v -7.601277 4.455291 4.140412
v -7.606647 4.472160 4.156163
v -7.598946 4.469853 4.149060
v -7.600000 4.475000 4.163639
v -7.592284 4.472619 4.155924
v -7.585537 4.465615 4.149177
v -7.594196 4.464923 4.144310
v -7.581618 4.455920 4.145258
v -7.590720 4.455628 4.140236
v -7.966501 4.455000 4.501857
v -7.972041 4.455000 4.511874
v -7.970546 4.464506 4.513479
v -7.964940 4.464816 4.504491
v -7.972320 4.455000 4.523004
v -7.970705 4.464509 4.521531
v -7.967296 4.455000 4.532704
v -7.965480 4.464817 4.530323
v -7.960696 4.472033 4.524902
v -7.967023 4.469811 4.517535
v -7.954038 4.475000 4.517678
v -7.960442 4.472034 4.510201
v -7.018697 0.020000 4.518697
v -7.013721 0.020691 4.509527
v -7.004966 0.010737 4.504941
v -7.006190 0.010231 4.510342
v -7.013465 0.020418 4.499059
v -7.004625 0.010614 4.499890
v -7.017991 0.019245 4.489707
v -7.005057 0.009847 4.494734
v -6.988167 0.002823 4.498490
v -6.996618 0.005122 4.501375
v -6.971716 0.000000 4.500000
v -6.989054 0.002936 4.503523
v -7.489707 0.019245 4.017991
v -7.499059 0.020418 4.013465
v -7.499890 0.010614 4.004624
v -7.494733 0.009847 4.005056
v -7.509528 0.020691 4.013721
v -7.504941 0.010737 4.004966
v -7.518697 0.020000 4.018697
v -7.510342 0.010231 4.006190
v -7.503523 0.002936 3.989054
v -7.501374 0.005122 3.996617
v -7.500000 0.000000 3.971716
v -7.498490 0.002823 3.988167
v -7.049498 4.025000 4.485858
v -7.044412 4.025000 4.494915
v -7.019026 4.013453 4.500000
v -7.044662 4.025000 4.505518
v -7.050179 4.025000 4.514824
v -7.514824 4.025000 4.050179
v -7.505518 4.025000 4.044662
v -7.500000 4.013453 4.019026
v -7.494915 4.025000 4.044413
v -7.485858 4.025000 4.049498
v -7.110696 0.480000 4.610697
v -7.114380 0.489849 4.610601
v -7.109252 0.489664 4.601803
v -7.105396 0.480239 4.601618
v -7.120836 0.497190 4.606675
v -7.113798 0.494832 4.599039
v -7.128284 0.500000 4.600000
v -7.120634 0.497567 4.592350
v -7.114030 0.490503 4.585746
v -7.109148 0.489859 4.594390
v -7.110293 0.480755 4.582009
v -7.105248 0.480516 4.591087
v -7.600000 0.500000 4.128284
v -7.606675 0.497190 4.120836
v -7.599039 0.494832 4.113798
v -7.592350 0.497567 4.120634
v -7.610602 0.489849 4.114380
v -7.601804 0.489664 4.109253
v -7.610696 0.480000 4.110697
v -7.601617 0.480239 4.105396
v -7.591087 0.480516 4.105248
v -7.594390 0.489859 4.109148
v -7.582009 0.480755 4.110293
v -7.585746 0.490503 4.114030
v 5.518311 0.993897 -4.500000
v 5.509380 1.001780 -4.502927
v 5.504961 1.001326 -4.505024
v 5.512009 0.996777 -4.502717
v 5.502715 1.011268 -4.510187
v 5.500175 1.005663 -4.510496
v 5.500000 1.020000 -4.520000
v 5.497032 1.010184 -4.520000
v 5.489816 1.002968 -4.520000
v 5.498512 1.001751 -4.510355
v 5.480000 1.000000 -4.520000
v 5.497989 0.999061 -4.510021
v 3.520000 1.000000 -4.520000
v 3.510184 1.002968 -4.520000
v 3.499395 1.001974 -4.510352
v 3.497756 0.999177 -4.510018
v 3.502967 1.010183 -4.520000
v 3.498709 1.006439 -4.510601
v 3.500000 1.020000 -4.520000
v 3.496150 1.013252 -4.510313
v 3.486474 1.004047 -4.503009
v 3.491643 1.002284 -4.505067
v 3.473276 0.994655 -4.500000
v 3.480653 0.997175 -4.502710
v 5.521358 3.005339 -5.000000
v 5.510883 2.996964 -4.997036
v 5.506255 2.998112 -4.994960
v 5.514834 3.002823 -4.997292
v 5.503134 2.987761 -4.989765
v 5.500595 2.993933 -4.989465
v 5.500000 2.980000 -4.980000
v 5.497032 2.989816 -4.980000
v 5.489816 2.997032 -4.980000
v 5.499332 2.998096 -4.989650
v 5.480000 3.000000 -4.980000
v 5.499695 3.000822 -4.989983
v 3.520000 3.000000 -4.980000
v 3.510183 2.997032 -4.980000
v 3.499788 2.998000 -4.989651
v 3.498508 3.000766 -4.989986
v 3.502968 2.989817 -4.980000
v 3.498941 2.993617 -4.989421
v 3.500000 2.980000 -4.980000
v 3.496397 2.986964 -4.989714
v 3.487397 2.996031 -4.997005
v 3.492326 2.997712 -4.994944
v 3.475148 3.004970 -5.000000
v 3.482090 3.002629 -4.997295
v 5.521358 0.994660 -5.000000
v 5.514834 0.997177 -4.997292
v 5.506255 1.001888 -4.994960
v 5.510883 1.003036 -4.997037
v 5.499696 0.999178 -4.989983
v 5.499332 1.001904 -4.989650
v 5.480000 1.000000 -4.980000
v 5.489816 1.002968 -4.980000
v 5.497032 1.010184 -4.980000
v 5.500595 1.006067 -4.989465
v 5.500000 1.020000 -4.980000
v 5.503134 1.012239 -4.989765
v 3.500000 1.020000 -4.980000
v 3.502967 1.010183 -4.980000
v 3.498941 1.006383 -4.989421
v 3.496397 1.013036 -4.989714
v 3.510184 1.002968 -4.980000
v 3.499788 1.002000 -4.989651
v 3.520000 1.000000 -4.980000
v 3.498508 0.999234 -4.989986
v 3.482090 0.997371 -4.997295
v 3.492326 1.002288 -4.994944
v 3.475148 0.995030 -5.000000
v 3.487397 1.003969 -4.997005
v 5.518311 3.006104 -4.500000
v 5.512009 3.003223 -4.502717
v 5.504961 2.998674 -4.505024
v 5.509380 2.998220 -4.502927
v 5.497989 3.000939 -4.510021
v 5.498512 2.998249 -4.510355
v 5.480000 3.000000 -4.520000
v 5.489816 2.997032 -4.520000
v 5.497032 2.989816 -4.520000
v 5.500174 2.994337 -4.510496
v 5.500000 2.980000 -4.520000
v 5.502715 2.988732 -4.510187
v 3.500000 2.980000 -4.520000
v 3.502967 2.989816 -4.520000
v 3.498709 2.993561 -4.510601
v 3.496149 2.986748 -4.510313
v 3.510183 2.997032 -4.520000
v 3.499394 2.998026 -4.510352
v 3.520000 3.000000 -4.520000
v 3.497756 3.000822 -4.510018
v 3.480653 3.002825 -4.502710
v 3.491642 2.997717 -4.505067
v 3.473276 3.005345 -4.500000
v 3.486474 2.995953 -4.503009
v 7.500000 0.509459 -1.020000
v 7.497224 0.504953 -1.011982
v 7.500114 0.507007 -1.005080
v 7.502962 0.512824 -1.010192
v 7.489938 0.501442 -0.997359
v 7.496703 0.503826 -0.998376
v 7.480000 0.500000 -0.980000
v 7.492712 0.502939 -0.989773
v 7.507288 0.510227 -0.997062
v 7.503345 0.508631 -1.000327
v 7.520000 0.520000 -1.000000
v 7.510192 0.516635 -1.002962
v 7.980000 3.500000 -0.980000
v 7.980000 3.497033 -0.989817
v 7.989471 3.499982 -0.996659
v 7.989773 3.502939 -0.992712
v 7.980000 3.489816 -0.997033
v 7.989471 3.496658 -0.999982
v 7.980000 3.480000 -1.000000
v 7.989774 3.492712 -1.002939
v 7.997061 3.507288 -1.010227
v 7.994843 3.503357 -1.003357
v 8.000000 3.520000 -1.020000
v 7.997061 3.510227 -1.007288
v 7.980000 0.500000 -0.980000
v 7.989772 0.497061 -0.992711
v 7.989470 0.500018 -0.996658
v 7.980000 0.502968 -0.989817
v 7.997061 0.489773 -1.007288
v 7.994843 0.496643 -1.003357
v 8.000000 0.480000 -1.020000
v 7.997061 0.492712 -1.010227
v 7.989773 0.507289 -1.002939
v 7.989471 0.503342 -0.999982
v 7.980000 0.520000 -1.000000
v 7.980000 0.510184 -0.997033
v 7.520000 3.500000 -0.980000
v 7.510226 3.502938 -0.992712
v 7.510529 3.499982 -0.996659
v 7.520000 3.497033 -0.989817
v 7.502939 3.510227 -1.007288
v 7.505157 3.503357 -1.003357
v 7.500000 3.520000 -1.020000
v 7.502939 3.507288 -1.010227
v 7.510227 3.492711 -1.002939
v 7.510529 3.496659 -0.999982
v 7.520000 3.480000 -1.000000
v 7.520000 3.489817 -0.997033
v 1.000000 0.520000 -4.520000
v 0.997061 0.510227 -4.507288
v 1.001381 0.508209 -4.503387
v 1.003936 0.516174 -4.510309
v 0.989773 0.502939 -4.492712
v 1.000728 0.503358 -4.496717
v 0.980000 0.500000 -4.480000
v 1.002469 0.500840 -4.489981
v 1.019780 0.502884 -4.497289
v 1.008551 0.505949 -4.500189
v 1.027293 0.505459 -4.500000
v 1.013788 0.510908 -4.503021
v 1.027013 3.520000 -4.500000
v 1.012080 3.510231 -4.502937
v 1.005742 3.502552 -4.505191
v 1.013688 3.505130 -4.503001
v 0.994932 3.502936 -4.510231
v 0.997908 3.499837 -4.510533
v 0.980000 3.500000 -4.520000
v 0.989817 3.497033 -4.520000
v 0.997032 3.489816 -4.520000
v 1.000832 3.495863 -4.510614
v 1.000000 3.480000 -4.520000
v 1.003879 3.490561 -4.510327
v 1.000000 3.480000 -4.980000
v 0.997032 3.489817 -4.980000
v 0.999982 3.496659 -4.989471
v 1.002939 3.492711 -4.989773
v 0.989817 3.497033 -4.980000
v 0.996658 3.499982 -4.989471
v 0.980000 3.500000 -4.980000
v 0.992711 3.502938 -4.989773
v 1.007288 3.510227 -4.997061
v 1.003357 3.503357 -4.994843
v 1.020000 3.520000 -5.000000
v 1.010227 3.507288 -4.997061
v 1.020000 0.480000 -5.000000
v 1.007288 0.489773 -4.997061
v 1.003357 0.496643 -4.994843
v 1.010227 0.492712 -4.997061
v 0.992711 0.497061 -4.989773
v 0.996658 0.500018 -4.989471
v 0.980000 0.500000 -4.980000
v 0.989816 0.502968 -4.980000
v 0.997032 0.510184 -4.980000
v 0.999982 0.503342 -4.989471
v 1.000000 0.520000 -4.980000
v 1.002939 0.507289 -4.989773
v 7.985858 0.020000 -4.485858
v 7.993027 0.020000 -4.489845
v 7.990910 0.010550 -4.484278
v 7.981576 0.010216 -4.477410
v 7.997749 0.020000 -4.487888
v 7.995309 0.010550 -4.482455
v 8.000000 0.020000 -4.480000
v 7.997054 0.010217 -4.470999
v 7.989783 0.002946 -4.460717
v 7.989650 0.005165 -4.475013
v 7.980000 0.000000 -4.451716
v 7.979446 0.002945 -4.464998
v 7.485858 0.020000 -4.985858
v 7.477411 0.010216 -4.981577
v 7.484277 0.010550 -4.990910
v 7.489845 0.020000 -4.993027
v 7.464998 0.002945 -4.979446
v 7.475013 0.005165 -4.989650
v 7.451716 0.000000 -4.980000
v 7.460716 0.002946 -4.989783
v 7.470999 0.010217 -4.997054
v 7.482455 0.010550 -4.995309
v 7.480000 0.020000 -5.000000
v 7.487888 0.020000 -4.997749
v 7.971716 0.500000 -4.500000
v 7.985185 0.502932 -4.498872
v 7.988728 0.500179 -4.495206
v 7.978657 0.497033 -4.493059
v 7.997269 0.510178 -4.493440
v 7.995741 0.504452 -4.494150
v 8.005000 0.520000 -4.485000
v 8.000583 0.510301 -4.490212
v 7.993618 0.495741 -4.490591
v 7.991492 0.497784 -4.492586
v 7.985858 0.480000 -4.485858
v 7.983759 0.489816 -4.487956
v 7.500000 0.500000 -4.971716
v 7.493059 0.497033 -4.978657
v 7.495207 0.500179 -4.988728
v 7.498872 0.502932 -4.985185
v 7.487956 0.489816 -4.983759
v 7.492586 0.497784 -4.991494
v 7.485858 0.480000 -4.985858
v 7.490592 0.495740 -4.993618
v 7.490212 0.510300 -5.000583
v 7.494150 0.504452 -4.995741
v 7.485000 0.520000 -5.005000
v 7.493439 0.510178 -4.997269
v 7.485858 4.000000 -4.014142
v 7.500000 3.980000 -4.000000
v 7.502679 3.990000 -4.002680
v 7.510001 3.997321 -4.010000
v 7.520000 4.000000 -4.020000
v 7.500000 4.011547 -4.016330
v 7.016330 4.011547 -4.500000
v 7.020000 4.000000 -4.520000
v 7.010001 3.997321 -4.510000
v 7.002679 3.990000 -4.502680
v 7.000000 3.980000 -4.500000
v 7.014142 4.000000 -4.485858
v 7.145735 4.455000 -4.610380
v 7.140412 4.455291 -4.601277
v 7.144433 4.464685 -4.601628
v 7.149590 4.464819 -4.610456
v 7.140237 4.455628 -4.590720
v 7.144309 4.464923 -4.594196
v 7.145258 4.455920 -4.581618
v 7.149177 4.465615 -4.585537
v 7.155923 4.472619 -4.592284
v 7.149060 4.469853 -4.598946
v 7.163640 4.475000 -4.600000
v 7.156163 4.472160 -4.606647
v 7.501857 4.455000 -4.966501
v 7.504491 4.464816 -4.964939
v 7.513480 4.464506 -4.970545
v 7.511874 4.455000 -4.972042
v 7.510201 4.472033 -4.960442
v 7.517535 4.469811 -4.967023
v 7.517678 4.475000 -4.954038
v 7.524902 4.472033 -4.960697
v 7.530323 4.464817 -4.965480
v 7.521531 4.464509 -4.970705
v 7.532704 4.455000 -4.967296
v 7.523004 4.455000 -4.972320
v 7.610380 4.455000 -4.145735
v 7.610457 4.464819 -4.149590
v 7.601628 4.464685 -4.144433
v 7.601277 4.455291 -4.140412
v 7.606647 4.472160 -4.156163
v 7.598946 4.469853 -4.149060
v 7.600000 4.475000 -4.163639
v 7.592284 4.472619 -4.155924
v 7.585537 4.465615 -4.149177
v 7.594196 4.464923 -4.144310
v 7.581618 4.455920 -4.145258
v 7.590720 4.455628 -4.140236
v 7.966501 4.455000 -4.501857
v 7.972041 4.455000 -4.511874
v 7.970546 4.464506 -4.513479
v 7.964940 4.464816 -4.504491
v 7.972320 4.455000 -4.523004
v 7.970705 4.464509 -4.521531
v 7.967296 4.455000 -4.532704
v 7.965480 4.464817 -4.530323
v 7.960696 4.472033 -4.524902
v 7.967023 4.469811 -4.517535
v 7.954038 4.475000 -4.517678
v 7.960442 4.472034 -4.510201
v 7.018697 0.020000 -4.518697
v 7.013721 0.020691 -4.509527
v 7.004966 0.010737 -4.504941
v 7.006190 0.010231 -4.510342
v 7.013465 0.020418 -4.499059
v 7.004625 0.010614 -4.499890
v 7.017991 0.019245 -4.489707
v 7.005057 0.009847 -4.494734
v 6.988167 0.002823 -4.498490
v 6.996618 0.005122 -4.501375
v 6.971716 0.000000 -4.500000
v 6.989054 0.002936 -4.503523
v 7.489707 0.019245 -4.017991
v 7.499059 0.020418 -4.013465
v 7.499890 0.010614 -4.004624
v 7.494733 0.009847 -4.005056
v 7.509528 0.020691 -4.013721
v 7.504941 0.010737 -4.004966
v 7.518697 0.020000 -4.018697
v 7.510342 0.010231 -4.006190
v 7.503523 0.002936 -3.989054
v 7.501374 0.005122 -3.996617
v 7.500000 0.000000 -3.971716
v 7.498490 0.002823 -3.988167
v 7.049498 4.025000 -4.485858
v 7.044412 4.025000 -4.494915
v 7.019026 4.013453 -4.500000
v 7.044662 4.025000 -4.505518
v 7.050179 4.025000 -4.514824
v 7.514824 4.025000 -4.050179
v 7.505518 4.025000 -4.044662
v 7.500000 4.013453 -4.019026
v 7.494915 4.025000 -4.044413
v 7.485858 4.025000 -4.049498
v 7.110696 0.480000 -4.610697
v 7.114380 0.489849 -4.610601
v 7.109252 0.489664 -4.601803
v 7.105396 0.480239 -4.601618
v 7.120836 0.497190 -4.606675
v 7.113798 0.494832 -4.599039
v 7.128284 0.500000 -4.600000
v 7.120634 0.497567 -4.592350
v 7.114030 0.490503 -4.585746
v 7.109148 0.489859 -4.594390
v 7.110293 0.480755 -4.582009
v 7.105248 0.480516 -4.591087
v 7.600000 0.500000 -4.128284
v 7.606675 0.497190 -4.120836
v 7.599039 0.494832 -4.113798
v 7.592350 0.497567 -4.120634
v 7.610602 0.489849 -4.114380
v 7.601804 0.489664 -4.109253
v 7.610696 0.480000 -4.110697
v 7.601617 0.480239 -4.105396
v 7.591087 0.480516 -4.105248
v 7.594390 0.489859 -4.109148
v 7.582009 0.480755 -4.110293
v 7.585746 0.490503 -4.114030
v -5.480000 1.000000 -4.520000
v -5.489816 1.002968 -4.520000
v -5.498512 1.001751 -4.510355
v -5.497989 0.999061 -4.510021
v -5.497032 1.010184 -4.520000
v -5.500175 1.005663 -4.510495
v -5.500000 1.020000 -4.520000
v -5.502715 1.011268 -4.510187
v -5.509380 1.001780 -4.502927
v -5.504961 1.001326 -4.505024
v -5.518311 0.993897 -4.500000
v -5.512009 0.996777 -4.502716
v -3.520000 1.000000 -4.520000
v -3.497756 0.999177 -4.510018
v -3.499394 1.001974 -4.510353
v -3.510184 1.002968 -4.520000
v -3.480653 0.997175 -4.502709
v -3.491642 1.002284 -4.505068
v -3.473276 0.994655 -4.500000
v -3.486474 1.004047 -4.503009
v -3.496149 1.013252 -4.510312
v -3.498709 1.006439 -4.510602
v -3.500000 1.020000 -4.520000
v -3.502967 1.010183 -4.520000
v -5.480000 3.000000 -4.980000
v -5.489816 2.997032 -4.980000
v -5.499332 2.998096 -4.989649
v -5.499696 3.000822 -4.989983
v -5.497032 2.989816 -4.980000
v -5.500595 2.993933 -4.989465
v -5.500000 2.980000 -4.980000
v -5.503134 2.987761 -4.989766
v -5.510883 2.996964 -4.997036
v -5.506255 2.998112 -4.994961
v -5.521358 3.005339 -5.000000
v -5.514835 3.002823 -4.997292
v -3.520000 3.000000 -4.980000
v -3.498508 3.000766 -4.989986
v -3.499788 2.998000 -4.989651
v -3.510183 2.997032 -4.980000
v -3.482090 3.002629 -4.997295
v -3.492326 2.997712 -4.994944
v -3.475148 3.004970 -5.000000
v -3.487397 2.996031 -4.997005
v -3.496397 2.986964 -4.989714
v -3.498941 2.993617 -4.989421
v -3.500000 2.980000 -4.980000
v -3.502967 2.989816 -4.980000
v -5.500000 1.020000 -4.980000
v -5.497032 1.010184 -4.980000
v -5.500595 1.006067 -4.989465
v -5.503134 1.012239 -4.989766
v -5.489816 1.002968 -4.980000
v -5.499332 1.001904 -4.989650
v -5.480000 1.000000 -4.980000
v -5.499695 0.999178 -4.989983
v -5.514835 0.997177 -4.997292
v -5.506255 1.001888 -4.994961
v -5.521358 0.994660 -5.000000
v -5.510883 1.003036 -4.997036
v -3.500000 1.020000 -4.980000
v -3.496397 1.013036 -4.989714
v -3.498941 1.006383 -4.989421
v -3.502967 1.010183 -4.980000
v -3.487397 1.003969 -4.997005
v -3.492326 1.002288 -4.994944
v -3.475148 0.995030 -5.000000
v -3.482090 0.997371 -4.997295
v -3.498508 0.999234 -4.989986
v -3.499788 1.002000 -4.989651
v -3.520000 1.000000 -4.980000
v -3.510184 1.002968 -4.980000
v -5.500000 2.980000 -4.520000
v -5.497032 2.989816 -4.520000
v -5.500174 2.994337 -4.510495
v -5.502715 2.988732 -4.510187
v -5.489816 2.997032 -4.520000
v -5.498512 2.998249 -4.510355
v -5.480000 3.000000 -4.520000
v -5.497989 3.000939 -4.510021
v -5.512009 3.003222 -4.502716
v -5.504961 2.998674 -4.505024
v -5.518311 3.006104 -4.500000
v -5.509380 2.998220 -4.502927
v -3.500000 2.980000 -4.520000
v -3.496150 2.986748 -4.510313
v -3.498709 2.993561 -4.510601
v -3.502968 2.989817 -4.520000
v -3.486474 2.995953 -4.503009
v -3.491643 2.997716 -4.505068
v -3.473276 3.005345 -4.500000
v -3.480653 3.002825 -4.502710
v -3.497756 3.000822 -4.510018
v -3.499395 2.998026 -4.510353
v -3.520000 3.000000 -4.520000
v -3.510183 2.997032 -4.520000
v -7.500000 0.509459 -1.020000
v -7.502963 0.512824 -1.010192
v -7.500115 0.507007 -1.005080
v -7.497225 0.504953 -1.011983
v -7.510192 0.516635 -1.002962
v -7.503345 0.508631 -1.000326
v -7.520000 0.520000 -1.000000
v -7.507288 0.510227 -0.997062
v -7.492712 0.502939 -0.989773
v -7.496703 0.503826 -0.998376
v -7.480000 0.500000 -0.980000
v -7.489938 0.501442 -0.997359
v -7.980000 3.500000 -0.980000
v -7.989773 3.502938 -0.992712
v -7.989470 3.499982 -0.996659
v -7.980000 3.497033 -0.989817
v -7.997061 3.510227 -1.007288
v -7.994843 3.503357 -1.003357
v -8.000000 3.520000 -1.020000
v -7.997061 3.507288 -1.010227
v -7.989773 3.492711 -1.002939
v -7.989471 3.496659 -0.999982
v -7.980000 3.480000 -1.000000
v -7.980000 3.489817 -0.997033
v -7.980000 0.500000 -0.980000
v -7.980000 0.502968 -0.989817
v -7.989471 0.500018 -0.996658
v -7.989773 0.497061 -0.992711
v -7.980000 0.510184 -0.997033
v -7.989471 0.503342 -0.999982
v -7.980000 0.520000 -1.000000
v -7.989773 0.507289 -1.002939
v -7.997061 0.492712 -1.010227
v -7.994843 0.496643 -1.003357
v -8.000000 0.480000 -1.020000
v -7.997061 0.489773 -1.007288
v -7.520000 3.500000 -0.980000
v -7.520000 3.497033 -0.989817
v -7.510529 3.499982 -0.996659
v -7.510227 3.502939 -0.992712
v -7.520000 3.489816 -0.997033
v -7.510529 3.496658 -0.999982
v -7.520000 3.480000 -1.000000
v -7.510227 3.492712 -1.002939
v -7.502939 3.507288 -1.010227
v -7.505157 3.503357 -1.003357
v -7.500000 3.520000 -1.020000
v -7.502939 3.510227 -1.007288
v -1.027293 0.505459 -4.500000
v -1.019780 0.502884 -4.497289
v -1.008551 0.505949 -4.500189
v -1.013788 0.510908 -4.503021
v -1.002469 0.500840 -4.489981
v -1.000728 0.503358 -4.496717
v -0.980000 0.500000 -4.480000
v -0.989773 0.502939 -4.492712
v -0.997061 0.510227 -4.507288
v -1.001381 0.508209 -4.503387
v -1.000000 0.520000 -4.520000
v -1.003936 0.516174 -4.510309
v -1.000000 3.480000 -4.520000
v -0.997032 3.489817 -4.520000
v -1.000832 3.495863 -4.510613
v -1.003879 3.490561 -4.510327
v -0.989817 3.497033 -4.520000
v -0.997908 3.499837 -4.510532
v -0.980000 3.500000 -4.520000
v -0.994932 3.502936 -4.510231
v -1.012080 3.510231 -4.502937
v -1.005742 3.502553 -4.505190
v -1.027013 3.520000 -4.500000
v -1.013688 3.505130 -4.503001
v -1.020000 3.520000 -5.000000
v -1.007288 3.510227 -4.997061
v -1.003357 3.503357 -4.994843
v -1.010227 3.507288 -4.997061
v -0.992712 3.502939 -4.989773
v -0.996658 3.499982 -4.989471
v -0.980000 3.500000 -4.980000
v -0.989817 3.497033 -4.980000
v -0.997032 3.489816 -4.980000
v -0.999982 3.496658 -4.989471
v -1.000000 3.480000 -4.980000
v -1.002939 3.492712 -4.989773
v -1.000000 0.520000 -4.980000
v -0.997032 0.510184 -4.980000
v -0.999982 0.503342 -4.989471
v -1.002939 0.507289 -4.989773
v -0.989816 0.502968 -4.980000
v -0.996658 0.500018 -4.989471
v -0.980000 0.500000 -4.980000
v -0.992711 0.497061 -4.989773
v -1.007288 0.489773 -4.997061
v -1.003357 0.496643 -4.994843
v -1.020000 0.480000 -5.000000
v -1.010227 0.492712 -4.997061
v -7.985858 0.020000 -4.485858
v -7.981576 0.010216 -4.477410
v -7.990910 0.010550 -4.484277
v -7.993027 0.020000 -4.489845
v -7.979446 0.002945 -4.464998
v -7.989650 0.005165 -4.475014
v -7.980000 0.000000 -4.451716
v -7.989783 0.002946 -4.460716
v -7.997054 0.010217 -4.470999
v -7.995309 0.010550 -4.482455
v -8.000000 0.020000 -4.480000
v -7.997749 0.020000 -4.487888
v -7.485858 0.020000 -4.985858
v -7.489845 0.020000 -4.993027
v -7.484277 0.010550 -4.990910
v -7.477410 0.010216 -4.981577
v -7.487888 0.020000 -4.997749
v -7.482455 0.010550 -4.995309
v -7.480000 0.020000 -5.000000
v -7.470999 0.010217 -4.997054
v -7.460716 0.002946 -4.989783
v -7.475014 0.005165 -4.989650
v -7.451716 0.000000 -4.980000
v -7.464998 0.002945 -4.979446
v -7.971716 0.500000 -4.500000
v -7.978658 0.497033 -4.493059
v -7.988728 0.500179 -4.495207
v -7.985185 0.502932 -4.498872
v -7.983760 0.489816 -4.487956
v -7.991494 0.497784 -4.492586
v -7.985858 0.480000 -4.485858
v -7.993619 0.495741 -4.490592
v -8.000583 0.510301 -4.490212
v -7.995741 0.504452 -4.494151
v -8.005000 0.520000 -4.485000
v -7.997268 0.510178 -4.493440
v -7.500000 0.500000 -4.971716
v -7.498872 0.502932 -4.985185
v -7.495207 0.500179 -4.988727
v -7.493059 0.497033 -4.978657
v -7.493440 0.510178 -4.997269
v -7.494151 0.504452 -4.995741
v -7.485000 0.520000 -5.005000
v -7.490212 0.510300 -5.000583
v -7.490592 0.495740 -4.993618
v -7.492586 0.497784 -4.991493
v -7.485858 0.480000 -4.985858
v -7.487956 0.489816 -4.983759
v -7.500000 4.011547 -4.016330
v -7.520000 4.000000 -4.020000
v -7.510001 3.997321 -4.010000
v -7.502679 3.990000 -4.002680
v -7.500000 3.980000 -4.000000
v -7.485858 4.000000 -4.014142
v -7.014142 4.000000 -4.485858
v -7.000000 3.980000 -4.500000
v -7.002679 3.990000 -4.502680
v -7.010001 3.997321 -4.510000
v -7.020000 4.000000 -4.520000
v -7.016330 4.011547 -4.500000
v -7.145735 4.455000 -4.610380
v -7.149590 4.464819 -4.610456
v -7.144433 4.464685 -4.601628
v -7.140412 4.455291 -4.601277
v -7.156163 4.472160 -4.606647
v -7.149060 4.469853 -4.598946
v -7.163640 4.475000 -4.600000
v -7.155923 4.472619 -4.592284
v -7.149177 4.465615 -4.585537
v -7.144309 4.464923 -4.594196
v -7.145258 4.455920 -4.581618
v -7.140237 4.455628 -4.590720
v -7.501857 4.455000 -4.966501
v -7.511874 4.455000 -4.972042
v -7.513480 4.464506 -4.970546
v -7.504492 4.464816 -4.964939
v -7.523004 4.455000 -4.972320
v -7.521531 4.464509 -4.970705
v -7.532704 4.455000 -4.967296
v -7.530323 4.464817 -4.965480
v -7.524902 4.472033 -4.960697
v -7.517535 4.469811 -4.967023
v -7.517678 4.475000 -4.954038
v -7.510201 4.472034 -4.960442
v -7.610380 4.455000 -4.145735
v -7.601277 4.455291 -4.140412
v -7.601628 4.464685 -4.144433
v -7.610457 4.464819 -4.149590
v -7.590720 4.455628 -4.140236
v -7.594196 4.464923 -4.144310
v -7.581618 4.455920 -4.145258
v -7.585537 4.465615 -4.149177
v -7.592284 4.472619 -4.155924
v -7.598946 4.469853 -4.149060
v -7.600000 4.475000 -4.163639
v -7.606647 4.472160 -4.156163
v -7.966501 4.455000 -4.501857
v -7.964940 4.464816 -4.504491
v -7.970546 4.464506 -4.513479
v -7.972041 4.455000 -4.511874
v -7.960442 4.472033 -4.510201
v -7.967023 4.469811 -4.517535
v -7.954038 4.475000 -4.517678
v -7.960696 4.472033 -4.524902
v -7.965480 4.464817 -4.530323
v -7.970705 4.464509 -4.521531
v -7.967296 4.455000 -4.532704
v -7.972320 4.455000 -4.523005
v -7.018697 0.020000 -4.518697
v -7.006190 0.010231 -4.510342
v -7.004966 0.010737 -4.504940
v -7.013721 0.020691 -4.509527
v -6.989055 0.002936 -4.503523
v -6.996619 0.005122 -4.501375
v -6.971716 0.000000 -4.500000
v -6.988168 0.002823 -4.498490
v -7.005057 0.009847 -4.494733
v -7.004625 0.010614 -4.499890
v -7.017991 0.019245 -4.489707
v -7.013465 0.020418 -4.499059
v -7.489707 0.019245 -4.017991
v -7.494733 0.009847 -4.005056
v -7.499890 0.010614 -4.004625
v -7.499059 0.020418 -4.013465
v -7.498490 0.002823 -3.988167
v -7.501375 0.005122 -3.996618
v -7.500000 0.000000 -3.971716
v -7.503523 0.002936 -3.989054
v -7.510342 0.010231 -4.006190
v -7.504941 0.010737 -4.004966
v -7.518697 0.020000 -4.018697
v -7.509528 0.020691 -4.013721
v -7.050179 4.025000 -4.514824
v -7.044662 4.025000 -4.505518
v -7.019026 4.013453 -4.500000
v -7.044412 4.025000 -4.494915
v -7.049498 4.025000 -4.485858
v -7.485858 4.025000 -4.049498
v -7.494915 4.025000 -4.044413
v -7.500000 4.013453 -4.019026
v -7.505518 4.025000 -4.044662
v -7.514824 4.025000 -4.050179
v -7.110696 0.480000 -4.610697
v -7.105396 0.480239 -4.601618
v -7.109252 0.489664 -4.601803
v -7.114380 0.489849 -4.610601
v -7.105248 0.480516 -4.591087
v -7.109148 0.489859 -4.594390
v -7.110293 0.480755 -4.582009
v -7.114030 0.490503 -4.585746
v -7.120634 0.497567 -4.592350
v -7.113798 0.494832 -4.599039
v -7.128284 0.500000 -4.600000
v -7.120836 0.497190 -4.606675
v -7.600000 0.500000 -4.128284
v -7.592350 0.497567 -4.120634
v -7.599039 0.494832 -4.113798
v -7.606675 0.497190 -4.120836
v -7.585746 0.490503 -4.114030
v -7.594390 0.489859 -4.109148
v -7.582009 0.480755 -4.110293
v -7.591087 0.480516 -4.105248
v -7.601617 0.480239 -4.105396
v -7.601804 0.489664 -4.109253
v -7.610696 0.480000 -4.110697
v -7.610602 0.489849 -4.114380
v 0.000000 0.000000 4.980000
v 1.000000 0.000000 4.980000
v 1.000000 0.002679 4.990000
v 0.000000 0.002679 4.990000
v 1.000000 0.010000 4.997320
v 0.000000 0.010000 4.997320
v 1.000000 0.020000 5.000000
v 0.000000 0.020000 5.000000
v 1.000000 4.000000 4.983492
v 0.000000 4.000000 4.983357
v 0.000000 3.997179 4.991679
v 1.000000 3.997174 4.991746
v 0.000000 3.989473 4.997770
v 1.000000 3.989452 4.997789
v 0.000000 3.978946 5.000000
v 1.000000 3.978904 5.000000
v 1.000000 3.980000 4.500000
v 0.000000 3.980000 4.500000
v 0.000000 3.990000 4.502680
v 1.000000 3.990000 4.502680
v 0.000000 3.997321 4.510000
v 1.000000 3.997321 4.510000
v 0.000000 4.000000 4.520000
v 1.000000 4.000000 4.520000
v 0.000000 3.520000 5.000000
v 0.000000 3.510000 4.997320
v 0.000000 3.502679 4.990000
v 0.000000 3.500000 4.980000
v 0.000000 3.500000 4.520000
v 0.000000 3.502679 4.510000
v 0.000000 3.510000 4.502680
v 0.000000 3.520000 4.500000
v 0.000000 0.500000 4.980000
v 0.000000 0.497321 4.990000
v 0.000000 0.490000 4.997320
v 0.000000 0.480000 5.000000
v 7.980000 0.000000 1.000000
v 7.980000 0.000000 0.000000
v 7.989999 0.002679 0.000000
v 7.989999 0.002679 1.000000
v 7.997321 0.010000 0.000000
v 7.997321 0.010000 1.000000
v 8.000000 0.020000 0.000000
v 8.000000 0.020000 1.000000
v 7.983357 4.000000 0.000000
v 7.983492 4.000000 1.000000
v 7.991746 3.997174 1.000000
v 7.991679 3.997179 0.000000
v 7.997789 3.989452 1.000000
v 7.997771 3.989473 0.000000
v 8.000000 3.978904 1.000000
v 8.000000 3.978946 0.000000
v 7.500000 3.980000 0.000000
v 7.500000 3.980000 1.000000
v 7.502679 3.990000 1.000000
v 7.502679 3.990000 0.000000
v 7.510001 3.997321 1.000000
v 7.510001 3.997321 0.000000
v 7.520000 4.000000 1.000000
v 7.520000 4.000000 0.000000
v 8.000000 3.520000 0.000000
v 7.997321 3.510000 0.000000
v 7.989999 3.502679 0.000000
v 7.980000 3.500000 0.000000
v 7.980000 0.500000 0.000000
v 7.989999 0.497321 0.000000
v 7.997321 0.490000 0.000000
v 8.000000 0.480000 0.000000
v 7.520000 3.500000 0.000000
v 7.510001 3.502679 0.000000
v 7.502679 3.510000 0.000000
v 7.500000 3.520000 0.000000
v 8.000000 3.978775 4.500000
v 7.997844 3.989387 4.497844
v 7.991953 3.997156 4.491953
v 7.983905 4.000000 4.483905
v 7.500000 3.978775 5.000000
v 7.497844 3.989387 4.997844
v 7.491953 3.997156 4.991953
v 7.483905 4.000000 4.983905
v 7.480000 0.500000 3.991716
v 7.489999 0.501211 3.995858
v 7.497321 0.504519 3.998890
v 7.500000 0.509037 4.000000
v 7.966434 4.025000 4.501790
v 7.972360 4.025000 4.511752
v 7.972663 4.025000 4.523080
v 7.967261 4.025000 4.532740
v 7.501790 4.025000 4.966434
v 7.511752 4.025000 4.972361
v 7.523080 4.025000 4.972663
v 7.532739 4.025000 4.967260
v 7.000000 0.507738 4.500000
v 6.998890 0.503869 4.497320
v 6.995858 0.501037 4.490000
v 6.991716 0.500000 4.480000
v -1.000000 0.020000 5.000000
v -1.000000 0.010000 4.997320
v -1.000000 0.002679 4.990000
v -1.000000 0.000000 4.980000
v -1.000000 3.978904 5.000000
v -1.000000 3.989452 4.997789
v -1.000000 3.997174 4.991746
v -1.000000 4.000000 4.983492
v -1.000000 4.000000 4.520000
v -1.000000 3.997321 4.510000
v -1.000000 3.990000 4.502680
v -1.000000 3.980000 4.500000
v -8.000000 0.020000 1.000000
v -8.000000 0.020000 0.000000
v -7.997321 0.010000 0.000000
v -7.997321 0.010000 1.000000
v -7.989999 0.002679 0.000000
v -7.989999 0.002679 1.000000
v -7.980000 0.000000 0.000000
v -7.980000 0.000000 1.000000
v -8.000000 3.978946 0.000000
v -8.000000 3.978904 1.000000
v -7.997789 3.989452 1.000000
v -7.997771 3.989473 0.000000
v -7.991746 3.997174 1.000000
v -7.991679 3.997179 0.000000
v -7.983492 4.000000 1.000000
v -7.983357 4.000000 0.000000
v -7.520000 4.000000 0.000000
v -7.520000 4.000000 1.000000
v -7.510001 3.997321 1.000000
v -7.510001 3.997321 0.000000
v -7.502679 3.990000 1.000000
v -7.502679 3.990000 0.000000
v -7.500000 3.980000 1.000000
v -7.500000 3.980000 0.000000
v -7.980000 3.500000 0.000000
v -7.989999 3.502679 0.000000
v -7.997321 3.510000 0.000000
v -8.000000 3.520000 0.000000
v -8.000000 0.480000 0.000000
v -7.997321 0.490000 0.000000
v -7.989999 0.497321 0.000000
v -7.980000 0.500000 0.000000
v -7.500000 3.520000 0.000000
v -7.502679 3.510000 0.000000
v -7.510001 3.502679 0.000000
v -7.520000 3.500000 0.000000
v -7.983905 4.000000 4.483905
v -7.991953 3.997156 4.491953
v -7.997844 3.989387 4.497844
v -8.000000 3.978775 4.500000
v -7.483905 4.000000 4.983905
v -7.491953 3.997156 4.991953
v -7.497844 3.989387 4.997844
v -7.500000 3.978775 5.000000
v -7.500000 0.509037 4.000000
v -7.497321 0.504519 3.998890
v -7.489999 0.501211 3.995858
v -7.480000 0.500000 3.991716
v -7.967261 4.025000 4.532740
v -7.972663 4.025000 4.523080
v -7.972360 4.025000 4.511752
v -7.966434 4.025000 4.501790
v -7.532739 4.025000 4.967260
v -7.523080 4.025000 4.972663
v -7.511752 4.025000 4.972361
v -7.501790 4.025000 4.966434
v -6.991716 0.500000 4.480000
v -6.995858 0.501037 4.490000
v -6.998890 0.503869 4.497320
v -7.000000 0.507738 4.500000
v 0.000000 0.020000 -5.000000
v 1.000000 0.020000 -5.000000
v 1.000000 0.010000 -4.997320
v 0.000000 0.010000 -4.997320
v 1.000000 0.002679 -4.990000
v 0.000000 0.002679 -4.990000
v 1.000000 0.000000 -4.980000
v 0.000000 0.000000 -4.980000
v 1.000000 3.978904 -5.000000
v 0.000000 3.978946 -5.000000
v 0.000000 3.989473 -4.997770
v 1.000000 3.989452 -4.997789
v 0.000000 3.997179 -4.991679
v 1.000000 3.997174 -4.991746
v 0.000000 4.000000 -4.983357
v 1.000000 4.000000 -4.983492
v 1.000000 4.000000 -4.520000
v 0.000000 4.000000 -4.520000
v 0.000000 3.997321 -4.510000
v 1.000000 3.997321 -4.510000
v 0.000000 3.990000 -4.502680
v 1.000000 3.990000 -4.502680
v 0.000000 3.980000 -4.500000
v 1.000000 3.980000 -4.500000
v 0.000000 3.500000 -4.980000
v 0.000000 3.502679 -4.990000
v 0.000000 3.510000 -4.997320
v 0.000000 3.520000 -5.000000
v 0.000000 3.520000 -4.500000
v 0.000000 3.510000 -4.502680
v 0.000000 3.502679 -4.510000
v 0.000000 3.500000 -4.520000
v 0.000000 0.480000 -5.000000
v 0.000000 0.490000 -4.997320
v 0.000000 0.497321 -4.990000
v 0.000000 0.500000 -4.980000
v 8.000000 0.020000 -1.000000
v 7.997321 0.010000 -1.000000
v 7.989999 0.002679 -1.000000
v 7.980000 0.000000 -1.000000
v 8.000000 3.978904 -1.000000
v 7.997789 3.989452 -1.000000
v 7.991746 3.997174 -1.000000
v 7.983492 4.000000 -1.000000
v 7.520000 4.000000 -1.000000
v 7.510001 3.997321 -1.000000
v 7.502679 3.990000 -1.000000
v 7.500000 3.980000 -1.000000
v 7.983905 4.000000 -4.483905
v 7.991953 3.997156 -4.491953
v 7.997844 3.989387 -4.497844
v 8.000000 3.978775 -4.500000
v 7.483905 4.000000 -4.983905
v 7.491953 3.997156 -4.991953
v 7.497844 3.989387 -4.997844
v 7.500000 3.978775 -5.000000
v 7.500000 0.509037 -4.000000
v 7.497321 0.504519 -3.998890
v 7.489999 0.501211 -3.995858
v 7.480000 0.500000 -3.991716
v 7.967261 4.025000 -4.532740
v 7.972663 4.025000 -4.523080
v 7.972360 4.025000 -4.511752
v 7.966434 4.025000 -4.501790
v 7.532739 4.025000 -4.967260
v 7.523080 4.025000 -4.972663
v 7.511752 4.025000 -4.972361
v 7.501790 4.025000 -4.966434
v 6.991716 0.500000 -4.480000
v 6.995858 0.501037 -4.490000
v 6.998890 0.503869 -4.497320
v 7.000000 0.507738 -4.500000
v -1.000000 0.000000 -4.980000
v -1.000000 0.002679 -4.990000
v -1.000000 0.010000 -4.997320
v -1.000000 0.020000 -5.000000
v -1.000000 4.000000 -4.983492
v -1.000000 3.997174 -4.991746
v -1.000000 3.989452 -4.997789
v -1.000000 3.978904 -5.000000
v -1.000000 3.980000 -4.500000
v -1.000000 3.990000 -4.502680
v -1.000000 3.997321 -4.510000
v -1.000000 4.000000 -4.520000
v -7.980000 0.000000 -1.000000
v -7.989999 0.002679 -1.000000
v -7.997321 0.010000 -1.000000
v -8.000000 0.020000 -1.000000
v -7.983492 4.000000 -1.000000
v -7.991746 3.997174 -1.000000
v -7.997789 3.989452 -1.000000
v -8.000000 3.978904 -1.000000
v -7.500000 3.980000 -1.000000
v -7.502679 3.990000 -1.000000
v -7.510001 3.997321 -1.000000
v -7.520000 4.000000 -1.000000
v -8.000000 3.978775 -4.500000
v -7.997844 3.989387 -4.497844
v -7.991953 3.997156 -4.491953
v -7.983905 4.000000 -4.483905
v -7.500000 3.978775 -5.000000
v -7.497844 3.989387 -4.997844
v -7.491953 3.997156 -4.991953
v -7.483905 4.000000 -4.983905
v -7.480000 0.500000 -3.991716
v -7.489999 0.501211 -3.995858
v -7.497321 0.504519 -3.998890
v -7.500000 0.509037 -4.000000
v -7.966434 4.025000 -4.501790
v -7.972360 4.025000 -4.511752
v -7.972663 4.025000 -4.523080
v -7.967261 4.025000 -4.532740
v -7.501790 4.025000 -4.966434
v -7.511752 4.025000 -4.972361
v -7.523080 4.025000 -4.972663
v -7.532739 4.025000 -4.967260
v -7.000000 0.507738 -4.500000
v -6.998890 0.503869 -4.497320
v -6.995858 0.501037 -4.490000
v -6.991716 0.500000 -4.480000
v 7.000000 3.500000 4.500000
v 7.500000 3.500000 5.000000
v 0.000000 0.500000 4.500000
v 7.500000 0.500000 0.000000
v 8.000000 3.500000 4.500000
v 7.500000 3.500000 4.000000
v -7.000000 3.500000 4.500000
v -7.500000 3.500000 5.000000
v -7.500000 0.500000 0.000000
v -8.000000 3.500000 4.500000
v -7.500000 3.500000 4.000000
v 7.000000 3.500000 -4.500000
v 7.500000 3.500000 -5.000000
v 0.000000 0.500000 -4.500000
v 8.000000 3.500000 -4.500000
v 7.500000 3.500000 -4.000000
v -7.000000 3.500000 -4.500000
v -7.500000 3.500000 -5.000000
v -8.000000 3.500000 -4.500000
v -7.500000 3.500000 -4.000000
s 1
f 1 2 3
f 1 3 4
f 5 6 7
f 5 7 8
f 8 7 9
f 8 9 10
f 6 11 12
f 6 12 7
f 13 14 3
f 13 3 2
f 5 8 15
f 5 15 16
f 8 10 17
f 8 17 15
f 16 15 18
f 16 18 19
f 1 20 21
f 1 21 2
f 5 22 23
f 5 23 6
f 22 24 25
f 22 25 23
f 6 23 26
f 6 26 11
f 13 2 21
f 13 21 27
f 5 16 28
f 5 28 22
f 22 28 29
f 22 29 24
f 16 19 30
f 16 30 28
f 31 32 33
f 31 33 34
f 32 35 36
f 32 36 33
f 37 38 36
f 37 36 35
f 38 39 40
f 38 40 36
f 41 42 40
f 41 40 39
f 42 34 33
f 42 33 40
f 33 36 40
f 43 44 45
f 43 45 46
f 44 47 48
f 44 48 45
f 49 50 48
f 49 48 47
f 50 51 52
f 50 52 48
f 53 54 52
f 53 52 51
f 54 46 45
f 54 45 52
f 45 48 52
f 55 56 57
f 55 57 58
f 56 59 60
f 56 60 57
f 61 62 60
f 61 60 59
f 62 63 64
f 62 64 60
f 65 66 64
f 65 64 63
f 66 58 57
f 66 57 64
f 57 60 64
f 67 68 69
f 67 69 70
f 68 71 72
f 68 72 69
f 73 74 72
f 73 72 71
f 74 75 76
f 74 76 72
f 77 78 76
f 77 76 75
f 78 70 69
f 78 69 76
f 69 72 76
f 79 80 81
f 79 81 82
f 80 83 84
f 80 84 81
f 85 86 84
f 85 84 83
f 86 87 88
f 86 88 84
f 89 90 88
f 89 88 87
f 90 82 81
f 90 81 88
f 81 84 88
f 91 92 93
f 91 93 94
f 92 95 96
f 92 96 93
f 97 98 96
f 97 96 95
f 98 99 100
f 98 100 96
f 101 102 100
f 101 100 99
f 102 94 93
f 102 93 100
f 93 96 100
f 103 104 105
f 103 105 106
f 104 107 108
f 104 108 105
f 109 110 108
f 109 108 107
f 110 111 112
f 110 112 108
f 113 114 112
f 113 112 111
f 114 106 105
f 114 105 112
f 105 108 112
f 115 116 117
f 115 117 118
f 116 119 120
f 116 120 117
f 121 122 120
f 121 120 119
f 122 123 124
f 122 124 120
f 125 126 124
f 125 124 123
f 126 118 117
f 126 117 124
f 117 120 124
f 127 128 129
f 127 129 130
f 128 131 132
f 128 132 129
f 133 134 132
f 133 132 131
f 134 135 136
f 134 136 132
f 137 138 136
f 137 136 135
f 138 130 129
f 138 129 136
f 129 132 136
f 139 140 141
f 139 141 142
f 140 143 144
f 140 144 141
f 145 146 144
f 145 144 143
f 146 147 148
f 146 148 144
f 149 150 148
f 149 148 147
f 150 142 141
f 150 141 148
f 141 144 148
f 151 152 153
f 151 153 154
f 152 155 156
f 152 156 153
f 157 158 156
f 157 156 155
f 158 159 160
f 158 160 156
f 161 162 160
f 161 160 159
f 162 154 153
f 162 153 160
f 153 156 160
f 163 164 165
f 163 165 166
f 164 167 168
f 164 168 165
f 169 170 168
f 169 168 167
f 170 171 172
f 170 172 168
f 173 174 172
f 173 172 171
f 174 166 165
f 174 165 172
f 165 168 172
f 175 176 177
f 175 177 178
f 176 179 180
f 176 180 177
f 181 182 180
f 181 180 179
f 182 183 184
f 182 184 180
f 185 186 184
f 185 184 183
f 186 178 177
f 186 177 184
f 177 180 184
f 187 188 189
f 187 189 190
f 188 191 192
f 188 192 189
f 193 194 192
f 193 192 191
f 194 195 196
f 194 196 192
f 197 198 196
f 197 196 195
f 198 190 189
f 198 189 196
f 189 192 196
f 199 200 201
f 199 201 202
f 200 203 204
f 200 204 201
f 205 206 204
f 205 204 203
f 206 207 208
f 206 208 204
f 209 210 208
f 209 208 207
f 210 202 201
f 210 201 208
f 201 204 208
f 211 212 213
f 211 213 214
f 212 215 216
f 212 216 213
f 217 218 216
f 217 216 215
f 218 219 220
f 218 220 216
f 221 222 220
f 221 220 219
f 222 214 213
f 222 213 220
f 213 216 220
f 223 224 225
f 223 225 226
f 224 227 228
f 224 228 225
f 229 230 228
f 229 228 227
f 230 231 232
f 230 232 228
f 233 234 232
f 233 232 231
f 234 226 225
f 234 225 232
f 225 228 232
f 235 236 237
f 235 237 238
f 236 239 240
f 236 240 237
f 241 242 240
f 241 240 239
f 242 243 244
f 242 244 240
f 245 246 244
f 245 244 243
f 246 238 237
f 246 237 244
f 237 240 244
f 247 248 249
f 247 249 250
f 248 251 252
f 248 252 249
f 253 254 252
f 253 252 251
f 254 255 256
f 254 256 252
f 257 258 256
f 257 256 255
f 258 250 249
f 258 249 256
f 249 252 256
f 259 260 261
f 259 261 262
f 260 263 264
f 260 264 261
f 265 266 264
f 265 264 263
f 266 267 268
f 266 268 264
f 269 270 268
f 269 268 267
f 270 262 261
f 270 261 268
f 261 264 268
f 271 272 273
f 274 275 276
f 271 273 274
f 274 276 271
f 277 278 279
f 280 281 282
f 277 279 280
f 280 282 277
f 283 284 285
f 283 285 286
f 284 287 288
f 284 288 285
f 289 290 288
f 289 288 287
f 290 291 292
f 290 292 288
f 293 294 292
f 293 292 291
f 294 286 285
f 294 285 292
f 285 288 292
f 295 296 297
f 295 297 298
f 296 299 300
f 296 300 297
f 301 302 300
f 301 300 299
f 302 303 304
f 302 304 300
f 305 306 304
f 305 304 303
f 306 298 297
f 306 297 304
f 297 300 304
f 307 308 309
f 307 309 310
f 308 311 312
f 308 312 309
f 313 314 312
f 313 312 311
f 314 315 316
f 314 316 312
f 317 318 316
f 317 316 315
f 318 310 309
f 318 309 316
f 309 312 316
f 319 320 321
f 319 321 322
f 320 323 324
f 320 324 321
f 325 326 324
f 325 324 323
f 326 327 328
f 326 328 324
f 329 330 328
f 329 328 327
f 330 322 321
f 330 321 328
f 321 324 328
f 331 332 333
f 331 333 334
f 332 335 336
f 332 336 333
f 337 338 336
f 337 336 335
f 338 339 340
f 338 340 336
f 341 342 340
f 341 340 339
f 342 334 333
f 342 333 340
f 333 336 340
f 343 344 345
f 343 345 346
f 344 347 348
f 344 348 345
f 349 350 348
f 349 348 347
f 350 351 352
f 350 352 348
f 353 354 352
f 353 352 351
f 354 346 345
f 354 345 352
f 345 348 352
f 355 356 357
f 356 358 357
f 358 359 357
f 360 361 362
f 361 363 362
f 363 364 362
f 365 366 367
f 365 367 368
f 366 369 370
f 366 370 367
f 371 372 370
f 371 370 369
f 372 373 374
f 372 374 370
f 375 376 374
f 375 374 373
f 376 368 367
f 376 367 374
f 367 370 374
f 377 378 379
f 377 379 380
f 378 381 382
f 378 382 379
f 383 384 382
f 383 382 381
f 384 385 386
f 384 386 382
f 387 388 386
f 387 386 385
f 388 380 379
f 388 379 386
f 379 382 386
f 389 390 391
f 389 391 392
f 390 393 394
f 390 394 391
f 395 396 394
f 395 394 393
f 396 397 398
f 396 398 394
f 399 400 398
f 399 398 397
f 400 392 391
f 400 391 398
f 391 394 398
f 401 402 403
f 401 403 404
f 402 405 406
f 402 406 403
f 407 408 406
f 407 406 405
f 408 409 410
f 408 410 406
f 411 412 410
f 411 410 409
f 412 404 403
f 412 403 410
f 403 406 410
f 413 414 415
f 413 415 416
f 414 417 418
f 414 418 415
f 419 420 418
f 419 418 417
f 420 421 422
f 420 422 418
f 423 424 422
f 423 422 421
f 424 416 415
f 424 415 422
f 415 418 422
f 425 426 427
f 425 427 428
f 426 429 430
f 426 430 427
f 431 432 430
f 431 430 429
f 432 433 434
f 432 434 430
f 435 436 434
f 435 434 433
f 436 428 427
f 436 427 434
f 427 430 434
f 437 438 439
f 437 439 440
f 438 441 442
f 438 442 439
f 443 444 442
f 443 442 441
f 444 445 446
f 444 446 442
f 447 448 446
f 447 446 445
f 448 440 439
f 448 439 446
f 439 442 446
f 449 450 451
f 449 451 452
f 450 453 454
f 450 454 451
f 455 456 454
f 455 454 453
f 456 457 458
f 456 458 454
f 459 460 458
f 459 458 457
f 460 452 451
f 460 451 458
f 451 454 458
f 461 462 463
f 461 463 464
f 462 465 466
f 462 466 463
f 467 468 466
f 467 466 465
f 468 469 470
f 468 470 466
f 471 472 470
f 471 470 469
f 472 464 463
f 472 463 470
f 463 466 470
f 473 474 475
f 473 475 476
f 474 477 478
f 474 478 475
f 479 480 478
f 479 478 477
f 480 481 482
f 480 482 478
f 483 484 482
f 483 482 481
f 484 476 475
f 484 475 482
f 475 478 482
f 485 486 487
f 485 487 488
f 486 489 490
f 486 490 487
f 491 492 490
f 491 490 489
f 492 493 494
f 492 494 490
f 495 496 494
f 495 494 493
f 496 488 487
f 496 487 494
f 487 490 494
f 497 498 499
f 497 499 500
f 498 501 502
f 498 502 499
f 503 504 502
f 503 502 501
f 504 505 506
f 504 506 502
f 507 508 506
f 507 506 505
f 508 500 499
f 508 499 506
f 499 502 506
f 509 510 511
f 509 511 512
f 510 513 514
f 510 514 511
f 515 516 514
f 515 514 513
f 516 517 518
f 516 518 514
f 519 520 518
f 519 518 517
f 520 512 511
f 520 511 518
f 511 514 518
f 521 522 523
f 521 523 524
f 522 525 526
f 522 526 523
f 527 528 526
f 527 526 525
f 528 529 530
f 528 530 526
f 531 532 530
f 531 530 529
f 532 524 523
f 532 523 530
f 523 526 530
f 533 534 535
f 533 535 536
f 534 537 538
f 534 538 535
f 539 540 538
f 539 538 537
f 540 541 542
f 540 542 538
f 543 544 542
f 543 542 541
f 544 536 535
f 544 535 542
f 535 538 542
f 545 546 547
f 545 547 548
f 546 549 550
f 546 550 547
f 551 552 550
f 551 550 549
f 552 553 554
f 552 554 550
f 555 556 554
f 555 554 553
f 556 548 547
f 556 547 554
f 547 550 554
f 557 558 559
f 557 559 560
f 558 561 562
f 558 562 559
f 563 564 562
f 563 562 561
f 564 565 566
f 564 566 562
f 567 568 566
f 567 566 565
f 568 560 559
f 568 559 566
f 559 562 566
f 569 570 571
f 569 571 572
f 570 573 574
f 570 574 571
f 575 576 574
f 575 574 573
f 576 577 578
f 576 578 574
f 579 580 578
f 579 578 577
f 580 572 571
f 580 571 578
f 571 574 578
f 581 582 583
f 581 583 584
f 582 585 586
f 582 586 583
f 587 588 586
f 587 586 585
f 588 589 590
f 588 590 586
f 591 592 590
f 591 590 589
f 592 584 583
f 592 583 590
f 583 586 590
f 593 594 595
f 593 595 596
f 594 597 598
f 594 598 595
f 599 600 598
f 599 598 597
f 600 601 602
f 600 602 598
f 603 604 602
f 603 602 601
f 604 596 595
f 604 595 602
f 595 598 602
f 605 606 607
f 605 607 608
f 606 609 610
f 606 610 607
f 611 612 610
f 611 610 609
f 612 613 614
f 612 614 610
f 615 616 614
f 615 614 613
f 616 608 607
f 616 607 614
f 607 610 614
f 617 618 619
f 617 619 620
f 618 621 622
f 618 622 619
f 623 624 622
f 623 622 621
f 624 625 626
f 624 626 622
f 627 628 626
f 627 626 625
f 628 620 619
f 628 619 626
f 619 622 626
f 629 630 631
f 632 633 634
f 629 631 632
f 632 634 629
f 635 636 637
f 638 639 640
f 635 637 638
f 638 640 635
f 641 642 643
f 641 643 644
f 642 645 646
f 642 646 643
f 647 648 646
f 647 646 645
f 648 649 650
f 648 650 646
f 651 652 650
f 651 650 649
f 652 644 643
f 652 643 650
f 643 646 650
f 653 654 655
f 653 655 656
f 654 657 658
f 654 658 655
f 659 660 658
f 659 658 657
f 660 661 662
f 660 662 658
f 663 664 662
f 663 662 661
f 664 656 655
f 664 655 662
f 655 658 662
f 665 666 667
f 665 667 668
f 666 669 670
f 666 670 667
f 671 672 670
f 671 670 669
f 672 673 674
f 672 674 670
f 675 676 674
f 675 674 673
f 676 668 667
f 676 667 674
f 667 670 674
f 677 678 679
f 677 679 680
f 678 681 682
f 678 682 679
f 683 684 682
f 683 682 681
f 684 685 686
f 684 686 682
f 687 688 686
f 687 686 685
f 688 680 679
f 688 679 686
f 679 682 686
f 689 690 691
f 689 691 692
f 690 693 694
f 690 694 691
f 695 696 694
f 695 694 693
f 696 697 698
f 696 698 694
f 699 700 698
f 699 698 697
f 700 692 691
f 700 691 698
f 691 694 698
f 701 702 703
f 701 703 704
f 702 705 706
f 702 706 703
f 707 708 706
f 707 706 705
f 708 709 710
f 708 710 706
f 711 712 710
f 711 710 709
f 712 704 703
f 712 703 710
f 703 706 710
f 713 714 715
f 714 716 715
f 716 717 715
f 718 719 720
f 719 721 720
f 721 722 720
f 723 724 725
f 723 725 726
f 724 727 728
f 724 728 725
f 729 730 728
f 729 728 727
f 730 731 732
f 730 732 728
f 733 734 732
f 733 732 731
f 734 726 725
f 734 725 732
f 725 728 732
f 735 736 737
f 735 737 738
f 736 739 740
f 736 740 737
f 741 742 740
f 741 740 739
f 742 743 744
f 742 744 740
f 745 746 744
f 745 744 743
f 746 738 737
f 746 737 744
f 737 740 744
f 747 748 749
f 747 749 750
f 748 751 752
f 748 752 749
f 753 754 752
f 753 752 751
f 754 755 756
f 754 756 752
f 757 758 756
f 757 756 755
f 758 750 749
f 758 749 756
f 749 752 756
f 759 760 761
f 759 761 762
f 760 763 764
f 760 764 761
f 765 766 764
f 765 764 763
f 766 767 768
f 766 768 764
f 769 770 768
f 769 768 767
f 770 762 761
f 770 761 768
f 761 764 768
f 771 772 773
f 771 773 774
f 772 775 776
f 772 776 773
f 777 778 776
f 777 776 775
f 778 779 780
f 778 780 776
f 781 782 780
f 781 780 779
f 782 774 773
f 782 773 780
f 773 776 780
f 783 784 785
f 783 785 786
f 784 787 788
f 784 788 785
f 789 790 788
f 789 788 787
f 790 791 792
f 790 792 788
f 793 794 792
f 793 792 791
f 794 786 785
f 794 785 792
f 785 788 792
f 795 796 797
f 795 797 798
f 796 799 800
f 796 800 797
f 801 802 800
f 801 800 799
f 802 803 804
f 802 804 800
f 805 806 804
f 805 804 803
f 806 798 797
f 806 797 804
f 797 800 804
f 807 808 809
f 807 809 810
f 808 811 812
f 808 812 809
f 813 814 812
f 813 812 811
f 814 815 816
f 814 816 812
f 817 818 816
f 817 816 815
f 818 810 809
f 818 809 816
f 809 812 816
f 819 820 821
f 819 821 822
f 820 823 824
f 820 824 821
f 825 826 824
f 825 824 823
f 826 827 828
f 826 828 824
f 829 830 828
f 829 828 827
f 830 822 821
f 830 821 828
f 821 824 828
f 831 832 833
f 831 833 834
f 832 835 836
f 832 836 833
f 837 838 836
f 837 836 835
f 838 839 840
f 838 840 836
f 841 842 840
f 841 840 839
f 842 834 833
f 842 833 840
f 833 836 840
f 843 844 845
f 843 845 846
f 844 847 848
f 844 848 845
f 849 850 848
f 849 848 847
f 850 851 852
f 850 852 848
f 853 854 852
f 853 852 851
f 854 846 845
f 854 845 852
f 845 848 852
f 855 856 857
f 855 857 858
f 856 859 860
f 856 860 857
f 861 862 860
f 861 860 859
f 862 863 864
f 862 864 860
f 865 866 864
f 865 864 863
f 866 858 857
f 866 857 864
f 857 860 864
f 867 868 869
f 867 869 870
f 868 871 872
f 868 872 869
f 873 874 872
f 873 872 871
f 874 875 876
f 874 876 872
f 877 878 876
f 877 876 875
f 878 870 869
f 878 869 876
f 869 872 876
f 879 880 881
f 879 881 882
f 880 883 884
f 880 884 881
f 885 886 884
f 885 884 883
f 886 887 888
f 886 888 884
f 889 890 888
f 889 888 887
f 890 882 881
f 890 881 888
f 881 884 888
f 891 892 893
f 891 893 894
f 892 895 896
f 892 896 893
f 897 898 896
f 897 896 895
f 898 899 900
f 898 900 896
f 901 902 900
f 901 900 899
f 902 894 893
f 902 893 900
f 893 896 900
f 903 904 905
f 903 905 906
f 904 907 908
f 904 908 905
f 909 910 908
f 909 908 907
f 910 911 912
f 910 912 908
f 913 914 912
f 913 912 911
f 914 906 905
f 914 905 912
f 905 908 912
f 915 916 917
f 915 917 918
f 916 919 920
f 916 920 917
f 921 922 920
f 921 920 919
f 922 923 924
f 922 924 920
f 925 926 924
f 925 924 923
f 926 918 917
f 926 917 924
f 917 920 924
f 927 928 929
f 927 929 930
f 928 931 932
f 928 932 929
f 933 934 932
f 933 932 931
f 934 935 936
f 934 936 932
f 937 938 936
f 937 936 935
f 938 930 929
f 938 929 936
f 929 932 936
f 939 940 941
f 939 941 942
f 940 943 944
f 940 944 941
f 945 946 944
f 945 944 943
f 946 947 948
f 946 948 944
f 949 950 948
f 949 948 947
f 950 942 941
f 950 941 948
f 941 944 948
f 951 952 953
f 951 953 954
f 952 955 956
f 952 956 953
f 957 958 956
f 957 956 955
f 958 959 960
f 958 960 956
f 961 962 960
f 961 960 959
f 962 954 953
f 962 953 960
f 953 956 960
f 963 964 965
f 963 965 966
f 964 967 968
f 964 968 965
f 969 970 968
f 969 968 967
f 970 971 972
f 970 972 968
f 973 974 972
f 973 972 971
f 974 966 965
f 974 965 972
f 965 968 972
f 975 976 977
f 975 977 978
f 976 979 980
f 976 980 977
f 981 982 980
f 981 980 979
f 982 983 984
f 982 984 980
f 985 986 984
f 985 984 983
f 986 978 977
f 986 977 984
f 977 980 984
f 987 988 989
f 990 991 992
f 987 989 990
f 990 992 987
f 993 994 995
f 996 997 998
f 993 995 996
f 996 998 993
f 999 1000 1001
f 999 1001 1002
f 1000 1003 1004
f 1000 1004 1001
f 1005 1006 1004
f 1005 1004 1003
f 1006 1007 1008
f 1006 1008 1004
f 1009 1010 1008
f 1009 1008 1007
f 1010 1002 1001
f 1010 1001 1008
f 1001 1004 1008
f 1011 1012 1013
f 1011 1013 1014
f 1012 1015 1016
f 1012 1016 1013
f 1017 1018 1016
f 1017 1016 1015
f 1018 1019 1020
f 1018 1020 1016
f 1021 1022 1020
f 1021 1020 1019
f 1022 1014 1013
f 1022 1013 1020
f 1013 1016 1020
f 1023 1024 1025
f 1023 1025 1026
f 1024 1027 1028
f 1024 1028 1025
f 1029 1030 1028
f 1029 1028 1027
f 1030 1031 1032
f 1030 1032 1028
f 1033 1034 1032
f 1033 1032 1031
f 1034 1026 1025
f 1034 1025 1032
f 1025 1028 1032
f 1035 1036 1037
f 1035 1037 1038
f 1036 1039 1040
f 1036 1040 1037
f 1041 1042 1040
f 1041 1040 1039
f 1042 1043 1044
f 1042 1044 1040
f 1045 1046 1044
f 1045 1044 1043
f 1046 1038 1037
f 1046 1037 1044
f 1037 1040 1044
f 1047 1048 1049
f 1047 1049 1050
f 1048 1051 1052
f 1048 1052 1049
f 1053 1054 1052
f 1053 1052 1051
f 1054 1055 1056
f 1054 1056 1052
f 1057 1058 1056
f 1057 1056 1055
f 1058 1050 1049
f 1058 1049 1056
f 1049 1052 1056
f 1059 1060 1061
f 1059 1061 1062
f 1060 1063 1064
f 1060 1064 1061
f 1065 1066 1064
f 1065 1064 1063
f 1066 1067 1068
f 1066 1068 1064
f 1069 1070 1068
f 1069 1068 1067
f 1070 1062 1061
f 1070 1061 1068
f 1061 1064 1068
f 1071 1072 1073
f 1072 1074 1073
f 1074 1075 1073
f 1076 1077 1078
f 1077 1079 1078
f 1079 1080 1078
f 1081 1082 1083
f 1081 1083 1084
f 1082 1085 1086
f 1082 1086 1083
f 1087 1088 1086
f 1087 1086 1085
f 1088 1089 1090
f 1088 1090 1086
f 1091 1092 1090
f 1091 1090 1089
f 1092 1084 1083
f 1092 1083 1090
f 1083 1086 1090
f 1093 1094 1095
f 1093 1095 1096
f 1094 1097 1098
f 1094 1098 1095
f 1099 1100 1098
f 1099 1098 1097
f 1100 1101 1102
f 1100 1102 1098
f 1103 1104 1102
f 1103 1102 1101
f 1104 1096 1095
f 1104 1095 1102
f 1095 1098 1102
f 1105 1106 1107
f 1105 1107 1108
f 1106 1109 1110
f 1106 1110 1107
f 1111 1112 1110
f 1111 1110 1109
f 1112 1113 1114
f 1112 1114 1110
f 1115 1116 1114
f 1115 1114 1113
f 1116 1108 1107
f 1116 1107 1114
f 1107 1110 1114
f 1117 1118 1119
f 1117 1119 1120
f 1118 1121 1122
f 1118 1122 1119
f 1123 1124 1122
f 1123 1122 1121
f 1124 1125 1126
f 1124 1126 1122
f 1127 1128 1126
f 1127 1126 1125
f 1128 1120 1119
f 1128 1119 1126
f 1119 1122 1126
f 1129 1130 1131
f 1129 1131 1132
f 1130 1133 1134
f 1130 1134 1131
f 1135 1136 1134
f 1135 1134 1133
f 1136 1137 1138
f 1136 1138 1134
f 1139 1140 1138
f 1139 1138 1137
f 1140 1132 1131
f 1140 1131 1138
f 1131 1134 1138
f 1141 1142 1143
f 1141 1143 1144
f 1142 1145 1146
f 1142 1146 1143
f 1147 1148 1146
f 1147 1146 1145
f 1148 1149 1150
f 1148 1150 1146
f 1151 1152 1150
f 1151 1150 1149
f 1152 1144 1143
f 1152 1143 1150
f 1143 1146 1150
f 1153 1154 1155
f 1153 1155 1156
f 1154 1157 1158
f 1154 1158 1155
f 1159 1160 1158
f 1159 1158 1157
f 1160 1161 1162
f 1160 1162 1158
f 1163 1164 1162
f 1163 1162 1161
f 1164 1156 1155
f 1164 1155 1162
f 1155 1158 1162
f 1165 1166 1167
f 1165 1167 1168
f 1166 1169 1170
f 1166 1170 1167
f 1171 1172 1170
f 1171 1170 1169
f 1172 1173 1174
f 1172 1174 1170
f 1175 1176 1174
f 1175 1174 1173
f 1176 1168 1167
f 1176 1167 1174
f 1167 1170 1174
f 1177 1178 1179
f 1177 1179 1180
f 1178 1181 1182
f 1178 1182 1179
f 1183 1184 1182
f 1183 1182 1181
f 1184 1185 1186
f 1184 1186 1182
f 1187 1188 1186
f 1187 1186 1185
f 1188 1180 1179
f 1188 1179 1186
f 1179 1182 1186
f 1189 1190 1191
f 1189 1191 1192
f 1190 1193 1194
f 1190 1194 1191
f 1195 1196 1194
f 1195 1194 1193
f 1196 1197 1198
f 1196 1198 1194
f 1199 1200 1198
f 1199 1198 1197
f 1200 1192 1191
f 1200 1191 1198
f 1191 1194 1198
f 1201 1202 1203
f 1201 1203 1204
f 1202 1205 1206
f 1202 1206 1203
f 1207 1208 1206
f 1207 1206 1205
f 1208 1209 1210
f 1208 1210 1206
f 1211 1212 1210
f 1211 1210 1209
f 1212 1204 1203
f 1212 1203 1210
f 1203 1206 1210
f 1213 1214 1215
f 1213 1215 1216
f 1214 1217 1218
f 1214 1218 1215
f 1219 1220 1218
f 1219 1218 1217
f 1220 1221 1222
f 1220 1222 1218
f 1223 1224 1222
f 1223 1222 1221
f 1224 1216 1215
f 1224 1215 1222
f 1215 1218 1222
f 1225 1226 1227
f 1225 1227 1228
f 1226 1229 1230
f 1226 1230 1227
f 1231 1232 1230
f 1231 1230 1229
f 1232 1233 1234
f 1232 1234 1230
f 1235 1236 1234
f 1235 1234 1233
f 1236 1228 1227
f 1236 1227 1234
f 1227 1230 1234
f 1237 1238 1239
f 1237 1239 1240
f 1238 1241 1242
f 1238 1242 1239
f 1243 1244 1242
f 1243 1242 1241
f 1244 1245 1246
f 1244 1246 1242
f 1247 1248 1246
f 1247 1246 1245
f 1248 1240 1239
f 1248 1239 1246
f 1239 1242 1246
f 1249 1250 1251
f 1249 1251 1252
f 1250 1253 1254
f 1250 1254 1251
f 1255 1256 1254
f 1255 1254 1253
f 1256 1257 1258
f 1256 1258 1254
f 1259 1260 1258
f 1259 1258 1257
f 1260 1252 1251
f 1260 1251 1258
f 1251 1254 1258
f 1261 1262 1263
f 1261 1263 1264
f 1262 1265 1266
f 1262 1266 1263
f 1267 1268 1266
f 1267 1266 1265
f 1268 1269 1270
f 1268 1270 1266
f 1271 1272 1270
f 1271 1270 1269
f 1272 1264 1263
f 1272 1263 1270
f 1263 1266 1270
f 1273 1274 1275
f 1273 1275 1276
f 1274 1277 1278
f 1274 1278 1275
f 1279 1280 1278
f 1279 1278 1277
f 1280 1281 1282
f 1280 1282 1278
f 1283 1284 1282
f 1283 1282 1281
f 1284 1276 1275
f 1284 1275 1282
f 1275 1278 1282
f 1285 1286 1287
f 1285 1287 1288
f 1286 1289 1290
f 1286 1290 1287
f 1291 1292 1290
f 1291 1290 1289
f 1292 1293 1294
f 1292 1294 1290
f 1295 1296 1294
f 1295 1294 1293
f 1296 1288 1287
f 1296 1287 1294
f 1287 1290 1294
f 1297 1298 1299
f 1297 1299 1300
f 1298 1301 1302
f 1298 1302 1299
f 1303 1304 1302
f 1303 1302 1301
f 1304 1305 1306
f 1304 1306 1302
f 1307 1308 1306
f 1307 1306 1305
f 1308 1300 1299
f 1308 1299 1306
f 1299 1302 1306
f 1309 1310 1311
f 1309 1311 1312
f 1310 1313 1314
f 1310 1314 1311
f 1315 1316 1314
f 1315 1314 1313
f 1316 1317 1318
f 1316 1318 1314
f 1319 1320 1318
f 1319 1318 1317
f 1320 1312 1311
f 1320 1311 1318
f 1311 1314 1318
f 1321 1322 1323
f 1321 1323 1324
f 1322 1325 1326
f 1322 1326 1323
f 1327 1328 1326
f 1327 1326 1325
f 1328 1329 1330
f 1328 1330 1326
f 1331 1332 1330
f 1331 1330 1329
f 1332 1324 1323
f 1332 1323 1330
f 1323 1326 1330
f 1333 1334 1335
f 1333 1335 1336
f 1334 1337 1338
f 1334 1338 1335
f 1339 1340 1338
f 1339 1338 1337
f 1340 1341 1342
f 1340 1342 1338
f 1343 1344 1342
f 1343 1342 1341
f 1344 1336 1335
f 1344 1335 1342
f 1335 1338 1342
f 1345 1346 1347
f 1348 1349 1350
f 1345 1347 1348
f 1348 1350 1345
f 1351 1352 1353
f 1354 1355 1356
f 1351 1353 1354
f 1354 1356 1351
f 1357 1358 1359
f 1357 1359 1360
f 1358 1361 1362
f 1358 1362 1359
f 1363 1364 1362
f 1363 1362 1361
f 1364 1365 1366
f 1364 1366 1362
f 1367 1368 1366
f 1367 1366 1365
f 1368 1360 1359
f 1368 1359 1366
f 1359 1362 1366
f 1369 1370 1371
f 1369 1371 1372
f 1370 1373 1374
f 1370 1374 1371
f 1375 1376 1374
f 1375 1374 1373
f 1376 1377 1378
f 1376 1378 1374
f 1379 1380 1378
f 1379 1378 1377
f 1380 1372 1371
f 1380 1371 1378
f 1371 1374 1378
f 1381 1382 1383
f 1381 1383 1384
f 1382 1385 1386
f 1382 1386 1383
f 1387 1388 1386
f 1387 1386 1385
f 1388 1389 1390
f 1388 1390 1386
f 1391 1392 1390
f 1391 1390 1389
f 1392 1384 1383
f 1392 1383 1390
f 1383 1386 1390
f 1393 1394 1395
f 1393 1395 1396
f 1394 1397 1398
f 1394 1398 1395
f 1399 1400 1398
f 1399 1398 1397
f 1400 1401 1402
f 1400 1402 1398
f 1403 1404 1402
f 1403 1402 1401
f 1404 1396 1395
f 1404 1395 1402
f 1395 1398 1402
f 1405 1406 1407
f 1405 1407 1408
f 1406 1409 1410
f 1406 1410 1407
f 1411 1412 1410
f 1411 1410 1409
f 1412 1413 1414
f 1412 1414 1410
f 1415 1416 1414
f 1415 1414 1413
f 1416 1408 1407
f 1416 1407 1414
f 1407 1410 1414
f 1417 1418 1419
f 1417 1419 1420
f 1418 1421 1422
f 1418 1422 1419
f 1423 1424 1422
f 1423 1422 1421
f 1424 1425 1426
f 1424 1426 1422
f 1427 1428 1426
f 1427 1426 1425
f 1428 1420 1419
f 1428 1419 1426
f 1419 1422 1426
f 1429 1430 1431
f 1430 1432 1431
f 1432 1433 1431
f 1434 1435 1436
f 1435 1437 1436
f 1437 1438 1436
f 1439 1440 1441
f 1439 1441 1442
f 1440 1443 1444
f 1440 1444 1441
f 1445 1446 1444
f 1445 1444 1443
f 1446 1447 1448
f 1446 1448 1444
f 1449 1450 1448
f 1449 1448 1447
f 1450 1442 1441
f 1450 1441 1448
f 1441 1444 1448
f 1451 1452 1453
f 1451 1453 1454
f 1452 1455 1456
f 1452 1456 1453
f 1457 1458 1456
f 1457 1456 1455
f 1458 1459 1460
f 1458 1460 1456
f 1461 1462 1460
f 1461 1460 1459
f 1462 1454 1453
f 1462 1453 1460
f 1453 1456 1460
f 1463 1464 1465
f 1463 1465 1466
f 1466 1465 1467
f 1466 1467 1468
f 1468 1467 1469
f 1468 1469 1470
f 197 175 178
f 197 178 198
f 198 178 186
f 198 186 190
f 190 186 185
f 190 185 187
f 209 211 214
f 209 214 210
f 210 214 222
f 210 222 202
f 202 222 221
f 202 221 199
f 181 217 215
f 181 215 182
f 182 215 212
f 182 212 183
f 183 212 211
f 183 211 185
f 205 193 191
f 205 191 206
f 206 191 188
f 206 188 207
f 207 188 187
f 207 187 209
f 1471 1472 1473
f 1471 1473 1474
f 1474 1473 1475
f 1474 1475 1476
f 1476 1475 1477
f 1476 1477 1478
f 1479 1480 1481
f 1479 1481 1482
f 1482 1481 1483
f 1482 1483 1484
f 1484 1483 1485
f 1484 1485 1486
f 199 1487 1488
f 199 1488 200
f 200 1488 1489
f 200 1489 203
f 203 1489 1490
f 203 1490 205
f 193 1491 1492
f 193 1492 194
f 194 1492 1493
f 194 1493 195
f 195 1493 1494
f 195 1494 197
f 217 1495 1496
f 217 1496 218
f 218 1496 1497
f 218 1497 219
f 219 1497 1498
f 219 1498 221
f 1499 1500 1501
f 1499 1501 1502
f 1502 1501 1503
f 1502 1503 1504
f 1504 1503 1505
f 1504 1505 1506
f 1507 1508 1509
f 1507 1509 1510
f 1510 1509 1511
f 1510 1511 1512
f 1512 1511 1513
f 1512 1513 1514
f 1515 1516 1517
f 1515 1517 1518
f 1518 1517 1519
f 1518 1519 1520
f 1520 1519 1521
f 1520 1521 1522
f 1523 145 143
f 1523 143 1524
f 1524 143 140
f 1524 140 1525
f 1525 140 139
f 1525 139 1526
f 1527 151 154
f 1527 154 1528
f 1528 154 162
f 1528 162 1529
f 1529 162 161
f 1529 161 1530
f 1531 163 166
f 1531 166 1532
f 1532 166 174
f 1532 174 1533
f 1533 174 173
f 1533 173 1534
f 169 133 131
f 169 131 170
f 170 131 128
f 170 128 171
f 171 128 127
f 171 127 173
f 145 161 159
f 145 159 146
f 146 159 158
f 146 158 147
f 147 158 157
f 147 157 149
f 133 157 155
f 133 155 134
f 134 155 152
f 134 152 135
f 135 152 151
f 135 151 137
f 163 139 142
f 163 142 164
f 164 142 150
f 164 150 167
f 167 150 149
f 167 149 169
f 41 49 47
f 41 47 42
f 42 47 44
f 42 44 34
f 34 44 43
f 34 43 31
f 115 53 51
f 115 51 116
f 116 51 50
f 116 50 119
f 119 50 49
f 119 49 121
f 65 73 71
f 65 71 66
f 66 71 68
f 66 68 58
f 58 68 67
f 58 67 55
f 61 79 82
f 61 82 62
f 62 82 90
f 62 90 63
f 63 90 89
f 63 89 65
f 73 97 95
f 73 95 74
f 74 95 92
f 74 92 75
f 75 92 91
f 75 91 77
f 85 101 99
f 85 99 86
f 86 99 98
f 86 98 87
f 87 98 97
f 87 97 89
f 37 103 106
f 37 106 38
f 38 106 114
f 38 114 39
f 39 114 113
f 39 113 41
f 109 125 123
f 109 123 110
f 110 123 122
f 110 122 111
f 111 122 121
f 111 121 113
f 31 85 83
f 31 83 32
f 32 83 80
f 32 80 35
f 35 80 79
f 35 79 37
f 55 109 107
f 55 107 56
f 56 107 104
f 56 104 59
f 59 104 103
f 59 103 61
f 77 115 118
f 77 118 78
f 78 118 126
f 78 126 70
f 70 126 125
f 70 125 67
f 101 43 46
f 101 46 102
f 102 46 54
f 102 54 94
f 94 54 53
f 94 53 91
f 257 265 263
f 257 263 258
f 258 263 260
f 258 260 250
f 250 260 259
f 250 259 247
f 265 241 239
f 265 239 266
f 266 239 236
f 266 236 267
f 267 236 235
f 267 235 269
f 365 331 334
f 365 334 366
f 366 334 342
f 366 342 369
f 369 342 341
f 369 341 371
f 233 257 255
f 233 255 234
f 234 255 254
f 234 254 226
f 226 254 253
f 226 253 223
f 1464 245 243
f 1464 243 1465
f 1465 243 242
f 1465 242 1467
f 1467 242 241
f 1467 241 1469
f 1506 233 231
f 1506 231 1504
f 1504 231 230
f 1504 230 1502
f 1502 230 229
f 1502 229 1499
f 1535 1513 1511
f 1535 1511 1536
f 1536 1511 1509
f 1536 1509 1537
f 1537 1509 1508
f 1537 1508 1538
f 1478 1539 1540
f 1478 1540 1476
f 1476 1540 1541
f 1476 1541 1474
f 1474 1541 1542
f 1474 1542 1471
f 371 383 381
f 371 381 372
f 372 381 378
f 372 378 373
f 373 378 377
f 373 377 375
f 1516 275 274
f 1516 274 1517
f 1517 274 273
f 1517 273 1519
f 1519 273 272
f 1519 272 1521
f 1486 281 280
f 1486 280 1484
f 1484 280 279
f 1484 279 1482
f 1482 279 278
f 1482 278 1479
f 137 1543 1544
f 137 1544 138
f 138 1544 1545
f 138 1545 130
f 130 1545 1546
f 130 1546 127
f 283 295 298
f 283 298 284
f 284 298 306
f 284 306 287
f 287 306 305
f 287 305 289
f 317 325 323
f 317 323 318
f 318 323 320
f 318 320 310
f 310 320 319
f 310 319 307
f 325 305 303
f 325 303 326
f 326 303 302
f 326 302 327
f 327 302 301
f 327 301 329
f 313 293 291
f 313 291 314
f 314 291 290
f 314 290 315
f 315 290 289
f 315 289 317
f 1547 319 322
f 1547 322 1548
f 1548 322 330
f 1548 330 1549
f 1549 330 329
f 1549 329 1550
f 1551 1542 1541
f 1551 1541 1552
f 1552 1541 1540
f 1552 1540 1553
f 1553 1540 1539
f 1553 1539 1554
f 355 283 286
f 355 286 356
f 356 286 294
f 356 294 358
f 358 294 293
f 358 293 359
f 343 341 339
f 343 339 344
f 344 339 338
f 344 338 347
f 347 338 337
f 347 337 349
f 331 235 238
f 331 238 332
f 332 238 246
f 332 246 335
f 335 246 245
f 335 245 337
f 349 229 227
f 349 227 350
f 350 227 224
f 350 224 351
f 351 224 223
f 351 223 353
f 1538 1547 1548
f 1538 1548 1537
f 1537 1548 1549
f 1537 1549 1536
f 1536 1549 1550
f 1536 1550 1535
f 295 1551 1552
f 295 1552 296
f 296 1552 1553
f 296 1553 299
f 299 1553 1554
f 299 1554 301
f 307 364 363
f 307 363 308
f 308 363 361
f 308 361 311
f 311 361 360
f 311 360 313
f 383 343 346
f 383 346 384
f 384 346 354
f 384 354 385
f 385 354 353
f 385 353 387
f 269 365 368
f 269 368 270
f 270 368 376
f 270 376 262
f 262 376 375
f 262 375 259
f 247 377 380
f 247 380 248
f 248 380 388
f 248 388 251
f 251 388 387
f 251 387 253
f 1555 1546 1545
f 1555 1545 1556
f 1556 1545 1544
f 1556 1544 1557
f 1557 1544 1543
f 1557 1543 1558
f 175 1555 1556
f 175 1556 176
f 176 1556 1557
f 176 1557 179
f 179 1557 1558
f 179 1558 181
f 1470 1559 1560
f 1470 1560 1468
f 1468 1560 1561
f 1468 1561 1466
f 1466 1561 1562
f 1466 1562 1463
f 555 533 536
f 555 536 556
f 556 536 544
f 556 544 548
f 548 544 543
f 548 543 545
f 567 569 572
f 567 572 568
f 568 572 580
f 568 580 560
f 560 580 579
f 560 579 557
f 533 579 577
f 533 577 534
f 534 577 576
f 534 576 537
f 537 576 575
f 537 575 539
f 557 555 553
f 557 553 558
f 558 553 552
f 558 552 561
f 561 552 551
f 561 551 563
f 1563 1477 1475
f 1563 1475 1564
f 1564 1475 1473
f 1564 1473 1565
f 1565 1473 1472
f 1565 1472 1566
f 1567 1485 1483
f 1567 1483 1568
f 1568 1483 1481
f 1568 1481 1569
f 1569 1481 1480
f 1569 1480 1570
f 563 1490 1489
f 563 1489 564
f 564 1489 1488
f 564 1488 565
f 565 1488 1487
f 565 1487 567
f 545 1494 1493
f 545 1493 546
f 546 1493 1492
f 546 1492 549
f 549 1492 1491
f 549 1491 551
f 569 1498 1497
f 569 1497 570
f 570 1497 1496
f 570 1496 573
f 573 1496 1495
f 573 1495 575
f 1571 1572 1573
f 1571 1573 1574
f 1574 1573 1575
f 1574 1575 1576
f 1576 1575 1577
f 1576 1577 1578
f 1579 1580 1581
f 1579 1581 1582
f 1582 1581 1583
f 1582 1583 1584
f 1584 1583 1585
f 1584 1585 1586
f 1587 1588 1589
f 1587 1589 1590
f 1590 1589 1591
f 1590 1591 1592
f 1592 1591 1593
f 1592 1593 1594
f 1595 497 500
f 1595 500 1596
f 1596 500 508
f 1596 508 1597
f 1597 508 507
f 1597 507 1598
f 1599 515 513
f 1599 513 1600
f 1600 513 510
f 1600 510 1601
f 1601 510 509
f 1601 509 1602
f 1603 527 525
f 1603 525 1604
f 1604 525 522
f 1604 522 1605
f 1605 522 521
f 1605 521 1606
f 527 485 488
f 527 488 528
f 528 488 496
f 528 496 529
f 529 496 495
f 529 495 531
f 503 519 517
f 503 517 504
f 504 517 516
f 504 516 505
f 505 516 515
f 505 515 507
f 491 509 512
f 491 512 492
f 492 512 520
f 492 520 493
f 493 520 519
f 493 519 495
f 531 503 501
f 531 501 532
f 532 501 498
f 532 498 524
f 524 498 497
f 524 497 521
f 399 401 404
f 399 404 400
f 400 404 412
f 400 412 392
f 392 412 411
f 392 411 389
f 483 411 409
f 483 409 484
f 484 409 408
f 484 408 476
f 476 408 407
f 476 407 473
f 423 425 428
f 423 428 424
f 424 428 436
f 424 436 416
f 416 436 435
f 416 435 413
f 413 437 440
f 413 440 414
f 414 440 448
f 414 448 417
f 417 448 447
f 417 447 419
f 431 449 452
f 431 452 432
f 432 452 460
f 432 460 433
f 433 460 459
f 433 459 435
f 437 459 457
f 437 457 438
f 438 457 456
f 438 456 441
f 441 456 455
f 441 455 443
f 389 461 464
f 389 464 390
f 390 464 472
f 390 472 393
f 393 472 471
f 393 471 395
f 461 483 481
f 461 481 462
f 462 481 480
f 462 480 465
f 465 480 479
f 465 479 467
f 395 447 445
f 395 445 396
f 396 445 444
f 396 444 397
f 397 444 443
f 397 443 399
f 419 471 469
f 419 469 420
f 420 469 468
f 420 468 421
f 421 468 467
f 421 467 423
f 425 479 477
f 425 477 426
f 426 477 474
f 426 474 429
f 429 474 473
f 429 473 431
f 449 407 405
f 449 405 450
f 450 405 402
f 450 402 453
f 453 402 401
f 453 401 455
f 605 617 620
f 605 620 606
f 606 620 628
f 606 628 609
f 609 628 627
f 609 627 611
f 623 593 596
f 623 596 624
f 624 596 604
f 624 604 625
f 625 604 603
f 625 603 627
f 733 695 693
f 733 693 734
f 734 693 690
f 734 690 726
f 726 690 689
f 726 689 723
f 581 615 613
f 581 613 582
f 582 613 612
f 582 612 585
f 585 612 611
f 585 611 587
f 1559 603 601
f 1559 601 1560
f 1560 601 600
f 1560 600 1561
f 1561 600 599
f 1561 599 1562
f 1578 591 589
f 1578 589 1576
f 1576 589 588
f 1576 588 1574
f 1574 588 587
f 1574 587 1571
f 1607 1585 1583
f 1607 1583 1608
f 1608 1583 1581
f 1608 1581 1609
f 1609 1581 1580
f 1609 1580 1610
f 1566 1611 1612
f 1566 1612 1565
f 1565 1612 1613
f 1565 1613 1564
f 1564 1613 1614
f 1564 1614 1563
f 729 735 738
f 729 738 730
f 730 738 746
f 730 746 731
f 731 746 745
f 731 745 733
f 1588 633 632
f 1588 632 1589
f 1589 632 631
f 1589 631 1591
f 1591 631 630
f 1591 630 1593
f 1570 639 638
f 1570 638 1569
f 1569 638 637
f 1569 637 1568
f 1568 637 636
f 1568 636 1567
f 485 1615 1616
f 485 1616 486
f 486 1616 1617
f 486 1617 489
f 489 1617 1618
f 489 1618 491
f 651 659 657
f 651 657 652
f 652 657 654
f 652 654 644
f 644 654 653
f 644 653 641
f 665 677 680
f 665 680 666
f 666 680 688
f 666 688 669
f 669 688 687
f 669 687 671
f 683 663 661
f 683 661 684
f 684 661 660
f 684 660 685
f 685 660 659
f 685 659 687
f 671 651 649
f 671 649 672
f 672 649 648
f 672 648 673
f 673 648 647
f 673 647 675
f 1619 683 681
f 1619 681 1620
f 1620 681 678
f 1620 678 1621
f 1621 678 677
f 1621 677 1622
f 1623 1614 1613
f 1623 1613 1624
f 1624 1613 1612
f 1624 1612 1625
f 1625 1612 1611
f 1625 1611 1626
f 713 647 645
f 713 645 714
f 714 645 642
f 714 642 716
f 716 642 641
f 716 641 717
f 711 699 697
f 711 697 712
f 712 697 696
f 712 696 704
f 704 696 695
f 704 695 701
f 699 599 597
f 699 597 700
f 700 597 594
f 700 594 692
f 692 594 593
f 692 593 689
f 707 581 584
f 707 584 708
f 708 584 592
f 708 592 709
f 709 592 591
f 709 591 711
f 1610 1619 1620
f 1610 1620 1609
f 1609 1620 1621
f 1609 1621 1608
f 1608 1621 1622
f 1608 1622 1607
f 663 1623 1624
f 663 1624 664
f 664 1624 1625
f 664 1625 656
f 656 1625 1626
f 656 1626 653
f 675 722 721
f 675 721 676
f 676 721 719
f 676 719 668
f 668 719 718
f 668 718 665
f 741 707 705
f 741 705 742
f 742 705 702
f 742 702 743
f 743 702 701
f 743 701 745
f 617 729 727
f 617 727 618
f 618 727 724
f 618 724 621
f 621 724 723
f 621 723 623
f 615 741 739
f 615 739 616
f 616 739 736
f 616 736 608
f 608 736 735
f 608 735 605
f 1627 1618 1617
f 1627 1617 1628
f 1628 1617 1616
f 1628 1616 1629
f 1629 1616 1615
f 1629 1615 1630
f 539 1627 1628
f 539 1628 540
f 540 1628 1629
f 540 1629 541
f 541 1629 1630
f 541 1630 543
f 1631 1632 1633
f 1631 1633 1634
f 1634 1633 1635
f 1634 1635 1636
f 1636 1635 1637
f 1636 1637 1638
f 913 891 894
f 913 894 914
f 914 894 902
f 914 902 906
f 906 902 901
f 906 901 903
f 925 927 930
f 925 930 926
f 926 930 938
f 926 938 918
f 918 938 937
f 918 937 915
f 891 937 935
f 891 935 892
f 892 935 934
f 892 934 895
f 895 934 933
f 895 933 897
f 915 913 911
f 915 911 916
f 916 911 910
f 916 910 919
f 919 910 909
f 919 909 921
f 1639 1640 1641
f 1639 1641 1642
f 1642 1641 1643
f 1642 1643 1644
f 1644 1643 1645
f 1644 1645 1646
f 1647 1648 1649
f 1647 1649 1650
f 1650 1649 1651
f 1650 1651 1652
f 1652 1651 1653
f 1652 1653 1654
f 921 1655 1656
f 921 1656 922
f 922 1656 1657
f 922 1657 923
f 923 1657 1658
f 923 1658 925
f 903 1659 1660
f 903 1660 904
f 904 1660 1661
f 904 1661 907
f 907 1661 1662
f 907 1662 909
f 927 1663 1664
f 927 1664 928
f 928 1664 1665
f 928 1665 931
f 931 1665 1666
f 931 1666 933
f 1667 1505 1503
f 1667 1503 1668
f 1668 1503 1501
f 1668 1501 1669
f 1669 1501 1500
f 1669 1500 1670
f 1514 1671 1672
f 1514 1672 1512
f 1512 1672 1673
f 1512 1673 1510
f 1510 1673 1674
f 1510 1674 1507
f 1522 1675 1676
f 1522 1676 1520
f 1520 1676 1677
f 1520 1677 1518
f 1518 1677 1678
f 1518 1678 1515
f 1526 855 858
f 1526 858 1525
f 1525 858 866
f 1525 866 1524
f 1524 866 865
f 1524 865 1523
f 1530 873 871
f 1530 871 1529
f 1529 871 868
f 1529 868 1528
f 1528 868 867
f 1528 867 1527
f 1534 885 883
f 1534 883 1533
f 1533 883 880
f 1533 880 1532
f 1532 880 879
f 1532 879 1531
f 885 843 846
f 885 846 886
f 886 846 854
f 886 854 887
f 887 854 853
f 887 853 889
f 861 877 875
f 861 875 862
f 862 875 874
f 862 874 863
f 863 874 873
f 863 873 865
f 849 867 870
f 849 870 850
f 850 870 878
f 850 878 851
f 851 878 877
f 851 877 853
f 889 861 859
f 889 859 890
f 890 859 856
f 890 856 882
f 882 856 855
f 882 855 879
f 757 759 762
f 757 762 758
f 758 762 770
f 758 770 750
f 750 770 769
f 750 769 747
f 841 769 767
f 841 767 842
f 842 767 766
f 842 766 834
f 834 766 765
f 834 765 831
f 781 783 786
f 781 786 782
f 782 786 794
f 782 794 774
f 774 794 793
f 774 793 771
f 771 795 798
f 771 798 772
f 772 798 806
f 772 806 775
f 775 806 805
f 775 805 777
f 789 807 810
f 789 810 790
f 790 810 818
f 790 818 791
f 791 818 817
f 791 817 793
f 795 817 815
f 795 815 796
f 796 815 814
f 796 814 799
f 799 814 813
f 799 813 801
f 747 819 822
f 747 822 748
f 748 822 830
f 748 830 751
f 751 830 829
f 751 829 753
f 819 841 839
f 819 839 820
f 820 839 838
f 820 838 823
f 823 838 837
f 823 837 825
f 753 805 803
f 753 803 754
f 754 803 802
f 754 802 755
f 755 802 801
f 755 801 757
f 777 829 827
f 777 827 778
f 778 827 826
f 778 826 779
f 779 826 825
f 779 825 781
f 783 837 835
f 783 835 784
f 784 835 832
f 784 832 787
f 787 832 831
f 787 831 789
f 807 765 763
f 807 763 808
f 808 763 760
f 808 760 811
f 811 760 759
f 811 759 813
f 963 975 978
f 963 978 964
f 964 978 986
f 964 986 967
f 967 986 985
f 967 985 969
f 981 951 954
f 981 954 982
f 982 954 962
f 982 962 983
f 983 962 961
f 983 961 985
f 1091 1053 1051
f 1091 1051 1092
f 1092 1051 1048
f 1092 1048 1084
f 1084 1048 1047
f 1084 1047 1081
f 939 973 971
f 939 971 940
f 940 971 970
f 940 970 943
f 943 970 969
f 943 969 945
f 1632 961 959
f 1632 959 1633
f 1633 959 958
f 1633 958 1635
f 1635 958 957
f 1635 957 1637
f 1670 949 947
f 1670 947 1669
f 1669 947 946
f 1669 946 1668
f 1668 946 945
f 1668 945 1667
f 1679 1674 1673
f 1679 1673 1680
f 1680 1673 1672
f 1680 1672 1681
f 1681 1672 1671
f 1681 1671 1682
f 1646 1683 1684
f 1646 1684 1644
f 1644 1684 1685
f 1644 1685 1642
f 1642 1685 1686
f 1642 1686 1639
f 1087 1093 1096
f 1087 1096 1088
f 1088 1096 1104
f 1088 1104 1089
f 1089 1104 1103
f 1089 1103 1091
f 1675 991 990
f 1675 990 1676
f 1676 990 989
f 1676 989 1677
f 1677 989 988
f 1677 988 1678
f 1654 997 996
f 1654 996 1652
f 1652 996 995
f 1652 995 1650
f 1650 995 994
f 1650 994 1647
f 843 1687 1688
f 843 1688 844
f 844 1688 1689
f 844 1689 847
f 847 1689 1690
f 847 1690 849
f 1009 1017 1015
f 1009 1015 1010
f 1010 1015 1012
f 1010 1012 1002
f 1002 1012 1011
f 1002 1011 999
f 1023 1035 1038
f 1023 1038 1024
f 1024 1038 1046
f 1024 1046 1027
f 1027 1046 1045
f 1027 1045 1029
f 1041 1021 1019
f 1041 1019 1042
f 1042 1019 1018
f 1042 1018 1043
f 1043 1018 1017
f 1043 1017 1045
f 1029 1009 1007
f 1029 1007 1030
f 1030 1007 1006
f 1030 1006 1031
f 1031 1006 1005
f 1031 1005 1033
f 1691 1041 1039
f 1691 1039 1692
f 1692 1039 1036
f 1692 1036 1693
f 1693 1036 1035
f 1693 1035 1694
f 1695 1686 1685
f 1695 1685 1696
f 1696 1685 1684
f 1696 1684 1697
f 1697 1684 1683
f 1697 1683 1698
f 1071 1005 1003
f 1071 1003 1072
f 1072 1003 1000
f 1072 1000 1074
f 1074 1000 999
f 1074 999 1075
f 1069 1057 1055
f 1069 1055 1070
f 1070 1055 1054
f 1070 1054 1062
f 1062 1054 1053
f 1062 1053 1059
f 1057 957 955
f 1057 955 1058
f 1058 955 952
f 1058 952 1050
f 1050 952 951
f 1050 951 1047
f 1065 939 942
f 1065 942 1066
f 1066 942 950
f 1066 950 1067
f 1067 950 949
f 1067 949 1069
f 1682 1691 1692
f 1682 1692 1681
f 1681 1692 1693
f 1681 1693 1680
f 1680 1693 1694
f 1680 1694 1679
f 1021 1695 1696
f 1021 1696 1022
f 1022 1696 1697
f 1022 1697 1014
f 1014 1697 1698
f 1014 1698 1011
f 1033 1080 1079
f 1033 1079 1034
f 1034 1079 1077
f 1034 1077 1026
f 1026 1077 1076
f 1026 1076 1023
f 1099 1065 1063
f 1099 1063 1100
f 1100 1063 1060
f 1100 1060 1101
f 1101 1060 1059
f 1101 1059 1103
f 975 1087 1085
f 975 1085 976
f 976 1085 1082
f 976 1082 979
f 979 1082 1081
f 979 1081 981
f 973 1099 1097
f 973 1097 974
f 974 1097 1094
f 974 1094 966
f 966 1094 1093
f 966 1093 963
f 1699 1690 1689
f 1699 1689 1700
f 1700 1689 1688
f 1700 1688 1701
f 1701 1688 1687
f 1701 1687 1702
f 897 1699 1700
f 897 1700 898
f 898 1700 1701
f 898 1701 899
f 899 1701 1702
f 899 1702 901
f 1638 1703 1704
f 1638 1704 1636
f 1636 1704 1705
f 1636 1705 1634
f 1634 1705 1706
f 1634 1706 1631
f 1271 1249 1252
f 1271 1252 1272
f 1272 1252 1260
f 1272 1260 1264
f 1264 1260 1259
f 1264 1259 1261
f 1283 1285 1288
f 1283 1288 1284
f 1284 1288 1296
f 1284 1296 1276
f 1276 1296 1295
f 1276 1295 1273
f 1255 1291 1289
f 1255 1289 1256
f 1256 1289 1286
f 1256 1286 1257
f 1257 1286 1285
f 1257 1285 1259
f 1279 1267 1265
f 1279 1265 1280
f 1280 1265 1262
f 1280 1262 1281
f 1281 1262 1261
f 1281 1261 1283
f 1707 1645 1643
f 1707 1643 1708
f 1708 1643 1641
f 1708 1641 1709
f 1709 1641 1640
f 1709 1640 1710
f 1711 1653 1651
f 1711 1651 1712
f 1712 1651 1649
f 1712 1649 1713
f 1713 1649 1648
f 1713 1648 1714
f 1273 1658 1657
f 1273 1657 1274
f 1274 1657 1656
f 1274 1656 1277
f 1277 1656 1655
f 1277 1655 1279
f 1267 1662 1661
f 1267 1661 1268
f 1268 1661 1660
f 1268 1660 1269
f 1269 1660 1659
f 1269 1659 1271
f 1291 1666 1665
f 1291 1665 1292
f 1292 1665 1664
f 1292 1664 1293
f 1293 1664 1663
f 1293 1663 1295
f 1715 1577 1575
f 1715 1575 1716
f 1716 1575 1573
f 1716 1573 1717
f 1717 1573 1572
f 1717 1572 1718
f 1586 1719 1720
f 1586 1720 1584
f 1584 1720 1721
f 1584 1721 1582
f 1582 1721 1722
f 1582 1722 1579
f 1594 1723 1724
f 1594 1724 1592
f 1592 1724 1725
f 1592 1725 1590
f 1590 1725 1726
f 1590 1726 1587
f 1598 1219 1217
f 1598 1217 1597
f 1597 1217 1214
f 1597 1214 1596
f 1596 1214 1213
f 1596 1213 1595
f 1602 1225 1228
f 1602 1228 1601
f 1601 1228 1236
f 1601 1236 1600
f 1600 1236 1235
f 1600 1235 1599
f 1606 1237 1240
f 1606 1240 1605
f 1605 1240 1248
f 1605 1248 1604
f 1604 1248 1247
f 1604 1247 1603
f 1243 1207 1205
f 1243 1205 1244
f 1244 1205 1202
f 1244 1202 1245
f 1245 1202 1201
f 1245 1201 1247
f 1219 1235 1233
f 1219 1233 1220
f 1220 1233 1232
f 1220 1232 1221
f 1221 1232 1231
f 1221 1231 1223
f 1207 1231 1229
f 1207 1229 1208
f 1208 1229 1226
f 1208 1226 1209
f 1209 1226 1225
f 1209 1225 1211
f 1237 1213 1216
f 1237 1216 1238
f 1238 1216 1224
f 1238 1224 1241
f 1241 1224 1223
f 1241 1223 1243
f 1115 1123 1121
f 1115 1121 1116
f 1116 1121 1118
f 1116 1118 1108
f 1108 1118 1117
f 1108 1117 1105
f 1189 1127 1125
f 1189 1125 1190
f 1190 1125 1124
f 1190 1124 1193
f 1193 1124 1123
f 1193 1123 1195
f 1139 1147 1145
f 1139 1145 1140
f 1140 1145 1142
f 1140 1142 1132
f 1132 1142 1141
f 1132 1141 1129
f 1135 1153 1156
f 1135 1156 1136
f 1136 1156 1164
f 1136 1164 1137
f 1137 1164 1163
f 1137 1163 1139
f 1147 1171 1169
f 1147 1169 1148
f 1148 1169 1166
f 1148 1166 1149
f 1149 1166 1165
f 1149 1165 1151
f 1159 1175 1173
f 1159 1173 1160
f 1160 1173 1172
f 1160 1172 1161
f 1161 1172 1171
f 1161 1171 1163
f 1111 1177 1180
f 1111 1180 1112
f 1112 1180 1188
f 1112 1188 1113
f 1113 1188 1187
f 1113 1187 1115
f 1183 1199 1197
f 1183 1197 1184
f 1184 1197 1196
f 1184 1196 1185
f 1185 1196 1195
f 1185 1195 1187
f 1105 1159 1157
f 1105 1157 1106
f 1106 1157 1154
f 1106 1154 1109
f 1109 1154 1153
f 1109 1153 1111
f 1129 1183 1181
f 1129 1181 1130
f 1130 1181 1178
f 1130 1178 1133
f 1133 1178 1177
f 1133 1177 1135
f 1151 1189 1192
f 1151 1192 1152
f 1152 1192 1200
f 1152 1200 1144
f 1144 1200 1199
f 1144 1199 1141
f 1175 1117 1120
f 1175 1120 1176
f 1176 1120 1128
f 1176 1128 1168
f 1168 1128 1127
f 1168 1127 1165
f 1331 1339 1337
f 1331 1337 1332
f 1332 1337 1334
f 1332 1334 1324
f 1324 1334 1333
f 1324 1333 1321
f 1339 1315 1313
f 1339 1313 1340
f 1340 1313 1310
f 1340 1310 1341
f 1341 1310 1309
f 1341 1309 1343
f 1439 1405 1408
f 1439 1408 1440
f 1440 1408 1416
f 1440 1416 1443
f 1443 1416 1415
f 1443 1415 1445
f 1307 1331 1329
f 1307 1329 1308
f 1308 1329 1328
f 1308 1328 1300
f 1300 1328 1327
f 1300 1327 1297
f 1703 1319 1317
f 1703 1317 1704
f 1704 1317 1316
f 1704 1316 1705
f 1705 1316 1315
f 1705 1315 1706
f 1718 1307 1305
f 1718 1305 1717
f 1717 1305 1304
f 1717 1304 1716
f 1716 1304 1303
f 1716 1303 1715
f 1727 1722 1721
f 1727 1721 1728
f 1728 1721 1720
f 1728 1720 1729
f 1729 1720 1719
f 1729 1719 1730
f 1710 1731 1732
f 1710 1732 1709
f 1709 1732 1733
f 1709 1733 1708
f 1708 1733 1734
f 1708 1734 1707
f 1445 1457 1455
f 1445 1455 1446
f 1446 1455 1452
f 1446 1452 1447
f 1447 1452 1451
f 1447 1451 1449
f 1723 1349 1348
f 1723 1348 1724
f 1724 1348 1347
f 1724 1347 1725
f 1725 1347 1346
f 1725 1346 1726
f 1714 1355 1354
f 1714 1354 1713
f 1713 1354 1353
f 1713 1353 1712
f 1712 1353 1352
f 1712 1352 1711
f 1211 1735 1736
f 1211 1736 1212
f 1212 1736 1737
f 1212 1737 1204
f 1204 1737 1738
f 1204 1738 1201
f 1357 1369 1372
f 1357 1372 1358
f 1358 1372 1380
f 1358 1380 1361
f 1361 1380 1379
f 1361 1379 1363
f 1391 1399 1397
f 1391 1397 1392
f 1392 1397 1394
f 1392 1394 1384
f 1384 1394 1393
f 1384 1393 1381
f 1399 1379 1377
f 1399 1377 1400
f 1400 1377 1376
f 1400 1376 1401
f 1401 1376 1375
f 1401 1375 1403
f 1387 1367 1365
f 1387 1365 1388
f 1388 1365 1364
f 1388 1364 1389
f 1389 1364 1363
f 1389 1363 1391
f 1739 1393 1396
f 1739 1396 1740
f 1740 1396 1404
f 1740 1404 1741
f 1741 1404 1403
f 1741 1403 1742
f 1743 1734 1733
f 1743 1733 1744
f 1744 1733 1732
f 1744 1732 1745
f 1745 1732 1731
f 1745 1731 1746
f 1429 1357 1360
f 1429 1360 1430
f 1430 1360 1368
f 1430 1368 1432
f 1432 1368 1367
f 1432 1367 1433
f 1417 1415 1413
f 1417 1413 1418
f 1418 1413 1412
f 1418 1412 1421
f 1421 1412 1411
f 1421 1411 1423
f 1405 1309 1312
f 1405 1312 1406
f 1406 1312 1320
f 1406 1320 1409
f 1409 1320 1319
f 1409 1319 1411
f 1423 1303 1301
f 1423 1301 1424
f 1424 1301 1298
f 1424 1298 1425
f 1425 1298 1297
f 1425 1297 1427
f 1730 1739 1740
f 1730 1740 1729
f 1729 1740 1741
f 1729 1741 1728
f 1728 1741 1742
f 1728 1742 1727
f 1369 1743 1744
f 1369 1744 1370
f 1370 1744 1745
f 1370 1745 1373
f 1373 1745 1746
f 1373 1746 1375
f 1381 1438 1437
f 1381 1437 1382
f 1382 1437 1435
f 1382 1435 1385
f 1385 1435 1434
f 1385 1434 1387
f 1457 1417 1420
f 1457 1420 1458
f 1458 1420 1428
f 1458 1428 1459
f 1459 1428 1427
f 1459 1427 1461
f 1343 1439 1442
f 1343 1442 1344
f 1344 1442 1450
f 1344 1450 1336
f 1336 1450 1449
f 1336 1449 1333
f 1321 1451 1454
f 1321 1454 1322
f 1322 1454 1462
f 1322 1462 1325
f 1325 1462 1461
f 1325 1461 1327
f 1747 1738 1737
f 1747 1737 1748
f 1748 1737 1736
f 1748 1736 1749
f 1749 1736 1735
f 1749 1735 1750
f 1249 1747 1748
f 1249 1748 1250
f 1250 1748 1749
f 1250 1749 1253
f 1253 1749 1750
f 1253 1750 1255
f 49 41 1555
f 49 1555 175
f 101 85 31
f 101 31 43
f 41 113 1751
f 41 1751 1555
f 79 61 103
f 79 103 37
f 1469 221 1498
f 1469 1498 1470
f 241 265 221
f 241 221 1469
f 10 9 1464
f 10 1464 1463
f 9 337 245
f 9 245 1464
f 1486 1485 1472
f 1486 1472 1471
f 1752 1539 1478
f 1752 1478 199
f 199 1478 1477
f 199 1477 1487
f 1542 281 1486
f 1542 1486 1471
f 1479 278 1751
f 1479 1751 197
f 1480 1479 197
f 1480 197 1494
f 77 91 53
f 77 53 115
f 121 49 175
f 121 175 197
f 73 65 1752
f 73 1752 199
f 55 67 125
f 55 125 109
f 65 89 265
f 65 265 1752
f 97 73 199
f 97 199 221
f 89 97 221
f 89 221 265
f 113 121 197
f 113 197 1751
f 1567 1566 1472
f 1567 1472 1485
f 567 1487 1477
f 567 1477 1563
f 1480 1494 545
f 1480 545 1570
f 205 1490 1491
f 205 1491 193
f 563 551 1491
f 563 1491 1490
f 1559 1470 1498
f 1559 1498 569
f 10 1463 1562
f 10 1562 17
f 1495 217 181
f 1495 181 1753
f 1495 1753 539
f 1495 539 575
f 11 1500 1499
f 11 1499 12
f 1505 1530 161
f 1505 161 1506
f 11 26 1670
f 11 1670 1500
f 1505 1667 873
f 1505 873 1530
f 1522 1507 1674
f 1522 1674 1675
f 1522 1521 1508
f 1522 1508 1507
f 1523 865 1671
f 1523 1671 1514
f 1523 1514 1513
f 1523 1513 145
f 1678 885 1534
f 1678 1534 1515
f 1516 1515 1534
f 1516 1534 173
f 163 1531 1526
f 163 1526 139
f 879 855 1526
f 879 1526 1531
f 1754 137 151
f 1754 151 1527
f 1754 1527 867
f 1754 867 849
f 145 1513 1535
f 145 1535 1755
f 1521 272 1538
f 1521 1538 1508
f 275 1516 173
f 275 173 1756
f 1754 1 4
f 1754 4 137
f 133 169 149
f 133 149 157
f 1543 137 4
f 4 181 1558
f 4 1558 1543
f 1756 173 127
f 1756 127 1546
f 161 145 1755
f 161 1755 257
f 1506 161 257
f 1506 257 233
f 229 349 12
f 229 12 1499
f 4 3 1753
f 4 1753 181
f 211 209 187
f 211 187 185
f 223 253 387
f 223 387 353
f 235 331 365
f 235 365 269
f 357 282 281
f 281 1542 1551
f 1551 355 357
f 281 1551 357
f 1539 1535 1550
f 1539 1550 1554
f 1539 1752 1755
f 1539 1755 1535
f 1547 1538 272
f 272 271 362
f 362 364 1547
f 272 362 1547
f 247 259 375
f 247 375 377
f 1752 265 257
f 1752 257 1755
f 362 271 276
f 276 277 282
f 282 357 359
f 359 360 362
f 362 276 282
f 282 359 362
f 1756 1751 278
f 278 277 276
f 276 275 1756
f 278 276 1756
f 355 1551 295
f 355 295 283
f 317 289 305
f 317 305 325
f 360 359 293
f 360 293 313
f 1554 1550 329
f 1554 329 301
f 1547 364 307
f 1547 307 319
f 383 371 341
f 383 341 343
f 9 7 12
f 12 349 337
f 12 337 9
f 1555 1751 1756
f 1555 1756 1546
f 411 543 1630
f 411 1630 389
f 447 395 471
f 447 471 419
f 455 401 399
f 455 399 443
f 389 1630 1757
f 389 1757 461
f 603 1559 569
f 603 569 627
f 17 1562 599
f 17 599 699
f 1758 567 1563
f 1758 1563 1614
f 1611 1566 1567
f 1611 1567 636
f 1570 545 1757
f 1570 1757 639
f 431 473 407
f 431 407 449
f 483 545 543
f 483 543 411
f 435 567 1758
f 435 1758 413
f 423 467 479
f 423 479 425
f 413 1758 627
f 413 627 437
f 459 569 567
f 459 567 435
f 437 627 569
f 437 569 459
f 461 1757 545
f 461 545 483
f 19 18 1578
f 19 1578 1577
f 19 1577 1715
f 19 1715 30
f 1572 1571 515
f 1572 515 1599
f 1572 1599 1235
f 1572 1235 1718
f 1587 1726 1719
f 1587 1719 1586
f 1598 507 1580
f 1598 1580 1579
f 1587 1586 1585
f 1587 1585 1588
f 1598 1579 1722
f 1598 1722 1219
f 1723 1594 1603
f 1723 1603 1247
f 1593 527 1603
f 1593 1603 1594
f 521 497 1595
f 521 1595 1606
f 1237 1606 1595
f 1237 1595 1213
f 1759 1602 509
f 1759 509 491
f 1759 1211 1225
f 1759 1225 1602
f 507 1760 1610
f 507 1610 1580
f 1588 1585 1607
f 1588 1607 633
f 630 1761 527
f 630 527 1593
f 1759 491 14
f 1759 14 13
f 495 519 503
f 495 503 531
f 14 491 1618
f 1618 1627 539
f 1618 539 14
f 1761 1615 485
f 1761 485 527
f 515 611 1760
f 515 1760 507
f 1571 587 611
f 1571 611 515
f 591 1578 18
f 591 18 711
f 579 533 555
f 579 555 557
f 14 539 1753
f 14 1753 3
f 581 707 741
f 581 741 615
f 593 623 723
f 593 723 689
f 1611 636 635
f 635 715 717
f 717 1626 1611
f 635 717 1611
f 1614 1610 1760
f 1614 1760 1758
f 1614 1623 1619
f 1614 1619 1610
f 633 1607 1622
f 1622 718 720
f 720 634 633
f 1622 720 633
f 605 735 729
f 605 729 617
f 1758 1760 611
f 1758 611 627
f 639 1757 1761
f 1761 630 629
f 629 640 639
f 1761 629 639
f 640 629 634
f 634 720 722
f 722 713 715
f 715 635 640
f 640 634 722
f 722 715 640
f 717 641 653
f 717 653 1626
f 671 687 659
f 671 659 651
f 722 675 647
f 722 647 713
f 1623 663 683
f 1623 683 1619
f 1622 677 665
f 1622 665 718
f 745 701 695
f 745 695 733
f 18 15 17
f 17 699 711
f 17 711 18
f 1630 1615 1761
f 1630 1761 1757
f 769 901 1702
f 769 1702 747
f 805 753 829
f 805 829 777
f 813 759 757
f 813 757 801
f 747 1702 1762
f 747 1762 819
f 1632 1631 1663
f 1632 1663 927
f 24 1638 1637
f 24 1637 25
f 961 1632 927
f 961 927 985
f 25 1637 957
f 25 957 1057
f 1647 1646 1645
f 1647 1645 1648
f 1763 925 1639
f 1763 1639 1686
f 1683 1646 1647
f 1683 1647 994
f 925 1658 1640
f 925 1640 1639
f 1654 903 1762
f 1654 1762 997
f 1653 1659 903
f 1653 903 1654
f 789 831 765
f 789 765 807
f 841 903 901
f 841 901 769
f 793 925 1763
f 793 1763 771
f 781 825 837
f 781 837 783
f 771 1763 985
f 771 985 795
f 817 927 925
f 817 925 793
f 795 985 927
f 795 927 817
f 819 1762 903
f 819 903 841
f 1714 1648 1645
f 1714 1645 1707
f 1273 1710 1640
f 1273 1640 1658
f 1653 1711 1271
f 1653 1271 1659
f 921 909 1662
f 921 1662 1655
f 1279 1655 1662
f 1279 1662 1267
f 24 29 1703
f 24 1703 1638
f 1706 1295 1663
f 1706 1663 1631
f 1666 1764 897
f 1666 897 933
f 1666 1291 1255
f 1666 1255 1764
f 865 1765 1682
f 865 1682 1671
f 1675 1674 1679
f 1675 1679 991
f 988 1766 885
f 988 885 1678
f 1754 849 20
f 1754 20 1
f 853 877 861
f 853 861 889
f 20 849 1690
f 1690 1699 897
f 1690 897 20
f 1766 1687 843
f 1766 843 885
f 873 969 1765
f 873 1765 865
f 1667 945 969
f 1667 969 873
f 949 1670 26
f 949 26 1069
f 937 891 913
f 937 913 915
f 20 897 1764
f 20 1764 21
f 939 1065 1099
f 939 1099 973
f 951 981 1081
f 951 1081 1047
f 1683 994 993
f 993 1073 1075
f 1075 1698 1683
f 993 1075 1683
f 1686 1682 1765
f 1686 1765 1763
f 1686 1695 1691
f 1686 1691 1682
f 991 1679 1694
f 1694 1076 1078
f 1078 992 991
f 1694 1078 991
f 963 1093 1087
f 963 1087 975
f 1763 1765 969
f 1763 969 985
f 997 1762 1766
f 1766 988 987
f 987 998 997
f 1766 987 997
f 998 987 992
f 992 1078 1080
f 1080 1071 1073
f 1073 993 998
f 998 992 1080
f 1080 1073 998
f 1075 999 1011
f 1075 1011 1698
f 1029 1045 1017
f 1029 1017 1009
f 1080 1033 1005
f 1080 1005 1071
f 1695 1021 1041
f 1695 1041 1691
f 1694 1035 1023
f 1694 1023 1076
f 1103 1059 1053
f 1103 1053 1091
f 26 23 25
f 25 1057 1069
f 25 1069 26
f 1702 1687 1766
f 1702 1766 1762
f 1123 1115 1747
f 1123 1747 1249
f 1175 1159 1105
f 1175 1105 1117
f 1115 1187 1767
f 1115 1767 1747
f 1153 1135 1177
f 1153 1177 1111
f 1315 1339 1295
f 1315 1295 1706
f 29 1411 1319
f 29 1319 1703
f 1768 1731 1710
f 1768 1710 1273
f 1734 1355 1714
f 1734 1714 1707
f 1711 1352 1767
f 1711 1767 1271
f 1151 1165 1127
f 1151 1127 1189
f 1195 1123 1249
f 1195 1249 1271
f 1147 1139 1768
f 1147 1768 1273
f 1129 1141 1199
f 1129 1199 1183
f 1139 1163 1339
f 1139 1339 1768
f 1171 1147 1273
f 1171 1273 1295
f 1163 1171 1295
f 1163 1295 1339
f 1187 1195 1271
f 1187 1271 1767
f 1219 1722 1727
f 1219 1727 1769
f 1726 1346 1730
f 1726 1730 1719
f 1349 1723 1247
f 1349 1247 1770
f 1759 13 27
f 1759 27 1211
f 1207 1243 1223
f 1207 1223 1231
f 1735 1211 27
f 27 1255 1750
f 27 1750 1735
f 1770 1247 1201
f 1770 1201 1738
f 1235 1219 1769
f 1235 1769 1331
f 1718 1235 1331
f 1718 1331 1307
f 1303 1423 30
f 1303 30 1715
f 27 21 1764
f 27 1764 1255
f 1285 1283 1261
f 1285 1261 1259
f 1297 1327 1461
f 1297 1461 1427
f 1309 1405 1439
f 1309 1439 1343
f 1431 1356 1355
f 1355 1734 1743
f 1743 1429 1431
f 1355 1743 1431
f 1731 1727 1742
f 1731 1742 1746
f 1731 1768 1769
f 1731 1769 1727
f 1739 1730 1346
f 1346 1345 1436
f 1436 1438 1739
f 1346 1436 1739
f 1321 1333 1449
f 1321 1449 1451
f 1768 1339 1331
f 1768 1331 1769
f 1436 1345 1350
f 1350 1351 1356
f 1356 1431 1433
f 1433 1434 1436
f 1436 1350 1356
f 1356 1433 1436
f 1770 1767 1352
f 1352 1351 1350
f 1350 1349 1770
f 1352 1350 1770
f 1429 1743 1369
f 1429 1369 1357
f 1391 1363 1379
f 1391 1379 1399
f 1434 1433 1367
f 1434 1367 1387
f 1746 1742 1403
f 1746 1403 1375
f 1739 1438 1381
f 1739 1381 1393
f 1457 1445 1415
f 1457 1415 1417
f 29 28 30
f 30 1423 1411
f 30 1411 29
f 1747 1767 1770
f 1747 1770 1738
