# Converted from a binary STL for the private Down Range Unity tactical resolver.
# Source: MOUT Small Upper Floor.stl
o MOUT Small Upper Floor
v 2.380002 1.000000 4.520000
v 2.389816 1.002968 4.520000
v 2.397342 1.000151 4.510525
v 2.393990 0.997124 4.510223
v 2.397032 1.010183 4.520000
v 2.400415 1.003848 4.510572
v 2.400000 1.020000 4.520000
v 2.403406 1.008582 4.510278
v 2.411934 0.994177 4.502974
v 2.404602 0.997228 4.505173
v 2.423459 0.980452 4.500000
v 2.409834 0.989994 4.502933
v 0.420000 1.000000 4.520000
v 0.408531 0.997101 4.510220
v 0.404060 0.999939 4.510523
v 0.410184 1.002968 4.520000
v 0.395509 0.989926 4.502938
v 0.398059 0.996108 4.505125
v 0.384244 0.980304 4.500000
v 0.391878 0.991202 4.502884
v 0.397650 1.005680 4.510159
v 0.400536 1.002765 4.510472
v 0.400000 1.020000 4.520000
v 0.402968 1.010183 4.520000
v 2.380002 3.000000 4.980000
v 2.389816 2.997033 4.980000
v 2.399591 2.998990 4.989558
v 2.399121 3.001992 4.989875
v 2.397032 2.989816 4.980000
v 2.401320 2.994641 4.989367
v 2.400000 2.980000 4.980000
v 2.404163 2.988364 4.989650
v 2.414734 3.000463 4.996982
v 2.407753 3.000190 4.994852
v 2.429153 3.013251 5.000000
v 2.417078 3.006872 4.997158
v 0.420000 3.000000 4.980000
v 0.408104 3.002075 4.989880
v 0.404192 2.999440 4.989562
v 0.410184 2.997032 4.980000
v 0.396793 3.007137 4.997145
v 0.398958 3.002486 4.994969
v 0.388969 3.013787 5.000000
v 0.394249 3.006385 4.997196
v 0.398325 2.994048 4.989921
v 0.400999 2.996774 4.989597
v 0.400000 2.980000 4.980000
v 0.402968 2.989816 4.980000
v 2.400000 1.020000 4.980000
v 2.397032 1.010183 4.980000
v 2.401320 1.005360 4.989367
v 2.404163 1.011636 4.989650
v 2.389816 1.002968 4.980000
v 2.399591 1.001011 4.989558
v 2.380002 1.000000 4.980000
v 2.399121 0.998007 4.989875
v 2.417078 0.993128 4.997157
v 2.407753 0.999810 4.994852
v 2.429153 0.986749 5.000000
v 2.414734 0.999537 4.996982
v 0.400000 1.020000 4.980000
v 0.398325 1.005953 4.989921
v 0.400999 1.003226 4.989596
v 0.402968 1.010183 4.980000
v 0.394249 0.993615 4.997197
v 0.398958 0.997514 4.994969
v 0.388969 0.986213 5.000000
v 0.396793 0.992863 4.997145
v 0.408104 0.997925 4.989880
v 0.404192 1.000560 4.989562
v 0.420000 1.000000 4.980000
v 0.410184 1.002968 4.980000
v 2.400000 2.980000 4.520000
v 2.397032 2.989816 4.520000
v 2.400415 2.996153 4.510572
v 2.403406 2.991418 4.510278
v 2.389816 2.997033 4.520000
v 2.397342 2.999849 4.510525
v 2.380002 3.000000 4.520000
v 2.393990 3.002876 4.510223
v 2.409834 3.010006 4.502933
v 2.404602 3.002772 4.505173
v 2.423459 3.019548 4.500000
v 2.411934 3.005823 4.502974
v 0.400000 2.980000 4.520000
v 0.397650 2.994319 4.510159
v 0.400536 2.997235 4.510472
v 0.402968 2.989816 4.520000
v 0.391878 3.008798 4.502884
v 0.398059 3.003892 4.505125
v 0.384244 3.019696 4.500000
v 0.395509 3.010074 4.502938
v 0.408531 3.002899 4.510219
v 0.404060 3.000061 4.510522
v 0.420000 3.000000 4.520000
v 0.410184 2.997032 4.520000
v 3.520001 1.020000 1.000000
v 3.510281 1.010885 0.996517
v 3.510574 1.005159 0.999277
v 3.520001 1.010183 1.002968
v 3.502983 0.999245 0.987807
v 3.505115 0.999811 0.993876
v 3.500000 0.988000 0.976000
v 3.502821 0.993758 0.986152
v 3.510101 0.998186 1.002228
v 3.510423 1.001090 1.001222
v 3.520001 1.000000 1.020000
v 3.520001 1.002967 1.010184
v 3.979999 2.959025 1.000000
v 3.989793 2.968516 0.997155
v 3.989546 2.973636 0.999803
v 3.980156 2.968843 1.002967
v 3.997064 2.979136 0.990143
v 3.994948 2.978436 0.995225
v 4.000000 2.988227 0.980729
v 3.997224 2.983554 0.988718
v 3.989946 2.980142 1.003071
v 3.989670 2.977380 1.001822
v 3.980019 2.979043 1.020000
v 3.980162 2.976067 1.010184
v 3.979999 1.020000 1.000000
v 3.979999 1.010183 1.002968
v 3.989488 1.005114 0.999800
v 3.989793 1.010369 0.997154
v 3.979999 1.002967 1.010184
v 3.989609 1.001305 1.001809
v 3.979999 1.000000 1.020000
v 3.989937 0.998531 1.003035
v 3.997223 0.994955 0.988676
v 3.994936 1.000154 0.995209
v 4.000000 0.990360 0.980721
v 3.997064 0.999589 0.990138
v 3.520001 2.979108 1.000000
v 3.520143 2.988928 1.002967
v 3.510626 2.994306 0.999286
v 3.510281 2.988476 0.996517
v 3.520135 2.996151 1.010184
v 3.510475 2.998435 1.001275
v 3.519981 2.999128 1.020000
v 3.510098 3.001371 1.002370
v 3.502823 3.006115 0.986294
v 3.505125 2.999895 0.993927
v 3.500000 3.012000 0.976000
v 3.502982 3.000442 0.987805
v 3.985857 0.020000 4.485858
v 3.981577 0.010217 4.477411
v 3.990912 0.010550 4.484278
v 3.993027 0.020000 4.489845
v 3.979446 0.002945 4.464999
v 3.989651 0.005165 4.475013
v 3.979999 0.000000 4.451716
v 3.989784 0.002945 4.460716
v 3.997055 0.010217 4.470999
v 3.995309 0.010550 4.482456
v 4.000000 0.020000 4.480000
v 3.997749 0.020000 4.487888
v 3.485858 0.020000 4.985858
v 3.489844 0.020000 4.993027
v 3.484277 0.010550 4.990910
v 3.477409 0.010216 4.981576
v 3.487888 0.020000 4.997749
v 3.482454 0.010550 4.995309
v 3.479999 0.020000 5.000000
v 3.470999 0.010217 4.997054
v 3.460716 0.002945 4.989783
v 3.475014 0.005165 4.989650
v 3.451715 0.000000 4.980000
v 3.464998 0.002945 4.979446
v 3.485857 4.020000 4.985858
v 3.477409 4.010217 4.981577
v 3.488525 4.002878 4.989826
v 3.494897 4.006007 4.991750
v 3.464998 4.002946 4.979447
v 3.480725 3.999932 4.988790
v 3.451715 4.000000 4.980000
v 3.470529 3.997084 4.988708
v 3.493303 3.989796 4.993439
v 3.493652 3.996162 4.993419
v 3.514143 3.980000 4.992929
v 3.505232 3.991399 4.994314
v 3.985857 4.020000 4.485858
v 3.991751 4.006007 4.494898
v 3.989825 4.002878 4.488525
v 3.981577 4.010217 4.477411
v 3.994315 3.991398 4.505233
v 3.993417 3.996162 4.493653
v 3.992929 3.980000 4.514142
v 3.993439 3.989796 4.493303
v 3.988708 3.997084 4.470528
v 3.988791 3.999932 4.480723
v 3.979999 4.000000 4.451716
v 3.979446 4.002946 4.464998
v 3.979999 2.959025 3.000000
v 3.980156 2.968843 2.997033
v 3.989447 2.972874 3.001272
v 3.989673 2.966523 3.003958
v 3.980162 2.976067 2.989816
v 3.989671 2.977190 3.000103
v 3.980019 2.979043 2.980000
v 3.989948 2.980071 3.000753
v 3.997232 2.983314 3.018145
v 3.994910 2.977555 3.007998
v 4.000000 2.987757 3.027557
v 3.996988 2.976966 3.013941
v 3.979999 1.020000 3.000000
v 3.989673 1.012384 3.003956
v 3.989388 1.005884 3.001272
v 3.979999 1.010183 2.997033
v 3.996988 1.001775 3.013939
v 3.994897 1.001041 3.008006
v 4.000000 0.990816 3.027551
v 3.997229 0.995188 3.018168
v 3.989938 0.998600 3.000777
v 3.989610 1.001495 3.000110
v 3.979999 1.000000 2.980000
v 3.979999 1.002967 2.989817
v 3.500000 0.500000 4.971716
v 3.498872 0.502932 4.985185
v 3.495207 0.500179 4.988727
v 3.493059 0.497033 4.978657
v 3.493440 0.510178 4.997269
v 3.494150 0.504452 4.995741
v 3.485001 0.520000 5.005000
v 3.490211 0.510300 5.000583
v 3.490591 0.495741 4.993618
v 3.492586 0.497784 4.991493
v 3.485857 0.480000 4.985858
v 3.487958 0.489816 4.983759
v 3.518698 4.020000 4.018697
v 3.516693 4.010204 4.012515
v 3.507813 4.002819 4.006850
v 3.507611 4.005593 4.010571
v 3.517166 4.002954 4.002736
v 3.508252 4.000093 4.002555
v 3.520001 4.000000 3.991716
v 3.508804 3.997324 3.997375
v 3.497942 3.990669 4.003963
v 3.501825 3.996398 4.004207
v 3.490219 3.981744 4.009781
v 3.497223 3.991631 4.007384
v 3.018698 4.020000 4.518697
v 3.010571 4.005594 4.507612
v 3.006851 4.002820 4.507813
v 3.012514 4.010204 4.516693
v 3.007384 3.991631 4.497222
v 3.004208 3.996398 4.501825
v 3.009781 3.981744 4.490219
v 3.003964 3.990668 4.497942
v 2.997375 3.997324 4.508804
v 3.002556 4.000093 4.508252
v 2.991716 4.000000 4.520000
v 3.002737 4.002954 4.517166
v 3.520001 1.020000 3.000000
v 3.520001 1.010183 2.997033
v 3.510574 1.005159 3.000724
v 3.510281 1.010885 3.003484
v 3.520001 1.002967 2.989817
v 3.510423 1.001091 2.998779
v 3.520001 1.000000 2.980000
v 3.510101 0.998186 2.997772
v 3.502821 0.993758 3.013848
v 3.505115 0.999811 3.006124
v 3.500000 0.988000 3.024000
v 3.502983 0.999245 3.012194
v 3.520001 2.979108 3.000000
v 3.510281 2.988477 3.003483
v 3.510626 2.994306 3.000714
v 3.520143 2.988928 2.997033
v 3.502982 3.000442 3.012195
v 3.505125 2.999895 3.006073
v 3.500000 3.012000 3.024000
v 3.502823 3.006115 3.013706
v 3.510098 3.001371 2.997630
v 3.510475 2.998435 2.998725
v 3.519981 2.999128 2.980000
v 3.520135 2.996151 2.989816
v 3.110696 4.480000 4.610697
v 3.114380 4.489849 4.610601
v 3.109253 4.489664 4.601803
v 3.105396 4.480238 4.601618
v 3.120836 4.497191 4.606675
v 3.113799 4.494832 4.599039
v 3.128284 4.500000 4.600000
v 3.120634 4.497566 4.592350
v 3.114030 4.490503 4.585746
v 3.109148 4.489859 4.594390
v 3.110292 4.480755 4.582009
v 3.105247 4.480516 4.591087
v 3.485858 4.480000 4.985858
v 3.494809 4.480000 4.991030
v 3.496346 4.489565 4.988896
v 3.487747 4.489986 4.983969
v 3.505191 4.480000 4.991030
v 3.503654 4.489565 4.988896
v 3.514143 4.480000 4.985858
v 3.512253 4.489986 4.983969
v 3.507062 4.497328 4.978778
v 3.500000 4.494733 4.985242
v 3.500000 4.500000 4.971716
v 3.492938 4.497328 4.978778
v 3.610696 4.480000 4.110697
v 3.601617 4.480238 4.105396
v 3.601805 4.489664 4.109253
v 3.610602 4.489849 4.114380
v 3.591087 4.480516 4.105248
v 3.594391 4.489859 4.109148
v 3.582008 4.480755 4.110293
v 3.585747 4.490503 4.114030
v 3.592349 4.497566 4.120634
v 3.599039 4.494832 4.113798
v 3.600000 4.500000 4.128284
v 3.606676 4.497191 4.120836
v 3.985857 4.480000 4.485858
v 3.983969 4.489986 4.487747
v 3.988895 4.489564 4.496346
v 3.991029 4.480000 4.494809
v 3.978777 4.497328 4.492938
v 3.985242 4.494732 4.500000
v 3.971716 4.500000 4.500000
v 3.978777 4.497328 4.507062
v 3.983969 4.489986 4.512253
v 3.988895 4.489564 4.503654
v 3.985857 4.480000 4.514142
v 3.991029 4.480000 4.505191
v 3.017992 0.019245 4.489707
v 3.013466 0.020418 4.499060
v 3.004625 0.010614 4.499890
v 3.005057 0.009847 4.494734
v 3.013721 0.020691 4.509527
v 3.004967 0.010738 4.504941
v 3.018698 0.020000 4.518697
v 3.006189 0.010231 4.510342
v 2.989053 0.002936 4.503523
v 2.996619 0.005122 4.501374
v 2.971716 0.000000 4.500000
v 2.988167 0.002823 4.498490
v 3.489706 0.019245 4.017991
v 3.494734 0.009847 4.005057
v 3.499890 0.010614 4.004625
v 3.499060 0.020418 4.013465
v 3.498489 0.002823 3.988167
v 3.501375 0.005122 3.996618
v 3.500000 0.000000 3.971716
v 3.503523 0.002936 3.989054
v 3.510342 0.010231 4.006190
v 3.504941 0.010738 4.004966
v 3.518698 0.020000 4.018697
v 3.509528 0.020691 4.013721
v 3.971716 0.500000 4.500000
v 3.978656 0.497033 4.493059
v 3.988727 0.500179 4.495206
v 3.985185 0.502932 4.498872
v 3.983759 0.489816 4.487957
v 3.991493 0.497784 4.492586
v 3.985857 0.480000 4.485858
v 3.993619 0.495741 4.490592
v 4.000581 0.510300 4.490212
v 3.995741 0.504452 4.494150
v 4.004999 0.520000 4.485000
v 3.997269 0.510178 4.493440
v 3.128284 0.500000 4.600000
v 3.120836 0.497190 4.606675
v 3.113799 0.494832 4.599039
v 3.120634 0.497567 4.592350
v 3.114380 0.489849 4.610601
v 3.109253 0.489664 4.601803
v 3.110696 0.480000 4.610697
v 3.105396 0.480239 4.601618
v 3.105249 0.480516 4.591087
v 3.109148 0.489859 4.594390
v 3.110292 0.480755 4.582009
v 3.114030 0.490503 4.585746
v 3.600000 0.500000 4.128284
v 3.592349 0.497567 4.120634
v 3.599039 0.494832 4.113798
v 3.606676 0.497190 4.120836
v 3.585747 0.490503 4.114030
v 3.594391 0.489859 4.109148
v 3.582008 0.480755 4.110293
v 3.591087 0.480516 4.105248
v 3.601617 0.480239 4.105396
v 3.601805 0.489664 4.109253
v 3.610696 0.480000 4.110697
v 3.610602 0.489849 4.114380
v -2.423459 0.980452 4.500000
v -2.411932 0.994177 4.502974
v -2.404602 0.997228 4.505173
v -2.409833 0.989994 4.502933
v -2.403406 1.008583 4.510278
v -2.400418 1.003848 4.510573
v -2.400000 1.020000 4.520000
v -2.397034 1.010183 4.520000
v -2.389816 1.002967 4.520000
v -2.397342 1.000151 4.510525
v -2.380002 1.000000 4.520000
v -2.393988 0.997124 4.510223
v -0.420000 1.000000 4.520000
v -0.410184 1.002967 4.520000
v -0.404060 0.999939 4.510522
v -0.408531 0.997101 4.510219
v -0.402968 1.010183 4.520000
v -0.400536 1.002765 4.510472
v -0.400000 1.020000 4.520000
v -0.397647 1.005680 4.510159
v -0.391876 0.991201 4.502884
v -0.398059 0.996107 4.505125
v -0.384244 0.980304 4.500000
v -0.395509 0.989926 4.502938
v -2.429153 3.013251 5.000000
v -2.414734 3.000462 4.996982
v -2.407751 3.000190 4.994852
v -2.417078 3.006871 4.997157
v -2.404163 2.988364 4.989650
v -2.401318 2.994640 4.989367
v -2.400000 2.980000 4.980000
v -2.397034 2.989816 4.980000
v -2.389816 2.997033 4.980000
v -2.399591 2.998990 4.989557
v -2.380002 3.000000 4.980000
v -2.399121 3.001992 4.989875
v -0.420000 3.000000 4.980000
v -0.410184 2.997032 4.980000
v -0.404192 2.999440 4.989561
v -0.408104 3.002075 4.989880
v -0.402968 2.989816 4.980000
v -0.400999 2.996774 4.989596
v -0.400000 2.980000 4.980000
v -0.398325 2.994048 4.989921
v -0.394249 3.006385 4.997196
v -0.398956 3.002486 4.994968
v -0.388969 3.013787 5.000000
v -0.396793 3.007137 4.997145
v -2.429153 0.986749 5.000000
v -2.417078 0.993128 4.997157
v -2.407751 0.999810 4.994852
v -2.414734 0.999537 4.996982
v -2.399121 0.998007 4.989876
v -2.399594 1.001011 4.989558
v -2.380002 1.000000 4.980000
v -2.389816 1.002967 4.980000
v -2.397034 1.010183 4.980000
v -2.401318 1.005360 4.989368
v -2.400000 1.020000 4.980000
v -2.404163 1.011636 4.989650
v -0.400000 1.020000 4.980000
v -0.402968 1.010183 4.980000
v -0.400999 1.003226 4.989597
v -0.398325 1.005953 4.989921
v -0.410184 1.002967 4.980000
v -0.404192 1.000560 4.989562
v -0.420000 1.000000 4.980000
v -0.408104 0.997925 4.989880
v -0.396793 0.992863 4.997145
v -0.398956 0.997514 4.994969
v -0.388969 0.986213 5.000000
v -0.394249 0.993615 4.997196
v -2.423459 3.019548 4.500000
v -2.409833 3.010005 4.502933
v -2.404602 3.002772 4.505173
v -2.411932 3.005823 4.502974
v -2.393988 3.002876 4.510223
v -2.397342 2.999849 4.510525
v -2.380002 3.000000 4.520000
v -2.389816 2.997032 4.520000
v -2.397034 2.989816 4.520000
v -2.400418 2.996152 4.510573
v -2.400000 2.980000 4.520000
v -2.403406 2.991418 4.510278
v -0.400000 2.980000 4.520000
v -0.402968 2.989816 4.520000
v -0.400536 2.997236 4.510471
v -0.397647 2.994320 4.510159
v -0.410184 2.997033 4.520000
v -0.404060 3.000061 4.510522
v -0.420000 3.000000 4.520000
v -0.408531 3.002899 4.510219
v -0.395509 3.010074 4.502938
v -0.398059 3.003893 4.505125
v -0.384244 3.019696 4.500000
v -0.391876 3.008798 4.502884
v -3.520001 1.020000 1.000000
v -3.520001 1.010183 1.002968
v -3.510574 1.005159 0.999277
v -3.510281 1.010885 0.996516
v -3.520001 1.002967 1.010184
v -3.510425 1.001091 1.001222
v -3.520001 1.000000 1.020000
v -3.510101 0.998186 1.002228
v -3.502823 0.993758 0.986153
v -3.505115 0.999811 0.993876
v -3.500000 0.988000 0.976000
v -3.502985 0.999246 0.987806
v -3.979999 2.959025 1.000000
v -3.980157 2.968844 1.002967
v -3.989545 2.973636 0.999803
v -3.989795 2.968515 0.997155
v -3.980164 2.976067 1.010184
v -3.989670 2.977380 1.001822
v -3.980017 2.979043 1.020000
v -3.989948 2.980142 1.003071
v -3.997223 2.983555 0.988719
v -3.994949 2.978436 0.995225
v -4.000000 2.988227 0.980729
v -3.997064 2.979135 0.990143
v -3.979999 1.020000 1.000000
v -3.989792 1.010370 0.997154
v -3.989487 1.005114 0.999800
v -3.979999 1.010183 1.002968
v -3.997064 0.999590 0.990138
v -3.994937 1.000154 0.995209
v -4.000000 0.990360 0.980721
v -3.997223 0.994954 0.988677
v -3.989935 0.998531 1.003035
v -3.989609 1.001305 1.001809
v -3.979999 1.000000 1.020000
v -3.979999 1.002967 1.010184
v -3.520001 2.979108 1.000000
v -3.510281 2.988476 0.996517
v -3.510626 2.994306 0.999286
v -3.520145 2.988928 1.002967
v -3.502985 3.000442 0.987805
v -3.505124 2.999895 0.993927
v -3.500000 3.012000 0.976000
v -3.502823 3.006115 0.986295
v -3.510098 3.001371 1.002371
v -3.510474 2.998435 1.001275
v -3.519983 2.999128 1.020000
v -3.520135 2.996151 1.010184
v -3.985858 0.020000 4.485858
v -3.993027 0.020000 4.489845
v -3.990909 0.010550 4.484278
v -3.981573 0.010217 4.477410
v -3.997748 0.020000 4.487888
v -3.995306 0.010550 4.482455
v -4.000000 0.020000 4.480000
v -3.997055 0.010217 4.470999
v -3.989783 0.002945 4.460716
v -3.989651 0.005165 4.475013
v -3.979999 0.000000 4.451716
v -3.979446 0.002945 4.464998
v -3.485858 0.020000 4.985858
v -3.477411 0.010217 4.981577
v -3.484277 0.010550 4.990910
v -3.489844 0.020000 4.993027
v -3.464999 0.002945 4.979446
v -3.475012 0.005165 4.989650
v -3.451715 0.000000 4.980000
v -3.460718 0.002945 4.989783
v -3.470999 0.010217 4.997054
v -3.482455 0.010550 4.995309
v -3.479999 0.020000 5.000000
v -3.487888 0.020000 4.997749
v -3.485858 4.020000 4.985858
v -3.494897 4.006008 4.991750
v -3.488525 4.002878 4.989826
v -3.477411 4.010217 4.981576
v -3.505234 3.991398 4.994314
v -3.493652 3.996162 4.993418
v -3.514142 3.980000 4.992929
v -3.493304 3.989796 4.993439
v -3.470529 3.997084 4.988709
v -3.480725 3.999932 4.988790
v -3.451715 4.000000 4.980000
v -3.464999 4.002946 4.979447
v -3.985858 4.020000 4.485858
v -3.981577 4.010217 4.477410
v -3.989825 4.002878 4.488525
v -3.991748 4.006008 4.494897
v -3.979446 4.002946 4.464999
v -3.988788 3.999932 4.480724
v -3.979999 4.000000 4.451716
v -3.988708 3.997084 4.470529
v -3.993439 3.989796 4.493303
v -3.993417 3.996162 4.493653
v -3.992929 3.980000 4.514142
v -3.994315 3.991398 4.505233
v -3.979999 2.959025 3.000000
v -3.989673 2.966522 3.003958
v -3.989444 2.972874 3.001271
v -3.980157 2.968844 2.997033
v -3.996988 2.976966 3.013942
v -3.994910 2.977555 3.007998
v -4.000000 2.987757 3.027557
v -3.997229 2.983314 3.018144
v -3.989948 2.980071 3.000753
v -3.989673 2.977190 3.000102
v -3.980017 2.979043 2.980000
v -3.980164 2.976067 2.989817
v -3.979999 1.020000 3.000000
v -3.979999 1.010183 2.997033
v -3.989386 1.005884 3.001272
v -3.989673 1.012384 3.003956
v -3.979999 1.002967 2.989817
v -3.989612 1.001495 3.000110
v -3.979999 1.000000 2.980000
v -3.989935 0.998600 3.000776
v -3.997229 0.995188 3.018168
v -3.994897 1.001041 3.008006
v -4.000000 0.990816 3.027551
v -3.996988 1.001775 3.013939
v -3.500000 0.500000 4.971716
v -3.493060 0.497033 4.978657
v -3.495206 0.500179 4.988728
v -3.498871 0.502932 4.985185
v -3.487958 0.489816 4.983759
v -3.492587 0.497784 4.991494
v -3.485858 0.480000 4.985858
v -3.490594 0.495741 4.993618
v -3.490210 0.510300 5.000583
v -3.494150 0.504452 4.995741
v -3.485001 0.520000 5.005000
v -3.493439 0.510178 4.997269
v -3.518698 4.020000 4.018697
v -3.507611 4.005594 4.010571
v -3.507813 4.002819 4.006850
v -3.516693 4.010204 4.012515
v -3.497223 3.991631 4.007383
v -3.501825 3.996398 4.004207
v -3.490219 3.981744 4.009782
v -3.497943 3.990669 4.003964
v -3.508804 3.997324 3.997376
v -3.508252 4.000093 4.002555
v -3.520001 4.000000 3.991716
v -3.517166 4.002954 4.002736
v -3.018698 4.020000 4.518697
v -3.012515 4.010204 4.516693
v -3.006851 4.002819 4.507813
v -3.010571 4.005595 4.507613
v -3.002737 4.002954 4.517166
v -3.002557 4.000093 4.508253
v -2.991718 4.000000 4.520000
v -2.997375 3.997324 4.508804
v -3.003964 3.990669 4.497943
v -3.004208 3.996398 4.501826
v -3.009781 3.981744 4.490219
v -3.007382 3.991631 4.497222
v -3.500000 0.988000 3.024000
v -3.502820 0.993758 3.013847
v -3.505115 0.999811 3.006124
v -3.502985 0.999246 3.012194
v -3.510101 0.998186 2.997772
v -3.510425 1.001091 2.998778
v -3.520001 1.000000 2.980000
v -3.520001 1.002967 2.989817
v -3.520001 1.010183 2.997033
v -3.510574 1.005159 3.000724
v -3.520001 1.020000 3.000000
v -3.510281 1.010885 3.003484
v -3.520001 2.979108 3.000000
v -3.520145 2.988928 2.997033
v -3.510626 2.994306 3.000714
v -3.510281 2.988476 3.003483
v -3.520139 2.996151 2.989816
v -3.510474 2.998435 2.998725
v -3.519983 2.999128 2.980000
v -3.510098 3.001371 2.997629
v -3.502823 3.006115 3.013705
v -3.505124 2.999895 3.006073
v -3.500000 3.012000 3.024000
v -3.502985 3.000442 3.012195
v -3.110696 4.480000 4.610697
v -3.105396 4.480238 4.601618
v -3.109253 4.489664 4.601803
v -3.114380 4.489849 4.610601
v -3.105249 4.480516 4.591087
v -3.109149 4.489859 4.594390
v -3.110294 4.480755 4.582009
v -3.114032 4.490503 4.585746
v -3.120633 4.497566 4.592350
v -3.113797 4.494832 4.599039
v -3.128284 4.500000 4.600000
v -3.120837 4.497191 4.606675
v -3.485858 4.480000 4.985858
v -3.487747 4.489986 4.983969
v -3.496344 4.489564 4.988896
v -3.494809 4.480000 4.991030
v -3.492938 4.497328 4.978778
v -3.500000 4.494732 4.985242
v -3.500000 4.500000 4.971716
v -3.507062 4.497328 4.978778
v -3.512253 4.489986 4.983969
v -3.503656 4.489564 4.988896
v -3.514142 4.480000 4.985858
v -3.505191 4.480000 4.991030
v -3.610696 4.480000 4.110697
v -3.610602 4.489849 4.114380
v -3.601804 4.489664 4.109253
v -3.601617 4.480238 4.105396
v -3.606674 4.497191 4.120836
v -3.599039 4.494832 4.113798
v -3.600000 4.500000 4.128284
v -3.592349 4.497566 4.120634
v -3.585748 4.490503 4.114030
v -3.594391 4.489859 4.109148
v -3.582007 4.480755 4.110293
v -3.591089 4.480516 4.105248
v -3.985858 4.480000 4.485858
v -3.991031 4.480000 4.494809
v -3.988895 4.489565 4.496346
v -3.983969 4.489986 4.487747
v -3.991031 4.480000 4.505191
v -3.988895 4.489565 4.503654
v -3.985858 4.480000 4.514142
v -3.983969 4.489986 4.512253
v -3.978778 4.497328 4.507062
v -3.985242 4.494733 4.500000
v -3.971716 4.500000 4.500000
v -3.978778 4.497328 4.492938
v -3.017990 0.019245 4.489707
v -3.005057 0.009847 4.494734
v -3.004626 0.010614 4.499890
v -3.013464 0.020418 4.499059
v -2.988165 0.002823 4.498490
v -2.996619 0.005122 4.501375
v -2.971716 0.000000 4.500000
v -2.989053 0.002936 4.503523
v -3.006192 0.010231 4.510342
v -3.004968 0.010738 4.504941
v -3.018698 0.020000 4.518697
v -3.013721 0.020691 4.509527
v -3.489709 0.019245 4.017991
v -3.499057 0.020418 4.013465
v -3.499890 0.010614 4.004624
v -3.494733 0.009847 4.005056
v -3.509528 0.020691 4.013721
v -3.504941 0.010738 4.004966
v -3.518698 0.020000 4.018697
v -3.510342 0.010231 4.006190
v -3.503522 0.002936 3.989054
v -3.501373 0.005122 3.996617
v -3.500000 0.000000 3.971716
v -3.498489 0.002823 3.988167
v -3.971716 0.500000 4.500000
v -3.985187 0.502932 4.498872
v -3.988727 0.500179 4.495206
v -3.978656 0.497033 4.493059
v -3.997269 0.510178 4.493440
v -3.995740 0.504452 4.494150
v -4.005002 0.520000 4.485000
v -4.000583 0.510300 4.490212
v -3.993619 0.495741 4.490591
v -3.991492 0.497784 4.492586
v -3.985858 0.480000 4.485858
v -3.983759 0.489816 4.487956
v -3.128284 0.500000 4.600000
v -3.120633 0.497567 4.592350
v -3.113797 0.494832 4.599039
v -3.120837 0.497190 4.606675
v -3.114032 0.490503 4.585746
v -3.109149 0.489859 4.594390
v -3.110294 0.480755 4.582009
v -3.105249 0.480516 4.591087
v -3.105396 0.480239 4.601618
v -3.109253 0.489664 4.601803
v -3.110696 0.480000 4.610697
v -3.114380 0.489849 4.610601
v -3.600000 0.500000 4.128284
v -3.606674 0.497190 4.120836
v -3.599039 0.494832 4.113798
v -3.592349 0.497567 4.120634
v -3.610602 0.489849 4.114380
v -3.601804 0.489664 4.109253
v -3.610696 0.480000 4.110697
v -3.601617 0.480239 4.105396
v -3.591089 0.480516 4.105248
v -3.594391 0.489859 4.109148
v -3.582007 0.480755 4.110293
v -3.585748 0.490503 4.114030
v 2.423459 0.980452 -4.500000
v 2.411934 0.994177 -4.502974
v 2.404602 0.997228 -4.505173
v 2.409834 0.989994 -4.502933
v 2.403406 1.008582 -4.510278
v 2.400415 1.003848 -4.510572
v 2.400000 1.020000 -4.520000
v 2.397032 1.010183 -4.520000
v 2.389816 1.002968 -4.520000
v 2.397342 1.000151 -4.510526
v 2.380002 1.000000 -4.520000
v 2.393990 0.997124 -4.510223
v 0.420000 1.000000 -4.520000
v 0.410184 1.002968 -4.520000
v 0.404060 0.999939 -4.510522
v 0.408531 0.997101 -4.510220
v 0.402968 1.010183 -4.520000
v 0.400536 1.002765 -4.510472
v 0.400000 1.020000 -4.520000
v 0.397650 1.005680 -4.510159
v 0.391878 0.991202 -4.502884
v 0.398059 0.996108 -4.505125
v 0.384244 0.980304 -4.500000
v 0.395509 0.989926 -4.502938
v 2.429153 3.013251 -5.000000
v 2.414734 3.000463 -4.996982
v 2.407753 3.000190 -4.994852
v 2.417078 3.006871 -4.997157
v 2.404163 2.988364 -4.989650
v 2.401320 2.994641 -4.989367
v 2.400000 2.980000 -4.980000
v 2.397032 2.989816 -4.980000
v 2.389816 2.997033 -4.980000
v 2.399591 2.998989 -4.989558
v 2.380002 3.000000 -4.980000
v 2.399121 3.001992 -4.989876
v 0.420000 3.000000 -4.980000
v 0.410184 2.997032 -4.980000
v 0.404192 2.999440 -4.989562
v 0.408104 3.002075 -4.989880
v 0.402968 2.989816 -4.980000
v 0.400999 2.996774 -4.989597
v 0.400000 2.980000 -4.980000
v 0.398325 2.994048 -4.989921
v 0.394249 3.006385 -4.997197
v 0.398956 3.002486 -4.994968
v 0.388969 3.013787 -5.000000
v 0.396793 3.007137 -4.997145
v 2.429153 0.986749 -5.000000
v 2.417078 0.993128 -4.997157
v 2.407753 0.999810 -4.994852
v 2.414734 0.999537 -4.996982
v 2.399121 0.998007 -4.989876
v 2.399591 1.001011 -4.989558
v 2.380002 1.000000 -4.980000
v 2.389816 1.002968 -4.980000
v 2.397032 1.010183 -4.980000
v 2.401320 1.005360 -4.989367
v 2.400000 1.020000 -4.980000
v 2.404163 1.011636 -4.989650
v 0.400000 1.020000 -4.980000
v 0.402968 1.010183 -4.980000
v 0.400999 1.003226 -4.989597
v 0.398325 1.005952 -4.989921
v 0.410184 1.002968 -4.980000
v 0.404192 1.000560 -4.989562
v 0.420000 1.000000 -4.980000
v 0.408104 0.997925 -4.989880
v 0.396793 0.992863 -4.997145
v 0.398958 0.997514 -4.994968
v 0.388969 0.986213 -5.000000
v 0.394249 0.993615 -4.997196
v 2.423459 3.019548 -4.500000
v 2.409834 3.010006 -4.502933
v 2.404602 3.002772 -4.505173
v 2.411934 3.005823 -4.502974
v 2.393990 3.002876 -4.510223
v 2.397342 2.999849 -4.510525
v 2.380002 3.000000 -4.520000
v 2.389816 2.997033 -4.520000
v 2.397032 2.989816 -4.520000
v 2.400415 2.996152 -4.510573
v 2.400000 2.980000 -4.520000
v 2.403406 2.991418 -4.510278
v 0.400000 2.980000 -4.520000
v 0.402968 2.989816 -4.520000
v 0.400536 2.997235 -4.510472
v 0.397650 2.994319 -4.510159
v 0.410184 2.997032 -4.520000
v 0.404060 3.000061 -4.510522
v 0.420000 3.000000 -4.520000
v 0.408531 3.002899 -4.510219
v 0.395509 3.010074 -4.502938
v 0.398059 3.003893 -4.505125
v 0.384244 3.019696 -4.500000
v 0.391878 3.008798 -4.502884
v 3.520001 1.020000 -1.000000
v 3.520001 1.010183 -1.002968
v 3.510574 1.005159 -0.999276
v 3.510281 1.010885 -0.996517
v 3.520001 1.002967 -1.010184
v 3.510423 1.001091 -1.001222
v 3.520001 1.000000 -1.020000
v 3.510101 0.998186 -1.002228
v 3.502821 0.993758 -0.986152
v 3.505115 0.999811 -0.993876
v 3.500000 0.988000 -0.976000
v 3.502983 0.999245 -0.987807
v 3.979999 2.959025 -1.000000
v 3.980156 2.968844 -1.002967
v 3.989546 2.973636 -0.999803
v 3.989793 2.968516 -0.997155
v 3.980162 2.976067 -1.010184
v 3.989670 2.977380 -1.001822
v 3.980019 2.979043 -1.020000
v 3.989946 2.980142 -1.003071
v 3.997224 2.983555 -0.988718
v 3.994948 2.978436 -0.995225
v 4.000000 2.988227 -0.980729
v 3.997064 2.979136 -0.990143
v 3.979999 1.020000 -1.000000
v 3.989793 1.010369 -0.997154
v 3.989488 1.005114 -0.999800
v 3.979999 1.010183 -1.002968
v 3.997064 0.999589 -0.990138
v 3.994936 1.000154 -0.995209
v 4.000000 0.990360 -0.980721
v 3.997223 0.994955 -0.988677
v 3.989937 0.998531 -1.003035
v 3.989609 1.001305 -1.001809
v 3.979999 1.000000 -1.020000
v 3.979999 1.002967 -1.010184
v 3.520001 2.979108 -1.000000
v 3.510281 2.988476 -0.996517
v 3.510626 2.994306 -0.999286
v 3.520143 2.988928 -1.002967
v 3.502982 3.000442 -0.987805
v 3.505125 2.999895 -0.993927
v 3.500000 3.012000 -0.976000
v 3.502823 3.006115 -0.986294
v 3.510098 3.001371 -1.002370
v 3.510475 2.998436 -1.001275
v 3.519981 2.999128 -1.020000
v 3.520135 2.996151 -1.010184
v 3.985857 0.020000 -4.485858
v 3.993027 0.020000 -4.489845
v 3.990912 0.010550 -4.484278
v 3.981577 0.010217 -4.477411
v 3.997749 0.020000 -4.487888
v 3.995309 0.010550 -4.482455
v 4.000000 0.020000 -4.480000
v 3.997055 0.010217 -4.470999
v 3.989784 0.002945 -4.460717
v 3.989651 0.005165 -4.475013
v 3.979999 0.000000 -4.451716
v 3.979446 0.002945 -4.464998
v 3.485857 0.020000 -4.985858
v 3.477409 0.010217 -4.981576
v 3.484277 0.010550 -4.990910
v 3.489844 0.020000 -4.993027
v 3.464998 0.002945 -4.979446
v 3.475014 0.005165 -4.989650
v 3.451715 0.000000 -4.980000
v 3.460716 0.002945 -4.989783
v 3.470999 0.010217 -4.997054
v 3.482454 0.010550 -4.995309
v 3.479999 0.020000 -5.000000
v 3.487888 0.020000 -4.997749
v 3.485858 4.020000 -4.985858
v 3.494897 4.006007 -4.991750
v 3.488525 4.002878 -4.989826
v 3.477409 4.010217 -4.981577
v 3.505232 3.991399 -4.994314
v 3.493652 3.996162 -4.993418
v 3.514143 3.980000 -4.992929
v 3.493303 3.989796 -4.993439
v 3.470529 3.997084 -4.988709
v 3.480725 3.999932 -4.988790
v 3.451715 4.000000 -4.980000
v 3.464998 4.002946 -4.979447
v 3.985857 4.020000 -4.485858
v 3.981577 4.010217 -4.477411
v 3.989825 4.002879 -4.488526
v 3.991751 4.006007 -4.494897
v 3.979446 4.002946 -4.464999
v 3.988791 3.999932 -4.480724
v 3.979999 4.000000 -4.451716
v 3.988708 3.997084 -4.470529
v 3.993439 3.989796 -4.493303
v 3.993417 3.996162 -4.493653
v 3.992929 3.980000 -4.514142
v 3.994315 3.991398 -4.505233
v 3.979999 2.959025 -3.000000
v 3.989673 2.966522 -3.003958
v 3.989447 2.972874 -3.001271
v 3.980156 2.968844 -2.997033
v 3.996988 2.976966 -3.013941
v 3.994910 2.977555 -3.007998
v 4.000000 2.987757 -3.027557
v 3.997232 2.983314 -3.018145
v 3.989948 2.980071 -3.000753
v 3.989671 2.977190 -3.000103
v 3.980019 2.979043 -2.980000
v 3.980162 2.976067 -2.989816
v 3.979999 1.020000 -3.000000
v 3.979999 1.010183 -2.997033
v 3.989388 1.005884 -3.001272
v 3.989673 1.012384 -3.003956
v 3.979999 1.002967 -2.989817
v 3.989610 1.001495 -3.000110
v 3.979999 1.000000 -2.980000
v 3.989938 0.998600 -3.000777
v 3.997229 0.995188 -3.018168
v 3.994897 1.001041 -3.008006
v 4.000000 0.990816 -3.027551
v 3.996988 1.001775 -3.013939
v 3.500000 0.500000 -4.971716
v 3.493059 0.497033 -4.978657
v 3.495207 0.500179 -4.988728
v 3.498872 0.502932 -4.985185
v 3.487958 0.489816 -4.983759
v 3.492586 0.497784 -4.991494
v 3.485858 0.480000 -4.985858
v 3.490591 0.495741 -4.993618
v 3.490211 0.510300 -5.000583
v 3.494150 0.504452 -4.995741
v 3.485001 0.520000 -5.005000
v 3.493440 0.510178 -4.997269
v 3.518698 4.020000 -4.018697
v 3.507611 4.005593 -4.010571
v 3.507813 4.002819 -4.006850
v 3.516693 4.010204 -4.012515
v 3.497223 3.991631 -4.007384
v 3.501825 3.996398 -4.004207
v 3.490219 3.981744 -4.009781
v 3.497942 3.990668 -4.003963
v 3.508804 3.997324 -3.997375
v 3.508252 4.000093 -4.002555
v 3.520001 4.000000 -3.991716
v 3.517166 4.002954 -4.002736
v 3.018698 4.020000 -4.518697
v 3.012514 4.010204 -4.516693
v 3.006851 4.002819 -4.507812
v 3.010571 4.005594 -4.507612
v 3.002737 4.002954 -4.517166
v 3.002556 4.000093 -4.508252
v 2.991716 4.000000 -4.520000
v 2.997375 3.997324 -4.508804
v 3.003964 3.990669 -4.497942
v 3.004208 3.996398 -4.501826
v 3.009781 3.981744 -4.490219
v 3.007384 3.991631 -4.497222
v 3.500000 0.988000 -3.024000
v 3.502821 0.993758 -3.013848
v 3.505115 0.999811 -3.006124
v 3.502983 0.999245 -3.012194
v 3.510101 0.998186 -2.997772
v 3.510423 1.001091 -2.998779
v 3.520001 1.000000 -2.980000
v 3.520001 1.002967 -2.989817
v 3.520001 1.010183 -2.997033
v 3.510574 1.005159 -3.000724
v 3.520001 1.020000 -3.000000
v 3.510281 1.010885 -3.003484
v 3.520001 2.979108 -3.000000
v 3.520143 2.988928 -2.997033
v 3.510626 2.994307 -3.000714
v 3.510281 2.988477 -3.003483
v 3.520135 2.996151 -2.989816
v 3.510475 2.998435 -2.998725
v 3.519981 2.999128 -2.980000
v 3.510098 3.001371 -2.997630
v 3.502823 3.006115 -3.013706
v 3.505125 2.999895 -3.006073
v 3.500000 3.012000 -3.024000
v 3.502982 3.000442 -3.012195
v 3.110696 4.480000 -4.610697
v 3.105396 4.480238 -4.601618
v 3.109253 4.489664 -4.601803
v 3.114380 4.489849 -4.610601
v 3.105249 4.480516 -4.591087
v 3.109148 4.489859 -4.594390
v 3.110292 4.480755 -4.582009
v 3.114030 4.490503 -4.585746
v 3.120634 4.497566 -4.592350
v 3.113799 4.494832 -4.599039
v 3.128284 4.500000 -4.600000
v 3.120836 4.497191 -4.606675
v 3.485857 4.480000 -4.985858
v 3.487747 4.489986 -4.983969
v 3.496346 4.489564 -4.988896
v 3.494809 4.480000 -4.991030
v 3.492938 4.497328 -4.978778
v 3.500000 4.494732 -4.985242
v 3.500000 4.500000 -4.971716
v 3.507062 4.497328 -4.978778
v 3.512253 4.489986 -4.983969
v 3.503654 4.489564 -4.988896
v 3.514143 4.480000 -4.985858
v 3.505191 4.480000 -4.991030
v 3.610696 4.480000 -4.110697
v 3.610602 4.489849 -4.114380
v 3.601805 4.489664 -4.109253
v 3.601617 4.480238 -4.105396
v 3.606676 4.497191 -4.120836
v 3.599039 4.494832 -4.113798
v 3.600000 4.500000 -4.128284
v 3.592349 4.497566 -4.120634
v 3.585747 4.490503 -4.114030
v 3.594391 4.489859 -4.109148
v 3.582008 4.480755 -4.110293
v 3.591087 4.480516 -4.105248
v 3.985857 4.480000 -4.485858
v 3.991029 4.480000 -4.494809
v 3.988895 4.489565 -4.496346
v 3.983969 4.489986 -4.487747
v 3.991029 4.480000 -4.505191
v 3.988895 4.489565 -4.503654
v 3.985857 4.480000 -4.514142
v 3.983969 4.489986 -4.512253
v 3.978777 4.497328 -4.507062
v 3.985242 4.494733 -4.500000
v 3.971716 4.500000 -4.500000
v 3.978777 4.497328 -4.492938
v 3.017992 0.019245 -4.489707
v 3.005057 0.009847 -4.494734
v 3.004625 0.010614 -4.499890
v 3.013466 0.020418 -4.499059
v 2.988167 0.002823 -4.498490
v 2.996619 0.005122 -4.501374
v 2.971716 0.000000 -4.500000
v 2.989053 0.002936 -4.503523
v 3.006189 0.010231 -4.510342
v 3.004967 0.010738 -4.504941
v 3.018698 0.020000 -4.518697
v 3.013721 0.020691 -4.509527
v 3.489708 0.019245 -4.017991
v 3.499060 0.020418 -4.013465
v 3.499890 0.010614 -4.004625
v 3.494734 0.009847 -4.005056
v 3.509528 0.020691 -4.013721
v 3.504941 0.010738 -4.004967
v 3.518698 0.020000 -4.018697
v 3.510342 0.010231 -4.006190
v 3.503523 0.002936 -3.989054
v 3.501375 0.005122 -3.996618
v 3.500000 0.000000 -3.971716
v 3.498489 0.002823 -3.988167
v 3.971716 0.500000 -4.500000
v 3.985185 0.502932 -4.498872
v 3.988727 0.500179 -4.495206
v 3.978656 0.497033 -4.493059
v 3.997269 0.510178 -4.493440
v 3.995741 0.504452 -4.494150
v 4.005002 0.520000 -4.485000
v 4.000581 0.510300 -4.490212
v 3.993619 0.495741 -4.490591
v 3.991493 0.497784 -4.492586
v 3.985857 0.480000 -4.485858
v 3.983759 0.489816 -4.487957
v 3.128284 0.500000 -4.600000
v 3.120634 0.497567 -4.592350
v 3.113799 0.494832 -4.599039
v 3.120836 0.497190 -4.606675
v 3.114030 0.490503 -4.585746
v 3.109148 0.489859 -4.594390
v 3.110292 0.480755 -4.582009
v 3.105249 0.480516 -4.591087
v 3.105396 0.480239 -4.601618
v 3.109253 0.489664 -4.601803
v 3.110696 0.480000 -4.610697
v 3.114380 0.489849 -4.610601
v 3.600000 0.500000 -4.128284
v 3.606676 0.497190 -4.120836
v 3.599039 0.494832 -4.113798
v 3.592349 0.497567 -4.120634
v 3.610602 0.489849 -4.114380
v 3.601805 0.489664 -4.109253
v 3.610696 0.480000 -4.110697
v 3.601617 0.480239 -4.105396
v 3.591087 0.480516 -4.105248
v 3.594391 0.489859 -4.109148
v 3.582008 0.480755 -4.110293
v 3.585747 0.490503 -4.114030
v -2.380002 1.000000 -4.520000
v -2.389816 1.002967 -4.520000
v -2.397342 1.000151 -4.510525
v -2.393988 0.997124 -4.510223
v -2.397034 1.010183 -4.520000
v -2.400418 1.003848 -4.510572
v -2.400000 1.020000 -4.520000
v -2.403406 1.008583 -4.510278
v -2.411932 0.994177 -4.502974
v -2.404602 0.997228 -4.505173
v -2.423459 0.980452 -4.500000
v -2.409833 0.989994 -4.502933
v -0.420000 1.000000 -4.520000
v -0.408531 0.997101 -4.510219
v -0.404060 0.999939 -4.510522
v -0.410184 1.002967 -4.520000
v -0.395509 0.989926 -4.502938
v -0.398059 0.996107 -4.505125
v -0.384244 0.980304 -4.500000
v -0.391876 0.991201 -4.502884
v -0.397647 1.005680 -4.510159
v -0.400536 1.002765 -4.510472
v -0.400000 1.020000 -4.520000
v -0.402968 1.010183 -4.520000
v -2.380002 3.000000 -4.980000
v -2.389816 2.997032 -4.980000
v -2.399591 2.998990 -4.989558
v -2.399121 3.001992 -4.989875
v -2.397034 2.989816 -4.980000
v -2.401318 2.994640 -4.989367
v -2.400000 2.980000 -4.980000
v -2.404163 2.988364 -4.989650
v -2.414734 3.000462 -4.996982
v -2.407751 3.000190 -4.994852
v -2.429153 3.013251 -5.000000
v -2.417078 3.006871 -4.997157
v -0.420000 3.000000 -4.980000
v -0.408104 3.002075 -4.989880
v -0.404192 2.999440 -4.989561
v -0.410184 2.997033 -4.980000
v -0.396793 3.007137 -4.997145
v -0.398956 3.002486 -4.994969
v -0.388969 3.013787 -5.000000
v -0.394249 3.006385 -4.997197
v -0.398325 2.994048 -4.989921
v -0.400999 2.996774 -4.989596
v -0.400000 2.980000 -4.980000
v -0.402968 2.989816 -4.980000
v -2.400000 1.020000 -4.980000
v -2.397034 1.010183 -4.980000
v -2.401318 1.005360 -4.989367
v -2.404163 1.011636 -4.989650
v -2.389816 1.002967 -4.980000
v -2.399594 1.001011 -4.989558
v -2.380002 1.000000 -4.980000
v -2.399121 0.998007 -4.989876
v -2.417081 0.993128 -4.997157
v -2.407751 0.999810 -4.994852
v -2.429153 0.986749 -5.000000
v -2.414734 0.999537 -4.996982
v -0.400000 1.020000 -4.980000
v -0.398325 1.005953 -4.989921
v -0.400999 1.003226 -4.989596
v -0.402968 1.010183 -4.980000
v -0.394249 0.993615 -4.997197
v -0.398958 0.997514 -4.994968
v -0.388969 0.986213 -5.000000
v -0.396793 0.992863 -4.997145
v -0.408104 0.997925 -4.989880
v -0.404192 1.000560 -4.989562
v -0.420000 1.000000 -4.980000
v -0.410184 1.002967 -4.980000
v -2.400000 2.980000 -4.520000
v -2.397034 2.989816 -4.520000
v -2.400415 2.996152 -4.510572
v -2.403406 2.991418 -4.510279
v -2.389816 2.997033 -4.520000
v -2.397342 2.999849 -4.510525
v -2.380002 3.000000 -4.520000
v -2.393988 3.002876 -4.510223
v -2.409833 3.010006 -4.502933
v -2.404602 3.002772 -4.505173
v -2.423459 3.019548 -4.500000
v -2.411932 3.005823 -4.502974
v -0.400000 2.980000 -4.520000
v -0.397647 2.994320 -4.510159
v -0.400536 2.997235 -4.510472
v -0.402968 2.989816 -4.520000
v -0.391876 3.008798 -4.502884
v -0.398059 3.003892 -4.505125
v -0.384244 3.019696 -4.500000
v -0.395509 3.010074 -4.502938
v -0.408531 3.002899 -4.510219
v -0.404060 3.000061 -4.510522
v -0.420000 3.000000 -4.520000
v -0.410184 2.997032 -4.520000
v -3.520001 1.020000 -1.000000
v -3.510281 1.010885 -0.996516
v -3.510574 1.005159 -0.999276
v -3.520001 1.010183 -1.002968
v -3.502985 0.999246 -0.987806
v -3.505115 0.999811 -0.993876
v -3.500000 0.988000 -0.976000
v -3.502820 0.993758 -0.986153
v -3.510101 0.998186 -1.002228
v -3.510425 1.001091 -1.001222
v -3.520001 1.000000 -1.020000
v -3.520001 1.002967 -1.010184
v -3.979999 2.959025 -1.000000
v -3.989795 2.968515 -0.997155
v -3.989545 2.973635 -0.999803
v -3.980157 2.968843 -1.002967
v -3.997064 2.979136 -0.990143
v -3.994946 2.978436 -0.995225
v -4.000000 2.988227 -0.980729
v -3.997223 2.983555 -0.988719
v -3.989948 2.980142 -1.003071
v -3.989670 2.977380 -1.001822
v -3.980017 2.979043 -1.020000
v -3.980164 2.976067 -1.010184
v -3.979999 1.020000 -1.000000
v -3.979999 1.010183 -1.002968
v -3.989487 1.005114 -0.999800
v -3.989792 1.010370 -0.997154
v -3.979999 1.002967 -1.010184
v -3.989609 1.001305 -1.001809
v -3.979999 1.000000 -1.020000
v -3.989935 0.998531 -1.003035
v -3.997223 0.994954 -0.988677
v -3.994934 1.000154 -0.995209
v -4.000000 0.990360 -0.980721
v -3.997064 0.999590 -0.990138
v -3.520001 2.979108 -1.000000
v -3.520145 2.988928 -1.002967
v -3.510626 2.994307 -0.999286
v -3.510281 2.988476 -0.996517
v -3.520139 2.996151 -1.010184
v -3.510474 2.998436 -1.001275
v -3.519983 2.999128 -1.020000
v -3.510098 3.001371 -1.002371
v -3.502823 3.006115 -0.986295
v -3.505127 2.999895 -0.993928
v -3.500000 3.012000 -0.976000
v -3.502985 3.000442 -0.987805
v -3.985858 0.020000 -4.485858
v -3.981573 0.010217 -4.477410
v -3.990909 0.010550 -4.484277
v -3.993027 0.020000 -4.489845
v -3.979446 0.002945 -4.464998
v -3.989651 0.005165 -4.475014
v -3.979999 0.000000 -4.451716
v -3.989783 0.002945 -4.460716
v -3.997055 0.010217 -4.470999
v -3.995306 0.010550 -4.482455
v -4.000000 0.020000 -4.480000
v -3.997748 0.020000 -4.487888
v -3.485858 0.020000 -4.985858
v -3.489844 0.020000 -4.993027
v -3.484277 0.010550 -4.990910
v -3.477411 0.010217 -4.981577
v -3.487888 0.020000 -4.997749
v -3.482455 0.010550 -4.995309
v -3.479999 0.020000 -5.000000
v -3.470999 0.010217 -4.997054
v -3.460718 0.002945 -4.989783
v -3.475012 0.005165 -4.989650
v -3.451715 0.000000 -4.980000
v -3.464999 0.002945 -4.979446
v -3.485858 4.020000 -4.985858
v -3.477411 4.010217 -4.981577
v -3.488525 4.002878 -4.989826
v -3.494897 4.006008 -4.991750
v -3.464999 4.002946 -4.979447
v -3.480725 3.999932 -4.988789
v -3.451715 4.000000 -4.980000
v -3.470526 3.997084 -4.988708
v -3.493304 3.989796 -4.993439
v -3.493652 3.996162 -4.993419
v -3.514142 3.980000 -4.992929
v -3.505234 3.991398 -4.994314
v -3.985858 4.020000 -4.485858
v -3.991748 4.006008 -4.494897
v -3.989825 4.002878 -4.488525
v -3.981577 4.010217 -4.477410
v -3.994315 3.991398 -4.505233
v -3.993420 3.996162 -4.493653
v -3.992929 3.980000 -4.514142
v -3.993439 3.989796 -4.493303
v -3.988708 3.997084 -4.470529
v -3.988788 3.999932 -4.480724
v -3.979999 4.000000 -4.451716
v -3.979446 4.002946 -4.464999
v -3.979999 2.959025 -3.000000
v -3.980157 2.968843 -2.997032
v -3.989444 2.972874 -3.001271
v -3.989673 2.966522 -3.003958
v -3.980164 2.976067 -2.989816
v -3.989673 2.977190 -3.000102
v -3.980017 2.979043 -2.980000
v -3.989948 2.980071 -3.000753
v -3.997229 2.983314 -3.018145
v -3.994910 2.977555 -3.007998
v -4.000000 2.987757 -3.027557
v -3.996988 2.976966 -3.013941
v -3.979999 1.020000 -3.000000
v -3.989673 1.012384 -3.003956
v -3.989386 1.005884 -3.001272
v -3.979999 1.010183 -2.997033
v -3.996988 1.001775 -3.013939
v -3.994897 1.001041 -3.008006
v -4.000000 0.990816 -3.027551
v -3.997229 0.995188 -3.018167
v -3.989935 0.998600 -3.000776
v -3.989612 1.001495 -3.000110
v -3.979999 1.000000 -2.980000
v -3.979999 1.002967 -2.989817
v -3.500000 0.500000 -4.971716
v -3.498871 0.502932 -4.985185
v -3.495206 0.500179 -4.988727
v -3.493060 0.497033 -4.978657
v -3.493442 0.510178 -4.997269
v -3.494153 0.504452 -4.995741
v -3.485001 0.520000 -5.005000
v -3.490210 0.510300 -5.000583
v -3.490594 0.495741 -4.993618
v -3.492587 0.497784 -4.991493
v -3.485858 0.480000 -4.985858
v -3.487958 0.489816 -4.983759
v -3.518698 4.020000 -4.018697
v -3.516693 4.010204 -4.012515
v -3.507813 4.002819 -4.006850
v -3.507611 4.005593 -4.010571
v -3.517166 4.002954 -4.002736
v -3.508252 4.000093 -4.002555
v -3.520001 4.000000 -3.991716
v -3.508804 3.997324 -3.997376
v -3.497943 3.990669 -4.003964
v -3.501828 3.996398 -4.004207
v -3.490219 3.981744 -4.009782
v -3.497223 3.991631 -4.007383
v -3.018698 4.020000 -4.518697
v -3.010571 4.005594 -4.507612
v -3.006851 4.002819 -4.507813
v -3.012515 4.010204 -4.516693
v -3.007382 3.991631 -4.497223
v -3.004208 3.996398 -4.501827
v -3.009781 3.981744 -4.490219
v -3.003964 3.990669 -4.497942
v -2.997375 3.997324 -4.508804
v -3.002557 4.000093 -4.508252
v -2.991718 4.000000 -4.520000
v -3.002734 4.002954 -4.517165
v -3.520001 1.020000 -3.000000
v -3.520001 1.010183 -2.997033
v -3.510574 1.005159 -3.000724
v -3.510281 1.010885 -3.003484
v -3.520001 1.002967 -2.989817
v -3.510425 1.001091 -2.998778
v -3.520001 1.000000 -2.980000
v -3.510101 0.998186 -2.997772
v -3.502820 0.993758 -3.013847
v -3.505115 0.999811 -3.006124
v -3.500000 0.988000 -3.024000
v -3.502985 0.999245 -3.012194
v -3.520001 2.979108 -3.000000
v -3.510281 2.988476 -3.003483
v -3.510626 2.994306 -3.000714
v -3.520145 2.988928 -2.997033
v -3.502985 3.000442 -3.012195
v -3.505127 2.999895 -3.006073
v -3.500000 3.012000 -3.024000
v -3.502823 3.006115 -3.013705
v -3.510098 3.001371 -2.997629
v -3.510474 2.998436 -2.998725
v -3.519983 2.999128 -2.980000
v -3.520139 2.996151 -2.989817
v -3.110696 4.480000 -4.610697
v -3.114380 4.489849 -4.610601
v -3.109253 4.489664 -4.601803
v -3.105396 4.480238 -4.601618
v -3.120837 4.497191 -4.606675
v -3.113797 4.494832 -4.599039
v -3.128284 4.500000 -4.600000
v -3.120633 4.497566 -4.592350
v -3.114032 4.490503 -4.585746
v -3.109149 4.489859 -4.594390
v -3.110294 4.480755 -4.582009
v -3.105249 4.480516 -4.591087
v -3.485858 4.480000 -4.985858
v -3.494809 4.480000 -4.991030
v -3.496344 4.489565 -4.988896
v -3.487747 4.489986 -4.983969
v -3.505191 4.480000 -4.991030
v -3.503656 4.489565 -4.988896
v -3.514142 4.480000 -4.985858
v -3.512253 4.489986 -4.983969
v -3.507062 4.497328 -4.978778
v -3.500000 4.494733 -4.985242
v -3.500000 4.500000 -4.971716
v -3.492938 4.497328 -4.978778
v -3.610696 4.480000 -4.110697
v -3.601617 4.480238 -4.105396
v -3.601804 4.489664 -4.109253
v -3.610602 4.489849 -4.114380
v -3.591089 4.480516 -4.105248
v -3.594391 4.489859 -4.109148
v -3.582007 4.480755 -4.110293
v -3.585748 4.490503 -4.114030
v -3.592349 4.497566 -4.120634
v -3.599039 4.494832 -4.113798
v -3.600000 4.500000 -4.128284
v -3.606674 4.497191 -4.120836
v -3.985858 4.480000 -4.485858
v -3.983969 4.489986 -4.487747
v -3.988895 4.489564 -4.496346
v -3.991031 4.480000 -4.494809
v -3.978778 4.497328 -4.492938
v -3.985242 4.494732 -4.500000
v -3.971716 4.500000 -4.500000
v -3.978778 4.497328 -4.507062
v -3.983969 4.489986 -4.512253
v -3.988895 4.489564 -4.503654
v -3.985858 4.480000 -4.514142
v -3.991031 4.480000 -4.505191
v -3.017990 0.019245 -4.489707
v -3.013464 0.020418 -4.499059
v -3.004626 0.010614 -4.499890
v -3.005057 0.009847 -4.494733
v -3.013721 0.020691 -4.509527
v -3.004968 0.010738 -4.504940
v -3.018698 0.020000 -4.518697
v -3.006192 0.010231 -4.510342
v -2.989056 0.002936 -4.503523
v -2.996619 0.005122 -4.501374
v -2.971716 0.000000 -4.500000
v -2.988165 0.002823 -4.498490
v -3.489709 0.019245 -4.017991
v -3.494733 0.009847 -4.005056
v -3.499890 0.010614 -4.004625
v -3.499057 0.020418 -4.013465
v -3.498489 0.002823 -3.988167
v -3.501376 0.005122 -3.996618
v -3.500000 0.000000 -3.971716
v -3.503522 0.002936 -3.989054
v -3.510342 0.010231 -4.006190
v -3.504941 0.010738 -4.004966
v -3.518698 0.020000 -4.018697
v -3.509528 0.020691 -4.013721
v -3.971716 0.500000 -4.500000
v -3.978656 0.497033 -4.493059
v -3.988727 0.500179 -4.495207
v -3.985187 0.502932 -4.498872
v -3.983762 0.489816 -4.487956
v -3.991492 0.497784 -4.492586
v -3.985858 0.480000 -4.485858
v -3.993619 0.495741 -4.490592
v -4.000583 0.510300 -4.490212
v -3.995740 0.504452 -4.494151
v -4.005002 0.520000 -4.485000
v -3.997269 0.510178 -4.493440
v -3.128284 0.500000 -4.600000
v -3.120837 0.497190 -4.606675
v -3.113797 0.494832 -4.599039
v -3.120633 0.497567 -4.592350
v -3.114380 0.489849 -4.610601
v -3.109253 0.489664 -4.601803
v -3.110696 0.480000 -4.610697
v -3.105396 0.480239 -4.601618
v -3.105249 0.480516 -4.591087
v -3.109149 0.489859 -4.594390
v -3.110294 0.480755 -4.582009
v -3.114032 0.490503 -4.585746
v -3.600000 0.500000 -4.128284
v -3.592349 0.497567 -4.120634
v -3.599039 0.494832 -4.113798
v -3.606674 0.497190 -4.120836
v -3.585748 0.490503 -4.114030
v -3.594391 0.489859 -4.109148
v -3.582007 0.480755 -4.110293
v -3.591089 0.480516 -4.105248
v -3.601617 0.480239 -4.105396
v -3.601804 0.489664 -4.109253
v -3.610696 0.480000 -4.110697
v -3.610602 0.489849 -4.114380
v 0.000000 0.000000 4.980000
v 0.000000 0.002679 4.990000
v 0.000000 0.010000 4.997320
v 0.000000 0.020000 5.000000
v 4.000000 0.020000 0.000000
v 3.997321 0.010000 0.000000
v 3.989999 0.002679 0.000000
v 3.979999 0.000000 0.000000
v 4.000000 3.980000 0.000000
v 3.997321 3.989999 0.000000
v 3.989999 3.997321 0.000000
v 3.979999 4.000000 0.000000
v 0.000000 3.980000 5.000000
v 0.000000 3.989999 4.997320
v 0.000000 3.997321 4.990000
v 0.000000 4.000000 4.980000
v 3.500000 3.980000 0.000000
v 3.502679 3.989999 0.000000
v 3.510001 3.997321 0.000000
v 3.520001 4.000000 0.000000
v 0.000000 4.000000 4.520000
v 0.000000 3.997321 4.510000
v 0.000000 3.989999 4.502680
v 0.000000 3.980000 4.500000
v 3.479999 0.500000 0.000000
v 3.479999 0.500000 3.991716
v 3.489999 0.502679 3.995858
v 3.489999 0.502679 0.000000
v 3.497321 0.510000 3.998890
v 3.497321 0.510000 0.000000
v 3.500000 0.520000 4.000000
v 3.500000 0.520000 0.000000
v 0.000000 0.520000 4.500000
v 3.000000 0.520000 4.500000
v 2.998889 0.510000 4.497320
v 0.000000 0.510000 4.497320
v 2.995857 0.502679 4.490000
v 0.000000 0.502679 4.490000
v 2.991716 0.500000 4.480000
v 0.000000 0.500000 4.480000
v -3.979999 0.000000 0.000000
v -3.989999 0.002679 0.000000
v -3.997321 0.010000 0.000000
v -4.000000 0.020000 0.000000
v -3.979999 4.000000 0.000000
v -3.989999 3.997321 0.000000
v -3.997321 3.989999 0.000000
v -4.000000 3.980000 0.000000
v -3.520001 4.000000 0.000000
v -3.510001 3.997321 0.000000
v -3.502679 3.989999 0.000000
v -3.500000 3.980000 0.000000
v -3.500000 0.520000 0.000000
v -3.500000 0.520000 4.000000
v -3.497321 0.510000 3.998890
v -3.497321 0.510000 0.000000
v -3.489999 0.502679 3.995858
v -3.489999 0.502679 0.000000
v -3.479999 0.500000 3.991716
v -3.479999 0.500000 0.000000
v -2.991718 0.500000 4.480000
v -2.995856 0.502679 4.490000
v -2.998889 0.510000 4.497320
v -3.000000 0.520000 4.500000
v 0.000000 0.020000 -5.000000
v 0.000000 0.010000 -4.997320
v 0.000000 0.002679 -4.990000
v 0.000000 0.000000 -4.980000
v 0.000000 4.000000 -4.980000
v 0.000000 3.997321 -4.990000
v 0.000000 3.989999 -4.997320
v 0.000000 3.980000 -5.000000
v 0.000000 3.980000 -4.500000
v 0.000000 3.989999 -4.502680
v 0.000000 3.997321 -4.510000
v 0.000000 4.000000 -4.520000
v 3.500000 0.520000 -4.000000
v 3.497321 0.510000 -3.998890
v 3.489999 0.502679 -3.995858
v 3.479999 0.500000 -3.991716
v 0.000000 0.500000 -4.480000
v 2.991716 0.500000 -4.480000
v 2.995857 0.502679 -4.490000
v 0.000000 0.502679 -4.490000
v 2.998889 0.510000 -4.497320
v 0.000000 0.510000 -4.497320
v 3.000000 0.520000 -4.500000
v 0.000000 0.520000 -4.500000
v -3.479999 0.500000 -3.991716
v -3.489999 0.502679 -3.995858
v -3.497321 0.510000 -3.998890
v -3.500000 0.520000 -4.000000
v -3.000000 0.520000 -4.500000
v -2.998889 0.510000 -4.497320
v -2.995856 0.502679 -4.490000
v -2.991718 0.500000 -4.480000
v 3.000000 3.500000 4.500000
v 0.000000 0.000000 4.500000
v 0.000000 0.500000 5.000000
v 3.500000 3.500000 5.000000
v 0.000000 3.500000 5.000000
v -3.500000 3.500000 5.000000
v 0.000000 3.500000 4.500000
v -3.000000 3.500000 4.500000
v 4.000000 3.500000 0.000000
v 4.000000 3.500000 -4.500000
v 4.000000 3.500000 4.500000
v 3.500000 3.500000 -4.000000
v 3.500000 3.500000 0.000000
v 3.500000 3.500000 4.000000
v 4.000000 0.500000 0.000000
v 3.500000 0.000000 0.000000
v 0.000000 0.000000 0.000000
v 0.000000 0.500000 0.000000
v -4.000000 3.500000 0.000000
v -4.000000 3.500000 4.500000
v -4.000000 3.500000 -4.500000
v -3.500000 3.500000 0.000000
v -3.500000 3.500000 -4.000000
v -3.500000 3.500000 4.000000
v -4.000000 0.500000 0.000000
v -3.500000 0.000000 0.000000
v 3.000000 3.500000 -4.500000
v 0.000000 0.000000 -4.500000
v 0.000000 0.500000 -5.000000
v -3.500000 3.500000 -5.000000
v 0.000000 3.500000 -5.000000
v 3.500000 3.500000 -5.000000
v 0.000000 3.500000 -4.500000
v -3.000000 3.500000 -4.500000
s 1
f 1 2 3
f 1 3 4
f 2 5 6
f 2 6 3
f 7 8 6
f 7 6 5
f 8 9 10
f 8 10 6
f 11 12 10
f 11 10 9
f 12 4 3
f 12 3 10
f 3 6 10
f 13 14 15
f 13 15 16
f 14 17 18
f 14 18 15
f 19 20 18
f 19 18 17
f 20 21 22
f 20 22 18
f 23 24 22
f 23 22 21
f 24 16 15
f 24 15 22
f 15 18 22
f 25 26 27
f 25 27 28
f 26 29 30
f 26 30 27
f 31 32 30
f 31 30 29
f 32 33 34
f 32 34 30
f 35 36 34
f 35 34 33
f 36 28 27
f 36 27 34
f 27 30 34
f 37 38 39
f 37 39 40
f 38 41 42
f 38 42 39
f 43 44 42
f 43 42 41
f 44 45 46
f 44 46 42
f 47 48 46
f 47 46 45
f 48 40 39
f 48 39 46
f 39 42 46
f 49 50 51
f 49 51 52
f 50 53 54
f 50 54 51
f 55 56 54
f 55 54 53
f 56 57 58
f 56 58 54
f 59 60 58
f 59 58 57
f 60 52 51
f 60 51 58
f 51 54 58
f 61 62 63
f 61 63 64
f 62 65 66
f 62 66 63
f 67 68 66
f 67 66 65
f 68 69 70
f 68 70 66
f 71 72 70
f 71 70 69
f 72 64 63
f 72 63 70
f 63 66 70
f 73 74 75
f 73 75 76
f 74 77 78
f 74 78 75
f 79 80 78
f 79 78 77
f 80 81 82
f 80 82 78
f 83 84 82
f 83 82 81
f 84 76 75
f 84 75 82
f 75 78 82
f 85 86 87
f 85 87 88
f 86 89 90
f 86 90 87
f 91 92 90
f 91 90 89
f 92 93 94
f 92 94 90
f 95 96 94
f 95 94 93
f 96 88 87
f 96 87 94
f 87 90 94
f 97 98 99
f 97 99 100
f 98 101 102
f 98 102 99
f 103 104 102
f 103 102 101
f 104 105 106
f 104 106 102
f 107 108 106
f 107 106 105
f 108 100 99
f 108 99 106
f 99 102 106
f 109 110 111
f 109 111 112
f 110 113 114
f 110 114 111
f 115 116 114
f 115 114 113
f 116 117 118
f 116 118 114
f 119 120 118
f 119 118 117
f 120 112 111
f 120 111 118
f 111 114 118
f 121 122 123
f 121 123 124
f 122 125 126
f 122 126 123
f 127 128 126
f 127 126 125
f 128 129 130
f 128 130 126
f 131 132 130
f 131 130 129
f 132 124 123
f 132 123 130
f 123 126 130
f 133 134 135
f 133 135 136
f 134 137 138
f 134 138 135
f 139 140 138
f 139 138 137
f 140 141 142
f 140 142 138
f 143 144 142
f 143 142 141
f 144 136 135
f 144 135 142
f 135 138 142
f 145 146 147
f 145 147 148
f 146 149 150
f 146 150 147
f 151 152 150
f 151 150 149
f 152 153 154
f 152 154 150
f 155 156 154
f 155 154 153
f 156 148 147
f 156 147 154
f 147 150 154
f 157 158 159
f 157 159 160
f 158 161 162
f 158 162 159
f 163 164 162
f 163 162 161
f 164 165 166
f 164 166 162
f 167 168 166
f 167 166 165
f 168 160 159
f 168 159 166
f 159 162 166
f 169 170 171
f 169 171 172
f 170 173 174
f 170 174 171
f 175 176 174
f 175 174 173
f 176 177 178
f 176 178 174
f 179 180 178
f 179 178 177
f 180 172 171
f 180 171 178
f 171 174 178
f 181 182 183
f 181 183 184
f 182 185 186
f 182 186 183
f 187 188 186
f 187 186 185
f 188 189 190
f 188 190 186
f 191 192 190
f 191 190 189
f 192 184 183
f 192 183 190
f 183 186 190
f 193 194 195
f 193 195 196
f 194 197 198
f 194 198 195
f 199 200 198
f 199 198 197
f 200 201 202
f 200 202 198
f 203 204 202
f 203 202 201
f 204 196 195
f 204 195 202
f 195 198 202
f 205 206 207
f 205 207 208
f 206 209 210
f 206 210 207
f 211 212 210
f 211 210 209
f 212 213 214
f 212 214 210
f 215 216 214
f 215 214 213
f 216 208 207
f 216 207 214
f 207 210 214
f 217 218 219
f 217 219 220
f 218 221 222
f 218 222 219
f 223 224 222
f 223 222 221
f 224 225 226
f 224 226 222
f 227 228 226
f 227 226 225
f 228 220 219
f 228 219 226
f 219 222 226
f 229 230 231
f 229 231 232
f 230 233 234
f 230 234 231
f 235 236 234
f 235 234 233
f 236 237 238
f 236 238 234
f 239 240 238
f 239 238 237
f 240 232 231
f 240 231 238
f 231 234 238
f 241 242 243
f 241 243 244
f 242 245 246
f 242 246 243
f 247 248 246
f 247 246 245
f 248 249 250
f 248 250 246
f 251 252 250
f 251 250 249
f 252 244 243
f 252 243 250
f 243 246 250
f 253 254 255
f 253 255 256
f 254 257 258
f 254 258 255
f 259 260 258
f 259 258 257
f 260 261 262
f 260 262 258
f 263 264 262
f 263 262 261
f 264 256 255
f 264 255 262
f 255 258 262
f 265 266 267
f 265 267 268
f 266 269 270
f 266 270 267
f 271 272 270
f 271 270 269
f 272 273 274
f 272 274 270
f 275 276 274
f 275 274 273
f 276 268 267
f 276 267 274
f 267 270 274
f 277 278 279
f 277 279 280
f 278 281 282
f 278 282 279
f 283 284 282
f 283 282 281
f 284 285 286
f 284 286 282
f 287 288 286
f 287 286 285
f 288 280 279
f 288 279 286
f 279 282 286
f 289 290 291
f 289 291 292
f 290 293 294
f 290 294 291
f 295 296 294
f 295 294 293
f 296 297 298
f 296 298 294
f 299 300 298
f 299 298 297
f 300 292 291
f 300 291 298
f 291 294 298
f 301 302 303
f 301 303 304
f 302 305 306
f 302 306 303
f 307 308 306
f 307 306 305
f 308 309 310
f 308 310 306
f 311 312 310
f 311 310 309
f 312 304 303
f 312 303 310
f 303 306 310
f 313 314 315
f 313 315 316
f 314 317 318
f 314 318 315
f 319 320 318
f 319 318 317
f 320 321 322
f 320 322 318
f 323 324 322
f 323 322 321
f 324 316 315
f 324 315 322
f 315 318 322
f 325 326 327
f 325 327 328
f 326 329 330
f 326 330 327
f 331 332 330
f 331 330 329
f 332 333 334
f 332 334 330
f 335 336 334
f 335 334 333
f 336 328 327
f 336 327 334
f 327 330 334
f 337 338 339
f 337 339 340
f 338 341 342
f 338 342 339
f 343 344 342
f 343 342 341
f 344 345 346
f 344 346 342
f 347 348 346
f 347 346 345
f 348 340 339
f 348 339 346
f 339 342 346
f 349 350 351
f 349 351 352
f 350 353 354
f 350 354 351
f 355 356 354
f 355 354 353
f 356 357 358
f 356 358 354
f 359 360 358
f 359 358 357
f 360 352 351
f 360 351 358
f 351 354 358
f 361 362 363
f 361 363 364
f 362 365 366
f 362 366 363
f 367 368 366
f 367 366 365
f 368 369 370
f 368 370 366
f 371 372 370
f 371 370 369
f 372 364 363
f 372 363 370
f 363 366 370
f 373 374 375
f 373 375 376
f 374 377 378
f 374 378 375
f 379 380 378
f 379 378 377
f 380 381 382
f 380 382 378
f 383 384 382
f 383 382 381
f 384 376 375
f 384 375 382
f 375 378 382
f 385 386 387
f 385 387 388
f 386 389 390
f 386 390 387
f 391 392 390
f 391 390 389
f 392 393 394
f 392 394 390
f 395 396 394
f 395 394 393
f 396 388 387
f 396 387 394
f 387 390 394
f 397 398 399
f 397 399 400
f 398 401 402
f 398 402 399
f 403 404 402
f 403 402 401
f 404 405 406
f 404 406 402
f 407 408 406
f 407 406 405
f 408 400 399
f 408 399 406
f 399 402 406
f 409 410 411
f 409 411 412
f 410 413 414
f 410 414 411
f 415 416 414
f 415 414 413
f 416 417 418
f 416 418 414
f 419 420 418
f 419 418 417
f 420 412 411
f 420 411 418
f 411 414 418
f 421 422 423
f 421 423 424
f 422 425 426
f 422 426 423
f 427 428 426
f 427 426 425
f 428 429 430
f 428 430 426
f 431 432 430
f 431 430 429
f 432 424 423
f 432 423 430
f 423 426 430
f 433 434 435
f 433 435 436
f 434 437 438
f 434 438 435
f 439 440 438
f 439 438 437
f 440 441 442
f 440 442 438
f 443 444 442
f 443 442 441
f 444 436 435
f 444 435 442
f 435 438 442
f 445 446 447
f 445 447 448
f 446 449 450
f 446 450 447
f 451 452 450
f 451 450 449
f 452 453 454
f 452 454 450
f 455 456 454
f 455 454 453
f 456 448 447
f 456 447 454
f 447 450 454
f 457 458 459
f 457 459 460
f 458 461 462
f 458 462 459
f 463 464 462
f 463 462 461
f 464 465 466
f 464 466 462
f 467 468 466
f 467 466 465
f 468 460 459
f 468 459 466
f 459 462 466
f 469 470 471
f 469 471 472
f 470 473 474
f 470 474 471
f 475 476 474
f 475 474 473
f 476 477 478
f 476 478 474
f 479 480 478
f 479 478 477
f 480 472 471
f 480 471 478
f 471 474 478
f 481 482 483
f 481 483 484
f 482 485 486
f 482 486 483
f 487 488 486
f 487 486 485
f 488 489 490
f 488 490 486
f 491 492 490
f 491 490 489
f 492 484 483
f 492 483 490
f 483 486 490
f 493 494 495
f 493 495 496
f 494 497 498
f 494 498 495
f 499 500 498
f 499 498 497
f 500 501 502
f 500 502 498
f 503 504 502
f 503 502 501
f 504 496 495
f 504 495 502
f 495 498 502
f 505 506 507
f 505 507 508
f 506 509 510
f 506 510 507
f 511 512 510
f 511 510 509
f 512 513 514
f 512 514 510
f 515 516 514
f 515 514 513
f 516 508 507
f 516 507 514
f 507 510 514
f 517 518 519
f 517 519 520
f 518 521 522
f 518 522 519
f 523 524 522
f 523 522 521
f 524 525 526
f 524 526 522
f 527 528 526
f 527 526 525
f 528 520 519
f 528 519 526
f 519 522 526
f 529 530 531
f 529 531 532
f 530 533 534
f 530 534 531
f 535 536 534
f 535 534 533
f 536 537 538
f 536 538 534
f 539 540 538
f 539 538 537
f 540 532 531
f 540 531 538
f 531 534 538
f 541 542 543
f 541 543 544
f 542 545 546
f 542 546 543
f 547 548 546
f 547 546 545
f 548 549 550
f 548 550 546
f 551 552 550
f 551 550 549
f 552 544 543
f 552 543 550
f 543 546 550
f 553 554 555
f 553 555 556
f 554 557 558
f 554 558 555
f 559 560 558
f 559 558 557
f 560 561 562
f 560 562 558
f 563 564 562
f 563 562 561
f 564 556 555
f 564 555 562
f 555 558 562
f 565 566 567
f 565 567 568
f 566 569 570
f 566 570 567
f 571 572 570
f 571 570 569
f 572 573 574
f 572 574 570
f 575 576 574
f 575 574 573
f 576 568 567
f 576 567 574
f 567 570 574
f 577 578 579
f 577 579 580
f 578 581 582
f 578 582 579
f 583 584 582
f 583 582 581
f 584 585 586
f 584 586 582
f 587 588 586
f 587 586 585
f 588 580 579
f 588 579 586
f 579 582 586
f 589 590 591
f 589 591 592
f 590 593 594
f 590 594 591
f 595 596 594
f 595 594 593
f 596 597 598
f 596 598 594
f 599 600 598
f 599 598 597
f 600 592 591
f 600 591 598
f 591 594 598
f 601 602 603
f 601 603 604
f 602 605 606
f 602 606 603
f 607 608 606
f 607 606 605
f 608 609 610
f 608 610 606
f 611 612 610
f 611 610 609
f 612 604 603
f 612 603 610
f 603 606 610
f 613 614 615
f 613 615 616
f 614 617 618
f 614 618 615
f 619 620 618
f 619 618 617
f 620 621 622
f 620 622 618
f 623 624 622
f 623 622 621
f 624 616 615
f 624 615 622
f 615 618 622
f 625 626 627
f 625 627 628
f 626 629 630
f 626 630 627
f 631 632 630
f 631 630 629
f 632 633 634
f 632 634 630
f 635 636 634
f 635 634 633
f 636 628 627
f 636 627 634
f 627 630 634
f 637 638 639
f 637 639 640
f 638 641 642
f 638 642 639
f 643 644 642
f 643 642 641
f 644 645 646
f 644 646 642
f 647 648 646
f 647 646 645
f 648 640 639
f 648 639 646
f 639 642 646
f 649 650 651
f 649 651 652
f 650 653 654
f 650 654 651
f 655 656 654
f 655 654 653
f 656 657 658
f 656 658 654
f 659 660 658
f 659 658 657
f 660 652 651
f 660 651 658
f 651 654 658
f 661 662 663
f 661 663 664
f 662 665 666
f 662 666 663
f 667 668 666
f 667 666 665
f 668 669 670
f 668 670 666
f 671 672 670
f 671 670 669
f 672 664 663
f 672 663 670
f 663 666 670
f 673 674 675
f 673 675 676
f 674 677 678
f 674 678 675
f 679 680 678
f 679 678 677
f 680 681 682
f 680 682 678
f 683 684 682
f 683 682 681
f 684 676 675
f 684 675 682
f 675 678 682
f 685 686 687
f 685 687 688
f 686 689 690
f 686 690 687
f 691 692 690
f 691 690 689
f 692 693 694
f 692 694 690
f 695 696 694
f 695 694 693
f 696 688 687
f 696 687 694
f 687 690 694
f 697 698 699
f 697 699 700
f 698 701 702
f 698 702 699
f 703 704 702
f 703 702 701
f 704 705 706
f 704 706 702
f 707 708 706
f 707 706 705
f 708 700 699
f 708 699 706
f 699 702 706
f 709 710 711
f 709 711 712
f 710 713 714
f 710 714 711
f 715 716 714
f 715 714 713
f 716 717 718
f 716 718 714
f 719 720 718
f 719 718 717
f 720 712 711
f 720 711 718
f 711 714 718
f 721 722 723
f 721 723 724
f 722 725 726
f 722 726 723
f 727 728 726
f 727 726 725
f 728 729 730
f 728 730 726
f 731 732 730
f 731 730 729
f 732 724 723
f 732 723 730
f 723 726 730
f 733 734 735
f 733 735 736
f 734 737 738
f 734 738 735
f 739 740 738
f 739 738 737
f 740 741 742
f 740 742 738
f 743 744 742
f 743 742 741
f 744 736 735
f 744 735 742
f 735 738 742
f 745 746 747
f 745 747 748
f 746 749 750
f 746 750 747
f 751 752 750
f 751 750 749
f 752 753 754
f 752 754 750
f 755 756 754
f 755 754 753
f 756 748 747
f 756 747 754
f 747 750 754
f 757 758 759
f 757 759 760
f 758 761 762
f 758 762 759
f 763 764 762
f 763 762 761
f 764 765 766
f 764 766 762
f 767 768 766
f 767 766 765
f 768 760 759
f 768 759 766
f 759 762 766
f 769 770 771
f 769 771 772
f 770 773 774
f 770 774 771
f 775 776 774
f 775 774 773
f 776 777 778
f 776 778 774
f 779 780 778
f 779 778 777
f 780 772 771
f 780 771 778
f 771 774 778
f 781 782 783
f 781 783 784
f 782 785 786
f 782 786 783
f 787 788 786
f 787 786 785
f 788 789 790
f 788 790 786
f 791 792 790
f 791 790 789
f 792 784 783
f 792 783 790
f 783 786 790
f 793 794 795
f 793 795 796
f 794 797 798
f 794 798 795
f 799 800 798
f 799 798 797
f 800 801 802
f 800 802 798
f 803 804 802
f 803 802 801
f 804 796 795
f 804 795 802
f 795 798 802
f 805 806 807
f 805 807 808
f 806 809 810
f 806 810 807
f 811 812 810
f 811 810 809
f 812 813 814
f 812 814 810
f 815 816 814
f 815 814 813
f 816 808 807
f 816 807 814
f 807 810 814
f 817 818 819
f 817 819 820
f 818 821 822
f 818 822 819
f 823 824 822
f 823 822 821
f 824 825 826
f 824 826 822
f 827 828 826
f 827 826 825
f 828 820 819
f 828 819 826
f 819 822 826
f 829 830 831
f 829 831 832
f 830 833 834
f 830 834 831
f 835 836 834
f 835 834 833
f 836 837 838
f 836 838 834
f 839 840 838
f 839 838 837
f 840 832 831
f 840 831 838
f 831 834 838
f 841 842 843
f 841 843 844
f 842 845 846
f 842 846 843
f 847 848 846
f 847 846 845
f 848 849 850
f 848 850 846
f 851 852 850
f 851 850 849
f 852 844 843
f 852 843 850
f 843 846 850
f 853 854 855
f 853 855 856
f 854 857 858
f 854 858 855
f 859 860 858
f 859 858 857
f 860 861 862
f 860 862 858
f 863 864 862
f 863 862 861
f 864 856 855
f 864 855 862
f 855 858 862
f 865 866 867
f 865 867 868
f 866 869 870
f 866 870 867
f 871 872 870
f 871 870 869
f 872 873 874
f 872 874 870
f 875 876 874
f 875 874 873
f 876 868 867
f 876 867 874
f 867 870 874
f 877 878 879
f 877 879 880
f 878 881 882
f 878 882 879
f 883 884 882
f 883 882 881
f 884 885 886
f 884 886 882
f 887 888 886
f 887 886 885
f 888 880 879
f 888 879 886
f 879 882 886
f 889 890 891
f 889 891 892
f 890 893 894
f 890 894 891
f 895 896 894
f 895 894 893
f 896 897 898
f 896 898 894
f 899 900 898
f 899 898 897
f 900 892 891
f 900 891 898
f 891 894 898
f 901 902 903
f 901 903 904
f 902 905 906
f 902 906 903
f 907 908 906
f 907 906 905
f 908 909 910
f 908 910 906
f 911 912 910
f 911 910 909
f 912 904 903
f 912 903 910
f 903 906 910
f 913 914 915
f 913 915 916
f 914 917 918
f 914 918 915
f 919 920 918
f 919 918 917
f 920 921 922
f 920 922 918
f 923 924 922
f 923 922 921
f 924 916 915
f 924 915 922
f 915 918 922
f 925 926 927
f 925 927 928
f 926 929 930
f 926 930 927
f 931 932 930
f 931 930 929
f 932 933 934
f 932 934 930
f 935 936 934
f 935 934 933
f 936 928 927
f 936 927 934
f 927 930 934
f 937 938 939
f 937 939 940
f 938 941 942
f 938 942 939
f 943 944 942
f 943 942 941
f 944 945 946
f 944 946 942
f 947 948 946
f 947 946 945
f 948 940 939
f 948 939 946
f 939 942 946
f 949 950 951
f 949 951 952
f 950 953 954
f 950 954 951
f 955 956 954
f 955 954 953
f 956 957 958
f 956 958 954
f 959 960 958
f 959 958 957
f 960 952 951
f 960 951 958
f 951 954 958
f 961 962 963
f 961 963 964
f 962 965 966
f 962 966 963
f 967 968 966
f 967 966 965
f 968 969 970
f 968 970 966
f 971 972 970
f 971 970 969
f 972 964 963
f 972 963 970
f 963 966 970
f 973 974 975
f 973 975 976
f 974 977 978
f 974 978 975
f 979 980 978
f 979 978 977
f 980 981 982
f 980 982 978
f 983 984 982
f 983 982 981
f 984 976 975
f 984 975 982
f 975 978 982
f 985 986 987
f 985 987 988
f 986 989 990
f 986 990 987
f 991 992 990
f 991 990 989
f 992 993 994
f 992 994 990
f 995 996 994
f 995 994 993
f 996 988 987
f 996 987 994
f 987 990 994
f 997 998 999
f 997 999 1000
f 998 1001 1002
f 998 1002 999
f 1003 1004 1002
f 1003 1002 1001
f 1004 1005 1006
f 1004 1006 1002
f 1007 1008 1006
f 1007 1006 1005
f 1008 1000 999
f 1008 999 1006
f 999 1002 1006
f 1009 1010 1011
f 1009 1011 1012
f 1010 1013 1014
f 1010 1014 1011
f 1015 1016 1014
f 1015 1014 1013
f 1016 1017 1018
f 1016 1018 1014
f 1019 1020 1018
f 1019 1018 1017
f 1020 1012 1011
f 1020 1011 1018
f 1011 1014 1018
f 1021 1022 1023
f 1021 1023 1024
f 1022 1025 1026
f 1022 1026 1023
f 1027 1028 1026
f 1027 1026 1025
f 1028 1029 1030
f 1028 1030 1026
f 1031 1032 1030
f 1031 1030 1029
f 1032 1024 1023
f 1032 1023 1030
f 1023 1026 1030
f 1033 1034 1035
f 1033 1035 1036
f 1034 1037 1038
f 1034 1038 1035
f 1039 1040 1038
f 1039 1038 1037
f 1040 1041 1042
f 1040 1042 1038
f 1043 1044 1042
f 1043 1042 1041
f 1044 1036 1035
f 1044 1035 1042
f 1035 1038 1042
f 1045 1046 1047
f 1045 1047 1048
f 1046 1049 1050
f 1046 1050 1047
f 1051 1052 1050
f 1051 1050 1049
f 1052 1053 1054
f 1052 1054 1050
f 1055 1056 1054
f 1055 1054 1053
f 1056 1048 1047
f 1056 1047 1054
f 1047 1050 1054
f 1057 1058 1059
f 1057 1059 1060
f 1058 1061 1062
f 1058 1062 1059
f 1063 1064 1062
f 1063 1062 1061
f 1064 1065 1066
f 1064 1066 1062
f 1067 1068 1066
f 1067 1066 1065
f 1068 1060 1059
f 1068 1059 1066
f 1059 1062 1066
f 1069 1070 1071
f 1069 1071 1072
f 1070 1073 1074
f 1070 1074 1071
f 1075 1076 1074
f 1075 1074 1073
f 1076 1077 1078
f 1076 1078 1074
f 1079 1080 1078
f 1079 1078 1077
f 1080 1072 1071
f 1080 1071 1078
f 1071 1074 1078
f 1081 1082 1083
f 1081 1083 1084
f 1082 1085 1086
f 1082 1086 1083
f 1087 1088 1086
f 1087 1086 1085
f 1088 1089 1090
f 1088 1090 1086
f 1091 1092 1090
f 1091 1090 1089
f 1092 1084 1083
f 1092 1083 1090
f 1083 1086 1090
f 1093 1094 1095
f 1093 1095 1096
f 1094 1097 1098
f 1094 1098 1095
f 1099 1100 1098
f 1099 1098 1097
f 1100 1101 1102
f 1100 1102 1098
f 1103 1104 1102
f 1103 1102 1101
f 1104 1096 1095
f 1104 1095 1102
f 1095 1098 1102
f 1105 1106 1107
f 1105 1107 1108
f 1106 1109 1110
f 1106 1110 1107
f 1111 1112 1110
f 1111 1110 1109
f 1112 1113 1114
f 1112 1114 1110
f 1115 1116 1114
f 1115 1114 1113
f 1116 1108 1107
f 1116 1107 1114
f 1107 1110 1114
f 1117 1118 1119
f 1117 1119 1120
f 1118 1121 1122
f 1118 1122 1119
f 1123 1124 1122
f 1123 1122 1121
f 1124 1125 1126
f 1124 1126 1122
f 1127 1128 1126
f 1127 1126 1125
f 1128 1120 1119
f 1128 1119 1126
f 1119 1122 1126
f 1129 1130 1131
f 1129 1131 1132
f 1130 1133 1134
f 1130 1134 1131
f 1135 1136 1134
f 1135 1134 1133
f 1136 1137 1138
f 1136 1138 1134
f 1139 1140 1138
f 1139 1138 1137
f 1140 1132 1131
f 1140 1131 1138
f 1131 1134 1138
f 1141 1142 1143
f 1141 1143 1144
f 1142 1145 1146
f 1142 1146 1143
f 1147 1148 1146
f 1147 1146 1145
f 1148 1149 1150
f 1148 1150 1146
f 1151 1152 1150
f 1151 1150 1149
f 1152 1144 1143
f 1152 1143 1150
f 1143 1146 1150
f 1153 1154 1155
f 1153 1155 1156
f 1154 1157 1158
f 1154 1158 1155
f 1159 1160 1158
f 1159 1158 1157
f 1160 1161 1162
f 1160 1162 1158
f 1163 1164 1162
f 1163 1162 1161
f 1164 1156 1155
f 1164 1155 1162
f 1155 1158 1162
f 1165 1166 1167
f 1165 1167 1168
f 1166 1169 1170
f 1166 1170 1167
f 1171 1172 1170
f 1171 1170 1169
f 1172 1173 1174
f 1172 1174 1170
f 1175 1176 1174
f 1175 1174 1173
f 1176 1168 1167
f 1176 1167 1174
f 1167 1170 1174
f 1177 1178 1179
f 1177 1179 1180
f 1178 1181 1182
f 1178 1182 1179
f 1183 1184 1182
f 1183 1182 1181
f 1184 1185 1186
f 1184 1186 1182
f 1187 1188 1186
f 1187 1186 1185
f 1188 1180 1179
f 1188 1179 1186
f 1179 1182 1186
f 1189 1190 1191
f 1189 1191 1192
f 1190 1193 1194
f 1190 1194 1191
f 1195 1196 1194
f 1195 1194 1193
f 1196 1197 1198
f 1196 1198 1194
f 1199 1200 1198
f 1199 1198 1197
f 1200 1192 1191
f 1200 1191 1198
f 1191 1194 1198
f 1201 1202 1203
f 1201 1203 1204
f 1202 1205 1206
f 1202 1206 1203
f 1207 1208 1206
f 1207 1206 1205
f 1208 1209 1210
f 1208 1210 1206
f 1211 1212 1210
f 1211 1210 1209
f 1212 1204 1203
f 1212 1203 1210
f 1203 1206 1210
f 1213 1214 1215
f 1213 1215 1216
f 1214 1217 1218
f 1214 1218 1215
f 1219 1220 1218
f 1219 1218 1217
f 1220 1221 1222
f 1220 1222 1218
f 1223 1224 1222
f 1223 1222 1221
f 1224 1216 1215
f 1224 1215 1222
f 1215 1218 1222
f 1225 1226 1227
f 1225 1227 1228
f 1226 1229 1230
f 1226 1230 1227
f 1231 1232 1230
f 1231 1230 1229
f 1232 1233 1234
f 1232 1234 1230
f 1235 1236 1234
f 1235 1234 1233
f 1236 1228 1227
f 1236 1227 1234
f 1227 1230 1234
f 1237 1238 1239
f 1237 1239 1240
f 1238 1241 1242
f 1238 1242 1239
f 1243 1244 1242
f 1243 1242 1241
f 1244 1245 1246
f 1244 1246 1242
f 1247 1248 1246
f 1247 1246 1245
f 1248 1240 1239
f 1248 1239 1246
f 1239 1242 1246
f 1249 1250 1251
f 1249 1251 1252
f 1250 1253 1254
f 1250 1254 1251
f 1255 1256 1254
f 1255 1254 1253
f 1256 1257 1258
f 1256 1258 1254
f 1259 1260 1258
f 1259 1258 1257
f 1260 1252 1251
f 1260 1251 1258
f 1251 1254 1258
f 1261 1262 1263
f 1261 1263 1264
f 1262 1265 1266
f 1262 1266 1263
f 1267 1268 1266
f 1267 1266 1265
f 1268 1269 1270
f 1268 1270 1266
f 1271 1272 1270
f 1271 1270 1269
f 1272 1264 1263
f 1272 1263 1270
f 1263 1266 1270
f 1273 1274 1275
f 1273 1275 1276
f 1274 1277 1278
f 1274 1278 1275
f 1279 1280 1278
f 1279 1278 1277
f 1280 1281 1282
f 1280 1282 1278
f 1283 1284 1282
f 1283 1282 1281
f 1284 1276 1275
f 1284 1275 1282
f 1275 1278 1282
f 1285 1286 1287
f 1285 1287 1288
f 1286 1289 1290
f 1286 1290 1287
f 1291 1292 1290
f 1291 1290 1289
f 1292 1293 1294
f 1292 1294 1290
f 1295 1296 1294
f 1295 1294 1293
f 1296 1288 1287
f 1296 1287 1294
f 1287 1290 1294
f 1297 1298 1299
f 1297 1299 1300
f 1298 1301 1302
f 1298 1302 1299
f 1303 1304 1302
f 1303 1302 1301
f 1304 1305 1306
f 1304 1306 1302
f 1307 1308 1306
f 1307 1306 1305
f 1308 1300 1299
f 1308 1299 1306
f 1299 1302 1306
f 1309 1310 1311
f 1309 1311 1312
f 1310 1313 1314
f 1310 1314 1311
f 1315 1316 1314
f 1315 1314 1313
f 1316 1317 1318
f 1316 1318 1314
f 1319 1320 1318
f 1319 1318 1317
f 1320 1312 1311
f 1320 1311 1318
f 1311 1314 1318
f 1321 1322 1323
f 1321 1323 1324
f 1322 1325 1326
f 1322 1326 1323
f 1327 1328 1326
f 1327 1326 1325
f 1328 1329 1330
f 1328 1330 1326
f 1331 1332 1330
f 1331 1330 1329
f 1332 1324 1323
f 1332 1323 1330
f 1323 1326 1330
f 1333 1334 1335
f 1333 1335 1336
f 1334 1337 1338
f 1334 1338 1335
f 1339 1340 1338
f 1339 1338 1337
f 1340 1341 1342
f 1340 1342 1338
f 1343 1344 1342
f 1343 1342 1341
f 1344 1336 1335
f 1344 1335 1342
f 1335 1338 1342
f 1345 1346 1347
f 1345 1347 1348
f 1346 1349 1350
f 1346 1350 1347
f 1351 1352 1350
f 1351 1350 1349
f 1352 1353 1354
f 1352 1354 1350
f 1355 1356 1354
f 1355 1354 1353
f 1356 1348 1347
f 1356 1347 1354
f 1347 1350 1354
f 1357 1358 1359
f 1357 1359 1360
f 1358 1361 1362
f 1358 1362 1359
f 1363 1364 1362
f 1363 1362 1361
f 1364 1365 1366
f 1364 1366 1362
f 1367 1368 1366
f 1367 1366 1365
f 1368 1360 1359
f 1368 1359 1366
f 1359 1362 1366
f 1369 1370 1371
f 1369 1371 1372
f 1370 1373 1374
f 1370 1374 1371
f 1375 1376 1374
f 1375 1374 1373
f 1376 1377 1378
f 1376 1378 1374
f 1379 1380 1378
f 1379 1378 1377
f 1380 1372 1371
f 1380 1371 1378
f 1371 1374 1378
f 1381 1382 1383
f 1381 1383 1384
f 1382 1385 1386
f 1382 1386 1383
f 1387 1388 1386
f 1387 1386 1385
f 1388 1389 1390
f 1388 1390 1386
f 1391 1392 1390
f 1391 1390 1389
f 1392 1384 1383
f 1392 1383 1390
f 1383 1386 1390
f 1393 1394 1395
f 1393 1395 1396
f 1394 1397 1398
f 1394 1398 1395
f 1399 1400 1398
f 1399 1398 1397
f 1400 1401 1402
f 1400 1402 1398
f 1403 1404 1402
f 1403 1402 1401
f 1404 1396 1395
f 1404 1395 1402
f 1395 1398 1402
f 1405 1406 1407
f 1405 1407 1408
f 1406 1409 1410
f 1406 1410 1407
f 1411 1412 1410
f 1411 1410 1409
f 1412 1413 1414
f 1412 1414 1410
f 1415 1416 1414
f 1415 1414 1413
f 1416 1408 1407
f 1416 1407 1414
f 1407 1410 1414
f 1417 1418 1419
f 1417 1419 1420
f 1418 1421 1422
f 1418 1422 1419
f 1423 1424 1422
f 1423 1422 1421
f 1424 1425 1426
f 1424 1426 1422
f 1427 1428 1426
f 1427 1426 1425
f 1428 1420 1419
f 1428 1419 1426
f 1419 1422 1426
f 1429 1430 1431
f 1429 1431 1432
f 1430 1433 1434
f 1430 1434 1431
f 1435 1436 1434
f 1435 1434 1433
f 1436 1437 1438
f 1436 1438 1434
f 1439 1440 1438
f 1439 1438 1437
f 1440 1432 1431
f 1440 1431 1438
f 1431 1434 1438
f 1441 1442 1443
f 1441 1443 1444
f 1442 1445 1446
f 1442 1446 1443
f 1447 1448 1446
f 1447 1446 1445
f 1448 1449 1450
f 1448 1450 1446
f 1451 1452 1450
f 1451 1450 1449
f 1452 1444 1443
f 1452 1443 1450
f 1443 1446 1450
f 1453 1454 1455
f 1453 1455 1456
f 1454 1457 1458
f 1454 1458 1455
f 1459 1460 1458
f 1459 1458 1457
f 1460 1461 1462
f 1460 1462 1458
f 1463 1464 1462
f 1463 1462 1461
f 1464 1456 1455
f 1464 1455 1462
f 1455 1458 1462
f 1465 1466 1467
f 1465 1467 1468
f 1466 1469 1470
f 1466 1470 1467
f 1471 1472 1470
f 1471 1470 1469
f 1472 1473 1474
f 1472 1474 1470
f 1475 1476 1474
f 1475 1474 1473
f 1476 1468 1467
f 1476 1467 1474
f 1467 1470 1474
f 1477 1478 1479
f 1477 1479 1480
f 1478 1481 1482
f 1478 1482 1479
f 1483 1484 1482
f 1483 1482 1481
f 1484 1485 1486
f 1484 1486 1482
f 1487 1488 1486
f 1487 1486 1485
f 1488 1480 1479
f 1488 1479 1486
f 1479 1482 1486
f 1489 1490 1491
f 1489 1491 1492
f 1490 1493 1494
f 1490 1494 1491
f 1495 1496 1494
f 1495 1494 1493
f 1496 1497 1498
f 1496 1498 1494
f 1499 1500 1498
f 1499 1498 1497
f 1500 1492 1491
f 1500 1491 1498
f 1491 1494 1498
f 1501 1502 1503
f 1501 1503 1504
f 1502 1505 1506
f 1502 1506 1503
f 1507 1508 1506
f 1507 1506 1505
f 1508 1509 1510
f 1508 1510 1506
f 1511 1512 1510
f 1511 1510 1509
f 1512 1504 1503
f 1512 1503 1510
f 1503 1506 1510
f 1513 1514 1515
f 1513 1515 1516
f 1514 1517 1518
f 1514 1518 1515
f 1519 1520 1518
f 1519 1518 1517
f 1520 1521 1522
f 1520 1522 1518
f 1523 1524 1522
f 1523 1522 1521
f 1524 1516 1515
f 1524 1515 1522
f 1515 1518 1522
f 1525 1526 1527
f 1525 1527 1528
f 1526 1529 1530
f 1526 1530 1527
f 1531 1532 1530
f 1531 1530 1529
f 1532 1533 1534
f 1532 1534 1530
f 1535 1536 1534
f 1535 1534 1533
f 1536 1528 1527
f 1536 1527 1534
f 1527 1530 1534
f 251 175 173
f 251 173 252
f 252 173 170
f 252 170 244
f 244 170 169
f 244 169 241
f 11 19 17
f 11 17 12
f 12 17 14
f 12 14 4
f 4 14 13
f 4 13 1
f 85 23 21
f 85 21 86
f 86 21 20
f 86 20 89
f 89 20 19
f 89 19 91
f 35 43 41
f 35 41 36
f 36 41 38
f 36 38 28
f 28 38 37
f 28 37 25
f 31 49 52
f 31 52 32
f 32 52 60
f 32 60 33
f 33 60 59
f 33 59 35
f 43 67 65
f 43 65 44
f 44 65 62
f 44 62 45
f 45 62 61
f 45 61 47
f 55 71 69
f 55 69 56
f 56 69 68
f 56 68 57
f 57 68 67
f 57 67 59
f 7 73 76
f 7 76 8
f 8 76 84
f 8 84 9
f 9 84 83
f 9 83 11
f 79 95 93
f 79 93 80
f 80 93 92
f 80 92 81
f 81 92 91
f 81 91 83
f 229 181 184
f 229 184 230
f 230 184 192
f 230 192 233
f 233 192 191
f 233 191 235
f 1 55 53
f 1 53 2
f 2 53 50
f 2 50 5
f 5 50 49
f 5 49 7
f 25 79 77
f 25 77 26
f 26 77 74
f 26 74 29
f 29 74 73
f 29 73 31
f 47 85 88
f 47 88 48
f 48 88 96
f 48 96 40
f 40 96 95
f 40 95 37
f 71 13 16
f 71 16 72
f 72 16 24
f 72 24 64
f 64 24 23
f 64 23 61
f 359 223 221
f 359 221 360
f 360 221 218
f 360 218 352
f 352 218 217
f 352 217 349
f 223 163 161
f 223 161 224
f 224 161 158
f 224 158 225
f 225 158 157
f 225 157 227
f 155 359 357
f 155 357 156
f 156 357 356
f 156 356 148
f 148 356 355
f 148 355 145
f 1537 167 165
f 1537 165 1538
f 1538 165 164
f 1538 164 1539
f 1539 164 163
f 1539 163 1540
f 1541 155 153
f 1541 153 1542
f 1542 153 152
f 1542 152 1543
f 1543 152 151
f 1543 151 1544
f 187 1545 1546
f 187 1546 188
f 188 1546 1547
f 188 1547 189
f 189 1547 1548
f 189 1548 191
f 1549 179 177
f 1549 177 1550
f 1550 177 176
f 1550 176 1551
f 1551 176 175
f 1551 175 1552
f 371 379 377
f 371 377 372
f 372 377 374
f 372 374 364
f 364 374 373
f 364 373 361
f 1553 239 237
f 1553 237 1554
f 1554 237 236
f 1554 236 1555
f 1555 236 235
f 1555 235 1556
f 1557 251 249
f 1557 249 1558
f 1558 249 248
f 1558 248 1559
f 1559 248 247
f 1559 247 1560
f 1561 1562 1563
f 1561 1563 1564
f 1564 1563 1565
f 1564 1565 1566
f 1566 1565 1567
f 1566 1567 1568
f 277 289 292
f 277 292 278
f 278 292 300
f 278 300 281
f 281 300 299
f 281 299 283
f 311 319 317
f 311 317 312
f 312 317 314
f 312 314 304
f 304 314 313
f 304 313 301
f 319 299 297
f 319 297 320
f 320 297 296
f 320 296 321
f 321 296 295
f 321 295 323
f 307 287 285
f 307 285 308
f 308 285 284
f 308 284 309
f 309 284 283
f 309 283 311
f 181 313 316
f 181 316 182
f 182 316 324
f 182 324 185
f 185 324 323
f 185 323 187
f 289 169 172
f 289 172 290
f 290 172 180
f 290 180 293
f 293 180 179
f 293 179 295
f 241 277 280
f 241 280 242
f 242 280 288
f 242 288 245
f 245 288 287
f 245 287 247
f 301 229 232
f 301 232 302
f 302 232 240
f 302 240 305
f 305 240 239
f 305 239 307
f 337 325 328
f 337 328 338
f 338 328 336
f 338 336 341
f 341 336 335
f 341 335 343
f 331 157 160
f 331 160 332
f 332 160 168
f 332 168 333
f 333 168 167
f 333 167 335
f 343 151 149
f 343 149 344
f 344 149 146
f 344 146 345
f 345 146 145
f 345 145 347
f 367 331 329
f 367 329 368
f 368 329 326
f 368 326 369
f 369 326 325
f 369 325 371
f 379 337 340
f 379 340 380
f 380 340 348
f 380 348 381
f 381 348 347
f 381 347 383
f 349 373 376
f 349 376 350
f 350 376 384
f 350 384 353
f 353 384 383
f 353 383 355
f 227 367 365
f 227 365 228
f 228 365 362
f 228 362 220
f 220 362 361
f 220 361 217
f 143 103 101
f 143 101 144
f 144 101 98
f 144 98 136
f 136 98 97
f 136 97 133
f 109 121 124
f 109 124 110
f 110 124 132
f 110 132 113
f 113 132 131
f 113 131 115
f 205 193 196
f 205 196 206
f 206 196 204
f 206 204 209
f 209 204 203
f 209 203 211
f 127 215 213
f 127 213 128
f 128 213 212
f 128 212 129
f 129 212 211
f 129 211 131
f 199 119 117
f 199 117 200
f 200 117 116
f 200 116 201
f 201 116 115
f 201 115 203
f 265 253 256
f 265 256 266
f 266 256 264
f 266 264 269
f 269 264 263
f 269 263 271
f 139 275 273
f 139 273 140
f 140 273 272
f 140 272 141
f 141 272 271
f 141 271 143
f 103 263 261
f 103 261 104
f 104 261 260
f 104 260 105
f 105 260 259
f 105 259 107
f 133 109 112
f 133 112 134
f 134 112 120
f 134 120 137
f 137 120 119
f 137 119 139
f 193 265 268
f 193 268 194
f 194 268 276
f 194 276 197
f 197 276 275
f 197 275 199
f 215 259 257
f 215 257 216
f 216 257 254
f 216 254 208
f 208 254 253
f 208 253 205
f 121 97 100
f 121 100 122
f 122 100 108
f 122 108 125
f 125 108 107
f 125 107 127
f 1569 1570 1571
f 1569 1571 1572
f 1572 1571 1573
f 1572 1573 1574
f 1574 1573 1575
f 1574 1575 1576
f 1570 1567 1565
f 1570 1565 1571
f 1571 1565 1563
f 1571 1563 1573
f 1573 1563 1562
f 1573 1562 1575
f 625 553 556
f 625 556 626
f 626 556 564
f 626 564 629
f 629 564 563
f 629 563 631
f 395 397 400
f 395 400 396
f 396 400 408
f 396 408 388
f 388 408 407
f 388 407 385
f 479 407 405
f 479 405 480
f 480 405 404
f 480 404 472
f 472 404 403
f 472 403 469
f 419 421 424
f 419 424 420
f 420 424 432
f 420 432 412
f 412 432 431
f 412 431 409
f 409 433 436
f 409 436 410
f 410 436 444
f 410 444 413
f 413 444 443
f 413 443 415
f 427 445 448
f 427 448 428
f 428 448 456
f 428 456 429
f 429 456 455
f 429 455 431
f 433 455 453
f 433 453 434
f 434 453 452
f 434 452 437
f 437 452 451
f 437 451 439
f 385 457 460
f 385 460 386
f 386 460 468
f 386 468 389
f 389 468 467
f 389 467 391
f 457 479 477
f 457 477 458
f 458 477 476
f 458 476 461
f 461 476 475
f 461 475 463
f 623 571 569
f 623 569 624
f 624 569 566
f 624 566 616
f 616 566 565
f 616 565 613
f 391 443 441
f 391 441 392
f 392 441 440
f 392 440 393
f 393 440 439
f 393 439 395
f 415 467 465
f 415 465 416
f 416 465 464
f 416 464 417
f 417 464 463
f 417 463 419
f 421 475 473
f 421 473 422
f 422 473 470
f 422 470 425
f 425 470 469
f 425 469 427
f 445 403 401
f 445 401 446
f 446 401 398
f 446 398 449
f 449 398 397
f 449 397 451
f 733 601 604
f 733 604 734
f 734 604 612
f 734 612 737
f 737 612 611
f 737 611 739
f 607 541 544
f 607 544 608
f 608 544 552
f 608 552 609
f 609 552 551
f 609 551 611
f 529 743 741
f 529 741 530
f 530 741 740
f 530 740 533
f 533 740 739
f 533 739 535
f 1540 551 549
f 1540 549 1539
f 1539 549 548
f 1539 548 1538
f 1538 548 547
f 1538 547 1537
f 1577 539 537
f 1577 537 1578
f 1578 537 536
f 1578 536 1579
f 1579 536 535
f 1579 535 1580
f 571 1581 1582
f 571 1582 572
f 572 1582 1583
f 572 1583 573
f 573 1583 1584
f 573 1584 575
f 1552 563 561
f 1552 561 1551
f 1551 561 560
f 1551 560 1550
f 1550 560 559
f 1550 559 1549
f 745 757 760
f 745 760 746
f 746 760 768
f 746 768 749
f 749 768 767
f 749 767 751
f 1585 623 621
f 1585 621 1586
f 1586 621 620
f 1586 620 1587
f 1587 620 619
f 1587 619 1588
f 1560 635 633
f 1560 633 1559
f 1559 633 632
f 1559 632 1558
f 1558 632 631
f 1558 631 1557
f 1589 1590 1591
f 1589 1591 1592
f 1592 1591 1593
f 1592 1593 1594
f 1594 1593 1595
f 1594 1595 1596
f 671 679 677
f 671 677 672
f 672 677 674
f 672 674 664
f 664 674 673
f 664 673 661
f 685 697 700
f 685 700 686
f 686 700 708
f 686 708 689
f 689 708 707
f 689 707 691
f 703 683 681
f 703 681 704
f 704 681 680
f 704 680 705
f 705 680 679
f 705 679 707
f 691 671 669
f 691 669 692
f 692 669 668
f 692 668 693
f 693 668 667
f 693 667 695
f 575 703 701
f 575 701 576
f 576 701 698
f 576 698 568
f 568 698 697
f 568 697 565
f 683 559 557
f 683 557 684
f 684 557 554
f 684 554 676
f 676 554 553
f 676 553 673
f 635 667 665
f 635 665 636
f 636 665 662
f 636 662 628
f 628 662 661
f 628 661 625
f 695 619 617
f 695 617 696
f 696 617 614
f 696 614 688
f 688 614 613
f 688 613 685
f 731 715 713
f 731 713 732
f 732 713 710
f 732 710 724
f 724 710 709
f 724 709 721
f 715 547 545
f 715 545 716
f 716 545 542
f 716 542 717
f 717 542 541
f 717 541 719
f 727 529 532
f 727 532 728
f 728 532 540
f 728 540 729
f 729 540 539
f 729 539 731
f 751 709 712
f 751 712 752
f 752 712 720
f 752 720 753
f 753 720 719
f 753 719 755
f 763 727 725
f 763 725 764
f 764 725 722
f 764 722 765
f 765 722 721
f 765 721 767
f 743 763 761
f 743 761 744
f 744 761 758
f 744 758 736
f 736 758 757
f 736 757 733
f 601 745 748
f 601 748 602
f 602 748 756
f 602 756 605
f 605 756 755
f 605 755 607
f 517 481 484
f 517 484 518
f 518 484 492
f 518 492 521
f 521 492 491
f 521 491 523
f 503 511 509
f 503 509 504
f 504 509 506
f 504 506 496
f 496 506 505
f 496 505 493
f 599 583 581
f 599 581 600
f 600 581 578
f 600 578 592
f 592 578 577
f 592 577 589
f 511 599 597
f 511 597 512
f 512 597 596
f 512 596 513
f 513 596 595
f 513 595 515
f 583 503 501
f 583 501 584
f 584 501 500
f 584 500 585
f 585 500 499
f 585 499 587
f 659 637 640
f 659 640 660
f 660 640 648
f 660 648 652
f 652 648 647
f 652 647 649
f 523 659 657
f 523 657 524
f 524 657 656
f 524 656 525
f 525 656 655
f 525 655 527
f 487 643 641
f 487 641 488
f 488 641 638
f 488 638 489
f 489 638 637
f 489 637 491
f 527 499 497
f 527 497 528
f 528 497 494
f 528 494 520
f 520 494 493
f 520 493 517
f 587 655 653
f 587 653 588
f 588 653 650
f 588 650 580
f 580 650 649
f 580 649 577
f 589 647 645
f 589 645 590
f 590 645 644
f 590 644 593
f 593 644 643
f 593 643 595
f 515 487 485
f 515 485 516
f 516 485 482
f 516 482 508
f 508 482 481
f 508 481 505
f 1576 1597 1598
f 1576 1598 1574
f 1574 1598 1599
f 1574 1599 1572
f 1572 1599 1600
f 1572 1600 1569
f 1597 1595 1593
f 1597 1593 1598
f 1598 1593 1591
f 1598 1591 1599
f 1599 1591 1590
f 1599 1590 1600
f 1009 937 940
f 1009 940 1010
f 1010 940 948
f 1010 948 1013
f 1013 948 947
f 1013 947 1015
f 779 781 784
f 779 784 780
f 780 784 792
f 780 792 772
f 772 792 791
f 772 791 769
f 863 791 789
f 863 789 864
f 864 789 788
f 864 788 856
f 856 788 787
f 856 787 853
f 803 805 808
f 803 808 804
f 804 808 816
f 804 816 796
f 796 816 815
f 796 815 793
f 793 817 820
f 793 820 794
f 794 820 828
f 794 828 797
f 797 828 827
f 797 827 799
f 811 829 832
f 811 832 812
f 812 832 840
f 812 840 813
f 813 840 839
f 813 839 815
f 817 839 837
f 817 837 818
f 818 837 836
f 818 836 821
f 821 836 835
f 821 835 823
f 769 841 844
f 769 844 770
f 770 844 852
f 770 852 773
f 773 852 851
f 773 851 775
f 841 863 861
f 841 861 842
f 842 861 860
f 842 860 845
f 845 860 859
f 845 859 847
f 1007 955 953
f 1007 953 1008
f 1008 953 950
f 1008 950 1000
f 1000 950 949
f 1000 949 997
f 775 827 825
f 775 825 776
f 776 825 824
f 776 824 777
f 777 824 823
f 777 823 779
f 799 851 849
f 799 849 800
f 800 849 848
f 800 848 801
f 801 848 847
f 801 847 803
f 805 859 857
f 805 857 806
f 806 857 854
f 806 854 809
f 809 854 853
f 809 853 811
f 829 787 785
f 829 785 830
f 830 785 782
f 830 782 833
f 833 782 781
f 833 781 835
f 1117 985 988
f 1117 988 1118
f 1118 988 996
f 1118 996 1121
f 1121 996 995
f 1121 995 1123
f 991 925 928
f 991 928 992
f 992 928 936
f 992 936 993
f 993 936 935
f 993 935 995
f 913 1127 1125
f 913 1125 914
f 914 1125 1124
f 914 1124 917
f 917 1124 1123
f 917 1123 919
f 1601 935 933
f 1601 933 1602
f 1602 933 932
f 1602 932 1603
f 1603 932 931
f 1603 931 1604
f 1544 923 921
f 1544 921 1543
f 1543 921 920
f 1543 920 1542
f 1542 920 919
f 1542 919 1541
f 955 1548 1547
f 955 1547 956
f 956 1547 1546
f 956 1546 957
f 957 1546 1545
f 957 1545 959
f 1605 947 945
f 1605 945 1606
f 1606 945 944
f 1606 944 1607
f 1607 944 943
f 1607 943 1608
f 1129 1141 1144
f 1129 1144 1130
f 1130 1144 1152
f 1130 1152 1133
f 1133 1152 1151
f 1133 1151 1135
f 1556 1007 1005
f 1556 1005 1555
f 1555 1005 1004
f 1555 1004 1554
f 1554 1004 1003
f 1554 1003 1553
f 1609 1019 1017
f 1609 1017 1610
f 1610 1017 1016
f 1610 1016 1611
f 1611 1016 1015
f 1611 1015 1612
f 1568 1613 1614
f 1568 1614 1566
f 1566 1614 1615
f 1566 1615 1564
f 1564 1615 1616
f 1564 1616 1561
f 1055 1063 1061
f 1055 1061 1056
f 1056 1061 1058
f 1056 1058 1048
f 1048 1058 1057
f 1048 1057 1045
f 1069 1081 1084
f 1069 1084 1070
f 1070 1084 1092
f 1070 1092 1073
f 1073 1092 1091
f 1073 1091 1075
f 1087 1067 1065
f 1087 1065 1088
f 1088 1065 1064
f 1088 1064 1089
f 1089 1064 1063
f 1089 1063 1091
f 1075 1055 1053
f 1075 1053 1076
f 1076 1053 1052
f 1076 1052 1077
f 1077 1052 1051
f 1077 1051 1079
f 959 1087 1085
f 959 1085 960
f 960 1085 1082
f 960 1082 952
f 952 1082 1081
f 952 1081 949
f 1067 943 941
f 1067 941 1068
f 1068 941 938
f 1068 938 1060
f 1060 938 937
f 1060 937 1057
f 1019 1051 1049
f 1019 1049 1020
f 1020 1049 1046
f 1020 1046 1012
f 1012 1046 1045
f 1012 1045 1009
f 1079 1003 1001
f 1079 1001 1080
f 1080 1001 998
f 1080 998 1072
f 1072 998 997
f 1072 997 1069
f 1115 1099 1097
f 1115 1097 1116
f 1116 1097 1094
f 1116 1094 1108
f 1108 1094 1093
f 1108 1093 1105
f 1099 931 929
f 1099 929 1100
f 1100 929 926
f 1100 926 1101
f 1101 926 925
f 1101 925 1103
f 1111 913 916
f 1111 916 1112
f 1112 916 924
f 1112 924 1113
f 1113 924 923
f 1113 923 1115
f 1135 1093 1096
f 1135 1096 1136
f 1136 1096 1104
f 1136 1104 1137
f 1137 1104 1103
f 1137 1103 1139
f 1147 1111 1109
f 1147 1109 1148
f 1148 1109 1106
f 1148 1106 1149
f 1149 1106 1105
f 1149 1105 1151
f 1127 1147 1145
f 1127 1145 1128
f 1128 1145 1142
f 1128 1142 1120
f 1120 1142 1141
f 1120 1141 1117
f 985 1129 1132
f 985 1132 986
f 986 1132 1140
f 986 1140 989
f 989 1140 1139
f 989 1139 991
f 901 865 868
f 901 868 902
f 902 868 876
f 902 876 905
f 905 876 875
f 905 875 907
f 887 895 893
f 887 893 888
f 888 893 890
f 888 890 880
f 880 890 889
f 880 889 877
f 983 967 965
f 983 965 984
f 984 965 962
f 984 962 976
f 976 962 961
f 976 961 973
f 895 983 981
f 895 981 896
f 896 981 980
f 896 980 897
f 897 980 979
f 897 979 899
f 967 887 885
f 967 885 968
f 968 885 884
f 968 884 969
f 969 884 883
f 969 883 971
f 1043 1021 1024
f 1043 1024 1044
f 1044 1024 1032
f 1044 1032 1036
f 1036 1032 1031
f 1036 1031 1033
f 907 1043 1041
f 907 1041 908
f 908 1041 1040
f 908 1040 909
f 909 1040 1039
f 909 1039 911
f 871 1027 1025
f 871 1025 872
f 872 1025 1022
f 872 1022 873
f 873 1022 1021
f 873 1021 875
f 911 883 881
f 911 881 912
f 912 881 878
f 912 878 904
f 904 878 877
f 904 877 901
f 971 1039 1037
f 971 1037 972
f 972 1037 1034
f 972 1034 964
f 964 1034 1033
f 964 1033 961
f 973 1031 1029
f 973 1029 974
f 974 1029 1028
f 974 1028 977
f 977 1028 1027
f 977 1027 979
f 899 871 869
f 899 869 900
f 900 869 866
f 900 866 892
f 892 866 865
f 892 865 889
f 1617 1618 1619
f 1617 1619 1620
f 1620 1619 1621
f 1620 1621 1622
f 1622 1621 1623
f 1622 1623 1624
f 1618 1616 1615
f 1618 1615 1619
f 1619 1615 1614
f 1619 1614 1621
f 1621 1614 1613
f 1621 1613 1623
f 1403 1327 1325
f 1403 1325 1404
f 1404 1325 1322
f 1404 1322 1396
f 1396 1322 1321
f 1396 1321 1393
f 1163 1171 1169
f 1163 1169 1164
f 1164 1169 1166
f 1164 1166 1156
f 1156 1166 1165
f 1156 1165 1153
f 1237 1175 1173
f 1237 1173 1238
f 1238 1173 1172
f 1238 1172 1241
f 1241 1172 1171
f 1241 1171 1243
f 1187 1195 1193
f 1187 1193 1188
f 1188 1193 1190
f 1188 1190 1180
f 1180 1190 1189
f 1180 1189 1177
f 1183 1201 1204
f 1183 1204 1184
f 1184 1204 1212
f 1184 1212 1185
f 1185 1212 1211
f 1185 1211 1187
f 1195 1219 1217
f 1195 1217 1196
f 1196 1217 1214
f 1196 1214 1197
f 1197 1214 1213
f 1197 1213 1199
f 1207 1223 1221
f 1207 1221 1208
f 1208 1221 1220
f 1208 1220 1209
f 1209 1220 1219
f 1209 1219 1211
f 1159 1225 1228
f 1159 1228 1160
f 1160 1228 1236
f 1160 1236 1161
f 1161 1236 1235
f 1161 1235 1163
f 1231 1247 1245
f 1231 1245 1232
f 1232 1245 1244
f 1232 1244 1233
f 1233 1244 1243
f 1233 1243 1235
f 1381 1333 1336
f 1381 1336 1382
f 1382 1336 1344
f 1382 1344 1385
f 1385 1344 1343
f 1385 1343 1387
f 1153 1207 1205
f 1153 1205 1154
f 1154 1205 1202
f 1154 1202 1157
f 1157 1202 1201
f 1157 1201 1159
f 1177 1231 1229
f 1177 1229 1178
f 1178 1229 1226
f 1178 1226 1181
f 1181 1226 1225
f 1181 1225 1183
f 1199 1237 1240
f 1199 1240 1200
f 1200 1240 1248
f 1200 1248 1192
f 1192 1248 1247
f 1192 1247 1189
f 1223 1165 1168
f 1223 1168 1224
f 1224 1168 1176
f 1224 1176 1216
f 1216 1176 1175
f 1216 1175 1213
f 1511 1375 1373
f 1511 1373 1512
f 1512 1373 1370
f 1512 1370 1504
f 1504 1370 1369
f 1504 1369 1501
f 1375 1315 1313
f 1375 1313 1376
f 1376 1313 1310
f 1376 1310 1377
f 1377 1310 1309
f 1377 1309 1379
f 1307 1511 1509
f 1307 1509 1308
f 1308 1509 1508
f 1308 1508 1300
f 1300 1508 1507
f 1300 1507 1297
f 1604 1319 1317
f 1604 1317 1603
f 1603 1317 1316
f 1603 1316 1602
f 1602 1316 1315
f 1602 1315 1601
f 1580 1307 1305
f 1580 1305 1579
f 1579 1305 1304
f 1579 1304 1578
f 1578 1304 1303
f 1578 1303 1577
f 1339 1584 1583
f 1339 1583 1340
f 1340 1583 1582
f 1340 1582 1341
f 1341 1582 1581
f 1341 1581 1343
f 1608 1331 1329
f 1608 1329 1607
f 1607 1329 1328
f 1607 1328 1606
f 1606 1328 1327
f 1606 1327 1605
f 1523 1531 1529
f 1523 1529 1524
f 1524 1529 1526
f 1524 1526 1516
f 1516 1526 1525
f 1516 1525 1513
f 1588 1391 1389
f 1588 1389 1587
f 1587 1389 1388
f 1587 1388 1586
f 1586 1388 1387
f 1586 1387 1585
f 1612 1403 1401
f 1612 1401 1611
f 1611 1401 1400
f 1611 1400 1610
f 1610 1400 1399
f 1610 1399 1609
f 1596 1625 1626
f 1596 1626 1594
f 1594 1626 1627
f 1594 1627 1592
f 1592 1627 1628
f 1592 1628 1589
f 1429 1441 1444
f 1429 1444 1430
f 1430 1444 1452
f 1430 1452 1433
f 1433 1452 1451
f 1433 1451 1435
f 1463 1471 1469
f 1463 1469 1464
f 1464 1469 1466
f 1464 1466 1456
f 1456 1466 1465
f 1456 1465 1453
f 1471 1451 1449
f 1471 1449 1472
f 1472 1449 1448
f 1472 1448 1473
f 1473 1448 1447
f 1473 1447 1475
f 1459 1439 1437
f 1459 1437 1460
f 1460 1437 1436
f 1460 1436 1461
f 1461 1436 1435
f 1461 1435 1463
f 1333 1465 1468
f 1333 1468 1334
f 1334 1468 1476
f 1334 1476 1337
f 1337 1476 1475
f 1337 1475 1339
f 1441 1321 1324
f 1441 1324 1442
f 1442 1324 1332
f 1442 1332 1445
f 1445 1332 1331
f 1445 1331 1447
f 1393 1429 1432
f 1393 1432 1394
f 1394 1432 1440
f 1394 1440 1397
f 1397 1440 1439
f 1397 1439 1399
f 1453 1381 1384
f 1453 1384 1454
f 1454 1384 1392
f 1454 1392 1457
f 1457 1392 1391
f 1457 1391 1459
f 1489 1477 1480
f 1489 1480 1490
f 1490 1480 1488
f 1490 1488 1493
f 1493 1488 1487
f 1493 1487 1495
f 1483 1309 1312
f 1483 1312 1484
f 1484 1312 1320
f 1484 1320 1485
f 1485 1320 1319
f 1485 1319 1487
f 1495 1303 1301
f 1495 1301 1496
f 1496 1301 1298
f 1496 1298 1497
f 1497 1298 1297
f 1497 1297 1499
f 1519 1483 1481
f 1519 1481 1520
f 1520 1481 1478
f 1520 1478 1521
f 1521 1478 1477
f 1521 1477 1523
f 1531 1489 1492
f 1531 1492 1532
f 1532 1492 1500
f 1532 1500 1533
f 1533 1500 1499
f 1533 1499 1535
f 1501 1525 1528
f 1501 1528 1502
f 1502 1528 1536
f 1502 1536 1505
f 1505 1536 1535
f 1505 1535 1507
f 1379 1519 1517
f 1379 1517 1380
f 1380 1517 1514
f 1380 1514 1372
f 1372 1514 1513
f 1372 1513 1369
f 1295 1255 1253
f 1295 1253 1296
f 1296 1253 1250
f 1296 1250 1288
f 1288 1250 1249
f 1288 1249 1285
f 1261 1273 1276
f 1261 1276 1262
f 1262 1276 1284
f 1262 1284 1265
f 1265 1284 1283
f 1265 1283 1267
f 1357 1345 1348
f 1357 1348 1358
f 1358 1348 1356
f 1358 1356 1361
f 1361 1356 1355
f 1361 1355 1363
f 1279 1367 1365
f 1279 1365 1280
f 1280 1365 1364
f 1280 1364 1281
f 1281 1364 1363
f 1281 1363 1283
f 1351 1271 1269
f 1351 1269 1352
f 1352 1269 1268
f 1352 1268 1353
f 1353 1268 1267
f 1353 1267 1355
f 1417 1405 1408
f 1417 1408 1418
f 1418 1408 1416
f 1418 1416 1421
f 1421 1416 1415
f 1421 1415 1423
f 1291 1427 1425
f 1291 1425 1292
f 1292 1425 1424
f 1292 1424 1293
f 1293 1424 1423
f 1293 1423 1295
f 1255 1415 1413
f 1255 1413 1256
f 1256 1413 1412
f 1256 1412 1257
f 1257 1412 1411
f 1257 1411 1259
f 1285 1261 1264
f 1285 1264 1286
f 1286 1264 1272
f 1286 1272 1289
f 1289 1272 1271
f 1289 1271 1291
f 1345 1417 1420
f 1345 1420 1346
f 1346 1420 1428
f 1346 1428 1349
f 1349 1428 1427
f 1349 1427 1351
f 1367 1411 1409
f 1367 1409 1368
f 1368 1409 1406
f 1368 1406 1360
f 1360 1406 1405
f 1360 1405 1357
f 1273 1249 1252
f 1273 1252 1274
f 1274 1252 1260
f 1274 1260 1277
f 1277 1260 1259
f 1277 1259 1279
f 1624 1629 1630
f 1624 1630 1622
f 1622 1630 1631
f 1622 1631 1620
f 1620 1631 1632
f 1620 1632 1617
f 1629 1628 1627
f 1629 1627 1630
f 1630 1627 1626
f 1630 1626 1631
f 1631 1626 1625
f 1631 1625 1632
f 19 11 1570
f 19 1570 1569
f 71 55 1
f 71 1 13
f 11 83 1633
f 11 1633 1570
f 49 31 73
f 49 73 7
f 1634 1537 547
f 1634 547 715
f 1634 335 167
f 1634 167 1537
f 551 1540 1635
f 551 1635 611
f 163 223 1635
f 163 1635 1540
f 563 1552 1557
f 563 1557 631
f 1636 179 1549
f 1636 1549 1637
f 175 251 1557
f 175 1557 1552
f 1638 1637 1549
f 1638 1549 559
f 1560 1639 1640
f 1560 1640 635
f 1560 247 1633
f 1560 1633 1639
f 47 61 23
f 47 23 85
f 91 19 1569
f 91 1569 1639
f 43 35 1636
f 43 1636 1637
f 25 37 95
f 25 95 79
f 35 59 223
f 35 223 1636
f 67 43 1637
f 67 1637 1635
f 59 67 1635
f 59 1635 223
f 83 91 1639
f 83 1639 1633
f 1556 1548 955
f 1556 955 1007
f 1556 235 191
f 1556 191 1548
f 1641 1642 959
f 1641 959 1545
f 1641 1545 187
f 1641 187 1643
f 1003 1644 1645
f 1003 1645 1553
f 239 1553 1645
f 239 1645 1646
f 121 109 133
f 121 133 97
f 103 143 1645
f 103 1645 1568
f 215 127 107
f 215 107 259
f 263 103 1568
f 263 1568 1567
f 115 131 1647
f 115 1647 1641
f 119 199 275
f 119 275 139
f 203 115 1641
f 203 1641 1643
f 131 211 359
f 131 359 1647
f 143 271 1646
f 143 1646 1645
f 1541 919 1123
f 1541 1123 1647
f 1541 1647 359
f 1541 359 155
f 151 343 1648
f 151 1648 1544
f 923 1544 1648
f 923 1648 1115
f 145 355 383
f 145 383 347
f 157 331 367
f 157 367 227
f 241 169 289
f 241 289 277
f 179 187 323
f 179 323 295
f 179 1636 1643
f 179 1643 187
f 181 229 301
f 181 301 313
f 211 203 1643
f 211 1643 359
f 193 205 253
f 193 253 265
f 373 349 217
f 373 217 361
f 1636 223 359
f 1636 359 1643
f 239 247 287
f 239 287 307
f 1633 247 239
f 1633 239 1646
f 271 263 1567
f 271 1567 1646
f 311 283 299
f 311 299 319
f 379 371 325
f 379 325 337
f 1634 1649 1648
f 1648 343 335
f 1648 335 1634
f 479 1639 1569
f 479 1569 407
f 407 1569 1600
f 407 1600 385
f 1650 1596 1595
f 1595 1597 1576
f 1595 1576 1650
f 1562 1561 1650
f 1650 1576 1575
f 1650 1575 1562
f 875 1568 1645
f 875 1645 907
f 1650 1561 1616
f 1616 1618 1617
f 1616 1617 1650
f 1021 1613 1568
f 1021 1568 875
f 1570 1633 1646
f 1570 1646 1567
f 443 391 467
f 443 467 415
f 451 397 395
f 451 395 439
f 385 1600 1640
f 385 1640 457
f 427 469 403
f 427 403 445
f 431 1637 1638
f 431 1638 409
f 419 463 475
f 419 475 421
f 409 1638 611
f 409 611 433
f 455 1635 1637
f 455 1637 431
f 433 611 1635
f 433 1635 455
f 457 1640 1639
f 457 1639 479
f 1585 1387 1343
f 1585 1343 1581
f 1651 1652 575
f 1651 575 1584
f 1585 1581 571
f 1585 571 623
f 1651 1584 1339
f 1651 1339 1653
f 1391 1588 1654
f 1391 1654 1655
f 619 1656 1654
f 619 1654 1588
f 505 481 517
f 505 517 493
f 637 1590 1589
f 637 1589 491
f 491 1589 1654
f 491 1654 523
f 595 643 487
f 595 487 515
f 583 1652 1651
f 583 1651 503
f 503 1651 1657
f 503 1657 511
f 499 527 655
f 499 655 587
f 511 1657 739
f 511 739 599
f 523 1654 1656
f 523 1656 659
f 1580 1657 1511
f 1580 1511 1307
f 1580 535 739
f 1580 739 1657
f 539 1577 1658
f 539 1658 731
f 1303 1495 1658
f 1303 1658 1577
f 529 727 763
f 529 763 743
f 541 607 755
f 541 755 719
f 625 661 673
f 625 673 553
f 559 575 1652
f 559 1652 1638
f 559 683 703
f 559 703 575
f 565 697 685
f 565 685 613
f 599 739 1652
f 599 1652 583
f 577 649 647
f 577 647 589
f 757 745 601
f 757 601 733
f 1638 1652 739
f 1638 739 611
f 1640 1656 619
f 1640 619 635
f 619 695 667
f 619 667 635
f 659 1656 1590
f 659 1590 637
f 691 707 679
f 691 679 671
f 767 721 709
f 767 709 751
f 1658 1649 1634
f 1634 715 731
f 1634 731 1658
f 1255 1295 1654
f 1255 1654 1589
f 1625 1596 1650
f 1650 1617 1632
f 1650 1632 1625
f 1415 1255 1589
f 1415 1589 1628
f 1600 1590 1656
f 1600 1656 1640
f 791 1624 1623
f 791 1623 769
f 827 775 851
f 827 851 799
f 835 781 779
f 835 779 823
f 769 1623 1659
f 769 1659 841
f 1660 1487 1319
f 1660 1319 1604
f 935 1601 1661
f 935 1661 995
f 1660 1604 931
f 1660 931 1099
f 1315 1375 1661
f 1315 1661 1601
f 1327 1403 1612
f 1327 1612 1605
f 947 1605 1612
f 947 1612 1015
f 1662 1331 1608
f 1662 1608 1663
f 1664 1663 1608
f 1664 1608 943
f 1609 1665 1659
f 1609 1659 1019
f 1609 1399 1666
f 1609 1666 1665
f 811 853 787
f 811 787 829
f 863 1665 1624
f 863 1624 791
f 815 1663 1664
f 815 1664 793
f 803 847 859
f 803 859 805
f 793 1664 995
f 793 995 817
f 839 1661 1663
f 839 1663 815
f 817 995 1661
f 817 1661 839
f 841 1659 1665
f 841 1665 863
f 889 865 901
f 889 901 877
f 979 1027 871
f 979 871 899
f 967 1642 1641
f 967 1641 887
f 887 1641 1647
f 887 1647 895
f 883 911 1039
f 883 1039 971
f 895 1647 1123
f 895 1123 983
f 907 1645 1644
f 907 1644 1043
f 913 1111 1147
f 913 1147 1127
f 925 991 1139
f 925 1139 1103
f 1009 1045 1057
f 1009 1057 937
f 943 959 1642
f 943 1642 1664
f 943 1067 1087
f 943 1087 959
f 949 1081 1069
f 949 1069 997
f 983 1123 1642
f 983 1642 967
f 961 1033 1031
f 961 1031 973
f 1141 1129 985
f 1141 985 1117
f 1664 1642 1123
f 1664 1123 995
f 1659 1644 1003
f 1659 1003 1019
f 1003 1079 1051
f 1003 1051 1019
f 1043 1644 1613
f 1043 1613 1021
f 1075 1091 1063
f 1075 1063 1055
f 1151 1105 1093
f 1151 1093 1135
f 1648 1649 1660
f 1660 1099 1115
f 1660 1115 1648
f 1243 1171 1624
f 1243 1624 1665
f 1171 1163 1629
f 1171 1629 1624
f 1623 1613 1644
f 1623 1644 1659
f 1223 1207 1153
f 1223 1153 1165
f 1163 1235 1666
f 1163 1666 1629
f 1201 1183 1225
f 1201 1225 1159
f 1199 1213 1175
f 1199 1175 1237
f 1195 1187 1662
f 1195 1662 1663
f 1177 1189 1247
f 1177 1247 1231
f 1187 1211 1375
f 1187 1375 1662
f 1219 1195 1663
f 1219 1663 1661
f 1211 1219 1661
f 1211 1661 1375
f 1235 1243 1665
f 1235 1665 1666
f 1273 1261 1285
f 1273 1285 1249
f 1367 1279 1259
f 1367 1259 1411
f 1267 1283 1657
f 1267 1657 1651
f 1271 1351 1427
f 1271 1427 1291
f 1355 1267 1651
f 1355 1651 1653
f 1283 1363 1511
f 1283 1511 1657
f 1295 1423 1655
f 1295 1655 1654
f 1297 1507 1535
f 1297 1535 1499
f 1309 1483 1519
f 1309 1519 1379
f 1393 1321 1441
f 1393 1441 1429
f 1331 1339 1475
f 1331 1475 1447
f 1331 1662 1653
f 1331 1653 1339
f 1333 1381 1453
f 1333 1453 1465
f 1363 1355 1653
f 1363 1653 1511
f 1345 1357 1405
f 1345 1405 1417
f 1525 1501 1369
f 1525 1369 1513
f 1662 1375 1511
f 1662 1511 1653
f 1391 1399 1439
f 1391 1439 1459
f 1666 1399 1391
f 1666 1391 1655
f 1423 1415 1628
f 1423 1628 1655
f 1463 1435 1451
f 1463 1451 1471
f 1531 1523 1477
f 1531 1477 1489
f 1660 1649 1658
f 1658 1495 1487
f 1658 1487 1660
f 1629 1666 1655
f 1629 1655 1628
