# Blender 4.5.1 LTS
# www.blender.org
mtllib PLANMC Rifleman.mtl
o PLANMC_-_Standing.013
v 0.000000 1.279982 0.291507
v 0.000000 1.279982 -0.291507
v 0.291749 1.279982 -0.000000
v 0.000000 1.424075 0.225946
v 0.000000 1.424075 -0.225946
v 0.226133 1.424075 -0.000000
v 0.000000 1.451096 0.160384
v 0.000000 1.451096 -0.160384
v 0.291749 0.537000 -0.000000
v 0.000000 0.537000 -0.291507
v 0.000000 0.537000 0.291507
v 0.218812 0.537000 -0.218631
v 0.000000 0.160000 0.291507
v 0.218812 1.279982 0.218631
v 0.169600 1.424075 -0.169459
v 0.000000 1.382296 0.275117
v 0.000000 1.382296 -0.275117
v 0.275345 1.382296 -0.000000
v 0.169600 1.424075 0.169459
v 0.000000 1.436586 0.176775
v 0.000000 1.436586 -0.176775
v 0.176921 1.436586 -0.000000
v 0.218812 1.279982 -0.218631
v 0.218812 0.537000 0.218631
v 0.291749 1.027946 -0.000000
v 0.000000 1.027946 -0.291507
v 0.000000 1.027946 0.291507
v 0.218812 0.160000 -0.218631
v 0.206509 1.382296 0.206338
v 0.206509 1.382296 -0.206338
v 0.132691 1.436586 0.132581
v 0.132690 1.436586 -0.132581
v 0.218812 1.027946 -0.218631
v 0.218812 1.027946 0.218631
v 0.291749 0.198687 -0.000000
v 0.000000 0.198687 -0.291507
v 0.000000 0.198687 0.291507
v 0.218812 0.198687 -0.218631
v 0.218812 0.198687 0.218631
v 0.218812 0.284444 0.218631
v 0.291749 0.284444 -0.000000
v 0.000000 0.284444 -0.291507
v 0.000000 0.284444 0.291507
v 0.218812 0.284444 -0.218631
v 0.220609 1.659859 -0.000000
v 0.160517 1.451096 -0.000000
v 0.190563 1.483059 -0.000000
v 0.165457 1.659859 -0.165320
v 0.120388 1.451096 0.120288
v 0.120387 1.451096 -0.120288
v 0.142922 1.483059 0.142804
v 0.168028 1.466842 -0.000000
v 0.142922 1.483059 -0.142804
v 0.165457 1.659859 0.165320
v 0.213098 1.535486 -0.000000
v 0.165457 1.820204 -0.165320
v 0.126021 1.466842 -0.125917
v 0.126021 1.466842 0.125917
v 0.159823 1.535486 -0.159691
v 0.159823 1.535486 0.159691
v 0.000000 1.659859 0.220427
v 0.000000 1.659859 -0.220427
v 0.000000 1.483059 -0.190406
v 0.000000 1.483059 0.190406
v 0.000000 1.466842 -0.167890
v 0.000000 1.466842 0.167890
v 0.000000 1.535486 -0.212922
v 0.000000 1.535486 0.212922
v 0.291749 0.160000 -0.000000
v 0.218812 0.160000 0.218631
v 0.000000 0.160000 -0.291507
v 0.000000 0.160000 0.000000
v 0.165457 1.820204 0.165320
v 0.000000 1.820204 -0.198938
v 0.220609 1.820204 -0.000000
v 0.000000 1.820204 0.198938
v 0.102013 1.898445 -0.000000
v 0.000000 1.898445 -0.091992
v 0.000000 1.898445 0.091992
v 0.076510 1.898445 0.076446
v 0.076510 1.898445 -0.076447
v 0.261185 0.828158 0.287334
v 0.142976 1.375378 0.282923
v 0.173672 1.434451 0.131204
v 0.260234 1.179188 0.288302
v 0.312564 0.828136 0.162421
v 0.312037 1.060684 0.163564
v 0.089916 1.380963 0.305524
v 0.232736 1.304162 0.277550
v 0.172328 0.828159 0.338569
v 0.230534 1.338193 0.274057
v 0.236119 1.397754 0.125895
v 0.172313 1.201644 0.338547
v 0.172320 1.278280 0.327120
v 0.209772 0.828161 0.210089
v 0.127909 1.375378 0.203621
v 0.237852 1.320580 0.194943
v 0.156294 1.405430 0.122186
v 0.234411 1.178038 0.208745
v 0.254441 0.828149 0.148930
v 0.254953 1.094507 0.147815
v 0.089916 1.380963 0.226078
v 0.235895 1.295740 0.196747
v 0.157774 0.828160 0.253381
v 0.218921 1.368468 0.117406
v 0.157795 1.199436 0.253419
v 0.163681 1.325062 0.216509
v 0.158141 1.304960 0.238121
v 0.134407 1.329587 0.320479
v 0.126799 1.353012 0.221293
v 0.081840 1.336438 0.238807
v 0.092926 1.363806 0.313432
v 0.261185 0.828158 -0.255234
v 0.142976 1.375378 -0.250823
v 0.173672 1.434451 -0.131204
v 0.260234 1.179188 -0.256202
v 0.312564 0.828136 -0.183693
v 0.312037 1.060684 -0.184836
v 0.089916 1.380963 -0.273424
v 0.232736 1.304162 -0.245450
v 0.172328 0.828159 -0.306468
v 0.230534 1.338193 -0.241957
v 0.236119 1.397754 -0.125895
v 0.172313 1.201644 -0.306446
v 0.172320 1.278280 -0.295020
v 0.340143 0.828122 0.000000
v 0.173559 1.449374 0.000000
v 0.340143 1.040459 0.000000
v 0.236289 1.412528 0.000000
v 0.209772 0.828161 -0.210089
v 0.127909 1.375378 -0.203621
v 0.237852 1.320580 -0.194943
v 0.156294 1.405430 -0.122186
v 0.234411 1.178038 -0.208745
v 0.254441 0.828149 -0.148930
v 0.254953 1.094507 -0.147815
v 0.089916 1.380963 -0.226078
v 0.235895 1.295740 -0.196747
v 0.157774 0.828160 -0.253381
v 0.218921 1.368468 -0.117406
v 0.157795 1.199436 -0.253419
v 0.163681 1.325062 -0.216509
v 0.158141 1.304960 -0.238121
v 0.279312 0.828140 0.000000
v 0.155697 1.419264 0.000000
v 0.218434 1.382413 0.000000
v 0.279312 1.075119 0.000000
v 0.196291 1.321811 -0.276444
v 0.159133 1.338772 -0.282406
v 0.134407 1.329587 -0.288378
v 0.126799 1.353012 -0.221293
v 0.081840 1.336438 -0.238807
v 0.092926 1.363806 -0.281331
v 0.000000 0.828152 0.367435
v 0.000000 1.380963 0.342457
v 0.000000 1.242489 0.367363
v 0.000000 0.828156 0.279080
v 0.000000 1.380963 0.255595
v 0.000000 1.239160 0.279167
v 0.000000 1.332174 0.351232
v 0.000000 1.290840 0.358666
v 0.000000 1.314666 0.266616
v 0.000000 1.347815 0.261105
v 0.000000 1.367086 0.344953
v 0.000000 0.828152 -0.335334
v 0.000000 1.380963 -0.310356
v 0.000000 1.242489 -0.335262
v 0.000000 0.828156 -0.279080
v 0.000000 1.380963 -0.255595
v 0.000000 1.239160 -0.279167
v 0.000000 1.332174 -0.319131
v 0.000000 1.290840 -0.326566
v 0.000000 1.314666 -0.266616
v 0.000000 1.347815 -0.261105
v 0.000000 1.367086 -0.312852
v 0.187313 1.903657 -0.084120
v 0.131119 1.871809 0.203562
v 0.189114 1.913508 0.032386
v 0.189147 1.884588 -0.164411
v 0.126621 1.966473 0.063671
v 0.126621 1.960059 -0.094964
v 0.131119 1.794900 0.237526
v 0.281685 1.771589 0.028278
v 0.222044 1.837592 0.125532
v 0.248190 1.834728 0.008176
v 0.235956 1.833613 -0.072779
v 0.219485 1.784648 0.150404
v 0.191169 1.744780 -0.233063
v 0.239003 1.750991 -0.157089
v 0.282649 1.762219 -0.063023
v 0.131421 1.750021 0.268330
v 0.244245 1.690085 -0.168000
v 0.191650 1.680927 -0.252752
v 0.219492 1.737610 0.173630
v 0.289899 1.705408 -0.054870
v 0.292013 1.718767 0.045995
v 0.137982 1.734482 0.271205
v 0.255272 1.603895 -0.172219
v 0.205131 1.619430 -0.267786
v 0.229680 1.719634 0.172075
v 0.284707 1.597972 -0.054996
v 0.303545 1.607345 0.040925
v 0.161798 1.613917 -0.207677
v 0.127648 1.725164 0.200696
v 0.155515 1.825206 -0.157232
v 0.099142 1.836861 0.165652
v 0.171990 1.858071 0.005590
v 0.091718 1.900705 0.005590
v 0.068790 1.900705 0.080882
v 0.068790 1.900705 -0.069701
v 0.124663 1.787470 0.203044
v 0.199617 1.713759 0.006217
v 0.182641 1.702488 0.161835
v 0.191269 1.587614 -0.151557
v 0.150866 1.799475 0.103602
v 0.182127 1.799087 0.003380
v 0.183778 1.765354 -0.088259
v 0.162737 1.776051 0.150253
v 0.218285 1.611756 0.033379
v 0.186970 1.695830 0.153330
v 0.209345 1.589657 -0.084457
v 0.173992 1.776883 0.083981
v 0.207143 1.750986 0.005414
v 0.200507 1.738782 -0.057529
v 0.158712 1.749921 -0.195477
v 0.190570 1.725075 -0.131743
v 0.199916 1.707065 -0.074448
v 0.181407 1.764548 0.115189
v 0.127270 1.752895 0.202405
v 0.191752 1.622254 -0.148585
v 0.161331 1.652264 -0.205139
v 0.166234 1.735754 0.154552
v 0.181031 1.727419 0.126132
v 0.203142 1.634862 -0.060132
v 0.202599 1.647033 0.019152
v 0.130151 1.735991 0.206199
v 0.196505 1.598084 -0.153548
v 0.189924 1.706026 0.153791
v 0.164836 1.625590 -0.211493
v 0.182301 1.714723 0.151484
v 0.209702 1.613482 -0.072821
v 0.211656 1.620706 0.030271
v 0.244412 1.576449 -0.170908
v 0.196381 1.582330 -0.262271
v 0.224136 1.682202 0.170911
v 0.137982 1.694599 0.270172
v 0.236890 1.655228 0.129614
v 0.270715 1.569554 -0.050297
v 0.285690 1.580303 0.049332
v 0.189959 1.888402 0.104539
v 0.126621 1.921364 0.144855
v 0.126329 1.677491 -0.285245
v 0.135816 1.627117 -0.291657
v 0.123148 1.741641 -0.266467
v 0.083508 1.620931 -0.219875
v 0.035505 1.900705 -0.077110
v 0.080265 1.828832 -0.173253
v 0.083267 1.658266 -0.219227
v 0.085076 1.632421 -0.224464
v 0.081915 1.752271 -0.216780
v 0.135816 1.592133 -0.287979
v 0.126621 1.914525 -0.184756
v 0.190158 1.829254 -0.219377
v 0.123148 1.838499 -0.249554
v 0.224575 1.787988 -0.152027
v 0.222781 1.824231 -0.121869
v 0.000000 1.971319 -0.101446
v 0.000000 1.865539 0.228791
v 0.000000 1.973305 0.070048
v 0.000000 1.740117 -0.283843
v 0.000000 1.797064 0.261876
v 0.000000 1.675999 -0.301702
v 0.000000 1.753388 0.293481
v 0.000000 1.635316 -0.301120
v 0.000000 1.736218 0.296247
v 0.000000 1.732906 0.225020
v 0.000000 1.628412 -0.232884
v 0.000000 1.832699 -0.190342
v 0.000000 1.832699 0.183184
v 0.000000 1.900705 -0.085012
v 0.000000 1.900705 0.096193
v 0.000000 1.754777 -0.239502
v 0.000000 1.789235 0.221244
v 0.000000 1.664668 -0.234253
v 0.000000 1.759394 0.226210
v 0.000000 1.639708 -0.238299
v 0.000000 1.743046 0.231215
v 0.000000 1.602588 -0.294914
v 0.000000 1.700047 0.298345
v 0.000000 1.932964 0.158748
v 0.000000 1.919664 -0.194083
v 0.000000 1.836201 -0.266640
v -0.291749 1.279982 -0.000000
v -0.226133 1.424075 -0.000000
v -0.291749 0.537000 -0.000000
v -0.218812 0.537000 -0.218631
v -0.218812 1.279982 0.218631
v -0.169600 1.424075 -0.169459
v -0.275345 1.382296 -0.000000
v -0.169600 1.424075 0.169459
v -0.176921 1.436586 -0.000000
v -0.218812 1.279982 -0.218631
v -0.218812 0.537000 0.218631
v -0.291749 1.027946 -0.000000
v -0.218812 0.160000 -0.218631
v -0.206509 1.382296 0.206338
v -0.206509 1.382296 -0.206338
v -0.132691 1.436586 0.132581
v -0.132690 1.436586 -0.132581
v -0.218812 1.027946 -0.218631
v -0.218812 1.027946 0.218631
v -0.291749 0.198687 -0.000000
v -0.218812 0.198687 -0.218631
v -0.218812 0.198687 0.218631
v -0.218812 0.284444 0.218631
v -0.291749 0.284444 -0.000000
v -0.218812 0.284444 -0.218631
v -0.220609 1.659859 -0.000000
v -0.160517 1.451096 -0.000000
v -0.190563 1.483059 -0.000000
v -0.165457 1.659859 -0.165320
v -0.120388 1.451096 0.120288
v -0.120387 1.451096 -0.120288
v -0.142922 1.483059 0.142804
v -0.168028 1.466842 -0.000000
v -0.142922 1.483059 -0.142804
v -0.165457 1.659859 0.165320
v -0.213098 1.535486 -0.000000
v -0.165457 1.820204 -0.165320
v -0.126021 1.466842 -0.125917
v -0.126021 1.466842 0.125917
v -0.159823 1.535486 -0.159691
v -0.159823 1.535486 0.159691
v -0.291749 0.160000 -0.000000
v -0.218812 0.160000 0.218631
v -0.165457 1.820204 0.165320
v -0.220609 1.820204 -0.000000
v -0.102013 1.898445 -0.000000
v -0.076510 1.898445 0.076446
v -0.076510 1.898445 -0.076447
v -0.261185 0.828158 0.287334
v -0.142976 1.375378 0.282923
v -0.173672 1.434451 0.131204
v -0.260234 1.179188 0.288302
v -0.312564 0.828136 0.162421
v -0.312037 1.060684 0.163564
v -0.089916 1.380963 0.305524
v -0.232736 1.304162 0.277550
v -0.172328 0.828159 0.338569
v -0.230534 1.338193 0.274057
v -0.236119 1.397754 0.125895
v -0.172313 1.201644 0.338547
v -0.172320 1.278280 0.327120
v -0.209772 0.828161 0.210089
v -0.127909 1.375378 0.203621
v -0.237852 1.320580 0.194943
v -0.156294 1.405430 0.122186
v -0.234411 1.178038 0.208745
v -0.254441 0.828149 0.148930
v -0.254953 1.094507 0.147815
v -0.089916 1.380963 0.226078
v -0.235895 1.295740 0.196747
v -0.157774 0.828160 0.253381
v -0.218921 1.368468 0.117406
v -0.157795 1.199436 0.253419
v -0.163681 1.325062 0.216509
v -0.158141 1.304960 0.238121
v -0.134407 1.329587 0.320479
v -0.126799 1.353012 0.221293
v -0.081840 1.336438 0.238807
v -0.092926 1.363806 0.313432
v -0.261185 0.828158 -0.255234
v -0.142976 1.375378 -0.250823
v -0.173672 1.434451 -0.131204
v -0.260234 1.179188 -0.256202
v -0.312564 0.828136 -0.183693
v -0.312037 1.060684 -0.184836
v -0.089916 1.380963 -0.273424
v -0.232736 1.304162 -0.245450
v -0.172328 0.828159 -0.306468
v -0.230534 1.338193 -0.241957
v -0.236119 1.397754 -0.125895
v -0.172313 1.201644 -0.306446
v -0.172320 1.278280 -0.295020
v -0.340143 0.828122 0.000000
v -0.173559 1.449374 0.000000
v -0.340143 1.040459 0.000000
v -0.236289 1.412528 0.000000
v -0.209772 0.828161 -0.210089
v -0.127909 1.375378 -0.203621
v -0.237852 1.320580 -0.194943
v -0.156294 1.405430 -0.122186
v -0.234411 1.178038 -0.208745
v -0.254441 0.828149 -0.148930
v -0.254953 1.094507 -0.147815
v -0.089916 1.380963 -0.226078
v -0.235895 1.295740 -0.196747
v -0.157774 0.828160 -0.253381
v -0.218921 1.368468 -0.117406
v -0.157795 1.199436 -0.253419
v -0.163681 1.325062 -0.216509
v -0.158141 1.304960 -0.238121
v -0.279312 0.828140 0.000000
v -0.155697 1.419264 0.000000
v -0.218434 1.382413 0.000000
v -0.279312 1.075119 0.000000
v -0.196291 1.321811 -0.276444
v -0.159133 1.338772 -0.282406
v -0.134407 1.329587 -0.288378
v -0.126799 1.353012 -0.221293
v -0.081840 1.336438 -0.238807
v -0.092926 1.363806 -0.281331
v -0.187313 1.903657 -0.084120
v -0.131119 1.871809 0.203562
v -0.189114 1.913508 0.032386
v -0.189147 1.884588 -0.164411
v -0.126621 1.966473 0.063671
v -0.126621 1.960059 -0.094964
v -0.131119 1.794900 0.237526
v -0.281685 1.771589 0.028278
v -0.222044 1.837592 0.125532
v -0.248190 1.834728 0.008176
v -0.235956 1.833613 -0.072779
v -0.219485 1.784648 0.150404
v -0.191169 1.744780 -0.233063
v -0.239003 1.750991 -0.157089
v -0.282649 1.762219 -0.063023
v -0.131421 1.750021 0.268330
v -0.244245 1.690085 -0.168000
v -0.191650 1.680927 -0.252752
v -0.219492 1.737610 0.173630
v -0.289899 1.705408 -0.054870
v -0.292013 1.718767 0.045995
v -0.137981 1.734482 0.271205
v -0.255272 1.603895 -0.172219
v -0.205131 1.619430 -0.267786
v -0.229680 1.719634 0.172075
v -0.284707 1.597972 -0.054996
v -0.303545 1.607345 0.040925
v -0.161798 1.613917 -0.207677
v -0.127648 1.725164 0.200696
v -0.155515 1.825206 -0.157232
v -0.099142 1.836861 0.165652
v -0.171990 1.858071 0.005590
v -0.091718 1.900705 0.005590
v -0.068790 1.900705 0.080882
v -0.068790 1.900705 -0.069701
v -0.124662 1.787470 0.203044
v -0.199617 1.713759 0.006217
v -0.182641 1.702488 0.161835
v -0.191269 1.587614 -0.151557
v -0.150866 1.799475 0.103602
v -0.182127 1.799087 0.003380
v -0.183778 1.765354 -0.088259
v -0.162737 1.776051 0.150253
v -0.218285 1.611756 0.033379
v -0.186970 1.695830 0.153330
v -0.209345 1.589657 -0.084457
v -0.173992 1.776883 0.083981
v -0.207143 1.750986 0.005414
v -0.200507 1.738782 -0.057529
v -0.158712 1.749921 -0.195477
v -0.190570 1.725075 -0.131743
v -0.199916 1.707065 -0.074448
v -0.181407 1.764548 0.115189
v -0.127270 1.752895 0.202405
v -0.191752 1.622254 -0.148585
v -0.161331 1.652264 -0.205139
v -0.166234 1.735754 0.154552
v -0.181031 1.727419 0.126132
v -0.203142 1.634862 -0.060132
v -0.202599 1.647033 0.019152
v -0.130151 1.735991 0.206199
v -0.196505 1.598084 -0.153548
v -0.189924 1.706026 0.153791
v -0.164836 1.625590 -0.211493
v -0.182301 1.714723 0.151484
v -0.209702 1.613482 -0.072821
v -0.211656 1.620706 0.030271
v -0.244412 1.576449 -0.170908
v -0.196381 1.582330 -0.262271
v -0.224136 1.682202 0.170911
v -0.137981 1.694599 0.270172
v -0.236890 1.655228 0.129614
v -0.270715 1.569554 -0.050297
v -0.285690 1.580303 0.049332
v -0.189959 1.888402 0.104539
v -0.126621 1.921364 0.144855
v -0.126329 1.677491 -0.285245
v -0.135816 1.627117 -0.291657
v -0.123148 1.741641 -0.266467
v -0.083508 1.620931 -0.219875
v -0.035505 1.900705 -0.077110
v -0.080265 1.828832 -0.173253
v -0.083267 1.658266 -0.219227
v -0.085076 1.632421 -0.224464
v -0.081915 1.752271 -0.216780
v -0.135816 1.592133 -0.287979
v -0.126621 1.914525 -0.184756
v -0.190158 1.829254 -0.219377
v -0.123148 1.838499 -0.249554
v -0.224575 1.787988 -0.152027
v -0.222781 1.824231 -0.121869
v 0.101739 0.844467 0.442276
v 0.071091 0.844467 0.316675
v 0.130637 1.268103 0.301408
v 0.241246 0.844467 0.390772
v 0.210598 0.844467 0.265172
v 0.260323 1.213205 0.253630
v 0.071091 0.967378 0.316675
v 0.210598 0.967378 0.265172
v 0.071091 0.983078 0.316675
v 0.210598 0.983078 0.265172
v 0.107574 1.019802 0.461143
v 0.158660 1.269701 0.422175
v 0.288345 1.214803 0.374397
v 0.247081 1.019802 0.409640
v 0.241246 0.991171 0.390772
v 0.101739 0.991171 0.442276
v 0.070606 0.844467 0.453557
v 0.070606 0.844467 0.322888
v 0.114915 1.228322 0.308938
v 0.070606 0.967378 0.322888
v 0.070606 0.983078 0.322888
v 0.125944 1.227878 0.433759
v 0.070606 1.019802 0.473277
v 0.070606 0.991171 0.453557
v 0.000000 0.844467 0.322958
v 0.000000 0.844467 0.453627
v 0.000000 0.967378 0.453627
v 0.000000 0.976664 0.475998
v 0.061116 1.254055 0.445032
v 0.049822 1.255026 0.314855
v 0.000000 0.967378 0.322958
v 0.000000 0.983078 0.322958
v 0.140845 0.844467 0.290923
v 0.171492 0.844467 0.416524
v 0.177328 0.975093 0.435392
v 0.171492 0.967378 0.416524
v 0.223503 1.242252 0.398286
v 0.195480 1.240654 0.277519
v 0.140845 0.967378 0.290923
v 0.140845 0.983078 0.290923
v 0.206369 0.844467 0.403648
v 0.206369 0.978621 0.403648
v 0.227901 1.226930 0.265575
v 0.175722 0.967378 0.278048
v 0.175722 0.983078 0.278048
v 0.175722 0.844467 0.278048
v 0.212204 0.986336 0.422516
v 0.255924 1.228527 0.386341
v 0.105968 0.844467 0.303799
v 0.142451 0.986336 0.448267
v 0.191081 1.255976 0.410230
v 0.136616 0.844467 0.429400
v 0.136616 0.978621 0.429400
v 0.163059 1.254378 0.289464
v 0.105968 0.967378 0.303799
v 0.105968 0.983078 0.303799
v 0.035303 0.844467 0.453592
v 0.082368 1.241674 0.311897
v 0.035303 0.844467 0.322923
v 0.035303 0.978621 0.453592
v 0.035303 0.987121 0.474637
v 0.093530 1.240966 0.439395
v 0.035303 0.983078 0.322923
v 0.035303 0.967378 0.322923
v 0.111160 1.100380 0.451686
v 0.130710 1.190770 0.437891
v 0.095823 1.178161 0.310255
v 0.073919 1.075782 0.316034
v 0.225508 1.123263 0.262477
v 0.211746 1.052068 0.265478
v 0.260396 1.135872 0.390114
v 0.248988 1.076666 0.401130
v 0.142833 1.063925 0.290756
v 0.160665 1.150712 0.286366
v 0.190196 1.149481 0.415364
v 0.175447 1.059102 0.427595
v 0.223964 1.139237 0.403077
v 0.211068 1.060572 0.414657
v 0.177290 1.057996 0.278117
v 0.193087 1.136988 0.274421
v 0.108376 1.069853 0.303395
v 0.128244 1.164436 0.298310
v 0.159121 1.166685 0.426966
v 0.142154 1.072429 0.439936
v 0.078362 1.138669 0.311441
v 0.070287 1.072819 0.322888
v 0.094668 1.149332 0.444279
v 0.074126 1.097176 0.464916
v -0.000124 1.079589 0.468541
v 0.024401 1.162368 0.455018
v 0.013269 1.165373 0.317358
v 0.000542 1.083813 0.322958
v 0.035415 1.078315 0.322923
v 0.045816 1.152021 0.314400
v 0.058136 1.152421 0.449745
v 0.035848 1.081064 0.466729
v -0.097028 0.844467 0.469702
v -0.073190 0.844467 0.342633
v -0.032475 1.213851 0.315308
v -0.239107 0.844467 0.425788
v -0.215269 0.844467 0.298719
v -0.163650 1.268988 0.272087
v -0.073190 0.967378 0.342633
v -0.215269 0.967378 0.298719
v -0.073190 0.983078 0.342633
v -0.215269 0.983078 0.298719
v -0.101838 1.019802 0.488856
v -0.043196 1.242249 0.435520
v -0.174370 1.297386 0.392299
v -0.243917 1.019802 0.444943
v -0.239107 0.991171 0.425788
v -0.097028 0.991171 0.469702
v -0.070606 0.844467 0.453557
v -0.070606 0.844467 0.322888
v -0.015283 1.281731 0.320632
v -0.070606 0.967378 0.322888
v -0.070606 0.983078 0.322888
v -0.004254 1.281287 0.445453
v -0.070606 1.019802 0.473277
v -0.070606 0.991171 0.453557
v -0.144230 0.844467 0.320676
v -0.168067 0.844467 0.447745
v -0.172877 0.975093 0.466900
v -0.168067 0.967378 0.447745
v -0.108783 1.269818 0.413909
v -0.098062 1.241420 0.293698
v -0.144230 0.967378 0.320676
v -0.144230 0.983078 0.320676
v -0.203587 0.844467 0.436767
v -0.203587 0.978621 0.436767
v -0.130856 1.255204 0.282892
v -0.179749 0.967378 0.309697
v -0.179749 0.983078 0.309697
v -0.179749 0.844467 0.309697
v -0.208397 0.986336 0.455921
v -0.141577 1.283602 0.403104
v -0.108710 0.844467 0.331654
v -0.137358 0.986336 0.477878
v -0.075990 1.256033 0.424715
v -0.132547 0.844467 0.458724
v -0.132547 0.978621 0.458724
v -0.065269 1.227635 0.304503
v -0.108710 0.967378 0.331654
v -0.108710 0.983078 0.331654
v -0.035303 0.844467 0.453592
v 0.017269 1.268379 0.317744
v -0.035303 0.844467 0.322923
v -0.035303 0.978621 0.453592
v -0.035303 0.987121 0.474637
v 0.028431 1.267671 0.445242
v -0.035303 0.983078 0.322923
v -0.035303 0.967378 0.322923
v -0.099851 1.100393 0.480784
v -0.080901 1.169128 0.457656
v -0.073961 1.127847 0.331501
v -0.076341 1.072917 0.342633
v -0.205136 1.182985 0.288280
v -0.217518 1.088897 0.298719
v -0.212076 1.224265 0.414435
v -0.241029 1.116374 0.436870
v -0.146930 1.080907 0.320676
v -0.139548 1.155416 0.309891
v -0.152872 1.183463 0.438537
v -0.173793 1.078767 0.458827
v -0.184060 1.200575 0.427105
v -0.208244 1.090209 0.447848
v -0.182224 1.084902 0.309697
v -0.172342 1.169200 0.299085
v -0.111635 1.076912 0.331654
v -0.106755 1.141631 0.320696
v -0.118473 1.173006 0.448716
v -0.137655 1.082219 0.469805
v -0.051836 1.192079 0.323135
v -0.069203 1.094807 0.322888
v -0.035530 1.202742 0.455973
v -0.065363 1.119164 0.464916
v -0.034330 1.089310 0.322923
v -0.019283 1.178726 0.320247
v -0.006963 1.179126 0.455592
v -0.033897 1.092059 0.466729
v -0.395124 1.264025 0.631252
v -0.389353 1.382168 0.631252
v -0.397050 1.224606 -0.079544
v -0.389353 1.382168 -0.079544
v -0.240091 1.256452 0.631252
v -0.234320 1.374596 0.631252
v -0.242016 1.217033 -0.079544
v -0.234320 1.374596 -0.079544
v -0.398270 1.199621 -0.175972
v -0.387960 1.410693 -0.175972
v -0.243236 1.192048 -0.175972
v -0.232926 1.403120 -0.175972
v -0.390176 1.365337 -0.175972
v -0.235142 1.357764 -0.175972
v -0.235588 1.348637 -0.145585
v -0.390621 1.356209 -0.145585
v -0.234320 1.374596 -0.145585
v -0.242016 1.217033 -0.145585
v -0.389353 1.382168 -0.145585
v -0.397050 1.224606 -0.145585
v -0.390484 1.359016 0.631252
v -0.390621 1.356209 -0.079544
v -0.235588 1.348637 -0.079544
v -0.235451 1.351443 0.631252
v -0.396804 1.229641 0.184795
v -0.397050 1.224606 -0.049276
v -0.243551 1.222155 0.184929
v -0.242016 1.217033 -0.049276
v -0.399885 1.130000 0.212764
v -0.402059 1.085502 -0.014675
v -0.248413 1.122601 0.212764
v -0.250587 1.078104 -0.014675
v -0.403955 1.046679 0.262756
v -0.410787 0.906824 0.097276
v -0.252483 1.039280 0.262756
v -0.259315 0.899425 0.097276
v -0.407252 0.979188 0.343401
v -0.416426 0.791373 0.231673
v -0.255780 0.971789 0.343401
v -0.264954 0.783974 0.231673
v -0.408900 0.945437 0.427149
v -0.418720 0.744412 0.344754
v -0.257429 0.938038 0.427149
v -0.267248 0.737013 0.344754
v -0.318629 1.239308 0.401023
v -0.367337 1.262328 0.401023
v -0.385501 1.313048 0.401023
v -0.362480 1.361755 0.401023
v -0.311761 1.379919 0.401023
v -0.263053 1.356899 0.401023
v -0.244889 1.306179 0.401023
v -0.267909 1.257471 0.401023
v -0.318524 1.241466 0.925736
v -0.365736 1.263780 0.925736
v -0.383342 1.312942 0.925736
v -0.361029 1.360155 0.925736
v -0.311866 1.377761 0.925736
v -0.264654 1.355447 0.925736
v -0.247047 1.306285 0.925736
v -0.269361 1.259072 0.925736
v -0.317537 1.261667 0.927417
v -0.350754 1.277366 0.927417
v -0.363141 1.311955 0.927417
v -0.347442 1.345172 0.927417
v -0.312853 1.357559 0.927417
v -0.279636 1.341860 0.927417
v -0.267249 1.307271 0.927417
v -0.282948 1.274054 0.927417
v -0.317623 1.259911 0.953779
v -0.352057 1.276185 0.953779
v -0.364898 1.312041 0.953779
v -0.348624 1.346475 0.953779
v -0.312767 1.359316 0.953779
v -0.278333 1.343042 0.953779
v -0.265493 1.307186 0.953779
v -0.281767 1.272752 0.953779
v -0.235142 1.357764 -0.324868
v -0.390176 1.365337 -0.324868
v -0.232926 1.403120 -0.324868
v -0.244719 1.161697 -0.324868
v -0.387960 1.410693 -0.324868
v -0.399753 1.169270 -0.324868
v -0.389353 1.382168 0.184795
v -0.234320 1.374596 0.184795
v -0.235479 1.350853 0.184795
v -0.390513 1.358426 0.184795
v -0.389353 1.382168 0.012461
v -0.390551 1.357642 0.012461
v -0.234320 1.374596 0.012461
v -0.235518 1.350069 0.012461
v -0.234320 1.374596 0.348185
v -0.235469 1.351072 0.348185
v -0.389353 1.382168 0.348185
v -0.390502 1.358645 0.348185
v -0.242821 1.223529 0.348269
v -0.396735 1.231047 0.348185
v -0.383941 1.012845 0.470354
v -0.370997 1.277830 0.496063
v -0.383222 1.027566 0.348460
v -0.370278 1.292551 0.374169
v -0.275500 1.007548 0.470354
v -0.262557 1.272533 0.496063
v -0.274781 1.022269 0.348460
v -0.261838 1.287254 0.374169
v -0.366252 1.374987 0.303225
v -0.366252 1.374987 0.181331
v -0.257811 1.369690 0.303225
v -0.257811 1.369690 0.181331
v -0.359691 1.509305 0.223206
v -0.362890 1.443817 0.303892
v -0.251250 1.504009 0.223206
v -0.254449 1.438520 0.303892
v -0.366252 1.374987 0.470008
v -0.366252 1.374987 0.591903
v -0.257811 1.369690 0.470008
v -0.257811 1.369690 0.591903
v -0.359691 1.509305 0.550027
v -0.362890 1.443817 0.469342
v -0.251250 1.504009 0.550027
v -0.254449 1.438520 0.469342
v -0.366950 1.360681 0.908811
v -0.362646 1.448808 0.905160
v -0.366947 1.360750 0.813682
v -0.362642 1.448878 0.828756
v -0.258510 1.355384 0.908811
v -0.254205 1.443511 0.905160
v -0.258507 1.355453 0.813682
v -0.254202 1.443581 0.828756
v 0.000000 0.123155 -0.800000
v 0.000000 0.161923 -0.768835
v 0.000000 0.142539 -0.795825
v 0.000000 0.156729 -0.784418
v 0.000000 0.161923 0.768835
v 0.000000 0.123155 0.800000
v 0.000000 0.156729 0.784418
v 0.000000 0.142539 0.795825
v 0.149992 0.161923 0.754062
v 0.156072 0.123155 0.784628
v 0.153032 0.156729 0.769345
v 0.155258 0.142539 0.780533
v 0.294220 0.161923 0.710311
v 0.306147 0.123155 0.739104
v 0.300184 0.156729 0.724707
v 0.304549 0.142539 0.735246
v 0.427142 0.161923 0.639263
v 0.444456 0.123155 0.665176
v 0.435799 0.156729 0.652219
v 0.442136 0.142539 0.661704
v 0.543648 0.161923 0.543649
v 0.565685 0.123155 0.565685
v 0.554667 0.156729 0.554667
v 0.562733 0.142539 0.562733
v 0.639263 0.161923 0.427142
v 0.665176 0.123155 0.444456
v 0.652219 0.156729 0.435799
v 0.661704 0.142539 0.442137
v 0.710311 0.161923 0.294220
v 0.739103 0.123155 0.306147
v 0.724707 0.156729 0.300184
v 0.735246 0.142539 0.304549
v 0.754062 0.161923 0.149992
v 0.784628 0.123155 0.156072
v 0.769345 0.156729 0.153032
v 0.780533 0.142539 0.155258
v 0.768835 0.161923 -0.000000
v 0.800000 0.123155 -0.000000
v 0.784417 0.156729 -0.000000
v 0.795825 0.142539 -0.000000
v 0.754062 0.161923 -0.149992
v 0.784628 0.123155 -0.156072
v 0.769345 0.156729 -0.153032
v 0.780533 0.142539 -0.155258
v 0.710311 0.161923 -0.294220
v 0.739103 0.123155 -0.306147
v 0.724707 0.156729 -0.300184
v 0.735246 0.142539 -0.304549
v 0.639263 0.161923 -0.427142
v 0.665176 0.123155 -0.444456
v 0.652219 0.156729 -0.435799
v 0.661704 0.142539 -0.442137
v 0.543648 0.161923 -0.543649
v 0.565685 0.123155 -0.565685
v 0.554667 0.156729 -0.554667
v 0.562733 0.142539 -0.562733
v 0.427142 0.161923 -0.639263
v 0.444456 0.123155 -0.665176
v 0.435799 0.156729 -0.652219
v 0.442136 0.142539 -0.661704
v 0.294220 0.161923 -0.710311
v 0.306147 0.123155 -0.739104
v 0.300184 0.156729 -0.724707
v 0.304549 0.142539 -0.735246
v 0.149992 0.161923 -0.754062
v 0.156072 0.123155 -0.784628
v 0.153032 0.156729 -0.769345
v 0.155258 0.142539 -0.780533
v 0.000000 -0.001878 -0.790430
v 0.000000 0.007646 -0.800000
v 0.000000 -0.000602 -0.795215
v 0.000000 0.002884 -0.798718
v 0.000000 0.007646 0.800000
v 0.000000 -0.001878 0.790430
v 0.000000 0.002884 0.798718
v 0.000000 -0.000602 0.795215
v 0.156072 0.007646 0.784628
v 0.154205 -0.001878 0.775242
v 0.155822 0.002884 0.783371
v 0.155139 -0.000602 0.779935
v 0.306147 0.007646 0.739104
v 0.302484 -0.001878 0.730262
v 0.305656 0.002884 0.737919
v 0.304315 -0.000602 0.734683
v 0.444456 0.007646 0.665176
v 0.439139 -0.001878 0.657218
v 0.443744 0.002884 0.664110
v 0.441798 -0.000602 0.661197
v 0.565685 0.007646 0.565685
v 0.558918 -0.001878 0.558918
v 0.564779 0.002884 0.564779
v 0.562302 -0.000602 0.562302
v 0.665176 0.007646 0.444456
v 0.657218 -0.001878 0.439139
v 0.664109 0.002884 0.443744
v 0.661197 -0.000602 0.441798
v 0.739103 0.007646 0.306147
v 0.730262 -0.001878 0.302484
v 0.737919 0.002884 0.305656
v 0.734683 -0.000602 0.304315
v 0.784628 0.007646 0.156072
v 0.775242 -0.001878 0.154205
v 0.783371 0.002884 0.155822
v 0.779935 -0.000602 0.155139
v 0.800000 0.007646 -0.000000
v 0.790429 -0.001878 -0.000000
v 0.798718 0.002884 -0.000000
v 0.795215 -0.000602 -0.000000
v 0.784628 0.007646 -0.156072
v 0.775242 -0.001878 -0.154205
v 0.783371 0.002884 -0.155822
v 0.779935 -0.000602 -0.155139
v 0.739103 0.007646 -0.306147
v 0.730262 -0.001878 -0.302484
v 0.737919 0.002884 -0.305656
v 0.734683 -0.000602 -0.304315
v 0.665176 0.007646 -0.444456
v 0.657218 -0.001878 -0.439139
v 0.664109 0.002884 -0.443744
v 0.661197 -0.000602 -0.441798
v 0.565685 0.007646 -0.565685
v 0.558918 -0.001878 -0.558918
v 0.564779 0.002884 -0.564779
v 0.562302 -0.000602 -0.562302
v 0.444456 0.007646 -0.665176
v 0.439139 -0.001878 -0.657218
v 0.443744 0.002884 -0.664110
v 0.441798 -0.000602 -0.661197
v 0.306147 0.007646 -0.739104
v 0.302484 -0.001878 -0.730262
v 0.305656 0.002884 -0.737919
v 0.304315 -0.000602 -0.734683
v 0.156072 0.007646 -0.784628
v 0.154205 -0.001878 -0.775242
v 0.155822 0.002884 -0.783371
v 0.155139 -0.000602 -0.779935
v -0.149992 0.161923 0.754062
v -0.156072 0.123155 0.784628
v -0.153032 0.156729 0.769345
v -0.155258 0.142539 0.780533
v -0.294220 0.161923 0.710311
v -0.306147 0.123155 0.739104
v -0.300184 0.156729 0.724707
v -0.304549 0.142539 0.735246
v -0.427142 0.161923 0.639263
v -0.444456 0.123155 0.665176
v -0.435799 0.156729 0.652219
v -0.442136 0.142539 0.661704
v -0.543648 0.161923 0.543649
v -0.565685 0.123155 0.565685
v -0.554667 0.156729 0.554667
v -0.562733 0.142539 0.562733
v -0.639263 0.161923 0.427142
v -0.665176 0.123155 0.444456
v -0.652219 0.156729 0.435799
v -0.661704 0.142539 0.442137
v -0.710311 0.161923 0.294220
v -0.739103 0.123155 0.306147
v -0.724707 0.156729 0.300184
v -0.735246 0.142539 0.304549
v -0.754062 0.161923 0.149992
v -0.784628 0.123155 0.156072
v -0.769345 0.156729 0.153032
v -0.780533 0.142539 0.155258
v -0.768835 0.161923 -0.000000
v -0.800000 0.123155 -0.000000
v -0.784417 0.156729 -0.000000
v -0.795825 0.142539 -0.000000
v -0.754062 0.161923 -0.149992
v -0.784628 0.123155 -0.156072
v -0.769345 0.156729 -0.153032
v -0.780533 0.142539 -0.155258
v -0.710311 0.161923 -0.294220
v -0.739103 0.123155 -0.306147
v -0.724707 0.156729 -0.300184
v -0.735246 0.142539 -0.304549
v -0.639263 0.161923 -0.427142
v -0.665176 0.123155 -0.444456
v -0.652219 0.156729 -0.435799
v -0.661704 0.142539 -0.442137
v -0.543648 0.161923 -0.543649
v -0.565685 0.123155 -0.565685
v -0.554667 0.156729 -0.554667
v -0.562733 0.142539 -0.562733
v -0.427142 0.161923 -0.639263
v -0.444456 0.123155 -0.665176
v -0.435799 0.156729 -0.652219
v -0.442136 0.142539 -0.661704
v -0.294220 0.161923 -0.710311
v -0.306147 0.123155 -0.739104
v -0.300184 0.156729 -0.724707
v -0.304549 0.142539 -0.735246
v -0.149992 0.161923 -0.754062
v -0.156072 0.123155 -0.784628
v -0.153032 0.156729 -0.769345
v -0.155258 0.142539 -0.780533
v -0.156072 0.007646 0.784628
v -0.154205 -0.001878 0.775242
v -0.155822 0.002884 0.783371
v -0.155139 -0.000602 0.779935
v -0.306147 0.007646 0.739104
v -0.302484 -0.001878 0.730262
v -0.305656 0.002884 0.737919
v -0.304315 -0.000602 0.734683
v -0.444456 0.007646 0.665176
v -0.439139 -0.001878 0.657218
v -0.443744 0.002884 0.664110
v -0.441798 -0.000602 0.661197
v -0.565685 0.007646 0.565685
v -0.558918 -0.001878 0.558918
v -0.564779 0.002884 0.564779
v -0.562302 -0.000602 0.562302
v -0.665176 0.007646 0.444456
v -0.657218 -0.001878 0.439139
v -0.664109 0.002884 0.443744
v -0.661197 -0.000602 0.441798
v -0.739103 0.007646 0.306147
v -0.730262 -0.001878 0.302484
v -0.737919 0.002884 0.305656
v -0.734683 -0.000602 0.304315
v -0.784628 0.007646 0.156072
v -0.775242 -0.001878 0.154205
v -0.783371 0.002884 0.155822
v -0.779935 -0.000602 0.155139
v -0.800000 0.007646 -0.000000
v -0.790429 -0.001878 -0.000000
v -0.798718 0.002884 -0.000000
v -0.795215 -0.000602 -0.000000
v -0.784628 0.007646 -0.156072
v -0.775242 -0.001878 -0.154205
v -0.783371 0.002884 -0.155822
v -0.779935 -0.000602 -0.155139
v -0.739103 0.007646 -0.306147
v -0.730262 -0.001878 -0.302484
v -0.737919 0.002884 -0.305656
v -0.734683 -0.000602 -0.304315
v -0.665176 0.007646 -0.444456
v -0.657218 -0.001878 -0.439139
v -0.664109 0.002884 -0.443744
v -0.661197 -0.000602 -0.441798
v -0.565685 0.007646 -0.565685
v -0.558918 -0.001878 -0.558918
v -0.564779 0.002884 -0.564779
v -0.562302 -0.000602 -0.562302
v -0.444456 0.007646 -0.665176
v -0.439139 -0.001878 -0.657218
v -0.443744 0.002884 -0.664110
v -0.441798 -0.000602 -0.661197
v -0.306147 0.007646 -0.739104
v -0.302484 -0.001878 -0.730262
v -0.305656 0.002884 -0.737919
v -0.304315 -0.000602 -0.734683
v -0.156072 0.007646 -0.784628
v -0.154205 -0.001878 -0.775242
v -0.155822 0.002884 -0.783371
v -0.155139 -0.000602 -0.779935
vn -0.0000 0.0781 0.9969
vn 0.6250 0.4673 0.6253
vn -0.0000 0.4628 0.8864
vn -0.0000 -0.0000 1.0000
vn 0.7046 0.0821 0.7049
vn 0.7046 0.0821 -0.7049
vn -0.0000 -0.0000 -1.0000
vn -0.0000 0.0781 -0.9969
vn 0.6250 0.4673 -0.6253
vn 1.0000 -0.0000 -0.0000
vn 0.9969 0.0782 -0.0000
vn 0.8864 0.4630 -0.0000
vn -0.0000 0.8696 0.4937
vn 0.2772 0.9199 0.2774
vn -0.0000 0.9035 0.4287
vn 0.3452 0.8727 0.3455
vn 0.3452 0.8727 -0.3455
vn -0.0000 0.4628 -0.8864
vn -0.0000 0.8696 -0.4937
vn 0.2772 0.9199 -0.2774
vn 0.4935 0.8698 -0.0000
vn 0.4284 0.9036 -0.0000
vn 0.6845 0.2492 0.6851
vn -0.0000 0.2279 0.9737
vn 0.6845 0.2493 -0.6851
vn -0.0000 0.9035 -0.4287
vn -0.0000 0.2279 -0.9737
vn 0.9737 0.2280 -0.0000
vn 0.7069 -0.0000 0.7073
vn 0.7664 -0.6423 -0.0000
vn 0.7069 -0.0000 -0.7073
vn 0.5553 -0.6189 -0.5555
vn -0.0000 -0.6424 -0.7664
vn 0.5553 -0.6189 0.5555
vn 0.9996 -0.0300 -0.0000
vn 0.6877 -0.2319 -0.6880
vn 0.6958 -0.0144 -0.7181
vn 0.8990 0.4380 -0.0000
vn 0.6958 -0.0144 0.7181
vn 0.6877 -0.2319 0.6880
vn 0.9747 -0.2236 -0.0000
vn -0.0000 0.0358 0.9994
vn -0.0000 0.4630 0.8864
vn -0.0000 0.4630 -0.8864
vn -0.0000 0.0358 -0.9994
vn -0.0000 -0.2234 -0.9747
vn -0.0000 -0.6668 -0.7453
vn -0.0000 -0.6668 0.7453
vn 0.7450 -0.6671 -0.0000
vn 0.5607 -0.6091 -0.5610
vn -0.0000 -0.6006 -0.7995
vn 0.5059 -0.6985 -0.5062
vn -0.0000 -0.6006 0.7995
vn 0.5059 -0.6985 0.5062
vn 0.5607 -0.6091 0.5610
vn -0.0000 -0.2234 0.9747
vn 0.7994 -0.6008 -0.0000
vn -0.0000 -1.0000 -0.0000
vn 0.2282 0.9347 -0.2726
vn 0.6010 0.4294 -0.6741
vn 0.3395 0.9406 -0.0000
vn -0.0000 0.9384 -0.3455
vn -0.0000 0.9384 0.3455
vn 0.2282 0.9347 0.2726
vn 0.6010 0.4294 0.6741
vn 0.6291 0.0530 0.7755
vn 0.3871 0.2553 0.8860
vn 0.3465 0.0677 0.9356
vn -0.4592 -0.6158 -0.6403
vn -0.4043 -0.5055 -0.7622
vn -0.3863 -0.4644 -0.7969
vn 0.3374 -0.0004 0.9414
vn 0.9535 0.0013 0.3015
vn 0.7528 -0.0002 0.6583
vn 0.9613 0.0004 0.2756
vn 0.9999 0.0009 0.0103
vn 1.0000 -0.0000 0.0096
vn -0.0000 0.0001 1.0000
vn -0.0000 0.0968 0.9953
vn -0.3420 -0.0587 -0.9379
vn -0.4130 -0.1379 -0.9002
vn -0.6075 -0.0164 -0.7941
vn 0.2468 -0.8959 -0.3693
vn -0.5020 -0.8165 -0.2852
vn -0.4029 0.0184 -0.9151
vn -0.7379 0.0264 -0.6744
vn -0.9444 0.0362 -0.3269
vn -0.9217 -0.0003 -0.3880
vn -1.0000 0.0008 -0.0000
vn -1.0000 -0.0000 -0.0000
vn -0.3788 -0.4344 -0.8171
vn -0.0000 0.0001 -1.0000
vn 0.2600 -0.9656 -0.0000
vn -0.0000 -0.0897 -0.9960
vn -0.3644 -0.3440 -0.8654
vn -0.0002 -1.0000 -0.0000
vn -0.0001 -1.0000 -0.0000
vn 0.9984 0.0551 -0.0124
vn 0.9997 -0.0026 0.0239
vn 0.9942 0.0766 0.0749
vn -0.0768 0.9967 0.0259
vn 0.0763 0.9970 -0.0100
vn 0.0392 0.9992 -0.0000
vn 0.9109 -0.3712 -0.1804
vn -0.8386 0.5446 0.0122
vn -0.4907 0.8687 0.0679
vn 0.8619 -0.5070 -0.0000
vn -0.8611 0.5084 -0.0000
vn -0.8546 0.5190 -0.0198
vn 0.5826 0.7791 -0.2314
vn 0.8694 0.4065 -0.2810
vn 0.8873 0.3559 -0.2932
vn -0.0003 -1.0000 -0.0000
vn 0.4975 0.8675 0.0044
vn 0.5468 0.7454 -0.3812
vn -0.0000 1.0000 -0.0000
vn 0.9982 -0.0415 0.0433
vn 0.3960 0.6255 0.6723
vn 0.3085 0.4420 0.8423
vn 0.3183 0.4182 0.8508
vn -0.0000 0.2126 0.9771
vn 0.3654 0.4417 0.8194
vn 0.4369 0.2765 0.8560
vn 0.3023 0.4765 0.8256
vn -0.3403 -0.2811 -0.8973
vn -0.2394 -0.3209 -0.9163
vn -0.0000 -0.1815 -0.9834
vn -0.0000 -0.1947 -0.9809
vn -0.0000 0.1876 0.9823
vn -0.0000 0.2088 0.9780
vn -0.0000 0.1770 0.9842
vn 0.3650 0.1745 -0.9145
vn 0.5760 0.0546 -0.8157
vn 0.3465 0.0677 -0.9356
vn -0.4592 -0.6158 0.6403
vn -0.4043 -0.5055 0.7622
vn -0.3788 -0.4344 0.8171
vn 0.3374 -0.0004 -0.9414
vn 0.6710 -0.0009 -0.7415
vn 0.8993 0.0008 -0.4374
vn 0.9266 -0.0002 -0.3760
vn 0.4895 0.3243 -0.8095
vn 0.3791 0.7273 -0.5721
vn 0.5065 0.5846 -0.6338
vn -0.3420 -0.0587 0.9379
vn -0.4130 -0.1379 0.9002
vn -0.3644 -0.3440 0.8654
vn 0.2468 -0.8959 0.3693
vn -0.5020 -0.8165 0.2852
vn -0.4029 0.0184 0.9151
vn -0.6075 -0.0164 0.7941
vn -0.9444 0.0362 0.3269
vn -0.7379 0.0264 0.6744
vn -0.9217 -0.0003 0.3880
vn -0.0000 -0.0897 0.9960
vn -0.5065 -0.8623 -0.0000
vn -0.0000 -0.1947 0.9809
vn -0.0002 -1.0000 -0.0001
vn -0.0001 -1.0000 -0.0001
vn 0.9981 0.0181 -0.0594
vn 0.9992 0.0354 -0.0185
vn 0.9885 0.0935 -0.1188
vn 0.0708 0.9974 0.0113
vn -0.1175 0.9918 -0.0502
vn 0.9061 -0.3812 0.1835
vn -0.4274 0.8984 -0.1009
vn -0.8381 0.5453 -0.0165
vn -0.8546 0.5190 0.0198
vn 0.8296 0.3710 0.4173
vn 0.6235 0.7392 0.2546
vn 0.8177 0.3545 0.4535
vn 0.6134 0.7394 0.2774
vn 0.4984 0.8670 0.0026
vn -0.0000 -1.0000 0.0001
vn 0.2873 0.4888 -0.8237
vn 0.2233 0.4122 -0.8833
vn 0.2915 0.5019 -0.8143
vn -0.0000 0.2126 -0.9771
vn 0.5086 0.8610 -0.0000
vn 0.5009 0.8112 -0.3017
vn 0.5065 0.8623 -0.0000
vn 0.1588 0.2938 -0.9426
vn 0.6280 0.1212 -0.7687
vn -0.3863 -0.4644 0.7969
vn -0.2394 -0.3209 0.9163
vn -0.3403 -0.2811 0.8973
vn -0.0000 -0.1815 0.9834
vn 0.4896 0.8397 0.2352
vn 0.5078 0.8316 0.2247
vn 0.4839 0.8237 -0.2957
vn -0.0000 0.0968 -0.9953
vn -0.0000 0.1876 -0.9823
vn -0.0000 0.2088 -0.9780
vn -0.2633 -0.9003 -0.3467
vn -0.4630 -0.8854 -0.0423
vn -0.4611 -0.8722 0.1636
vn -0.3207 -0.9432 0.0864
vn -0.3186 -0.9479 0.0025
vn -0.3920 -0.9096 0.1378
vn 0.4531 0.4346 0.7783
vn -0.0000 0.5684 0.8228
vn -0.0000 0.5139 0.8579
vn 0.3106 0.7651 -0.5641
vn 0.7471 0.6457 -0.1577
vn 0.7135 0.6176 -0.3309
vn -0.0000 0.4196 -0.9077
vn 0.2801 0.2261 -0.9330
vn -0.0000 0.2268 -0.9739
vn -0.3142 -0.9306 0.1876
vn -0.1693 -0.9312 0.3229
vn -0.3760 -0.8852 0.2740
vn 0.3721 0.7740 0.5123
vn -0.0000 0.9739 0.2270
vn -0.0000 0.8318 0.5550
vn 0.6686 0.0390 -0.7426
vn 0.1981 -0.1221 -0.9726
vn 0.2198 0.0471 -0.9744
vn 0.4147 0.5488 0.7259
vn 0.7873 0.2594 0.5594
vn 0.7973 0.4193 0.4342
vn 0.7089 0.6263 0.3243
vn 0.8411 0.5404 0.0226
vn 0.7396 0.6691 0.0724
vn -0.0000 0.7725 -0.6351
vn 0.2638 0.4102 -0.8730
vn -0.4463 -0.7868 0.4264
vn -0.4488 -0.8374 0.3120
vn -0.4603 -0.8386 0.2914
vn 0.6913 0.3272 -0.6442
vn 0.9584 0.1730 0.2269
vn 0.8224 0.1367 0.5523
vn 0.9483 -0.2360 0.2124
vn 0.9311 0.3345 0.1455
vn 0.7604 0.3412 0.5526
vn 0.4116 0.4205 0.8086
vn 0.9733 0.0579 -0.2219
vn -0.0000 0.3766 0.9264
vn 0.6372 0.2461 -0.7303
vn -0.0000 0.1120 0.9937
vn 0.5045 0.1739 0.8457
vn 0.9239 -0.1028 -0.3685
vn 0.6312 -0.2648 -0.7290
vn 0.6135 -0.3857 0.6891
vn 0.8280 -0.4649 0.3135
vn 0.8623 0.4086 -0.2990
vn 0.9319 0.2800 -0.2307
vn 0.8444 0.2600 -0.4684
vn 0.9443 -0.2457 -0.2191
vn 0.8617 -0.3665 -0.3509
vn 0.8878 0.1255 -0.4428
vn -0.9950 0.0178 -0.0981
vn -0.9701 -0.1805 0.1624
vn -0.9917 -0.0777 0.1023
vn -0.8473 -0.5151 -0.1296
vn -0.9852 -0.1281 -0.1139
vn -0.0000 -0.4170 -0.9089
vn -0.4046 -0.7240 -0.5587
vn -0.5101 -0.3655 -0.7786
vn -0.6114 -0.2390 0.7544
vn -0.1898 -0.6673 0.7202
vn -0.2490 -0.2584 0.9334
vn -0.8077 -0.5840 -0.0813
vn -0.2154 -0.9409 0.2615
vn -0.6133 -0.5861 0.5295
vn -0.0000 -0.9366 -0.3503
vn -0.0674 -0.9557 0.2865
vn -0.2835 -0.9590 -0.0000
vn -0.2550 -0.9240 -0.2849
vn -0.9112 0.1531 0.3825
vn -0.4852 0.3888 0.7832
vn -0.7954 0.4704 0.3821
vn -0.8188 -0.4208 -0.3905
vn -0.7911 -0.5504 -0.2668
vn -0.9478 -0.2845 0.1440
vn -0.9471 -0.3106 -0.0810
vn -0.9559 -0.1573 0.2482
vn -0.9886 -0.0259 0.1486
vn -0.9703 -0.2085 0.1229
vn -0.9091 -0.3653 -0.2000
vn -0.8851 -0.4582 0.0815
vn -0.9796 -0.1875 0.0725
vn -0.8183 -0.3189 -0.4781
vn -0.9500 -0.2486 -0.1890
vn -0.5407 -0.1560 -0.8266
vn -0.9787 -0.2054 -0.0003
vn -0.0000 -0.2146 -0.9767
vn -0.1925 -0.1270 0.9730
vn -0.1522 0.0888 0.9843
vn -0.6094 -0.1722 0.7740
vn -0.0000 0.1085 -0.9941
vn -0.4915 0.0758 -0.8676
vn -0.6875 -0.5767 -0.4413
vn -0.8580 -0.2546 -0.4462
vn -0.9418 -0.1715 0.2892
vn -0.8400 -0.5309 0.1118
vn -0.8696 0.2528 -0.4241
vn -0.6746 -0.3422 -0.6541
vn -0.3853 0.4417 -0.8102
vn -0.0000 0.5190 -0.8548
vn -0.1088 0.3815 0.9179
vn -0.5787 0.0301 0.8150
vn 0.8674 -0.4700 -0.1634
vn -0.2413 -0.9646 -0.1063
vn -0.0000 -0.9157 -0.4020
vn -0.0000 -0.9126 -0.4089
vn -0.1139 -0.9373 0.3293
vn -0.0000 -0.9332 0.3594
vn 0.5044 -0.0327 0.8629
vn -0.4633 -0.7944 0.3927
vn -0.0000 0.0434 0.9991
vn -0.0000 -0.1737 -0.9848
vn -0.0000 -0.0783 -0.9969
vn -0.0000 0.4282 0.9037
vn -0.0000 0.1187 0.9929
vn -0.0000 -0.0712 0.9975
vn -0.0000 -0.2430 0.9700
vn -0.0000 -0.6820 0.7314
vn -0.0000 -0.9480 0.3182
vn 0.2600 0.2148 -0.9414
vn 0.6703 0.1961 -0.7157
vn -0.0000 0.9654 -0.2607
vn 0.3938 0.8890 -0.2335
vn 0.3656 0.9060 0.2134
vn 0.8617 0.3107 -0.4013
vn 0.8232 0.5222 -0.2229
vn -0.0000 0.1258 -0.9921
vn -0.6250 0.4673 0.6253
vn -0.7046 0.0821 0.7049
vn -0.7046 0.0821 -0.7049
vn -0.6250 0.4673 -0.6253
vn -0.9969 0.0782 -0.0000
vn -0.8864 0.4630 -0.0000
vn -0.2772 0.9199 0.2774
vn -0.3452 0.8727 0.3455
vn -0.3452 0.8727 -0.3455
vn -0.2772 0.9199 -0.2774
vn -0.4935 0.8698 -0.0000
vn -0.4284 0.9036 -0.0000
vn -0.6845 0.2492 0.6851
vn -0.6845 0.2493 -0.6851
vn -0.9737 0.2280 -0.0000
vn -0.7664 -0.6423 -0.0000
vn -0.7069 -0.0000 0.7073
vn -0.7069 -0.0000 -0.7073
vn -0.5553 -0.6189 -0.5555
vn -0.5553 -0.6189 0.5555
vn -0.0000 -0.6424 0.7664
vn -0.9996 -0.0300 -0.0000
vn -0.6877 -0.2319 -0.6880
vn -0.9747 -0.2236 -0.0000
vn -0.8990 0.4380 -0.0000
vn -0.6958 -0.0144 -0.7181
vn -0.6958 -0.0144 0.7181
vn -0.6877 -0.2319 0.6880
vn -0.7450 -0.6671 -0.0000
vn -0.5607 -0.6091 -0.5610
vn -0.5059 -0.6985 -0.5062
vn -0.5059 -0.6985 0.5062
vn -0.5607 -0.6091 0.5610
vn -0.7994 -0.6008 -0.0000
vn -0.2282 0.9347 -0.2726
vn -0.6010 0.4294 -0.6741
vn -0.3395 0.9406 -0.0000
vn -0.2282 0.9347 0.2726
vn -0.6010 0.4294 0.6741
vn -0.3871 0.2553 0.8860
vn -0.6291 0.0530 0.7755
vn -0.3465 0.0677 0.9356
vn 0.4592 -0.6158 -0.6403
vn 0.4043 -0.5055 -0.7622
vn 0.3788 -0.4344 -0.8171
vn -0.3374 -0.0004 0.9414
vn -0.7528 -0.0002 0.6583
vn -0.9535 0.0013 0.3015
vn -0.9613 0.0004 0.2756
vn -0.9999 0.0009 0.0103
vn -1.0000 -0.0000 0.0096
vn 0.3420 -0.0587 -0.9379
vn 0.4130 -0.1379 -0.9002
vn 0.3644 -0.3440 -0.8654
vn -0.2468 -0.8959 -0.3693
vn 0.5020 -0.8165 -0.2852
vn 0.4029 0.0184 -0.9151
vn 0.6075 -0.0164 -0.7941
vn 0.9444 0.0362 -0.3269
vn 0.7379 0.0264 -0.6744
vn 0.9217 -0.0003 -0.3880
vn 1.0000 0.0008 -0.0000
vn -0.2600 -0.9656 -0.0000
vn 0.5065 -0.8623 -0.0000
vn 0.0002 -1.0000 -0.0000
vn 0.0001 -1.0000 -0.0000
vn -0.9997 -0.0026 0.0239
vn -0.9984 0.0551 -0.0124
vn -0.9942 0.0766 0.0749
vn -0.0763 0.9970 -0.0100
vn 0.0768 0.9967 0.0259
vn -0.0392 0.9992 -0.0000
vn -0.9109 -0.3712 -0.1804
vn 0.4907 0.8687 0.0679
vn 0.8386 0.5446 0.0122
vn -0.8619 -0.5070 -0.0000
vn 0.8546 0.5190 -0.0198
vn 0.8611 0.5084 -0.0000
vn -0.8694 0.4065 -0.2810
vn -0.5826 0.7791 -0.2314
vn -0.8873 0.3559 -0.2932
vn 0.0003 -1.0000 -0.0000
vn -0.4975 0.8675 0.0044
vn -0.4984 0.8670 0.0026
vn -0.3960 0.6255 0.6723
vn -0.3085 0.4420 0.8423
vn -0.3654 0.4417 0.8194
vn -0.4369 0.2765 0.8560
vn -0.3023 0.4765 0.8256
vn -0.3183 0.4182 0.8508
vn 0.3863 -0.4644 -0.7969
vn 0.2394 -0.3209 -0.9163
vn 0.3403 -0.2811 -0.8973
vn -0.5760 0.0546 -0.8157
vn -0.3650 0.1745 -0.9145
vn -0.3465 0.0677 -0.9356
vn 0.4592 -0.6158 0.6403
vn 0.4043 -0.5055 0.7622
vn 0.3863 -0.4644 0.7969
vn -0.3374 -0.0004 -0.9414
vn -0.8993 0.0008 -0.4374
vn -0.6710 -0.0009 -0.7415
vn -0.9266 -0.0002 -0.3760
vn -0.4895 0.3243 -0.8095
vn -0.3791 0.7273 -0.5721
vn -0.2838 0.4898 -0.8243
vn 0.3420 -0.0587 0.9379
vn 0.4130 -0.1379 0.9002
vn 0.6075 -0.0164 0.7941
vn -0.2468 -0.8959 0.3693
vn 0.5020 -0.8165 0.2852
vn 0.4029 0.0184 0.9151
vn 0.7379 0.0264 0.6744
vn 0.9444 0.0362 0.3269
vn 0.9217 -0.0003 0.3880
vn 0.3788 -0.4344 0.8171
vn 0.3644 -0.3440 0.8654
vn 0.0002 -1.0000 -0.0001
vn 0.0001 -1.0000 -0.0001
vn -0.9992 0.0354 -0.0185
vn -0.9981 0.0181 -0.0594
vn -0.9885 0.0935 -0.1188
vn 0.1175 0.9918 -0.0502
vn -0.0708 0.9974 0.0113
vn -0.9061 -0.3812 0.1835
vn 0.8381 0.5453 -0.0165
vn 0.4274 0.8984 -0.1009
vn 0.8546 0.5190 0.0198
vn -0.6235 0.7392 0.2546
vn -0.8296 0.3710 0.4173
vn -0.8177 0.3545 0.4535
vn -0.6134 0.7394 0.2774
vn -0.9968 -0.0376 -0.0711
vn -0.2973 0.4943 -0.8169
vn -0.1583 0.3062 -0.9387
vn -0.2499 0.4192 -0.8728
vn -0.5086 0.8610 -0.0000
vn -0.5009 0.8112 -0.3017
vn -0.4839 0.8237 -0.2957
vn -0.6280 0.1212 -0.7687
vn 0.3403 -0.2811 0.8973
vn 0.2394 -0.3209 0.9163
vn -0.4896 0.8397 0.2352
vn -0.5065 0.8623 -0.0000
vn -0.0000 0.1770 -0.9842
vn 0.2633 -0.9003 -0.3467
vn 0.4630 -0.8854 -0.0423
vn 0.3520 -0.8749 -0.3326
vn 0.3186 -0.9479 0.0025
vn 0.3207 -0.9432 0.0864
vn 0.3920 -0.9096 0.1378
vn -0.4531 0.4346 0.7783
vn -0.3106 0.7651 -0.5641
vn -0.7471 0.6457 -0.1577
vn -0.3938 0.8890 -0.2335
vn -0.2801 0.2261 -0.9330
vn 0.1693 -0.9312 0.3229
vn 0.3142 -0.9306 0.1876
vn 0.3760 -0.8852 0.2740
vn -0.3721 0.7740 0.5123
vn -0.3656 0.9060 0.2134
vn -0.6686 0.0390 -0.7426
vn -0.1981 -0.1221 -0.9726
vn -0.6312 -0.2648 -0.7290
vn -0.4147 0.5488 0.7259
vn -0.7873 0.2594 0.5594
vn -0.8411 0.5404 0.0226
vn -0.7089 0.6263 0.3243
vn -0.7396 0.6691 0.0724
vn -0.2638 0.4102 -0.8730
vn 0.4463 -0.7868 0.4264
vn 0.4488 -0.8374 0.3120
vn 0.4633 -0.7944 0.3927
vn -0.6913 0.3272 -0.6442
vn -0.8224 0.1367 0.5523
vn -0.9584 0.1730 0.2269
vn -0.9483 -0.2360 0.2124
vn -0.9311 0.3345 0.1455
vn -0.7973 0.4193 0.4342
vn -0.7604 0.3412 0.5526
vn -0.9733 0.0579 -0.2219
vn -0.9273 0.2875 -0.2396
vn -0.4116 0.4205 0.8086
vn -0.9443 -0.2457 -0.2191
vn -0.2198 0.0471 -0.9744
vn -0.6372 0.2461 -0.7303
vn -0.2600 0.2148 -0.9414
vn -0.5045 0.1739 0.8457
vn -0.9239 -0.1028 -0.3685
vn -0.8617 -0.3665 -0.3509
vn -0.8280 -0.4649 0.3135
vn -0.6135 -0.3857 0.6891
vn -0.8464 0.2668 -0.4609
vn -0.8297 0.5036 -0.2408
vn -0.8845 0.3773 -0.2744
vn -0.8674 -0.4700 -0.1634
vn -0.8878 0.1255 -0.4428
vn 0.9950 0.0178 -0.0981
vn 0.9701 -0.1804 0.1624
vn 0.9852 -0.1281 -0.1139
vn 0.8473 -0.5151 -0.1296
vn 0.9091 -0.3653 -0.2000
vn 0.4046 -0.7240 -0.5587
vn -0.0000 -0.7202 -0.6938
vn 0.1898 -0.6673 0.7202
vn 0.6114 -0.2390 0.7544
vn 0.2490 -0.2584 0.9334
vn 0.2154 -0.9409 0.2615
vn 0.8077 -0.5840 -0.0813
vn 0.6133 -0.5861 0.5295
vn 0.2835 -0.9590 -0.0000
vn 0.0674 -0.9557 0.2865
vn 0.2550 -0.9240 -0.2849
vn 0.9112 0.1531 0.3825
vn 0.4852 0.3888 0.7832
vn 0.5787 0.0301 0.8150
vn 0.8188 -0.4208 -0.3905
vn 0.7911 -0.5504 -0.2668
vn 0.9471 -0.3106 -0.0810
vn 0.9478 -0.2845 0.1440
vn 0.9559 -0.1573 0.2482
vn 0.9886 -0.0259 0.1486
vn 0.9703 -0.2085 0.1229
vn 0.9917 -0.0777 0.1023
vn 0.8851 -0.4582 0.0815
vn 0.9796 -0.1875 0.0725
vn 0.9787 -0.2054 -0.0003
vn 0.8183 -0.3189 -0.4781
vn 0.9500 -0.2486 -0.1890
vn 0.5407 -0.1560 -0.8266
vn 0.5101 -0.3655 -0.7786
vn 0.1925 -0.1270 0.9730
vn 0.6094 -0.1722 0.7740
vn 0.1522 0.0888 0.9843
vn 0.4915 0.0758 -0.8676
vn 0.6875 -0.5767 -0.4413
vn 0.8580 -0.2546 -0.4462
vn 0.9418 -0.1715 0.2892
vn 0.8400 -0.5309 0.1118
vn 0.8696 0.2528 -0.4241
vn 0.6746 -0.3422 -0.6541
vn 0.3853 0.4417 -0.8102
vn 0.1088 0.3815 0.9179
vn 0.2413 -0.9646 -0.1063
vn 0.1139 -0.9373 0.3293
vn -0.5044 -0.0327 0.8629
vn 0.4611 -0.8722 0.1636
vn -0.6703 0.1961 -0.7157
vn -0.8617 0.3107 -0.4013
vn -0.7135 0.6176 -0.3309
vn -0.9267 0.3036 0.2214
vn -0.9061 0.3679 0.2090
vn -0.9302 0.2942 0.2196
vn 0.9061 -0.3679 -0.2090
vn 0.9288 -0.2961 -0.2228
vn 0.9334 -0.2823 -0.2213
vn 0.1212 -0.5454 0.8293
vn 0.3463 -0.0000 0.9381
vn 0.9715 -0.0000 -0.2371
vn -0.9715 -0.0000 0.2371
vn 0.9711 -0.0089 -0.2387
vn 0.9716 -0.0261 -0.2354
vn -0.9716 0.0261 0.2354
vn -0.9714 0.0157 0.2370
vn 0.3580 0.9288 -0.0954
vn 0.3947 0.0760 0.9157
vn 0.4194 0.0885 0.9035
vn 0.3879 0.0918 0.9171
vn -0.3423 0.0131 -0.9395
vn -0.3460 0.0024 -0.9382
vn -0.3421 0.0126 -0.9396
vn 0.9606 -0.2603 -0.0970
vn 0.9220 -0.3782 -0.0828
vn 0.9408 -0.3367 -0.0400
vn 1.0000 0.0015 -0.0004
vn 0.0130 0.1113 0.9937
vn 0.0039 0.0775 0.9970
vn 0.0247 0.1337 0.9907
vn 0.3773 0.9257 -0.0275
vn 0.3710 0.9283 -0.0264
vn 0.3765 0.9260 -0.0287
vn 0.0010 -0.0000 1.0000
vn -0.3463 -0.0000 -0.9381
vn -0.3461 0.0044 -0.9382
vn -0.0000 -0.9249 0.3803
vn 0.2952 -0.8852 0.3595
vn 0.3477 -0.8201 0.4546
vn 0.5585 -0.4035 0.7248
vn 0.4668 -0.8251 0.3183
vn 0.4467 -0.5341 0.7178
vn -0.0885 -0.0146 -0.9960
vn -0.0873 0.0078 -0.9961
vn -0.0967 -0.0355 -0.9947
vn -0.0010 -0.0000 -1.0000
vn 0.1171 -0.9314 0.3446
vn -0.1639 -0.8357 0.5241
vn -0.3461 0.0029 -0.9382
vn -0.3418 0.0161 -0.9396
vn -0.3461 0.0035 -0.9382
vn -0.3421 0.0145 -0.9395
vn 0.3549 0.0840 0.9311
vn 0.3017 0.0998 0.9482
vn 0.3125 0.0990 0.9447
vn 0.3070 -0.4833 0.8199
vn 0.2633 0.1147 0.9579
vn 0.3021 0.1080 0.9471
vn -0.3422 0.0171 -0.9395
vn 0.0282 -0.4228 0.9058
vn -0.1843 -0.5143 0.8375
vn 0.3449 0.0944 0.9339
vn -0.0953 -0.0585 -0.9937
vn 0.4498 -0.6310 0.6321
vn 0.4865 -0.4956 0.7195
vn 0.3713 0.9281 -0.0277
vn 0.3770 0.9257 -0.0300
vn -0.0297 0.0896 0.9955
vn 0.0022 0.2143 0.9768
vn 0.3618 0.0442 0.9312
vn 0.3827 0.0475 0.9227
vn 0.3640 0.0555 0.9297
vn -0.3351 0.0286 -0.9417
vn -0.3321 0.0358 -0.9426
vn -0.3353 0.0279 -0.9417
vn -0.3349 0.0293 -0.9418
vn -0.3351 0.0296 -0.9417
vn 0.3604 0.0501 0.9314
vn 0.3439 0.0777 0.9358
vn 0.3658 0.0555 0.9291
vn 0.3465 0.0708 0.9354
vn -0.3351 0.0280 -0.9418
vn 0.3664 0.0475 0.9292
vn 0.3871 0.0451 0.9209
vn 0.4047 0.0650 0.9121
vn 0.9662 -0.1014 -0.2371
vn 0.9682 -0.0517 -0.2448
vn 0.9590 -0.1454 -0.2431
vn -0.9685 0.0537 0.2430
vn -0.9647 0.1209 0.2338
vn -0.9581 0.1554 0.2406
vn 0.1846 0.0474 0.9817
vn 0.1642 0.1559 0.9740
vn 0.1924 0.0546 0.9798
vn 0.1537 0.1471 0.9771
vn -0.0135 -0.0793 -0.9968
vn -0.0198 -0.0650 -0.9977
vn -0.0134 -0.0407 -0.9991
vn 0.1166 0.0674 0.9909
vn 0.1103 0.1032 0.9885
vn 0.9943 -0.1001 -0.0376
vn 0.9997 -0.0211 -0.0089
vn 0.9804 -0.1968 0.0073
vn 0.9431 -0.2825 0.1756
vn 0.8976 -0.4028 0.1788
vn 0.8956 -0.4084 0.1764
vn -0.9338 0.3224 -0.1549
vn -0.8976 0.4028 -0.1788
vn -0.9469 0.2714 -0.1723
vn -0.2953 -0.0000 0.9554
vn -0.0764 -0.5454 0.8347
vn -0.9829 -0.0000 -0.1844
vn 0.9829 -0.0000 0.1844
vn 0.9828 0.0261 0.1827
vn -0.9828 -0.0261 -0.1827
vn -0.9826 -0.0113 -0.1854
vn 0.9828 0.0170 0.1840
vn 0.9842 0.0179 0.1764
vn 0.4292 0.8868 -0.1712
vn -0.3211 0.1655 0.9325
vn -0.3510 0.0833 0.9327
vn -0.3384 0.2346 0.9113
vn 0.2864 -0.0881 -0.9541
vn 0.2955 0.0048 -0.9553
vn 0.2831 -0.0900 -0.9548
vn -0.9513 0.3034 0.0541
vn -0.9220 0.3782 0.0828
vn -1.0000 0.0053 -0.0013
vn -0.0032 0.0734 0.9973
vn 0.0147 0.1032 0.9946
vn 0.3837 0.9231 -0.0276
vn 0.3778 0.9255 -0.0288
vn -0.0010 -0.0000 1.0000
vn 0.2953 -0.0000 -0.9554
vn 0.2954 0.0038 -0.9554
vn -0.2952 -0.8852 0.3595
vn -0.3477 -0.8201 0.4546
vn -0.4490 -0.8251 0.3430
vn -0.5186 -0.4035 0.7538
vn -0.4074 -0.5341 0.7408
vn -0.0855 0.0071 -0.9963
vn -0.0816 0.0027 -0.9967
vn 0.0010 -0.0000 -1.0000
vn -0.0983 -0.9314 0.3505
vn -0.2624 -0.4833 0.8352
vn 0.2851 -0.0814 -0.9550
vn 0.2864 -0.0750 -0.9552
vn -0.2609 0.0737 0.9625
vn -0.2790 0.1454 0.9492
vn -0.2320 0.1452 0.9618
vn -0.2333 0.0782 0.9692
vn -0.1912 0.1798 0.9649
vn 0.2956 0.0035 -0.9553
vn 0.2854 -0.0752 -0.9555
vn 0.2954 0.0043 -0.9553
vn 0.2953 0.0051 -0.9554
vn 0.0206 -0.4228 0.9060
vn 0.1919 -0.8357 0.5145
vn -0.3270 0.0741 0.9421
vn -0.0836 0.0117 -0.9964
vn -0.4498 -0.6310 0.6321
vn -0.4865 -0.4956 0.7195
vn 0.3830 0.9233 -0.0288
vn 0.0277 0.0763 0.9967
vn 0.0381 0.0990 0.9944
vn -0.1585 0.3474 0.9242
vn -0.1982 0.3246 0.9249
vn -0.1593 0.3529 0.9220
vn -0.1945 0.2897 0.9372
vn 0.1961 -0.2720 -0.9421
vn 0.2252 -0.2150 -0.9503
vn 0.2225 -0.2225 -0.9492
vn 0.2273 -0.2093 -0.9511
vn 0.2238 -0.2131 -0.9511
vn -0.1665 0.3101 0.9360
vn -0.1533 0.3504 0.9240
vn -0.1531 0.3578 0.9212
vn -0.1798 0.2876 0.9407
vn 0.2257 -0.2250 -0.9479
vn -0.1776 0.3578 0.9167
vn -0.9839 -0.0122 -0.1785
vn -0.9818 0.0453 -0.1845
vn -0.9816 0.1010 -0.1621
vn 0.9887 -0.0284 0.1469
vn 0.9774 -0.1000 0.1862
vn 0.0768 0.0850 0.9934
vn 0.0537 0.1011 0.9934
vn 0.0530 0.1118 0.9923
vn 0.0702 0.0898 0.9935
vn -0.0081 -0.0207 -0.9998
vn -0.0108 -0.0097 -0.9999
vn -0.9996 0.0262 0.0065
vn -0.9956 0.0939 0.0009
vn -0.9843 0.1729 0.0357
vn -0.9988 0.0488 -0.0000
vn 0.6718 -0.7408 -0.0000
vn 0.9988 -0.0488 -0.0000
vn 0.9986 -0.0527 -0.0006
vn -0.0487 -0.9969 0.0625
vn -0.0485 -0.9921 0.1159
vn -0.0487 -0.9969 0.0623
vn 0.0488 0.9988 -0.0000
vn 0.0454 0.9286 0.3683
vn 0.0356 0.7278 0.6848
vn 0.7626 -0.6131 0.2063
vn -0.7408 -0.6717 -0.0000
vn -0.8187 -0.5359 0.2063
vn -0.5219 -0.6485 0.5541
vn 0.9987 -0.0511 -0.0008
vn 0.9983 -0.0587 -0.0023
vn -0.0190 -0.3897 -0.9208
vn -0.0318 -0.6509 -0.7585
vn 0.0190 0.3943 0.9188
vn 0.0128 0.2691 0.9630
vn 0.0123 0.2699 0.9628
vn -0.0118 -0.2410 -0.9705
vn -0.9992 0.0408 0.0006
vn -0.9994 0.0332 0.0023
vn -0.9993 0.0361 0.0003
vn 0.9986 -0.0524 0.0026
vn 0.9986 -0.0533 0.0033
vn 0.9982 -0.0596 0.0078
vn -0.9991 0.0414 0.0015
vn 0.0317 0.6485 0.7606
vn 0.0193 0.3946 0.9187
vn 0.0418 0.8564 0.5145
vn -0.0415 -0.8504 -0.5245
vn -0.0185 -0.3784 0.9255
vn 0.0452 0.9263 0.3742
vn -0.0450 -0.9223 -0.3839
vn -0.0827 0.0040 0.9966
vn -0.0556 0.0613 0.9966
vn 0.9988 -0.0488 0.0041
vn 0.6718 -0.7408 0.0041
vn 0.0488 0.9988 0.0041
vn 0.7408 0.6718 0.0041
vn -0.9988 0.0488 0.0041
vn -0.6718 0.7408 0.0041
vn -0.0488 -0.9988 0.0041
vn -0.7408 -0.6718 0.0041
vn 0.9966 -0.0487 -0.0666
vn 0.6703 -0.7391 -0.0666
vn 0.9966 -0.0487 -0.0665
vn -0.0040 -0.0827 0.9966
vn -0.0613 -0.0556 0.9966
vn 0.0556 -0.0613 0.9966
vn 0.0613 0.0556 0.9966
vn 0.0827 -0.0040 0.9966
vn 0.0040 0.0827 0.9966
vn 0.0487 0.9966 -0.0666
vn 0.7391 0.6703 -0.0666
vn -0.9966 0.0487 -0.0666
vn -0.6703 0.7391 -0.0666
vn -0.0487 -0.9966 -0.0666
vn -0.7391 -0.6703 -0.0666
vn -0.0478 -0.9786 0.2000
vn 0.4562 -0.6963 0.5542
vn 0.9987 -0.0510 0.0017
vn 0.9982 -0.0604 -0.0003
vn 0.9987 -0.0501 0.0027
vn 0.9985 -0.0552 -0.0006
vn -0.0488 -0.9988 -0.0000
vn -0.0488 -0.9988 0.0086
vn 0.0047 0.0963 -0.9953
vn -0.0047 -0.0963 0.9953
vn -0.0484 -0.9916 -0.1200
vn 0.0484 0.9916 0.1200
vn -0.0005 -0.0097 1.0000
vn 0.0145 0.2970 -0.9548
vn -0.0005 -0.0097 -1.0000
vn 0.0145 0.2970 0.9548
vn 0.0082 0.1682 -0.9857
vn 0.0020 0.0413 0.9991
vn -0.0488 -0.9988 -0.0007
vn 0.0488 0.9988 0.0009
vn 0.9753 0.1052 0.1940
vn 0.9160 -0.1301 0.3794
vn 0.9725 -0.1301 0.1934
vn 0.9945 0.1052 -0.0000
vn 0.9915 -0.1301 -0.0000
vn 0.9753 0.1052 -0.1940
vn 0.9725 -0.1301 -0.1934
vn 0.9188 0.1052 -0.3806
vn 0.9160 -0.1301 -0.3794
vn 0.8269 0.1052 -0.5525
vn 0.8244 -0.1301 -0.5509
vn 0.7032 0.1052 -0.7032
vn 0.7011 -0.1301 -0.7011
vn 0.5525 0.1052 -0.8269
vn 0.5509 -0.1301 -0.8244
vn 0.3806 0.1052 -0.9188
vn 0.3794 -0.1301 -0.9160
vn 0.1940 0.1052 -0.9753
vn 0.1934 -0.1301 -0.9725
vn 0.3806 0.1052 0.9188
vn 0.1934 -0.1301 0.9725
vn 0.3794 -0.1301 0.9160
vn 0.5525 0.1052 0.8269
vn 0.5509 -0.1301 0.8244
vn 0.7032 0.1052 0.7032
vn 0.7011 -0.1301 0.7011
vn 0.8269 0.1052 0.5525
vn 0.8244 -0.1301 0.5508
vn 0.9188 0.1052 0.3806
vn 0.1940 0.1052 0.9753
vn -0.0000 -0.1301 0.9915
vn -0.0000 0.9855 0.1699
vn 0.1699 0.9855 -0.0000
vn 0.1201 0.9855 -0.1201
vn 0.1766 0.4246 0.8880
vn -0.0000 0.1052 0.9945
vn 0.1137 0.8127 0.5714
vn -0.0000 0.4246 0.9054
vn 0.0331 0.9855 0.1666
vn -0.0000 0.8127 0.5826
vn 0.3465 0.4246 0.8364
vn 0.2230 0.8127 0.5383
vn 0.0650 0.9855 0.1570
vn 0.5030 0.4246 0.7528
vn 0.3237 0.8127 0.4844
vn 0.0944 0.9855 0.1413
vn 0.4120 0.8127 0.4120
vn 0.6402 0.4246 0.6402
vn 0.1201 0.9855 0.1201
vn 0.4844 0.8127 0.3237
vn 0.7528 0.4246 0.5030
vn 0.1413 0.9855 0.0944
vn 0.8364 0.4246 0.3465
vn 0.5383 0.8127 0.2230
vn 0.5714 0.8127 0.1137
vn 0.8880 0.4246 0.1766
vn 0.1570 0.9855 0.0650
vn 0.5826 0.8127 -0.0000
vn 0.9054 0.4246 -0.0000
vn 0.8880 0.4246 -0.1766
vn 0.5714 0.8127 -0.1137
vn 0.1666 0.9855 -0.0331
vn 0.8364 0.4246 -0.3465
vn 0.5383 0.8127 -0.2230
vn 0.1570 0.9855 -0.0650
vn 0.7528 0.4246 -0.5030
vn 0.4844 0.8127 -0.3237
vn 0.1413 0.9855 -0.0944
vn 0.6402 0.4246 -0.6402
vn 0.4120 0.8127 -0.4120
vn 0.5030 0.4246 -0.7528
vn 0.3237 0.8127 -0.4844
vn 0.3465 0.4246 -0.8364
vn 0.2230 0.8127 -0.5383
vn 0.0944 0.9855 -0.1413
vn 0.1137 0.8127 -0.5714
vn 0.1766 0.4246 -0.8880
vn 0.0650 0.9855 -0.1570
vn -0.0000 0.1052 -0.9945
vn -0.0000 0.8127 -0.5826
vn -0.0000 0.4246 -0.9054
vn 0.0331 0.9855 -0.1666
vn -0.0000 -0.1301 -0.9915
vn 0.0269 -0.9904 0.1352
vn -0.0000 -0.8600 0.5104
vn -0.0000 -0.9904 0.1379
vn 0.0996 -0.8600 0.5006
vn -0.0000 -0.4947 0.8691
vn 0.1695 -0.4947 0.8524
vn 0.0528 -0.9904 0.1274
vn 0.1953 -0.8600 0.4715
vn 0.3326 -0.4947 0.8029
vn 0.0766 -0.9904 0.1147
vn 0.2835 -0.8600 0.4244
vn 0.4828 -0.4947 0.7226
vn 0.3609 -0.8600 0.3609
vn 0.0975 -0.9904 0.0975
vn 0.6145 -0.4947 0.6145
vn 0.4243 -0.8600 0.2835
vn 0.1147 -0.9904 0.0766
vn 0.7226 -0.4947 0.4828
vn 0.4715 -0.8600 0.1953
vn 0.1274 -0.9904 0.0528
vn 0.8029 -0.4947 0.3326
vn 0.5006 -0.8600 0.0996
vn 0.1352 -0.9904 0.0269
vn 0.8524 -0.4947 0.1695
vn 0.5104 -0.8600 -0.0000
vn 0.1379 -0.9904 -0.0000
vn 0.8691 -0.4947 -0.0000
vn 0.1352 -0.9904 -0.0269
vn 0.5006 -0.8600 -0.0996
vn 0.8524 -0.4947 -0.1695
vn 0.1274 -0.9904 -0.0528
vn 0.4715 -0.8600 -0.1953
vn 0.8029 -0.4947 -0.3326
vn 0.1147 -0.9904 -0.0766
vn 0.4244 -0.8600 -0.2835
vn 0.7226 -0.4947 -0.4828
vn 0.3609 -0.8600 -0.3609
vn 0.0975 -0.9904 -0.0975
vn 0.6145 -0.4947 -0.6145
vn 0.2835 -0.8600 -0.4243
vn 0.0766 -0.9904 -0.1147
vn 0.4828 -0.4947 -0.7226
vn 0.1953 -0.8600 -0.4715
vn 0.0528 -0.9904 -0.1274
vn 0.3326 -0.4947 -0.8029
vn 0.0996 -0.8600 -0.5006
vn 0.0269 -0.9904 -0.1352
vn 0.1695 -0.4947 -0.8524
vn -0.0000 -0.8600 -0.5104
vn -0.0000 -0.9904 -0.1379
vn -0.0000 -0.4947 -0.8691
vn -0.9160 -0.1301 0.3794
vn -0.9753 0.1052 0.1940
vn -0.9725 -0.1301 0.1934
vn -0.9945 0.1052 -0.0000
vn -0.9915 -0.1301 -0.0000
vn -0.9753 0.1052 -0.1940
vn -0.9725 -0.1301 -0.1934
vn -0.9188 0.1052 -0.3806
vn -0.9160 -0.1301 -0.3794
vn -0.8269 0.1052 -0.5525
vn -0.8244 -0.1301 -0.5509
vn -0.7032 0.1052 -0.7032
vn -0.7011 -0.1301 -0.7011
vn -0.5525 0.1052 -0.8269
vn -0.5509 -0.1301 -0.8244
vn -0.3806 0.1052 -0.9188
vn -0.3794 -0.1301 -0.9160
vn -0.1940 0.1052 -0.9753
vn -0.1934 -0.1301 -0.9725
vn -0.1934 -0.1301 0.9725
vn -0.3806 0.1052 0.9188
vn -0.3794 -0.1301 0.9160
vn -0.5525 0.1052 0.8269
vn -0.5509 -0.1301 0.8244
vn -0.7032 0.1052 0.7032
vn -0.7011 -0.1301 0.7011
vn -0.8269 0.1052 0.5525
vn -0.8244 -0.1301 0.5508
vn -0.9188 0.1052 0.3806
vn -0.1940 0.1052 0.9753
vn -0.0331 0.9855 -0.1666
vn -0.1666 0.9855 0.0331
vn -0.0944 0.9855 0.1413
vn -0.1766 0.4246 0.8880
vn -0.1137 0.8127 0.5714
vn -0.0331 0.9855 0.1666
vn -0.3465 0.4246 0.8364
vn -0.2230 0.8127 0.5383
vn -0.0650 0.9855 0.1570
vn -0.5030 0.4246 0.7528
vn -0.3237 0.8127 0.4844
vn -0.6402 0.4246 0.6402
vn -0.4120 0.8127 0.4120
vn -0.1201 0.9855 0.1201
vn -0.7528 0.4246 0.5030
vn -0.4844 0.8127 0.3237
vn -0.1413 0.9855 0.0944
vn -0.8364 0.4246 0.3465
vn -0.5383 0.8127 0.2230
vn -0.1570 0.9855 0.0650
vn -0.8880 0.4246 0.1766
vn -0.5714 0.8127 0.1137
vn -0.9054 0.4246 -0.0000
vn -0.5826 0.8127 -0.0000
vn -0.1699 0.9855 -0.0000
vn -0.8880 0.4246 -0.1766
vn -0.5714 0.8127 -0.1137
vn -0.1666 0.9855 -0.0331
vn -0.8364 0.4246 -0.3465
vn -0.5383 0.8127 -0.2230
vn -0.1570 0.9855 -0.0650
vn -0.7528 0.4246 -0.5030
vn -0.4844 0.8127 -0.3237
vn -0.1413 0.9855 -0.0944
vn -0.6402 0.4246 -0.6402
vn -0.4120 0.8127 -0.4120
vn -0.1201 0.9855 -0.1201
vn -0.5030 0.4246 -0.7528
vn -0.3237 0.8127 -0.4844
vn -0.0944 0.9855 -0.1413
vn -0.3465 0.4246 -0.8364
vn -0.2230 0.8127 -0.5383
vn -0.0650 0.9855 -0.1570
vn -0.1766 0.4246 -0.8880
vn -0.1137 0.8127 -0.5714
vn -0.0000 0.9855 -0.1699
vn -0.0269 -0.9904 0.1352
vn -0.0996 -0.8600 0.5006
vn -0.1695 -0.4947 0.8524
vn -0.0528 -0.9904 0.1274
vn -0.1953 -0.8600 0.4715
vn -0.3326 -0.4947 0.8029
vn -0.0766 -0.9904 0.1147
vn -0.2835 -0.8600 0.4244
vn -0.4828 -0.4947 0.7226
vn -0.3609 -0.8600 0.3609
vn -0.0975 -0.9904 0.0975
vn -0.6145 -0.4947 0.6145
vn -0.4243 -0.8600 0.2835
vn -0.1147 -0.9904 0.0766
vn -0.7226 -0.4947 0.4828
vn -0.4715 -0.8600 0.1953
vn -0.1274 -0.9904 0.0528
vn -0.8029 -0.4947 0.3326
vn -0.5006 -0.8600 0.0996
vn -0.1352 -0.9904 0.0269
vn -0.8524 -0.4947 0.1695
vn -0.5104 -0.8600 -0.0000
vn -0.1379 -0.9904 -0.0000
vn -0.8691 -0.4947 -0.0000
vn -0.1352 -0.9904 -0.0269
vn -0.5006 -0.8600 -0.0996
vn -0.8524 -0.4947 -0.1695
vn -0.1274 -0.9904 -0.0528
vn -0.4715 -0.8600 -0.1953
vn -0.8029 -0.4947 -0.3326
vn -0.1147 -0.9904 -0.0766
vn -0.4244 -0.8600 -0.2835
vn -0.7226 -0.4947 -0.4828
vn -0.3609 -0.8600 -0.3609
vn -0.0975 -0.9904 -0.0975
vn -0.6145 -0.4947 -0.6145
vn -0.2835 -0.8600 -0.4244
vn -0.0766 -0.9904 -0.1147
vn -0.4828 -0.4947 -0.7226
vn -0.1953 -0.8600 -0.4715
vn -0.0528 -0.9904 -0.1274
vn -0.3326 -0.4947 -0.8029
vn -0.0996 -0.8600 -0.5006
vn -0.0269 -0.9904 -0.1352
vn -0.1695 -0.4947 -0.8524
vn -0.8601 0.5102 -0.0000
vn -0.0000 -0.1640 -0.9865
vn 0.9968 -0.0376 -0.0711
vn -0.0000 -0.1640 0.9865
vn -0.3520 -0.8749 -0.3326
vn 0.8519 -0.1419 0.5041
vn -0.0000 -0.9232 0.3843
vn -0.9982 -0.0415 0.0433
vn 0.8601 0.5102 -0.0000
vn -0.5468 0.7454 -0.3812
vn -0.5065 0.5846 -0.6338
vn -0.5078 0.8316 0.2247
vn 0.4603 -0.8386 0.2914
vn -0.8519 -0.1419 0.5041
vn 0.7954 0.4704 0.3821
vn -0.9088 0.3628 0.2061
vn 0.9088 -0.3628 -0.2061
vn -0.0000 0.0723 0.9974
vn 0.3774 0.9257 -0.0258
vn -0.3463 0.0050 -0.9381
vn -0.0000 -0.9236 0.3834
vn 0.6769 -0.4962 0.5437
vn -0.0864 0.0074 -0.9962
vn 0.9709 -0.2068 0.1211
vn -0.8956 0.4084 -0.1764
vn -0.9288 0.3608 0.0850
vn -0.6466 -0.4962 0.5794
vn -0.2948 0.0716 0.9529
vn 0.2292 -0.5143 0.8264
vn 0.1666 0.9855 0.0331
vt 0.231579 0.268482
vt 0.229411 0.265603
vt 0.237822 0.274384
vt 0.220429 0.261397
vt 0.224779 0.261788
vt 0.220162 0.251862
vt 0.218450 0.239551
vt 0.223630 0.253250
vt 0.223409 0.256079
vt 0.208617 0.246905
vt 0.220535 0.255449
vt 0.224777 0.259409
vt 0.242669 0.280725
vt 0.235424 0.274033
vt 0.246841 0.286580
vt 0.232603 0.269782
vt 0.225994 0.259424
vt 0.226414 0.258385
vt 0.229258 0.262180
vt 0.228296 0.262404
vt 0.227679 0.263044
vt 0.230033 0.266249
vt 0.236305 0.278716
vt 0.247844 0.292225
vt 0.229931 0.264479
vt 0.231880 0.265408
vt 0.234466 0.267384
vt 0.231092 0.269030
vt 0.122431 0.298425
vt 0.027482 0.221490
vt 0.052234 0.215708
vt 0.173235 0.247665
vt 0.159296 0.218463
vt 0.170316 0.187127
vt 0.027482 0.004566
vt 0.069165 0.057733
vt 0.237187 0.054543
vt 0.226360 0.077508
vt 0.203754 0.184353
vt 0.197449 0.259869
vt 0.185841 0.302963
vt 0.117161 0.314533
vt 0.136969 0.274784
vt 0.188378 0.289497
vt 0.116295 0.117738
vt 0.212163 0.118371
vt 0.094661 0.210730
vt 0.628998 0.689403
vt 0.612886 0.679860
vt 0.616896 0.674794
vt 0.652707 0.686715
vt 0.626030 0.713652
vt 0.615886 0.702842
vt 0.619096 0.685590
vt 0.607303 0.727000
vt 0.612754 0.753743
vt 0.592264 0.655150
vt 0.598166 0.674742
vt 0.601155 0.682207
vt 0.601665 0.684189
vt 0.609223 0.677187
vt 0.601027 0.683855
vt 0.612747 0.691441
vt 0.605103 0.704536
vt 0.606103 0.702057
vt 0.615422 0.672447
vt 0.615413 0.664462
vt 0.611605 0.680135
vt 0.601921 0.684046
vt 0.610437 0.678819
vt 0.604453 0.707888
vt 0.612220 0.694168
vt 0.612700 0.697766
vt 0.604816 0.713556
vt 0.616203 0.679538
vt 0.181333 0.386663
vt 0.090562 0.382430
vt 0.111015 0.452245
vt 0.179328 0.477095
vt 0.653163 0.823882
vt 0.698391 0.777943
vt 0.701367 0.845293
vt 0.654006 0.799590
vt 0.633377 0.836966
vt 0.618944 0.788007
vt 0.639688 0.781277
vt 0.650609 0.734791
vt 0.647194 0.882828
vt 0.478940 0.419448
vt 0.458896 0.436621
vt 0.459601 0.422414
vt 0.777706 0.204528
vt 0.777884 0.194578
vt 0.778233 0.201022
vt 0.460121 0.353282
vt 0.504458 0.397234
vt 0.479433 0.353354
vt 0.504865 0.353449
vt 0.535722 0.393552
vt 0.535884 0.353572
vt 0.427502 0.353278
vt 0.428297 0.428897
vt 0.790661 0.178484
vt 0.775366 0.183751
vt 0.785909 0.164167
vt 0.767376 0.206670
vt 0.771048 0.215047
vt 0.859976 0.138140
vt 0.855058 0.099023
vt 0.791093 0.139029
vt 0.835238 0.056407
vt 0.765031 0.120902
vt 0.764749 0.004566
vt 0.772105 0.192721
vt 0.859901 0.189578
vt 0.764304 0.218394
vt 0.790379 0.200048
vt 0.780840 0.190726
vt 0.147924 0.863133
vt 0.165108 0.851373
vt 0.158868 0.863814
vt 0.153444 0.838933
vt 0.173218 0.841948
vt 0.922725 0.129821
vt 0.920620 0.145672
vt 0.916301 0.130883
vt 0.959175 0.666120
vt 0.949218 0.676509
vt 0.949217 0.661855
vt 0.906901 0.159619
vt 0.913178 0.161148
vt 0.968055 0.695245
vt 0.956178 0.680539
vt 0.906070 0.183456
vt 0.912583 0.182875
vt 0.968277 0.719029
vt 0.961692 0.696320
vt 0.973915 0.146363
vt 0.946826 0.141123
vt 0.946737 0.125526
vt 0.158882 0.891562
vt 0.147857 0.893409
vt 0.969794 0.177815
vt 0.962618 0.151301
vt 0.932622 0.671260
vt 0.932446 0.655150
vt 0.925316 0.145070
vt 0.167994 0.826949
vt 0.201033 0.832500
vt 0.453225 0.455870
vt 0.444078 0.450771
vt 0.451537 0.445260
vt 0.428509 0.449098
vt 0.443471 0.453857
vt 0.472585 0.444819
vt 0.471189 0.452864
vt 0.778161 0.205708
vt 0.781191 0.202145
vt 0.780454 0.206799
vt 0.784248 0.203767
vt 0.428379 0.436700
vt 0.428446 0.443064
vt 0.428497 0.447919
vt 0.460704 0.575748
vt 0.481141 0.593051
vt 0.461596 0.590214
vt 0.750400 0.203806
vt 0.750279 0.193478
vt 0.756382 0.190872
vt 0.463416 0.659976
vt 0.482849 0.659550
vt 0.498339 0.615137
vt 0.499536 0.659189
vt 0.533844 0.618190
vt 0.534728 0.658419
vt 0.430555 0.660615
vt 0.464605 0.566732
vt 0.454224 0.556636
vt 0.472279 0.559824
vt 0.736944 0.177831
vt 0.752954 0.181485
vt 0.747209 0.189719
vt 0.761351 0.205709
vt 0.757223 0.214141
vt 0.667790 0.137376
vt 0.741108 0.163729
vt 0.735410 0.139221
vt 0.672856 0.098148
vt 0.693208 0.055493
vt 0.667790 0.188892
vt 0.737344 0.199407
vt 0.764112 0.235550
vt 0.743540 0.203213
vt 0.158432 0.925865
vt 0.177864 0.927529
vt 0.169916 0.937272
vt 0.188603 0.933796
vt 0.187577 0.943860
vt 0.926936 0.218226
vt 0.931140 0.227490
vt 0.924532 0.227563
vt 0.949532 0.761752
vt 0.959418 0.766253
vt 0.949555 0.770483
vt 0.911122 0.206680
vt 0.956550 0.757675
vt 0.968255 0.742763
vt 0.917064 0.204081
vt 0.961934 0.741789
vt 0.953353 0.217761
vt 0.979439 0.211779
vt 0.955672 0.227563
vt 0.167911 0.917800
vt 0.967373 0.205148
vt 0.983003 0.176698
vt 0.932934 0.767150
vt 0.932941 0.777285
vt 0.217979 0.933664
vt 0.219687 0.943860
vt 0.457338 0.564997
vt 0.445371 0.561812
vt 0.444622 0.558714
vt 0.429592 0.563276
vt 0.473281 0.509154
vt 0.459707 0.532596
vt 0.459726 0.509219
vt 0.453109 0.567099
vt 0.474808 0.567660
vt 0.749838 0.200308
vt 0.746713 0.201590
vt 0.749869 0.205413
vt 0.747410 0.206672
vt 0.459329 0.485744
vt 0.472973 0.484627
vt 0.473276 0.533821
vt 0.429809 0.584205
vt 0.429728 0.576236
vt 0.429660 0.569719
vt 0.004934 0.854274
vt 0.014258 0.880534
vt 0.004566 0.885325
vt 0.033541 0.931970
vt 0.039665 0.950558
vt 0.018967 0.935146
vt 0.888605 0.667463
vt 0.863860 0.679211
vt 0.863758 0.665249
vt 0.890866 0.445983
vt 0.899882 0.426095
vt 0.902512 0.440350
vt 0.864625 0.783857
vt 0.887881 0.800079
vt 0.864755 0.801637
vt 0.061497 0.942493
vt 0.077024 0.957457
vt 0.061627 0.959940
vt 0.887313 0.697562
vt 0.864115 0.714156
vt 0.863988 0.696708
vt 0.883285 0.017986
vt 0.880879 0.004566
vt 0.887466 0.005610
vt 0.900541 0.370237
vt 0.923225 0.382196
vt 0.914618 0.388542
vt 0.903621 0.391777
vt 0.916909 0.409930
vt 0.899378 0.404921
vt 0.864480 0.764032
vt 0.887229 0.781721
vt 0.006208 0.895763
vt 0.018306 0.913591
vt 0.004566 0.920265
vt 0.910145 0.451034
vt 0.901755 0.461223
vt 0.895044 0.079733
vt 0.892486 0.105552
vt 0.874987 0.076206
vt 0.929904 0.406742
vt 0.939993 0.403476
vt 0.931337 0.376402
vt 0.913476 0.360571
vt 0.921176 0.353278
vt 0.941377 0.423102
vt 0.888652 0.657273
vt 0.863684 0.655150
vt 0.894744 0.060950
vt 0.894631 0.019918
vt 0.530009 0.695646
vt 0.532984 0.671019
vt 0.533203 0.695646
vt 0.896038 0.107167
vt 0.893695 0.131596
vt 0.878340 0.036624
vt 0.876665 0.016463
vt 0.880670 0.097364
vt 0.869198 0.077671
vt 0.915173 0.433851
vt 0.930666 0.423247
vt 0.927978 0.441996
vt 0.875118 0.058547
vt 0.873014 0.035492
vt 0.894148 0.038268
vt 0.633876 0.987082
vt 0.638078 0.972356
vt 0.646112 0.972684
vt 0.611036 0.987707
vt 0.628363 0.981363
vt 0.559276 0.980391
vt 0.585912 0.981587
vt 0.583226 0.995434
vt 0.647633 0.942996
vt 0.626894 0.935023
vt 0.642184 0.926249
vt 0.614018 0.967460
vt 0.608974 0.946422
vt 0.632354 0.947098
vt 0.583039 0.957385
vt 0.606412 0.942109
vt 0.603354 0.957353
vt 0.592354 0.963269
vt 0.046607 0.937755
vt 0.045477 0.939586
vt 0.598094 0.995434
vt 0.603355 0.985036
vt 0.636510 0.963504
vt 0.620947 0.974232
vt 0.648438 0.959250
vt 0.034394 0.926846
vt 0.607573 0.994632
vt 0.020194 0.912447
vt 0.035097 0.922022
vt 0.022584 0.877891
vt 0.030447 0.883017
vt 0.023396 0.884543
vt 0.024562 0.865870
vt 0.029543 0.876490
vt 0.035772 0.903088
vt 0.025454 0.910103
vt 0.039423 0.847862
vt 0.029710 0.866706
vt 0.077358 0.929014
vt 0.062815 0.917843
vt 0.072966 0.914445
vt 0.078696 0.933980
vt 0.062079 0.932592
vt 0.037388 0.845095
vt 0.021298 0.865223
vt 0.018116 0.881393
vt 0.016010 0.882792
vt 0.044587 0.913511
vt 0.048340 0.933226
vt 0.053062 0.916670
vt 0.013845 0.883598
vt 0.018933 0.864758
vt 0.035899 0.843065
vt 0.079568 0.936171
vt 0.061657 0.938929
vt 0.869109 0.058328
vt 0.024875 0.828238
vt 0.106763 0.941742
vt 0.886055 0.130932
vt 0.530046 0.669887
vt 0.523355 0.695646
vt 0.522713 0.669747
vt 0.753348 0.285174
vt 0.757753 0.310171
vt 0.751634 0.310171
vt 0.888081 0.683153
vt 0.891734 0.382172
vt 0.096930 0.928030
vt 0.095131 0.925526
vt 0.091961 0.921124
vt 0.083693 0.909699
vt 0.618951 0.922619
vt 0.603643 0.937438
vt 0.632576 0.909428
vt 0.743984 0.286750
vt 0.938752 0.446501
vt 0.923620 0.458175
vt 0.864341 0.745074
vt 0.887696 0.763072
vt 0.884546 0.428094
vt 0.884546 0.398355
vt 0.887318 0.714895
vt 0.917519 0.471233
vt 0.920859 0.440379
vt 0.915334 0.424530
vt 0.934265 0.465213
vt 0.928466 0.478083
vt 0.888652 0.812584
vt 0.864845 0.814057
vt 0.244097 0.282816
vt 0.236222 0.272790
vt 0.228661 0.259018
vt 0.231098 0.264327
vt 0.229307 0.255163
vt 0.233434 0.267436
vt 0.237708 0.274970
vt 0.264407 0.308832
vt 0.253034 0.294254
vt 0.234223 0.268290
vt 0.237433 0.271815
vt 0.242813 0.281356
vt 0.247712 0.287096
vt 0.278676 0.327224
vt 0.241423 0.273384
vt 0.253315 0.289833
vt 0.307051 0.252349
vt 0.244526 0.304212
vt 0.294286 0.247558
vt 0.220940 0.255874
vt 0.234535 0.234964
vt 0.229261 0.206044
vt 0.310018 0.156614
vt 0.294488 0.162562
vt 0.247917 0.318140
vt 0.184398 0.305114
vt 0.236366 0.283607
vt 0.267255 0.175469
vt 0.271166 0.240006
vt 0.576161 0.708510
vt 0.590782 0.691314
vt 0.587353 0.704738
vt 0.550476 0.714349
vt 0.581790 0.687087
vt 0.586135 0.728248
vt 0.592696 0.715523
vt 0.595031 0.691360
vt 0.597797 0.705948
vt 0.593048 0.701313
vt 0.594117 0.700099
vt 0.593779 0.692195
vt 0.594763 0.691929
vt 0.596633 0.707919
vt 0.595096 0.710769
vt 0.591264 0.702782
vt 0.271574 0.386445
vt 0.248444 0.455057
vt 0.545016 0.823574
vt 0.609506 0.838259
vt 0.580900 0.882828
vt 0.595850 0.820798
vt 0.599443 0.803825
vt 0.569382 0.759482
vt 0.397867 0.437263
vt 0.377466 0.420514
vt 0.396863 0.423073
vt 0.777601 0.213938
vt 0.780912 0.215737
vt 0.779934 0.220562
vt 0.394891 0.353968
vt 0.375584 0.354446
vt 0.351487 0.398841
vt 0.350160 0.355074
vt 0.320152 0.395818
vt 0.319150 0.355850
vt 0.790955 0.216570
vt 0.781157 0.219139
vt 0.782877 0.214948
vt 0.773188 0.221182
vt 0.771957 0.217814
vt 0.844990 0.231164
vt 0.786091 0.223523
vt 0.784694 0.230251
vt 0.826502 0.250977
vt 0.803283 0.267154
vt 0.763614 0.235773
vt 0.763656 0.276042
vt 0.763744 0.222490
vt 0.763940 0.220383
vt 0.261226 0.844154
vt 0.241149 0.838635
vt 0.248122 0.823074
vt 0.230410 0.832368
vt 0.230461 0.816486
vt 0.509782 0.876813
vt 0.507677 0.860961
vt 0.514102 0.862023
vt 0.916128 0.676887
vt 0.906034 0.666665
vt 0.915849 0.662234
vt 0.523501 0.890759
vt 0.909227 0.680856
vt 0.897785 0.695624
vt 0.524333 0.914597
vt 0.517225 0.892288
vt 0.904135 0.696600
vt 0.897785 0.719345
vt 0.483576 0.872263
vt 0.456487 0.877504
vt 0.483666 0.856667
vt 0.260131 0.874602
vt 0.271156 0.872755
vt 0.460609 0.908956
vt 0.447399 0.907838
vt 0.198351 0.816486
vt 0.403941 0.456389
vt 0.412979 0.451098
vt 0.413651 0.454171
vt 0.384353 0.445747
vt 0.385918 0.453761
vt 0.405406 0.445746
vt 0.779743 0.213633
vt 0.781491 0.210784
vt 0.778589 0.211620
vt 0.378669 0.594045
vt 0.398767 0.576364
vt 0.398153 0.590835
vt 0.749980 0.212741
vt 0.746693 0.214657
vt 0.747862 0.212514
vt 0.397688 0.660615
vt 0.361903 0.616461
vt 0.378251 0.660565
vt 0.361560 0.660529
vt 0.326463 0.620202
vt 0.326359 0.660440
vt 0.394703 0.567430
vt 0.404886 0.557175
vt 0.401926 0.565567
vt 0.736752 0.215829
vt 0.746520 0.217932
vt 0.741690 0.222884
vt 0.754253 0.220055
vt 0.755771 0.216438
vt 0.682703 0.230579
vt 0.701221 0.250496
vt 0.743742 0.230188
vt 0.724309 0.266747
vt 0.747626 0.219374
vt 0.744734 0.213969
vt 0.271734 0.906886
vt 0.253905 0.914791
vt 0.260144 0.902350
vt 0.264594 0.921413
vt 0.245795 0.924216
vt 0.499262 0.958630
vt 0.503466 0.949367
vt 0.505871 0.958704
vt 0.906457 0.766381
vt 0.916308 0.761756
vt 0.916337 0.770503
vt 0.519280 0.937820
vt 0.513338 0.935222
vt 0.897843 0.743040
vt 0.909240 0.757905
vt 0.517820 0.914015
vt 0.904157 0.742092
vt 0.450963 0.942919
vt 0.477050 0.948901
vt 0.474730 0.958704
vt 0.463029 0.936289
vt 0.498782 0.949188
vt 0.250045 0.933396
vt 0.414468 0.559089
vt 0.406183 0.567587
vt 0.413794 0.562176
vt 0.385011 0.510076
vt 0.399061 0.533250
vt 0.385512 0.534715
vt 0.384523 0.568540
vt 0.748867 0.210432
vt 0.746154 0.209810
vt 0.398467 0.486385
vt 0.398561 0.509864
vt 0.429605 0.564652
vt 0.055585 0.816486
vt 0.078317 0.833080
vt 0.061634 0.833023
vt 0.137097 0.880708
vt 0.121364 0.868567
vt 0.129340 0.855630
vt 0.838946 0.667826
vt 0.890866 0.519314
vt 0.899882 0.539203
vt 0.884546 0.537203
vt 0.841608 0.800417
vt 0.131306 0.918587
vt 0.122116 0.898902
vt 0.138724 0.904776
vt 0.840678 0.697903
vt 0.840926 0.715234
vt 0.883285 0.255588
vt 0.880879 0.269007
vt 0.876665 0.257111
vt 0.900541 0.595061
vt 0.923225 0.583102
vt 0.913476 0.604726
vt 0.916909 0.555367
vt 0.903621 0.573521
vt 0.899378 0.560377
vt 0.841991 0.782051
vt 0.095604 0.830125
vt 0.108828 0.847730
vt 0.081373 0.833587
vt 0.910145 0.514263
vt 0.901756 0.504075
vt 0.892486 0.168022
vt 0.895044 0.193841
vt 0.874987 0.197367
vt 0.929904 0.558556
vt 0.914619 0.576756
vt 0.939993 0.561821
vt 0.931337 0.588896
vt 0.941377 0.542195
vt 0.930666 0.542051
vt 0.838750 0.657638
vt 0.894744 0.212624
vt 0.875118 0.215027
vt 0.887466 0.267963
vt 0.894631 0.253656
vt 0.896937 0.266928
vt 0.532984 0.720272
vt 0.530046 0.721404
vt 0.893695 0.141977
vt 0.896038 0.166406
vt 0.878340 0.236950
vt 0.873014 0.238081
vt 0.869198 0.195903
vt 0.880670 0.176210
vt 0.927978 0.523302
vt 0.915334 0.540767
vt 0.915173 0.531447
vt 0.869109 0.215245
vt 0.894149 0.235305
vt 0.555004 0.905613
vt 0.569858 0.901890
vt 0.560542 0.911309
vt 0.553640 0.928420
vt 0.546607 0.931657
vt 0.558943 0.953730
vt 0.568587 0.971376
vt 0.606810 0.914278
vt 0.599513 0.893291
vt 0.616075 0.899280
vt 0.594837 0.931819
vt 0.573973 0.926096
vt 0.594918 0.908429
vt 0.583729 0.937082
vt 0.599064 0.934520
vt 0.577460 0.947884
vt 0.122516 0.883065
vt 0.118635 0.897891
vt 0.545498 0.941106
vt 0.556060 0.936184
vt 0.567429 0.918951
vt 0.578655 0.903744
vt 0.583293 0.891960
vt 0.116157 0.867666
vt 0.569791 0.893850
vt 0.107114 0.849169
vt 0.111292 0.866720
vt 0.103133 0.853439
vt 0.075965 0.849016
vt 0.073239 0.840294
vt 0.079434 0.842971
vt 0.069874 0.846660
vt 0.060984 0.838815
vt 0.092998 0.860945
vt 0.060244 0.844086
vt 0.042635 0.852211
vt 0.104079 0.909712
vt 0.097779 0.892208
vt 0.112403 0.896229
vt 0.108401 0.912575
vt 0.061348 0.835452
vt 0.077975 0.837009
vt 0.079985 0.835405
vt 0.099897 0.872963
vt 0.117586 0.883218
vt 0.100002 0.882256
vt 0.110219 0.914107
vt 0.124650 0.882593
vt 0.886055 0.142641
vt 0.085899 0.825129
vt 0.522713 0.721544
vt 0.753348 0.335167
vt 0.759815 0.335163
vt 0.839699 0.683506
vt 0.091488 0.900924
vt 0.743984 0.333592
vt 0.744160 0.310171
vt 0.923620 0.507123
vt 0.938753 0.518797
vt 0.841252 0.763411
vt 0.884546 0.566942
vt 0.841159 0.744619
vt 0.917519 0.494065
vt 0.920859 0.524919
vt 0.902512 0.524948
vt 0.934265 0.500084
vt 0.928466 0.487215
vt 0.841019 0.812932
vt 0.400102 0.938403
vt 0.377498 0.954579
vt 0.376907 0.937593
vt 0.350084 0.954780
vt 0.323962 0.940087
vt 0.349456 0.936025
vt 0.350325 0.881461
vt 0.343566 0.858495
vt 0.350345 0.857730
vt 0.416882 0.880228
vt 0.410172 0.855491
vt 0.417009 0.855531
vt 0.346230 0.905152
vt 0.319372 0.884904
vt 0.343517 0.882224
vt 0.393714 0.876478
vt 0.373244 0.901064
vt 0.370618 0.879115
vt 0.346704 0.908161
vt 0.322421 0.912334
vt 0.396654 0.902691
vt 0.373672 0.903767
vt 0.373492 0.977476
vt 0.370634 0.954677
vt 0.712995 0.300961
vt 0.708331 0.289677
vt 0.716500 0.285458
vt 0.369271 0.920156
vt 0.375625 0.919733
vt 0.869690 0.904623
vt 0.844713 0.922269
vt 0.843805 0.906077
vt 0.873778 0.847108
vt 0.867299 0.823189
vt 0.873757 0.823191
vt 0.867544 0.870338
vt 0.842471 0.847138
vt 0.867268 0.847092
vt 0.867715 0.873377
vt 0.842621 0.875026
vt 0.681250 0.303501
vt 0.691852 0.288685
vt 0.687581 0.305481
vt 0.881477 0.924134
vt 0.873327 0.947037
vt 0.875027 0.923633
vt 0.917248 0.786418
vt 0.910760 0.809005
vt 0.910760 0.786418
vt 0.353132 0.904144
vt 0.353573 0.907069
vt 0.526132 0.745779
vt 0.529797 0.752542
vt 0.525626 0.752531
vt 0.437793 0.882373
vt 0.430165 0.883909
vt 0.430932 0.880211
vt 0.882890 0.906482
vt 0.876416 0.905542
vt 0.874194 0.870079
vt 0.880898 0.872673
vt 0.874323 0.873050
vt 0.880759 0.869764
vt 0.423740 0.882277
vt 0.417321 0.883969
vt 0.367059 0.904837
vt 0.359930 0.903091
vt 0.366632 0.902048
vt 0.357111 0.880674
vt 0.363873 0.879885
vt 0.355671 0.921088
vt 0.360368 0.905945
vt 0.362622 0.920617
vt 0.719924 0.300232
vt 0.729738 0.288875
vt 0.726599 0.302232
vt 0.363782 0.954702
vt 0.359741 0.977474
vt 0.356926 0.954715
vt 0.430662 0.855503
vt 0.423899 0.878408
vt 0.423837 0.855544
vt 0.357119 0.856964
vt 0.363889 0.856198
vt 0.437490 0.855432
vt 0.352880 0.977482
vt 0.734852 0.296516
vt 0.733034 0.306932
vt 0.348371 0.921532
vt 0.370656 0.855432
vt 0.410061 0.882425
vt 0.409676 0.888644
vt 0.723633 0.285174
vt 0.366609 0.977473
vt 0.868565 0.923183
vt 0.528921 0.759372
vt 0.522713 0.760882
vt 0.923735 0.786418
vt 0.917248 0.811071
vt 0.866913 0.946075
vt 0.696610 0.296123
vt 0.693664 0.310103
vt 0.880258 0.847085
vt 0.880208 0.823189
vt 0.721291 0.335416
vt 0.712273 0.318704
vt 0.718968 0.317179
vt 0.363763 0.936871
vt 0.370468 0.937261
vt 0.356779 0.936448
vt 0.728071 0.334572
vt 0.732868 0.318197
vt 0.734852 0.333729
vt 0.725833 0.317015
vt 0.714510 0.336260
vt 0.705742 0.321573
vt 0.705802 0.304388
vt 0.319150 0.918095
vt 0.321596 0.928702
vt 0.400544 0.907458
vt 0.400398 0.921883
vt 0.690141 0.337127
vt 0.694910 0.320977
vt 0.696610 0.336517
vt 0.688238 0.319593
vt 0.868167 0.891098
vt 0.875369 0.891211
vt 0.882131 0.891291
vt 0.683674 0.337744
vt 0.681681 0.319590
vt 0.838750 0.880480
vt 0.840187 0.895311
vt 0.715263 0.925509
vt 0.741129 0.939277
vt 0.718048 0.941177
vt 0.791323 0.930338
vt 0.766714 0.941959
vt 0.768714 0.925360
vt 0.758668 0.864233
vt 0.762565 0.840835
vt 0.765317 0.864105
vt 0.859819 0.285174
vt 0.853207 0.309938
vt 0.852990 0.285230
vt 0.788323 0.862795
vt 0.766426 0.886289
vt 0.714412 0.864569
vt 0.738729 0.887502
vt 0.714428 0.891857
vt 0.789868 0.888934
vt 0.766578 0.889251
vt 0.738914 0.890549
vt 0.710500 0.897003
vt 0.742612 0.960765
vt 0.747454 0.939741
vt 0.678383 0.912512
vt 0.687596 0.902388
vt 0.684968 0.917007
vt 0.739083 0.908373
vt 0.745814 0.890330
vt 0.746866 0.908530
vt 0.895075 0.908246
vt 0.916374 0.925649
vt 0.894359 0.925054
vt 0.886700 0.847052
vt 0.893088 0.823199
vt 0.893100 0.847023
vt 0.916438 0.846523
vt 0.893650 0.869114
vt 0.917027 0.872712
vt 0.893813 0.871927
vt 0.679318 0.285401
vt 0.674657 0.304157
vt 0.886224 0.947975
vt 0.887914 0.924622
vt 0.904272 0.786418
vt 0.904272 0.811071
vt 0.759561 0.886707
vt 0.759711 0.889628
vt 0.529797 0.739016
vt 0.525626 0.739027
vt 0.839923 0.313607
vt 0.832330 0.312108
vt 0.839157 0.309928
vt 0.889115 0.907395
vt 0.887245 0.869434
vt 0.887389 0.872288
vt 0.846333 0.311989
vt 0.846177 0.308121
vt 0.752657 0.887056
vt 0.745714 0.887334
vt 0.751953 0.864354
vt 0.745193 0.864456
vt 0.754294 0.908522
vt 0.761460 0.908483
vt 0.668492 0.892792
vt 0.671634 0.910677
vt 0.664702 0.911560
vt 0.755392 0.962251
vt 0.753878 0.940400
vt 0.760310 0.941163
vt 0.839337 0.285229
vt 0.749048 0.840857
vt 0.832500 0.285174
vt 0.761838 0.963035
vt 0.660684 0.897611
vt 0.657570 0.915117
vt 0.768454 0.908464
vt 0.752782 0.890007
vt 0.755819 0.840852
vt 0.738408 0.864532
vt 0.742238 0.840847
vt 0.860062 0.312117
vt 0.852768 0.313697
vt 0.681925 0.895177
vt 0.748987 0.961489
vt 0.846165 0.285257
vt 0.528921 0.732186
vt 0.522713 0.730676
vt 0.897785 0.786418
vt 0.897785 0.813377
vt 0.892709 0.947944
vt 0.671526 0.289557
vt 0.667790 0.307493
vt 0.886651 0.823196
vt 0.674212 0.948713
vt 0.677554 0.930022
vt 0.680903 0.947397
vt 0.670710 0.930673
vt 0.755645 0.922839
vt 0.748500 0.921610
vt 0.762366 0.924095
vt 0.657845 0.936022
vt 0.667522 0.950035
vt 0.660833 0.951362
vt 0.664141 0.932682
vt 0.740740 0.920422
vt 0.684649 0.930743
vt 0.687596 0.946089
vt 0.793765 0.893515
vt 0.793847 0.910612
vt 0.711441 0.912083
vt 0.669073 0.323808
vt 0.677225 0.338544
vt 0.670778 0.339349
vt 0.675290 0.321028
vt 0.888556 0.891368
vt 0.894682 0.891461
vt 0.920554 0.877631
vt 0.919473 0.895177
vt 0.429736 0.784001
vt 0.433648 0.801058
vt 0.428875 0.800889
vt 0.796027 0.701415
vt 0.819797 0.688431
vt 0.820225 0.700560
vt 0.827777 0.778946
vt 0.825361 0.831084
vt 0.823452 0.779099
vt 0.513375 0.772618
vt 0.485056 0.824975
vt 0.485056 0.772602
vt 0.447399 0.721767
vt 0.475924 0.669747
vt 0.475924 0.721767
vt 0.475924 0.812508
vt 0.447399 0.820171
vt 0.447399 0.812508
vt 0.795598 0.689286
vt 0.821278 0.682791
vt 0.475924 0.820171
vt 0.447399 0.847534
vt 0.475924 0.800371
vt 0.447399 0.800371
vt 0.824570 0.688262
vt 0.824998 0.700391
vt 0.829618 0.682496
vt 0.828652 0.655150
vt 0.846889 0.444994
vt 0.875413 0.432857
vt 0.875413 0.444994
vt 0.404247 0.812162
vt 0.429927 0.818659
vt 0.399456 0.817581
vt 0.404676 0.800033
vt 0.513581 0.842452
vt 0.513581 0.824975
vt 0.807894 0.831702
vt 0.799989 0.779945
vt 0.428446 0.813018
vt 0.404873 0.794475
vt 0.485056 0.846712
vt 0.485056 0.842452
vt 0.875086 0.476912
vt 0.847216 0.515694
vt 0.847216 0.476912
vt 0.485405 0.723551
vt 0.513253 0.742599
vt 0.485056 0.742575
vt 0.875413 0.450556
vt 0.846889 0.450556
vt 0.379534 0.787215
vt 0.407320 0.751519
vt 0.798668 0.749955
vt 0.770884 0.714233
vt 0.796223 0.706973
vt 0.347406 0.765493
vt 0.362311 0.720761
vt 0.374197 0.736011
vt 0.389193 0.745734
vt 0.780543 0.755715
vt 0.738756 0.735955
vt 0.513294 0.705709
vt 0.513274 0.723581
vt 0.753661 0.780688
vt 0.710500 0.782462
vt 0.718400 0.761389
vt 0.765547 0.765438
vt 0.485446 0.686343
vt 0.485424 0.705678
vt 0.875086 0.548271
vt 0.875086 0.515694
vt 0.847217 0.610743
vt 0.875086 0.570777
vt 0.875086 0.610743
vt 0.485464 0.669747
vt 0.513315 0.686374
vt 0.847216 0.548271
vt 0.319150 0.718986
vt 0.327050 0.740059
vt 0.004566 0.035096
vt 0.005392 0.043836
vt 0.004603 0.039751
vt 0.005701 0.474512
vt 0.008775 0.035975
vt 0.012100 0.504350
vt 0.006888 0.045366
vt 0.004566 0.452633
vt 0.006957 0.439364
vt 0.011188 0.434717
vt 0.015570 0.439071
vt 0.007101 0.032167
vt 0.018350 0.452200
vt 0.017787 0.474080
vt 0.008561 0.044250
vt 0.005525 0.035161
vt 0.009172 0.030873
vt 0.008053 0.030107
vt 0.009351 0.035730
vt 0.005939 0.029283
vt 0.007098 0.022603
vt 0.009357 0.040785
vt 0.006873 0.041617
vt 0.008354 0.040312
vt 0.006782 0.038437
vt 0.004663 0.030254
vt 0.007743 0.036547
vt 0.006363 0.036594
vt 0.005541 0.039779
vt 0.006738 0.004566
vt 0.005633 0.023493
vt 0.008126 0.022919
vt 0.438267 0.818954
vt 0.428959 0.846004
vt 0.392907 0.844729
vt 0.846889 0.425624
vt 0.875413 0.397697
vt 0.875413 0.425624
vt 0.790807 0.683867
vt 0.820312 0.655445
vt 0.433219 0.813187
vt 0.846889 0.353278
vt 0.875413 0.361623
vt 0.846889 0.361623
vt 0.846889 0.397697
vt 0.408640 0.721520
vt 0.431000 0.752356
vt 0.821086 0.717448
vt 0.475924 0.783464
vt 0.447399 0.751793
vt 0.475924 0.751793
vt 0.825596 0.717288
vt 0.822350 0.749093
vt 0.432102 0.722350
vt 0.435366 0.752511
vt 0.434246 0.784161
vt 0.434010 0.670365
vt 0.436427 0.722503
vt 0.416543 0.669747
vt 0.826715 0.748938
vt 0.823195 0.334158
vt 0.800637 0.285710
vt 0.823195 0.285174
vt 0.911999 0.336604
vt 0.906070 0.254751
vt 0.919674 0.267242
vt 0.791505 0.285710
vt 0.768947 0.334158
vt 0.768947 0.285174
vt 0.946948 0.332077
vt 0.939478 0.260304
vt 0.954148 0.236696
vt 0.906070 0.339494
vt 0.815643 0.893763
vt 0.827692 0.848530
vt 0.827692 0.908590
vt 0.535378 0.770014
vt 0.522713 0.789966
vt 0.522713 0.770014
vt 0.906070 0.116394
vt 0.926022 0.090510
vt 0.926022 0.116394
vt 0.802979 0.840834
vt 0.815643 0.863358
vt 0.802979 0.863235
vt 0.292916 0.839009
vt 0.305580 0.816486
vt 0.305580 0.838886
vt 0.926022 0.030450
vt 0.906070 0.090510
vt 0.906070 0.030450
vt 0.522713 0.819051
vt 0.535378 0.799098
vt 0.535378 0.819051
vt 0.906070 0.004566
vt 0.802979 0.916286
vt 0.305580 0.891937
vt 0.292916 0.869414
vt 0.305580 0.869536
vt 0.869622 0.315579
vt 0.889574 0.285174
vt 0.889574 0.315579
vt 0.280867 0.884242
vt 0.052831 0.486227
vt 0.069047 0.500951
vt 0.052831 0.503709
vt 0.946032 0.856924
vt 0.929686 0.849771
vt 0.946244 0.843024
vt 0.043698 0.488985
vt 0.027482 0.503709
vt 0.027482 0.486227
vt 0.960197 0.865088
vt 0.960197 0.823189
vt 0.955234 0.835755
vt 0.929835 0.893611
vt 0.343622 0.253929
vt 0.351802 0.217320
vt 0.362993 0.243238
vt 0.362018 0.280750
vt 0.378970 0.266521
vt 0.385243 0.303524
vt 0.399138 0.286292
vt 0.412424 0.321396
vt 0.422739 0.301809
vt 0.442538 0.333699
vt 0.448891 0.312489
vt 0.474458 0.339978
vt 0.476615 0.317934
vt 0.507002 0.340015
vt 0.504881 0.317937
vt 0.539004 0.333819
vt 0.532649 0.312486
vt 0.569392 0.321565
vt 0.558891 0.301734
vt 0.339868 0.098156
vt 0.374463 0.082838
vt 0.359813 0.107339
vt 0.328761 0.128160
vt 0.349989 0.133795
vt 0.323255 0.159936
vt 0.345219 0.161563
vt 0.323885 0.192332
vt 0.345811 0.189749
vt 0.330750 0.224075
vt 0.355545 0.070624
vt 0.393449 0.059456
vt 0.218094 0.535829
vt 0.276085 0.727009
vt 0.192508 0.795601
vt 0.352138 0.068448
vt 0.374168 0.044585
vt 0.243035 0.548882
vt 0.221103 0.530199
vt 0.245167 0.546283
vt 0.241119 0.551216
vt 0.219518 0.533165
vt 0.336194 0.096448
vt 0.263035 0.568883
vt 0.265632 0.566750
vt 0.260701 0.570798
vt 0.324812 0.127098
vt 0.278748 0.592401
vt 0.281712 0.590816
vt 0.276085 0.593824
vt 0.289572 0.618533
vt 0.292788 0.617556
vt 0.286683 0.619409
vt 0.319150 0.159625
vt 0.295089 0.646274
vt 0.298434 0.645945
vt 0.292085 0.646570
vt 0.319780 0.192811
vt 0.298434 0.674889
vt 0.295089 0.674559
vt 0.326808 0.225338
vt 0.289571 0.702300
vt 0.292787 0.703277
vt 0.292085 0.674263
vt 0.339995 0.255931
vt 0.278748 0.728432
vt 0.281712 0.730016
vt 0.382641 0.306749
vt 0.263033 0.751950
vt 0.265632 0.754081
vt 0.260699 0.750034
vt 0.410492 0.325062
vt 0.243034 0.771951
vt 0.245166 0.774548
vt 0.241118 0.769617
vt 0.441348 0.337668
vt 0.219516 0.787665
vt 0.221100 0.790629
vt 0.218092 0.785002
vt 0.474052 0.344103
vt 0.193384 0.798490
vt 0.194359 0.801707
vt 0.507395 0.344146
vt 0.165971 0.807353
vt 0.165643 0.804008
vt 0.137028 0.807353
vt 0.137358 0.804009
vt 0.165347 0.801003
vt 0.540184 0.337813
vt 0.109616 0.798492
vt 0.108641 0.801708
vt 0.137654 0.801004
vt 0.597189 0.303424
vt 0.571342 0.325291
vt 0.083483 0.787670
vt 0.081898 0.790636
vt 0.110493 0.795602
vt 0.582544 0.285964
vt 0.599235 0.611935
vt 0.578396 0.592377
vt 0.579099 0.591799
vt 0.598657 0.612638
vt 0.577693 0.592954
vt 0.394772 0.061337
vt 0.375286 0.083058
vt 0.622912 0.627755
vt 0.622483 0.628558
vt 0.598081 0.613341
vt 0.360529 0.107490
vt 0.649220 0.638652
vt 0.648956 0.639523
vt 0.622054 0.629359
vt 0.350769 0.133961
vt 0.677059 0.645113
vt 0.677149 0.644208
vt 0.648692 0.640393
vt 0.346037 0.161613
vt 0.705714 0.645113
vt 0.705624 0.644208
vt 0.705803 0.646018
vt 0.346641 0.189651
vt 0.733817 0.639523
vt 0.733553 0.638652
vt 0.734081 0.640393
vt 0.352607 0.217064
vt 0.760290 0.628558
vt 0.759861 0.627755
vt 0.760719 0.629359
vt 0.363736 0.242829
vt 0.784115 0.612638
vt 0.783538 0.611935
vt 0.784692 0.613341
vt 0.379622 0.265975
vt 0.803673 0.591799
vt 0.804377 0.592377
vt 0.399672 0.285631
vt 0.819494 0.568122
vt 0.820296 0.568551
vt 0.805079 0.592953
vt 0.423136 0.301057
vt 0.830391 0.541814
vt 0.831262 0.542078
vt 0.821098 0.568980
vt 0.449137 0.311676
vt 0.836852 0.513975
vt 0.835946 0.513885
vt 0.832131 0.542342
vt 0.476703 0.317086
vt 0.836852 0.485321
vt 0.835946 0.485410
vt 0.837756 0.485231
vt 0.504809 0.317080
vt 0.831262 0.457217
vt 0.830391 0.457481
vt 0.832131 0.456953
vt 0.532410 0.311633
vt 0.820296 0.430744
vt 0.819494 0.431173
vt 0.821098 0.430315
vt 0.558453 0.300889
vt 0.804377 0.406919
vt 0.803673 0.407496
vt 0.805080 0.406342
vt 0.581849 0.285140
vt 0.555346 0.046832
vt 0.592818 0.045214
vt 0.578890 0.062401
vt 0.615975 0.068036
vt 0.598994 0.082217
vt 0.634297 0.094890
vt 0.614905 0.105534
vt 0.647105 0.124763
vt 0.626029 0.131476
vt 0.653929 0.156535
vt 0.631954 0.159075
vt 0.654529 0.189025
vt 0.632464 0.187301
vt 0.648899 0.221044
vt 0.627543 0.215114
vt 0.637243 0.251460
vt 0.617362 0.241494
vt 0.619886 0.279229
vt 0.602199 0.265437
vt 0.419294 0.045645
vt 0.440139 0.014585
vt 0.445793 0.035608
vt 0.471517 0.008636
vt 0.473448 0.030453
vt 0.503802 0.008668
vt 0.501602 0.030580
vt 0.535630 0.014948
vt 0.529252 0.036094
vt 0.565694 0.027289
vt 0.410763 0.025485
vt 0.061882 0.769620
vt 0.042301 0.570800
vt 0.137654 0.519832
vt 0.383295 0.039210
vt 0.409202 0.021870
vt 0.193384 0.522344
vt 0.194361 0.519128
vt 0.192508 0.525234
vt 0.439062 0.010708
vt 0.165643 0.516827
vt 0.165973 0.513482
vt 0.165347 0.519832
vt 0.471137 0.004566
vt 0.137358 0.516827
vt 0.137029 0.513482
vt 0.504206 0.004566
vt 0.109617 0.522346
vt 0.108641 0.519130
vt 0.110494 0.525236
vt 0.536821 0.010987
vt 0.083485 0.533170
vt 0.081901 0.530206
vt 0.084909 0.535833
vt 0.567630 0.023629
vt 0.059967 0.548885
vt 0.057836 0.546286
vt 0.061883 0.551219
vt 0.595426 0.041996
vt 0.039967 0.568885
vt 0.037369 0.566752
vt 0.619153 0.065381
vt 0.021289 0.590818
vt 0.024253 0.592403
vt 0.026916 0.593827
vt 0.637927 0.092896
vt 0.013429 0.618535
vt 0.010213 0.617559
vt 0.016318 0.619412
vt 0.651050 0.123505
vt 0.007911 0.646276
vt 0.004566 0.645946
vt 0.010916 0.646572
vt 0.658042 0.156059
vt 0.007911 0.674561
vt 0.004566 0.674890
vt 0.010916 0.674265
vt 0.658658 0.189346
vt 0.013430 0.702303
vt 0.010213 0.703278
vt 0.016319 0.701426
vt 0.652895 0.222150
vt 0.021289 0.730020
vt 0.024253 0.728434
vt 0.026916 0.727011
vt 0.640967 0.253317
vt 0.037370 0.754085
vt 0.039967 0.751952
vt 0.042301 0.750037
vt 0.623213 0.281798
vt 0.059967 0.771954
vt 0.057834 0.774552
vt 0.599896 0.306653
vt 0.084907 0.785006
vt 0.563279 0.568123
vt 0.562476 0.568552
vt 0.561675 0.568980
vt 0.419391 0.046376
vt 0.552382 0.541815
vt 0.551511 0.542079
vt 0.550641 0.542343
vt 0.445867 0.036300
vt 0.546827 0.513886
vt 0.545921 0.513975
vt 0.545016 0.514064
vt 0.473491 0.031221
vt 0.545921 0.485321
vt 0.546827 0.485410
vt 0.545016 0.485232
vt 0.501523 0.031393
vt 0.551511 0.457217
vt 0.552382 0.457482
vt 0.550641 0.456953
vt 0.529016 0.036899
vt 0.562476 0.430744
vt 0.563279 0.431173
vt 0.561675 0.430316
vt 0.554954 0.047582
vt 0.578396 0.406919
vt 0.579099 0.407497
vt 0.577693 0.406343
vt 0.578357 0.063062
vt 0.598657 0.386658
vt 0.599235 0.387361
vt 0.598081 0.385955
vt 0.598343 0.082762
vt 0.622912 0.371541
vt 0.622482 0.370738
vt 0.622054 0.369937
vt 0.614160 0.105943
vt 0.649220 0.360644
vt 0.648956 0.359773
vt 0.648692 0.358903
vt 0.625220 0.131736
vt 0.677148 0.355088
vt 0.677059 0.354182
vt 0.676970 0.353278
vt 0.631110 0.159175
vt 0.705713 0.354182
vt 0.705624 0.355088
vt 0.705803 0.353278
vt 0.631613 0.187240
vt 0.733817 0.359772
vt 0.733553 0.360643
vt 0.734081 0.358903
vt 0.626709 0.214890
vt 0.760290 0.370738
vt 0.759861 0.371541
vt 0.760719 0.369936
vt 0.616572 0.241113
vt 0.784115 0.386657
vt 0.783538 0.387361
vt 0.784692 0.385955
vt 0.601440 0.264862
vt 0.212718 0.255636
vt 0.210928 0.239850
vt 0.627138 0.657797
vt 0.961848 0.719057
vt 0.782171 0.205409
vt 0.931620 0.218047
vt 0.745643 0.205010
vt 0.896937 0.006646
vt 0.896937 0.132221
vt 0.885346 0.105576
vt 0.759815 0.285179
vt 0.887515 0.744280
vt 0.227276 0.261619
vt 0.225899 0.245975
vt 0.562330 0.675347
vt 0.251101 0.848364
vt 0.505086 0.876210
vt 0.904203 0.719337
vt 0.467784 0.882441
vt 0.386919 0.560659
vt 0.384804 0.485554
vt 0.119858 0.836718
vt 0.921176 0.612020
vt 0.896937 0.141353
vt 0.885346 0.167997
vt 0.545016 0.955966
vt 0.891734 0.583125
vt 0.399440 0.953484
vt 0.326437 0.956175
vt 0.380396 0.977482
vt 0.686074 0.285174
vt 0.879740 0.948002
vt 0.530583 0.745779
vt 0.437836 0.888644
vt 0.923735 0.813377
vt 0.707729 0.337105
vt 0.788042 0.944750
vt 0.736247 0.960064
vt 0.918183 0.910773
vt 0.832327 0.318326
vt 0.675567 0.891960
vt 0.735376 0.840835
vt 0.860490 0.318390
vt 0.829618 0.830933
vt 0.447399 0.669747
vt 0.475924 0.847534
vt 0.846889 0.432857
vt 0.513581 0.846712
vt 0.747998 0.796288
vt 0.847217 0.570777
vt 0.513333 0.669778
vt 0.356649 0.705161
vt 0.437299 0.846299
vt 0.784260 0.656718
vt 0.875413 0.353278
vt 0.447399 0.783464
vt 0.438267 0.670516
vt 0.800637 0.334693
vt 0.791505 0.334693
vt 0.932037 0.324824
vt 0.535378 0.789966
vt 0.280867 0.824181
vt 0.522713 0.799098
vt 0.926022 0.004566
vt 0.802979 0.893885
vt 0.869622 0.285174
vt 0.069045 0.486910
vt 0.043696 0.503026
vt 0.954514 0.846730
vt 0.286682 0.701424
vt 0.370795 0.042283
vt 0.358844 0.283413
vt 0.676970 0.646018
vt 0.837756 0.514064
vt 0.381614 0.035668
s 1
usemtl PLANMC_Rifleman
f 1/1/1 29/2/2 16/3/3
f 27/4/4 14/5/5 1/1/1
f 23/6/6 26/7/7 2/8/8
f 2/8/8 30/9/9 23/6/6
f 14/5/5 25/10/10 3/11/11
f 3/11/11 29/2/2 14/5/5
f 3/11/11 30/9/9 18/12/12
f 25/10/10 23/6/6 3/11/11
f 4/13/13 31/14/14 20/15/15
f 16/3/3 19/16/16 4/13/13
f 15/17/17 17/18/18 5/19/19
f 5/19/19 32/20/20 15/17/17
f 19/16/16 18/12/12 6/21/21
f 6/21/21 31/14/14 19/16/16
f 6/21/21 32/20/20 22/22/22
f 18/12/12 15/17/17 6/21/21
f 20/15/15 49/23/23 7/24/24
f 50/25/25 21/26/26 8/27/27
f 49/23/23 22/22/22 46/28/28
f 22/22/22 50/25/25 46/28/28
f 39/29/29 69/30/30 35/31/10
f 25/10/10 24/32/29 9/33/10
f 12/34/31 25/10/10 9/33/10
f 35/31/10 28/35/32 38/36/31
f 38/36/31 71/37/33 36/38/7
f 26/7/7 12/34/31 10/39/7
f 24/32/29 27/4/4 11/40/4
f 37/41/4 70/42/34 39/29/29
f 37/41/4 40/43/29 43/44/4
f 44/45/31 36/38/7 42/46/7
f 35/31/10 44/45/31 41/47/10
f 40/43/29 35/31/10 41/47/10
f 24/32/29 41/47/10 9/33/10
f 41/47/10 12/34/31 9/33/10
f 12/34/31 42/46/7 10/39/7
f 43/44/4 24/32/29 11/40/4
f 45/48/35 59/49/36 48/50/37
f 48/50/37 75/51/38 45/48/35
f 75/51/38 54/52/39 45/48/35
f 45/48/35 60/53/40 55/54/41
f 61/55/42 60/53/40 54/52/39
f 54/52/39 76/56/43 61/55/42
f 74/57/44 48/50/37 62/58/45
f 62/58/45 59/49/36 67/59/46
f 65/60/47 50/61/25 8/62/27
f 49/63/23 66/64/48 7/65/24
f 50/61/25 52/66/49 46/67/28
f 52/66/49 49/63/23 46/67/28
f 67/59/46 53/68/50 63/69/51
f 63/69/51 57/70/52 65/60/47
f 64/71/53 58/72/54 51/73/55
f 51/73/55 68/74/56 64/71/53
f 47/75/57 57/70/52 53/68/50
f 53/68/50 55/54/41 47/75/57
f 55/54/41 51/73/55 47/75/57
f 47/75/57 58/72/54 52/66/49
f 70/42/34 72/76/58 69/77/30
f 28/78/32 72/76/58 71/79/33
f 81/80/59 75/81/38 56/82/60
f 77/83/61 78/84/62 79/85/63
f 75/81/38 80/86/64 73/87/65
f 80/86/64 76/56/43 73/87/65
f 74/88/44 81/80/59 56/82/60
f 85/89/66 94/90/67 93/91/68
f 96/92/69 107/93/70 110/94/71
f 90/95/72 85/89/66 93/91/68
f 87/96/73 82/97/74 86/98/75
f 128/99/76 86/98/75 126/100/77
f 154/101/78 93/91/68 156/102/79
f 106/103/80 103/104/81 99/105/82
f 105/106/83 96/92/69 98/107/84
f 104/108/85 99/105/82 95/109/86
f 95/109/86 101/110/87 100/111/88
f 100/111/88 147/112/89 144/113/90
f 103/104/81 107/93/70 97/114/91
f 157/115/92 106/103/80 104/108/85
f 98/107/84 146/116/93 105/106/83
f 159/117/94 108/118/95 106/103/80
f 86/119/96 95/120/97 100/121/96
f 82/122/97 104/123/58 95/120/97
f 89/124/98 97/125/99 91/126/100
f 83/127/101 102/128/102 88/129/103
f 92/130/104 97/125/99 105/131/83
f 84/132/105 96/133/106 83/127/101
f 129/134/107 105/131/83 146/135/93
f 127/136/108 98/137/109 84/132/105
f 87/138/110 99/139/111 85/140/112
f 86/119/96 144/141/113 126/142/113
f 87/138/110 147/143/114 101/144/115
f 88/129/103 158/145/116 155/146/116
f 89/124/98 99/139/111 103/147/117
f 90/148/58 157/149/58 104/123/58
f 83/150/118 112/151/119 109/152/120
f 155/153/121 112/151/119 88/154/122
f 89/155/123 91/156/124 83/150/118
f 89/155/123 109/152/120 94/90/67
f 108/118/95 110/94/71 107/93/70
f 110/94/71 102/157/125 96/92/69
f 111/158/126 158/159/127 102/157/125
f 162/160/128 111/158/126 108/118/95
f 156/102/79 94/90/67 161/161/129
f 161/161/129 109/152/120 160/162/130
f 160/162/130 112/151/119 164/163/131
f 125/164/132 116/165/133 124/166/134
f 131/167/135 142/168/136 132/169/137
f 121/170/138 116/165/133 113/171/139
f 113/171/139 118/172/140 117/173/141
f 117/173/141 128/174/76 126/175/77
f 165/176/92 124/166/134 121/170/138
f 148/177/142 114/178/143 122/179/144
f 141/180/145 138/181/146 143/182/147
f 131/167/135 140/183/148 133/184/149
f 139/185/150 134/186/151 141/180/145
f 136/187/152 130/188/153 135/189/154
f 147/112/89 135/189/154 144/113/90
f 142/168/136 138/181/146 132/169/137
f 168/190/78 141/180/145 170/191/155
f 133/184/149 146/116/93 145/192/156
f 170/191/155 143/182/147 173/193/157
f 117/194/158 130/195/97 113/196/159
f 113/196/159 139/197/58 121/198/58
f 132/199/160 120/200/161 122/201/162
f 137/202/163 114/203/164 119/204/103
f 123/205/165 132/199/160 122/201/162
f 131/206/166 115/207/167 114/203/164
f 129/134/107 140/208/148 123/205/165
f 133/209/168 127/136/108 115/207/167
f 134/210/169 118/211/170 116/212/171
f 126/142/113 135/213/96 117/194/158
f 136/214/172 128/215/173 118/211/170
f 169/216/116 119/204/103 166/217/116
f 120/200/161 134/210/169 116/212/171
f 121/198/58 168/218/174 165/219/174
f 149/220/175 153/221/176 119/222/177
f 153/221/176 166/223/178 119/222/177
f 129/224/179 115/225/180 127/226/181
f 149/220/175 125/164/132 150/227/182
f 120/228/183 148/177/142 122/179/144
f 143/182/147 151/229/184 152/230/185
f 137/231/186 151/229/184 131/167/135
f 169/232/187 152/230/185 137/231/186
f 152/230/185 173/193/157 143/182/147
f 84/233/188 91/156/124 92/234/189
f 84/233/188 129/224/179 127/226/181
f 123/235/190 114/178/143 115/225/180
f 125/164/132 167/236/191 172/237/192
f 150/227/182 172/237/192 171/238/193
f 171/238/193 153/221/176 150/227/182
f 246/239/194 213/240/195 245/241/196
f 221/242/197 243/243/198 248/244/199
f 182/245/200 268/246/201 271/247/202
f 262/248/203 176/249/204 179/250/205
f 292/251/206 254/252/207 270/253/208
f 203/254/209 261/255/210 244/256/211
f 251/257/212 269/258/213 290/259/214
f 199/260/215 261/261/216 253/262/217
f 177/263/218 187/264/219 184/265/220
f 250/266/221 185/267/222 178/268/223
f 291/269/224 264/270/225 292/251/206
f 247/271/226 219/272/227 249/273/228
f 262/248/203 263/274/229 264/275/225
f 196/276/230 200/277/231 202/278/232
f 184/265/220 183/279/233 185/267/222
f 196/280/230 187/264/219 194/281/234
f 194/281/234 182/282/200 191/283/235
f 195/284/236 183/279/233 196/280/230
f 191/285/235 271/247/202 273/286/237
f 202/278/232 195/287/236 196/276/230
f 253/262/217 193/288/238 199/260/215
f 275/289/239 191/290/235 273/291/237
f 194/292/234 197/293/240 200/277/231
f 198/294/241 244/295/242 199/260/215
f 200/277/231 247/296/243 249/297/244
f 266/298/245 190/299/246 189/300/247
f 201/301/248 243/302/249 198/294/241
f 192/303/250 201/301/248 198/294/241
f 212/304/251 224/305/252 227/306/253
f 212/304/251 222/307/254 223/308/255
f 283/309/256 206/310/257 211/311/258
f 225/312/259 257/313/260 260/314/261
f 207/315/262 210/316/263 205/317/264
f 281/318/265 256/319/266 208/320/267
f 207/315/262 209/321/268 208/320/267
f 206/310/257 281/318/265 209/321/268
f 257/313/260 210/316/263 256/319/266
f 237/322/269 203/254/270 214/323/271
f 206/310/257 218/324/272 211/311/258
f 207/315/262 215/325/273 206/310/257
f 207/315/262 217/326/274 216/327/275
f 226/328/276 205/317/264 225/312/259
f 222/307/254 216/327/275 223/308/255
f 237/322/269 221/242/277 241/329/278
f 216/327/275 224/305/252 223/308/255
f 217/326/274 227/306/253 224/305/252
f 228/330/279 215/325/273 222/307/254
f 242/331/280 234/332/281 241/329/278
f 232/333/282 228/334/279 233/335/283
f 229/336/284 218/337/272 232/333/282
f 212/338/251 234/332/281 235/339/285
f 233/335/283 212/338/251 235/339/285
f 285/340/286 211/341/258 229/336/284
f 258/342/287 225/343/259 260/344/261
f 259/345/288 231/346/289 258/342/287
f 287/347/290 229/336/284 236/348/291
f 236/348/291 232/333/282 240/349/292
f 240/349/292 233/335/283 238/350/293
f 227/351/253 230/352/294 234/332/281
f 226/353/276 231/346/289 230/352/294
f 241/329/278 219/272/295 242/331/280
f 242/331/280 220/354/296 238/350/293
f 235/339/285 238/350/293 233/335/283
f 230/352/294 241/329/278 234/332/281
f 213/240/297 238/350/293 220/354/296
f 204/355/298 240/349/292 213/240/297
f 276/356/299 236/348/291 204/355/298
f 203/254/270 259/345/288 255/357/300
f 230/352/294 239/358/301 237/322/269
f 202/278/232 248/359/302 201/301/248
f 203/254/209 243/243/198 214/323/303
f 276/356/304 246/239/194 289/360/305
f 255/357/306 288/361/307 261/255/210
f 219/272/227 248/244/199 249/273/228
f 246/362/308 200/277/231 197/293/240
f 220/354/309 245/241/196 213/240/195
f 197/363/240 289/364/310 246/365/308
f 253/366/217 288/367/311 274/368/312
f 198/294/241 193/288/238 192/303/250
f 177/369/218 290/259/214 268/246/201
f 177/263/218 250/266/221 251/370/212
f 277/371/313 259/345/288 286/372/314
f 286/372/314 258/342/287 284/373/315
f 284/373/315 260/344/261 282/374/316
f 278/375/317 256/319/266 280/376/318
f 260/314/261 278/375/317 282/377/316
f 274/368/312 252/378/319 253/366/217
f 192/379/250 188/380/320 189/300/247
f 267/381/321 262/382/203 291/269/224
f 181/383/322 178/268/223 176/249/204
f 180/384/323 250/266/221 178/268/223
f 180/385/323 267/381/321 269/258/213
f 185/267/222 176/249/204 178/268/223
f 264/275/225 188/380/320 254/386/207
f 265/387/324 188/380/320 263/274/229
f 263/274/229 266/298/245 265/387/324
f 266/298/245 176/249/204 186/388/325
f 185/267/222 190/299/246 186/388/325
f 195/284/236 189/300/247 190/299/246
f 254/386/207 193/389/238 252/390/319
f 270/253/208 252/391/319 272/392/326
f 1/1/1 306/393/327 297/394/328
f 297/394/328 27/4/4 1/1/1
f 26/7/7 302/395/329 2/8/8
f 2/8/8 307/396/330 17/18/18
f 304/397/90 297/394/328 293/398/331
f 293/398/331 306/393/327 299/399/332
f 293/398/331 307/396/330 302/395/329
f 302/395/329 304/397/90 293/398/331
f 4/13/13 308/400/333 300/401/334
f 300/401/334 16/3/3 4/13/13
f 17/18/18 298/402/335 5/19/19
f 5/19/19 309/403/336 21/26/26
f 299/399/332 300/401/334 294/404/337
f 294/404/337 308/400/333 301/405/338
f 294/404/337 309/403/336 298/402/335
f 298/402/335 299/399/332 294/404/337
f 322/406/339 20/15/15 7/24/24
f 21/26/26 323/407/340 8/27/27
f 301/405/338 322/406/339 319/408/341
f 323/407/340 301/405/338 319/408/341
f 334/409/342 314/410/343 312/411/90
f 303/412/343 304/397/90 295/413/90
f 304/397/90 296/414/344 295/413/90
f 312/411/90 305/415/345 334/409/342
f 71/37/33 313/416/344 36/38/7
f 296/414/344 26/7/7 10/39/7
f 27/4/4 303/412/343 11/40/4
f 37/41/4 335/417/346 13/418/347
f 315/419/343 37/41/4 43/44/4
f 36/38/7 317/420/344 42/46/7
f 317/420/344 312/411/90 316/421/90
f 312/411/90 315/419/343 316/421/90
f 316/421/90 303/412/343 295/413/90
f 296/414/344 316/421/90 295/413/90
f 42/46/7 296/414/344 10/39/7
f 303/412/343 43/44/4 11/40/4
f 318/422/348 332/423/349 328/424/350
f 337/425/351 321/426/352 318/422/348
f 327/427/353 337/425/351 318/422/348
f 318/422/348 333/428/354 327/427/353
f 61/55/42 333/428/354 68/74/56
f 76/56/43 327/427/353 61/55/42
f 321/426/352 74/57/44 62/58/45
f 62/58/45 332/423/349 321/426/352
f 323/429/340 65/60/47 8/62/27
f 66/64/48 322/430/339 7/65/24
f 325/431/355 323/429/340 319/432/341
f 322/430/339 325/431/355 319/432/341
f 326/433/356 67/59/46 63/69/51
f 63/69/51 330/434/357 326/433/356
f 64/71/53 331/435/358 66/64/48
f 68/74/56 324/436/359 64/71/53
f 320/437/360 330/434/357 325/431/355
f 328/424/350 326/433/356 320/437/360
f 324/436/359 328/424/350 320/437/360
f 320/437/360 331/435/358 324/436/359
f 72/76/58 335/417/346 334/438/342
f 305/439/345 72/76/58 334/438/342
f 337/440/351 340/441/361 329/442/362
f 79/85/63 340/441/361 338/443/363
f 337/440/351 339/444/364 338/443/363
f 76/56/43 339/444/364 336/445/365
f 74/88/44 340/441/361 78/84/62
f 353/446/366 344/447/367 352/448/368
f 355/449/369 366/450/370 356/451/371
f 349/452/372 344/447/367 341/453/373
f 341/453/373 346/454/374 345/455/375
f 345/455/375 387/456/376 385/457/377
f 154/101/78 352/448/368 349/452/372
f 365/458/378 362/459/379 367/460/380
f 355/449/369 364/461/381 357/462/382
f 363/463/383 358/464/384 365/458/378
f 360/465/385 354/466/386 359/467/387
f 406/468/388 359/467/387 403/469/10
f 366/450/370 362/459/379 356/451/371
f 157/115/92 365/458/378 159/117/94
f 357/462/382 405/470/389 404/471/390
f 159/117/94 367/460/380 162/160/128
f 345/472/391 354/473/392 341/474/392
f 341/474/392 363/475/58 349/476/58
f 356/477/393 348/478/394 350/479/395
f 361/480/396 342/481/397 347/482/398
f 351/483/399 356/477/393 350/479/395
f 355/484/400 343/485/401 342/481/397
f 388/486/402 364/487/381 351/483/399
f 357/488/403 386/489/404 343/485/401
f 358/490/405 346/491/406 344/492/407
f 403/493/408 345/472/391 385/494/408
f 346/491/406 406/495/409 387/496/410
f 158/145/116 347/482/398 155/146/116
f 348/478/394 358/490/405 344/492/407
f 349/476/58 157/149/58 154/497/58
f 342/498/411 371/499/412 347/500/413
f 371/499/412 155/153/121 347/500/413
f 348/501/414 342/498/411 350/502/415
f 368/503/416 348/501/414 353/446/366
f 367/460/380 369/504/417 370/505/418
f 361/506/419 369/504/417 355/449/369
f 158/159/127 370/505/418 361/506/419
f 370/505/418 162/160/128 367/460/380
f 353/446/366 156/102/79 161/161/129
f 368/503/416 161/161/129 160/162/130
f 160/162/130 371/499/412 368/503/416
f 375/507/420 384/508/421 383/509/422
f 390/510/423 401/511/424 410/512/425
f 380/513/426 375/507/420 383/509/422
f 377/514/427 372/515/428 376/516/429
f 387/517/376 376/516/429 385/518/377
f 165/176/92 383/509/422 167/236/191
f 407/519/430 373/520/431 408/521/432
f 400/522/433 397/523/434 393/524/435
f 399/525/436 390/510/423 392/526/437
f 398/527/438 393/524/435 389/528/439
f 389/528/439 395/529/440 394/530/441
f 394/530/441 406/468/388 403/469/10
f 397/523/434 401/511/424 391/531/442
f 168/190/78 400/522/433 398/527/438
f 392/526/437 405/470/389 399/525/436
f 170/191/155 402/532/443 400/522/433
f 376/533/444 389/534/392 394/535/391
f 372/536/445 398/537/58 389/534/392
f 379/538/446 391/539/447 381/540/448
f 373/541/449 396/542/450 378/543/398
f 382/544/451 391/539/447 399/545/436
f 374/546/452 390/547/453 373/541/449
f 388/486/402 399/545/436 405/548/389
f 386/489/404 392/549/454 374/546/452
f 377/550/455 393/551/456 375/552/457
f 385/494/408 394/535/391 403/493/408
f 387/496/410 395/553/458 377/550/455
f 378/543/398 169/216/116 166/217/116
f 379/538/446 393/551/456 397/554/459
f 380/555/58 168/218/174 398/537/58
f 378/556/460 409/557/461 408/521/432
f 166/223/178 412/558/462 378/556/460
f 388/559/463 374/560/464 382/561/465
f 408/521/432 384/508/421 407/519/430
f 379/562/466 407/519/430 384/508/421
f 402/532/443 410/512/425 401/511/424
f 410/512/425 396/563/467 390/510/423
f 411/564/468 169/232/187 396/563/467
f 173/193/157 411/564/468 402/532/443
f 343/565/469 350/502/415 342/498/411
f 388/559/463 343/565/469 386/566/470
f 373/520/431 382/561/465 374/560/464
f 167/236/191 384/508/421 172/237/192
f 172/237/192 409/557/461 171/238/193
f 171/238/193 412/558/462 175/567/471
f 483/568/472 450/569/473 441/570/474
f 480/571/475 458/572/476 485/573/477
f 268/246/201 419/574/478 271/247/202
f 499/575/479 413/576/480 418/577/481
f 491/578/482 292/251/206 270/253/208
f 498/579/483 440/580/484 481/581/485
f 488/582/486 269/258/213 417/583/487
f 436/584/488 498/585/489 481/586/490
f 414/587/491 424/588/492 419/589/478
f 422/590/493 487/591/494 415/592/495
f 501/593/496 291/269/224 292/251/206
f 484/594/497 456/595/498 457/596/499
f 500/597/500 499/575/479 501/598/496
f 437/599/501 433/600/502 439/601/503
f 420/602/504 421/603/505 422/590/493
f 433/604/502 424/588/492 420/602/504
f 431/605/506 419/589/478 424/588/492
f 432/606/507 420/602/504 427/607/508
f 428/608/509 271/247/202 419/574/478
f 439/601/503 432/609/507 438/610/510
f 490/611/511 430/612/512 489/613/513
f 275/289/239 428/614/509 434/615/514
f 434/616/514 431/617/506 437/599/501
f 435/618/515 481/586/490 480/619/516
f 486/620/517 484/621/518 437/599/501
f 426/622/519 423/623/520 503/624/521
f 438/610/510 480/619/516 485/625/522
f 429/626/523 438/610/510 432/609/507
f 449/627/524 461/628/525 460/629/526
f 449/627/524 459/630/527 465/631/528
f 283/309/256 443/632/529 279/633/530
f 494/634/531 462/635/532 497/636/533
f 447/637/534 444/638/535 442/639/536
f 445/640/537 493/641/538 281/318/265
f 444/638/535 446/642/539 443/632/529
f 443/632/529 281/318/265 279/633/530
f 494/634/531 447/637/534 442/639/536
f 474/643/540 440/580/541 476/644/542
f 443/632/529 455/645/543 452/646/544
f 444/638/535 452/646/544 453/647/545
f 454/648/546 444/638/535 453/647/545
f 442/639/536 463/649/547 462/635/532
f 459/630/527 453/647/545 452/646/544
f 458/572/548 474/643/540 478/650/549
f 461/628/525 453/647/545 460/629/526
f 464/651/550 454/648/546 461/628/525
f 465/631/528 452/646/544 455/645/543
f 479/652/551 471/653/552 472/654/553
f 465/655/528 469/656/554 470/657/555
f 455/658/543 466/659/556 469/656/554
f 471/653/552 449/660/524 472/654/553
f 449/660/524 470/657/555 472/654/553
f 285/340/286 448/661/557 283/662/256
f 495/663/558 462/664/532 468/665/559
f 496/666/560 468/665/559 476/644/542
f 287/347/290 466/659/556 285/340/286
f 469/656/554 473/667/561 477/668/562
f 470/657/555 477/668/562 475/669/563
f 464/670/550 467/671/564 463/672/547
f 463/672/547 468/665/559 462/664/532
f 456/595/565 478/650/549 479/652/551
f 457/596/566 479/652/551 475/669/563
f 475/669/563 472/654/553 470/657/555
f 467/671/564 478/650/549 474/643/540
f 475/669/563 450/569/567 457/596/566
f 477/668/562 441/570/568 450/569/567
f 276/356/299 473/667/561 287/347/290
f 496/666/560 440/580/541 492/673/569
f 467/671/564 476/644/542 468/665/559
f 439/601/503 485/625/522 486/620/517
f 480/571/475 440/580/484 451/674/570
f 276/356/304 483/568/472 441/570/474
f 288/361/307 492/673/571 498/579/483
f 456/595/498 485/573/477 458/572/476
f 437/599/501 483/675/572 434/616/514
f 482/676/573 457/596/499 450/569/473
f 289/364/310 434/615/514 483/677/572
f 490/678/511 288/367/311 498/679/489
f 430/612/512 435/618/515 429/626/523
f 414/680/491 290/259/214 488/582/486
f 414/587/491 487/591/494 421/603/505
f 277/371/313 496/666/560 492/673/569
f 286/372/314 495/663/558 496/666/560
f 284/373/315 497/681/533 495/663/558
f 278/375/317 493/641/538 494/634/531
f 278/375/317 497/636/533 282/377/316
f 274/368/312 489/682/513 272/683/326
f 425/684/574 429/685/523 426/622/519
f 499/686/479 267/381/321 291/269/224
f 418/577/481 415/592/495 417/687/487
f 487/591/494 417/687/487 415/592/495
f 417/583/487 267/381/321 418/688/481
f 422/590/493 413/576/480 423/623/520
f 425/684/574 501/598/496 491/689/482
f 425/684/574 502/690/575 500/597/500
f 500/597/500 503/624/521 416/691/576
f 413/576/480 503/624/521 423/623/520
f 422/590/493 427/607/508 420/602/504
f 426/622/519 432/606/507 427/607/508
f 430/692/512 491/689/482 489/693/513
f 489/694/513 270/253/208 272/392/326
f 569/695/577 506/696/578 570/697/579
f 509/698/580 574/699/581 572/700/582
f 549/701/58 507/702/58 544/703/58
f 556/704/583 504/705/584 555/706/584
f 511/707/585 507/708/585 508/709/585
f 504/710/586 510/711/586 505/712/586
f 513/713/587 518/714/588 511/707/585
f 519/715/589 512/716/590 510/711/586
f 506/696/591 554/717/591 557/718/591
f 587/719/592 514/720/593 553/721/594
f 584/722/595 512/716/596 571/723/597
f 588/724/598 525/725/599 590/726/600
f 562/727/58 520/728/58 560/729/58
f 523/730/10 520/731/10 521/732/10
f 524/733/601 527/734/10 523/730/10
f 592/735/602 564/736/603 599/737/604
f 533/738/605 565/739/606 561/740/607
f 560/741/608 530/742/4 529/743/4
f 547/744/609 508/709/609 549/701/609
f 548/745/610 511/707/609 547/744/609
f 531/746/611 563/747/612 564/748/613
f 518/749/614 550/750/615 545/751/616
f 594/752/617 561/740/618 597/753/619
f 567/754/620 535/755/7 566/756/620
f 562/727/620 534/757/7 567/754/620
f 556/704/583 538/758/621 553/759/622
f 559/760/623 542/761/609 558/762/609
f 558/762/609 536/763/609 552/764/609
f 582/765/624 543/766/625 576/767/626
f 579/768/627 550/769/628 581/770/629
f 541/771/591 551/772/591 546/773/591
f 544/774/584 539/775/630 537/776/584
f 552/764/58 537/777/58 555/778/58
f 507/779/584 545/751/616 544/774/584
f 546/773/591 516/780/591 509/698/591
f 581/770/629 517/781/631 575/782/632
f 573/783/633 548/745/610 582/765/624
f 545/751/616 538/758/621 539/775/630
f 543/766/625 547/744/609 542/761/609
f 542/761/609 549/701/609 536/763/609
f 536/763/58 544/703/58 537/777/58
f 505/712/58 555/778/58 504/784/58
f 510/711/609 552/764/609 505/712/609
f 512/716/596 558/762/609 510/711/609
f 519/785/634 553/759/622 514/786/635
f 576/767/626 559/760/623 584/722/595
f 579/768/627 553/721/594 538/787/636
f 557/718/591 540/788/591 541/771/591
f 539/775/630 555/706/584 537/776/584
f 521/732/620 567/754/620 523/730/620
f 523/730/620 566/756/620 524/733/620
f 588/724/637 561/740/618 522/789/618
f 564/748/613 527/790/638 526/791/639
f 520/792/608 563/793/608 560/741/608
f 561/740/607 525/794/640 522/789/641
f 599/737/604 526/795/642 591/796/643
f 528/797/58 560/729/58 529/798/58
f 540/799/644 586/800/645 578/801/646
f 578/801/646 587/719/592 579/768/627
f 577/802/647 557/718/648 541/771/648
f 577/802/647 584/722/595 585/803/649
f 509/698/648 583/804/650 546/773/648
f 572/700/651 582/765/624 583/804/650
f 551/805/652 574/806/653 516/807/654
f 580/808/655 575/782/632 574/806/653
f 540/799/644 580/808/655 551/805/652
f 578/801/646 581/770/629 580/808/655
f 546/773/648 577/802/647 541/771/648
f 583/804/650 576/767/626 577/802/647
f 585/803/649 506/696/648 557/718/648
f 585/803/649 571/723/597 570/697/656
f 554/809/657 569/810/658 586/800/645
f 586/800/645 568/811/659 587/719/592
f 573/783/660 517/812/661 513/713/587
f 572/700/582 575/813/662 573/783/660
f 514/814/663 571/723/664 512/716/590
f 568/815/665 570/697/579 571/723/664
f 565/816/666 590/817/667 525/818/668
f 598/819/669 591/796/643 590/817/667
f 566/756/620 589/820/670 524/733/620
f 596/821/671 588/724/637 589/820/670
f 535/755/7 596/821/671 566/756/620
f 595/822/672 597/753/619 596/821/671
f 532/823/673 598/819/669 565/816/666
f 593/824/674 599/737/604 598/819/669
f 589/820/675 526/825/676 524/733/601
f 589/820/675 590/726/600 591/826/677
f 657/827/678 602/828/679 611/829/680
f 662/830/681 605/831/682 660/832/683
f 637/833/58 603/834/58 604/835/58
f 600/836/684 644/837/685 643/838/684
f 603/839/686 607/840/686 604/835/686
f 600/841/687 606/842/687 615/843/688
f 614/844/689 609/845/690 607/840/686
f 615/843/688 608/846/691 610/847/692
f 642/848/693 602/828/693 645/849/693
f 675/850/694 610/851/695 656/852/696
f 659/853/697 647/854/698 672/855/699
f 676/856/700 621/857/701 618/858/701
f 650/859/58 616/860/58 617/861/58
f 616/862/90 619/863/90 617/861/90
f 623/864/90 620/865/702 619/863/90
f 652/866/703 592/735/602 683/867/704
f 653/868/705 533/738/605 649/869/706
f 648/870/707 530/742/4 651/871/707
f 604/835/708 635/872/708 637/833/708
f 607/840/708 636/873/709 635/872/708
f 651/874/710 531/746/611 652/875/711
f 638/876/712 614/877/713 633/878/714
f 649/869/715 594/752/617 681/879/716
f 535/755/7 655/880/717 654/881/717
f 534/757/7 650/859/717 655/880/717
f 644/837/685 626/882/718 627/883/719
f 630/884/708 647/854/698 646/885/708
f 624/886/708 646/885/708 640/887/708
f 664/888/720 636/873/709 670/889/721
f 638/890/722 667/891/723 669/892/724
f 639/893/693 629/894/693 634/895/693
f 632/896/684 627/883/719 633/878/714
f 640/887/58 625/897/58 624/886/58
f 603/898/684 633/878/714 614/877/713
f 612/899/693 634/895/693 605/831/693
f 613/900/725 669/892/724 663/901/726
f 670/889/721 609/845/727 661/902/728
f 626/882/718 633/878/714 627/883/719
f 635/872/708 631/903/729 630/884/708
f 637/833/708 630/884/708 624/886/708
f 624/886/58 632/904/58 637/833/58
f 601/905/58 643/906/58 640/887/58
f 640/887/708 606/842/708 601/905/708
f 646/885/708 608/846/730 606/842/708
f 615/907/731 641/908/732 644/837/685
f 672/855/699 631/903/729 664/888/720
f 667/891/723 641/909/733 675/850/694
f 628/910/693 645/849/693 629/894/693
f 643/838/684 627/883/719 625/911/684
f 655/880/717 617/861/717 619/863/717
f 654/881/717 619/863/717 620/865/717
f 676/856/734 649/869/715 681/879/716
f 623/912/735 652/875/711 622/913/736
f 616/914/707 651/871/707 623/915/707
f 621/916/737 649/869/706 618/858/641
f 622/917/738 683/867/704 679/918/739
f 528/797/58 648/919/58 650/859/58
f 628/920/740 674/921/741 642/922/742
f 666/923/743 675/850/694 674/921/741
f 645/849/744 665/924/745 629/894/744
f 673/925/746 664/888/720 665/924/745
f 605/831/744 671/926/747 660/832/748
f 671/926/747 661/902/728 660/832/748
f 662/927/749 639/928/750 612/929/751
f 663/901/726 668/930/752 662/927/749
f 668/930/752 628/920/740 639/928/750
f 669/892/724 666/923/743 668/930/752
f 629/894/744 671/926/747 634/895/744
f 665/924/745 670/889/721 671/926/747
f 645/849/744 658/931/753 673/925/746
f 658/931/753 672/855/699 673/925/746
f 642/922/742 657/932/754 611/933/751
f 674/921/741 656/852/696 657/932/754
f 613/934/755 661/902/756 609/845/690
f 663/935/757 660/832/683 661/902/756
f 610/847/692 659/853/758 656/936/759
f 659/853/758 657/827/678 656/936/759
f 678/937/760 653/938/761 621/939/762
f 679/918/739 682/940/763 678/937/760
f 620/865/717 680/941/764 654/881/717
f 677/942/765 681/879/716 680/941/764
f 654/881/717 595/822/672 535/755/7
f 680/941/764 594/752/617 595/822/672
f 682/940/763 532/823/673 653/938/761
f 683/867/704 593/824/674 682/940/763
f 622/943/766 677/942/767 620/865/702
f 679/944/768 676/856/700 677/942/767
f 771/945/769 687/946/769 705/947/769
f 690/948/770 698/949/771 706/950/771
f 774/951/771 707/952/771 775/953/772
f 778/954/773 684/955/774 779/956/775
f 776/957/776 689/958/776 774/959/776
f 700/960/777 693/961/778 702/962/777
f 701/963/779 697/964/771 698/949/771
f 695/965/776 764/966/776 693/961/776
f 691/967/776 702/962/777 687/968/776
f 706/950/771 700/969/771 691/970/771
f 700/969/771 697/964/771 695/971/771
f 697/964/771 762/972/771 695/971/771
f 686/973/780 701/974/779 690/975/770
f 703/976/781 696/977/769 692/978/782
f 705/947/769 703/976/781 686/979/780
f 707/980/4 684/955/4 688/981/4
f 775/953/772 688/982/783 778/983/784
f 687/946/769 699/984/769 705/947/769
f 709/985/769 705/947/769 686/979/769
f 707/980/4 685/986/4 704/987/4
f 715/988/785 717/989/786 713/990/785
f 712/991/787 710/992/788 708/993/789
f 711/994/790 713/990/785 709/995/790
f 713/996/791 708/997/792 709/985/793
f 710/998/794 715/999/795 711/1000/796
f 717/1001/769 720/1002/769 716/1003/769
f 717/1001/769 712/1004/797 713/996/791
f 714/1005/771 719/1006/771 715/999/795
f 712/991/787 718/1007/798 714/1008/799
f 722/1009/771 727/1010/771 723/1011/771
f 722/1009/771 719/1006/771 718/1012/771
f 720/1013/800 718/1007/798 716/1014/798
f 723/1015/801 717/989/786 719/1016/786
f 724/1017/802 727/1018/802 726/1019/802
f 724/1020/803 722/1021/800 720/1013/800
f 727/1018/804 721/1022/801 723/1015/801
f 725/1023/769 720/1002/769 721/1024/769
f 746/1025/805 739/1026/806 738/1027/805
f 734/1028/807 743/1029/808 735/1030/808
f 740/1031/809 733/1032/810 732/1033/809
f 738/1027/811 731/1034/812 730/1035/811
f 736/1036/813 729/1037/814 728/1038/813
f 743/1029/808 728/1038/813 735/1030/808
f 741/1039/810 734/1028/807 733/1032/810
f 739/1026/812 732/1033/809 731/1034/812
f 737/1040/814 730/1035/811 729/1037/814
f 758/1041/815 751/1042/816 750/1043/817
f 736/1036/818 745/1044/819 737/1040/819
f 743/1029/820 744/1045/818 736/1036/818
f 741/1039/821 750/1043/822 742/1046/822
f 739/1026/806 748/1047/823 740/1031/823
f 737/1040/819 746/1025/805 738/1027/805
f 750/1043/822 743/1029/820 742/1046/822
f 740/1031/823 749/1048/821 741/1039/821
f 758/1041/4 756/1049/4 754/1050/4
f 748/1047/824 757/1051/825 749/1048/825
f 746/1025/826 755/1052/827 747/1053/827
f 752/1054/828 745/1044/829 744/1045/828
f 759/1055/816 744/1045/828 751/1042/816
f 749/1048/825 758/1041/815 750/1043/817
f 747/1053/827 756/1049/824 748/1047/824
f 753/1056/829 746/1025/826 745/1044/829
f 693/1057/769 761/1058/769 696/977/769
f 692/978/769 761/1058/769 765/1059/769
f 692/1060/830 763/1061/830 694/1062/830
f 694/1063/771 760/1064/771 697/964/771
f 702/1065/769 696/977/769 699/984/769
f 701/974/779 692/1060/782 694/1062/831
f 764/1066/7 760/1067/7 761/1068/7
f 765/1069/7 760/1067/7 763/1061/7
f 779/1070/769 769/1071/769 708/997/769
f 773/1072/832 710/998/833 711/1000/834
f 772/1073/776 766/1074/776 767/1075/776
f 772/1076/771 768/1077/835 773/1072/832
f 777/1078/769 766/1079/769 769/1071/769
f 691/970/771 773/1072/832 706/950/771
f 690/975/836 709/995/836 686/973/836
f 687/968/776 772/1073/776 691/967/776
f 706/950/771 711/1000/834 690/948/771
f 708/997/769 771/945/769 709/985/769
f 769/1071/769 770/1080/769 771/945/769
f 704/1081/769 776/1082/769 777/1078/769
f 684/1083/769 777/1078/769 779/1070/769
f 768/1077/835 778/983/784 710/998/833
f 767/1075/776 776/957/776 774/959/776
f 710/992/837 779/956/775 708/993/837
f 767/1084/771 775/953/772 768/1077/835
f 781/1085/769 782/1086/769 780/1087/769
f 783/1088/838 786/1089/838 782/1090/838
f 786/1091/771 785/1092/771 784/1093/771
f 785/1094/839 780/1095/839 784/1096/839
f 786/1089/840 780/1095/840 782/1090/840
f 783/1088/841 785/1094/841 787/1097/841
f 803/1098/771 794/1099/771 802/1100/771
f 795/1101/842 788/1102/842 790/1103/842
f 789/1104/843 794/1105/843 791/1106/843
f 791/1107/771 795/1108/771 790/1109/771
f 793/1110/769 789/1111/769 788/1112/769
f 802/1113/776 792/1114/776 800/1115/776
f 798/1116/844 801/1117/844 803/1118/844
f 797/1119/845 802/1113/845 800/1115/845
f 799/1120/771 803/1098/771 802/1100/771
f 797/1121/769 801/1122/769 796/1123/769
f 801/1124/836 795/1125/836 803/1126/836
f 800/1127/769 793/1110/769 801/1122/769
f 804/1128/769 807/1129/769 806/1130/769
f 807/1131/846 810/1132/846 806/1133/846
f 811/1134/771 808/1135/771 810/1136/771
f 809/1137/847 804/1138/847 808/1139/847
f 806/1133/848 808/1139/848 804/1138/848
f 807/1131/849 809/1137/849 811/1140/849
f 845/1141/850 908/1142/851 912/1143/852
f 849/1144/853 912/1143/852 916/1145/854
f 853/1146/855 916/1145/854 920/1147/856
f 857/1148/857 920/1147/856 924/1149/858
f 861/1150/859 924/1149/858 928/1151/860
f 865/1152/861 928/1151/860 932/1153/862
f 869/1154/863 932/1153/862 936/1155/864
f 873/1156/865 936/1155/864 940/1157/866
f 877/1158/867 940/1157/866 944/1159/868
f 825/1160/869 888/1161/870 892/1162/871
f 829/1163/872 892/1162/871 896/1164/873
f 833/1165/874 896/1164/873 900/1166/875
f 837/1167/876 900/1166/875 904/1168/877
f 841/1169/878 904/1168/877 908/1142/851
f 821/1170/879 884/1171/880 888/1161/870
f 816/1172/881 848/1173/882 864/1174/883
f 823/1175/884 817/1176/885 821/1170/879
f 822/1177/886 819/1178/887 823/1179/884
f 820/1180/888 818/1181/889 822/1177/886
f 827/1182/890 821/1170/879 825/1160/869
f 826/1183/891 823/1179/884 827/1184/890
f 824/1185/892 822/1177/886 826/1183/891
f 831/1186/893 825/1160/869 829/1163/872
f 830/1187/894 827/1184/890 831/1188/893
f 828/1189/895 826/1183/891 830/1187/894
f 833/1165/874 831/1186/893 829/1163/872
f 834/1190/896 831/1188/893 835/1191/897
f 832/1192/898 830/1187/894 834/1190/896
f 837/1167/876 835/1193/897 833/1165/874
f 838/1194/899 835/1191/897 839/1195/900
f 836/1196/901 834/1190/896 838/1194/899
f 841/1169/878 839/1197/900 837/1167/876
f 843/1198/902 838/1194/899 839/1195/900
f 842/1199/903 836/1196/901 838/1194/899
f 845/1141/850 843/1200/902 841/1169/878
f 846/1201/904 843/1198/902 847/1202/905
f 846/1201/904 840/1203/906 842/1199/903
f 849/1144/853 847/1204/905 845/1141/850
f 850/1205/907 847/1202/905 851/1206/908
f 848/1173/882 846/1201/904 850/1205/907
f 855/1207/909 849/1144/853 853/1146/855
f 854/1208/910 851/1206/908 855/1209/909
f 852/1210/911 850/1205/907 854/1208/910
f 859/1211/912 853/1146/855 857/1148/857
f 858/1212/913 855/1209/909 859/1213/912
f 856/1214/914 854/1208/910 858/1212/913
f 863/1215/915 857/1148/857 861/1150/859
f 862/1216/916 859/1213/912 863/1217/915
f 860/1218/917 858/1212/913 862/1216/916
f 867/1219/918 861/1150/859 865/1152/861
f 866/1220/919 863/1217/915 867/1221/918
f 864/1174/883 862/1216/916 866/1220/919
f 871/1222/920 865/1152/861 869/1154/863
f 871/1223/920 866/1220/919 867/1221/918
f 870/1224/921 864/1174/883 866/1220/919
f 873/1156/865 871/1222/920 869/1154/863
f 875/1225/922 870/1224/921 871/1223/920
f 874/1226/923 868/1227/924 870/1224/921
f 877/1158/867 875/1228/922 873/1156/865
f 878/1229/925 875/1225/922 879/1230/926
f 878/1229/925 872/1231/927 874/1226/923
f 812/1232/928 879/1233/926 877/1158/867
f 815/1234/929 879/1230/926 814/1235/930
f 815/1234/929 876/1236/931 878/1229/925
f 812/1232/928 944/1159/868 881/1237/932
f 889/1238/933 887/1239/934 885/1240/935
f 891/1241/936 886/1242/937 887/1239/934
f 888/1161/870 886/1243/937 890/1244/938
f 893/1245/939 891/1241/936 889/1238/933
f 895/1246/940 890/1247/938 891/1241/936
f 892/1162/871 890/1244/938 894/1248/941
f 897/1249/942 895/1246/940 893/1245/939
f 899/1250/943 894/1251/941 895/1246/940
f 898/1252/944 892/1162/871 894/1248/941
f 903/1253/945 897/1249/942 901/1254/946
f 903/1253/945 898/1255/944 899/1250/943
f 902/1256/947 896/1164/873 898/1252/944
f 907/1257/948 901/1254/946 905/1258/949
f 906/1259/950 903/1253/945 907/1257/948
f 904/1168/877 902/1256/947 906/1260/950
f 911/1261/951 905/1258/949 909/1262/952
f 910/1263/953 907/1257/948 911/1261/951
f 908/1142/851 906/1260/950 910/1264/953
f 915/1265/954 909/1262/952 913/1266/955
f 914/1267/956 911/1261/951 915/1265/954
f 912/1143/852 910/1264/953 914/1268/956
f 919/1269/957 913/1266/955 917/1270/958
f 918/1271/959 915/1265/954 919/1269/957
f 916/1145/854 914/1268/956 918/1272/959
f 921/1273/960 919/1269/957 917/1270/958
f 923/1274/961 918/1271/959 919/1269/957
f 922/1275/962 916/1145/854 918/1272/959
f 925/1276/963 923/1274/961 921/1273/960
f 927/1277/964 922/1278/962 923/1274/961
f 924/1149/858 922/1275/962 926/1279/965
f 929/1280/966 927/1277/964 925/1276/963
f 931/1281/967 926/1282/965 927/1277/964
f 930/1283/968 924/1149/858 926/1279/965
f 935/1284/969 929/1280/966 933/1285/970
f 935/1284/969 930/1286/968 931/1281/967
f 932/1153/862 930/1283/968 934/1287/971
f 939/1288/972 933/1285/970 937/1289/973
f 938/1290/974 935/1284/969 939/1288/972
f 936/1155/864 934/1287/971 938/1291/974
f 943/1292/975 937/1289/973 941/1293/976
f 942/1294/977 939/1288/972 943/1292/975
f 940/1157/866 938/1291/974 942/1295/977
f 947/1296/978 941/1293/976 945/1297/979
f 946/1298/980 943/1292/975 947/1296/978
f 944/1159/868 942/1295/977 946/1299/980
f 882/1300/981 945/1297/979 880/1301/982
f 883/1302/983 947/1296/978 882/1300/981
f 881/1237/932 946/1299/980 883/1303/983
f 885/1240/935 921/1273/960 905/1258/949
f 1028/1304/984 973/1305/985 1032/1306/986
f 1032/1306/986 977/1307/987 1036/1308/988
f 1036/1308/988 981/1309/989 1040/1310/990
f 1040/1310/990 985/1311/991 1044/1312/992
f 1044/1312/992 989/1313/993 1048/1314/994
f 1048/1314/994 993/1315/995 1052/1316/996
f 1052/1316/996 997/1317/997 1056/1318/998
f 1056/1318/998 1001/1319/999 1060/1320/1000
f 1060/1320/1000 1005/1321/1001 1064/1322/1002
f 1008/1323/1003 953/1324/1004 1012/1325/1005
f 1012/1325/1005 957/1326/1006 1016/1327/1007
f 1016/1327/1007 961/1328/1008 1020/1329/1009
f 1020/1329/1009 965/1330/1010 1024/1331/1011
f 1024/1331/1011 969/1332/1012 1028/1304/984
f 884/1171/880 949/1333/1013 1008/1323/1003
f 1004/1334/1014 972/1335/1015 956/1336/1016
f 817/1337/885 951/1338/1017 949/1333/1013
f 819/1178/887 950/1339/1018 951/1340/1017
f 818/1181/889 948/1341/1019 950/1339/1018
f 949/1333/1013 955/1342/1020 953/1324/1004
f 951/1340/1017 954/1343/1021 955/1344/1020
f 950/1339/1018 952/1345/1022 954/1343/1021
f 953/1324/1004 959/1346/1023 957/1326/1006
f 955/1344/1020 958/1347/1024 959/1348/1023
f 954/1343/1021 956/1336/1016 958/1347/1024
f 961/1328/1008 959/1346/1023 963/1349/1025
f 959/1348/1023 962/1350/1026 963/1351/1025
f 958/1347/1024 960/1352/1027 962/1350/1026
f 965/1330/1010 963/1349/1025 967/1353/1028
f 963/1351/1025 966/1354/1029 967/1355/1028
f 962/1350/1026 964/1356/1030 966/1354/1029
f 969/1332/1012 967/1353/1028 971/1357/1031
f 967/1355/1028 970/1358/1032 971/1359/1031
f 970/1358/1032 964/1356/1030 968/1360/1033
f 973/1305/985 971/1357/1031 975/1361/1034
f 971/1359/1031 974/1362/1035 975/1363/1034
f 974/1362/1035 968/1360/1033 972/1335/1015
f 977/1307/987 975/1361/1034 979/1364/1036
f 979/1365/1036 974/1362/1035 978/1366/1037
f 978/1366/1037 972/1335/1015 976/1367/1038
f 977/1307/987 983/1368/1039 981/1309/989
f 979/1365/1036 982/1369/1040 983/1370/1039
f 982/1369/1040 976/1367/1038 980/1371/1041
f 981/1309/989 987/1372/1042 985/1311/991
f 983/1370/1039 986/1373/1043 987/1374/1042
f 982/1369/1040 984/1375/1044 986/1373/1043
f 989/1313/993 987/1372/1042 991/1376/1045
f 987/1374/1042 990/1377/1046 991/1378/1045
f 986/1373/1043 988/1379/1047 990/1377/1046
f 989/1313/993 995/1380/1048 993/1315/995
f 991/1378/1045 994/1381/1049 995/1382/1048
f 990/1377/1046 992/1383/1050 994/1381/1049
f 993/1315/995 999/1384/1051 997/1317/997
f 999/1385/1051 994/1381/1049 998/1386/1052
f 998/1386/1052 992/1383/1050 996/1387/1053
f 1001/1319/999 999/1384/1051 1003/1388/1054
f 1003/1389/1054 998/1386/1052 1002/1390/1055
f 1002/1390/1055 996/1387/1053 1000/1391/1056
f 1005/1321/1001 1003/1388/1054 1007/1392/1057
f 1003/1389/1054 1006/1393/1058 1007/1394/1057
f 1006/1393/1058 1000/1391/1056 1004/1334/1014
f 1005/1321/1001 814/1395/930 812/1232/928
f 814/1235/930 1006/1393/1058 815/1234/929
f 815/1234/929 1004/1334/1014 813/1396/1059
f 1064/1322/1002 812/1232/928 881/1237/932
f 1009/1397/1060 887/1239/934 1011/1398/1061
f 1011/1398/1061 886/1242/937 1010/1399/1062
f 886/1243/937 1008/1323/1003 1010/1400/1062
f 1013/1401/1063 1011/1398/1061 1015/1402/1064
f 1015/1402/1064 1010/1399/1062 1014/1403/1065
f 1010/1400/1062 1012/1325/1005 1014/1404/1065
f 1017/1405/1066 1015/1402/1064 1019/1406/1067
f 1019/1406/1067 1014/1403/1065 1018/1407/1068
f 1018/1408/1068 1012/1325/1005 1016/1327/1007
f 1017/1405/1066 1023/1409/1069 1021/1410/1070
f 1023/1409/1069 1018/1407/1068 1022/1411/1071
f 1022/1412/1071 1016/1327/1007 1020/1329/1009
f 1021/1410/1070 1027/1413/1072 1025/1414/1073
f 1027/1413/1072 1022/1411/1071 1026/1415/1074
f 1022/1412/1071 1024/1331/1011 1026/1416/1074
f 1025/1414/1073 1031/1417/1075 1029/1418/1076
f 1027/1413/1072 1030/1419/1077 1031/1417/1075
f 1026/1416/1074 1028/1304/984 1030/1420/1077
f 1029/1418/1076 1035/1421/1078 1033/1422/1079
f 1031/1417/1075 1034/1423/1080 1035/1421/1078
f 1030/1420/1077 1032/1306/986 1034/1424/1080
f 1033/1422/1079 1039/1425/1081 1037/1426/1082
f 1035/1421/1078 1038/1427/1083 1039/1425/1081
f 1034/1424/1080 1036/1308/988 1038/1428/1083
f 1041/1429/1084 1039/1425/1081 1043/1430/1085
f 1043/1430/1085 1038/1427/1083 1042/1431/1086
f 1042/1432/1086 1036/1308/988 1040/1310/990
f 1045/1433/1087 1043/1430/1085 1047/1434/1088
f 1047/1434/1088 1042/1431/1086 1046/1435/1089
f 1042/1432/1086 1044/1312/992 1046/1436/1089
f 1049/1437/1090 1047/1434/1088 1051/1438/1091
f 1051/1438/1091 1046/1435/1089 1050/1439/1092
f 1046/1436/1089 1048/1314/994 1050/1440/1092
f 1049/1437/1090 1055/1441/1093 1053/1442/1094
f 1055/1441/1093 1050/1439/1092 1054/1443/1095
f 1050/1440/1092 1052/1316/996 1054/1444/1095
f 1053/1442/1094 1059/1445/1096 1057/1446/1097
f 1059/1445/1096 1054/1443/1095 1058/1447/1098
f 1054/1444/1095 1056/1318/998 1058/1448/1098
f 1057/1446/1097 1063/1449/1099 1061/1450/1100
f 1059/1445/1096 1062/1451/1101 1063/1449/1099
f 1058/1448/1098 1060/1320/1000 1062/1452/1101
f 1061/1450/1100 1067/1453/1102 1065/1454/1103
f 1063/1449/1099 1066/1455/1104 1067/1453/1102
f 1062/1452/1101 1064/1322/1002 1066/1456/1104
f 1065/1454/1103 882/1300/981 880/1301/982
f 1067/1453/1102 883/1302/983 882/1300/981
f 883/1303/983 1064/1322/1002 881/1237/932
f 1013/1401/1063 1045/1433/1087 1061/1450/1100
f 1/1/1 14/5/5 29/2/2
f 27/4/4 34/1457/29 14/5/5
f 23/6/6 33/1458/31 26/7/7
f 2/8/8 17/18/18 30/9/9
f 14/5/5 34/1457/29 25/10/10
f 3/11/11 18/12/12 29/2/2
f 3/11/11 23/6/6 30/9/9
f 25/10/10 33/1458/31 23/6/6
f 4/13/13 19/16/16 31/14/14
f 16/3/3 29/2/2 19/16/16
f 15/17/17 30/9/9 17/18/18
f 5/19/19 21/26/26 32/20/20
f 19/16/16 29/2/2 18/12/12
f 6/21/21 22/22/22 31/14/14
f 6/21/21 15/17/17 32/20/20
f 18/12/12 30/9/9 15/17/17
f 20/15/15 31/14/14 49/23/23
f 50/25/25 32/20/20 21/26/26
f 49/23/23 31/14/14 22/22/22
f 22/22/22 32/20/20 50/25/25
f 39/29/29 70/42/34 69/30/30
f 25/10/10 34/1457/29 24/32/29
f 12/34/31 33/1458/31 25/10/10
f 35/31/10 69/30/30 28/35/32
f 38/36/31 28/35/32 71/37/33
f 26/7/7 33/1458/31 12/34/31
f 24/32/29 34/1457/29 27/4/4
f 37/41/4 13/418/347 70/42/34
f 37/41/4 39/29/29 40/43/29
f 44/45/31 38/36/31 36/38/7
f 35/31/10 38/36/31 44/45/31
f 40/43/29 39/29/29 35/31/10
f 24/32/29 40/43/29 41/47/10
f 41/47/10 44/45/31 12/34/31
f 12/34/31 44/45/31 42/46/7
f 43/44/4 40/43/29 24/32/29
f 45/48/35 55/54/41 59/49/36
f 48/50/37 56/1459/60 75/51/38
f 75/51/38 73/87/65 54/52/39
f 45/48/35 54/52/39 60/53/40
f 61/55/42 68/74/56 60/53/40
f 54/52/39 73/87/65 76/56/43
f 74/57/44 56/1459/60 48/50/37
f 62/58/45 48/50/37 59/49/36
f 65/60/47 57/70/52 50/61/25
f 49/63/23 58/72/54 66/64/48
f 50/61/25 57/70/52 52/66/49
f 52/66/49 58/72/54 49/63/23
f 67/59/46 59/49/36 53/68/50
f 63/69/51 53/68/50 57/70/52
f 64/71/53 66/64/48 58/72/54
f 51/73/55 60/53/40 68/74/56
f 47/75/57 52/66/49 57/70/52
f 53/68/50 59/49/36 55/54/41
f 55/54/41 60/53/40 51/73/55
f 47/75/57 51/73/55 58/72/54
f 70/42/34 13/418/347 72/76/58
f 28/78/32 69/77/30 72/76/58
f 81/80/59 77/83/61 75/81/38
f 79/85/63 80/86/64 77/83/61
f 77/83/61 81/80/59 78/84/62
f 75/81/38 77/83/61 80/86/64
f 80/86/64 79/85/63 76/56/43
f 74/88/44 78/84/62 81/80/59
f 85/89/66 89/155/123 94/90/67
f 96/92/69 97/114/91 107/93/70
f 90/95/72 82/97/74 85/89/66
f 87/96/73 85/89/66 82/97/74
f 128/99/76 87/96/73 86/98/75
f 154/101/78 90/95/72 93/91/68
f 106/103/80 108/118/95 103/104/81
f 105/106/83 97/114/91 96/92/69
f 104/108/85 106/103/80 99/105/82
f 95/109/86 99/105/82 101/110/87
f 100/111/88 101/110/87 147/112/89
f 103/104/81 108/118/95 107/93/70
f 157/115/92 159/117/94 106/103/80
f 98/107/84 145/192/156 146/116/93
f 159/117/94 162/160/128 108/118/95
f 86/119/96 82/122/97 95/120/97
f 82/122/97 90/148/58 104/123/58
f 89/124/98 103/147/117 97/125/99
f 83/127/101 96/133/106 102/128/102
f 92/130/104 91/126/100 97/125/99
f 84/132/105 98/137/109 96/133/106
f 129/134/107 92/130/104 105/131/83
f 127/136/108 145/1460/1105 98/137/109
f 87/138/110 101/144/115 99/139/111
f 86/119/96 100/121/96 144/141/113
f 87/138/110 128/215/173 147/143/114
f 88/129/103 102/128/102 158/145/116
f 89/124/98 85/140/112 99/139/111
f 90/148/58 154/497/58 157/149/58
f 83/150/118 88/154/122 112/151/119
f 155/153/121 164/163/131 112/151/119
f 89/155/123 83/150/118 109/152/120
f 108/118/95 111/158/126 110/94/71
f 110/94/71 111/158/126 102/157/125
f 111/158/126 163/1461/1106 158/159/127
f 162/160/128 163/1461/1106 111/158/126
f 156/102/79 93/91/68 94/90/67
f 161/161/129 94/90/67 109/152/120
f 160/162/130 109/152/120 112/151/119
f 125/164/132 120/228/183 116/165/133
f 131/167/135 151/229/184 142/168/136
f 121/170/138 124/166/134 116/165/133
f 113/171/139 116/165/133 118/172/140
f 117/173/141 118/172/140 128/174/76
f 165/176/92 167/236/191 124/166/134
f 148/177/142 149/220/175 114/178/143
f 141/180/145 134/186/151 138/181/146
f 131/167/135 132/169/137 140/183/148
f 139/185/150 130/188/153 134/186/151
f 136/187/152 134/186/151 130/188/153
f 147/112/89 136/187/152 135/189/154
f 142/168/136 143/182/147 138/181/146
f 168/190/78 139/185/150 141/180/145
f 133/184/149 140/183/148 146/116/93
f 170/191/155 141/180/145 143/182/147
f 117/194/158 135/213/96 130/195/97
f 113/196/159 130/195/97 139/197/58
f 132/199/160 138/1462/1107 120/200/161
f 137/202/163 131/206/166 114/203/164
f 123/205/165 140/208/148 132/199/160
f 131/206/166 133/209/168 115/207/167
f 129/134/107 146/135/93 140/208/148
f 133/209/168 145/1460/1105 127/136/108
f 134/210/169 136/214/172 118/211/170
f 126/142/113 144/141/113 135/213/96
f 136/214/172 147/143/114 128/215/173
f 169/216/116 137/202/163 119/204/103
f 120/200/161 138/1462/1107 134/210/169
f 121/198/58 139/197/58 168/218/174
f 119/222/177 114/178/143 149/220/175
f 149/220/175 150/227/182 153/221/176
f 153/221/176 175/567/471 166/223/178
f 129/224/179 123/235/190 115/225/180
f 149/220/175 148/177/142 125/164/132
f 120/228/183 125/164/132 148/177/142
f 143/182/147 142/168/136 151/229/184
f 137/231/186 152/230/185 151/229/184
f 169/232/187 174/1463/1108 152/230/185
f 152/230/185 174/1463/1108 173/193/157
f 84/233/188 83/150/118 91/156/124
f 84/233/188 92/234/189 129/224/179
f 123/235/190 122/179/144 114/178/143
f 125/164/132 124/166/134 167/236/191
f 150/227/182 125/164/132 172/237/192
f 171/238/193 175/567/471 153/221/176
f 246/239/194 204/355/1109 213/240/195
f 221/242/197 214/323/303 243/243/198
f 182/245/200 177/369/218 268/246/201
f 262/248/203 181/383/322 176/249/204
f 292/251/206 264/270/225 254/252/207
f 203/254/209 255/357/306 261/255/210
f 251/257/212 180/385/323 269/258/213
f 199/260/215 244/295/242 261/261/216
f 177/263/218 182/282/200 187/264/219
f 250/266/221 184/265/220 185/267/222
f 291/269/224 262/382/203 264/270/225
f 247/271/226 220/354/309 219/272/227
f 262/248/203 179/250/205 263/274/229
f 196/276/230 194/292/234 200/277/231
f 184/265/220 187/264/219 183/279/233
f 196/280/230 183/279/233 187/264/219
f 194/281/234 187/264/219 182/282/200
f 195/284/236 190/299/246 183/279/233
f 191/285/235 182/245/200 271/247/202
f 202/278/232 201/301/248 195/287/236
f 253/262/217 252/1464/319 193/288/238
f 275/289/239 197/363/240 191/290/235
f 194/292/234 191/1465/235 197/293/240
f 198/294/241 243/302/249 244/295/242
f 249/297/244 202/278/232 200/277/231
f 200/277/231 245/1466/1110 247/296/243
f 189/300/247 265/387/324 266/298/245
f 266/298/245 186/388/325 190/299/246
f 201/301/248 248/359/302 243/302/249
f 192/303/250 195/287/236 201/301/248
f 212/304/251 223/308/255 224/305/252
f 212/304/251 228/330/279 222/307/254
f 283/309/256 279/633/530 206/310/257
f 225/312/259 205/317/264 257/313/260
f 207/315/262 208/320/267 210/316/263
f 208/320/267 209/321/268 281/318/265
f 281/318/265 280/376/318 256/319/266
f 256/319/266 210/316/263 208/320/267
f 207/315/262 206/310/257 209/321/268
f 206/310/257 279/633/530 281/318/265
f 257/313/260 205/317/264 210/316/263
f 237/322/269 239/358/301 203/254/270
f 206/310/257 215/325/273 218/324/272
f 207/315/262 216/327/275 215/325/273
f 207/315/262 205/317/264 217/326/274
f 226/328/276 217/326/274 205/317/264
f 222/307/254 215/325/273 216/327/275
f 237/322/269 214/323/271 221/242/277
f 216/327/275 217/326/274 224/305/252
f 217/326/274 226/328/276 227/306/253
f 228/330/279 218/324/272 215/325/273
f 242/331/280 235/339/285 234/332/281
f 232/333/282 218/337/272 228/334/279
f 229/336/284 211/341/258 218/337/272
f 212/338/251 227/351/253 234/332/281
f 233/335/283 228/334/279 212/338/251
f 285/340/286 283/662/256 211/341/258
f 258/342/287 231/346/289 225/343/259
f 259/345/288 239/358/301 231/346/289
f 287/347/290 285/340/286 229/336/284
f 236/348/291 229/336/284 232/333/282
f 240/349/292 232/333/282 233/335/283
f 227/351/253 226/353/276 230/352/294
f 226/353/276 225/343/259 231/346/289
f 241/329/278 221/242/277 219/272/295
f 242/331/280 219/272/295 220/354/296
f 235/339/285 242/331/280 238/350/293
f 230/352/294 237/322/269 241/329/278
f 213/240/297 240/349/292 238/350/293
f 204/355/298 236/348/291 240/349/292
f 276/356/299 287/347/290 236/348/291
f 203/254/270 239/358/301 259/345/288
f 230/352/294 231/346/289 239/358/301
f 202/278/232 249/297/244 248/359/302
f 203/254/209 244/256/211 243/243/198
f 276/356/304 204/355/1109 246/239/194
f 255/357/306 277/371/1111 288/361/307
f 219/272/227 221/242/197 248/244/199
f 246/362/308 245/1466/1110 200/277/231
f 220/354/309 247/271/226 245/241/196
f 197/363/240 275/289/239 289/364/310
f 253/366/217 261/1467/216 288/367/311
f 198/294/241 199/260/215 193/288/238
f 177/369/218 251/257/212 290/259/214
f 177/263/218 184/265/220 250/266/221
f 277/371/313 255/357/300 259/345/288
f 286/372/314 259/345/288 258/342/287
f 284/373/315 258/342/287 260/344/261
f 278/375/317 257/313/260 256/319/266
f 260/314/261 257/313/260 278/375/317
f 274/368/312 272/683/326 252/378/319
f 192/379/250 193/389/238 188/380/320
f 267/381/321 181/1468/322 262/382/203
f 181/383/322 180/384/323 178/268/223
f 180/384/323 251/370/212 250/266/221
f 180/385/323 181/1468/322 267/381/321
f 185/267/222 186/388/325 176/249/204
f 264/275/225 263/274/229 188/380/320
f 265/387/324 189/300/247 188/380/320
f 263/274/229 179/250/205 266/298/245
f 266/298/245 179/250/205 176/249/204
f 185/267/222 183/279/233 190/299/246
f 195/284/236 192/379/250 189/300/247
f 254/386/207 188/380/320 193/389/238
f 270/253/208 254/252/207 252/391/319
f 1/1/1 16/3/3 306/393/327
f 297/394/328 311/1469/343 27/4/4
f 26/7/7 310/1470/344 302/395/329
f 2/8/8 302/395/329 307/396/330
f 304/397/90 311/1469/343 297/394/328
f 293/398/331 297/394/328 306/393/327
f 293/398/331 299/399/332 307/396/330
f 302/395/329 310/1470/344 304/397/90
f 4/13/13 20/15/15 308/400/333
f 300/401/334 306/393/327 16/3/3
f 17/18/18 307/396/330 298/402/335
f 5/19/19 298/402/335 309/403/336
f 299/399/332 306/393/327 300/401/334
f 294/404/337 300/401/334 308/400/333
f 294/404/337 301/405/338 309/403/336
f 298/402/335 307/396/330 299/399/332
f 322/406/339 308/400/333 20/15/15
f 21/26/26 309/403/336 323/407/340
f 301/405/338 308/400/333 322/406/339
f 323/407/340 309/403/336 301/405/338
f 334/409/342 335/417/346 314/410/343
f 303/412/343 311/1469/343 304/397/90
f 304/397/90 310/1470/344 296/414/344
f 312/411/90 313/416/344 305/415/345
f 71/37/33 305/415/345 313/416/344
f 296/414/344 310/1470/344 26/7/7
f 27/4/4 311/1469/343 303/412/343
f 37/41/4 314/410/343 335/417/346
f 315/419/343 314/410/343 37/41/4
f 36/38/7 313/416/344 317/420/344
f 317/420/344 313/416/344 312/411/90
f 312/411/90 314/410/343 315/419/343
f 316/421/90 315/419/343 303/412/343
f 296/414/344 317/420/344 316/421/90
f 42/46/7 317/420/344 296/414/344
f 303/412/343 315/419/343 43/44/4
f 318/422/348 321/426/352 332/423/349
f 337/425/351 329/1471/362 321/426/352
f 327/427/353 336/445/365 337/425/351
f 318/422/348 328/424/350 333/428/354
f 61/55/42 327/427/353 333/428/354
f 76/56/43 336/445/365 327/427/353
f 321/426/352 329/1471/362 74/57/44
f 62/58/45 67/59/46 332/423/349
f 323/429/340 330/434/357 65/60/47
f 66/64/48 331/435/358 322/430/339
f 325/431/355 330/434/357 323/429/340
f 322/430/339 331/435/358 325/431/355
f 326/433/356 332/423/349 67/59/46
f 63/69/51 65/60/47 330/434/357
f 64/71/53 324/436/359 331/435/358
f 68/74/56 333/428/354 324/436/359
f 320/437/360 326/433/356 330/434/357
f 328/424/350 332/423/349 326/433/356
f 324/436/359 333/428/354 328/424/350
f 320/437/360 325/431/355 331/435/358
f 72/76/58 13/418/347 335/417/346
f 305/439/345 71/79/33 72/76/58
f 337/440/351 338/443/363 340/441/361
f 338/443/363 339/444/364 79/85/63
f 79/85/63 78/84/62 340/441/361
f 337/440/351 336/445/365 339/444/364
f 76/56/43 79/85/63 339/444/364
f 74/88/44 329/442/362 340/441/361
f 353/446/366 348/501/414 344/447/367
f 355/449/369 369/504/417 366/450/370
f 349/452/372 352/448/368 344/447/367
f 341/453/373 344/447/367 346/454/374
f 345/455/375 346/454/374 387/456/376
f 154/101/78 156/102/79 352/448/368
f 365/458/378 358/464/384 362/459/379
f 355/449/369 356/451/371 364/461/381
f 363/463/383 354/466/386 358/464/384
f 360/465/385 358/464/384 354/466/386
f 406/468/388 360/465/385 359/467/387
f 366/450/370 367/460/380 362/459/379
f 157/115/92 363/463/383 365/458/378
f 357/462/382 364/461/381 405/470/389
f 159/117/94 365/458/378 367/460/380
f 345/472/391 359/1472/391 354/473/392
f 341/474/392 354/473/392 363/475/58
f 356/477/393 362/1473/1112 348/478/394
f 361/480/396 355/484/400 342/481/397
f 351/483/399 364/487/381 356/477/393
f 355/484/400 357/488/403 343/485/401
f 388/486/402 405/548/389 364/487/381
f 357/488/403 404/1474/1113 386/489/404
f 358/490/405 360/1475/1114 346/491/406
f 403/493/408 359/1472/391 345/472/391
f 346/491/406 360/1475/1114 406/495/409
f 158/145/116 361/480/396 347/482/398
f 348/478/394 362/1473/1112 358/490/405
f 349/476/58 363/475/58 157/149/58
f 342/498/411 368/503/416 371/499/412
f 371/499/412 164/163/131 155/153/121
f 368/503/416 342/498/411 348/501/414
f 367/460/380 366/450/370 369/504/417
f 361/506/419 370/505/418 369/504/417
f 158/159/127 163/1461/1106 370/505/418
f 370/505/418 163/1461/1106 162/160/128
f 353/446/366 352/448/368 156/102/79
f 368/503/416 353/446/366 161/161/129
f 160/162/130 164/163/131 371/499/412
f 375/507/420 379/562/466 384/508/421
f 390/510/423 391/531/442 401/511/424
f 380/513/426 372/515/428 375/507/420
f 377/514/427 375/507/420 372/515/428
f 387/517/376 377/514/427 376/516/429
f 165/176/92 380/513/426 383/509/422
f 407/519/430 381/1476/1115 373/520/431
f 400/522/433 402/532/443 397/523/434
f 399/525/436 391/531/442 390/510/423
f 398/527/438 400/522/433 393/524/435
f 389/528/439 393/524/435 395/529/440
f 394/530/441 395/529/440 406/468/388
f 397/523/434 402/532/443 401/511/424
f 168/190/78 170/191/155 400/522/433
f 392/526/437 404/471/390 405/470/389
f 170/191/155 173/193/157 402/532/443
f 376/533/444 372/536/445 389/534/392
f 372/536/445 380/555/58 398/537/58
f 379/538/446 397/554/459 391/539/447
f 373/541/449 390/547/453 396/542/450
f 382/544/451 381/540/448 391/539/447
f 374/546/452 392/549/454 390/547/453
f 388/486/402 382/544/451 399/545/436
f 386/489/404 404/1474/1113 392/549/454
f 377/550/455 395/553/458 393/551/456
f 385/494/408 376/533/444 394/535/391
f 387/496/410 406/495/409 395/553/458
f 378/543/398 396/542/450 169/216/116
f 379/538/446 375/552/457 393/551/456
f 380/555/58 165/219/174 168/218/174
f 408/521/432 373/520/431 378/556/460
f 378/556/460 412/558/462 409/557/461
f 166/223/178 175/567/471 412/558/462
f 388/559/463 386/566/470 374/560/464
f 408/521/432 409/557/461 384/508/421
f 379/562/466 381/1476/1115 407/519/430
f 402/532/443 411/564/468 410/512/425
f 410/512/425 411/564/468 396/563/467
f 411/564/468 174/1463/1108 169/232/187
f 173/193/157 174/1463/1108 411/564/468
f 343/565/469 351/1477/1116 350/502/415
f 388/559/463 351/1477/1116 343/565/469
f 373/520/431 381/1476/1115 382/561/465
f 167/236/191 383/509/422 384/508/421
f 172/237/192 384/508/421 409/557/461
f 171/238/193 409/557/461 412/558/462
f 483/568/472 482/676/573 450/569/473
f 480/571/475 451/674/570 458/572/476
f 268/246/201 414/680/491 419/574/478
f 499/575/479 416/691/576 413/576/480
f 491/578/482 501/593/496 292/251/206
f 498/579/483 492/673/571 440/580/484
f 488/582/486 290/259/214 269/258/213
f 436/584/488 490/611/511 498/585/489
f 414/587/491 421/603/505 424/588/492
f 422/590/493 421/603/505 487/591/494
f 501/593/496 499/686/479 291/269/224
f 484/594/497 486/1478/1117 456/595/498
f 500/597/500 416/691/576 499/575/479
f 437/599/501 431/617/506 433/600/502
f 420/602/504 424/588/492 421/603/505
f 433/604/502 431/605/506 424/588/492
f 431/605/506 428/1479/509 419/589/478
f 432/606/507 433/604/502 420/602/504
f 428/608/509 273/286/237 271/247/202
f 439/601/503 433/600/502 432/609/507
f 490/611/511 436/584/488 430/612/512
f 275/289/239 273/291/237 428/614/509
f 434/616/514 428/1480/509 431/617/506
f 435/618/515 436/584/488 481/586/490
f 437/599/501 439/601/503 486/620/517
f 484/621/518 482/1481/1118 437/599/501
f 503/624/521 502/690/575 426/622/519
f 426/622/519 427/607/508 423/623/520
f 438/610/510 435/618/515 480/619/516
f 429/626/523 435/618/515 438/610/510
f 449/627/524 464/651/550 461/628/525
f 449/627/524 460/629/526 459/630/527
f 283/309/256 448/1482/557 443/632/529
f 494/634/531 442/639/536 462/635/532
f 447/637/534 445/640/537 444/638/535
f 281/318/265 446/642/539 445/640/537
f 445/640/537 447/637/534 493/641/538
f 493/641/538 280/376/318 281/318/265
f 444/638/535 445/640/537 446/642/539
f 443/632/529 446/642/539 281/318/265
f 494/634/531 493/641/538 447/637/534
f 474/643/540 451/674/1119 440/580/541
f 443/632/529 448/1482/557 455/645/543
f 444/638/535 443/632/529 452/646/544
f 454/648/546 442/639/536 444/638/535
f 442/639/536 454/648/546 463/649/547
f 459/630/527 460/629/526 453/647/545
f 458/572/548 451/674/1119 474/643/540
f 461/628/525 454/648/546 453/647/545
f 464/651/550 463/649/547 454/648/546
f 465/631/528 459/630/527 452/646/544
f 479/652/551 478/650/549 471/653/552
f 465/655/528 455/658/543 469/656/554
f 455/658/543 448/661/557 466/659/556
f 471/653/552 464/670/550 449/660/524
f 449/660/524 465/655/528 470/657/555
f 285/340/286 466/659/556 448/661/557
f 495/663/558 497/681/533 462/664/532
f 496/666/560 495/663/558 468/665/559
f 287/347/290 473/667/561 466/659/556
f 469/656/554 466/659/556 473/667/561
f 470/657/555 469/656/554 477/668/562
f 464/670/550 471/653/552 467/671/564
f 463/672/547 467/671/564 468/665/559
f 456/595/565 458/572/548 478/650/549
f 457/596/566 456/595/565 479/652/551
f 475/669/563 479/652/551 472/654/553
f 467/671/564 471/653/552 478/650/549
f 475/669/563 477/668/562 450/569/567
f 477/668/562 473/667/561 441/570/568
f 276/356/299 441/570/568 473/667/561
f 496/666/560 476/644/542 440/580/541
f 467/671/564 474/643/540 476/644/542
f 439/601/503 438/610/510 485/625/522
f 480/571/475 481/581/485 440/580/484
f 276/356/304 289/360/305 483/568/472
f 288/361/307 277/371/1111 492/673/571
f 456/595/498 486/1478/1117 485/573/477
f 437/599/501 482/1481/1118 483/675/572
f 482/676/573 484/594/497 457/596/499
f 289/364/310 275/289/239 434/615/514
f 490/678/511 274/368/312 288/367/311
f 430/612/512 436/584/488 435/618/515
f 414/680/491 268/246/201 290/259/214
f 414/587/491 488/1483/486 487/591/494
f 277/371/313 286/372/314 496/666/560
f 286/372/314 284/373/315 495/663/558
f 284/373/315 282/374/316 497/681/533
f 278/375/317 280/376/318 493/641/538
f 278/375/317 494/634/531 497/636/533
f 274/368/312 490/678/511 489/682/513
f 425/684/574 430/692/512 429/685/523
f 499/686/479 418/688/481 267/381/321
f 418/577/481 413/576/480 415/592/495
f 487/591/494 488/1483/486 417/687/487
f 417/583/487 269/258/213 267/381/321
f 422/590/493 415/592/495 413/576/480
f 425/684/574 500/597/500 501/598/496
f 425/684/574 426/622/519 502/690/575
f 500/597/500 502/690/575 503/624/521
f 413/576/480 416/691/576 503/624/521
f 422/590/493 423/623/520 427/607/508
f 426/622/519 429/685/523 432/606/507
f 430/692/512 425/684/574 491/689/482
f 489/694/513 491/578/482 270/253/208
f 569/695/577 515/1484/1120 506/696/578
f 509/698/580 516/1485/1121 574/699/581
f 549/701/58 508/709/58 507/702/58
f 556/704/583 519/785/634 504/705/584
f 511/707/585 518/714/588 507/708/585
f 504/710/586 519/715/589 510/711/586
f 513/713/587 517/812/661 518/714/588
f 519/715/589 514/814/663 512/716/590
f 506/696/591 515/1486/591 554/717/591
f 587/719/592 568/811/659 514/720/593
f 584/722/595 559/760/623 512/716/596
f 588/724/598 522/789/599 525/725/599
f 562/727/58 521/732/58 520/728/58
f 523/730/10 527/734/10 520/731/10
f 524/733/601 526/825/676 527/734/10
f 592/735/602 531/1487/1122 564/736/603
f 533/738/605 532/1488/1123 565/739/606
f 560/741/608 563/793/608 530/742/4
f 547/744/609 511/707/609 508/709/609
f 548/745/610 513/713/1124 511/707/609
f 531/746/611 530/1489/1125 563/747/612
f 518/749/614 517/1490/1126 550/750/615
f 594/752/617 533/738/1127 561/740/618
f 567/754/620 534/757/7 535/755/7
f 562/727/620 528/797/7 534/757/7
f 556/704/583 539/775/630 538/758/621
f 559/760/623 543/766/625 542/761/609
f 558/762/609 542/761/609 536/763/609
f 582/765/624 548/745/610 543/766/625
f 579/768/627 538/787/636 550/769/628
f 541/771/591 540/788/591 551/772/591
f 544/774/584 545/751/616 539/775/630
f 552/764/58 536/763/58 537/777/58
f 507/779/584 518/749/614 545/751/616
f 546/773/591 551/772/591 516/780/591
f 581/770/629 550/769/628 517/781/631
f 573/783/633 513/713/1124 548/745/610
f 545/751/616 550/750/615 538/758/621
f 543/766/625 548/745/610 547/744/609
f 542/761/609 547/744/609 549/701/609
f 536/763/58 549/701/58 544/703/58
f 505/712/58 552/764/58 555/778/58
f 510/711/609 558/762/609 552/764/609
f 512/716/596 559/760/623 558/762/609
f 519/785/634 556/704/583 553/759/622
f 576/767/626 543/766/625 559/760/623
f 579/768/627 587/719/592 553/721/594
f 557/718/591 554/717/591 540/788/591
f 539/775/630 556/704/583 555/706/584
f 521/732/620 562/727/620 567/754/620
f 523/730/620 567/754/620 566/756/620
f 588/724/637 597/753/619 561/740/618
f 564/748/613 563/747/612 527/790/638
f 520/792/608 527/1491/608 563/793/608
f 561/740/607 565/739/606 525/794/640
f 599/737/604 564/736/603 526/795/642
f 528/797/58 562/727/58 560/729/58
f 540/799/644 554/809/657 586/800/645
f 578/801/646 586/800/645 587/719/592
f 577/802/647 585/803/649 557/718/648
f 577/802/647 576/767/626 584/722/595
f 509/698/648 572/700/651 583/804/650
f 572/700/651 573/783/633 582/765/624
f 551/805/652 580/808/655 574/806/653
f 580/808/655 581/770/629 575/782/632
f 540/799/644 578/801/646 580/808/655
f 578/801/646 579/768/627 581/770/629
f 546/773/648 583/804/650 577/802/647
f 583/804/650 582/765/624 576/767/626
f 585/803/649 570/697/656 506/696/648
f 585/803/649 584/722/595 571/723/597
f 554/809/657 515/1492/654 569/810/658
f 586/800/645 569/810/658 568/811/659
f 573/783/660 575/813/662 517/812/661
f 572/700/582 574/699/581 575/813/662
f 514/814/663 568/815/665 571/723/664
f 568/815/665 569/695/577 570/697/579
f 565/816/666 598/819/669 590/817/667
f 598/819/669 599/737/604 591/796/643
f 566/756/620 596/821/671 589/820/670
f 596/821/671 597/753/619 588/724/637
f 535/755/7 595/822/672 596/821/671
f 595/822/672 594/752/617 597/753/619
f 532/823/673 593/824/674 598/819/669
f 593/824/674 592/735/602 599/737/604
f 589/820/675 591/826/677 526/825/676
f 589/820/675 588/724/598 590/726/600
f 657/827/678 658/931/1128 602/828/679
f 662/830/681 612/1493/1129 605/831/682
f 637/833/58 632/904/58 603/834/58
f 600/836/684 615/907/731 644/837/685
f 603/839/686 614/844/689 607/840/686
f 600/841/687 601/905/687 606/842/687
f 614/844/689 613/934/755 609/845/690
f 615/843/688 606/842/687 608/846/691
f 642/848/693 611/1494/693 602/828/693
f 675/850/694 641/909/733 610/851/695
f 659/853/697 608/846/730 647/854/698
f 676/856/700 678/1495/1130 621/857/701
f 650/859/58 648/919/58 616/860/58
f 616/862/90 623/864/90 619/863/90
f 623/864/90 622/943/766 620/865/702
f 652/866/703 531/1487/1122 592/735/602
f 653/868/705 532/1488/1123 533/738/605
f 648/870/707 529/743/4 530/742/4
f 604/835/708 607/840/708 635/872/708
f 607/840/708 609/845/727 636/873/709
f 651/874/710 530/1489/1125 531/746/611
f 638/876/712 613/1496/1131 614/877/713
f 649/869/715 533/738/1127 594/752/617
f 535/755/7 534/757/7 655/880/717
f 534/757/7 528/797/7 650/859/717
f 644/837/685 641/908/732 626/882/718
f 630/884/708 631/903/729 647/854/698
f 624/886/708 630/884/708 646/885/708
f 664/888/720 631/903/729 636/873/709
f 638/890/722 626/1497/1132 667/891/723
f 639/893/693 628/910/693 629/894/693
f 632/896/684 625/911/684 627/883/719
f 640/887/58 643/906/58 625/897/58
f 603/898/684 632/896/684 633/878/714
f 612/899/693 639/893/693 634/895/693
f 613/900/725 638/890/722 669/892/724
f 670/889/721 636/873/709 609/845/727
f 626/882/718 638/876/712 633/878/714
f 635/872/708 636/873/709 631/903/729
f 637/833/708 635/872/708 630/884/708
f 624/886/58 625/897/58 632/904/58
f 601/905/58 600/1498/58 643/906/58
f 640/887/708 646/885/708 606/842/708
f 646/885/708 647/854/698 608/846/730
f 615/907/731 610/1499/1133 641/908/732
f 672/855/699 647/854/698 631/903/729
f 667/891/723 626/1497/1132 641/909/733
f 628/910/693 642/848/693 645/849/693
f 643/838/684 644/837/685 627/883/719
f 655/880/717 650/859/717 617/861/717
f 654/881/717 655/880/717 619/863/717
f 676/856/734 618/858/715 649/869/715
f 623/912/735 651/874/710 652/875/711
f 616/914/707 648/870/707 651/871/707
f 621/916/737 653/868/705 649/869/706
f 622/917/738 652/866/703 683/867/704
f 528/797/58 529/798/58 648/919/58
f 628/920/740 666/923/743 674/921/741
f 666/923/743 667/891/723 675/850/694
f 645/849/744 673/925/746 665/924/745
f 673/925/746 672/855/699 664/888/720
f 605/831/744 634/895/744 671/926/747
f 671/926/747 670/889/721 661/902/728
f 662/927/749 668/930/752 639/928/750
f 663/901/726 669/892/724 668/930/752
f 668/930/752 666/923/743 628/920/740
f 669/892/724 667/891/723 666/923/743
f 629/894/744 665/924/745 671/926/747
f 665/924/745 664/888/720 670/889/721
f 645/849/744 602/828/744 658/931/753
f 658/931/753 659/853/697 672/855/699
f 642/922/742 674/921/741 657/932/754
f 674/921/741 675/850/694 656/852/696
f 613/934/755 663/935/757 661/902/756
f 663/935/757 662/830/681 660/832/683
f 610/847/692 608/846/691 659/853/758
f 659/853/758 658/931/1128 657/827/678
f 678/937/760 682/940/763 653/938/761
f 679/918/739 683/867/704 682/940/763
f 620/865/717 677/942/765 680/941/764
f 677/942/765 676/856/734 681/879/716
f 654/881/717 680/941/764 595/822/672
f 680/941/764 681/879/716 594/752/617
f 682/940/763 593/824/674 532/823/673
f 683/867/704 592/735/602 593/824/674
f 622/943/766 679/944/768 677/942/767
f 679/944/768 678/1495/1130 676/856/700
f 771/945/769 770/1080/769 687/946/769
f 690/948/770 701/963/779 698/949/771
f 774/951/771 689/1500/771 707/952/771
f 778/954/773 688/981/774 684/955/774
f 776/957/776 685/1501/776 689/958/776
f 700/960/777 695/965/778 693/961/778
f 701/963/779 694/1063/831 697/964/771
f 695/965/776 762/1502/776 764/966/776
f 691/967/776 700/960/777 702/962/777
f 706/950/771 698/949/771 700/969/771
f 700/969/771 698/949/771 697/964/771
f 697/964/771 760/1064/771 762/972/771
f 686/973/780 703/1503/781 701/974/779
f 703/976/781 699/984/769 696/977/769
f 705/947/769 699/984/769 703/976/781
f 707/980/4 704/987/4 684/955/4
f 775/953/772 707/952/771 688/982/783
f 687/946/769 702/1065/769 699/984/769
f 709/985/769 771/945/769 705/947/769
f 707/980/4 689/1504/4 685/986/4
f 715/988/785 719/1016/786 717/989/786
f 712/991/787 714/1008/799 710/992/788
f 711/994/790 715/988/785 713/990/785
f 713/996/791 712/1004/797 708/997/792
f 710/998/794 714/1005/771 715/999/795
f 717/1001/769 721/1024/769 720/1002/769
f 717/1001/769 716/1003/769 712/1004/797
f 714/1005/771 718/1012/771 719/1006/771
f 712/991/787 716/1014/798 718/1007/798
f 722/1009/771 726/1505/771 727/1010/771
f 722/1009/771 723/1011/771 719/1006/771
f 720/1013/800 722/1021/800 718/1007/798
f 723/1015/801 721/1022/801 717/989/786
f 724/1017/802 725/1506/802 727/1018/802
f 724/1020/803 726/1507/803 722/1021/800
f 727/1018/804 725/1506/804 721/1022/801
f 725/1023/769 724/1508/769 720/1002/769
f 746/1025/805 747/1053/806 739/1026/806
f 734/1028/807 742/1046/807 743/1029/808
f 740/1031/809 741/1039/810 733/1032/810
f 738/1027/811 739/1026/812 731/1034/812
f 736/1036/813 737/1040/814 729/1037/814
f 743/1029/808 736/1036/813 728/1038/813
f 741/1039/810 742/1046/807 734/1028/807
f 739/1026/812 740/1031/809 732/1033/809
f 737/1040/814 738/1027/811 730/1035/811
f 758/1041/815 759/1055/816 751/1042/816
f 736/1036/818 744/1045/818 745/1044/819
f 743/1029/820 751/1042/820 744/1045/818
f 741/1039/821 749/1048/821 750/1043/822
f 739/1026/806 747/1053/806 748/1047/823
f 737/1040/819 745/1044/819 746/1025/805
f 750/1043/822 751/1042/820 743/1029/820
f 740/1031/823 748/1047/823 749/1048/821
f 754/1050/4 753/1056/4 752/1054/4
f 752/1054/4 759/1055/4 758/1041/4
f 758/1041/4 757/1051/4 756/1049/4
f 756/1049/4 755/1052/4 754/1050/4
f 754/1050/4 752/1054/4 758/1041/4
f 748/1047/824 756/1049/824 757/1051/825
f 746/1025/826 754/1050/826 755/1052/827
f 752/1054/828 753/1056/829 745/1044/829
f 759/1055/816 752/1054/828 744/1045/828
f 749/1048/825 757/1051/825 758/1041/815
f 747/1053/827 755/1052/827 756/1049/824
f 753/1056/829 754/1050/826 746/1025/826
f 693/1057/769 764/1509/769 761/1058/769
f 692/978/769 696/977/769 761/1058/769
f 692/1060/830 765/1069/830 763/1061/830
f 694/1063/771 763/1510/771 760/1064/771
f 702/1065/769 693/1057/769 696/977/769
f 701/974/779 703/1503/781 692/1060/782
f 764/1066/7 762/1511/7 760/1067/7
f 765/1069/7 761/1068/7 760/1067/7
f 779/1070/769 777/1078/769 769/1071/769
f 773/1072/832 768/1077/835 710/998/833
f 772/1073/776 770/1512/776 766/1074/776
f 772/1076/771 767/1084/771 768/1077/835
f 777/1078/769 776/1082/769 766/1079/769
f 691/970/771 772/1076/771 773/1072/832
f 690/975/836 711/994/836 709/995/836
f 687/968/776 770/1512/776 772/1073/776
f 706/950/771 773/1072/832 711/1000/834
f 708/997/769 769/1071/769 771/945/769
f 769/1071/769 766/1079/769 770/1080/769
f 704/1081/769 685/1513/769 776/1082/769
f 684/1083/769 704/1081/769 777/1078/769
f 768/1077/835 775/953/772 778/983/784
f 767/1075/776 766/1074/776 776/957/776
f 710/992/837 778/954/773 779/956/775
f 767/1084/771 774/951/771 775/953/772
f 781/1085/769 783/1514/769 782/1086/769
f 783/1088/838 787/1097/838 786/1089/838
f 786/1091/771 787/1515/771 785/1092/771
f 785/1094/839 781/1516/839 780/1095/839
f 786/1089/840 784/1096/840 780/1095/840
f 783/1088/841 781/1516/841 785/1094/841
f 803/1098/771 795/1108/771 794/1099/771
f 795/1101/842 793/1517/842 788/1102/842
f 789/1104/843 792/1114/843 794/1105/843
f 791/1107/771 794/1099/771 795/1108/771
f 793/1110/769 792/1518/769 789/1111/769
f 802/1113/776 794/1105/776 792/1114/776
f 798/1116/844 796/1519/844 801/1117/844
f 797/1119/845 799/1520/845 802/1113/845
f 799/1120/771 798/1521/771 803/1098/771
f 797/1121/769 800/1127/769 801/1122/769
f 801/1124/836 793/1522/836 795/1125/836
f 800/1127/769 792/1518/769 793/1110/769
f 804/1128/769 805/1523/769 807/1129/769
f 807/1131/846 811/1140/846 810/1132/846
f 811/1134/771 809/1524/771 808/1135/771
f 809/1137/847 805/1525/847 804/1138/847
f 806/1133/848 810/1132/848 808/1139/848
f 807/1131/849 805/1525/849 809/1137/849
f 845/1141/850 841/1169/878 908/1142/851
f 849/1144/853 845/1141/850 912/1143/852
f 853/1146/855 849/1144/853 916/1145/854
f 857/1148/857 853/1146/855 920/1147/856
f 861/1150/859 857/1148/857 924/1149/858
f 865/1152/861 861/1150/859 928/1151/860
f 869/1154/863 865/1152/861 932/1153/862
f 873/1156/865 869/1154/863 936/1155/864
f 877/1158/867 873/1156/865 940/1157/866
f 825/1160/869 821/1170/879 888/1161/870
f 829/1163/872 825/1160/869 892/1162/871
f 833/1165/874 829/1163/872 896/1164/873
f 837/1167/876 833/1165/874 900/1166/875
f 841/1169/878 837/1167/876 904/1168/877
f 821/1170/879 817/1176/885 884/1171/880
f 876/1236/931 813/1396/1059 816/1172/881
f 816/1172/881 820/1180/888 824/1185/892
f 824/1185/892 828/1189/895 832/1192/898
f 832/1192/898 836/1196/901 840/1203/906
f 840/1203/906 844/1526/1134 848/1173/882
f 848/1173/882 852/1210/911 856/1214/914
f 856/1214/914 860/1218/917 864/1174/883
f 864/1174/883 868/1227/924 872/1231/927
f 872/1231/927 876/1236/931 816/1172/881
f 816/1172/881 824/1185/892 832/1192/898
f 832/1192/898 840/1203/906 848/1173/882
f 848/1173/882 856/1214/914 864/1174/883
f 864/1174/883 872/1231/927 816/1172/881
f 816/1172/881 832/1192/898 848/1173/882
f 823/1175/884 819/1527/887 817/1176/885
f 822/1177/886 818/1181/889 819/1178/887
f 820/1180/888 816/1172/881 818/1181/889
f 827/1182/890 823/1175/884 821/1170/879
f 826/1183/891 822/1177/886 823/1179/884
f 824/1185/892 820/1180/888 822/1177/886
f 831/1186/893 827/1182/890 825/1160/869
f 830/1187/894 826/1183/891 827/1184/890
f 828/1189/895 824/1185/892 826/1183/891
f 833/1165/874 835/1193/897 831/1186/893
f 834/1190/896 830/1187/894 831/1188/893
f 832/1192/898 828/1189/895 830/1187/894
f 837/1167/876 839/1197/900 835/1193/897
f 838/1194/899 834/1190/896 835/1191/897
f 836/1196/901 832/1192/898 834/1190/896
f 841/1169/878 843/1200/902 839/1197/900
f 843/1198/902 842/1199/903 838/1194/899
f 842/1199/903 840/1203/906 836/1196/901
f 845/1141/850 847/1204/905 843/1200/902
f 846/1201/904 842/1199/903 843/1198/902
f 846/1201/904 844/1526/1134 840/1203/906
f 849/1144/853 851/1528/908 847/1204/905
f 850/1205/907 846/1201/904 847/1202/905
f 848/1173/882 844/1526/1134 846/1201/904
f 855/1207/909 851/1528/908 849/1144/853
f 854/1208/910 850/1205/907 851/1206/908
f 852/1210/911 848/1173/882 850/1205/907
f 859/1211/912 855/1207/909 853/1146/855
f 858/1212/913 854/1208/910 855/1209/909
f 856/1214/914 852/1210/911 854/1208/910
f 863/1215/915 859/1211/912 857/1148/857
f 862/1216/916 858/1212/913 859/1213/912
f 860/1218/917 856/1214/914 858/1212/913
f 867/1219/918 863/1215/915 861/1150/859
f 866/1220/919 862/1216/916 863/1217/915
f 864/1174/883 860/1218/917 862/1216/916
f 871/1222/920 867/1219/918 865/1152/861
f 871/1223/920 870/1224/921 866/1220/919
f 870/1224/921 868/1227/924 864/1174/883
f 873/1156/865 875/1228/922 871/1222/920
f 875/1225/922 874/1226/923 870/1224/921
f 874/1226/923 872/1231/927 868/1227/924
f 877/1158/867 879/1233/926 875/1228/922
f 878/1229/925 874/1226/923 875/1225/922
f 878/1229/925 876/1236/931 872/1231/927
f 812/1232/928 814/1395/930 879/1233/926
f 815/1234/929 878/1229/925 879/1230/926
f 815/1234/929 813/1396/1059 876/1236/931
f 812/1232/928 877/1158/867 944/1159/868
f 889/1238/933 891/1241/936 887/1239/934
f 891/1241/936 890/1247/938 886/1242/937
f 888/1161/870 884/1171/880 886/1243/937
f 893/1245/939 895/1246/940 891/1241/936
f 895/1246/940 894/1251/941 890/1247/938
f 892/1162/871 888/1161/870 890/1244/938
f 897/1249/942 899/1250/943 895/1246/940
f 899/1250/943 898/1255/944 894/1251/941
f 898/1252/944 896/1164/873 892/1162/871
f 903/1253/945 899/1250/943 897/1249/942
f 903/1253/945 902/1529/947 898/1255/944
f 902/1256/947 900/1166/875 896/1164/873
f 907/1257/948 903/1253/945 901/1254/946
f 906/1259/950 902/1529/947 903/1253/945
f 904/1168/877 900/1166/875 902/1256/947
f 911/1261/951 907/1257/948 905/1258/949
f 910/1263/953 906/1259/950 907/1257/948
f 908/1142/851 904/1168/877 906/1260/950
f 915/1265/954 911/1261/951 909/1262/952
f 914/1267/956 910/1263/953 911/1261/951
f 912/1143/852 908/1142/851 910/1264/953
f 919/1269/957 915/1265/954 913/1266/955
f 918/1271/959 914/1267/956 915/1265/954
f 916/1145/854 912/1143/852 914/1268/956
f 921/1273/960 923/1274/961 919/1269/957
f 923/1274/961 922/1278/962 918/1271/959
f 922/1275/962 920/1147/856 916/1145/854
f 925/1276/963 927/1277/964 923/1274/961
f 927/1277/964 926/1282/965 922/1278/962
f 924/1149/858 920/1147/856 922/1275/962
f 929/1280/966 931/1281/967 927/1277/964
f 931/1281/967 930/1286/968 926/1282/965
f 930/1283/968 928/1151/860 924/1149/858
f 935/1284/969 931/1281/967 929/1280/966
f 935/1284/969 934/1530/971 930/1286/968
f 932/1153/862 928/1151/860 930/1283/968
f 939/1288/972 935/1284/969 933/1285/970
f 938/1290/974 934/1530/971 935/1284/969
f 936/1155/864 932/1153/862 934/1287/971
f 943/1292/975 939/1288/972 937/1289/973
f 942/1294/977 938/1290/974 939/1288/972
f 940/1157/866 936/1155/864 938/1291/974
f 947/1296/978 943/1292/975 941/1293/976
f 946/1298/980 942/1294/977 943/1292/975
f 944/1159/868 940/1157/866 942/1295/977
f 882/1300/981 947/1296/978 945/1297/979
f 883/1302/983 946/1298/980 947/1296/978
f 881/1237/932 944/1159/868 946/1299/980
f 893/1245/939 889/1238/933 885/1240/935
f 885/1240/935 880/1301/982 945/1297/979
f 945/1297/979 941/1293/976 937/1289/973
f 937/1289/973 933/1285/970 929/1280/966
f 929/1280/966 925/1276/963 921/1273/960
f 921/1273/960 917/1270/958 913/1266/955
f 913/1266/955 909/1262/952 905/1258/949
f 905/1258/949 901/1254/946 897/1249/942
f 897/1249/942 893/1245/939 885/1240/935
f 885/1240/935 945/1297/979 937/1289/973
f 937/1289/973 929/1280/966 921/1273/960
f 921/1273/960 913/1266/955 905/1258/949
f 905/1258/949 897/1249/942 885/1240/935
f 885/1240/935 937/1289/973 921/1273/960
f 1028/1304/984 969/1332/1012 973/1305/985
f 1032/1306/986 973/1305/985 977/1307/987
f 1036/1308/988 977/1307/987 981/1309/989
f 1040/1310/990 981/1309/989 985/1311/991
f 1044/1312/992 985/1311/991 989/1313/993
f 1048/1314/994 989/1313/993 993/1315/995
f 1052/1316/996 993/1315/995 997/1317/997
f 1056/1318/998 997/1317/997 1001/1319/999
f 1060/1320/1000 1001/1319/999 1005/1321/1001
f 1008/1323/1003 949/1333/1013 953/1324/1004
f 1012/1325/1005 953/1324/1004 957/1326/1006
f 1016/1327/1007 957/1326/1006 961/1328/1008
f 1020/1329/1009 961/1328/1008 965/1330/1010
f 1024/1331/1011 965/1330/1010 969/1332/1012
f 884/1171/880 817/1337/885 949/1333/1013
f 816/1172/881 813/1396/1059 1004/1334/1014
f 1004/1334/1014 1000/1391/1056 996/1387/1053
f 996/1387/1053 992/1383/1050 988/1379/1047
f 988/1379/1047 984/1375/1044 980/1371/1041
f 980/1371/1041 976/1367/1038 972/1335/1015
f 972/1335/1015 968/1360/1033 964/1356/1030
f 964/1356/1030 960/1352/1027 956/1336/1016
f 956/1336/1016 952/1345/1022 948/1341/1019
f 948/1341/1019 816/1172/881 1004/1334/1014
f 1004/1334/1014 996/1387/1053 988/1379/1047
f 988/1379/1047 980/1371/1041 972/1335/1015
f 972/1335/1015 964/1356/1030 956/1336/1016
f 956/1336/1016 948/1341/1019 1004/1334/1014
f 1004/1334/1014 988/1379/1047 972/1335/1015
f 817/1337/885 819/1531/887 951/1338/1017
f 819/1178/887 818/1181/889 950/1339/1018
f 818/1181/889 816/1172/881 948/1341/1019
f 949/1333/1013 951/1338/1017 955/1342/1020
f 951/1340/1017 950/1339/1018 954/1343/1021
f 950/1339/1018 948/1341/1019 952/1345/1022
f 953/1324/1004 955/1342/1020 959/1346/1023
f 955/1344/1020 954/1343/1021 958/1347/1024
f 954/1343/1021 952/1345/1022 956/1336/1016
f 961/1328/1008 957/1326/1006 959/1346/1023
f 959/1348/1023 958/1347/1024 962/1350/1026
f 958/1347/1024 956/1336/1016 960/1352/1027
f 965/1330/1010 961/1328/1008 963/1349/1025
f 963/1351/1025 962/1350/1026 966/1354/1029
f 962/1350/1026 960/1352/1027 964/1356/1030
f 969/1332/1012 965/1330/1010 967/1353/1028
f 967/1355/1028 966/1354/1029 970/1358/1032
f 970/1358/1032 966/1354/1029 964/1356/1030
f 973/1305/985 969/1332/1012 971/1357/1031
f 971/1359/1031 970/1358/1032 974/1362/1035
f 974/1362/1035 970/1358/1032 968/1360/1033
f 977/1307/987 973/1305/985 975/1361/1034
f 979/1365/1036 975/1363/1034 974/1362/1035
f 978/1366/1037 974/1362/1035 972/1335/1015
f 977/1307/987 979/1364/1036 983/1368/1039
f 979/1365/1036 978/1366/1037 982/1369/1040
f 982/1369/1040 978/1366/1037 976/1367/1038
f 981/1309/989 983/1368/1039 987/1372/1042
f 983/1370/1039 982/1369/1040 986/1373/1043
f 982/1369/1040 980/1371/1041 984/1375/1044
f 989/1313/993 985/1311/991 987/1372/1042
f 987/1374/1042 986/1373/1043 990/1377/1046
f 986/1373/1043 984/1375/1044 988/1379/1047
f 989/1313/993 991/1376/1045 995/1380/1048
f 991/1378/1045 990/1377/1046 994/1381/1049
f 990/1377/1046 988/1379/1047 992/1383/1050
f 993/1315/995 995/1380/1048 999/1384/1051
f 999/1385/1051 995/1382/1048 994/1381/1049
f 998/1386/1052 994/1381/1049 992/1383/1050
f 1001/1319/999 997/1317/997 999/1384/1051
f 1003/1389/1054 999/1385/1051 998/1386/1052
f 1002/1390/1055 998/1386/1052 996/1387/1053
f 1005/1321/1001 1001/1319/999 1003/1388/1054
f 1003/1389/1054 1002/1390/1055 1006/1393/1058
f 1006/1393/1058 1002/1390/1055 1000/1391/1056
f 1005/1321/1001 1007/1392/1057 814/1395/930
f 814/1235/930 1007/1394/1057 1006/1393/1058
f 815/1234/929 1006/1393/1058 1004/1334/1014
f 1064/1322/1002 1005/1321/1001 812/1232/928
f 1009/1397/1060 885/1240/935 887/1239/934
f 1011/1398/1061 887/1239/934 886/1242/937
f 886/1243/937 884/1171/880 1008/1323/1003
f 1013/1401/1063 1009/1397/1060 1011/1398/1061
f 1015/1402/1064 1011/1398/1061 1010/1399/1062
f 1010/1400/1062 1008/1323/1003 1012/1325/1005
f 1017/1405/1066 1013/1401/1063 1015/1402/1064
f 1019/1406/1067 1015/1402/1064 1014/1403/1065
f 1018/1408/1068 1014/1404/1065 1012/1325/1005
f 1017/1405/1066 1019/1406/1067 1023/1409/1069
f 1023/1409/1069 1019/1406/1067 1018/1407/1068
f 1022/1412/1071 1018/1408/1068 1016/1327/1007
f 1021/1410/1070 1023/1409/1069 1027/1413/1072
f 1027/1413/1072 1023/1409/1069 1022/1411/1071
f 1022/1412/1071 1020/1329/1009 1024/1331/1011
f 1025/1414/1073 1027/1413/1072 1031/1417/1075
f 1027/1413/1072 1026/1415/1074 1030/1419/1077
f 1026/1416/1074 1024/1331/1011 1028/1304/984
f 1029/1418/1076 1031/1417/1075 1035/1421/1078
f 1031/1417/1075 1030/1419/1077 1034/1423/1080
f 1030/1420/1077 1028/1304/984 1032/1306/986
f 1033/1422/1079 1035/1421/1078 1039/1425/1081
f 1035/1421/1078 1034/1423/1080 1038/1427/1083
f 1034/1424/1080 1032/1306/986 1036/1308/988
f 1041/1429/1084 1037/1426/1082 1039/1425/1081
f 1043/1430/1085 1039/1425/1081 1038/1427/1083
f 1042/1432/1086 1038/1428/1083 1036/1308/988
f 1045/1433/1087 1041/1429/1084 1043/1430/1085
f 1047/1434/1088 1043/1430/1085 1042/1431/1086
f 1042/1432/1086 1040/1310/990 1044/1312/992
f 1049/1437/1090 1045/1433/1087 1047/1434/1088
f 1051/1438/1091 1047/1434/1088 1046/1435/1089
f 1046/1436/1089 1044/1312/992 1048/1314/994
f 1049/1437/1090 1051/1438/1091 1055/1441/1093
f 1055/1441/1093 1051/1438/1091 1050/1439/1092
f 1050/1440/1092 1048/1314/994 1052/1316/996
f 1053/1442/1094 1055/1441/1093 1059/1445/1096
f 1059/1445/1096 1055/1441/1093 1054/1443/1095
f 1054/1444/1095 1052/1316/996 1056/1318/998
f 1057/1446/1097 1059/1445/1096 1063/1449/1099
f 1059/1445/1096 1058/1447/1098 1062/1451/1101
f 1058/1448/1098 1056/1318/998 1060/1320/1000
f 1061/1450/1100 1063/1449/1099 1067/1453/1102
f 1063/1449/1099 1062/1451/1101 1066/1455/1104
f 1062/1452/1101 1060/1320/1000 1064/1322/1002
f 1065/1454/1103 1067/1453/1102 882/1300/981
f 1067/1453/1102 1066/1455/1104 883/1302/983
f 883/1303/983 1066/1456/1104 1064/1322/1002
f 885/1240/935 1009/1397/1060 1013/1401/1063
f 1013/1401/1063 1017/1405/1066 1021/1410/1070
f 1021/1410/1070 1025/1414/1073 1029/1418/1076
f 1029/1418/1076 1033/1422/1079 1037/1426/1082
f 1037/1426/1082 1041/1429/1084 1045/1433/1087
f 1045/1433/1087 1049/1437/1090 1053/1442/1094
f 1053/1442/1094 1057/1446/1097 1061/1450/1100
f 1061/1450/1100 1065/1454/1103 880/1301/982
f 880/1301/982 885/1240/935 1013/1401/1063
f 1013/1401/1063 1021/1410/1070 1029/1418/1076
f 1029/1418/1076 1037/1426/1082 1045/1433/1087
f 1045/1433/1087 1053/1442/1094 1061/1450/1100
f 1061/1450/1100 880/1301/982 1013/1401/1063
f 1013/1401/1063 1029/1418/1076 1045/1433/1087
