# Blender 4.5.1 LTS
# www.blender.org
mtllib PLANMC ZBL-09.mtl
o ZBL-09_Hull.002
v 1.395922 1.742560 4.218528
v 1.556889 2.239043 -4.000000
v 0.000000 0.345206 2.934643
v 1.556889 2.239043 2.710987
v 1.556889 1.461072 -4.000000
v 1.395922 1.461072 4.218528
v 1.556889 1.461072 2.710987
v 1.356890 0.846877 3.476045
v 0.000000 2.239044 -4.000000
v 0.000000 1.742560 4.218528
v 0.000000 2.239044 2.710987
v 0.000000 1.461072 4.218528
v 0.000000 0.846877 3.476046
v 1.556889 2.239043 2.251320
v 1.556889 1.461072 2.252525
v 0.000000 2.239044 2.251320
v 1.556889 2.239043 1.248480
v 1.556889 1.461072 1.247275
v 0.000000 2.239044 1.248480
v 1.532478 1.200545 -4.000000
v 1.371511 1.076944 3.754167
v 1.532478 1.187534 3.299716
v 0.000000 1.076944 3.754168
v 1.532478 1.076944 1.921519
v 1.532478 1.076944 1.578280
v 1.556889 2.239043 -1.465005
v 1.556889 1.461072 -1.463800
v 1.556889 2.239043 -2.467845
v 1.556889 1.461072 -2.469050
v 0.000000 2.239044 -2.467845
v 1.532478 1.076944 -1.794805
v 1.532478 1.076944 -2.138044
v 1.556889 2.239043 0.580023
v 1.556889 1.461072 0.581228
v 0.000000 2.239044 0.580023
v 1.556889 2.239043 -0.766796
v 1.556889 1.461072 -0.768001
v 0.000000 2.239044 -0.766796
v 1.532478 1.000210 0.203511
v 1.532478 1.000210 -0.390284
v 0.000000 2.239044 -2.976077
v 1.556889 2.239043 -2.976077
v 1.556889 1.461072 -2.976882
v 1.532478 1.200545 -3.383436
v 1.032047 0.345206 -3.592508
v 0.000000 0.345206 -3.592508
v 1.032047 0.345206 2.934643
v 1.032047 1.461072 2.252524
v 1.032047 1.461072 2.710987
v 0.402932 1.202816 -4.000000
v 1.032047 1.187534 3.299716
v 1.032047 0.846877 1.899971
v 1.032047 0.345206 1.899971
v 1.032047 0.846877 1.599828
v 1.032047 1.076944 1.921519
v 1.032047 0.345206 1.599828
v 1.032047 1.461072 0.581228
v 1.032047 1.461072 1.247275
v 1.032047 1.000210 0.203511
v 1.032047 1.076944 1.578280
v 1.032047 0.846877 0.190016
v 1.032047 0.345206 0.064179
v 1.032047 0.846877 -2.116496
v 1.032047 0.846877 -1.816353
v 1.032047 0.345206 -1.816353
v 1.032047 1.076944 -1.794805
v 1.032047 0.345206 -2.116496
v 1.032047 1.076944 -2.138044
v 1.032047 1.461072 -1.463800
v 1.032047 1.461072 -2.469050
v 1.032047 0.846877 -0.376788
v 1.032047 0.345206 -0.250951
v 1.032047 1.000210 -0.390284
v 1.032047 1.461072 -0.768001
v 1.032047 1.200545 -3.383436
v 1.032047 0.846877 -3.369036
v 1.032047 0.345206 -3.233866
v 1.032047 1.461072 -2.976882
v 1.347771 0.345206 0.064179
v 1.347771 0.345206 -0.250951
v 1.480322 0.815253 -0.350940
v 1.480322 0.815253 0.164167
v 1.048895 2.239043 2.710987
v 0.402932 1.463343 -4.000000
v 0.937798 1.742560 4.218528
v 0.937798 1.461072 4.218528
v 1.032047 0.846877 3.476045
v 1.048895 2.239043 2.251320
v 1.048895 2.239043 1.248480
v 0.920949 1.076944 3.754167
v 0.000000 0.846877 -4.000000
v 1.048895 2.239043 -1.465005
v 1.048895 2.239043 -2.467845
v 1.048895 2.239043 0.580023
v 1.048895 2.239043 -0.766796
v 1.048895 2.239043 -2.976077
v 0.000000 0.345206 1.899971
v 0.000000 0.345206 1.599828
v 0.000000 0.345206 0.064179
v 0.000000 0.345206 -1.816353
v 0.000000 0.345206 -2.116496
v 0.000000 0.345206 -0.250951
v 0.000000 0.345206 -3.233866
v 0.000000 2.034214 -4.000000
v 1.032047 1.200545 -4.000000
v 1.032047 0.846877 -4.000000
v 0.000000 0.869759 -4.000000
v 1.048895 2.239043 -4.000000
v 1.048895 1.461072 -4.000000
v 0.000000 2.034214 -3.873430
v 0.000000 1.461072 -4.046379
v 0.000000 0.869759 -3.873430
v 0.402932 1.463343 -3.873430
v 0.402932 1.202816 -3.873430
v 0.324095 0.869759 -4.000000
v 0.402932 0.924944 -4.000000
v 0.481662 0.866895 -4.000000
v 0.363514 0.877152 -4.000000
v 0.392370 0.897351 -4.000000
v 0.402932 1.979029 -4.000000
v 0.324095 2.034214 -4.000000
v 0.474744 2.056985 -4.000000
v 0.392370 2.006622 -4.000000
v 0.363514 2.026821 -4.000000
v 0.372810 0.927720 -3.873430
v 0.320130 0.890844 -3.873430
v 0.365363 0.908266 -3.873430
v 0.347921 0.896057 -3.873430
v 0.320130 2.013129 -3.873430
v 0.372810 1.976253 -3.873430
v 0.347921 2.007916 -3.873430
v 0.365363 1.995707 -3.873430
v 0.000000 2.013129 -3.873430
v 0.000000 0.890844 -3.873430
v 0.372810 1.463343 -3.873430
v 0.372810 1.202816 -3.873430
v 0.363514 2.026821 -3.873430
v 0.324095 2.034214 -3.873430
v 0.392370 2.006622 -3.873430
v 0.402932 1.979029 -3.873430
v 0.392370 0.897351 -3.873430
v 0.402932 0.924944 -3.873430
v 0.363514 0.877152 -3.873430
v 0.324095 0.869759 -3.873430
v 0.000000 1.200545 -4.046379
v 0.000000 2.013129 -4.013902
v 0.000000 2.004604 -4.046379
v 0.000000 2.010632 -4.036867
v 0.000000 0.899369 -4.046379
v 0.000000 0.890844 -4.013902
v 0.000000 0.893341 -4.036867
v 0.360631 1.463269 -4.046379
v 0.372810 1.463343 -4.013902
v 0.369243 1.463321 -4.036867
v 0.372810 1.202816 -4.013902
v 0.360631 1.202742 -4.046379
v 0.369243 1.202794 -4.036867
v 0.347921 2.007916 -4.013902
v 0.341617 2.000273 -4.046379
v 0.346075 2.005678 -4.036867
v 0.318527 2.004604 -4.046379
v 0.320130 2.013129 -4.013902
v 0.319660 2.010632 -4.036867
v 0.365363 1.995707 -4.013902
v 0.354444 1.991294 -4.046379
v 0.362165 1.994415 -4.036867
v 0.372810 1.976253 -4.013902
v 0.360631 1.975131 -4.046379
v 0.369243 1.975924 -4.036867
v 0.365363 0.908266 -4.013902
v 0.354444 0.912679 -4.046379
v 0.362165 0.909558 -4.036867
v 0.360631 0.928842 -4.046379
v 0.372810 0.927720 -4.013902
v 0.369243 0.928049 -4.036867
v 0.347921 0.896057 -4.013902
v 0.341617 0.903700 -4.046379
v 0.346075 0.898295 -4.036867
v 0.320130 0.890844 -4.013902
v 0.318526 0.899369 -4.046379
v 0.319660 0.893341 -4.036867
v 0.426708 2.238491 -1.002007
v 0.227475 2.238677 -0.870793
v 0.563676 2.238103 -1.667417
v 0.432462 2.238097 -1.866650
v 0.608658 2.238179 -1.433137
v 0.560562 2.238316 -1.199476
v 0.000000 2.238849 -0.825811
v 0.234994 2.238164 -2.000504
v 0.000000 2.238292 -2.048600
v 0.363717 1.600163 -1.115856
v 0.227475 1.600525 -0.870793
v 0.000000 1.600163 -1.115856
v 0.000000 1.600696 -0.825811
v 0.234994 1.600011 -2.000504
v 0.352775 1.600163 -1.882540
v 0.000000 1.600139 -2.048600
v 0.000000 1.600163 -1.882540
v 0.563676 1.599950 -1.667417
v 0.357864 1.600163 -1.526014
v 0.000000 1.600163 -1.526014
v 0.608658 1.600026 -1.433137
v 0.560562 1.600163 -1.199476
v 0.426708 1.600338 -1.002007
v 0.432462 1.599944 -1.866650
v 1.556889 2.239043 -1.115900
v 1.556889 1.461072 -1.115900
v 1.032047 1.461072 -1.115900
v 1.032047 1.038577 -1.092544
v 1.032047 0.846877 -1.096571
v 1.032047 0.345206 -1.033652
v 1.048895 2.239043 -1.115900
v 0.000000 0.345206 -1.033652
v 1.556889 2.239043 -1.966425
v 1.556889 1.461072 -1.966425
v 0.000000 0.345206 -1.966425
v 1.532478 1.076944 -1.966425
v 1.032047 0.846877 -1.966425
v 1.032047 0.345206 -1.966425
v 1.032047 1.076944 -1.966425
v 1.048895 2.239043 -1.966425
v 0.468899 1.742560 4.218528
v 0.516024 0.345206 2.934643
v 0.468899 1.461072 4.218528
v 0.516024 0.846877 3.476045
v 0.460475 1.076944 3.754168
v 0.524448 2.239043 0.580023
v 0.516024 0.846877 -4.000000
v 0.524448 2.239043 2.710987
v 0.524448 2.239043 2.251320
v 0.524448 2.239043 1.248480
v 0.516024 0.345206 -3.592508
v 0.524448 2.239043 -0.766796
v 0.516024 0.345206 1.899971
v 0.516024 0.345206 1.599828
v 0.516024 0.345206 -0.250951
v 0.516024 0.345206 -1.816353
v 0.516024 0.345206 -2.116496
v 0.516024 0.345206 -3.233866
v 0.516024 0.345206 0.064179
v 0.516024 0.345206 -1.033652
v 0.516024 0.345206 -1.966425
v 0.524448 2.239043 -2.976077
v 0.524448 2.239043 -4.000000
v 0.524448 2.239043 -2.467845
v -1.395922 1.742560 4.218528
v -1.556889 2.239043 -4.000000
v -1.556889 2.239043 2.710987
v -1.556889 1.461072 -4.000000
v -1.395922 1.461072 4.218528
v -1.556889 1.461072 2.710987
v -1.356890 0.846877 3.476045
v -1.556889 2.239043 2.251320
v -1.556889 1.461072 2.252525
v -1.556889 2.239043 1.248480
v -1.556889 1.461072 1.247275
v -1.532478 1.200545 -4.000000
v -1.371511 1.076944 3.754167
v -1.532478 1.187534 3.299716
v -1.532478 1.076944 1.921519
v -1.532478 1.076944 1.578280
v -1.556889 2.239043 -1.465005
v -1.556889 1.461072 -1.463800
v -1.556889 2.239043 -2.467845
v -1.556889 1.461072 -2.469050
v -1.532478 1.076944 -1.794805
v -1.532478 1.076944 -2.138044
v -1.556889 2.239043 0.580023
v -1.556889 1.461072 0.581228
v -1.556889 2.239043 -0.766796
v -1.556889 1.461072 -0.768001
v -1.532478 1.000210 0.203511
v -1.532478 1.000210 -0.390284
v -1.556889 2.239043 -2.976077
v -1.556889 1.461072 -2.976882
v -1.532478 1.200545 -3.383436
v -1.032047 0.345206 -3.592508
v -1.032047 0.345206 2.934643
v -1.032047 1.461072 2.252524
v -1.032047 1.461072 2.710987
v -0.402932 1.202816 -4.000000
v -1.032047 1.187534 3.299716
v -1.032047 0.846877 1.899971
v -1.032047 0.345206 1.899971
v -1.032047 0.846877 1.599828
v -1.032047 1.076944 1.921519
v -1.032047 0.345206 1.599828
v -1.032047 1.461072 0.581228
v -1.032047 1.461072 1.247275
v -1.032047 1.000210 0.203511
v -1.032047 1.076944 1.578280
v -1.032047 0.846877 0.190016
v -1.032047 0.345206 0.064179
v -1.032047 0.846877 -2.116496
v -1.032047 0.846877 -1.816353
v -1.032047 0.345206 -1.816353
v -1.032047 1.076944 -1.794805
v -1.032047 0.345206 -2.116496
v -1.032047 1.076944 -2.138044
v -1.032047 1.461072 -1.463800
v -1.032047 1.461072 -2.469050
v -1.032047 0.846877 -0.376788
v -1.032047 0.345206 -0.250951
v -1.032047 1.000210 -0.390284
v -1.032047 1.461072 -0.768001
v -1.032047 1.200545 -3.383436
v -1.032047 0.846877 -3.369036
v -1.032047 0.345206 -3.233866
v -1.032047 1.461072 -2.976882
v -1.347771 0.345206 0.064179
v -1.347771 0.345206 -0.250951
v -1.480322 0.815253 -0.350940
v -1.480322 0.815253 0.164167
v -1.048895 2.239043 2.710987
v -0.402932 1.463343 -4.000000
v -0.937798 1.742560 4.218528
v -0.937798 1.461072 4.218528
v -1.032047 0.846877 3.476045
v -1.048895 2.239043 2.251320
v -1.048895 2.239043 1.248480
v -0.920949 1.076944 3.754167
v -1.048895 2.239043 -1.465005
v -1.048895 2.239043 -2.467845
v -1.048895 2.239043 0.580023
v -1.048895 2.239043 -0.766796
v -1.048895 2.239043 -2.976077
v -1.032047 1.200545 -4.000000
v -1.032047 0.846877 -4.000000
v -1.048895 2.239043 -4.000000
v -1.048895 1.461072 -4.000000
v -0.402932 1.463343 -3.873430
v -0.402932 1.202816 -3.873430
v -0.324095 0.869759 -4.000000
v -0.402932 0.924944 -4.000000
v -0.481662 0.866895 -4.000000
v -0.363514 0.877152 -4.000000
v -0.392370 0.897351 -4.000000
v -0.402932 1.979029 -4.000000
v -0.324095 2.034214 -4.000000
v -0.474744 2.056985 -4.000000
v -0.392370 2.006622 -4.000000
v -0.363514 2.026821 -4.000000
v -0.372810 0.927720 -3.873430
v -0.320130 0.890844 -3.873430
v -0.365363 0.908266 -3.873430
v -0.347921 0.896057 -3.873430
v -0.320130 2.013129 -3.873430
v -0.372810 1.976253 -3.873430
v -0.347921 2.007916 -3.873430
v -0.365363 1.995707 -3.873430
v -0.372810 1.463343 -3.873430
v -0.372810 1.202816 -3.873430
v -0.363514 2.026821 -3.873430
v -0.324095 2.034214 -3.873430
v -0.392370 2.006622 -3.873430
v -0.402932 1.979029 -3.873430
v -0.392370 0.897351 -3.873430
v -0.402932 0.924944 -3.873430
v -0.363514 0.877152 -3.873430
v -0.324095 0.869759 -3.873430
v -0.360631 1.463269 -4.046379
v -0.372810 1.463343 -4.013902
v -0.369243 1.463321 -4.036867
v -0.372810 1.202816 -4.013902
v -0.360631 1.202742 -4.046379
v -0.369243 1.202794 -4.036867
v -0.347921 2.007916 -4.013902
v -0.341617 2.000273 -4.046379
v -0.346075 2.005678 -4.036867
v -0.318527 2.004604 -4.046379
v -0.320130 2.013129 -4.013902
v -0.319660 2.010632 -4.036867
v -0.365363 1.995707 -4.013902
v -0.354444 1.991294 -4.046379
v -0.362165 1.994415 -4.036867
v -0.372810 1.976253 -4.013902
v -0.360631 1.975131 -4.046379
v -0.369243 1.975924 -4.036867
v -0.365363 0.908266 -4.013902
v -0.354444 0.912679 -4.046379
v -0.362165 0.909558 -4.036867
v -0.360631 0.928842 -4.046379
v -0.372810 0.927720 -4.013902
v -0.369243 0.928049 -4.036867
v -0.347921 0.896057 -4.013902
v -0.341617 0.903700 -4.046379
v -0.346075 0.898295 -4.036867
v -0.320130 0.890844 -4.013902
v -0.318526 0.899369 -4.046379
v -0.319660 0.893341 -4.036867
v -0.426708 2.238491 -1.002007
v -0.227475 2.238677 -0.870793
v -0.563676 2.238103 -1.667417
v -0.432462 2.238097 -1.866650
v -0.608658 2.238179 -1.433137
v -0.560562 2.238316 -1.199476
v -0.234994 2.238164 -2.000504
v -0.363717 1.600163 -1.115856
v -0.227475 1.600525 -0.870793
v -0.234994 1.600011 -2.000504
v -0.352775 1.600163 -1.882540
v -0.563676 1.599950 -1.667417
v -0.357864 1.600163 -1.526014
v -0.608658 1.600026 -1.433137
v -0.560562 1.600163 -1.199476
v -0.426708 1.600338 -1.002007
v -0.432462 1.599944 -1.866650
v -1.556889 2.239043 -1.115900
v -1.556889 1.461072 -1.115900
v -1.032047 1.461072 -1.115900
v -1.032047 1.038577 -1.092544
v -1.032047 0.846877 -1.096571
v -1.032047 0.345206 -1.033652
v -1.048895 2.239043 -1.115900
v -1.556889 2.239043 -1.966425
v -1.556889 1.461072 -1.966425
v -1.532478 1.076944 -1.966425
v -1.032047 0.846877 -1.966425
v -1.032047 0.345206 -1.966425
v -1.032047 1.076944 -1.966425
v -1.048895 2.239043 -1.966425
v -0.468899 1.742560 4.218528
v -0.516024 0.345206 2.934643
v -0.468899 1.461072 4.218528
v -0.516024 0.846877 3.476045
v -0.460475 1.076944 3.754168
v -0.524448 2.239043 0.580023
v -0.516024 0.846877 -4.000000
v -0.524448 2.239043 2.710987
v -0.524448 2.239043 2.251320
v -0.524448 2.239043 1.248480
v -0.516024 0.345206 -3.592508
v -0.524448 2.239043 -0.766796
v -0.516024 0.345206 1.899971
v -0.516024 0.345206 1.599828
v -0.516024 0.345206 -0.250951
v -0.516024 0.345206 -1.816353
v -0.516024 0.345206 -2.116496
v -0.516024 0.345206 -3.233866
v -0.516024 0.345206 0.064179
v -0.516024 0.345206 -1.033652
v -0.516024 0.345206 -1.966425
v -0.524448 2.239043 -2.976077
v -0.524448 2.239043 -4.000000
v -0.524448 2.239043 -2.467845
v 0.978410 2.239043 -3.070057
v 0.978410 2.239043 -3.896664
v 1.447653 2.239043 -3.896664
v 0.978410 2.239043 -2.665161
v 1.447653 2.239043 -2.665161
v 0.000000 2.239044 -2.665161
v 0.000000 2.239044 -3.070057
v 1.447653 2.239043 -3.070057
v 0.000000 2.239044 -3.896664
v 0.978410 2.296149 -3.070057
v 0.978410 2.296149 -3.896664
v 1.447653 2.296149 -3.896664
v 0.978410 2.296149 -2.665161
v 1.447653 2.296149 -2.665161
v 0.000000 2.296149 -2.665161
v 0.000000 2.296149 -3.070057
v 1.447653 2.296149 -3.070057
v 0.000000 2.296149 -3.896664
v 0.299234 2.251467 -3.500541
v 0.552240 2.251467 -3.753547
v 0.333130 2.251467 -3.627045
v 0.425737 2.251467 -3.719651
v 0.552240 2.251467 -2.832091
v 0.299234 2.251467 -3.085097
v 0.425737 2.251467 -2.865987
v 0.333130 2.251467 -2.958594
v 0.888999 2.251467 -3.753547
v 0.972379 2.251467 -3.670168
v 0.947958 2.251467 -3.729126
v 0.972379 2.251467 -2.915470
v 0.888999 2.251467 -2.832091
v 0.947958 2.251467 -2.856512
v 0.555446 2.378054 -3.729194
v 0.552240 2.353700 -3.753547
v 0.553179 2.370921 -3.746415
v 0.323587 2.378054 -3.497335
v 0.299234 2.353700 -3.500541
v 0.306367 2.370921 -3.499602
v 0.438343 2.378054 -3.697817
v 0.425737 2.353700 -3.719651
v 0.429429 2.370921 -3.713256
v 0.354965 2.378054 -3.614438
v 0.333130 2.353700 -3.627045
v 0.339525 2.370921 -3.623352
v 0.323587 2.378054 -3.088303
v 0.299234 2.353700 -3.085097
v 0.306367 2.370921 -3.086036
v 0.555446 2.378054 -2.856445
v 0.552240 2.353700 -2.832091
v 0.553179 2.370921 -2.839224
v 0.354965 2.378054 -2.971200
v 0.333130 2.353700 -2.958594
v 0.339525 2.370921 -2.962286
v 0.438343 2.378054 -2.887822
v 0.425737 2.353700 -2.865987
v 0.429429 2.370921 -2.872382
v 0.948025 2.378054 -3.665323
v 0.972379 2.353700 -3.670168
v 0.965246 2.370921 -3.668749
v 0.884155 2.378054 -3.729194
v 0.888999 2.353700 -3.753547
v 0.887580 2.370921 -3.746415
v 0.929318 2.378054 -3.710487
v 0.947958 2.353700 -3.729126
v 0.942498 2.370921 -3.723667
v 0.884155 2.378054 -2.856445
v 0.888999 2.353700 -2.832091
v 0.887580 2.370921 -2.839224
v 0.948025 2.378054 -2.920315
v 0.972379 2.353700 -2.915470
v 0.965246 2.370921 -2.916889
v 0.929318 2.378054 -2.875151
v 0.947958 2.353700 -2.856512
v 0.942498 2.370921 -2.861972
v 1.110304 2.433590 -3.519340
v 0.939076 2.433590 -3.519340
v 1.110304 2.433590 -3.625085
v 0.939077 2.433590 -3.625085
v 1.024690 2.461213 -3.519340
v 1.024690 2.461213 -3.625085
v 1.086519 2.274787 -3.539162
v 1.110304 2.298572 -3.519340
v 0.962861 2.274787 -3.539162
v 0.939076 2.298572 -3.519340
v 1.086519 2.274787 -3.605263
v 1.110304 2.298572 -3.625085
v 0.962861 2.274787 -3.605263
v 0.939077 2.298572 -3.625085
v 1.024690 2.298572 -3.519340
v 1.024690 2.274787 -3.539162
v 1.024690 2.298572 -3.625085
v 1.024690 2.274787 -3.605263
v 1.110304 2.433590 -2.953238
v 0.939076 2.433590 -2.953238
v 1.110304 2.433590 -3.058984
v 0.939076 2.433590 -3.058984
v 1.024690 2.461213 -2.953238
v 1.024690 2.461213 -3.058984
v 1.086519 2.274787 -2.973061
v 1.110304 2.298572 -2.953238
v 0.962861 2.274787 -2.973061
v 0.939076 2.298572 -2.953238
v 1.086519 2.274787 -3.039162
v 1.110304 2.298572 -3.058984
v 0.962861 2.274787 -3.039162
v 0.939076 2.298572 -3.058984
v 1.024690 2.298572 -2.953238
v 1.024690 2.274787 -2.973061
v 1.024690 2.298572 -3.058984
v 1.024690 2.274787 -3.039162
v 1.360910 1.721047 4.218528
v 1.360910 1.482585 4.218528
v 0.972810 1.721047 4.218528
v 0.972810 1.482585 4.218528
v 1.312397 1.721047 4.218528
v 1.263885 1.721047 4.218528
v 1.215372 1.721047 4.218528
v 1.166860 1.721047 4.218528
v 1.118347 1.721047 4.218528
v 1.069835 1.721047 4.218528
v 1.021322 1.721047 4.218528
v 1.312397 1.482585 4.218528
v 1.263885 1.482585 4.218528
v 1.215372 1.482585 4.218528
v 1.166860 1.482585 4.218528
v 1.118347 1.482585 4.218528
v 1.069835 1.482585 4.218528
v 1.021322 1.482585 4.218528
v 1.360910 1.721047 4.239916
v 1.360910 1.482585 4.239916
v 1.021322 1.721047 4.261229
v 0.972810 1.721047 4.239916
v 1.021322 1.482585 4.261229
v 0.972810 1.482585 4.239916
v 1.312397 1.721047 4.261229
v 1.263885 1.721047 4.239916
v 1.215372 1.721047 4.261229
v 1.166860 1.721047 4.239916
v 1.118347 1.721047 4.261229
v 1.069835 1.721047 4.239916
v 1.312397 1.482585 4.261229
v 1.263885 1.482585 4.239916
v 1.215372 1.482585 4.261229
v 1.166860 1.482585 4.239916
v 1.118347 1.482585 4.261229
v 1.069835 1.482585 4.239916
v 1.360910 1.697101 4.218528
v 0.972810 1.697101 4.218528
v 1.312397 1.697101 4.218528
v 1.263885 1.697101 4.218528
v 1.215372 1.697101 4.218528
v 1.166860 1.697101 4.218528
v 1.118347 1.697101 4.218528
v 1.069835 1.697101 4.218528
v 1.021322 1.697101 4.218528
v 1.360910 1.697101 4.239916
v 0.972810 1.697101 4.239916
v 1.312397 1.697101 4.261229
v 1.263885 1.697101 4.239916
v 1.215372 1.697101 4.261229
v 1.166860 1.697101 4.239916
v 1.118347 1.697101 4.261229
v 1.069835 1.697101 4.239916
v 1.021322 1.697101 4.261229
v 1.360910 1.506826 4.218528
v 0.972810 1.506826 4.218528
v 1.312397 1.506826 4.218528
v 1.263885 1.506826 4.218528
v 1.215372 1.506826 4.218528
v 1.166860 1.506826 4.218528
v 1.118347 1.506826 4.218528
v 1.069835 1.506826 4.218528
v 1.021322 1.506826 4.218528
v 1.360910 1.506826 4.239916
v 0.972810 1.506826 4.239916
v 1.312397 1.506826 4.261229
v 1.263885 1.506826 4.239916
v 1.215372 1.506826 4.261229
v 1.166860 1.506826 4.239916
v 1.118347 1.506826 4.261229
v 1.069835 1.506826 4.239916
v 1.021322 1.506826 4.261229
v -0.978410 2.239043 -3.070057
v -0.978410 2.239043 -3.896664
v -1.447653 2.239043 -3.896664
v -0.978410 2.239043 -2.665161
v -1.447653 2.239043 -2.665161
v -1.447653 2.239043 -3.070057
v -0.978410 2.296149 -3.070057
v -0.978410 2.296149 -3.896664
v -1.447653 2.296149 -3.896664
v -0.978410 2.296149 -2.665161
v -1.447653 2.296149 -2.665161
v -1.447653 2.296149 -3.070057
v -0.299234 2.251467 -3.500541
v -0.552240 2.251467 -3.753547
v -0.333130 2.251467 -3.627045
v -0.425737 2.251467 -3.719651
v -0.552240 2.251467 -2.832091
v -0.299234 2.251467 -3.085097
v -0.425737 2.251467 -2.865987
v -0.333130 2.251467 -2.958594
v -0.888999 2.251467 -3.753547
v -0.972379 2.251467 -3.670168
v -0.947958 2.251467 -3.729126
v -0.972379 2.251467 -2.915470
v -0.888999 2.251467 -2.832091
v -0.947958 2.251467 -2.856512
v -0.555446 2.378054 -3.729194
v -0.552240 2.353700 -3.753547
v -0.553179 2.370921 -3.746415
v -0.323587 2.378054 -3.497335
v -0.299234 2.353700 -3.500541
v -0.306367 2.370921 -3.499602
v -0.438343 2.378054 -3.697817
v -0.425737 2.353700 -3.719651
v -0.429429 2.370921 -3.713256
v -0.354965 2.378054 -3.614438
v -0.333130 2.353700 -3.627045
v -0.339525 2.370921 -3.623352
v -0.323587 2.378054 -3.088303
v -0.299234 2.353700 -3.085097
v -0.306367 2.370921 -3.086036
v -0.555446 2.378054 -2.856445
v -0.552240 2.353700 -2.832091
v -0.553179 2.370921 -2.839224
v -0.354965 2.378054 -2.971200
v -0.333130 2.353700 -2.958594
v -0.339525 2.370921 -2.962286
v -0.438343 2.378054 -2.887822
v -0.425737 2.353700 -2.865987
v -0.429429 2.370921 -2.872382
v -0.948025 2.378054 -3.665323
v -0.972379 2.353700 -3.670168
v -0.965246 2.370921 -3.668749
v -0.884155 2.378054 -3.729194
v -0.888999 2.353700 -3.753547
v -0.887580 2.370921 -3.746415
v -0.929318 2.378054 -3.710487
v -0.947958 2.353700 -3.729126
v -0.942498 2.370921 -3.723667
v -0.884155 2.378054 -2.856445
v -0.888999 2.353700 -2.832091
v -0.887580 2.370921 -2.839224
v -0.948025 2.378054 -2.920315
v -0.972379 2.353700 -2.915470
v -0.965246 2.370921 -2.916889
v -0.929318 2.378054 -2.875151
v -0.947958 2.353700 -2.856512
v -0.942498 2.370921 -2.861972
v -1.110304 2.433590 -3.519340
v -0.939076 2.433590 -3.519340
v -1.110304 2.433590 -3.625085
v -0.939077 2.433590 -3.625085
v -1.024690 2.461213 -3.519340
v -1.024690 2.461213 -3.625085
v -1.086519 2.274787 -3.539162
v -1.110304 2.298572 -3.519340
v -0.962861 2.274787 -3.539162
v -0.939076 2.298572 -3.519340
v -1.086519 2.274787 -3.605263
v -1.110304 2.298572 -3.625085
v -0.962861 2.274787 -3.605263
v -0.939077 2.298572 -3.625085
v -1.024690 2.298572 -3.519340
v -1.024690 2.274787 -3.539162
v -1.024690 2.298572 -3.625085
v -1.024690 2.274787 -3.605263
v -1.110304 2.433590 -2.953238
v -0.939076 2.433590 -2.953238
v -1.110304 2.433590 -3.058984
v -0.939076 2.433590 -3.058984
v -1.024690 2.461213 -2.953238
v -1.024690 2.461213 -3.058984
v -1.086519 2.274787 -2.973061
v -1.110304 2.298572 -2.953238
v -0.962861 2.274787 -2.973061
v -0.939076 2.298572 -2.953238
v -1.086519 2.274787 -3.039162
v -1.110304 2.298572 -3.058984
v -0.962861 2.274787 -3.039162
v -0.939076 2.298572 -3.058984
v -1.024690 2.298572 -2.953238
v -1.024690 2.274787 -2.973061
v -1.024690 2.298572 -3.058984
v -1.024690 2.274787 -3.039162
v -1.360910 1.721047 4.218528
v -1.360910 1.482585 4.218528
v -0.972810 1.721047 4.218528
v -0.972810 1.482585 4.218528
v -1.312397 1.721047 4.218528
v -1.263885 1.721047 4.218528
v -1.215372 1.721047 4.218528
v -1.166860 1.721047 4.218528
v -1.118347 1.721047 4.218528
v -1.069835 1.721047 4.218528
v -1.021322 1.721047 4.218528
v -1.312397 1.482585 4.218528
v -1.263885 1.482585 4.218528
v -1.215372 1.482585 4.218528
v -1.166860 1.482585 4.218528
v -1.118347 1.482585 4.218528
v -1.069835 1.482585 4.218528
v -1.021322 1.482585 4.218528
v -1.360910 1.721047 4.239916
v -1.360910 1.482585 4.239916
v -1.021322 1.721047 4.261229
v -0.972810 1.721047 4.239916
v -1.021322 1.482585 4.261229
v -0.972810 1.482585 4.239916
v -1.312397 1.721047 4.261229
v -1.263885 1.721047 4.239916
v -1.215372 1.721047 4.261229
v -1.166860 1.721047 4.239916
v -1.118347 1.721047 4.261229
v -1.069835 1.721047 4.239916
v -1.312397 1.482585 4.261229
v -1.263885 1.482585 4.239916
v -1.215372 1.482585 4.261229
v -1.166860 1.482585 4.239916
v -1.118347 1.482585 4.261229
v -1.069835 1.482585 4.239916
v -1.360910 1.697101 4.218528
v -0.972810 1.697101 4.218528
v -1.312397 1.697101 4.218528
v -1.263885 1.697101 4.218528
v -1.215372 1.697101 4.218528
v -1.166860 1.697101 4.218528
v -1.118347 1.697101 4.218528
v -1.069835 1.697101 4.218528
v -1.021322 1.697101 4.218528
v -1.360910 1.697101 4.239916
v -0.972810 1.697101 4.239916
v -1.312397 1.697101 4.261229
v -1.263885 1.697101 4.239916
v -1.215372 1.697101 4.261229
v -1.166860 1.697101 4.239916
v -1.118347 1.697101 4.261229
v -1.069835 1.697101 4.239916
v -1.021322 1.697101 4.261229
v -1.360910 1.506826 4.218528
v -0.972810 1.506826 4.218528
v -1.312397 1.506826 4.218528
v -1.263885 1.506826 4.218528
v -1.215372 1.506826 4.218528
v -1.166860 1.506826 4.218528
v -1.118347 1.506826 4.218528
v -1.069835 1.506826 4.218528
v -1.021322 1.506826 4.218528
v -1.360910 1.506826 4.239916
v -0.972810 1.506826 4.239916
v -1.312397 1.506826 4.261229
v -1.263885 1.506826 4.239916
v -1.215372 1.506826 4.261229
v -1.166860 1.506826 4.239916
v -1.118347 1.506826 4.261229
v -1.069835 1.506826 4.239916
v -1.021322 1.506826 4.261229
v 1.767521 0.702648 1.891877
v 1.767521 0.981413 1.947327
v 1.767521 1.217739 2.105234
v 1.767521 1.375646 2.341560
v 1.767521 1.431096 2.620325
v 1.767521 1.375646 2.899090
v 1.767521 1.217739 3.135416
v 1.767521 0.981413 3.293324
v 1.767521 0.702648 3.348773
v 1.767521 0.423883 3.293324
v 1.767521 0.187557 3.135416
v 1.767521 0.029650 2.899090
v 1.767521 -0.025800 2.620325
v 1.767521 0.029650 2.341560
v 1.767521 0.187557 2.105235
v 1.767521 0.423883 1.947327
v 1.718343 0.702648 2.217043
v 1.718343 0.856977 2.247741
v 1.718343 0.987811 2.335162
v 1.718343 1.075232 2.465996
v 1.718343 1.105930 2.620325
v 1.718343 1.075232 2.774655
v 1.718343 0.987811 2.905489
v 1.718343 0.856977 2.992909
v 1.718343 0.702648 3.023607
v 1.718343 0.548319 2.992909
v 1.718343 0.417485 2.905489
v 1.718343 0.330064 2.774655
v 1.718343 0.299366 2.620325
v 1.718343 0.330064 2.465996
v 1.718343 0.417485 2.335162
v 1.718343 0.548319 2.247741
v 1.776437 0.702648 1.963517
v 1.776437 0.953997 2.013514
v 1.776437 1.167082 2.155892
v 1.776437 1.309459 2.368976
v 1.776437 1.359456 2.620325
v 1.776437 1.309459 2.871675
v 1.776437 1.167082 3.084759
v 1.776437 0.953998 3.227137
v 1.776437 0.702648 3.277133
v 1.776437 0.451298 3.227137
v 1.776437 0.238214 3.084759
v 1.776437 0.095836 2.871675
v 1.776437 0.045840 2.620325
v 1.776437 0.095836 2.368976
v 1.776437 0.238214 2.155892
v 1.776437 0.451298 2.013514
v 1.798754 0.702648 2.102047
v 1.798754 0.900984 2.141499
v 1.798754 1.069126 2.253847
v 1.798754 1.181474 2.421989
v 1.798754 1.220926 2.620325
v 1.798754 1.181474 2.818662
v 1.798754 1.069126 2.986803
v 1.798754 0.900984 3.099152
v 1.798754 0.702648 3.138603
v 1.798754 0.504312 3.099152
v 1.798754 0.336170 2.986803
v 1.798754 0.223822 2.818662
v 1.798754 0.184370 2.620325
v 1.798754 0.223822 2.421989
v 1.798754 0.336170 2.253847
v 1.798754 0.504312 2.141499
v 1.287471 0.702648 1.892068
v 1.287471 0.981340 1.947503
v 1.287471 1.217604 2.105369
v 1.287471 1.375470 2.341633
v 1.287471 1.430905 2.620325
v 1.287471 1.375470 2.899017
v 1.287471 1.217604 3.135281
v 1.287471 0.981340 3.293147
v 1.287471 0.702648 3.348583
v 1.287471 0.423956 3.293147
v 1.287471 0.187692 3.135281
v 1.287471 0.029826 2.899017
v 1.287471 -0.025610 2.620325
v 1.287471 0.029826 2.341633
v 1.287471 0.187692 2.105369
v 1.287471 0.423956 1.947503
v 1.271289 0.702648 1.965199
v 1.271289 0.953354 2.015067
v 1.271289 1.165892 2.157081
v 1.271289 1.307906 2.369619
v 1.271289 1.357774 2.620325
v 1.271289 1.307906 2.871031
v 1.271289 1.165892 3.083570
v 1.271289 0.953354 3.225583
v 1.271289 0.702648 3.275452
v 1.271289 0.451942 3.225583
v 1.271289 0.239403 3.083570
v 1.271289 0.097390 2.871031
v 1.271289 0.047521 2.620325
v 1.271289 0.097390 2.369619
v 1.271289 0.239403 2.157081
v 1.271289 0.451942 2.015067
v 1.296225 0.702648 2.156429
v 1.296225 0.880173 2.191741
v 1.296225 1.030672 2.292301
v 1.296225 1.131232 2.442800
v 1.296225 1.166544 2.620325
v 1.296225 1.131232 2.797851
v 1.296225 1.030672 2.948349
v 1.296225 0.880173 3.048909
v 1.296225 0.702648 3.084221
v 1.296225 0.525123 3.048909
v 1.296225 0.374624 2.948349
v 1.296225 0.274064 2.797851
v 1.296225 0.238752 2.620325
v 1.296225 0.274064 2.442800
v 1.296225 0.374624 2.292301
v 1.296225 0.525123 2.191741
v 1.256403 0.702648 2.020874
v 1.256403 0.932048 2.066504
v 1.256403 1.126524 2.196449
v 1.256403 1.256469 2.390925
v 1.256403 1.302099 2.620325
v 1.256403 1.256469 2.849725
v 1.256403 1.126524 3.044201
v 1.256403 0.932048 3.174146
v 1.256403 0.702648 3.219777
v 1.256403 0.473248 3.174146
v 1.256403 0.278772 3.044201
v 1.256403 0.148827 2.849725
v 1.256403 0.103196 2.620325
v 1.256403 0.148827 2.390925
v 1.256403 0.278772 2.196449
v 1.256403 0.473248 2.066504
v 1.264210 0.702648 2.103603
v 1.264210 0.900389 2.142937
v 1.264210 1.068025 2.254948
v 1.264210 1.180037 2.422584
v 1.264210 1.219370 2.620325
v 1.264210 1.180037 2.818066
v 1.264210 1.068025 2.985703
v 1.264210 0.900389 3.097714
v 1.264210 0.702648 3.137047
v 1.264210 0.504907 3.097714
v 1.264210 0.337270 2.985703
v 1.264210 0.225259 2.818066
v 1.264210 0.185926 2.620325
v 1.264210 0.225259 2.422584
v 1.264210 0.337270 2.254948
v 1.264210 0.504907 2.142937
v 0.868072 0.776068 2.443074
v 0.868072 0.702648 2.428470
v 0.868072 0.838310 2.484663
v 0.868072 0.879899 2.546905
v 0.868072 0.894503 2.620325
v 0.868072 0.879899 2.693745
v 0.868072 0.838310 2.755987
v 0.868072 0.776068 2.797576
v 0.868072 0.702648 2.812181
v 0.868072 0.629228 2.797576
v 0.868072 0.566986 2.755987
v 0.868072 0.525397 2.693745
v 0.868072 0.510793 2.620325
v 0.868072 0.525397 2.546905
v 0.868072 0.566986 2.484663
v 0.868072 0.629228 2.443074
v 0.588691 0.776660 2.441644
v 0.588691 0.702648 2.426922
v 0.588691 0.839405 2.483568
v 0.588691 0.881329 2.546313
v 0.588691 0.896051 2.620325
v 0.588691 0.881329 2.694337
v 0.588691 0.839405 2.757082
v 0.588691 0.776660 2.799006
v 0.588691 0.702648 2.813728
v 0.588691 0.628636 2.799006
v 0.588691 0.565891 2.757082
v 0.588691 0.523967 2.694337
v 0.588691 0.509245 2.620325
v 0.588691 0.523967 2.546313
v 0.588691 0.565891 2.483568
v 0.588691 0.628636 2.441644
v 1.531834 -0.024583 2.620325
v 1.531834 0.030774 2.342026
v 1.531834 1.374522 2.898625
v 1.531834 1.216878 3.134555
v 1.531834 0.188418 2.106095
v 1.531834 0.980947 3.292199
v 1.531834 0.424349 1.948451
v 1.531834 0.702648 3.347556
v 1.531834 0.702648 1.893094
v 1.531834 0.980947 1.948451
v 1.531834 0.424349 3.292199
v 1.531834 1.216878 2.106095
v 1.531834 0.188418 3.134555
v 1.531834 1.374522 2.342026
v 1.531834 0.030774 2.898625
v 1.531834 1.429879 2.620325
v 1.798754 0.702648 3.080838
v 1.798754 0.526417 3.045784
v 1.798754 0.377016 2.945957
v 1.798754 0.277189 2.796556
v 1.798754 0.242135 2.620325
v 1.798754 0.277189 2.444094
v 1.798754 0.377016 2.294693
v 1.798754 0.878879 2.194866
v 1.798754 0.702648 2.159812
v 1.798754 0.526417 2.194866
v 1.798754 1.028280 2.294693
v 1.798754 1.128107 2.444094
v 1.798754 1.163161 2.620325
v 1.798754 1.128107 2.796556
v 1.798754 1.028280 2.945957
v 1.798754 0.878879 3.045784
v 1.770109 0.702648 2.170528
v 1.770109 0.702648 3.070122
v 1.770109 0.530518 3.035883
v 1.770109 0.384594 2.938380
v 1.770109 0.287090 2.792455
v 1.770109 0.252851 2.620325
v 1.770109 0.287090 2.448195
v 1.770109 0.384593 2.302271
v 1.770109 0.874778 2.204767
v 1.770109 0.530518 2.204767
v 1.770109 1.020702 2.302271
v 1.770109 1.118206 2.448195
v 1.770109 1.152445 2.620325
v 1.770109 1.118206 2.792455
v 1.770109 1.020702 2.938380
v 1.770109 0.874778 3.035883
v 1.650660 0.903654 2.620346
v 1.650660 0.844781 2.762479
v 1.650660 0.702648 2.821352
v 1.650660 0.560515 2.762479
v 1.650660 0.501642 2.620346
v 1.650660 0.560515 2.478213
v 1.650660 0.702648 2.419339
v 1.650660 0.844781 2.478213
v 1.788101 0.846762 2.620346
v 1.788101 0.804552 2.722250
v 1.788101 0.702648 2.764460
v 1.788101 0.600744 2.722250
v 1.788101 0.558533 2.620346
v 1.788101 0.600744 2.518441
v 1.788101 0.702648 2.476231
v 1.788101 0.804552 2.518441
v 1.650660 0.375739 2.401676
v 1.650660 0.316866 2.543809
v 1.788100 0.375739 2.401676
v 1.788100 0.316866 2.543809
v 1.650660 0.626111 2.234564
v 1.650660 0.483978 2.293437
v 1.788100 0.626111 2.234564
v 1.788100 0.483978 2.293437
v 1.650660 0.921317 2.293437
v 1.650660 0.779185 2.234564
v 1.788101 0.921317 2.293437
v 1.788101 0.779185 2.234564
v 1.650660 1.088430 2.543809
v 1.650660 1.029557 2.401676
v 1.788101 1.088430 2.543809
v 1.788101 1.029557 2.401676
v 1.650660 1.029557 2.839015
v 1.650660 1.088430 2.696882
v 1.788101 1.029557 2.839015
v 1.788101 1.088430 2.696882
v 1.650660 0.779185 3.006128
v 1.650660 0.921317 2.947254
v 1.788101 0.779185 3.006128
v 1.788101 0.921317 2.947254
v 1.650660 0.483978 2.947254
v 1.650660 0.626111 3.006128
v 1.788101 0.483978 2.947254
v 1.788101 0.626111 3.006128
v 1.650660 0.316866 2.696882
v 1.650660 0.375739 2.839015
v 1.788101 0.316866 2.696882
v 1.788101 0.375739 2.839015
v 1.788101 0.844781 2.762479
v 1.788101 0.903654 2.620346
v 1.788101 0.702648 2.821352
v 1.788101 0.560515 2.762479
v 1.788101 0.501642 2.620346
v 1.788101 0.560515 2.478213
v 1.788101 0.702648 2.419339
v 1.788101 0.844781 2.478213
v 1.723810 0.702648 2.764460
v 1.723810 0.600744 2.518441
v 1.723810 0.804552 2.722250
v 1.723810 0.702648 2.476231
v 1.723810 0.846762 2.620346
v 1.723810 0.600744 2.722250
v 1.723810 0.558533 2.620346
v 1.723810 0.804552 2.518441
v 1.697513 0.780807 2.637673
v 1.697513 0.745662 2.687864
v 1.697513 0.685321 2.698504
v 1.697513 0.635129 2.663360
v 1.697513 0.624489 2.603018
v 1.697513 0.659634 2.552827
v 1.697513 0.719975 2.542187
v 1.697513 0.770167 2.577331
v 1.752252 0.758685 2.632769
v 1.752252 0.733488 2.668754
v 1.752252 0.690225 2.676383
v 1.752252 0.654239 2.651185
v 1.752252 0.646611 2.607922
v 1.752252 0.671808 2.571937
v 1.752252 0.715071 2.564308
v 1.752252 0.751057 2.589506
v 1.697513 0.594384 2.507138
v 1.697513 0.559239 2.557329
v 1.752252 0.594384 2.507138
v 1.752252 0.559239 2.557329
v 1.697513 0.706143 2.463741
v 1.697513 0.645802 2.474381
v 1.752252 0.706143 2.463741
v 1.752252 0.645802 2.474381
v 1.697513 0.815856 2.512081
v 1.697513 0.765664 2.476937
v 1.752252 0.815856 2.512081
v 1.752252 0.765664 2.476937
v 1.697513 0.859252 2.623841
v 1.697513 0.848612 2.563499
v 1.752252 0.859252 2.623841
v 1.752252 0.848612 2.563499
v 1.697513 0.810912 2.733553
v 1.697513 0.846057 2.683362
v 1.752252 0.810912 2.733553
v 1.752252 0.846057 2.683362
v 1.697513 0.699153 2.776950
v 1.697513 0.759494 2.766310
v 1.752252 0.699153 2.776950
v 1.752252 0.759494 2.766310
v 1.697513 0.589441 2.728610
v 1.697513 0.639632 2.763754
v 1.752252 0.589441 2.728610
v 1.752252 0.639632 2.763754
v 1.697513 0.546044 2.616850
v 1.697513 0.556684 2.677192
v 1.752252 0.546044 2.616850
v 1.752252 0.556684 2.677192
v 1.752252 0.745662 2.687864
v 1.752252 0.780807 2.637673
v 1.752252 0.685321 2.698504
v 1.752252 0.635129 2.663360
v 1.752252 0.624489 2.603018
v 1.752252 0.659634 2.552827
v 1.752252 0.719975 2.542187
v 1.752252 0.770167 2.577331
v 1.726647 0.690225 2.676383
v 1.726647 0.671808 2.571937
v 1.726647 0.733488 2.668754
v 1.726647 0.715071 2.564308
v 1.726647 0.758685 2.632769
v 1.726647 0.654239 2.651185
v 1.726647 0.646611 2.607922
v 1.726647 0.751057 2.589506
v 1.767521 0.702648 0.168173
v 1.767521 0.981413 0.223623
v 1.767521 1.217739 0.381531
v 1.767521 1.375646 0.617856
v 1.767521 1.431096 0.896622
v 1.767521 1.375646 1.175387
v 1.767521 1.217739 1.411712
v 1.767521 0.981413 1.569620
v 1.767521 0.702648 1.625070
v 1.767521 0.423883 1.569620
v 1.767521 0.187557 1.411712
v 1.767521 0.029650 1.175387
v 1.767521 -0.025800 0.896622
v 1.767521 0.029650 0.617856
v 1.767521 0.187557 0.381531
v 1.767521 0.423883 0.223623
v 1.718343 0.702648 0.493340
v 1.718343 0.856977 0.524038
v 1.718343 0.987811 0.611458
v 1.718343 1.075232 0.742292
v 1.718343 1.105930 0.896622
v 1.718343 1.075232 1.050951
v 1.718343 0.987811 1.181785
v 1.718343 0.856977 1.269206
v 1.718343 0.702648 1.299904
v 1.718343 0.548319 1.269206
v 1.718343 0.417485 1.181785
v 1.718343 0.330064 1.050951
v 1.718343 0.299366 0.896622
v 1.718343 0.330064 0.742292
v 1.718343 0.417485 0.611458
v 1.718343 0.548319 0.524038
v 1.776437 0.702648 0.239813
v 1.776437 0.953997 0.289810
v 1.776437 1.167082 0.432188
v 1.776437 1.309459 0.645272
v 1.776437 1.359456 0.896622
v 1.776437 1.309459 1.147971
v 1.776437 1.167082 1.361055
v 1.776437 0.953998 1.503433
v 1.776437 0.702648 1.553430
v 1.776437 0.451298 1.503433
v 1.776437 0.238214 1.361055
v 1.776437 0.095836 1.147971
v 1.776437 0.045840 0.896622
v 1.776437 0.095836 0.645272
v 1.776437 0.238214 0.432188
v 1.776437 0.451298 0.289810
v 1.798754 0.702648 0.378344
v 1.798754 0.900984 0.417795
v 1.798754 1.069126 0.530144
v 1.798754 1.181474 0.698285
v 1.798754 1.220926 0.896622
v 1.798754 1.181474 1.094958
v 1.798754 1.069126 1.263099
v 1.798754 0.900984 1.375448
v 1.798754 0.702648 1.414900
v 1.798754 0.504312 1.375448
v 1.798754 0.336170 1.263099
v 1.798754 0.223822 1.094958
v 1.798754 0.184370 0.896622
v 1.798754 0.223822 0.698285
v 1.798754 0.336170 0.530144
v 1.798754 0.504312 0.417795
v 1.287471 0.702648 0.168364
v 1.287471 0.981340 0.223799
v 1.287471 1.217604 0.381666
v 1.287471 1.375470 0.617929
v 1.287471 1.430905 0.896622
v 1.287471 1.375470 1.175314
v 1.287471 1.217604 1.411577
v 1.287471 0.981340 1.569444
v 1.287471 0.702648 1.624879
v 1.287471 0.423956 1.569444
v 1.287471 0.187692 1.411577
v 1.287471 0.029826 1.175314
v 1.287471 -0.025610 0.896622
v 1.287471 0.029826 0.617929
v 1.287471 0.187692 0.381666
v 1.287471 0.423956 0.223799
v 1.271289 0.702648 0.241495
v 1.271289 0.953354 0.291363
v 1.271289 1.165892 0.433377
v 1.271289 1.307906 0.645915
v 1.271289 1.357774 0.896622
v 1.271289 1.307906 1.147328
v 1.271289 1.165892 1.359866
v 1.271289 0.953354 1.501880
v 1.271289 0.702648 1.551748
v 1.271289 0.451942 1.501880
v 1.271289 0.239403 1.359866
v 1.271289 0.097390 1.147328
v 1.271289 0.047521 0.896621
v 1.271289 0.097390 0.645915
v 1.271289 0.239403 0.433377
v 1.271289 0.451942 0.291363
v 1.296225 0.702648 0.432725
v 1.296225 0.880173 0.468037
v 1.296225 1.030672 0.568597
v 1.296225 1.131232 0.719096
v 1.296225 1.166544 0.896622
v 1.296225 1.131232 1.074147
v 1.296225 1.030672 1.224645
v 1.296225 0.880173 1.325206
v 1.296225 0.702648 1.360518
v 1.296225 0.525123 1.325206
v 1.296225 0.374624 1.224645
v 1.296225 0.274064 1.074147
v 1.296225 0.238752 0.896622
v 1.296225 0.274064 0.719096
v 1.296225 0.374624 0.568598
v 1.296225 0.525123 0.468037
v 1.256403 0.702648 0.297170
v 1.256403 0.932048 0.342800
v 1.256403 1.126524 0.472745
v 1.256403 1.256469 0.667221
v 1.256403 1.302099 0.896622
v 1.256403 1.256469 1.126022
v 1.256403 1.126524 1.320498
v 1.256403 0.932048 1.450443
v 1.256403 0.702648 1.496073
v 1.256403 0.473248 1.450443
v 1.256403 0.278772 1.320498
v 1.256403 0.148827 1.126022
v 1.256403 0.103196 0.896621
v 1.256403 0.148827 0.667221
v 1.256403 0.278772 0.472745
v 1.256403 0.473248 0.342800
v 1.264210 0.702648 0.379900
v 1.264210 0.900389 0.419233
v 1.264210 1.068025 0.531244
v 1.264210 1.180037 0.698881
v 1.264210 1.219370 0.896622
v 1.264210 1.180037 1.094362
v 1.264210 1.068025 1.261999
v 1.264210 0.900389 1.374010
v 1.264210 0.702648 1.413343
v 1.264210 0.504907 1.374010
v 1.264210 0.337270 1.261999
v 1.264210 0.225259 1.094362
v 1.264210 0.185926 0.896622
v 1.264210 0.225259 0.698881
v 1.264210 0.337270 0.531244
v 1.264210 0.504907 0.419233
v 0.868072 0.776068 0.719370
v 0.868072 0.702648 0.704766
v 0.868072 0.838310 0.760959
v 0.868072 0.879899 0.823202
v 0.868072 0.894503 0.896621
v 0.868072 0.879899 0.970041
v 0.868072 0.838310 1.032284
v 0.868072 0.776068 1.073873
v 0.868072 0.702648 1.088477
v 0.868072 0.629228 1.073873
v 0.868072 0.566986 1.032284
v 0.868072 0.525397 0.970041
v 0.868072 0.510793 0.896621
v 0.868072 0.525397 0.823202
v 0.868072 0.566986 0.760959
v 0.868072 0.629228 0.719370
v 0.588691 0.776660 0.717940
v 0.588691 0.702648 0.703218
v 0.588691 0.839405 0.759865
v 0.588691 0.881329 0.822609
v 0.588691 0.896051 0.896621
v 0.588691 0.881329 0.970634
v 0.588691 0.839405 1.033378
v 0.588691 0.776660 1.075303
v 0.588691 0.702648 1.090025
v 0.588691 0.628636 1.075303
v 0.588691 0.565891 1.033378
v 0.588691 0.523967 0.970634
v 0.588691 0.509245 0.896621
v 0.588691 0.523967 0.822609
v 0.588691 0.565891 0.759865
v 0.588691 0.628636 0.717940
v 1.531834 -0.024583 0.896622
v 1.531834 0.030774 0.618322
v 1.531834 1.374522 1.174921
v 1.531834 1.216878 1.410852
v 1.531834 0.188418 0.382391
v 1.531834 0.980947 1.568496
v 1.531834 0.424349 0.224748
v 1.531834 0.702648 1.623853
v 1.531834 0.702648 0.169390
v 1.531834 0.980947 0.224748
v 1.531834 0.424349 1.568496
v 1.531834 1.216878 0.382391
v 1.531834 0.188418 1.410852
v 1.531834 1.374522 0.618322
v 1.531834 0.030774 1.174921
v 1.531834 1.429879 0.896622
v 1.798754 0.702648 1.357135
v 1.798754 0.526417 1.322080
v 1.798754 0.377016 1.222254
v 1.798754 0.277189 1.072852
v 1.798754 0.242135 0.896622
v 1.798754 0.277189 0.720391
v 1.798754 0.377016 0.570990
v 1.798754 0.878879 0.471163
v 1.798754 0.702648 0.436108
v 1.798754 0.526417 0.471163
v 1.798754 1.028280 0.570989
v 1.798754 1.128107 0.720391
v 1.798754 1.163161 0.896622
v 1.798754 1.128107 1.072852
v 1.798754 1.028280 1.222254
v 1.798754 0.878879 1.322080
v 1.770109 0.702648 0.446825
v 1.770109 0.702648 1.346418
v 1.770109 0.530518 1.312180
v 1.770109 0.384594 1.214676
v 1.770109 0.287090 1.068751
v 1.770109 0.252851 0.896622
v 1.770109 0.287090 0.724492
v 1.770109 0.384593 0.578567
v 1.770109 0.874778 0.481063
v 1.770109 0.530518 0.481063
v 1.770109 1.020702 0.578567
v 1.770109 1.118206 0.724492
v 1.770109 1.152445 0.896622
v 1.770109 1.118206 1.068751
v 1.770109 1.020702 1.214676
v 1.770109 0.874778 1.312180
v 1.650660 0.903654 0.896642
v 1.650660 0.844781 1.038775
v 1.650660 0.702648 1.097648
v 1.650660 0.560515 1.038775
v 1.650660 0.501642 0.896642
v 1.650660 0.560515 0.754509
v 1.650660 0.702648 0.695636
v 1.650660 0.844781 0.754509
v 1.788101 0.846762 0.896642
v 1.788101 0.804552 0.998546
v 1.788101 0.702648 1.040756
v 1.788101 0.600744 0.998546
v 1.788101 0.558533 0.896642
v 1.788101 0.600744 0.794738
v 1.788101 0.702648 0.752528
v 1.788101 0.804552 0.794738
v 1.650660 0.375739 0.677972
v 1.650660 0.316866 0.820105
v 1.788100 0.375739 0.677972
v 1.788100 0.316866 0.820105
v 1.650660 0.626111 0.510860
v 1.650660 0.483978 0.569733
v 1.788100 0.626111 0.510860
v 1.788100 0.483978 0.569733
v 1.650660 0.921317 0.569733
v 1.650660 0.779185 0.510860
v 1.788101 0.921317 0.569733
v 1.788101 0.779185 0.510860
v 1.650660 1.088430 0.820105
v 1.650660 1.029557 0.677972
v 1.788101 1.088430 0.820105
v 1.788101 1.029557 0.677972
v 1.650660 1.029557 1.115312
v 1.650660 1.088430 0.973179
v 1.788101 1.029557 1.115312
v 1.788101 1.088430 0.973179
v 1.650660 0.779185 1.282424
v 1.650660 0.921317 1.223551
v 1.788101 0.779185 1.282424
v 1.788101 0.921317 1.223551
v 1.650660 0.483978 1.223551
v 1.650660 0.626111 1.282424
v 1.788101 0.483978 1.223551
v 1.788101 0.626111 1.282424
v 1.650660 0.316866 0.973179
v 1.650660 0.375739 1.115312
v 1.788101 0.316866 0.973179
v 1.788101 0.375739 1.115312
v 1.788101 0.844781 1.038775
v 1.788101 0.903654 0.896642
v 1.788101 0.702648 1.097648
v 1.788101 0.560515 1.038775
v 1.788101 0.501642 0.896642
v 1.788101 0.560515 0.754509
v 1.788101 0.702648 0.695636
v 1.788101 0.844781 0.754509
v 1.723810 0.702648 1.040756
v 1.723810 0.600744 0.794738
v 1.723810 0.804552 0.998546
v 1.723810 0.702648 0.752528
v 1.723810 0.846762 0.896642
v 1.723810 0.600744 0.998546
v 1.723810 0.558533 0.896642
v 1.723810 0.804552 0.794738
v 1.697513 0.780807 0.913969
v 1.697513 0.745662 0.964161
v 1.697513 0.685321 0.974801
v 1.697513 0.635129 0.939656
v 1.697513 0.624489 0.879314
v 1.697513 0.659634 0.829123
v 1.697513 0.719975 0.818483
v 1.697513 0.770167 0.853628
v 1.752252 0.758685 0.909065
v 1.752252 0.733488 0.945051
v 1.752252 0.690225 0.952679
v 1.752252 0.654239 0.927482
v 1.752252 0.646611 0.884219
v 1.752252 0.671808 0.848233
v 1.752252 0.715071 0.840605
v 1.752252 0.751057 0.865802
v 1.697513 0.594384 0.783434
v 1.697513 0.559239 0.833626
v 1.752252 0.594384 0.783434
v 1.752252 0.559239 0.833626
v 1.697513 0.706143 0.740038
v 1.697513 0.645802 0.750677
v 1.752252 0.706143 0.740038
v 1.752252 0.645802 0.750677
v 1.697513 0.815856 0.788377
v 1.697513 0.765664 0.753233
v 1.752252 0.815856 0.788377
v 1.752252 0.765664 0.753233
v 1.697513 0.859252 0.900137
v 1.697513 0.848612 0.839796
v 1.752252 0.859252 0.900137
v 1.752252 0.848612 0.839795
v 1.697513 0.810912 1.009849
v 1.697513 0.846057 0.959658
v 1.752252 0.810912 1.009849
v 1.752252 0.846057 0.959658
v 1.697513 0.699153 1.053246
v 1.697513 0.759494 1.042606
v 1.752252 0.699153 1.053246
v 1.752252 0.759494 1.042606
v 1.697513 0.589441 1.004906
v 1.697513 0.639632 1.040051
v 1.752252 0.589441 1.004906
v 1.752252 0.639632 1.040051
v 1.697513 0.546044 0.893147
v 1.697513 0.556684 0.953488
v 1.752252 0.546044 0.893147
v 1.752252 0.556684 0.953488
v 1.752252 0.745662 0.964161
v 1.752252 0.780807 0.913969
v 1.752252 0.685321 0.974801
v 1.752252 0.635129 0.939656
v 1.752252 0.624489 0.879314
v 1.752252 0.659634 0.829123
v 1.752252 0.719975 0.818483
v 1.752252 0.770167 0.853628
v 1.726647 0.690225 0.952679
v 1.726647 0.671808 0.848233
v 1.726647 0.733488 0.945051
v 1.726647 0.715071 0.840605
v 1.726647 0.758685 0.909065
v 1.726647 0.654239 0.927482
v 1.726647 0.646611 0.884219
v 1.726647 0.751057 0.865802
v 1.767521 0.702648 -1.837727
v 1.767521 0.981413 -1.782277
v 1.767521 1.217739 -1.624369
v 1.767521 1.375646 -1.388044
v 1.767521 1.431096 -1.109279
v 1.767521 1.375646 -0.830514
v 1.767521 1.217739 -0.594188
v 1.767521 0.981413 -0.436280
v 1.767521 0.702648 -0.380830
v 1.767521 0.423883 -0.436280
v 1.767521 0.187557 -0.594188
v 1.767521 0.029650 -0.830513
v 1.767521 -0.025800 -1.109279
v 1.767521 0.029650 -1.388044
v 1.767521 0.187557 -1.624369
v 1.767521 0.423883 -1.782277
v 1.718343 0.702648 -1.512560
v 1.718343 0.856977 -1.481862
v 1.718343 0.987811 -1.394442
v 1.718343 1.075232 -1.263608
v 1.718343 1.105930 -1.109278
v 1.718343 1.075232 -0.954949
v 1.718343 0.987811 -0.824115
v 1.718343 0.856977 -0.736695
v 1.718343 0.702648 -0.705997
v 1.718343 0.548319 -0.736695
v 1.718343 0.417485 -0.824115
v 1.718343 0.330064 -0.954949
v 1.718343 0.299366 -1.109278
v 1.718343 0.330064 -1.263608
v 1.718343 0.417485 -1.394442
v 1.718343 0.548319 -1.481862
v 1.776437 0.702648 -1.766087
v 1.776437 0.953997 -1.716090
v 1.776437 1.167082 -1.573712
v 1.776437 1.309459 -1.360628
v 1.776437 1.359456 -1.109279
v 1.776437 1.309459 -0.857929
v 1.776437 1.167082 -0.644845
v 1.776437 0.953998 -0.502467
v 1.776437 0.702648 -0.452471
v 1.776437 0.451298 -0.502467
v 1.776437 0.238214 -0.644845
v 1.776437 0.095836 -0.857929
v 1.776437 0.045840 -1.109279
v 1.776437 0.095836 -1.360628
v 1.776437 0.238214 -1.573712
v 1.776437 0.451298 -1.716090
v 1.798754 0.702648 -1.627557
v 1.798754 0.900984 -1.588105
v 1.798754 1.069126 -1.475757
v 1.798754 1.181474 -1.307615
v 1.798754 1.220926 -1.109279
v 1.798754 1.181474 -0.910942
v 1.798754 1.069126 -0.742801
v 1.798754 0.900984 -0.630452
v 1.798754 0.702648 -0.591001
v 1.798754 0.504312 -0.630452
v 1.798754 0.336170 -0.742801
v 1.798754 0.223822 -0.910942
v 1.798754 0.184370 -1.109279
v 1.798754 0.223822 -1.307615
v 1.798754 0.336170 -1.475756
v 1.798754 0.504312 -1.588105
v 1.287471 0.702648 -1.837536
v 1.287471 0.981340 -1.782101
v 1.287471 1.217604 -1.624235
v 1.287471 1.375470 -1.387971
v 1.287471 1.430905 -1.109279
v 1.287471 1.375470 -0.830587
v 1.287471 1.217604 -0.594323
v 1.287471 0.981340 -0.436457
v 1.287471 0.702648 -0.381021
v 1.287471 0.423956 -0.436457
v 1.287471 0.187692 -0.594323
v 1.287471 0.029826 -0.830587
v 1.287471 -0.025610 -1.109279
v 1.287471 0.029826 -1.387971
v 1.287471 0.187692 -1.624234
v 1.287471 0.423956 -1.782101
v 1.271289 0.702648 -1.764405
v 1.271289 0.953354 -1.714537
v 1.271289 1.165892 -1.572523
v 1.271289 1.307906 -1.359985
v 1.271289 1.357774 -1.109279
v 1.271289 1.307906 -0.858573
v 1.271289 1.165892 -0.646034
v 1.271289 0.953354 -0.504021
v 1.271289 0.702648 -0.454152
v 1.271289 0.451942 -0.504021
v 1.271289 0.239403 -0.646034
v 1.271289 0.097390 -0.858572
v 1.271289 0.047521 -1.109279
v 1.271289 0.097390 -1.359985
v 1.271289 0.239403 -1.572523
v 1.271289 0.451942 -1.714537
v 1.296225 0.702648 -1.573175
v 1.296225 0.880173 -1.537863
v 1.296225 1.030672 -1.437303
v 1.296225 1.131232 -1.286804
v 1.296225 1.166544 -1.109279
v 1.296225 1.131232 -0.931753
v 1.296225 1.030672 -0.781255
v 1.296225 0.880173 -0.680695
v 1.296225 0.702648 -0.645383
v 1.296225 0.525123 -0.680695
v 1.296225 0.374624 -0.781255
v 1.296225 0.274064 -0.931753
v 1.296225 0.238752 -1.109279
v 1.296225 0.274064 -1.286804
v 1.296225 0.374624 -1.437303
v 1.296225 0.525123 -1.537863
v 1.256403 0.702648 -1.708730
v 1.256403 0.932048 -1.663100
v 1.256403 1.126524 -1.533155
v 1.256403 1.256469 -1.338679
v 1.256403 1.302099 -1.109279
v 1.256403 1.256469 -0.879878
v 1.256403 1.126524 -0.685402
v 1.256403 0.932048 -0.555458
v 1.256403 0.702648 -0.509827
v 1.256403 0.473248 -0.555458
v 1.256403 0.278772 -0.685402
v 1.256403 0.148827 -0.879878
v 1.256403 0.103196 -1.109279
v 1.256403 0.148827 -1.338679
v 1.256403 0.278772 -1.533155
v 1.256403 0.473248 -1.663100
v 1.264210 0.702648 -1.626000
v 1.264210 0.900389 -1.586667
v 1.264210 1.068025 -1.474656
v 1.264210 1.180037 -1.307019
v 1.264210 1.219370 -1.109279
v 1.264210 1.180037 -0.911538
v 1.264210 1.068025 -0.743901
v 1.264210 0.900389 -0.631890
v 1.264210 0.702648 -0.592557
v 1.264210 0.504907 -0.631890
v 1.264210 0.337270 -0.743901
v 1.264210 0.225259 -0.911538
v 1.264210 0.185926 -1.109279
v 1.264210 0.225259 -1.307020
v 1.264210 0.337270 -1.474656
v 1.264210 0.504907 -1.586667
v 0.868072 0.776068 -1.286530
v 0.868072 0.702648 -1.301134
v 0.868072 0.838310 -1.244941
v 0.868072 0.879899 -1.182699
v 0.868072 0.894503 -1.109279
v 0.868072 0.879899 -1.035859
v 0.868072 0.838310 -0.973617
v 0.868072 0.776068 -0.932028
v 0.868072 0.702648 -0.917423
v 0.868072 0.629228 -0.932028
v 0.868072 0.566986 -0.973617
v 0.868072 0.525397 -1.035859
v 0.868072 0.510793 -1.109279
v 0.868072 0.525397 -1.182699
v 0.868072 0.566986 -1.244941
v 0.868072 0.629228 -1.286530
v 0.588691 0.776660 -1.287960
v 0.588691 0.702648 -1.302682
v 0.588691 0.839405 -1.246035
v 0.588691 0.881329 -1.183291
v 0.588691 0.896051 -1.109279
v 0.588691 0.881329 -1.035267
v 0.588691 0.839405 -0.972522
v 0.588691 0.776660 -0.930598
v 0.588691 0.702648 -0.915876
v 0.588691 0.628636 -0.930598
v 0.588691 0.565891 -0.972522
v 0.588691 0.523967 -1.035267
v 0.588691 0.509245 -1.109279
v 0.588691 0.523967 -1.183291
v 0.588691 0.565891 -1.246035
v 0.588691 0.628636 -1.287960
v 1.531834 -0.024583 -1.109279
v 1.531834 0.030774 -1.387578
v 1.531834 1.374522 -0.830979
v 1.531834 1.216878 -0.595048
v 1.531834 0.188418 -1.623509
v 1.531834 0.980947 -0.437405
v 1.531834 0.424349 -1.781153
v 1.531834 0.702648 -0.382048
v 1.531834 0.702648 -1.836510
v 1.531834 0.980947 -1.781153
v 1.531834 0.424349 -0.437405
v 1.531834 1.216878 -1.623509
v 1.531834 0.188418 -0.595048
v 1.531834 1.374522 -1.387578
v 1.531834 0.030774 -0.830979
v 1.531834 1.429879 -1.109279
v 1.798754 0.702648 -0.648765
v 1.798754 0.526417 -0.683820
v 1.798754 0.377016 -0.783647
v 1.798754 0.277189 -0.933048
v 1.798754 0.242135 -1.109279
v 1.798754 0.277189 -1.285509
v 1.798754 0.377016 -1.434911
v 1.798754 0.878879 -1.534737
v 1.798754 0.702648 -1.569792
v 1.798754 0.526417 -1.534737
v 1.798754 1.028280 -1.434911
v 1.798754 1.128107 -1.285509
v 1.798754 1.163161 -1.109279
v 1.798754 1.128107 -0.933048
v 1.798754 1.028280 -0.783647
v 1.798754 0.878879 -0.683820
v 1.770109 0.702648 -1.559075
v 1.770109 0.702648 -0.659482
v 1.770109 0.530518 -0.693721
v 1.770109 0.384594 -0.791224
v 1.770109 0.287090 -0.937149
v 1.770109 0.252851 -1.109279
v 1.770109 0.287090 -1.281408
v 1.770109 0.384593 -1.427333
v 1.770109 0.874778 -1.524837
v 1.770109 0.530518 -1.524837
v 1.770109 1.020702 -1.427333
v 1.770109 1.118206 -1.281408
v 1.770109 1.152445 -1.109279
v 1.770109 1.118206 -0.937149
v 1.770109 1.020702 -0.791224
v 1.770109 0.874778 -0.693721
v 1.650660 0.903654 -1.109258
v 1.650660 0.844781 -0.967125
v 1.650660 0.702648 -0.908252
v 1.650660 0.560515 -0.967125
v 1.650660 0.501642 -1.109258
v 1.650660 0.560515 -1.251391
v 1.650660 0.702648 -1.310264
v 1.650660 0.844781 -1.251391
v 1.788101 0.846762 -1.109258
v 1.788101 0.804552 -1.007354
v 1.788101 0.702648 -0.965144
v 1.788101 0.600744 -1.007354
v 1.788101 0.558533 -1.109258
v 1.788101 0.600744 -1.211163
v 1.788101 0.702648 -1.253373
v 1.788101 0.804552 -1.211163
v 1.650660 0.375739 -1.327928
v 1.650660 0.316866 -1.185795
v 1.788100 0.375739 -1.327928
v 1.788100 0.316866 -1.185795
v 1.650660 0.626111 -1.495040
v 1.650660 0.483978 -1.436167
v 1.788100 0.626111 -1.495040
v 1.788100 0.483978 -1.436167
v 1.650660 0.921317 -1.436167
v 1.650660 0.779185 -1.495040
v 1.788101 0.921317 -1.436167
v 1.788101 0.779185 -1.495040
v 1.650660 1.088430 -1.185795
v 1.650660 1.029557 -1.327928
v 1.788101 1.088430 -1.185795
v 1.788101 1.029557 -1.327928
v 1.650660 1.029557 -0.890589
v 1.650660 1.088430 -1.032722
v 1.788101 1.029557 -0.890589
v 1.788101 1.088430 -1.032722
v 1.650660 0.779185 -0.723476
v 1.650660 0.921317 -0.782349
v 1.788101 0.779185 -0.723476
v 1.788101 0.921317 -0.782349
v 1.650660 0.483978 -0.782349
v 1.650660 0.626111 -0.723476
v 1.788101 0.483978 -0.782349
v 1.788101 0.626111 -0.723476
v 1.650660 0.316866 -1.032722
v 1.650660 0.375739 -0.890589
v 1.788101 0.316866 -1.032722
v 1.788101 0.375739 -0.890589
v 1.788101 0.844781 -0.967125
v 1.788101 0.903654 -1.109258
v 1.788101 0.702648 -0.908252
v 1.788101 0.560515 -0.967125
v 1.788101 0.501642 -1.109258
v 1.788101 0.560515 -1.251391
v 1.788101 0.702648 -1.310264
v 1.788101 0.844781 -1.251391
v 1.723810 0.702648 -0.965144
v 1.723810 0.600744 -1.211163
v 1.723810 0.804552 -1.007354
v 1.723810 0.702648 -1.253373
v 1.723810 0.846762 -1.109258
v 1.723810 0.600744 -1.007354
v 1.723810 0.558533 -1.109258
v 1.723810 0.804552 -1.211163
v 1.697513 0.780807 -1.091931
v 1.697513 0.745662 -1.041739
v 1.697513 0.685321 -1.031100
v 1.697513 0.635129 -1.066244
v 1.697513 0.624489 -1.126586
v 1.697513 0.659634 -1.176777
v 1.697513 0.719975 -1.187417
v 1.697513 0.770167 -1.152273
v 1.752252 0.758685 -1.096835
v 1.752252 0.733488 -1.060850
v 1.752252 0.690225 -1.053221
v 1.752252 0.654239 -1.078419
v 1.752252 0.646611 -1.121681
v 1.752252 0.671808 -1.157667
v 1.752252 0.715071 -1.165295
v 1.752252 0.751057 -1.140098
v 1.697513 0.594384 -1.222466
v 1.697513 0.559239 -1.172274
v 1.752252 0.594384 -1.222466
v 1.752252 0.559239 -1.172274
v 1.697513 0.706143 -1.265863
v 1.697513 0.645802 -1.255223
v 1.752252 0.706143 -1.265863
v 1.752252 0.645802 -1.255223
v 1.697513 0.815856 -1.217523
v 1.697513 0.765664 -1.252667
v 1.752252 0.815856 -1.217523
v 1.752252 0.765664 -1.252667
v 1.697513 0.859252 -1.105763
v 1.697513 0.848612 -1.166105
v 1.752252 0.859252 -1.105763
v 1.752252 0.848612 -1.166105
v 1.697513 0.810912 -0.996051
v 1.697513 0.846057 -1.046242
v 1.752252 0.810912 -0.996051
v 1.752252 0.846057 -1.046242
v 1.697513 0.699153 -0.952654
v 1.697513 0.759494 -0.963294
v 1.752252 0.699153 -0.952654
v 1.752252 0.759494 -0.963294
v 1.697513 0.589441 -1.000994
v 1.697513 0.639632 -0.965850
v 1.752252 0.589441 -1.000994
v 1.752252 0.639632 -0.965850
v 1.697513 0.546044 -1.112754
v 1.697513 0.556684 -1.052412
v 1.752252 0.546044 -1.112754
v 1.752252 0.556684 -1.052412
v 1.752252 0.745662 -1.041739
v 1.752252 0.780807 -1.091931
v 1.752252 0.685321 -1.031100
v 1.752252 0.635129 -1.066244
v 1.752252 0.624489 -1.126586
v 1.752252 0.659634 -1.176777
v 1.752252 0.719975 -1.187417
v 1.752252 0.770167 -1.152273
v 1.726647 0.690225 -1.053221
v 1.726647 0.671808 -1.157667
v 1.726647 0.733488 -1.060850
v 1.726647 0.715071 -1.165295
v 1.726647 0.758685 -1.096835
v 1.726647 0.654239 -1.078419
v 1.726647 0.646611 -1.121681
v 1.726647 0.751057 -1.140098
v 1.767521 0.702648 -3.515948
v 1.767521 0.981413 -3.460498
v 1.767521 1.217739 -3.302590
v 1.767521 1.375646 -3.066264
v 1.767521 1.431096 -2.787499
v 1.767521 1.375646 -2.508734
v 1.767521 1.217739 -2.272408
v 1.767521 0.981413 -2.114501
v 1.767521 0.702648 -2.059051
v 1.767521 0.423883 -2.114501
v 1.767521 0.187557 -2.272408
v 1.767521 0.029650 -2.508734
v 1.767521 -0.025800 -2.787499
v 1.767521 0.029650 -3.066264
v 1.767521 0.187557 -3.302590
v 1.767521 0.423883 -3.460498
v 1.718343 0.702648 -3.190781
v 1.718343 0.856977 -3.160083
v 1.718343 0.987811 -3.072663
v 1.718343 1.075232 -2.941828
v 1.718343 1.105930 -2.787499
v 1.718343 1.075232 -2.633170
v 1.718343 0.987811 -2.502336
v 1.718343 0.856977 -2.414915
v 1.718343 0.702648 -2.384217
v 1.718343 0.548319 -2.414915
v 1.718343 0.417485 -2.502336
v 1.718343 0.330064 -2.633170
v 1.718343 0.299366 -2.787499
v 1.718343 0.330064 -2.941828
v 1.718343 0.417485 -3.072662
v 1.718343 0.548319 -3.160083
v 1.776437 0.702648 -3.444308
v 1.776437 0.953997 -3.394311
v 1.776437 1.167082 -3.251933
v 1.776437 1.309459 -3.038849
v 1.776437 1.359456 -2.787499
v 1.776437 1.309459 -2.536150
v 1.776437 1.167082 -2.323066
v 1.776437 0.953998 -2.180688
v 1.776437 0.702648 -2.130691
v 1.776437 0.451298 -2.180688
v 1.776437 0.238214 -2.323066
v 1.776437 0.095836 -2.536150
v 1.776437 0.045840 -2.787499
v 1.776437 0.095836 -3.038849
v 1.776437 0.238214 -3.251933
v 1.776437 0.451298 -3.394311
v 1.798754 0.702648 -3.305777
v 1.798754 0.900984 -3.266326
v 1.798754 1.069126 -3.153977
v 1.798754 1.181474 -2.985836
v 1.798754 1.220926 -2.787499
v 1.798754 1.181474 -2.589163
v 1.798754 1.069126 -2.421021
v 1.798754 0.900984 -2.308673
v 1.798754 0.702648 -2.269221
v 1.798754 0.504312 -2.308673
v 1.798754 0.336170 -2.421021
v 1.798754 0.223822 -2.589163
v 1.798754 0.184370 -2.787499
v 1.798754 0.223822 -2.985836
v 1.798754 0.336170 -3.153977
v 1.798754 0.504312 -3.266326
v 1.287471 0.702648 -3.515757
v 1.287471 0.981340 -3.460321
v 1.287471 1.217604 -3.302455
v 1.287471 1.375470 -3.066191
v 1.287471 1.430905 -2.787499
v 1.287471 1.375470 -2.508807
v 1.287471 1.217604 -2.272543
v 1.287471 0.981340 -2.114677
v 1.287471 0.702648 -2.059242
v 1.287471 0.423956 -2.114677
v 1.287471 0.187692 -2.272543
v 1.287471 0.029826 -2.508807
v 1.287471 -0.025610 -2.787499
v 1.287471 0.029826 -3.066191
v 1.287471 0.187692 -3.302455
v 1.287471 0.423956 -3.460321
v 1.271289 0.702648 -3.442626
v 1.271289 0.953354 -3.392757
v 1.271289 1.165892 -3.250744
v 1.271289 1.307906 -3.038205
v 1.271289 1.357774 -2.787499
v 1.271289 1.307906 -2.536793
v 1.271289 1.165892 -2.324255
v 1.271289 0.953354 -2.182241
v 1.271289 0.702648 -2.132373
v 1.271289 0.451942 -2.182241
v 1.271289 0.239403 -2.324255
v 1.271289 0.097390 -2.536793
v 1.271289 0.047521 -2.787499
v 1.271289 0.097390 -3.038206
v 1.271289 0.239403 -3.250744
v 1.271289 0.451942 -3.392757
v 1.296225 0.702648 -3.251395
v 1.296225 0.880173 -3.216084
v 1.296225 1.030672 -3.115523
v 1.296225 1.131232 -2.965025
v 1.296225 1.166544 -2.787499
v 1.296225 1.131232 -2.609974
v 1.296225 1.030672 -2.459475
v 1.296225 0.880173 -2.358915
v 1.296225 0.702648 -2.323603
v 1.296225 0.525123 -2.358915
v 1.296225 0.374624 -2.459475
v 1.296225 0.274064 -2.609974
v 1.296225 0.238752 -2.787499
v 1.296225 0.274064 -2.965025
v 1.296225 0.374624 -3.115523
v 1.296225 0.525123 -3.216084
v 1.256403 0.702648 -3.386951
v 1.256403 0.932048 -3.341321
v 1.256403 1.126524 -3.211376
v 1.256403 1.256469 -3.016900
v 1.256403 1.302099 -2.787499
v 1.256403 1.256469 -2.558099
v 1.256403 1.126524 -2.363623
v 1.256403 0.932048 -2.233678
v 1.256403 0.702648 -2.188048
v 1.256403 0.473248 -2.233678
v 1.256403 0.278772 -2.363623
v 1.256403 0.148827 -2.558099
v 1.256403 0.103196 -2.787499
v 1.256403 0.148827 -3.016900
v 1.256403 0.278772 -3.211376
v 1.256403 0.473248 -3.341321
v 1.264210 0.702648 -3.304221
v 1.264210 0.900389 -3.264888
v 1.264210 1.068025 -3.152877
v 1.264210 1.180037 -2.985240
v 1.264210 1.219370 -2.787499
v 1.264210 1.180037 -2.589758
v 1.264210 1.068025 -2.422122
v 1.264210 0.900389 -2.310111
v 1.264210 0.702648 -2.270777
v 1.264210 0.504907 -2.310111
v 1.264210 0.337270 -2.422122
v 1.264210 0.225259 -2.589758
v 1.264210 0.185926 -2.787499
v 1.264210 0.225259 -2.985240
v 1.264210 0.337270 -3.152877
v 1.264210 0.504907 -3.264888
v 0.868072 0.776068 -2.964751
v 0.868072 0.702648 -2.979355
v 0.868072 0.838310 -2.923162
v 0.868072 0.879899 -2.860919
v 0.868072 0.894503 -2.787499
v 0.868072 0.879899 -2.714080
v 0.868072 0.838310 -2.651837
v 0.868072 0.776068 -2.610248
v 0.868072 0.702648 -2.595644
v 0.868072 0.629228 -2.610248
v 0.868072 0.566986 -2.651837
v 0.868072 0.525397 -2.714080
v 0.868072 0.510793 -2.787499
v 0.868072 0.525397 -2.860919
v 0.868072 0.566986 -2.923162
v 0.868072 0.629228 -2.964751
v 0.588691 0.776660 -2.966181
v 0.588691 0.702648 -2.980902
v 0.588691 0.839405 -2.924256
v 0.588691 0.881329 -2.861511
v 0.588691 0.896051 -2.787499
v 0.588691 0.881329 -2.713487
v 0.588691 0.839405 -2.650743
v 0.588691 0.776660 -2.608818
v 0.588691 0.702648 -2.594096
v 0.588691 0.628636 -2.608818
v 0.588691 0.565891 -2.650743
v 0.588691 0.523967 -2.713487
v 0.588691 0.509245 -2.787499
v 0.588691 0.523967 -2.861511
v 0.588691 0.565891 -2.924256
v 0.588691 0.628636 -2.966181
v 1.531834 -0.024583 -2.787499
v 1.531834 0.030774 -3.065799
v 1.531834 1.374522 -2.509200
v 1.531834 1.216878 -2.273269
v 1.531834 0.188418 -3.301729
v 1.531834 0.980947 -2.115625
v 1.531834 0.424349 -3.459373
v 1.531834 0.702648 -2.060268
v 1.531834 0.702648 -3.514730
v 1.531834 0.980947 -3.459373
v 1.531834 0.424349 -2.115625
v 1.531834 1.216878 -3.301729
v 1.531834 0.188418 -2.273269
v 1.531834 1.374522 -3.065799
v 1.531834 0.030774 -2.509200
v 1.531834 1.429879 -2.787499
v 1.798754 0.702648 -2.326986
v 1.798754 0.526417 -2.362041
v 1.798754 0.377016 -2.461867
v 1.798754 0.277189 -2.611269
v 1.798754 0.242135 -2.787499
v 1.798754 0.277189 -2.963730
v 1.798754 0.377016 -3.113131
v 1.798754 0.878879 -3.212958
v 1.798754 0.702648 -3.248013
v 1.798754 0.526417 -3.212958
v 1.798754 1.028280 -3.113131
v 1.798754 1.128107 -2.963730
v 1.798754 1.163161 -2.787499
v 1.798754 1.128107 -2.611269
v 1.798754 1.028280 -2.461867
v 1.798754 0.878879 -2.362041
v 1.770109 0.702648 -3.237296
v 1.770109 0.702648 -2.337703
v 1.770109 0.530518 -2.371941
v 1.770109 0.384594 -2.469445
v 1.770109 0.287090 -2.615369
v 1.770109 0.252851 -2.787499
v 1.770109 0.287090 -2.959629
v 1.770109 0.384593 -3.105554
v 1.770109 0.874778 -3.203057
v 1.770109 0.530518 -3.203057
v 1.770109 1.020702 -3.105554
v 1.770109 1.118206 -2.959629
v 1.770109 1.152445 -2.787499
v 1.770109 1.118206 -2.615369
v 1.770109 1.020702 -2.469445
v 1.770109 0.874778 -2.371941
v 1.650660 0.903654 -2.787479
v 1.650660 0.844781 -2.645346
v 1.650660 0.702648 -2.586473
v 1.650660 0.560515 -2.645346
v 1.650660 0.501642 -2.787479
v 1.650660 0.560515 -2.929612
v 1.650660 0.702648 -2.988485
v 1.650660 0.844781 -2.929612
v 1.788101 0.846762 -2.787479
v 1.788101 0.804552 -2.685575
v 1.788101 0.702648 -2.643364
v 1.788101 0.600744 -2.685575
v 1.788101 0.558533 -2.787479
v 1.788101 0.600744 -2.889383
v 1.788101 0.702648 -2.931593
v 1.788101 0.804552 -2.889383
v 1.650660 0.375739 -3.006149
v 1.650660 0.316866 -2.864016
v 1.788100 0.375739 -3.006149
v 1.788100 0.316866 -2.864016
v 1.650660 0.626111 -3.173261
v 1.650660 0.483978 -3.114388
v 1.788100 0.626111 -3.173261
v 1.788100 0.483978 -3.114388
v 1.650660 0.921317 -3.114388
v 1.650660 0.779185 -3.173261
v 1.788101 0.921317 -3.114388
v 1.788101 0.779185 -3.173261
v 1.650660 1.088430 -2.864016
v 1.650660 1.029557 -3.006148
v 1.788101 1.088430 -2.864016
v 1.788101 1.029557 -3.006148
v 1.650660 1.029557 -2.568809
v 1.650660 1.088430 -2.710942
v 1.788101 1.029557 -2.568809
v 1.788101 1.088430 -2.710942
v 1.650660 0.779185 -2.401697
v 1.650660 0.921317 -2.460570
v 1.788101 0.779185 -2.401697
v 1.788101 0.921317 -2.460570
v 1.650660 0.483978 -2.460570
v 1.650660 0.626111 -2.401697
v 1.788101 0.483978 -2.460570
v 1.788101 0.626111 -2.401697
v 1.650660 0.316866 -2.710942
v 1.650660 0.375739 -2.568809
v 1.788101 0.316866 -2.710942
v 1.788101 0.375739 -2.568809
v 1.788101 0.844781 -2.645346
v 1.788101 0.903654 -2.787479
v 1.788101 0.702648 -2.586473
v 1.788101 0.560515 -2.645346
v 1.788101 0.501642 -2.787479
v 1.788101 0.560515 -2.929612
v 1.788101 0.702648 -2.988485
v 1.788101 0.844781 -2.929612
v 1.723810 0.702648 -2.643364
v 1.723810 0.600744 -2.889383
v 1.723810 0.804552 -2.685575
v 1.723810 0.702648 -2.931593
v 1.723810 0.846762 -2.787479
v 1.723810 0.600744 -2.685575
v 1.723810 0.558533 -2.787479
v 1.723810 0.804552 -2.889383
v 1.697513 0.780807 -2.770152
v 1.697513 0.745662 -2.719960
v 1.697513 0.685321 -2.709320
v 1.697513 0.635129 -2.744465
v 1.697513 0.624489 -2.804806
v 1.697513 0.659634 -2.854998
v 1.697513 0.719975 -2.865638
v 1.697513 0.770167 -2.830493
v 1.752252 0.758685 -2.775056
v 1.752252 0.733488 -2.739070
v 1.752252 0.690225 -2.731442
v 1.752252 0.654239 -2.756639
v 1.752252 0.646611 -2.799902
v 1.752252 0.671808 -2.835888
v 1.752252 0.715071 -2.843516
v 1.752252 0.751057 -2.818319
v 1.697513 0.594384 -2.900687
v 1.697513 0.559239 -2.850495
v 1.752252 0.594384 -2.900687
v 1.752252 0.559239 -2.850495
v 1.697513 0.706143 -2.944083
v 1.697513 0.645802 -2.933443
v 1.752252 0.706143 -2.944083
v 1.752252 0.645802 -2.933443
v 1.697513 0.815856 -2.895743
v 1.697513 0.765664 -2.930888
v 1.752252 0.815856 -2.895743
v 1.752252 0.765664 -2.930888
v 1.697513 0.859252 -2.783984
v 1.697513 0.848612 -2.844325
v 1.752252 0.859252 -2.783984
v 1.752252 0.848612 -2.844325
v 1.697513 0.810912 -2.674272
v 1.697513 0.846057 -2.724463
v 1.752252 0.810912 -2.674272
v 1.752252 0.846057 -2.724463
v 1.697513 0.699153 -2.630875
v 1.697513 0.759494 -2.641515
v 1.752252 0.699153 -2.630875
v 1.752252 0.759494 -2.641515
v 1.697513 0.589441 -2.679215
v 1.697513 0.639632 -2.644070
v 1.752252 0.589441 -2.679215
v 1.752252 0.639632 -2.644070
v 1.697513 0.546044 -2.790974
v 1.697513 0.556684 -2.730633
v 1.752252 0.546044 -2.790974
v 1.752252 0.556684 -2.730633
v 1.752252 0.745662 -2.719960
v 1.752252 0.780807 -2.770152
v 1.752252 0.685321 -2.709320
v 1.752252 0.635129 -2.744465
v 1.752252 0.624489 -2.804806
v 1.752252 0.659634 -2.854998
v 1.752252 0.719975 -2.865638
v 1.752252 0.770167 -2.830493
v 1.726647 0.690225 -2.731442
v 1.726647 0.671808 -2.835888
v 1.726647 0.733488 -2.739070
v 1.726647 0.715071 -2.843516
v 1.726647 0.758685 -2.775056
v 1.726647 0.654239 -2.756639
v 1.726647 0.646611 -2.799902
v 1.726647 0.751057 -2.818319
v -1.767520 0.702648 3.348815
v -1.767520 0.981413 3.293365
v -1.767520 1.217739 3.135457
v -1.767521 1.375646 2.899132
v -1.767521 1.431096 2.620367
v -1.767521 1.375646 2.341601
v -1.767521 1.217739 2.105276
v -1.767521 0.981413 1.947368
v -1.767521 0.702648 1.891918
v -1.767521 0.423883 1.947368
v -1.767521 0.187557 2.105276
v -1.767521 0.029650 2.341601
v -1.767521 -0.025800 2.620367
v -1.767521 0.029650 2.899132
v -1.767521 0.187557 3.135457
v -1.767520 0.423883 3.293365
v -1.718343 0.702648 3.023648
v -1.718343 0.856977 2.992950
v -1.718343 0.987811 2.905530
v -1.718343 1.075232 2.774696
v -1.718343 1.105930 2.620366
v -1.718343 1.075232 2.466037
v -1.718343 0.987811 2.335203
v -1.718343 0.856977 2.247782
v -1.718343 0.702648 2.217084
v -1.718343 0.548319 2.247782
v -1.718343 0.417485 2.335203
v -1.718343 0.330064 2.466037
v -1.718343 0.299366 2.620366
v -1.718343 0.330064 2.774696
v -1.718343 0.417485 2.905530
v -1.718343 0.548319 2.992950
v -1.776437 0.702648 3.277175
v -1.776437 0.953997 3.227178
v -1.776437 1.167081 3.084800
v -1.776437 1.309459 2.871716
v -1.776437 1.359456 2.620367
v -1.776437 1.309459 2.369017
v -1.776437 1.167081 2.155933
v -1.776437 0.953997 2.013555
v -1.776437 0.702648 1.963558
v -1.776437 0.451298 2.013555
v -1.776437 0.238214 2.155933
v -1.776437 0.095837 2.369017
v -1.776437 0.045840 2.620367
v -1.776437 0.095837 2.871716
v -1.776437 0.238214 3.084800
v -1.776437 0.451298 3.227178
v -1.798754 0.702648 3.138644
v -1.798754 0.900984 3.099193
v -1.798754 1.069126 2.986844
v -1.798754 1.181474 2.818703
v -1.798754 1.220926 2.620367
v -1.798754 1.181474 2.422030
v -1.798754 1.069126 2.253889
v -1.798754 0.900984 2.141540
v -1.798754 0.702648 2.102088
v -1.798754 0.504312 2.141540
v -1.798754 0.336170 2.253889
v -1.798754 0.223822 2.422030
v -1.798754 0.184370 2.620367
v -1.798754 0.223822 2.818703
v -1.798754 0.336170 2.986844
v -1.798754 0.504312 3.099193
v -1.287471 0.702648 3.348624
v -1.287471 0.981340 3.293189
v -1.287471 1.217604 3.135322
v -1.287471 1.375470 2.899058
v -1.287471 1.430905 2.620366
v -1.287471 1.375470 2.341674
v -1.287472 1.217604 2.105411
v -1.287472 0.981340 1.947544
v -1.287471 0.702648 1.892109
v -1.287471 0.423956 1.947544
v -1.287471 0.187692 2.105411
v -1.287471 0.029826 2.341674
v -1.287471 -0.025610 2.620366
v -1.287471 0.029826 2.899059
v -1.287471 0.187692 3.135322
v -1.287471 0.423956 3.293189
v -1.271288 0.702648 3.275493
v -1.271288 0.953354 3.225624
v -1.271288 1.165892 3.083611
v -1.271289 1.307906 2.871073
v -1.271289 1.357774 2.620366
v -1.271289 1.307906 2.369660
v -1.271289 1.165892 2.157122
v -1.271289 0.953354 2.015108
v -1.271289 0.702648 1.965240
v -1.271289 0.451942 2.015108
v -1.271289 0.239403 2.157122
v -1.271289 0.097390 2.369660
v -1.271289 0.047521 2.620366
v -1.271288 0.097390 2.871073
v -1.271288 0.239403 3.083611
v -1.271288 0.451942 3.225624
v -1.296225 0.702648 3.084262
v -1.296225 0.880173 3.048950
v -1.296225 1.030672 2.948390
v -1.296225 1.131232 2.797892
v -1.296225 1.166544 2.620366
v -1.296225 1.131232 2.442841
v -1.296225 1.030672 2.292342
v -1.296225 0.880173 2.191782
v -1.296225 0.702648 2.156470
v -1.296225 0.525123 2.191782
v -1.296225 0.374624 2.292342
v -1.296225 0.274064 2.442841
v -1.296225 0.238752 2.620366
v -1.296225 0.274064 2.797892
v -1.296225 0.374624 2.948390
v -1.296225 0.525123 3.048950
v -1.256403 0.702648 3.219818
v -1.256403 0.932048 3.174187
v -1.256403 1.126524 3.044243
v -1.256403 1.256469 2.849766
v -1.256403 1.302099 2.620366
v -1.256403 1.256469 2.390966
v -1.256403 1.126524 2.196490
v -1.256403 0.932048 2.066545
v -1.256403 0.702648 2.020915
v -1.256403 0.473248 2.066545
v -1.256403 0.278772 2.196490
v -1.256403 0.148827 2.390966
v -1.256403 0.103196 2.620366
v -1.256403 0.148827 2.849767
v -1.256403 0.278772 3.044243
v -1.256403 0.473248 3.174187
v -1.264210 0.702648 3.137088
v -1.264210 0.900389 3.097755
v -1.264210 1.068025 2.985744
v -1.264210 1.180037 2.818107
v -1.264210 1.219370 2.620366
v -1.264210 1.180037 2.422626
v -1.264210 1.068025 2.254989
v -1.264210 0.900389 2.142978
v -1.264210 0.702648 2.103645
v -1.264210 0.504907 2.142978
v -1.264210 0.337270 2.254989
v -1.264210 0.225259 2.422626
v -1.264210 0.185926 2.620366
v -1.264210 0.225259 2.818107
v -1.264210 0.337270 2.985744
v -1.264210 0.504907 3.097755
v -0.868072 0.776068 2.797617
v -0.868072 0.702648 2.812222
v -0.868072 0.838310 2.756028
v -0.868072 0.879899 2.693786
v -0.868072 0.894503 2.620366
v -0.868072 0.879899 2.546947
v -0.868073 0.838310 2.484704
v -0.868073 0.776068 2.443115
v -0.868073 0.702648 2.428511
v -0.868073 0.629228 2.443115
v -0.868073 0.566986 2.484704
v -0.868072 0.525397 2.546947
v -0.868072 0.510793 2.620366
v -0.868072 0.525397 2.693786
v -0.868072 0.566986 2.756028
v -0.868072 0.629228 2.797617
v -0.588691 0.776660 2.799047
v -0.588691 0.702648 2.813769
v -0.588691 0.839405 2.757123
v -0.588691 0.881329 2.694378
v -0.588691 0.896051 2.620366
v -0.588691 0.881329 2.546354
v -0.588691 0.839405 2.483610
v -0.588691 0.776660 2.441685
v -0.588691 0.702648 2.426963
v -0.588691 0.628636 2.441685
v -0.588691 0.565891 2.483610
v -0.588691 0.523967 2.546354
v -0.588691 0.509245 2.620366
v -0.588691 0.523967 2.694378
v -0.588691 0.565891 2.757123
v -0.588691 0.628636 2.799047
v -1.531834 -0.024583 2.620367
v -1.531834 0.030774 2.898666
v -1.531834 1.374522 2.342067
v -1.531834 1.216878 2.106136
v -1.531834 0.188418 3.134596
v -1.531834 0.980947 1.948493
v -1.531834 0.424349 3.292240
v -1.531834 0.702648 1.893135
v -1.531834 0.702648 3.347598
v -1.531834 0.980947 3.292240
v -1.531834 0.424349 1.948493
v -1.531834 1.216878 3.134597
v -1.531834 0.188418 2.106136
v -1.531834 1.374522 2.898666
v -1.531834 0.030774 2.342067
v -1.531834 1.429879 2.620366
v -1.798754 0.702648 2.159853
v -1.798754 0.526417 2.194908
v -1.798754 0.377016 2.294734
v -1.798754 0.277189 2.444136
v -1.798754 0.242135 2.620367
v -1.798754 0.277189 2.796597
v -1.798754 0.377016 2.945998
v -1.798754 0.878879 3.045825
v -1.798754 0.702648 3.080880
v -1.798754 0.526417 3.045825
v -1.798754 1.028280 2.945998
v -1.798754 1.128107 2.796597
v -1.798754 1.163161 2.620367
v -1.798754 1.128107 2.444136
v -1.798754 1.028280 2.294734
v -1.798754 0.878879 2.194908
v -1.770109 0.702648 3.070163
v -1.770110 0.702648 2.170570
v -1.770110 0.530518 2.204808
v -1.770110 0.384594 2.302312
v -1.770109 0.287090 2.448237
v -1.770109 0.252851 2.620367
v -1.770109 0.287090 2.792496
v -1.770109 0.384594 2.938421
v -1.770109 0.874778 3.035925
v -1.770109 0.530518 3.035925
v -1.770109 1.020702 2.938421
v -1.770109 1.118206 2.792496
v -1.770109 1.152445 2.620367
v -1.770109 1.118206 2.448237
v -1.770109 1.020702 2.302312
v -1.770110 0.874778 2.204808
v -1.650660 0.903654 2.620346
v -1.650660 0.844781 2.478213
v -1.650660 0.702648 2.419340
v -1.650660 0.560515 2.478213
v -1.650660 0.501642 2.620346
v -1.650660 0.560515 2.762479
v -1.650660 0.702648 2.821352
v -1.650660 0.844781 2.762479
v -1.788101 0.846762 2.620346
v -1.788101 0.804552 2.518442
v -1.788101 0.702648 2.476232
v -1.788101 0.600744 2.518442
v -1.788100 0.558533 2.620346
v -1.788100 0.600744 2.722250
v -1.788100 0.702648 2.764461
v -1.788100 0.804552 2.722250
v -1.650660 0.375739 2.839016
v -1.650660 0.316866 2.696883
v -1.788100 0.375739 2.839016
v -1.788100 0.316866 2.696883
v -1.650660 0.626111 3.006128
v -1.650660 0.483978 2.947255
v -1.788100 0.626111 3.006128
v -1.788100 0.483978 2.947255
v -1.650660 0.921317 2.947255
v -1.650660 0.779185 3.006128
v -1.788100 0.921317 2.947255
v -1.788100 0.779185 3.006128
v -1.650660 1.088430 2.696883
v -1.650660 1.029557 2.839015
v -1.788100 1.088430 2.696883
v -1.788100 1.029557 2.839016
v -1.650660 1.029557 2.401676
v -1.650660 1.088430 2.543809
v -1.788101 1.029557 2.401677
v -1.788101 1.088430 2.543809
v -1.650660 0.779185 2.234564
v -1.650660 0.921317 2.293437
v -1.788101 0.779185 2.234564
v -1.788101 0.921317 2.293437
v -1.650660 0.483978 2.293437
v -1.650660 0.626111 2.234564
v -1.788101 0.483978 2.293437
v -1.788101 0.626111 2.234564
v -1.650660 0.316866 2.543809
v -1.650660 0.375739 2.401676
v -1.788101 0.316866 2.543809
v -1.788101 0.375739 2.401676
v -1.788101 0.844781 2.478213
v -1.788101 0.903654 2.620346
v -1.788101 0.702648 2.419340
v -1.788101 0.560515 2.478213
v -1.788100 0.501642 2.620346
v -1.788100 0.560515 2.762479
v -1.788100 0.702648 2.821352
v -1.788100 0.844781 2.762479
v -1.723810 0.702648 2.476232
v -1.723810 0.600744 2.722250
v -1.723810 0.804552 2.518442
v -1.723810 0.702648 2.764461
v -1.723810 0.846762 2.620346
v -1.723810 0.600744 2.518442
v -1.723810 0.558533 2.620346
v -1.723810 0.804552 2.722250
v -1.697513 0.780807 2.603019
v -1.697513 0.745662 2.552827
v -1.697513 0.685321 2.542187
v -1.697513 0.635129 2.577332
v -1.697513 0.624489 2.637674
v -1.697513 0.659634 2.687865
v -1.697513 0.719975 2.698505
v -1.697513 0.770167 2.663361
v -1.752252 0.758685 2.607923
v -1.752252 0.733488 2.571938
v -1.752252 0.690225 2.564309
v -1.752252 0.654239 2.589506
v -1.752252 0.646611 2.632769
v -1.752252 0.671808 2.668755
v -1.752252 0.715071 2.676383
v -1.752252 0.751057 2.651186
v -1.697513 0.594384 2.733554
v -1.697513 0.559239 2.683362
v -1.752252 0.594384 2.733554
v -1.752252 0.559239 2.683362
v -1.697513 0.706143 2.776950
v -1.697513 0.645802 2.766311
v -1.752252 0.706143 2.776950
v -1.752252 0.645802 2.766311
v -1.697513 0.815856 2.728611
v -1.697513 0.765664 2.763755
v -1.752252 0.815856 2.728611
v -1.752252 0.765664 2.763755
v -1.697513 0.859252 2.616851
v -1.697513 0.848612 2.677192
v -1.752252 0.859252 2.616851
v -1.752252 0.848612 2.677192
v -1.697513 0.810912 2.507139
v -1.697513 0.846057 2.557330
v -1.752252 0.810912 2.507139
v -1.752252 0.846057 2.557330
v -1.697513 0.699153 2.463742
v -1.697513 0.759494 2.474382
v -1.752252 0.699153 2.463742
v -1.752252 0.759494 2.474382
v -1.697513 0.589441 2.512082
v -1.697513 0.639632 2.476937
v -1.752252 0.589441 2.512082
v -1.752252 0.639632 2.476937
v -1.697513 0.546044 2.623842
v -1.697513 0.556684 2.563500
v -1.752252 0.546044 2.623842
v -1.752252 0.556684 2.563500
v -1.752252 0.745662 2.552827
v -1.752252 0.780807 2.603019
v -1.752252 0.685321 2.542187
v -1.752252 0.635129 2.577332
v -1.752252 0.624489 2.637674
v -1.752252 0.659634 2.687865
v -1.752252 0.719975 2.698505
v -1.752252 0.770167 2.663361
v -1.726647 0.690225 2.564309
v -1.726647 0.671808 2.668755
v -1.726647 0.733488 2.571938
v -1.726647 0.715071 2.676383
v -1.726647 0.758685 2.607923
v -1.726647 0.654239 2.589506
v -1.726647 0.646611 2.632769
v -1.726647 0.751057 2.651186
v -1.767520 0.702648 1.625111
v -1.767520 0.981413 1.569661
v -1.767520 1.217739 1.411754
v -1.767521 1.375646 1.175428
v -1.767521 1.431096 0.896663
v -1.767521 1.375646 0.617898
v -1.767521 1.217739 0.381572
v -1.767521 0.981413 0.223665
v -1.767521 0.702648 0.168215
v -1.767521 0.423883 0.223665
v -1.767521 0.187557 0.381572
v -1.767521 0.029650 0.617898
v -1.767521 -0.025800 0.896663
v -1.767521 0.029650 1.175428
v -1.767521 0.187557 1.411753
v -1.767520 0.423883 1.569661
v -1.718343 0.702648 1.299945
v -1.718343 0.856977 1.269247
v -1.718343 0.987811 1.181826
v -1.718343 1.075232 1.050992
v -1.718343 1.105930 0.896663
v -1.718343 1.075232 0.742333
v -1.718343 0.987811 0.611499
v -1.718343 0.856977 0.524079
v -1.718343 0.702648 0.493381
v -1.718343 0.548319 0.524079
v -1.718343 0.417485 0.611499
v -1.718343 0.330064 0.742333
v -1.718343 0.299366 0.896663
v -1.718343 0.330064 1.050992
v -1.718343 0.417485 1.181826
v -1.718343 0.548319 1.269247
v -1.776437 0.702648 1.553471
v -1.776437 0.953997 1.503474
v -1.776437 1.167081 1.361096
v -1.776437 1.309459 1.148012
v -1.776437 1.359456 0.896663
v -1.776437 1.309459 0.645313
v -1.776437 1.167081 0.432229
v -1.776437 0.953997 0.289851
v -1.776437 0.702648 0.239855
v -1.776437 0.451298 0.289851
v -1.776437 0.238214 0.432229
v -1.776437 0.095837 0.645313
v -1.776437 0.045840 0.896663
v -1.776437 0.095837 1.148013
v -1.776437 0.238214 1.361096
v -1.776437 0.451298 1.503474
v -1.798754 0.702648 1.414941
v -1.798754 0.900984 1.375489
v -1.798754 1.069126 1.263141
v -1.798754 1.181474 1.094999
v -1.798754 1.220926 0.896663
v -1.798754 1.181474 0.698326
v -1.798754 1.069126 0.530185
v -1.798754 0.900984 0.417836
v -1.798754 0.702648 0.378385
v -1.798754 0.504312 0.417836
v -1.798754 0.336170 0.530185
v -1.798754 0.223822 0.698326
v -1.798754 0.184370 0.896663
v -1.798754 0.223822 1.094999
v -1.798754 0.336170 1.263141
v -1.798754 0.504312 1.375489
v -1.287471 0.702648 1.624920
v -1.287471 0.981340 1.569485
v -1.287471 1.217604 1.411618
v -1.287471 1.375470 1.175355
v -1.287471 1.430905 0.896663
v -1.287471 1.375470 0.617971
v -1.287472 1.217604 0.381707
v -1.287472 0.981340 0.223841
v -1.287471 0.702648 0.168405
v -1.287471 0.423956 0.223841
v -1.287471 0.187692 0.381707
v -1.287471 0.029826 0.617971
v -1.287471 -0.025610 0.896663
v -1.287471 0.029826 1.175355
v -1.287471 0.187692 1.411618
v -1.287471 0.423956 1.569485
v -1.271288 0.702648 1.551789
v -1.271288 0.953354 1.501921
v -1.271288 1.165892 1.359907
v -1.271289 1.307906 1.147369
v -1.271289 1.357774 0.896663
v -1.271289 1.307906 0.645957
v -1.271289 1.165892 0.433418
v -1.271289 0.953354 0.291405
v -1.271289 0.702648 0.241536
v -1.271289 0.451942 0.291405
v -1.271289 0.239403 0.433418
v -1.271289 0.097390 0.645957
v -1.271289 0.047521 0.896663
v -1.271288 0.097390 1.147369
v -1.271288 0.239403 1.359907
v -1.271288 0.451942 1.501921
v -1.296225 0.702648 1.360559
v -1.296225 0.880173 1.325247
v -1.296225 1.030672 1.224687
v -1.296225 1.131232 1.074188
v -1.296225 1.166544 0.896663
v -1.296225 1.131232 0.719137
v -1.296225 1.030672 0.568639
v -1.296225 0.880173 0.468079
v -1.296225 0.702648 0.432767
v -1.296225 0.525123 0.468079
v -1.296225 0.374624 0.568639
v -1.296225 0.274064 0.719137
v -1.296225 0.238752 0.896663
v -1.296225 0.274064 1.074188
v -1.296225 0.374624 1.224687
v -1.296225 0.525123 1.325247
v -1.256403 0.702648 1.496114
v -1.256403 0.932048 1.450484
v -1.256403 1.126524 1.320539
v -1.256403 1.256469 1.126063
v -1.256403 1.302099 0.896663
v -1.256403 1.256469 0.667262
v -1.256403 1.126524 0.472786
v -1.256403 0.932048 0.342842
v -1.256403 0.702648 0.297211
v -1.256403 0.473248 0.342842
v -1.256403 0.278772 0.472786
v -1.256403 0.148827 0.667262
v -1.256403 0.103196 0.896663
v -1.256403 0.148827 1.126063
v -1.256403 0.278772 1.320539
v -1.256403 0.473248 1.450484
v -1.264210 0.702648 1.413384
v -1.264210 0.900389 1.374051
v -1.264210 1.068025 1.262040
v -1.264210 1.180037 1.094404
v -1.264210 1.219370 0.896663
v -1.264210 1.180037 0.698922
v -1.264210 1.068025 0.531285
v -1.264210 0.900389 0.419274
v -1.264210 0.702648 0.379941
v -1.264210 0.504907 0.419274
v -1.264210 0.337270 0.531285
v -1.264210 0.225259 0.698922
v -1.264210 0.185926 0.896663
v -1.264210 0.225259 1.094404
v -1.264210 0.337270 1.262040
v -1.264210 0.504907 1.374051
v -0.868072 0.776068 1.073914
v -0.868072 0.702648 1.088518
v -0.868072 0.838310 1.032325
v -0.868072 0.879899 0.970082
v -0.868072 0.894503 0.896663
v -0.868072 0.879899 0.823243
v -0.868073 0.838310 0.761000
v -0.868073 0.776068 0.719411
v -0.868073 0.702648 0.704807
v -0.868073 0.629228 0.719411
v -0.868073 0.566986 0.761000
v -0.868072 0.525397 0.823243
v -0.868072 0.510793 0.896663
v -0.868072 0.525397 0.970082
v -0.868072 0.566986 1.032325
v -0.868072 0.629228 1.073914
v -0.588691 0.776660 1.075344
v -0.588691 0.702648 1.090066
v -0.588691 0.839405 1.033419
v -0.588691 0.881329 0.970675
v -0.588691 0.896051 0.896663
v -0.588691 0.881329 0.822650
v -0.588691 0.839405 0.759906
v -0.588691 0.776660 0.717981
v -0.588691 0.702648 0.703259
v -0.588691 0.628636 0.717981
v -0.588691 0.565891 0.759906
v -0.588691 0.523967 0.822650
v -0.588691 0.509245 0.896663
v -0.588691 0.523967 0.970675
v -0.588691 0.565891 1.033419
v -0.588691 0.628636 1.075344
v -1.531834 -0.024583 0.896663
v -1.531834 0.030774 1.174962
v -1.531834 1.374522 0.618363
v -1.531834 1.216878 0.382433
v -1.531834 0.188418 1.410893
v -1.531834 0.980947 0.224789
v -1.531834 0.424349 1.568537
v -1.531834 0.702648 0.169432
v -1.531834 0.702648 1.623894
v -1.531834 0.980947 1.568537
v -1.531834 0.424349 0.224789
v -1.531834 1.216878 1.410893
v -1.531834 0.188418 0.382433
v -1.531834 1.374522 1.174962
v -1.531834 0.030774 0.618363
v -1.531834 1.429879 0.896663
v -1.798754 0.702648 0.436150
v -1.798754 0.526417 0.471204
v -1.798754 0.377016 0.571031
v -1.798754 0.277189 0.720432
v -1.798754 0.242135 0.896663
v -1.798754 0.277189 1.072894
v -1.798754 0.377016 1.222295
v -1.798754 0.878879 1.322122
v -1.798754 0.702648 1.357176
v -1.798754 0.526417 1.322122
v -1.798754 1.028280 1.222295
v -1.798754 1.128107 1.072894
v -1.798754 1.163161 0.896663
v -1.798754 1.128107 0.720432
v -1.798754 1.028280 0.571031
v -1.798754 0.878879 0.471204
v -1.770109 0.702648 1.346460
v -1.770110 0.702648 0.446866
v -1.770110 0.530518 0.481105
v -1.770110 0.384594 0.578609
v -1.770109 0.287090 0.724533
v -1.770109 0.252851 0.896663
v -1.770109 0.287090 1.068793
v -1.770109 0.384594 1.214717
v -1.770109 0.874778 1.312221
v -1.770109 0.530518 1.312221
v -1.770109 1.020702 1.214717
v -1.770109 1.118206 1.068793
v -1.770109 1.152445 0.896663
v -1.770109 1.118206 0.724533
v -1.770109 1.020702 0.578609
v -1.770110 0.874778 0.481105
v -1.650660 0.903654 0.896642
v -1.650660 0.844781 0.754510
v -1.650660 0.702648 0.695636
v -1.650660 0.560515 0.754510
v -1.650660 0.501642 0.896642
v -1.650660 0.560515 1.038775
v -1.650660 0.702648 1.097649
v -1.650660 0.844781 1.038775
v -1.788101 0.846762 0.896642
v -1.788101 0.804552 0.794738
v -1.788101 0.702648 0.752528
v -1.788101 0.600744 0.794738
v -1.788100 0.558533 0.896642
v -1.788100 0.600744 0.998547
v -1.788100 0.702648 1.040757
v -1.788100 0.804552 0.998547
v -1.650660 0.375739 1.115312
v -1.650660 0.316866 0.973179
v -1.788100 0.375739 1.115312
v -1.788100 0.316866 0.973179
v -1.650660 0.626111 1.282424
v -1.650660 0.483978 1.223551
v -1.788100 0.626111 1.282425
v -1.788100 0.483978 1.223551
v -1.650660 0.921317 1.223551
v -1.650660 0.779185 1.282424
v -1.788100 0.921317 1.223551
v -1.788100 0.779185 1.282424
v -1.650660 1.088430 0.973179
v -1.650660 1.029557 1.115312
v -1.788100 1.088430 0.973179
v -1.788100 1.029557 1.115312
v -1.650660 1.029557 0.677973
v -1.650660 1.088430 0.820106
v -1.788101 1.029557 0.677973
v -1.788101 1.088430 0.820106
v -1.650660 0.779185 0.510860
v -1.650660 0.921317 0.569734
v -1.788101 0.779185 0.510860
v -1.788101 0.921317 0.569734
v -1.650660 0.483978 0.569734
v -1.650660 0.626111 0.510860
v -1.788101 0.483978 0.569734
v -1.788101 0.626111 0.510860
v -1.650660 0.316866 0.820106
v -1.650660 0.375739 0.677973
v -1.788101 0.316866 0.820106
v -1.788101 0.375739 0.677973
v -1.788101 0.844781 0.754510
v -1.788101 0.903654 0.896642
v -1.788101 0.702648 0.695636
v -1.788101 0.560515 0.754510
v -1.788100 0.501642 0.896642
v -1.788100 0.560515 1.038775
v -1.788100 0.702648 1.097649
v -1.788100 0.844781 1.038775
v -1.723810 0.702648 0.752528
v -1.723810 0.600744 0.998547
v -1.723810 0.804552 0.794738
v -1.723810 0.702648 1.040757
v -1.723810 0.846762 0.896642
v -1.723810 0.600744 0.794738
v -1.723810 0.558533 0.896642
v -1.723810 0.804552 0.998547
v -1.697513 0.780807 0.879315
v -1.697513 0.745662 0.829124
v -1.697513 0.685321 0.818484
v -1.697513 0.635129 0.853628
v -1.697513 0.624489 0.913970
v -1.697513 0.659634 0.964161
v -1.697513 0.719975 0.974801
v -1.697513 0.770167 0.939657
v -1.752252 0.758685 0.884219
v -1.752252 0.733488 0.848234
v -1.752252 0.690225 0.840605
v -1.752252 0.654239 0.865803
v -1.752252 0.646611 0.909066
v -1.752252 0.671808 0.945051
v -1.752252 0.715071 0.952680
v -1.752252 0.751057 0.927482
v -1.697513 0.594384 1.009850
v -1.697513 0.559239 0.959659
v -1.752252 0.594384 1.009850
v -1.752252 0.559239 0.959659
v -1.697513 0.706143 1.053247
v -1.697513 0.645802 1.042607
v -1.752252 0.706143 1.053247
v -1.752252 0.645802 1.042607
v -1.697513 0.815856 1.004907
v -1.697513 0.765664 1.040051
v -1.752252 0.815856 1.004907
v -1.752252 0.765664 1.040051
v -1.697513 0.859252 0.893147
v -1.697513 0.848612 0.953489
v -1.752252 0.859252 0.893147
v -1.752252 0.848612 0.953489
v -1.697513 0.810912 0.783435
v -1.697513 0.846057 0.833627
v -1.752252 0.810912 0.783435
v -1.752252 0.846057 0.833627
v -1.697513 0.699153 0.740038
v -1.697513 0.759494 0.750678
v -1.752252 0.699153 0.740038
v -1.752252 0.759494 0.750678
v -1.697513 0.589441 0.788378
v -1.697513 0.639632 0.753234
v -1.752252 0.589441 0.788378
v -1.752252 0.639632 0.753234
v -1.697513 0.546044 0.900138
v -1.697513 0.556684 0.839796
v -1.752252 0.546044 0.900138
v -1.752252 0.556684 0.839796
v -1.752252 0.745662 0.829124
v -1.752252 0.780807 0.879315
v -1.752252 0.685321 0.818484
v -1.752252 0.635129 0.853628
v -1.752252 0.624489 0.913970
v -1.752252 0.659634 0.964161
v -1.752252 0.719975 0.974801
v -1.752252 0.770167 0.939657
v -1.726647 0.690225 0.840605
v -1.726647 0.671808 0.945051
v -1.726647 0.733488 0.848234
v -1.726647 0.715071 0.952680
v -1.726647 0.758685 0.884219
v -1.726647 0.654239 0.865803
v -1.726647 0.646611 0.909066
v -1.726647 0.751057 0.927482
v -1.767520 0.702648 -0.380789
v -1.767520 0.981413 -0.436239
v -1.767520 1.217739 -0.594147
v -1.767521 1.375646 -0.830472
v -1.767521 1.431096 -1.109237
v -1.767521 1.375646 -1.388002
v -1.767521 1.217739 -1.624328
v -1.767521 0.981413 -1.782236
v -1.767521 0.702648 -1.837686
v -1.767521 0.423883 -1.782236
v -1.767521 0.187557 -1.624328
v -1.767521 0.029650 -1.388003
v -1.767521 -0.025800 -1.109237
v -1.767521 0.029650 -0.830472
v -1.767521 0.187557 -0.594147
v -1.767520 0.423883 -0.436239
v -1.718343 0.702648 -0.705956
v -1.718343 0.856977 -0.736654
v -1.718343 0.987811 -0.824074
v -1.718343 1.075232 -0.954908
v -1.718343 1.105930 -1.109238
v -1.718343 1.075232 -1.263567
v -1.718343 0.987811 -1.394401
v -1.718343 0.856977 -1.481821
v -1.718343 0.702648 -1.512519
v -1.718343 0.548319 -1.481821
v -1.718343 0.417485 -1.394401
v -1.718343 0.330064 -1.263567
v -1.718343 0.299366 -1.109238
v -1.718343 0.330064 -0.954908
v -1.718343 0.417485 -0.824074
v -1.718343 0.548319 -0.736654
v -1.776437 0.702648 -0.452429
v -1.776437 0.953997 -0.502426
v -1.776437 1.167081 -0.644804
v -1.776437 1.309459 -0.857888
v -1.776437 1.359456 -1.109237
v -1.776437 1.309459 -1.360587
v -1.776437 1.167081 -1.573671
v -1.776437 0.953997 -1.716049
v -1.776437 0.702648 -1.766045
v -1.776437 0.451298 -1.716049
v -1.776437 0.238214 -1.573671
v -1.776437 0.095837 -1.360587
v -1.776437 0.045840 -1.109237
v -1.776437 0.095837 -0.857888
v -1.776437 0.238214 -0.644804
v -1.776437 0.451298 -0.502426
v -1.798754 0.702648 -0.590959
v -1.798754 0.900984 -0.630411
v -1.798754 1.069126 -0.742760
v -1.798754 1.181474 -0.910901
v -1.798754 1.220926 -1.109237
v -1.798754 1.181474 -1.307574
v -1.798754 1.069126 -1.475715
v -1.798754 0.900984 -1.588064
v -1.798754 0.702648 -1.627515
v -1.798754 0.504312 -1.588064
v -1.798754 0.336170 -1.475715
v -1.798754 0.223822 -1.307574
v -1.798754 0.184370 -1.109237
v -1.798754 0.223822 -0.910901
v -1.798754 0.336170 -0.742760
v -1.798754 0.504312 -0.630411
v -1.287471 0.702648 -0.380980
v -1.287471 0.981340 -0.436415
v -1.287471 1.217604 -0.594282
v -1.287471 1.375470 -0.830545
v -1.287471 1.430905 -1.109238
v -1.287471 1.375470 -1.387930
v -1.287472 1.217604 -1.624193
v -1.287472 0.981340 -1.782060
v -1.287471 0.702648 -1.837495
v -1.287471 0.423956 -1.782060
v -1.287471 0.187692 -1.624193
v -1.287471 0.029826 -1.387930
v -1.287471 -0.025610 -1.109237
v -1.287471 0.029826 -0.830545
v -1.287471 0.187692 -0.594282
v -1.287471 0.423956 -0.436415
v -1.271288 0.702648 -0.454111
v -1.271288 0.953354 -0.503980
v -1.271288 1.165892 -0.645993
v -1.271289 1.307906 -0.858531
v -1.271289 1.357774 -1.109238
v -1.271289 1.307906 -1.359944
v -1.271289 1.165892 -1.572482
v -1.271289 0.953354 -1.714496
v -1.271289 0.702648 -1.764364
v -1.271289 0.451942 -1.714496
v -1.271289 0.239403 -1.572482
v -1.271289 0.097390 -1.359944
v -1.271289 0.047521 -1.109237
v -1.271288 0.097390 -0.858531
v -1.271288 0.239403 -0.645993
v -1.271288 0.451942 -0.503980
v -1.296225 0.702648 -0.645342
v -1.296225 0.880173 -0.680653
v -1.296225 1.030672 -0.781214
v -1.296225 1.131232 -0.931712
v -1.296225 1.166544 -1.109238
v -1.296225 1.131232 -1.286763
v -1.296225 1.030672 -1.437261
v -1.296225 0.880173 -1.537822
v -1.296225 0.702648 -1.573134
v -1.296225 0.525123 -1.537822
v -1.296225 0.374624 -1.437261
v -1.296225 0.274064 -1.286763
v -1.296225 0.238752 -1.109238
v -1.296225 0.274064 -0.931712
v -1.296225 0.374624 -0.781214
v -1.296225 0.525123 -0.680653
v -1.256403 0.702648 -0.509786
v -1.256403 0.932048 -0.555417
v -1.256403 1.126524 -0.685361
v -1.256403 1.256469 -0.879837
v -1.256403 1.302099 -1.109238
v -1.256403 1.256469 -1.338638
v -1.256403 1.126524 -1.533114
v -1.256403 0.932048 -1.663059
v -1.256403 0.702648 -1.708689
v -1.256403 0.473248 -1.663059
v -1.256403 0.278772 -1.533114
v -1.256403 0.148827 -1.338638
v -1.256403 0.103196 -1.109237
v -1.256403 0.148827 -0.879837
v -1.256403 0.278772 -0.685361
v -1.256403 0.473248 -0.555417
v -1.264210 0.702648 -0.592516
v -1.264210 0.900389 -0.631849
v -1.264210 1.068025 -0.743860
v -1.264210 1.180037 -0.911497
v -1.264210 1.219370 -1.109238
v -1.264210 1.180037 -1.306978
v -1.264210 1.068025 -1.474615
v -1.264210 0.900389 -1.586626
v -1.264210 0.702648 -1.625959
v -1.264210 0.504907 -1.586626
v -1.264210 0.337270 -1.474615
v -1.264210 0.225259 -1.306978
v -1.264210 0.185926 -1.109238
v -1.264210 0.225259 -0.911497
v -1.264210 0.337270 -0.743860
v -1.264210 0.504907 -0.631849
v -0.868072 0.776068 -0.931986
v -0.868072 0.702648 -0.917382
v -0.868072 0.838310 -0.973575
v -0.868072 0.879899 -1.035818
v -0.868072 0.894503 -1.109238
v -0.868072 0.879899 -1.182657
v -0.868073 0.838310 -1.244900
v -0.868073 0.776068 -1.286489
v -0.868073 0.702648 -1.301093
v -0.868073 0.629228 -1.286489
v -0.868073 0.566986 -1.244900
v -0.868072 0.525397 -1.182657
v -0.868072 0.510793 -1.109238
v -0.868072 0.525397 -1.035818
v -0.868072 0.566986 -0.973575
v -0.868072 0.629228 -0.931986
v -0.588691 0.776660 -0.930557
v -0.588691 0.702648 -0.915835
v -0.588691 0.839405 -0.972481
v -0.588691 0.881329 -1.035226
v -0.588691 0.896051 -1.109238
v -0.588691 0.881329 -1.183250
v -0.588691 0.839405 -1.245994
v -0.588691 0.776660 -1.287919
v -0.588691 0.702648 -1.302641
v -0.588691 0.628636 -1.287919
v -0.588691 0.565891 -1.245994
v -0.588691 0.523967 -1.183250
v -0.588691 0.509245 -1.109238
v -0.588691 0.523967 -1.035226
v -0.588691 0.565891 -0.972481
v -0.588691 0.628636 -0.930557
v -1.531834 -0.024583 -1.109237
v -1.531834 0.030774 -0.830938
v -1.531834 1.374522 -1.387537
v -1.531834 1.216878 -1.623468
v -1.531834 0.188418 -0.595007
v -1.531834 0.980947 -1.781111
v -1.531834 0.424349 -0.437364
v -1.531834 0.702648 -1.836468
v -1.531834 0.702648 -0.382006
v -1.531834 0.980947 -0.437364
v -1.531834 0.424349 -1.781111
v -1.531834 1.216878 -0.595007
v -1.531834 0.188418 -1.623468
v -1.531834 1.374522 -0.830938
v -1.531834 0.030774 -1.387537
v -1.531834 1.429879 -1.109237
v -1.798754 0.702648 -1.569751
v -1.798754 0.526417 -1.534696
v -1.798754 0.377016 -1.434869
v -1.798754 0.277189 -1.285468
v -1.798754 0.242135 -1.109237
v -1.798754 0.277189 -0.933007
v -1.798754 0.377016 -0.783605
v -1.798754 0.878879 -0.683779
v -1.798754 0.702648 -0.648724
v -1.798754 0.526417 -0.683779
v -1.798754 1.028280 -0.783605
v -1.798754 1.128107 -0.933007
v -1.798754 1.163161 -1.109237
v -1.798754 1.128107 -1.285468
v -1.798754 1.028280 -1.434869
v -1.798754 0.878879 -1.534696
v -1.770109 0.702648 -0.659441
v -1.770110 0.702648 -1.559034
v -1.770110 0.530518 -1.524796
v -1.770110 0.384594 -1.427292
v -1.770109 0.287090 -1.281367
v -1.770109 0.252851 -1.109237
v -1.770109 0.287090 -0.937108
v -1.770109 0.384594 -0.791183
v -1.770109 0.874778 -0.693679
v -1.770109 0.530518 -0.693679
v -1.770109 1.020702 -0.791183
v -1.770109 1.118206 -0.937108
v -1.770109 1.152445 -1.109237
v -1.770109 1.118206 -1.281367
v -1.770109 1.020702 -1.427292
v -1.770110 0.874778 -1.524796
v -1.650660 0.903654 -1.109258
v -1.650660 0.844781 -1.251391
v -1.650660 0.702648 -1.310264
v -1.650660 0.560515 -1.251391
v -1.650660 0.501642 -1.109258
v -1.650660 0.560515 -0.967125
v -1.650660 0.702648 -0.908252
v -1.650660 0.844781 -0.967125
v -1.788101 0.846762 -1.109258
v -1.788101 0.804552 -1.211162
v -1.788101 0.702648 -1.253372
v -1.788101 0.600744 -1.211162
v -1.788100 0.558533 -1.109258
v -1.788100 0.600744 -1.007354
v -1.788100 0.702648 -0.965143
v -1.788100 0.804552 -1.007354
v -1.650660 0.375739 -0.890588
v -1.650660 0.316866 -1.032721
v -1.788100 0.375739 -0.890588
v -1.788100 0.316866 -1.032721
v -1.650660 0.626111 -0.723476
v -1.650660 0.483978 -0.782349
v -1.788100 0.626111 -0.723476
v -1.788100 0.483978 -0.782349
v -1.650660 0.921317 -0.782349
v -1.650660 0.779185 -0.723476
v -1.788100 0.921317 -0.782349
v -1.788100 0.779185 -0.723476
v -1.650660 1.088430 -1.032721
v -1.650660 1.029557 -0.890588
v -1.788100 1.088430 -1.032721
v -1.788100 1.029557 -0.890588
v -1.650660 1.029557 -1.327927
v -1.650660 1.088430 -1.185794
v -1.788101 1.029557 -1.327927
v -1.788101 1.088430 -1.185794
v -1.650660 0.779185 -1.495040
v -1.650660 0.921317 -1.436167
v -1.788101 0.779185 -1.495040
v -1.788101 0.921317 -1.436167
v -1.650660 0.483978 -1.436167
v -1.650660 0.626111 -1.495040
v -1.788101 0.483978 -1.436167
v -1.788101 0.626111 -1.495040
v -1.650660 0.316866 -1.185795
v -1.650660 0.375739 -1.327927
v -1.788101 0.316866 -1.185795
v -1.788101 0.375739 -1.327927
v -1.788101 0.844781 -1.251391
v -1.788101 0.903654 -1.109258
v -1.788101 0.702648 -1.310264
v -1.788101 0.560515 -1.251391
v -1.788100 0.501642 -1.109258
v -1.788100 0.560515 -0.967125
v -1.788100 0.702648 -0.908252
v -1.788100 0.844781 -0.967125
v -1.723810 0.702648 -1.253372
v -1.723810 0.600744 -1.007354
v -1.723810 0.804552 -1.211162
v -1.723810 0.702648 -0.965143
v -1.723810 0.846762 -1.109258
v -1.723810 0.600744 -1.211162
v -1.723810 0.558533 -1.109258
v -1.723810 0.804552 -1.007354
v -1.697513 0.780807 -1.126585
v -1.697513 0.745662 -1.176777
v -1.697513 0.685321 -1.187416
v -1.697513 0.635129 -1.152272
v -1.697513 0.624489 -1.091930
v -1.697513 0.659634 -1.041739
v -1.697513 0.719975 -1.031099
v -1.697513 0.770167 -1.066243
v -1.752252 0.758685 -1.121681
v -1.752252 0.733488 -1.157666
v -1.752252 0.690225 -1.165295
v -1.752252 0.654239 -1.140097
v -1.752252 0.646611 -1.096835
v -1.752252 0.671808 -1.060849
v -1.752252 0.715071 -1.053221
v -1.752252 0.751057 -1.078418
v -1.697513 0.594384 -0.996050
v -1.697513 0.559239 -1.046242
v -1.752252 0.594384 -0.996050
v -1.752252 0.559239 -1.046242
v -1.697513 0.706143 -0.952653
v -1.697513 0.645802 -0.963293
v -1.752252 0.706143 -0.952653
v -1.752252 0.645802 -0.963293
v -1.697513 0.815856 -1.000993
v -1.697513 0.765664 -0.965849
v -1.752252 0.815856 -1.000993
v -1.752252 0.765664 -0.965849
v -1.697513 0.859252 -1.112753
v -1.697513 0.848612 -1.052411
v -1.752252 0.859252 -1.112753
v -1.752252 0.848612 -1.052411
v -1.697513 0.810912 -1.222465
v -1.697513 0.846057 -1.172274
v -1.752252 0.810912 -1.222465
v -1.752252 0.846057 -1.172274
v -1.697513 0.699153 -1.265862
v -1.697513 0.759494 -1.255222
v -1.752252 0.699153 -1.265862
v -1.752252 0.759494 -1.255222
v -1.697513 0.589441 -1.217522
v -1.697513 0.639632 -1.252667
v -1.752252 0.589441 -1.217522
v -1.752252 0.639632 -1.252666
v -1.697513 0.546044 -1.105762
v -1.697513 0.556684 -1.166104
v -1.752252 0.546044 -1.105762
v -1.752252 0.556684 -1.166104
v -1.752252 0.745662 -1.176777
v -1.752252 0.780807 -1.126585
v -1.752252 0.685321 -1.187416
v -1.752252 0.635129 -1.152272
v -1.752252 0.624489 -1.091930
v -1.752252 0.659634 -1.041739
v -1.752252 0.719975 -1.031099
v -1.752252 0.770167 -1.066243
v -1.726647 0.690225 -1.165295
v -1.726647 0.671808 -1.060849
v -1.726647 0.733488 -1.157666
v -1.726647 0.715071 -1.053221
v -1.726647 0.758685 -1.121681
v -1.726647 0.654239 -1.140097
v -1.726647 0.646611 -1.096835
v -1.726647 0.751057 -1.078418
v -1.767520 0.702648 -2.059010
v -1.767520 0.981413 -2.114460
v -1.767520 1.217739 -2.272367
v -1.767521 1.375646 -2.508693
v -1.767521 1.431096 -2.787458
v -1.767521 1.375646 -3.066223
v -1.767521 1.217739 -3.302549
v -1.767521 0.981413 -3.460456
v -1.767521 0.702648 -3.515906
v -1.767521 0.423883 -3.460456
v -1.767521 0.187557 -3.302549
v -1.767521 0.029650 -3.066223
v -1.767521 -0.025800 -2.787458
v -1.767521 0.029650 -2.508693
v -1.767521 0.187557 -2.272367
v -1.767520 0.423883 -2.114460
v -1.718343 0.702648 -2.384176
v -1.718343 0.856977 -2.414874
v -1.718343 0.987811 -2.502295
v -1.718343 1.075232 -2.633129
v -1.718343 1.105930 -2.787458
v -1.718343 1.075232 -2.941787
v -1.718343 0.987811 -3.072622
v -1.718343 0.856977 -3.160042
v -1.718343 0.702648 -3.190740
v -1.718343 0.548319 -3.160042
v -1.718343 0.417485 -3.072622
v -1.718343 0.330064 -2.941787
v -1.718343 0.299366 -2.787458
v -1.718343 0.330064 -2.633129
v -1.718343 0.417485 -2.502295
v -1.718343 0.548319 -2.414874
v -1.776437 0.702648 -2.130650
v -1.776437 0.953997 -2.180646
v -1.776437 1.167081 -2.323025
v -1.776437 1.309459 -2.536108
v -1.776437 1.359456 -2.787458
v -1.776437 1.309459 -3.038808
v -1.776437 1.167081 -3.251892
v -1.776437 0.953997 -3.394269
v -1.776437 0.702648 -3.444266
v -1.776437 0.451298 -3.394269
v -1.776437 0.238214 -3.251892
v -1.776437 0.095837 -3.038808
v -1.776437 0.045840 -2.787458
v -1.776437 0.095837 -2.536108
v -1.776437 0.238214 -2.323025
v -1.776437 0.451298 -2.180646
v -1.798754 0.702648 -2.269180
v -1.798754 0.900984 -2.308632
v -1.798754 1.069126 -2.420980
v -1.798754 1.181474 -2.589122
v -1.798754 1.220926 -2.787458
v -1.798754 1.181474 -2.985794
v -1.798754 1.069126 -3.153936
v -1.798754 0.900984 -3.266284
v -1.798754 0.702648 -3.305736
v -1.798754 0.504312 -3.266284
v -1.798754 0.336170 -3.153936
v -1.798754 0.223822 -2.985795
v -1.798754 0.184370 -2.787458
v -1.798754 0.223822 -2.589122
v -1.798754 0.336170 -2.420980
v -1.798754 0.504312 -2.308632
v -1.287471 0.702648 -2.059201
v -1.287471 0.981340 -2.114636
v -1.287471 1.217604 -2.272502
v -1.287471 1.375470 -2.508766
v -1.287471 1.430905 -2.787458
v -1.287471 1.375470 -3.066150
v -1.287472 1.217604 -3.302414
v -1.287472 0.981340 -3.460280
v -1.287471 0.702648 -3.515716
v -1.287471 0.423956 -3.460280
v -1.287471 0.187692 -3.302414
v -1.287471 0.029826 -3.066150
v -1.287471 -0.025610 -2.787458
v -1.287471 0.029826 -2.508766
v -1.287471 0.187692 -2.272502
v -1.287471 0.423956 -2.114636
v -1.271288 0.702648 -2.132331
v -1.271288 0.953354 -2.182200
v -1.271288 1.165892 -2.324214
v -1.271289 1.307906 -2.536752
v -1.271289 1.357774 -2.787458
v -1.271289 1.307906 -3.038164
v -1.271289 1.165892 -3.250703
v -1.271289 0.953354 -3.392716
v -1.271289 0.702648 -3.442585
v -1.271289 0.451942 -3.392716
v -1.271289 0.239403 -3.250703
v -1.271289 0.097390 -3.038164
v -1.271289 0.047521 -2.787458
v -1.271288 0.097390 -2.536752
v -1.271288 0.239403 -2.324214
v -1.271288 0.451942 -2.182200
v -1.296225 0.702648 -2.323562
v -1.296225 0.880173 -2.358874
v -1.296225 1.030672 -2.459434
v -1.296225 1.131232 -2.609933
v -1.296225 1.166544 -2.787458
v -1.296225 1.131232 -2.964983
v -1.296225 1.030672 -3.115482
v -1.296225 0.880173 -3.216042
v -1.296225 0.702648 -3.251354
v -1.296225 0.525123 -3.216042
v -1.296225 0.374624 -3.115482
v -1.296225 0.274064 -2.964983
v -1.296225 0.238752 -2.787458
v -1.296225 0.274064 -2.609933
v -1.296225 0.374624 -2.459434
v -1.296225 0.525123 -2.358874
v -1.256403 0.702648 -2.188007
v -1.256403 0.932048 -2.233637
v -1.256403 1.126524 -2.363582
v -1.256403 1.256469 -2.558058
v -1.256403 1.302099 -2.787458
v -1.256403 1.256469 -3.016858
v -1.256403 1.126524 -3.211334
v -1.256403 0.932048 -3.341279
v -1.256403 0.702648 -3.386910
v -1.256403 0.473248 -3.341279
v -1.256403 0.278772 -3.211334
v -1.256403 0.148827 -3.016858
v -1.256403 0.103196 -2.787458
v -1.256403 0.148827 -2.558058
v -1.256403 0.278772 -2.363582
v -1.256403 0.473248 -2.233637
v -1.264210 0.702648 -2.270736
v -1.264210 0.900389 -2.310070
v -1.264210 1.068025 -2.422081
v -1.264210 1.180037 -2.589717
v -1.264210 1.219370 -2.787458
v -1.264210 1.180037 -2.985199
v -1.264210 1.068025 -3.152836
v -1.264210 0.900389 -3.264847
v -1.264210 0.702648 -3.304180
v -1.264210 0.504907 -3.264847
v -1.264210 0.337270 -3.152836
v -1.264210 0.225259 -2.985199
v -1.264210 0.185926 -2.787458
v -1.264210 0.225259 -2.589717
v -1.264210 0.337270 -2.422081
v -1.264210 0.504907 -2.310070
v -0.868072 0.776068 -2.610207
v -0.868072 0.702648 -2.595603
v -0.868072 0.838310 -2.651796
v -0.868072 0.879899 -2.714038
v -0.868072 0.894503 -2.787458
v -0.868072 0.879899 -2.860878
v -0.868073 0.838310 -2.923120
v -0.868073 0.776068 -2.964709
v -0.868073 0.702648 -2.979313
v -0.868073 0.629228 -2.964709
v -0.868073 0.566986 -2.923120
v -0.868072 0.525397 -2.860878
v -0.868072 0.510793 -2.787458
v -0.868072 0.525397 -2.714038
v -0.868072 0.566986 -2.651796
v -0.868072 0.629228 -2.610207
v -0.588691 0.776660 -2.608777
v -0.588691 0.702648 -2.594055
v -0.588691 0.839405 -2.650702
v -0.588691 0.881329 -2.713446
v -0.588691 0.896051 -2.787458
v -0.588691 0.881329 -2.861470
v -0.588691 0.839405 -2.924215
v -0.588691 0.776660 -2.966140
v -0.588691 0.702648 -2.980861
v -0.588691 0.628636 -2.966140
v -0.588691 0.565891 -2.924215
v -0.588691 0.523967 -2.861470
v -0.588691 0.509245 -2.787458
v -0.588691 0.523967 -2.713446
v -0.588691 0.565891 -2.650702
v -0.588691 0.628636 -2.608777
v -1.531834 -0.024583 -2.787458
v -1.531834 0.030774 -2.509159
v -1.531834 1.374522 -3.065757
v -1.531834 1.216878 -3.301688
v -1.531834 0.188418 -2.273228
v -1.531834 0.980947 -3.459332
v -1.531834 0.424349 -2.115584
v -1.531834 0.702648 -3.514689
v -1.531834 0.702648 -2.060227
v -1.531834 0.980947 -2.115584
v -1.531834 0.424349 -3.459332
v -1.531834 1.216878 -2.273228
v -1.531834 0.188418 -3.301688
v -1.531834 1.374522 -2.509159
v -1.531834 0.030774 -3.065757
v -1.531834 1.429879 -2.787458
v -1.798754 0.702648 -3.247971
v -1.798754 0.526417 -3.212917
v -1.798754 0.377016 -3.113090
v -1.798754 0.277189 -2.963689
v -1.798754 0.242135 -2.787458
v -1.798754 0.277189 -2.611227
v -1.798754 0.377016 -2.461826
v -1.798754 0.878879 -2.361999
v -1.798754 0.702648 -2.326945
v -1.798754 0.526417 -2.361999
v -1.798754 1.028280 -2.461826
v -1.798754 1.128107 -2.611227
v -1.798754 1.163161 -2.787458
v -1.798754 1.128107 -2.963689
v -1.798754 1.028280 -3.113090
v -1.798754 0.878879 -3.212917
v -1.770109 0.702648 -2.337661
v -1.770110 0.702648 -3.237255
v -1.770110 0.530518 -3.203016
v -1.770110 0.384594 -3.105512
v -1.770109 0.287090 -2.959588
v -1.770109 0.252851 -2.787458
v -1.770109 0.287090 -2.615328
v -1.770109 0.384594 -2.469404
v -1.770109 0.874778 -2.371900
v -1.770109 0.530518 -2.371900
v -1.770109 1.020702 -2.469404
v -1.770109 1.118206 -2.615328
v -1.770109 1.152445 -2.787458
v -1.770109 1.118206 -2.959588
v -1.770109 1.020702 -3.105512
v -1.770110 0.874778 -3.203016
v -1.650660 0.903654 -2.787478
v -1.650660 0.844781 -2.929611
v -1.650660 0.702648 -2.988485
v -1.650660 0.560515 -2.929611
v -1.650660 0.501642 -2.787478
v -1.650660 0.560515 -2.645346
v -1.650660 0.702648 -2.586472
v -1.650660 0.844781 -2.645346
v -1.788101 0.846762 -2.787478
v -1.788101 0.804552 -2.889383
v -1.788101 0.702648 -2.931593
v -1.788101 0.600744 -2.889383
v -1.788100 0.558533 -2.787478
v -1.788100 0.600744 -2.685574
v -1.788100 0.702648 -2.643364
v -1.788100 0.804552 -2.685574
v -1.650660 0.375739 -2.568809
v -1.650660 0.316866 -2.710942
v -1.788100 0.375739 -2.568809
v -1.788100 0.316866 -2.710942
v -1.650660 0.626111 -2.401696
v -1.650660 0.483978 -2.460570
v -1.788100 0.626111 -2.401696
v -1.788100 0.483978 -2.460570
v -1.650660 0.921317 -2.460570
v -1.650660 0.779185 -2.401696
v -1.788100 0.921317 -2.460570
v -1.788100 0.779185 -2.401696
v -1.650660 1.088430 -2.710942
v -1.650660 1.029557 -2.568809
v -1.788100 1.088430 -2.710942
v -1.788100 1.029557 -2.568809
v -1.650660 1.029557 -3.006148
v -1.650660 1.088430 -2.864015
v -1.788101 1.029557 -3.006148
v -1.788101 1.088430 -2.864015
v -1.650660 0.779185 -3.173261
v -1.650660 0.921317 -3.114387
v -1.788101 0.779185 -3.173260
v -1.788101 0.921317 -3.114387
v -1.650660 0.483978 -3.114387
v -1.650660 0.626111 -3.173261
v -1.788101 0.483978 -3.114387
v -1.788101 0.626111 -3.173260
v -1.650660 0.316866 -2.864015
v -1.650660 0.375739 -3.006148
v -1.788101 0.316866 -2.864015
v -1.788101 0.375739 -3.006148
v -1.788101 0.844781 -2.929611
v -1.788101 0.903654 -2.787478
v -1.788101 0.702648 -2.988485
v -1.788101 0.560515 -2.929611
v -1.788100 0.501642 -2.787478
v -1.788100 0.560515 -2.645346
v -1.788100 0.702648 -2.586472
v -1.788100 0.844781 -2.645346
v -1.723810 0.702648 -2.931593
v -1.723810 0.600744 -2.685574
v -1.723810 0.804552 -2.889383
v -1.723810 0.702648 -2.643364
v -1.723810 0.846762 -2.787478
v -1.723810 0.600744 -2.889383
v -1.723810 0.558533 -2.787478
v -1.723810 0.804552 -2.685574
v -1.697513 0.780807 -2.804806
v -1.697513 0.745662 -2.854997
v -1.697513 0.685321 -2.865637
v -1.697513 0.635129 -2.830492
v -1.697513 0.624489 -2.770151
v -1.697513 0.659634 -2.719959
v -1.697513 0.719975 -2.709320
v -1.697513 0.770167 -2.744464
v -1.752252 0.758685 -2.799901
v -1.752252 0.733488 -2.835887
v -1.752252 0.690225 -2.843515
v -1.752252 0.654239 -2.818318
v -1.752252 0.646611 -2.775055
v -1.752252 0.671808 -2.739070
v -1.752252 0.715071 -2.731441
v -1.752252 0.751057 -2.756639
v -1.697513 0.594384 -2.674271
v -1.697513 0.559239 -2.724462
v -1.752252 0.594384 -2.674271
v -1.752252 0.559239 -2.724462
v -1.697513 0.706143 -2.630874
v -1.697513 0.645802 -2.641514
v -1.752252 0.706143 -2.630874
v -1.752252 0.645802 -2.641514
v -1.697513 0.815856 -2.679214
v -1.697513 0.765664 -2.644069
v -1.752252 0.815856 -2.679214
v -1.752252 0.765664 -2.644069
v -1.697513 0.859252 -2.790974
v -1.697513 0.848612 -2.730632
v -1.752252 0.859252 -2.790974
v -1.752252 0.848612 -2.730632
v -1.697513 0.810912 -2.900686
v -1.697513 0.846057 -2.850494
v -1.752252 0.810912 -2.900686
v -1.752252 0.846057 -2.850494
v -1.697513 0.699153 -2.944082
v -1.697513 0.759494 -2.933443
v -1.752252 0.699153 -2.944082
v -1.752252 0.759494 -2.933443
v -1.697513 0.589441 -2.895743
v -1.697513 0.639632 -2.930887
v -1.752252 0.589441 -2.895743
v -1.752252 0.639632 -2.930887
v -1.697513 0.546044 -2.783983
v -1.697513 0.556684 -2.844325
v -1.752252 0.546044 -2.783983
v -1.752252 0.556684 -2.844325
v -1.752252 0.745662 -2.854997
v -1.752252 0.780807 -2.804806
v -1.752252 0.685321 -2.865637
v -1.752252 0.635129 -2.830492
v -1.752252 0.624489 -2.770151
v -1.752252 0.659634 -2.719959
v -1.752252 0.719975 -2.709320
v -1.752252 0.770167 -2.744464
v -1.726647 0.690225 -2.843515
v -1.726647 0.671808 -2.739070
v -1.726647 0.733488 -2.835887
v -1.726647 0.715071 -2.731441
v -1.726647 0.758685 -2.799901
v -1.726647 0.654239 -2.818318
v -1.726647 0.646611 -2.775055
v -1.726647 0.751057 -2.756639
v 0.286311 1.788780 -4.059542
v 0.457538 1.788780 -4.059542
v 0.286311 1.894525 -4.059542
v 0.457538 1.894525 -4.059542
v 0.371925 1.788780 -4.087164
v 0.371925 1.894525 -4.087164
v 0.293277 1.794585 -3.907705
v 0.450572 1.794585 -3.907705
v 0.293277 1.888719 -3.907705
v 0.450572 1.888719 -3.907705
v 0.371925 1.794585 -3.907705
v 0.371925 1.888719 -3.907705
v 0.286311 1.021079 -4.059542
v 0.457538 1.021079 -4.059542
v 0.286311 1.126824 -4.059542
v 0.457538 1.126824 -4.059542
v 0.371925 1.021079 -4.087164
v 0.371925 1.126824 -4.087164
v 0.293277 1.026884 -3.907705
v 0.450572 1.026884 -3.907705
v 0.293277 1.121018 -3.907705
v 0.450572 1.121018 -3.907705
v 0.371925 1.026884 -3.907705
v 0.371925 1.121018 -3.907705
v 0.829327 2.182940 2.392212
v 0.576321 2.182940 2.139206
v 0.702824 2.182940 2.358316
v 0.610217 2.182940 2.265709
v 1.188427 2.182940 2.139206
v 0.935421 2.182940 2.392212
v 1.154531 2.182940 2.265709
v 1.061924 2.182940 2.358316
v 0.576321 2.182940 1.802447
v 0.659701 2.182940 1.719067
v 0.600742 2.182940 1.743489
v 1.105047 2.182940 1.719067
v 1.188427 2.182940 1.802447
v 1.164006 2.182940 1.743489
v 0.817053 2.182940 0.965954
v 0.502453 2.182940 0.651355
v 0.660534 2.182940 0.923677
v 0.544731 2.182940 0.807874
v 0.585215 2.317381 0.355423
v 0.618049 2.317128 0.232786
v 1.179533 2.317381 0.355423
v 1.146699 2.317128 0.232786
v 1.262295 2.182940 0.651355
v 0.947695 2.182940 0.965954
v 1.220017 2.182940 0.807874
v 1.104214 2.182940 0.923677
v 0.933567 2.317402 0.109471
v 1.056203 2.317136 0.142296
v 0.708545 2.317136 0.142296
v 0.831181 2.317402 0.109471
v 0.660534 2.182940 0.047804
v 0.544731 2.182940 0.163607
v 0.817053 2.182940 0.005526
v 0.502453 2.182940 0.320126
v 1.179533 2.317381 0.616058
v 1.146699 2.317128 0.738695
v 0.933567 2.317402 0.862010
v 1.056203 2.317136 0.829184
v 1.220017 2.182940 0.163607
v 1.104213 2.182940 0.047804
v 1.262295 2.182940 0.320126
v 0.947695 2.182940 0.005526
v 0.585215 2.317381 0.616058
v 0.618049 2.317128 0.738695
v 0.708545 2.317136 0.829184
v 0.831181 2.317402 0.862010
v 0.941146 2.365063 -0.031119
v 0.941146 2.365063 0.140109
v 0.821228 2.365063 -0.031119
v 0.821228 2.365063 0.140109
v 0.941146 2.392685 0.054495
v 0.821228 2.392685 0.054495
v 0.828304 2.372921 0.883152
v 0.831432 2.396518 0.859368
v 0.829220 2.389684 0.876186
v 0.711092 2.396529 0.827157
v 0.698783 2.372647 0.848484
v 0.702388 2.389494 0.842238
v 0.624545 2.396529 0.740610
v 0.603217 2.372647 0.752919
v 0.609464 2.389494 0.749314
v 0.592334 2.396518 0.620270
v 0.568550 2.372921 0.623398
v 0.575516 2.389684 0.622482
v 1.065965 2.372647 0.848484
v 1.053656 2.396529 0.827157
v 1.062360 2.389494 0.842238
v 0.933316 2.396518 0.859368
v 0.936444 2.372921 0.883152
v 0.935528 2.389684 0.876186
v 1.161530 2.372647 0.752919
v 1.140203 2.396529 0.740610
v 1.155284 2.389494 0.749314
v 1.196198 2.372921 0.623398
v 1.172414 2.396518 0.620270
v 1.189232 2.389684 0.622482
v 0.831432 2.396518 0.112113
v 0.828304 2.372921 0.088329
v 0.829220 2.389684 0.095295
v 0.698782 2.372647 0.122996
v 0.711092 2.396529 0.144324
v 0.702388 2.389494 0.129243
v 1.053656 2.396529 0.144324
v 1.065965 2.372647 0.122996
v 1.062360 2.389494 0.129243
v 0.936444 2.372921 0.088329
v 0.933316 2.396518 0.112113
v 0.935528 2.389684 0.095295
v 1.140203 2.396529 0.230871
v 1.161530 2.372647 0.218562
v 1.155284 2.389494 0.222167
v 1.172414 2.396518 0.351211
v 1.196198 2.372921 0.348083
v 1.189232 2.389684 0.348999
v 0.624545 2.396529 0.230871
v 0.603217 2.372647 0.218562
v 0.609464 2.389494 0.222167
v 0.568550 2.372921 0.348083
v 0.592334 2.396518 0.351211
v 0.575516 2.389684 0.348999
v 0.941146 2.213227 -0.024152
v 0.941146 2.213227 0.133142
v 0.821228 2.213227 -0.024152
v 0.821228 2.213227 0.133142
v 0.941146 2.213227 0.054495
v 0.821228 2.213227 0.054495
v 0.600675 2.309527 2.136000
v 0.576321 2.285173 2.139206
v 0.583454 2.302394 2.138267
v 0.832533 2.309527 2.367859
v 0.829327 2.285173 2.392212
v 0.830266 2.302394 2.385079
v 0.632052 2.309527 2.253103
v 0.610217 2.285173 2.265709
v 0.616613 2.302394 2.262017
v 0.715430 2.309527 2.336481
v 0.702824 2.285173 2.358316
v 0.706516 2.302394 2.351921
v 0.932215 2.309527 2.367859
v 0.935421 2.285173 2.392212
v 0.934482 2.302394 2.385079
v 1.164073 2.309527 2.136000
v 1.188427 2.285173 2.139206
v 1.181294 2.302394 2.138267
v 1.049318 2.309527 2.336481
v 1.061924 2.285173 2.358316
v 1.058232 2.302394 2.351921
v 1.132696 2.309527 2.253103
v 1.154531 2.285173 2.265709
v 1.148135 2.302394 2.262017
v 0.664545 2.309527 1.743421
v 0.659701 2.285173 1.719067
v 0.661119 2.302394 1.726200
v 0.600675 2.309527 1.807291
v 0.576321 2.285173 1.802447
v 0.583454 2.302394 1.803866
v 0.619382 2.309527 1.762128
v 0.600742 2.285173 1.743489
v 0.606202 2.302394 1.748948
v 1.164073 2.309527 1.807291
v 1.188427 2.285173 1.802447
v 1.181294 2.302394 1.803866
v 1.100203 2.309527 1.743421
v 1.105047 2.285173 1.719067
v 1.103629 2.302394 1.726200
v 1.145366 2.309527 1.762128
v 1.164006 2.285173 1.743489
v 1.158546 2.302394 1.748948
v 0.810529 2.365063 1.581142
v 0.810529 2.365063 1.752370
v 0.704784 2.365063 1.581142
v 0.704783 2.365063 1.752370
v 0.810529 2.392685 1.666756
v 0.704784 2.392685 1.666756
v 0.790707 2.206260 1.604927
v 0.810529 2.230045 1.581142
v 0.790707 2.206260 1.728585
v 0.810529 2.230045 1.752370
v 0.724606 2.206260 1.604927
v 0.704784 2.230045 1.581142
v 0.724606 2.206260 1.728585
v 0.704783 2.230045 1.752370
v 0.810529 2.230045 1.666756
v 0.790707 2.206260 1.666756
v 0.704784 2.230045 1.666756
v 0.724606 2.206260 1.666756
v 1.067279 2.365063 1.581142
v 1.067279 2.365063 1.752370
v 0.961534 2.365063 1.581142
v 0.961534 2.365063 1.752370
v 1.067279 2.392685 1.666756
v 0.961534 2.392685 1.666756
v 1.047457 2.206260 1.604927
v 1.067279 2.230045 1.581142
v 1.047457 2.206260 1.728585
v 1.067279 2.230045 1.752370
v 0.981356 2.206260 1.604927
v 0.961534 2.230045 1.581142
v 0.981356 2.206260 1.728585
v 0.961534 2.230045 1.752370
v 1.067279 2.230045 1.666756
v 1.047457 2.206260 1.666756
v 0.961534 2.230045 1.666756
v 0.981356 2.206260 1.666756
v 0.568550 2.326075 0.623398
v 0.564564 2.308703 0.625084
v 0.827629 2.308746 0.888119
v 0.828304 2.326075 0.883152
v 0.603217 2.325801 0.752919
v 0.599687 2.308437 0.756237
v 0.698783 2.325801 0.848484
v 0.696479 2.308455 0.853013
v 0.936444 2.326075 0.883152
v 0.937119 2.308746 0.888119
v 1.200184 2.308703 0.625084
v 1.196198 2.326075 0.623398
v 1.068269 2.308455 0.853013
v 1.065965 2.325801 0.848484
v 1.165061 2.308437 0.756237
v 1.161530 2.325801 0.752919
v 1.065965 2.325801 0.122996
v 1.068269 2.308455 0.118467
v 1.161530 2.325801 0.218562
v 1.165061 2.308437 0.215244
v 0.937119 2.308746 0.083362
v 0.936444 2.326075 0.088329
v 1.196198 2.326075 0.348083
v 1.200184 2.308703 0.346397
v 0.828304 2.326075 0.088329
v 0.827629 2.308746 0.083362
v 0.564564 2.308703 0.346397
v 0.568550 2.326075 0.348083
v 0.696479 2.308455 0.118467
v 0.698782 2.325801 0.122996
v 0.603217 2.325801 0.218562
v 0.599687 2.308437 0.215244
v -0.911671 1.735106 2.816248
v -0.789868 2.280692 2.616092
v -0.911671 1.735106 1.589595
v -0.787637 2.280692 1.683277
v 0.242657 1.735106 2.816248
v -0.041878 2.280692 2.616092
v 0.242657 1.735106 1.589595
v -0.146571 2.280692 1.683277
v -1.536565 1.735106 2.208712
v -1.536565 2.280692 2.208712
v -1.536565 1.735106 1.294506
v -1.536565 2.280692 1.294506
v -1.067885 1.735106 2.208712
v -1.067885 2.280692 2.208712
v -1.067885 1.735106 1.294506
v -1.067885 2.280692 1.294506
v -0.911671 1.735106 2.064056
v -0.787637 2.280692 1.970374
v 0.242657 1.735106 2.064056
v -0.146571 2.280692 1.970374
v -0.789868 2.280692 2.107506
v -0.911671 2.280692 1.589595
v 0.242657 2.280692 1.589595
v -0.041878 2.280692 2.107506
v 0.242657 2.280692 2.064056
v 0.242657 2.280692 2.816248
v -0.911671 2.280692 2.816248
v -0.911671 2.280692 2.064056
v -0.787637 2.244360 1.970374
v -0.787637 2.244360 1.683277
v -0.146571 2.244360 1.683277
v -0.146571 2.244360 1.970374
v -0.041878 2.244360 2.107506
v -0.041878 2.244360 2.616092
v -0.789868 2.244360 2.616092
v -0.789868 2.244360 2.107506
v -1.369833 1.750365 4.191606
v -1.369833 1.811649 4.210871
v -1.369833 1.769631 4.130322
v -1.369833 1.830915 4.149587
v 1.369833 1.750365 4.191606
v 1.369833 1.811649 4.210871
v 0.984401 1.828050 3.944491
v 0.984401 1.889334 3.963757
v 0.081376 1.811649 4.210871
v 0.081376 1.750365 4.191606
v 0.345010 1.889334 3.963757
v 0.345010 1.828050 3.944491
v 0.984401 2.018528 3.552792
v -1.369833 2.076946 3.366961
v -1.369833 2.015662 3.347696
v 0.984401 1.957243 3.533526
v 0.345010 1.957243 3.533526
v 0.345010 2.018528 3.552792
v 0.081376 1.830915 4.149587
v 1.369833 1.830915 4.149587
v 0.081376 1.769631 4.130322
v 0.081376 2.015662 3.347696
v 0.081376 2.076946 3.366961
v 1.369833 1.769631 4.130322
v 1.369833 2.076946 3.366961
v 1.369833 2.015662 3.347696
v 1.329393 0.574614 -3.560228
v 1.258920 0.588632 -3.560228
v 1.199176 0.628552 -3.560228
v 1.159256 0.688296 -3.560228
v 1.145238 0.758769 -3.560228
v 1.159256 0.829242 -3.560228
v 1.199176 0.888986 -3.560228
v 1.258920 0.928905 -3.560228
v 1.329393 0.942924 -3.560228
v 1.399866 0.928906 -3.560228
v 1.459610 0.888986 -3.560228
v 1.499530 0.829242 -3.560228
v 1.513548 0.758769 -3.560228
v 1.499530 0.688296 -3.560228
v 1.459610 0.628551 -3.560228
v 1.399866 0.588632 -3.560228
v 1.329393 0.573866 -3.788092
v 1.258634 0.587941 -3.788092
v 1.198647 0.628023 -3.788092
v 1.158566 0.688010 -3.788092
v 1.144491 0.758769 -3.788092
v 1.158566 0.829528 -3.788092
v 1.198647 0.889514 -3.788092
v 1.258634 0.929596 -3.788092
v 1.329393 0.943671 -3.788092
v 1.400152 0.929596 -3.788092
v 1.460138 0.889514 -3.788092
v 1.500220 0.829528 -3.788092
v 1.514295 0.758769 -3.788092
v 1.500220 0.688010 -3.788092
v 1.460138 0.628023 -3.788092
v 1.400152 0.587941 -3.788092
v 1.329393 1.205649 -3.560228
v 1.224484 1.205649 -3.560228
v 1.434301 1.205649 -3.560228
v 1.329393 1.205649 -3.788092
v 1.233966 1.205649 -3.788092
v 1.424820 1.205649 -3.788092
v 0.898803 0.758769 -3.560228
v 0.898803 0.653860 -3.560228
v 0.898803 0.863677 -3.560228
v 0.898803 0.758769 -3.788092
v 0.898803 0.663342 -3.788092
v 0.898803 0.854195 -3.788092
v 1.224484 0.505497 -3.560228
v 1.329393 0.484630 -3.560228
v 1.135547 0.564923 -3.560228
v 1.076121 0.653860 -3.560228
v 1.055254 0.758769 -3.560228
v 1.076121 0.863677 -3.560228
v 1.135547 0.952614 -3.560228
v 1.224484 1.012040 -3.560228
v 1.329393 1.032908 -3.560228
v 1.434301 1.012040 -3.560228
v 1.523239 0.952614 -3.560228
v 1.582664 0.863677 -3.560228
v 1.603532 0.758769 -3.560228
v 1.582664 0.653860 -3.560228
v 1.523239 0.564923 -3.560228
v 1.434301 0.505497 -3.560228
v 1.233966 0.528388 -3.788092
v 1.329393 0.509407 -3.788092
v 1.153067 0.582443 -3.788092
v 1.099012 0.663342 -3.788092
v 1.080031 0.758769 -3.788092
v 1.099012 0.854195 -3.788092
v 1.153067 0.935094 -3.788092
v 1.233966 0.989149 -3.788092
v 1.329393 1.008131 -3.788092
v 1.424820 0.989149 -3.788092
v 1.505718 0.935094 -3.788092
v 1.559773 0.854195 -3.788092
v 1.578755 0.758769 -3.788092
v 1.559773 0.663342 -3.788092
v 1.505718 0.582443 -3.788092
v 1.424820 0.528388 -3.788092
v 1.403245 0.711881 -3.574359
v 1.414019 0.743621 -3.574359
v 1.411827 0.777069 -3.574359
v 1.397002 0.807131 -3.574359
v 1.371801 0.829232 -3.574359
v 1.340061 0.840006 -3.574359
v 1.306614 0.837814 -3.574359
v 1.276551 0.822989 -3.574359
v 1.254451 0.797788 -3.574359
v 1.243676 0.766047 -3.574359
v 1.245869 0.732600 -3.574359
v 1.260694 0.702538 -3.574359
v 1.285895 0.680437 -3.574359
v 1.317635 0.669663 -3.574359
v 1.351082 0.671855 -3.574359
v 1.381144 0.686680 -3.574359
v 1.403245 0.711881 -3.720376
v 1.414019 0.743621 -3.720376
v 1.411827 0.777069 -3.720376
v 1.397002 0.807131 -3.720376
v 1.371801 0.829232 -3.720376
v 1.340061 0.840006 -3.720376
v 1.306614 0.837814 -3.720376
v 1.276551 0.822989 -3.720376
v 1.254451 0.797788 -3.720376
v 1.243676 0.766047 -3.720376
v 1.245869 0.732600 -3.720376
v 1.260694 0.702538 -3.720376
v 1.285895 0.680437 -3.720376
v 1.317635 0.669663 -3.720376
v 1.351082 0.671855 -3.720376
v 1.381144 0.686680 -3.720376
v 1.390012 0.719522 -3.767524
v 1.398869 0.745616 -3.767524
v 1.397067 0.773114 -3.767524
v 1.384879 0.797829 -3.767524
v 1.364161 0.815998 -3.767524
v 1.338066 0.824856 -3.767524
v 1.310568 0.823054 -3.767524
v 1.285854 0.810866 -3.767524
v 1.267684 0.790147 -3.767524
v 1.258826 0.764053 -3.767524
v 1.260628 0.736555 -3.767524
v 1.272816 0.711840 -3.767524
v 1.293535 0.693671 -3.767524
v 1.319629 0.684813 -3.767524
v 1.347127 0.686615 -3.767524
v 1.371842 0.698803 -3.767524
v 1.364770 0.734095 -3.809534
v 1.369972 0.749420 -3.809534
v 1.368914 0.765570 -3.809534
v 1.361756 0.780086 -3.809534
v 1.349588 0.790757 -3.809534
v 1.334262 0.795959 -3.809534
v 1.318112 0.794901 -3.809534
v 1.303597 0.787742 -3.809534
v 1.292926 0.775574 -3.809534
v 1.287723 0.760249 -3.809534
v 1.288782 0.744099 -3.809534
v 1.295940 0.729583 -3.809534
v 1.308108 0.718912 -3.809534
v 1.323434 0.713710 -3.809534
v 1.339583 0.714768 -3.809534
v 1.354099 0.721927 -3.809534
v 1.348397 0.743548 -3.831263
v 1.351229 0.751888 -3.831263
v 1.350653 0.760677 -3.831263
v 1.346757 0.768577 -3.831263
v 1.340135 0.774384 -3.831263
v 1.331794 0.777215 -3.831263
v 1.323005 0.776639 -3.831263
v 1.315106 0.772744 -3.831263
v 1.309298 0.766122 -3.831263
v 1.306467 0.757781 -3.831263
v 1.307043 0.748992 -3.831263
v 1.310939 0.741092 -3.831263
v 1.317561 0.735285 -3.831263
v 1.325901 0.732454 -3.831263
v 1.334690 0.733030 -3.831263
v 1.342590 0.736925 -3.831263
v 1.383632 0.840432 -3.565773
v 1.418259 0.735319 -3.774036
v 1.393095 0.891664 -3.564786
v 1.468414 0.731747 -3.772044
v 1.334480 0.849997 -3.573979
v 1.422539 0.784896 -3.781889
v 1.345501 0.905102 -3.575888
v 1.469221 0.780379 -3.782347
v 1.442497 0.915405 -3.599216
v 1.492877 0.884804 -3.644839
v 1.514168 0.827881 -3.687946
v 1.503260 0.767903 -3.730682
v 1.406111 0.749818 -3.724675
v 1.409701 0.769675 -3.683781
v 1.406614 0.789044 -3.644288
v 1.397380 0.806467 -3.604625
v 1.399208 0.940573 -3.616605
v 1.457228 0.917797 -3.666194
v 1.488031 0.869926 -3.708406
v 1.490014 0.817185 -3.749321
v 1.396787 0.807519 -3.743027
v 1.382587 0.820939 -3.703633
v 1.365013 0.829014 -3.664507
v 1.345043 0.830945 -3.623646
v 1.375585 0.664591 -3.565773
v 1.267241 0.687160 -3.774036
v 1.415222 0.630780 -3.564786
v 1.239070 0.645511 -3.772043
v 1.408445 0.702376 -3.573979
v 1.308036 0.658665 -3.781889
v 1.450656 0.665279 -3.575888
v 1.280784 0.620496 -3.782347
v 1.411081 0.576126 -3.599216
v 1.359390 0.547796 -3.644839
v 1.299448 0.557819 -3.687946
v 1.252959 0.597255 -3.730682
v 1.285872 0.690431 -3.724675
v 1.301274 0.677394 -3.683781
v 1.319591 0.670382 -3.644288
v 1.339297 0.669667 -3.604625
v 1.454522 0.601032 -3.616605
v 1.405787 0.562173 -3.666194
v 1.348928 0.559432 -3.708406
v 1.302262 0.584085 -3.749321
v 1.340505 0.669655 -3.743027
v 1.359226 0.675243 -3.703633
v 1.375007 0.686425 -3.664507
v 1.386664 0.702753 -3.623646
v 1.227326 0.759480 -3.565773
v 1.301043 0.842025 -3.774036
v 1.178227 0.742060 -3.564786
v 1.279059 0.887246 -3.772043
v 1.243619 0.712131 -3.573979
v 1.255969 0.820943 -3.781889
v 1.190386 0.694123 -3.575888
v 1.236539 0.863629 -3.782347
v 1.132965 0.772973 -3.599216
v 1.134276 0.831903 -3.644839
v 1.172927 0.878804 -3.687946
v 1.230324 0.899346 -3.730682
v 1.294561 0.824254 -3.724675
v 1.275569 0.817435 -3.683782
v 1.260339 0.805077 -3.644288
v 1.249866 0.788369 -3.604625
v 1.132814 0.722899 -3.616605
v 1.123528 0.784534 -3.666194
v 1.149584 0.835146 -3.708406
v 1.194268 0.863234 -3.749321
v 1.249252 0.787329 -3.743027
v 1.244731 0.768322 -3.703633
v 1.246524 0.749064 -3.664507
v 1.254836 0.730805 -3.623646
v 1.388281 0.865902 -3.562392
v 1.442740 0.729154 -3.776582
v 1.487795 0.743958 -3.752206
v 1.389930 0.817498 -3.582958
v 1.335949 0.877835 -3.571855
v 1.445671 0.782695 -3.785651
v 1.481700 0.794916 -3.768522
v 1.335102 0.832288 -3.596054
v 1.412531 0.906726 -3.577805
v 1.471572 0.906516 -3.622908
v 1.507243 0.857857 -3.666316
v 1.512625 0.797004 -3.709340
v 1.404061 0.740196 -3.751345
v 1.408909 0.759793 -3.703614
v 1.408922 0.779506 -3.664006
v 1.402859 0.798047 -3.624651
v 1.365408 0.927351 -3.593650
v 1.432269 0.935516 -3.642093
v 1.475965 0.895459 -3.687547
v 1.492443 0.843031 -3.729066
v 1.404742 0.797418 -3.764481
v 1.390180 0.814979 -3.723110
v 1.374133 0.825658 -3.684098
v 1.355419 0.830932 -3.644833
v 1.371116 0.893493 -3.630171
v 1.411915 0.882666 -3.670083
v 1.438947 0.854658 -3.709106
v 1.449077 0.820535 -3.747799
v 1.429619 0.865160 -3.599445
v 1.458396 0.838034 -3.638752
v 1.469474 0.797127 -3.678506
v 1.460500 0.754894 -3.718929
v 1.395318 0.647830 -3.562392
v 1.249662 0.669041 -3.776582
v 1.239955 0.622620 -3.752206
v 1.352575 0.670604 -3.582958
v 1.431819 0.687185 -3.571855
v 1.294564 0.639732 -3.785651
v 1.287134 0.602420 -3.768522
v 1.392797 0.710691 -3.596054
v 1.418548 0.606417 -3.577805
v 1.388846 0.555391 -3.622908
v 1.328870 0.548829 -3.666316
v 1.273479 0.574594 -3.709340
v 1.278564 0.697017 -3.751345
v 1.293112 0.683020 -3.703614
v 1.310177 0.673152 -3.664006
v 1.329265 0.669132 -3.624651
v 1.459971 0.636914 -3.593650
v 1.433612 0.574929 -3.642093
v 1.377074 0.557115 -3.687547
v 1.323431 0.569058 -3.729066
v 1.327779 0.667816 -3.764481
v 1.350269 0.671647 -3.723110
v 1.367540 0.680205 -3.684098
v 1.381465 0.693774 -3.644833
v 1.427796 0.648899 -3.630171
v 1.398020 0.618980 -3.670083
v 1.360248 0.609574 -3.709106
v 1.325632 0.617863 -3.747799
v 1.374006 0.612401 -3.599445
v 1.336126 0.601043 -3.638752
v 1.295161 0.611903 -3.678506
v 1.263074 0.640791 -3.718929
v 1.202944 0.750772 -3.562392
v 1.294141 0.866308 -3.776582
v 1.258793 0.897925 -3.752206
v 1.244038 0.776402 -3.582958
v 1.218776 0.699484 -3.571855
v 1.246308 0.842076 -3.785651
v 1.217710 0.867167 -3.768522
v 1.258644 0.721524 -3.596054
v 1.155465 0.751361 -3.577805
v 1.126125 0.802597 -3.622908
v 1.150430 0.857818 -3.666316
v 1.200440 0.892905 -3.709340
v 1.303919 0.827291 -3.751345
v 1.284523 0.821690 -3.703614
v 1.267444 0.811845 -3.664006
v 1.254419 0.797325 -3.624651
v 1.161164 0.700239 -3.593650
v 1.120663 0.754059 -3.642093
v 1.133505 0.811930 -3.687547
v 1.170669 0.852414 -3.729066
v 1.254022 0.799269 -3.764481
v 1.246094 0.777878 -3.723110
v 1.244870 0.758641 -3.684098
v 1.249659 0.739797 -3.644833
v 1.187631 0.722111 -3.630171
v 1.176608 0.762857 -3.670083
v 1.187348 0.800272 -3.709106
v 1.211835 0.826105 -3.747799
v 1.182918 0.786943 -3.599445
v 1.192021 0.825427 -3.638752
v 1.221909 0.855474 -3.678506
v 1.262970 0.868819 -3.718929
v 1.450333 0.737210 -3.739272
v 1.448360 0.803870 -3.766914
v 1.348403 0.886624 -3.609702
v 1.393273 0.891511 -3.650373
v 1.427327 0.869989 -3.689644
v 1.446157 0.837770 -3.728450
v 1.410763 0.866705 -3.580530
v 1.446198 0.854778 -3.619025
v 1.466304 0.818365 -3.658569
v 1.467426 0.775506 -3.698595
v 1.252842 0.658438 -3.739272
v 1.311558 0.626816 -3.766914
v 1.433203 0.672004 -3.609702
v 1.415000 0.630702 -3.650373
v 1.379335 0.611972 -3.689644
v 1.342017 0.611774 -3.728450
v 1.384773 0.627959 -3.580530
v 1.356727 0.603234 -3.619025
v 1.315138 0.604029 -3.658569
v 1.277461 0.624486 -3.698595
v 1.283369 0.868856 -3.739272
v 1.226626 0.833817 -3.766914
v 1.204937 0.705875 -3.609702
v 1.178270 0.742290 -3.650373
v 1.179882 0.782543 -3.689644
v 1.198369 0.814960 -3.728450
v 1.191008 0.769840 -3.580530
v 1.183619 0.806491 -3.619025
v 1.205101 0.842110 -3.658569
v 1.241657 0.864511 -3.698595
v 1.359056 0.845215 -3.569876
v 1.420399 0.760107 -3.777963
v 1.369298 0.898383 -3.570337
v 1.468817 0.756063 -3.777195
v 1.420853 0.927989 -3.607910
v 1.475053 0.901300 -3.655517
v 1.501100 0.848904 -3.698176
v 1.496637 0.792544 -3.740002
v 1.371212 0.818706 -3.614135
v 1.385813 0.809029 -3.654397
v 1.396144 0.795307 -3.693707
v 1.401449 0.778669 -3.733850
v 1.362115 0.871868 -3.567123
v 1.484747 0.769437 -3.760364
v 1.404402 0.768807 -3.757913
v 1.444206 0.755925 -3.781116
v 1.388970 0.917038 -3.585728
v 1.451921 0.921016 -3.632500
v 1.491604 0.876658 -3.676931
v 1.502534 0.820018 -3.719203
v 1.362516 0.824893 -3.589506
v 1.379139 0.814490 -3.634742
v 1.391527 0.802582 -3.674052
v 1.399544 0.787386 -3.713362
v 1.392015 0.683483 -3.569876
v 1.287638 0.672913 -3.777963
v 1.432939 0.648030 -3.570337
v 1.259927 0.633003 -3.777195
v 1.432801 0.588579 -3.607910
v 1.382588 0.554984 -3.655517
v 1.324188 0.558625 -3.698176
v 1.277610 0.590670 -3.740002
v 1.362980 0.686210 -3.614135
v 1.347299 0.678404 -3.654397
v 1.330250 0.676319 -3.693707
v 1.313188 0.680043 -3.733850
v 1.413568 0.667508 -3.567123
v 1.263545 0.612520 -3.760364
v 1.303171 0.682417 -3.757913
v 1.272113 0.654387 -3.781116
v 1.439260 0.621666 -3.585728
v 1.411229 0.565160 -3.632500
v 1.352972 0.552972 -3.676931
v 1.298455 0.571826 -3.719203
v 1.372686 0.690647 -3.589506
v 1.355365 0.681453 -3.634742
v 1.338859 0.676679 -3.674052
v 1.321690 0.677333 -3.713362
v 1.235472 0.735806 -3.569876
v 1.278506 0.831484 -3.777963
v 1.184306 0.718091 -3.570337
v 1.257799 0.875437 -3.777195
v 1.132890 0.747936 -3.607910
v 1.128902 0.808219 -3.655517
v 1.161256 0.856975 -3.698176
v 1.212296 0.881290 -3.740002
v 1.252351 0.759587 -3.614135
v 1.253431 0.777071 -3.654397
v 1.260150 0.792878 -3.693707
v 1.271906 0.805792 -3.733850
v 1.210860 0.725128 -3.567123
v 1.238252 0.882546 -3.760364
v 1.278970 0.813280 -3.757913
v 1.270225 0.854192 -3.781116
v 1.158314 0.725800 -3.585728
v 1.123394 0.778328 -3.632500
v 1.141968 0.834874 -3.676931
v 1.185555 0.872660 -3.719203
v 1.251341 0.748963 -3.589506
v 1.252039 0.768561 -3.634742
v 1.256157 0.785243 -3.674052
v 1.265309 0.799784 -3.713362
v -1.329393 0.574614 -3.560228
v -1.258920 0.588632 -3.560228
v -1.199176 0.628552 -3.560228
v -1.159256 0.688296 -3.560228
v -1.145238 0.758769 -3.560228
v -1.159256 0.829242 -3.560228
v -1.199176 0.888986 -3.560228
v -1.258920 0.928905 -3.560228
v -1.329393 0.942924 -3.560228
v -1.399866 0.928906 -3.560228
v -1.459610 0.888986 -3.560228
v -1.499530 0.829242 -3.560228
v -1.513548 0.758769 -3.560228
v -1.499530 0.688296 -3.560228
v -1.459610 0.628551 -3.560228
v -1.399866 0.588632 -3.560228
v -1.329393 0.573866 -3.788092
v -1.258634 0.587941 -3.788092
v -1.198647 0.628023 -3.788092
v -1.158566 0.688010 -3.788092
v -1.144491 0.758769 -3.788092
v -1.158566 0.829528 -3.788092
v -1.198647 0.889514 -3.788092
v -1.258634 0.929596 -3.788092
v -1.329393 0.943671 -3.788092
v -1.400152 0.929596 -3.788092
v -1.460138 0.889514 -3.788092
v -1.500220 0.829528 -3.788092
v -1.514295 0.758769 -3.788092
v -1.500220 0.688010 -3.788092
v -1.460138 0.628023 -3.788092
v -1.400152 0.587941 -3.788092
v -1.329393 1.205649 -3.560228
v -1.224484 1.205649 -3.560228
v -1.434301 1.205649 -3.560228
v -1.329393 1.205649 -3.788092
v -1.233966 1.205649 -3.788092
v -1.424820 1.205649 -3.788092
v -0.898803 0.758769 -3.560228
v -0.898803 0.653860 -3.560228
v -0.898803 0.863677 -3.560228
v -0.898803 0.758769 -3.788092
v -0.898803 0.663342 -3.788092
v -0.898803 0.854195 -3.788092
v -1.224484 0.505497 -3.560228
v -1.329393 0.484630 -3.560228
v -1.135547 0.564923 -3.560228
v -1.076121 0.653860 -3.560228
v -1.055254 0.758769 -3.560228
v -1.076121 0.863677 -3.560228
v -1.135547 0.952614 -3.560228
v -1.224484 1.012040 -3.560228
v -1.329393 1.032908 -3.560228
v -1.434301 1.012040 -3.560228
v -1.523239 0.952614 -3.560228
v -1.582664 0.863677 -3.560228
v -1.603532 0.758769 -3.560228
v -1.582664 0.653860 -3.560228
v -1.523239 0.564923 -3.560228
v -1.434301 0.505497 -3.560228
v -1.233966 0.528388 -3.788092
v -1.329393 0.509407 -3.788092
v -1.153067 0.582443 -3.788092
v -1.099012 0.663342 -3.788092
v -1.080031 0.758769 -3.788092
v -1.099012 0.854195 -3.788092
v -1.153067 0.935094 -3.788092
v -1.233966 0.989149 -3.788092
v -1.329393 1.008131 -3.788092
v -1.424820 0.989149 -3.788092
v -1.505718 0.935094 -3.788092
v -1.559773 0.854195 -3.788092
v -1.578755 0.758769 -3.788092
v -1.559773 0.663342 -3.788092
v -1.505718 0.582443 -3.788092
v -1.424820 0.528388 -3.788092
v -1.403245 0.711881 -3.574359
v -1.414019 0.743621 -3.574359
v -1.411827 0.777069 -3.574359
v -1.397002 0.807131 -3.574359
v -1.371801 0.829232 -3.574359
v -1.340061 0.840006 -3.574359
v -1.306614 0.837814 -3.574359
v -1.276551 0.822989 -3.574359
v -1.254451 0.797788 -3.574359
v -1.243676 0.766047 -3.574359
v -1.245869 0.732600 -3.574359
v -1.260694 0.702538 -3.574359
v -1.285895 0.680437 -3.574359
v -1.317635 0.669663 -3.574359
v -1.351082 0.671855 -3.574359
v -1.381144 0.686680 -3.574359
v -1.403245 0.711881 -3.720376
v -1.414019 0.743621 -3.720376
v -1.411827 0.777069 -3.720376
v -1.397002 0.807131 -3.720376
v -1.371801 0.829232 -3.720376
v -1.340061 0.840006 -3.720376
v -1.306614 0.837814 -3.720376
v -1.276551 0.822989 -3.720376
v -1.254451 0.797788 -3.720376
v -1.243676 0.766047 -3.720376
v -1.245869 0.732600 -3.720376
v -1.260694 0.702538 -3.720376
v -1.285895 0.680437 -3.720376
v -1.317635 0.669663 -3.720376
v -1.351082 0.671855 -3.720376
v -1.381144 0.686680 -3.720376
v -1.390012 0.719522 -3.767524
v -1.398869 0.745616 -3.767524
v -1.397067 0.773114 -3.767524
v -1.384879 0.797829 -3.767524
v -1.364161 0.815998 -3.767524
v -1.338066 0.824856 -3.767524
v -1.310568 0.823054 -3.767524
v -1.285854 0.810866 -3.767524
v -1.267684 0.790147 -3.767524
v -1.258826 0.764053 -3.767524
v -1.260628 0.736555 -3.767524
v -1.272816 0.711840 -3.767524
v -1.293535 0.693671 -3.767524
v -1.319629 0.684813 -3.767524
v -1.347127 0.686615 -3.767524
v -1.371842 0.698803 -3.767524
v -1.364770 0.734095 -3.809534
v -1.369972 0.749420 -3.809534
v -1.368914 0.765570 -3.809534
v -1.361756 0.780086 -3.809534
v -1.349588 0.790757 -3.809534
v -1.334262 0.795959 -3.809534
v -1.318112 0.794901 -3.809534
v -1.303597 0.787742 -3.809534
v -1.292926 0.775574 -3.809534
v -1.287723 0.760249 -3.809534
v -1.288782 0.744099 -3.809534
v -1.295940 0.729583 -3.809534
v -1.308108 0.718912 -3.809534
v -1.323434 0.713710 -3.809534
v -1.339583 0.714768 -3.809534
v -1.354099 0.721927 -3.809534
v -1.348397 0.743548 -3.831263
v -1.351229 0.751888 -3.831263
v -1.350653 0.760677 -3.831263
v -1.346757 0.768577 -3.831263
v -1.340135 0.774384 -3.831263
v -1.331794 0.777215 -3.831263
v -1.323005 0.776639 -3.831263
v -1.315106 0.772744 -3.831263
v -1.309298 0.766122 -3.831263
v -1.306467 0.757781 -3.831263
v -1.307043 0.748992 -3.831263
v -1.310939 0.741092 -3.831263
v -1.317561 0.735285 -3.831263
v -1.325901 0.732454 -3.831263
v -1.334690 0.733030 -3.831263
v -1.342590 0.736925 -3.831263
v -1.383632 0.840432 -3.565773
v -1.418259 0.735319 -3.774036
v -1.393095 0.891664 -3.564786
v -1.468414 0.731747 -3.772044
v -1.334480 0.849997 -3.573979
v -1.422539 0.784896 -3.781889
v -1.345501 0.905102 -3.575888
v -1.469221 0.780379 -3.782347
v -1.442497 0.915405 -3.599216
v -1.492877 0.884804 -3.644839
v -1.514168 0.827881 -3.687946
v -1.503260 0.767903 -3.730682
v -1.406111 0.749818 -3.724675
v -1.409701 0.769675 -3.683781
v -1.406614 0.789044 -3.644288
v -1.397380 0.806467 -3.604625
v -1.399208 0.940573 -3.616605
v -1.457228 0.917797 -3.666194
v -1.488031 0.869926 -3.708406
v -1.490014 0.817185 -3.749321
v -1.396787 0.807519 -3.743027
v -1.382587 0.820939 -3.703633
v -1.365013 0.829014 -3.664507
v -1.345043 0.830945 -3.623646
v -1.375585 0.664591 -3.565773
v -1.267241 0.687160 -3.774036
v -1.415222 0.630780 -3.564786
v -1.239070 0.645511 -3.772043
v -1.408445 0.702376 -3.573979
v -1.308036 0.658665 -3.781889
v -1.450656 0.665279 -3.575888
v -1.280784 0.620496 -3.782347
v -1.411081 0.576126 -3.599216
v -1.359390 0.547796 -3.644839
v -1.299448 0.557819 -3.687946
v -1.252959 0.597255 -3.730682
v -1.285872 0.690431 -3.724675
v -1.301274 0.677394 -3.683781
v -1.319591 0.670382 -3.644288
v -1.339297 0.669667 -3.604625
v -1.454522 0.601032 -3.616605
v -1.405787 0.562173 -3.666194
v -1.348928 0.559432 -3.708406
v -1.302262 0.584085 -3.749321
v -1.340505 0.669655 -3.743027
v -1.359226 0.675243 -3.703633
v -1.375007 0.686425 -3.664507
v -1.386664 0.702753 -3.623646
v -1.227326 0.759480 -3.565773
v -1.301043 0.842025 -3.774036
v -1.178227 0.742060 -3.564786
v -1.279059 0.887246 -3.772043
v -1.243619 0.712131 -3.573979
v -1.255969 0.820943 -3.781889
v -1.190386 0.694123 -3.575888
v -1.236539 0.863629 -3.782347
v -1.132965 0.772973 -3.599216
v -1.134276 0.831903 -3.644839
v -1.172927 0.878804 -3.687946
v -1.230324 0.899346 -3.730682
v -1.294561 0.824254 -3.724675
v -1.275569 0.817435 -3.683782
v -1.260339 0.805077 -3.644288
v -1.249866 0.788369 -3.604625
v -1.132814 0.722899 -3.616605
v -1.123528 0.784534 -3.666194
v -1.149584 0.835146 -3.708406
v -1.194268 0.863234 -3.749321
v -1.249252 0.787329 -3.743027
v -1.244731 0.768322 -3.703633
v -1.246524 0.749064 -3.664507
v -1.254836 0.730805 -3.623646
v -1.388281 0.865902 -3.562392
v -1.442740 0.729154 -3.776582
v -1.487795 0.743958 -3.752206
v -1.389930 0.817498 -3.582958
v -1.335949 0.877835 -3.571855
v -1.445671 0.782695 -3.785651
v -1.481700 0.794916 -3.768522
v -1.335102 0.832288 -3.596054
v -1.412531 0.906726 -3.577805
v -1.471572 0.906516 -3.622908
v -1.507243 0.857857 -3.666316
v -1.512625 0.797004 -3.709340
v -1.404061 0.740196 -3.751345
v -1.408909 0.759793 -3.703614
v -1.408922 0.779506 -3.664006
v -1.402859 0.798047 -3.624651
v -1.365408 0.927351 -3.593650
v -1.432269 0.935516 -3.642093
v -1.475965 0.895459 -3.687547
v -1.492443 0.843031 -3.729066
v -1.404742 0.797418 -3.764481
v -1.390180 0.814979 -3.723110
v -1.374133 0.825658 -3.684098
v -1.355419 0.830932 -3.644833
v -1.371116 0.893493 -3.630171
v -1.411915 0.882666 -3.670083
v -1.438947 0.854658 -3.709106
v -1.449077 0.820535 -3.747799
v -1.429619 0.865160 -3.599445
v -1.458396 0.838034 -3.638752
v -1.469474 0.797127 -3.678506
v -1.460500 0.754894 -3.718929
v -1.395318 0.647830 -3.562392
v -1.249662 0.669041 -3.776582
v -1.239955 0.622620 -3.752206
v -1.352575 0.670604 -3.582958
v -1.431819 0.687185 -3.571855
v -1.294564 0.639732 -3.785651
v -1.287134 0.602420 -3.768522
v -1.392797 0.710691 -3.596054
v -1.418548 0.606417 -3.577805
v -1.388846 0.555391 -3.622908
v -1.328870 0.548829 -3.666316
v -1.273479 0.574594 -3.709340
v -1.278564 0.697017 -3.751345
v -1.293112 0.683020 -3.703614
v -1.310177 0.673152 -3.664006
v -1.329265 0.669132 -3.624651
v -1.459971 0.636914 -3.593650
v -1.433612 0.574929 -3.642093
v -1.377074 0.557115 -3.687547
v -1.323431 0.569058 -3.729066
v -1.327779 0.667816 -3.764481
v -1.350269 0.671647 -3.723110
v -1.367540 0.680205 -3.684098
v -1.381465 0.693774 -3.644833
v -1.427796 0.648899 -3.630171
v -1.398020 0.618980 -3.670083
v -1.360248 0.609574 -3.709106
v -1.325632 0.617863 -3.747799
v -1.374006 0.612401 -3.599445
v -1.336126 0.601043 -3.638752
v -1.295161 0.611903 -3.678506
v -1.263074 0.640791 -3.718929
v -1.202944 0.750772 -3.562392
v -1.294141 0.866308 -3.776582
v -1.258793 0.897925 -3.752206
v -1.244038 0.776402 -3.582958
v -1.218776 0.699484 -3.571855
v -1.246308 0.842076 -3.785651
v -1.217710 0.867167 -3.768522
v -1.258644 0.721524 -3.596054
v -1.155465 0.751361 -3.577805
v -1.126125 0.802597 -3.622908
v -1.150430 0.857818 -3.666316
v -1.200440 0.892905 -3.709340
v -1.303919 0.827291 -3.751345
v -1.284523 0.821690 -3.703614
v -1.267444 0.811845 -3.664006
v -1.254419 0.797325 -3.624651
v -1.161164 0.700239 -3.593650
v -1.120663 0.754059 -3.642093
v -1.133505 0.811930 -3.687547
v -1.170669 0.852414 -3.729066
v -1.254022 0.799269 -3.764481
v -1.246094 0.777878 -3.723110
v -1.244870 0.758641 -3.684098
v -1.249659 0.739797 -3.644833
v -1.187631 0.722111 -3.630171
v -1.176608 0.762857 -3.670083
v -1.187348 0.800272 -3.709106
v -1.211835 0.826105 -3.747799
v -1.182918 0.786943 -3.599445
v -1.192021 0.825427 -3.638752
v -1.221909 0.855474 -3.678506
v -1.262970 0.868819 -3.718929
v -1.450333 0.737210 -3.739272
v -1.448360 0.803870 -3.766914
v -1.348403 0.886624 -3.609702
v -1.393273 0.891511 -3.650373
v -1.427327 0.869989 -3.689644
v -1.446157 0.837770 -3.728450
v -1.410763 0.866705 -3.580530
v -1.446198 0.854778 -3.619025
v -1.466304 0.818365 -3.658569
v -1.467426 0.775506 -3.698595
v -1.252842 0.658438 -3.739272
v -1.311558 0.626816 -3.766914
v -1.433203 0.672004 -3.609702
v -1.415000 0.630702 -3.650373
v -1.379335 0.611972 -3.689644
v -1.342017 0.611774 -3.728450
v -1.384773 0.627959 -3.580530
v -1.356727 0.603234 -3.619025
v -1.315138 0.604029 -3.658569
v -1.277461 0.624486 -3.698595
v -1.283369 0.868856 -3.739272
v -1.226626 0.833817 -3.766914
v -1.204937 0.705875 -3.609702
v -1.178270 0.742290 -3.650373
v -1.179882 0.782543 -3.689644
v -1.198369 0.814960 -3.728450
v -1.191008 0.769840 -3.580530
v -1.183619 0.806491 -3.619025
v -1.205101 0.842110 -3.658569
v -1.241657 0.864511 -3.698595
v -1.359056 0.845215 -3.569876
v -1.420399 0.760107 -3.777963
v -1.369298 0.898383 -3.570337
v -1.468817 0.756063 -3.777195
v -1.420853 0.927989 -3.607910
v -1.475053 0.901300 -3.655517
v -1.501100 0.848904 -3.698176
v -1.496637 0.792544 -3.740002
v -1.371212 0.818706 -3.614135
v -1.385813 0.809029 -3.654397
v -1.396144 0.795307 -3.693707
v -1.401449 0.778669 -3.733850
v -1.362115 0.871868 -3.567123
v -1.484747 0.769437 -3.760364
v -1.404402 0.768807 -3.757913
v -1.444206 0.755925 -3.781116
v -1.388970 0.917038 -3.585728
v -1.451921 0.921016 -3.632500
v -1.491604 0.876658 -3.676931
v -1.502534 0.820018 -3.719203
v -1.362516 0.824893 -3.589506
v -1.379139 0.814490 -3.634742
v -1.391527 0.802582 -3.674052
v -1.399544 0.787386 -3.713362
v -1.392015 0.683483 -3.569876
v -1.287638 0.672913 -3.777963
v -1.432939 0.648030 -3.570337
v -1.259927 0.633003 -3.777195
v -1.432801 0.588579 -3.607910
v -1.382588 0.554984 -3.655517
v -1.324188 0.558625 -3.698176
v -1.277610 0.590670 -3.740002
v -1.362980 0.686210 -3.614135
v -1.347299 0.678404 -3.654397
v -1.330250 0.676319 -3.693707
v -1.313188 0.680043 -3.733850
v -1.413568 0.667508 -3.567123
v -1.263545 0.612520 -3.760364
v -1.303171 0.682417 -3.757913
v -1.272113 0.654387 -3.781116
v -1.439260 0.621666 -3.585728
v -1.411229 0.565160 -3.632500
v -1.352972 0.552972 -3.676931
v -1.298455 0.571826 -3.719203
v -1.372686 0.690647 -3.589506
v -1.355365 0.681453 -3.634742
v -1.338859 0.676679 -3.674052
v -1.321690 0.677333 -3.713362
v -1.235472 0.735806 -3.569876
v -1.278506 0.831484 -3.777963
v -1.184306 0.718091 -3.570337
v -1.257799 0.875437 -3.777195
v -1.132890 0.747936 -3.607910
v -1.128902 0.808219 -3.655517
v -1.161256 0.856975 -3.698176
v -1.212296 0.881290 -3.740002
v -1.252351 0.759587 -3.614135
v -1.253431 0.777071 -3.654397
v -1.260150 0.792878 -3.693707
v -1.271906 0.805792 -3.733850
v -1.210860 0.725128 -3.567123
v -1.238252 0.882546 -3.760364
v -1.278970 0.813280 -3.757913
v -1.270225 0.854192 -3.781116
v -1.158314 0.725800 -3.585728
v -1.123394 0.778328 -3.632500
v -1.141968 0.834874 -3.676931
v -1.185555 0.872660 -3.719203
v -1.251341 0.748963 -3.589506
v -1.252039 0.768561 -3.634742
v -1.256157 0.785243 -3.674052
v -1.265309 0.799784 -3.713362
v 0.629580 3.010480 -1.752451
v 0.951674 3.010480 -1.468980
v 0.777934 3.010480 -1.698245
v 0.886536 3.010480 -1.595484
v 0.183067 3.010480 -1.468981
v 0.505161 3.010480 -1.752451
v 0.248205 3.010480 -1.595484
v 0.356808 3.010480 -1.698245
v 0.949670 3.010480 -1.349409
v 0.790044 3.010480 -1.223166
v 0.913873 3.010480 -1.293912
v 0.344697 3.010480 -1.223166
v 0.185071 3.010480 -1.349409
v 0.220868 3.010480 -1.293912
v 0.923114 3.137066 -1.465774
v 0.951674 3.112713 -1.468980
v 0.943309 3.129933 -1.468041
v 0.625820 3.137066 -1.728097
v 0.629580 3.112713 -1.752451
v 0.628479 3.129933 -1.745318
v 0.860930 3.137066 -1.582877
v 0.886536 3.112713 -1.595484
v 0.879036 3.129933 -1.591791
v 0.763150 3.137066 -1.676410
v 0.777934 3.112713 -1.698245
v 0.773604 3.129933 -1.691850
v 0.508921 3.137066 -1.728097
v 0.505161 3.112713 -1.752451
v 0.506262 3.129933 -1.745318
v 0.211627 3.137066 -1.465774
v 0.183067 3.112713 -1.468981
v 0.191432 3.129933 -1.468042
v 0.371591 3.137066 -1.676410
v 0.356808 3.112713 -1.698245
v 0.361138 3.129933 -1.691850
v 0.273812 3.137066 -1.582877
v 0.248205 3.112713 -1.595484
v 0.255705 3.129933 -1.591791
v 0.785200 3.137066 -1.247519
v 0.790044 3.112713 -1.223166
v 0.788625 3.129933 -1.230299
v 0.924993 3.137066 -1.352165
v 0.949670 3.112713 -1.349409
v 0.942442 3.129933 -1.350216
v 0.893127 3.137066 -1.310175
v 0.913873 3.112713 -1.293912
v 0.907797 3.129933 -1.298675
v 0.209748 3.137066 -1.352165
v 0.185071 3.112713 -1.349409
v 0.192299 3.129933 -1.350216
v 0.349541 3.137066 -1.247520
v 0.344697 3.112713 -1.223166
v 0.346116 3.129933 -1.230299
v 0.241614 3.137066 -1.310175
v 0.220868 3.112713 -1.293912
v 0.226945 3.129933 -1.298675
v 0.639216 3.087482 -1.085241
v 0.639216 3.148598 -1.256468
v 0.744961 3.087482 -1.085241
v 0.744961 3.148598 -1.256468
v 0.639216 3.145663 -1.170855
v 0.744961 3.145663 -1.170855
v 0.659038 3.009314 -1.109026
v 0.639216 3.033099 -1.085241
v 0.659038 3.009314 -1.232683
v 0.639216 3.033099 -1.256468
v 0.725139 3.009314 -1.109026
v 0.744961 3.033099 -1.085241
v 0.725139 3.009314 -1.232683
v 0.744961 3.033099 -1.256468
v 0.639216 3.033099 -1.170855
v 0.659038 3.009314 -1.170855
v 0.744961 3.033099 -1.170855
v 0.725139 3.009314 -1.170855
v 0.382465 3.087482 -1.085241
v 0.382466 3.148598 -1.256468
v 0.488210 3.087482 -1.085241
v 0.488211 3.148598 -1.256468
v 0.382465 3.145663 -1.170855
v 0.488210 3.145663 -1.170855
v 0.402287 3.009314 -1.109026
v 0.382465 3.033099 -1.085241
v 0.402288 3.009314 -1.232684
v 0.382466 3.033099 -1.256468
v 0.468388 3.009314 -1.109026
v 0.488210 3.033099 -1.085241
v 0.468388 3.009314 -1.232684
v 0.488211 3.033099 -1.256468
v 0.382465 3.033099 -1.170855
v 0.402287 3.009314 -1.170855
v 0.488210 3.033099 -1.170855
v 0.468388 3.009314 -1.170855
v 0.435285 2.502217 -0.104225
v 0.435285 2.561299 -0.031307
v 0.435285 2.877711 -0.408472
v 0.435285 2.936793 -0.335554
v 0.741120 2.502217 -0.104225
v 0.741120 2.561299 -0.031307
v 0.741120 2.877711 -0.408472
v 0.741120 2.936793 -0.335554
v 0.547344 2.696108 -0.093665
v 0.512746 2.684947 -0.084675
v 0.498415 2.658002 -0.062972
v 0.512746 2.631058 -0.041269
v 0.547344 2.619896 -0.032279
v 0.581943 2.631058 -0.041269
v 0.596274 2.658002 -0.062972
v 0.581943 2.684947 -0.084675
v 0.547344 2.515241 -0.318214
v 0.512746 2.504080 -0.309224
v 0.498415 2.477135 -0.287521
v 0.512746 2.450190 -0.265818
v 0.547344 2.439029 -0.256829
v 0.581943 2.450190 -0.265818
v 0.596274 2.477135 -0.287521
v 0.581943 2.504080 -0.309224
v 0.661890 2.696108 -0.093665
v 0.627292 2.684947 -0.084675
v 0.612961 2.658002 -0.062972
v 0.627292 2.631058 -0.041269
v 0.661890 2.619896 -0.032279
v 0.696489 2.631058 -0.041269
v 0.710820 2.658002 -0.062972
v 0.696489 2.684947 -0.084675
v 0.661890 2.515241 -0.318214
v 0.627292 2.504080 -0.309224
v 0.612961 2.477135 -0.287521
v 0.627292 2.450190 -0.265818
v 0.661890 2.439029 -0.256829
v 0.696489 2.450190 -0.265818
v 0.710820 2.477135 -0.287521
v 0.696489 2.504080 -0.309224
v 0.547344 2.811233 -0.186395
v 0.512746 2.800072 -0.177405
v 0.498415 2.773127 -0.155702
v 0.512746 2.746182 -0.133999
v 0.547344 2.735022 -0.125009
v 0.581943 2.746182 -0.133999
v 0.596274 2.773127 -0.155702
v 0.581943 2.800072 -0.177405
v 0.547344 2.630366 -0.410944
v 0.512746 2.619205 -0.401954
v 0.498415 2.592260 -0.380251
v 0.512746 2.565315 -0.358548
v 0.547344 2.554155 -0.349558
v 0.581943 2.565315 -0.358548
v 0.596274 2.592260 -0.380251
v 0.581943 2.619205 -0.401954
v 0.661890 2.811233 -0.186395
v 0.627292 2.800072 -0.177405
v 0.612961 2.773127 -0.155702
v 0.627292 2.746182 -0.133999
v 0.661890 2.735022 -0.125009
v 0.696489 2.746182 -0.133999
v 0.710820 2.773127 -0.155702
v 0.696489 2.800072 -0.177405
v 0.661890 2.630366 -0.410944
v 0.627292 2.619205 -0.401954
v 0.612961 2.592260 -0.380251
v 0.627292 2.565315 -0.358548
v 0.661890 2.554155 -0.349558
v 0.696489 2.565315 -0.358548
v 0.710820 2.592260 -0.380251
v 0.696489 2.619205 -0.401954
v 0.547344 2.924224 -0.277405
v 0.512746 2.913063 -0.268415
v 0.498415 2.886118 -0.246712
v 0.512746 2.859174 -0.225009
v 0.547344 2.848013 -0.216020
v 0.581943 2.859174 -0.225009
v 0.596274 2.886118 -0.246712
v 0.581943 2.913063 -0.268415
v 0.547344 2.743357 -0.501954
v 0.512746 2.732196 -0.492965
v 0.498415 2.705251 -0.471262
v 0.512746 2.678307 -0.449558
v 0.547344 2.667146 -0.440569
v 0.581943 2.678307 -0.449558
v 0.596274 2.705251 -0.471262
v 0.581943 2.732196 -0.492965
v 0.661890 2.924224 -0.277405
v 0.627292 2.913063 -0.268415
v 0.612961 2.886118 -0.246712
v 0.627292 2.859174 -0.225009
v 0.661890 2.848013 -0.216020
v 0.696489 2.859174 -0.225009
v 0.710820 2.886118 -0.246712
v 0.696489 2.913063 -0.268415
v 0.661890 2.743357 -0.501954
v 0.627292 2.732196 -0.492965
v 0.612961 2.705251 -0.471262
v 0.627292 2.678307 -0.449558
v 0.661890 2.667146 -0.440569
v 0.696489 2.678307 -0.449558
v 0.710820 2.705251 -0.471262
v 0.696489 2.732196 -0.492965
v -0.629580 3.010480 -1.752451
v -0.951674 3.010480 -1.468980
v -0.777934 3.010480 -1.698245
v -0.886536 3.010480 -1.595484
v -0.183067 3.010480 -1.468981
v -0.505161 3.010480 -1.752451
v -0.248205 3.010480 -1.595484
v -0.356808 3.010480 -1.698245
v -0.949670 3.010480 -1.349409
v -0.790044 3.010480 -1.223166
v -0.913873 3.010480 -1.293912
v -0.344697 3.010480 -1.223166
v -0.185071 3.010480 -1.349409
v -0.220868 3.010480 -1.293912
v -0.923114 3.137066 -1.465774
v -0.951674 3.112713 -1.468980
v -0.943309 3.129933 -1.468041
v -0.625820 3.137066 -1.728097
v -0.629580 3.112713 -1.752451
v -0.628479 3.129933 -1.745318
v -0.860930 3.137066 -1.582877
v -0.886536 3.112713 -1.595484
v -0.879036 3.129933 -1.591791
v -0.763150 3.137066 -1.676410
v -0.777934 3.112713 -1.698245
v -0.773604 3.129933 -1.691850
v -0.508921 3.137066 -1.728097
v -0.505161 3.112713 -1.752451
v -0.506262 3.129933 -1.745318
v -0.211627 3.137066 -1.465774
v -0.183067 3.112713 -1.468981
v -0.191432 3.129933 -1.468042
v -0.371591 3.137066 -1.676410
v -0.356808 3.112713 -1.698245
v -0.361138 3.129933 -1.691850
v -0.273812 3.137066 -1.582877
v -0.248205 3.112713 -1.595484
v -0.255705 3.129933 -1.591791
v -0.785200 3.137066 -1.247519
v -0.790044 3.112713 -1.223166
v -0.788625 3.129933 -1.230299
v -0.924993 3.137066 -1.352165
v -0.949670 3.112713 -1.349409
v -0.942442 3.129933 -1.350216
v -0.893127 3.137066 -1.310175
v -0.913873 3.112713 -1.293912
v -0.907797 3.129933 -1.298675
v -0.209748 3.137066 -1.352165
v -0.185071 3.112713 -1.349409
v -0.192299 3.129933 -1.350216
v -0.349541 3.137066 -1.247520
v -0.344697 3.112713 -1.223166
v -0.346116 3.129933 -1.230299
v -0.241614 3.137066 -1.310175
v -0.220868 3.112713 -1.293912
v -0.226945 3.129933 -1.298675
v -0.639216 3.087482 -1.085241
v -0.639216 3.148598 -1.256468
v -0.744961 3.087482 -1.085241
v -0.744961 3.148598 -1.256468
v -0.639216 3.145663 -1.170855
v -0.744961 3.145663 -1.170855
v -0.659038 3.009314 -1.109026
v -0.639216 3.033099 -1.085241
v -0.659038 3.009314 -1.232683
v -0.639216 3.033099 -1.256468
v -0.725139 3.009314 -1.109026
v -0.744961 3.033099 -1.085241
v -0.725139 3.009314 -1.232683
v -0.744961 3.033099 -1.256468
v -0.639216 3.033099 -1.170855
v -0.659038 3.009314 -1.170855
v -0.744961 3.033099 -1.170855
v -0.725139 3.009314 -1.170855
v -0.382465 3.087482 -1.085241
v -0.382466 3.148598 -1.256468
v -0.488210 3.087482 -1.085241
v -0.488211 3.148598 -1.256468
v -0.382465 3.145663 -1.170855
v -0.488210 3.145663 -1.170855
v -0.402287 3.009314 -1.109026
v -0.382465 3.033099 -1.085241
v -0.402288 3.009314 -1.232684
v -0.382466 3.033099 -1.256468
v -0.468388 3.009314 -1.109026
v -0.488210 3.033099 -1.085241
v -0.468388 3.009314 -1.232684
v -0.488211 3.033099 -1.256468
v -0.382465 3.033099 -1.170855
v -0.402287 3.009314 -1.170855
v -0.488210 3.033099 -1.170855
v -0.468388 3.009314 -1.170855
v -0.435285 2.502217 -0.104225
v -0.435285 2.561299 -0.031307
v -0.435285 2.877711 -0.408472
v -0.435285 2.936793 -0.335554
v -0.741120 2.502217 -0.104225
v -0.741120 2.561299 -0.031307
v -0.741120 2.877711 -0.408472
v -0.741120 2.936793 -0.335554
v -0.547344 2.696108 -0.093665
v -0.512746 2.684947 -0.084675
v -0.498415 2.658002 -0.062972
v -0.512746 2.631058 -0.041269
v -0.547344 2.619896 -0.032279
v -0.581943 2.631058 -0.041269
v -0.596274 2.658002 -0.062972
v -0.581943 2.684947 -0.084675
v -0.547344 2.515241 -0.318214
v -0.512746 2.504080 -0.309224
v -0.498415 2.477135 -0.287521
v -0.512746 2.450190 -0.265818
v -0.547344 2.439029 -0.256829
v -0.581943 2.450190 -0.265818
v -0.596274 2.477135 -0.287521
v -0.581943 2.504080 -0.309224
v -0.661890 2.696108 -0.093665
v -0.627292 2.684947 -0.084675
v -0.612961 2.658002 -0.062972
v -0.627292 2.631058 -0.041269
v -0.661890 2.619896 -0.032279
v -0.696489 2.631058 -0.041269
v -0.710820 2.658002 -0.062972
v -0.696489 2.684947 -0.084675
v -0.661890 2.515241 -0.318214
v -0.627292 2.504080 -0.309224
v -0.612961 2.477135 -0.287521
v -0.627292 2.450190 -0.265818
v -0.661890 2.439029 -0.256829
v -0.696489 2.450190 -0.265818
v -0.710820 2.477135 -0.287521
v -0.696489 2.504080 -0.309224
v -0.547344 2.811233 -0.186395
v -0.512746 2.800072 -0.177405
v -0.498415 2.773127 -0.155702
v -0.512746 2.746182 -0.133999
v -0.547344 2.735022 -0.125009
v -0.581943 2.746182 -0.133999
v -0.596274 2.773127 -0.155702
v -0.581943 2.800072 -0.177405
v -0.547344 2.630366 -0.410944
v -0.512746 2.619205 -0.401954
v -0.498415 2.592260 -0.380251
v -0.512746 2.565315 -0.358548
v -0.547344 2.554155 -0.349558
v -0.581943 2.565315 -0.358548
v -0.596274 2.592260 -0.380251
v -0.581943 2.619205 -0.401954
v -0.661890 2.811233 -0.186395
v -0.627292 2.800072 -0.177405
v -0.612961 2.773127 -0.155702
v -0.627292 2.746182 -0.133999
v -0.661890 2.735022 -0.125009
v -0.696489 2.746182 -0.133999
v -0.710820 2.773127 -0.155702
v -0.696489 2.800072 -0.177405
v -0.661890 2.630366 -0.410944
v -0.627292 2.619205 -0.401954
v -0.612961 2.592260 -0.380251
v -0.627292 2.565315 -0.358548
v -0.661890 2.554155 -0.349558
v -0.696489 2.565315 -0.358548
v -0.710820 2.592260 -0.380251
v -0.696489 2.619205 -0.401954
v -0.547344 2.924224 -0.277405
v -0.512746 2.913063 -0.268415
v -0.498415 2.886118 -0.246712
v -0.512746 2.859174 -0.225009
v -0.547344 2.848013 -0.216020
v -0.581943 2.859174 -0.225009
v -0.596274 2.886118 -0.246712
v -0.581943 2.913063 -0.268415
v -0.547344 2.743357 -0.501954
v -0.512746 2.732196 -0.492965
v -0.498415 2.705251 -0.471262
v -0.512746 2.678307 -0.449558
v -0.547344 2.667146 -0.440569
v -0.581943 2.678307 -0.449558
v -0.596274 2.705251 -0.471262
v -0.581943 2.732196 -0.492965
v -0.661890 2.924224 -0.277405
v -0.627292 2.913063 -0.268415
v -0.612961 2.886118 -0.246712
v -0.627292 2.859174 -0.225009
v -0.661890 2.848013 -0.216020
v -0.696489 2.859174 -0.225009
v -0.710820 2.886118 -0.246712
v -0.696489 2.913063 -0.268415
v -0.661890 2.743357 -0.501954
v -0.627292 2.732196 -0.492965
v -0.612961 2.705251 -0.471262
v -0.627292 2.678307 -0.449558
v -0.661890 2.667146 -0.440569
v -0.696489 2.678307 -0.449558
v -0.710820 2.705251 -0.471262
v -0.696489 2.732196 -0.492965
v 0.531199 3.037051 -0.688496
v 0.499847 3.005699 -0.888496
v 0.668495 3.037051 -0.688496
v 0.699847 3.005699 -0.888496
v 0.556772 3.141852 -0.688496
v 0.531199 3.116279 -0.688496
v 0.542474 3.138021 -0.688496
v 0.535030 3.130576 -0.688496
v 0.499847 3.120407 -0.888496
v 0.552644 3.173204 -0.888496
v 0.506920 3.146805 -0.888496
v 0.526246 3.166130 -0.888496
v 0.668495 3.116279 -0.688496
v 0.642922 3.141852 -0.688496
v 0.664664 3.130576 -0.688496
v 0.657219 3.138021 -0.688496
v 0.647050 3.173204 -0.888496
v 0.699847 3.120407 -0.888496
v 0.673448 3.166130 -0.888496
v 0.692774 3.146805 -0.888496
v 0.499847 3.005699 -0.688496
v 0.699847 3.005699 -0.688496
v 0.526246 3.166130 -0.688496
v 0.552644 3.173204 -0.688496
v 0.506920 3.146805 -0.688496
v 0.499847 3.120407 -0.688496
v 0.647050 3.173204 -0.688496
v 0.673448 3.166130 -0.688496
v 0.692774 3.146805 -0.688496
v 0.699847 3.120407 -0.688496
v 0.531199 3.037051 -0.712427
v 0.668495 3.037051 -0.712427
v 0.542474 3.138021 -0.712427
v 0.556772 3.141852 -0.712427
v 0.535030 3.130576 -0.712427
v 0.531199 3.116279 -0.712427
v 0.642922 3.141852 -0.712427
v 0.657219 3.138021 -0.712427
v 0.664664 3.130576 -0.712427
v 0.668495 3.116279 -0.712427
v -0.723892 2.997872 -0.710868
v -0.700139 3.157186 -0.725877
v -0.723892 2.997872 -0.926522
v -0.723892 3.240323 -0.926522
v -0.508238 2.997872 -0.710868
v -0.531991 3.157186 -0.725877
v -0.508238 2.997872 -0.926522
v -0.508238 3.240323 -0.926522
v -0.723892 2.997872 -0.820096
v -0.700139 3.254352 -0.805087
v -0.508238 2.997872 -0.820096
v -0.531991 3.254352 -0.805087
v -0.723892 3.108637 -0.710868
v -0.723892 3.178593 -0.956140
v -0.508238 3.178593 -0.956140
v -0.508238 3.108637 -0.710868
v -0.508238 3.213966 -0.820096
v -0.723892 3.213966 -0.820096
v -0.508238 3.272762 -0.820096
v -0.508238 3.138775 -0.710868
v -0.723892 3.138775 -0.710868
v -0.723892 3.272762 -0.820096
v -0.531991 3.245147 -0.816379
v -0.531991 3.147981 -0.737168
v -0.700139 3.147981 -0.737168
v -0.700139 3.245147 -0.816379
v 0.455315 3.003339 -2.475321
v 0.405407 3.003339 -2.465394
v 0.363097 3.003339 -2.437123
v 0.334827 3.003339 -2.394814
v 0.324899 3.003339 -2.344906
v 0.334827 3.003339 -2.294998
v 0.363097 3.003339 -2.252688
v 0.405407 3.003339 -2.224418
v 0.455315 3.003339 -2.214490
v 0.505222 3.003339 -2.224418
v 0.547532 3.003339 -2.252688
v 0.575803 3.003339 -2.294998
v 0.585730 3.003339 -2.344906
v 0.575803 3.003339 -2.394814
v 0.547532 3.003339 -2.437123
v 0.505222 3.003339 -2.465394
v 0.455315 3.081328 -2.475321
v 0.405407 3.081328 -2.465394
v 0.363097 3.081328 -2.437123
v 0.334827 3.081328 -2.394814
v 0.324899 3.081328 -2.344906
v 0.334827 3.081328 -2.294998
v 0.363097 3.081328 -2.252688
v 0.405407 3.081328 -2.224418
v 0.455315 3.081328 -2.214490
v 0.505222 3.081328 -2.224418
v 0.547532 3.081328 -2.252688
v 0.575803 3.081328 -2.294998
v 0.585730 3.081328 -2.344906
v 0.575803 3.081328 -2.394814
v 0.547532 3.081328 -2.437123
v 0.505222 3.081328 -2.465394
v 0.455315 3.164191 -2.467380
v 0.407513 3.164191 -2.457872
v 0.366989 3.164191 -2.430794
v 0.339911 3.164191 -2.390270
v 0.330403 3.164191 -2.342469
v 0.339911 3.164191 -2.294667
v 0.366989 3.164191 -2.254143
v 0.407513 3.164191 -2.227066
v 0.455315 3.164191 -2.217557
v 0.503116 3.164191 -2.227066
v 0.543640 3.164191 -2.254143
v 0.570718 3.164191 -2.294667
v 0.580226 3.164191 -2.342469
v 0.570718 3.164191 -2.390270
v 0.543640 3.164191 -2.430794
v 0.503116 3.164191 -2.457872
v 0.385348 3.164191 -2.511384
v 0.455315 3.164191 -2.525301
v 0.326033 3.164191 -2.471750
v 0.286400 3.164191 -2.412436
v 0.272482 3.164191 -2.342469
v 0.286400 3.164191 -2.272502
v 0.326033 3.164191 -2.213187
v 0.385348 3.164191 -2.173554
v 0.455315 3.164191 -2.159636
v 0.525282 3.164191 -2.173554
v 0.584596 3.164191 -2.213187
v 0.624230 3.164191 -2.272502
v 0.638147 3.164191 -2.342469
v 0.624230 3.164191 -2.412436
v 0.584596 3.164191 -2.471750
v 0.525282 3.164191 -2.511384
v 0.455315 3.248630 -2.412394
v 0.428555 3.248630 -2.407071
v 0.405870 3.248630 -2.391913
v 0.390712 3.248630 -2.369228
v 0.385390 3.248630 -2.342469
v 0.390712 3.248630 -2.315710
v 0.405870 3.248630 -2.293024
v 0.428555 3.248630 -2.277866
v 0.455315 3.248630 -2.272544
v 0.482074 3.248630 -2.277866
v 0.504759 3.248630 -2.293024
v 0.519917 3.248630 -2.315710
v 0.525240 3.248630 -2.342469
v 0.519917 3.248630 -2.369228
v 0.504759 3.248630 -2.391913
v 0.482074 3.248630 -2.407071
v 0.407513 3.248630 -2.457872
v 0.455315 3.248630 -2.467380
v 0.366989 3.248630 -2.430794
v 0.339911 3.248630 -2.390270
v 0.330403 3.248630 -2.342469
v 0.339911 3.248630 -2.294667
v 0.366989 3.248630 -2.254143
v 0.407513 3.248630 -2.227066
v 0.455315 3.248630 -2.217557
v 0.503116 3.248630 -2.227066
v 0.543640 3.248630 -2.254143
v 0.570718 3.248630 -2.294667
v 0.580226 3.248630 -2.342469
v 0.570718 3.248630 -2.390270
v 0.543640 3.248630 -2.430794
v 0.503116 3.248630 -2.457872
v 0.455315 3.327919 -2.412394
v 0.428555 3.327919 -2.407071
v 0.405870 3.327919 -2.391913
v 0.390712 3.327919 -2.369228
v 0.385390 3.327919 -2.342469
v 0.390712 3.327919 -2.315710
v 0.405870 3.327919 -2.293024
v 0.428555 3.327919 -2.277866
v 0.455315 3.327919 -2.272544
v 0.482074 3.327919 -2.277866
v 0.504759 3.327919 -2.293024
v 0.519917 3.327919 -2.315710
v 0.525240 3.327919 -2.342469
v 0.519917 3.327919 -2.369228
v 0.504759 3.327919 -2.391913
v 0.482074 3.327919 -2.407071
v -0.221722 2.493173 -0.039895
v -0.221722 2.936617 -0.384421
v -0.221722 2.493173 -0.691107
v -0.221722 2.936617 -0.691107
v 0.221722 2.493173 -0.039895
v 0.221722 2.936617 -0.384421
v 0.221722 2.493173 -0.691107
v 0.221722 2.936617 -0.691107
v -0.000000 2.566298 -0.319372
v -0.105073 2.609822 -0.319372
v -0.148596 2.714895 -0.319372
v -0.105073 2.819968 -0.319372
v -0.000000 2.863491 -0.319372
v 0.105073 2.819968 -0.319372
v 0.148596 2.714895 -0.319372
v 0.105073 2.609822 -0.319372
v 0.000000 2.593518 0.316043
v -0.085826 2.629069 0.316043
v -0.121377 2.714895 0.316043
v -0.085826 2.800721 0.316043
v -0.000000 2.836271 0.316043
v 0.085826 2.800721 0.316043
v 0.121377 2.714895 0.316043
v 0.085826 2.629069 0.316043
v 0.000000 2.632824 0.324958
v -0.058033 2.656862 0.324958
v -0.082071 2.714895 0.324958
v -0.058033 2.772928 0.324958
v -0.000000 2.796966 0.324958
v 0.058033 2.772928 0.324958
v 0.082071 2.714895 0.324958
v 0.058033 2.656862 0.324958
v 0.000000 2.667753 2.209466
v -0.033335 2.681560 2.209466
v -0.047142 2.714895 2.209466
v -0.033335 2.748230 2.209466
v 0.000000 2.762037 2.209466
v 0.033335 2.748230 2.209466
v 0.047143 2.714895 2.209466
v 0.033335 2.681560 2.209466
v -0.069236 2.645658 2.209466
v 0.000000 2.616980 2.209466
v -0.097915 2.714895 2.209466
v -0.069236 2.784131 2.209466
v 0.000000 2.812810 2.209466
v 0.069236 2.784131 2.209466
v 0.097915 2.714895 2.209466
v 0.069236 2.645658 2.209466
v -0.033335 2.681561 2.072293
v 0.000000 2.667753 2.072293
v -0.047142 2.714895 2.072293
v -0.033335 2.748230 2.072293
v 0.000000 2.762038 2.072293
v 0.033335 2.748230 2.072293
v 0.047143 2.714895 2.072293
v 0.033335 2.681561 2.072293
v 0.092385 2.615252 2.154024
v 0.124748 2.608960 2.154024
v 0.073950 2.642585 2.154024
v 0.080242 2.674948 2.154024
v 0.107576 2.693383 2.154024
v 0.139938 2.687090 2.154024
v 0.158373 2.659757 2.154024
v 0.152081 2.627395 2.154024
v 0.092385 2.615253 -0.161440
v 0.124747 2.608961 -0.161440
v 0.073950 2.642587 -0.161440
v 0.080242 2.674949 -0.161440
v 0.107575 2.693384 -0.161440
v 0.139938 2.687092 -0.161440
v 0.158373 2.659759 -0.161440
v 0.152080 2.627396 -0.161440
v -0.132485 2.684708 2.154023
v -0.154116 2.659827 2.154023
v -0.099597 2.687006 2.154023
v -0.074716 2.665376 2.154023
v -0.072418 2.632487 2.154023
v -0.094048 2.607606 2.154023
v -0.126937 2.605308 2.154023
v -0.151817 2.626939 2.154023
v -0.132484 2.684708 -0.161440
v -0.154115 2.659827 -0.161440
v -0.099596 2.687006 -0.161440
v -0.074715 2.665376 -0.161440
v -0.072417 2.632487 -0.161440
v -0.094047 2.607606 -0.161440
v -0.126936 2.605308 -0.161440
v -0.151816 2.626939 -0.161440
v 0.040100 2.844723 2.154023
v 0.029368 2.875896 2.154023
v 0.025646 2.815092 2.154023
v -0.005527 2.804359 2.154023
v -0.035158 2.818813 2.154023
v -0.045890 2.849987 2.154023
v -0.031436 2.879618 2.154023
v -0.000263 2.890350 2.154023
v 0.040100 2.844723 -0.161440
v 0.029367 2.875896 -0.161440
v 0.025646 2.815091 -0.161440
v -0.005527 2.804359 -0.161440
v -0.035159 2.818813 -0.161440
v -0.045891 2.849986 -0.161440
v -0.031437 2.879618 -0.161440
v -0.000264 2.890350 -0.161440
v 0.348574 1.600164 -1.130850
v 0.218005 1.600510 -0.895991
v 0.000000 1.600164 -1.130850
v 0.000000 1.600674 -0.852881
v 0.225210 1.600018 -1.978667
v 0.338088 1.600164 -1.865614
v 0.000000 1.600141 -2.024761
v 0.000000 1.600164 -1.865614
v 0.540208 1.599959 -1.659448
v 0.342964 1.600164 -1.523932
v 0.000000 1.600164 -1.523932
v 0.583318 1.600032 -1.434922
v 0.537223 1.600163 -1.210989
v 0.408942 1.600331 -1.021742
v 0.414457 1.599954 -1.850386
v 0.897141 2.433719 -1.782920
v 0.218005 2.253319 -0.898256
v 0.000000 2.253483 -0.855147
v 0.000000 2.434021 -2.389608
v 0.225210 2.252827 -1.980932
v 0.000000 2.434059 -2.125307
v 0.561474 2.434059 -2.125307
v 0.000000 2.252950 -2.027026
v 0.540208 2.252768 -1.661713
v 0.374014 2.433817 -2.313057
v 0.000000 2.434059 -0.905060
v 0.583318 2.252841 -1.437187
v 0.537223 2.252972 -1.213254
v 0.408942 2.253139 -1.024007
v 0.414457 2.252762 -1.852651
v 0.000000 2.434906 -0.443427
v 0.362048 2.434634 -0.515021
v 0.578889 2.434059 -0.905060
v 0.362048 2.253544 -0.515021
v 0.000000 2.253816 -0.443427
v 0.374014 2.252727 -2.313057
v 0.000000 2.252931 -2.389608
v 0.897141 2.252629 -1.782920
v 0.968735 2.252751 -1.410041
v 0.892185 2.252968 -1.038149
v 0.679145 2.253246 -0.723859
v 0.688303 2.252620 -2.100017
v 0.569573 2.434059 -1.557863
v 0.000000 2.434059 -1.557863
v 0.968735 2.433841 -1.410041
v 0.892185 2.434058 -1.038149
v 0.679145 2.434336 -0.723859
v 0.688303 2.433710 -2.100017
v -0.348574 1.600164 -1.130850
v -0.218005 1.600510 -0.895991
v -0.225210 1.600018 -1.978667
v -0.338088 1.600164 -1.865614
v -0.540208 1.599959 -1.659448
v -0.342964 1.600164 -1.523932
v -0.583318 1.600032 -1.434922
v -0.537223 1.600163 -1.210989
v -0.408942 1.600331 -1.021742
v -0.414457 1.599954 -1.850386
v -0.897141 2.433719 -1.782920
v -0.218005 2.253319 -0.898256
v -0.225210 2.252827 -1.980932
v -0.561474 2.434059 -2.125307
v -0.540208 2.252768 -1.661713
v -0.374014 2.433817 -2.313057
v -0.583318 2.252841 -1.437187
v -0.537223 2.252972 -1.213254
v -0.408942 2.253139 -1.024007
v -0.414457 2.252762 -1.852651
v -0.362048 2.434634 -0.515021
v -0.578889 2.434059 -0.905060
v -0.362048 2.253544 -0.515021
v -0.374014 2.252727 -2.313057
v -0.897141 2.252629 -1.782920
v -0.968735 2.252751 -1.410041
v -0.892185 2.252968 -1.038149
v -0.679145 2.253246 -0.723859
v -0.688303 2.252620 -2.100017
v -0.569573 2.434059 -1.557863
v -0.968735 2.433841 -1.410041
v -0.892185 2.434058 -1.038149
v -0.679145 2.434336 -0.723859
v -0.688303 2.433710 -2.100017
v 1.076476 2.396082 -0.493730
v 0.928940 3.023167 -0.729714
v 1.215901 2.396082 -1.992205
v 1.092128 3.023167 -2.045825
v 0.502835 2.396082 -2.604711
v 0.502835 3.023167 -2.604711
v 0.385820 2.396082 0.092696
v 0.567859 3.023167 -0.421144
v 0.256120 2.396082 -1.992205
v 0.256120 3.023167 -1.992205
v 0.256120 2.396082 -0.471294
v 0.256120 3.023167 -0.693179
v 0.256120 2.396082 -2.604711
v 0.256120 3.023167 -2.604711
v 0.256120 2.396082 0.092696
v 0.256120 3.023167 -0.421144
v 0.000000 2.396082 -1.992205
v 0.000000 3.023167 -1.992205
v 0.000000 2.396082 -0.471294
v 0.000000 3.023167 -0.693179
v 0.000000 2.396082 -2.604711
v 0.000000 3.023167 -2.604711
v -1.076476 2.396082 -0.493730
v -0.928940 3.023167 -0.729714
v -1.215901 2.396082 -1.992205
v -1.092128 3.023167 -2.045825
v -0.502835 2.396082 -2.604711
v -0.502835 3.023167 -2.604711
v -0.385820 2.396082 0.092696
v -0.567859 3.023167 -0.421144
v -0.256120 2.396082 -1.992205
v -0.256120 3.023167 -1.992205
v -0.256120 2.396082 -0.471294
v -0.256120 3.023167 -0.693179
v -0.256120 2.396082 -2.604711
v -0.256120 3.023167 -2.604711
v -0.256120 2.396082 0.092696
v -0.256120 3.023167 -0.421144
vn -0.0000 -0.0000 -1.0000
vn 0.9981 0.0170 0.0596
vn 0.9943 -0.0000 0.1062
vn 0.9899 -0.0493 0.1330
vn 0.9999 -0.0136 -0.0000
vn 0.9989 -0.0000 0.0472
vn -0.0000 -0.6528 0.7575
vn 0.9869 -0.0354 0.1572
vn 0.9080 -0.3450 0.2377
vn -0.0000 -0.7705 0.6374
vn -0.0000 1.0000 -0.0000
vn -0.0000 0.9874 0.1584
vn -0.0000 0.9498 0.3128
vn -0.0000 -0.0000 1.0000
vn 0.9980 -0.0634 -0.0000
vn 1.0000 -0.0000 -0.0000
vn 0.9999 -0.0116 -0.0000
vn -0.0000 -1.0000 -0.0000
vn -0.0000 -0.6528 -0.7575
vn 0.9995 -0.0317 -0.0000
vn -0.0000 -0.7609 -0.6489
vn -0.0000 -0.9069 -0.4214
vn -0.0000 1.0000 -0.0017
vn -0.0001 1.0000 -0.0012
vn 0.9986 -0.0529 -0.0000
vn -0.0010 1.0000 -0.0000
vn -0.0008 1.0000 -0.0001
vn -0.0000 -0.4597 -0.8881
vn -0.0000 -0.7220 -0.6919
vn 0.7071 -0.7071 -0.0000
vn 0.9999 -0.0144 -0.0000
vn 0.9956 -0.0933 -0.0000
vn 0.9989 -0.0467 -0.0000
vn -0.0000 -0.8420 0.5395
vn -0.0002 1.0000 0.0002
vn 0.8237 -0.5670 -0.0000
vn -0.0000 -0.6339 0.7734
vn -0.0000 -0.6339 -0.7734
vn -0.0000 -0.7335 0.6797
vn 0.9625 -0.2714 -0.0000
vn 0.0383 -0.1183 0.9922
vn 0.0232 -0.2007 0.9794
vn -0.0000 -0.2081 0.9781
vn 0.0181 -0.2325 0.9724
vn 0.0392 -0.1546 0.9872
vn -0.0000 -0.2433 0.9700
vn 0.0232 -0.2007 -0.9794
vn 0.0383 -0.1183 -0.9922
vn -0.0000 -0.2081 -0.9781
vn 0.0392 -0.1546 -0.9872
vn 0.0181 -0.2325 -0.9724
vn -0.0000 -0.2433 -0.9700
vn -0.0000 1.0000 0.0008
vn -0.0002 1.0000 -0.0002
vn -0.0008 1.0000 0.0001
vn -0.0000 0.9882 0.1531
vn -0.6500 -0.1201 -0.7504
vn -0.0000 -0.6305 -0.7762
vn -0.0000 0.7071 -0.7071
vn -0.0673 0.7236 -0.6869
vn -0.0634 0.6821 -0.7285
vn -0.0000 -0.7071 -0.7071
vn -0.0673 -0.7237 -0.6869
vn -0.7071 -0.0000 -0.7071
vn -0.7314 -0.1352 -0.6684
vn 0.0634 -0.6821 -0.7286
vn 0.3891 -0.9193 -0.0598
vn 0.2529 -0.6014 -0.7579
vn 0.7885 -0.6110 -0.0709
vn 0.4939 -0.3856 -0.7793
vn -0.0634 -0.6820 -0.7286
vn -0.6500 0.1202 -0.7504
vn -0.2529 0.6014 -0.7579
vn -0.4939 0.3856 -0.7794
vn -0.4939 -0.3856 -0.7794
vn -0.2529 -0.6014 -0.7579
vn -0.2903 -0.6904 -0.6626
vn -0.6012 -0.4693 -0.6468
vn -0.7314 0.1352 -0.6684
vn -0.6012 0.4693 -0.6468
vn -0.2903 0.6905 -0.6625
vn 0.0634 0.6821 -0.7285
vn -0.0000 0.9985 -0.0541
vn 0.7071 -0.0000 -0.7071
vn 0.9806 0.1805 -0.0763
vn 0.6500 0.1201 -0.7504
vn 0.4055 -0.0000 -0.9141
vn 0.2529 0.6014 -0.7579
vn 0.4939 0.3856 -0.7793
vn 0.6500 -0.1201 -0.7504
vn 0.0927 0.9942 -0.0547
vn 0.9970 -0.0000 -0.0770
vn 0.4355 -0.0841 -0.8963
vn 0.1848 -0.4735 -0.8612
vn -0.0000 -0.4820 -0.8762
vn 0.3891 0.9193 -0.0598
vn -0.0000 -0.9985 -0.0541
vn 0.0927 -0.9942 -0.0547
vn 0.7885 0.6110 -0.0709
vn 0.9806 -0.1805 -0.0763
vn 0.9026 -0.0000 -0.4304
vn 0.1848 0.4735 -0.8612
vn 0.0883 0.9400 -0.3296
vn 0.3684 0.8614 -0.3498
vn 0.3705 0.3147 -0.8739
vn 0.7288 0.5609 -0.3927
vn 0.4355 0.0841 -0.8963
vn 0.8935 0.1637 -0.4181
vn 0.7288 -0.5609 -0.3927
vn 0.3705 -0.3146 -0.8739
vn 0.8935 -0.1637 -0.4181
vn 0.3684 -0.8614 -0.3498
vn 0.0883 -0.9400 -0.3296
vn 0.0448 -0.4986 -0.8657
vn -0.0000 -0.9439 -0.3303
vn 0.0448 0.4987 -0.8656
vn -0.0000 0.9439 -0.3303
vn -0.0000 0.4820 -0.8762
vn -0.3883 -0.0000 0.9215
vn -0.3884 -0.0000 0.9215
vn -0.7118 -0.0000 0.7024
vn -0.9264 -0.0000 0.3765
vn -0.9213 -0.0000 -0.3889
vn -0.7025 -0.0000 -0.7117
vn -0.7023 -0.0000 -0.7119
vn -1.0000 -0.0000 -0.0066
vn -1.0000 -0.0000 -0.0067
vn -0.9213 -0.0000 -0.3888
vn -0.3792 -0.0000 -0.9253
vn -0.3790 -0.0000 -0.9254
vn 0.0020 1.0000 -0.0024
vn -0.0000 1.0000 -0.0002
vn 0.0003 1.0000 -0.0001
vn 0.0010 1.0000 -0.0004
vn 0.0004 1.0000 -0.0013
vn -0.0000 1.0000 -0.0001
vn 0.0033 1.0000 -0.0025
vn 0.0001 1.0000 -0.0004
vn -0.0001 1.0000 -0.0008
vn -0.0000 1.0000 -0.0008
vn 0.0001 1.0000 -0.0016
vn -0.0000 1.0000 -0.0018
vn -0.0002 1.0000 -0.0014
vn -0.0009 1.0000 0.0010
vn -0.0017 1.0000 0.0004
vn -0.0010 1.0000 -0.0009
vn 0.8208 -0.5712 -0.0000
vn -0.0018 1.0000 -0.0003
vn -0.0001 1.0000 -0.0032
vn -0.0004 1.0000 -0.0018
vn -0.0000 1.0000 0.0009
vn -0.0003 1.0000 0.0017
vn -0.0000 1.0000 0.0018
vn -0.9981 0.0170 0.0596
vn -0.9943 -0.0000 0.1062
vn -0.9989 -0.0000 0.0472
vn -0.9999 -0.0136 -0.0000
vn -1.0000 -0.0000 -0.0000
vn -0.9869 -0.0354 0.1572
vn -0.9899 -0.0493 0.1330
vn -0.9980 -0.0634 -0.0000
vn -0.9999 -0.0116 -0.0000
vn -0.9080 -0.3450 0.2377
vn -0.9995 -0.0317 -0.0000
vn 0.0001 1.0000 -0.0012
vn -0.9986 -0.0529 -0.0000
vn 0.0010 1.0000 -0.0000
vn 0.0008 1.0000 -0.0001
vn -0.7071 -0.7071 -0.0000
vn -0.9999 -0.0144 -0.0000
vn -0.9989 -0.0467 -0.0000
vn -0.9956 -0.0933 -0.0000
vn 0.0002 1.0000 0.0002
vn -0.8237 -0.5670 -0.0000
vn -0.9625 -0.2714 -0.0000
vn -0.0232 -0.2007 0.9794
vn -0.0383 -0.1183 0.9922
vn -0.0392 -0.1546 0.9872
vn -0.0181 -0.2325 0.9724
vn -0.0383 -0.1183 -0.9922
vn -0.0232 -0.2007 -0.9794
vn -0.0181 -0.2325 -0.9724
vn -0.0392 -0.1546 -0.9872
vn 0.0002 1.0000 -0.0002
vn 0.0008 1.0000 0.0001
vn 0.0673 0.7236 -0.6869
vn 0.0673 -0.7237 -0.6869
vn 0.0634 -0.6821 -0.7285
vn 0.7314 -0.1352 -0.6684
vn -0.3891 -0.9193 -0.0598
vn -0.7885 -0.6110 -0.0709
vn -0.4939 -0.3856 -0.7793
vn 0.6500 0.1202 -0.7504
vn 0.4939 0.3856 -0.7794
vn 0.4939 -0.3856 -0.7794
vn 0.2903 -0.6904 -0.6626
vn 0.6012 -0.4693 -0.6468
vn 0.7314 0.1352 -0.6684
vn 0.6012 0.4693 -0.6468
vn 0.2903 0.6905 -0.6625
vn -0.9806 0.1805 -0.0763
vn -0.6500 0.1201 -0.7504
vn -0.4055 -0.0000 -0.9141
vn -0.4939 0.3856 -0.7793
vn -0.0927 0.9942 -0.0547
vn -0.9970 -0.0000 -0.0770
vn -0.0448 -0.4987 -0.8656
vn -0.3705 -0.3146 -0.8739
vn -0.3891 0.9193 -0.0598
vn -0.7885 0.6110 -0.0709
vn -0.9806 -0.1805 -0.0763
vn -0.9026 -0.0000 -0.4304
vn -0.1848 0.4735 -0.8612
vn -0.0883 0.9400 -0.3296
vn -0.0448 0.4987 -0.8656
vn -0.3684 0.8614 -0.3498
vn -0.3705 0.3147 -0.8739
vn -0.7288 0.5609 -0.3927
vn -0.4355 0.0841 -0.8963
vn -0.8935 0.1637 -0.4181
vn -0.7288 -0.5609 -0.3927
vn -0.4355 -0.0841 -0.8963
vn -0.8935 -0.1637 -0.4181
vn -0.3684 -0.8614 -0.3498
vn -0.1848 -0.4734 -0.8612
vn -0.0883 -0.9400 -0.3296
vn -0.0927 -0.9942 -0.0547
vn 0.3883 -0.0000 0.9215
vn 0.9264 -0.0000 0.3765
vn 0.7118 -0.0000 0.7024
vn 0.7025 -0.0000 -0.7117
vn 0.9213 -0.0000 -0.3889
vn 0.7023 -0.0000 -0.7119
vn 1.0000 -0.0000 -0.0066
vn 1.0000 -0.0000 -0.0067
vn 0.9213 -0.0000 -0.3888
vn 0.3792 -0.0000 -0.9253
vn 0.3790 -0.0000 -0.9254
vn 0.3884 -0.0000 0.9215
vn -0.0020 1.0000 -0.0024
vn -0.0003 1.0000 -0.0001
vn -0.0010 1.0000 -0.0004
vn -0.0007 1.0000 -0.0004
vn -0.0004 1.0000 -0.0013
vn -0.0033 1.0000 -0.0025
vn -0.0001 1.0000 -0.0004
vn 0.0001 1.0000 -0.0008
vn -0.0001 1.0000 -0.0016
vn 0.0002 1.0000 -0.0014
vn 0.0009 1.0000 0.0010
vn 0.0017 1.0000 0.0004
vn 0.0010 1.0000 -0.0009
vn 0.0004 1.0000 -0.0018
vn -0.8208 -0.5712 -0.0000
vn 0.0018 1.0000 -0.0003
vn 0.0001 1.0000 -0.0032
vn -0.0000 1.0000 -0.0033
vn 0.0003 1.0000 0.0017
vn -0.8494 0.1949 -0.4904
vn -0.5000 -0.0000 -0.8660
vn -0.8660 -0.0000 -0.5000
vn -0.9727 0.1935 -0.1281
vn -0.9914 -0.0000 -0.1305
vn -0.8660 -0.0000 0.5000
vn -0.4904 0.1949 0.8494
vn -0.8494 0.1949 0.4904
vn 0.1914 0.1938 -0.9622
vn 0.6929 0.1994 -0.6929
vn -0.9727 0.1935 0.1281
vn -0.9914 -0.0000 0.1305
vn -0.1281 0.1935 -0.9727
vn 0.1951 -0.0000 -0.9808
vn -0.1305 -0.0000 -0.9914
vn -0.5000 -0.0000 0.8660
vn -0.1281 0.1935 0.9727
vn 0.9808 -0.0000 -0.1951
vn 0.9622 0.1938 -0.1914
vn 0.1914 0.1938 0.9622
vn -0.1305 -0.0000 0.9914
vn 0.1951 -0.0000 0.9808
vn 0.9808 -0.0000 0.1951
vn 0.6929 0.1995 0.6929
vn 0.7071 -0.0000 0.7071
vn 0.9622 0.1938 0.1914
vn 0.2105 0.9767 -0.0419
vn -0.1096 0.9757 -0.1898
vn -0.1898 0.9757 0.1096
vn -0.1898 0.9757 -0.1096
vn -0.7141 0.6937 -0.0940
vn -0.2072 0.9779 -0.0273
vn -0.6306 0.6854 -0.3641
vn -0.3641 0.6854 -0.6306
vn -0.0940 0.6937 -0.7141
vn -0.4904 0.1949 -0.8494
vn -0.7141 0.6937 0.0940
vn -0.6306 0.6854 0.3641
vn -0.1096 0.9757 0.1898
vn -0.3641 0.6854 0.6306
vn -0.0940 0.6937 0.7141
vn -0.0273 0.9779 0.2072
vn -0.2072 0.9779 0.0273
vn 0.1590 0.9744 -0.1590
vn 0.7110 0.6889 -0.1414
vn 0.5169 0.6824 -0.5169
vn 0.1414 0.6889 -0.7110
vn 0.0419 0.9767 -0.2105
vn 0.1590 0.9744 0.1590
vn 0.1414 0.6889 0.7110
vn 0.5169 0.6824 0.5169
vn 0.7110 0.6889 0.1414
vn 0.2105 0.9767 0.0419
vn -0.0273 0.9779 -0.2072
vn 0.0419 0.9767 0.2105
vn -0.8084 0.5886 -0.0000
vn 0.8084 0.5886 -0.0000
vn -0.4405 -0.7923 0.4221
vn -0.4030 -0.7892 -0.4634
vn -0.4030 -0.7892 0.4634
vn -0.0000 -0.6402 -0.7682
vn 0.4405 -0.7923 -0.4221
vn 0.4030 -0.7892 0.4634
vn 0.4030 -0.7892 -0.4634
vn -0.0000 -0.6402 0.7682
vn -0.4405 -0.7923 -0.4221
vn -0.4022 -0.0000 0.9155
vn 0.4022 -0.0000 0.9155
vn 0.5000 -0.0000 -0.8660
vn 0.8494 0.1949 -0.4904
vn 0.8660 -0.0000 -0.5000
vn 0.9727 0.1935 -0.1281
vn 0.9914 -0.0000 -0.1305
vn 0.4904 0.1949 0.8494
vn 0.8660 -0.0000 0.5000
vn 0.8494 0.1949 0.4904
vn -0.1914 0.1938 -0.9622
vn -0.6929 0.1994 -0.6929
vn 0.9727 0.1935 0.1281
vn 0.9914 -0.0000 0.1305
vn -0.1951 -0.0000 -0.9808
vn 0.1281 0.1935 -0.9727
vn 0.1305 -0.0000 -0.9914
vn 0.1281 0.1935 0.9727
vn 0.5000 -0.0000 0.8660
vn -0.9808 -0.0000 -0.1951
vn -0.9622 0.1938 -0.1914
vn 0.1305 -0.0000 0.9914
vn -0.1914 0.1938 0.9622
vn -0.1951 -0.0000 0.9808
vn -0.9808 -0.0000 0.1951
vn -0.6929 0.1995 0.6929
vn -0.9622 0.1938 0.1914
vn -0.7071 -0.0000 0.7071
vn 0.1898 0.9757 0.1096
vn 0.1096 0.9757 -0.1898
vn -0.2105 0.9767 -0.0419
vn 0.7141 0.6937 -0.0940
vn 0.1898 0.9757 -0.1096
vn 0.2072 0.9779 -0.0273
vn 0.6306 0.6854 -0.3641
vn 0.3641 0.6854 -0.6306
vn 0.0940 0.6937 -0.7141
vn 0.0273 0.9779 -0.2072
vn 0.7141 0.6937 0.0940
vn 0.2072 0.9779 0.0273
vn 0.6306 0.6854 0.3641
vn 0.1096 0.9757 0.1898
vn 0.3641 0.6854 0.6306
vn 0.0940 0.6937 0.7141
vn 0.0273 0.9779 0.2072
vn -0.1590 0.9744 -0.1590
vn -0.7110 0.6889 -0.1414
vn -0.5169 0.6824 -0.5169
vn -0.1414 0.6889 -0.7110
vn -0.0419 0.9767 -0.2105
vn -0.1590 0.9744 0.1590
vn -0.1414 0.6889 0.7110
vn -0.0419 0.9767 0.2105
vn -0.5169 0.6824 0.5169
vn -0.7110 0.6889 0.1414
vn -0.2105 0.9767 0.0419
vn 0.4904 0.1949 -0.8494
vn 0.4405 -0.7923 0.4221
vn 0.9960 0.0828 0.0343
vn 0.9903 0.1391 -0.0000
vn 0.9903 0.1285 0.0532
vn 0.8554 -0.1982 0.4785
vn 0.9960 0.0634 -0.0634
vn 0.8554 -0.3662 0.3662
vn 0.5084 0.3295 0.7956
vn 0.6684 0.5260 0.5260
vn 0.5084 0.6089 0.6089
vn 0.9960 0.0828 -0.0343
vn 0.9960 0.0897 -0.0000
vn 0.9960 -0.0000 -0.0897
vn 0.8554 -0.0000 0.5179
vn 0.9960 -0.0828 -0.0343
vn 0.8554 0.3662 0.3662
vn 0.8554 0.4785 0.1982
vn 0.9903 0.1285 -0.0532
vn 0.9903 0.0984 -0.0984
vn 0.9903 -0.0532 -0.1285
vn 0.9903 -0.0000 -0.1391
vn 0.9960 -0.0897 -0.0000
vn 0.8554 0.5179 -0.0000
vn 0.9960 0.0343 -0.0828
vn 0.9903 0.0532 -0.1285
vn 0.9960 -0.0343 -0.0828
vn 0.9903 -0.0984 -0.0984
vn 0.8554 0.4785 -0.1982
vn 0.9903 -0.1285 -0.0532
vn 0.9960 -0.0634 0.0634
vn 0.8554 0.3662 -0.3662
vn 0.9903 -0.1391 -0.0000
vn 0.8554 0.1982 -0.4785
vn 0.9903 0.0984 0.0984
vn 0.6217 0.7236 0.2997
vn 0.6217 0.5538 0.5538
vn 0.8554 -0.4785 -0.1982
vn 0.8554 -0.5180 -0.0000
vn 0.9903 0.0532 0.1285
vn 0.6217 0.2997 0.7236
vn 0.8554 -0.3662 -0.3662
vn 0.6217 -0.0000 0.7832
vn 0.9960 0.0634 0.0634
vn 0.8554 -0.1982 -0.4785
vn 0.6217 -0.2997 0.7236
vn 0.9903 -0.0000 0.1391
vn 0.9960 0.0343 0.0828
vn 0.8554 -0.0000 -0.5179
vn 0.9903 -0.0984 0.0984
vn 0.6217 -0.5538 0.5538
vn 0.9960 -0.0000 0.0897
vn 0.9903 -0.1285 0.0532
vn 0.6217 -0.7236 0.2997
vn 0.6217 -0.7832 -0.0000
vn 0.6217 -0.7236 -0.2997
vn 0.6217 -0.5538 -0.5538
vn 0.6217 -0.0000 -0.7832
vn 0.6217 0.2997 -0.7236
vn 0.6217 -0.2997 -0.7236
vn 0.6217 0.5538 -0.5538
vn 0.6217 0.7236 -0.2997
vn 0.6217 0.7832 -0.0000
vn 0.8554 0.1982 0.4785
vn 0.8554 -0.4785 0.1982
vn 0.9960 -0.0343 0.0828
vn 0.9903 -0.0532 0.1285
vn 0.9960 -0.0828 0.0343
vn -0.0005 -0.9239 -0.3827
vn -0.0005 0.3827 0.9239
vn -0.0005 0.7071 0.7071
vn -0.0005 -0.7071 -0.7071
vn -0.0005 -0.0000 1.0000
vn -0.0005 -0.0000 -1.0000
vn -0.0005 -0.3827 -0.9239
vn -0.0005 -0.3827 0.9239
vn -0.0005 0.3827 -0.9239
vn -0.0005 0.9239 -0.3827
vn -0.0005 0.7071 -0.7071
vn -0.0005 -0.9239 0.3827
vn -0.0005 -0.7071 0.7071
vn -0.0005 1.0000 -0.0000
vn -0.0005 -1.0000 -0.0000
vn -0.0005 0.9239 0.3827
vn -0.9721 0.2347 -0.0000
vn -0.9944 0.0973 -0.0403
vn -0.9944 0.1053 -0.0000
vn -0.8552 -0.1983 0.4788
vn -0.9575 -0.0000 0.2885
vn -0.8552 -0.0000 0.5183
vn -0.8552 0.4788 0.1983
vn -0.9575 0.2040 0.2040
vn -0.9575 0.2665 0.1104
vn -0.9721 0.2168 -0.0898
vn -0.9944 0.0745 -0.0745
vn -0.9721 -0.0898 -0.2168
vn -0.9944 -0.0000 -0.1053
vn -0.9721 -0.0000 -0.2347
vn -0.8552 0.5183 -0.0000
vn -0.9575 0.2885 -0.0000
vn -0.9721 0.0898 -0.2168
vn -0.9721 0.1659 -0.1659
vn -0.9944 -0.0745 -0.0745
vn -0.9944 -0.0403 -0.0973
vn -0.9575 0.2665 -0.1104
vn -0.8552 0.4788 -0.1983
vn -0.9944 0.0403 -0.0973
vn -0.9721 -0.2168 -0.0898
vn -0.9721 -0.1659 -0.1659
vn -0.8552 0.3665 -0.3665
vn -0.9575 0.2040 -0.2040
vn -0.9721 -0.2347 -0.0000
vn -0.9944 -0.0973 -0.0403
vn -0.9575 0.1104 -0.2665
vn -0.8552 0.1983 -0.4788
vn -0.9721 -0.2168 0.0898
vn -0.9944 -0.1053 -0.0000
vn -0.8552 -0.0000 -0.5183
vn -0.9575 -0.0000 -0.2885
vn -0.5889 0.7467 0.3093
vn -0.9721 0.1659 0.1659
vn -0.5889 0.5715 0.5715
vn -0.9721 0.0898 0.2168
vn -0.5889 0.3093 0.7467
vn -0.9721 -0.0000 0.2347
vn -0.5889 -0.0000 0.8082
vn -0.9721 -0.0898 0.2168
vn -0.5889 -0.3093 0.7467
vn -0.9721 -0.1659 0.1659
vn -0.5889 -0.5715 0.5715
vn -0.5889 -0.7467 0.3093
vn -0.5889 -0.8082 -0.0000
vn -0.5889 -0.7467 -0.3093
vn -0.5889 -0.5715 -0.5715
vn -0.5889 -0.0000 -0.8082
vn -0.5889 0.3093 -0.7467
vn -0.5889 -0.3093 -0.7467
vn -0.5889 0.5715 -0.5715
vn -0.5889 0.7467 -0.3093
vn -0.5889 0.8082 -0.0000
vn -0.9721 0.2168 0.0898
vn -0.9944 0.0973 0.0403
vn -0.9575 -0.2885 -0.0000
vn -0.9575 -0.2665 -0.1104
vn -0.9944 0.0745 0.0745
vn -0.9575 -0.2040 -0.2040
vn -0.9944 0.0403 0.0973
vn -0.9575 -0.1104 -0.2665
vn -0.9575 0.1104 0.2665
vn -0.9944 -0.0000 0.1053
vn -0.9575 -0.1104 0.2665
vn -0.9944 -0.0403 0.0973
vn -0.9575 -0.2040 0.2040
vn -0.9944 -0.0745 0.0745
vn -0.9575 -0.2665 0.1104
vn -0.9944 -0.0973 0.0403
vn -0.8552 0.3665 0.3665
vn -0.8552 -0.3665 0.3665
vn -0.8552 0.1983 0.4788
vn -0.8552 -0.4788 0.1983
vn -0.8552 -0.4788 -0.1983
vn -0.8552 -0.5183 -0.0000
vn -0.8552 -0.3665 -0.3665
vn -0.8552 -0.1983 -0.4788
vn -0.5363 -0.7798 0.3230
vn -0.5363 -0.8440 -0.0000
vn 0.0055 -0.7071 0.7071
vn 0.0055 -0.3827 0.9239
vn -0.5363 0.7798 0.3230
vn -0.5363 0.8440 -0.0000
vn -0.5363 -0.7798 -0.3230
vn -0.5363 0.5968 0.5968
vn -0.5363 -0.5968 -0.5968
vn -0.5363 0.3230 0.7798
vn -0.5363 -0.3230 -0.7798
vn -0.5363 -0.0000 0.8440
vn -0.5363 -0.0000 -0.8440
vn -0.5363 0.3230 -0.7798
vn -0.5363 -0.3230 0.7798
vn -0.5363 0.5968 -0.5968
vn -0.5363 -0.5968 0.5968
vn -0.5363 0.7798 -0.3230
vn 0.0055 0.9239 -0.3827
vn 0.0055 0.7071 -0.7071
vn 0.0055 -0.9239 0.3827
vn 0.0055 1.0000 -0.0000
vn 0.0055 -1.0000 -0.0000
vn 0.0055 0.9239 0.3827
vn 0.0055 -0.9239 -0.3827
vn 0.0055 0.7071 0.7071
vn 0.0055 -0.7071 -0.7071
vn 0.0055 0.3827 0.9239
vn 0.0055 -0.3827 -0.9239
vn 0.0055 -0.0000 1.0000
vn 0.0055 -0.0000 -1.0000
vn 0.0055 0.3827 -0.9239
vn 0.5084 -0.8611 -0.0000
vn 0.5084 -0.7956 0.3295
vn 0.5084 -0.6089 0.6089
vn 0.5084 -0.0000 0.8611
vn 0.5084 0.3295 -0.7956
vn 0.5084 -0.0000 -0.8611
vn 0.5084 -0.3295 -0.7956
vn 0.5084 -0.6089 -0.6089
vn 0.5084 -0.7956 -0.3295
vn 0.5084 0.6089 -0.6089
vn 0.5084 0.7956 -0.3295
vn 0.5084 0.8611 -0.0000
vn 0.5084 0.7956 0.3295
vn 0.5084 -0.3295 0.7956
vn 0.9960 -0.0634 -0.0634
vn 0.6684 -0.5260 0.5260
vn 0.6684 -0.2847 0.6872
vn 0.6684 -0.0000 0.7438
vn 0.6684 0.6872 0.2847
vn 0.6684 0.7438 -0.0000
vn 0.6684 0.6872 -0.2847
vn 0.6684 0.5260 -0.5260
vn 0.6684 0.2847 -0.6872
vn 0.6684 -0.6872 -0.2847
vn 0.6684 -0.7438 -0.0000
vn 0.6684 -0.5260 -0.5260
vn 0.6684 -0.2847 -0.6872
vn 0.6684 -0.0000 -0.7438
vn 0.6684 0.2847 0.6872
vn 0.6684 -0.6872 0.2846
vn -0.0000 -0.3827 -0.9239
vn -0.0000 -0.9239 -0.3827
vn -0.0000 -0.3827 0.9239
vn -0.0000 0.3827 -0.9239
vn -0.0000 0.9239 -0.3827
vn -0.0000 -0.9239 0.3827
vn -0.0000 0.9239 0.3827
vn -0.0000 0.3827 0.9239
vn -0.0000 -0.1736 -0.9848
vn -0.0000 -0.8192 -0.5736
vn -0.0000 -0.5736 0.8192
vn -0.0000 0.5736 -0.8192
vn -0.0000 0.9848 -0.1736
vn -0.0000 -0.9848 0.1736
vn -0.0000 0.8192 0.5736
vn -0.0000 0.1736 0.9848
vn -0.0000 -0.5736 0.8191
vn -0.0000 -0.1737 -0.9848
vn -0.0000 -0.8191 -0.5736
vn -0.0000 0.1737 0.9848
vn 0.8554 0.5180 -0.0000
vn 0.6218 0.5538 -0.5538
vn 0.6684 -0.2846 0.6872
vn 0.6684 -0.6872 -0.2846
vn 0.6684 0.2846 0.6872
vn 0.6218 -0.7832 -0.0000
vn 0.6218 0.7832 -0.0000
vn 0.8554 -0.0000 0.5180
vn -0.0000 0.8191 0.5736
vn -0.9960 0.0828 -0.0343
vn -0.9903 0.1391 -0.0000
vn -0.9903 0.1285 -0.0532
vn -0.8554 -0.1982 -0.4785
vn -0.9960 0.0634 0.0634
vn -0.8554 -0.3662 -0.3662
vn -0.5084 0.6089 -0.6089
vn -0.6684 0.2847 -0.6872
vn -0.6684 0.5260 -0.5260
vn -0.9960 0.0897 -0.0000
vn -0.9903 0.1285 0.0532
vn -0.9960 -0.0000 0.0897
vn -0.8554 -0.0000 -0.5179
vn -0.9960 -0.0828 0.0343
vn -0.8554 0.3662 -0.3662
vn -0.8554 0.4785 -0.1982
vn -0.9960 0.0828 0.0343
vn -0.9903 0.0984 0.0984
vn -0.9903 -0.0000 0.1391
vn -0.9960 -0.0343 0.0828
vn -0.9903 -0.0532 0.1285
vn -0.9960 -0.0897 -0.0000
vn -0.8554 0.5179 -0.0000
vn -0.9960 0.0343 0.0828
vn -0.9903 0.0532 0.1285
vn -0.9903 -0.0984 0.0984
vn -0.8554 0.4785 0.1982
vn -0.9960 -0.0634 0.0634
vn -0.9903 -0.1285 0.0532
vn -0.8554 0.3662 0.3662
vn -0.9960 -0.0828 -0.0343
vn -0.9903 -0.1391 -0.0000
vn -0.8554 0.1982 0.4785
vn -0.9960 -0.0634 -0.0634
vn -0.6217 0.5538 -0.5538
vn -0.6217 0.7236 -0.2997
vn -0.8554 -0.5180 -0.0000
vn -0.8554 -0.4785 0.1982
vn -0.9903 0.0532 -0.1285
vn -0.6217 0.2997 -0.7236
vn -0.9960 0.0634 -0.0634
vn -0.8554 -0.3662 0.3662
vn -0.6217 -0.0000 -0.7832
vn -0.8554 -0.1982 0.4785
vn -0.9903 -0.0532 -0.1285
vn -0.6217 -0.2997 -0.7236
vn -0.9960 0.0343 -0.0828
vn -0.8554 -0.0000 0.5179
vn -0.6217 -0.5538 -0.5538
vn -0.9960 -0.0343 -0.0828
vn -0.9903 -0.1285 -0.0532
vn -0.6217 -0.7236 -0.2997
vn -0.6217 -0.7832 -0.0000
vn -0.6217 -0.7236 0.2997
vn -0.6217 -0.5538 0.5538
vn -0.6217 -0.0000 0.7832
vn -0.6217 0.2997 0.7236
vn -0.6217 -0.2997 0.7236
vn -0.6217 0.5538 0.5538
vn -0.6217 0.7236 0.2997
vn -0.6217 0.7832 -0.0000
vn -0.8554 0.1982 -0.4785
vn -0.8554 -0.4785 -0.1982
vn -0.9903 0.0984 -0.0984
vn -0.9960 -0.0000 -0.0897
vn -0.9903 -0.0000 -0.1391
vn -0.9903 -0.0984 -0.0984
vn 0.0005 -0.9239 0.3827
vn 0.0005 0.7071 -0.7071
vn 0.0005 -0.7071 0.7071
vn 0.0005 -0.0000 -1.0000
vn 0.0005 0.3827 -0.9239
vn 0.0005 -0.3827 0.9239
vn 0.0005 -0.3827 -0.9239
vn 0.0005 0.7071 0.7071
vn 0.0005 0.3827 0.9239
vn 0.0005 -0.7071 -0.7071
vn 0.0005 0.9239 0.3827
vn 0.0005 -0.9239 -0.3827
vn 0.0005 -1.0000 -0.0000
vn 0.0005 0.9239 -0.3827
vn 0.0005 1.0000 -0.0000
vn 0.9721 0.2168 0.0898
vn 0.9944 0.1053 -0.0000
vn 0.9721 0.2347 -0.0000
vn 0.8552 -0.1983 -0.4788
vn 0.9575 -0.0000 -0.2885
vn 0.8552 -0.0000 -0.5183
vn 0.8552 0.4788 -0.1983
vn 0.9575 0.2040 -0.2040
vn 0.9575 0.2665 -0.1104
vn 0.9944 0.0745 0.0745
vn 0.9944 0.0973 0.0403
vn 0.9721 -0.0898 0.2168
vn 0.9944 -0.0000 0.1053
vn 0.9721 -0.0000 0.2347
vn 0.8552 0.5183 -0.0000
vn 0.9575 0.2885 -0.0000
vn 0.9721 0.0898 0.2168
vn 0.9721 0.1659 0.1659
vn 0.9721 -0.1659 0.1659
vn 0.9944 -0.0403 0.0973
vn 0.9575 0.2665 0.1104
vn 0.8552 0.4788 0.1983
vn 0.9944 0.0403 0.0973
vn 0.9721 -0.2168 0.0898
vn 0.9944 -0.0745 0.0745
vn 0.8552 0.3665 0.3665
vn 0.9575 0.2040 0.2040
vn 0.9721 -0.2347 -0.0000
vn 0.9944 -0.0973 0.0403
vn 0.9575 0.1104 0.2665
vn 0.8552 0.1983 0.4788
vn 0.9721 -0.2168 -0.0898
vn 0.9944 -0.1053 -0.0000
vn 0.8552 -0.0000 0.5183
vn 0.9575 -0.0000 0.2885
vn 0.5889 0.7467 -0.3093
vn 0.9721 0.1659 -0.1659
vn 0.5889 0.5715 -0.5715
vn 0.9721 0.0898 -0.2168
vn 0.5889 0.3093 -0.7467
vn 0.5889 -0.0000 -0.8082
vn 0.9721 -0.0000 -0.2347
vn 0.9721 -0.0898 -0.2168
vn 0.5889 -0.3093 -0.7467
vn 0.9721 -0.1659 -0.1659
vn 0.5889 -0.5715 -0.5715
vn 0.5889 -0.7467 -0.3093
vn 0.5889 -0.8082 -0.0000
vn 0.5889 -0.7467 0.3093
vn 0.5889 -0.5715 0.5715
vn 0.5889 0.3093 0.7467
vn 0.5889 -0.3093 0.7467
vn 0.5889 0.5715 0.5715
vn 0.5889 -0.0000 0.8082
vn 0.5889 0.7467 0.3093
vn 0.5889 0.8082 -0.0000
vn 0.9721 0.2168 -0.0898
vn 0.9575 -0.2665 0.1104
vn 0.9944 0.0973 -0.0403
vn 0.9944 0.0745 -0.0745
vn 0.9575 -0.2040 0.2040
vn 0.9575 -0.1104 0.2665
vn 0.9944 0.0403 -0.0973
vn 0.9575 0.1104 -0.2665
vn 0.9944 -0.0000 -0.1053
vn 0.9575 -0.1104 -0.2665
vn 0.9944 -0.0403 -0.0973
vn 0.9575 -0.2040 -0.2040
vn 0.9944 -0.0745 -0.0745
vn 0.9575 -0.2665 -0.1104
vn 0.9944 -0.0973 -0.0403
vn 0.9575 -0.2885 -0.0000
vn 0.8552 0.1983 -0.4788
vn 0.8552 0.3665 -0.3665
vn 0.8552 -0.3665 -0.3665
vn 0.8552 -0.4788 -0.1983
vn 0.8552 -0.5183 -0.0000
vn 0.8552 -0.4788 0.1983
vn 0.8552 -0.3665 0.3665
vn 0.8552 -0.1983 0.4788
vn 0.0005 -0.0000 1.0000
vn 0.5363 -0.7798 -0.3230
vn 0.5363 -0.8440 -0.0000
vn -0.0055 -0.7071 -0.7071
vn -0.0055 -0.3827 -0.9239
vn 0.5363 0.7798 -0.3230
vn 0.5363 0.8440 -0.0000
vn 0.5363 -0.7798 0.3230
vn 0.5363 0.5968 -0.5968
vn 0.5363 -0.5968 0.5968
vn 0.5363 0.3230 -0.7798
vn 0.5363 -0.3230 0.7798
vn 0.5363 -0.0000 -0.8440
vn 0.5363 -0.0000 0.8440
vn 0.5363 0.3230 0.7798
vn 0.5363 -0.3230 -0.7798
vn 0.5363 0.5968 0.5968
vn 0.5363 -0.5968 -0.5968
vn 0.5363 0.7798 0.3230
vn -0.0055 0.7071 0.7071
vn -0.0055 0.9239 0.3827
vn -0.0055 -0.9239 -0.3827
vn -0.0055 1.0000 -0.0000
vn -0.0055 -1.0000 -0.0000
vn -0.0055 0.9239 -0.3827
vn -0.0055 -0.9239 0.3827
vn -0.0055 0.7071 -0.7071
vn -0.0055 -0.7071 0.7071
vn -0.0055 0.3827 -0.9239
vn -0.0055 -0.3827 0.9239
vn -0.0055 -0.0000 -1.0000
vn -0.0055 -0.0000 1.0000
vn -0.0055 0.3827 0.9239
vn -0.5084 -0.8611 -0.0000
vn -0.5084 -0.7956 -0.3295
vn -0.5084 -0.6089 -0.6089
vn -0.5084 -0.0000 -0.8611
vn -0.5084 0.3295 -0.7956
vn -0.5084 0.3295 0.7956
vn -0.5084 -0.0000 0.8611
vn -0.5084 -0.3295 0.7956
vn -0.5084 -0.6089 0.6089
vn -0.5084 -0.7956 0.3295
vn -0.5084 0.6089 0.6089
vn -0.5084 0.7956 0.3295
vn -0.5084 0.8611 -0.0000
vn -0.5084 0.7956 -0.3295
vn -0.5084 -0.3295 -0.7956
vn -0.6684 -0.2847 -0.6872
vn -0.6684 -0.5260 -0.5260
vn -0.6684 -0.0000 -0.7438
vn -0.6684 0.6872 -0.2847
vn -0.6684 0.7438 -0.0000
vn -0.6684 0.6872 0.2846
vn -0.6684 0.5260 0.5260
vn -0.6684 0.2847 0.6872
vn -0.6684 -0.7438 -0.0000
vn -0.6684 -0.6872 0.2846
vn -0.6684 -0.5260 0.5260
vn -0.6684 -0.2846 0.6872
vn -0.6684 -0.0000 0.7438
vn -0.6684 -0.6872 -0.2847
vn -0.0000 -0.1736 0.9848
vn -0.0000 -0.8192 0.5736
vn -0.0000 -0.5736 -0.8192
vn -0.0000 0.5736 0.8192
vn -0.0000 0.9848 0.1736
vn -0.0000 -0.9848 -0.1736
vn -0.0000 0.8192 -0.5736
vn -0.0000 0.1736 -0.9848
vn -0.0000 0.8191 -0.5736
vn -0.0000 0.5736 0.8191
vn -0.0000 0.1737 -0.9848
vn -0.0000 -0.5736 -0.8191
vn -0.0000 -0.8191 0.5736
vn -0.6684 0.2846 -0.6872
vn -0.6218 0.5538 -0.5538
vn -0.8554 -0.5179 -0.0000
vn -0.6218 -0.7832 -0.0000
vn -0.6684 0.6872 -0.2846
vn -0.6684 -0.2847 0.6872
vn -0.6684 -0.6872 -0.2846
vn -0.6218 -0.5538 -0.5538
vn -0.6684 -0.2846 -0.6872
vn -0.8554 -0.0000 0.5180
vn -0.0000 -0.1737 0.9848
vn 0.5646 0.5674 0.5994
vn 0.8163 -0.0000 -0.5776
vn -0.5646 0.5674 0.5994
vn -0.8163 -0.0000 -0.5776
vn -0.5646 -0.5674 0.5994
vn -0.0000 0.6942 0.7198
vn -0.0078 0.9994 0.0338
vn -0.0000 0.9995 0.0323
vn 0.0078 0.9994 0.0338
vn -0.0000 -0.6941 0.7198
vn -0.0078 -0.9994 0.0338
vn 0.5646 -0.5674 0.5994
vn 0.0078 -0.9994 0.0338
vn -0.0000 -0.9995 0.0323
vn -0.6557 -0.6532 0.3786
vn -0.3786 -0.6532 0.6557
vn -0.0958 -0.6789 0.7280
vn 0.3786 -0.6532 0.6557
vn -0.5490 -0.6303 -0.5490
vn 0.0958 -0.6789 0.7280
vn -0.7319 -0.6657 -0.1456
vn -0.7280 -0.6789 0.0958
vn 0.6557 -0.6532 0.3786
vn -0.1456 -0.6657 -0.7319
vn 0.7280 -0.6789 0.0958
vn 0.7319 -0.6657 -0.1456
vn 0.1456 -0.6657 -0.7319
vn 0.5490 -0.6302 -0.5490
vn -0.4249 -0.5213 0.7400
vn -0.8495 0.1945 0.4905
vn -0.7410 -0.5116 0.4349
vn 0.8531 -0.5085 -0.1165
vn 0.8495 0.1945 -0.4905
vn 0.9726 0.1941 -0.1280
vn -0.1095 -0.5376 -0.8361
vn 0.1281 0.1941 -0.9726
vn 0.1095 -0.5376 -0.8361
vn -0.5817 0.7439 -0.3291
vn -0.8629 -0.4901 -0.1230
vn -0.6816 0.7264 -0.0885
vn 0.1095 -0.5376 0.8361
vn -0.1281 0.1941 0.9726
vn -0.1095 -0.5376 0.8361
vn 0.4905 0.1945 0.8495
vn 0.1281 0.1941 0.9726
vn -0.8629 -0.4901 0.1230
vn 0.8531 -0.5085 0.1165
vn 0.8495 0.1945 0.4905
vn 0.7410 -0.5116 0.4349
vn 0.4249 -0.5213 0.7400
vn 0.8629 -0.4901 0.1230
vn 0.6816 0.7264 -0.0885
vn 0.6816 0.7264 0.0885
vn -0.7410 -0.5116 -0.4349
vn -0.4905 0.1945 -0.8495
vn -0.4249 -0.5213 -0.7400
vn -0.8531 -0.5085 0.1165
vn -0.9726 0.1941 -0.1280
vn -0.8531 -0.5085 -0.1165
vn 0.4249 -0.5213 -0.7400
vn 0.7410 -0.5116 -0.4349
vn 0.1170 -0.4564 -0.8821
vn 0.3257 0.7624 -0.5591
vn 0.4487 -0.4308 -0.7830
vn -0.8495 0.1945 -0.4905
vn 0.9726 0.1941 0.1280
vn 0.3257 0.7624 0.5591
vn 0.7678 -0.4438 0.4621
vn 0.5817 0.7439 0.3291
vn -0.4905 0.1945 0.8495
vn -0.1170 -0.4564 -0.8821
vn -0.3257 0.7624 -0.5591
vn -0.0834 0.7734 -0.6284
vn 0.4905 0.1945 -0.8495
vn -0.1281 0.1941 -0.9726
vn -0.7678 -0.4438 -0.4621
vn -0.5817 0.7439 0.3291
vn -0.7678 -0.4438 0.4621
vn 0.9934 0.0433 0.1064
vn -0.3257 0.7624 0.5591
vn -0.4487 -0.4308 0.7830
vn 0.5798 -0.5892 0.5628
vn -0.0000 0.5699 0.8217
vn -0.5798 -0.5892 0.5628
vn 0.5817 0.7439 -0.3291
vn 0.8629 -0.4901 -0.1230
vn 0.7678 -0.4438 -0.4621
vn 0.1170 -0.4564 0.8821
vn 0.0834 0.7734 0.6284
vn -0.1170 -0.4564 0.8821
vn 0.1911 0.9753 -0.1108
vn -0.1108 0.9753 -0.1911
vn -0.1911 0.9753 0.1108
vn -0.5798 -0.5892 -0.5628
vn -0.0000 0.5699 -0.8217
vn 0.5798 -0.5892 -0.5628
vn -0.1107 0.9753 0.1910
vn -0.0938 0.6963 0.7116
vn -0.0268 0.9786 0.2038
vn -0.3651 0.6840 0.6315
vn -0.7116 0.6963 0.0938
vn -0.6315 0.6840 0.3651
vn -0.9726 0.1941 0.1280
vn 0.1108 0.9753 0.1911
vn 0.0938 0.6963 0.7116
vn 0.3651 0.6840 0.6315
vn 0.6315 0.6840 0.3651
vn 0.1910 0.9753 0.1107
vn 0.7116 0.6963 0.0938
vn 0.2038 0.9786 0.0268
vn 0.0268 0.9786 0.2039
vn -0.3651 0.6840 -0.6315
vn -0.0938 0.6963 -0.7116
vn -0.0268 0.9786 -0.2039
vn 0.3651 0.6840 -0.6315
vn 0.0938 0.6963 -0.7116
vn 0.1107 0.9753 -0.1910
vn 0.6315 0.6840 -0.3651
vn 0.7116 0.6963 -0.0938
vn 0.2039 0.9786 -0.0268
vn -0.6315 0.6840 -0.3651
vn -0.7116 0.6963 -0.0938
vn -0.1910 0.9753 -0.1107
vn 0.0268 0.9786 -0.2038
vn -0.2038 0.9787 -0.0268
vn -0.2039 0.9786 0.0268
vn 0.1414 0.6889 -0.7109
vn -0.0000 0.5886 0.8084
vn -0.0000 0.5886 -0.8084
vn 0.4221 -0.7923 0.4405
vn -0.4634 -0.7892 0.4030
vn 0.4634 -0.7892 0.4030
vn -0.7682 -0.6402 -0.0000
vn -0.4634 -0.7892 -0.4030
vn 0.4221 -0.7923 -0.4405
vn 0.4634 -0.7892 -0.4030
vn 0.7682 -0.6402 -0.0000
vn -0.4221 -0.7923 0.4405
vn -0.5091 0.0409 0.8597
vn -0.0834 0.7734 0.6284
vn -0.1300 0.0367 0.9908
vn -0.8880 0.0441 0.4578
vn -0.6816 0.7264 0.0885
vn 0.5091 0.0409 0.8597
vn 0.8880 0.0441 0.4578
vn 0.1300 0.0366 0.9908
vn -0.5091 0.0409 -0.8597
vn -0.1300 0.0366 -0.9908
vn 0.5092 0.0409 -0.8597
vn 0.8880 0.0441 -0.4578
vn 0.9934 0.0433 -0.1064
vn -0.8880 0.0441 -0.4578
vn 0.1300 0.0366 -0.9908
vn -0.9934 0.0433 0.1064
vn 0.0834 0.7734 -0.6284
vn -0.0000 0.9540 0.2999
vn -0.0000 -0.2999 0.9540
vn -0.0000 -0.9540 -0.2999
vn -0.0000 0.2999 -0.9540
vn 0.7071 0.7071 -0.0033
vn 0.3827 0.9239 -0.0033
vn 0.9239 0.3827 -0.0033
vn 0.9185 0.3804 -0.1081
vn 0.7030 0.7030 -0.1081
vn 0.9941 -0.0000 -0.1081
vn -0.0000 0.9991 -0.0416
vn 0.9185 -0.3804 -0.1081
vn -0.8268 0.5524 -0.1060
vn -0.7030 0.7030 -0.1081
vn 0.7030 -0.7030 -0.1081
vn -0.5524 0.8268 -0.1060
vn 0.3804 -0.9185 -0.1081
vn -0.3804 -0.9185 -0.1081
vn -0.0000 -0.9941 -0.1081
vn 0.9991 -0.0000 -0.0416
vn -0.7030 -0.7030 -0.1081
vn 0.5524 0.8268 -0.1060
vn -0.8268 -0.5524 -0.1060
vn -0.9991 -0.0000 -0.0416
vn -0.0000 -0.9991 -0.0416
vn 1.0000 -0.0000 -0.0033
vn 0.9239 -0.3827 -0.0033
vn 0.7071 -0.7071 -0.0033
vn 0.3827 -0.9239 -0.0033
vn -0.0000 -1.0000 -0.0033
vn -0.3827 -0.9239 -0.0033
vn -0.7071 -0.7071 -0.0033
vn -0.9239 -0.3827 -0.0033
vn -1.0000 -0.0000 -0.0033
vn -0.9239 0.3827 -0.0033
vn -0.7071 0.7071 -0.0033
vn -0.3827 0.9239 -0.0033
vn 0.2588 -0.9659 -0.0000
vn 0.6088 -0.7934 -0.0000
vn -0.6088 0.7934 -0.0000
vn -0.8660 0.5000 -0.0000
vn 0.8660 -0.5000 -0.0000
vn 0.9914 -0.1305 -0.0000
vn -0.9914 0.1305 -0.0000
vn 0.9659 0.2588 -0.0000
vn -0.9659 -0.2588 -0.0000
vn 0.7934 0.6088 -0.0000
vn -0.7934 -0.6088 -0.0000
vn 0.5000 0.8660 -0.0000
vn -0.5000 -0.8660 -0.0000
vn 0.1305 0.9914 -0.0000
vn -0.1305 -0.9914 -0.0000
vn -0.2588 0.9659 -0.0000
vn 0.2462 -0.9189 -0.3083
vn -0.1174 -0.8918 -0.4369
vn 0.2328 -0.8689 -0.4369
vn -0.4498 -0.7790 -0.4369
vn -0.6281 -0.4820 -0.6109
vn -0.3959 -0.6857 -0.6109
vn -0.5791 0.7547 -0.3083
vn -0.2328 0.8689 -0.4369
vn -0.5476 0.7136 -0.4369
vn 0.5791 -0.7547 -0.3083
vn 0.5476 -0.7136 -0.4369
vn -0.7790 0.4498 -0.4369
vn -0.8238 0.4756 -0.3083
vn 0.9431 -0.1242 -0.3083
vn 0.7790 -0.4498 -0.4369
vn 0.8918 -0.1174 -0.4369
vn 0.8238 -0.4756 -0.3083
vn -0.9431 0.1242 -0.3083
vn -0.8918 0.1174 -0.4369
vn 0.8689 0.2328 -0.4369
vn 0.9189 0.2462 -0.3083
vn -0.8689 -0.2328 -0.4369
vn -0.9189 -0.2462 -0.3083
vn 0.7547 0.5791 -0.3083
vn 0.7136 0.5476 -0.4369
vn -0.7136 -0.5476 -0.4369
vn -0.7547 -0.5791 -0.3083
vn 0.4756 0.8238 -0.3083
vn 0.4498 0.7790 -0.4369
vn -0.4756 -0.8238 -0.3083
vn 0.1174 0.8918 -0.4369
vn 0.1242 0.9431 -0.3083
vn -0.1242 -0.9431 -0.3083
vn -0.2462 0.9189 -0.3083
vn 0.7648 0.2049 -0.6109
vn 0.4516 -0.0595 -0.8902
vn 0.4400 0.1179 -0.8902
vn 0.1033 0.7850 -0.6109
vn -0.1033 -0.7850 -0.6109
vn -0.2049 0.7648 -0.6109
vn 0.2049 -0.7648 -0.6109
vn -0.4820 0.6281 -0.6109
vn 0.4820 -0.6281 -0.6109
vn -0.6857 0.3959 -0.6109
vn 0.6857 -0.3959 -0.6109
vn 0.7850 -0.1033 -0.6109
vn -0.7850 0.1034 -0.6109
vn -0.7648 -0.2049 -0.6109
vn 0.6281 0.4820 -0.6109
vn 0.3959 0.6857 -0.6109
vn -0.4400 -0.1179 -0.8902
vn -0.1179 0.4400 -0.8902
vn 0.3614 0.2774 -0.8902
vn -0.3614 -0.2774 -0.8902
vn 0.2278 0.3945 -0.8902
vn -0.2278 -0.3945 -0.8902
vn 0.0595 0.4517 -0.8902
vn -0.0595 -0.4517 -0.8902
vn 0.1179 -0.4400 -0.8902
vn -0.2773 0.3614 -0.8902
vn 0.2773 -0.3613 -0.8902
vn -0.3945 0.2278 -0.8902
vn 0.3945 -0.2278 -0.8902
vn -0.4516 0.0595 -0.8902
vn 0.2247 -0.7631 0.6060
vn 0.7595 -0.6460 -0.0763
vn 0.8808 -0.4684 0.0691
vn -0.6761 -0.6484 0.3499
vn 0.0734 -0.9003 0.4290
vn -0.5122 -0.6573 -0.5528
vn -0.0503 -0.8271 -0.5597
vn 0.4423 -0.7602 -0.4759
vn -0.2450 -0.4250 0.8714
vn 0.2426 -0.0674 0.9678
vn -0.1759 0.0432 0.9835
vn 0.2198 0.2539 0.9419
vn -0.0923 0.4136 0.9058
vn 0.5886 0.3381 -0.7343
vn 0.8822 0.0619 -0.4668
vn 0.8202 -0.0765 -0.5669
vn 0.4902 -0.1833 -0.8521
vn -0.5239 -0.1068 -0.8451
vn -0.7733 -0.6331 -0.0363
vn -0.9339 -0.0817 -0.3481
vn -0.9847 -0.1702 -0.0363
vn 0.0018 -0.1737 -0.9848
vn 0.4262 0.1536 -0.8915
vn -0.0906 0.7261 -0.6816
vn 0.5749 0.4293 -0.6965
vn 0.0202 0.7166 -0.6972
vn -0.3909 0.2660 -0.8811
vn -0.6980 0.3865 -0.6029
vn -0.8194 0.3718 -0.4364
vn -0.6753 0.5600 0.4800
vn -0.8259 0.3103 -0.4708
vn -0.8271 0.1684 0.5362
vn -0.4712 0.8693 0.1493
vn -0.6426 0.4139 -0.6449
vn -0.8162 -0.4656 -0.3422
vn -0.8276 -0.5570 0.0704
vn -0.7892 -0.2579 0.5573
vn -0.1942 0.9787 -0.0659
vn -0.5535 0.4686 -0.6885
vn 0.0702 0.9467 -0.3144
vn -0.4806 0.5248 -0.7026
vn -0.8959 -0.1736 -0.4089
vn -0.8566 -0.3118 -0.4111
vn 0.2356 0.8379 -0.4924
vn -0.4007 0.5872 -0.7033
vn 0.3653 0.7446 -0.5587
vn -0.3108 0.6479 -0.6955
vn -0.9059 0.1148 -0.4077
vn -0.9124 -0.0292 -0.4082
vn 0.4639 0.6428 -0.6096
vn -0.2123 0.7003 -0.6816
vn 0.5328 0.5367 -0.6543
vn -0.8768 0.2568 -0.4066
vn 0.0789 0.7084 0.7013
vn 0.6612 -0.1787 0.7287
vn 0.3981 0.3958 0.8276
vn 0.1610 -0.4088 0.8983
vn 0.1791 -0.7588 0.6262
vn 0.6487 -0.2646 0.7136
vn 0.5566 0.4721 0.6836
vn 0.7588 0.4223 0.4958
vn 0.1344 -0.8856 0.4445
vn 0.6072 -0.3670 0.7047
vn 0.0095 -0.9126 0.4088
vn 0.5484 -0.4561 0.7009
vn 0.8783 0.2673 0.3963
vn 0.9426 0.0973 0.3193
vn -0.1384 -0.9018 0.4095
vn 0.4821 -0.5400 0.6899
vn -0.2815 -0.8675 0.4101
vn 0.4068 -0.6186 0.6723
vn 0.9685 -0.0893 0.2323
vn 0.9471 -0.2836 0.1502
vn -0.4182 -0.8101 0.4109
vn 0.3207 -0.6920 0.6468
vn -0.5426 -0.7320 0.4120
vn 0.2989 0.8320 0.4674
vn 0.5423 0.8274 0.1463
vn 0.7035 0.7066 -0.0768
vn 0.8058 0.5591 -0.1952
vn 0.8689 0.3922 -0.3020
vn 0.8919 0.2206 -0.3949
vn -0.4361 -0.8988 0.0455
vn -0.3391 -0.8546 0.3934
vn -0.6929 -0.7210 -0.0000
vn -0.5671 -0.8236 -0.0055
vn -0.8841 -0.4672 0.0001
vn -0.7987 -0.6018 0.0001
vn -0.9478 -0.3187 0.0049
vn -0.7732 0.1869 0.6060
vn -0.9392 -0.3348 -0.0763
vn -0.8461 -0.5286 0.0691
vn -0.2235 0.9097 0.3499
vn -0.8164 0.3866 0.4290
vn -0.3131 0.7723 -0.5528
vn -0.6912 0.4571 -0.5597
vn -0.8795 -0.0030 -0.4759
vn -0.2455 0.4246 0.8714
vn -0.1796 -0.1764 0.9678
vn 0.1254 0.1307 0.9835
vn 0.1099 -0.3173 0.9419
vn 0.4043 -0.1269 0.9058
vn -0.0015 -0.6788 -0.7343
vn -0.3875 -0.7950 -0.4668
vn -0.4763 -0.6721 -0.5669
vn -0.4038 -0.3329 -0.8521
vn 0.1695 0.5071 -0.8451
vn -0.1616 0.9862 -0.0363
vn 0.3962 0.8496 -0.3482
vn 0.3450 0.9379 -0.0363
vn -0.1513 0.0853 -0.9848
vn -0.0801 -0.4459 -0.8915
vn 0.6741 -0.2846 -0.6816
vn 0.0843 -0.7126 -0.6965
vn 0.6105 -0.3758 -0.6971
vn 0.4258 0.2055 -0.8812
vn 0.6837 0.4112 -0.6029
vn 0.7317 0.5237 -0.4364
vn 0.8226 0.3048 0.4800
vn 0.6817 0.5601 -0.4708
vn 0.5594 0.6321 0.5362
vn 0.9884 -0.0266 0.1493
vn 0.6797 0.3495 -0.6449
vn 0.0049 0.9396 -0.3422
vn -0.0686 0.9952 0.0704
vn 0.1713 0.8124 0.5573
vn 0.9447 -0.3212 -0.0659
vn 0.6826 0.2451 -0.6885
vn 0.7847 -0.5341 -0.3144
vn 0.6948 0.1538 -0.7026
vn 0.2976 0.8627 -0.4089
vn 0.1583 0.8978 -0.4111
vn 0.6078 -0.6229 -0.4924
vn 0.7089 0.0534 -0.7033
vn 0.4621 -0.6887 -0.5587
vn 0.7165 -0.0547 -0.6954
vn 0.5523 0.7271 -0.4077
vn 0.4309 0.8048 -0.4082
vn 0.3247 -0.7232 -0.6096
vn 0.7126 -0.1663 -0.6816
vn 0.1984 -0.7297 -0.6543
vn 0.6608 0.6309 -0.4066
vn 0.5741 -0.4225 0.7013
vn -0.4853 -0.4833 0.7287
vn 0.1437 -0.5426 0.8276
vn -0.4345 0.0649 0.8983
vn -0.7467 0.2244 0.6262
vn -0.5535 -0.4294 0.7136
vn 0.1306 -0.7180 0.6836
vn -0.0137 -0.8683 0.4958
vn -0.8342 0.3264 0.4445
vn -0.6214 -0.3423 0.7047
vn -0.7951 0.4481 0.4088
vn -0.6692 -0.2469 0.7009
vn -0.2076 -0.8943 0.3963
vn -0.3870 -0.8650 0.3193
vn -0.7117 0.5707 0.4095
vn -0.7087 -0.1475 0.6899
vn -0.6105 0.6775 0.4101
vn -0.7391 -0.0430 0.6723
vn -0.5616 -0.7941 0.2323
vn -0.7192 -0.6784 0.1502
vn -0.4924 0.7672 0.4109
vn -0.7596 0.0683 0.6468
vn -0.3626 0.8359 0.4120
vn 0.5711 -0.6748 0.4674
vn 0.4454 -0.8833 0.1463
vn 0.2602 -0.9625 -0.0768
vn 0.0813 -0.9774 -0.1952
vn -0.0948 -0.9486 -0.3020
vn -0.2549 -0.8827 -0.3949
vn -0.5603 0.8270 0.0455
vn -0.5705 0.7209 0.3934
vn -0.2780 0.9606 -0.0000
vn -0.4297 0.9030 -0.0055
vn 0.0374 0.9993 0.0001
vn -0.1218 0.9926 0.0001
vn 0.1979 0.9802 0.0049
vn 0.5485 0.5762 0.6060
vn 0.1796 0.9808 -0.0763
vn -0.0347 0.9970 0.0691
vn 0.8996 -0.2613 0.3499
vn 0.7430 0.5137 0.4290
vn 0.8253 -0.1150 -0.5528
vn 0.7415 0.3700 -0.5597
vn 0.4372 0.7631 -0.4759
vn 0.4905 0.0003 0.8714
vn -0.0629 0.2438 0.9678
vn 0.0505 -0.1739 0.9835
vn -0.3298 0.0634 0.9419
vn -0.3120 -0.2867 0.9058
vn -0.5871 0.3407 -0.7343
vn -0.4947 0.7331 -0.4668
vn -0.3439 0.7486 -0.5669
vn -0.0864 0.5162 -0.8521
vn 0.3544 -0.4003 -0.8451
vn 0.9349 -0.3531 -0.0363
vn 0.5377 -0.7679 -0.3481
vn 0.6397 -0.7677 -0.0363
vn 0.1495 0.0884 -0.9848
vn -0.3461 0.2923 -0.8915
vn -0.5835 -0.4415 -0.6816
vn -0.6593 0.2833 -0.6965
vn -0.6307 -0.3408 -0.6972
vn -0.0349 -0.4716 -0.8811
vn 0.0142 -0.7977 -0.6029
vn 0.0877 -0.8955 -0.4364
vn -0.1473 -0.8648 0.4800
vn 0.1442 -0.8704 -0.4708
vn 0.2678 -0.8005 0.5362
vn -0.5172 -0.8427 0.1493
vn -0.0371 -0.7634 -0.6449
vn 0.8113 -0.4740 -0.3422
vn 0.8961 -0.4382 0.0704
vn 0.6180 -0.5545 0.5573
vn -0.7505 -0.6576 -0.0659
vn -0.1291 -0.7137 -0.6885
vn -0.8550 -0.4125 -0.3144
vn -0.2142 -0.6786 -0.7026
vn 0.5983 -0.6891 -0.4089
vn 0.6984 -0.5859 -0.4110
vn -0.8434 -0.2149 -0.4924
vn -0.3082 -0.6406 -0.7033
vn -0.8275 -0.0559 -0.5587
vn -0.4057 -0.5931 -0.6955
vn 0.3535 -0.8419 -0.4077
vn 0.4815 -0.7756 -0.4082
vn -0.7886 0.0804 -0.6096
vn -0.5003 -0.5340 -0.6816
vn -0.7312 0.1930 -0.6543
vn 0.2160 -0.8877 -0.4066
vn -0.6530 -0.2859 0.7013
vn -0.1758 0.6619 0.7287
vn -0.5418 0.1469 0.8276
vn 0.2735 0.3438 0.8983
vn 0.5676 0.5345 0.6262
vn -0.0951 0.6941 0.7136
vn -0.6871 0.2459 0.6836
vn -0.7451 0.4460 0.4958
vn 0.6998 0.5592 0.4445
vn 0.0142 0.7093 0.7047
vn 0.7856 0.4645 0.4088
vn 0.1208 0.7029 0.7009
vn -0.6707 0.6270 0.3963
vn -0.5556 0.7677 0.3193
vn 0.8501 0.3310 0.4095
vn 0.2266 0.6875 0.6899
vn 0.8920 0.1900 0.4101
vn 0.3323 0.6615 0.6723
vn -0.4070 0.8834 0.2323
vn -0.2279 0.9620 0.1502
vn 0.9107 0.0428 0.4109
vn 0.4389 0.6237 0.6468
vn 0.9052 -0.1039 0.4120
vn -0.8700 -0.1572 0.4674
vn -0.9877 0.0559 0.1463
vn -0.9636 0.2560 -0.0768
vn -0.8871 0.4183 -0.1952
vn -0.7741 0.5564 -0.3020
vn -0.6370 0.6621 -0.3949
vn 0.9964 0.0717 0.0455
vn 0.9096 0.1336 0.3934
vn 0.9709 -0.2395 -0.0000
vn 0.9968 -0.0794 -0.0055
vn 0.8467 -0.5321 0.0001
vn 0.9205 -0.3908 0.0001
vn 0.7499 -0.6615 0.0049
vn 0.0148 0.2648 -0.9642
vn 0.2220 -0.1452 -0.9642
vn -0.2367 -0.1196 -0.9642
vn -0.9185 0.3804 -0.1081
vn -0.9941 -0.0000 -0.1081
vn -0.9185 -0.3804 -0.1081
vn 0.8268 0.5524 -0.1060
vn 0.8268 -0.5524 -0.1060
vn -0.6088 -0.7934 -0.0000
vn -0.2588 -0.9659 -0.0000
vn 0.8660 0.5000 -0.0000
vn 0.6088 0.7934 -0.0000
vn -0.9914 -0.1305 -0.0000
vn -0.8660 -0.5000 -0.0000
vn 0.9914 0.1305 -0.0000
vn -0.9659 0.2588 -0.0000
vn 0.9659 -0.2588 -0.0000
vn -0.7934 0.6088 -0.0000
vn 0.7934 -0.6088 -0.0000
vn -0.5000 0.8660 -0.0000
vn 0.5000 -0.8660 -0.0000
vn -0.1305 0.9914 -0.0000
vn 0.1305 -0.9914 -0.0000
vn 0.2588 0.9659 -0.0000
vn -0.2328 -0.8689 -0.4369
vn 0.1242 -0.9431 -0.3083
vn -0.2462 -0.9189 -0.3083
vn 0.4498 -0.7790 -0.4369
vn 0.6281 -0.4820 -0.6109
vn 0.7136 -0.5476 -0.4369
vn 0.5476 0.7136 -0.4369
vn 0.2462 0.9189 -0.3083
vn 0.5791 0.7547 -0.3083
vn -0.5476 -0.7136 -0.4369
vn -0.5791 -0.7547 -0.3083
vn 0.7790 0.4498 -0.4369
vn 0.8238 0.4756 -0.3083
vn -0.9431 -0.1242 -0.3083
vn -0.7790 -0.4498 -0.4369
vn -0.8238 -0.4756 -0.3083
vn 0.9431 0.1242 -0.3083
vn -0.8689 0.2328 -0.4369
vn -0.9189 0.2462 -0.3083
vn 0.8689 -0.2328 -0.4369
vn 0.9189 -0.2462 -0.3083
vn -0.7547 0.5791 -0.3083
vn 0.7547 -0.5791 -0.3083
vn -0.4756 0.8238 -0.3083
vn -0.7136 0.5476 -0.4369
vn 0.4756 -0.8238 -0.3083
vn -0.1242 0.9431 -0.3083
vn -0.4498 0.7790 -0.4369
vn 0.2328 0.8689 -0.4369
vn -0.7648 0.2049 -0.6109
vn -0.4516 -0.0595 -0.8902
vn -0.7850 -0.1033 -0.6109
vn -0.1174 0.8918 -0.4369
vn -0.3959 0.6857 -0.6109
vn 0.1033 -0.7850 -0.6109
vn 0.1174 -0.8918 -0.4369
vn -0.1033 0.7850 -0.6109
vn 0.4820 0.6281 -0.6109
vn -0.2049 -0.7648 -0.6109
vn 0.6857 0.3959 -0.6109
vn -0.8918 -0.1174 -0.4369
vn -0.6857 -0.3959 -0.6109
vn -0.4820 -0.6281 -0.6109
vn 0.7850 0.1033 -0.6109
vn 0.8918 0.1174 -0.4369
vn 0.7648 -0.2049 -0.6109
vn 0.3945 0.2278 -0.8902
vn 0.2278 -0.3945 -0.8902
vn -0.3945 -0.2278 -0.8902
vn 0.4400 -0.1179 -0.8902
vn -0.3614 0.2774 -0.8902
vn -0.6281 0.4820 -0.6109
vn 0.3614 -0.2774 -0.8902
vn 0.3959 -0.6857 -0.6109
vn -0.0595 0.4517 -0.8902
vn 0.2049 0.7648 -0.6109
vn 0.0595 -0.4517 -0.8902
vn 0.1179 0.4400 -0.8902
vn -0.2773 -0.3613 -0.8902
vn 0.4516 0.0595 -0.8902
vn -0.7595 -0.6460 -0.0763
vn -0.2247 -0.7631 0.6060
vn -0.8808 -0.4684 0.0691
vn -0.0734 -0.9003 0.4290
vn 0.6761 -0.6484 0.3499
vn 0.5122 -0.6573 -0.5528
vn 0.7733 -0.6331 -0.0363
vn -0.4423 -0.7602 -0.4759
vn 0.2450 -0.4250 0.8714
vn -0.2426 -0.0674 0.9678
vn -0.1610 -0.4088 0.8983
vn 0.1759 0.0432 0.9835
vn -0.2198 0.2539 0.9419
vn -0.8822 0.0619 -0.4668
vn -0.5886 0.3381 -0.7343
vn -0.8202 -0.0765 -0.5669
vn -0.4902 -0.1833 -0.8521
vn 0.5239 -0.1068 -0.8451
vn 0.9339 -0.0817 -0.3481
vn -0.0018 -0.1737 -0.9848
vn 0.0503 -0.8271 -0.5597
vn -0.4262 0.1536 -0.8915
vn -0.0148 0.2648 -0.9642
vn 0.0906 0.7261 -0.6816
vn -0.5749 0.4293 -0.6965
vn -0.0202 0.7166 -0.6971
vn 0.3909 0.2660 -0.8811
vn 0.6980 0.3865 -0.6029
vn 0.6753 0.5600 0.4800
vn 0.8259 0.3103 -0.4708
vn 0.4712 0.8693 0.1493
vn 0.6426 0.4139 -0.6449
vn 0.1942 0.9787 -0.0659
vn 0.8162 -0.4656 -0.3422
vn 0.7892 -0.2579 0.5573
vn 0.8271 0.1684 0.5362
vn 0.5535 0.4686 -0.6885
vn -0.0702 0.9467 -0.3144
vn 0.4806 0.5248 -0.7026
vn -0.2356 0.8379 -0.4924
vn 0.8959 -0.1736 -0.4089
vn 0.8566 -0.3118 -0.4111
vn 0.4007 0.5872 -0.7033
vn -0.3653 0.7446 -0.5587
vn 0.3108 0.6479 -0.6955
vn -0.4639 0.6428 -0.6096
vn 0.9059 0.1148 -0.4077
vn 0.9124 -0.0292 -0.4082
vn 0.2123 0.7003 -0.6816
vn -0.5328 0.5367 -0.6543
vn 0.8194 0.3718 -0.4364
vn 0.8768 0.2568 -0.4066
vn -0.0789 0.7084 0.7013
vn 0.0923 0.4136 0.9058
vn -0.6612 -0.1787 0.7287
vn -0.6487 -0.2646 0.7136
vn -0.1791 -0.7588 0.6262
vn -0.3981 0.3958 0.8276
vn -0.7588 0.4223 0.4958
vn -0.5566 0.4721 0.6836
vn -0.6072 -0.3670 0.7047
vn -0.1344 -0.8856 0.4445
vn -0.5484 -0.4561 0.7009
vn -0.0095 -0.9126 0.4088
vn -0.8783 0.2673 0.3963
vn -0.9426 0.0973 0.3193
vn -0.4821 -0.5400 0.6899
vn 0.1384 -0.9018 0.4095
vn -0.4068 -0.6186 0.6723
vn 0.2815 -0.8675 0.4101
vn -0.9685 -0.0893 0.2323
vn -0.9471 -0.2836 0.1502
vn -0.3207 -0.6920 0.6468
vn 0.4182 -0.8101 0.4109
vn 0.5426 -0.7320 0.4120
vn -0.2989 0.8320 0.4674
vn -0.5423 0.8274 0.1463
vn -0.7035 0.7066 -0.0768
vn -0.8058 0.5591 -0.1952
vn -0.8689 0.3922 -0.3020
vn -0.8919 0.2206 -0.3949
vn 0.4361 -0.8988 0.0455
vn 0.6929 -0.7210 -0.0000
vn 0.3391 -0.8546 0.3934
vn 0.8841 -0.4672 0.0001
vn 0.5671 -0.8236 -0.0055
vn 0.9847 -0.1702 -0.0363
vn 0.7987 -0.6018 0.0001
vn 0.9478 -0.3187 0.0049
vn 0.9392 -0.3348 -0.0763
vn 0.7732 0.1869 0.6060
vn 0.8461 -0.5286 0.0691
vn 0.8164 0.3866 0.4290
vn 0.2235 0.9097 0.3499
vn 0.3131 0.7723 -0.5528
vn 0.1616 0.9862 -0.0363
vn 0.8795 -0.0030 -0.4759
vn 0.2455 0.4246 0.8714
vn 0.1796 -0.1764 0.9678
vn 0.4345 0.0649 0.8983
vn -0.1254 0.1307 0.9835
vn -0.1099 -0.3173 0.9419
vn 0.3875 -0.7950 -0.4668
vn 0.0015 -0.6788 -0.7343
vn 0.4763 -0.6721 -0.5669
vn 0.4038 -0.3329 -0.8521
vn -0.1695 0.5071 -0.8451
vn -0.3962 0.8496 -0.3482
vn 0.1513 0.0853 -0.9848
vn 0.6912 0.4571 -0.5597
vn 0.0801 -0.4459 -0.8915
vn -0.2220 -0.1452 -0.9642
vn -0.6741 -0.2846 -0.6816
vn -0.0843 -0.7126 -0.6965
vn -0.6105 -0.3758 -0.6971
vn -0.4258 0.2055 -0.8812
vn -0.6837 0.4112 -0.6029
vn -0.8226 0.3048 0.4800
vn -0.6817 0.5601 -0.4708
vn -0.9884 -0.0266 0.1493
vn -0.6797 0.3495 -0.6449
vn -0.9447 -0.3212 -0.0659
vn -0.0049 0.9396 -0.3422
vn -0.1713 0.8125 0.5573
vn -0.5594 0.6321 0.5362
vn -0.6826 0.2451 -0.6885
vn -0.7847 -0.5341 -0.3144
vn -0.6948 0.1538 -0.7026
vn -0.6078 -0.6229 -0.4924
vn -0.2976 0.8627 -0.4089
vn -0.1583 0.8978 -0.4111
vn -0.7089 0.0534 -0.7033
vn -0.4621 -0.6887 -0.5587
vn -0.7165 -0.0547 -0.6954
vn -0.3247 -0.7232 -0.6096
vn -0.5523 0.7271 -0.4077
vn -0.4309 0.8048 -0.4082
vn -0.7126 -0.1663 -0.6816
vn -0.1984 -0.7297 -0.6543
vn -0.7317 0.5237 -0.4364
vn -0.6608 0.6309 -0.4066
vn -0.5741 -0.4225 0.7013
vn -0.4043 -0.1269 0.9058
vn 0.4853 -0.4833 0.7287
vn 0.5535 -0.4294 0.7136
vn 0.7467 0.2243 0.6262
vn -0.1437 -0.5426 0.8276
vn 0.0137 -0.8683 0.4958
vn -0.1306 -0.7180 0.6836
vn 0.6214 -0.3423 0.7047
vn 0.8342 0.3264 0.4445
vn 0.6692 -0.2469 0.7009
vn 0.7951 0.4481 0.4088
vn 0.2076 -0.8943 0.3963
vn 0.3870 -0.8650 0.3193
vn 0.7087 -0.1475 0.6899
vn 0.7117 0.5707 0.4095
vn 0.7391 -0.0430 0.6723
vn 0.6105 0.6775 0.4101
vn 0.5616 -0.7941 0.2323
vn 0.7192 -0.6784 0.1502
vn 0.7596 0.0683 0.6468
vn 0.4924 0.7672 0.4109
vn 0.3626 0.8359 0.4120
vn -0.5711 -0.6748 0.4674
vn -0.4454 -0.8833 0.1463
vn -0.2602 -0.9625 -0.0768
vn -0.0813 -0.9774 -0.1952
vn 0.0948 -0.9486 -0.3020
vn 0.2549 -0.8827 -0.3949
vn 0.5603 0.8270 0.0455
vn 0.2780 0.9606 -0.0000
vn 0.5705 0.7209 0.3934
vn -0.0374 0.9993 0.0001
vn 0.4297 0.9030 -0.0055
vn -0.3450 0.9379 -0.0363
vn 0.1218 0.9926 0.0001
vn -0.1979 0.9802 0.0049
vn -0.1796 0.9808 -0.0763
vn -0.5485 0.5762 0.6060
vn 0.0347 0.9970 0.0691
vn -0.7430 0.5137 0.4290
vn -0.8996 -0.2613 0.3499
vn -0.8253 -0.1150 -0.5528
vn -0.9349 -0.3531 -0.0363
vn -0.4372 0.7631 -0.4759
vn -0.4905 0.0003 0.8714
vn 0.0629 0.2438 0.9678
vn -0.2735 0.3438 0.8983
vn -0.0505 -0.1739 0.9835
vn 0.3298 0.0634 0.9419
vn 0.4947 0.7331 -0.4668
vn 0.5871 0.3407 -0.7343
vn 0.3439 0.7486 -0.5669
vn 0.0864 0.5162 -0.8521
vn -0.3544 -0.4003 -0.8451
vn -0.5377 -0.7679 -0.3481
vn -0.1495 0.0884 -0.9848
vn -0.7415 0.3700 -0.5597
vn 0.3461 0.2923 -0.8915
vn 0.2367 -0.1196 -0.9642
vn 0.5835 -0.4415 -0.6816
vn 0.6593 0.2833 -0.6965
vn 0.6307 -0.3408 -0.6972
vn 0.0349 -0.4716 -0.8811
vn -0.0142 -0.7977 -0.6029
vn 0.1473 -0.8648 0.4800
vn -0.1442 -0.8704 -0.4708
vn 0.5172 -0.8427 0.1493
vn 0.0371 -0.7634 -0.6449
vn 0.7505 -0.6576 -0.0659
vn -0.8113 -0.4740 -0.3422
vn -0.6180 -0.5545 0.5573
vn -0.2678 -0.8005 0.5362
vn 0.1291 -0.7137 -0.6885
vn 0.8550 -0.4125 -0.3144
vn 0.2142 -0.6786 -0.7026
vn 0.8434 -0.2149 -0.4924
vn -0.5983 -0.6891 -0.4089
vn -0.6984 -0.5859 -0.4110
vn 0.3082 -0.6406 -0.7033
vn 0.8275 -0.0559 -0.5587
vn 0.4057 -0.5931 -0.6955
vn 0.7886 0.0804 -0.6096
vn -0.3535 -0.8419 -0.4077
vn -0.4815 -0.7756 -0.4082
vn 0.5003 -0.5340 -0.6816
vn 0.7312 0.1930 -0.6543
vn -0.0877 -0.8955 -0.4364
vn -0.2160 -0.8877 -0.4066
vn 0.6530 -0.2859 0.7013
vn 0.3120 -0.2867 0.9058
vn 0.1758 0.6619 0.7287
vn 0.0951 0.6941 0.7136
vn -0.5676 0.5345 0.6262
vn 0.5418 0.1469 0.8276
vn 0.7451 0.4460 0.4958
vn 0.6871 0.2459 0.6836
vn -0.0142 0.7093 0.7047
vn -0.6998 0.5592 0.4445
vn -0.1208 0.7029 0.7009
vn -0.7856 0.4645 0.4088
vn 0.6707 0.6270 0.3963
vn 0.5556 0.7677 0.3193
vn -0.2266 0.6875 0.6899
vn -0.8501 0.3310 0.4095
vn -0.3323 0.6615 0.6723
vn -0.8920 0.1900 0.4101
vn 0.4070 0.8834 0.2323
vn 0.2279 0.9620 0.1502
vn -0.4389 0.6237 0.6468
vn -0.9107 0.0428 0.4109
vn -0.9052 -0.1039 0.4120
vn 0.8700 -0.1572 0.4674
vn 0.9877 0.0559 0.1463
vn 0.9636 0.2560 -0.0768
vn 0.8871 0.4183 -0.1952
vn 0.7741 0.5564 -0.3020
vn 0.6370 0.6621 -0.3949
vn -0.9964 0.0717 0.0455
vn -0.9709 -0.2395 -0.0000
vn -0.9096 0.1336 0.3934
vn -0.8467 -0.5321 0.0001
vn -0.9968 -0.0794 -0.0055
vn -0.6397 -0.7677 -0.0363
vn -0.9205 -0.3908 0.0001
vn -0.7499 -0.6615 0.0049
vn 0.8276 -0.5570 0.0704
vn 0.0686 0.9952 0.0704
vn -0.8961 -0.4382 0.0704
vn 0.5161 0.2040 -0.8319
vn 0.7995 -0.0000 -0.6006
vn 0.5261 -0.0000 -0.8504
vn 0.1711 0.1934 -0.9661
vn 0.1743 -0.0000 -0.9847
vn -0.5261 -0.0000 -0.8504
vn -0.7825 0.2155 -0.5841
vn -0.5161 0.2040 -0.8319
vn 0.6878 -0.0000 0.7259
vn 0.9412 0.1911 0.2785
vn 0.6744 0.1985 0.7111
vn -0.1711 0.1934 -0.9661
vn -0.1743 -0.0000 -0.9847
vn 0.9513 0.2170 -0.2188
vn 0.9569 -0.0000 0.2906
vn 0.9738 -0.0000 -0.2274
vn -0.7995 -0.0000 -0.6006
vn -0.9513 0.2170 -0.2188
vn 0.2566 -0.0000 0.9665
vn 0.2506 0.1924 0.9488
vn -0.9412 0.1911 0.2785
vn -0.9738 -0.0000 -0.2274
vn -0.9569 -0.0000 0.2906
vn -0.2566 -0.0000 0.9665
vn -0.6744 0.1986 0.7111
vn -0.6878 -0.0000 0.7259
vn -0.2506 0.1924 0.9488
vn 0.0608 0.9748 0.2144
vn 0.1486 0.9818 -0.1181
vn -0.1074 0.9789 -0.1741
vn 0.1074 0.9789 -0.1741
vn 0.1279 0.6894 -0.7130
vn 0.0391 0.9768 -0.2107
vn 0.3749 0.7026 -0.6048
vn 0.5514 0.7214 -0.4190
vn 0.1869 0.9810 -0.0521
vn 0.6786 0.7160 -0.1639
vn 0.7825 0.2155 -0.5841
vn -0.1279 0.6895 -0.7130
vn -0.3749 0.7026 -0.6048
vn -0.1486 0.9818 -0.1181
vn -0.5514 0.7214 -0.4190
vn -0.1869 0.9810 -0.0521
vn -0.6786 0.7160 -0.1639
vn -0.0391 0.9768 -0.2107
vn 0.1332 0.9781 0.1598
vn 0.1898 0.6815 0.7068
vn 0.4858 0.6942 0.5311
vn 0.2170 0.9730 0.0783
vn 0.7043 0.6762 0.2160
vn -0.2170 0.9730 0.0783
vn -0.4858 0.6942 0.5311
vn -0.1333 0.9781 0.1598
vn -0.7043 0.6762 0.2160
vn -0.1898 0.6815 0.7068
vn -0.0608 0.9748 0.2144
vn -0.0000 0.7191 -0.6949
vn -0.0000 0.9506 0.3104
vn -0.0000 0.4680 0.8838
vn -0.4221 -0.7923 -0.4405
vn -0.0000 0.7770 -0.6295
vn -0.0000 -0.7770 0.6295
vn -0.0000 -0.6295 -0.7770
vn -0.0000 0.6295 0.7770
vn -0.0000 0.6273 0.7788
vn -0.0000 -0.6273 -0.7788
vn -0.7071 -0.5507 0.4436
vn -0.0000 0.7788 -0.6273
vn -0.7071 0.5507 -0.4436
vn 0.7071 0.5507 -0.4436
vn 0.7071 -0.5507 0.4436
vn -0.0000 -0.7788 0.6273
vn -0.6744 0.1985 0.7111
vn 0.6744 0.1986 0.7111
vn -0.1279 0.6894 -0.7130
vn 0.1279 0.6895 -0.7130
vn -0.1332 0.9781 0.1598
vn 0.1333 0.9781 0.1598
vn -0.0000 0.7586 -0.6516
vn -0.0000 0.1420 -0.9899
vn -0.0000 0.3353 0.9421
vn -0.0000 -0.7751 0.6319
vn -0.0000 0.9567 0.2912
vn -0.0000 -0.7621 -0.6474
vn -0.0000 0.6319 0.7751
vn -0.0000 0.3354 0.9421
vn -0.0000 0.7751 -0.6318
vn 0.3670 -0.2779 -0.8877
vn 0.3827 -0.0000 -0.9239
vn -0.0000 -0.2986 0.9544
vn -0.3827 -0.0000 0.9239
vn -0.3670 -0.2779 -0.8877
vn -0.3827 -0.0000 -0.9239
vn -0.0000 -0.2771 -0.9609
vn 0.3659 -0.2978 0.8817
vn 0.3827 -0.0000 0.9239
vn -0.6780 -0.2803 -0.6796
vn 0.6763 -0.2955 0.6748
vn -0.8853 -0.2838 -0.3683
vn -0.9239 -0.0000 -0.3827
vn 0.8841 -0.2921 0.3647
vn 0.9239 -0.0000 0.3827
vn -0.9576 -0.2880 -0.0016
vn 0.9576 -0.2880 -0.0016
vn -0.8841 -0.2921 0.3647
vn -0.9239 -0.0000 0.3827
vn 0.8853 -0.2838 -0.3683
vn 0.9239 -0.0000 -0.3827
vn -0.6763 -0.2955 0.6748
vn 0.6780 -0.2803 -0.6796
vn -0.3659 -0.2978 0.8817
vn 0.6335 0.4479 -0.6310
vn -0.6353 0.4354 0.6378
vn 0.3427 0.4498 -0.8248
vn -0.3440 0.4335 0.8329
vn -0.0000 0.4505 -0.8928
vn 0.3440 0.4335 0.8329
vn -0.3427 0.4498 -0.8248
vn 0.6353 0.4354 0.6378
vn -0.6335 0.4479 -0.6310
vn 0.8296 0.4382 0.3461
vn -0.8283 0.4449 -0.3406
vn 0.8972 0.4415 0.0025
vn -0.8972 0.4415 0.0025
vn 0.8283 0.4449 -0.3406
vn -0.8296 0.4382 0.3461
vn -0.0000 0.4328 0.9015
vn -0.0000 0.6135 0.7897
vn -0.0000 0.8175 0.5760
vn 0.1564 0.1564 0.9752
vn 0.5780 0.5780 0.5760
vn -0.9991 -0.0000 0.0428
vn -0.5780 -0.5780 0.5760
vn -0.8175 -0.0000 0.5760
vn 0.7065 -0.7065 0.0428
vn 0.8175 -0.0000 0.5760
vn 0.5780 -0.5780 0.5760
vn -0.0000 0.9991 0.0428
vn 0.7065 0.7065 0.0428
vn -0.5780 0.5780 0.5760
vn -0.7065 0.7065 0.0428
vn -0.0000 -0.9991 0.0428
vn -0.7065 -0.7065 0.0428
vn -0.0000 -0.8175 0.5760
vn 0.9991 -0.0000 0.0428
vn 1.0000 -0.0000 -0.0084
vn 0.7071 -0.7071 -0.0084
vn -0.1564 0.1564 0.9752
vn -0.1564 -0.1564 0.9752
vn 0.1564 -0.1564 0.9752
vn -0.0000 -0.2212 0.9752
vn 0.2212 -0.0000 0.9752
vn -0.0000 0.2212 0.9752
vn -0.2212 -0.0000 0.9752
vn -0.0000 1.0000 -0.0084
vn 0.7071 0.7071 -0.0084
vn -1.0000 -0.0000 -0.0084
vn -0.7071 0.7071 -0.0084
vn -0.0000 -1.0000 -0.0084
vn -0.7071 -0.7071 -0.0084
vn 0.7071 0.7071 -0.0000
vn -0.7071 0.7071 -0.0000
vn 0.1993 -0.9799 -0.0000
vn 0.8339 -0.5520 -0.0000
vn 0.9799 0.1993 -0.0000
vn 0.5520 0.8339 -0.0000
vn -0.1993 0.9799 -0.0000
vn -0.8339 0.5520 -0.0000
vn -0.9799 -0.1993 -0.0000
vn -0.5520 -0.8339 -0.0000
vn -0.9483 0.3174 -0.0000
vn -0.8950 -0.4462 -0.0000
vn -0.3173 -0.9483 -0.0000
vn 0.4462 -0.8950 -0.0000
vn 0.9483 -0.3173 -0.0000
vn 0.8950 0.4462 -0.0000
vn 0.3173 0.9483 -0.0000
vn -0.4462 0.8950 -0.0000
vn -0.4461 0.8950 -0.0000
vn -0.3174 -0.9483 -0.0000
vn -0.9483 0.3173 -0.0000
vn 0.7490 0.6626 -0.0000
vn 0.0611 0.9981 -0.0000
vn -0.9981 0.0611 -0.0000
vn -0.6626 0.7490 -0.0000
vn -0.7490 -0.6626 -0.0000
vn -0.0611 -0.9981 -0.0000
vn 0.6626 -0.7490 -0.0000
vn 0.9981 -0.0611 -0.0000
vn -0.0020 -1.0000 0.0024
vn -0.0003 -1.0000 0.0001
vn -0.0010 -1.0000 0.0004
vn -0.0007 -1.0000 0.0004
vn -0.0000 -1.0000 0.0002
vn -0.0004 -1.0000 0.0013
vn -0.0033 -1.0000 0.0025
vn -0.0001 -1.0000 0.0004
vn 0.0001 -1.0000 0.0008
vn -0.0000 -1.0000 0.0008
vn -0.0001 -1.0000 0.0016
vn -0.0000 -1.0000 0.0018
vn 0.0002 -1.0000 0.0014
vn -0.0005 -1.0000 0.0008
vn -0.0004 -1.0000 0.0007
vn -0.0003 -1.0000 0.0006
vn -0.0003 -1.0000 0.0005
vn -0.0004 -1.0000 0.0002
vn -0.0005 -1.0000 0.0001
vn -0.0000 -1.0000 0.0001
vn -0.0003 -1.0000 0.0003
vn -0.0003 -1.0000 0.0004
vn 0.3885 -0.0032 -0.9214
vn 0.7116 -0.0024 -0.7026
vn 0.7120 -0.0024 -0.7022
vn 1.0000 -0.0000 0.0070
vn 0.9214 0.0013 0.3885
vn 0.9212 0.0014 0.3891
vn 0.7025 0.0025 0.7117
vn 0.7022 0.0025 0.7119
vn -0.0000 0.0035 1.0000
vn 0.3791 0.0032 0.9253
vn 0.3790 0.0032 0.9254
vn 0.9265 -0.0013 -0.3762
vn 1.0000 -0.0000 0.0063
vn 0.9263 -0.0013 -0.3769
vn -0.0000 -0.0035 -1.0000
vn 0.3881 -0.0032 -0.9216
vn 0.3884 -0.0000 -0.9215
vn 0.7118 -0.0000 -0.7024
vn 0.3883 -0.0000 -0.9215
vn 0.9264 -0.0000 -0.3765
vn 1.0000 -0.0000 0.0066
vn 1.0000 -0.0000 0.0067
vn 0.3792 -0.0000 0.9253
vn 0.7023 -0.0000 0.7119
vn 0.3790 -0.0000 0.9254
vn 0.7025 -0.0000 0.7117
vn 0.9213 -0.0000 0.3889
vn 0.9213 -0.0000 0.3888
vn 0.0020 -1.0000 0.0024
vn 0.0003 -1.0000 0.0001
vn 0.0010 -1.0000 0.0004
vn 0.0004 -1.0000 0.0013
vn 0.0033 -1.0000 0.0025
vn 0.0001 -1.0000 0.0004
vn -0.0001 -1.0000 0.0008
vn 0.0001 -1.0000 0.0016
vn -0.0002 -1.0000 0.0014
vn 0.0005 -1.0000 0.0008
vn 0.0004 -1.0000 0.0007
vn 0.0003 -1.0000 0.0006
vn 0.0003 -1.0000 0.0005
vn 0.0003 -1.0000 0.0004
vn 0.0004 -1.0000 0.0002
vn 0.0005 -1.0000 0.0001
vn 0.0003 -1.0000 0.0003
vn -0.7116 -0.0024 -0.7026
vn -0.3885 -0.0032 -0.9214
vn -0.7120 -0.0024 -0.7022
vn -0.9214 0.0013 0.3885
vn -1.0000 -0.0000 0.0070
vn -0.9212 0.0014 0.3891
vn -0.7025 0.0025 0.7117
vn -0.7022 0.0025 0.7119
vn -0.3792 0.0032 0.9253
vn -0.3790 0.0032 0.9254
vn -1.0000 -0.0000 0.0063
vn -0.9265 -0.0013 -0.3762
vn -0.9263 -0.0013 -0.3769
vn -0.3881 -0.0032 -0.9216
vn -0.7118 -0.0000 -0.7024
vn -0.3884 -0.0000 -0.9215
vn -0.3883 -0.0000 -0.9215
vn -0.9264 -0.0000 -0.3765
vn -1.0000 -0.0000 0.0066
vn -0.3792 -0.0000 0.9253
vn -0.7023 -0.0000 0.7119
vn -0.7025 -0.0000 0.7117
vn -0.3790 -0.0000 0.9254
vn -0.9213 -0.0000 0.3889
vn -0.9213 -0.0000 0.3888
vn -1.0000 -0.0000 0.0067
vn 0.9694 0.2188 0.1117
vn 0.9644 0.2459 0.0971
vn 0.9615 0.2599 0.0895
vn 0.6648 0.0400 -0.7459
vn 0.6728 0.0267 -0.7393
vn 0.6881 -0.0000 -0.7256
vn 0.5938 0.4009 0.6976
vn 0.5939 0.4010 0.6974
vn 0.5931 0.4002 0.6986
vn -0.0000 0.6338 0.7735
vn -0.0000 0.3336 0.9427
vn -0.9694 0.2188 0.1117
vn -0.9644 0.2459 0.0971
vn -0.9719 0.2021 0.1205
vn -0.6648 0.0400 -0.7459
vn -0.6728 0.0267 -0.7393
vn -0.6503 0.0636 -0.7570
vn -0.5938 0.4009 0.6976
vn -0.5939 0.4010 0.6974
vn -0.5949 0.4019 0.6961
vn 0.0007 1.0000 -0.0004
vn -0.0000 0.9848 -0.1737
vn -0.0000 0.5736 -0.8191
vn 0.4487 -0.4308 0.7830
vn -0.4487 -0.4308 -0.7830
vn -0.9934 0.0433 -0.1064
vn -0.4400 0.1179 -0.8902
vn -0.2278 0.3945 -0.8902
vn 0.2773 0.3614 -0.8902
vn -0.1179 -0.4400 -0.8902
vn -0.0000 0.4679 0.8838
vn 0.0001 1.0000 -0.0000
vn -0.0001 1.0000 -0.0000
vn 0.0007 -1.0000 0.0004
vn 0.9719 0.2021 0.1205
vn 0.6503 0.0636 -0.7570
vn 0.5949 0.4019 0.6961
vn -0.9615 0.2599 0.0895
vn -0.6881 -0.0000 -0.7256
vn -0.5931 0.4002 0.6986
vt 0.472617 0.543061
vt 0.439701 0.562675
vt 0.440922 0.541936
vt 0.236760 0.064225
vt 0.223903 0.009116
vt 0.234223 0.008645
vt 0.237527 0.081033
vt 0.208239 0.065527
vt 0.122019 0.708068
vt 0.103654 0.726677
vt 0.103654 0.708068
vt 0.245901 0.042207
vt 0.249709 0.024459
vt 0.429134 0.560877
vt 0.430699 0.540477
vt 0.048978 0.532889
vt 0.071094 0.549788
vt 0.048978 0.549788
vt 0.065780 0.094091
vt 0.085026 0.077222
vt 0.085026 0.094091
vt 0.065780 0.077222
vt 0.082988 0.018975
vt 0.065780 0.008645
vt 0.082988 0.008645
vt 0.065780 0.130894
vt 0.085026 0.130894
vt 0.239209 0.117886
vt 0.252192 0.092523
vt 0.252766 0.105107
vt 0.210687 0.119143
vt 0.065780 0.155425
vt 0.085026 0.155425
vt 0.211805 0.143649
vt 0.240324 0.142303
vt 0.122915 0.659574
vt 0.103654 0.635131
vt 0.122915 0.635131
vt 0.109337 0.582138
vt 0.090972 0.575840
vt 0.109337 0.575840
vt 0.109337 0.569541
vt 0.090972 0.550933
vt 0.110232 0.550933
vt 0.035732 0.549788
vt 0.035732 0.530851
vt 0.258985 0.033931
vt 0.067960 0.415260
vt 0.049595 0.433868
vt 0.049595 0.415260
vt 0.244587 0.235701
vt 0.258411 0.228765
vt 0.258698 0.235056
vt 0.215227 0.218620
vt 0.243746 0.217274
vt 0.434829 0.216528
vt 0.416464 0.192704
vt 0.435725 0.192704
vt 0.065780 0.204851
vt 0.085026 0.204851
vt 0.110232 0.532296
vt 0.090972 0.532296
vt 0.242582 0.191766
vt 0.257875 0.155378
vt 0.258869 0.177146
vt 0.214059 0.193024
vt 0.122915 0.217663
vt 0.104273 0.230474
vt 0.104273 0.217663
vt 0.214643 0.205822
vt 0.428385 0.230605
vt 0.416464 0.216528
vt 0.068856 0.459403
vt 0.049595 0.446636
vt 0.068856 0.446636
vt 0.122915 0.285928
vt 0.104273 0.323505
vt 0.104273 0.285928
vt 0.246278 0.272744
vt 0.219470 0.311554
vt 0.217756 0.274016
vt 0.256551 0.287211
vt 0.247990 0.310252
vt 0.109337 0.514576
vt 0.090972 0.514576
vt 0.122915 0.726677
vt 0.103654 0.743501
vt 0.245428 0.254127
vt 0.216906 0.255385
vt 0.122915 0.267277
vt 0.104273 0.267277
vt 0.511410 0.454982
vt 0.497313 0.426010
vt 0.507352 0.404404
vt 0.519853 0.455773
vt 0.538264 0.417802
vt 0.538264 0.455773
vt 0.519853 0.466787
vt 0.538264 0.466787
vt 0.497313 0.504168
vt 0.511410 0.467578
vt 0.514226 0.518030
vt 0.519853 0.518525
vt 0.538264 0.523143
vt 0.519853 0.397933
vt 0.027055 0.415423
vt 0.008645 0.420930
vt 0.008645 0.415423
vt 0.035498 0.415423
vt 0.027055 0.420930
vt 0.034090 0.447493
vt 0.027055 0.447345
vt 0.035498 0.421721
vt 0.040034 0.363421
vt 0.027055 0.340794
vt 0.040034 0.340794
vt 0.027055 0.363949
vt 0.008645 0.355748
vt 0.027055 0.409915
vt 0.008645 0.368910
vt 0.035498 0.409125
vt 0.049595 0.378341
vt 0.049595 0.396977
vt 0.122019 0.678183
vt 0.103654 0.659574
vt 0.090972 0.491949
vt 0.109337 0.491949
vt 0.122019 0.613264
vt 0.103654 0.613264
vt 0.103654 0.695472
vt 0.122019 0.695472
vt 0.067960 0.481271
vt 0.049595 0.459403
vt 0.008645 0.549788
vt 0.008645 0.530851
vt 0.375196 0.131274
vt 0.363610 0.142839
vt 0.363610 0.131274
vt 0.627596 0.833918
vt 0.642830 0.851841
vt 0.623926 0.851841
vt 0.644274 0.858893
vt 0.622482 0.858893
vt 0.725650 0.105072
vt 0.742101 0.098132
vt 0.744015 0.105072
vt 0.737285 0.080483
vt 0.725632 0.099423
vt 0.725699 0.080442
vt 0.859249 0.831772
vt 0.875700 0.838712
vt 0.857335 0.838712
vt 0.875717 0.833063
vt 0.864064 0.814123
vt 0.875651 0.814082
vt 0.085026 0.285928
vt 0.085026 0.267277
vt 0.085026 0.323505
vt 0.104273 0.204851
vt 0.122915 0.155425
vt 0.122915 0.204851
vt 0.104273 0.248876
vt 0.122915 0.230474
vt 0.122915 0.248876
vt 0.048978 0.499456
vt 0.035732 0.511913
vt 0.035732 0.499992
vt 0.104273 0.155425
vt 0.122915 0.130894
vt 0.104273 0.130894
vt 0.122915 0.094091
vt 0.117008 0.018975
vt 0.100196 0.008645
vt 0.117008 0.008645
vt 0.104273 0.077222
vt 0.122915 0.077222
vt 0.104273 0.094091
vt 0.071094 0.515372
vt 0.048978 0.515990
vt 0.461218 0.516349
vt 0.393174 0.518375
vt 0.418299 0.498448
vt 0.418602 0.518870
vt 0.344672 0.210210
vt 0.325735 0.199195
vt 0.344672 0.199195
vt 0.344672 0.131274
vt 0.325735 0.102550
vt 0.344672 0.102550
vt 0.344672 0.062812
vt 0.325735 0.021806
vt 0.344672 0.021806
vt 0.344672 0.142839
vt 0.325735 0.131274
vt 0.325735 0.142839
vt 0.344672 0.073827
vt 0.325735 0.068319
vt 0.344672 0.068319
vt 0.363610 0.248181
vt 0.344672 0.248181
vt 0.344672 0.008645
vt 0.418658 0.498448
vt 0.423786 0.508698
vt 0.419756 0.510426
vt 0.466728 0.498448
vt 0.460715 0.509713
vt 0.462294 0.498448
vt 0.441839 0.517429
vt 0.459156 0.512124
vt 0.424236 0.508021
vt 0.427592 0.506878
vt 0.424828 0.508931
vt 0.432868 0.516778
vt 0.427673 0.506969
vt 0.425371 0.509563
vt 0.417405 0.539133
vt 0.433661 0.512924
vt 0.441871 0.513493
vt 0.465012 0.511626
vt 0.475195 0.498448
vt 0.473057 0.521383
vt 0.423112 0.514635
vt 0.420564 0.512219
vt 0.419852 0.517785
vt 0.421753 0.513694
vt 0.462693 0.515251
vt 0.465278 0.519059
vt 0.464034 0.513619
vt 0.460109 0.510707
vt 0.459569 0.511540
vt 0.425336 0.510798
vt 0.424890 0.510313
vt 0.424359 0.509579
vt 0.460259 0.508984
vt 0.457586 0.498448
vt 0.461745 0.498448
vt 0.441920 0.512775
vt 0.456711 0.507885
vt 0.458269 0.511364
vt 0.441950 0.498448
vt 0.435006 0.507538
vt 0.435214 0.498448
vt 0.433904 0.512171
vt 0.459593 0.510000
vt 0.458999 0.510726
vt 0.426026 0.510102
vt 0.422604 0.498448
vt 0.423061 0.498448
vt 0.456765 0.507466
vt 0.434632 0.508383
vt 0.428157 0.506887
vt 0.427852 0.506585
vt 0.427741 0.498448
vt 0.456695 0.507672
vt 0.426823 0.498448
vt 0.427481 0.506692
vt 0.456676 0.507785
vt 0.441934 0.508774
vt 0.427734 0.507029
vt 0.441957 0.508185
vt 0.434834 0.507824
vt 0.441977 0.507886
vt 0.456357 0.507381
vt 0.456548 0.507204
vt 0.456467 0.507487
vt 0.456251 0.507560
vt 0.456397 0.507651
vt 0.455998 0.507763
vt 0.456317 0.507797
vt 0.427867 0.506819
vt 0.427961 0.506733
vt 0.427979 0.506910
vt 0.427772 0.506689
vt 0.427664 0.506449
vt 0.427703 0.506246
vt 0.427431 0.498448
vt 0.456481 0.506985
vt 0.456903 0.498448
vt 0.456546 0.498448
vt 0.442333 0.615876
vt 0.459081 0.583787
vt 0.466984 0.601901
vt 0.442891 0.622025
vt 0.464370 0.635459
vt 0.441058 0.628834
vt 0.431764 0.640613
vt 0.430991 0.663003
vt 0.425346 0.644465
vt 0.455988 0.648615
vt 0.437191 0.635252
vt 0.444413 0.658045
vt 0.417289 0.663003
vt 0.418646 0.646785
vt 0.405273 0.657953
vt 0.412565 0.647905
vt 0.468388 0.619519
vt 0.300026 0.780528
vt 0.296651 0.762434
vt 0.307367 0.769698
vt 0.289155 0.773159
vt 0.285815 0.764626
vt 0.302658 0.761276
vt 0.310787 0.764653
vt 0.293903 0.761276
vt 0.276274 0.778905
vt 0.280532 0.785498
vt 0.291581 0.792988
vt 0.279624 0.795748
vt 0.285608 0.801798
vt 0.276274 0.787660
vt 0.081651 0.245214
vt 0.086466 0.237903
vt 0.086352 0.220730
vt 0.325735 0.073827
vt 0.027055 0.473760
vt 0.008645 0.449654
vt 0.032682 0.473265
vt 0.068856 0.433868
vt 0.325735 0.062812
vt 0.008645 0.409915
vt 0.258985 0.241348
vt 0.090972 0.569541
vt 0.088117 0.229305
vt 0.363610 0.068319
vt 0.363610 0.062812
vt 0.363610 0.102550
vt 0.363610 0.073827
vt 0.363610 0.008645
vt 0.363610 0.021806
vt 0.325735 0.210210
vt 0.325735 0.248181
vt 0.363610 0.199195
vt 0.363610 0.210210
vt 0.392485 0.538271
vt 0.008645 0.511913
vt 0.100196 0.018975
vt 0.071094 0.532580
vt 0.074128 0.208668
vt 0.081439 0.213483
vt 0.065780 0.323505
vt 0.065780 0.285928
vt 0.065780 0.267277
vt 0.074404 0.250126
vt 0.065780 0.251891
vt 0.439701 0.434221
vt 0.472617 0.453836
vt 0.440922 0.454961
vt 0.162429 0.064225
vt 0.175286 0.009116
vt 0.190950 0.065527
vt 0.161662 0.081033
vt 0.190181 0.082379
vt 0.366414 0.724910
vt 0.348049 0.706301
vt 0.367310 0.706301
vt 0.153288 0.042207
vt 0.164967 0.008645
vt 0.429134 0.436019
vt 0.430699 0.456420
vt 0.048978 0.566686
vt 0.071094 0.566996
vt 0.046534 0.077222
vt 0.046534 0.094091
vt 0.048572 0.018975
vt 0.048572 0.008645
vt 0.046534 0.130894
vt 0.146998 0.092523
vt 0.159980 0.117886
vt 0.146423 0.105107
vt 0.188503 0.119143
vt 0.046534 0.155425
vt 0.187384 0.143649
vt 0.158865 0.142303
vt 0.227369 0.656315
vt 0.246630 0.631872
vt 0.246630 0.656315
vt 0.583110 0.206324
vt 0.564745 0.212622
vt 0.564745 0.206324
vt 0.583110 0.181417
vt 0.564745 0.200026
vt 0.563850 0.181417
vt 0.035732 0.568725
vt 0.140204 0.033931
vt 0.149480 0.024459
vt 0.487245 0.083110
vt 0.505610 0.101719
vt 0.486349 0.101719
vt 0.140779 0.228765
vt 0.154602 0.235701
vt 0.140492 0.235056
vt 0.183962 0.218620
vt 0.183123 0.237002
vt 0.630976 0.521853
vt 0.649341 0.498029
vt 0.650237 0.521853
vt 0.046534 0.204851
vt 0.563850 0.162781
vt 0.141314 0.155378
vt 0.156608 0.191766
vt 0.140321 0.177147
vt 0.185130 0.193024
vt 0.027287 0.230474
vt 0.008645 0.217663
vt 0.027287 0.217663
vt 0.184546 0.205822
vt 0.155443 0.217274
vt 0.156025 0.204520
vt 0.630976 0.498029
vt 0.642897 0.483952
vt 0.505610 0.114486
vt 0.486349 0.127254
vt 0.486349 0.114486
vt 0.027287 0.323505
vt 0.008645 0.285928
vt 0.027287 0.285928
vt 0.179720 0.311554
vt 0.152911 0.272744
vt 0.181433 0.274016
vt 0.151199 0.310252
vt 0.142638 0.287211
vt 0.564745 0.145060
vt 0.583110 0.162781
vt 0.348049 0.689476
vt 0.367310 0.689476
vt 0.153761 0.254127
vt 0.182284 0.255385
vt 0.008645 0.267277
vt 0.027287 0.267277
vt 0.290371 0.517691
vt 0.276274 0.546663
vt 0.276274 0.529838
vt 0.317224 0.554871
vt 0.298814 0.516900
vt 0.317224 0.516900
vt 0.298814 0.505885
vt 0.317224 0.505885
vt 0.290371 0.505094
vt 0.276274 0.468504
vt 0.293187 0.454643
vt 0.298814 0.454147
vt 0.317224 0.449529
vt 0.286312 0.568268
vt 0.546560 0.088781
vt 0.528150 0.083274
vt 0.546560 0.083274
vt 0.528150 0.088781
vt 0.519707 0.083274
vt 0.521115 0.115344
vt 0.519707 0.089572
vt 0.528150 0.115196
vt 0.546560 0.117505
vt 0.515171 0.031271
vt 0.528150 0.008645
vt 0.528150 0.031800
vt 0.546560 0.023599
vt 0.546560 0.036760
vt 0.528150 0.077766
vt 0.546560 0.077766
vt 0.519707 0.076975
vt 0.505610 0.046191
vt 0.505610 0.064828
vt 0.227369 0.631872
vt 0.245734 0.613264
vt 0.583110 0.122433
vt 0.564745 0.122433
vt 0.245734 0.678183
vt 0.348049 0.737506
vt 0.366414 0.737506
vt 0.505610 0.127254
vt 0.487245 0.149121
vt 0.008645 0.568725
vt 0.287861 0.142839
vt 0.276274 0.131274
vt 0.287861 0.131274
vt 0.851043 0.084433
vt 0.866277 0.066510
vt 0.869947 0.084433
vt 0.849599 0.091485
vt 0.871390 0.091485
vt 0.691875 0.098132
vt 0.708326 0.105072
vt 0.689960 0.105072
vt 0.708343 0.099423
vt 0.696690 0.080483
vt 0.708277 0.080442
vt 0.551885 0.877066
vt 0.568336 0.870127
vt 0.570250 0.877066
vt 0.563521 0.852477
vt 0.551867 0.871417
vt 0.551934 0.852437
vt 0.046534 0.285928
vt 0.046534 0.267277
vt 0.046534 0.323505
vt 0.008645 0.155425
vt 0.027287 0.204851
vt 0.008645 0.204851
vt 0.008645 0.230474
vt 0.027287 0.248876
vt 0.008645 0.248876
vt 0.035732 0.587662
vt 0.048978 0.600120
vt 0.035732 0.599584
vt 0.008645 0.130894
vt 0.027287 0.155425
vt 0.008645 0.094091
vt 0.027287 0.130894
vt 0.031364 0.008645
vt 0.014552 0.018975
vt 0.014552 0.008645
vt 0.027287 0.077222
vt 0.008645 0.077222
vt 0.027287 0.094091
vt 0.071094 0.584203
vt 0.071094 0.601016
vt 0.465278 0.477837
vt 0.461218 0.480547
vt 0.393174 0.478521
vt 0.418602 0.478026
vt 0.306798 0.210210
vt 0.306798 0.199195
vt 0.306798 0.131274
vt 0.306798 0.102550
vt 0.306798 0.062812
vt 0.306798 0.021806
vt 0.306798 0.142839
vt 0.306798 0.073827
vt 0.306798 0.068319
vt 0.287861 0.248181
vt 0.306798 0.248181
vt 0.306798 0.008645
vt 0.423786 0.488198
vt 0.419756 0.486470
vt 0.460715 0.487183
vt 0.465012 0.485271
vt 0.459156 0.484772
vt 0.441839 0.479467
vt 0.427592 0.490018
vt 0.424236 0.488875
vt 0.424828 0.487965
vt 0.432868 0.480118
vt 0.427673 0.489928
vt 0.425371 0.487333
vt 0.419852 0.479111
vt 0.433661 0.483972
vt 0.473057 0.475513
vt 0.417405 0.457763
vt 0.423112 0.482262
vt 0.420564 0.484678
vt 0.421753 0.483202
vt 0.462693 0.481645
vt 0.464034 0.483277
vt 0.460109 0.486190
vt 0.459569 0.485356
vt 0.425336 0.486098
vt 0.424890 0.486583
vt 0.424359 0.487317
vt 0.460259 0.487912
vt 0.456711 0.489011
vt 0.441920 0.484121
vt 0.458269 0.485532
vt 0.435006 0.489358
vt 0.433904 0.484725
vt 0.459593 0.486896
vt 0.458999 0.486170
vt 0.426026 0.486794
vt 0.441871 0.483403
vt 0.456765 0.489430
vt 0.434632 0.488513
vt 0.427703 0.490650
vt 0.427961 0.490163
vt 0.456695 0.489224
vt 0.456676 0.489111
vt 0.441934 0.488122
vt 0.427734 0.489867
vt 0.441957 0.488711
vt 0.441977 0.489010
vt 0.434834 0.489073
vt 0.456357 0.489515
vt 0.456548 0.489692
vt 0.456481 0.489911
vt 0.456467 0.489409
vt 0.456251 0.489336
vt 0.456397 0.489245
vt 0.455998 0.489133
vt 0.456317 0.489099
vt 0.427867 0.490077
vt 0.428157 0.490009
vt 0.427979 0.489986
vt 0.427772 0.490207
vt 0.427852 0.490312
vt 0.427664 0.490447
vt 0.427481 0.490205
vt 0.433888 0.609600
vt 0.439142 0.611222
vt 0.408294 0.594776
vt 0.427713 0.611046
vt 0.421789 0.614887
vt 0.392485 0.635072
vt 0.413549 0.627376
vt 0.411874 0.634679
vt 0.398389 0.606834
vt 0.416910 0.620547
vt 0.393027 0.620771
vt 0.396741 0.648098
vt 0.411745 0.641773
vt 0.439422 0.581876
vt 0.318084 0.776962
vt 0.310897 0.787897
vt 0.320061 0.787839
vt 0.316603 0.795882
vt 0.316935 0.770953
vt 0.320177 0.779085
vt 0.310331 0.801990
vt 0.302629 0.800477
vt 0.293445 0.805116
vt 0.302198 0.805232
vt 0.049909 0.245214
vt 0.045094 0.237903
vt 0.045208 0.220730
vt 0.050120 0.213483
vt 0.528150 0.141611
vt 0.546560 0.146229
vt 0.522523 0.141115
vt 0.140204 0.241348
vt 0.583110 0.200026
vt 0.043443 0.229305
vt 0.287861 0.068319
vt 0.287861 0.062812
vt 0.287861 0.102550
vt 0.287861 0.073827
vt 0.287861 0.008645
vt 0.287861 0.021806
vt 0.287861 0.199195
vt 0.287861 0.210210
vt 0.392485 0.458625
vt 0.008645 0.587662
vt 0.048978 0.583585
vt 0.031364 0.018975
vt 0.057432 0.208668
vt 0.065780 0.207017
vt 0.057156 0.250126
vt 0.140204 0.506942
vt 0.170539 0.489721
vt 0.170540 0.506942
vt 0.185399 0.489721
vt 0.185399 0.506942
vt 0.170540 0.542848
vt 0.185399 0.542848
vt 0.140204 0.542848
vt 0.549484 0.248250
vt 0.579819 0.265470
vt 0.549484 0.265470
vt 0.534625 0.248250
vt 0.534625 0.265470
vt 0.549484 0.301376
vt 0.534625 0.301376
vt 0.579819 0.301376
vt 0.557649 0.451060
vt 0.555553 0.415154
vt 0.557649 0.415154
vt 0.252441 0.520056
vt 0.254537 0.534916
vt 0.252441 0.534916
vt 0.252441 0.489721
vt 0.254537 0.520056
vt 0.243925 0.328843
vt 0.246020 0.346063
vt 0.243925 0.346063
vt 0.246020 0.381969
vt 0.243925 0.381969
vt 0.555553 0.397933
vt 0.557649 0.397933
vt 0.629801 0.371085
vt 0.630823 0.377860
vt 0.626397 0.373325
vt 0.628080 0.366661
vt 0.624076 0.367498
vt 0.626436 0.344090
vt 0.633031 0.343095
vt 0.629750 0.346322
vt 0.654472 0.376423
vt 0.650326 0.374831
vt 0.651844 0.373913
vt 0.628037 0.350641
vt 0.624076 0.349811
vt 0.637322 0.376305
vt 0.651642 0.378447
vt 0.636775 0.380257
vt 0.630850 0.339719
vt 0.637420 0.341420
vt 0.656247 0.373480
vt 0.652742 0.372484
vt 0.650416 0.341315
vt 0.636682 0.337394
vt 0.651507 0.337818
vt 0.656249 0.342910
vt 0.651819 0.342417
vt 0.654444 0.339875
vt 0.652713 0.343960
vt 0.651906 0.371898
vt 0.633688 0.373378
vt 0.630699 0.346978
vt 0.630787 0.370398
vt 0.628739 0.366432
vt 0.629408 0.366202
vt 0.630289 0.370745
vt 0.633373 0.373925
vt 0.637555 0.375465
vt 0.633063 0.374461
vt 0.628678 0.350861
vt 0.630221 0.346647
vt 0.633648 0.344088
vt 0.633337 0.343587
vt 0.637552 0.342077
vt 0.637684 0.342733
vt 0.629327 0.351081
vt 0.651163 0.373220
vt 0.652340 0.372207
vt 0.651513 0.373579
vt 0.650080 0.374386
vt 0.649816 0.373921
vt 0.651090 0.343211
vt 0.650065 0.341892
vt 0.651467 0.342800
vt 0.652282 0.344309
vt 0.651794 0.344689
vt 0.637769 0.374617
vt 0.649732 0.342504
vt 0.829270 0.214449
vt 0.832412 0.219404
vt 0.829271 0.219404
vt 0.832412 0.224102
vt 0.829271 0.229057
vt 0.829271 0.224102
vt 0.834681 0.222966
vt 0.832412 0.220540
vt 0.834681 0.220540
vt 0.835554 0.229057
vt 0.835554 0.224102
vt 0.832412 0.222966
vt 0.830143 0.220540
vt 0.648537 0.221279
vt 0.652418 0.226234
vt 0.648537 0.226234
vt 0.648537 0.217978
vt 0.652418 0.214676
vt 0.652418 0.217978
vt 0.652418 0.221279
vt 0.835554 0.214449
vt 0.835554 0.219404
vt 0.648537 0.209721
vt 0.652418 0.209721
vt 0.651691 0.227469
vt 0.649265 0.227469
vt 0.649265 0.208487
vt 0.651691 0.208487
vt 0.830143 0.222966
vt 0.604957 0.372106
vt 0.602288 0.372901
vt 0.602507 0.371684
vt 0.604715 0.378865
vt 0.605682 0.373509
vt 0.603207 0.367979
vt 0.606759 0.363645
vt 0.606256 0.368384
vt 0.600574 0.368607
vt 0.600067 0.371222
vt 0.600804 0.363005
vt 0.600539 0.367474
vt 0.602969 0.369113
vt 0.597108 0.362942
vt 0.597129 0.367592
vt 0.597108 0.359714
vt 0.600949 0.356592
vt 0.600877 0.359799
vt 0.597925 0.377636
vt 0.598897 0.372281
vt 0.597288 0.351696
vt 0.601057 0.351780
vt 0.597980 0.368803
vt 0.598022 0.350513
vt 0.600378 0.350566
vt 0.605318 0.369459
vt 0.822185 0.380611
vt 0.821307 0.378831
vt 0.822185 0.378831
vt 0.822185 0.368149
vt 0.821307 0.366369
vt 0.822185 0.366369
vt 0.822185 0.369929
vt 0.821307 0.368149
vt 0.822185 0.371709
vt 0.821307 0.369929
vt 0.822185 0.373490
vt 0.821307 0.371709
vt 0.822185 0.375270
vt 0.821307 0.373490
vt 0.822185 0.377050
vt 0.821307 0.375270
vt 0.821307 0.377050
vt 0.588994 0.855817
vt 0.589423 0.853871
vt 0.589666 0.855765
vt 0.588753 0.869122
vt 0.589868 0.867139
vt 0.589813 0.869129
vt 0.589148 0.867153
vt 0.589702 0.865190
vt 0.588642 0.865195
vt 0.589811 0.863273
vt 0.589119 0.863278
vt 0.589679 0.861378
vt 0.588658 0.861382
vt 0.589780 0.859501
vt 0.589103 0.859512
vt 0.589624 0.857636
vt 0.588621 0.857665
vt 0.598684 0.863045
vt 0.597696 0.864883
vt 0.597215 0.863062
vt 0.587590 0.863271
vt 0.587743 0.865192
vt 0.597652 0.861215
vt 0.598503 0.861219
vt 0.588809 0.870049
vt 0.589846 0.869986
vt 0.598716 0.859358
vt 0.597210 0.859340
vt 0.587614 0.859526
vt 0.587795 0.861380
vt 0.587539 0.855886
vt 0.588458 0.854078
vt 0.597698 0.857455
vt 0.598575 0.857476
vt 0.598830 0.855553
vt 0.597809 0.853606
vt 0.598693 0.853546
vt 0.597270 0.855511
vt 0.587779 0.857686
vt 0.597920 0.852437
vt 0.596669 0.853475
vt 0.596664 0.852527
vt 0.598775 0.866625
vt 0.597887 0.868411
vt 0.597344 0.866705
vt 0.587539 0.867195
vt 0.587767 0.869385
vt 0.598525 0.864858
vt 0.589319 0.853036
vt 0.588322 0.853188
vt 0.596932 0.868625
vt 0.597040 0.869443
vt 0.596541 0.855490
vt 0.596648 0.857438
vt 0.596516 0.859338
vt 0.596633 0.861217
vt 0.596535 0.863074
vt 0.596696 0.864918
vt 0.596672 0.866764
vt 0.829168 0.378831
vt 0.829168 0.377050
vt 0.829168 0.375270
vt 0.829168 0.373490
vt 0.829168 0.371709
vt 0.829168 0.369929
vt 0.829168 0.368149
vt 0.829168 0.366369
vt 0.829168 0.380611
vt 0.830058 0.380611
vt 0.830058 0.378831
vt 0.830058 0.368149
vt 0.830058 0.366369
vt 0.830058 0.369929
vt 0.830058 0.371709
vt 0.830058 0.373490
vt 0.830058 0.375270
vt 0.830058 0.377050
vt 0.598028 0.869283
vt 0.637901 0.816629
vt 0.622482 0.785873
vt 0.642543 0.784057
vt 0.170540 0.595975
vt 0.140204 0.578754
vt 0.170540 0.578754
vt 0.185399 0.595975
vt 0.185399 0.578754
vt 0.579819 0.337283
vt 0.549484 0.354503
vt 0.549484 0.337283
vt 0.534625 0.354503
vt 0.534625 0.337283
vt 0.555553 0.486966
vt 0.557649 0.486966
vt 0.534953 0.211605
vt 0.537049 0.196746
vt 0.537049 0.211605
vt 0.534953 0.196746
vt 0.537049 0.166410
vt 0.246020 0.417876
vt 0.243925 0.435096
vt 0.243925 0.417876
vt 0.555553 0.504187
vt 0.557649 0.504187
vt 0.787209 0.287912
vt 0.788193 0.281415
vt 0.791471 0.283583
vt 0.789870 0.277157
vt 0.793761 0.277976
vt 0.785104 0.253955
vt 0.791587 0.255003
vt 0.788303 0.257166
vt 0.767868 0.286283
vt 0.763573 0.288076
vt 0.766278 0.285271
vt 0.789957 0.261429
vt 0.793852 0.260638
vt 0.766744 0.290278
vt 0.780736 0.286309
vt 0.781534 0.290294
vt 0.780801 0.252250
vt 0.787307 0.250653
vt 0.761660 0.284886
vt 0.765282 0.283740
vt 0.781607 0.248250
vt 0.767881 0.252269
vt 0.766758 0.248260
vt 0.761660 0.253663
vt 0.766284 0.253282
vt 0.765283 0.254813
vt 0.763578 0.250467
vt 0.787356 0.257799
vt 0.784391 0.283666
vt 0.766230 0.282952
vt 0.789236 0.276947
vt 0.787233 0.280771
vt 0.788595 0.276738
vt 0.787717 0.281095
vt 0.784708 0.284151
vt 0.780554 0.285648
vt 0.780374 0.284984
vt 0.789326 0.261637
vt 0.788687 0.261846
vt 0.787833 0.257480
vt 0.784461 0.254932
vt 0.784785 0.254439
vt 0.780617 0.252910
vt 0.780435 0.253573
vt 0.766997 0.284432
vt 0.765727 0.283360
vt 0.766626 0.284866
vt 0.768140 0.285706
vt 0.768402 0.285108
vt 0.767004 0.254123
vt 0.768152 0.252847
vt 0.768414 0.253446
vt 0.766633 0.253688
vt 0.765728 0.255196
vt 0.766230 0.255608
vt 0.785020 0.284627
vt 0.185279 0.834862
vt 0.188421 0.829907
vt 0.188421 0.834862
vt 0.185279 0.839560
vt 0.188421 0.844515
vt 0.185279 0.845529
vt 0.185279 0.835998
vt 0.183010 0.838424
vt 0.183010 0.835998
vt 0.182137 0.844515
vt 0.182137 0.839560
vt 0.187548 0.835998
vt 0.185279 0.838424
vt 0.631248 0.209721
vt 0.627368 0.214676
vt 0.627368 0.209721
vt 0.631248 0.221279
vt 0.627368 0.217978
vt 0.631248 0.217978
vt 0.631248 0.214676
vt 0.182137 0.829907
vt 0.185279 0.828893
vt 0.627368 0.226234
vt 0.631248 0.226234
vt 0.630521 0.208487
vt 0.628095 0.208487
vt 0.628095 0.227469
vt 0.630521 0.227469
vt 0.187548 0.838424
vt 0.455190 0.216160
vt 0.457571 0.216802
vt 0.454575 0.217415
vt 0.455544 0.222147
vt 0.456572 0.212411
vt 0.453014 0.208548
vt 0.455637 0.207168
vt 0.457343 0.215724
vt 0.459022 0.212929
vt 0.459516 0.215263
vt 0.458562 0.207588
vt 0.459032 0.211862
vt 0.456841 0.213439
vt 0.462326 0.207380
vt 0.462362 0.211922
vt 0.457813 0.200389
vt 0.462354 0.203983
vt 0.458159 0.204215
vt 0.461545 0.220916
vt 0.458743 0.222500
vt 0.462268 0.194217
vt 0.457552 0.194329
vt 0.461544 0.213105
vt 0.461372 0.192709
vt 0.458403 0.192704
vt 0.454735 0.213858
vt 0.847347 0.368149
vt 0.848226 0.366369
vt 0.848226 0.368149
vt 0.847347 0.380611
vt 0.848226 0.378831
vt 0.848226 0.380611
vt 0.847347 0.378831
vt 0.848226 0.377050
vt 0.847347 0.377050
vt 0.848226 0.375270
vt 0.847347 0.375270
vt 0.848226 0.373490
vt 0.847347 0.373490
vt 0.848226 0.371709
vt 0.847347 0.371709
vt 0.848226 0.369929
vt 0.847347 0.369929
vt 0.672380 0.225677
vt 0.671586 0.223753
vt 0.672306 0.223687
vt 0.672193 0.211747
vt 0.671076 0.209694
vt 0.672214 0.209703
vt 0.671964 0.213747
vt 0.671459 0.211715
vt 0.672040 0.215744
vt 0.670873 0.213711
vt 0.671899 0.217732
vt 0.671321 0.215732
vt 0.672067 0.219719
vt 0.670812 0.217738
vt 0.672023 0.221713
vt 0.671345 0.219742
vt 0.670925 0.221781
vt 0.680860 0.215940
vt 0.679938 0.214134
vt 0.680747 0.214179
vt 0.669707 0.215708
vt 0.669942 0.213680
vt 0.679840 0.217691
vt 0.680651 0.217691
vt 0.669881 0.217743
vt 0.671182 0.208487
vt 0.672327 0.208775
vt 0.680859 0.219435
vt 0.669724 0.219787
vt 0.669954 0.223939
vt 0.671369 0.225762
vt 0.670458 0.226165
vt 0.679945 0.221232
vt 0.680747 0.221185
vt 0.669982 0.221837
vt 0.680252 0.224664
vt 0.681053 0.222892
vt 0.681037 0.224671
vt 0.679329 0.224908
vt 0.680423 0.225509
vt 0.679465 0.225702
vt 0.681053 0.212452
vt 0.680235 0.210660
vt 0.681030 0.210650
vt 0.669834 0.211631
vt 0.670158 0.209551
vt 0.672462 0.226505
vt 0.671485 0.226635
vt 0.679298 0.210414
vt 0.679437 0.209608
vt 0.679007 0.223098
vt 0.678973 0.221293
vt 0.678778 0.219498
vt 0.678859 0.217692
vt 0.678771 0.215883
vt 0.678958 0.214077
vt 0.678982 0.212252
vt 0.855209 0.368149
vt 0.855209 0.369929
vt 0.855209 0.371709
vt 0.855209 0.373490
vt 0.855209 0.375270
vt 0.855209 0.377050
vt 0.855209 0.378831
vt 0.855209 0.380611
vt 0.855209 0.366369
vt 0.856098 0.366369
vt 0.856098 0.368149
vt 0.856098 0.378831
vt 0.856098 0.380611
vt 0.856098 0.377050
vt 0.856098 0.375270
vt 0.856098 0.373490
vt 0.856098 0.371709
vt 0.856098 0.369929
vt 0.679662 0.223019
vt 0.679645 0.212329
vt 0.679435 0.215901
vt 0.679440 0.219477
vt 0.680408 0.209803
vt 0.827668 0.099082
vt 0.807607 0.097266
vt 0.823025 0.066510
vt 0.423650 0.726813
vt 0.433697 0.728261
vt 0.424720 0.732035
vt 0.436869 0.704060
vt 0.439038 0.711305
vt 0.436884 0.710882
vt 0.428747 0.693902
vt 0.422378 0.693916
vt 0.422835 0.691498
vt 0.436119 0.718402
vt 0.430719 0.723845
vt 0.436055 0.696527
vt 0.434228 0.697761
vt 0.415790 0.688287
vt 0.423047 0.690390
vt 0.416231 0.690434
vt 0.440559 0.721351
vt 0.444274 0.712339
vt 0.433518 0.686650
vt 0.440499 0.693527
vt 0.408726 0.691262
vt 0.409953 0.693077
vt 0.439023 0.703625
vt 0.444267 0.702571
vt 0.430579 0.691121
vt 0.424461 0.682994
vt 0.405156 0.697914
vt 0.414716 0.683068
vt 0.400416 0.703797
vt 0.402569 0.704220
vt 0.405746 0.686849
vt 0.402585 0.711040
vt 0.414974 0.732102
vt 0.425273 0.734724
vt 0.414459 0.734803
vt 0.423210 0.724665
vt 0.429494 0.722029
vt 0.405922 0.728441
vt 0.404410 0.730747
vt 0.416392 0.724707
vt 0.396648 0.723120
vt 0.415978 0.726861
vt 0.410071 0.722137
vt 0.392485 0.713067
vt 0.398947 0.721569
vt 0.408861 0.723973
vt 0.405214 0.717338
vt 0.395182 0.702767
vt 0.392486 0.702234
vt 0.403389 0.718569
vt 0.398890 0.693758
vt 0.396604 0.692240
vt 0.404210 0.684576
vt 0.414162 0.680380
vt 0.424975 0.680292
vt 0.442801 0.691973
vt 0.446972 0.702031
vt 0.435030 0.684343
vt 0.446972 0.712873
vt 0.442845 0.722871
vt 0.435231 0.730536
vt 0.429369 0.692957
vt 0.434291 0.717189
vt 0.400430 0.711474
vt 0.395189 0.712528
vt 0.403329 0.696703
vt 0.320188 0.421807
vt 0.328846 0.411394
vt 0.328836 0.421817
vt 0.320214 0.317588
vt 0.328868 0.328008
vt 0.320218 0.328010
vt 0.320197 0.411387
vt 0.328854 0.400971
vt 0.320210 0.307166
vt 0.328864 0.317585
vt 0.320210 0.390544
vt 0.320204 0.400966
vt 0.320204 0.296744
vt 0.328860 0.307162
vt 0.320214 0.380122
vt 0.328868 0.369702
vt 0.328864 0.380125
vt 0.328846 0.286316
vt 0.328854 0.296739
vt 0.320220 0.359277
vt 0.320218 0.369700
vt 0.320188 0.275903
vt 0.320197 0.286323
vt 0.328870 0.348855
vt 0.328870 0.359278
vt 0.328821 0.265470
vt 0.328836 0.275893
vt 0.320220 0.348855
vt 0.328870 0.338432
vt 0.320178 0.432219
vt 0.328821 0.432240
vt 0.320220 0.338433
vt 0.591953 0.737615
vt 0.596879 0.745509
vt 0.590766 0.739389
vt 0.594954 0.761110
vt 0.594320 0.768439
vt 0.592438 0.767181
vt 0.575148 0.774330
vt 0.582157 0.776552
vt 0.574703 0.776548
vt 0.598655 0.744324
vt 0.600188 0.753503
vt 0.591936 0.778039
vt 0.596875 0.770148
vt 0.598650 0.771336
vt 0.569079 0.771814
vt 0.567821 0.773694
vt 0.602281 0.762572
vt 0.602282 0.753087
vt 0.582754 0.779566
vt 0.590751 0.776262
vt 0.562556 0.768421
vt 0.564437 0.767165
vt 0.600187 0.762154
vt 0.573684 0.781654
vt 0.583168 0.781661
vt 0.561923 0.761096
vt 0.559704 0.761537
vt 0.564926 0.778021
vt 0.574102 0.779561
vt 0.559706 0.754086
vt 0.561926 0.754526
vt 0.558225 0.771313
vt 0.566113 0.776247
vt 0.564443 0.748457
vt 0.562561 0.747199
vt 0.583739 0.731253
vt 0.573710 0.733975
vt 0.573170 0.731245
vt 0.564943 0.737597
vt 0.563399 0.735281
vt 0.558229 0.744302
vt 0.555914 0.742753
vt 0.554597 0.753069
vt 0.551867 0.752526
vt 0.554597 0.762553
vt 0.551869 0.763095
vt 0.555912 0.772858
vt 0.563380 0.780333
vt 0.573140 0.784383
vt 0.583709 0.784391
vt 0.600965 0.772885
vt 0.605011 0.763115
vt 0.593480 0.780355
vt 0.605011 0.752545
vt 0.600969 0.742779
vt 0.593499 0.735303
vt 0.583194 0.733981
vt 0.582777 0.736075
vt 0.589058 0.741942
vt 0.582176 0.739088
vt 0.574125 0.736070
vt 0.574722 0.739085
vt 0.566128 0.739374
vt 0.567834 0.741930
vt 0.589046 0.773705
vt 0.560005 0.745490
vt 0.597173 0.761555
vt 0.556692 0.753486
vt 0.597174 0.754102
vt 0.556691 0.762136
vt 0.594323 0.747215
vt 0.560001 0.770128
vt 0.581717 0.774332
vt 0.594954 0.754540
vt 0.587788 0.771824
vt 0.592442 0.748471
vt 0.581731 0.741306
vt 0.587800 0.743823
vt 0.575162 0.741304
vt 0.569090 0.743813
vt 0.328860 0.390548
vt 0.646253 0.540481
vt 0.641812 0.558249
vt 0.639760 0.540433
vt 0.646377 0.559866
vt 0.642945 0.567329
vt 0.641517 0.566205
vt 0.674857 0.567440
vt 0.654852 0.574751
vt 0.654572 0.571639
vt 0.646359 0.609040
vt 0.641836 0.591299
vt 0.644065 0.590733
vt 0.653741 0.568649
vt 0.672662 0.560474
vt 0.646388 0.589660
vt 0.652734 0.607642
vt 0.652422 0.565886
vt 0.669143 0.554140
vt 0.648666 0.588098
vt 0.658908 0.604832
vt 0.650683 0.563454
vt 0.664395 0.548658
vt 0.664482 0.600820
vt 0.652443 0.583626
vt 0.669213 0.595319
vt 0.650710 0.586065
vt 0.648636 0.561431
vt 0.658809 0.544668
vt 0.653759 0.580859
vt 0.672730 0.588937
vt 0.652711 0.541937
vt 0.674875 0.581977
vt 0.654573 0.577862
vt 0.644041 0.558805
vt 0.675599 0.574704
vt 0.645963 0.578014
vt 0.646426 0.576409
vt 0.639959 0.565196
vt 0.646582 0.574759
vt 0.638334 0.564258
vt 0.646424 0.573110
vt 0.639959 0.584343
vt 0.645960 0.571507
vt 0.641518 0.583329
vt 0.645206 0.569990
vt 0.642947 0.582199
vt 0.644189 0.568591
vt 0.645210 0.579533
vt 0.644192 0.580934
vt 0.765755 0.863420
vt 0.775599 0.861462
vt 0.777557 0.871306
vt 0.311246 0.380118
vt 0.311241 0.390539
vt 0.311249 0.328013
vt 0.311251 0.338434
vt 0.311221 0.421802
vt 0.311217 0.432222
vt 0.311252 0.348855
vt 0.311217 0.265488
vt 0.311221 0.275908
vt 0.311251 0.359276
vt 0.311228 0.286329
vt 0.311249 0.369697
vt 0.311235 0.296750
vt 0.311241 0.307171
vt 0.311235 0.400960
vt 0.311246 0.317592
vt 0.311228 0.411381
vt 0.487728 0.815277
vt 0.508256 0.819360
vt 0.504173 0.839888
vt 0.428866 0.721095
vt 0.433352 0.716565
vt 0.435777 0.710663
vt 0.433288 0.698396
vt 0.403694 0.710817
vt 0.406154 0.716706
vt 0.410694 0.721192
vt 0.416604 0.723599
vt 0.422986 0.723559
vt 0.403676 0.704436
vt 0.406095 0.698537
vt 0.410583 0.694010
vt 0.416458 0.691538
vt 0.435761 0.704283
vt 0.423460 0.688235
vt 0.433361 0.710196
vt 0.433346 0.704774
vt 0.431247 0.699776
vt 0.416960 0.693945
vt 0.411964 0.696042
vt 0.408149 0.699888
vt 0.406092 0.704901
vt 0.406107 0.710321
vt 0.422494 0.721151
vt 0.427491 0.719057
vt 0.417077 0.721184
vt 0.412057 0.719140
vt 0.408200 0.715326
vt 0.427397 0.695963
vt 0.431303 0.715207
vt 0.351811 0.941186
vt 0.346165 0.948526
vt 0.346165 0.941186
vt 0.887283 0.942092
vt 0.892928 0.934752
vt 0.892928 0.942092
vt 0.787029 0.646733
vt 0.792073 0.639393
vt 0.792073 0.646733
vt 0.080840 0.903380
vt 0.086486 0.896041
vt 0.086486 0.903380
vt 0.210631 0.953187
vt 0.216276 0.945848
vt 0.216276 0.953187
vt 0.529103 0.934763
vt 0.523457 0.942103
vt 0.523457 0.934763
vt 0.787029 0.667058
vt 0.792073 0.659718
vt 0.792073 0.667058
vt 0.938798 0.937227
vt 0.933152 0.929887
vt 0.938798 0.929887
vt 0.769739 0.769128
vt 0.764695 0.763482
vt 0.769739 0.763482
vt 0.769739 0.756142
vt 0.764695 0.756142
vt 0.769739 0.776468
vt 0.764695 0.769128
vt 0.918426 0.484017
vt 0.912780 0.491357
vt 0.912780 0.484017
vt 0.769739 0.789453
vt 0.764695 0.783807
vt 0.769739 0.783807
vt 0.769739 0.796793
vt 0.764695 0.789453
vt 0.481435 0.891864
vt 0.487081 0.899204
vt 0.481435 0.899204
vt 0.764695 0.776468
vt 0.787029 0.654073
vt 0.787029 0.659718
vt 0.923073 0.175279
vt 0.917427 0.167939
vt 0.923073 0.167939
vt 0.787630 0.898953
vt 0.793276 0.891613
vt 0.793276 0.898953
vt 0.787029 0.633747
vt 0.787029 0.639393
vt 0.937402 0.789369
vt 0.943048 0.782029
vt 0.943048 0.789369
vt 0.792073 0.626408
vt 0.787029 0.626408
vt 0.933152 0.880629
vt 0.938798 0.887969
vt 0.933152 0.887969
vt 0.814405 0.711188
vt 0.809361 0.705543
vt 0.814405 0.705543
vt 0.814405 0.698203
vt 0.809361 0.698203
vt 0.080840 0.945298
vt 0.086486 0.952638
vt 0.080840 0.952638
vt 0.809361 0.718528
vt 0.814405 0.718528
vt 0.814405 0.731514
vt 0.809361 0.725868
vt 0.814405 0.725868
vt 0.809361 0.738853
vt 0.814405 0.738853
vt 0.943751 0.129773
vt 0.938105 0.122433
vt 0.943751 0.122433
vt 0.815564 0.410919
vt 0.810520 0.405273
vt 0.815564 0.405273
vt 0.815564 0.397933
vt 0.810520 0.397933
vt 0.369100 0.899268
vt 0.374746 0.891929
vt 0.374746 0.899268
vt 0.810520 0.418259
vt 0.815564 0.418259
vt 0.815564 0.431244
vt 0.810520 0.425598
vt 0.815564 0.425598
vt 0.438805 0.892309
vt 0.444451 0.899649
vt 0.438805 0.899649
vt 0.810520 0.438584
vt 0.815564 0.438584
vt 0.622482 0.976658
vt 0.624842 0.980706
vt 0.622482 0.980706
vt 0.162212 0.976436
vt 0.159853 0.972388
vt 0.162212 0.972388
vt 0.712563 0.973379
vt 0.714923 0.977426
vt 0.712563 0.977426
vt 0.963430 0.545279
vt 0.965359 0.540432
vt 0.965359 0.546078
vt 0.957751 0.295447
vt 0.955822 0.290600
vt 0.957751 0.291399
vt 0.717779 0.923461
vt 0.715850 0.928308
vt 0.715850 0.922662
vt 0.142133 0.954300
vt 0.140204 0.949453
vt 0.142133 0.950252
vt 0.463669 0.965960
vt 0.461740 0.961114
vt 0.463669 0.961913
vt 0.008645 0.898773
vt 0.010573 0.893926
vt 0.010573 0.899572
vt 0.910217 0.957747
vt 0.912146 0.962594
vt 0.910217 0.961795
vt 0.159422 0.954300
vt 0.161351 0.949453
vt 0.161351 0.955099
vt 0.895635 0.629270
vt 0.892772 0.636180
vt 0.892772 0.626408
vt 0.888679 0.094794
vt 0.892727 0.104566
vt 0.888679 0.104566
vt 0.890066 0.892834
vt 0.892929 0.885924
vt 0.892929 0.889972
vt 0.857335 0.966659
vt 0.859694 0.970707
vt 0.857335 0.970707
vt 0.829477 0.970992
vt 0.827118 0.966944
vt 0.829477 0.966944
vt 0.983290 0.723588
vt 0.980930 0.719540
vt 0.983290 0.719540
vt 0.503443 0.969799
vt 0.501083 0.965751
vt 0.503443 0.965751
vt 0.963296 0.194922
vt 0.965656 0.190874
vt 0.965656 0.194922
vt 0.833946 0.752244
vt 0.833036 0.749558
vt 0.835713 0.749085
vt 0.840872 0.753113
vt 0.841900 0.750875
vt 0.842056 0.751896
vt 0.840795 0.756120
vt 0.842586 0.755117
vt 0.842019 0.756103
vt 0.874346 0.329292
vt 0.879050 0.330223
vt 0.876911 0.332258
vt 0.874924 0.323514
vt 0.878445 0.323374
vt 0.876301 0.325163
vt 0.872641 0.323017
vt 0.867948 0.322074
vt 0.870088 0.320049
vt 0.838950 0.759190
vt 0.842827 0.759466
vt 0.841094 0.761740
vt 0.879368 0.327307
vt 0.876405 0.327443
vt 0.832729 0.757466
vt 0.831726 0.756317
vt 0.832533 0.756459
vt 0.833672 0.755220
vt 0.832599 0.755152
vt 0.832584 0.759627
vt 0.834870 0.758384
vt 0.836974 0.763659
vt 0.833346 0.764337
vt 0.834958 0.762696
vt 0.842004 0.757671
vt 0.841629 0.758786
vt 0.871393 0.331754
vt 0.872059 0.328780
vt 0.841951 0.754172
vt 0.841947 0.755024
vt 0.841925 0.753165
vt 0.868539 0.328912
vt 0.870686 0.327128
vt 0.842854 0.752064
vt 0.867627 0.324993
vt 0.870581 0.324856
vt 0.842097 0.748665
vt 0.839785 0.749889
vt 0.837685 0.744605
vt 0.841325 0.743924
vt 0.839705 0.745569
vt 0.833540 0.746543
vt 0.832691 0.750699
vt 0.831812 0.748894
vt 0.873287 0.320049
vt 0.875570 0.320546
vt 0.832745 0.752251
vt 0.832670 0.754098
vt 0.832126 0.753126
vt 0.832740 0.753257
vt 0.875486 0.327098
vt 0.874845 0.325697
vt 0.875515 0.325464
vt 0.872495 0.328048
vt 0.873929 0.327545
vt 0.874131 0.328293
vt 0.872863 0.324007
vt 0.872198 0.325503
vt 0.871502 0.325196
vt 0.871471 0.326833
vt 0.874494 0.324245
vt 0.874153 0.324870
vt 0.874792 0.326794
vt 0.873064 0.324753
vt 0.872139 0.326599
vt 0.872838 0.327422
vt 0.307435 0.736000
vt 0.317480 0.737449
vt 0.308505 0.741219
vt 0.322808 0.712816
vt 0.320668 0.720075
vt 0.320651 0.713250
vt 0.312544 0.703086
vt 0.306166 0.703103
vt 0.306629 0.700687
vt 0.319903 0.727592
vt 0.314502 0.733032
vt 0.318020 0.706945
vt 0.300021 0.699620
vt 0.307255 0.697421
vt 0.306842 0.699578
vt 0.324342 0.730542
vt 0.322821 0.720498
vt 0.328058 0.721530
vt 0.324293 0.702713
vt 0.314375 0.700307
vt 0.317312 0.695837
vt 0.293741 0.702261
vt 0.299581 0.697472
vt 0.328054 0.711761
vt 0.308255 0.692178
vt 0.288944 0.707097
vt 0.292515 0.700445
vt 0.298507 0.692251
vt 0.284204 0.712978
vt 0.286356 0.713399
vt 0.289535 0.696031
vt 0.286377 0.720221
vt 0.298762 0.741286
vt 0.309057 0.743907
vt 0.298247 0.743986
vt 0.306996 0.733853
vt 0.313277 0.731215
vt 0.288199 0.739932
vt 0.299766 0.736047
vt 0.300181 0.733892
vt 0.282736 0.730753
vt 0.280436 0.732304
vt 0.293861 0.731323
vt 0.276274 0.722249
vt 0.292651 0.733159
vt 0.289005 0.726524
vt 0.278970 0.711948
vt 0.276274 0.711415
vt 0.284221 0.720656
vt 0.282678 0.702940
vt 0.280392 0.701422
vt 0.288000 0.693758
vt 0.297953 0.689563
vt 0.308769 0.689476
vt 0.326594 0.701160
vt 0.330760 0.711222
vt 0.318825 0.693529
vt 0.330755 0.722065
vt 0.326628 0.732061
vt 0.319014 0.739723
vt 0.313166 0.702142
vt 0.318077 0.726380
vt 0.289712 0.737627
vt 0.278978 0.721710
vt 0.355131 0.421807
vt 0.363789 0.411394
vt 0.363779 0.421817
vt 0.355157 0.317588
vt 0.363811 0.328008
vt 0.355161 0.328010
vt 0.355140 0.411387
vt 0.363797 0.400971
vt 0.363803 0.307162
vt 0.363807 0.317585
vt 0.355153 0.390544
vt 0.355147 0.400966
vt 0.355147 0.296744
vt 0.355153 0.307166
vt 0.355161 0.369700
vt 0.363807 0.380125
vt 0.355157 0.380122
vt 0.355140 0.286323
vt 0.363797 0.296739
vt 0.363813 0.359278
vt 0.363811 0.369702
vt 0.363779 0.275893
vt 0.363789 0.286316
vt 0.355163 0.348855
vt 0.355163 0.359277
vt 0.355121 0.265491
vt 0.355131 0.275903
vt 0.363813 0.338432
vt 0.363813 0.348855
vt 0.363764 0.432240
vt 0.355121 0.432219
vt 0.355163 0.338433
vt 0.055431 0.718632
vt 0.047541 0.713700
vt 0.048728 0.711926
vt 0.051729 0.735420
vt 0.051096 0.742748
vt 0.049214 0.741490
vt 0.031925 0.748639
vt 0.038934 0.750864
vt 0.031482 0.750857
vt 0.059058 0.727393
vt 0.053656 0.719817
vt 0.048712 0.752349
vt 0.053652 0.744457
vt 0.055428 0.745645
vt 0.025857 0.746124
vt 0.024597 0.748003
vt 0.056963 0.736462
vt 0.056964 0.727809
vt 0.039946 0.755972
vt 0.047527 0.750572
vt 0.021212 0.741477
vt 0.019331 0.742733
vt 0.059058 0.736878
vt 0.030462 0.755964
vt 0.039531 0.753878
vt 0.018701 0.735406
vt 0.016482 0.735849
vt 0.021703 0.752331
vt 0.030881 0.753871
vt 0.018704 0.728836
vt 0.016485 0.728394
vt 0.016776 0.744439
vt 0.022890 0.750557
vt 0.019339 0.721507
vt 0.021219 0.722768
vt 0.040515 0.705564
vt 0.030489 0.708284
vt 0.029949 0.705555
vt 0.020179 0.709589
vt 0.021723 0.711905
vt 0.015007 0.718610
vt 0.012692 0.717060
vt 0.011375 0.727377
vt 0.008645 0.726833
vt 0.011374 0.736863
vt 0.008645 0.737405
vt 0.012687 0.747169
vt 0.015001 0.745624
vt 0.020156 0.754644
vt 0.029917 0.758693
vt 0.040486 0.758702
vt 0.057743 0.747194
vt 0.061788 0.737422
vt 0.050256 0.754665
vt 0.061788 0.726850
vt 0.057745 0.717087
vt 0.050274 0.709614
vt 0.039971 0.708292
vt 0.038951 0.713397
vt 0.039553 0.710385
vt 0.030904 0.710379
vt 0.031501 0.713393
vt 0.022908 0.713683
vt 0.024613 0.716240
vt 0.045821 0.748015
vt 0.016783 0.719798
vt 0.053948 0.735862
vt 0.013470 0.727794
vt 0.053950 0.728408
vt 0.013468 0.736447
vt 0.051102 0.721523
vt 0.045833 0.716254
vt 0.038494 0.748644
vt 0.051732 0.728851
vt 0.044565 0.746132
vt 0.044576 0.718134
vt 0.049220 0.722780
vt 0.031938 0.715613
vt 0.038508 0.715616
vt 0.025867 0.718124
vt 0.319848 0.705713
vt 0.363803 0.390548
vt 0.646376 0.626417
vt 0.641860 0.644119
vt 0.640022 0.626408
vt 0.646397 0.645767
vt 0.642949 0.653232
vt 0.641517 0.652098
vt 0.674876 0.653333
vt 0.654886 0.660669
vt 0.654603 0.657556
vt 0.639979 0.695090
vt 0.644080 0.676693
vt 0.646374 0.695088
vt 0.653779 0.654561
vt 0.672695 0.646389
vt 0.646421 0.675622
vt 0.652853 0.693599
vt 0.652461 0.651795
vt 0.669178 0.640057
vt 0.659022 0.690760
vt 0.648701 0.674051
vt 0.664477 0.634617
vt 0.650726 0.649355
vt 0.664626 0.686663
vt 0.652496 0.669557
vt 0.669293 0.681192
vt 0.650770 0.672010
vt 0.648654 0.647332
vt 0.658847 0.630556
vt 0.653803 0.666781
vt 0.672773 0.674838
vt 0.652741 0.627816
vt 0.654621 0.663783
vt 0.674926 0.667861
vt 0.644078 0.644694
vt 0.675626 0.660594
vt 0.646456 0.662335
vt 0.639958 0.651077
vt 0.646608 0.660684
vt 0.638335 0.650127
vt 0.646446 0.659033
vt 0.638335 0.671227
vt 0.639967 0.670280
vt 0.645979 0.657426
vt 0.641533 0.669263
vt 0.645221 0.655905
vt 0.642969 0.668132
vt 0.644199 0.654501
vt 0.645240 0.665462
vt 0.644220 0.666865
vt 0.645994 0.663941
vt 0.385723 0.874639
vt 0.377377 0.869063
vt 0.382953 0.860717
vt 0.346189 0.380118
vt 0.346184 0.390539
vt 0.346192 0.328013
vt 0.346194 0.338434
vt 0.346160 0.432222
vt 0.346195 0.348855
vt 0.346160 0.265488
vt 0.346164 0.275908
vt 0.346194 0.359276
vt 0.346171 0.286329
vt 0.346192 0.369697
vt 0.346178 0.296750
vt 0.346184 0.307171
vt 0.346178 0.400960
vt 0.346189 0.317592
vt 0.346171 0.411381
vt 0.346164 0.421802
vt 0.087133 0.822416
vt 0.107661 0.826499
vt 0.103578 0.847027
vt 0.312648 0.730280
vt 0.317139 0.725756
vt 0.319561 0.719857
vt 0.317080 0.707577
vt 0.287486 0.719997
vt 0.289943 0.725890
vt 0.294482 0.730378
vt 0.300392 0.732784
vt 0.306770 0.732749
vt 0.287462 0.713617
vt 0.289883 0.707720
vt 0.294372 0.703194
vt 0.300249 0.700723
vt 0.319541 0.713472
vt 0.317128 0.713960
vt 0.317149 0.719377
vt 0.315039 0.708961
vt 0.300749 0.703130
vt 0.295753 0.705226
vt 0.291936 0.709072
vt 0.289877 0.714088
vt 0.289900 0.719508
vt 0.311280 0.728238
vt 0.306286 0.730339
vt 0.300867 0.730370
vt 0.295846 0.728326
vt 0.291989 0.724512
vt 0.311187 0.705144
vt 0.315095 0.724391
vt 0.915598 0.290600
vt 0.909952 0.297939
vt 0.909952 0.290600
vt 0.938778 0.705543
vt 0.944423 0.698203
vt 0.944423 0.705543
vt 0.742625 0.790323
vt 0.737581 0.797662
vt 0.737581 0.790323
vt 0.916099 0.435519
vt 0.910454 0.442859
vt 0.910454 0.435519
vt 0.938778 0.730171
vt 0.944423 0.722832
vt 0.944423 0.730171
vt 0.667209 0.904309
vt 0.661563 0.911649
vt 0.661563 0.904309
vt 0.742625 0.769998
vt 0.737581 0.777337
vt 0.737581 0.769998
vt 0.245299 0.928557
vt 0.239653 0.921217
vt 0.245299 0.921217
vt 0.806938 0.150098
vt 0.811981 0.155744
vt 0.806938 0.155744
vt 0.806938 0.163084
vt 0.811981 0.163084
vt 0.806938 0.142759
vt 0.811981 0.150098
vt 0.941504 0.651036
vt 0.935859 0.658376
vt 0.935859 0.651036
vt 0.806938 0.129773
vt 0.811981 0.135419
vt 0.806938 0.135419
vt 0.806938 0.122433
vt 0.811981 0.129773
vt 0.414234 0.915810
vt 0.408588 0.923150
vt 0.408588 0.915810
vt 0.811981 0.142759
vt 0.742625 0.782983
vt 0.742625 0.777337
vt 0.921489 0.754800
vt 0.915843 0.747461
vt 0.921489 0.747461
vt 0.910016 0.102133
vt 0.915662 0.094794
vt 0.915662 0.102133
vt 0.742625 0.803308
vt 0.742625 0.797662
vt 0.922196 0.073850
vt 0.916550 0.066510
vt 0.922196 0.066510
vt 0.737581 0.810648
vt 0.742625 0.810648
vt 0.216276 0.921219
vt 0.210631 0.928559
vt 0.210631 0.921219
vt 0.816185 0.261235
vt 0.811141 0.255589
vt 0.816185 0.255589
vt 0.816185 0.248250
vt 0.811141 0.248250
vt 0.317719 0.939823
vt 0.323364 0.947163
vt 0.317719 0.947163
vt 0.811141 0.268575
vt 0.816185 0.268575
vt 0.816185 0.281560
vt 0.811141 0.275915
vt 0.816185 0.275915
vt 0.811141 0.288900
vt 0.816185 0.288900
vt 0.929465 0.220775
vt 0.923819 0.213435
vt 0.929465 0.213435
vt 0.140204 0.798619
vt 0.145248 0.804265
vt 0.140204 0.804265
vt 0.140204 0.811604
vt 0.145248 0.811604
vt 0.628128 0.929095
vt 0.622482 0.936434
vt 0.622482 0.929095
vt 0.145248 0.791279
vt 0.140204 0.791279
vt 0.140204 0.778294
vt 0.145248 0.783940
vt 0.140204 0.783940
vt 0.937799 0.593268
vt 0.932154 0.585928
vt 0.937799 0.585928
vt 0.145248 0.770954
vt 0.140204 0.770954
vt 0.975305 0.942946
vt 0.977665 0.946994
vt 0.975305 0.946994
vt 0.935512 0.981498
vt 0.933152 0.977450
vt 0.935512 0.977450
vt 0.975040 0.290600
vt 0.977399 0.294648
vt 0.975040 0.294648
vt 0.956323 0.402780
vt 0.958252 0.397933
vt 0.958252 0.403579
vt 0.463669 0.943026
vt 0.461740 0.938179
vt 0.463669 0.938978
vt 0.963641 0.748920
vt 0.961712 0.744073
vt 0.963641 0.744872
vt 0.962266 0.786876
vt 0.960337 0.782029
vt 0.962266 0.782828
vt 0.958252 0.440366
vt 0.956323 0.435519
vt 0.958252 0.436318
vt 0.957149 0.013491
vt 0.959078 0.008645
vt 0.959078 0.014290
vt 0.962420 0.067309
vt 0.964348 0.072156
vt 0.962420 0.071357
vt 0.663492 0.958414
vt 0.661563 0.953567
vt 0.663492 0.954366
vt 0.895491 0.486879
vt 0.892628 0.493790
vt 0.892628 0.484017
vt 0.811389 0.608144
vt 0.807341 0.598372
vt 0.811389 0.598372
vt 0.898554 0.725264
vt 0.895691 0.732175
vt 0.895691 0.728127
vt 0.975541 0.401981
vt 0.977901 0.397933
vt 0.977901 0.401981
vt 0.735157 0.973455
vt 0.737516 0.977503
vt 0.735157 0.977503
vt 0.050626 0.972508
vt 0.052985 0.976556
vt 0.050626 0.976556
vt 0.981915 0.786077
vt 0.979555 0.782029
vt 0.981915 0.782029
vt 0.965790 0.567415
vt 0.963430 0.563367
vt 0.965790 0.563367
vt 0.840113 0.415854
vt 0.843129 0.414235
vt 0.842787 0.415375
vt 0.836034 0.415064
vt 0.833692 0.413142
vt 0.834832 0.411901
vt 0.835104 0.408925
vt 0.833286 0.409808
vt 0.833905 0.408934
vt 0.217345 0.876327
vt 0.222028 0.877273
vt 0.219889 0.879292
vt 0.217939 0.870559
vt 0.221462 0.870436
vt 0.219308 0.872216
vt 0.215658 0.870045
vt 0.210972 0.869100
vt 0.213110 0.867078
vt 0.834685 0.403234
vt 0.834191 0.406244
vt 0.832967 0.405585
vt 0.219403 0.874493
vt 0.222269 0.872092
vt 0.222364 0.874370
vt 0.843087 0.407471
vt 0.844093 0.408619
vt 0.843285 0.408478
vt 0.843219 0.409787
vt 0.843228 0.405303
vt 0.840943 0.406556
vt 0.842145 0.409719
vt 0.838815 0.401283
vt 0.842443 0.400588
vt 0.840836 0.402239
vt 0.836864 0.405765
vt 0.833848 0.407385
vt 0.214402 0.878797
vt 0.215057 0.875823
vt 0.833829 0.410779
vt 0.833899 0.409939
vt 0.833758 0.411833
vt 0.211526 0.875951
vt 0.213682 0.874164
vt 0.833890 0.414149
vt 0.832884 0.413000
vt 0.213600 0.871880
vt 0.210714 0.874272
vt 0.210631 0.871988
vt 0.833749 0.416316
vt 0.838162 0.420336
vt 0.834534 0.421031
vt 0.836141 0.419381
vt 0.842293 0.418385
vt 0.844010 0.416034
vt 0.218608 0.867593
vt 0.843073 0.412686
vt 0.841874 0.412694
vt 0.843148 0.410840
vt 0.843691 0.411812
vt 0.843078 0.411681
vt 0.218488 0.874146
vt 0.217850 0.872743
vt 0.218521 0.872512
vt 0.215489 0.875091
vt 0.216930 0.874590
vt 0.217132 0.875340
vt 0.215869 0.871042
vt 0.215202 0.872539
vt 0.214507 0.872229
vt 0.217505 0.871288
vt 0.214471 0.873870
vt 0.217160 0.871913
vt 0.217795 0.873841
vt 0.216069 0.871791
vt 0.215140 0.873637
vt 0.215836 0.874464
vt 0.733959 0.746351
vt 0.736495 0.736480
vt 0.740940 0.739479
vt 0.734726 0.715815
vt 0.739471 0.721698
vt 0.737317 0.722121
vt 0.717034 0.709410
vt 0.722926 0.711853
vt 0.717508 0.711823
vt 0.739456 0.729380
vt 0.729922 0.710978
vt 0.736552 0.714602
vt 0.710500 0.710875
vt 0.716405 0.706146
vt 0.716820 0.708302
vt 0.744700 0.730433
vt 0.744708 0.720665
vt 0.731148 0.709160
vt 0.725146 0.700970
vt 0.734127 0.704741
vt 0.703820 0.714449
vt 0.705647 0.715679
vt 0.740992 0.711651
vt 0.724077 0.706192
vt 0.715397 0.700904
vt 0.700863 0.721549
vt 0.703019 0.721982
vt 0.706344 0.704572
vt 0.700854 0.729229
vt 0.703007 0.728805
vt 0.709288 0.709039
vt 0.699374 0.711455
vt 0.705600 0.735108
vt 0.724908 0.750009
vt 0.735471 0.748657
vt 0.725422 0.752708
vt 0.729809 0.740047
vt 0.734668 0.735247
vt 0.715167 0.749940
vt 0.714615 0.752627
vt 0.723904 0.744770
vt 0.723490 0.742615
vt 0.706198 0.746170
vt 0.704665 0.748443
vt 0.716675 0.742575
vt 0.697055 0.740789
vt 0.716236 0.744722
vt 0.710397 0.739941
vt 0.695621 0.730265
vt 0.692925 0.730801
vt 0.709173 0.741756
vt 0.692915 0.719965
vt 0.697072 0.709906
vt 0.704829 0.702267
vt 0.714881 0.698203
vt 0.743279 0.710131
vt 0.735661 0.702465
vt 0.725697 0.698280
vt 0.747406 0.720131
vt 0.747406 0.730973
vt 0.743240 0.741032
vt 0.723638 0.708340
vt 0.737301 0.728945
vt 0.703774 0.736320
vt 0.699339 0.739269
vt 0.695620 0.720502
vt 0.284955 0.275904
vt 0.276296 0.286318
vt 0.276306 0.275894
vt 0.284930 0.380125
vt 0.276277 0.369706
vt 0.284927 0.369704
vt 0.284947 0.286325
vt 0.276289 0.296742
vt 0.284935 0.390547
vt 0.276281 0.380129
vt 0.284934 0.307171
vt 0.284939 0.296748
vt 0.284941 0.400968
vt 0.276286 0.390551
vt 0.284926 0.328016
vt 0.276279 0.317590
vt 0.284929 0.317593
vt 0.276299 0.411396
vt 0.276292 0.400974
vt 0.284924 0.338438
vt 0.276276 0.328014
vt 0.284948 0.411389
vt 0.276309 0.421818
vt 0.284924 0.348860
vt 0.276274 0.338437
vt 0.284967 0.432219
vt 0.284957 0.421808
vt 0.276275 0.359284
vt 0.276274 0.348861
vt 0.284965 0.265491
vt 0.276321 0.265470
vt 0.284925 0.359282
vt 0.783290 0.135509
vt 0.775401 0.130577
vt 0.776587 0.128803
vt 0.779590 0.152295
vt 0.778955 0.159625
vt 0.777075 0.158365
vt 0.759787 0.165517
vt 0.766798 0.167740
vt 0.759344 0.167735
vt 0.784823 0.144686
vt 0.781515 0.136694
vt 0.776575 0.169226
vt 0.781511 0.161334
vt 0.783287 0.162522
vt 0.752459 0.164881
vt 0.753719 0.163002
vt 0.786918 0.153756
vt 0.786917 0.144270
vt 0.767395 0.170754
vt 0.775390 0.167449
vt 0.747192 0.159611
vt 0.749075 0.158356
vt 0.784824 0.153339
vt 0.767810 0.172849
vt 0.758743 0.170748
vt 0.744341 0.152727
vt 0.746560 0.152286
vt 0.749565 0.169209
vt 0.758326 0.172842
vt 0.744344 0.145274
vt 0.746563 0.145716
vt 0.744637 0.161317
vt 0.750752 0.167435
vt 0.747197 0.138386
vt 0.749077 0.139647
vt 0.768374 0.122441
vt 0.758347 0.125163
vt 0.757806 0.122433
vt 0.748036 0.126468
vt 0.749581 0.128784
vt 0.742865 0.135489
vt 0.740550 0.133940
vt 0.739234 0.144256
vt 0.736504 0.143713
vt 0.739233 0.153741
vt 0.736504 0.154284
vt 0.740548 0.164047
vt 0.742862 0.162502
vt 0.748019 0.171522
vt 0.757782 0.175571
vt 0.768351 0.175578
vt 0.785602 0.164070
vt 0.789649 0.154299
vt 0.778119 0.171541
vt 0.789647 0.143728
vt 0.785604 0.133964
vt 0.778134 0.126491
vt 0.767830 0.125169
vt 0.766811 0.130276
vt 0.767412 0.127262
vt 0.759359 0.130271
vt 0.758761 0.127257
vt 0.752471 0.133118
vt 0.750765 0.130561
vt 0.773684 0.164893
vt 0.744642 0.136677
vt 0.781809 0.152740
vt 0.741329 0.144674
vt 0.781809 0.145285
vt 0.741327 0.153326
vt 0.778960 0.138400
vt 0.773694 0.133131
vt 0.772428 0.163011
vt 0.766355 0.165521
vt 0.779590 0.145726
vt 0.777078 0.139656
vt 0.766365 0.132494
vt 0.772434 0.135009
vt 0.759796 0.132491
vt 0.753725 0.135003
vt 0.276283 0.307166
vt 0.693425 0.397933
vt 0.688989 0.415714
vt 0.687052 0.397958
vt 0.695813 0.418898
vt 0.688700 0.423693
vt 0.693553 0.417335
vt 0.722798 0.432162
vt 0.701776 0.429104
vt 0.722040 0.424899
vt 0.693442 0.466581
vt 0.688986 0.448750
vt 0.691218 0.448186
vt 0.700944 0.426116
vt 0.719843 0.417940
vt 0.693561 0.447126
vt 0.699924 0.465116
vt 0.716325 0.411614
vt 0.699624 0.423354
vt 0.706100 0.462301
vt 0.695844 0.445564
vt 0.697888 0.420918
vt 0.711624 0.406179
vt 0.716399 0.452773
vt 0.697917 0.443533
vt 0.699649 0.441089
vt 0.711716 0.458226
vt 0.705994 0.402126
vt 0.719916 0.446399
vt 0.700965 0.438322
vt 0.699890 0.399390
vt 0.722076 0.439429
vt 0.701787 0.435328
vt 0.691215 0.416277
vt 0.702066 0.432215
vt 0.693647 0.433870
vt 0.687136 0.422684
vt 0.693802 0.432227
vt 0.685505 0.421744
vt 0.693642 0.430584
vt 0.685505 0.442702
vt 0.687140 0.441763
vt 0.693173 0.428986
vt 0.688708 0.440755
vt 0.692413 0.427473
vt 0.690148 0.439633
vt 0.691388 0.426078
vt 0.691402 0.438375
vt 0.692426 0.436980
vt 0.690135 0.424817
vt 0.693182 0.435468
vt 0.872321 0.496880
vt 0.862477 0.494922
vt 0.864435 0.485077
vt 0.293898 0.317597
vt 0.293903 0.307175
vt 0.293893 0.359281
vt 0.293927 0.265488
vt 0.293892 0.348860
vt 0.293927 0.432222
vt 0.293923 0.421802
vt 0.293893 0.338439
vt 0.293916 0.411382
vt 0.293895 0.328018
vt 0.293909 0.400962
vt 0.293903 0.390542
vt 0.293909 0.296753
vt 0.293898 0.380122
vt 0.293916 0.286331
vt 0.293895 0.369702
vt 0.293923 0.275910
vt 0.368903 0.841218
vt 0.348375 0.837135
vt 0.352458 0.816607
vt 0.733729 0.734611
vt 0.736193 0.728720
vt 0.736210 0.722338
vt 0.729292 0.711913
vt 0.723410 0.709443
vt 0.706538 0.734484
vt 0.711024 0.739007
vt 0.716899 0.741470
vt 0.723277 0.741507
vt 0.729188 0.739102
vt 0.704113 0.728586
vt 0.704127 0.722206
vt 0.706587 0.716312
vt 0.711124 0.711818
vt 0.733788 0.716439
vt 0.731736 0.717792
vt 0.733795 0.722803
vt 0.727918 0.713951
vt 0.712489 0.713868
vt 0.708637 0.717683
vt 0.706543 0.722684
vt 0.706526 0.728105
vt 0.708582 0.733119
vt 0.731689 0.733225
vt 0.727838 0.737042
vt 0.722819 0.739090
vt 0.717399 0.739063
vt 0.712399 0.736968
vt 0.733780 0.728223
vt 0.912924 0.653469
vt 0.918569 0.660809
vt 0.912924 0.660809
vt 0.934214 0.015984
vt 0.939860 0.008645
vt 0.939860 0.015984
vt 0.697959 0.790323
vt 0.692915 0.797662
vt 0.692915 0.790323
vt 0.369100 0.948526
vt 0.374746 0.941186
vt 0.374746 0.948526
vt 0.103775 0.928009
vt 0.109421 0.920669
vt 0.109421 0.928009
vt 0.923207 0.540432
vt 0.917561 0.547772
vt 0.917561 0.540432
vt 0.697959 0.769998
vt 0.692915 0.777337
vt 0.692915 0.769998
vt 0.935715 0.491357
vt 0.941360 0.484017
vt 0.941360 0.491357
vt 0.769711 0.553418
vt 0.764667 0.547772
vt 0.769711 0.547772
vt 0.769711 0.540432
vt 0.764667 0.540432
vt 0.769711 0.560758
vt 0.764667 0.553418
vt 0.764695 0.923582
vt 0.770341 0.916242
vt 0.770341 0.923582
vt 0.769711 0.573743
vt 0.764667 0.568097
vt 0.769711 0.568097
vt 0.769711 0.581083
vt 0.764667 0.573743
vt 0.593185 0.940250
vt 0.587539 0.947590
vt 0.587539 0.940250
vt 0.764667 0.560758
vt 0.697959 0.782983
vt 0.697959 0.777337
vt 0.938778 0.747461
vt 0.944423 0.754800
vt 0.938778 0.754800
vt 0.918426 0.515986
vt 0.912780 0.508646
vt 0.918426 0.508646
vt 0.697959 0.803308
vt 0.697959 0.797662
vt 0.939485 0.066510
vt 0.945131 0.073850
vt 0.939485 0.073850
vt 0.692915 0.810648
vt 0.697959 0.810648
vt 0.918804 0.814082
vt 0.913158 0.821422
vt 0.913158 0.814082
vt 0.814377 0.553418
vt 0.809333 0.547772
vt 0.814377 0.547772
vt 0.814377 0.540433
vt 0.809333 0.540433
vt 0.920626 0.366369
vt 0.926272 0.373708
vt 0.920626 0.373708
vt 0.809333 0.560758
vt 0.814377 0.560758
vt 0.814377 0.573743
vt 0.809333 0.568097
vt 0.814377 0.568097
vt 0.809333 0.581083
vt 0.814377 0.581083
vt 0.922454 0.327388
vt 0.916808 0.320049
vt 0.922454 0.320049
vt 0.452136 0.779757
vt 0.457180 0.785403
vt 0.452136 0.785403
vt 0.452136 0.792742
vt 0.457180 0.792742
vt 0.276274 0.929500
vt 0.281920 0.922160
vt 0.281920 0.929500
vt 0.452136 0.772417
vt 0.457180 0.779757
vt 0.452136 0.759432
vt 0.457180 0.765077
vt 0.452136 0.765077
vt 0.936093 0.814082
vt 0.941738 0.821422
vt 0.936093 0.821422
vt 0.457180 0.752092
vt 0.452136 0.752092
vt 0.457180 0.772417
vt 0.958447 0.974723
vt 0.956087 0.970675
vt 0.958447 0.970675
vt 0.984874 0.171987
vt 0.982515 0.167939
vt 0.984874 0.167939
vt 0.695274 0.977426
vt 0.692915 0.973378
vt 0.695274 0.973378
vt 0.956087 0.952587
vt 0.958016 0.947740
vt 0.958016 0.953386
vt 0.960578 0.507751
vt 0.958649 0.512598
vt 0.958649 0.506952
vt 0.717779 0.904574
vt 0.715850 0.899727
vt 0.717779 0.900526
vt 0.032906 0.950373
vt 0.030977 0.955219
vt 0.030977 0.949574
vt 0.624411 0.958570
vt 0.622482 0.953723
vt 0.624411 0.954522
vt 0.958793 0.627207
vt 0.960722 0.632053
vt 0.958793 0.631254
vt 0.955886 0.099641
vt 0.957815 0.094794
vt 0.957815 0.100439
vt 0.956087 0.879734
vt 0.958016 0.884581
vt 0.956087 0.883782
vt 0.897881 0.125296
vt 0.895019 0.132206
vt 0.895019 0.122433
vt 0.889942 0.008645
vt 0.893990 0.018417
vt 0.889942 0.018417
vt 0.895691 0.698203
vt 0.898554 0.705113
vt 0.895691 0.707975
vt 0.969688 0.213435
vt 0.972048 0.217483
vt 0.969688 0.217483
vt 0.483794 0.969799
vt 0.481435 0.965751
vt 0.483794 0.965751
vt 0.977540 0.039754
vt 0.975181 0.035706
vt 0.977540 0.035706
vt 0.980371 0.630455
vt 0.978011 0.626408
vt 0.980371 0.626408
vt 0.385462 0.965815
vt 0.387821 0.969863
vt 0.385462 0.969863
vt 0.835745 0.706021
vt 0.832691 0.707540
vt 0.833067 0.706425
vt 0.839825 0.706826
vt 0.842162 0.708751
vt 0.841023 0.709990
vt 0.840749 0.712967
vt 0.842569 0.712084
vt 0.841950 0.712959
vt 0.248432 0.874493
vt 0.248917 0.879291
vt 0.246374 0.876326
vt 0.248339 0.872218
vt 0.249128 0.868780
vt 0.250497 0.870439
vt 0.242621 0.871881
vt 0.242144 0.867079
vt 0.244685 0.870051
vt 0.838982 0.716126
vt 0.842883 0.716317
vt 0.841155 0.718668
vt 0.251297 0.872098
vt 0.251389 0.874373
vt 0.832795 0.714336
vt 0.831841 0.713146
vt 0.832639 0.713314
vt 0.832770 0.712045
vt 0.832598 0.716546
vt 0.834910 0.715322
vt 0.833823 0.712098
vt 0.837011 0.720605
vt 0.833370 0.721287
vt 0.834991 0.719641
vt 0.842004 0.714512
vt 0.841659 0.715653
vt 0.244086 0.875822
vt 0.245719 0.879299
vt 0.243432 0.878796
vt 0.842025 0.711112
vt 0.841955 0.711953
vt 0.842096 0.710059
vt 0.242711 0.874165
vt 0.241932 0.877610
vt 0.240557 0.875952
vt 0.841966 0.707745
vt 0.842969 0.708893
vt 0.239743 0.874281
vt 0.239653 0.871998
vt 0.842111 0.705584
vt 0.837721 0.701552
vt 0.841349 0.700874
vt 0.839737 0.702515
vt 0.833601 0.703471
vt 0.831868 0.705745
vt 0.247631 0.867586
vt 0.246971 0.870559
vt 0.832676 0.709108
vt 0.833900 0.709090
vt 0.832744 0.711038
vt 0.832109 0.710093
vt 0.832748 0.710187
vt 0.247517 0.874146
vt 0.246881 0.872742
vt 0.247553 0.872510
vt 0.244518 0.875090
vt 0.245959 0.874589
vt 0.246162 0.875339
vt 0.244902 0.871042
vt 0.244230 0.872537
vt 0.243533 0.872225
vt 0.246534 0.871289
vt 0.243499 0.873869
vt 0.246190 0.871913
vt 0.246824 0.873840
vt 0.245100 0.871790
vt 0.244169 0.873636
vt 0.244865 0.874463
vt 0.699295 0.581476
vt 0.709135 0.583972
vt 0.706154 0.588388
vt 0.729782 0.582271
vt 0.723873 0.586995
vt 0.723459 0.584838
vt 0.736162 0.570937
vt 0.733765 0.565036
vt 0.736178 0.564555
vt 0.716202 0.586945
vt 0.736466 0.578698
vt 0.734637 0.577465
vt 0.736517 0.556819
vt 0.737285 0.564336
vt 0.734691 0.558032
vt 0.715130 0.592166
vt 0.724878 0.592238
vt 0.744672 0.572645
vt 0.740915 0.581697
vt 0.731114 0.551383
vt 0.729890 0.553199
vt 0.733935 0.588576
vt 0.739438 0.563912
vt 0.744673 0.562877
vt 0.723610 0.550563
vt 0.740954 0.553869
vt 0.716383 0.548369
vt 0.716797 0.550522
vt 0.734090 0.546967
vt 0.710480 0.553095
vt 0.695585 0.572464
vt 0.697008 0.582994
vt 0.692888 0.572997
vt 0.705562 0.577317
vt 0.710362 0.582155
vt 0.695592 0.562701
vt 0.692888 0.562162
vt 0.703735 0.578528
vt 0.702973 0.571011
vt 0.697052 0.552107
vt 0.700820 0.571433
vt 0.702990 0.564189
vt 0.704819 0.544486
vt 0.699351 0.553660
vt 0.700835 0.563755
vt 0.705620 0.557891
vt 0.714863 0.540433
vt 0.706331 0.546792
vt 0.703795 0.556659
vt 0.725118 0.543197
vt 0.725670 0.540510
vt 0.735623 0.544693
vt 0.743239 0.552348
vt 0.747370 0.562341
vt 0.743217 0.583248
vt 0.735448 0.590883
vt 0.747378 0.573183
vt 0.725392 0.594939
vt 0.714576 0.594855
vt 0.704619 0.590662
vt 0.739426 0.571594
vt 0.737270 0.571160
vt 0.716642 0.584799
vt 0.709270 0.551259
vt 0.715378 0.543131
vt 0.724049 0.548416
vt 0.401465 0.394167
vt 0.410105 0.404597
vt 0.401457 0.404587
vt 0.401483 0.300368
vt 0.410136 0.310788
vt 0.401486 0.310791
vt 0.401472 0.383746
vt 0.410115 0.394174
vt 0.401478 0.289946
vt 0.410133 0.300365
vt 0.410128 0.373328
vt 0.410122 0.383751
vt 0.401472 0.279524
vt 0.410128 0.289942
vt 0.401483 0.362902
vt 0.410136 0.352482
vt 0.410133 0.362905
vt 0.410115 0.269096
vt 0.410122 0.279519
vt 0.401486 0.352480
vt 0.410138 0.342058
vt 0.401457 0.258683
vt 0.401465 0.269103
vt 0.401488 0.342057
vt 0.410139 0.331635
vt 0.410090 0.248250
vt 0.410105 0.258673
vt 0.401489 0.331635
vt 0.410138 0.321212
vt 0.401447 0.414999
vt 0.410090 0.415020
vt 0.401488 0.321213
vt 0.662567 0.718750
vt 0.667493 0.726642
vt 0.661380 0.720524
vt 0.665567 0.742244
vt 0.664935 0.749572
vt 0.663053 0.748314
vt 0.645763 0.755463
vt 0.652774 0.757686
vt 0.645321 0.757681
vt 0.672896 0.734218
vt 0.669268 0.725457
vt 0.662552 0.759172
vt 0.667490 0.751281
vt 0.669266 0.752469
vt 0.639694 0.752947
vt 0.638436 0.754828
vt 0.672896 0.743702
vt 0.670803 0.734634
vt 0.653371 0.760700
vt 0.661367 0.757395
vt 0.633171 0.749555
vt 0.635052 0.748299
vt 0.670801 0.743285
vt 0.644302 0.762788
vt 0.653786 0.762794
vt 0.632538 0.742229
vt 0.630319 0.742670
vt 0.636729 0.757382
vt 0.644720 0.760695
vt 0.632542 0.735660
vt 0.630323 0.735217
vt 0.628840 0.752447
vt 0.635542 0.759156
vt 0.635057 0.729591
vt 0.633177 0.728330
vt 0.654355 0.712388
vt 0.644328 0.715108
vt 0.643788 0.712379
vt 0.634017 0.716413
vt 0.635561 0.718729
vt 0.628845 0.725433
vt 0.626530 0.723883
vt 0.625213 0.734200
vt 0.622482 0.733656
vt 0.625212 0.743685
vt 0.622482 0.744228
vt 0.626526 0.753993
vt 0.633996 0.761469
vt 0.643758 0.765517
vt 0.654327 0.765524
vt 0.671582 0.754017
vt 0.675626 0.744246
vt 0.664097 0.761487
vt 0.675625 0.733676
vt 0.671582 0.723913
vt 0.664114 0.716438
vt 0.653811 0.715116
vt 0.653393 0.717209
vt 0.659672 0.723076
vt 0.652791 0.720222
vt 0.645339 0.720217
vt 0.644742 0.717203
vt 0.636746 0.720506
vt 0.638452 0.723063
vt 0.659661 0.754838
vt 0.630621 0.726621
vt 0.667787 0.742686
vt 0.627308 0.734617
vt 0.667789 0.735233
vt 0.627306 0.743269
vt 0.664938 0.728348
vt 0.630615 0.751262
vt 0.652331 0.755467
vt 0.665570 0.735674
vt 0.658403 0.752958
vt 0.658414 0.724957
vt 0.663057 0.729604
vt 0.652346 0.722440
vt 0.639705 0.724947
vt 0.645776 0.722437
vt 0.401478 0.373324
vt 0.711143 0.191090
vt 0.715685 0.173312
vt 0.717525 0.191101
vt 0.711124 0.171660
vt 0.714594 0.164183
vt 0.716026 0.165318
vt 0.681924 0.156666
vt 0.702946 0.159826
vt 0.682634 0.163935
vt 0.717688 0.122467
vt 0.713506 0.140769
vt 0.711319 0.122433
vt 0.703765 0.162824
vt 0.684798 0.170914
vt 0.704856 0.123882
vt 0.711170 0.141827
vt 0.688288 0.177266
vt 0.705073 0.165598
vt 0.708911 0.143391
vt 0.698752 0.126608
vt 0.706800 0.168048
vt 0.692966 0.182732
vt 0.688402 0.136074
vt 0.706861 0.145413
vt 0.705120 0.147844
vt 0.693159 0.130594
vt 0.708868 0.170083
vt 0.698582 0.186822
vt 0.703794 0.150604
vt 0.684857 0.142442
vt 0.704678 0.189595
vt 0.702969 0.153599
vt 0.682680 0.149394
vt 0.713460 0.172734
vt 0.702678 0.156710
vt 0.711117 0.155073
vt 0.717587 0.166340
vt 0.710958 0.156724
vt 0.719215 0.167293
vt 0.711112 0.158375
vt 0.715728 0.140207
vt 0.717591 0.147154
vt 0.711574 0.159983
vt 0.716034 0.148164
vt 0.712327 0.161506
vt 0.714605 0.149290
vt 0.713346 0.162912
vt 0.712340 0.151951
vt 0.713360 0.150552
vt 0.711584 0.153468
vt 0.872465 0.639270
vt 0.862621 0.637312
vt 0.864579 0.627467
vt 0.392514 0.362898
vt 0.392510 0.373319
vt 0.392520 0.321214
vt 0.392490 0.404582
vt 0.392485 0.415002
vt 0.392520 0.331635
vt 0.392485 0.248268
vt 0.392490 0.258688
vt 0.392520 0.342056
vt 0.392497 0.269109
vt 0.392518 0.352477
vt 0.392504 0.279530
vt 0.392510 0.289951
vt 0.392504 0.383740
vt 0.392514 0.300372
vt 0.392497 0.394161
vt 0.392518 0.310793
vt 0.770988 0.816292
vt 0.791516 0.820375
vt 0.787433 0.840903
vt 0.710995 0.581222
vt 0.716870 0.583696
vt 0.723247 0.583728
vt 0.733696 0.576831
vt 0.711105 0.554039
vt 0.706559 0.558525
vt 0.704098 0.564415
vt 0.704080 0.570796
vt 0.706501 0.576695
vt 0.717012 0.551628
vt 0.723385 0.551667
vt 0.729262 0.554134
vt 0.733753 0.558657
vt 0.729161 0.581328
vt 0.727803 0.579272
vt 0.722782 0.581313
vt 0.731652 0.575454
vt 0.731710 0.560023
vt 0.727895 0.556176
vt 0.722900 0.554077
vt 0.717479 0.554044
vt 0.712461 0.556095
vt 0.708554 0.575343
vt 0.712370 0.579186
vt 0.706496 0.570331
vt 0.706511 0.564910
vt 0.708604 0.559906
vt 0.733746 0.570456
vt 0.717363 0.581287
vt 0.892928 0.910123
vt 0.887283 0.917463
vt 0.887283 0.910123
vt 0.897691 0.373708
vt 0.903337 0.366369
vt 0.903337 0.373708
vt 0.804018 0.340374
vt 0.798974 0.347713
vt 0.798974 0.340374
vt 0.103775 0.903380
vt 0.109421 0.896041
vt 0.109421 0.903380
vt 0.523457 0.917474
vt 0.529103 0.910134
vt 0.529103 0.917474
vt 0.793276 0.916242
vt 0.787630 0.923582
vt 0.787630 0.916242
vt 0.804018 0.320049
vt 0.798974 0.327388
vt 0.798974 0.320049
vt 0.920113 0.789369
vt 0.914467 0.782029
vt 0.920113 0.782029
vt 0.792072 0.769128
vt 0.787028 0.763482
vt 0.792072 0.763482
vt 0.792072 0.756142
vt 0.787028 0.756142
vt 0.792072 0.776468
vt 0.787028 0.769128
vt 0.941360 0.508646
vt 0.935715 0.515986
vt 0.935715 0.508646
vt 0.792072 0.789453
vt 0.787028 0.783807
vt 0.792072 0.783807
vt 0.792072 0.796793
vt 0.787028 0.789453
vt 0.438805 0.941566
vt 0.444451 0.948906
vt 0.438805 0.948906
vt 0.787028 0.776468
vt 0.804018 0.333034
vt 0.804018 0.327388
vt 0.414234 0.947779
vt 0.408588 0.940439
vt 0.414234 0.940439
vt 0.182137 0.899122
vt 0.187783 0.891783
vt 0.187783 0.899122
vt 0.804018 0.353359
vt 0.804018 0.347713
vt 0.245299 0.896588
vt 0.239653 0.903928
vt 0.239653 0.896588
vt 0.798974 0.360699
vt 0.804018 0.360699
vt 0.735157 0.948826
vt 0.740803 0.956166
vt 0.735157 0.956166
vt 0.715248 0.797662
vt 0.720292 0.803308
vt 0.715248 0.803308
vt 0.715248 0.810648
vt 0.720292 0.810648
vt 0.735157 0.924197
vt 0.740803 0.931537
vt 0.735157 0.931537
vt 0.720292 0.790323
vt 0.715248 0.790323
vt 0.715248 0.777337
vt 0.720292 0.782983
vt 0.715248 0.782983
vt 0.720292 0.769998
vt 0.715248 0.769998
vt 0.216276 0.903930
vt 0.210631 0.896590
vt 0.216276 0.896590
vt 0.013688 0.788976
vt 0.008645 0.783330
vt 0.013688 0.783330
vt 0.013688 0.775991
vt 0.008645 0.775991
vt 0.764695 0.948211
vt 0.770341 0.940871
vt 0.770341 0.948211
vt 0.008645 0.796316
vt 0.013688 0.796316
vt 0.013688 0.809301
vt 0.008645 0.803656
vt 0.013688 0.803656
vt 0.182137 0.916411
vt 0.187783 0.923751
vt 0.182137 0.923751
vt 0.008645 0.816641
vt 0.013688 0.816641
vt 0.978011 0.647745
vt 0.980371 0.651792
vt 0.978011 0.651792
vt 0.033337 0.976556
vt 0.030977 0.972508
vt 0.033337 0.972508
vt 0.975104 0.094794
vt 0.977464 0.098842
vt 0.975104 0.098842
vt 0.605775 0.690054
vt 0.603846 0.694901
vt 0.603846 0.689255
vt 0.805060 0.970346
vt 0.803131 0.965500
vt 0.805060 0.966299
vt 0.463669 0.916043
vt 0.461740 0.920890
vt 0.461740 0.915244
vt 0.010573 0.944643
vt 0.008645 0.939796
vt 0.010573 0.940595
vt 0.887283 0.960180
vt 0.889211 0.965027
vt 0.887283 0.964228
vt 0.182137 0.970516
vt 0.184066 0.965669
vt 0.184066 0.971315
vt 0.641700 0.954522
vt 0.643629 0.959369
vt 0.641700 0.958570
vt 0.050195 0.954420
vt 0.052124 0.949574
vt 0.052124 0.955219
vt 0.895635 0.656331
vt 0.892772 0.663241
vt 0.892772 0.653469
vt 0.786004 0.598372
vt 0.790052 0.608144
vt 0.786004 0.608144
vt 0.255296 0.772592
vt 0.258159 0.765682
vt 0.258159 0.769729
vt 0.978011 0.669081
vt 0.980371 0.673129
vt 0.978011 0.673129
vt 0.441164 0.970243
vt 0.438805 0.966195
vt 0.441164 0.966195
vt 0.983290 0.744925
vt 0.980931 0.740877
vt 0.983290 0.740877
vt 0.348525 0.969863
vt 0.346165 0.965815
vt 0.348525 0.965815
vt 0.982617 0.122433
vt 0.980258 0.126481
vt 0.980258 0.122433
vt 0.604158 0.508347
vt 0.603248 0.505661
vt 0.605925 0.505188
vt 0.611084 0.509216
vt 0.612112 0.506978
vt 0.612268 0.508000
vt 0.611007 0.512224
vt 0.612798 0.511220
vt 0.612231 0.512206
vt 0.875098 0.549675
vt 0.879802 0.550607
vt 0.877664 0.552642
vt 0.875676 0.543898
vt 0.879197 0.543758
vt 0.877053 0.545547
vt 0.873393 0.543400
vt 0.868700 0.542458
vt 0.870840 0.540432
vt 0.609162 0.515293
vt 0.613039 0.515569
vt 0.611306 0.517843
vt 0.880120 0.547691
vt 0.877157 0.547827
vt 0.602941 0.513569
vt 0.601938 0.512420
vt 0.602745 0.512562
vt 0.602811 0.511255
vt 0.602796 0.515730
vt 0.605082 0.514488
vt 0.603885 0.511324
vt 0.607186 0.519762
vt 0.603558 0.520440
vt 0.605171 0.518799
vt 0.612216 0.513774
vt 0.611841 0.514889
vt 0.872145 0.552138
vt 0.872811 0.549164
vt 0.612163 0.510276
vt 0.612159 0.511127
vt 0.612138 0.509268
vt 0.869291 0.549296
vt 0.871438 0.547512
vt 0.613066 0.508168
vt 0.868379 0.545377
vt 0.871333 0.545240
vt 0.612309 0.504768
vt 0.609997 0.505992
vt 0.607897 0.500709
vt 0.611538 0.500027
vt 0.609917 0.501673
vt 0.603752 0.502646
vt 0.602903 0.506802
vt 0.602024 0.504997
vt 0.874040 0.540432
vt 0.876323 0.540930
vt 0.602957 0.508355
vt 0.602882 0.510202
vt 0.602338 0.509229
vt 0.602952 0.509361
vt 0.876239 0.547481
vt 0.875597 0.546081
vt 0.876267 0.545847
vt 0.873248 0.548432
vt 0.874681 0.547928
vt 0.874883 0.548676
vt 0.873616 0.544390
vt 0.872950 0.545887
vt 0.872254 0.545580
vt 0.872223 0.547217
vt 0.875247 0.544629
vt 0.874905 0.545254
vt 0.875544 0.547178
vt 0.873816 0.545137
vt 0.872892 0.546983
vt 0.873590 0.547806
vt 0.697832 0.279419
vt 0.696347 0.289519
vt 0.692588 0.280473
vt 0.720616 0.292623
vt 0.713385 0.294817
vt 0.713800 0.292662
vt 0.733180 0.278624
vt 0.728706 0.283167
vt 0.730765 0.278153
vt 0.700792 0.286518
vt 0.703326 0.296397
vt 0.728121 0.291798
vt 0.726895 0.289981
vt 0.736421 0.271583
vt 0.734286 0.278842
vt 0.734264 0.272019
vt 0.706267 0.291927
vt 0.712381 0.300058
vt 0.731102 0.296214
vt 0.733523 0.286357
vt 0.737963 0.289305
vt 0.733458 0.264482
vt 0.731631 0.265714
vt 0.721055 0.294770
vt 0.722127 0.299989
vt 0.741674 0.280293
vt 0.726773 0.260912
vt 0.736439 0.279263
vt 0.741666 0.270527
vt 0.720452 0.258346
vt 0.727983 0.259076
vt 0.737902 0.261480
vt 0.713636 0.258389
vt 0.720866 0.256191
vt 0.689889 0.270175
vt 0.689884 0.281011
vt 0.702619 0.285287
vt 0.699987 0.278985
vt 0.696296 0.261703
vt 0.694012 0.260185
vt 0.697819 0.271741
vt 0.699972 0.272163
vt 0.701618 0.252525
vt 0.702559 0.265860
vt 0.712123 0.251023
vt 0.711570 0.248336
vt 0.700733 0.264649
vt 0.707355 0.261028
vt 0.722380 0.248250
vt 0.713196 0.256242
vt 0.730921 0.254606
vt 0.732433 0.252299
vt 0.740204 0.259926
vt 0.744371 0.269987
vt 0.744371 0.280827
vt 0.732636 0.298488
vt 0.722680 0.302678
vt 0.740249 0.290824
vt 0.711867 0.302759
vt 0.701813 0.298703
vt 0.694046 0.291071
vt 0.731696 0.285145
vt 0.707478 0.290090
vt 0.692585 0.270710
vt 0.706130 0.259212
vt 0.703152 0.254798
vt 0.721867 0.250950
vt 0.471052 0.258684
vt 0.462393 0.269098
vt 0.462402 0.258674
vt 0.471024 0.352484
vt 0.462378 0.362909
vt 0.462374 0.352486
vt 0.471043 0.269105
vt 0.462385 0.279522
vt 0.471032 0.373327
vt 0.471027 0.362905
vt 0.471036 0.279528
vt 0.462380 0.289946
vt 0.471038 0.383748
vt 0.462382 0.373331
vt 0.471023 0.310796
vt 0.462375 0.300370
vt 0.471026 0.300373
vt 0.471045 0.394169
vt 0.462388 0.383754
vt 0.471021 0.321218
vt 0.462373 0.310794
vt 0.471053 0.404588
vt 0.462396 0.394176
vt 0.462371 0.331641
vt 0.462371 0.321217
vt 0.471063 0.414999
vt 0.462406 0.404598
vt 0.471021 0.342062
vt 0.471021 0.331640
vt 0.471062 0.248271
vt 0.462417 0.248250
vt 0.462372 0.342064
vt 0.780157 0.515158
vt 0.785094 0.507267
vt 0.786870 0.508455
vt 0.763369 0.511451
vt 0.756040 0.510814
vt 0.757300 0.508935
vt 0.750146 0.491648
vt 0.747925 0.498660
vt 0.747927 0.491206
vt 0.770975 0.516687
vt 0.778972 0.513382
vt 0.746444 0.508436
vt 0.754333 0.513368
vt 0.753146 0.515142
vt 0.752661 0.485579
vt 0.750781 0.484319
vt 0.761905 0.518776
vt 0.771390 0.518781
vt 0.742818 0.499675
vt 0.748219 0.507251
vt 0.756052 0.479051
vt 0.757308 0.480933
vt 0.762323 0.516682
vt 0.742817 0.490189
vt 0.744911 0.499259
vt 0.763381 0.478424
vt 0.762938 0.476205
vt 0.746449 0.481422
vt 0.744912 0.490606
vt 0.770390 0.476209
vt 0.769950 0.478428
vt 0.753161 0.474718
vt 0.748225 0.482610
vt 0.776017 0.480945
vt 0.777274 0.479065
vt 0.793231 0.500232
vt 0.790502 0.490204
vt 0.793231 0.489662
vt 0.786874 0.481443
vt 0.789188 0.479898
vt 0.781717 0.472423
vt 0.780170 0.474736
vt 0.771409 0.471102
vt 0.771954 0.468374
vt 0.761926 0.471097
vt 0.761386 0.468367
vt 0.751617 0.472403
vt 0.744133 0.479874
vt 0.740087 0.489646
vt 0.740089 0.500217
vt 0.761361 0.521505
vt 0.744130 0.509981
vt 0.771931 0.521511
vt 0.751600 0.517455
vt 0.781702 0.517474
vt 0.789185 0.510003
vt 0.790501 0.499689
vt 0.785391 0.498672
vt 0.788406 0.499272
vt 0.788408 0.490621
vt 0.785394 0.491220
vt 0.782544 0.484336
vt 0.785099 0.482629
vt 0.750773 0.505545
vt 0.778983 0.476510
vt 0.762924 0.513669
vt 0.770991 0.473196
vt 0.770377 0.513672
vt 0.762341 0.473191
vt 0.777266 0.510825
vt 0.754346 0.476495
vt 0.782539 0.505558
vt 0.752655 0.504288
vt 0.750144 0.498217
vt 0.769937 0.511453
vt 0.776008 0.508944
vt 0.780657 0.504300
vt 0.783172 0.498230
vt 0.783175 0.491660
vt 0.780661 0.485590
vt 0.471030 0.289951
vt 0.505219 0.656757
vt 0.500771 0.674594
vt 0.498702 0.656712
vt 0.505356 0.676204
vt 0.501959 0.683701
vt 0.500520 0.682582
vt 0.533857 0.683891
vt 0.513863 0.691100
vt 0.513583 0.687992
vt 0.498875 0.725326
vt 0.503018 0.707030
vt 0.505239 0.725345
vt 0.512761 0.685001
vt 0.531696 0.676926
vt 0.511619 0.723971
vt 0.505343 0.705969
vt 0.511450 0.682233
vt 0.528211 0.670584
vt 0.517802 0.721183
vt 0.507626 0.704419
vt 0.523495 0.665087
vt 0.509717 0.679792
vt 0.523430 0.717132
vt 0.511438 0.699962
vt 0.528130 0.711701
vt 0.509701 0.702398
vt 0.507641 0.677763
vt 0.517876 0.661020
vt 0.512761 0.697202
vt 0.531667 0.705344
vt 0.511699 0.658213
vt 0.533837 0.698405
vt 0.513584 0.694209
vt 0.503011 0.675147
vt 0.534578 0.691153
vt 0.505455 0.692738
vt 0.498950 0.681580
vt 0.505612 0.691097
vt 0.497313 0.680647
vt 0.505455 0.689455
vt 0.500794 0.707594
vt 0.498944 0.700622
vt 0.504992 0.687859
vt 0.500509 0.699614
vt 0.504236 0.686349
vt 0.501947 0.698493
vt 0.503213 0.684957
vt 0.504228 0.695844
vt 0.503203 0.697237
vt 0.504987 0.694334
vt 0.867137 0.657619
vt 0.875483 0.663196
vt 0.869907 0.671542
vt 0.479995 0.300377
vt 0.480000 0.289955
vt 0.479990 0.342061
vt 0.480020 0.258690
vt 0.480024 0.248268
vt 0.479989 0.331640
vt 0.480024 0.415002
vt 0.480020 0.404582
vt 0.479990 0.321219
vt 0.480012 0.394163
vt 0.479992 0.310798
vt 0.480005 0.383742
vt 0.480000 0.373322
vt 0.480005 0.279533
vt 0.479995 0.362902
vt 0.480012 0.269111
vt 0.479992 0.352482
vt 0.239662 0.838161
vt 0.222259 0.849790
vt 0.210631 0.832387
vt 0.703557 0.284652
vt 0.708102 0.289145
vt 0.714014 0.291554
vt 0.726264 0.289047
vt 0.730758 0.284520
vt 0.713862 0.259493
vt 0.707985 0.261962
vt 0.703496 0.266484
vt 0.701079 0.272380
vt 0.701095 0.278760
vt 0.720238 0.259454
vt 0.726150 0.261857
vt 0.730692 0.266349
vt 0.733155 0.272244
vt 0.720388 0.291521
vt 0.719895 0.289112
vt 0.714474 0.289137
vt 0.724889 0.287010
vt 0.730742 0.272733
vt 0.728652 0.267734
vt 0.724800 0.263918
vt 0.719781 0.261871
vt 0.714362 0.261899
vt 0.705606 0.283279
vt 0.703511 0.278280
vt 0.703492 0.272859
vt 0.705546 0.267842
vt 0.709366 0.263996
vt 0.709459 0.287090
vt 0.281920 0.904871
vt 0.276274 0.897531
vt 0.281920 0.897531
vt 0.698561 0.924356
vt 0.692915 0.931695
vt 0.692915 0.924356
vt 0.769739 0.718528
vt 0.764695 0.711189
vt 0.769739 0.711189
vt 0.943561 0.366369
vt 0.949206 0.373708
vt 0.943561 0.373708
vt 0.912924 0.633747
vt 0.918570 0.626408
vt 0.918569 0.633747
vt 0.939743 0.327388
vt 0.945389 0.320049
vt 0.945389 0.327388
vt 0.769739 0.738854
vt 0.764695 0.731514
vt 0.769739 0.731514
vt 0.905522 0.255589
vt 0.899876 0.248250
vt 0.905522 0.248250
vt 0.469305 0.693278
vt 0.464261 0.687632
vt 0.469305 0.687632
vt 0.469305 0.680292
vt 0.464261 0.680292
vt 0.464261 0.700618
vt 0.469305 0.700618
vt 0.910218 0.890402
vt 0.915863 0.883062
vt 0.915863 0.890402
vt 0.469305 0.713603
vt 0.464261 0.707957
vt 0.469305 0.707957
vt 0.464261 0.720943
vt 0.469305 0.720943
vt 0.906530 0.220775
vt 0.900884 0.213435
vt 0.906530 0.213435
vt 0.769739 0.725868
vt 0.764695 0.725868
vt 0.764695 0.718528
vt 0.933388 0.405273
vt 0.939034 0.397933
vt 0.939034 0.405273
vt 0.628128 0.904466
vt 0.622482 0.911806
vt 0.622482 0.904466
vt 0.764695 0.705543
vt 0.557513 0.918984
vt 0.551867 0.926324
vt 0.551867 0.918984
vt 0.764695 0.698203
vt 0.769739 0.705543
vt 0.740803 0.899568
vt 0.735157 0.906908
vt 0.735157 0.899568
vt 0.787028 0.731514
vt 0.792072 0.725868
vt 0.792072 0.731514
vt 0.787028 0.738854
vt 0.792072 0.738854
vt 0.862981 0.942031
vt 0.857335 0.949370
vt 0.857335 0.942031
vt 0.787028 0.718528
vt 0.787028 0.725868
vt 0.787028 0.705543
vt 0.792072 0.711189
vt 0.787028 0.711189
vt 0.787028 0.698203
vt 0.792072 0.705543
vt 0.551867 0.901695
vt 0.557513 0.894355
vt 0.557513 0.901695
vt 0.792072 0.718528
vt 0.769740 0.639393
vt 0.764696 0.633747
vt 0.769740 0.633747
vt 0.769740 0.626408
vt 0.764696 0.626408
vt 0.910218 0.907691
vt 0.915863 0.915030
vt 0.910218 0.915030
vt 0.764696 0.646733
vt 0.769740 0.646733
vt 0.769740 0.659718
vt 0.764696 0.654072
vt 0.769740 0.654072
vt 0.938798 0.912598
vt 0.933152 0.905258
vt 0.938798 0.905258
vt 0.764696 0.667058
vt 0.769740 0.667058
vt 0.368173 0.969863
vt 0.365814 0.965815
vt 0.368173 0.965815
vt 0.912577 0.979883
vt 0.910218 0.983931
vt 0.910218 0.979883
vt 0.976367 0.012692
vt 0.978726 0.008645
vt 0.978726 0.012692
vt 0.812449 0.514611
vt 0.810520 0.519458
vt 0.810520 0.513812
vt 0.964607 0.343782
vt 0.962678 0.348629
vt 0.962678 0.342983
vt 0.463669 0.897156
vt 0.461740 0.892309
vt 0.463669 0.893108
vt 0.410517 0.965867
vt 0.408588 0.970714
vt 0.408588 0.965068
vt 0.008645 0.963530
vt 0.010573 0.968377
vt 0.008645 0.967578
vt 0.961040 0.123232
vt 0.962969 0.128079
vt 0.961040 0.127280
vt 0.953145 0.464995
vt 0.955074 0.460148
vt 0.955074 0.465794
vt 0.258879 0.821558
vt 0.256951 0.826405
vt 0.256951 0.820759
vt 0.895491 0.517989
vt 0.892628 0.511079
vt 0.895491 0.513941
vt 0.768715 0.608144
vt 0.764667 0.598372
vt 0.768715 0.598372
vt 0.897409 0.540432
vt 0.900272 0.547343
vt 0.897409 0.550205
vt 0.974306 0.589976
vt 0.976666 0.585928
vt 0.976666 0.589976
vt 0.551867 0.968242
vt 0.554227 0.972289
vt 0.551867 0.972289
vt 0.298282 0.975465
vt 0.295922 0.971417
vt 0.298282 0.971417
vt 0.080840 0.969927
vt 0.083199 0.973975
vt 0.080840 0.973975
vt 0.980930 0.702251
vt 0.983290 0.698203
vt 0.983290 0.702251
vt 0.671171 0.847159
vt 0.672443 0.844966
vt 0.672513 0.846031
vt 0.668456 0.853044
vt 0.671401 0.851979
vt 0.670853 0.852959
vt 0.664737 0.852105
vt 0.663741 0.857373
vt 0.662720 0.853363
vt 0.088148 0.870002
vt 0.091678 0.869886
vt 0.089516 0.871665
vt 0.083796 0.871319
vt 0.083335 0.866529
vt 0.085859 0.869501
vt 0.083877 0.873593
vt 0.083076 0.877035
vt 0.081711 0.875369
vt 0.663652 0.848788
vt 0.661563 0.850009
vt 0.662485 0.848716
vt 0.088799 0.867027
vt 0.662662 0.843883
vt 0.661763 0.841848
vt 0.663069 0.842651
vt 0.665977 0.842296
vt 0.663843 0.839325
vt 0.662693 0.845593
vt 0.664007 0.845606
vt 0.662591 0.847571
vt 0.662024 0.846521
vt 0.662684 0.846672
vt 0.662622 0.851203
vt 0.662422 0.850138
vt 0.089603 0.873940
vt 0.092473 0.871553
vt 0.092560 0.873827
vt 0.666530 0.857748
vt 0.664941 0.856273
vt 0.669917 0.855183
vt 0.087535 0.875772
vt 0.092226 0.876734
vt 0.090077 0.878752
vt 0.671750 0.853714
vt 0.084577 0.878240
vt 0.085243 0.875260
vt 0.671794 0.850526
vt 0.670595 0.850252
vt 0.672147 0.848455
vt 0.672647 0.849587
vt 0.671993 0.849350
vt 0.672284 0.847342
vt 0.673584 0.844787
vt 0.673329 0.846285
vt 0.080840 0.871424
vt 0.672944 0.842669
vt 0.670300 0.843735
vt 0.670713 0.838963
vt 0.668428 0.833918
vt 0.672682 0.837349
vt 0.668610 0.837652
vt 0.087711 0.870734
vt 0.086275 0.871231
vt 0.086074 0.870482
vt 0.088688 0.873589
vt 0.088059 0.872189
vt 0.088729 0.871957
vt 0.084665 0.873305
vt 0.086030 0.873904
vt 0.085682 0.874529
vt 0.087324 0.874783
vt 0.084703 0.871665
vt 0.085336 0.873072
vt 0.085397 0.871981
vt 0.087364 0.871357
vt 0.087121 0.874031
vt 0.087996 0.873277
vt 0.697830 0.351217
vt 0.696345 0.361310
vt 0.692588 0.352267
vt 0.720608 0.364420
vt 0.713376 0.366615
vt 0.713790 0.364459
vt 0.733177 0.350419
vt 0.728702 0.354962
vt 0.730761 0.349953
vt 0.700790 0.358315
vt 0.703316 0.368190
vt 0.728116 0.363598
vt 0.726890 0.361782
vt 0.734268 0.343812
vt 0.736438 0.351058
vt 0.734284 0.350635
vt 0.712368 0.371857
vt 0.737959 0.361104
vt 0.731095 0.368016
vt 0.731633 0.337511
vt 0.736423 0.343377
vt 0.722116 0.371790
vt 0.741676 0.352090
vt 0.727983 0.330874
vt 0.726774 0.332711
vt 0.741668 0.342321
vt 0.720452 0.330144
vt 0.737903 0.333276
vt 0.713197 0.328039
vt 0.713637 0.330186
vt 0.692585 0.342505
vt 0.689884 0.352804
vt 0.689889 0.341971
vt 0.699985 0.350783
vt 0.702616 0.357084
vt 0.694015 0.331982
vt 0.697817 0.343539
vt 0.699969 0.343963
vt 0.701622 0.324323
vt 0.696299 0.333500
vt 0.702564 0.337661
vt 0.712124 0.322822
vt 0.711571 0.320135
vt 0.700737 0.336448
vt 0.707359 0.332823
vt 0.721866 0.322749
vt 0.722380 0.320049
vt 0.732432 0.324097
vt 0.740203 0.331723
vt 0.744374 0.341781
vt 0.744374 0.352624
vt 0.732630 0.370292
vt 0.722669 0.374480
vt 0.740246 0.362624
vt 0.711852 0.374558
vt 0.701802 0.370495
vt 0.694043 0.362860
vt 0.731690 0.356942
vt 0.707470 0.361887
vt 0.706259 0.363723
vt 0.706134 0.331008
vt 0.703156 0.326596
vt 0.720865 0.327989
vt 0.730921 0.326404
vt 0.733460 0.336279
vt 0.425145 0.019079
vt 0.416486 0.029493
vt 0.416495 0.019069
vt 0.425117 0.112879
vt 0.416471 0.123304
vt 0.416467 0.112881
vt 0.425129 0.039923
vt 0.425136 0.029500
vt 0.425125 0.133722
vt 0.425120 0.123300
vt 0.425124 0.050345
vt 0.416479 0.039917
vt 0.425131 0.144143
vt 0.416476 0.133726
vt 0.425116 0.071191
vt 0.416469 0.060765
vt 0.425119 0.060768
vt 0.425138 0.154563
vt 0.416482 0.144148
vt 0.425114 0.081613
vt 0.416466 0.071189
vt 0.425147 0.164982
vt 0.416489 0.154571
vt 0.425114 0.092035
vt 0.416464 0.081612
vt 0.425157 0.175394
vt 0.416499 0.164993
vt 0.416465 0.102458
vt 0.416464 0.092035
vt 0.425155 0.008666
vt 0.416511 0.008645
vt 0.425115 0.102457
vt 0.771412 0.448348
vt 0.778988 0.442940
vt 0.780175 0.444716
vt 0.757313 0.438508
vt 0.750784 0.435122
vt 0.752666 0.433866
vt 0.752653 0.415158
vt 0.747925 0.420786
vt 0.750773 0.413899
vt 0.761927 0.448349
vt 0.770995 0.446254
vt 0.742822 0.429256
vt 0.748230 0.436830
vt 0.746455 0.438016
vt 0.757296 0.410509
vt 0.756041 0.408626
vt 0.753164 0.444720
vt 0.762344 0.446254
vt 0.744911 0.420189
vt 0.744916 0.428839
vt 0.763365 0.407992
vt 0.762926 0.405772
vt 0.754350 0.442945
vt 0.746439 0.411007
vt 0.742817 0.419773
vt 0.770379 0.405771
vt 0.769935 0.407989
vt 0.754332 0.406070
vt 0.748216 0.412193
vt 0.777263 0.408619
vt 0.776006 0.410501
vt 0.761910 0.400663
vt 0.753145 0.404294
vt 0.780652 0.415145
vt 0.782533 0.413888
vt 0.789195 0.439547
vt 0.790501 0.429237
vt 0.793231 0.429777
vt 0.793224 0.419209
vt 0.790496 0.419753
vt 0.789175 0.409447
vt 0.786862 0.410993
vt 0.780155 0.404290
vt 0.781700 0.401977
vt 0.771394 0.400663
vt 0.771937 0.397934
vt 0.761367 0.397933
vt 0.751597 0.401979
vt 0.744124 0.409462
vt 0.740087 0.419232
vt 0.751619 0.447035
vt 0.740093 0.429801
vt 0.761385 0.451078
vt 0.744142 0.439564
vt 0.771954 0.451078
vt 0.781723 0.447031
vt 0.786879 0.438002
vt 0.762326 0.402758
vt 0.782546 0.435111
vt 0.785102 0.436817
vt 0.785393 0.428224
vt 0.788407 0.428822
vt 0.785389 0.420772
vt 0.788402 0.420171
vt 0.747929 0.428238
vt 0.785087 0.412180
vt 0.756057 0.440389
vt 0.778969 0.406065
vt 0.762943 0.443240
vt 0.770977 0.402757
vt 0.770395 0.443240
vt 0.777278 0.440385
vt 0.750148 0.427799
vt 0.750144 0.421229
vt 0.763382 0.441021
vt 0.776022 0.438502
vt 0.769953 0.441020
vt 0.783174 0.427781
vt 0.780665 0.433853
vt 0.783170 0.421212
vt 0.721047 0.366568
vt 0.416473 0.050341
vt 0.632333 0.397933
vt 0.636659 0.416305
vt 0.634427 0.415756
vt 0.641280 0.418911
vt 0.634170 0.423716
vt 0.638999 0.417358
vt 0.668216 0.432100
vt 0.647217 0.429108
vt 0.667452 0.424851
vt 0.632474 0.466663
vt 0.636702 0.448207
vt 0.638991 0.466589
vt 0.646389 0.426121
vt 0.665260 0.417920
vt 0.645466 0.465104
vt 0.639045 0.447140
vt 0.645067 0.423364
vt 0.661733 0.411605
vt 0.651630 0.462271
vt 0.641325 0.445571
vt 0.657026 0.406182
vt 0.643328 0.420934
vt 0.657232 0.458180
vt 0.645119 0.441086
vt 0.661897 0.452715
vt 0.643393 0.443534
vt 0.651457 0.402195
vt 0.646428 0.438317
vt 0.665393 0.446333
vt 0.645293 0.399408
vt 0.647242 0.435323
vt 0.667531 0.439360
vt 0.638829 0.397967
vt 0.647504 0.432213
vt 0.639103 0.433876
vt 0.632607 0.422715
vt 0.639254 0.432232
vt 0.630976 0.421784
vt 0.639093 0.430588
vt 0.634464 0.448770
vt 0.632610 0.441784
vt 0.638627 0.428990
vt 0.634178 0.440774
vt 0.637871 0.427479
vt 0.635615 0.439649
vt 0.636851 0.426087
vt 0.637887 0.436991
vt 0.636866 0.438387
vt 0.635603 0.424832
vt 0.638640 0.435476
vt 0.451668 0.872002
vt 0.441823 0.873960
vt 0.439865 0.864115
vt 0.434088 0.060771
vt 0.434093 0.050350
vt 0.434085 0.112876
vt 0.434083 0.102456
vt 0.434113 0.019084
vt 0.434117 0.008663
vt 0.434082 0.092035
vt 0.434113 0.164977
vt 0.434083 0.081614
vt 0.434105 0.154557
vt 0.434085 0.071193
vt 0.434099 0.144137
vt 0.434093 0.133717
vt 0.434099 0.039928
vt 0.434088 0.123297
vt 0.434105 0.029506
vt 0.822643 0.814082
vt 0.840046 0.825710
vt 0.828418 0.843113
vt 0.708094 0.360944
vt 0.703555 0.356451
vt 0.714004 0.363351
vt 0.726259 0.360849
vt 0.730750 0.356320
vt 0.707988 0.333756
vt 0.713862 0.331290
vt 0.703504 0.338286
vt 0.701075 0.344182
vt 0.701094 0.350559
vt 0.720239 0.331252
vt 0.726150 0.333654
vt 0.730692 0.338144
vt 0.733159 0.344036
vt 0.720380 0.363317
vt 0.733518 0.358155
vt 0.719896 0.360907
vt 0.714479 0.360937
vt 0.724891 0.358808
vt 0.730746 0.344533
vt 0.728653 0.339531
vt 0.724801 0.335716
vt 0.719782 0.333669
vt 0.714362 0.333697
vt 0.705605 0.355079
vt 0.703509 0.350078
vt 0.703489 0.344656
vt 0.705552 0.339644
vt 0.709364 0.335793
vt 0.709459 0.358893
vt 0.932887 0.290600
vt 0.938533 0.297939
vt 0.932887 0.297939
vt 0.916099 0.397933
vt 0.910453 0.405273
vt 0.910453 0.397933
vt 0.252441 0.572530
vt 0.257485 0.579870
vt 0.252441 0.579870
vt 0.915170 0.122433
vt 0.920816 0.129773
vt 0.915170 0.129773
vt 0.793276 0.940871
vt 0.787630 0.948210
vt 0.787630 0.940871
vt 0.933152 0.863340
vt 0.938798 0.856001
vt 0.938798 0.863340
vt 0.252441 0.552205
vt 0.257485 0.559544
vt 0.252441 0.559544
vt 0.938597 0.094794
vt 0.932951 0.102133
vt 0.932951 0.094794
vt 0.162537 0.798619
vt 0.167581 0.804265
vt 0.162537 0.804265
vt 0.162537 0.811604
vt 0.167581 0.811604
vt 0.167581 0.791279
vt 0.162537 0.791279
vt 0.145850 0.932164
vt 0.140204 0.924825
vt 0.145850 0.924825
vt 0.162537 0.778294
vt 0.167581 0.783940
vt 0.162537 0.783940
vt 0.167581 0.770954
vt 0.162537 0.770954
vt 0.832764 0.917686
vt 0.827118 0.925026
vt 0.827118 0.917686
vt 0.257485 0.565190
vt 0.257485 0.572530
vt 0.935859 0.633747
vt 0.941504 0.626408
vt 0.941504 0.633747
vt 0.481435 0.923833
vt 0.487081 0.916493
vt 0.487081 0.923833
vt 0.252441 0.585515
vt 0.351811 0.916557
vt 0.346165 0.923897
vt 0.346165 0.916557
vt 0.257485 0.592855
vt 0.257485 0.585515
vt 0.369100 0.923897
vt 0.374746 0.916557
vt 0.374746 0.923897
vt 0.810520 0.483538
vt 0.815564 0.489183
vt 0.810520 0.489183
vt 0.810520 0.496523
vt 0.815564 0.496523
vt 0.914864 0.593268
vt 0.909219 0.585928
vt 0.914864 0.585928
vt 0.815564 0.476198
vt 0.810520 0.476198
vt 0.810520 0.463212
vt 0.815564 0.468858
vt 0.810520 0.468858
vt 0.815564 0.455873
vt 0.810520 0.455873
vt 0.323364 0.915194
vt 0.317719 0.922534
vt 0.317719 0.915194
vt 0.238007 0.775805
vt 0.232964 0.770159
vt 0.238007 0.770159
vt 0.238007 0.762819
vt 0.232964 0.762819
vt 0.933028 0.035706
vt 0.938674 0.043046
vt 0.933028 0.043046
vt 0.232964 0.783144
vt 0.238007 0.783144
vt 0.238007 0.796130
vt 0.232964 0.790484
vt 0.238007 0.790484
vt 0.036623 0.932284
vt 0.030977 0.924945
vt 0.036623 0.924945
vt 0.238007 0.803469
vt 0.232964 0.796130
vt 0.140204 0.972388
vt 0.142564 0.976436
vt 0.140204 0.976436
vt 0.983997 0.066510
vt 0.981638 0.070558
vt 0.981638 0.066510
vt 0.977867 0.488065
vt 0.980227 0.484017
vt 0.980227 0.488065
vt 0.525386 0.960191
vt 0.523457 0.965038
vt 0.523457 0.959392
vt 0.963641 0.721937
vt 0.961712 0.726784
vt 0.961712 0.721138
vt 0.958016 0.856800
vt 0.956087 0.861646
vt 0.956087 0.856001
vt 0.958793 0.655883
vt 0.960722 0.651036
vt 0.960722 0.656682
vt 0.958793 0.674770
vt 0.960722 0.679617
vt 0.958793 0.678818
vt 0.956087 0.902669
vt 0.958016 0.907516
vt 0.956087 0.906717
vt 0.764695 0.970347
vt 0.766624 0.965500
vt 0.766624 0.971146
vt 0.963296 0.172786
vt 0.965225 0.167939
vt 0.965225 0.173585
vt 0.895869 0.816944
vt 0.893007 0.823854
vt 0.893007 0.814082
vt 0.835743 0.680678
vt 0.831695 0.670906
vt 0.835743 0.670906
vt 0.898554 0.752326
vt 0.895691 0.759236
vt 0.895691 0.755188
vt 0.661563 0.976502
vt 0.663922 0.980550
vt 0.661563 0.980550
vt 0.978246 0.814082
vt 0.980605 0.818130
vt 0.978246 0.818130
vt 0.977665 0.860048
vt 0.975305 0.856000
vt 0.977665 0.856000
vt 0.100488 0.969927
vt 0.102848 0.973975
vt 0.100488 0.973975
vt 0.980227 0.511000
vt 0.977867 0.506952
vt 0.980227 0.506952
vt 0.835104 0.451967
vt 0.834191 0.449286
vt 0.836864 0.448807
vt 0.840943 0.449598
vt 0.843285 0.451520
vt 0.842145 0.452761
vt 0.841874 0.455736
vt 0.843691 0.454854
vt 0.843073 0.455728
vt 0.738127 0.874857
vt 0.737668 0.870067
vt 0.740190 0.873041
vt 0.738208 0.877142
vt 0.737420 0.880590
vt 0.736047 0.878927
vt 0.741869 0.879306
vt 0.746536 0.880277
vt 0.744391 0.882279
vt 0.842293 0.461427
vt 0.842787 0.458417
vt 0.844010 0.459076
vt 0.735157 0.874964
vt 0.833890 0.457191
vt 0.832884 0.456042
vt 0.833692 0.456184
vt 0.833758 0.454875
vt 0.833749 0.459358
vt 0.836034 0.458106
vt 0.834832 0.454943
vt 0.838162 0.463378
vt 0.834534 0.464073
vt 0.836141 0.462423
vt 0.840113 0.458896
vt 0.843129 0.457277
vt 0.742477 0.873542
vt 0.740842 0.870067
vt 0.743129 0.870569
vt 0.843078 0.454723
vt 0.843767 0.453811
vt 0.843219 0.452829
vt 0.843148 0.453882
vt 0.746013 0.873419
vt 0.743851 0.875205
vt 0.843087 0.450512
vt 0.844093 0.451661
vt 0.746902 0.877383
vt 0.743933 0.877489
vt 0.843228 0.448345
vt 0.838815 0.444325
vt 0.842443 0.443630
vt 0.840836 0.445281
vt 0.834685 0.446276
vt 0.833848 0.450427
vt 0.832967 0.448627
vt 0.738930 0.881778
vt 0.739582 0.878804
vt 0.833905 0.451976
vt 0.833899 0.452981
vt 0.833210 0.453893
vt 0.833286 0.452850
vt 0.833829 0.453821
vt 0.739035 0.875203
vt 0.739668 0.876616
vt 0.738997 0.876848
vt 0.742045 0.874274
vt 0.740603 0.874771
vt 0.740405 0.874021
vt 0.741654 0.878325
vt 0.742328 0.876830
vt 0.743024 0.877144
vt 0.740014 0.878073
vt 0.743062 0.875499
vt 0.741457 0.877576
vt 0.740362 0.877446
vt 0.739731 0.875516
vt 0.742391 0.875730
vt 0.741697 0.874901
vt 0.700863 0.657571
vt 0.699373 0.667665
vt 0.695619 0.658618
vt 0.724079 0.672927
vt 0.716822 0.670817
vt 0.723640 0.670779
vt 0.733788 0.662680
vt 0.733795 0.656315
vt 0.736212 0.656780
vt 0.709292 0.670078
vt 0.703821 0.664671
vt 0.731150 0.669956
vt 0.729924 0.668138
vt 0.737301 0.650174
vt 0.739472 0.657420
vt 0.737319 0.656997
vt 0.706347 0.674545
vt 0.716407 0.672971
vt 0.715400 0.678213
vt 0.740993 0.667464
vt 0.734129 0.674375
vt 0.734668 0.643872
vt 0.739457 0.649739
vt 0.725149 0.678150
vt 0.744710 0.658451
vt 0.729809 0.639071
vt 0.736494 0.642640
vt 0.744702 0.648684
vt 0.723901 0.634349
vt 0.723487 0.636503
vt 0.740938 0.639638
vt 0.716232 0.634400
vt 0.716672 0.636546
vt 0.695619 0.648857
vt 0.692915 0.659156
vt 0.692924 0.648322
vt 0.703018 0.657137
vt 0.705648 0.663440
vt 0.697051 0.638335
vt 0.703005 0.650315
vt 0.704660 0.630681
vt 0.699334 0.639854
vt 0.700852 0.649891
vt 0.705594 0.644013
vt 0.715162 0.629181
vt 0.714609 0.626494
vt 0.703769 0.642802
vt 0.710393 0.639184
vt 0.724904 0.629108
vt 0.725417 0.626408
vt 0.709169 0.637368
vt 0.735469 0.630458
vt 0.743238 0.638085
vt 0.747407 0.648144
vt 0.747407 0.658985
vt 0.725701 0.680839
vt 0.735663 0.676650
vt 0.743280 0.668984
vt 0.714883 0.680914
vt 0.704833 0.676850
vt 0.697071 0.669216
vt 0.734727 0.663302
vt 0.710503 0.668243
vt 0.706193 0.632954
vt 0.733957 0.632765
vt 0.460386 0.154563
vt 0.469025 0.164993
vt 0.460377 0.164982
vt 0.460408 0.071191
vt 0.469055 0.060765
vt 0.469058 0.071189
vt 0.469042 0.144148
vt 0.469035 0.154571
vt 0.460400 0.050345
vt 0.460405 0.060768
vt 0.460399 0.133722
vt 0.460393 0.144143
vt 0.469045 0.039917
vt 0.469051 0.050341
vt 0.460407 0.112879
vt 0.469053 0.123304
vt 0.460404 0.123300
vt 0.460387 0.029500
vt 0.460395 0.039923
vt 0.460409 0.102457
vt 0.469057 0.112881
vt 0.469028 0.019069
vt 0.469038 0.029493
vt 0.460410 0.092035
vt 0.469059 0.102458
vt 0.460369 0.008666
vt 0.460379 0.019079
vt 0.460410 0.081613
vt 0.469060 0.092035
vt 0.460367 0.175394
vt 0.469010 0.175415
vt 0.469060 0.081612
vt 0.521500 0.789422
vt 0.526434 0.781531
vt 0.528208 0.782718
vt 0.504715 0.785721
vt 0.497386 0.785087
vt 0.498644 0.783205
vt 0.491495 0.765915
vt 0.489272 0.772927
vt 0.489277 0.765473
vt 0.512737 0.793049
vt 0.520315 0.787646
vt 0.487786 0.782705
vt 0.495677 0.787642
vt 0.494489 0.789418
vt 0.492129 0.758589
vt 0.494010 0.759847
vt 0.503253 0.793048
vt 0.512322 0.790955
vt 0.484164 0.773939
vt 0.489563 0.781520
vt 0.498658 0.755203
vt 0.497399 0.753323
vt 0.503670 0.790954
vt 0.484169 0.764455
vt 0.486258 0.773524
vt 0.504728 0.752691
vt 0.504285 0.750472
vt 0.487801 0.755696
vt 0.486263 0.764873
vt 0.511739 0.750474
vt 0.511297 0.752694
vt 0.495693 0.750768
vt 0.489576 0.756882
vt 0.517366 0.755208
vt 0.518627 0.753328
vt 0.534571 0.774504
vt 0.531849 0.764476
vt 0.534578 0.763935
vt 0.528228 0.755710
vt 0.530543 0.754166
vt 0.523072 0.746680
vt 0.521524 0.748996
vt 0.512756 0.745364
vt 0.513299 0.742634
vt 0.503269 0.745364
vt 0.502727 0.742635
vt 0.494507 0.748993
vt 0.492962 0.746679
vt 0.485489 0.754150
vt 0.481440 0.763911
vt 0.481435 0.774480
vt 0.502711 0.795778
vt 0.485471 0.784249
vt 0.513280 0.795778
vt 0.492941 0.791732
vt 0.523045 0.791736
vt 0.530520 0.784265
vt 0.531842 0.773959
vt 0.526737 0.772940
vt 0.529749 0.773542
vt 0.529754 0.764891
vt 0.526740 0.765488
vt 0.526451 0.756895
vt 0.523894 0.758600
vt 0.492120 0.779814
vt 0.520336 0.750772
vt 0.504270 0.787940
vt 0.512339 0.747459
vt 0.511723 0.787941
vt 0.503686 0.747458
vt 0.518608 0.785091
vt 0.523880 0.779822
vt 0.494001 0.778556
vt 0.491491 0.772484
vt 0.511285 0.785721
vt 0.517354 0.783208
vt 0.522000 0.778565
vt 0.524521 0.765928
vt 0.524518 0.772498
vt 0.522011 0.759856
vt 0.469048 0.133726
vt 0.671249 0.077359
vt 0.666966 0.059002
vt 0.669194 0.059557
vt 0.662373 0.056379
vt 0.669490 0.051602
vt 0.664631 0.057942
vt 0.636165 0.050469
vt 0.656136 0.043068
vt 0.656425 0.046178
vt 0.670887 0.008645
vt 0.666897 0.027016
vt 0.664509 0.008682
vt 0.657257 0.049169
vt 0.638370 0.057406
vt 0.658127 0.010116
vt 0.664574 0.028101
vt 0.658583 0.051928
vt 0.641910 0.063725
vt 0.651955 0.012964
vt 0.662299 0.029675
vt 0.646631 0.069148
vt 0.660324 0.054357
vt 0.646351 0.017071
vt 0.658512 0.034174
vt 0.641688 0.022552
vt 0.660234 0.031718
vt 0.652214 0.073132
vt 0.657205 0.036950
vt 0.638197 0.028950
vt 0.658308 0.075860
vt 0.656394 0.039952
vt 0.636066 0.035938
vt 0.664761 0.077313
vt 0.635390 0.043210
vt 0.664566 0.041390
vt 0.671047 0.052611
vt 0.664413 0.043042
vt 0.672671 0.053548
vt 0.664573 0.044694
vt 0.669121 0.026431
vt 0.671044 0.033411
vt 0.665039 0.046299
vt 0.669482 0.034437
vt 0.665797 0.047816
vt 0.668048 0.035576
vt 0.666817 0.049214
vt 0.665781 0.038258
vt 0.666799 0.036849
vt 0.668062 0.050476
vt 0.665027 0.039782
vt 0.357070 0.861777
vt 0.359028 0.871621
vt 0.349183 0.873580
vt 0.451436 0.123297
vt 0.451431 0.133717
vt 0.451439 0.071193
vt 0.451441 0.081614
vt 0.451406 0.175397
vt 0.451441 0.092035
vt 0.451406 0.008663
vt 0.451411 0.019084
vt 0.451441 0.102456
vt 0.451418 0.029506
vt 0.451439 0.112876
vt 0.451425 0.039928
vt 0.451431 0.050350
vt 0.451425 0.144137
vt 0.451436 0.060771
vt 0.451418 0.154557
vt 0.451411 0.164977
vt 0.821307 0.331677
vt 0.838709 0.320049
vt 0.850338 0.337451
vt 0.711126 0.667300
vt 0.706589 0.662807
vt 0.717035 0.669709
vt 0.729292 0.667204
vt 0.716900 0.637650
vt 0.711023 0.640117
vt 0.706532 0.644636
vt 0.704112 0.650533
vt 0.704127 0.656915
vt 0.723276 0.637612
vt 0.729188 0.640016
vt 0.733729 0.644508
vt 0.736193 0.650398
vt 0.723412 0.669675
vt 0.717510 0.667295
vt 0.722927 0.667265
vt 0.727919 0.665168
vt 0.733780 0.650895
vt 0.731689 0.645894
vt 0.727838 0.642077
vt 0.722819 0.640029
vt 0.717400 0.640056
vt 0.708638 0.661436
vt 0.706543 0.656435
vt 0.706525 0.651014
vt 0.708581 0.645996
vt 0.712403 0.642151
vt 0.731736 0.661327
vt 0.712491 0.665249
vt 0.103775 0.952638
vt 0.109421 0.945298
vt 0.109421 0.952638
vt 0.438805 0.916938
vt 0.444451 0.924277
vt 0.438805 0.924277
vt 0.814405 0.776468
vt 0.809361 0.783807
vt 0.809361 0.776468
vt 0.928457 0.248250
vt 0.922811 0.255589
vt 0.922811 0.248250
vt 0.827118 0.942315
vt 0.832764 0.949655
vt 0.827118 0.949655
vt 0.059558 0.932284
vt 0.053912 0.924945
vt 0.059558 0.924945
vt 0.809361 0.756142
vt 0.814405 0.763482
vt 0.809361 0.763482
vt 0.667209 0.936278
vt 0.661563 0.928938
vt 0.667209 0.928938
vt 0.189914 0.783940
vt 0.184870 0.778294
vt 0.189914 0.778294
vt 0.189914 0.770954
vt 0.184870 0.770954
vt 0.184870 0.791279
vt 0.189914 0.791279
vt 0.182137 0.948380
vt 0.187783 0.941040
vt 0.187783 0.948380
vt 0.189914 0.804265
vt 0.184870 0.798619
vt 0.189914 0.798619
vt 0.189914 0.811604
vt 0.184870 0.804265
vt 0.916925 0.008645
vt 0.911279 0.015984
vt 0.911279 0.008645
vt 0.814405 0.769128
vt 0.557513 0.950952
vt 0.551867 0.943613
vt 0.557513 0.943613
vt 0.951392 0.255589
vt 0.945746 0.248250
vt 0.951392 0.248250
vt 0.814405 0.789453
vt 0.814405 0.783807
vt 0.946754 0.213435
vt 0.952399 0.220775
vt 0.946754 0.220775
vt 0.814405 0.796793
vt 0.809361 0.789453
vt 0.921489 0.705543
vt 0.915843 0.698203
vt 0.921489 0.698203
vt 0.353093 0.767781
vt 0.348049 0.762135
vt 0.353093 0.762135
vt 0.353093 0.754795
vt 0.348049 0.754795
vt 0.946007 0.167939
vt 0.940362 0.175279
vt 0.940362 0.167939
vt 0.348049 0.775120
vt 0.353093 0.775120
vt 0.353093 0.788106
vt 0.348049 0.782460
vt 0.353093 0.782460
vt 0.348049 0.795445
vt 0.353093 0.795445
vt 0.593185 0.922961
vt 0.587539 0.915621
vt 0.593185 0.915621
vt 0.215675 0.775805
vt 0.210631 0.770159
vt 0.215674 0.770159
vt 0.210631 0.762819
vt 0.487081 0.941122
vt 0.481435 0.948462
vt 0.481435 0.941122
vt 0.210631 0.783144
vt 0.215675 0.783144
vt 0.215675 0.796130
vt 0.210631 0.790484
vt 0.215675 0.790484
vt 0.946141 0.547772
vt 0.940496 0.540432
vt 0.946141 0.540432
vt 0.210631 0.803469
vt 0.215674 0.803469
vt 0.978095 0.974723
vt 0.975736 0.970675
vt 0.978095 0.970675
vt 0.984255 0.341385
vt 0.981896 0.345433
vt 0.981896 0.341385
vt 0.975305 0.882983
vt 0.977665 0.878935
vt 0.977665 0.882983
vt 0.935081 0.955315
vt 0.933152 0.960162
vt 0.933152 0.954516
vt 0.970609 0.249049
vt 0.968681 0.253896
vt 0.968681 0.248250
vt 0.958016 0.929652
vt 0.956087 0.924805
vt 0.958016 0.925604
vt 0.960956 0.818929
vt 0.959027 0.814082
vt 0.960956 0.814881
vt 0.957892 0.040553
vt 0.955963 0.035706
vt 0.957892 0.036505
vt 0.008645 0.921708
vt 0.010573 0.916861
vt 0.010573 0.922507
vt 0.966495 0.367167
vt 0.968424 0.372014
vt 0.966495 0.371215
vt 0.963641 0.703050
vt 0.961712 0.698203
vt 0.963641 0.699002
vt 0.892804 0.038568
vt 0.889942 0.045478
vt 0.889942 0.035706
vt 0.008645 0.866865
vt 0.012692 0.876637
vt 0.008645 0.876637
vt 0.896657 0.329821
vt 0.899519 0.322911
vt 0.899519 0.326959
vt 0.982175 0.145368
vt 0.984534 0.149416
vt 0.982175 0.149416
vt 0.981896 0.324096
vt 0.984255 0.320049
vt 0.984255 0.324096
vt 0.977901 0.435519
vt 0.975541 0.439567
vt 0.975541 0.435519
vt 0.975305 0.900272
vt 0.977665 0.904320
vt 0.975305 0.904320
vt 0.278633 0.971417
vt 0.276274 0.975465
vt 0.276274 0.971417
vt 0.742969 0.846920
vt 0.745771 0.845422
vt 0.745362 0.846494
vt 0.737616 0.843228
vt 0.736911 0.845785
vt 0.736563 0.844745
vt 0.737691 0.840032
vt 0.735788 0.841095
vt 0.736399 0.840121
vt 0.279244 0.872830
vt 0.278755 0.868027
vt 0.281303 0.870994
vt 0.280706 0.876773
vt 0.277172 0.876906
vt 0.279328 0.875115
vt 0.285057 0.875440
vt 0.285531 0.880238
vt 0.282994 0.877267
vt 0.739382 0.836548
vt 0.735157 0.836553
vt 0.736902 0.833878
vt 0.276274 0.872939
vt 0.746039 0.838229
vt 0.747114 0.839450
vt 0.746249 0.839300
vt 0.746189 0.840690
vt 0.746197 0.835882
vt 0.743737 0.837269
vt 0.745028 0.840621
vt 0.741338 0.831590
vt 0.745260 0.830750
vt 0.743547 0.832581
vt 0.736229 0.838454
vt 0.736524 0.837203
vt 0.284254 0.868542
vt 0.283585 0.871509
vt 0.736440 0.842104
vt 0.736459 0.841197
vt 0.736424 0.843289
vt 0.287107 0.871379
vt 0.284957 0.873163
vt 0.735679 0.844731
vt 0.287916 0.873033
vt 0.288016 0.875310
vt 0.737295 0.847917
vt 0.739155 0.846408
vt 0.741611 0.851841
vt 0.738786 0.851794
vt 0.739851 0.850552
vt 0.742160 0.852778
vt 0.746708 0.845452
vt 0.746370 0.847133
vt 0.744702 0.848876
vt 0.282352 0.880242
vt 0.280063 0.879748
vt 0.745941 0.843916
vt 0.744715 0.843786
vt 0.746038 0.842756
vt 0.746803 0.841772
vt 0.746708 0.842936
vt 0.746122 0.841844
vt 0.280152 0.873179
vt 0.280786 0.874587
vt 0.280116 0.874820
vt 0.283151 0.872239
vt 0.281714 0.872740
vt 0.281514 0.871991
vt 0.282775 0.876286
vt 0.283441 0.874789
vt 0.284137 0.875098
vt 0.284171 0.873461
vt 0.281136 0.876040
vt 0.282575 0.875538
vt 0.281481 0.875413
vt 0.283502 0.873693
vt 0.282805 0.872866
vt 0.280847 0.873488
vt 0.697908 0.039817
vt 0.696423 0.049914
vt 0.692665 0.040869
vt 0.720690 0.053013
vt 0.713460 0.055210
vt 0.713874 0.053055
vt 0.733252 0.039014
vt 0.728787 0.043557
vt 0.730839 0.038542
vt 0.700867 0.046914
vt 0.703401 0.056790
vt 0.728198 0.052190
vt 0.726973 0.050372
vt 0.736500 0.031972
vt 0.734361 0.039230
vt 0.734344 0.032406
vt 0.706341 0.052321
vt 0.712455 0.060452
vt 0.731179 0.056606
vt 0.733600 0.046749
vt 0.738041 0.049697
vt 0.733538 0.024873
vt 0.731711 0.026105
vt 0.721130 0.055160
vt 0.722202 0.060381
vt 0.741751 0.040683
vt 0.726855 0.021305
vt 0.736515 0.039653
vt 0.741744 0.030916
vt 0.720533 0.018740
vt 0.728064 0.019469
vt 0.737981 0.021872
vt 0.713719 0.018778
vt 0.720947 0.016585
vt 0.689968 0.030569
vt 0.689960 0.041407
vt 0.702694 0.045682
vt 0.700063 0.039383
vt 0.694093 0.020575
vt 0.692664 0.031104
vt 0.697900 0.032137
vt 0.700054 0.032561
vt 0.703237 0.015188
vt 0.701704 0.012914
vt 0.702644 0.026253
vt 0.712207 0.011414
vt 0.711655 0.008727
vt 0.700817 0.025041
vt 0.707442 0.021417
vt 0.721949 0.011344
vt 0.722463 0.008645
vt 0.713279 0.016632
vt 0.731002 0.015000
vt 0.732513 0.012694
vt 0.740282 0.020319
vt 0.744449 0.030376
vt 0.744449 0.041216
vt 0.732713 0.058881
vt 0.722755 0.063070
vt 0.740327 0.051216
vt 0.711941 0.063153
vt 0.701888 0.059097
vt 0.694122 0.051465
vt 0.731774 0.045538
vt 0.707552 0.050484
vt 0.696378 0.022094
vt 0.706216 0.019601
vt 0.436399 0.404588
vt 0.445056 0.394176
vt 0.445047 0.404598
vt 0.436430 0.310796
vt 0.445077 0.300370
vt 0.445080 0.310794
vt 0.436415 0.383748
vt 0.436408 0.394169
vt 0.436422 0.289951
vt 0.436426 0.300373
vt 0.436421 0.373327
vt 0.445064 0.383754
vt 0.436416 0.279528
vt 0.445073 0.289946
vt 0.436425 0.362906
vt 0.445078 0.352486
vt 0.445075 0.362909
vt 0.436409 0.269105
vt 0.445067 0.279522
vt 0.436431 0.342062
vt 0.436429 0.352484
vt 0.436401 0.258684
vt 0.445060 0.269098
vt 0.445082 0.331641
vt 0.445081 0.342064
vt 0.436391 0.248271
vt 0.445050 0.258674
vt 0.436431 0.321218
vt 0.436432 0.331640
vt 0.436389 0.414999
vt 0.445031 0.415020
vt 0.445081 0.321217
vt 0.171505 0.750934
vt 0.179087 0.745533
vt 0.180273 0.747310
vt 0.157414 0.741084
vt 0.150888 0.737694
vt 0.152770 0.736438
vt 0.152775 0.717728
vt 0.148039 0.723357
vt 0.150892 0.716473
vt 0.162020 0.750928
vt 0.171089 0.748839
vt 0.142933 0.731824
vt 0.148334 0.739400
vt 0.146559 0.740585
vt 0.157422 0.713084
vt 0.156163 0.711203
vt 0.154448 0.745518
vt 0.162438 0.748834
vt 0.145027 0.722758
vt 0.145027 0.731407
vt 0.163050 0.708354
vt 0.163494 0.710573
vt 0.153260 0.747293
vt 0.142933 0.722342
vt 0.148336 0.714766
vt 0.170063 0.710576
vt 0.170503 0.708357
vt 0.153269 0.706870
vt 0.146560 0.713579
vt 0.176131 0.713093
vt 0.177386 0.711211
vt 0.162452 0.705339
vt 0.154455 0.708647
vt 0.182654 0.716482
vt 0.180775 0.717740
vt 0.189297 0.742148
vt 0.190612 0.731837
vt 0.193342 0.732381
vt 0.193342 0.721811
vt 0.190612 0.722354
vt 0.186986 0.713590
vt 0.189300 0.712045
vt 0.180281 0.706882
vt 0.181829 0.704570
vt 0.171521 0.703249
vt 0.172066 0.700521
vt 0.162036 0.703244
vt 0.161495 0.700514
vt 0.151721 0.704554
vt 0.144246 0.712034
vt 0.140204 0.721799
vt 0.151713 0.749605
vt 0.140204 0.732366
vt 0.161474 0.753656
vt 0.144245 0.742129
vt 0.172045 0.753665
vt 0.181819 0.749627
vt 0.186982 0.740601
vt 0.182651 0.737706
vt 0.185206 0.739414
vt 0.185505 0.730821
vt 0.188518 0.731421
vt 0.188518 0.722770
vt 0.185504 0.723369
vt 0.148041 0.730808
vt 0.185210 0.714776
vt 0.156156 0.742964
vt 0.179094 0.708657
vt 0.163039 0.745821
vt 0.171103 0.705343
vt 0.170492 0.745824
vt 0.177380 0.742977
vt 0.150259 0.730368
vt 0.150259 0.723798
vt 0.163482 0.743602
vt 0.176123 0.741094
vt 0.170051 0.743604
vt 0.183286 0.730380
vt 0.180769 0.736448
vt 0.183286 0.723810
vt 0.445070 0.373331
vt 0.628884 0.122433
vt 0.633092 0.140788
vt 0.630865 0.140225
vt 0.637690 0.143417
vt 0.630552 0.148193
vt 0.635413 0.141859
vt 0.664635 0.156661
vt 0.643616 0.153636
vt 0.663880 0.149402
vt 0.635484 0.191097
vt 0.630891 0.173346
vt 0.633123 0.172773
vt 0.642791 0.150644
vt 0.661695 0.142460
vt 0.641862 0.189674
vt 0.635447 0.171692
vt 0.641471 0.147881
vt 0.658174 0.136133
vt 0.648033 0.186839
vt 0.637724 0.170123
vt 0.639735 0.145445
vt 0.653470 0.130697
vt 0.658310 0.177275
vt 0.639791 0.168084
vt 0.641518 0.165632
vt 0.653640 0.182744
vt 0.647900 0.126697
vt 0.642828 0.162859
vt 0.661811 0.170888
vt 0.641733 0.123896
vt 0.643636 0.159858
vt 0.663939 0.163927
vt 0.635366 0.122506
vt 0.643900 0.156745
vt 0.635476 0.158414
vt 0.628993 0.147179
vt 0.635628 0.156762
vt 0.627368 0.146235
vt 0.635467 0.155112
vt 0.628996 0.166370
vt 0.635002 0.153506
vt 0.630559 0.165349
vt 0.634246 0.151987
vt 0.631993 0.164215
vt 0.633227 0.150586
vt 0.634261 0.161541
vt 0.633242 0.162945
vt 0.631982 0.149321
vt 0.635015 0.160020
vt 0.809829 0.868748
vt 0.801483 0.874324
vt 0.795906 0.865978
vt 0.427453 0.373322
vt 0.427461 0.310798
vt 0.427463 0.321219
vt 0.427433 0.404583
vt 0.427428 0.415002
vt 0.427463 0.331640
vt 0.427428 0.248268
vt 0.427433 0.258690
vt 0.427462 0.342061
vt 0.427440 0.269112
vt 0.427461 0.352482
vt 0.427447 0.279533
vt 0.427457 0.362902
vt 0.427453 0.289955
vt 0.427447 0.383743
vt 0.427457 0.300377
vt 0.427440 0.394163
vt 0.398778 0.816607
vt 0.419306 0.820690
vt 0.415223 0.841218
vt 0.703634 0.045048
vt 0.708175 0.049540
vt 0.714085 0.051946
vt 0.726342 0.049438
vt 0.730836 0.044916
vt 0.708071 0.022351
vt 0.713944 0.019881
vt 0.703582 0.026877
vt 0.701162 0.032779
vt 0.701170 0.039159
vt 0.720321 0.019849
vt 0.726233 0.022249
vt 0.730770 0.026738
vt 0.733236 0.032628
vt 0.720462 0.051910
vt 0.719977 0.049500
vt 0.714559 0.049532
vt 0.724969 0.047400
vt 0.730823 0.033124
vt 0.728730 0.028123
vt 0.724877 0.024306
vt 0.719856 0.022264
vt 0.714436 0.022290
vt 0.705684 0.043675
vt 0.703585 0.038673
vt 0.703575 0.033253
vt 0.705627 0.028241
vt 0.709440 0.024392
vt 0.709539 0.047488
vt 0.698561 0.907067
vt 0.692915 0.899727
vt 0.698561 0.899727
vt 0.145850 0.900196
vt 0.140204 0.907535
vt 0.140204 0.900196
vt 0.814406 0.646733
vt 0.809362 0.639393
vt 0.814406 0.639393
vt 0.346165 0.891928
vt 0.351811 0.899268
vt 0.346165 0.899268
vt 0.036623 0.900316
vt 0.030977 0.907656
vt 0.030977 0.900316
vt 0.910218 0.863340
vt 0.915863 0.856001
vt 0.915863 0.863340
vt 0.814406 0.667058
vt 0.809362 0.659718
vt 0.814406 0.659718
vt 0.921489 0.730172
vt 0.915843 0.722832
vt 0.921489 0.722832
vt 0.811981 0.193358
vt 0.806938 0.187712
vt 0.811981 0.187713
vt 0.811981 0.180373
vt 0.806938 0.180373
vt 0.806938 0.200698
vt 0.811981 0.200698
vt 0.933388 0.442859
vt 0.939034 0.435519
vt 0.939034 0.442859
vt 0.811981 0.213684
vt 0.806938 0.208038
vt 0.811981 0.208038
vt 0.806938 0.221023
vt 0.811981 0.221023
vt 0.061091 0.907656
vt 0.055445 0.900316
vt 0.061091 0.900316
vt 0.814406 0.654072
vt 0.809362 0.654072
vt 0.809362 0.646733
vt 0.910093 0.043046
vt 0.915739 0.035706
vt 0.915739 0.043046
vt 0.862981 0.917402
vt 0.857335 0.924742
vt 0.857335 0.917402
vt 0.814406 0.633747
vt 0.086486 0.920669
vt 0.080840 0.928009
vt 0.080840 0.920669
vt 0.809362 0.626408
vt 0.809362 0.633747
vt 0.915863 0.932320
vt 0.910218 0.939659
vt 0.910218 0.932320
vt 0.603846 0.664626
vt 0.608889 0.658981
vt 0.608889 0.664626
vt 0.603846 0.671966
vt 0.608890 0.671966
vt 0.281920 0.946789
vt 0.276274 0.954128
vt 0.276274 0.946789
vt 0.603846 0.651641
vt 0.603846 0.658981
vt 0.603846 0.644301
vt 0.608890 0.638655
vt 0.608890 0.644301
vt 0.603846 0.631316
vt 0.603846 0.638655
vt 0.408588 0.898521
vt 0.414234 0.891182
vt 0.414234 0.898521
vt 0.608889 0.651641
vt 0.787000 0.568097
vt 0.792044 0.573743
vt 0.787000 0.573743
vt 0.787000 0.581083
vt 0.792044 0.581083
vt 0.764695 0.891613
vt 0.770341 0.898953
vt 0.764695 0.898953
vt 0.792044 0.560758
vt 0.787000 0.560758
vt 0.787000 0.547772
vt 0.792044 0.553418
vt 0.787000 0.553418
vt 0.245299 0.953186
vt 0.239653 0.945846
vt 0.245299 0.945846
vt 0.792044 0.540433
vt 0.787000 0.540433
vt 0.122496 0.973975
vt 0.120137 0.969927
vt 0.122496 0.969927
vt 0.242013 0.970475
vt 0.239653 0.974522
vt 0.239653 0.970475
vt 0.975305 0.925657
vt 0.977665 0.921609
vt 0.977665 0.925657
vt 0.933927 0.464995
vt 0.935856 0.460148
vt 0.935856 0.465794
vt 0.964607 0.320848
vt 0.962678 0.325694
vt 0.962678 0.320049
vt 0.258879 0.848540
vt 0.256951 0.843693
vt 0.258879 0.844492
vt 0.317719 0.969299
vt 0.319647 0.964452
vt 0.319647 0.970098
vt 0.955088 0.586727
vt 0.957017 0.591574
vt 0.955088 0.590775
vt 0.958649 0.484816
vt 0.960578 0.489663
vt 0.958649 0.488864
vt 0.783913 0.970347
vt 0.785842 0.965500
vt 0.785842 0.971146
vt 0.589468 0.965678
vt 0.587539 0.970524
vt 0.587539 0.964879
vt 0.255296 0.792743
vt 0.258159 0.799653
vt 0.255296 0.796791
vt 0.666803 0.104421
vt 0.662755 0.094648
vt 0.666803 0.094648
vt 0.890066 0.856001
vt 0.892928 0.862911
vt 0.890066 0.865773
vt 0.982648 0.540432
vt 0.985008 0.544480
vt 0.982648 0.544480
vt 0.916808 0.344677
vt 0.919168 0.348725
vt 0.916808 0.348725
vt 0.938816 0.348725
vt 0.936457 0.344677
vt 0.938816 0.344677
vt 0.210631 0.970477
vt 0.212990 0.974524
vt 0.210631 0.974524
vt 0.972363 0.464196
vt 0.974722 0.460148
vt 0.974722 0.464196
vt 0.842153 0.495932
vt 0.843097 0.493755
vt 0.843275 0.494739
vt 0.840134 0.501926
vt 0.843147 0.500431
vt 0.842783 0.501532
vt 0.835987 0.501076
vt 0.834420 0.507042
vt 0.833678 0.502278
vt 0.117156 0.870002
vt 0.120687 0.869886
vt 0.118525 0.871665
vt 0.112805 0.871319
vt 0.112344 0.866529
vt 0.114868 0.869501
vt 0.112886 0.873593
vt 0.112085 0.877035
vt 0.110719 0.875369
vt 0.834950 0.497956
vt 0.833002 0.498935
vt 0.833916 0.497873
vt 0.117807 0.867027
vt 0.833858 0.493444
vt 0.832949 0.491628
vt 0.834182 0.492294
vt 0.836843 0.491815
vt 0.834708 0.489240
vt 0.833947 0.495014
vt 0.835158 0.494971
vt 0.833941 0.496864
vt 0.833370 0.495917
vt 0.833986 0.496025
vt 0.833921 0.500101
vt 0.833780 0.499111
vt 0.118612 0.873940
vt 0.121482 0.871553
vt 0.121568 0.873827
vt 0.838088 0.506388
vt 0.836057 0.505406
vt 0.842256 0.504491
vt 0.116543 0.875772
vt 0.121235 0.876734
vt 0.119086 0.878751
vt 0.843975 0.502207
vt 0.113586 0.878240
vt 0.114251 0.875260
vt 0.843146 0.498906
vt 0.841950 0.498904
vt 0.843180 0.497023
vt 0.843757 0.497986
vt 0.843134 0.497866
vt 0.843198 0.495987
vt 0.844057 0.494889
vt 0.109849 0.871424
vt 0.843319 0.491611
vt 0.840993 0.492820
vt 0.840971 0.488427
vt 0.838497 0.484017
vt 0.842637 0.486796
vt 0.838936 0.487395
vt 0.115083 0.870482
vt 0.116373 0.871357
vt 0.115284 0.871231
vt 0.117697 0.873589
vt 0.117067 0.872189
vt 0.117738 0.871957
vt 0.113673 0.873305
vt 0.115039 0.873904
vt 0.114691 0.874529
vt 0.116333 0.874783
vt 0.113712 0.871665
vt 0.116720 0.870734
vt 0.114344 0.873072
vt 0.114405 0.871981
vt 0.116130 0.874031
vt 0.117005 0.873277
vt 0.370595 0.754795
vt 0.374262 0.760373
vt 0.370382 0.760373
vt 0.370595 0.772554
vt 0.374262 0.766976
vt 0.374049 0.772554
vt 0.855985 0.220024
vt 0.852843 0.214448
vt 0.855985 0.213435
vt 0.370382 0.763674
vt 0.370382 0.766976
vt 0.859128 0.214448
vt 0.858872 0.220024
vt 0.855985 0.223479
vt 0.852843 0.229055
vt 0.853099 0.223479
vt 0.853099 0.220024
vt 0.858872 0.223479
vt 0.599791 0.801680
vt 0.603459 0.807258
vt 0.599578 0.807258
vt 0.859128 0.229055
vt 0.855985 0.230068
vt 0.599791 0.819438
vt 0.603459 0.813860
vt 0.603246 0.819438
vt 0.530897 0.854518
vt 0.527755 0.848942
vt 0.530897 0.847929
vt 0.599578 0.810559
vt 0.599578 0.813860
vt 0.534039 0.848942
vt 0.533783 0.854518
vt 0.530897 0.857972
vt 0.527755 0.863548
vt 0.528011 0.857972
vt 0.528011 0.854518
vt 0.528011 0.857973
vt 0.533783 0.857972
vt 0.572684 0.829077
vt 0.579695 0.828354
vt 0.574784 0.832911
vt 0.567855 0.830423
vt 0.568060 0.835148
vt 0.557028 0.830736
vt 0.556885 0.824116
vt 0.559670 0.827666
vt 0.580485 0.804016
vt 0.578436 0.808293
vt 0.577608 0.806663
vt 0.563905 0.829847
vt 0.562495 0.833997
vt 0.578185 0.821431
vt 0.582249 0.807272
vt 0.582289 0.822343
vt 0.553349 0.825834
vt 0.555790 0.819731
vt 0.577472 0.801680
vt 0.576168 0.805552
vt 0.557428 0.807402
vt 0.551867 0.819959
vt 0.554039 0.806015
vt 0.558927 0.801680
vt 0.558366 0.806005
vt 0.556037 0.803354
vt 0.559812 0.805208
vt 0.575525 0.806805
vt 0.575272 0.825118
vt 0.560447 0.826763
vt 0.768460 0.069548
vt 0.765998 0.074429
vt 0.764548 0.073485
vt 0.789496 0.089809
vt 0.786119 0.094043
vt 0.787734 0.089461
vt 0.773774 0.101119
vt 0.778140 0.099088
vt 0.778508 0.100903
vt 0.788007 0.019314
vt 0.794643 0.022256
vt 0.789424 0.023832
vt 0.778517 0.067698
vt 0.774079 0.069278
vt 0.773788 0.067493
vt 0.782777 0.071165
vt 0.778155 0.069510
vt 0.794634 0.035442
vt 0.789496 0.078765
vt 0.786107 0.074538
vt 0.787540 0.073611
vt 0.783714 0.069732
vt 0.761738 0.035608
vt 0.766950 0.023963
vt 0.766945 0.034032
vt 0.764534 0.095082
vt 0.769383 0.097590
vt 0.768433 0.099058
vt 0.762582 0.078706
vt 0.764353 0.089484
vt 0.762570 0.089836
vt 0.783711 0.098845
vt 0.787551 0.094969
vt 0.775148 0.008811
vt 0.771614 0.016061
vt 0.768685 0.011183
vt 0.765994 0.094140
vt 0.787737 0.079114
vt 0.771707 0.041922
vt 0.763959 0.041986
vt 0.768365 0.038547
vt 0.769405 0.071017
vt 0.780935 0.008645
vt 0.784650 0.015948
vt 0.780065 0.014519
vt 0.782769 0.097407
vt 0.774064 0.099335
vt 0.792412 0.015868
vt 0.788053 0.038441
vt 0.792462 0.041821
vt 0.767749 0.033635
vt 0.784739 0.041823
vt 0.787657 0.046709
vt 0.083478 0.705555
vt 0.079077 0.711133
vt 0.079077 0.705555
vt 0.768307 0.019455
vt 0.761738 0.022464
vt 0.763893 0.016085
vt 0.775407 0.049221
vt 0.776285 0.043353
vt 0.781191 0.049065
vt 0.785126 0.093387
vt 0.770031 0.096548
vt 0.767002 0.075101
vt 0.079077 0.723314
vt 0.083478 0.717736
vt 0.083478 0.723314
vt 0.530897 0.819653
vt 0.527755 0.814081
vt 0.530897 0.813067
vt 0.079077 0.714435
vt 0.079077 0.717736
vt 0.083478 0.714435
vt 0.534038 0.814081
vt 0.533783 0.819653
vt 0.530897 0.824054
vt 0.527755 0.829626
vt 0.528010 0.824054
vt 0.770055 0.072064
vt 0.774179 0.070037
vt 0.774279 0.070785
vt 0.769728 0.071536
vt 0.765030 0.079219
vt 0.766495 0.074763
vt 0.764361 0.079060
vt 0.782122 0.072162
vt 0.778036 0.070187
vt 0.782451 0.071659
vt 0.785611 0.074865
vt 0.785106 0.075196
vt 0.787078 0.079269
vt 0.786418 0.079421
vt 0.777918 0.070860
vt 0.769705 0.097074
vt 0.774165 0.098579
vt 0.774267 0.097832
vt 0.782441 0.096909
vt 0.778018 0.098409
vt 0.782108 0.096401
vt 0.785627 0.093717
vt 0.787073 0.089307
vt 0.786410 0.089154
vt 0.766499 0.093806
vt 0.765022 0.089325
vt 0.767012 0.093467
vt 0.777898 0.097733
vt 0.765694 0.089168
vt 0.765700 0.079375
vt 0.528010 0.819653
vt 0.533783 0.824054
vt 0.534038 0.829626
vt 0.530897 0.830639
vt 0.572101 0.827888
vt 0.567877 0.829598
vt 0.567895 0.828783
vt 0.572394 0.828487
vt 0.575778 0.825496
vt 0.577509 0.821226
vt 0.576276 0.825867
vt 0.564121 0.829135
vt 0.560056 0.827218
vt 0.557406 0.823871
vt 0.557936 0.823621
vt 0.556427 0.819658
vt 0.557065 0.819585
vt 0.564336 0.828430
vt 0.576835 0.807455
vt 0.575833 0.806161
vt 0.577232 0.807047
vt 0.577953 0.808581
vt 0.577431 0.808882
vt 0.558988 0.806712
vt 0.557829 0.807677
vt 0.558667 0.806349
vt 0.560034 0.805640
vt 0.560273 0.806093
vt 0.576831 0.821023
vt 0.558253 0.807971
vt 0.317719 0.823535
vt 0.320860 0.828490
vt 0.317719 0.828490
vt 0.320860 0.833188
vt 0.317719 0.838143
vt 0.317719 0.833188
vt 0.323129 0.829626
vt 0.320860 0.832052
vt 0.320860 0.829626
vt 0.324002 0.838143
vt 0.324002 0.833188
vt 0.318591 0.829626
vt 0.247805 0.458574
vt 0.243925 0.453620
vt 0.247805 0.453620
vt 0.243925 0.461876
vt 0.247805 0.465177
vt 0.243925 0.465177
vt 0.243925 0.458574
vt 0.324002 0.823535
vt 0.324002 0.828490
vt 0.247805 0.470132
vt 0.243925 0.470132
vt 0.244652 0.452385
vt 0.247078 0.452385
vt 0.323129 0.832052
vt 0.244652 0.471367
vt 0.247078 0.471367
vt 0.318591 0.832052
vt 0.698326 0.948985
vt 0.696057 0.950121
vt 0.696057 0.948985
vt 0.699199 0.955076
vt 0.699199 0.950121
vt 0.830260 0.894429
vt 0.827118 0.899384
vt 0.827118 0.894429
vt 0.832529 0.893292
vt 0.830260 0.890867
vt 0.832529 0.890867
vt 0.833402 0.899384
vt 0.833402 0.894429
vt 0.830260 0.893292
vt 0.827991 0.890867
vt 0.578818 0.506386
vt 0.574938 0.501431
vt 0.578818 0.501431
vt 0.574938 0.509687
vt 0.578818 0.512988
vt 0.574938 0.512988
vt 0.574938 0.506386
vt 0.692915 0.955076
vt 0.692915 0.950121
vt 0.578818 0.517943
vt 0.574938 0.517943
vt 0.578091 0.500196
vt 0.575665 0.500196
vt 0.575665 0.519178
vt 0.578091 0.519178
vt 0.693788 0.948985
vt 0.827991 0.893292
vt 0.784284 0.041005
vt 0.780177 0.043312
vt 0.780021 0.042297
vt 0.787416 0.037823
vt 0.789416 0.033938
vt 0.772154 0.041086
vt 0.769010 0.037915
vt 0.776428 0.042331
vt 0.767886 0.099808
vt 0.773621 0.102105
vt 0.784252 0.099576
vt 0.788360 0.095272
vt 0.790318 0.089759
vt 0.763708 0.095389
vt 0.778712 0.101886
vt 0.788624 0.033550
vt 0.790318 0.078815
vt 0.761752 0.078757
vt 0.776171 0.014564
vt 0.779924 0.015539
vt 0.776329 0.015580
vt 0.784201 0.016790
vt 0.787367 0.019945
vt 0.768944 0.020072
vt 0.767743 0.024358
vt 0.772072 0.016876
vt 0.778710 0.066715
vt 0.788350 0.073308
vt 0.784252 0.069002
vt 0.763728 0.073176
vt 0.767917 0.068798
vt 0.773628 0.066510
vt 0.497313 0.265662
vt 0.517335 0.248250
vt 0.517335 0.265662
vt 0.761662 0.362411
vt 0.781685 0.320049
vt 0.781685 0.362411
vt 0.517335 0.363232
vt 0.497313 0.335628
vt 0.517335 0.335628
vt 0.517335 0.293266
vt 0.434847 0.769504
vt 0.392485 0.797108
vt 0.392485 0.769504
vt 0.832901 0.038943
vt 0.832214 0.009349
vt 0.832901 0.008645
vt 0.551867 0.656712
vt 0.585417 0.676734
vt 0.551867 0.676734
vt 0.621045 0.560455
vt 0.603846 0.540432
vt 0.621045 0.540433
vt 0.585417 0.713956
vt 0.551867 0.693934
vt 0.585417 0.693934
vt 0.603846 0.594005
vt 0.621045 0.614027
vt 0.603846 0.614027
vt 0.603846 0.560455
vt 0.844242 0.626565
vt 0.832386 0.627128
vt 0.831695 0.626408
vt 0.434847 0.752092
vt 0.392485 0.752092
vt 0.517335 0.380644
vt 0.497313 0.363232
vt 0.248441 0.714488
vt 0.252993 0.700514
vt 0.252993 0.717926
vt 0.224915 0.703952
vt 0.248441 0.703952
vt 0.210631 0.717926
vt 0.210631 0.700514
vt 0.224915 0.714488
vt 0.221073 0.738185
vt 0.221073 0.719520
vt 0.252993 0.745530
vt 0.210631 0.745530
vt 0.248523 0.738185
vt 0.248523 0.719520
vt 0.832204 0.038238
vt 0.812628 0.009485
vt 0.843564 0.652556
vt 0.843545 0.627289
vt 0.831695 0.653617
vt 0.844272 0.653281
vt 0.811932 0.008781
vt 0.812618 0.038375
vt 0.811932 0.039079
vt 0.832385 0.652723
vt 0.336638 0.557646
vt 0.337980 0.560145
vt 0.335068 0.558790
vt 0.339540 0.500500
vt 0.370548 0.557987
vt 0.338537 0.557708
vt 0.342692 0.452015
vt 0.339374 0.451004
vt 0.342258 0.449529
vt 0.337031 0.500401
vt 0.334514 0.500295
vt 0.205045 0.590263
vt 0.202688 0.542978
vt 0.205045 0.542978
vt 0.373886 0.501232
vt 0.371789 0.559279
vt 0.340874 0.452088
vt 0.371399 0.501181
vt 0.373886 0.452919
vt 0.363744 0.468995
vt 0.364116 0.491026
vt 0.362969 0.489828
vt 0.205045 0.489721
vt 0.235152 0.542978
vt 0.372628 0.454087
vt 0.347632 0.490564
vt 0.348887 0.489339
vt 0.202688 0.489721
vt 0.348979 0.467001
vt 0.212194 0.552653
vt 0.228003 0.552653
vt 0.212194 0.576118
vt 0.364849 0.467889
vt 0.235152 0.590263
vt 0.228003 0.576118
vt 0.349962 0.468298
vt 0.850190 0.011704
vt 0.871757 0.009541
vt 0.868010 0.032104
vt 0.047317 0.811237
vt 0.030977 0.799692
vt 0.042523 0.775991
vt 0.534039 0.863549
vt 0.530897 0.864562
vt 0.140204 0.840749
vt 0.148820 0.842493
vt 0.141668 0.845374
vt 0.148381 0.839217
vt 0.148291 0.840836
vt 0.616271 0.016266
vt 0.607246 0.014445
vt 0.615414 0.012436
vt 0.836083 0.129181
vt 0.829271 0.128009
vt 0.831926 0.125221
vt 0.608657 0.021444
vt 0.608025 0.017929
vt 0.615563 0.068146
vt 0.608044 0.060672
vt 0.616352 0.061687
vt 0.616965 0.020130
vt 0.609140 0.024981
vt 0.607001 0.071532
vt 0.607153 0.067965
vt 0.617497 0.024019
vt 0.609474 0.028536
vt 0.615063 0.075979
vt 0.615396 0.072068
vt 0.618065 0.031848
vt 0.617863 0.027927
vt 0.040129 0.846828
vt 0.036627 0.854077
vt 0.036627 0.846132
vt 0.617972 0.039696
vt 0.609690 0.035673
vt 0.618101 0.035773
vt 0.609657 0.032102
vt 0.566964 0.371792
vt 0.559859 0.380161
vt 0.559859 0.371792
vt 0.617677 0.043610
vt 0.609572 0.039241
vt 0.606320 0.010996
vt 0.614396 0.008645
vt 0.617217 0.047509
vt 0.609304 0.042802
vt 0.614839 0.086930
vt 0.606652 0.083035
vt 0.615021 0.083084
vt 0.606320 0.090031
vt 0.606486 0.086533
vt 0.836430 0.143404
vt 0.829271 0.145340
vt 0.834171 0.140195
vt 0.043631 0.854077
vt 0.040129 0.854077
vt 0.606699 0.075090
vt 0.834846 0.150650
vt 0.832058 0.147995
vt 0.616660 0.057849
vt 0.608604 0.053690
vt 0.616967 0.054011
vt 0.608324 0.057181
vt 0.608886 0.046348
vt 0.049280 0.837677
vt 0.055931 0.841179
vt 0.048583 0.841179
vt 0.834581 0.122433
vt 0.839293 0.126921
vt 0.055931 0.834175
vt 0.055931 0.837677
vt 0.845802 0.129814
vt 0.850307 0.128834
vt 0.848029 0.131225
vt 0.843204 0.129363
vt 0.846991 0.126733
vt 0.840631 0.129940
vt 0.843123 0.126062
vt 0.838475 0.131458
vt 0.833983 0.132497
vt 0.836612 0.136284
vt 0.837064 0.133686
vt 0.833311 0.136364
vt 0.838708 0.141013
vt 0.837190 0.138857
vt 0.840935 0.142424
vt 0.843614 0.146177
vt 0.839746 0.145505
vt 0.843533 0.142875
vt 0.847444 0.145317
vt 0.848262 0.140780
vt 0.846106 0.142298
vt 0.849674 0.138552
vt 0.850654 0.143057
vt 0.853426 0.135874
vt 0.852754 0.139741
vt 0.850125 0.135954
vt 0.852567 0.132044
vt 0.849547 0.133381
vt 0.042725 0.831408
vt 0.040129 0.828526
vt 0.043631 0.829223
vt 0.046600 0.831206
vt 0.044927 0.832879
vt 0.046398 0.835081
vt 0.048583 0.834175
vt 0.046914 0.837677
vt 0.046398 0.840274
vt 0.046600 0.844148
vt 0.044927 0.842475
vt 0.042725 0.843946
vt 0.043631 0.846132
vt 0.040129 0.844463
vt 0.037532 0.843946
vt 0.033658 0.844148
vt 0.035330 0.842475
vt 0.033860 0.840274
vt 0.031674 0.841179
vt 0.030977 0.837677
vt 0.033343 0.837677
vt 0.033860 0.835081
vt 0.031674 0.834175
vt 0.035330 0.832879
vt 0.033658 0.831206
vt 0.037532 0.831408
vt 0.036627 0.829223
vt 0.040129 0.830892
vt 0.140204 0.835644
vt 0.149122 0.837906
vt 0.141862 0.830350
vt 0.150479 0.837222
vt 0.152321 0.829084
vt 0.147217 0.828893
vt 0.153762 0.837749
vt 0.152117 0.837181
vt 0.160655 0.833586
vt 0.156888 0.830718
vt 0.163382 0.837458
vt 0.155190 0.838839
vt 0.156739 0.841991
vt 0.156226 0.840315
vt 0.164848 0.847198
vt 0.164847 0.842087
vt 0.163193 0.852499
vt 0.156649 0.843635
vt 0.157838 0.853957
vt 0.155928 0.844969
vt 0.152731 0.853764
vt 0.154592 0.845654
vt 0.148160 0.852123
vt 0.152961 0.845673
vt 0.149872 0.843969
vt 0.151284 0.845094
vt 0.144393 0.849249
vt 0.486111 0.859417
vt 0.491179 0.869097
vt 0.481435 0.859387
vt 0.494902 0.872697
vt 0.494072 0.871186
vt 0.496017 0.870972
vt 0.481506 0.864133
vt 0.490944 0.870587
vt 0.482567 0.868022
vt 0.490917 0.869804
vt 0.494151 0.870571
vt 0.496459 0.868868
vt 0.491229 0.871316
vt 0.484320 0.870994
vt 0.494016 0.869936
vt 0.496130 0.866558
vt 0.491685 0.871863
vt 0.486495 0.873030
vt 0.493676 0.869364
vt 0.494961 0.864236
vt 0.492244 0.872179
vt 0.488848 0.874150
vt 0.493149 0.868928
vt 0.492907 0.862113
vt 0.492824 0.872244
vt 0.491159 0.874408
vt 0.492490 0.868702
vt 0.489952 0.860421
vt 0.493364 0.872077
vt 0.493234 0.873887
vt 0.491781 0.868735
vt 0.493798 0.871708
vt 0.492962 0.869985
vt 0.492667 0.870032
vt 0.600870 0.226037
vt 0.605243 0.225167
vt 0.606113 0.229540
vt 0.493272 0.870062
vt 0.493815 0.871325
vt 0.493737 0.871261
vt 0.493460 0.871912
vt 0.493679 0.871668
vt 0.492463 0.870298
vt 0.493794 0.871340
vt 0.492356 0.870642
vt 0.492408 0.871131
vt 0.493818 0.870968
vt 0.492543 0.871572
vt 0.493738 0.870600
vt 0.492712 0.871875
vt 0.493538 0.870271
vt 0.492915 0.872020
vt 0.493196 0.872038
vt 0.494208 0.872513
vt 0.495743 0.873572
vt 0.496459 0.874575
vt 0.494028 0.872420
vt 0.493679 0.871272
vt 0.493998 0.872210
vt 0.493723 0.871405
vt 0.493952 0.871972
vt 0.493784 0.871549
vt 0.493913 0.871768
vt 0.493964 0.871899
vt 0.494151 0.872149
vt 0.493899 0.871578
vt 0.493856 0.871417
vt 0.494118 0.872649
vt 0.494058 0.872606
vt 0.494119 0.871895
vt 0.494602 0.872623
vt 0.495650 0.873880
vt 0.494046 0.871862
vt 0.495374 0.873361
vt 0.494066 0.871985
vt 0.494830 0.872971
vt 0.494169 0.872041
vt 0.494334 0.872326
vt 0.494260 0.872347
vt 0.494685 0.872452
vt 0.494148 0.872133
vt 0.495126 0.872816
vt 0.494082 0.871962
vt 0.059305 0.880672
vt 0.058674 0.881711
vt 0.057996 0.880971
vt 0.060851 0.881011
vt 0.059612 0.881381
vt 0.060305 0.882233
vt 0.059765 0.882274
vt 0.059212 0.882173
vt 0.061889 0.872878
vt 0.060324 0.872874
vt 0.060976 0.871942
vt 0.059457 0.872377
vt 0.059790 0.871366
vt 0.837567 0.300810
vt 0.838929 0.300951
vt 0.837787 0.301935
vt 0.058808 0.882703
vt 0.057974 0.882126
vt 0.060670 0.882796
vt 0.060683 0.881746
vt 0.061410 0.882131
vt 0.061861 0.881247
vt 0.059742 0.883027
vt 0.835444 0.301887
vt 0.836786 0.301267
vt 0.836585 0.302275
vt 0.836986 0.299053
vt 0.838406 0.299901
vt 0.836543 0.299960
vt 0.835281 0.300382
vt 0.834985 0.299368
vt 0.834929 0.298376
vt 0.836568 0.291439
vt 0.836271 0.292360
vt 0.835876 0.291412
vt 0.837333 0.291809
vt 0.836775 0.293066
vt 0.834769 0.292928
vt 0.834847 0.292123
vt 0.835227 0.291555
vt 0.838257 0.292496
vt 0.837165 0.293919
vt 0.838975 0.293508
vt 0.837393 0.294873
vt 0.834791 0.294583
vt 0.834772 0.293731
vt 0.839381 0.294735
vt 0.837506 0.295906
vt 0.839554 0.296044
vt 0.837485 0.296981
vt 0.834862 0.296452
vt 0.834824 0.295499
vt 0.839456 0.297400
vt 0.837309 0.298046
vt 0.839061 0.298718
vt 0.834899 0.297417
vt 0.058368 0.871521
vt 0.059548 0.873699
vt 0.058413 0.872652
vt 0.061069 0.873544
vt 0.061333 0.874624
vt 0.058916 0.874529
vt 0.057214 0.873499
vt 0.056519 0.874780
vt 0.061303 0.875618
vt 0.058565 0.875555
vt 0.061236 0.876564
vt 0.058468 0.876665
vt 0.056337 0.876171
vt 0.056447 0.877545
vt 0.061171 0.877522
vt 0.058523 0.877771
vt 0.061104 0.878475
vt 0.058700 0.878832
vt 0.056792 0.878840
vt 0.057333 0.879995
vt 0.061032 0.879389
vt 0.058976 0.879810
vt 0.060949 0.880235
vt 0.837929 0.291278
vt 0.839050 0.292236
vt 0.839888 0.293554
vt 0.840348 0.295031
vt 0.840489 0.296565
vt 0.840303 0.298123
vt 0.839779 0.299621
vt 0.062623 0.875407
vt 0.062435 0.874137
vt 0.062554 0.877508
vt 0.062623 0.876490
vt 0.062311 0.879457
vt 0.062449 0.878500
vt 0.062126 0.880369
vt 0.034838 0.880672
vt 0.034206 0.881711
vt 0.033529 0.880971
vt 0.036384 0.881011
vt 0.035145 0.881381
vt 0.035838 0.882233
vt 0.035297 0.882274
vt 0.034744 0.882174
vt 0.037421 0.872878
vt 0.035856 0.872874
vt 0.036509 0.871942
vt 0.034990 0.872377
vt 0.035323 0.871366
vt 0.874808 0.132643
vt 0.876170 0.132785
vt 0.875028 0.133768
vt 0.034341 0.882703
vt 0.033507 0.882126
vt 0.036202 0.882796
vt 0.036216 0.881746
vt 0.036943 0.882131
vt 0.037393 0.881247
vt 0.035275 0.883027
vt 0.872685 0.133720
vt 0.874027 0.133101
vt 0.873825 0.134109
vt 0.874226 0.130887
vt 0.875646 0.131735
vt 0.873783 0.131794
vt 0.872522 0.132216
vt 0.872226 0.131202
vt 0.872170 0.130210
vt 0.873809 0.123273
vt 0.873512 0.124193
vt 0.873116 0.123246
vt 0.874573 0.123643
vt 0.874016 0.124900
vt 0.872009 0.124761
vt 0.872087 0.123957
vt 0.872467 0.123389
vt 0.875498 0.124330
vt 0.874405 0.125752
vt 0.876216 0.125342
vt 0.874634 0.126707
vt 0.872032 0.126417
vt 0.872013 0.125564
vt 0.876622 0.126569
vt 0.874746 0.127739
vt 0.876794 0.127878
vt 0.874725 0.128815
vt 0.872103 0.128286
vt 0.872065 0.127332
vt 0.876696 0.129233
vt 0.874550 0.129880
vt 0.876301 0.130552
vt 0.872140 0.129250
vt 0.033901 0.871521
vt 0.035081 0.873699
vt 0.033945 0.872652
vt 0.036602 0.873544
vt 0.036866 0.874624
vt 0.034448 0.874529
vt 0.032746 0.873499
vt 0.032052 0.874780
vt 0.036836 0.875618
vt 0.034097 0.875555
vt 0.036768 0.876564
vt 0.034001 0.876665
vt 0.031869 0.876171
vt 0.031980 0.877545
vt 0.036703 0.877522
vt 0.034056 0.877771
vt 0.036636 0.878475
vt 0.034232 0.878832
vt 0.032324 0.878840
vt 0.032865 0.879995
vt 0.036564 0.879389
vt 0.034509 0.879810
vt 0.036482 0.880235
vt 0.875169 0.123111
vt 0.876291 0.124070
vt 0.877129 0.125388
vt 0.877588 0.126865
vt 0.877730 0.128399
vt 0.877544 0.129957
vt 0.877020 0.131454
vt 0.038156 0.875407
vt 0.037968 0.874138
vt 0.038086 0.877508
vt 0.038156 0.876490
vt 0.037843 0.879457
vt 0.037981 0.878500
vt 0.037659 0.880369
vt 0.696775 0.880083
vt 0.696143 0.881123
vt 0.695466 0.880382
vt 0.698321 0.880422
vt 0.697082 0.880792
vt 0.697775 0.881644
vt 0.697235 0.881685
vt 0.696682 0.881585
vt 0.699359 0.872289
vt 0.697794 0.872285
vt 0.698446 0.871353
vt 0.696927 0.871788
vt 0.697260 0.870777
vt 0.835786 0.794507
vt 0.837148 0.794648
vt 0.836007 0.795632
vt 0.696278 0.882114
vt 0.695444 0.881537
vt 0.698140 0.882207
vt 0.698153 0.881157
vt 0.698880 0.881542
vt 0.699331 0.880658
vt 0.697212 0.882438
vt 0.833663 0.795584
vt 0.835006 0.794964
vt 0.834804 0.795972
vt 0.835205 0.792750
vt 0.836625 0.793598
vt 0.834762 0.793657
vt 0.833500 0.794079
vt 0.833205 0.793065
vt 0.833149 0.792073
vt 0.834788 0.785136
vt 0.834490 0.786056
vt 0.834095 0.785109
vt 0.835552 0.785506
vt 0.834994 0.786763
vt 0.832988 0.786624
vt 0.833066 0.785820
vt 0.833446 0.785252
vt 0.836477 0.786193
vt 0.835384 0.787616
vt 0.837195 0.787205
vt 0.835612 0.788570
vt 0.833011 0.788280
vt 0.832992 0.787427
vt 0.837601 0.788432
vt 0.835725 0.789603
vt 0.837773 0.789741
vt 0.835704 0.790678
vt 0.833081 0.790149
vt 0.833044 0.789195
vt 0.837675 0.791096
vt 0.835528 0.791743
vt 0.837280 0.792415
vt 0.833118 0.791114
vt 0.695838 0.870932
vt 0.697018 0.873110
vt 0.695883 0.872063
vt 0.698539 0.872955
vt 0.698803 0.874035
vt 0.696386 0.873940
vt 0.694684 0.872910
vt 0.693989 0.874191
vt 0.698773 0.875029
vt 0.696035 0.874966
vt 0.698706 0.875975
vt 0.695938 0.876076
vt 0.693807 0.875582
vt 0.693917 0.876956
vt 0.698641 0.876934
vt 0.695993 0.877183
vt 0.698574 0.877886
vt 0.696170 0.878243
vt 0.694262 0.878252
vt 0.694803 0.879406
vt 0.698502 0.878800
vt 0.696446 0.879221
vt 0.698419 0.879646
vt 0.836148 0.784974
vt 0.837270 0.785933
vt 0.838108 0.787251
vt 0.838567 0.788728
vt 0.838708 0.790262
vt 0.838523 0.791820
vt 0.837999 0.793317
vt 0.700093 0.874818
vt 0.699905 0.873549
vt 0.700024 0.876920
vt 0.700093 0.875901
vt 0.699781 0.878868
vt 0.699919 0.877911
vt 0.699596 0.879780
vt 0.833474 0.296624
vt 0.833503 0.294657
vt 0.833509 0.297651
vt 0.833720 0.292806
vt 0.833474 0.295624
vt 0.834765 0.291001
vt 0.833574 0.293727
vt 0.834057 0.291821
vt 0.057110 0.881216
vt 0.056355 0.880051
vt 0.055785 0.878684
vt 0.055464 0.877173
vt 0.055445 0.875581
vt 0.055855 0.873953
vt 0.056849 0.872477
vt 0.836869 0.290788
vt 0.835987 0.300911
vt 0.834535 0.301113
vt 0.833615 0.298730
vt 0.833912 0.299955
vt 0.835775 0.290600
vt 0.870715 0.128458
vt 0.870744 0.126490
vt 0.870750 0.129485
vt 0.870960 0.124640
vt 0.870715 0.127458
vt 0.872006 0.122834
vt 0.870814 0.125560
vt 0.871298 0.123655
vt 0.032643 0.881216
vt 0.031888 0.880051
vt 0.031318 0.878684
vt 0.030996 0.877173
vt 0.030977 0.875581
vt 0.031387 0.873953
vt 0.032382 0.872477
vt 0.874110 0.122622
vt 0.873228 0.132745
vt 0.871776 0.132947
vt 0.870856 0.130564
vt 0.871152 0.131788
vt 0.873016 0.122433
vt 0.831694 0.790321
vt 0.831722 0.788353
vt 0.831728 0.791348
vt 0.831939 0.786503
vt 0.831694 0.789321
vt 0.832984 0.784698
vt 0.831793 0.787424
vt 0.832277 0.785518
vt 0.694580 0.880627
vt 0.693825 0.879462
vt 0.693255 0.878095
vt 0.692933 0.876584
vt 0.692915 0.874992
vt 0.693325 0.873364
vt 0.694319 0.871888
vt 0.835088 0.784485
vt 0.834207 0.794608
vt 0.832754 0.794810
vt 0.831834 0.792427
vt 0.832131 0.793651
vt 0.833994 0.784297
vt 0.849497 0.261841
vt 0.858119 0.260105
vt 0.856655 0.264729
vt 0.849942 0.258569
vt 0.858119 0.255000
vt 0.612761 0.403734
vt 0.603736 0.405555
vt 0.604593 0.401724
vt 0.293617 0.829269
vt 0.300429 0.828097
vt 0.295717 0.832585
vt 0.611350 0.410732
vt 0.603041 0.409419
vt 0.604444 0.457435
vt 0.611962 0.449960
vt 0.612854 0.457253
vt 0.610867 0.414270
vt 0.602510 0.413308
vt 0.613006 0.460821
vt 0.604611 0.461356
vt 0.610533 0.417825
vt 0.602144 0.417216
vt 0.604944 0.465268
vt 0.601942 0.421136
vt 0.712219 0.853488
vt 0.708717 0.846240
vt 0.712219 0.845543
vt 0.610317 0.424962
vt 0.602035 0.428985
vt 0.601906 0.425062
vt 0.610350 0.421391
vt 0.535465 0.371792
vt 0.542570 0.380161
vt 0.534624 0.380161
vt 0.610435 0.428530
vt 0.602330 0.432899
vt 0.613687 0.400285
vt 0.605611 0.397933
vt 0.610703 0.432091
vt 0.602790 0.436798
vt 0.613355 0.472324
vt 0.605168 0.476218
vt 0.604985 0.472373
vt 0.613687 0.479320
vt 0.605351 0.480064
vt 0.300429 0.845428
vt 0.293270 0.843492
vt 0.295529 0.840283
vt 0.705215 0.853488
vt 0.705215 0.845543
vt 0.613308 0.464379
vt 0.294854 0.850738
vt 0.289954 0.845593
vt 0.611403 0.442979
vt 0.603347 0.447138
vt 0.603040 0.443300
vt 0.603655 0.450975
vt 0.611121 0.435637
vt 0.692915 0.840590
vt 0.699566 0.837088
vt 0.700262 0.840590
vt 0.295119 0.822521
vt 0.290407 0.827009
vt 0.692915 0.833586
vt 0.700262 0.833586
vt 0.279393 0.828922
vt 0.283898 0.829902
vt 0.281671 0.831313
vt 0.282709 0.826821
vt 0.286496 0.829451
vt 0.286577 0.826150
vt 0.289069 0.830028
vt 0.291225 0.831546
vt 0.292636 0.833774
vt 0.293088 0.836372
vt 0.292510 0.838945
vt 0.290992 0.841101
vt 0.288765 0.842512
vt 0.286086 0.846265
vt 0.286167 0.842963
vt 0.282256 0.845405
vt 0.283594 0.842386
vt 0.281438 0.840868
vt 0.279046 0.843145
vt 0.280026 0.838640
vt 0.276274 0.835962
vt 0.279575 0.836042
vt 0.277133 0.832132
vt 0.280153 0.833469
vt 0.706120 0.830819
vt 0.708717 0.827937
vt 0.708717 0.830303
vt 0.702246 0.830617
vt 0.703919 0.832290
vt 0.702448 0.834492
vt 0.701931 0.837088
vt 0.702448 0.839685
vt 0.702246 0.843559
vt 0.703919 0.841886
vt 0.706120 0.843357
vt 0.708717 0.843874
vt 0.711313 0.843357
vt 0.715188 0.843559
vt 0.713515 0.841886
vt 0.714986 0.839685
vt 0.717868 0.837088
vt 0.715502 0.837088
vt 0.714986 0.834492
vt 0.713515 0.832290
vt 0.717171 0.833586
vt 0.711313 0.830819
vt 0.715188 0.830617
vt 0.849199 0.257259
vt 0.856461 0.249706
vt 0.847843 0.256576
vt 0.851106 0.248250
vt 0.846002 0.248439
vt 0.844560 0.257102
vt 0.841435 0.250072
vt 0.837667 0.252939
vt 0.843132 0.258191
vt 0.834941 0.256811
vt 0.841583 0.261344
vt 0.833476 0.261439
vt 0.841673 0.262988
vt 0.833474 0.266550
vt 0.835130 0.271850
vt 0.842396 0.264322
vt 0.840484 0.273311
vt 0.843731 0.265008
vt 0.845591 0.273118
vt 0.845363 0.265028
vt 0.850163 0.271478
vt 0.848458 0.263331
vt 0.853931 0.268604
vt 0.869874 0.867964
vt 0.872267 0.865631
vt 0.871806 0.867742
vt 0.866834 0.865708
vt 0.857335 0.860720
vt 0.857335 0.856001
vt 0.869175 0.868850
vt 0.870669 0.869462
vt 0.868979 0.870636
vt 0.869609 0.868490
vt 0.867453 0.865356
vt 0.861987 0.856066
vt 0.868614 0.868983
vt 0.866885 0.871130
vt 0.868182 0.865333
vt 0.865811 0.857097
vt 0.868004 0.868872
vt 0.864564 0.870836
vt 0.868872 0.865594
vt 0.868754 0.858814
vt 0.867410 0.868514
vt 0.862213 0.869677
vt 0.869432 0.866071
vt 0.870798 0.860962
vt 0.866905 0.867926
vt 0.860056 0.867605
vt 0.869799 0.866683
vt 0.871955 0.863306
vt 0.866599 0.867193
vt 0.858340 0.864611
vt 0.869946 0.867339
vt 0.866547 0.866392
vt 0.869611 0.867758
vt 0.912931 0.460148
vt 0.916638 0.462625
vt 0.914161 0.466332
vt 0.869273 0.867008
vt 0.869415 0.867918
vt 0.868959 0.866735
vt 0.867926 0.867248
vt 0.869629 0.868162
vt 0.868031 0.866874
vt 0.869523 0.868493
vt 0.869099 0.868823
vt 0.868619 0.866616
vt 0.868769 0.868709
vt 0.868453 0.868454
vt 0.867965 0.867640
vt 0.870095 0.869381
vt 0.870907 0.870079
vt 0.869971 0.869231
vt 0.868174 0.868112
vt 0.869890 0.869126
vt 0.869668 0.868206
vt 0.869474 0.867351
vt 0.869608 0.868795
vt 0.869209 0.868269
vt 0.869783 0.868442
vt 0.869143 0.868075
vt 0.869332 0.868725
vt 0.869966 0.868968
vt 0.869861 0.868714
vt 0.869185 0.867930
vt 0.868285 0.866659
vt 0.869276 0.867865
vt 0.869785 0.868968
vt 0.869888 0.868615
vt 0.870608 0.869433
vt 0.869696 0.868552
vt 0.872777 0.871965
vt 0.870119 0.869403
vt 0.869724 0.868513
vt 0.869522 0.868017
vt 0.870768 0.869596
vt 0.869388 0.868534
vt 0.869911 0.868722
vt 0.870318 0.869146
vt 0.870268 0.869158
vt 0.869706 0.868685
vt 0.143433 0.872561
vt 0.144065 0.873601
vt 0.142756 0.873302
vt 0.144372 0.872892
vt 0.145611 0.873261
vt 0.145065 0.872040
vt 0.145443 0.872527
vt 0.143971 0.872099
vt 0.146648 0.881395
vt 0.145083 0.881398
vt 0.145828 0.880729
vt 0.145736 0.882331
vt 0.144217 0.881896
vt 0.183697 0.873170
vt 0.185059 0.873028
vt 0.184839 0.874153
vt 0.143568 0.871570
vt 0.142734 0.872147
vt 0.145429 0.871476
vt 0.146170 0.872142
vt 0.144502 0.871246
vt 0.144524 0.871999
vt 0.187182 0.874105
vt 0.185840 0.873485
vt 0.186639 0.873130
vt 0.185641 0.871272
vt 0.184221 0.872119
vt 0.186084 0.872178
vt 0.187345 0.872600
vt 0.187641 0.871586
vt 0.186058 0.863657
vt 0.186355 0.864578
vt 0.185294 0.864028
vt 0.185851 0.865284
vt 0.184369 0.864714
vt 0.187858 0.865146
vt 0.187400 0.863774
vt 0.186751 0.863630
vt 0.185462 0.866137
vt 0.183651 0.865726
vt 0.185233 0.867091
vt 0.183245 0.866954
vt 0.187835 0.866802
vt 0.187854 0.865949
vt 0.185121 0.868124
vt 0.183072 0.868262
vt 0.185142 0.869199
vt 0.183171 0.869618
vt 0.187764 0.868671
vt 0.187802 0.867717
vt 0.185317 0.870264
vt 0.183566 0.870936
vt 0.187697 0.870594
vt 0.187727 0.869635
vt 0.143127 0.882752
vt 0.144550 0.882907
vt 0.144307 0.880574
vt 0.143675 0.879744
vt 0.146093 0.879649
vt 0.143172 0.881621
vt 0.141278 0.879493
vt 0.141973 0.880774
vt 0.143324 0.878718
vt 0.146063 0.878655
vt 0.143228 0.877608
vt 0.145995 0.877709
vt 0.141096 0.878102
vt 0.141207 0.876728
vt 0.143283 0.876501
vt 0.145930 0.876750
vt 0.143459 0.875441
vt 0.145863 0.875798
vt 0.141551 0.875432
vt 0.142092 0.874278
vt 0.143736 0.874463
vt 0.145791 0.874884
vt 0.145709 0.874038
vt 0.184698 0.863496
vt 0.183576 0.864455
vt 0.182738 0.865773
vt 0.182279 0.867250
vt 0.182137 0.868783
vt 0.182323 0.870342
vt 0.182847 0.871839
vt 0.147383 0.878866
vt 0.147313 0.876764
vt 0.147195 0.880135
vt 0.147070 0.874816
vt 0.147383 0.877783
vt 0.146620 0.873026
vt 0.147208 0.875773
vt 0.146886 0.873904
vt 0.880366 0.223780
vt 0.879734 0.222741
vt 0.881043 0.223039
vt 0.879428 0.223450
vt 0.878188 0.223080
vt 0.878734 0.224302
vt 0.878356 0.223815
vt 0.879828 0.224242
vt 0.877151 0.214947
vt 0.878716 0.214943
vt 0.877971 0.215613
vt 0.878064 0.214011
vt 0.879583 0.214445
vt 0.878842 0.367692
vt 0.877480 0.367834
vt 0.877700 0.366709
vt 0.880231 0.224772
vt 0.881066 0.224195
vt 0.878370 0.224865
vt 0.877629 0.224200
vt 0.879297 0.225096
vt 0.879275 0.224342
vt 0.875357 0.366757
vt 0.876699 0.367377
vt 0.875900 0.367732
vt 0.876899 0.369590
vt 0.878318 0.368743
vt 0.876456 0.368684
vt 0.875194 0.368262
vt 0.874898 0.369276
vt 0.876481 0.377205
vt 0.876184 0.376284
vt 0.877245 0.376835
vt 0.876688 0.375578
vt 0.878170 0.376148
vt 0.874682 0.375716
vt 0.875140 0.377088
vt 0.875788 0.377232
vt 0.877078 0.374725
vt 0.878888 0.375136
vt 0.877306 0.373771
vt 0.879294 0.373909
vt 0.874704 0.374060
vt 0.874685 0.374913
vt 0.877418 0.372738
vt 0.879467 0.372600
vt 0.877398 0.371663
vt 0.879369 0.371244
vt 0.874775 0.372191
vt 0.874737 0.373145
vt 0.877222 0.370598
vt 0.878973 0.369926
vt 0.874842 0.370268
vt 0.874812 0.371227
vt 0.880672 0.213590
vt 0.879249 0.213435
vt 0.879492 0.215768
vt 0.880124 0.216598
vt 0.877706 0.216693
vt 0.880627 0.214721
vt 0.882521 0.216849
vt 0.881826 0.215568
vt 0.880475 0.217624
vt 0.877736 0.217687
vt 0.880571 0.218733
vt 0.877804 0.218633
vt 0.882703 0.218240
vt 0.882592 0.219613
vt 0.880516 0.219840
vt 0.877869 0.219591
vt 0.880340 0.220901
vt 0.877936 0.220544
vt 0.882248 0.220909
vt 0.881707 0.222064
vt 0.880063 0.221879
vt 0.878008 0.221458
vt 0.878091 0.222304
vt 0.877842 0.377366
vt 0.878963 0.376408
vt 0.879801 0.375089
vt 0.880260 0.373612
vt 0.880402 0.372079
vt 0.880216 0.370520
vt 0.879692 0.369023
vt 0.876416 0.217476
vt 0.876486 0.219577
vt 0.876605 0.216206
vt 0.876729 0.221526
vt 0.876416 0.218559
vt 0.877179 0.223316
vt 0.876591 0.220569
vt 0.876913 0.222438
vt 0.879358 0.258595
vt 0.878726 0.257556
vt 0.880036 0.257854
vt 0.878420 0.258265
vt 0.877180 0.257895
vt 0.877726 0.259116
vt 0.877349 0.258630
vt 0.878820 0.259057
vt 0.876143 0.249761
vt 0.877708 0.249758
vt 0.876963 0.250428
vt 0.877056 0.248826
vt 0.878575 0.249260
vt 0.863233 0.291924
vt 0.861871 0.292065
vt 0.862091 0.290940
vt 0.879224 0.259587
vt 0.880058 0.259010
vt 0.877362 0.259680
vt 0.876621 0.259015
vt 0.878289 0.259911
vt 0.878267 0.259157
vt 0.859748 0.290988
vt 0.861090 0.291608
vt 0.860291 0.291963
vt 0.861289 0.293822
vt 0.862709 0.292974
vt 0.860846 0.292915
vt 0.859585 0.292493
vt 0.859289 0.293507
vt 0.860872 0.301436
vt 0.860575 0.300515
vt 0.861636 0.301066
vt 0.861079 0.299809
vt 0.862561 0.300379
vt 0.859072 0.299947
vt 0.859530 0.301320
vt 0.860179 0.301463
vt 0.861468 0.298956
vt 0.863279 0.299367
vt 0.861697 0.298002
vt 0.863685 0.298140
vt 0.859095 0.298292
vt 0.859076 0.299144
vt 0.861809 0.296969
vt 0.863857 0.296831
vt 0.861788 0.295894
vt 0.863759 0.295475
vt 0.859166 0.296423
vt 0.859128 0.297376
vt 0.861613 0.294829
vt 0.863364 0.294157
vt 0.859233 0.294499
vt 0.859203 0.295458
vt 0.879664 0.248405
vt 0.878241 0.248250
vt 0.878484 0.250583
vt 0.879116 0.251413
vt 0.876698 0.251508
vt 0.879619 0.249536
vt 0.881513 0.251664
vt 0.880818 0.250383
vt 0.879467 0.252439
vt 0.876728 0.252502
vt 0.879563 0.253548
vt 0.876796 0.253448
vt 0.881695 0.253055
vt 0.881584 0.254428
vt 0.879509 0.254655
vt 0.876861 0.254406
vt 0.879332 0.255716
vt 0.876928 0.255359
vt 0.881240 0.255724
vt 0.880699 0.256879
vt 0.879055 0.256694
vt 0.877000 0.256273
vt 0.877083 0.257119
vt 0.862232 0.301597
vt 0.863354 0.300639
vt 0.864192 0.299321
vt 0.864651 0.297843
vt 0.864793 0.296310
vt 0.864607 0.294752
vt 0.864083 0.293254
vt 0.875409 0.252291
vt 0.875478 0.254392
vt 0.875597 0.251021
vt 0.875721 0.256341
vt 0.875409 0.253374
vt 0.876171 0.258131
vt 0.875583 0.255384
vt 0.875906 0.257253
vt 0.189152 0.868843
vt 0.189117 0.869869
vt 0.189123 0.866875
vt 0.189152 0.867842
vt 0.189011 0.870949
vt 0.188906 0.865025
vt 0.189053 0.865945
vt 0.187780 0.864342
vt 0.187861 0.863219
vt 0.188569 0.864040
vt 0.141870 0.873056
vt 0.141115 0.874221
vt 0.140545 0.875589
vt 0.140223 0.877100
vt 0.140204 0.878692
vt 0.140614 0.880320
vt 0.141609 0.881796
vt 0.185757 0.863006
vt 0.188091 0.873332
vt 0.188714 0.872173
vt 0.186851 0.862818
vt 0.873387 0.372019
vt 0.873422 0.370993
vt 0.873416 0.373987
vt 0.873387 0.373020
vt 0.873528 0.369913
vt 0.873633 0.375837
vt 0.873486 0.374917
vt 0.874760 0.376520
vt 0.874678 0.377643
vt 0.873970 0.376823
vt 0.881930 0.223285
vt 0.882685 0.222120
vt 0.883254 0.220753
vt 0.883576 0.219242
vt 0.883595 0.217649
vt 0.883185 0.216022
vt 0.882191 0.214546
vt 0.876782 0.377856
vt 0.874448 0.367530
vt 0.873825 0.368689
vt 0.875688 0.378044
vt 0.857778 0.296251
vt 0.857813 0.295224
vt 0.857807 0.298218
vt 0.857778 0.297251
vt 0.857919 0.294145
vt 0.858023 0.300068
vt 0.857877 0.299148
vt 0.859150 0.300751
vt 0.859069 0.301874
vt 0.858361 0.301054
vt 0.880922 0.258100
vt 0.881677 0.256935
vt 0.882246 0.255568
vt 0.882568 0.254057
vt 0.882587 0.252464
vt 0.882177 0.250837
vt 0.881183 0.249361
vt 0.861173 0.302087
vt 0.858839 0.291761
vt 0.858215 0.292920
vt 0.860079 0.302275
vt 0.688143 0.494816
vt 0.686851 0.487051
vt 0.691795 0.492614
vt 0.690109 0.500451
vt 0.694293 0.499819
vt 0.691099 0.512897
vt 0.683719 0.514473
vt 0.687658 0.510531
vt 0.670864 0.487426
vt 0.675391 0.489017
vt 0.673724 0.490147
vt 0.689944 0.505053
vt 0.694064 0.505960
vt 0.679532 0.488391
vt 0.673894 0.485199
vt 0.680071 0.483952
vt 0.685941 0.517941
vt 0.679100 0.516643
vt 0.667526 0.493273
vt 0.671195 0.494335
vt 0.675242 0.515817
vt 0.679510 0.520361
vt 0.673816 0.519351
vt 0.667526 0.511624
vt 0.673622 0.514693
vt 0.670868 0.517303
vt 0.671140 0.510589
vt 0.672264 0.494813
vt 0.683686 0.492031
vt 0.686624 0.509704
vt 0.687005 0.495604
vt 0.689458 0.500528
vt 0.688809 0.500596
vt 0.687585 0.495195
vt 0.684006 0.491276
vt 0.679530 0.489921
vt 0.679515 0.489118
vt 0.684348 0.490615
vt 0.689294 0.504932
vt 0.687151 0.510133
vt 0.683215 0.513107
vt 0.683456 0.513837
vt 0.679150 0.515094
vt 0.679109 0.515903
vt 0.688643 0.504820
vt 0.674406 0.491132
vt 0.671720 0.494579
vt 0.674072 0.490610
vt 0.675716 0.490110
vt 0.675586 0.489554
vt 0.675525 0.514776
vt 0.673942 0.514258
vt 0.674247 0.513761
vt 0.675413 0.515305
vt 0.671638 0.510354
vt 0.672153 0.510127
vt 0.827118 0.862645
vt 0.830260 0.864640
vt 0.827118 0.864640
vt 0.830260 0.869339
vt 0.827118 0.871335
vt 0.827118 0.869339
vt 0.832529 0.865777
vt 0.830260 0.868203
vt 0.830260 0.865777
vt 0.833402 0.869339
vt 0.830260 0.873470
vt 0.827991 0.865777
vt 0.012525 0.839403
vt 0.008645 0.835165
vt 0.012525 0.835165
vt 0.012525 0.842547
vt 0.008645 0.846346
vt 0.008645 0.842547
vt 0.008645 0.839403
vt 0.830260 0.860510
vt 0.833402 0.864640
vt 0.012525 0.848341
vt 0.008645 0.848341
vt 0.009372 0.833930
vt 0.011798 0.833930
vt 0.832529 0.868203
vt 0.011798 0.849576
vt 0.009372 0.849576
vt 0.827991 0.868203
vt 0.866856 0.173314
vt 0.869125 0.172178
vt 0.869125 0.173314
vt 0.865984 0.170182
vt 0.865984 0.172178
vt 0.869125 0.176876
vt 0.865984 0.178872
vt 0.865984 0.176876
vt 0.871395 0.175740
vt 0.871395 0.173314
vt 0.872267 0.176876
vt 0.869125 0.181007
vt 0.869125 0.175740
vt 0.865294 0.403406
vt 0.861413 0.399168
vt 0.865294 0.399168
vt 0.865294 0.406550
vt 0.861413 0.410349
vt 0.861413 0.406550
vt 0.861413 0.403406
vt 0.869125 0.168047
vt 0.872267 0.172178
vt 0.865294 0.412345
vt 0.861413 0.412345
vt 0.862141 0.397933
vt 0.864567 0.397933
vt 0.862141 0.413579
vt 0.864567 0.413579
vt 0.866856 0.175740
vt 0.860290 0.743560
vt 0.863735 0.761296
vt 0.860290 0.761296
vt 0.874958 0.764740
vt 0.863735 0.764740
vt 0.874958 0.761296
vt 0.878402 0.743560
vt 0.878402 0.761296
vt 0.874958 0.743560
vt 0.863735 0.740116
vt 0.874958 0.740116
vt 0.698342 0.226223
vt 0.709566 0.208487
vt 0.709566 0.226223
vt 0.503013 0.987088
vt 0.505360 0.988059
vt 0.504388 0.990406
vt 0.988870 0.251568
vt 0.987898 0.249222
vt 0.990245 0.248250
vt 0.881348 0.594174
vt 0.891930 0.592800
vt 0.891930 0.594174
vt 0.881348 0.596923
vt 0.891930 0.595548
vt 0.891930 0.596923
vt 0.891930 0.587303
vt 0.881348 0.585928
vt 0.891930 0.585928
vt 0.881348 0.590051
vt 0.891930 0.588677
vt 0.891930 0.590051
vt 0.881348 0.592800
vt 0.891930 0.591426
vt 0.881348 0.588677
vt 0.525804 0.982327
vt 0.526775 0.984673
vt 0.524429 0.985645
vt 0.349483 0.989498
vt 0.347137 0.990470
vt 0.346165 0.988124
vt 0.882082 0.298846
vt 0.892663 0.297471
vt 0.892663 0.298846
vt 0.882082 0.301594
vt 0.892663 0.300220
vt 0.892663 0.301594
vt 0.892663 0.291974
vt 0.882082 0.290600
vt 0.892663 0.290600
vt 0.882082 0.294723
vt 0.892663 0.293348
vt 0.892663 0.294723
vt 0.882082 0.297471
vt 0.892663 0.296097
vt 0.882082 0.291974
vt 0.370090 0.989498
vt 0.367744 0.990470
vt 0.366772 0.988124
vt 0.390697 0.988123
vt 0.389725 0.990470
vt 0.387379 0.989498
vt 0.899261 0.074756
vt 0.888680 0.073382
vt 0.899261 0.073382
vt 0.888680 0.077505
vt 0.899261 0.076130
vt 0.899261 0.077505
vt 0.888680 0.067884
vt 0.899261 0.066510
vt 0.899261 0.067884
vt 0.888680 0.070633
vt 0.899261 0.069259
vt 0.899261 0.070633
vt 0.899261 0.072007
vt 0.888680 0.076130
vt 0.888680 0.072007
vt 0.991216 0.269829
vt 0.990245 0.272175
vt 0.987898 0.271203
vt 0.410934 0.988003
vt 0.411906 0.990349
vt 0.409560 0.991321
vt 0.672144 0.878775
vt 0.661563 0.880149
vt 0.661563 0.878774
vt 0.661563 0.876026
vt 0.672144 0.877400
vt 0.661563 0.877400
vt 0.672144 0.885646
vt 0.661563 0.887020
vt 0.661563 0.885646
vt 0.672144 0.882897
vt 0.661563 0.884272
vt 0.661563 0.882897
vt 0.672144 0.881523
vt 0.661563 0.881523
vt 0.916142 0.147062
vt 0.918488 0.148034
vt 0.917516 0.150380
vt 0.320065 0.987387
vt 0.321036 0.989733
vt 0.318690 0.990705
vt 0.598121 0.895583
vt 0.587539 0.894209
vt 0.598121 0.894209
vt 0.587539 0.898332
vt 0.598121 0.896958
vt 0.598121 0.898332
vt 0.587539 0.888712
vt 0.598121 0.887337
vt 0.598121 0.888712
vt 0.598121 0.891460
vt 0.587539 0.890086
vt 0.598121 0.890086
vt 0.598121 0.892835
vt 0.587539 0.896958
vt 0.587539 0.891460
vt 0.439777 0.987532
vt 0.442123 0.988504
vt 0.441151 0.990850
vt 0.986263 0.191846
vt 0.985291 0.194192
vt 0.982945 0.193220
vt 0.893164 0.406179
vt 0.882583 0.404805
vt 0.893164 0.404805
vt 0.893164 0.408928
vt 0.882583 0.407554
vt 0.893164 0.407554
vt 0.893164 0.399308
vt 0.882583 0.397933
vt 0.893164 0.397933
vt 0.882583 0.402056
vt 0.893164 0.400682
vt 0.893164 0.402056
vt 0.893164 0.403431
vt 0.882583 0.399308
vt 0.842069 0.540433
vt 0.851090 0.562708
vt 0.837426 0.566249
vt 0.755829 0.226178
vt 0.757121 0.218413
vt 0.760773 0.220615
vt 0.759087 0.212778
vt 0.763271 0.213410
vt 0.752697 0.198756
vt 0.760077 0.200332
vt 0.756636 0.202698
vt 0.744369 0.224212
vt 0.739842 0.225803
vt 0.742702 0.223082
vt 0.758922 0.208176
vt 0.763042 0.207269
vt 0.742872 0.228030
vt 0.748510 0.224838
vt 0.749049 0.229277
vt 0.748077 0.196586
vt 0.754919 0.195288
vt 0.736504 0.219955
vt 0.740173 0.218894
vt 0.748488 0.192867
vt 0.744220 0.197412
vt 0.742794 0.193878
vt 0.736504 0.201604
vt 0.742599 0.198536
vt 0.740118 0.202640
vt 0.739845 0.195926
vt 0.755601 0.203525
vt 0.752664 0.221198
vt 0.741242 0.218416
vt 0.758436 0.212701
vt 0.755983 0.217625
vt 0.757787 0.212633
vt 0.756563 0.218034
vt 0.752984 0.221953
vt 0.748508 0.223308
vt 0.753326 0.222613
vt 0.748493 0.224110
vt 0.758272 0.208297
vt 0.757621 0.208409
vt 0.756129 0.203096
vt 0.752193 0.200122
vt 0.752434 0.199392
vt 0.748128 0.198135
vt 0.748087 0.197326
vt 0.743384 0.222097
vt 0.740698 0.218650
vt 0.743050 0.222619
vt 0.744694 0.223119
vt 0.744564 0.223675
vt 0.742920 0.198971
vt 0.744502 0.198453
vt 0.743225 0.199468
vt 0.744391 0.197924
vt 0.740616 0.202875
vt 0.741131 0.203102
vt 0.411730 0.869654
vt 0.408588 0.871650
vt 0.408588 0.869654
vt 0.411730 0.864956
vt 0.408588 0.862960
vt 0.411730 0.860825
vt 0.413999 0.868518
vt 0.411730 0.866092
vt 0.413999 0.866092
vt 0.414872 0.864956
vt 0.414872 0.860717
vt 0.409461 0.868518
vt 0.411730 0.868518
vt 0.865294 0.432103
vt 0.861413 0.436341
vt 0.861413 0.432103
vt 0.865294 0.443284
vt 0.861413 0.439485
vt 0.865294 0.439485
vt 0.865294 0.436341
vt 0.414872 0.869654
vt 0.411730 0.873785
vt 0.861413 0.445279
vt 0.865294 0.445279
vt 0.864567 0.430868
vt 0.862141 0.430868
vt 0.862141 0.446514
vt 0.864567 0.446514
vt 0.409461 0.866092
vt 0.318591 0.864247
vt 0.320860 0.865383
vt 0.317719 0.865383
vt 0.317719 0.867379
vt 0.320860 0.860685
vt 0.317719 0.858689
vt 0.320860 0.856554
vt 0.320860 0.864247
vt 0.323129 0.861821
vt 0.323129 0.864247
vt 0.324002 0.860685
vt 0.324002 0.856446
vt 0.320860 0.861821
vt 0.860179 0.600340
vt 0.864059 0.596101
vt 0.864059 0.600340
vt 0.860179 0.589158
vt 0.864059 0.592957
vt 0.860179 0.592957
vt 0.860179 0.596101
vt 0.324002 0.865383
vt 0.320860 0.869514
vt 0.864059 0.587163
vt 0.860179 0.587163
vt 0.860906 0.601574
vt 0.863332 0.601574
vt 0.863332 0.585928
vt 0.860906 0.585928
vt 0.318591 0.861821
vt 0.878402 0.701647
vt 0.874958 0.719383
vt 0.874958 0.701647
vt 0.863735 0.722827
vt 0.874958 0.722827
vt 0.860290 0.701647
vt 0.863735 0.719383
vt 0.860290 0.719383
vt 0.874958 0.698203
vt 0.863735 0.701647
vt 0.863735 0.698203
vt 0.842889 0.603664
vt 0.831666 0.585928
vt 0.842889 0.585928
vt 0.587539 0.988785
vt 0.589885 0.987813
vt 0.590857 0.990160
vt 0.920745 0.194914
vt 0.918398 0.195886
vt 0.917427 0.193540
vt 0.889556 0.174811
vt 0.900138 0.176185
vt 0.889556 0.176185
vt 0.889556 0.177559
vt 0.900138 0.178934
vt 0.889556 0.178934
vt 0.889556 0.169313
vt 0.900138 0.167939
vt 0.900138 0.169313
vt 0.889556 0.170688
vt 0.900138 0.172062
vt 0.889556 0.172062
vt 0.900138 0.173436
vt 0.900138 0.174811
vt 0.900138 0.177559
vt 0.900138 0.170688
vt 0.889556 0.173436
vt 0.983079 0.565713
vt 0.984051 0.563367
vt 0.986397 0.564339
vt 0.461323 0.987366
vt 0.460351 0.985020
vt 0.462697 0.984048
vt 0.317719 0.893782
vt 0.328300 0.895157
vt 0.317719 0.895157
vt 0.317719 0.896531
vt 0.328300 0.897905
vt 0.317719 0.897905
vt 0.317719 0.888285
vt 0.328300 0.886911
vt 0.328300 0.888285
vt 0.317719 0.889659
vt 0.328300 0.891034
vt 0.317719 0.891034
vt 0.317719 0.892408
vt 0.328300 0.893782
vt 0.328300 0.896531
vt 0.328300 0.889659
vt 0.328300 0.892408
vt 0.918532 0.568379
vt 0.917561 0.566033
vt 0.919907 0.565061
vt 0.009616 0.988984
vt 0.008645 0.986638
vt 0.010991 0.985666
vt 0.882583 0.442391
vt 0.893165 0.443765
vt 0.882583 0.443765
vt 0.882583 0.445139
vt 0.893165 0.446514
vt 0.882583 0.446514
vt 0.882583 0.435519
vt 0.893165 0.436894
vt 0.882583 0.436894
vt 0.882583 0.438268
vt 0.893165 0.439642
vt 0.882583 0.439642
vt 0.882583 0.441016
vt 0.893165 0.442391
vt 0.893165 0.445139
vt 0.893165 0.438268
vt 0.893165 0.441016
vt 0.936749 0.147062
vt 0.939095 0.148034
vt 0.938123 0.150380
vt 0.938034 0.194914
vt 0.939005 0.192568
vt 0.941352 0.193540
vt 0.886597 0.790275
vt 0.897178 0.788901
vt 0.897178 0.790275
vt 0.886597 0.793024
vt 0.897178 0.791649
vt 0.897178 0.793024
vt 0.886597 0.782029
vt 0.897178 0.783403
vt 0.886597 0.783403
vt 0.886597 0.784778
vt 0.897178 0.786152
vt 0.886597 0.786152
vt 0.886597 0.788901
vt 0.897178 0.787526
vt 0.886597 0.791649
vt 0.897178 0.784778
vt 0.886597 0.787526
vt 0.985713 0.368715
vt 0.986685 0.366369
vt 0.989031 0.367340
vt 0.482407 0.990406
vt 0.481435 0.988060
vt 0.483781 0.987088
vt 0.622482 0.884428
vt 0.633064 0.883054
vt 0.633064 0.884428
vt 0.622482 0.887177
vt 0.633064 0.885803
vt 0.633064 0.887177
vt 0.622482 0.877557
vt 0.633064 0.876182
vt 0.633064 0.877557
vt 0.622482 0.878931
vt 0.633064 0.880305
vt 0.622482 0.880305
vt 0.622482 0.881680
vt 0.622482 0.883054
vt 0.622482 0.885803
vt 0.633064 0.878931
vt 0.633064 0.881680
vt 0.939139 0.565061
vt 0.941486 0.566033
vt 0.940514 0.568379
vt 0.889629 0.985634
vt 0.887283 0.984662
vt 0.888254 0.982316
vt 0.534039 0.884599
vt 0.523457 0.885974
vt 0.523457 0.884599
vt 0.534039 0.881851
vt 0.523457 0.883225
vt 0.523457 0.881851
vt 0.534039 0.892845
vt 0.523457 0.891471
vt 0.534039 0.891471
vt 0.534039 0.890097
vt 0.523457 0.888722
vt 0.534039 0.888722
vt 0.534039 0.887348
vt 0.534039 0.885974
vt 0.534039 0.883225
vt 0.523457 0.890097
vt 0.523457 0.887348
vt 0.835031 0.170330
vt 0.848694 0.173871
vt 0.839673 0.196146
vt 0.664475 0.790032
vt 0.671814 0.793496
vt 0.664475 0.793496
vt 0.664475 0.796505
vt 0.671814 0.800715
vt 0.664475 0.800715
vt 0.671814 0.787023
vt 0.664475 0.782813
vt 0.671814 0.782813
vt 0.868509 0.782029
vt 0.861127 0.789411
vt 0.861127 0.782029
vt 0.861676 0.521600
vt 0.862386 0.515488
vt 0.867564 0.515229
vt 0.671814 0.789029
vt 0.671814 0.790032
vt 0.664475 0.789029
vt 0.671814 0.788026
vt 0.664475 0.788026
vt 0.664475 0.794499
vt 0.671814 0.794499
vt 0.664475 0.795502
vt 0.671814 0.795502
vt 0.867161 0.794927
vt 0.866867 0.794071
vt 0.867566 0.794509
vt 0.862238 0.790724
vt 0.868509 0.789411
vt 0.867380 0.790731
vt 0.862366 0.794861
vt 0.862752 0.796528
vt 0.861504 0.796150
vt 0.861984 0.794439
vt 0.860574 0.795164
vt 0.860290 0.793825
vt 0.861739 0.793771
vt 0.866709 0.796591
vt 0.866488 0.795228
vt 0.867990 0.796260
vt 0.869308 0.793924
vt 0.868977 0.795288
vt 0.867839 0.793839
vt 0.863015 0.795178
vt 0.964745 0.145782
vt 0.964472 0.150266
vt 0.961040 0.150407
vt 0.862882 0.794212
vt 0.862571 0.793640
vt 0.867013 0.793688
vt 0.862696 0.794023
vt 0.862664 0.791189
vt 0.866943 0.791181
vt 0.866657 0.794262
vt 0.863273 0.794383
vt 0.866233 0.794417
vt 0.715591 0.486110
vt 0.719496 0.485142
vt 0.720583 0.487408
vt 0.780616 0.209154
vt 0.788667 0.211643
vt 0.780635 0.211704
vt 0.715591 0.509884
vt 0.711582 0.507125
vt 0.711582 0.506019
vt 0.788789 0.198409
vt 0.780560 0.197177
vt 0.788875 0.197217
vt 0.715591 0.501954
vt 0.711582 0.494040
vt 0.715591 0.494040
vt 0.781506 0.204074
vt 0.787473 0.203795
vt 0.787730 0.204048
vt 0.788616 0.204950
vt 0.788647 0.209093
vt 0.719496 0.501954
vt 0.719496 0.494040
vt 0.719496 0.510852
vt 0.720583 0.508586
vt 0.711582 0.488869
vt 0.711582 0.489975
vt 0.780560 0.192867
vt 0.788950 0.192867
vt 0.711582 0.501954
vt 0.788718 0.218464
vt 0.780686 0.218524
vt 0.781518 0.199283
vt 0.787825 0.199315
vt 0.780590 0.198356
vt 0.780584 0.205010
vt 0.370382 0.789843
vt 0.374982 0.796014
vt 0.370382 0.796014
vt 0.781797 0.199550
vt 0.781782 0.203798
vt 0.787529 0.199576
vt 0.455203 0.841797
vt 0.457697 0.840298
vt 0.457615 0.841845
vt 0.455066 0.828872
vt 0.458004 0.825799
vt 0.458895 0.828237
vt 0.450997 0.816656
vt 0.452723 0.814397
vt 0.453250 0.815816
vt 0.455264 0.843320
vt 0.457588 0.843361
vt 0.455302 0.830985
vt 0.458841 0.830832
vt 0.451521 0.818172
vt 0.453836 0.817245
vt 0.455373 0.833024
vt 0.458618 0.833115
vt 0.452106 0.819726
vt 0.454508 0.818706
vt 0.455358 0.834957
vt 0.458340 0.835150
vt 0.452732 0.821337
vt 0.455273 0.820236
vt 0.455303 0.836783
vt 0.458073 0.836992
vt 0.453378 0.823038
vt 0.456127 0.821886
vt 0.455239 0.838518
vt 0.457852 0.838693
vt 0.454020 0.824852
vt 0.457052 0.823714
vt 0.455197 0.840186
vt 0.454611 0.826797
vt 0.452532 0.840135
vt 0.451118 0.825735
vt 0.452544 0.841883
vt 0.451571 0.827542
vt 0.447824 0.815656
vt 0.450549 0.815204
vt 0.452540 0.843808
vt 0.452156 0.831255
vt 0.448485 0.817457
vt 0.452324 0.833134
vt 0.449037 0.819093
vt 0.452459 0.834961
vt 0.449606 0.820697
vt 0.452540 0.836709
vt 0.450157 0.822306
vt 0.452545 0.838420
vt 0.450650 0.823976
vt 0.448148 0.841707
vt 0.450960 0.840124
vt 0.450948 0.841762
vt 0.447011 0.818070
vt 0.446383 0.816629
vt 0.447562 0.819608
vt 0.448100 0.821165
vt 0.448611 0.822779
vt 0.449053 0.824450
vt 0.449457 0.826151
vt 0.449851 0.827903
vt 0.451889 0.829386
vt 0.450153 0.829710
vt 0.450414 0.831513
vt 0.450606 0.833293
vt 0.450787 0.835037
vt 0.450916 0.836767
vt 0.450959 0.838468
vt 0.450855 0.843366
vt 0.439082 0.824383
vt 0.443320 0.822475
vt 0.443616 0.823948
vt 0.446954 0.830222
vt 0.444434 0.819061
vt 0.448008 0.843288
vt 0.447280 0.831958
vt 0.444900 0.820503
vt 0.447498 0.833684
vt 0.445346 0.822000
vt 0.447779 0.835346
vt 0.445740 0.823546
vt 0.447940 0.836972
vt 0.446099 0.825144
vt 0.448061 0.838573
vt 0.446446 0.826775
vt 0.448122 0.840155
vt 0.446703 0.828463
vt 0.443755 0.817637
vt 0.442679 0.819844
vt 0.442336 0.818767
vt 0.442996 0.821111
vt 0.443888 0.825515
vt 0.444151 0.827173
vt 0.444351 0.828896
vt 0.444575 0.830626
vt 0.444915 0.832343
vt 0.445203 0.834037
vt 0.445538 0.835669
vt 0.445779 0.837260
vt 0.445966 0.838766
vt 0.446091 0.840178
vt 0.446191 0.841494
vt 0.446221 0.842672
vt 0.939801 0.676048
vt 0.940509 0.679608
vt 0.936950 0.680316
vt 0.441302 0.838280
vt 0.439030 0.825933
vt 0.441750 0.839647
vt 0.438944 0.827630
vt 0.442116 0.840942
vt 0.438851 0.829496
vt 0.442415 0.842190
vt 0.438805 0.831551
vt 0.438937 0.820366
vt 0.442670 0.843412
vt 0.439489 0.833488
vt 0.439035 0.821625
vt 0.440153 0.835231
vt 0.439085 0.822955
vt 0.440768 0.836818
vt 0.658258 0.280130
vt 0.672595 0.293766
vt 0.649199 0.298640
vt 0.663205 0.270021
vt 0.655742 0.248250
vt 0.670359 0.255404
vt 0.624076 0.270021
vt 0.643641 0.272976
vt 0.634582 0.291486
vt 0.624076 0.312952
vt 0.638693 0.320105
vt 0.648588 0.262867
vt 0.638341 0.104725
vt 0.635390 0.097600
vt 0.642515 0.094648
vt 0.576337 0.087309
vt 0.578854 0.086062
vt 0.578889 0.087293
vt 0.570138 0.104959
vt 0.568676 0.087134
vt 0.571231 0.087240
vt 0.585901 0.104590
vt 0.581437 0.087192
vt 0.583987 0.087061
vt 0.576456 0.105144
vt 0.579612 0.105057
vt 0.573783 0.087318
vt 0.573295 0.105100
vt 0.563850 0.104375
vt 0.566990 0.104717
vt 0.586598 0.086742
vt 0.589031 0.104206
vt 0.582760 0.104872
vt 0.581360 0.085977
vt 0.585313 0.008758
vt 0.583826 0.085888
vt 0.573805 0.086085
vt 0.566053 0.086844
vt 0.568824 0.085956
vt 0.586155 0.085760
vt 0.576330 0.086076
vt 0.571295 0.086022
vt 0.862178 0.896976
vt 0.862831 0.894965
vt 0.863922 0.896499
vt 0.579187 0.008663
vt 0.573054 0.008645
vt 0.566488 0.085847
vt 0.566918 0.008705
vt 0.588373 0.008834
vt 0.582250 0.008701
vt 0.576121 0.008645
vt 0.569987 0.008666
vt 0.863203 0.892458
vt 0.868118 0.890845
vt 0.864761 0.893235
vt 0.859598 0.890598
vt 0.863425 0.889254
vt 0.860354 0.894491
vt 0.861427 0.893016
vt 0.860557 0.896246
vt 0.857335 0.893843
vt 0.861827 0.900113
vt 0.857654 0.898333
vt 0.868118 0.895854
vt 0.865562 0.898908
vt 0.864956 0.894983
vt 0.862416 0.894919
vt 0.862506 0.894513
vt 0.862376 0.894708
vt 0.862736 0.894449
vt 0.862962 0.894770
vt 0.862605 0.895025
vt 0.862925 0.894554
vt 0.766760 0.991355
vt 0.764695 0.990500
vt 0.765550 0.988434
vt 0.882479 0.463803
vt 0.884544 0.464658
vt 0.883689 0.466724
vt 0.584617 0.397933
vt 0.583407 0.482907
vt 0.583407 0.397933
vt 0.582197 0.397933
vt 0.580987 0.482907
vt 0.580987 0.397933
vt 0.579777 0.397933
vt 0.578567 0.482907
vt 0.578567 0.397933
vt 0.577357 0.397933
vt 0.576147 0.482907
vt 0.576147 0.397933
vt 0.582197 0.482907
vt 0.579777 0.482907
vt 0.577357 0.482907
vt 0.574938 0.482907
vt 0.574938 0.397933
vt 0.860256 0.988852
vt 0.859400 0.990917
vt 0.857335 0.990062
vt 0.829183 0.988281
vt 0.830039 0.990346
vt 0.827973 0.991202
vt 0.606449 0.207407
vt 0.607659 0.122433
vt 0.607659 0.207407
vt 0.608869 0.207407
vt 0.610079 0.122433
vt 0.610079 0.207407
vt 0.601609 0.207407
vt 0.602819 0.122433
vt 0.602819 0.207407
vt 0.604029 0.207407
vt 0.605239 0.122433
vt 0.605239 0.207407
vt 0.608869 0.122433
vt 0.600399 0.207407
vt 0.601609 0.122433
vt 0.604029 0.122433
vt 0.606449 0.122433
vt 0.861413 0.465868
vt 0.862269 0.463803
vt 0.864334 0.464658
vt 0.978245 0.837484
vt 0.979101 0.835419
vt 0.981166 0.836274
vt 0.600738 0.333224
vt 0.601947 0.248250
vt 0.601947 0.333224
vt 0.604367 0.333224
vt 0.603157 0.248250
vt 0.604367 0.248250
vt 0.605577 0.333224
vt 0.606787 0.248250
vt 0.606787 0.333224
vt 0.598318 0.333224
vt 0.599528 0.248250
vt 0.599528 0.333224
vt 0.603157 0.333224
vt 0.605577 0.248250
vt 0.597108 0.333224
vt 0.598318 0.248250
vt 0.600738 0.248250
vt 0.103603 0.779241
vt 0.120909 0.775824
vt 0.114021 0.786303
vt 0.122804 0.786248
vt 0.119490 0.793956
vt 0.110639 0.768862
vt 0.119808 0.770065
vt 0.122915 0.777859
vt 0.113479 0.799810
vt 0.106098 0.798360
vt 0.095509 0.791182
vt 0.097296 0.802806
vt 0.089785 0.799626
vt 0.105685 0.802917
vt 0.039489 0.673473
vt 0.049906 0.688266
vt 0.035973 0.688081
vt 0.031978 0.670294
vt 0.023501 0.682801
vt 0.047878 0.673585
vt 0.062849 0.683106
vt 0.055672 0.670477
vt 0.072832 0.673385
vt 0.065108 0.648526
vt 0.073360 0.633708
vt 0.078521 0.646651
vt 0.062001 0.640733
vt 0.063575 0.623681
vt 0.064997 0.656916
vt 0.078335 0.660584
vt 0.061683 0.664624
vt 0.086265 0.349230
vt 0.110203 0.357620
vt 0.086246 0.357620
vt 0.086196 0.374401
vt 0.110130 0.382791
vt 0.086172 0.382791
vt 0.110112 0.391181
vt 0.086154 0.391181
vt 0.086146 0.407727
vt 0.110102 0.399571
vt 0.110103 0.407727
vt 0.086145 0.399571
vt 0.086222 0.366010
vt 0.110153 0.374401
vt 0.110179 0.366010
vt 0.086275 0.340794
vt 0.110222 0.349230
vt 0.392489 0.022655
vt 0.399131 0.036589
vt 0.392485 0.036589
vt 0.392497 0.008645
vt 0.399135 0.022655
vt 0.392485 0.050523
vt 0.399131 0.050523
vt 0.392490 0.064457
vt 0.399136 0.064457
vt 0.392519 0.106259
vt 0.399154 0.092325
vt 0.399165 0.106259
vt 0.392529 0.119803
vt 0.399175 0.119803
vt 0.392508 0.092325
vt 0.399144 0.078391
vt 0.392498 0.078391
vt 0.178008 0.643906
vt 0.172636 0.615107
vt 0.189692 0.626668
vt 0.160706 0.632178
vt 0.155389 0.618596
vt 0.182197 0.613264
vt 0.195135 0.618640
vt 0.168263 0.613264
vt 0.140204 0.641322
vt 0.146981 0.651816
vt 0.164566 0.663736
vt 0.145537 0.668130
vt 0.155060 0.677759
vt 0.140204 0.655256
vt 0.100369 0.761900
vt 0.093185 0.772179
vt 0.089983 0.764001
vt 0.106125 0.760790
vt 0.113916 0.764028
vt 0.097735 0.760790
vt 0.080840 0.777686
vt 0.084920 0.784005
vt 0.084051 0.793828
vt 0.080840 0.786076
vt 0.026244 0.664495
vt 0.008645 0.660297
vt 0.023033 0.656744
vt 0.013977 0.673171
vt 0.008645 0.646363
vt 0.023033 0.648353
vt 0.013977 0.633490
vt 0.026244 0.640602
vt 0.039928 0.631458
vt 0.050637 0.618305
vt 0.048318 0.631458
vt 0.056109 0.634695
vt 0.032177 0.634669
vt 0.036703 0.618305
vt 0.023830 0.623637
vt 0.110203 0.457833
vt 0.086265 0.466223
vt 0.086246 0.457833
vt 0.110130 0.432663
vt 0.086196 0.441053
vt 0.086172 0.432663
vt 0.110112 0.424272
vt 0.086154 0.424272
vt 0.110102 0.415882
vt 0.086145 0.415882
vt 0.110153 0.441053
vt 0.086222 0.449443
vt 0.110179 0.449443
vt 0.110222 0.466223
vt 0.086275 0.474660
vt 0.399131 0.203016
vt 0.392489 0.216950
vt 0.392485 0.203017
vt 0.399135 0.216950
vt 0.392497 0.230961
vt 0.392486 0.189082
vt 0.392490 0.175149
vt 0.399131 0.189082
vt 0.392519 0.133346
vt 0.399154 0.147280
vt 0.392508 0.147280
vt 0.399165 0.133346
vt 0.399144 0.161215
vt 0.392498 0.161215
vt 0.399136 0.175148
vt 0.206748 0.638230
vt 0.195310 0.655634
vt 0.209895 0.655542
vt 0.204392 0.668343
vt 0.204920 0.628666
vt 0.210080 0.641609
vt 0.194409 0.678064
vt 0.182151 0.675656
vt 0.167533 0.683039
vt 0.181465 0.683225
vt 0.298752 0.641507
vt 0.276274 0.650561
vt 0.276274 0.641507
vt 0.224181 0.420336
vt 0.202466 0.372215
vt 0.226636 0.365161
vt 0.532536 0.616945
vt 0.502430 0.561953
vt 0.532536 0.561130
vt 0.193736 0.459090
vt 0.217993 0.454273
vt 0.216382 0.463183
vt 0.200647 0.420850
vt 0.195346 0.450181
vt 0.527776 0.540432
vt 0.532536 0.540432
vt 0.198595 0.355220
vt 0.219210 0.332751
vt 0.346424 0.641507
vt 0.356407 0.652947
vt 0.345083 0.666198
vt 0.192065 0.345827
vt 0.216493 0.328843
vt 0.523482 0.639423
vt 0.497313 0.616945
vt 0.192065 0.468340
vt 0.214711 0.472432
vt 0.296784 0.672187
vt 0.541935 0.561130
vt 0.541935 0.616945
vt 0.276274 0.632108
vt 0.298752 0.632108
vt 0.532536 0.639423
vt 0.493253 0.185923
vt 0.517664 0.195322
vt 0.493253 0.195322
vt 0.514334 0.176511
vt 0.486349 0.166410
vt 0.298752 0.622709
vt 0.276274 0.613655
vt 0.296784 0.592028
vt 0.142659 0.420336
vt 0.164374 0.372215
vt 0.166193 0.420850
vt 0.551334 0.616945
vt 0.581440 0.561953
vt 0.586557 0.616945
vt 0.148848 0.454273
vt 0.173104 0.459090
vt 0.150458 0.463183
vt 0.551334 0.561130
vt 0.556094 0.540433
vt 0.140204 0.365161
vt 0.168245 0.355220
vt 0.356407 0.611268
vt 0.346424 0.622709
vt 0.345083 0.598017
vt 0.147630 0.332751
vt 0.174775 0.345827
vt 0.560388 0.639423
vt 0.174775 0.468340
vt 0.152129 0.472432
vt 0.551334 0.639423
vt 0.493253 0.204721
vt 0.514334 0.214132
vt 0.517664 0.204721
vt 0.471757 0.564587
vt 0.209008 0.082379
vt 0.065780 0.018975
vt 0.090972 0.582138
vt 0.216066 0.237002
vt 0.243164 0.204520
vt 0.416464 0.230605
vt 0.122915 0.323505
vt 0.257583 0.309814
vt 0.122915 0.743501
vt 0.497313 0.442835
vt 0.497313 0.479726
vt 0.103654 0.678183
vt 0.049595 0.481271
vt 0.375196 0.142839
vt 0.639160 0.833918
vt 0.071094 0.498560
vt 0.393239 0.498448
vt 0.325735 0.008645
vt 0.279624 0.770817
vt 0.008645 0.478378
vt 0.471757 0.432309
vt 0.348049 0.724910
vt 0.583110 0.212622
vt 0.505610 0.083110
vt 0.630976 0.483952
vt 0.008645 0.323505
vt 0.141606 0.309814
vt 0.583110 0.145060
vt 0.298814 0.574739
vt 0.276274 0.492947
vt 0.515171 0.008645
vt 0.227369 0.613264
vt 0.227369 0.678183
vt 0.505610 0.149121
vt 0.276274 0.142839
vt 0.854712 0.066510
vt 0.422215 0.586005
vt 0.140204 0.489721
vt 0.579819 0.248250
vt 0.555553 0.451060
vt 0.254537 0.489721
vt 0.246020 0.328843
vt 0.832412 0.213435
vt 0.832412 0.230070
vt 0.648537 0.214676
vt 0.601121 0.379347
vt 0.603875 0.362358
vt 0.597180 0.356508
vt 0.821307 0.380611
vt 0.587642 0.854033
vt 0.598691 0.868448
vt 0.647186 0.792098
vt 0.647186 0.807344
vt 0.645942 0.811987
vt 0.642543 0.815385
vt 0.625542 0.816629
vt 0.623378 0.815733
vt 0.622482 0.813569
vt 0.623378 0.783709
vt 0.625542 0.782813
vt 0.637901 0.782813
vt 0.645942 0.787456
vt 0.140204 0.595975
vt 0.579819 0.354503
vt 0.534953 0.166410
vt 0.246020 0.435096
vt 0.188421 0.839560
vt 0.627368 0.221279
vt 0.182137 0.834862
vt 0.453778 0.212945
vt 0.462362 0.200219
vt 0.460573 0.216181
vt 0.847347 0.366369
vt 0.831066 0.071153
vt 0.832310 0.075795
vt 0.832310 0.091041
vt 0.831066 0.095684
vt 0.823025 0.100326
vt 0.810667 0.100326
vt 0.808503 0.099430
vt 0.807607 0.069570
vt 0.808503 0.067406
vt 0.810667 0.066510
vt 0.827668 0.067754
vt 0.320178 0.265491
vt 0.639868 0.609119
vt 0.638334 0.585287
vt 0.775599 0.873264
vt 0.773041 0.874324
vt 0.770271 0.874324
vt 0.767713 0.873264
vt 0.765755 0.871306
vt 0.764695 0.868748
vt 0.764695 0.865978
vt 0.767713 0.861462
vt 0.770271 0.860402
vt 0.773041 0.860402
vt 0.777557 0.863420
vt 0.778617 0.865978
vt 0.778617 0.868748
vt 0.498837 0.842098
vt 0.493063 0.842098
vt 0.487728 0.839888
vt 0.483645 0.835805
vt 0.481435 0.830470
vt 0.481435 0.824695
vt 0.483645 0.819360
vt 0.493063 0.813067
vt 0.498837 0.813067
vt 0.504173 0.815277
vt 0.510466 0.824695
vt 0.510466 0.830470
vt 0.508256 0.835805
vt 0.351811 0.948526
vt 0.887283 0.934752
vt 0.080840 0.896041
vt 0.210631 0.945848
vt 0.529103 0.942103
vt 0.933152 0.937227
vt 0.918426 0.491357
vt 0.764695 0.796793
vt 0.487081 0.891864
vt 0.792073 0.654073
vt 0.917427 0.175279
vt 0.787630 0.891613
vt 0.792073 0.633747
vt 0.937402 0.782029
vt 0.938798 0.880629
vt 0.809361 0.711189
vt 0.086486 0.945298
vt 0.809361 0.731514
vt 0.938105 0.129773
vt 0.810520 0.410919
vt 0.369100 0.891929
vt 0.810520 0.431244
vt 0.444451 0.892309
vt 0.624842 0.976658
vt 0.159853 0.976436
vt 0.714923 0.973379
vt 0.963430 0.541231
vt 0.955822 0.296246
vt 0.717779 0.927509
vt 0.140204 0.955099
vt 0.461740 0.966759
vt 0.008645 0.894725
vt 0.912146 0.956948
vt 0.159422 0.950252
vt 0.895635 0.633318
vt 0.892727 0.094794
vt 0.890066 0.883062
vt 0.859694 0.966659
vt 0.827118 0.970992
vt 0.980930 0.723588
vt 0.501083 0.969799
vt 0.963296 0.190874
vt 0.877069 0.321724
vt 0.879264 0.325028
vt 0.831694 0.757773
vt 0.837463 0.767007
vt 0.843001 0.757617
vt 0.873681 0.332266
vt 0.842558 0.754057
vt 0.869912 0.330564
vt 0.842954 0.750593
vt 0.867732 0.327266
vt 0.837189 0.741250
vt 0.831694 0.750778
vt 0.832050 0.754170
vt 0.287117 0.705885
vt 0.287179 0.727754
vt 0.363764 0.265470
vt 0.641849 0.677266
vt 0.385723 0.860717
vt 0.388281 0.861777
vt 0.390239 0.863735
vt 0.391299 0.866294
vt 0.391299 0.869063
vt 0.390239 0.871621
vt 0.388281 0.873580
vt 0.382953 0.874639
vt 0.380395 0.873580
vt 0.378437 0.871621
vt 0.377377 0.866294
vt 0.378437 0.863735
vt 0.380395 0.861777
vt 0.098243 0.849237
vt 0.092468 0.849237
vt 0.087133 0.847027
vt 0.083050 0.842944
vt 0.080840 0.837609
vt 0.080840 0.831834
vt 0.083050 0.826499
vt 0.092468 0.820206
vt 0.098243 0.820206
vt 0.103578 0.822416
vt 0.109871 0.831834
vt 0.109871 0.837609
vt 0.107661 0.842944
vt 0.915598 0.297939
vt 0.938778 0.698203
vt 0.916099 0.442859
vt 0.938778 0.722832
vt 0.667209 0.911649
vt 0.239653 0.928557
vt 0.941504 0.658376
vt 0.811981 0.122433
vt 0.414234 0.923150
vt 0.737581 0.782983
vt 0.915843 0.754800
vt 0.910016 0.094794
vt 0.737581 0.803308
vt 0.916550 0.073850
vt 0.216276 0.928559
vt 0.811141 0.261235
vt 0.323364 0.939823
vt 0.811141 0.281560
vt 0.923819 0.220775
vt 0.145248 0.798619
vt 0.628128 0.936434
vt 0.145248 0.778294
vt 0.932154 0.593268
vt 0.977665 0.942946
vt 0.933152 0.981498
vt 0.977399 0.290600
vt 0.956323 0.398732
vt 0.461740 0.943825
vt 0.961712 0.749719
vt 0.960337 0.787675
vt 0.956323 0.441165
vt 0.957149 0.009444
vt 0.964348 0.066510
vt 0.661563 0.959213
vt 0.895491 0.490927
vt 0.807341 0.608144
vt 0.898554 0.735037
vt 0.975541 0.397933
vt 0.737516 0.973455
vt 0.052985 0.972508
vt 0.979555 0.786077
vt 0.963430 0.567415
vt 0.220093 0.868779
vt 0.844124 0.407161
vt 0.838307 0.397933
vt 0.832853 0.407466
vt 0.216690 0.879301
vt 0.833210 0.410851
vt 0.212900 0.877610
vt 0.832853 0.414459
vt 0.838670 0.423686
vt 0.844124 0.414154
vt 0.216326 0.867078
vt 0.843767 0.410769
vt 0.731019 0.741883
vt 0.276324 0.432240
vt 0.687051 0.466559
vt 0.866993 0.484017
vt 0.869763 0.484017
vt 0.872321 0.485077
vt 0.874279 0.487035
vt 0.875339 0.489594
vt 0.875339 0.492363
vt 0.874279 0.494922
vt 0.869763 0.497940
vt 0.866993 0.497940
vt 0.864435 0.496880
vt 0.861417 0.492363
vt 0.861417 0.489594
vt 0.862477 0.487035
vt 0.357793 0.814397
vt 0.363568 0.814397
vt 0.368903 0.816607
vt 0.372986 0.820690
vt 0.375196 0.826025
vt 0.375196 0.831800
vt 0.372986 0.837135
vt 0.363568 0.843428
vt 0.357793 0.843428
vt 0.352458 0.841218
vt 0.346165 0.831800
vt 0.346165 0.826025
vt 0.348375 0.820690
vt 0.918569 0.653469
vt 0.934214 0.008645
vt 0.369100 0.941186
vt 0.103775 0.920669
vt 0.923207 0.547772
vt 0.935715 0.484017
vt 0.764695 0.916242
vt 0.764667 0.581083
vt 0.593185 0.947590
vt 0.692915 0.782983
vt 0.944423 0.747461
vt 0.912780 0.515986
vt 0.692915 0.803308
vt 0.945131 0.066510
vt 0.918804 0.821422
vt 0.809333 0.553418
vt 0.926272 0.366369
vt 0.809333 0.573743
vt 0.916808 0.327388
vt 0.276274 0.922160
vt 0.457180 0.759432
vt 0.941738 0.814082
vt 0.956087 0.974723
vt 0.982515 0.171987
vt 0.692915 0.977426
vt 0.956087 0.948539
vt 0.960578 0.511799
vt 0.715850 0.905373
vt 0.032906 0.954420
vt 0.622482 0.959369
vt 0.960722 0.626408
vt 0.955886 0.095593
vt 0.958016 0.878936
vt 0.897881 0.129344
vt 0.893990 0.008645
vt 0.898554 0.701065
vt 0.972048 0.213435
vt 0.481435 0.969799
vt 0.975181 0.039754
vt 0.978011 0.630455
vt 0.387821 0.965815
vt 0.251055 0.877273
vt 0.240001 0.869095
vt 0.831741 0.714617
vt 0.837506 0.723961
vt 0.843001 0.714432
vt 0.842645 0.711041
vt 0.843001 0.707438
vt 0.837232 0.698203
vt 0.831694 0.707594
vt 0.245345 0.867079
vt 0.832137 0.711154
vt 0.730992 0.584107
vt 0.401447 0.248271
vt 0.719215 0.146214
vt 0.867137 0.626408
vt 0.869907 0.626408
vt 0.872465 0.627467
vt 0.874423 0.629426
vt 0.875483 0.631984
vt 0.875483 0.634753
vt 0.874423 0.637312
vt 0.869907 0.640330
vt 0.867137 0.640330
vt 0.864579 0.639270
vt 0.861561 0.634753
vt 0.861561 0.631984
vt 0.862621 0.629426
vt 0.782098 0.843113
vt 0.776323 0.843113
vt 0.770988 0.840903
vt 0.766905 0.836820
vt 0.764695 0.831485
vt 0.764695 0.825710
vt 0.766905 0.820375
vt 0.776323 0.814082
vt 0.782098 0.814082
vt 0.787433 0.816292
vt 0.793726 0.825710
vt 0.793726 0.831485
vt 0.791516 0.836820
vt 0.892928 0.917463
vt 0.897691 0.366369
vt 0.103775 0.896041
vt 0.523457 0.910134
vt 0.793276 0.923582
vt 0.914467 0.789369
vt 0.941360 0.515986
vt 0.787028 0.796793
vt 0.444451 0.941566
vt 0.798974 0.333034
vt 0.408588 0.947779
vt 0.182137 0.891783
vt 0.798974 0.353359
vt 0.245299 0.903928
vt 0.740803 0.948826
vt 0.720292 0.797663
vt 0.740803 0.924197
vt 0.720292 0.777337
vt 0.210631 0.903930
vt 0.008645 0.788976
vt 0.764695 0.940871
vt 0.008645 0.809301
vt 0.187783 0.916411
vt 0.980371 0.647745
vt 0.030977 0.976556
vt 0.977464 0.094794
vt 0.605775 0.694102
vt 0.803131 0.971145
vt 0.463669 0.920091
vt 0.008645 0.945442
vt 0.889211 0.959381
vt 0.182137 0.966468
vt 0.643629 0.953723
vt 0.050195 0.950373
vt 0.895635 0.660379
vt 0.790052 0.598372
vt 0.255296 0.762819
vt 0.980371 0.669081
vt 0.438805 0.970243
vt 0.980931 0.744925
vt 0.346165 0.969863
vt 0.982617 0.126481
vt 0.877821 0.542108
vt 0.880016 0.545411
vt 0.601906 0.513876
vt 0.607675 0.523111
vt 0.613213 0.513720
vt 0.874433 0.552649
vt 0.612770 0.510160
vt 0.870664 0.550948
vt 0.613167 0.506697
vt 0.868484 0.547649
vt 0.607401 0.497353
vt 0.601906 0.506882
vt 0.602262 0.510273
vt 0.462421 0.415020
vt 0.497313 0.701560
vt 0.867137 0.671542
vt 0.864579 0.670482
vt 0.862621 0.668523
vt 0.861561 0.665965
vt 0.861561 0.663196
vt 0.862621 0.660637
vt 0.864579 0.658679
vt 0.869907 0.657619
vt 0.872465 0.658679
vt 0.874424 0.660637
vt 0.875483 0.665965
vt 0.874424 0.668523
vt 0.872465 0.670482
vt 0.212841 0.827052
vt 0.216924 0.822968
vt 0.222259 0.820759
vt 0.228033 0.820759
vt 0.233368 0.822968
vt 0.237452 0.827052
vt 0.239662 0.832387
vt 0.237452 0.843496
vt 0.233368 0.847580
vt 0.228033 0.849790
vt 0.216924 0.847580
vt 0.212841 0.843496
vt 0.210631 0.838161
vt 0.276274 0.904871
vt 0.698561 0.931695
vt 0.949206 0.366369
vt 0.912924 0.626408
vt 0.939743 0.320049
vt 0.764695 0.738854
vt 0.899876 0.255589
vt 0.464261 0.693278
vt 0.910218 0.883062
vt 0.464261 0.713603
vt 0.900884 0.220775
vt 0.933388 0.397933
vt 0.628128 0.911806
vt 0.557513 0.926324
vt 0.769739 0.698203
vt 0.740803 0.906908
vt 0.862981 0.949370
vt 0.792072 0.698203
vt 0.551867 0.894355
vt 0.764696 0.639393
vt 0.915863 0.907691
vt 0.764696 0.659718
vt 0.933152 0.912598
vt 0.365814 0.969863
vt 0.912577 0.983931
vt 0.976367 0.008645
vt 0.812449 0.518659
vt 0.964607 0.347830
vt 0.461740 0.897955
vt 0.410517 0.969915
vt 0.010573 0.962731
vt 0.962969 0.122433
vt 0.953145 0.460947
vt 0.258879 0.825606
vt 0.892628 0.520851
vt 0.764667 0.608144
vt 0.900272 0.543295
vt 0.974306 0.585928
vt 0.554227 0.968242
vt 0.295922 0.975465
vt 0.083199 0.969927
vt 0.980930 0.698203
vt 0.090309 0.868223
vt 0.081192 0.868533
vt 0.086510 0.866526
vt 0.661563 0.843936
vt 0.661920 0.847638
vt 0.661602 0.851570
vt 0.666960 0.858737
vt 0.672312 0.852136
vt 0.086869 0.878752
vt 0.672821 0.848435
vt 0.080921 0.873698
vt 0.416514 0.175415
vt 0.630976 0.442724
vt 0.441823 0.862157
vt 0.444382 0.861097
vt 0.447151 0.861097
vt 0.449709 0.862157
vt 0.451668 0.864115
vt 0.452727 0.866674
vt 0.452727 0.869443
vt 0.449709 0.873960
vt 0.447151 0.875020
vt 0.444382 0.875020
vt 0.439865 0.872002
vt 0.438805 0.869443
vt 0.438805 0.866674
vt 0.434117 0.175397
vt 0.822643 0.843113
vt 0.817308 0.840903
vt 0.813225 0.836820
vt 0.811015 0.831485
vt 0.811015 0.825710
vt 0.813225 0.820375
vt 0.817308 0.816292
vt 0.828418 0.814082
vt 0.833753 0.816292
vt 0.837836 0.820375
vt 0.840046 0.831485
vt 0.837836 0.836820
vt 0.833753 0.840903
vt 0.938533 0.290600
vt 0.916099 0.405273
vt 0.920816 0.122433
vt 0.793276 0.948210
vt 0.933152 0.856001
vt 0.257485 0.552205
vt 0.938597 0.102133
vt 0.167581 0.798619
vt 0.140204 0.932164
vt 0.167581 0.778294
vt 0.832764 0.925026
vt 0.252441 0.565190
vt 0.935859 0.626408
vt 0.481435 0.916493
vt 0.351811 0.923897
vt 0.252441 0.592855
vt 0.369100 0.916557
vt 0.815564 0.483538
vt 0.909219 0.593268
vt 0.815564 0.463212
vt 0.323364 0.922534
vt 0.232964 0.775805
vt 0.938674 0.035706
vt 0.030977 0.932284
vt 0.232964 0.803470
vt 0.142564 0.972388
vt 0.983997 0.070558
vt 0.977867 0.484017
vt 0.525386 0.964239
vt 0.963641 0.725985
vt 0.958016 0.860847
vt 0.958793 0.651835
vt 0.960722 0.673971
vt 0.958016 0.901870
vt 0.764695 0.966299
vt 0.963296 0.168738
vt 0.895869 0.820992
vt 0.831695 0.680678
vt 0.898554 0.762098
vt 0.663922 0.976502
vt 0.980605 0.814082
vt 0.975305 0.860048
vt 0.102848 0.969927
vt 0.977867 0.511000
vt 0.735524 0.872069
vt 0.735239 0.877248
vt 0.832853 0.457501
vt 0.838670 0.466728
vt 0.844124 0.457196
vt 0.744639 0.871757
vt 0.844124 0.450203
vt 0.746820 0.875099
vt 0.838307 0.440975
vt 0.832853 0.450508
vt 0.741218 0.882279
vt 0.736553 0.664514
vt 0.731019 0.637234
vt 0.469013 0.008645
vt 0.672671 0.032453
vt 0.347225 0.871621
vt 0.346165 0.869063
vt 0.346165 0.866294
vt 0.347225 0.863735
vt 0.349183 0.861777
vt 0.351742 0.860717
vt 0.354511 0.860717
vt 0.359028 0.863735
vt 0.360088 0.866294
vt 0.360088 0.869063
vt 0.357070 0.873580
vt 0.354511 0.874639
vt 0.351742 0.874639
vt 0.848128 0.342786
vt 0.844044 0.346870
vt 0.838709 0.349079
vt 0.832935 0.349079
vt 0.827600 0.346870
vt 0.823516 0.342786
vt 0.821307 0.337451
vt 0.823516 0.326342
vt 0.827600 0.322258
vt 0.832935 0.320049
vt 0.844044 0.322258
vt 0.848128 0.326342
vt 0.850338 0.331677
vt 0.103775 0.945298
vt 0.444451 0.916938
vt 0.928457 0.255589
vt 0.832764 0.942315
vt 0.053912 0.932284
vt 0.814405 0.756142
vt 0.661563 0.936278
vt 0.184870 0.783940
vt 0.182137 0.941040
vt 0.184870 0.811604
vt 0.916925 0.015984
vt 0.809361 0.769128
vt 0.551867 0.950952
vt 0.945746 0.255589
vt 0.952399 0.213435
vt 0.809361 0.796793
vt 0.915843 0.705543
vt 0.348049 0.767781
vt 0.946007 0.175279
vt 0.348049 0.788106
vt 0.587539 0.922961
vt 0.210631 0.775805
vt 0.215674 0.762819
vt 0.487081 0.948462
vt 0.210631 0.796130
vt 0.940496 0.547772
vt 0.975736 0.974723
vt 0.984255 0.345433
vt 0.975305 0.878935
vt 0.935081 0.959363
vt 0.970609 0.253097
vt 0.956087 0.930451
vt 0.959027 0.819728
vt 0.955963 0.041352
vt 0.008645 0.917660
vt 0.968424 0.366369
vt 0.961712 0.703849
vt 0.892804 0.042616
vt 0.012692 0.866865
vt 0.896657 0.320049
vt 0.984534 0.145368
vt 0.981896 0.320049
vt 0.977901 0.439567
vt 0.977665 0.900272
vt 0.278633 0.975465
vt 0.276616 0.870049
vt 0.278550 0.878564
vt 0.287673 0.878225
vt 0.276358 0.875224
vt 0.747154 0.837893
vt 0.740684 0.827937
vt 0.735157 0.838605
vt 0.281972 0.868027
vt 0.735766 0.842228
vt 0.285735 0.869725
vt 0.735940 0.846289
vt 0.445035 0.248250
vt 0.628984 0.191198
vt 0.627368 0.167320
vt 0.796966 0.863420
vt 0.798924 0.861462
vt 0.801483 0.860402
vt 0.804252 0.860402
vt 0.806811 0.861462
vt 0.808769 0.863420
vt 0.809829 0.865978
vt 0.808769 0.871306
vt 0.806811 0.873264
vt 0.804252 0.874324
vt 0.798924 0.873264
vt 0.796966 0.871306
vt 0.795906 0.868748
vt 0.409888 0.843428
vt 0.404113 0.843428
vt 0.398778 0.841218
vt 0.394695 0.837135
vt 0.392485 0.831800
vt 0.392485 0.826025
vt 0.394695 0.820690
vt 0.404113 0.814397
vt 0.409888 0.814397
vt 0.415223 0.816607
vt 0.421516 0.826025
vt 0.421516 0.831800
vt 0.419306 0.837135
vt 0.692915 0.907067
vt 0.145850 0.907535
vt 0.351811 0.891928
vt 0.036623 0.907656
vt 0.910218 0.856000
vt 0.809362 0.667058
vt 0.915843 0.730172
vt 0.806938 0.193358
vt 0.933388 0.435519
vt 0.806938 0.213684
vt 0.055445 0.907656
vt 0.910093 0.035706
vt 0.862981 0.924742
vt 0.086486 0.928009
vt 0.814406 0.626408
vt 0.915863 0.939659
vt 0.281920 0.954128
vt 0.608890 0.631316
vt 0.408588 0.891182
vt 0.792044 0.568097
vt 0.770341 0.891613
vt 0.792044 0.547772
vt 0.239653 0.953186
vt 0.120137 0.973975
vt 0.242013 0.974522
vt 0.975305 0.921609
vt 0.933927 0.460947
vt 0.964607 0.324895
vt 0.256951 0.849339
vt 0.317719 0.965251
vt 0.957017 0.585928
vt 0.960578 0.484017
vt 0.783913 0.966299
vt 0.589468 0.969725
vt 0.258159 0.789881
vt 0.662755 0.104421
vt 0.892928 0.858863
vt 0.985008 0.540433
vt 0.919168 0.344677
vt 0.936457 0.348725
vt 0.212990 0.970477
vt 0.972363 0.460148
vt 0.119318 0.868223
vt 0.110200 0.868533
vt 0.115519 0.866526
vt 0.832853 0.493539
vt 0.833339 0.496952
vt 0.832880 0.500363
vt 0.838551 0.509748
vt 0.844128 0.500375
vt 0.115878 0.878751
vt 0.843792 0.496931
vt 0.844128 0.493476
vt 0.109929 0.873698
vt 0.374049 0.754795
vt 0.374262 0.763674
vt 0.603246 0.801680
vt 0.603459 0.810559
vt 0.768822 0.046885
vt 0.787532 0.010972
vt 0.083478 0.711133
vt 0.320860 0.822521
vt 0.320860 0.839157
vt 0.247805 0.461876
vt 0.696057 0.956089
vt 0.830260 0.900397
vt 0.578818 0.509687
vt 0.761738 0.089785
vt 0.788618 0.024226
vt 0.497313 0.248250
vt 0.761662 0.320049
vt 0.497313 0.293266
vt 0.434847 0.797108
vt 0.585417 0.656712
vt 0.551867 0.713956
vt 0.621045 0.594005
vt 0.497313 0.380644
vt 0.202688 0.590263
vt 0.235152 0.489721
vt 0.859475 0.033348
vt 0.854832 0.032104
vt 0.851434 0.028705
vt 0.850190 0.024063
vt 0.851086 0.009541
vt 0.853249 0.008645
vt 0.869593 0.008645
vt 0.872653 0.011704
vt 0.872653 0.024063
vt 0.871409 0.028705
vt 0.863368 0.033348
vt 0.047317 0.775991
vt 0.053061 0.777542
vt 0.057311 0.781792
vt 0.058862 0.787536
vt 0.058862 0.799692
vt 0.057311 0.805436
vt 0.053061 0.809685
vt 0.042523 0.811237
vt 0.036779 0.809685
vt 0.032529 0.805436
vt 0.030977 0.787536
vt 0.032529 0.781792
vt 0.036779 0.777542
vt 0.567804 0.380161
vt 0.614656 0.090775
vt 0.605243 0.230410
vt 0.604107 0.230880
vt 0.602876 0.230880
vt 0.601740 0.230410
vt 0.600870 0.229540
vt 0.600399 0.228403
vt 0.600399 0.227173
vt 0.601740 0.225167
vt 0.602877 0.224696
vt 0.604107 0.224696
vt 0.606113 0.226037
vt 0.606584 0.227173
vt 0.606584 0.228403
vt 0.850034 0.260189
vt 0.611982 0.407218
vt 0.297774 0.825309
vt 0.708717 0.853488
vt 0.542570 0.371792
vt 0.613521 0.475822
vt 0.297641 0.848083
vt 0.611683 0.446470
vt 0.692915 0.837088
vt 0.296389 0.836453
vt 0.276946 0.839829
vt 0.705215 0.828634
vt 0.717171 0.840590
vt 0.712219 0.828634
vt 0.846205 0.256536
vt 0.842096 0.259668
vt 0.847040 0.264446
vt 0.912931 0.466332
vt 0.911794 0.465861
vt 0.910924 0.464992
vt 0.910454 0.463855
vt 0.910454 0.462625
vt 0.910924 0.461489
vt 0.911794 0.460619
vt 0.914161 0.460148
vt 0.915297 0.460619
vt 0.916167 0.461489
vt 0.916638 0.463855
vt 0.916167 0.464992
vt 0.915297 0.465861
vt 0.871453 0.870825
vt 0.871333 0.870290
vt 0.869969 0.868900
vt 0.870007 0.868901
vt 0.186041 0.874494
vt 0.876498 0.366369
vt 0.860889 0.290600
vt 0.833402 0.873577
vt 0.012525 0.846346
vt 0.833402 0.860402
vt 0.872267 0.181115
vt 0.865294 0.410349
vt 0.872267 0.167939
vt 0.863735 0.743560
vt 0.698342 0.208487
vt 0.503013 0.990406
vt 0.502042 0.989434
vt 0.502042 0.988059
vt 0.504388 0.987088
vt 0.505360 0.989434
vt 0.991216 0.249222
vt 0.991216 0.250596
vt 0.990245 0.251568
vt 0.987898 0.250596
vt 0.988870 0.248250
vt 0.881348 0.595548
vt 0.881348 0.587303
vt 0.881348 0.591426
vt 0.523457 0.984673
vt 0.523457 0.983299
vt 0.524429 0.982327
vt 0.526775 0.983299
vt 0.525804 0.985645
vt 0.347137 0.987152
vt 0.348511 0.987152
vt 0.349483 0.988124
vt 0.348511 0.990470
vt 0.346165 0.989498
vt 0.882082 0.300220
vt 0.882082 0.293348
vt 0.882082 0.296097
vt 0.367744 0.987152
vt 0.369118 0.987152
vt 0.370090 0.988124
vt 0.369118 0.990470
vt 0.366772 0.989498
vt 0.387379 0.988123
vt 0.388351 0.987152
vt 0.389725 0.987152
vt 0.390697 0.989498
vt 0.388351 0.990470
vt 0.888680 0.074756
vt 0.888680 0.066510
vt 0.888680 0.069259
vt 0.987898 0.269829
vt 0.988870 0.268857
vt 0.990245 0.268857
vt 0.991216 0.271203
vt 0.988870 0.272175
vt 0.408588 0.990349
vt 0.408588 0.988975
vt 0.409560 0.988003
vt 0.411906 0.988975
vt 0.410934 0.991321
vt 0.672144 0.880149
vt 0.672144 0.876026
vt 0.672144 0.887020
vt 0.672144 0.884272
vt 0.916142 0.150380
vt 0.915170 0.149408
vt 0.915170 0.148034
vt 0.917516 0.147062
vt 0.918488 0.149408
vt 0.317719 0.989733
vt 0.317719 0.988359
vt 0.318690 0.987387
vt 0.321036 0.988359
vt 0.320065 0.990705
vt 0.587539 0.895583
vt 0.587539 0.887337
vt 0.587539 0.892835
vt 0.439777 0.990850
vt 0.438805 0.989878
vt 0.438805 0.988504
vt 0.441151 0.987532
vt 0.442123 0.989878
vt 0.982945 0.191846
vt 0.983917 0.190874
vt 0.985291 0.190874
vt 0.986263 0.193220
vt 0.983917 0.194192
vt 0.882583 0.406179
vt 0.882583 0.408928
vt 0.882583 0.400682
vt 0.882583 0.403431
vt 0.831666 0.556819
vt 0.831666 0.552253
vt 0.833655 0.546808
vt 0.837426 0.542823
vt 0.846457 0.540506
vt 0.848493 0.541820
vt 0.851090 0.546364
vt 0.848493 0.567252
vt 0.846457 0.568566
vt 0.842069 0.568639
vt 0.833655 0.562263
vt 0.408588 0.864956
vt 0.861413 0.443284
vt 0.414872 0.873893
vt 0.317719 0.860685
vt 0.864059 0.589158
vt 0.324002 0.869622
vt 0.878402 0.719383
vt 0.831666 0.603664
vt 0.589885 0.991131
vt 0.588511 0.991131
vt 0.587539 0.990160
vt 0.588511 0.987813
vt 0.590857 0.988785
vt 0.918398 0.192568
vt 0.919773 0.192568
vt 0.920745 0.193540
vt 0.919773 0.195886
vt 0.917427 0.194914
vt 0.889556 0.167939
vt 0.986397 0.565713
vt 0.985425 0.566685
vt 0.984051 0.566685
vt 0.983079 0.564339
vt 0.985425 0.563367
vt 0.463669 0.985020
vt 0.463669 0.986394
vt 0.462697 0.987366
vt 0.460351 0.986394
vt 0.461323 0.984048
vt 0.317719 0.886911
vt 0.920878 0.566033
vt 0.920878 0.567407
vt 0.919907 0.568379
vt 0.917561 0.567407
vt 0.918532 0.565061
vt 0.011962 0.986638
vt 0.011962 0.988012
vt 0.010991 0.988984
vt 0.008645 0.988012
vt 0.009616 0.985666
vt 0.893165 0.435519
vt 0.936749 0.150380
vt 0.935777 0.149408
vt 0.935777 0.148034
vt 0.938123 0.147062
vt 0.939095 0.149408
vt 0.941352 0.194914
vt 0.940380 0.195886
vt 0.939005 0.195886
vt 0.938034 0.193540
vt 0.940380 0.192568
vt 0.897178 0.782029
vt 0.989031 0.368715
vt 0.988060 0.369686
vt 0.986685 0.369686
vt 0.985713 0.367340
vt 0.988060 0.366369
vt 0.484753 0.988060
vt 0.484753 0.989434
vt 0.483781 0.990406
vt 0.481435 0.989434
vt 0.482407 0.987088
vt 0.622482 0.876182
vt 0.939139 0.568379
vt 0.938168 0.567407
vt 0.938168 0.566033
vt 0.940514 0.565061
vt 0.941486 0.567407
vt 0.889629 0.982316
vt 0.890601 0.983288
vt 0.890601 0.984662
vt 0.888254 0.985634
vt 0.887283 0.983288
vt 0.523457 0.892845
vt 0.831260 0.189770
vt 0.829270 0.184325
vt 0.829270 0.179759
vt 0.831260 0.174315
vt 0.839673 0.167939
vt 0.844061 0.168013
vt 0.846098 0.169326
vt 0.848694 0.190214
vt 0.846098 0.194759
vt 0.844061 0.196072
vt 0.835031 0.193755
vt 0.671814 0.796505
vt 0.664475 0.787023
vt 0.867564 0.522568
vt 0.863354 0.522568
vt 0.862386 0.522309
vt 0.861417 0.520631
vt 0.861417 0.517166
vt 0.861676 0.516198
vt 0.863354 0.515229
vt 0.961040 0.145368
vt 0.963947 0.145368
vt 0.964472 0.145509
vt 0.964886 0.146307
vt 0.964886 0.149468
vt 0.964745 0.149993
vt 0.963947 0.150407
vt 0.715591 0.483952
vt 0.715591 0.512042
vt 0.374982 0.789843
vt 0.936242 0.679608
vt 0.935859 0.678682
vt 0.935859 0.677681
vt 0.936242 0.676756
vt 0.936950 0.676048
vt 0.937875 0.675665
vt 0.938876 0.675665
vt 0.940509 0.676756
vt 0.940892 0.677681
vt 0.940892 0.678683
vt 0.939801 0.680316
vt 0.938876 0.680699
vt 0.937875 0.680699
vt 0.438805 0.819151
vt 0.669276 0.277834
vt 0.638693 0.262867
vt 0.645466 0.097600
vt 0.645466 0.101773
vt 0.642515 0.104725
vt 0.635390 0.101773
vt 0.638341 0.094648
vt 0.563850 0.008766
vt 0.766760 0.988434
vt 0.767616 0.989290
vt 0.767616 0.990500
vt 0.765550 0.991355
vt 0.764695 0.989290
vt 0.882479 0.466724
vt 0.881623 0.465868
vt 0.881623 0.464658
vt 0.883689 0.463803
vt 0.884544 0.465868
vt 0.584617 0.482907
vt 0.857335 0.988852
vt 0.858190 0.987996
vt 0.859400 0.987996
vt 0.860256 0.990062
vt 0.858190 0.990917
vt 0.827118 0.990346
vt 0.827118 0.989136
vt 0.827973 0.988281
vt 0.830039 0.989136
vt 0.829183 0.991202
vt 0.600399 0.122433
vt 0.864334 0.465868
vt 0.863479 0.466724
vt 0.862269 0.466724
vt 0.861413 0.464658
vt 0.863479 0.463803
vt 0.981166 0.837484
vt 0.980311 0.838340
vt 0.979101 0.838340
vt 0.978245 0.836274
vt 0.980311 0.835419
vt 0.597108 0.248250
vt 0.110232 0.340794
vt 0.399142 0.008645
vt 0.145537 0.628449
vt 0.084051 0.769934
vt 0.110232 0.474660
vt 0.399142 0.230961
vt 0.356407 0.641507
vt 0.346424 0.632108
vt 0.541935 0.639423
vt 0.517664 0.185923
vt 0.276274 0.622709
vt 0.171494 0.450180
vt 0.551334 0.540433
vt 0.356407 0.622709
vt 0.150347 0.328843
vt 0.486349 0.224233
s 1
usemtl PLANMC_ZBL-09
f 108/1/1 5/2/1 109/3/1
f 7/4/2 1/5/3 6/6/4
f 15/7/5 4/8/6 7/4/2
f 24/9/7 48/10/7 55/11/7
f 22/12/8 6/6/4 21/13/9
f 109/3/1 20/14/1 105/15/1
f 226/16/10 12/17/10 23/18/10
f 16/19/11 229/20/12 230/21/11
f 11/22/12 222/23/13 229/20/12
f 222/23/14 12/24/14 224/25/14
f 19/26/11 230/21/11 231/27/11
f 18/28/5 24/29/15 25/30/15
f 17/31/16 15/7/5 18/28/5
f 35/32/11 231/27/11 227/33/11
f 33/34/16 18/28/5 34/35/17
f 18/36/18 57/37/18 34/38/18
f 31/39/18 220/40/18 217/41/18
f 32/42/19 70/43/19 29/44/19
f 226/16/10 13/45/10 225/46/10
f 8/47/9 22/12/8 21/13/9
f 31/48/7 69/49/7 66/50/7
f 215/51/20 31/52/15 217/53/15
f 215/51/20 26/54/16 27/55/5
f 22/56/21 49/57/22 7/58/22
f 38/59/23 227/33/11 233/60/24
f 43/61/18 70/43/18 78/62/18
f 37/63/17 39/64/25 40/65/25
f 36/66/16 34/35/17 37/63/17
f 206/67/11 92/68/26 212/69/27
f 206/70/16 27/55/5 26/54/16
f 8/71/28 51/72/29 22/56/21
f 37/73/18 208/74/30 207/75/18
f 42/76/11 108/77/11 96/78/11
f 43/79/31 2/80/16 42/81/16
f 44/82/32 5/83/33 43/79/31
f 44/84/34 78/62/34 75/85/34
f 15/86/18 49/87/18 48/10/18
f 29/88/5 42/81/16 28/89/16
f 28/90/11 96/78/11 93/91/35
f 55/92/16 49/93/16 51/94/16
f 52/95/16 47/96/16 53/97/16
f 54/98/16 53/97/16 56/99/16
f 57/100/16 60/101/16 59/102/16
f 59/102/16 54/98/16 61/103/16
f 61/103/16 56/99/16 62/104/16
f 54/98/16 55/92/16 52/95/16
f 52/95/16 51/94/16 87/105/16
f 218/106/16 65/107/16 219/108/16
f 220/109/16 64/110/16 218/106/16
f 209/111/16 69/49/36 208/74/30
f 210/112/16 66/113/16 209/111/16
f 210/112/16 65/107/16 64/110/16
f 75/114/16 106/115/16 105/116/16
f 76/117/16 45/118/16 106/115/16
f 63/119/16 77/120/16 76/117/16
f 68/121/16 76/117/16 75/114/16
f 68/121/16 78/122/16 70/123/16
f 25/124/19 58/125/19 18/36/19
f 44/84/18 105/126/18 20/127/18
f 39/128/37 57/37/37 59/129/37
f 24/9/18 60/130/18 25/131/18
f 40/132/38 74/133/38 37/73/38
f 225/46/39 3/134/39 223/135/39
f 80/136/18 62/137/18 72/138/18
f 79/139/40 81/140/40 82/141/40
f 82/141/40 40/142/40 39/143/40
f 59/144/41 82/145/42 39/146/43
f 79/147/44 61/148/45 62/149/46
f 81/150/47 73/151/48 40/152/49
f 71/153/50 80/154/51 72/155/52
f 93/91/35 243/156/11 245/157/53
f 96/78/11 244/158/11 243/156/11
f 95/159/54 33/160/11 36/161/11
f 221/162/55 26/163/11 214/164/11
f 21/165/10 87/166/10 8/167/10
f 94/168/11 17/169/11 33/160/11
f 89/170/11 14/171/11 17/169/11
f 1/172/14 86/173/14 6/174/14
f 83/175/12 1/172/13 4/176/56
f 88/177/11 4/176/56 14/171/11
f 21/165/10 86/178/10 90/179/10
f 120/180/57 108/1/1 109/3/1
f 232/181/58 91/182/58 228/183/58
f 234/184/18 98/185/18 235/186/18
f 236/187/18 213/188/18 241/189/18
f 238/190/18 103/191/18 239/192/18
f 240/193/18 102/194/18 236/187/18
f 235/186/18 99/195/18 240/193/18
f 237/196/18 216/197/18 242/198/18
f 234/184/18 47/199/18 223/200/18
f 103/191/18 232/201/18 239/192/18
f 107/202/59 144/203/60 115/204/61
f 104/205/62 138/206/63 110/207/62
f 84/208/64 140/209/65 120/180/57
f 126/210/66 176/211/67 128/212/68
f 84/208/64 105/15/1 50/213/64
f 128/212/68 170/214/69 127/215/70
f 115/204/61 106/216/1 228/183/1
f 84/208/64 114/217/64 113/218/64
f 121/219/71 9/220/1 244/221/1
f 116/222/72 105/15/1 106/216/1
f 115/204/61 118/223/73 117/224/1
f 118/223/73 119/225/74 117/224/1
f 119/225/74 116/222/72 117/224/1
f 120/180/57 123/226/75 122/227/1
f 123/226/75 124/228/76 122/227/1
f 124/228/76 121/219/71 122/227/1
f 121/219/71 137/229/77 138/206/63
f 124/228/76 139/230/78 137/229/77
f 123/226/75 140/209/65 139/230/78
f 142/231/79 119/225/74 141/232/80
f 141/232/80 118/223/73 143/233/81
f 118/223/73 144/203/60 143/233/81
f 116/222/72 114/217/64 50/213/64
f 129/234/82 146/235/83 133/236/59
f 135/237/84 167/238/85 130/239/86
f 111/240/1 156/241/87 145/242/1
f 135/237/84 114/217/64 136/243/84
f 131/244/88 138/206/63 137/229/77
f 132/245/89 137/229/77 139/230/78
f 130/239/86 139/230/78 140/209/65
f 125/246/90 141/232/80 127/215/70
f 127/215/70 143/233/81 128/212/68
f 128/212/68 144/203/60 126/210/66
f 125/246/90 114/217/64 142/231/79
f 126/210/66 112/247/59 134/248/62
f 129/234/82 110/207/62 138/206/63
f 130/239/86 113/218/64 135/237/84
f 131/244/88 162/249/91 129/234/82
f 125/246/90 155/250/92 136/243/84
f 173/251/93 177/252/94 149/253/95
f 132/245/89 158/254/96 131/244/88
f 126/210/66 150/255/97 179/256/98
f 130/239/86 164/257/99 132/245/89
f 136/243/84 153/258/92 135/237/84
f 127/215/70 174/259/100 125/246/90
f 155/250/92 154/260/101 153/258/92
f 157/261/101 152/262/87 154/260/101
f 159/263/102 163/264/103 160/265/104
f 160/265/104 162/249/91 158/254/96
f 165/266/105 160/265/104 166/267/106
f 166/267/106 158/254/96 164/257/99
f 168/268/107 166/267/106 169/269/108
f 169/269/108 164/257/99 167/238/85
f 173/251/93 172/270/109 171/271/110
f 175/272/111 170/214/69 172/270/109
f 171/271/110 178/273/112 177/252/94
f 172/270/109 176/211/67 178/273/112
f 177/252/94 181/274/113 180/275/114
f 178/273/112 179/256/98 181/274/113
f 173/251/93 157/261/101 175/272/111
f 175/272/111 155/250/92 174/259/100
f 180/275/114 151/276/115 149/253/95
f 181/274/113 150/255/97 151/276/115
f 161/277/116 148/278/117 163/264/103
f 163/264/103 146/235/83 162/249/91
f 168/268/107 154/260/101 152/262/87
f 169/269/108 153/258/92 154/260/101
f 147/279/118 159/263/102 168/268/107
f 189/280/119 197/281/14 195/282/120
f 185/283/121 199/284/122 184/285/122
f 187/286/123 204/287/124 182/288/125
f 184/285/122 202/289/126 186/290/127
f 186/290/127 203/291/128 187/286/123
f 182/288/125 192/292/129 183/293/130
f 183/293/130 194/294/1 188/295/1
f 185/283/121 195/282/120 205/296/121
f 201/297/11 196/298/131 198/299/132
f 200/300/133 199/301/134 196/298/131
f 198/299/132 195/302/135 197/303/136
f 196/298/131 205/304/137 195/302/135
f 203/305/138 200/300/133 191/306/139
f 193/307/140 200/300/133 201/297/11
f 192/308/141 193/307/140 194/309/142
f 204/310/143 191/306/139 192/308/141
f 221/162/55 185/311/144 184/312/145
f 187/313/146 95/159/54 212/69/27
f 241/189/18 100/314/18 237/196/18
f 71/315/16 211/316/16 210/112/16
f 73/317/16 210/112/16 209/111/16
f 74/133/147 209/111/16 208/74/30
f 207/75/18 69/49/36 27/318/18
f 37/63/17 206/70/16 36/66/16
f 36/161/11 212/69/27 95/159/54
f 242/198/18 101/319/18 238/190/18
f 93/91/35 214/164/11 28/90/11
f 63/119/16 220/109/16 218/106/16
f 63/119/16 219/108/16 67/320/16
f 28/89/16 215/51/20 29/88/5
f 32/321/15 215/51/20 217/53/15
f 217/41/18 68/322/18 32/42/18
f 186/323/148 212/69/27 92/68/26
f 184/312/145 92/68/26 221/162/55
f 219/324/18 238/190/18 67/325/18
f 211/326/18 237/196/18 65/327/18
f 239/192/18 45/328/18 77/329/18
f 97/330/18 223/200/18 3/331/18
f 65/327/18 242/198/18 219/324/18
f 56/332/18 240/193/18 62/137/18
f 240/193/18 72/138/18 62/137/18
f 67/325/18 239/192/18 77/329/18
f 72/138/18 241/189/18 211/326/18
f 53/333/18 235/186/18 56/332/18
f 45/334/58 228/183/58 106/216/58
f 87/166/39 223/135/39 47/335/39
f 233/60/24 94/168/11 95/159/54
f 90/179/10 225/46/10 87/166/10
f 227/33/11 89/170/11 94/168/11
f 231/27/11 88/177/11 89/170/11
f 85/336/14 224/25/14 86/173/14
f 229/20/12 85/336/13 83/175/12
f 230/21/11 83/175/12 88/177/11
f 90/179/10 224/337/10 226/16/10
f 183/338/149 38/59/23 233/60/24
f 233/60/24 182/339/150 183/338/149
f 243/156/11 9/340/11 41/341/11
f 245/157/53 41/341/11 30/342/151
f 245/157/53 185/311/144 93/91/35
f 189/343/152 30/342/151 190/344/153
f 249/345/1 329/346/1 330/347/1
f 251/348/154 246/349/155 248/350/156
f 254/351/157 248/350/156 253/352/158
f 260/353/7 279/354/7 254/355/7
f 259/356/159 250/357/160 251/348/154
f 257/358/1 330/347/1 327/359/1
f 426/360/10 12/17/10 424/361/10
f 429/362/12 16/19/11 430/363/11
f 422/364/13 11/22/12 429/362/12
f 12/24/14 422/364/14 424/365/14
f 430/363/11 19/26/11 431/366/11
f 260/367/161 256/368/157 261/369/161
f 256/368/157 253/352/158 255/370/158
f 431/366/11 35/32/11 427/371/11
f 256/368/157 268/372/158 269/373/162
f 288/374/18 256/375/18 269/376/18
f 420/377/18 266/378/18 417/379/18
f 301/380/19 267/381/19 265/382/19
f 13/45/10 426/360/10 425/383/10
f 252/384/163 258/385/163 259/356/159
f 266/386/7 300/387/7 263/388/7
f 266/389/161 416/390/164 417/391/161
f 416/390/164 262/392/158 415/393/158
f 280/394/22 259/395/21 251/396/22
f 427/371/11 38/59/23 433/397/165
f 275/398/18 301/380/18 265/382/18
f 272/399/166 271/400/162 273/401/166
f 269/373/162 270/402/158 271/400/162
f 322/403/167 408/404/11 414/405/168
f 408/406/158 263/407/157 409/408/158
f 282/409/29 252/410/28 259/395/21
f 410/411/169 271/412/18 409/413/18
f 329/414/11 274/415/11 326/416/11
f 247/417/158 275/418/170 274/419/158
f 249/420/171 276/421/172 275/418/170
f 276/422/34 309/423/34 275/398/34
f 254/355/18 280/424/18 251/425/18
f 274/419/158 265/426/157 264/427/158
f 326/416/11 264/428/11 323/429/173
f 286/430/158 280/431/158 279/432/158
f 278/433/158 283/434/158 284/435/158
f 284/435/158 285/436/158 287/437/158
f 291/438/158 288/439/158 290/440/158
f 285/436/158 290/440/158 292/441/158
f 287/437/158 292/441/158 293/442/158
f 285/436/158 286/430/158 291/438/158
f 283/434/158 282/443/158 286/430/158
f 296/444/158 418/445/158 419/446/158
f 295/447/158 420/448/158 418/445/158
f 300/387/174 411/449/158 410/411/169
f 297/450/158 412/451/158 411/449/158
f 412/451/158 296/444/158 413/452/158
f 306/453/158 328/454/158 307/455/158
f 307/455/158 277/456/158 308/457/158
f 294/458/158 308/457/158 298/459/158
f 299/460/158 307/455/158 294/458/158
f 309/461/158 299/460/158 301/462/158
f 289/463/19 261/464/19 256/375/19
f 327/465/18 276/422/18 257/466/18
f 272/467/37 288/374/37 269/376/37
f 291/468/18 260/353/18 261/469/18
f 305/470/38 273/471/38 271/412/38
f 3/134/39 425/383/39 423/472/39
f 293/473/18 311/474/18 303/475/18
f 312/476/175 310/477/175 313/478/175
f 273/479/175 313/478/175 272/480/175
f 313/481/176 290/482/177 272/483/43
f 292/484/178 310/485/179 293/486/46
f 304/487/180 312/488/181 273/489/49
f 311/490/182 302/491/183 303/492/52
f 443/493/11 323/429/173 445/494/53
f 444/495/11 326/416/11 443/493/11
f 268/496/11 325/497/184 270/498/11
f 262/499/11 421/500/185 415/501/11
f 318/502/10 258/503/10 252/504/10
f 255/505/11 324/506/11 268/496/11
f 253/507/11 320/508/11 255/505/11
f 317/509/14 246/510/14 250/511/14
f 246/510/13 314/512/12 248/513/56
f 248/513/56 319/514/11 253/507/11
f 258/503/10 317/515/10 250/516/10
f 330/347/1 340/517/1 338/518/90
f 91/182/58 432/519/58 428/520/58
f 98/185/18 434/521/18 435/522/18
f 213/188/18 436/523/18 441/524/18
f 103/191/18 438/525/18 439/526/18
f 440/527/18 102/194/18 99/195/18
f 99/195/18 435/522/18 440/527/18
f 216/197/18 437/528/18 442/529/18
f 278/530/18 434/521/18 423/531/18
f 432/532/18 103/191/18 439/526/18
f 360/533/186 107/202/59 333/534/82
f 104/205/62 354/535/187 339/536/188
f 356/537/189 315/538/84 338/518/90
f 385/539/190 344/540/71 346/541/76
f 327/359/1 315/538/84 281/542/84
f 379/543/191 346/541/76 345/544/192
f 428/520/1 335/545/1 333/534/82
f 315/538/84 332/546/84 281/542/84
f 444/547/1 104/205/62 339/536/188
f 328/548/1 281/542/84 334/549/193
f 333/534/82 335/545/1 336/550/88
f 336/550/88 335/545/1 337/551/194
f 337/551/194 335/545/1 334/549/193
f 338/518/90 340/517/1 341/552/195
f 341/552/195 340/517/1 342/553/68
f 342/553/68 340/517/1 339/536/188
f 353/554/196 339/536/188 354/535/187
f 355/555/197 342/553/68 353/554/196
f 356/537/189 341/552/195 355/555/197
f 358/556/198 337/551/194 334/549/193
f 357/557/199 336/550/88 337/551/194
f 360/533/186 336/550/88 359/558/200
f 332/546/84 334/549/193 281/542/84
f 146/235/83 347/559/61 133/236/59
f 376/560/201 351/561/64 348/562/202
f 365/563/203 111/240/1 145/242/1
f 332/546/84 351/561/64 352/564/64
f 349/565/73 354/535/187 347/559/61
f 350/566/204 353/554/196 349/565/73
f 348/562/202 355/555/197 350/566/204
f 357/557/199 343/567/57 345/544/192
f 359/558/200 345/544/192 346/541/76
f 360/533/186 346/541/76 344/540/71
f 343/567/57 332/546/84 352/564/64
f 112/247/59 344/540/71 134/248/62
f 347/559/61 110/207/62 133/236/59
f 331/568/84 348/562/202 351/561/64
f 371/569/205 349/565/73 347/559/61
f 364/570/206 343/567/57 352/564/64
f 145/242/1 389/571/207 380/572/208
f 367/573/209 350/566/204 349/565/73
f 344/540/71 150/255/97 134/248/62
f 373/574/210 348/562/202 350/566/204
f 362/575/206 352/564/64 351/561/64
f 383/576/211 345/544/192 343/567/57
f 363/577/212 364/570/206 362/575/206
f 361/578/203 366/579/212 363/577/212
f 368/580/213 372/581/214 370/582/215
f 369/583/216 371/569/205 372/581/214
f 374/584/217 369/583/216 368/580/213
f 375/585/218 367/573/209 369/583/216
f 377/586/219 375/585/218 374/584/217
f 378/587/220 373/574/210 375/585/218
f 381/588/221 382/589/222 380/572/208
f 379/543/191 384/590/223 381/588/221
f 387/591/224 380/572/208 386/592/225
f 385/539/190 381/588/221 387/591/224
f 390/593/226 386/592/225 389/571/207
f 388/594/227 387/591/224 390/593/226
f 382/589/222 366/579/212 365/563/203
f 384/590/223 364/570/206 366/579/212
f 151/276/115 389/571/207 149/253/95
f 150/255/97 390/593/226 151/276/115
f 370/582/215 148/278/117 147/279/118
f 372/581/214 146/235/83 148/278/117
f 363/577/212 377/586/219 361/578/203
f 362/575/206 378/587/220 363/577/212
f 361/578/203 374/584/217 370/582/215
f 397/595/228 197/281/14 190/596/14
f 402/597/229 394/598/230 393/599/229
f 406/600/231 396/601/232 391/602/233
f 404/603/234 393/599/229 395/604/235
f 405/605/236 395/604/235 396/601/232
f 399/606/237 391/602/233 392/607/238
f 194/294/1 392/607/238 188/295/1
f 394/598/230 400/608/239 397/595/228
f 201/297/11 401/609/240 403/610/241
f 403/610/241 402/611/242 404/612/243
f 198/299/132 400/613/244 401/609/240
f 401/609/240 407/614/245 402/611/242
f 403/610/241 405/615/246 398/616/247
f 193/307/140 403/610/241 398/616/247
f 193/307/140 399/617/248 194/309/142
f 398/616/247 406/618/249 399/617/248
f 394/619/250 421/500/185 393/620/251
f 396/621/252 325/497/184 391/622/253
f 100/314/18 441/524/18 437/528/18
f 302/623/158 413/452/158 303/624/158
f 304/625/158 412/451/158 302/623/158
f 305/470/254 411/449/158 304/625/158
f 300/387/174 409/413/18 263/388/18
f 408/406/158 271/400/162 270/402/158
f 414/405/168 270/498/11 325/497/184
f 101/319/18 442/529/18 438/525/18
f 415/501/11 323/429/173 264/428/11
f 294/458/158 420/448/158 299/460/158
f 419/446/158 294/458/158 298/459/158
f 416/390/164 264/427/158 265/426/157
f 267/626/161 416/390/164 265/426/157
f 299/627/18 417/379/18 267/381/18
f 414/405/168 395/628/255 322/403/167
f 322/403/167 393/620/251 421/500/185
f 438/525/18 419/629/18 298/630/18
f 437/528/18 413/631/18 296/632/18
f 277/633/18 439/526/18 308/634/18
f 423/531/18 97/330/18 3/331/18
f 442/529/18 296/632/18 419/629/18
f 440/527/18 287/635/18 293/473/18
f 303/475/18 440/527/18 293/473/18
f 439/526/18 298/630/18 308/634/18
f 441/524/18 303/475/18 413/631/18
f 435/522/18 284/636/18 287/635/18
f 428/520/58 277/637/58 328/548/58
f 423/472/39 318/502/39 278/638/39
f 324/506/11 433/397/165 325/497/184
f 425/383/10 321/639/10 318/502/10
f 320/508/11 427/371/11 324/506/11
f 319/514/11 431/366/11 320/508/11
f 424/365/14 316/640/14 317/509/14
f 316/640/13 429/362/12 314/512/12
f 314/512/12 430/363/11 319/514/11
f 321/639/10 424/361/10 317/515/10
f 392/641/256 38/59/23 188/642/257
f 433/397/165 391/622/253 325/497/184
f 9/340/11 443/493/11 41/341/11
f 41/341/11 445/494/53 30/342/151
f 445/494/53 394/619/250 397/643/258
f 397/643/258 30/342/151 445/494/53
s 0
f 447/644/18 453/645/18 446/646/18
f 446/646/18 450/647/18 449/648/18
f 452/649/18 449/648/18 451/650/18
f 454/651/18 446/646/18 452/649/18
f 462/652/11 456/653/11 455/654/11
f 459/655/11 455/654/11 458/656/11
f 458/656/11 461/657/11 460/658/11
f 455/654/11 463/659/11 461/657/11
f 454/660/1 456/661/1 447/662/1
f 453/663/16 459/664/16 450/665/16
f 448/666/16 462/667/16 453/663/16
f 450/668/14 458/669/14 449/670/14
f 449/670/14 460/671/14 451/672/14
f 447/662/1 457/673/1 448/674/1
s 1
f 488/675/259 467/676/260 466/677/261
f 482/678/262 466/677/261 464/679/263
f 471/680/264 500/681/265 497/682/266
f 474/683/84 506/684/267 509/685/268
f 491/686/269 464/679/263 469/687/270
f 469/687/270 497/682/266 491/686/269
f 479/688/271 472/689/272 465/690/273
f 470/691/274 494/692/275 500/681/265
f 473/693/276 509/685/268 503/694/277
f 512/695/278 468/696/279 476/697/280
f 503/694/277 475/698/281 473/693/276
f 476/697/280 518/699/282 512/695/278
f 477/700/283 515/701/284 518/699/282
f 502/702/285 484/703/286 496/704/287
f 487/705/288 483/706/289 481/707/290
f 489/708/291 482/678/262 483/706/289
f 484/703/286 489/708/291 487/705/288
f 486/709/292 488/675/259 489/708/291
f 484/703/286 480/710/293 486/709/292
f 486/709/292 479/688/271 485/711/294
f 496/704/287 492/712/295 498/713/296
f 498/713/296 491/686/269 497/682/266
f 499/714/297 498/713/296 501/715/298
f 501/715/298 497/682/266 500/681/265
f 499/714/297 495/716/299 493/717/300
f 501/715/298 494/692/275 495/716/299
f 481/707/290 492/712/295 490/718/301
f 483/706/289 491/686/269 492/712/295
f 508/719/302 504/720/303 510/721/304
f 510/721/304 503/694/277 509/685/268
f 508/719/302 507/722/305 505/723/306
f 510/721/304 506/684/267 507/722/305
f 517/724/307 513/725/308 519/726/309
f 519/726/309 512/695/278 518/699/282
f 517/724/307 516/727/310 514/728/311
f 519/726/309 515/701/284 516/727/310
f 505/723/306 480/710/293 478/729/312
f 507/722/305 479/688/271 480/710/293
f 514/728/311 504/720/303 502/702/285
f 516/727/310 503/694/277 504/720/303
f 494/692/275 513/725/308 495/716/299
f 495/716/299 511/730/313 493/717/300
f 485/711/294 465/690/273 467/676/260
f 520/731/14 534/732/14 527/733/14
f 536/734/1 522/735/1 531/736/1
f 532/737/18 535/738/18 528/739/18
f 523/740/1 536/734/1 533/741/1
f 537/742/18 526/743/18 535/738/18
f 521/744/314 533/745/158 529/746/158
f 524/747/11 522/748/315 525/749/11
f 521/744/314 525/749/11 523/750/314
f 534/732/14 521/751/14 529/752/14
f 522/748/315 527/753/16 531/754/16
f 529/746/316 532/755/317 528/756/318
f 532/737/317 536/734/319 537/742/319
f 531/754/320 526/757/321 530/758/322
f 534/732/323 528/739/318 535/738/323
f 536/734/319 530/759/322 537/742/319
f 544/760/321 552/761/323 553/762/323
f 538/763/14 552/761/14 545/764/14
f 554/765/1 540/766/1 549/767/1
f 550/768/18 553/762/18 546/769/18
f 541/770/1 554/765/1 551/771/1
f 555/772/18 544/760/18 553/762/18
f 539/773/314 551/771/158 547/774/158
f 542/775/11 540/776/315 543/777/11
f 539/773/314 543/777/11 541/770/314
f 552/761/14 539/778/14 547/779/14
f 540/776/315 545/780/16 549/781/16
f 546/782/318 551/771/324 550/768/317
f 550/768/317 554/765/319 555/772/319
f 549/781/320 544/783/321 548/784/322
f 552/761/323 546/769/318 553/762/323
f 554/765/319 548/785/322 555/772/319
f 593/786/1 566/787/1 600/788/1
f 594/789/1 556/790/1 592/791/1
f 595/792/1 560/793/1 594/789/1
f 596/794/1 561/795/1 595/792/1
f 597/796/1 562/797/1 596/794/1
f 598/798/1 563/799/1 597/796/1
f 599/800/1 564/801/1 598/798/1
f 600/788/1 565/802/1 599/800/1
f 576/803/14 602/804/325 609/805/14
f 574/806/326 603/807/14 601/808/326
f 580/809/14 604/810/325 603/807/14
f 581/811/326 605/812/14 604/810/326
f 582/813/14 606/814/325 605/812/14
f 583/815/326 607/816/14 606/814/326
f 584/817/14 608/818/325 607/816/14
f 585/819/326 609/805/14 608/818/326
f 569/820/18 587/821/18 588/822/18
f 562/823/11 581/811/11 561/824/11
f 569/820/18 589/825/18 570/826/18
f 562/823/11 583/815/11 582/813/11
f 556/827/16 601/808/16 592/828/16
f 571/829/18 589/825/18 590/830/18
f 564/831/11 583/815/11 563/832/11
f 566/833/11 577/834/11 576/803/11
f 571/829/18 591/835/18 572/836/18
f 564/831/11 585/819/11 584/817/11
f 573/837/18 579/838/18 559/839/18
f 573/837/18 591/835/18 578/840/18
f 566/833/11 585/819/11 565/841/11
f 559/842/158 620/843/158 611/844/158
f 567/845/18 575/846/18 586/847/18
f 560/848/11 574/806/11 556/849/11
f 567/845/18 587/821/18 568/850/18
f 560/848/11 581/811/11 580/809/11
f 593/851/158 577/834/158 558/852/158
f 592/828/16 619/853/16 610/854/16
f 608/818/326 627/855/14 626/856/326
f 607/816/14 626/856/325 625/857/14
f 606/814/326 625/857/14 624/858/326
f 605/812/14 624/858/325 623/859/14
f 604/810/326 623/859/14 622/860/326
f 603/807/14 622/860/325 621/861/14
f 601/808/326 621/861/14 619/853/326
f 609/805/14 620/843/325 627/855/14
f 618/862/1 599/800/1 617/863/1
f 617/863/1 598/798/1 616/864/1
f 616/864/1 597/796/1 615/865/1
f 615/865/1 596/794/1 614/866/1
f 614/866/1 595/792/1 613/867/1
f 613/867/1 594/789/1 612/868/1
f 612/868/1 592/791/1 610/869/1
f 611/870/1 600/788/1 618/862/1
f 559/871/1 618/862/1 573/872/1
f 567/873/1 610/869/1 557/874/1
f 568/875/1 612/868/1 567/873/1
f 569/876/1 613/867/1 568/875/1
f 570/877/1 614/866/1 569/876/1
f 571/878/1 615/865/1 570/877/1
f 572/879/1 616/864/1 571/878/1
f 573/872/1 617/863/1 572/879/1
f 627/855/14 579/838/325 578/840/14
f 619/853/326 586/847/14 575/846/326
f 621/861/14 587/821/325 586/847/14
f 622/860/326 588/822/14 587/821/326
f 623/859/14 589/825/325 588/822/14
f 624/858/326 590/830/14 589/825/326
f 625/857/14 591/835/325 590/830/14
f 626/856/326 578/840/14 591/835/326
f 610/854/16 575/846/16 557/880/16
f 611/844/158 602/804/158 593/851/158
f 526/743/321 534/732/323 535/738/323
f 465/881/18 475/882/18 470/883/18
s 0
f 633/884/18 629/885/18 628/886/18
f 632/887/18 628/886/18 631/888/18
f 631/888/18 452/649/18 451/650/18
f 628/886/18 454/651/18 452/649/18
f 635/889/11 639/890/11 634/891/11
f 634/891/11 638/892/11 637/893/11
f 461/657/11 637/893/11 460/658/11
f 463/659/11 634/891/11 461/657/11
f 635/894/1 454/660/1 629/895/1
f 638/896/158 633/897/158 632/898/158
f 639/899/158 630/900/158 633/897/158
f 637/901/14 632/902/14 631/903/14
f 460/671/14 631/903/14 451/672/14
f 636/904/1 629/895/1 630/905/1
s 1
f 643/906/327 664/907/328 642/908/329
f 642/908/329 658/909/330 640/910/331
f 676/911/332 647/912/333 673/913/334
f 682/914/335 650/915/64 685/916/336
f 640/910/331 667/917/337 645/918/338
f 673/913/334 645/918/338 667/917/337
f 648/919/339 655/920/340 641/921/341
f 670/922/342 646/923/343 676/911/332
f 685/916/336 649/924/344 679/925/345
f 644/926/346 688/927/347 652/928/348
f 651/929/349 679/925/345 649/924/344
f 694/930/350 652/928/348 688/927/347
f 691/931/351 653/932/352 694/930/350
f 672/933/353 660/934/354 678/935/355
f 659/936/356 663/937/357 657/938/358
f 658/909/330 665/939/359 659/936/356
f 665/939/359 660/934/354 663/937/357
f 664/907/328 662/940/360 665/939/359
f 660/934/354 656/941/361 654/942/362
f 662/940/360 655/920/340 656/941/361
f 672/933/353 668/943/363 666/944/364
f 674/945/365 667/917/337 668/943/363
f 675/946/366 674/945/365 672/933/353
f 677/947/367 673/913/334 674/945/365
f 671/948/368 675/946/366 669/949/369
f 670/922/342 677/947/367 671/948/368
f 668/943/363 657/938/358 666/944/364
f 667/917/337 659/936/356 668/943/363
f 684/950/370 680/951/371 678/935/355
f 686/952/372 679/925/345 680/951/371
f 683/953/373 684/950/370 681/954/374
f 682/914/335 686/952/372 683/953/373
f 693/955/375 689/956/376 687/957/377
f 695/958/378 688/927/347 689/956/376
f 692/959/379 693/955/375 690/960/380
f 691/931/351 695/958/378 692/959/379
f 656/941/361 681/954/374 654/942/362
f 655/920/340 683/953/373 656/941/361
f 680/951/371 690/960/380 678/935/355
f 679/925/345 692/959/379 680/951/371
f 670/922/342 689/956/376 688/927/347
f 671/948/368 687/957/377 689/956/376
f 641/921/341 661/961/381 643/906/327
f 710/962/14 696/963/14 703/964/14
f 712/965/1 698/966/1 701/967/1
f 711/968/18 708/969/18 704/970/18
f 712/965/1 699/971/1 709/972/1
f 702/973/18 713/974/18 711/968/18
f 709/975/16 697/976/315 705/977/16
f 698/978/314 700/979/11 701/980/11
f 701/980/11 697/976/315 699/981/315
f 710/962/14 697/982/14 700/983/14
f 703/984/158 698/978/314 707/985/158
f 708/986/322 705/977/382 704/987/321
f 708/969/322 712/965/319 709/972/320
f 702/988/318 707/985/324 706/989/317
f 704/970/321 710/962/323 711/968/323
f 706/990/317 712/965/319 713/974/319
f 720/991/318 728/992/323 721/993/316
f 728/992/14 714/994/14 721/993/14
f 730/995/1 716/996/1 719/997/1
f 729/998/18 726/999/18 722/1000/18
f 730/995/1 717/1001/1 727/1002/1
f 720/991/18 731/1003/18 729/998/18
f 727/1002/16 715/1004/315 723/1005/16
f 716/1006/314 718/1007/11 719/1008/11
f 719/1008/11 715/1004/315 717/1001/315
f 728/992/14 715/1009/14 718/1010/14
f 721/1011/158 716/1006/314 725/1012/158
f 722/1013/321 727/1002/320 723/1005/382
f 726/999/322 730/995/319 727/1002/320
f 720/1014/318 725/1012/324 724/1015/317
f 722/1000/321 728/992/323 729/998/323
f 724/1016/317 730/995/319 731/1003/319
f 742/1017/1 769/1018/1 776/1019/1
f 732/1020/1 770/1021/1 768/1022/1
f 736/1023/1 771/1024/1 770/1021/1
f 737/1025/1 772/1026/1 771/1024/1
f 738/1027/1 773/1028/1 772/1026/1
f 739/1029/1 774/1030/1 773/1028/1
f 740/1031/1 775/1032/1 774/1030/1
f 741/1033/1 776/1019/1 775/1032/1
f 778/1034/326 752/1035/14 785/1036/14
f 779/1037/14 750/1038/325 777/1039/325
f 780/1040/326 756/1041/14 779/1037/14
f 781/1042/14 757/1043/325 780/1040/325
f 782/1044/326 758/1045/14 781/1042/14
f 783/1046/14 759/1047/325 782/1044/325
f 784/1048/326 760/1049/14 783/1046/14
f 785/1036/14 761/1050/325 784/1048/325
f 745/1051/18 763/1052/18 744/1053/18
f 757/1043/11 738/1054/11 737/1055/11
f 765/1056/18 745/1051/18 746/1057/18
f 738/1054/11 759/1047/11 739/1058/11
f 777/1039/158 732/1059/158 768/1060/158
f 747/1061/18 765/1056/18 746/1057/18
f 759/1047/11 740/1062/11 739/1058/11
f 742/1063/11 753/1064/11 734/1065/11
f 767/1066/18 747/1061/18 748/1067/18
f 740/1062/11 761/1050/11 741/1068/11
f 755/1069/18 749/1070/18 735/1071/18
f 749/1070/18 767/1066/18 748/1067/18
f 761/1050/11 742/1063/11 741/1068/11
f 796/1072/16 735/1073/16 787/1074/16
f 743/1075/18 751/1076/18 733/1077/18
f 750/1038/11 736/1078/11 732/1079/11
f 763/1052/18 743/1075/18 744/1053/18
f 736/1078/11 757/1043/11 737/1055/11
f 753/1064/16 769/1080/16 734/1081/16
f 795/1082/158 768/1060/158 786/1083/158
f 803/1084/14 784/1048/325 802/1085/325
f 802/1085/326 783/1046/14 801/1086/14
f 801/1086/14 782/1044/325 800/1087/325
f 800/1087/326 781/1042/14 799/1088/14
f 799/1088/14 780/1040/325 798/1089/325
f 798/1089/326 779/1037/14 797/1090/14
f 797/1090/14 777/1039/325 795/1082/325
f 796/1072/326 785/1036/14 803/1084/14
f 775/1032/1 794/1091/1 793/1092/1
f 774/1030/1 793/1092/1 792/1093/1
f 773/1028/1 792/1093/1 791/1094/1
f 772/1026/1 791/1094/1 790/1095/1
f 771/1024/1 790/1095/1 789/1096/1
f 770/1021/1 789/1096/1 788/1097/1
f 768/1022/1 788/1097/1 786/1098/1
f 776/1019/1 787/1099/1 794/1091/1
f 794/1091/1 735/1100/1 749/1101/1
f 786/1098/1 743/1102/1 733/1103/1
f 788/1097/1 744/1104/1 743/1102/1
f 789/1096/1 745/1105/1 744/1104/1
f 790/1095/1 746/1106/1 745/1105/1
f 791/1094/1 747/1107/1 746/1106/1
f 792/1093/1 748/1108/1 747/1107/1
f 793/1092/1 749/1101/1 748/1108/1
f 755/1069/326 803/1084/14 754/1109/14
f 762/1110/14 795/1082/325 751/1076/325
f 763/1052/326 797/1090/14 762/1110/14
f 764/1111/14 798/1089/325 763/1052/325
f 765/1056/326 799/1088/14 764/1111/14
f 766/1112/14 800/1087/325 765/1056/325
f 767/1066/326 801/1086/14 766/1112/14
f 754/1109/14 802/1085/325 767/1066/325
f 751/1076/158 786/1083/158 733/1113/158
f 778/1034/16 787/1074/16 769/1080/16
f 702/973/318 710/962/323 703/964/316
f 646/1114/18 651/1115/18 641/1116/18
f 857/1117/383 840/1118/384 841/1119/385
f 1003/1120/386 854/1121/387 1006/1122/388
f 1021/1123/389 834/1124/390 1019/1125/391
f 855/1126/392 840/1118/384 856/1127/393
f 852/1128/394 1003/1120/386 1004/1129/395
f 865/1130/396 1002/1131/397 1001/1132/398
f 839/1133/399 854/1121/387 838/1134/400
f 852/1128/394 851/1135/401 836/1136/402
f 864/1137/403 1001/1132/398 1000/1138/404
f 838/1134/400 853/1139/405 837/1140/406
f 867/1141/407 850/1142/408 851/1135/401
f 999/1143/409 864/1137/403 1000/1138/404
f 850/1142/408 865/1130/396 849/1144/410
f 862/1145/411 999/1143/409 998/1146/412
f 849/1144/410 864/1137/403 848/1147/413
f 997/1148/414 862/1145/411 998/1146/412
f 842/1149/415 809/1150/416 810/1151/417
f 856/1127/393 1009/1152/418 1008/1153/419
f 843/1154/420 810/1151/417 811/1155/421
f 857/1117/383 1010/1156/422 1009/1152/418
f 812/1157/423 843/1154/420 811/1155/421
f 858/1158/424 1011/1159/425 1010/1156/422
f 813/1160/426 844/1161/427 812/1157/423
f 859/1162/428 996/1163/429 1011/1159/425
f 846/1164/430 813/1160/426 814/1165/431
f 860/1166/432 997/1148/414 996/1163/429
f 847/1167/433 814/1165/431 815/1168/434
f 848/1147/413 815/1168/434 816/1169/435
f 849/1144/410 816/1169/435 817/1170/436
f 850/1142/408 817/1170/436 818/1171/437
f 837/1140/406 804/1172/438 805/1173/439
f 819/1174/440 850/1142/408 818/1171/437
f 838/1134/400 805/1173/439 806/1175/441
f 804/1172/438 851/1135/401 819/1174/440
f 807/1176/442 838/1134/400 806/1175/441
f 840/1118/384 807/1176/442 808/1177/443
f 867/1141/407 1004/1129/395 1005/1178/444
f 854/1121/387 1007/1179/445 1006/1122/388
f 809/1150/416 840/1118/384 808/1177/443
f 855/1126/392 1008/1153/419 1007/1179/445
f 842/1149/415 857/1117/383 841/1119/385
f 843/1154/420 858/1158/424 842/1149/415
f 844/1161/427 859/1162/428 843/1154/420
f 861/1180/446 844/1161/427 845/1181/447
f 846/1164/430 861/1180/446 845/1181/447
f 863/1182/448 846/1164/430 847/1167/433
f 864/1137/403 847/1167/433 848/1147/413
f 981/1183/449 818/1184/437 817/1185/436
f 985/1186/450 810/1187/417 983/1188/451
f 984/1189/452 819/1190/440 818/1184/437
f 987/1191/453 811/1192/421 985/1186/450
f 988/1193/454 819/1190/440 986/1194/455
f 990/1195/456 812/1196/423 987/1191/453
f 989/1197/457 806/1198/441 805/1199/439
f 990/1195/456 814/1200/431 813/1201/426
f 993/1202/458 806/1198/441 991/1203/459
f 994/1204/460 814/1200/431 992/1205/461
f 993/1202/458 808/1206/443 807/1207/442
f 994/1204/460 816/1208/435 815/1209/434
f 995/1210/462 809/1211/416 808/1206/443
f 980/1212/463 817/1185/436 816/1213/435
f 983/1188/451 809/1211/416 982/1214/464
f 888/1215/465 919/1216/466 920/1217/467
f 901/1218/468 932/1219/469 900/1220/470
f 913/1221/471 946/1222/472 945/1223/473
f 887/1224/474 918/1225/475 919/1216/466
f 899/1226/476 916/1227/477 884/1228/478
f 912/1229/479 945/1223/473 944/1230/480
f 885/1231/481 918/1225/475 886/1232/482
f 899/1226/476 930/1233/483 931/1234/484
f 912/1229/479 943/1235/485 911/1236/486
f 884/1228/478 917/1237/487 885/1231/481
f 897/1238/488 930/1233/483 898/1239/489
f 910/1240/490 943/1235/485 942/1241/491
f 896/1242/492 929/1243/493 897/1238/488
f 910/1240/490 941/1244/494 909/1245/495
f 895/1246/496 928/1247/497 896/1242/492
f 908/1248/498 941/1244/494 940/1249/499
f 873/1250/500 890/1251/501 874/1252/502
f 874/1252/502 891/1253/503 875/1254/504
f 875/1254/504 892/1255/505 876/1256/506
f 876/1256/506 893/1257/507 877/1258/508
f 877/1258/508 894/1259/509 878/1260/510
f 879/1261/511 894/1259/509 895/1246/496
f 879/1261/511 896/1242/492 880/1262/512
f 881/1263/513 896/1242/492 897/1238/488
f 882/1264/514 897/1238/488 898/1239/489
f 868/1265/515 885/1231/481 869/1266/516
f 883/1267/517 898/1239/489 899/1226/476
f 869/1266/516 886/1232/482 870/1268/518
f 883/1267/517 884/1228/478 868/1265/515
f 870/1268/518 887/1224/474 871/1269/519
f 871/1269/519 888/1215/465 872/1270/520
f 873/1250/500 888/1215/465 889/1271/521
f 928/1247/497 943/1235/485 944/1230/480
f 921/1272/522 936/1273/523 937/1274/524
f 928/1247/497 945/1223/473 929/1243/493
f 922/1275/525 937/1274/524 938/1276/526
f 929/1243/493 946/1222/472 930/1233/483
f 923/1277/527 938/1276/526 939/1278/528
f 930/1233/483 947/1279/529 931/1234/484
f 923/1277/527 940/1249/499 924/1280/530
f 917/1237/487 932/1219/469 933/1281/531
f 931/1234/484 932/1219/469 916/1227/477
f 925/1282/532 940/1249/499 941/1244/494
f 918/1225/475 933/1281/531 934/1283/533
f 926/1284/534 941/1244/494 942/1241/491
f 919/1216/466 934/1283/533 935/1285/535
f 926/1284/534 943/1235/485 927/1286/536
f 919/1216/466 936/1273/523 920/1217/467
f 914/1287/537 947/1279/529 946/1222/472
f 902/1288/538 933/1281/531 901/1218/468
f 888/1215/465 921/1272/522 889/1271/521
f 915/1289/539 932/1219/469 947/1279/529
f 903/1290/540 934/1283/533 902/1288/538
f 889/1271/521 922/1275/525 890/1251/501
f 903/1290/540 936/1273/523 935/1285/535
f 890/1251/501 923/1277/527 891/1253/503
f 905/1291/541 936/1273/523 904/1292/542
f 891/1253/503 924/1280/530 892/1255/505
f 906/1293/543 937/1274/524 905/1291/541
f 892/1255/505 925/1282/532 893/1257/507
f 906/1293/543 939/1278/528 938/1276/526
f 894/1259/509 925/1282/532 926/1284/534
f 908/1248/498 939/1278/528 907/1294/544
f 894/1259/509 927/1286/536 895/1246/496
f 837/1140/406 852/1128/394 836/1136/402
f 988/1193/454 805/1199/439 804/1295/438
f 911/1296/545 960/1297/546 912/1298/546
f 958/1299/547 973/1300/548 974/1301/547
f 905/1302/549 952/1303/550 953/1304/549
f 913/1305/551 960/1306/546 961/1307/551
f 905/1302/549 954/1308/552 906/1309/552
f 913/1305/551 962/1310/553 914/1311/553
f 906/1309/552 955/1312/554 907/1313/554
f 914/1311/553 963/1314/555 915/1315/555
f 907/1313/554 956/1316/556 908/1317/556
f 900/1318/557 948/1319/558 901/1320/558
f 915/1315/555 949/1321/557 900/1318/557
f 908/1317/556 957/1322/559 909/1323/559
f 901/1320/558 950/1324/560 902/1325/560
f 909/1323/559 958/1299/561 910/1326/561
f 903/1327/562 950/1324/560 951/1328/562
f 910/1326/561 959/1329/545 911/1296/545
f 904/1330/550 951/1328/562 952/1303/550
f 951/1328/563 966/1331/564 967/1332/563
f 958/1299/547 975/1333/565 959/1329/565
f 951/1328/563 968/1334/566 952/1303/566
f 959/1329/565 976/1335/567 960/1297/567
f 953/1304/568 968/1334/566 969/1336/568
f 960/1306/567 977/1337/569 961/1307/569
f 953/1304/568 970/1338/570 954/1308/570
f 961/1307/569 978/1339/571 962/1310/571
f 954/1308/570 971/1340/572 955/1312/572
f 962/1310/571 979/1341/573 963/1314/573
f 955/1312/572 972/1342/574 956/1316/574
f 949/1321/575 964/1343/576 948/1319/576
f 963/1314/573 965/1344/575 949/1321/575
f 956/1316/574 973/1300/548 957/1322/548
f 948/1319/576 966/1331/564 950/1324/564
f 974/1345/158 970/1346/158 966/1347/158
f 869/1348/516 988/1193/454 868/1349/515
f 874/1350/502 982/1214/464 873/1351/500
f 881/1352/513 980/1212/463 880/1353/512
f 873/1351/500 995/1210/462 872/1354/520
f 880/1355/512 994/1204/460 879/1356/511
f 872/1354/520 993/1202/458 871/1357/519
f 878/1358/510 994/1204/460 992/1205/461
f 871/1357/519 991/1203/459 870/1359/518
f 878/1358/510 990/1195/456 877/1360/508
f 869/1348/516 991/1203/459 989/1197/457
f 877/1360/508 987/1191/453 876/1361/506
f 868/1349/515 986/1194/455 883/1362/517
f 875/1363/504 987/1191/453 985/1186/450
f 883/1362/517 984/1189/452 882/1364/514
f 874/1350/502 985/1186/450 983/1188/451
f 881/1352/513 984/1189/452 981/1183/449
f 828/1365/16 832/1366/16 820/1367/16
f 1007/1179/445 1024/1368/577 1023/1369/578
f 1022/1370/579 1007/1179/445 1023/1369/578
f 1005/1178/444 1012/1371/580 1021/1123/389
f 996/1163/429 1014/1372/581 1013/1373/582
f 1011/1159/425 1013/1373/582 1027/1374/583
f 1010/1156/422 1027/1374/583 1026/1375/584
f 1025/1376/585 1010/1156/422 1026/1375/584
f 1024/1368/577 1009/1152/418 1025/1376/585
f 997/1148/414 1015/1377/586 1014/1372/581
f 998/1146/412 1016/1378/587 1015/1377/586
f 999/1143/409 1017/1379/588 1016/1378/587
f 1000/1138/404 1018/1380/589 1017/1379/588
f 1001/1132/398 1019/1125/391 1018/1380/589
f 1004/1129/395 1020/1381/590 1012/1371/580
f 866/1382/591 1005/1178/444 1002/1131/397
f 1020/1381/590 1006/1122/388 1022/1370/579
f 1020/1381/590 822/1383/592 821/1384/593
f 820/1385/594 1020/1381/590 821/1384/593
f 1018/1380/589 834/1124/390 833/1386/595
f 1017/1379/588 833/1386/595 832/1387/596
f 1016/1378/587 832/1387/596 831/1388/597
f 1015/1377/586 831/1388/597 830/1389/598
f 1014/1372/581 830/1389/598 829/1390/599
f 1024/1368/577 825/1391/600 824/1392/601
f 1025/1376/585 826/1393/602 825/1391/600
f 1026/1375/584 827/1394/603 826/1393/602
f 827/1394/603 1013/1373/582 828/1395/604
f 1013/1373/582 829/1390/599 828/1395/604
f 1021/1123/389 820/1385/594 835/1396/605
f 1022/1370/579 823/1397/606 822/1383/592
f 823/1397/606 1024/1368/577 824/1392/601
f 1002/1131/397 1021/1123/389 1019/1125/391
s 0
f 1031/1398/158 1069/1399/158 1030/1400/158
f 1029/1401/158 1061/1402/158 1028/1403/158
f 1035/1404/607 1059/1405/607 1083/1406/607
f 1081/1407/16 1050/1408/16 1082/1409/16
f 1079/1410/16 1074/1411/16 1080/1412/16
f 1076/1413/16 1066/1414/16 1078/1415/16
f 1034/1416/608 1055/1417/608 1082/1418/608
f 1081/1419/16 1047/1420/16 1046/1421/16
f 1044/1422/608 1047/1423/608 1045/1424/608
f 1032/1425/609 1047/1423/609 1080/1426/609
f 1033/1427/610 1046/1428/610 1044/1422/610
f 1033/1429/158 1045/1430/158 1032/1431/158
f 1048/1432/607 1051/1433/607 1049/1434/607
f 1034/1435/611 1050/1436/611 1048/1432/611
f 1033/1437/158 1048/1438/158 1049/1439/158
f 1033/1427/612 1051/1433/612 1081/1440/612
f 1052/1441/610 1055/1417/610 1053/1442/610
f 1083/1406/613 1052/1441/613 1035/1404/613
f 1083/1443/16 1055/1444/16 1054/1445/16
f 1035/1446/158 1053/1447/158 1034/1448/158
f 1056/1449/611 1059/1405/611 1057/1450/611
f 1028/1451/158 1057/1452/158 1035/1453/158
f 1077/1454/614 1056/1449/614 1028/1455/614
f 1077/1456/16 1059/1457/16 1058/1458/16
f 1060/1459/613 1063/1460/613 1061/1461/613
f 1028/1462/610 1063/1460/610 1077/1463/610
f 1076/1464/16 1063/1465/16 1062/1466/16
f 1076/1467/609 1060/1459/609 1029/1468/609
f 1064/1469/614 1067/1470/614 1065/1471/614
f 1078/1472/612 1064/1469/612 1030/1473/612
f 1029/1474/158 1064/1475/158 1065/1476/158
f 1029/1468/611 1067/1470/611 1076/1467/611
f 1068/1477/609 1071/1478/609 1069/1479/609
f 1030/1480/613 1071/1478/613 1078/1481/613
f 1078/1482/16 1070/1483/16 1079/1484/16
f 1079/1485/608 1068/1477/608 1031/1486/608
f 1072/1487/612 1075/1488/612 1073/1489/612
f 1031/1490/158 1072/1491/158 1073/1492/158
f 1080/1493/607 1072/1487/607 1032/1494/607
f 1031/1486/614 1075/1488/614 1079/1485/614
f 1041/1495/613 1090/1496/613 1040/1497/613
f 1043/1498/609 1087/1499/609 1042/1500/609
f 1038/1501/607 1086/1502/607 1037/1503/607
f 1037/1504/16 1077/1505/16 1076/1506/16
f 1037/1507/16 1078/1508/16 1038/1509/16
f 1039/1510/16 1078/1511/16 1079/1512/16
f 1039/1513/16 1080/1514/16 1040/1515/16
f 1040/1516/16 1081/1517/16 1041/1518/16
f 1042/1519/16 1081/1520/16 1082/1521/16
f 1042/1522/16 1083/1523/16 1043/1524/16
f 1036/1525/16 1083/1526/16 1077/1527/16
f 1089/1528/16 1085/1529/16 1084/1530/16
f 1085/1531/16 1086/1532/16 1084/1533/16
f 1086/1534/16 1091/1535/16 1088/1536/16
f 1039/1537/610 1084/1538/610 1038/1539/610
f 1037/1540/608 1088/1541/608 1036/1542/608
f 1036/1543/612 1091/1544/612 1043/1545/612
f 1042/1546/614 1085/1547/614 1041/1548/614
f 1039/1549/611 1090/1550/611 1089/1551/611
f 1095/1552/158 1133/1553/158 1094/1554/158
f 1092/1555/158 1124/1556/158 1125/1557/158
f 1099/1558/615 1123/1559/615 1147/1560/615
f 1146/1561/16 1115/1562/16 1114/1563/16
f 1143/1564/16 1138/1565/16 1144/1566/16
f 1142/1567/16 1131/1568/16 1130/1569/16
f 1098/1570/616 1119/1571/616 1146/1572/616
f 1144/1566/16 1110/1573/16 1145/1574/16
f 1108/1575/616 1111/1576/616 1109/1577/616
f 1096/1578/617 1111/1576/617 1144/1579/617
f 1145/1580/618 1108/1575/618 1097/1581/618
f 1096/1578/158 1108/1575/158 1109/1577/158
f 1112/1582/615 1115/1583/615 1113/1584/615
f 1146/1572/619 1112/1582/619 1098/1570/619
f 1098/1570/158 1113/1584/158 1097/1581/158
f 1097/1581/620 1115/1583/620 1145/1580/620
f 1116/1585/618 1119/1571/618 1117/1586/618
f 1147/1560/621 1116/1585/621 1099/1558/621
f 1146/1561/16 1118/1587/16 1147/1588/16
f 1098/1570/158 1116/1585/158 1117/1586/158
f 1120/1589/619 1123/1559/619 1121/1590/619
f 1099/1558/158 1120/1589/158 1121/1590/158
f 1141/1591/622 1120/1589/622 1092/1555/622
f 1147/1588/16 1122/1592/16 1141/1593/16
f 1124/1556/621 1127/1594/621 1125/1557/621
f 1092/1555/618 1127/1594/618 1141/1591/618
f 1141/1593/16 1126/1595/16 1140/1596/16
f 1140/1597/617 1124/1556/617 1093/1598/617
f 1128/1599/622 1131/1600/622 1129/1601/622
f 1142/1602/620 1128/1599/620 1094/1554/620
f 1094/1554/158 1129/1601/158 1093/1598/158
f 1093/1598/619 1131/1600/619 1140/1597/619
f 1132/1603/623 1135/1604/623 1133/1553/623
f 1094/1554/621 1135/1604/621 1142/1602/621
f 1143/1564/16 1135/1605/16 1134/1606/16
f 1143/1607/616 1132/1603/616 1095/1552/616
f 1136/1608/620 1139/1609/620 1137/1610/620
f 1095/1552/158 1136/1608/158 1137/1610/158
f 1144/1579/615 1136/1608/615 1096/1578/615
f 1095/1552/622 1139/1609/622 1143/1607/622
f 1105/1611/621 1154/1612/621 1104/1613/621
f 1107/1614/617 1151/1615/617 1106/1616/617
f 1102/1617/624 1150/1618/624 1101/1619/624
f 1100/1620/16 1140/1596/16 1101/1619/16
f 1102/1617/16 1140/1596/16 1142/1567/16
f 1103/1621/16 1142/1567/16 1143/1564/16
f 1103/1621/16 1144/1566/16 1104/1613/16
f 1104/1613/16 1145/1574/16 1105/1611/16
f 1105/1611/16 1146/1561/16 1106/1616/16
f 1107/1614/16 1146/1561/16 1147/1588/16
f 1100/1620/16 1147/1588/16 1141/1593/16
f 1153/1622/16 1149/1623/16 1148/1624/16
f 1149/1623/16 1150/1618/16 1148/1624/16
f 1151/1615/16 1152/1625/16 1150/1618/16
f 1103/1621/618 1148/1624/618 1102/1617/618
f 1101/1619/625 1152/1625/625 1100/1620/625
f 1100/1620/620 1155/1626/620 1107/1614/620
f 1106/1616/626 1149/1623/626 1105/1611/626
f 1104/1613/619 1153/1622/619 1103/1621/619
f 1094/1554/158 1096/1578/158 1095/1552/158
f 1093/1598/158 1097/1581/158 1094/1554/158
f 1093/1598/158 1099/1558/158 1098/1570/158
s 1
f 1209/1627/383 1192/1628/384 1193/1629/385
f 1205/1630/405 1358/1631/388 1355/1632/386
f 1373/1633/389 1186/1634/390 1371/1635/391
f 1207/1636/392 1192/1628/384 1208/1637/393
f 1356/1638/395 1205/1630/405 1355/1632/386
f 1353/1639/398 1218/1640/591 1354/1641/397
f 1191/1642/399 1206/1643/387 1190/1644/400
f 1188/1645/402 1219/1646/407 1203/1647/401
f 1352/1648/627 1217/1649/396 1353/1639/398
f 1206/1643/387 1189/1650/406 1190/1644/400
f 1203/1647/401 1218/1640/591 1202/1651/408
f 1351/1652/409 1216/1653/403 1352/1648/627
f 1218/1640/591 1201/1654/410 1202/1651/408
f 1214/1655/411 1351/1652/409 1350/1656/412
f 1217/1649/396 1200/1657/413 1201/1654/410
f 1349/1658/414 1214/1655/411 1350/1656/412
f 1194/1659/415 1161/1660/416 1162/1661/417
f 1208/1637/393 1361/1662/418 1360/1663/419
f 1163/1664/421 1194/1659/415 1162/1661/417
f 1361/1662/418 1210/1665/424 1362/1666/422
f 1196/1667/427 1163/1664/421 1164/1668/423
f 1210/1665/424 1363/1669/425 1362/1666/422
f 1165/1670/426 1196/1667/427 1164/1668/423
f 1211/1671/428 1348/1672/429 1363/1669/425
f 1198/1673/430 1165/1670/426 1166/1674/431
f 1348/1672/429 1213/1675/446 1349/1658/414
f 1199/1676/433 1166/1674/431 1167/1677/434
f 1200/1657/413 1167/1677/434 1168/1678/435
f 1169/1679/436 1200/1657/413 1168/1678/435
f 1202/1651/408 1169/1679/436 1170/1680/437
f 1189/1650/406 1156/1681/438 1157/1682/439
f 1171/1683/440 1202/1651/408 1170/1680/437
f 1190/1644/400 1157/1682/439 1158/1684/628
f 1156/1681/438 1203/1647/401 1171/1683/440
f 1159/1685/442 1190/1644/400 1158/1684/628
f 1160/1686/443 1191/1642/399 1159/1685/442
f 1219/1646/407 1356/1638/395 1357/1687/444
f 1206/1643/387 1359/1688/445 1358/1631/388
f 1161/1660/416 1192/1628/384 1160/1686/443
f 1207/1636/392 1360/1663/419 1359/1688/445
f 1210/1665/424 1193/1629/385 1194/1659/415
f 1195/1689/420 1210/1665/424 1194/1659/415
f 1196/1667/427 1211/1671/428 1195/1689/420
f 1213/1675/446 1196/1667/427 1197/1690/447
f 1214/1655/411 1197/1690/447 1198/1673/430
f 1199/1676/433 1214/1655/411 1198/1673/430
f 1216/1653/403 1199/1676/433 1200/1657/413
f 1333/1691/449 1170/1692/437 1169/1693/436
f 1337/1694/450 1162/1695/417 1335/1696/451
f 1336/1697/452 1171/1698/440 1170/1692/437
f 1337/1694/450 1164/1699/423 1163/1700/421
f 1340/1701/454 1171/1698/440 1338/1702/455
f 1342/1703/456 1164/1699/423 1339/1704/453
f 1343/1705/459 1157/1706/439 1341/1707/457
f 1344/1708/461 1165/1709/426 1342/1703/456
f 1343/1705/459 1159/1710/442 1158/1711/628
f 1344/1708/461 1167/1712/434 1166/1713/431
f 1347/1714/462 1159/1710/442 1345/1715/458
f 1332/1716/463 1167/1712/434 1346/1717/460
f 1347/1714/462 1161/1718/416 1160/1719/443
f 1333/1691/449 1168/1720/435 1332/1721/463
f 1335/1696/451 1161/1718/416 1334/1722/464
f 1239/1723/474 1272/1724/467 1240/1725/465
f 1253/1726/468 1284/1727/469 1252/1728/470
f 1265/1729/471 1298/1730/472 1297/1731/473
f 1238/1732/482 1271/1733/466 1239/1723/474
f 1251/1734/476 1268/1735/477 1236/1736/478
f 1264/1737/479 1297/1731/473 1296/1738/480
f 1238/1732/482 1269/1739/487 1270/1740/475
f 1250/1741/489 1283/1742/484 1251/1734/476
f 1263/1743/486 1296/1738/480 1295/1744/485
f 1236/1736/478 1269/1739/487 1237/1745/481
f 1249/1746/488 1282/1747/483 1250/1741/489
f 1262/1748/490 1295/1744/485 1294/1749/491
f 1248/1750/492 1281/1751/493 1249/1746/488
f 1261/1752/495 1294/1749/491 1293/1753/494
f 1248/1750/492 1279/1754/536 1280/1755/497
f 1261/1752/495 1292/1756/499 1260/1757/498
f 1225/1758/500 1242/1759/501 1226/1760/502
f 1227/1761/504 1242/1759/501 1243/1762/503
f 1227/1761/504 1244/1763/505 1228/1764/506
f 1228/1764/506 1245/1765/507 1229/1766/508
f 1229/1766/508 1246/1767/509 1230/1768/510
f 1231/1769/511 1246/1767/509 1247/1770/496
f 1232/1771/512 1247/1770/496 1248/1750/492
f 1233/1772/513 1248/1750/492 1249/1746/488
f 1233/1772/513 1250/1741/489 1234/1773/514
f 1220/1774/515 1237/1745/481 1221/1775/516
f 1234/1773/514 1251/1734/476 1235/1776/517
f 1221/1775/516 1238/1732/482 1222/1777/518
f 1220/1774/515 1251/1734/476 1236/1736/478
f 1222/1777/518 1239/1723/474 1223/1778/519
f 1224/1779/520 1239/1723/474 1240/1725/465
f 1225/1758/500 1240/1725/465 1241/1780/521
f 1279/1754/536 1296/1738/480 1280/1755/497
f 1272/1724/467 1289/1781/524 1273/1782/522
f 1280/1755/497 1297/1731/473 1281/1751/493
f 1274/1783/525 1289/1781/524 1290/1784/526
f 1282/1747/483 1297/1731/473 1298/1730/472
f 1275/1785/527 1290/1784/526 1291/1786/528
f 1283/1742/484 1298/1730/472 1299/1787/529
f 1275/1785/527 1292/1756/499 1276/1788/530
f 1269/1739/487 1284/1727/469 1285/1789/531
f 1268/1735/477 1299/1787/529 1284/1727/469
f 1277/1790/532 1292/1756/499 1293/1753/494
f 1269/1739/487 1286/1791/533 1270/1740/475
f 1277/1790/532 1294/1749/491 1278/1792/534
f 1271/1733/466 1286/1791/533 1287/1793/535
f 1278/1792/534 1295/1744/485 1279/1754/536
f 1272/1724/467 1287/1793/535 1288/1794/523
f 1266/1795/537 1299/1787/529 1298/1730/472
f 1254/1796/538 1285/1789/531 1253/1726/468
f 1241/1780/521 1272/1724/467 1273/1782/522
f 1252/1728/470 1299/1787/529 1267/1797/539
f 1254/1796/538 1287/1793/535 1286/1791/533
f 1241/1780/521 1274/1783/525 1242/1759/501
f 1256/1798/542 1287/1793/535 1255/1799/540
f 1242/1759/501 1275/1785/527 1243/1762/503
f 1256/1798/542 1289/1781/524 1288/1794/523
f 1243/1762/503 1276/1788/530 1244/1763/505
f 1258/1800/543 1289/1781/524 1257/1801/541
f 1245/1765/507 1276/1788/530 1277/1790/532
f 1259/1802/544 1290/1784/526 1258/1800/543
f 1246/1767/509 1277/1790/532 1278/1792/534
f 1260/1757/498 1291/1786/528 1259/1802/544
f 1247/1770/496 1278/1792/534 1279/1754/536
f 1189/1650/406 1204/1803/394 1188/1645/402
f 1341/1707/457 1156/1804/438 1340/1701/454
f 1263/1805/545 1312/1806/546 1264/1807/546
f 1310/1808/547 1325/1809/548 1326/1810/547
f 1257/1811/549 1304/1812/550 1305/1813/549
f 1264/1814/546 1313/1815/551 1265/1816/551
f 1257/1811/549 1306/1817/552 1258/1818/552
f 1265/1816/551 1314/1819/553 1266/1820/553
f 1258/1818/552 1307/1821/554 1259/1822/554
f 1267/1823/555 1314/1819/553 1315/1824/555
f 1260/1825/556 1307/1821/554 1308/1826/556
f 1252/1827/557 1300/1828/558 1253/1829/558
f 1267/1823/555 1301/1830/557 1252/1827/557
f 1260/1825/556 1309/1831/559 1261/1832/559
f 1253/1829/558 1302/1833/560 1254/1834/560
f 1261/1832/559 1310/1808/561 1262/1835/561
f 1254/1834/560 1303/1836/562 1255/1837/562
f 1263/1805/545 1310/1808/561 1311/1838/545
f 1256/1839/550 1303/1836/562 1304/1812/550
f 1302/1833/564 1319/1840/563 1303/1836/563
f 1310/1808/547 1327/1841/565 1311/1838/565
f 1303/1836/563 1320/1842/566 1304/1812/566
f 1312/1806/567 1327/1841/565 1328/1843/567
f 1304/1812/566 1321/1844/568 1305/1813/568
f 1313/1815/569 1328/1845/567 1329/1846/569
f 1306/1817/570 1321/1844/568 1322/1847/570
f 1313/1815/569 1330/1848/571 1314/1819/571
f 1306/1817/570 1323/1849/572 1307/1821/572
f 1314/1819/571 1331/1850/573 1315/1824/573
f 1307/1821/572 1324/1851/574 1308/1826/574
f 1301/1830/575 1316/1852/576 1300/1828/576
f 1315/1824/573 1317/1853/575 1301/1830/575
f 1309/1831/548 1324/1851/574 1325/1809/548
f 1302/1833/564 1316/1852/576 1318/1854/564
f 1326/1855/158 1322/1856/158 1318/1857/158
f 1221/1858/516 1340/1701/454 1220/1859/515
f 1226/1860/502 1334/1722/464 1225/1861/500
f 1232/1862/512 1333/1691/449 1332/1721/463
f 1225/1861/500 1347/1714/462 1224/1863/520
f 1232/1864/512 1346/1717/460 1231/1865/511
f 1224/1863/520 1345/1715/458 1223/1866/519
f 1231/1865/511 1344/1708/461 1230/1867/510
f 1223/1866/519 1343/1705/459 1222/1868/518
f 1229/1869/508 1344/1708/461 1342/1703/456
f 1222/1868/518 1341/1707/457 1221/1858/516
f 1229/1869/508 1339/1704/453 1228/1870/506
f 1220/1859/515 1338/1702/455 1235/1871/517
f 1227/1872/504 1339/1704/453 1337/1694/450
f 1235/1871/517 1336/1697/452 1234/1873/514
f 1227/1872/504 1335/1696/451 1226/1860/502
f 1234/1873/514 1333/1691/449 1233/1874/513
f 1180/1875/16 1184/1876/16 1172/1877/16
f 1359/1688/445 1376/1878/577 1375/1879/578
f 1374/1880/579 1359/1688/445 1375/1879/578
f 1357/1687/444 1364/1881/580 1373/1633/389
f 1348/1672/429 1366/1882/581 1365/1883/582
f 1379/1884/583 1348/1672/429 1365/1883/582
f 1362/1666/422 1379/1884/583 1378/1885/584
f 1361/1662/418 1378/1885/584 1377/1886/585
f 1376/1878/577 1361/1662/418 1377/1886/585
f 1349/1658/414 1367/1887/586 1366/1882/581
f 1350/1656/412 1368/1888/587 1367/1887/586
f 1351/1652/409 1369/1889/588 1368/1888/587
f 1369/1889/588 1353/1639/398 1370/1890/589
f 1370/1890/589 1354/1641/397 1371/1635/391
f 1364/1881/580 1355/1632/386 1372/1891/590
f 1218/1640/591 1357/1687/444 1354/1641/397
f 1372/1891/590 1358/1631/388 1374/1880/579
f 1173/1892/629 1374/1880/579 1174/1893/592
f 1364/1881/580 1173/1892/629 1172/1894/594
f 1370/1890/589 1186/1634/390 1185/1895/595
f 1369/1889/588 1185/1895/595 1184/1896/596
f 1368/1888/587 1184/1896/596 1183/1897/597
f 1367/1887/586 1183/1897/597 1182/1898/598
f 1366/1882/581 1182/1898/598 1181/1899/599
f 1176/1900/601 1377/1886/585 1177/1901/630
f 1177/1901/630 1378/1885/584 1178/1902/602
f 1178/1902/602 1379/1884/583 1179/1903/603
f 1179/1903/603 1365/1883/582 1180/1904/604
f 1365/1883/582 1181/1899/599 1180/1904/604
f 1373/1633/389 1172/1894/594 1187/1905/605
f 1174/1893/592 1375/1879/578 1175/1906/606
f 1175/1906/606 1376/1878/577 1176/1900/601
f 1354/1641/397 1373/1633/389 1371/1635/391
s 0
f 1383/1907/158 1421/1908/158 1382/1909/158
f 1381/1910/158 1413/1911/158 1380/1912/158
f 1387/1913/607 1411/1914/607 1435/1915/607
f 1433/1916/16 1402/1917/16 1434/1918/16
f 1431/1919/16 1426/1920/16 1432/1921/16
f 1428/1922/16 1418/1923/16 1430/1924/16
f 1386/1925/608 1407/1926/608 1434/1927/608
f 1433/1928/16 1399/1929/16 1398/1930/16
f 1396/1931/608 1399/1932/608 1397/1933/608
f 1384/1934/609 1399/1932/609 1432/1935/609
f 1385/1936/610 1398/1937/610 1396/1931/610
f 1385/1938/158 1397/1939/158 1384/1940/158
f 1400/1941/607 1403/1942/607 1401/1943/607
f 1386/1944/611 1402/1945/611 1400/1941/611
f 1386/1946/158 1401/1947/158 1385/1948/158
f 1385/1936/612 1403/1942/612 1433/1949/612
f 1404/1950/610 1407/1926/610 1405/1951/610
f 1435/1915/613 1404/1950/613 1387/1913/613
f 1435/1952/16 1407/1953/16 1406/1954/16
f 1387/1955/158 1405/1956/158 1386/1957/158
f 1408/1958/611 1411/1914/611 1409/1959/611
f 1387/1960/158 1408/1961/158 1409/1962/158
f 1429/1963/614 1408/1958/614 1380/1964/614
f 1435/1965/16 1410/1966/16 1429/1967/16
f 1412/1968/613 1415/1969/613 1413/1970/613
f 1380/1971/610 1415/1969/610 1429/1972/610
f 1428/1973/16 1415/1974/16 1414/1975/16
f 1428/1976/609 1412/1968/609 1381/1977/609
f 1416/1978/614 1419/1979/614 1417/1980/614
f 1430/1981/612 1416/1978/612 1382/1982/612
f 1381/1983/158 1416/1984/158 1417/1985/158
f 1381/1977/611 1419/1979/611 1428/1976/611
f 1420/1986/609 1423/1987/609 1421/1988/609
f 1382/1989/613 1423/1987/613 1430/1990/613
f 1430/1991/16 1422/1992/16 1431/1993/16
f 1431/1994/608 1420/1986/608 1383/1995/608
f 1424/1996/612 1427/1997/612 1425/1998/612
f 1383/1999/158 1424/2000/158 1425/2001/158
f 1432/2002/607 1424/1996/607 1384/2003/607
f 1383/1995/614 1427/1997/614 1431/1994/614
f 1393/2004/613 1442/2005/613 1392/2006/613
f 1395/2007/609 1439/2008/609 1394/2009/609
f 1390/2010/607 1438/2011/607 1389/2012/607
f 1389/2013/16 1429/2014/16 1428/2015/16
f 1389/2016/16 1430/2017/16 1390/2018/16
f 1390/2019/16 1431/2020/16 1391/2021/16
f 1391/2022/16 1432/2023/16 1392/2024/16
f 1392/2025/16 1433/2026/16 1393/2027/16
f 1394/2028/16 1433/2029/16 1434/2030/16
f 1394/2031/16 1435/2032/16 1395/2033/16
f 1395/2034/16 1429/2035/16 1388/2036/16
f 1441/2037/16 1437/2038/16 1436/2039/16
f 1437/2040/16 1438/2041/16 1436/2042/16
f 1438/2043/16 1443/2044/16 1440/2045/16
f 1390/2046/610 1441/2047/610 1436/2048/610
f 1389/2049/608 1440/2050/608 1388/2051/608
f 1388/2052/612 1443/2053/612 1395/2054/612
f 1394/2055/614 1437/2056/614 1393/2057/614
f 1392/2058/611 1441/2059/611 1391/2060/611
f 1446/2061/158 1484/2062/158 1485/2063/158
f 1445/2064/158 1477/2065/158 1444/2066/158
f 1451/2067/615 1475/2068/615 1499/2069/615
f 1498/2070/16 1467/2071/16 1466/2072/16
f 1495/2073/16 1490/2074/16 1496/2075/16
f 1494/2076/16 1483/2077/16 1482/2078/16
f 1498/2079/616 1469/2080/616 1471/2081/616
f 1497/2082/16 1463/2083/16 1462/2084/16
f 1460/2085/616 1463/2086/616 1461/2087/616
f 1496/2088/617 1461/2087/617 1463/2086/617
f 1497/2089/618 1460/2085/618 1449/2090/618
f 1449/2090/158 1461/2087/158 1448/2091/158
f 1464/2092/615 1467/2093/615 1465/2094/615
f 1498/2079/619 1464/2092/619 1450/2095/619
f 1450/2095/158 1465/2094/158 1449/2090/158
f 1449/2090/620 1467/2093/620 1497/2089/620
f 1468/2096/618 1471/2081/618 1469/2080/618
f 1499/2069/621 1468/2096/621 1451/2067/621
f 1498/2070/16 1470/2097/16 1499/2098/16
f 1450/2095/158 1468/2096/158 1469/2080/158
f 1472/2099/619 1475/2068/619 1473/2100/619
f 1444/2066/158 1473/2100/158 1451/2067/158
f 1493/2101/622 1472/2099/622 1444/2066/622
f 1499/2098/16 1474/2102/16 1493/2103/16
f 1476/2104/621 1479/2105/621 1477/2065/621
f 1444/2066/618 1479/2105/618 1493/2101/618
f 1492/2106/16 1479/2107/16 1478/2108/16
f 1492/2109/617 1476/2104/617 1445/2064/617
f 1480/2110/622 1483/2111/622 1481/2112/622
f 1494/2113/620 1480/2110/620 1446/2061/620
f 1446/2061/158 1481/2112/158 1445/2064/158
f 1445/2064/619 1483/2111/619 1492/2109/619
f 1484/2062/617 1487/2114/617 1485/2063/617
f 1446/2061/621 1487/2114/621 1494/2113/621
f 1494/2076/16 1486/2115/16 1495/2073/16
f 1495/2116/616 1484/2062/616 1447/2117/616
f 1488/2118/620 1491/2119/620 1489/2120/620
f 1447/2117/158 1488/2118/158 1489/2120/158
f 1496/2088/615 1488/2118/615 1448/2091/615
f 1447/2117/622 1491/2119/622 1495/2116/622
f 1457/2121/621 1506/2122/621 1456/2123/621
f 1459/2124/617 1503/2125/617 1458/2126/617
f 1454/2127/615 1502/2128/615 1453/2129/615
f 1453/2129/16 1493/2103/16 1492/2106/16
f 1453/2129/16 1494/2076/16 1454/2127/16
f 1455/2130/16 1494/2076/16 1495/2073/16
f 1455/2130/16 1496/2075/16 1456/2123/16
f 1456/2123/16 1497/2082/16 1457/2121/16
f 1457/2121/16 1498/2070/16 1458/2126/16
f 1458/2126/16 1499/2098/16 1459/2124/16
f 1459/2124/16 1493/2103/16 1452/2131/16
f 1505/2132/16 1501/2133/16 1500/2134/16
f 1500/2134/16 1503/2125/16 1502/2128/16
f 1503/2125/16 1504/2135/16 1502/2128/16
f 1455/2130/618 1500/2134/618 1454/2127/618
f 1453/2129/616 1504/2135/616 1452/2131/616
f 1452/2131/620 1507/2136/620 1459/2124/620
f 1458/2126/622 1501/2133/622 1457/2121/622
f 1456/2123/619 1505/2132/619 1455/2130/619
f 1446/2061/158 1448/2091/158 1447/2117/158
f 1446/2061/158 1450/2095/158 1449/2090/158
f 1444/2066/158 1450/2095/158 1445/2064/158
s 1
f 1545/2137/385 1560/2138/393 1544/2139/384
f 1707/2140/386 1558/2141/387 1710/2142/388
f 1723/2143/391 1539/2144/631 1538/2145/390
f 1559/2146/392 1544/2139/384 1560/2138/393
f 1708/2147/395 1557/2148/405 1707/2140/386
f 1705/2149/398 1570/2150/591 1706/2151/397
f 1543/2152/399 1558/2141/387 1542/2153/400
f 1556/2154/394 1555/2155/401 1540/2156/402
f 1568/2157/403 1705/2149/398 1704/2158/404
f 1558/2141/387 1541/2159/406 1542/2153/400
f 1571/2160/407 1554/2161/408 1555/2155/401
f 1567/2162/448 1704/2158/404 1703/2163/409
f 1570/2150/591 1553/2164/410 1554/2161/408
f 1566/2165/411 1703/2163/409 1702/2166/412
f 1569/2167/396 1552/2168/413 1553/2164/410
f 1701/2169/414 1566/2165/411 1702/2166/412
f 1546/2170/415 1513/2171/416 1514/2172/417
f 1560/2138/393 1713/2173/418 1712/2174/419
f 1547/2175/420 1514/2172/417 1515/2176/421
f 1713/2173/418 1562/2177/424 1714/2178/422
f 1548/2179/427 1515/2176/421 1516/2180/423
f 1562/2177/424 1715/2181/425 1714/2178/422
f 1517/2182/426 1548/2179/427 1516/2180/423
f 1563/2183/428 1700/2184/429 1715/2181/425
f 1550/2185/430 1517/2182/426 1518/2186/431
f 1564/2187/432 1701/2169/414 1700/2184/429
f 1519/2188/434 1550/2185/430 1518/2186/431
f 1552/2168/413 1519/2188/434 1520/2189/632
f 1521/2190/436 1552/2168/413 1520/2189/632
f 1522/2191/437 1553/2164/410 1521/2190/436
f 1509/2192/439 1540/2156/402 1508/2193/438
f 1523/2194/440 1554/2161/408 1522/2191/437
f 1510/2195/441 1541/2159/406 1509/2192/439
f 1508/2193/438 1555/2155/401 1523/2194/440
f 1511/2196/442 1542/2153/400 1510/2195/441
f 1544/2139/384 1511/2196/442 1512/2197/633
f 1571/2160/407 1708/2147/395 1709/2198/444
f 1558/2141/387 1711/2199/445 1710/2142/388
f 1513/2171/416 1544/2139/384 1512/2197/633
f 1711/2199/445 1560/2138/393 1712/2174/419
f 1562/2177/424 1545/2137/385 1546/2170/415
f 1547/2175/420 1562/2177/424 1546/2170/415
f 1564/2187/432 1547/2175/420 1548/2179/427
f 1565/2200/446 1548/2179/427 1549/2201/447
f 1566/2165/411 1549/2201/447 1550/2185/430
f 1551/2202/433 1566/2165/411 1550/2185/430
f 1568/2157/403 1551/2202/433 1552/2168/413
f 1685/2203/449 1522/2204/437 1521/2205/436
f 1689/2206/450 1514/2207/417 1687/2208/451
f 1688/2209/452 1523/2210/440 1522/2204/437
f 1691/2211/453 1515/2212/421 1689/2206/450
f 1692/2213/454 1523/2210/440 1690/2214/455
f 1694/2215/456 1516/2216/423 1691/2211/453
f 1695/2217/459 1509/2218/439 1693/2219/457
f 1694/2215/456 1518/2220/431 1517/2221/426
f 1697/2222/458 1510/2223/441 1695/2217/459
f 1696/2224/461 1519/2225/434 1518/2220/431
f 1699/2226/462 1511/2227/442 1697/2222/458
f 1684/2228/463 1519/2225/434 1698/2229/460
f 1699/2226/462 1513/2230/416 1512/2231/633
f 1684/2232/463 1521/2205/436 1520/2233/632
f 1687/2208/451 1513/2230/416 1686/2234/464
f 1591/2235/474 1624/2236/467 1592/2237/465
f 1605/2238/468 1636/2239/469 1604/2240/470
f 1617/2241/471 1650/2242/472 1649/2243/473
f 1591/2235/474 1622/2244/475 1623/2245/466
f 1603/2246/476 1620/2247/477 1588/2248/478
f 1617/2241/471 1648/2249/480 1616/2250/479
f 1589/2251/481 1622/2244/475 1590/2252/482
f 1603/2246/476 1634/2253/483 1635/2254/484
f 1616/2250/479 1647/2255/485 1615/2256/486
f 1588/2248/478 1621/2257/487 1589/2251/481
f 1602/2258/489 1633/2259/493 1634/2253/483
f 1615/2256/486 1646/2260/491 1614/2261/490
f 1600/2262/492 1633/2259/493 1601/2263/488
f 1614/2261/490 1645/2264/494 1613/2265/495
f 1600/2262/492 1631/2266/536 1632/2267/497
f 1613/2265/495 1644/2268/499 1612/2269/498
f 1577/2270/500 1594/2271/501 1578/2272/502
f 1579/2273/504 1594/2271/501 1595/2274/503
f 1579/2273/504 1596/2275/505 1580/2276/506
f 1580/2276/506 1597/2277/507 1581/2278/508
f 1581/2278/508 1598/2279/509 1582/2280/510
f 1583/2281/511 1598/2279/509 1599/2282/496
f 1583/2281/511 1600/2262/492 1584/2283/512
f 1584/2283/512 1601/2263/488 1585/2284/513
f 1585/2284/513 1602/2258/489 1586/2285/514
f 1572/2286/515 1589/2251/481 1573/2287/516
f 1586/2285/514 1603/2246/476 1587/2288/517
f 1573/2287/516 1590/2252/482 1574/2289/518
f 1587/2288/517 1588/2248/478 1572/2286/515
f 1575/2290/519 1590/2252/482 1591/2235/474
f 1575/2290/519 1592/2237/465 1576/2291/520
f 1576/2291/520 1593/2292/521 1577/2270/500
f 1631/2266/536 1648/2249/480 1632/2267/497
f 1624/2236/467 1641/2293/524 1625/2294/522
f 1632/2267/497 1649/2243/473 1633/2259/493
f 1625/2294/522 1642/2295/526 1626/2296/525
f 1633/2259/493 1650/2242/472 1634/2253/483
f 1626/2296/525 1643/2297/528 1627/2298/527
f 1634/2253/483 1651/2299/529 1635/2254/484
f 1628/2300/530 1643/2297/528 1644/2268/499
f 1620/2247/477 1637/2301/531 1621/2257/487
f 1620/2247/477 1651/2299/529 1636/2239/469
f 1628/2300/530 1645/2264/494 1629/2302/532
f 1621/2257/487 1638/2303/533 1622/2244/475
f 1630/2304/534 1645/2264/494 1646/2260/491
f 1623/2245/466 1638/2303/533 1639/2305/535
f 1630/2304/534 1647/2255/485 1631/2266/536
f 1624/2236/467 1639/2305/535 1640/2306/523
f 1619/2307/539 1650/2242/472 1618/2308/537
f 1606/2309/538 1637/2301/531 1605/2238/468
f 1592/2237/465 1625/2294/522 1593/2292/521
f 1604/2240/470 1651/2299/529 1619/2307/539
f 1606/2309/538 1639/2305/535 1638/2303/533
f 1593/2292/521 1626/2296/525 1594/2271/501
f 1607/2310/540 1640/2306/523 1639/2305/535
f 1594/2271/501 1627/2298/527 1595/2274/503
f 1609/2311/541 1640/2306/523 1608/2312/542
f 1595/2274/503 1628/2300/530 1596/2275/505
f 1610/2313/543 1641/2293/524 1609/2311/541
f 1596/2275/505 1629/2302/532 1597/2277/507
f 1611/2314/544 1642/2295/526 1610/2313/543
f 1597/2277/507 1630/2304/534 1598/2279/509
f 1612/2269/498 1643/2297/528 1611/2314/544
f 1598/2279/509 1631/2266/536 1599/2282/496
f 1557/2148/405 1540/2156/402 1541/2159/406
f 1693/2219/457 1508/2315/438 1692/2213/454
f 1615/2316/545 1664/2317/546 1616/2318/546
f 1661/2319/548 1678/2320/547 1662/2321/547
f 1608/2322/550 1657/2323/549 1609/2324/549
f 1617/2325/551 1664/2326/546 1665/2327/551
f 1609/2324/549 1658/2328/552 1610/2329/552
f 1617/2325/551 1666/2330/553 1618/2331/553
f 1611/2332/554 1658/2328/552 1659/2333/554
f 1619/2334/555 1666/2330/553 1667/2335/555
f 1611/2332/554 1660/2336/556 1612/2337/556
f 1605/2338/558 1653/2339/557 1652/2340/558
f 1619/2334/555 1653/2339/557 1604/2341/557
f 1613/2342/559 1660/2336/556 1661/2319/559
f 1606/2343/560 1652/2340/558 1654/2344/560
f 1614/2345/561 1661/2319/559 1662/2321/561
f 1607/2346/562 1654/2344/560 1655/2347/562
f 1615/2316/545 1662/2321/561 1663/2348/545
f 1607/2346/562 1656/2349/550 1608/2322/550
f 1654/2344/564 1671/2350/563 1655/2347/563
f 1662/2321/547 1679/2351/565 1663/2348/565
f 1655/2347/563 1672/2352/566 1656/2349/566
f 1663/2348/565 1680/2353/567 1664/2317/567
f 1656/2349/566 1673/2354/568 1657/2323/568
f 1665/2327/569 1680/2355/567 1681/2356/569
f 1657/2323/568 1674/2357/570 1658/2328/570
f 1665/2327/569 1682/2358/571 1666/2330/571
f 1658/2328/570 1675/2359/572 1659/2333/572
f 1666/2330/571 1683/2360/573 1667/2335/573
f 1659/2333/572 1676/2361/574 1660/2336/574
f 1652/2340/576 1669/2362/575 1668/2363/576
f 1667/2335/573 1669/2362/575 1653/2339/575
f 1660/2336/574 1677/2364/548 1661/2319/548
f 1652/2340/576 1670/2365/564 1654/2344/564
f 1678/2366/158 1674/2367/158 1670/2368/158
f 1573/2369/516 1692/2213/454 1572/2370/515
f 1577/2371/500 1687/2208/451 1686/2234/464
f 1584/2372/512 1685/2203/449 1684/2232/463
f 1577/2371/500 1699/2226/462 1576/2373/520
f 1584/2374/512 1698/2229/460 1583/2375/511
f 1576/2373/520 1697/2222/458 1575/2376/519
f 1583/2375/511 1696/2224/461 1582/2377/510
f 1575/2376/519 1695/2217/459 1574/2378/518
f 1581/2379/508 1696/2224/461 1694/2215/456
f 1573/2369/516 1695/2217/459 1693/2219/457
f 1581/2379/508 1691/2211/453 1580/2380/506
f 1587/2381/517 1692/2213/454 1690/2214/455
f 1579/2382/504 1691/2211/453 1689/2206/450
f 1587/2381/517 1688/2209/452 1586/2383/514
f 1578/2384/502 1689/2206/450 1687/2208/451
f 1585/2385/513 1688/2209/452 1685/2203/449
f 1532/2386/16 1536/2387/16 1524/2388/16
f 1711/2199/445 1728/2389/577 1727/2390/578
f 1726/2391/579 1711/2199/445 1727/2390/578
f 1709/2198/444 1716/2392/580 1725/2393/389
f 1700/2184/429 1718/2394/581 1717/2395/582
f 1731/2396/583 1700/2184/429 1717/2395/582
f 1714/2178/422 1731/2396/583 1730/2397/584
f 1729/2398/585 1714/2178/422 1730/2397/584
f 1728/2389/577 1713/2173/418 1729/2398/585
f 1701/2169/414 1719/2399/586 1718/2394/581
f 1702/2166/412 1720/2400/587 1719/2399/586
f 1703/2163/409 1721/2401/588 1720/2400/587
f 1704/2158/404 1722/2402/589 1721/2401/588
f 1705/2149/398 1723/2143/391 1722/2402/589
f 1708/2147/395 1724/2403/590 1716/2392/580
f 1571/2160/407 1706/2151/397 1570/2150/591
f 1724/2403/590 1710/2142/388 1726/2391/579
f 1525/2404/629 1726/2391/579 1526/2405/592
f 1716/2392/580 1525/2404/629 1524/2406/594
f 1722/2402/589 1538/2145/390 1537/2407/595
f 1721/2401/588 1537/2407/595 1536/2408/596
f 1720/2400/587 1536/2408/596 1535/2409/597
f 1719/2399/586 1535/2409/597 1534/2410/598
f 1718/2394/581 1534/2410/598 1533/2411/599
f 1528/2412/601 1729/2398/585 1529/2413/630
f 1529/2413/630 1730/2397/584 1530/2414/602
f 1530/2414/602 1731/2396/583 1531/2415/603
f 1531/2415/603 1717/2395/582 1532/2416/604
f 1717/2395/582 1533/2411/599 1532/2416/604
f 1725/2393/389 1524/2406/594 1539/2144/631
f 1726/2391/579 1527/2417/606 1526/2405/592
f 1527/2417/606 1728/2389/577 1528/2412/601
f 1706/2151/397 1725/2393/389 1723/2143/391
s 0
f 1734/2418/158 1772/2419/158 1773/2420/158
f 1733/2421/158 1765/2422/158 1732/2423/158
f 1739/2424/607 1763/2425/607 1787/2426/607
f 1785/2427/16 1754/2428/16 1786/2429/16
f 1783/2430/16 1778/2431/16 1784/2432/16
f 1780/2433/16 1770/2434/16 1782/2435/16
f 1738/2436/608 1759/2437/608 1786/2438/608
f 1784/2439/16 1750/2440/16 1785/2441/16
f 1748/2442/608 1751/2443/608 1749/2444/608
f 1736/2445/609 1751/2443/609 1784/2446/609
f 1737/2447/610 1750/2448/610 1748/2442/610
f 1737/2449/158 1749/2450/158 1736/2451/158
f 1752/2452/607 1755/2453/607 1753/2454/607
f 1738/2455/611 1754/2456/611 1752/2452/611
f 1738/2457/158 1753/2458/158 1737/2459/158
f 1737/2447/612 1755/2453/612 1785/2460/612
f 1756/2461/610 1759/2437/610 1757/2462/610
f 1787/2426/613 1756/2461/613 1739/2424/613
f 1787/2463/16 1759/2464/16 1758/2465/16
f 1738/2466/158 1756/2467/158 1757/2468/158
f 1760/2469/611 1763/2425/611 1761/2470/611
f 1739/2471/158 1760/2472/158 1761/2473/158
f 1781/2474/614 1760/2469/614 1732/2475/614
f 1787/2476/16 1762/2477/16 1781/2478/16
f 1764/2479/613 1767/2480/613 1765/2481/613
f 1732/2482/610 1767/2480/610 1781/2483/610
f 1780/2484/16 1767/2485/16 1766/2486/16
f 1780/2487/609 1764/2479/609 1733/2488/609
f 1768/2489/614 1771/2490/614 1769/2491/614
f 1782/2492/612 1768/2489/612 1734/2493/612
f 1733/2494/158 1768/2495/158 1769/2496/158
f 1733/2488/611 1771/2490/611 1780/2487/611
f 1772/2497/609 1775/2498/609 1773/2499/609
f 1734/2500/613 1775/2498/613 1782/2501/613
f 1782/2502/16 1774/2503/16 1783/2504/16
f 1735/2505/608 1774/2506/608 1772/2497/608
f 1776/2507/612 1779/2508/612 1777/2509/612
f 1735/2510/158 1776/2511/158 1777/2512/158
f 1784/2513/607 1776/2507/607 1736/2514/607
f 1735/2505/614 1779/2508/614 1783/2515/614
f 1745/2516/613 1794/2517/613 1744/2518/613
f 1747/2519/609 1791/2520/609 1746/2521/609
f 1742/2522/607 1790/2523/607 1741/2524/607
f 1741/2525/16 1781/2526/16 1780/2527/16
f 1742/2528/16 1780/2529/16 1782/2530/16
f 1742/2531/16 1783/2532/16 1743/2533/16
f 1744/2534/16 1783/2535/16 1784/2536/16
f 1744/2537/16 1785/2538/16 1745/2539/16
f 1745/2540/16 1786/2541/16 1746/2542/16
f 1747/2543/16 1786/2544/16 1787/2545/16
f 1747/2546/16 1781/2547/16 1740/2548/16
f 1793/2549/16 1789/2550/16 1788/2551/16
f 1789/2552/16 1790/2553/16 1788/2554/16
f 1791/2555/16 1792/2556/16 1790/2557/16
f 1743/2558/610 1788/2559/610 1742/2560/610
f 1741/2561/608 1792/2562/608 1740/2563/608
f 1740/2564/612 1795/2565/612 1747/2566/612
f 1746/2567/614 1789/2568/614 1745/2569/614
f 1744/2570/611 1793/2571/611 1743/2572/611
f 1798/2573/158 1836/2574/158 1837/2575/158
f 1797/2576/158 1829/2577/158 1796/2578/158
f 1803/2579/615 1827/2580/615 1851/2581/615
f 1849/2582/16 1818/2583/16 1850/2584/16
f 1848/2585/16 1843/2586/16 1842/2587/16
f 1844/2588/16 1834/2589/16 1846/2590/16
f 1802/2591/616 1823/2592/616 1850/2593/616
f 1849/2582/16 1815/2594/16 1814/2595/16
f 1812/2596/616 1815/2597/616 1813/2598/616
f 1848/2599/623 1813/2598/623 1815/2597/623
f 1849/2600/618 1812/2596/618 1801/2601/618
f 1801/2601/158 1813/2598/158 1800/2602/158
f 1816/2603/615 1819/2604/615 1817/2605/615
f 1850/2593/619 1816/2603/619 1802/2591/619
f 1802/2591/158 1817/2605/158 1801/2601/158
f 1801/2601/620 1819/2604/620 1849/2600/620
f 1820/2606/618 1823/2592/618 1821/2607/618
f 1851/2581/621 1820/2606/621 1803/2579/621
f 1851/2608/16 1823/2609/16 1822/2610/16
f 1803/2579/158 1821/2607/158 1802/2591/158
f 1824/2611/619 1827/2580/619 1825/2612/619
f 1796/2578/158 1825/2612/158 1803/2579/158
f 1845/2613/622 1824/2611/622 1796/2578/622
f 1845/2614/16 1827/2615/16 1826/2616/16
f 1828/2617/621 1831/2618/621 1829/2577/621
f 1796/2578/618 1831/2618/618 1845/2613/618
f 1844/2588/16 1831/2619/16 1830/2620/16
f 1844/2621/617 1828/2617/617 1797/2576/617
f 1832/2622/622 1835/2623/622 1833/2624/622
f 1846/2625/620 1832/2622/620 1798/2573/620
f 1798/2573/158 1833/2624/158 1797/2576/158
f 1797/2576/619 1835/2623/619 1844/2621/619
f 1836/2574/617 1839/2626/617 1837/2575/617
f 1798/2573/621 1839/2626/621 1846/2625/621
f 1846/2590/16 1838/2627/16 1847/2628/16
f 1847/2629/616 1836/2574/616 1799/2630/616
f 1840/2631/620 1843/2632/620 1841/2633/620
f 1799/2630/158 1840/2631/158 1841/2633/158
f 1848/2599/615 1840/2631/615 1800/2602/615
f 1799/2630/622 1843/2632/622 1847/2629/622
f 1809/2634/621 1858/2635/621 1808/2636/621
f 1811/2637/617 1855/2638/617 1810/2639/617
f 1806/2640/615 1854/2641/615 1805/2642/615
f 1805/2642/16 1845/2614/16 1844/2588/16
f 1806/2640/16 1844/2588/16 1846/2590/16
f 1807/2643/16 1846/2590/16 1847/2628/16
f 1808/2636/16 1847/2628/16 1848/2585/16
f 1808/2636/16 1849/2582/16 1809/2634/16
f 1809/2634/16 1850/2584/16 1810/2639/16
f 1810/2639/16 1851/2608/16 1811/2637/16
f 1811/2637/16 1845/2614/16 1804/2644/16
f 1857/2645/16 1853/2646/16 1852/2647/16
f 1853/2646/16 1854/2641/16 1852/2647/16
f 1855/2638/16 1856/2648/16 1854/2641/16
f 1807/2643/618 1852/2647/618 1806/2640/618
f 1805/2642/616 1856/2648/616 1804/2644/616
f 1804/2644/620 1859/2649/620 1811/2637/620
f 1810/2639/622 1853/2646/622 1809/2634/622
f 1808/2636/619 1857/2645/619 1807/2643/619
f 1799/2630/158 1801/2601/158 1800/2602/158
f 1797/2576/158 1801/2601/158 1798/2573/158
f 1796/2578/158 1802/2591/158 1797/2576/158
s 1
f 1897/2650/385 1912/2651/393 1896/2652/384
f 2059/2653/386 1910/2654/387 2062/2655/388
f 2077/2656/389 1890/2657/390 2075/2658/391
f 1911/2659/392 1896/2652/384 1912/2651/393
f 1908/2660/394 2059/2653/386 2060/2661/634
f 1921/2662/396 2058/2663/397 2057/2664/398
f 1895/2665/399 1910/2654/387 1894/2666/400
f 1908/2660/394 1907/2667/401 1892/2668/402
f 1920/2669/403 2057/2664/398 2056/2670/404
f 1910/2654/387 1893/2671/406 1894/2666/400
f 1907/2667/401 1922/2672/591 1906/2673/408
f 2055/2674/409 1920/2669/403 2056/2670/404
f 1906/2673/408 1921/2662/396 1905/2675/410
f 1918/2676/411 2055/2674/409 2054/2677/412
f 1905/2675/410 1920/2669/403 1904/2678/413
f 2053/2679/414 1918/2676/411 2054/2677/412
f 1898/2680/415 1865/2681/416 1866/2682/417
f 1912/2651/393 2065/2683/418 2064/2684/419
f 1899/2685/420 1866/2682/417 1867/2686/421
f 1913/2687/383 2066/2688/422 2065/2683/418
f 1868/2689/423 1899/2685/420 1867/2686/421
f 1914/2690/424 2067/2691/425 2066/2688/422
f 1869/2692/426 1900/2693/427 1868/2689/423
f 1915/2694/428 2052/2695/429 2067/2691/425
f 1870/2696/431 1901/2697/447 1869/2692/426
f 1916/2698/432 2053/2679/414 2052/2695/429
f 1903/2699/433 1870/2696/431 1871/2700/434
f 1904/2678/413 1871/2700/434 1872/2701/435
f 1905/2675/410 1872/2701/435 1873/2702/436
f 1906/2673/408 1873/2702/436 1874/2703/437
f 1893/2671/406 1860/2704/438 1861/2705/439
f 1875/2706/440 1906/2673/408 1874/2703/437
f 1894/2666/400 1861/2705/439 1862/2707/441
f 1860/2704/438 1907/2667/401 1875/2706/440
f 1863/2708/442 1894/2666/400 1862/2707/441
f 1896/2652/384 1863/2708/442 1864/2709/443
f 1923/2710/407 2060/2661/634 2061/2711/444
f 1910/2654/387 2063/2712/445 2062/2655/388
f 1865/2681/416 1896/2652/384 1864/2709/443
f 1911/2659/392 2064/2684/419 2063/2712/445
f 1914/2690/424 1897/2650/385 1898/2680/415
f 1899/2685/420 1914/2690/424 1898/2680/415
f 1916/2698/432 1899/2685/420 1900/2693/427
f 1917/2713/446 1900/2693/427 1901/2697/447
f 1918/2676/411 1901/2697/447 1902/2714/430
f 1919/2715/448 1902/2714/430 1903/2699/433
f 1920/2669/403 1903/2699/433 1904/2678/413
f 2040/2716/452 1873/2717/436 2037/2718/449
f 2041/2719/450 1866/2720/417 2039/2721/451
f 2042/2722/455 1874/2723/437 2040/2716/452
f 2043/2724/453 1867/2725/421 2041/2719/450
f 2042/2722/455 1860/2726/438 1875/2727/440
f 2046/2728/456 1868/2729/423 2043/2724/453
f 2045/2730/457 1862/2731/441 1861/2732/439
f 2046/2728/456 1870/2733/431 1869/2734/426
f 2047/2735/459 1863/2736/442 1862/2731/441
f 2050/2737/460 1870/2733/431 2048/2738/461
f 2049/2739/458 1864/2740/443 1863/2736/442
f 2050/2737/460 1872/2741/435 1871/2742/434
f 2051/2743/462 1865/2744/416 1864/2740/443
f 2036/2745/463 1873/2717/436 1872/2746/435
f 2039/2721/451 1865/2744/416 2038/2747/464
f 1944/2748/465 1975/2749/466 1976/2750/467
f 1957/2751/468 1988/2752/469 1956/2753/470
f 1969/2754/471 2002/2755/472 2001/2756/473
f 1942/2757/482 1975/2749/466 1943/2758/474
f 1955/2759/476 1972/2760/477 1940/2761/478
f 1968/2762/479 2001/2756/473 2000/2763/480
f 1941/2764/481 1974/2765/475 1942/2757/482
f 1955/2759/476 1986/2766/483 1987/2767/484
f 1968/2762/479 1999/2768/485 1967/2769/486
f 1940/2761/478 1973/2770/487 1941/2764/481
f 1953/2771/488 1986/2766/483 1954/2772/489
f 1966/2773/490 1999/2768/485 1998/2774/491
f 1953/2771/488 1984/2775/497 1985/2776/493
f 1965/2777/495 1998/2774/491 1997/2778/494
f 1951/2779/496 1984/2775/497 1952/2780/492
f 1964/2781/498 1997/2778/494 1996/2782/499
f 1929/2783/500 1946/2784/501 1930/2785/502
f 1931/2786/504 1946/2784/501 1947/2787/503
f 1931/2786/504 1948/2788/505 1932/2789/506
f 1932/2789/506 1949/2790/507 1933/2791/508
f 1933/2791/508 1950/2792/509 1934/2793/510
f 1935/2794/511 1950/2792/509 1951/2779/496
f 1935/2794/511 1952/2780/492 1936/2795/512
f 1937/2796/513 1952/2780/492 1953/2771/488
f 1938/2797/514 1953/2771/488 1954/2772/489
f 1924/2798/515 1941/2764/481 1925/2799/516
f 1939/2800/517 1954/2772/489 1955/2759/476
f 1925/2799/516 1942/2757/482 1926/2801/518
f 1939/2800/517 1940/2761/478 1924/2798/515
f 1926/2801/518 1943/2758/474 1927/2802/519
f 1927/2802/519 1944/2748/465 1928/2803/520
f 1929/2783/500 1944/2748/465 1945/2804/521
f 1984/2775/497 1999/2768/485 2000/2763/480
f 1977/2805/522 1992/2806/523 1993/2807/524
f 1984/2775/497 2001/2756/473 1985/2776/493
f 1977/2805/522 1994/2808/526 1978/2809/525
f 1985/2776/493 2002/2755/472 1986/2766/483
f 1979/2810/527 1994/2808/526 1995/2811/528
f 1986/2766/483 2003/2812/529 1987/2767/484
f 1979/2810/527 1996/2782/499 1980/2813/530
f 1973/2770/487 1988/2752/469 1989/2814/531
f 1987/2767/484 1988/2752/469 1972/2760/477
f 1981/2815/532 1996/2782/499 1997/2778/494
f 1974/2765/475 1989/2814/531 1990/2816/533
f 1982/2817/534 1997/2778/494 1998/2774/491
f 1975/2749/466 1990/2816/533 1991/2818/535
f 1983/2819/536 1998/2774/491 1999/2768/485
f 1975/2749/466 1992/2806/523 1976/2750/467
f 1970/2820/537 2003/2812/529 2002/2755/472
f 1958/2821/538 1989/2814/531 1957/2751/468
f 1944/2748/465 1977/2805/522 1945/2804/521
f 1956/2753/470 2003/2812/529 1971/2822/539
f 1958/2821/538 1991/2818/535 1990/2816/533
f 1946/2784/501 1977/2805/522 1978/2809/525
f 1960/2823/542 1991/2818/535 1959/2824/540
f 1946/2784/501 1979/2810/527 1947/2787/503
f 1960/2823/542 1993/2807/524 1992/2806/523
f 1947/2787/503 1980/2813/530 1948/2788/505
f 1961/2825/541 1994/2808/526 1993/2807/524
f 1948/2788/505 1981/2815/532 1949/2790/507
f 1963/2826/544 1994/2808/526 1962/2827/543
f 1950/2792/509 1981/2815/532 1982/2817/534
f 1964/2781/498 1995/2811/528 1963/2826/544
f 1951/2779/496 1982/2817/534 1983/2819/536
f 1893/2671/406 1908/2660/394 1892/2668/402
f 2045/2730/457 1860/2726/438 2044/2828/454
f 1967/2829/545 2016/2830/546 1968/2831/546
f 2014/2832/547 2029/2833/548 2030/2834/547
f 1960/2835/550 2009/2836/549 1961/2837/549
f 1968/2838/546 2017/2839/551 1969/2840/551
f 1961/2837/549 2010/2841/552 1962/2842/552
f 1970/2843/553 2017/2839/551 2018/2844/553
f 1963/2845/554 2010/2841/552 2011/2846/554
f 1970/2843/553 2019/2847/555 1971/2848/555
f 1963/2845/554 2012/2849/556 1964/2850/556
f 1957/2851/558 2005/2852/557 2004/2853/558
f 1971/2848/555 2005/2852/557 1956/2854/557
f 1964/2850/556 2013/2855/559 1965/2856/559
f 1957/2851/558 2006/2857/560 1958/2858/560
f 1966/2859/561 2013/2855/559 2014/2832/561
f 1958/2858/560 2007/2860/562 1959/2861/562
f 1966/2859/561 2015/2862/545 1967/2829/545
f 1960/2835/550 2007/2860/562 2008/2863/550
f 2006/2857/564 2023/2864/563 2007/2860/563
f 2014/2832/547 2031/2865/565 2015/2862/565
f 2007/2860/563 2024/2866/566 2008/2863/566
f 2015/2862/565 2032/2867/567 2016/2830/567
f 2008/2863/566 2025/2868/568 2009/2836/568
f 2016/2869/567 2033/2870/569 2017/2839/569
f 2009/2836/568 2026/2871/570 2010/2841/570
f 2017/2839/569 2034/2872/571 2018/2844/571
f 2010/2841/570 2027/2873/572 2011/2846/572
f 2018/2844/571 2035/2874/573 2019/2847/573
f 2011/2846/572 2028/2875/574 2012/2849/574
f 2005/2852/575 2020/2876/576 2004/2853/576
f 2019/2847/573 2021/2877/575 2005/2852/575
f 2012/2849/574 2029/2833/548 2013/2855/548
f 2006/2857/564 2020/2876/576 2022/2878/564
f 2030/2879/158 2026/2880/158 2022/2881/158
f 1925/2882/516 2044/2828/454 1924/2883/515
f 1929/2884/500 2039/2721/451 2038/2747/464
f 1937/2885/513 2036/2745/463 1936/2886/512
f 1929/2884/500 2051/2743/462 1928/2887/520
f 1936/2888/512 2050/2737/460 1935/2889/511
f 1928/2887/520 2049/2739/458 1927/2890/519
f 1935/2889/511 2048/2738/461 1934/2891/510
f 1927/2890/519 2047/2735/459 1926/2892/518
f 1933/2893/508 2048/2738/461 2046/2728/456
f 1925/2882/516 2047/2735/459 2045/2730/457
f 1933/2893/508 2043/2724/453 1932/2894/506
f 1924/2883/515 2042/2722/455 1939/2895/517
f 1931/2896/504 2043/2724/453 2041/2719/450
f 1939/2895/517 2040/2716/452 1938/2897/514
f 1930/2898/502 2041/2719/450 2039/2721/451
f 1938/2897/514 2037/2718/449 1937/2885/513
f 1884/2899/16 1888/2900/16 1876/2901/16
f 2063/2712/445 2080/2902/577 2079/2903/578
f 2078/2904/579 2063/2712/445 2079/2903/578
f 2061/2711/444 2068/2905/580 2077/2656/389
f 2052/2695/429 2070/2906/581 2069/2907/582
f 2067/2691/425 2069/2907/582 2083/2908/583
f 2082/2909/584 2067/2691/425 2083/2908/583
f 2081/2910/585 2066/2688/422 2082/2909/584
f 2080/2902/577 2065/2683/418 2081/2910/585
f 2053/2679/414 2071/2911/586 2070/2906/581
f 2071/2911/586 2055/2674/409 2072/2912/587
f 2055/2674/409 2073/2913/588 2072/2912/587
f 2056/2670/404 2074/2914/589 2073/2913/588
f 2057/2664/398 2075/2658/391 2074/2914/589
f 2068/2905/580 2059/2653/386 2076/2915/590
f 1922/2672/591 2061/2711/444 2058/2663/397
f 2076/2915/590 2062/2655/388 2078/2904/579
f 1877/2916/629 2078/2904/579 1878/2917/592
f 1876/2918/594 2076/2915/590 1877/2916/629
f 2074/2914/589 1890/2657/390 1889/2919/595
f 2073/2913/588 1889/2919/595 1888/2920/596
f 2072/2912/587 1888/2920/596 1887/2921/597
f 2071/2911/586 1887/2921/597 1886/2922/598
f 2070/2906/581 1886/2922/598 1885/2923/599
f 2080/2902/577 1881/2924/600 1880/2925/601
f 1881/2924/600 2082/2909/584 1882/2926/602
f 1882/2926/602 2083/2908/583 1883/2927/603
f 1883/2927/603 2069/2907/582 1884/2928/604
f 2069/2907/582 1885/2923/599 1884/2928/604
f 2077/2656/389 1876/2918/594 1891/2929/605
f 2078/2904/579 1879/2930/606 1878/2917/592
f 2079/2903/578 1880/2925/601 1879/2930/606
f 2058/2663/397 2077/2656/389 2075/2658/391
s 0
f 2087/2931/158 2125/2932/158 2086/2933/158
f 2085/2934/158 2117/2935/158 2084/2936/158
f 2091/2937/607 2115/2938/607 2139/2939/607
f 2137/2940/16 2106/2941/16 2138/2942/16
f 2135/2943/16 2130/2944/16 2136/2945/16
f 2132/2946/16 2122/2947/16 2134/2948/16
f 2090/2949/608 2111/2950/608 2138/2951/608
f 2137/2952/16 2103/2953/16 2102/2954/16
f 2100/2955/608 2103/2956/608 2101/2957/608
f 2088/2958/609 2103/2956/609 2136/2959/609
f 2089/2960/610 2102/2961/610 2100/2955/610
f 2089/2962/158 2101/2963/158 2088/2964/158
f 2104/2965/607 2107/2966/607 2105/2967/607
f 2090/2968/611 2106/2969/611 2104/2965/611
f 2089/2970/158 2104/2971/158 2105/2972/158
f 2089/2960/612 2107/2966/612 2137/2973/612
f 2108/2974/610 2111/2950/610 2109/2975/610
f 2139/2939/613 2108/2974/613 2091/2937/613
f 2139/2976/16 2111/2977/16 2110/2978/16
f 2091/2979/158 2109/2980/158 2090/2981/158
f 2112/2982/611 2115/2938/611 2113/2983/611
f 2084/2984/158 2113/2985/158 2091/2986/158
f 2133/2987/614 2112/2982/614 2084/2988/614
f 2133/2989/16 2115/2990/16 2114/2991/16
f 2116/2992/613 2119/2993/613 2117/2994/613
f 2084/2995/610 2119/2993/610 2133/2996/610
f 2132/2997/16 2119/2998/16 2118/2999/16
f 2132/3000/609 2116/2992/609 2085/3001/609
f 2120/3002/614 2123/3003/614 2121/3004/614
f 2134/3005/612 2120/3002/612 2086/3006/612
f 2085/3007/158 2120/3008/158 2121/3009/158
f 2085/3001/611 2123/3003/611 2132/3000/611
f 2124/3010/609 2127/3011/609 2125/3012/609
f 2086/3013/613 2127/3011/613 2134/3014/613
f 2134/3015/16 2126/3016/16 2135/3017/16
f 2135/3018/608 2124/3010/608 2087/3019/608
f 2128/3020/612 2131/3021/612 2129/3022/612
f 2087/3023/158 2128/3024/158 2129/3025/158
f 2136/3026/607 2128/3020/607 2088/3027/607
f 2087/3019/614 2131/3021/614 2135/3018/614
f 2097/3028/613 2146/3029/613 2096/3030/613
f 2099/3031/609 2143/3032/609 2098/3033/609
f 2094/3034/607 2142/3035/607 2093/3036/607
f 2093/3037/16 2133/3038/16 2132/3039/16
f 2093/3040/16 2134/3041/16 2094/3042/16
f 2095/3043/16 2134/3044/16 2135/3045/16
f 2095/3046/16 2136/3047/16 2096/3048/16
f 2096/3049/16 2137/3050/16 2097/3051/16
f 2098/3052/16 2137/3053/16 2138/3054/16
f 2098/3055/16 2139/3056/16 2099/3057/16
f 2092/3058/16 2139/3059/16 2133/3060/16
f 2145/3061/16 2141/3062/16 2140/3063/16
f 2141/3064/16 2142/3065/16 2140/3066/16
f 2142/3067/16 2147/3068/16 2144/3069/16
f 2095/3070/610 2140/3071/610 2094/3072/610
f 2093/3073/608 2144/3074/608 2092/3075/608
f 2092/3076/612 2147/3077/612 2099/3078/612
f 2098/3079/614 2141/3080/614 2097/3081/614
f 2095/3082/611 2146/3083/611 2145/3084/611
f 2151/3085/158 2189/3086/158 2150/3087/158
f 2148/3088/158 2180/3089/158 2181/3090/158
f 2155/3091/624 2179/3092/624 2203/3093/624
f 2202/3094/16 2171/3095/16 2170/3096/16
f 2199/3097/16 2194/3098/16 2200/3099/16
f 2198/3100/16 2187/3101/16 2186/3102/16
f 2154/3103/616 2175/3104/616 2202/3105/616
f 2200/3099/16 2166/3106/16 2201/3107/16
f 2164/3108/625 2167/3109/625 2165/3110/625
f 2200/3111/617 2165/3110/617 2167/3109/617
f 2201/3112/618 2164/3108/618 2153/3113/618
f 2152/3114/158 2164/3108/158 2165/3110/158
f 2168/3115/615 2171/3116/615 2169/3117/615
f 2202/3105/619 2168/3115/619 2154/3103/619
f 2154/3103/158 2169/3117/158 2153/3113/158
f 2153/3113/620 2171/3116/620 2201/3112/620
f 2172/3118/618 2175/3104/618 2173/3119/618
f 2203/3093/621 2172/3118/621 2155/3091/621
f 2202/3094/16 2174/3120/16 2203/3121/16
f 2154/3103/158 2172/3118/158 2173/3119/158
f 2176/3122/619 2179/3092/619 2177/3123/619
f 2155/3091/158 2176/3122/158 2177/3123/158
f 2197/3124/626 2176/3122/626 2148/3088/626
f 2203/3121/16 2178/3125/16 2197/3126/16
f 2180/3089/635 2183/3127/635 2181/3090/635
f 2148/3088/618 2183/3127/618 2197/3124/618
f 2197/3126/16 2182/3128/16 2196/3129/16
f 2196/3130/617 2180/3089/617 2149/3131/617
f 2184/3132/622 2187/3133/622 2185/3134/622
f 2198/3135/620 2184/3132/620 2150/3087/620
f 2150/3087/158 2185/3134/158 2149/3131/158
f 2149/3131/619 2187/3133/619 2196/3130/619
f 2188/3136/617 2191/3137/617 2189/3086/617
f 2150/3087/621 2191/3137/621 2198/3135/621
f 2199/3097/16 2191/3138/16 2190/3139/16
f 2199/3140/616 2188/3136/616 2151/3085/616
f 2192/3141/620 2195/3142/620 2193/3143/620
f 2151/3085/158 2192/3141/158 2193/3143/158
f 2200/3111/624 2192/3141/624 2152/3114/624
f 2151/3085/626 2195/3142/626 2199/3140/626
f 2161/3144/635 2210/3145/635 2160/3146/635
f 2163/3147/617 2207/3148/617 2162/3149/617
f 2158/3150/624 2206/3151/624 2157/3152/624
f 2156/3153/16 2196/3129/16 2157/3152/16
f 2158/3150/16 2196/3129/16 2198/3100/16
f 2159/3154/16 2198/3100/16 2199/3097/16
f 2159/3154/16 2200/3099/16 2160/3146/16
f 2160/3146/16 2201/3107/16 2161/3144/16
f 2161/3144/16 2202/3094/16 2162/3149/16
f 2163/3147/16 2202/3094/16 2203/3121/16
f 2156/3153/16 2203/3121/16 2197/3126/16
f 2209/3155/16 2205/3156/16 2204/3157/16
f 2205/3156/16 2206/3151/16 2204/3157/16
f 2207/3148/16 2208/3158/16 2206/3151/16
f 2159/3154/618 2204/3157/618 2158/3150/618
f 2157/3152/625 2208/3158/625 2156/3153/625
f 2156/3153/620 2211/3159/620 2163/3147/620
f 2162/3149/626 2205/3156/626 2161/3144/626
f 2160/3146/619 2209/3155/619 2159/3154/619
f 2150/3087/158 2152/3114/158 2151/3085/158
f 2149/3131/158 2153/3113/158 2150/3087/158
f 2149/3131/158 2155/3091/158 2154/3103/158
s 1
f 2265/3160/636 2248/3161/637 2249/3162/638
f 2411/3163/639 2262/3164/640 2414/3165/641
f 2427/3166/642 2243/3167/643 2242/3168/644
f 2264/3169/645 2247/3170/646 2248/3161/637
f 2260/3171/647 2411/3163/639 2412/3172/648
f 2273/3173/649 2410/3174/650 2409/3175/651
f 2263/3176/652 2246/3177/653 2247/3170/646
f 2244/3178/654 2275/3179/655 2259/3180/656
f 2272/3181/657 2409/3175/651 2408/3182/658
f 2246/3177/653 2261/3183/659 2245/3184/660
f 2275/3179/655 2258/3185/661 2259/3180/656
f 2407/3186/662 2272/3181/657 2408/3182/658
f 2274/3187/663 2257/3188/664 2258/3185/661
f 2406/3189/665 2271/3190/666 2407/3186/662
f 2273/3173/649 2256/3191/667 2257/3188/664
f 2405/3192/668 2270/3193/669 2406/3189/665
f 2218/3194/670 2249/3162/638 2217/3195/671
f 2416/3196/672 2265/3160/636 2417/3197/673
f 2251/3198/674 2218/3194/670 2219/3199/675
f 2417/3197/673 2266/3200/676 2418/3201/677
f 2220/3202/678 2251/3198/674 2219/3199/675
f 2266/3200/676 2419/3203/679 2418/3201/677
f 2253/3204/680 2220/3202/678 2221/3205/681
f 2267/3206/682 2404/3207/683 2419/3203/679
f 2222/3208/684 2253/3204/680 2221/3205/681
f 2404/3207/683 2269/3209/685 2405/3192/668
f 2255/3210/686 2222/3208/684 2223/3211/687
f 2256/3191/667 2223/3211/687 2224/3212/688
f 2257/3188/664 2224/3212/688 2225/3213/689
f 2258/3185/661 2225/3213/689 2226/3214/690
f 2245/3184/660 2212/3215/691 2213/3216/692
f 2259/3180/656 2226/3214/690 2227/3217/693
f 2246/3177/653 2213/3216/692 2214/3218/694
f 2212/3215/691 2259/3180/656 2227/3217/693
f 2215/3219/695 2246/3177/653 2214/3218/694
f 2248/3161/637 2215/3219/695 2216/3220/696
f 2413/3221/697 2260/3171/647 2412/3172/648
f 2262/3164/640 2415/3222/698 2414/3165/641
f 2217/3195/671 2248/3161/637 2216/3220/696
f 2415/3222/698 2264/3169/645 2416/3196/672
f 2266/3200/676 2249/3162/638 2250/3223/699
f 2251/3198/674 2266/3200/676 2250/3223/699
f 2268/3224/700 2251/3198/674 2252/3225/701
f 2253/3204/680 2268/3224/700 2252/3225/701
f 2270/3193/669 2253/3204/680 2254/3226/702
f 2271/3190/666 2254/3226/702 2255/3210/686
f 2272/3181/657 2255/3210/686 2256/3191/667
f 2389/3227/703 2226/3228/690 2225/3229/689
f 2391/3230/704 2219/3231/675 2218/3232/670
f 2392/3233/705 2227/3234/693 2226/3228/690
f 2395/3235/706 2219/3231/675 2393/3236/707
f 2394/3237/708 2212/3238/691 2227/3234/693
f 2398/3239/709 2220/3240/678 2395/3235/706
f 2399/3241/710 2213/3242/692 2397/3243/711
f 2400/3244/712 2221/3245/681 2398/3239/709
f 2401/3246/713 2214/3247/694 2399/3241/710
f 2402/3248/714 2222/3249/684 2400/3244/712
f 2401/3246/713 2216/3250/696 2215/3251/695
f 2388/3252/715 2223/3253/687 2402/3248/714
f 2390/3254/716 2216/3250/696 2403/3255/717
f 2388/3256/715 2225/3229/689 2224/3257/688
f 2391/3230/704 2217/3258/671 2390/3254/716
f 2295/3259/718 2328/3260/719 2296/3261/720
f 2309/3262/721 2340/3263/722 2308/3264/723
f 2321/3265/724 2354/3266/725 2353/3267/726
f 2295/3259/718 2326/3268/727 2327/3269/728
f 2307/3270/729 2324/3271/730 2292/3272/731
f 2320/3273/732 2353/3267/726 2352/3274/733
f 2293/3275/734 2326/3268/727 2294/3276/735
f 2306/3277/736 2339/3278/737 2307/3270/729
f 2320/3273/732 2351/3279/738 2319/3280/739
f 2292/3272/731 2325/3281/740 2293/3275/734
f 2305/3282/741 2338/3283/742 2306/3277/736
f 2318/3284/743 2351/3279/738 2350/3285/744
f 2304/3286/745 2337/3287/746 2305/3282/741
f 2318/3284/743 2349/3288/747 2317/3289/748
f 2303/3290/749 2336/3291/750 2304/3286/745
f 2316/3292/751 2349/3288/747 2348/3293/752
f 2281/3294/753 2298/3295/754 2282/3296/755
f 2282/3296/755 2299/3297/756 2283/3298/757
f 2284/3299/758 2299/3297/756 2300/3300/759
f 2284/3299/758 2301/3301/760 2285/3302/761
f 2285/3302/761 2302/3303/762 2286/3304/763
f 2286/3304/763 2303/3290/749 2287/3305/764
f 2287/3305/764 2304/3286/745 2288/3306/765
f 2288/3306/765 2305/3282/741 2289/3307/766
f 2289/3307/766 2306/3277/736 2290/3308/767
f 2277/3309/768 2292/3272/731 2293/3275/734
f 2290/3308/767 2307/3270/729 2291/3310/769
f 2277/3309/768 2294/3276/735 2278/3311/770
f 2291/3310/769 2292/3272/731 2276/3312/771
f 2278/3311/770 2295/3259/718 2279/3313/772
f 2279/3313/772 2296/3261/720 2280/3314/773
f 2281/3294/753 2296/3261/720 2297/3315/774
f 2336/3291/750 2351/3279/738 2352/3274/733
f 2328/3260/719 2345/3316/775 2329/3317/776
f 2336/3291/750 2353/3267/726 2337/3287/746
f 2330/3318/777 2345/3316/775 2346/3319/778
f 2337/3287/746 2354/3266/725 2338/3283/742
f 2330/3318/777 2347/3320/779 2331/3321/780
f 2339/3278/737 2354/3266/725 2355/3322/781
f 2332/3323/782 2347/3320/779 2348/3293/752
f 2324/3271/730 2341/3324/783 2325/3281/740
f 2339/3278/737 2340/3263/722 2324/3271/730
f 2332/3323/782 2349/3288/747 2333/3325/784
f 2326/3268/727 2341/3324/783 2342/3326/785
f 2334/3327/786 2349/3288/747 2350/3285/744
f 2326/3268/727 2343/3328/787 2327/3269/728
f 2335/3329/788 2350/3285/744 2351/3279/738
f 2327/3269/728 2344/3330/789 2328/3260/719
f 2323/3331/790 2354/3266/725 2322/3332/791
f 2310/3333/792 2341/3324/783 2309/3262/721
f 2296/3261/720 2329/3317/776 2297/3315/774
f 2323/3331/790 2340/3263/722 2355/3322/781
f 2310/3333/792 2343/3328/787 2342/3326/785
f 2297/3315/774 2330/3318/777 2298/3295/754
f 2311/3334/793 2344/3330/789 2343/3328/787
f 2298/3295/754 2331/3321/780 2299/3297/756
f 2312/3335/794 2345/3316/775 2344/3330/789
f 2299/3297/756 2332/3323/782 2300/3300/759
f 2313/3336/795 2346/3319/778 2345/3316/775
f 2300/3300/759 2333/3325/784 2301/3301/760
f 2314/3337/796 2347/3320/779 2346/3319/778
f 2301/3301/760 2334/3327/786 2302/3303/762
f 2315/3338/797 2348/3293/752 2347/3320/779
f 2303/3290/749 2334/3327/786 2335/3329/788
f 2261/3183/659 2244/3178/654 2245/3184/660
f 2397/3243/711 2212/3238/691 2396/3339/798
f 2319/3340/799 2368/3341/800 2320/3342/800
f 2366/3343/801 2381/3344/802 2382/3345/801
f 2313/3346/803 2360/3347/804 2361/3348/803
f 2320/3349/800 2369/3350/805 2321/3351/805
f 2313/3346/803 2362/3352/806 2314/3353/806
f 2322/3354/807 2369/3350/805 2370/3355/807
f 2314/3353/806 2363/3356/808 2315/3357/808
f 2323/3358/809 2370/3355/807 2371/3359/809
f 2316/3360/810 2363/3356/808 2364/3361/810
f 2308/3362/811 2356/3363/812 2309/3364/812
f 2308/3362/811 2371/3359/809 2357/3365/811
f 2316/3360/810 2365/3366/813 2317/3367/813
f 2309/3364/812 2358/3368/814 2310/3369/814
f 2318/3370/815 2365/3366/813 2366/3343/815
f 2311/3371/816 2358/3368/814 2359/3372/816
f 2319/3340/799 2366/3343/815 2367/3373/799
f 2312/3374/804 2359/3372/816 2360/3347/804
f 2358/3368/817 2375/3375/818 2359/3372/818
f 2366/3343/801 2383/3376/819 2367/3373/819
f 2360/3347/820 2375/3375/818 2376/3377/820
f 2367/3373/819 2384/3378/821 2368/3341/821
f 2360/3347/820 2377/3379/822 2361/3348/822
f 2368/3380/821 2385/3381/823 2369/3350/823
f 2361/3348/822 2378/3382/824 2362/3352/824
f 2370/3355/825 2385/3381/823 2386/3383/825
f 2362/3352/824 2379/3384/826 2363/3356/826
f 2370/3355/825 2387/3385/827 2371/3359/827
f 2363/3356/826 2380/3386/828 2364/3361/828
f 2357/3365/829 2372/3387/830 2356/3363/830
f 2371/3359/827 2373/3388/829 2357/3365/829
f 2364/3361/828 2381/3344/802 2365/3366/802
f 2356/3363/830 2374/3389/817 2358/3368/817
f 2382/3390/16 2378/3391/16 2374/3392/16
f 2277/3393/768 2396/3339/798 2276/3394/771
f 2281/3395/753 2391/3230/704 2390/3254/716
f 2289/3396/766 2388/3256/715 2288/3397/765
f 2281/3395/753 2403/3255/717 2280/3398/773
f 2288/3399/765 2402/3248/714 2287/3400/764
f 2280/3398/773 2401/3246/713 2279/3401/772
f 2287/3400/764 2400/3244/712 2286/3402/763
f 2278/3403/770 2401/3246/713 2399/3241/710
f 2285/3404/761 2400/3244/712 2398/3239/709
f 2278/3403/770 2397/3243/711 2277/3393/768
f 2285/3404/761 2395/3235/706 2284/3405/758
f 2276/3394/771 2394/3237/708 2291/3406/769
f 2283/3407/757 2395/3235/706 2393/3236/707
f 2290/3408/767 2394/3237/708 2392/3233/705
f 2282/3409/755 2393/3236/707 2391/3230/704
f 2290/3408/767 2389/3227/703 2289/3396/766
f 2236/3410/158 2240/3411/158 2228/3412/158
f 2415/3222/698 2432/3413/831 2431/3414/832
f 2430/3415/833 2415/3222/698 2431/3414/832
f 2413/3221/697 2420/3416/834 2429/3417/835
f 2404/3207/683 2422/3418/836 2421/3419/837
f 2435/3420/838 2404/3207/683 2421/3419/837
f 2418/3201/677 2435/3420/838 2434/3421/839
f 2417/3197/673 2434/3421/839 2433/3422/840
f 2432/3413/831 2417/3197/673 2433/3422/840
f 2422/3418/836 2406/3189/665 2423/3423/841
f 2423/3423/841 2407/3186/662 2424/3424/842
f 2424/3424/842 2408/3182/658 2425/3425/843
f 2408/3182/658 2426/3426/844 2425/3425/843
f 2426/3426/844 2410/3174/650 2427/3166/642
f 2412/3172/648 2428/3427/845 2420/3416/834
f 2275/3179/655 2410/3174/650 2274/3187/663
f 2411/3163/639 2430/3415/833 2428/3427/845
f 2229/3428/846 2430/3415/833 2230/3429/847
f 2228/3430/848 2428/3427/845 2229/3428/846
f 2426/3426/844 2242/3168/644 2241/3431/849
f 2425/3425/843 2241/3431/849 2240/3432/850
f 2424/3424/842 2240/3432/850 2239/3433/851
f 2423/3423/841 2239/3433/851 2238/3434/852
f 2422/3418/836 2238/3434/852 2237/3435/853
f 2232/3436/854 2433/3422/840 2233/3437/855
f 2233/3437/855 2434/3421/839 2234/3438/856
f 2234/3438/856 2435/3420/838 2235/3439/857
f 2435/3420/838 2236/3440/858 2235/3439/857
f 2236/3440/858 2422/3418/836 2237/3435/853
f 2429/3417/835 2228/3430/848 2243/3167/643
f 2230/3429/847 2431/3414/832 2231/3441/859
f 2231/3441/859 2432/3413/831 2232/3436/854
f 2413/3221/697 2427/3166/642 2410/3174/650
s 0
f 2438/3442/16 2476/3443/16 2477/3444/16
f 2437/3445/16 2469/3446/16 2436/3447/16
f 2491/3448/609 2465/3449/609 2467/3450/609
f 2490/3451/158 2459/3452/158 2458/3453/158
f 2487/3454/158 2482/3455/158 2488/3456/158
f 2484/3457/158 2474/3458/158 2486/3459/158
f 2490/3460/612 2461/3461/612 2463/3462/612
f 2489/3463/158 2455/3464/158 2454/3465/158
f 2452/3466/612 2455/3467/612 2453/3468/612
f 2440/3469/607 2455/3467/607 2488/3470/607
f 2489/3471/614 2452/3466/614 2441/3472/614
f 2441/3473/16 2453/3474/16 2440/3475/16
f 2456/3476/609 2459/3477/609 2457/3478/609
f 2490/3479/613 2456/3476/613 2442/3480/613
f 2441/3481/16 2456/3482/16 2457/3483/16
f 2441/3472/608 2459/3477/608 2489/3471/608
f 2461/3461/614 2462/3484/614 2463/3462/614
f 2491/3448/611 2460/3485/611 2443/3486/611
f 2490/3487/158 2462/3488/158 2491/3489/158
f 2443/3490/16 2461/3491/16 2442/3492/16
f 2464/3493/613 2467/3450/613 2465/3449/613
f 2436/3494/16 2465/3495/16 2443/3496/16
f 2436/3497/610 2466/3498/610 2464/3493/610
f 2491/3499/158 2466/3500/158 2485/3501/158
f 2469/3502/611 2470/3503/611 2471/3504/611
f 2436/3505/614 2471/3504/614 2485/3506/614
f 2485/3507/158 2470/3508/158 2484/3509/158
f 2437/3510/607 2470/3503/607 2468/3511/607
f 2472/3512/610 2475/3513/610 2473/3514/610
f 2438/3515/608 2474/3516/608 2472/3512/608
f 2438/3517/16 2473/3518/16 2437/3519/16
f 2484/3520/613 2473/3514/613 2475/3513/613
f 2476/3521/607 2479/3522/607 2477/3523/607
f 2438/3524/611 2479/3522/611 2486/3525/611
f 2487/3526/158 2479/3527/158 2478/3528/158
f 2487/3529/612 2476/3521/612 2439/3530/612
f 2480/3531/608 2483/3532/608 2481/3533/608
f 2439/3534/16 2480/3535/16 2481/3536/16
f 2488/3537/609 2480/3531/609 2440/3538/609
f 2439/3530/610 2483/3532/610 2487/3529/610
f 2449/3539/611 2498/3540/611 2448/3541/611
f 2450/3542/607 2499/3543/607 2495/3544/607
f 2445/3545/609 2492/3546/609 2494/3547/609
f 2445/3548/158 2485/3549/158 2484/3550/158
f 2446/3551/158 2484/3552/158 2486/3553/158
f 2446/3554/158 2487/3555/158 2447/3556/158
f 2448/3557/158 2487/3558/158 2488/3559/158
f 2448/3560/158 2489/3561/158 2449/3562/158
f 2449/3563/158 2490/3564/158 2450/3565/158
f 2451/3566/158 2490/3567/158 2491/3568/158
f 2444/3569/158 2491/3570/158 2485/3571/158
f 2498/3572/158 2492/3573/158 2497/3574/158
f 2493/3575/158 2494/3576/158 2492/3577/158
f 2495/3578/158 2496/3579/158 2494/3580/158
f 2446/3581/614 2497/3582/614 2492/3583/614
f 2445/3584/612 2496/3585/612 2444/3586/612
f 2444/3587/608 2499/3588/608 2451/3589/608
f 2450/3590/610 2493/3591/610 2449/3592/610
f 2447/3593/613 2498/3594/613 2497/3595/613
f 2502/3596/16 2540/3597/16 2541/3598/16
f 2500/3599/16 2532/3600/16 2533/3601/16
f 2507/3602/860 2531/3603/860 2555/3604/860
f 2553/3605/158 2522/3606/158 2554/3607/158
f 2551/3608/158 2546/3609/158 2552/3610/158
f 2550/3611/158 2539/3612/158 2538/3613/158
f 2506/3614/861 2527/3615/861 2554/3616/861
f 2552/3610/158 2518/3617/158 2553/3605/158
f 2516/3618/861 2519/3619/861 2517/3620/861
f 2504/3621/862 2519/3619/862 2552/3622/862
f 2553/3623/863 2516/3618/863 2505/3624/863
f 2504/3621/16 2516/3618/16 2517/3620/16
f 2520/3625/860 2523/3626/860 2521/3627/860
f 2554/3616/864 2520/3625/864 2506/3614/864
f 2505/3624/16 2520/3625/16 2521/3627/16
f 2505/3624/865 2523/3626/865 2553/3623/865
f 2524/3628/863 2527/3615/863 2525/3629/863
f 2555/3604/866 2524/3628/866 2507/3602/866
f 2555/3630/158 2527/3631/158 2526/3632/158
f 2507/3602/16 2525/3629/16 2506/3614/16
f 2528/3633/864 2531/3603/864 2529/3634/864
f 2500/3599/16 2529/3634/16 2507/3602/16
f 2549/3635/867 2528/3633/867 2500/3599/867
f 2549/3636/158 2531/3637/158 2530/3638/158
f 2532/3600/868 2535/3639/868 2533/3601/868
f 2549/3635/869 2533/3601/869 2535/3639/869
f 2549/3636/158 2534/3640/158 2548/3641/158
f 2548/3642/862 2532/3600/862 2501/3643/862
f 2536/3644/867 2539/3645/867 2537/3646/867
f 2550/3647/865 2536/3644/865 2502/3596/865
f 2502/3596/16 2537/3646/16 2501/3643/16
f 2501/3643/864 2539/3645/864 2548/3642/864
f 2541/3598/862 2542/3648/862 2543/3649/862
f 2550/3647/866 2541/3598/866 2543/3649/866
f 2550/3611/158 2542/3650/158 2551/3608/158
f 2551/3651/861 2540/3597/861 2503/3652/861
f 2545/3653/865 2546/3654/865 2547/3655/865
f 2504/3621/16 2545/3653/16 2503/3652/16
f 2552/3622/860 2544/3656/860 2504/3621/860
f 2503/3652/870 2547/3655/870 2551/3651/870
f 2513/3657/866 2562/3658/866 2512/3659/866
f 2515/3660/871 2559/3661/871 2514/3662/871
f 2510/3663/860 2558/3664/860 2509/3665/860
f 2508/3666/158 2548/3641/158 2509/3665/158
f 2510/3663/158 2548/3641/158 2550/3611/158
f 2511/3667/158 2550/3611/158 2551/3608/158
f 2512/3659/158 2551/3608/158 2552/3610/158
f 2512/3659/158 2553/3605/158 2513/3657/158
f 2514/3662/158 2553/3605/158 2554/3607/158
f 2514/3662/158 2555/3630/158 2515/3660/158
f 2515/3660/158 2549/3636/158 2508/3666/158
f 2562/3658/158 2556/3668/158 2561/3669/158
f 2557/3670/158 2558/3664/158 2556/3668/158
f 2559/3661/158 2560/3671/158 2558/3664/158
f 2511/3667/863 2556/3668/863 2510/3663/863
f 2508/3666/872 2558/3664/872 2560/3671/872
f 2508/3666/865 2563/3672/865 2515/3660/865
f 2514/3662/867 2557/3670/867 2513/3657/867
f 2512/3659/864 2561/3669/864 2511/3667/864
f 2503/3652/16 2505/3624/16 2504/3621/16
f 2501/3643/16 2505/3624/16 2502/3596/16
f 2500/3599/16 2506/3614/16 2501/3643/16
s 1
f 2617/3673/636 2600/3674/637 2601/3675/638
f 2763/3676/639 2614/3677/640 2766/3678/641
f 2779/3679/642 2595/3680/873 2594/3681/644
f 2616/3682/645 2599/3683/646 2600/3674/637
f 2612/3684/647 2763/3676/639 2764/3685/648
f 2761/3686/651 2626/3687/663 2762/3688/650
f 2599/3683/646 2614/3677/640 2598/3689/653
f 2612/3684/647 2611/3690/656 2596/3691/654
f 2760/3692/658 2625/3693/649 2761/3686/651
f 2614/3677/640 2597/3694/660 2598/3689/653
f 2611/3690/656 2626/3687/663 2610/3695/661
f 2623/3696/666 2760/3692/658 2759/3697/662
f 2626/3687/663 2609/3698/664 2610/3695/661
f 2758/3699/665 2623/3696/666 2759/3697/662
f 2625/3693/649 2608/3700/667 2609/3698/664
f 2621/3701/685 2758/3699/665 2757/3702/668
f 2602/3703/699 2569/3704/671 2570/3705/874
f 2616/3682/645 2769/3706/673 2768/3707/875
f 2571/3708/675 2602/3703/699 2570/3705/874
f 2769/3706/673 2618/3709/676 2770/3710/677
f 2572/3711/678 2603/3712/674 2571/3708/675
f 2618/3709/676 2771/3713/679 2770/3710/677
f 2605/3714/680 2572/3711/678 2573/3715/681
f 2619/3716/682 2756/3717/683 2771/3713/679
f 2606/3718/702 2573/3715/681 2574/3719/684
f 2756/3717/683 2621/3701/685 2757/3702/668
f 2575/3720/687 2606/3718/702 2574/3719/684
f 2608/3700/667 2575/3720/687 2576/3721/876
f 2577/3722/689 2608/3700/667 2576/3721/876
f 2578/3723/690 2609/3698/664 2577/3722/689
f 2597/3694/660 2564/3724/691 2565/3725/692
f 2579/3726/693 2610/3695/661 2578/3723/690
f 2598/3689/653 2565/3725/692 2566/3727/694
f 2564/3724/691 2611/3690/656 2579/3726/693
f 2567/3728/695 2598/3689/653 2566/3727/694
f 2568/3729/696 2599/3683/646 2567/3728/695
f 2765/3730/697 2612/3684/647 2764/3685/648
f 2614/3677/640 2767/3731/698 2766/3678/641
f 2601/3675/638 2568/3729/696 2569/3704/671
f 2615/3732/652 2768/3707/875 2767/3731/698
f 2602/3703/699 2617/3673/636 2601/3675/638
f 2619/3716/682 2602/3703/699 2603/3712/674
f 2620/3733/700 2603/3712/674 2604/3734/701
f 2605/3714/680 2620/3733/700 2604/3734/701
f 2622/3735/669 2605/3714/680 2606/3718/702
f 2607/3736/686 2622/3735/669 2606/3718/702
f 2624/3737/657 2607/3736/686 2608/3700/667
f 2741/3738/703 2578/3739/690 2577/3740/689
f 2743/3741/704 2571/3742/675 2570/3743/874
f 2746/3744/708 2578/3739/690 2744/3745/705
f 2747/3746/706 2571/3742/675 2745/3747/707
f 2748/3748/798 2579/3749/693 2746/3744/708
f 2750/3750/709 2572/3751/678 2747/3746/706
f 2751/3752/710 2565/3753/692 2749/3754/711
f 2752/3755/712 2573/3756/681 2750/3750/709
f 2753/3757/713 2566/3758/694 2751/3752/710
f 2754/3759/714 2574/3760/684 2752/3755/712
f 2755/3761/717 2567/3762/695 2753/3757/713
f 2740/3763/715 2575/3764/687 2754/3759/714
f 2755/3761/717 2569/3765/671 2568/3766/696
f 2740/3767/715 2577/3740/689 2576/3768/876
f 2743/3741/704 2569/3765/671 2742/3769/716
f 2647/3770/718 2680/3771/719 2648/3772/720
f 2661/3773/721 2692/3774/722 2660/3775/723
f 2673/3776/724 2706/3777/725 2705/3778/726
f 2646/3779/735 2679/3780/728 2647/3770/718
f 2659/3781/729 2676/3782/730 2644/3783/731
f 2672/3784/732 2705/3778/726 2704/3785/733
f 2645/3786/734 2678/3787/727 2646/3779/735
f 2659/3781/729 2690/3788/742 2691/3789/737
f 2671/3790/739 2704/3785/733 2703/3791/738
f 2644/3783/731 2677/3792/740 2645/3786/734
f 2657/3793/741 2690/3788/742 2658/3794/736
f 2671/3790/739 2702/3795/744 2670/3796/743
f 2657/3793/741 2688/3797/750 2689/3798/746
f 2670/3796/743 2701/3799/747 2669/3800/748
f 2655/3801/749 2688/3797/750 2656/3802/745
f 2668/3803/751 2701/3799/747 2700/3804/752
f 2633/3805/753 2650/3806/754 2634/3807/755
f 2635/3808/757 2650/3806/754 2651/3809/756
f 2636/3810/758 2651/3809/756 2652/3811/759
f 2636/3810/758 2653/3812/760 2637/3813/761
f 2637/3813/761 2654/3814/762 2638/3815/763
f 2638/3815/763 2655/3801/749 2639/3816/764
f 2639/3816/764 2656/3802/745 2640/3817/765
f 2641/3818/766 2656/3802/745 2657/3793/741
f 2642/3819/767 2657/3793/741 2658/3794/736
f 2629/3820/768 2644/3783/731 2645/3786/734
f 2643/3821/769 2658/3794/736 2659/3781/729
f 2630/3822/770 2645/3786/734 2646/3779/735
f 2628/3823/771 2659/3781/729 2644/3783/731
f 2630/3822/770 2647/3770/718 2631/3824/772
f 2631/3824/772 2648/3772/720 2632/3825/773
f 2633/3805/753 2648/3772/720 2649/3826/774
f 2687/3827/788 2704/3785/733 2688/3797/750
f 2680/3771/719 2697/3828/775 2681/3829/776
f 2688/3797/750 2705/3778/726 2689/3798/746
f 2681/3829/776 2698/3830/778 2682/3831/777
f 2689/3798/746 2706/3777/725 2690/3788/742
f 2682/3831/777 2699/3832/779 2683/3833/780
f 2691/3789/737 2706/3777/725 2707/3834/781
f 2683/3833/780 2700/3804/752 2684/3835/782
f 2677/3792/740 2692/3774/722 2693/3836/783
f 2676/3782/730 2707/3834/781 2692/3774/722
f 2684/3835/782 2701/3799/747 2685/3837/784
f 2677/3792/740 2694/3838/785 2678/3787/727
f 2686/3839/786 2701/3799/747 2702/3795/744
f 2679/3780/728 2694/3838/785 2695/3840/787
f 2687/3827/788 2702/3795/744 2703/3791/738
f 2680/3771/719 2695/3840/787 2696/3841/789
f 2675/3842/790 2706/3777/725 2674/3843/791
f 2661/3773/721 2694/3838/785 2693/3836/783
f 2648/3772/720 2681/3829/776 2649/3826/774
f 2675/3842/790 2692/3774/722 2707/3834/781
f 2662/3844/792 2695/3840/787 2694/3838/785
f 2650/3806/754 2681/3829/776 2682/3831/777
f 2664/3845/794 2695/3840/787 2663/3846/793
f 2650/3806/754 2683/3833/780 2651/3809/756
f 2664/3845/794 2697/3828/775 2696/3841/789
f 2651/3809/756 2684/3835/782 2652/3811/759
f 2666/3847/796 2697/3828/775 2665/3848/795
f 2652/3811/759 2685/3837/784 2653/3812/760
f 2667/3849/797 2698/3830/778 2666/3847/796
f 2653/3812/760 2686/3839/786 2654/3814/762
f 2667/3849/797 2700/3804/752 2699/3832/779
f 2655/3801/749 2686/3839/786 2687/3827/788
f 2613/3850/659 2596/3691/654 2597/3694/660
f 2749/3754/711 2564/3851/691 2748/3748/798
f 2672/3852/800 2719/3853/799 2720/3854/800
f 2717/3855/802 2734/3856/801 2718/3857/801
f 2664/3858/804 2713/3859/803 2665/3860/803
f 2672/3861/800 2721/3862/805 2673/3863/805
f 2665/3860/803 2714/3864/806 2666/3865/806
f 2674/3866/807 2721/3862/805 2722/3867/807
f 2666/3865/806 2715/3868/808 2667/3869/808
f 2675/3870/809 2722/3867/807 2723/3871/809
f 2668/3872/810 2715/3868/808 2716/3873/810
f 2660/3874/811 2708/3875/812 2661/3876/812
f 2675/3870/809 2709/3877/811 2660/3874/811
f 2669/3878/813 2716/3873/810 2717/3855/813
f 2661/3876/812 2710/3879/814 2662/3880/814
f 2669/3878/813 2718/3857/815 2670/3881/815
f 2662/3880/814 2711/3882/816 2663/3883/816
f 2671/3884/799 2718/3857/815 2719/3853/799
f 2663/3883/816 2712/3885/804 2664/3858/804
f 2710/3879/817 2727/3886/818 2711/3882/818
f 2719/3853/819 2734/3856/801 2735/3887/819
f 2711/3882/818 2728/3888/820 2712/3885/820
f 2719/3853/819 2736/3889/821 2720/3854/821
f 2712/3885/820 2729/3890/822 2713/3859/822
f 2720/3891/821 2737/3892/823 2721/3862/823
f 2713/3859/822 2730/3893/824 2714/3864/824
f 2721/3862/823 2738/3894/825 2722/3867/825
f 2714/3864/824 2731/3895/826 2715/3868/826
f 2722/3867/825 2739/3896/827 2723/3871/827
f 2715/3868/826 2732/3897/828 2716/3873/828
f 2709/3877/829 2724/3898/830 2708/3875/830
f 2723/3871/827 2725/3899/829 2709/3877/829
f 2716/3873/828 2733/3900/802 2717/3855/802
f 2708/3875/830 2726/3901/817 2710/3879/817
f 2734/3902/16 2730/3903/16 2726/3904/16
f 2629/3905/768 2748/3748/798 2628/3906/771
f 2634/3907/755 2742/3769/716 2633/3908/753
f 2641/3909/766 2740/3767/715 2640/3910/765
f 2633/3908/753 2755/3761/717 2632/3911/773
f 2639/3912/764 2740/3763/715 2754/3759/714
f 2631/3913/772 2755/3761/717 2753/3757/713
f 2638/3914/763 2754/3759/714 2752/3755/712
f 2631/3913/772 2751/3752/710 2630/3915/770
f 2637/3916/761 2752/3755/712 2750/3750/709
f 2629/3905/768 2751/3752/710 2749/3754/711
f 2637/3916/761 2747/3746/706 2636/3917/758
f 2643/3918/769 2748/3748/798 2746/3744/708
f 2636/3917/758 2745/3747/707 2635/3919/757
f 2643/3918/769 2744/3745/705 2642/3920/767
f 2635/3919/757 2743/3741/704 2634/3907/755
f 2642/3920/767 2741/3738/703 2641/3909/766
f 2588/3921/158 2592/3922/158 2580/3923/158
f 2783/3924/832 2768/3707/875 2784/3925/831
f 2782/3926/833 2767/3731/698 2783/3924/832
f 2765/3730/697 2772/3927/834 2781/3928/835
f 2773/3929/837 2757/3702/668 2774/3930/836
f 2787/3931/838 2756/3717/683 2773/3929/837
f 2770/3710/677 2787/3931/838 2786/3932/839
f 2785/3933/840 2770/3710/677 2786/3932/839
f 2784/3925/831 2769/3706/673 2785/3933/840
f 2757/3702/668 2775/3934/841 2774/3930/836
f 2758/3699/665 2776/3935/842 2775/3934/841
f 2759/3697/662 2777/3936/843 2776/3935/842
f 2760/3692/658 2778/3937/844 2777/3936/843
f 2761/3686/651 2779/3679/642 2778/3937/844
f 2764/3685/648 2780/3938/845 2772/3927/834
f 2627/3939/655 2762/3688/650 2626/3687/663
f 2780/3938/845 2766/3678/641 2782/3926/833
f 2581/3940/846 2782/3926/833 2582/3941/847
f 2772/3927/834 2581/3940/846 2580/3942/848
f 2778/3937/844 2594/3681/644 2593/3943/877
f 2592/3944/850 2778/3937/844 2593/3943/877
f 2776/3935/842 2592/3944/850 2591/3945/851
f 2775/3934/841 2591/3945/851 2590/3946/852
f 2774/3930/836 2590/3946/852 2589/3947/853
f 2584/3948/854 2785/3933/840 2585/3949/855
f 2585/3949/855 2786/3932/839 2586/3950/856
f 2586/3950/856 2787/3931/838 2587/3951/878
f 2587/3951/878 2773/3929/837 2588/3952/858
f 2773/3929/837 2589/3947/853 2588/3952/858
f 2781/3928/835 2580/3942/848 2595/3680/873
f 2582/3941/847 2783/3924/832 2583/3953/879
f 2583/3953/879 2784/3925/831 2584/3948/854
f 2765/3730/697 2779/3679/642 2762/3688/650
s 0
f 2790/3954/16 2828/3955/16 2829/3956/16
f 2789/3957/16 2821/3958/16 2788/3959/16
f 2843/3960/609 2817/3961/609 2819/3962/609
f 2842/3963/158 2811/3964/158 2810/3965/158
f 2839/3966/158 2834/3967/158 2840/3968/158
f 2836/3969/158 2826/3970/158 2838/3971/158
f 2842/3972/612 2813/3973/612 2815/3974/612
f 2840/3975/158 2806/3976/158 2841/3977/158
f 2804/3978/612 2807/3979/612 2805/3980/612
f 2792/3981/607 2807/3979/607 2840/3982/607
f 2841/3983/614 2804/3978/614 2793/3984/614
f 2792/3985/16 2804/3986/16 2805/3987/16
f 2808/3988/609 2811/3989/609 2809/3990/609
f 2842/3991/613 2808/3988/613 2794/3992/613
f 2794/3993/16 2809/3994/16 2793/3995/16
f 2793/3984/608 2811/3989/608 2841/3983/608
f 2812/3996/614 2815/3974/614 2813/3973/614
f 2843/3960/611 2812/3996/611 2795/3997/611
f 2842/3998/158 2814/3999/158 2843/4000/158
f 2795/4001/16 2813/4002/16 2794/4003/16
f 2817/3961/613 2818/4004/613 2819/3962/613
f 2788/4005/16 2817/4006/16 2795/4007/16
f 2788/4008/610 2818/4004/610 2816/4009/610
f 2843/4010/158 2818/4011/158 2837/4012/158
f 2820/4013/611 2823/4014/611 2821/4015/611
f 2788/4016/614 2823/4014/614 2837/4017/614
f 2836/4018/158 2823/4019/158 2822/4020/158
f 2836/4021/607 2820/4013/607 2789/4022/607
f 2824/4023/610 2827/4024/610 2825/4025/610
f 2838/4026/608 2824/4023/608 2790/4027/608
f 2790/4028/16 2825/4029/16 2789/4030/16
f 2836/4021/613 2825/4025/613 2827/4024/613
f 2828/4031/607 2831/4032/607 2829/4033/607
f 2790/4034/611 2831/4032/611 2838/4035/611
f 2839/4036/158 2831/4037/158 2830/4038/158
f 2839/4039/612 2828/4031/612 2791/4040/612
f 2832/4041/608 2835/4042/608 2833/4043/608
f 2791/4044/16 2832/4045/16 2833/4046/16
f 2792/4047/609 2834/4048/609 2832/4041/609
f 2791/4040/610 2835/4042/610 2839/4039/610
f 2801/4049/611 2850/4050/611 2800/4051/611
f 2802/4052/607 2851/4053/607 2847/4054/607
f 2797/4055/609 2844/4056/609 2846/4057/609
f 2797/4058/158 2837/4059/158 2836/4060/158
f 2798/4061/158 2836/4062/158 2838/4063/158
f 2799/4064/158 2838/4065/158 2839/4066/158
f 2800/4067/158 2839/4068/158 2840/4069/158
f 2800/4070/158 2841/4071/158 2801/4072/158
f 2801/4073/158 2842/4074/158 2802/4075/158
f 2803/4076/158 2842/4077/158 2843/4078/158
f 2796/4079/158 2843/4080/158 2837/4081/158
f 2849/4082/158 2845/4083/158 2844/4084/158
f 2845/4085/158 2846/4086/158 2844/4087/158
f 2846/4088/158 2851/4089/158 2848/4090/158
f 2799/4091/614 2844/4092/614 2798/4093/614
f 2797/4094/612 2848/4095/612 2796/4096/612
f 2796/4097/608 2851/4098/608 2803/4099/608
f 2802/4100/610 2845/4101/610 2801/4102/610
f 2800/4103/613 2849/4104/613 2799/4105/613
f 2855/4106/16 2893/4107/16 2854/4108/16
f 2853/4109/16 2885/4110/16 2852/4111/16
f 2859/4112/860 2883/4113/860 2907/4114/860
f 2905/4115/158 2874/4116/158 2906/4117/158
f 2904/4118/158 2899/4119/158 2898/4120/158
f 2902/4121/158 2891/4122/158 2890/4123/158
f 2906/4124/861 2877/4125/861 2879/4126/861
f 2904/4118/158 2870/4127/158 2905/4115/158
f 2868/4128/861 2871/4129/861 2869/4130/861
f 2904/4131/862 2869/4130/862 2871/4129/862
f 2905/4132/863 2868/4128/863 2857/4133/863
f 2857/4133/16 2869/4130/16 2856/4134/16
f 2872/4135/860 2875/4136/860 2873/4137/860
f 2906/4124/864 2872/4135/864 2858/4138/864
f 2857/4133/16 2872/4135/16 2873/4137/16
f 2857/4133/865 2875/4136/865 2905/4132/865
f 2876/4139/863 2879/4126/863 2877/4125/863
f 2907/4114/866 2876/4139/866 2859/4112/866
f 2907/4140/158 2879/4141/158 2878/4142/158
f 2859/4112/16 2877/4125/16 2858/4138/16
f 2881/4143/864 2882/4144/864 2883/4113/864
f 2852/4111/16 2881/4143/16 2859/4112/16
f 2901/4145/867 2880/4146/867 2852/4111/867
f 2907/4140/158 2882/4147/158 2901/4148/158
f 2884/4149/866 2887/4150/866 2885/4110/866
f 2901/4145/863 2885/4110/863 2887/4150/863
f 2901/4148/158 2886/4151/158 2900/4152/158
f 2900/4153/862 2884/4149/862 2853/4109/862
f 2888/4154/867 2891/4155/867 2889/4156/867
f 2902/4157/865 2888/4154/865 2854/4108/865
f 2854/4108/16 2889/4156/16 2853/4109/16
f 2853/4109/864 2891/4155/864 2900/4153/864
f 2892/4158/862 2895/4159/862 2893/4107/862
f 2854/4108/866 2895/4159/866 2902/4157/866
f 2902/4121/158 2894/4160/158 2903/4161/158
f 2903/4162/861 2892/4158/861 2855/4106/861
f 2897/4163/865 2898/4164/865 2899/4165/865
f 2855/4106/16 2896/4166/16 2897/4163/16
f 2904/4131/860 2896/4166/860 2856/4134/860
f 2855/4106/867 2899/4165/867 2903/4162/867
f 2865/4167/866 2914/4168/866 2864/4169/866
f 2867/4170/862 2911/4171/862 2866/4172/862
f 2862/4173/860 2910/4174/860 2861/4175/860
f 2861/4175/158 2901/4148/158 2900/4152/158
f 2862/4173/158 2900/4152/158 2902/4121/158
f 2862/4173/158 2903/4161/158 2863/4176/158
f 2863/4176/158 2904/4118/158 2864/4169/158
f 2865/4167/158 2904/4118/158 2905/4115/158
f 2866/4172/158 2905/4115/158 2906/4117/158
f 2866/4172/158 2907/4140/158 2867/4170/158
f 2867/4170/158 2901/4148/158 2860/4177/158
f 2914/4168/158 2908/4178/158 2913/4179/158
f 2909/4180/158 2910/4174/158 2908/4178/158
f 2911/4171/158 2912/4181/158 2910/4174/158
f 2862/4173/863 2913/4179/863 2908/4178/863
f 2860/4177/872 2910/4174/872 2912/4181/872
f 2860/4177/865 2915/4182/865 2867/4170/865
f 2866/4172/870 2909/4180/870 2865/4167/870
f 2864/4169/864 2913/4179/864 2863/4176/864
f 2854/4108/16 2856/4134/16 2855/4106/16
f 2854/4108/16 2858/4138/16 2857/4133/16
f 2852/4111/16 2858/4138/16 2853/4109/16
s 1
f 2969/4183/636 2952/4184/637 2953/4185/638
f 2965/4186/659 3118/4187/641 3115/4188/639
f 3133/4189/835 2946/4190/644 3131/4191/642
f 2967/4192/652 2952/4184/637 2968/4193/645
f 2964/4194/647 3115/4188/639 3116/4195/648
f 3113/4196/651 2978/4197/663 3114/4198/650
f 2951/4199/646 2966/4200/640 2950/4201/653
f 2964/4194/647 2963/4202/656 2948/4203/654
f 3112/4204/658 2977/4205/649 3113/4196/651
f 2966/4200/640 2949/4206/660 2950/4201/653
f 2963/4202/656 2978/4197/663 2962/4207/661
f 3111/4208/662 2976/4209/657 3112/4204/658
f 2978/4197/663 2961/4210/664 2962/4207/661
f 2974/4211/669 3111/4208/662 3110/4212/665
f 2977/4205/649 2960/4213/667 2961/4210/664
f 2973/4214/685 3110/4212/665 3109/4215/668
f 2954/4216/699 2921/4217/671 2922/4218/874
f 2968/4193/645 3121/4219/673 3120/4220/875
f 2923/4221/675 2954/4216/699 2922/4218/874
f 2969/4183/636 3122/4222/677 3121/4219/673
f 2924/4223/678 2955/4224/674 2923/4221/675
f 2970/4225/676 3123/4226/679 3122/4222/677
f 2957/4227/680 2924/4223/678 2925/4228/681
f 2971/4229/682 3108/4230/683 3123/4226/679
f 2958/4231/702 2925/4228/681 2926/4232/880
f 2972/4233/700 3109/4215/668 3108/4230/683
f 2927/4234/687 2958/4231/702 2926/4232/880
f 2960/4213/667 2927/4234/687 2928/4235/876
f 2929/4236/689 2960/4213/667 2928/4235/876
f 2930/4237/690 2961/4210/664 2929/4236/689
f 2917/4238/692 2948/4203/654 2916/4239/691
f 2931/4240/693 2962/4207/661 2930/4237/690
f 2950/4201/653 2917/4238/692 2918/4241/694
f 2916/4239/691 2963/4202/656 2931/4240/693
f 2919/4242/695 2950/4201/653 2918/4241/694
f 2920/4243/696 2951/4199/646 2919/4242/695
f 3117/4244/697 2964/4194/647 3116/4195/648
f 2966/4200/640 3119/4245/698 3118/4187/641
f 2953/4185/638 2920/4243/696 2921/4217/671
f 2967/4192/652 3120/4220/875 3119/4245/698
f 2954/4216/699 2969/4183/636 2953/4185/638
f 2971/4229/682 2954/4216/699 2955/4224/674
f 2956/4246/701 2971/4229/682 2955/4224/674
f 2957/4227/680 2972/4233/700 2956/4246/701
f 2974/4211/669 2957/4227/680 2958/4231/702
f 2959/4247/686 2974/4211/669 2958/4231/702
f 2976/4209/657 2959/4247/686 2960/4213/667
f 3096/4248/705 2929/4249/689 3093/4250/703
f 3095/4251/704 2923/4252/675 2922/4253/874
f 3096/4248/705 2931/4254/693 2930/4255/690
f 3099/4256/706 2923/4252/675 3097/4257/707
f 3100/4258/798 2931/4254/693 3098/4259/708
f 3099/4256/706 2925/4260/681 2924/4261/678
f 3103/4262/710 2917/4263/692 3101/4264/711
f 3104/4265/712 2925/4260/681 3102/4266/709
f 3105/4267/713 2918/4268/694 3103/4262/710
f 3104/4265/712 2927/4269/687 2926/4270/880
f 3107/4271/717 2919/4272/695 3105/4267/713
f 3092/4273/715 2927/4269/687 3106/4274/714
f 3094/4275/716 2920/4276/696 3107/4271/717
f 3092/4277/715 2929/4249/689 2928/4278/876
f 3095/4251/704 2921/4279/671 3094/4275/716
f 2999/4280/718 3032/4281/719 3000/4282/720
f 3013/4283/721 3044/4284/722 3012/4285/723
f 3025/4286/724 3058/4287/725 3057/4288/726
f 2998/4289/735 3031/4290/728 2999/4280/718
f 3011/4291/729 3028/4292/730 2996/4293/731
f 3025/4286/724 3056/4294/733 3024/4295/732
f 2997/4296/734 3030/4297/727 2998/4289/735
f 3010/4298/736 3043/4299/737 3011/4291/729
f 3023/4300/739 3056/4294/733 3055/4301/738
f 2996/4293/731 3029/4302/740 2997/4296/734
f 3009/4303/741 3042/4304/742 3010/4298/736
f 3022/4305/743 3055/4301/738 3054/4306/744
f 3008/4307/745 3041/4308/746 3009/4303/741
f 3022/4305/743 3053/4309/747 3021/4310/748
f 3008/4307/745 3039/4311/788 3040/4312/750
f 3020/4313/751 3053/4309/747 3052/4314/752
f 2985/4315/753 3002/4316/754 2986/4317/755
f 2986/4317/755 3003/4318/756 2987/4319/757
f 2988/4320/758 3003/4318/756 3004/4321/759
f 2988/4320/758 3005/4322/760 2989/4323/761
f 2989/4323/761 3006/4324/762 2990/4325/763
f 2990/4325/763 3007/4326/749 2991/4327/764
f 2992/4328/765 3007/4326/749 3008/4307/745
f 2993/4329/766 3008/4307/745 3009/4303/741
f 2993/4329/766 3010/4298/736 2994/4330/767
f 2981/4331/768 2996/4293/731 2997/4296/734
f 2995/4332/769 3010/4298/736 3011/4291/729
f 2981/4331/768 2998/4289/735 2982/4333/770
f 2995/4332/769 2996/4293/731 2980/4334/771
f 2983/4335/772 2998/4289/735 2999/4280/718
f 2983/4335/772 3000/4282/720 2984/4336/773
f 2985/4315/753 3000/4282/720 3001/4337/774
f 3039/4311/788 3056/4294/733 3040/4312/750
f 3032/4281/719 3049/4338/775 3033/4339/776
f 3040/4312/750 3057/4288/726 3041/4308/746
f 3034/4340/777 3049/4338/775 3050/4341/778
f 3042/4304/742 3057/4288/726 3058/4287/725
f 3035/4342/780 3050/4341/778 3051/4343/779
f 3043/4299/737 3058/4287/725 3059/4344/781
f 3035/4342/780 3052/4314/752 3036/4345/782
f 3028/4292/730 3045/4346/783 3029/4302/740
f 3043/4299/737 3044/4284/722 3028/4292/730
f 3036/4345/782 3053/4309/747 3037/4347/784
f 3030/4297/727 3045/4346/783 3046/4348/785
f 3037/4347/784 3054/4306/744 3038/4349/786
f 3031/4290/728 3046/4348/785 3047/4350/787
f 3038/4349/786 3055/4301/738 3039/4311/788
f 3032/4281/719 3047/4350/787 3048/4351/789
f 3027/4352/790 3058/4287/725 3026/4353/791
f 3014/4354/792 3045/4346/783 3013/4283/721
f 3001/4337/774 3032/4281/719 3033/4339/776
f 3012/4285/723 3059/4344/781 3027/4352/790
f 3015/4355/793 3046/4348/785 3014/4354/792
f 3002/4316/754 3033/4339/776 3034/4340/777
f 3015/4355/793 3048/4351/789 3047/4350/787
f 3003/4318/756 3034/4340/777 3035/4342/780
f 3016/4356/794 3049/4338/775 3048/4351/789
f 3003/4318/756 3036/4345/782 3004/4321/759
f 3018/4357/796 3049/4338/775 3017/4358/795
f 3004/4321/759 3037/4347/784 3005/4322/760
f 3019/4359/797 3050/4341/778 3018/4357/796
f 3006/4324/762 3037/4347/784 3038/4349/786
f 3019/4359/797 3052/4314/752 3051/4343/779
f 3006/4324/762 3039/4311/788 3007/4326/749
f 2965/4186/659 2948/4203/654 2949/4206/660
f 3101/4264/711 2916/4360/691 3100/4258/798
f 3024/4361/800 3071/4362/799 3072/4363/800
f 3069/4364/802 3086/4365/801 3070/4366/801
f 3017/4367/803 3064/4368/804 3065/4369/803
f 3024/4370/800 3073/4371/805 3025/4372/805
f 3017/4367/803 3066/4373/806 3018/4374/806
f 3026/4375/807 3073/4371/805 3074/4376/807
f 3018/4374/806 3067/4377/808 3019/4378/808
f 3027/4379/809 3074/4376/807 3075/4380/809
f 3020/4381/810 3067/4377/808 3068/4382/810
f 3012/4383/811 3060/4384/812 3013/4385/812
f 3027/4379/809 3061/4386/811 3012/4383/811
f 3021/4387/813 3068/4382/810 3069/4364/813
f 3013/4385/812 3062/4388/814 3014/4389/814
f 3022/4390/815 3069/4364/813 3070/4366/815
f 3014/4389/814 3063/4391/816 3015/4392/816
f 3022/4390/815 3071/4362/799 3023/4393/799
f 3016/4394/804 3063/4391/816 3064/4368/804
f 3062/4388/817 3079/4395/818 3063/4391/818
f 3070/4366/801 3087/4396/819 3071/4362/819
f 3063/4391/818 3080/4397/820 3064/4368/820
f 3071/4362/819 3088/4398/821 3072/4363/821
f 3064/4368/820 3081/4399/822 3065/4369/822
f 3072/4400/821 3089/4401/823 3073/4371/823
f 3065/4369/822 3082/4402/824 3066/4373/824
f 3073/4371/823 3090/4403/825 3074/4376/825
f 3066/4373/824 3083/4404/826 3067/4377/826
f 3074/4376/825 3091/4405/827 3075/4380/827
f 3067/4377/826 3084/4406/828 3068/4382/828
f 3061/4386/829 3076/4407/830 3060/4384/830
f 3061/4386/829 3091/4405/827 3077/4408/829
f 3068/4382/828 3085/4409/802 3069/4364/802
f 3062/4388/817 3076/4407/830 3078/4410/817
f 3086/4411/16 3082/4412/16 3078/4413/16
f 2981/4414/768 3100/4258/798 2980/4415/771
f 2986/4416/755 3094/4275/716 2985/4417/753
f 2992/4418/765 3093/4250/703 3092/4277/715
f 2985/4417/753 3107/4271/717 2984/4419/773
f 2992/4420/765 3106/4274/714 2991/4421/764
f 2984/4419/773 3105/4267/713 2983/4422/772
f 2990/4423/763 3106/4274/714 3104/4265/712
f 2983/4422/772 3103/4262/710 2982/4424/770
f 2990/4423/763 3102/4266/709 2989/4425/761
f 2982/4424/770 3101/4264/711 2981/4414/768
f 2989/4425/761 3099/4256/706 2988/4426/758
f 2980/4415/771 3098/4259/708 2995/4427/769
f 2987/4428/757 3099/4256/706 3097/4257/707
f 2995/4427/769 3096/4248/705 2994/4429/767
f 2986/4416/755 3097/4257/707 3095/4251/704
f 2993/4430/766 3096/4248/705 3093/4250/703
f 2940/4431/158 2944/4432/158 2932/4433/158
f 3135/4434/832 3120/4220/875 3136/4435/831
f 3134/4436/833 3119/4245/698 3135/4434/832
f 3117/4244/697 3124/4437/834 3133/4189/835
f 3108/4230/683 3126/4438/836 3125/4439/837
f 3139/4440/838 3108/4230/683 3125/4439/837
f 3122/4222/677 3139/4440/838 3138/4441/839
f 3121/4219/673 3138/4441/839 3137/4442/840
f 3136/4435/831 3121/4219/673 3137/4442/840
f 3126/4438/836 3110/4212/665 3127/4443/841
f 3110/4212/665 3128/4444/842 3127/4443/841
f 3111/4208/662 3129/4445/843 3128/4444/842
f 3112/4204/658 3130/4446/844 3129/4445/843
f 3130/4446/844 3114/4198/650 3131/4191/642
f 3116/4195/648 3132/4447/845 3124/4437/834
f 2978/4197/663 3117/4244/697 3114/4198/650
f 3132/4447/845 3118/4187/641 3134/4436/833
f 3132/4447/845 2934/4448/847 2933/4449/881
f 2932/4450/848 3132/4447/845 2933/4449/881
f 3130/4446/844 2946/4190/644 2945/4451/849
f 3129/4445/843 2945/4451/849 2944/4452/850
f 3128/4444/842 2944/4452/850 2943/4453/851
f 3127/4443/841 2943/4453/851 2942/4454/852
f 3126/4438/836 2942/4454/852 2941/4455/853
f 2936/4456/854 3137/4442/840 2937/4457/855
f 2937/4457/855 3138/4441/839 2938/4458/856
f 3138/4441/839 2939/4459/857 2938/4458/856
f 3139/4440/838 2940/4460/858 2939/4459/857
f 3125/4439/837 2941/4455/853 2940/4460/858
f 3133/4189/835 2932/4450/848 2947/4461/873
f 2934/4448/847 3135/4434/832 2935/4462/879
f 2935/4462/879 3136/4435/831 2936/4456/854
f 3117/4244/697 3131/4191/642 3114/4198/650
s 0
f 3143/4463/16 3181/4464/16 3142/4465/16
f 3140/4466/16 3172/4467/16 3173/4468/16
f 3147/4469/609 3171/4470/609 3195/4471/609
f 3193/4472/158 3162/4473/158 3194/4474/158
f 3192/4475/158 3187/4476/158 3186/4477/158
f 3190/4478/158 3179/4479/158 3178/4480/158
f 3194/4481/612 3165/4482/612 3167/4483/612
f 3193/4484/158 3159/4485/158 3158/4486/158
f 3156/4487/612 3159/4488/612 3157/4489/612
f 3144/4490/607 3159/4488/607 3192/4491/607
f 3193/4492/614 3156/4487/614 3145/4493/614
f 3145/4494/16 3157/4495/16 3144/4496/16
f 3160/4497/609 3163/4498/609 3161/4499/609
f 3146/4500/613 3162/4501/613 3160/4497/613
f 3146/4502/16 3161/4503/16 3145/4504/16
f 3193/4492/608 3161/4499/608 3163/4498/608
f 3164/4505/614 3167/4483/614 3165/4482/614
f 3195/4471/611 3164/4505/611 3147/4469/611
f 3195/4506/158 3167/4507/158 3166/4508/158
f 3146/4509/16 3164/4510/16 3165/4511/16
f 3168/4512/613 3171/4470/613 3169/4513/613
f 3147/4514/16 3168/4515/16 3169/4516/16
f 3140/4517/610 3170/4518/610 3168/4512/610
f 3189/4519/158 3171/4520/158 3170/4521/158
f 3172/4522/611 3175/4523/611 3173/4524/611
f 3140/4525/614 3175/4523/614 3189/4526/614
f 3189/4527/158 3174/4528/158 3188/4529/158
f 3188/4530/607 3172/4522/607 3141/4531/607
f 3176/4532/610 3179/4533/610 3177/4534/610
f 3190/4535/608 3176/4532/608 3142/4536/608
f 3141/4537/16 3176/4538/16 3177/4539/16
f 3188/4530/613 3177/4534/613 3179/4533/613
f 3180/4540/607 3183/4541/607 3181/4542/607
f 3190/4543/611 3181/4542/611 3183/4541/611
f 3190/4544/158 3182/4545/158 3191/4546/158
f 3191/4547/612 3180/4540/612 3143/4548/612
f 3184/4549/608 3187/4550/608 3185/4551/608
f 3143/4552/16 3184/4553/16 3185/4554/16
f 3192/4555/609 3184/4549/609 3144/4556/609
f 3143/4548/610 3187/4550/610 3191/4547/610
f 3153/4557/611 3202/4558/611 3152/4559/611
f 3154/4560/607 3203/4561/607 3199/4562/607
f 3149/4563/609 3196/4564/609 3198/4565/609
f 3149/4566/158 3189/4567/158 3188/4568/158
f 3150/4569/158 3188/4570/158 3190/4571/158
f 3150/4572/158 3191/4573/158 3151/4574/158
f 3151/4575/158 3192/4576/158 3152/4577/158
f 3152/4578/158 3193/4579/158 3153/4580/158
f 3154/4581/158 3193/4582/158 3194/4583/158
f 3154/4584/158 3195/4585/158 3155/4586/158
f 3155/4587/158 3189/4588/158 3148/4589/158
f 3201/4590/158 3197/4591/158 3196/4592/158
f 3197/4593/158 3198/4594/158 3196/4595/158
f 3198/4596/158 3203/4597/158 3200/4598/158
f 3151/4599/614 3196/4600/614 3150/4601/614
f 3148/4602/612 3198/4603/612 3200/4604/612
f 3155/4605/608 3200/4606/608 3203/4607/608
f 3154/4608/610 3197/4609/610 3153/4610/610
f 3151/4611/613 3202/4612/613 3201/4613/613
f 3206/4614/16 3244/4615/16 3245/4616/16
f 3204/4617/16 3236/4618/16 3237/4619/16
f 3211/4620/860 3235/4621/860 3259/4622/860
f 3257/4623/158 3226/4624/158 3258/4625/158
f 3255/4626/158 3250/4627/158 3256/4628/158
f 3252/4629/158 3242/4630/158 3254/4631/158
f 3210/4632/861 3231/4633/861 3258/4634/861
f 3256/4628/158 3222/4635/158 3257/4623/158
f 3220/4636/861 3223/4637/861 3221/4638/861
f 3256/4639/862 3221/4638/862 3223/4637/862
f 3257/4640/863 3220/4636/863 3209/4641/863
f 3208/4642/16 3220/4636/16 3221/4638/16
f 3224/4643/860 3227/4644/860 3225/4645/860
f 3258/4634/864 3224/4643/864 3210/4632/864
f 3209/4641/16 3224/4643/16 3225/4645/16
f 3209/4641/865 3227/4644/865 3257/4640/865
f 3228/4646/863 3231/4633/863 3229/4647/863
f 3259/4622/866 3228/4646/866 3211/4620/866
f 3258/4625/158 3230/4648/158 3259/4649/158
f 3210/4632/16 3228/4646/16 3229/4647/16
f 3232/4650/864 3235/4621/864 3233/4651/864
f 3211/4620/16 3232/4650/16 3233/4651/16
f 3253/4652/867 3232/4650/867 3204/4617/867
f 3259/4649/158 3234/4653/158 3253/4654/158
f 3236/4618/866 3239/4655/866 3237/4619/866
f 3204/4617/863 3239/4655/863 3253/4652/863
f 3252/4629/158 3239/4656/158 3238/4657/158
f 3252/4658/862 3236/4618/862 3205/4659/862
f 3240/4660/867 3243/4661/867 3241/4662/867
f 3206/4614/865 3242/4663/865 3240/4660/865
f 3206/4614/16 3241/4662/16 3205/4659/16
f 3205/4659/864 3243/4661/864 3252/4658/864
f 3245/4616/862 3246/4664/862 3247/4665/862
f 3206/4614/866 3247/4665/866 3254/4666/866
f 3255/4626/158 3247/4667/158 3246/4668/158
f 3255/4669/861 3244/4615/861 3207/4670/861
f 3249/4671/865 3250/4672/865 3251/4673/865
f 3207/4670/16 3248/4674/16 3249/4671/16
f 3256/4639/860 3248/4674/860 3208/4642/860
f 3207/4670/870 3251/4673/870 3255/4669/870
f 3217/4675/866 3266/4676/866 3216/4677/866
f 3219/4678/862 3263/4679/862 3218/4680/862
f 3214/4681/860 3262/4682/860 3213/4683/860
f 3212/4684/158 3252/4629/158 3213/4683/158
f 3214/4681/158 3252/4629/158 3254/4631/158
f 3214/4681/158 3255/4626/158 3215/4685/158
f 3215/4685/158 3256/4628/158 3216/4677/158
f 3217/4675/158 3256/4628/158 3257/4623/158
f 3217/4675/158 3258/4625/158 3218/4680/158
f 3219/4678/158 3258/4625/158 3259/4649/158
f 3219/4678/158 3253/4654/158 3212/4684/158
f 3266/4676/158 3260/4686/158 3265/4687/158
f 3260/4686/158 3263/4679/158 3262/4682/158
f 3263/4679/158 3264/4688/158 3262/4682/158
f 3215/4685/863 3260/4686/863 3214/4681/863
f 3212/4684/872 3262/4682/872 3264/4688/872
f 3212/4684/865 3267/4689/865 3219/4678/865
f 3218/4680/867 3261/4690/867 3217/4675/867
f 3216/4677/864 3265/4687/864 3215/4685/864
f 3206/4614/16 3208/4642/16 3207/4670/16
f 3206/4614/16 3210/4632/16 3209/4641/16
f 3204/4617/16 3210/4632/16 3205/4659/16
s 1
f 3321/4691/636 3304/4692/637 3305/4693/638
f 3467/4694/639 3318/4695/640 3470/4696/641
f 3483/4697/642 3299/4698/643 3298/4699/644
f 3320/4700/645 3303/4701/646 3304/4692/637
f 3316/4702/647 3467/4694/639 3468/4703/648
f 3329/4704/649 3466/4705/650 3465/4706/651
f 3319/4707/652 3302/4708/653 3303/4701/646
f 3300/4709/654 3331/4710/655 3315/4711/656
f 3328/4712/657 3465/4706/651 3464/4713/658
f 3302/4708/653 3317/4714/659 3301/4715/660
f 3331/4710/655 3314/4716/661 3315/4711/656
f 3463/4717/662 3328/4712/657 3464/4713/658
f 3330/4718/663 3313/4719/664 3314/4716/661
f 3462/4720/665 3327/4721/666 3463/4717/662
f 3329/4704/649 3312/4722/667 3313/4719/664
f 3461/4723/668 3326/4724/669 3462/4720/665
f 3274/4725/670 3305/4693/638 3273/4726/671
f 3472/4727/875 3321/4691/636 3473/4728/673
f 3275/4729/675 3306/4730/699 3274/4725/670
f 3473/4728/673 3322/4731/676 3474/4732/677
f 3308/4733/701 3275/4729/675 3276/4734/678
f 3322/4731/676 3475/4735/679 3474/4732/677
f 3309/4736/680 3276/4734/678 3277/4737/681
f 3323/4738/682 3460/4739/882 3475/4735/679
f 3310/4740/702 3277/4737/681 3278/4741/684
f 3460/4739/882 3325/4742/685 3461/4723/668
f 3311/4743/686 3278/4741/684 3279/4744/687
f 3312/4722/667 3279/4744/687 3280/4745/688
f 3313/4719/664 3280/4745/688 3281/4746/689
f 3314/4716/661 3281/4746/689 3282/4747/690
f 3301/4715/660 3268/4748/691 3269/4749/692
f 3315/4711/656 3282/4747/690 3283/4750/693
f 3302/4708/653 3269/4749/692 3270/4751/694
f 3268/4748/691 3315/4711/656 3283/4750/693
f 3271/4752/695 3302/4708/653 3270/4751/694
f 3304/4692/637 3271/4752/695 3272/4753/696
f 3469/4754/697 3316/4702/647 3468/4703/648
f 3318/4695/640 3471/4755/698 3470/4696/641
f 3273/4726/671 3304/4692/637 3272/4753/696
f 3471/4755/698 3320/4700/645 3472/4727/875
f 3322/4731/676 3305/4693/638 3306/4730/699
f 3307/4756/674 3322/4731/676 3306/4730/699
f 3324/4757/700 3307/4756/674 3308/4733/701
f 3309/4736/680 3324/4757/700 3308/4733/701
f 3326/4724/669 3309/4736/680 3310/4740/702
f 3311/4743/686 3326/4724/669 3310/4740/702
f 3328/4712/657 3311/4743/686 3312/4722/667
f 3445/4758/703 3282/4759/690 3281/4760/689
f 3447/4761/704 3275/4762/675 3274/4763/670
f 3450/4764/708 3282/4759/690 3448/4765/705
f 3451/4766/706 3275/4762/675 3449/4767/707
f 3452/4768/798 3283/4769/693 3450/4764/708
f 3454/4770/709 3276/4771/678 3451/4766/706
f 3453/4772/711 3270/4773/694 3269/4774/692
f 3456/4775/712 3277/4776/681 3454/4770/709
f 3457/4777/713 3270/4773/694 3455/4778/710
f 3458/4779/714 3278/4780/684 3456/4775/712
f 3457/4777/713 3272/4781/696 3271/4782/695
f 3444/4783/715 3279/4784/687 3458/4779/714
f 3446/4785/716 3272/4781/696 3459/4786/717
f 3444/4787/715 3281/4760/689 3280/4788/688
f 3446/4785/716 3274/4763/670 3273/4789/671
f 3351/4790/718 3384/4791/719 3352/4792/720
f 3365/4793/721 3396/4794/722 3364/4795/723
f 3377/4796/724 3410/4797/725 3409/4798/726
f 3350/4799/735 3383/4800/728 3351/4790/718
f 3363/4801/729 3380/4802/730 3348/4803/731
f 3376/4804/732 3409/4798/726 3408/4805/733
f 3350/4799/735 3381/4806/740 3382/4807/727
f 3363/4801/729 3394/4808/742 3395/4809/737
f 3376/4804/732 3407/4810/738 3375/4811/739
f 3349/4812/734 3380/4802/730 3381/4806/740
f 3362/4813/736 3393/4814/746 3394/4808/742
f 3374/4815/743 3407/4810/738 3406/4816/744
f 3360/4817/745 3393/4814/746 3361/4818/741
f 3373/4819/748 3406/4816/744 3405/4820/747
f 3360/4817/745 3391/4821/788 3392/4822/750
f 3373/4819/748 3404/4823/752 3372/4824/751
f 3337/4825/753 3354/4826/754 3338/4827/755
f 3339/4828/757 3354/4826/754 3355/4829/756
f 3339/4828/757 3356/4830/759 3340/4831/758
f 3340/4831/758 3357/4832/760 3341/4833/761
f 3341/4833/761 3358/4834/762 3342/4835/763
f 3342/4835/763 3359/4836/749 3343/4837/764
f 3343/4837/764 3360/4817/745 3344/4838/765
f 3344/4838/765 3361/4818/741 3345/4839/766
f 3346/4840/767 3361/4818/741 3362/4813/736
f 3333/4841/768 3348/4803/731 3349/4812/734
f 3346/4840/767 3363/4801/729 3347/4842/769
f 3333/4841/768 3350/4799/735 3334/4843/770
f 3347/4842/769 3348/4803/731 3332/4844/771
f 3334/4843/770 3351/4790/718 3335/4845/772
f 3335/4845/772 3352/4792/720 3336/4846/773
f 3337/4825/753 3352/4792/720 3353/4847/774
f 3392/4822/750 3407/4810/738 3408/4805/733
f 3384/4791/719 3401/4848/775 3385/4849/776
f 3392/4822/750 3409/4798/726 3393/4814/746
f 3385/4849/776 3402/4850/778 3386/4851/777
f 3393/4814/746 3410/4797/725 3394/4808/742
f 3387/4852/780 3402/4850/778 3403/4853/779
f 3395/4809/737 3410/4797/725 3411/4854/781
f 3387/4852/780 3404/4823/752 3388/4855/782
f 3380/4802/730 3397/4856/783 3381/4806/740
f 3380/4802/730 3411/4854/781 3396/4794/722
f 3388/4855/782 3405/4820/747 3389/4857/784
f 3381/4806/740 3398/4858/785 3382/4807/727
f 3389/4857/784 3406/4816/744 3390/4859/786
f 3382/4807/727 3399/4860/787 3383/4800/728
f 3391/4821/788 3406/4816/744 3407/4810/738
f 3383/4800/728 3400/4861/789 3384/4791/719
f 3379/4862/790 3410/4797/725 3378/4863/791
f 3365/4793/721 3398/4858/785 3397/4856/783
f 3352/4792/720 3385/4849/776 3353/4847/774
f 3364/4795/723 3411/4854/781 3379/4862/790
f 3366/4864/792 3399/4860/787 3398/4858/785
f 3353/4847/774 3386/4851/777 3354/4826/754
f 3368/4865/794 3399/4860/787 3367/4866/793
f 3355/4829/756 3386/4851/777 3387/4852/780
f 3368/4865/794 3401/4848/775 3400/4861/789
f 3355/4829/756 3388/4855/782 3356/4830/759
f 3370/4867/796 3401/4848/775 3369/4868/795
f 3356/4830/759 3389/4857/784 3357/4832/760
f 3370/4867/796 3403/4853/779 3402/4850/778
f 3358/4834/762 3389/4857/784 3390/4859/786
f 3372/4824/751 3403/4853/779 3371/4869/797
f 3359/4836/749 3390/4859/786 3391/4821/788
f 3301/4715/660 3316/4702/647 3300/4709/654
f 3453/4772/711 3268/4870/691 3452/4768/798
f 3376/4871/800 3423/4872/799 3424/4873/800
f 3421/4874/802 3438/4875/801 3422/4876/801
f 3368/4877/804 3417/4878/803 3369/4879/803
f 3377/4880/805 3424/4881/800 3425/4882/805
f 3369/4879/803 3418/4883/806 3370/4884/806
f 3378/4885/807 3425/4882/805 3426/4886/807
f 3370/4884/806 3419/4887/808 3371/4888/808
f 3379/4889/809 3426/4886/807 3427/4890/809
f 3371/4888/808 3420/4891/810 3372/4892/810
f 3365/4893/812 3413/4894/811 3412/4895/812
f 3364/4896/811 3427/4890/809 3413/4894/811
f 3372/4892/810 3421/4874/813 3373/4897/813
f 3365/4893/812 3414/4898/814 3366/4899/814
f 3373/4897/813 3422/4876/815 3374/4900/815
f 3366/4899/814 3415/4901/816 3367/4902/816
f 3374/4900/815 3423/4872/799 3375/4903/799
f 3367/4902/816 3416/4904/804 3368/4877/804
f 3414/4898/817 3431/4905/818 3415/4901/818
f 3423/4872/819 3438/4875/801 3439/4906/819
f 3416/4904/820 3431/4905/818 3432/4907/820
f 3423/4872/819 3440/4908/821 3424/4873/821
f 3417/4878/822 3432/4907/820 3433/4909/822
f 3424/4881/821 3441/4910/823 3425/4882/823
f 3417/4878/822 3434/4911/824 3418/4883/824
f 3425/4882/823 3442/4912/825 3426/4886/825
f 3419/4887/826 3434/4911/824 3435/4913/826
f 3426/4886/825 3443/4914/827 3427/4890/827
f 3419/4887/826 3436/4915/828 3420/4891/828
f 3413/4894/829 3428/4916/830 3412/4895/830
f 3427/4890/827 3429/4917/829 3413/4894/829
f 3420/4891/828 3437/4918/802 3421/4874/802
f 3412/4895/830 3430/4919/817 3414/4898/817
f 3438/4920/16 3434/4921/16 3430/4922/16
f 3332/4923/771 3453/4772/711 3452/4768/798
f 3338/4924/755 3446/4785/716 3337/4925/753
f 3345/4926/766 3444/4787/715 3344/4927/765
f 3337/4925/753 3459/4786/717 3336/4928/773
f 3344/4929/765 3458/4779/714 3343/4930/764
f 3336/4928/773 3457/4777/713 3335/4931/772
f 3342/4932/763 3458/4779/714 3456/4775/712
f 3334/4933/770 3457/4777/713 3455/4778/710
f 3341/4934/761 3456/4775/712 3454/4770/709
f 3333/4935/768 3455/4778/710 3453/4772/711
f 3341/4934/761 3451/4766/706 3340/4936/758
f 3332/4923/771 3450/4764/708 3347/4937/769
f 3339/4938/757 3451/4766/706 3449/4767/707
f 3346/4939/767 3450/4764/708 3448/4765/705
f 3338/4924/755 3449/4767/707 3447/4761/704
f 3345/4926/766 3448/4765/705 3445/4758/703
f 3292/4940/158 3296/4941/158 3284/4942/158
f 3471/4755/698 3488/4943/831 3487/4944/832
f 3470/4696/641 3487/4944/832 3486/4945/833
f 3469/4754/697 3476/4946/834 3485/4947/835
f 3477/4948/837 3461/4723/668 3478/4949/836
f 3475/4735/679 3477/4948/837 3491/4950/838
f 3474/4732/677 3491/4950/838 3490/4951/839
f 3473/4728/673 3490/4951/839 3489/4952/840
f 3472/4727/875 3489/4952/840 3488/4943/831
f 3461/4723/668 3479/4953/841 3478/4949/836
f 3479/4953/841 3463/4717/662 3480/4954/842
f 3480/4954/842 3464/4713/658 3481/4955/843
f 3464/4713/658 3482/4956/844 3481/4955/843
f 3465/4706/651 3483/4697/642 3482/4956/844
f 3468/4703/648 3484/4957/845 3476/4946/834
f 3331/4710/655 3466/4705/650 3330/4718/663
f 3467/4694/639 3486/4945/833 3484/4957/845
f 3285/4958/846 3486/4945/833 3286/4959/847
f 3476/4946/834 3285/4958/846 3284/4960/848
f 3482/4956/844 3298/4699/644 3297/4961/877
f 3296/4962/850 3482/4956/844 3297/4961/877
f 3480/4954/842 3296/4962/850 3295/4963/851
f 3479/4953/841 3295/4963/851 3294/4964/852
f 3478/4949/836 3294/4964/852 3293/4965/853
f 3288/4966/854 3489/4952/840 3289/4967/855
f 3289/4967/855 3490/4951/839 3290/4968/856
f 3290/4968/856 3491/4950/838 3291/4969/878
f 3491/4950/838 3292/4970/858 3291/4969/878
f 3292/4970/858 3478/4949/836 3293/4965/853
f 3485/4947/835 3284/4960/848 3299/4698/643
f 3286/4959/847 3487/4944/832 3287/4971/859
f 3287/4971/859 3488/4943/831 3288/4966/854
f 3469/4754/697 3483/4697/642 3466/4705/650
s 0
f 3494/4972/16 3532/4973/16 3533/4974/16
f 3493/4975/16 3525/4976/16 3492/4977/16
f 3547/4978/609 3521/4979/609 3523/4980/609
f 3546/4981/158 3515/4982/158 3514/4983/158
f 3543/4984/158 3538/4985/158 3544/4986/158
f 3540/4987/158 3530/4988/158 3542/4989/158
f 3546/4990/612 3517/4991/612 3519/4992/612
f 3545/4993/158 3511/4994/158 3510/4995/158
f 3508/4996/612 3511/4997/612 3509/4998/612
f 3496/4999/607 3511/4997/607 3544/5000/607
f 3545/5001/614 3508/4996/614 3497/5002/614
f 3497/5003/16 3509/5004/16 3496/5005/16
f 3512/5006/609 3515/5007/609 3513/5008/609
f 3546/5009/613 3512/5006/613 3498/5010/613
f 3497/5011/16 3512/5012/16 3513/5013/16
f 3497/5002/608 3515/5007/608 3545/5001/608
f 3517/4991/614 3518/5014/614 3519/4992/614
f 3547/4978/611 3516/5015/611 3499/5016/611
f 3546/5017/158 3518/5018/158 3547/5019/158
f 3499/5020/16 3517/5021/16 3498/5022/16
f 3521/4979/613 3522/5023/613 3523/4980/613
f 3492/5024/16 3521/5025/16 3499/5026/16
f 3492/5027/610 3522/5023/610 3520/5028/610
f 3547/5029/158 3522/5030/158 3541/5031/158
f 3525/5032/611 3526/5033/611 3527/5034/611
f 3492/5035/614 3527/5034/614 3541/5036/614
f 3541/5037/158 3526/5038/158 3540/5039/158
f 3493/5040/607 3526/5033/607 3524/5041/607
f 3529/5042/610 3530/5043/610 3531/5044/610
f 3494/5045/608 3530/5043/608 3528/5046/608
f 3494/5047/16 3529/5048/16 3493/5049/16
f 3540/5050/613 3529/5042/613 3531/5044/613
f 3532/5051/607 3535/5052/607 3533/5053/607
f 3494/5054/611 3535/5052/611 3542/5055/611
f 3543/5056/158 3535/5057/158 3534/5058/158
f 3543/5059/612 3532/5051/612 3495/5060/612
f 3536/5061/608 3539/5062/608 3537/5063/608
f 3495/5064/16 3536/5065/16 3537/5066/16
f 3544/5067/609 3536/5061/609 3496/5068/609
f 3495/5060/610 3539/5062/610 3543/5059/610
f 3505/5069/611 3554/5070/611 3504/5071/611
f 3506/5072/607 3555/5073/607 3551/5074/607
f 3501/5075/609 3548/5076/609 3550/5077/609
f 3501/5078/158 3541/5079/158 3540/5080/158
f 3502/5081/158 3540/5082/158 3542/5083/158
f 3502/5084/158 3543/5085/158 3503/5086/158
f 3504/5087/158 3543/5088/158 3544/5089/158
f 3504/5090/158 3545/5091/158 3505/5092/158
f 3505/5093/158 3546/5094/158 3506/5095/158
f 3507/5096/158 3546/5097/158 3547/5098/158
f 3500/5099/158 3547/5100/158 3541/5101/158
f 3554/5102/158 3548/5103/158 3553/5104/158
f 3549/5105/158 3550/5106/158 3548/5107/158
f 3551/5108/158 3552/5109/158 3550/5110/158
f 3503/5111/614 3548/5112/614 3502/5113/614
f 3501/5114/612 3552/5115/612 3500/5116/612
f 3500/5117/608 3555/5118/608 3507/5119/608
f 3506/5120/610 3549/5121/610 3505/5122/610
f 3503/5123/613 3554/5124/613 3553/5125/613
f 3558/5126/16 3596/5127/16 3597/5128/16
f 3556/5129/16 3588/5130/16 3589/5131/16
f 3563/5132/860 3587/5133/860 3611/5134/860
f 3609/5135/158 3578/5136/158 3610/5137/158
f 3607/5138/158 3602/5139/158 3608/5140/158
f 3606/5141/158 3595/5142/158 3594/5143/158
f 3562/5144/861 3583/5145/861 3610/5146/861
f 3608/5140/158 3574/5147/158 3609/5135/158
f 3572/5148/861 3575/5149/861 3573/5150/861
f 3560/5151/862 3575/5149/862 3608/5152/862
f 3609/5153/863 3572/5148/863 3561/5154/863
f 3560/5151/16 3572/5148/16 3573/5150/16
f 3576/5155/883 3579/5156/883 3577/5157/883
f 3610/5146/864 3576/5155/864 3562/5144/864
f 3561/5154/16 3576/5155/16 3577/5157/16
f 3561/5154/865 3579/5156/865 3609/5153/865
f 3580/5158/863 3583/5145/863 3581/5159/863
f 3611/5134/866 3580/5158/866 3563/5132/866
f 3611/5160/158 3583/5161/158 3582/5162/158
f 3563/5132/16 3581/5159/16 3562/5144/16
f 3584/5163/864 3587/5133/864 3585/5164/864
f 3556/5129/16 3585/5164/16 3563/5132/16
f 3605/5165/870 3584/5163/870 3556/5129/870
f 3605/5166/158 3587/5167/158 3586/5168/158
f 3588/5130/866 3591/5169/866 3589/5131/866
f 3605/5165/863 3589/5131/863 3591/5169/863
f 3605/5166/158 3590/5170/158 3604/5171/158
f 3604/5172/862 3588/5130/862 3557/5173/862
f 3592/5174/867 3595/5175/867 3593/5176/867
f 3606/5177/865 3592/5174/865 3558/5126/865
f 3558/5126/16 3593/5176/16 3557/5173/16
f 3557/5173/864 3595/5175/864 3604/5172/864
f 3596/5127/871 3599/5178/871 3597/5128/871
f 3558/5126/866 3599/5178/866 3606/5177/866
f 3606/5141/158 3598/5179/158 3607/5138/158
f 3607/5180/861 3596/5127/861 3559/5181/861
f 3601/5182/865 3602/5183/865 3603/5184/865
f 3560/5151/16 3601/5182/16 3559/5181/16
f 3608/5152/860 3600/5185/860 3560/5151/860
f 3559/5181/867 3603/5184/867 3607/5180/867
f 3568/5186/868 3613/5187/868 3618/5188/868
f 3571/5189/862 3615/5190/862 3570/5191/862
f 3566/5192/860 3614/5193/860 3565/5194/860
f 3564/5195/158 3604/5171/158 3565/5194/158
f 3566/5192/158 3604/5171/158 3606/5141/158
f 3567/5196/158 3606/5141/158 3607/5138/158
f 3568/5186/158 3607/5138/158 3608/5140/158
f 3568/5186/158 3609/5135/158 3569/5197/158
f 3570/5191/158 3609/5135/158 3610/5137/158
f 3570/5191/158 3611/5160/158 3571/5189/158
f 3571/5189/158 3605/5166/158 3564/5195/158
f 3618/5188/158 3612/5198/158 3617/5199/158
f 3613/5187/158 3614/5193/158 3612/5198/158
f 3615/5190/158 3616/5200/158 3614/5193/158
f 3567/5196/863 3612/5198/863 3566/5192/863
f 3564/5195/872 3614/5193/872 3616/5200/872
f 3564/5195/865 3619/5201/865 3571/5189/865
f 3570/5191/870 3613/5187/870 3569/5197/870
f 3568/5186/864 3617/5199/864 3567/5196/864
f 3559/5181/16 3561/5154/16 3560/5151/16
f 3557/5173/16 3561/5154/16 3558/5126/16
f 3556/5129/16 3562/5144/16 3557/5173/16
s 1
f 3629/5202/884 3621/5203/885 3623/5204/885
f 3628/5205/886 3620/5206/887 3626/5207/888
f 3631/5208/889 3623/5209/890 3625/5210/891
f 3625/5211/1 3620/5206/887 3622/5212/887
f 3621/5203/885 3625/5211/1 3623/5204/885
f 3631/5208/889 3622/5213/892 3628/5214/886
f 3630/5215/893 3621/5216/894 3627/5217/895
f 3629/5218/884 3630/5215/893 3627/5217/895
f 3630/5215/893 3628/5214/886 3626/5219/888
f 3641/5220/884 3633/5221/885 3635/5222/885
f 3630/5215/893 3620/5223/896 3624/5224/897
f 3640/5225/886 3632/5226/887 3638/5227/888
f 3643/5228/889 3635/5229/890 3637/5230/891
f 3637/5231/1 3632/5226/887 3634/5232/887
f 3633/5221/885 3637/5231/1 3635/5222/885
f 3643/5228/889 3634/5233/892 3640/5234/886
f 3642/5235/893 3633/5236/894 3639/5237/895
f 3641/5238/884 3642/5235/893 3639/5239/895
f 3642/5235/893 3640/5234/886 3638/5240/888
f 3760/5241/265 3647/5242/898 3646/5243/899
f 3754/5244/275 3646/5243/899 3644/5245/900
f 3651/5246/901 3772/5247/334 3769/5248/332
f 3654/5249/902 3778/5250/345 3781/5251/336
f 3763/5252/342 3644/5245/900 3649/5253/903
f 3649/5253/903 3769/5248/332 3763/5252/342
f 3751/5254/269 3652/5255/904 3645/5256/905
f 3650/5257/906 3766/5258/337 3772/5247/334
f 3653/5259/907 3781/5251/336 3775/5260/335
f 3784/5261/277 3648/5262/908 3656/5263/909
f 3775/5260/335 3655/5264/910 3653/5259/907
f 3656/5263/909 3790/5265/268 3784/5261/277
f 3657/5266/911 3787/5267/267 3790/5265/268
f 3774/5268/374 3756/5269/287 3768/5270/366
f 3834/5271/912 3703/5272/913 3832/5273/914
f 3850/5274/915 3733/5275/916 3736/5276/917
f 3852/5277/918 3729/5278/919 3849/5279/920
f 3859/5280/921 3677/5281/922 3854/5282/923
f 3836/5283/924 3696/5284/925 3831/5285/926
f 3836/5283/924 3708/5286/927 3712/5287/928
f 3659/5288/929 3854/5282/923 3677/5281/922
f 3839/5289/930 3714/5290/931 3843/5291/932
f 3841/5292/933 3714/5290/931 3708/5286/927
f 3666/5293/934 3851/5294/935 3838/5295/936
f 3858/5296/937 3723/5297/938 3857/5298/939
f 3828/5299/940 3741/5300/941 3855/5301/942
f 3844/5302/943 3733/5275/916 3846/5303/944
f 3685/5304/945 3845/5305/946 3683/5306/947
f 3855/5301/942 3739/5307/948 3858/5296/937
f 3850/5274/915 3717/5308/949 3839/5289/930
f 3840/5309/950 3668/5310/951 3842/5311/952
f 3831/5285/926 3700/5312/953 3834/5271/912
f 3676/5313/954 3856/5314/955 3853/5315/956
f 3849/5279/920 3727/5316/957 3844/5302/943
f 3852/5277/918 3723/5297/938 3721/5317/958
f 3856/5314/955 3675/5318/959 3859/5280/921
f 3833/5319/960 3659/5288/929 3661/5320/961
f 3851/5294/935 3678/5321/962 3838/5295/936
f 3835/5322/963 3661/5320/961 3660/5323/964
f 3745/5324/965 3693/5325/966 3747/5326/967
f 3842/5311/952 3666/5293/934 3838/5295/936
f 3847/5327/968 3684/5328/969 3682/5329/970
f 3667/5330/971 3840/5309/950 3837/5331/972
f 3658/5332/973 3835/5322/963 3660/5323/964
f 3845/5305/946 3682/5329/970 3683/5306/947
f 3853/5315/956 3685/5304/945 3676/5313/954
f 3732/5333/974 3724/5334/975 3702/5335/976
f 3746/5336/977 3690/5337/978 3744/5338/979
f 3749/5339/169 3693/5340/158 3695/5341/158
f 3695/5342/11 3690/5337/978 3692/5343/978
f 3693/5325/966 3694/5344/11 3695/5342/11
f 3749/5339/169 3692/5345/158 3746/5346/977
f 3748/5347/30 3691/5348/16 3745/5349/965
f 3699/5350/980 3698/5351/981 3697/5352/982
f 3701/5353/983 3696/5284/925 3698/5351/981
f 3702/5335/976 3701/5353/983 3699/5350/980
f 3701/5353/983 3703/5272/913 3700/5312/953
f 3702/5335/976 3707/5354/984 3704/5355/985
f 3704/5355/985 3706/5356/986 3703/5272/913
f 3709/5357/987 3713/5358/988 3710/5359/989
f 3710/5359/989 3712/5287/928 3708/5286/927
f 3709/5357/987 3716/5360/990 3715/5361/991
f 3710/5359/989 3714/5290/931 3716/5360/990
f 3715/5361/991 3719/5362/992 3718/5363/993
f 3716/5360/990 3717/5308/949 3719/5362/992
f 3697/5352/982 3713/5358/988 3711/5364/994
f 3713/5358/988 3696/5284/925 3712/5287/928
f 3721/5317/958 3725/5365/995 3722/5366/996
f 3722/5366/996 3724/5334/975 3720/5367/997
f 3729/5278/919 3728/5368/998 3727/5316/957
f 3731/5369/999 3726/5370/1000 3728/5368/998
f 3727/5316/957 3734/5371/1001 3733/5275/916
f 3734/5371/1001 3726/5370/1000 3732/5333/974
f 3736/5276/917 3734/5371/1001 3737/5372/1002
f 3737/5372/1002 3732/5333/974 3735/5373/1003
f 3741/5300/941 3740/5374/1004 3739/5307/948
f 3743/5375/1005 3738/5376/1006 3740/5374/1004
f 3739/5307/948 3725/5365/995 3723/5297/938
f 3740/5374/1004 3724/5334/975 3725/5365/995
f 3721/5317/958 3731/5369/999 3729/5278/919
f 3722/5366/996 3730/5377/1007 3731/5369/999
f 3742/5378/1008 3707/5354/984 3705/5379/1009
f 3707/5354/984 3741/5300/941 3706/5356/986
f 3736/5276/917 3719/5362/992 3717/5308/949
f 3719/5362/992 3735/5373/1003 3718/5363/993
f 3747/5380/967 3748/5347/30 3745/5349/965
f 3744/5381/979 3749/5339/169 3746/5346/977
f 3748/5347/30 3690/5382/16 3694/5383/16
f 3837/5331/972 3658/5332/973 3667/5330/971
f 3759/5384/297 3755/5385/299 3753/5386/300
f 3761/5387/298 3754/5244/275 3755/5385/299
f 3756/5269/287 3761/5387/298 3759/5384/297
f 3758/5388/296 3760/5241/265 3761/5387/298
f 3756/5269/287 3752/5389/295 3758/5388/296
f 3758/5388/296 3751/5254/269 3757/5390/266
f 3768/5270/366 3764/5391/368 3770/5392/367
f 3770/5392/367 3763/5252/342 3769/5248/332
f 3768/5270/366 3773/5393/365 3771/5394/353
f 3773/5393/365 3769/5248/332 3772/5247/334
f 3771/5394/353 3767/5395/363 3765/5396/364
f 3773/5393/365 3766/5258/337 3767/5395/363
f 3753/5386/300 3764/5391/368 3762/5397/369
f 3755/5385/299 3763/5252/342 3764/5391/368
f 3780/5398/370 3776/5399/373 3782/5400/372
f 3782/5400/372 3775/5260/335 3781/5251/336
f 3780/5398/370 3779/5401/371 3777/5402/355
f 3782/5400/372 3778/5250/345 3779/5401/371
f 3789/5403/302 3785/5404/303 3791/5405/304
f 3791/5405/304 3784/5261/277 3790/5265/268
f 3789/5403/302 3788/5406/1010 3786/5407/306
f 3791/5405/304 3787/5267/267 3788/5406/1010
f 3777/5402/355 3752/5389/295 3750/5408/301
f 3779/5401/371 3751/5254/269 3752/5389/295
f 3786/5407/306 3776/5399/373 3774/5268/374
f 3788/5406/1010 3775/5260/335 3776/5399/373
f 3766/5258/337 3785/5404/303 3767/5395/363
f 3767/5395/363 3783/5409/285 3765/5396/364
f 3757/5390/266 3645/5256/905 3647/5242/898
f 3792/5410/16 3806/5411/16 3799/5412/16
f 3808/5413/158 3794/5414/158 3803/5415/158
f 3800/5416/18 3809/5417/18 3807/5418/18
f 3795/5419/158 3808/5413/158 3805/5420/158
f 3809/5417/18 3798/5421/18 3807/5418/18
f 3793/5422/1011 3805/5423/14 3801/5424/14
f 3797/5425/11 3792/5426/1012 3794/5427/1012
f 3793/5422/1011 3797/5425/11 3795/5428/1011
f 3806/5411/16 3793/5429/16 3801/5430/16
f 3794/5427/1012 3799/5431/1 3803/5432/1
f 3801/5424/1013 3804/5433/1014 3800/5434/1015
f 3804/5435/1014 3808/5413/1016 3809/5417/1016
f 3802/5436/1017 3799/5431/1018 3798/5437/1019
f 3806/5411/1020 3800/5416/1015 3807/5418/1020
f 3808/5413/1016 3802/5438/1017 3809/5417/1016
f 3816/5439/1019 3824/5440/1020 3825/5441/1020
f 3810/5442/16 3824/5440/16 3817/5443/16
f 3826/5444/158 3812/5445/158 3821/5446/158
f 3822/5447/18 3825/5448/18 3818/5449/18
f 3813/5450/158 3826/5444/158 3823/5451/158
f 3827/5452/18 3816/5453/18 3825/5448/18
f 3811/5454/1011 3823/5455/14 3819/5456/14
f 3815/5457/11 3810/5458/1012 3812/5459/1012
f 3811/5454/1011 3815/5457/11 3813/5460/1011
f 3824/5440/16 3811/5461/16 3819/5462/16
f 3812/5459/1012 3817/5463/1 3821/5464/1
f 3818/5465/1015 3823/5455/1021 3822/5466/1014
f 3822/5447/1014 3826/5444/1016 3827/5452/1016
f 3820/5467/1017 3817/5463/1018 3816/5468/1019
f 3824/5440/1020 3818/5469/1015 3825/5441/1020
f 3826/5444/1016 3820/5470/1017 3827/5452/1016
f 3688/5471/1022 3830/5472/1023 3689/5473/1024
f 3688/5471/1022 3833/5319/960 3835/5322/963
f 3687/5474/1025 3829/5475/1026 3833/5319/960
f 3681/5476/1027 3837/5331/972 3840/5309/950
f 3681/5476/1027 3842/5311/952 3679/5477/1028
f 3679/5477/1028 3838/5295/936 3678/5321/962
f 3689/5473/1024 3837/5331/972 3680/5478/1029
f 3672/5479/1030 3852/5277/918 3673/5480/1031
f 3671/5481/1032 3849/5279/920 3844/5302/943
f 3671/5481/1032 3846/5303/944 3665/5482/1033
f 3665/5482/1033 3850/5274/915 3664/5483/1034
f 3663/5484/1035 3855/5301/942 3858/5296/937
f 3672/5479/1030 3858/5296/937 3857/5298/939
f 3673/5480/1031 3849/5279/920 3670/5485/1036
f 3686/5486/1037 3854/5282/923 3829/5475/1026
f 3678/5487/962 3850/5274/915 3839/5289/930
f 3828/5299/940 3703/5272/913 3706/5356/986
f 3855/5301/942 3686/5488/1037 3828/5299/940
f 3848/5489/1038 3673/5490/1031 3670/5491/1036
f 3859/5280/921 3672/5492/1030 3856/5314/955
f 3854/5282/923 3663/5493/1035 3859/5280/921
f 3851/5294/935 3665/5494/1033 3664/5495/1034
f 3847/5327/968 3671/5496/1032 3665/5494/1033
f 3848/5489/1038 3671/5496/1032 3845/5305/946
f 3853/5315/956 3672/5492/1030 3673/5490/1031
f 3831/5285/926 3680/5497/1029 3836/5283/924
f 3839/5289/930 3679/5498/1028 3678/5487/962
f 3843/5291/932 3681/5499/1027 3679/5498/1028
f 3836/5283/924 3681/5499/1027 3841/5292/933
f 3828/5299/940 3687/5500/1025 3832/5273/914
f 3832/5273/914 3688/5501/1022 3834/5271/912
f 3831/5285/926 3688/5501/1022 3689/5502/1024
f 3887/5503/158 3862/5504/158 3876/5505/158
f 3881/5506/1 3866/5507/1 3862/5508/1
f 3878/5509/16 3885/5510/16 3864/5511/16
f 3885/5510/14 3860/5512/14 3864/5511/14
f 3878/5513/18 3860/5514/18 3876/5515/18
f 3880/5516/14 3892/5517/14 3883/5518/14
f 3869/5519/158 3870/5520/158 3868/5521/158
f 3871/5522/1 3874/5523/1 3870/5524/1
f 3875/5525/16 3872/5526/16 3874/5527/16
f 3873/5528/14 3868/5529/14 3872/5530/14
f 3874/5527/18 3868/5521/18 3870/5520/18
f 3871/5522/11 3873/5528/11 3875/5531/11
f 3867/5532/158 3891/5533/158 3879/5534/158
f 3866/5535/18 3876/5515/18 3862/5536/18
f 3866/5537/16 3884/5538/16 3878/5509/16
f 3860/5512/158 3887/5503/158 3876/5505/158
f 3877/5539/11 3881/5540/11 3887/5541/11
f 3867/5542/11 3881/5540/11 3863/5543/11
f 3867/5542/11 3884/5544/11 3882/5545/11
f 3879/5546/11 3887/5541/11 3884/5544/11
f 3865/5547/11 3884/5544/11 3883/5548/11
f 3865/5547/11 3886/5549/11 3885/5550/11
f 3861/5551/11 3887/5541/11 3886/5549/11
f 3883/5548/11 3887/5541/11 3880/5552/11
f 3895/5553/11 3893/5554/11 3892/5517/11
f 3889/5555/11 3891/5533/11 3890/5556/11
f 3877/5557/16 3889/5555/16 3863/5558/16
f 3865/5559/1 3894/5560/1 3861/5561/1
f 3879/5534/1 3888/5562/1 3877/5557/1
f 3863/5558/14 3890/5556/14 3867/5532/14
f 3861/5561/16 3895/5553/16 3880/5516/16
f 3883/5518/158 3893/5554/158 3865/5559/158
f 3897/5563/158 3898/5564/158 3896/5565/158
f 3914/5566/1039 3909/5567/1039 3899/5568/1039
f 3915/5569/16 3900/5570/16 3919/5571/16
f 3904/5572/1040 3896/5565/1040 3905/5573/1040
f 3919/5574/1041 3905/5575/1041 3916/5576/1041
f 3899/5568/1039 3904/5572/1039 3914/5566/1039
f 3909/5567/1042 3917/5577/1042 3910/5578/1042
f 3914/5566/1039 3901/5579/1039 3915/5569/1039
f 3918/5580/1042 3921/5581/1042 3917/5577/1042
f 3911/5582/1040 3913/5583/1040 3912/5584/1040
f 3898/5585/1041 3917/5586/1041 3916/5576/1041
f 3915/5569/16 3921/5581/16 3920/5587/16
f 3898/5564/158 3909/5567/158 3910/5578/158
f 3912/5584/16 3906/5588/16 3907/5589/16
f 3916/5576/1041 3896/5590/1041 3898/5585/1041
f 3901/5579/1040 3905/5573/1040 3900/5570/1040
f 3903/5591/1039 3914/5566/1039 3915/5569/1039
f 3907/5592/1041 3917/5586/1041 3912/5593/1041
f 3913/5583/1039 3914/5566/1039 3906/5588/1039
f 3902/5594/1041 3916/5576/1041 3907/5592/1041
f 3903/5591/1039 3920/5587/1039 3908/5595/1039
f 3908/5595/1039 3918/5580/1039 3913/5583/1039
f 3902/5594/1041 3921/5596/1041 3919/5574/1041
f 3911/5597/1041 3917/5586/1041 3921/5596/1041
f 3902/5598/158 3908/5595/158 3911/5582/158
f 3907/5589/1042 3903/5591/1042 3902/5598/1042
f 3652/5599/904 3657/5600/911 3651/5601/901
f 3676/5602/954 3684/5603/969 3667/5604/971
f 3642/5235/893 3632/5605/896 3636/5606/897
f 3798/5421/1019 3806/5411/1020 3807/5418/1020
f 3940/5607/1043 3923/5608/1044 3939/5609/1044
f 3940/5607/1043 3925/5610/1045 3924/5611/1043
f 3977/5612/1046 3992/5613/1047 3976/5614/1047
f 3970/5615/14 3962/5616/14 3960/5617/14
f 3977/5612/1046 3994/5618/1048 3993/5619/1046
f 3971/5620/1049 3965/5621/1049 3962/5622/1049
f 3978/5623/1048 3995/5624/1050 3994/5618/1048
f 3971/5620/1051 3988/5625/1052 3987/5626/1051
f 3979/5627/1050 3996/5628/1053 3995/5624/1050
f 3973/5629/1054 3988/5625/1052 3972/5630/1052
f 3981/5631/1055 3996/5628/1053 3980/5632/1053
f 3990/5633/1 3959/5634/1 3991/5635/1
f 3966/5636/1056 3983/5637/1057 3967/5638/1057
f 3967/5638/1057 3997/5639/1055 3981/5631/1055
f 3975/5640/1058 3959/5641/1058 3956/5642/1058
f 3968/5643/1059 3982/5644/1056 3966/5636/1056
f 3976/5614/1047 3991/5645/1060 3975/5646/1060
f 3969/5647/1061 3984/5648/1059 3968/5643/1059
f 3954/5649/11 3958/5650/11 3955/5651/11
f 3954/5649/11 3959/5652/11 3957/5653/11
f 3974/5654/14 3955/5655/14 3973/5656/14
f 3990/5633/1 3958/5657/1 3957/5658/1
f 3973/5629/1062 3958/5650/1062 3989/5659/1062
f 3974/5654/14 3956/5660/14 3954/5661/14
f 3960/5662/158 3964/5663/158 3961/5664/158
f 3960/5662/158 3965/5621/158 3963/5665/158
f 3969/5647/1063 3964/5663/1063 3985/5666/1063
f 3986/5667/1 3965/5668/1 3987/5669/1
f 3970/5615/14 3961/5670/14 3969/5671/14
f 3986/5667/1 3964/5672/1 3963/5673/1
f 3923/5674/14 3967/5675/14 3922/5676/14
f 3924/5677/14 3966/5678/14 3923/5674/14
f 3925/5679/14 3968/5680/14 3924/5677/14
f 3926/5681/14 3969/5671/14 3925/5679/14
f 3926/5681/14 3971/5682/14 3970/5615/14
f 3928/5683/14 3971/5682/14 3927/5684/14
f 3928/5683/14 3973/5656/14 3972/5685/14
f 3930/5686/14 3973/5656/14 3929/5687/14
f 3931/5688/14 3974/5654/14 3930/5686/14
f 3931/5688/14 3976/5689/14 3975/5690/14
f 3932/5691/14 3977/5692/14 3976/5689/14
f 3934/5693/14 3977/5692/14 3933/5694/14
f 3935/5695/14 3978/5696/14 3934/5693/14
f 3935/5695/14 3980/5697/14 3979/5698/14
f 3936/5699/14 3981/5700/14 3980/5697/14
f 3937/5701/14 3967/5675/14 3981/5700/14
f 3939/5702/1 3983/5703/1 3982/5704/1
f 3939/5702/1 3984/5705/1 3940/5706/1
f 3941/5707/1 3984/5705/1 3985/5708/1
f 3941/5707/1 3986/5667/1 3942/5709/1
f 3943/5710/1 3986/5667/1 3987/5669/1
f 3943/5710/1 3988/5711/1 3944/5712/1
f 3945/5713/1 3988/5711/1 3989/5714/1
f 3945/5713/1 3990/5633/1 3946/5715/1
f 3947/5716/1 3990/5633/1 3991/5635/1
f 3947/5716/1 3992/5717/1 3948/5718/1
f 3949/5719/1 3992/5717/1 3993/5720/1
f 3949/5719/1 3994/5721/1 3950/5722/1
f 3951/5723/1 3994/5721/1 3995/5724/1
f 3952/5725/1 3995/5724/1 3996/5726/1
f 3953/5727/1 3996/5726/1 3997/5728/1
f 3953/5727/1 3983/5703/1 3938/5729/1
f 3941/5730/1045 3926/5731/1064 3925/5610/1045
f 3942/5732/1064 3927/5733/1065 3926/5731/1064
f 3944/5734/1066 3927/5733/1065 3943/5735/1065
f 3944/5734/1066 3929/5736/1067 3928/5737/1066
f 3946/5738/1068 3929/5736/1067 3945/5739/1067
f 3947/5740/1069 3930/5741/1068 3946/5738/1068
f 3947/5740/1069 3932/5742/1070 3931/5743/1069
f 3949/5744/1071 3932/5742/1070 3948/5745/1070
f 3950/5746/1072 3933/5747/1071 3949/5744/1071
f 3951/5748/1073 3934/5749/1072 3950/5746/1072
f 3952/5750/1074 3935/5751/1073 3951/5748/1073
f 3953/5752/1075 3936/5753/1074 3952/5750/1074
f 3953/5752/1075 3922/5754/257 3937/5755/1075
f 3939/5609/1044 3922/5754/257 3938/5756/257
f 4012/5757/1076 4029/5758/1077 4013/5759/1077
f 4005/5760/1078 4022/5761/1079 4006/5762/1079
f 3998/5763/1080 4015/5764/1081 3999/5765/1081
f 4013/5759/1077 4014/5766/1080 3998/5763/1080
f 4006/5762/1079 4023/5767/1082 4007/5768/1082
f 3999/5765/1081 4016/5769/1083 4000/5770/1083
f 4007/5768/1082 4024/5771/1084 4008/5772/1084
f 4000/5770/1083 4017/5773/1085 4001/5774/1085
f 4008/5772/1084 4025/5775/1086 4009/5776/1086
f 4001/5774/1085 4018/5777/1087 4002/5778/1087
f 4009/5776/1086 4026/5779/1088 4010/5780/1088
f 4002/5778/1087 4019/5781/1089 4003/5782/1089
f 4010/5780/1088 4027/5783/1090 4011/5784/1090
f 4003/5782/1089 4020/5785/1091 4004/5786/1091
f 4011/5784/1090 4028/5787/1076 4012/5757/1076
f 4004/5786/1091 4021/5788/1078 4005/5760/1078
f 4028/5787/1092 4043/5789/1093 4044/5790/1094
f 4006/5791/14 4010/5792/14 3998/5793/14
f 4042/5794/1095 4057/5795/1096 4058/5796/1097
f 4021/5788/1098 4036/5797/1099 4037/5798/1100
f 4029/5758/1101 4044/5790/1094 4045/5799/1102
f 4021/5788/1098 4038/5800/1103 4022/5761/1104
f 4015/5764/1105 4030/5801/1106 4031/5802/1107
f 4014/5766/1108 4045/5799/1102 4030/5801/1106
f 4023/5767/1109 4038/5800/1103 4039/5803/1110
f 4015/5764/1105 4032/5804/1111 4016/5769/1112
f 4023/5767/1109 4040/5805/1113 4024/5771/1114
f 4017/5773/1115 4032/5804/1111 4033/5806/1116
f 4024/5771/1114 4041/5807/1117 4025/5775/1118
f 4018/5777/1119 4033/5806/1116 4034/5808/1120
f 4025/5775/1118 4042/5794/1095 4026/5779/1121
f 4018/5777/1119 4035/5809/1122 4019/5781/1123
f 4027/5783/1124 4042/5794/1095 4043/5789/1093
f 4020/5785/1125 4035/5809/1122 4036/5797/1099
f 4048/5810/1126 4063/5811/1127 4064/5812/1128
f 4034/5808/1120 4051/5813/1129 4035/5809/1122
f 4043/5789/1093 4058/5796/1097 4059/5814/1130
f 4035/5809/1122 4052/5815/1131 4036/5797/1099
f 4043/5789/1093 4060/5816/1132 4044/5790/1094
f 4036/5797/1099 4053/5817/1133 4037/5798/1100
f 4045/5799/1102 4060/5816/1132 4061/5818/1134
f 4037/5798/1100 4054/5819/1135 4038/5800/1103
f 4031/5802/1107 4046/5820/1136 4047/5821/1137
f 4030/5801/1106 4061/5818/1134 4046/5820/1136
f 4038/5800/1103 4055/5822/1138 4039/5803/1110
f 4031/5802/1107 4048/5810/1126 4032/5804/1111
f 4040/5805/1113 4055/5822/1138 4056/5823/1139
f 4033/5806/1116 4048/5810/1126 4049/5824/1140
f 4041/5807/1117 4056/5823/1139 4057/5795/1096
f 4033/5806/1116 4050/5825/1141 4034/5808/1120
f 4072/5826/1142 4068/5827/1143 4064/5812/1128
f 4055/5822/1138 4072/5826/1142 4056/5823/1139
f 4048/5810/1126 4065/5828/1144 4049/5824/1140
f 4056/5823/1139 4073/5829/1145 4057/5795/1096
f 4050/5825/1141 4065/5828/1144 4066/5830/1146
f 4058/5796/1097 4073/5829/1145 4074/5831/1147
f 4050/5825/1141 4067/5832/1148 4051/5813/1129
f 4059/5814/1130 4074/5831/1147 4075/5833/1149
f 4051/5813/1129 4068/5827/1143 4052/5815/1131
f 4060/5816/1132 4075/5833/1149 4076/5834/1150
f 4053/5817/1133 4068/5827/1143 4069/5835/1151
f 4060/5816/1132 4077/5836/1152 4061/5818/1134
f 4053/5817/1133 4070/5837/1153 4054/5819/1135
f 4047/5821/1137 4062/5838/1154 4063/5811/1127
f 4046/5820/1136 4077/5836/1152 4062/5838/1154
f 4054/5819/1135 4071/5839/1155 4055/5822/1138
f 4181/5840/1156 4152/5841/1157 4089/5842/1158
f 4090/5843/1159 4246/5844/1160 4181/5840/1156
f 4246/5844/1160 4079/5845/1161 4151/5846/1162
f 4246/5844/1160 4081/5847/1163 4152/5841/1157
f 4276/5848/1164 4150/5849/1165 4288/5850/1166
f 4288/5850/1166 4080/5851/1167 4278/5852/1168
f 4156/5853/1169 4283/5854/1170 4289/5855/1171
f 4152/5841/1157 4279/5856/1172 4289/5857/1171
f 4277/5858/1173 4162/5859/1174 4290/5860/1175
f 4290/5860/1175 4090/5843/1159 4287/5861/1176
f 4291/5862/1177 4079/5845/1161 4277/5858/1173
f 4291/5863/1177 4085/5864/1178 4279/5865/1172
f 4156/5853/1169 4177/5866/1179 4097/5867/1180
f 4085/5864/1178 4247/5868/1181 4156/5853/1169
f 4247/5868/1181 4083/5869/1182 4170/5870/1183
f 4177/5866/1179 4170/5870/1183 4098/5871/1184
f 4084/5872/1185 4248/5873/1186 4154/5874/1187
f 4166/5875/1188 4174/5876/1189 4248/5873/1186
f 4248/5873/1186 4101/5877/1190 4157/5878/1191
f 4248/5873/1186 4082/5879/1192 4154/5874/1187
f 4094/5880/1193 4249/5881/1194 4174/5876/1189
f 4167/5882/1195 4175/5883/1196 4249/5881/1194
f 4249/5881/1194 4100/5884/1197 4173/5885/1198
f 4174/5876/1189 4173/5885/1198 4101/5877/1190
f 4095/5886/1199 4250/5887/1200 4175/5883/1196
f 4168/5888/1201 4176/5889/1202 4250/5887/1200
f 4250/5887/1200 4099/5890/1203 4172/5891/1204
f 4175/5883/1196 4172/5891/1204 4100/5884/1197
f 4096/5892/1205 4251/5893/1206 4176/5889/1202
f 4169/5894/1207 4177/5866/1179 4251/5893/1206
f 4251/5893/1206 4098/5871/1184 4171/5895/1208
f 4176/5889/1202 4171/5895/1208 4099/5890/1203
f 4080/5851/1167 4292/5896/1209 4278/5852/1168
f 4080/5851/1167 4252/5897/1210 4158/5898/1211
f 4078/5899/1212 4252/5897/1210 4150/5849/1165
f 4153/5900/1213 4178/5901/1214 4252/5897/1210
f 4158/5898/1211 4178/5901/1214 4086/5902/1215
f 4178/5901/1214 4159/5903/1216 4086/5902/1215
f 4093/5904/1217 4253/5905/1218 4178/5901/1214
f 4165/5906/1219 4179/5907/1220 4253/5905/1218
f 4253/5905/1218 4087/5908/1221 4159/5903/1216
f 4179/5907/1220 4160/5909/1222 4087/5908/1221
f 4092/5910/1223 4254/5911/1224 4179/5907/1220
f 4164/5912/1225 4180/5913/1226 4254/5911/1224
f 4254/5911/1224 4088/5914/1227 4160/5909/1222
f 4180/5913/1226 4161/5915/1228 4088/5914/1227
f 4091/5916/1229 4255/5917/1230 4180/5913/1226
f 4163/5918/1231 4181/5840/1156 4255/5917/1230
f 4255/5917/1230 4089/5842/1158 4161/5915/1228
f 4292/5919/1209 4094/5880/1193 4166/5875/1188
f 4280/5920/1232 4167/5882/1195 4094/5880/1193
f 4293/5921/1233 4095/5886/1199 4167/5882/1195
f 4281/5922/1234 4168/5888/1201 4095/5886/1199
f 4294/5923/1235 4096/5892/1205 4168/5888/1201
f 4282/5924/1236 4169/5894/1207 4096/5892/1205
f 4295/5925/1237 4097/5867/1180 4169/5894/1207
f 4284/5926/1238 4153/5900/1213 4296/5927/1239
f 4285/5928/1240 4165/5906/1219 4297/5929/1241
f 4296/5927/1239 4078/5899/1212 4276/5848/1164
f 4286/5930/1242 4164/5912/1225 4298/5931/1243
f 4297/5929/1241 4093/5904/1217 4284/5926/1238
f 4287/5861/1176 4163/5918/1231 4299/5932/1244
f 4298/5931/1243 4092/5910/1223 4285/5928/1240
f 4299/5932/1244 4091/5916/1229 4286/5930/1242
f 4213/5933/1245 4184/5934/1246 4113/5935/1247
f 4114/5936/1248 4256/5937/1249 4213/5933/1245
f 4256/5937/1249 4103/5938/1250 4183/5939/1251
f 4256/5937/1249 4105/5940/1252 4184/5934/1246
f 4300/5941/1253 4182/5942/1254 4312/5943/1255
f 4312/5943/1255 4104/5944/1256 4302/5945/1257
f 4188/5946/1258 4307/5947/1259 4313/5948/1260
f 4184/5934/1246 4303/5949/1261 4313/5950/1260
f 4301/5951/1262 4194/5952/1263 4314/5953/1264
f 4314/5953/1264 4114/5936/1248 4311/5954/1265
f 4315/5955/1266 4103/5938/1250 4301/5951/1262
f 4315/5956/1266 4109/5957/1267 4303/5958/1261
f 4188/5946/1258 4209/5959/1268 4121/5960/1269
f 4109/5957/1267 4257/5961/1270 4188/5946/1258
f 4257/5961/1270 4107/5962/1271 4202/5963/1272
f 4209/5959/1268 4202/5963/1272 4122/5964/1273
f 4108/5965/1274 4258/5966/1275 4186/5967/1276
f 4198/5968/1277 4206/5969/1278 4258/5966/1275
f 4258/5966/1275 4125/5970/1279 4189/5971/1280
f 4258/5966/1275 4106/5972/1281 4186/5967/1276
f 4118/5973/1282 4259/5974/1283 4206/5969/1278
f 4199/5975/1284 4207/5976/1285 4259/5974/1283
f 4259/5974/1283 4124/5977/1286 4205/5978/1287
f 4206/5969/1278 4205/5978/1287 4125/5970/1279
f 4119/5979/1288 4260/5980/1289 4207/5976/1285
f 4200/5981/1290 4208/5982/1291 4260/5980/1289
f 4260/5980/1289 4123/5983/1292 4204/5984/1293
f 4207/5976/1285 4204/5984/1293 4124/5977/1286
f 4120/5985/1294 4261/5986/1295 4208/5982/1291
f 4201/5987/1296 4209/5959/1268 4261/5986/1295
f 4261/5986/1295 4122/5964/1273 4203/5988/1297
f 4208/5982/1291 4203/5988/1297 4123/5983/1292
f 4104/5944/1256 4316/5989/1298 4302/5945/1257
f 4104/5944/1256 4262/5990/1299 4190/5991/1300
f 4102/5992/1301 4262/5990/1299 4182/5942/1254
f 4185/5993/1302 4210/5994/1303 4262/5990/1299
f 4190/5991/1300 4210/5994/1303 4110/5995/1304
f 4210/5994/1303 4191/5996/1305 4110/5995/1304
f 4117/5997/1306 4263/5998/1307 4210/5994/1303
f 4197/5999/1308 4211/6000/1309 4263/5998/1307
f 4263/5998/1307 4111/6001/1310 4191/5996/1305
f 4211/6000/1309 4192/6002/1311 4111/6001/1310
f 4116/6003/1312 4264/6004/1313 4211/6000/1309
f 4196/6005/1314 4212/6006/1315 4264/6004/1313
f 4264/6004/1313 4112/6007/1316 4192/6002/1311
f 4212/6006/1315 4193/6008/1317 4112/6007/1316
f 4115/6009/1318 4265/6010/1319 4212/6006/1315
f 4195/6011/1320 4213/5933/1245 4265/6010/1319
f 4265/6010/1319 4113/5935/1247 4193/6008/1317
f 4316/6012/1298 4118/5973/1282 4198/5968/1277
f 4304/6013/1321 4199/5975/1284 4118/5973/1282
f 4317/6014/1322 4119/5979/1288 4199/5975/1284
f 4305/6015/1323 4200/5981/1290 4119/5979/1288
f 4318/6016/1324 4120/5985/1294 4200/5981/1290
f 4306/6017/1325 4201/5987/1296 4120/5985/1294
f 4319/6018/1326 4121/5960/1269 4201/5987/1296
f 4308/6019/1327 4185/5993/1302 4320/6020/1328
f 4309/6021/1329 4197/5999/1308 4321/6022/1330
f 4320/6020/1328 4102/5992/1301 4300/5941/1253
f 4310/6023/1331 4196/6005/1314 4322/6024/1332
f 4321/6022/1330 4117/5997/1306 4308/6019/1327
f 4311/5954/1265 4195/6011/1320 4323/6025/1333
f 4322/6024/1332 4116/6003/1312 4309/6021/1329
f 4323/6025/1333 4115/6009/1318 4310/6023/1331
f 4245/6026/1334 4216/6027/1335 4137/6028/1336
f 4138/6029/1337 4266/6030/1338 4245/6026/1334
f 4266/6030/1338 4127/6031/1339 4215/6032/1340
f 4266/6030/1338 4129/6033/1341 4216/6027/1335
f 4324/6034/1342 4214/6035/1343 4336/6036/1344
f 4336/6036/1344 4128/6037/1345 4326/6038/1346
f 4220/6039/1347 4331/6040/1348 4337/6041/1349
f 4216/6027/1335 4327/6042/1350 4337/6043/1349
f 4325/6044/1351 4226/6045/1352 4338/6046/1353
f 4338/6046/1353 4138/6029/1337 4335/6047/1354
f 4339/6048/1355 4127/6031/1339 4325/6044/1351
f 4339/6049/1355 4133/6050/1356 4327/6051/1350
f 4220/6039/1347 4241/6052/1357 4145/6053/1358
f 4133/6050/1356 4267/6054/1359 4220/6039/1347
f 4267/6054/1359 4131/6055/1360 4234/6056/1361
f 4241/6052/1357 4234/6056/1361 4146/6057/1362
f 4132/6058/1363 4268/6059/1364 4218/6060/1365
f 4230/6061/1366 4238/6062/1367 4268/6059/1364
f 4268/6059/1364 4149/6063/1368 4221/6064/1369
f 4268/6059/1364 4130/6065/1370 4218/6060/1365
f 4142/6066/1371 4269/6067/1372 4238/6062/1367
f 4231/6068/1373 4239/6069/1374 4269/6067/1372
f 4269/6067/1372 4148/6070/1375 4237/6071/1376
f 4238/6062/1367 4237/6071/1376 4149/6063/1368
f 4143/6072/1377 4270/6073/1378 4239/6069/1374
f 4232/6074/1379 4240/6075/1380 4270/6073/1378
f 4270/6073/1378 4147/6076/1381 4236/6077/1382
f 4239/6069/1374 4236/6077/1382 4148/6070/1375
f 4144/6078/1383 4271/6079/1384 4240/6075/1380
f 4233/6080/1385 4241/6052/1357 4271/6079/1384
f 4271/6079/1384 4146/6057/1362 4235/6081/1386
f 4240/6075/1380 4235/6081/1386 4147/6076/1381
f 4128/6037/1345 4340/6082/1387 4326/6038/1346
f 4128/6037/1345 4272/6083/1388 4222/6084/1389
f 4126/6085/1390 4272/6083/1388 4214/6035/1343
f 4217/6086/1391 4242/6087/1392 4272/6083/1388
f 4222/6084/1389 4242/6087/1392 4134/6088/1393
f 4242/6087/1392 4223/6089/1394 4134/6088/1393
f 4141/6090/1395 4273/6091/1396 4242/6087/1392
f 4229/6092/1397 4243/6093/1398 4273/6091/1396
f 4273/6091/1396 4135/6094/1399 4223/6089/1394
f 4243/6093/1398 4224/6095/1400 4135/6094/1399
f 4140/6096/1401 4274/6097/1402 4243/6093/1398
f 4228/6098/1403 4244/6099/1404 4274/6097/1402
f 4274/6097/1402 4136/6100/1405 4224/6095/1400
f 4244/6099/1404 4225/6101/1406 4136/6100/1405
f 4139/6102/1407 4275/6103/1408 4244/6099/1404
f 4227/6104/1409 4245/6026/1334 4275/6103/1408
f 4275/6103/1408 4137/6028/1336 4225/6101/1406
f 4340/6105/1387 4142/6066/1371 4230/6061/1366
f 4328/6106/1410 4231/6068/1373 4142/6066/1371
f 4341/6107/1411 4143/6072/1377 4231/6068/1373
f 4329/6108/1412 4232/6074/1379 4143/6072/1377
f 4342/6109/1413 4144/6078/1383 4232/6074/1379
f 4330/6110/1414 4233/6080/1385 4144/6078/1383
f 4343/6111/1415 4145/6053/1358 4233/6080/1385
f 4332/6112/1416 4217/6086/1391 4344/6113/1417
f 4333/6114/1418 4229/6092/1397 4345/6115/1419
f 4344/6113/1417 4126/6085/1390 4324/6034/1342
f 4334/6116/1420 4228/6098/1403 4346/6117/1421
f 4345/6115/1419 4141/6090/1395 4332/6112/1416
f 4335/6047/1354 4227/6104/1409 4347/6118/1422
f 4346/6117/1421 4140/6096/1401 4333/6114/1418
f 4347/6118/1422 4139/6102/1407 4334/6116/1420
f 4171/5895/1208 4286/6119/1242 4099/5890/1203
f 4172/5891/1204 4285/6120/1240 4100/5884/1197
f 4098/5871/1184 4299/6121/1244 4171/5895/1208
f 4173/5885/1198 4284/6122/1238 4101/5877/1190
f 4099/5890/1203 4298/6123/1243 4172/5891/1204
f 4157/5878/1191 4276/6124/1164 4082/5879/1192
f 4100/5884/1197 4297/6125/1241 4173/5885/1198
f 4101/5877/1190 4296/6126/1239 4157/5878/1191
f 4161/5915/1228 4283/6127/1170 4295/6128/1237
f 4088/5914/1227 4295/6128/1237 4282/6129/1236
f 4160/5909/1222 4282/6129/1236 4294/6130/1235
f 4087/5908/1221 4294/6130/1235 4281/6131/1234
f 4159/5903/1216 4281/6131/1234 4293/6132/1233
f 4086/5902/1215 4293/6132/1233 4280/6133/1232
f 4158/5898/1211 4280/6133/1232 4292/5896/1209
f 4278/6134/1168 4166/5875/1188 4084/5872/1185
f 4291/5862/1177 4081/5847/1163 4151/5846/1162
f 4155/6135/1423 4277/6136/1173 4083/5869/1182
f 4170/5870/1183 4287/6137/1176 4098/5871/1184
f 4083/5869/1182 4290/6138/1175 4170/5870/1183
f 4289/5855/1171 4085/5864/1178 4156/5853/1169
f 4289/5857/1171 4089/5842/1158 4152/5841/1157
f 4288/6139/1166 4084/5872/1185 4154/5874/1187
f 4082/5879/1192 4288/6139/1166 4154/5874/1187
f 4203/5988/1297 4310/6140/1331 4123/5983/1292
f 4204/5984/1293 4309/6141/1329 4124/5977/1286
f 4122/5964/1273 4323/6142/1333 4203/5988/1297
f 4205/5978/1287 4308/6143/1327 4125/5970/1279
f 4123/5983/1292 4322/6144/1332 4204/5984/1293
f 4189/5971/1280 4300/6145/1253 4106/5972/1281
f 4124/5977/1286 4321/6146/1330 4205/5978/1287
f 4125/5970/1279 4320/6147/1328 4189/5971/1280
f 4193/6008/1317 4307/6148/1259 4319/6149/1326
f 4112/6007/1316 4319/6149/1326 4306/6150/1325
f 4192/6002/1311 4306/6150/1325 4318/6151/1324
f 4111/6001/1310 4318/6151/1324 4305/6152/1323
f 4191/5996/1305 4305/6152/1323 4317/6153/1322
f 4110/5995/1304 4317/6153/1322 4304/6154/1321
f 4190/5991/1300 4304/6154/1321 4316/5989/1298
f 4302/6155/1257 4198/5968/1277 4108/5965/1274
f 4315/5955/1266 4105/5940/1252 4183/5939/1251
f 4187/6156/1424 4301/6157/1262 4107/5962/1271
f 4202/5963/1272 4311/6158/1265 4122/5964/1273
f 4107/5962/1271 4314/6159/1264 4202/5963/1272
f 4313/5948/1260 4109/5957/1267 4188/5946/1258
f 4313/5950/1260 4113/5935/1247 4184/5934/1246
f 4312/6160/1255 4108/5965/1274 4186/5967/1276
f 4106/5972/1281 4312/6160/1255 4186/5967/1276
f 4235/6081/1386 4334/6161/1420 4147/6076/1381
f 4236/6077/1382 4333/6162/1418 4148/6070/1375
f 4146/6057/1362 4347/6163/1422 4235/6081/1386
f 4237/6071/1376 4332/6164/1416 4149/6063/1368
f 4147/6076/1381 4346/6165/1421 4236/6077/1382
f 4221/6064/1369 4324/6166/1342 4130/6065/1370
f 4148/6070/1375 4345/6167/1419 4237/6071/1376
f 4149/6063/1368 4344/6168/1417 4221/6064/1369
f 4225/6101/1406 4331/6169/1348 4343/6170/1415
f 4136/6100/1405 4343/6170/1415 4330/6171/1414
f 4224/6095/1400 4330/6171/1414 4342/6172/1413
f 4135/6094/1399 4342/6172/1413 4329/6173/1412
f 4223/6089/1394 4329/6173/1412 4341/6174/1411
f 4134/6088/1393 4341/6174/1411 4328/6175/1410
f 4222/6084/1389 4328/6175/1410 4340/6082/1387
f 4326/6176/1346 4230/6061/1366 4132/6058/1363
f 4339/6048/1355 4129/6033/1341 4215/6032/1340
f 4219/6177/1425 4325/6178/1351 4131/6055/1360
f 4234/6056/1361 4335/6179/1354 4146/6057/1362
f 4131/6055/1360 4338/6180/1353 4234/6056/1361
f 4337/6041/1349 4133/6050/1356 4220/6039/1347
f 4337/6043/1349 4137/6028/1336 4216/6027/1335
f 4336/6181/1344 4132/6058/1363 4218/6060/1365
f 4130/6065/1370 4336/6181/1344 4218/6060/1365
f 4349/6182/1075 4366/6183/1074 4365/6184/1075
f 4366/6183/1074 4351/6185/1073 4367/6186/1073
f 4418/6187/1052 4403/6188/1426 4402/6189/1052
f 4396/6190/14 4388/6191/14 4397/6192/14
f 4403/6188/1426 4420/6193/1427 4404/6194/1427
f 4397/6195/1049 4391/6196/1049 4413/6197/1049
f 4404/6194/1427 4421/6198/1428 4405/6199/1428
f 4397/6195/1429 4414/6200/1047 4398/6201/1047
f 4405/6199/1428 4422/6202/1059 4406/6203/1059
f 4414/6200/1047 4399/6204/1060 4398/6201/1047
f 4422/6202/1059 4407/6205/1056 4406/6203/1059
f 4385/6206/1 4416/6207/1 4417/6208/1
f 4409/6209/1057 4392/6210/1055 4393/6211/1057
f 4423/6212/1056 4393/6211/1057 4407/6205/1056
f 4401/6213/1062 4385/6214/1062 4417/6215/1062
f 4408/6216/1055 4394/6217/1053 4392/6210/1055
f 4417/6218/1054 4402/6189/1052 4401/6219/1054
f 4410/6220/1053 4395/6221/1430 4394/6217/1053
f 4384/6222/11 4380/6223/11 4381/6224/11
f 4380/6223/11 4385/6225/11 4382/6226/11
f 4381/6227/14 4400/6228/14 4399/6229/14
f 4416/6207/1 4384/6230/1 4415/6231/1
f 4384/6222/1058 4399/6204/1058 4415/6232/1058
f 4400/6228/14 4382/6233/14 4401/6234/14
f 4390/6235/16 4386/6236/16 4387/6237/16
f 4386/6236/16 4391/6196/16 4388/6238/16
f 4390/6235/1063 4395/6221/1063 4411/6239/1063
f 4391/6240/1 4412/6241/1 4413/6242/1
f 4387/6243/14 4396/6190/14 4395/6244/14
f 4412/6241/1 4390/6245/1 4411/6246/1
f 4393/6247/14 4349/6248/14 4348/6249/14
f 4392/6250/14 4350/6251/14 4349/6248/14
f 4394/6252/14 4351/6253/14 4350/6251/14
f 4395/6244/14 4352/6254/14 4351/6253/14
f 4352/6254/14 4397/6192/14 4353/6255/14
f 4397/6192/14 4354/6256/14 4353/6255/14
f 4354/6256/14 4399/6229/14 4355/6257/14
f 4399/6229/14 4356/6258/14 4355/6257/14
f 4400/6228/14 4357/6259/14 4356/6258/14
f 4357/6259/14 4402/6260/14 4358/6261/14
f 4358/6261/14 4403/6262/14 4359/6263/14
f 4403/6262/14 4360/6264/14 4359/6263/14
f 4404/6265/14 4361/6266/14 4360/6264/14
f 4361/6266/14 4406/6267/14 4362/6268/14
f 4362/6268/14 4407/6269/14 4363/6270/14
f 4363/6270/14 4393/6247/14 4348/6249/14
f 4365/6271/1 4409/6272/1 4364/6273/1
f 4410/6274/1 4365/6271/1 4366/6275/1
f 4367/6276/1 4410/6274/1 4366/6275/1
f 4412/6241/1 4367/6276/1 4368/6277/1
f 4369/6278/1 4412/6241/1 4368/6277/1
f 4414/6279/1 4369/6278/1 4370/6280/1
f 4371/6281/1 4414/6279/1 4370/6280/1
f 4416/6207/1 4371/6281/1 4372/6282/1
f 4373/6283/1 4416/6207/1 4372/6282/1
f 4418/6284/1 4373/6283/1 4374/6285/1
f 4375/6286/1 4418/6284/1 4374/6285/1
f 4420/6287/1 4375/6286/1 4376/6288/1
f 4377/6289/1 4420/6287/1 4376/6288/1
f 4378/6290/1 4421/6291/1 4377/6289/1
f 4379/6292/1 4422/6293/1 4378/6290/1
f 4409/6272/1 4379/6292/1 4364/6273/1
f 4367/6186/1073 4352/6294/1072 4368/6295/1072
f 4368/6295/1072 4353/6296/1071 4369/6297/1071
f 4353/6296/1071 4370/6298/1070 4369/6297/1071
f 4370/6298/1070 4355/6299/1069 4371/6300/1069
f 4355/6299/1069 4372/6301/1068 4371/6300/1069
f 4356/6302/1068 4373/6303/1067 4372/6301/1068
f 4373/6303/1067 4358/6304/1066 4374/6305/1066
f 4374/6305/1066 4359/6306/1065 4375/6307/1065
f 4359/6306/1065 4376/6308/1064 4375/6307/1065
f 4360/6309/1064 4377/6310/1045 4376/6308/1064
f 4361/6311/1045 4378/6312/1043 4377/6310/1045
f 4362/6313/1043 4379/6314/1044 4378/6312/1043
f 4379/6314/1044 4348/6315/257 4364/6316/257
f 4364/6316/257 4349/6182/1075 4365/6184/1075
f 4455/6317/1431 4438/6318/1432 4439/6319/1431
f 4448/6320/1433 4431/6321/1434 4432/6322/1433
f 4441/6323/1435 4424/6324/1436 4425/6325/1435
f 4440/6326/1436 4439/6319/1431 4424/6324/1436
f 4449/6327/1437 4432/6322/1433 4433/6328/1437
f 4442/6329/1438 4425/6325/1435 4426/6330/1438
f 4450/6331/1439 4433/6328/1437 4434/6332/1439
f 4443/6333/1440 4426/6330/1438 4427/6334/1440
f 4451/6335/1441 4434/6332/1439 4435/6336/1441
f 4444/6337/1442 4427/6334/1440 4428/6338/1442
f 4452/6339/1443 4435/6336/1441 4436/6340/1443
f 4445/6341/1444 4428/6338/1442 4429/6342/1444
f 4453/6343/1445 4436/6340/1443 4437/6344/1445
f 4446/6345/1446 4429/6342/1444 4430/6346/1446
f 4454/6347/1432 4437/6344/1445 4438/6318/1432
f 4447/6348/1434 4430/6346/1446 4431/6321/1434
f 4470/6349/1447 4453/6343/1448 4454/6347/1449
f 4434/6350/14 4430/6351/14 4426/6352/14
f 4468/6353/1450 4483/6354/1451 4467/6355/1452
f 4463/6356/1453 4446/6345/1454 4447/6348/1455
f 4471/6357/1456 4454/6347/1449 4455/6317/1457
f 4464/6358/1458 4447/6348/1455 4448/6320/1459
f 4441/6323/1460 4456/6359/1461 4440/6326/1462
f 4440/6326/1462 4471/6357/1456 4455/6317/1457
f 4449/6327/1463 4464/6358/1458 4448/6320/1459
f 4458/6360/1464 4441/6323/1460 4442/6329/1465
f 4466/6361/1466 4449/6327/1463 4450/6331/1467
f 4443/6333/1468 4458/6360/1464 4442/6329/1465
f 4467/6355/1452 4450/6331/1467 4451/6335/1469
f 4444/6337/1470 4459/6362/1471 4443/6333/1468
f 4468/6353/1450 4451/6335/1469 4452/6339/1472
f 4445/6341/1473 4460/6363/1474 4444/6337/1470
f 4453/6343/1448 4468/6353/1450 4452/6339/1472
f 4462/6364/1475 4445/6341/1473 4446/6345/1454
f 4474/6365/1476 4489/6366/1477 4473/6367/1478
f 4461/6368/1479 4476/6369/1480 4460/6363/1474
f 4485/6370/1481 4468/6353/1450 4469/6371/1482
f 4462/6364/1475 4477/6372/1483 4461/6368/1479
f 4470/6349/1447 4485/6370/1481 4469/6371/1482
f 4479/6373/1484 4462/6364/1475 4463/6356/1453
f 4471/6357/1456 4486/6374/1485 4470/6349/1447
f 4480/6375/1486 4463/6356/1453 4464/6358/1458
f 4457/6376/1487 4472/6377/1488 4456/6359/1461
f 4456/6359/1461 4487/6378/1489 4471/6357/1456
f 4481/6379/1490 4464/6358/1458 4465/6380/1491
f 4458/6360/1464 4473/6367/1478 4457/6376/1487
f 4466/6361/1466 4481/6379/1490 4465/6380/1491
f 4459/6362/1471 4474/6365/1476 4458/6360/1464
f 4467/6355/1452 4482/6381/1492 4466/6361/1466
f 4476/6369/1480 4459/6362/1471 4460/6363/1474
f 4496/6382/1493 4500/6383/1494 4488/6384/1495
f 4498/6385/1496 4481/6379/1490 4482/6381/1492
f 4491/6386/1497 4474/6365/1476 4475/6387/1498
f 4499/6388/1499 4482/6381/1492 4483/6354/1451
f 4476/6369/1480 4491/6386/1497 4475/6387/1498
f 4484/6389/1500 4499/6388/1499 4483/6354/1451
f 4493/6390/1501 4476/6369/1480 4477/6372/1483
f 4485/6370/1481 4500/6383/1494 4484/6389/1500
f 4478/6391/1502 4493/6390/1501 4477/6372/1483
f 4486/6374/1485 4501/6392/1503 4485/6370/1481
f 4479/6373/1484 4494/6393/1504 4478/6391/1502
f 4503/6394/1505 4486/6374/1485 4487/6378/1489
f 4496/6382/1493 4479/6373/1484 4480/6375/1486
f 4473/6367/1478 4488/6384/1495 4472/6377/1488
f 4472/6377/1488 4503/6394/1505 4487/6378/1489
f 4497/6395/1506 4480/6375/1486 4481/6379/1490
f 4578/6396/1507 4607/6397/1508 4515/6398/1509
f 4672/6399/1510 4516/6400/1511 4607/6397/1508
f 4672/6399/1510 4505/6401/1512 4588/6402/1513
f 4507/6403/1514 4672/6399/1510 4578/6396/1507
f 4702/6404/1515 4576/6405/1516 4504/6406/1517
f 4714/6407/1518 4506/6408/1519 4576/6405/1516
f 4709/6409/1520 4582/6410/1521 4715/6411/1522
f 4705/6412/1523 4578/6396/1507 4715/6413/1522
f 4703/6414/1524 4588/6402/1513 4505/6401/1512
f 4716/6415/1525 4516/6400/1511 4588/6402/1513
f 4717/6416/1526 4505/6401/1512 4577/6417/1527
f 4717/6418/1526 4511/6419/1528 4581/6420/1529
f 4603/6421/1530 4582/6410/1521 4523/6422/1531
f 4673/6423/1532 4511/6419/1528 4582/6410/1521
f 4673/6423/1532 4509/6424/1533 4581/6420/1529
f 4603/6421/1530 4596/6425/1534 4673/6423/1532
f 4510/6426/1535 4674/6427/1536 4592/6428/1537
f 4592/6428/1537 4600/6429/1538 4520/6430/1539
f 4674/6427/1536 4527/6431/1540 4600/6429/1538
f 4508/6432/1541 4674/6427/1536 4580/6433/1542
f 4520/6430/1539 4675/6434/1543 4593/6435/1544
f 4593/6435/1544 4601/6436/1545 4521/6437/1546
f 4675/6434/1543 4526/6438/1547 4601/6436/1545
f 4600/6429/1538 4599/6439/1548 4675/6434/1543
f 4521/6437/1546 4676/6440/1549 4594/6441/1550
f 4594/6441/1550 4602/6442/1551 4522/6443/1552
f 4676/6440/1549 4525/6444/1553 4602/6442/1551
f 4601/6436/1545 4598/6445/1554 4676/6440/1549
f 4522/6443/1552 4677/6446/1555 4595/6447/1556
f 4595/6447/1556 4603/6421/1530 4523/6422/1531
f 4677/6446/1555 4524/6448/1557 4603/6421/1530
f 4602/6442/1551 4597/6449/1558 4677/6446/1555
f 4718/6450/1559 4506/6408/1519 4704/6451/1560
f 4506/6408/1519 4678/6452/1561 4576/6405/1516
f 4678/6452/1561 4504/6406/1517 4576/6405/1516
f 4604/6453/1562 4579/6454/1563 4678/6452/1561
f 4584/6455/1564 4604/6453/1562 4678/6452/1561
f 4585/6456/1565 4604/6453/1562 4512/6457/1566
f 4679/6458/1567 4519/6459/1568 4604/6453/1562
f 4605/6460/1569 4591/6461/1570 4679/6458/1567
f 4513/6462/1571 4679/6458/1567 4585/6456/1565
f 4586/6463/1572 4605/6460/1569 4513/6462/1571
f 4680/6464/1573 4518/6465/1574 4605/6460/1569
f 4606/6466/1575 4590/6467/1576 4680/6464/1573
f 4514/6468/1577 4680/6464/1573 4586/6463/1572
f 4587/6469/1578 4606/6466/1575 4514/6468/1577
f 4681/6470/1579 4517/6471/1580 4606/6466/1575
f 4607/6397/1508 4589/6472/1581 4681/6470/1579
f 4515/6398/1509 4681/6470/1579 4587/6469/1578
f 4718/6473/1559 4520/6430/1539 4706/6474/1582
f 4706/6474/1582 4593/6435/1544 4719/6475/1583
f 4719/6475/1583 4521/6437/1546 4707/6476/1584
f 4707/6476/1584 4594/6441/1550 4720/6477/1585
f 4720/6477/1585 4522/6443/1552 4708/6478/1586
f 4708/6478/1586 4595/6447/1556 4721/6479/1587
f 4721/6479/1587 4523/6422/1531 4709/6409/1520
f 4710/6480/1588 4579/6454/1563 4519/6459/1568
f 4711/6481/1589 4591/6461/1570 4518/6465/1574
f 4722/6482/1590 4504/6406/1517 4579/6454/1563
f 4712/6483/1591 4590/6467/1576 4517/6471/1580
f 4723/6484/1592 4519/6459/1568 4591/6461/1570
f 4713/6485/1593 4589/6472/1581 4516/6400/1511
f 4724/6486/1594 4518/6465/1574 4590/6467/1576
f 4725/6487/1595 4517/6471/1580 4589/6472/1581
f 4610/6488/1596 4639/6489/1597 4539/6490/1598
f 4682/6491/1599 4540/6492/1600 4639/6489/1597
f 4682/6491/1599 4529/6493/1601 4620/6494/1602
f 4531/6495/1603 4682/6491/1599 4610/6488/1596
f 4726/6496/1604 4608/6497/1605 4528/6498/1606
f 4738/6499/1607 4530/6500/1608 4608/6497/1605
f 4733/6501/1609 4614/6502/1610 4739/6503/1611
f 4729/6504/1612 4610/6488/1596 4739/6505/1611
f 4727/6506/1613 4620/6494/1602 4529/6493/1601
f 4740/6507/1614 4540/6492/1600 4620/6494/1602
f 4741/6508/1615 4529/6493/1601 4609/6509/1616
f 4741/6510/1615 4535/6511/1617 4613/6512/1618
f 4635/6513/1619 4614/6502/1610 4547/6514/1620
f 4683/6515/1621 4535/6511/1617 4614/6502/1610
f 4683/6515/1621 4533/6516/1622 4613/6512/1618
f 4635/6513/1619 4628/6517/1623 4683/6515/1621
f 4534/6518/1624 4684/6519/1625 4624/6520/1626
f 4624/6520/1626 4632/6521/1627 4544/6522/1628
f 4684/6519/1625 4551/6523/1629 4632/6521/1627
f 4532/6524/1630 4684/6519/1625 4612/6525/1631
f 4544/6522/1628 4685/6526/1632 4625/6527/1633
f 4625/6527/1633 4633/6528/1634 4545/6529/1635
f 4685/6526/1632 4550/6530/1636 4633/6528/1634
f 4632/6521/1627 4631/6531/1637 4685/6526/1632
f 4545/6529/1635 4686/6532/1638 4626/6533/1639
f 4626/6533/1639 4634/6534/1640 4546/6535/1641
f 4686/6532/1638 4549/6536/1642 4634/6534/1640
f 4633/6528/1634 4630/6537/1643 4686/6532/1638
f 4546/6535/1641 4687/6538/1644 4627/6539/1645
f 4627/6539/1645 4635/6513/1619 4547/6514/1620
f 4687/6538/1644 4548/6540/1646 4635/6513/1619
f 4634/6534/1640 4629/6541/1647 4687/6538/1644
f 4742/6542/1648 4530/6500/1608 4728/6543/1649
f 4530/6500/1608 4688/6544/1650 4608/6497/1605
f 4688/6544/1650 4528/6498/1606 4608/6497/1605
f 4636/6545/1651 4611/6546/1652 4688/6544/1650
f 4616/6547/1653 4636/6545/1651 4688/6544/1650
f 4617/6548/1654 4636/6545/1651 4536/6549/1655
f 4689/6550/1656 4543/6551/1657 4636/6545/1651
f 4637/6552/1658 4623/6553/1659 4689/6550/1656
f 4537/6554/1660 4689/6550/1656 4617/6548/1654
f 4618/6555/1661 4637/6552/1658 4537/6554/1660
f 4690/6556/1662 4542/6557/1663 4637/6552/1658
f 4638/6558/1664 4622/6559/1665 4690/6556/1662
f 4538/6560/1666 4690/6556/1662 4618/6555/1661
f 4619/6561/1667 4638/6558/1664 4538/6560/1666
f 4691/6562/1668 4541/6563/1669 4638/6558/1664
f 4639/6489/1597 4621/6564/1670 4691/6562/1668
f 4539/6490/1598 4691/6562/1668 4619/6561/1667
f 4742/6565/1648 4544/6522/1628 4730/6566/1671
f 4730/6566/1671 4625/6527/1633 4743/6567/1672
f 4743/6567/1672 4545/6529/1635 4731/6568/1673
f 4731/6568/1673 4626/6533/1639 4744/6569/1674
f 4744/6569/1674 4546/6535/1641 4732/6570/1675
f 4732/6570/1675 4627/6539/1645 4745/6571/1676
f 4745/6571/1676 4547/6514/1620 4733/6501/1609
f 4734/6572/1677 4611/6546/1652 4543/6551/1657
f 4735/6573/1678 4623/6553/1659 4542/6557/1663
f 4746/6574/1679 4528/6498/1606 4611/6546/1652
f 4736/6575/1680 4622/6559/1665 4541/6563/1669
f 4747/6576/1681 4543/6551/1657 4623/6553/1659
f 4737/6577/1682 4621/6564/1670 4540/6492/1600
f 4748/6578/1683 4542/6557/1663 4622/6559/1665
f 4749/6579/1684 4541/6563/1669 4621/6564/1670
f 4642/6580/1685 4671/6581/1686 4563/6582/1687
f 4692/6583/1688 4564/6584/1689 4671/6581/1686
f 4692/6583/1688 4553/6585/1690 4652/6586/1691
f 4555/6587/1692 4692/6583/1688 4642/6580/1685
f 4750/6588/1693 4640/6589/1694 4552/6590/1695
f 4762/6591/1696 4554/6592/1697 4640/6589/1694
f 4757/6593/1698 4646/6594/1699 4763/6595/1700
f 4753/6596/1701 4642/6580/1685 4763/6597/1700
f 4751/6598/1702 4652/6586/1691 4553/6585/1690
f 4764/6599/1703 4564/6584/1689 4652/6586/1691
f 4765/6600/1704 4553/6585/1690 4641/6601/1705
f 4765/6602/1704 4559/6603/1706 4645/6604/1707
f 4667/6605/1708 4646/6594/1699 4571/6606/1709
f 4693/6607/1710 4559/6603/1706 4646/6594/1699
f 4693/6607/1710 4557/6608/1711 4645/6604/1707
f 4667/6605/1708 4660/6609/1712 4693/6607/1710
f 4558/6610/1713 4694/6611/1714 4656/6612/1715
f 4656/6612/1715 4664/6613/1716 4568/6614/1717
f 4694/6611/1714 4575/6615/1718 4664/6613/1716
f 4556/6616/1719 4694/6611/1714 4644/6617/1720
f 4568/6614/1717 4695/6618/1721 4657/6619/1722
f 4657/6619/1722 4665/6620/1723 4569/6621/1724
f 4695/6618/1721 4574/6622/1725 4665/6620/1723
f 4664/6613/1716 4663/6623/1726 4695/6618/1721
f 4569/6621/1724 4696/6624/1727 4658/6625/1728
f 4658/6625/1728 4666/6626/1729 4570/6627/1730
f 4696/6624/1727 4573/6628/1731 4666/6626/1729
f 4665/6620/1723 4662/6629/1732 4696/6624/1727
f 4570/6627/1730 4697/6630/1733 4659/6631/1734
f 4659/6631/1734 4667/6605/1708 4571/6606/1709
f 4697/6630/1733 4572/6632/1735 4667/6605/1708
f 4666/6626/1729 4661/6633/1736 4697/6630/1733
f 4766/6634/1737 4554/6592/1697 4752/6635/1738
f 4554/6592/1697 4698/6636/1739 4640/6589/1694
f 4698/6636/1739 4552/6590/1695 4640/6589/1694
f 4668/6637/1740 4643/6638/1741 4698/6636/1739
f 4648/6639/1742 4668/6637/1740 4698/6636/1739
f 4649/6640/1743 4668/6637/1740 4560/6641/1744
f 4699/6642/1745 4567/6643/1746 4668/6637/1740
f 4669/6644/1747 4655/6645/1748 4699/6642/1745
f 4561/6646/1749 4699/6642/1745 4649/6640/1743
f 4650/6647/1750 4669/6644/1747 4561/6646/1749
f 4700/6648/1751 4566/6649/1752 4669/6644/1747
f 4670/6650/1753 4654/6651/1754 4700/6648/1751
f 4562/6652/1755 4700/6648/1751 4650/6647/1750
f 4651/6653/1756 4670/6650/1753 4562/6652/1755
f 4701/6654/1757 4565/6655/1758 4670/6650/1753
f 4671/6581/1686 4653/6656/1759 4701/6654/1757
f 4563/6582/1687 4701/6654/1757 4651/6653/1756
f 4766/6657/1737 4568/6614/1717 4754/6658/1760
f 4754/6658/1760 4657/6619/1722 4767/6659/1761
f 4767/6659/1761 4569/6621/1724 4755/6660/1762
f 4755/6660/1762 4658/6625/1728 4768/6661/1763
f 4768/6661/1763 4570/6627/1730 4756/6662/1764
f 4756/6662/1764 4659/6631/1734 4769/6663/1765
f 4769/6663/1765 4571/6606/1709 4757/6593/1698
f 4758/6664/1766 4643/6638/1741 4567/6643/1746
f 4759/6665/1767 4655/6645/1748 4566/6649/1752
f 4770/6666/1768 4552/6590/1695 4643/6638/1741
f 4760/6667/1769 4654/6651/1754 4565/6655/1758
f 4771/6668/1770 4567/6643/1746 4655/6645/1748
f 4761/6669/1771 4653/6656/1759 4564/6584/1689
f 4772/6670/1772 4566/6649/1752 4654/6651/1754
f 4773/6671/1773 4565/6655/1758 4653/6656/1759
f 4597/6449/1558 4712/6672/1591 4725/6673/1595
f 4598/6445/1554 4711/6674/1589 4724/6675/1594
f 4524/6448/1557 4725/6673/1595 4713/6676/1593
f 4599/6439/1548 4710/6677/1588 4723/6678/1592
f 4525/6444/1553 4724/6675/1594 4712/6672/1591
f 4583/6679/1774 4702/6680/1515 4722/6681/1590
f 4526/6438/1547 4723/6678/1592 4711/6674/1589
f 4527/6431/1540 4722/6681/1590 4710/6677/1588
f 4587/6469/1578 4709/6682/1520 4515/6398/1509
f 4514/6468/1577 4721/6683/1587 4587/6469/1578
f 4586/6463/1572 4708/6684/1586 4514/6468/1577
f 4513/6462/1571 4720/6685/1585 4586/6463/1572
f 4585/6456/1565 4707/6686/1584 4513/6462/1571
f 4512/6457/1566 4719/6687/1583 4585/6456/1565
f 4584/6455/1564 4706/6688/1582 4512/6457/1566
f 4592/6428/1537 4704/6689/1560 4510/6426/1535
f 4507/6403/1514 4717/6416/1526 4577/6417/1527
f 4581/6420/1529 4703/6690/1524 4717/6418/1526
f 4596/6425/1534 4713/6676/1593 4716/6691/1525
f 4509/6424/1533 4716/6691/1525 4703/6690/1524
f 4511/6419/1528 4715/6411/1522 4582/6410/1521
f 4515/6398/1509 4715/6413/1522 4578/6396/1507
f 4510/6426/1535 4714/6692/1518 4580/6433/1542
f 4508/6432/1541 4714/6692/1518 4702/6680/1515
f 4629/6541/1647 4736/6693/1680 4749/6694/1684
f 4630/6537/1643 4735/6695/1678 4748/6696/1683
f 4548/6540/1646 4749/6694/1684 4737/6697/1682
f 4631/6531/1637 4734/6698/1677 4747/6699/1681
f 4549/6536/1642 4748/6696/1683 4736/6693/1680
f 4615/6700/1775 4726/6701/1604 4746/6702/1679
f 4550/6530/1636 4747/6699/1681 4735/6695/1678
f 4551/6523/1629 4746/6702/1679 4734/6698/1677
f 4619/6561/1667 4733/6703/1609 4539/6490/1598
f 4538/6560/1666 4745/6704/1676 4619/6561/1667
f 4618/6555/1661 4732/6705/1675 4538/6560/1666
f 4537/6554/1660 4744/6706/1674 4618/6555/1661
f 4617/6548/1654 4731/6707/1673 4537/6554/1660
f 4536/6549/1655 4743/6708/1672 4617/6548/1654
f 4616/6547/1653 4730/6709/1671 4536/6549/1655
f 4624/6520/1626 4728/6710/1649 4534/6518/1624
f 4531/6495/1603 4741/6508/1615 4609/6509/1616
f 4613/6512/1618 4727/6711/1613 4741/6510/1615
f 4628/6517/1623 4737/6697/1682 4740/6712/1614
f 4533/6516/1622 4740/6712/1614 4727/6711/1613
f 4535/6511/1617 4739/6503/1611 4614/6502/1610
f 4539/6490/1598 4739/6505/1611 4610/6488/1596
f 4534/6518/1624 4738/6713/1607 4612/6525/1631
f 4532/6524/1630 4738/6713/1607 4726/6701/1604
f 4661/6633/1736 4760/6714/1769 4773/6715/1773
f 4662/6629/1732 4759/6716/1767 4772/6717/1772
f 4572/6632/1735 4773/6715/1773 4761/6718/1771
f 4663/6623/1726 4758/6719/1766 4771/6720/1770
f 4573/6628/1731 4772/6717/1772 4760/6714/1769
f 4647/6721/1776 4750/6722/1693 4770/6723/1768
f 4574/6622/1725 4771/6720/1770 4759/6716/1767
f 4575/6615/1718 4770/6723/1768 4758/6719/1766
f 4651/6653/1756 4757/6724/1698 4563/6582/1687
f 4562/6652/1755 4769/6725/1765 4651/6653/1756
f 4650/6647/1750 4756/6726/1764 4562/6652/1755
f 4561/6646/1749 4768/6727/1763 4650/6647/1750
f 4649/6640/1743 4755/6728/1762 4561/6646/1749
f 4560/6641/1744 4767/6729/1761 4649/6640/1743
f 4648/6639/1742 4754/6730/1760 4560/6641/1744
f 4656/6612/1715 4752/6731/1738 4558/6610/1713
f 4555/6587/1692 4765/6600/1704 4641/6601/1705
f 4645/6604/1707 4751/6732/1702 4765/6602/1704
f 4660/6609/1712 4761/6718/1771 4764/6733/1703
f 4557/6608/1711 4764/6733/1703 4751/6732/1702
f 4559/6603/1706 4763/6595/1700 4646/6594/1699
f 4563/6582/1687 4763/6597/1700 4642/6580/1685
f 4558/6610/1713 4762/6734/1696 4644/6617/1720
f 4556/6616/1719 4762/6734/1696 4750/6722/1693
f 4798/6735/1777 4777/6736/1778 4776/6737/1779
f 4792/6738/1780 4776/6737/1779 4774/6739/1781
f 4781/6740/1782 4810/6741/1783 4807/6742/1784
f 4784/6743/1785 4816/6744/1786 4819/6745/1787
f 4801/6746/1788 4774/6739/1781 4779/6747/1789
f 4779/6747/1789 4807/6742/1784 4801/6746/1788
f 4789/6748/1790 4782/6749/1791 4775/6750/1792
f 4780/6751/1793 4804/6752/1794 4810/6741/1783
f 4783/6753/1795 4819/6745/1787 4813/6754/1796
f 4822/6755/1797 4778/6756/1798 4786/6757/1799
f 4813/6754/1796 4785/6758/1800 4783/6753/1795
f 4786/6757/1799 4828/6759/1801 4822/6755/1797
f 4787/6760/1802 4825/6761/1803 4828/6759/1801
f 4812/6762/1804 4794/6763/1805 4806/6764/1806
f 4797/6765/1807 4793/6766/1808 4791/6767/1809
f 4799/6768/1810 4792/6738/1780 4793/6766/1808
f 4794/6763/1805 4799/6768/1810 4797/6765/1807
f 4796/6769/1811 4798/6735/1777 4799/6768/1810
f 4788/6770/1812 4796/6769/1811 4794/6763/1805
f 4790/6771/1813 4795/6772/1814 4796/6769/1811
f 4806/6764/1806 4802/6773/1815 4808/6774/1816
f 4808/6774/1816 4801/6746/1788 4807/6742/1784
f 4809/6775/1817 4808/6774/1816 4811/6776/1818
f 4811/6776/1818 4807/6742/1784 4810/6741/1783
f 4803/6777/1819 4811/6776/1818 4805/6778/1820
f 4805/6778/1820 4810/6741/1783 4804/6752/1794
f 4800/6779/1821 4793/6766/1808 4802/6773/1815
f 4793/6766/1808 4801/6746/1788 4802/6773/1815
f 4818/6780/1822 4814/6781/1823 4820/6782/1824
f 4820/6782/1824 4813/6754/1796 4819/6745/1787
f 4815/6783/1825 4820/6782/1824 4817/6784/1826
f 4817/6784/1826 4819/6745/1787 4816/6744/1786
f 4821/6785/1827 4829/6786/1828 4827/6787/1829
f 4823/6788/1830 4828/6759/1801 4829/6786/1828
f 4827/6787/1829 4826/6789/1831 4824/6790/1832
f 4829/6786/1828 4825/6761/1803 4826/6789/1831
f 4815/6783/1825 4790/6771/1813 4788/6770/1812
f 4790/6771/1813 4816/6744/1786 4789/6748/1790
f 4824/6790/1832 4814/6781/1823 4812/6762/1804
f 4826/6789/1831 4813/6754/1796 4814/6781/1823
f 4822/6755/1797 4805/6778/1820 4804/6752/1794
f 4805/6778/1820 4821/6785/1827 4803/6777/1819
f 4795/6772/1814 4775/6750/1792 4777/6736/1778
f 4830/6791/158 4844/6792/158 4837/6793/158
f 4846/6794/16 4832/6795/16 4841/6796/16
f 4838/6797/18 4847/6798/18 4845/6799/18
f 4843/6800/16 4835/6801/16 4846/6794/16
f 4847/6798/18 4836/6802/18 4845/6799/18
f 4831/6803/1833 4843/6804/1 4839/6805/1
f 4834/6806/1834 4832/6807/1835 4835/6808/1834
f 4831/6803/1833 4835/6808/1834 4833/6809/1833
f 4834/6810/158 4839/6811/158 4844/6792/158
f 4832/6807/1835 4837/6812/14 4841/6813/14
f 4839/6805/1836 4842/6814/1019 4838/6815/1017
f 4842/6816/1019 4846/6794/1020 4847/6798/1020
f 4841/6813/1013 4836/6817/1014 4840/6818/1015
f 4844/6792/1016 4838/6797/1017 4845/6799/1016
f 4846/6794/1020 4840/6819/1015 4847/6798/1020
f 4854/6820/1014 4862/6821/1016 4863/6822/1016
f 4848/6823/158 4862/6821/158 4855/6824/158
f 4864/6825/16 4850/6826/16 4859/6827/16
f 4860/6828/18 4863/6822/18 4856/6829/18
f 4861/6830/16 4853/6831/16 4864/6825/16
f 4865/6832/18 4854/6820/18 4863/6822/18
f 4849/6833/1833 4861/6834/1 4857/6835/1
f 4852/6836/1834 4850/6837/1835 4853/6838/1834
f 4849/6833/1833 4853/6838/1834 4851/6839/1833
f 4852/6840/158 4857/6841/158 4862/6821/158
f 4850/6837/1835 4855/6842/14 4859/6843/14
f 4857/6835/1836 4860/6844/1019 4856/6845/1017
f 4860/6828/1019 4864/6825/1020 4865/6832/1020
f 4858/6846/1015 4855/6842/1021 4854/6847/1014
f 4862/6821/1016 4856/6829/1017 4863/6822/1016
f 4864/6825/1020 4858/6848/1015 4865/6832/1020
f 4866/6849/158 4869/6850/158 4868/6851/158
f 4869/6850/1837 4872/6852/1837 4868/6853/1837
f 4873/6854/16 4870/6855/16 4872/6856/16
f 4871/6857/1838 4866/6858/1838 4870/6859/1838
f 4872/6860/1839 4866/6861/1839 4868/6862/1839
f 4869/6850/1840 4871/6857/1840 4873/6854/1840
f 4878/6863/1841 4880/6864/1841 4874/6865/1841
f 4888/6866/1842 4886/6867/1842 4884/6868/1842
f 4884/6869/158 4877/6870/1843 4876/6871/158
f 4882/6872/1844 4875/6873/1845 4874/6874/1844
f 4881/6875/1846 4882/6876/1844 4874/6877/1844
f 4887/6878/1847 4880/6879/16 4879/6880/1847
f 4885/6881/1843 4878/6882/1848 4877/6870/1843
f 4875/6873/1845 4884/6869/158 4876/6871/158
f 4888/6883/16 4881/6875/1846 4880/6879/16
f 4878/6882/1848 4887/6878/1847 4879/6880/1847
f 4894/6884/1841 4896/6885/1841 4890/6886/1841
f 4904/6887/1842 4902/6888/1842 4900/6889/1842
f 4900/6890/158 4893/6891/1843 4892/6892/158
f 4898/6893/1844 4891/6894/1845 4890/6895/1844
f 4897/6896/1846 4898/6897/1844 4890/6898/1844
f 4903/6899/1847 4896/6900/16 4895/6901/1847
f 4901/6902/1843 4894/6903/1848 4893/6891/1843
f 4891/6894/1845 4900/6890/158 4892/6892/158
f 4896/6900/16 4905/6904/1846 4897/6896/1846
f 4894/6903/1848 4903/6899/1847 4895/6901/1847
f 4910/6905/1841 4912/6906/1841 4906/6907/1841
f 4920/6908/1842 4918/6909/1842 4916/6910/1842
f 4908/6911/158 4917/6912/1843 4909/6913/1843
f 4914/6914/1844 4907/6915/1845 4906/6916/1844
f 4921/6917/1846 4906/6918/1844 4913/6919/1846
f 4919/6920/1847 4912/6921/16 4911/6922/1847
f 4917/6912/1843 4910/6923/1848 4909/6913/1843
f 4915/6924/1845 4908/6911/158 4907/6915/1845
f 4912/6921/16 4921/6917/1846 4913/6919/1846
f 4918/6925/1848 4911/6922/1847 4910/6923/1848
f 4926/6926/1841 4928/6927/1841 4922/6928/1841
f 4936/6929/1842 4934/6930/1842 4932/6931/1842
f 4932/6932/158 4925/6933/1843 4924/6934/158
f 4922/6935/1844 4931/6936/1845 4923/6937/1845
f 4937/6938/1846 4922/6939/1844 4929/6940/1846
f 4935/6941/1847 4928/6942/16 4927/6943/1847
f 4925/6933/1843 4934/6944/1848 4926/6945/1848
f 4931/6936/1845 4924/6934/158 4923/6937/1845
f 4928/6942/16 4937/6938/1846 4929/6940/1846
f 4926/6945/1848 4935/6941/1847 4927/6943/1847
f 4942/6946/1841 4944/6947/1841 4938/6948/1841
f 4952/6949/1842 4950/6950/1842 4948/6951/1842
f 4940/6952/158 4949/6953/1843 4941/6954/1843
f 4946/6955/1844 4939/6956/1845 4938/6957/1844
f 4953/6958/1846 4938/6959/1844 4945/6960/1846
f 4943/6961/1847 4952/6962/16 4944/6963/16
f 4949/6953/1843 4942/6964/1848 4941/6954/1843
f 4947/6965/1845 4940/6952/158 4939/6956/1845
f 4944/6963/16 4953/6958/1846 4945/6960/1846
f 4942/6964/1848 4951/6966/1847 4943/6961/1847
f 4958/6967/1841 4960/6968/1841 4954/6969/1841
f 4968/6970/1842 4966/6971/1842 4964/6972/1842
f 4956/6973/158 4965/6974/1843 4957/6975/1843
f 4954/6976/1844 4963/6977/1845 4955/6978/1845
f 4961/6979/1846 4962/6980/1844 4954/6981/1844
f 4967/6982/1847 4960/6983/16 4959/6984/1847
f 4965/6974/1843 4958/6985/1848 4957/6975/1843
f 4963/6977/1845 4956/6973/158 4955/6978/1845
f 4960/6983/16 4969/6986/1846 4961/6979/1846
f 4958/6985/1848 4967/6982/1847 4959/6984/1847
f 4775/6987/18 4785/6988/18 4780/6989/18
f 4836/6802/1014 4844/6792/1016 4845/6799/1016
f 4973/6990/1793 4994/6991/1784 4972/6992/1782
f 4972/6992/1782 4988/6993/1788 4970/6994/1789
f 5006/6995/1814 4977/6996/1779 5003/6997/1777
f 5012/6998/1797 4980/6999/1802 5015/7000/1849
f 4970/6994/1789 4997/7001/1780 4975/7002/1781
f 5003/6997/1777 4975/7002/1781 4997/7001/1780
f 4978/7003/1799 4985/7004/1794 4971/7005/1798
f 5000/7006/1790 4976/7007/1778 5006/6995/1814
f 5015/7000/1849 4979/7008/1800 5009/7009/1803
f 4974/7010/1792 5018/7011/1786 4982/7012/1791
f 4981/7013/1795 5009/7009/1803 4979/7008/1800
f 5024/7014/1850 4982/7012/1791 5018/7011/1786
f 5021/7015/1796 4983/7016/1785 5024/7014/1850
f 5002/7017/1807 4990/7018/1817 5008/7019/1832
f 4989/7020/1851 4993/7021/1806 4987/7022/1821
f 4988/6993/1788 4995/7023/1816 4989/7020/1851
f 4995/7023/1816 4990/7018/1817 4993/7021/1806
f 4994/6991/1784 4992/7024/1818 4995/7023/1816
f 4992/7024/1818 4984/7025/1819 4990/7018/1817
f 4991/7026/1783 4986/7027/1820 4992/7024/1818
f 5002/7017/1807 4998/7028/1852 4996/7029/1809
f 5004/7030/1810 4997/7001/1780 4998/7028/1852
f 5005/7031/1805 5004/7030/1810 5002/7017/1807
f 5007/7032/1811 5003/6997/1777 5004/7030/1810
f 4999/7033/1812 5007/7032/1811 5005/7031/1805
f 5001/7034/1813 5006/6995/1814 5007/7032/1811
f 4996/7029/1809 4989/7020/1851 4987/7022/1821
f 4997/7001/1780 4989/7020/1851 4998/7028/1852
f 5014/7035/1853 5010/7036/1831 5008/7019/1832
f 5016/7037/1828 5009/7009/1803 5010/7036/1831
f 5011/7038/1827 5016/7037/1828 5014/7035/1853
f 5013/7039/1830 5015/7000/1849 5016/7037/1828
f 5025/7040/1824 5017/7041/1825 5023/7042/1854
f 5024/7014/1850 5019/7043/1826 5025/7040/1824
f 5022/7044/1823 5023/7042/1854 5020/7045/1804
f 5021/7015/1796 5025/7040/1824 5022/7044/1823
f 4986/7027/1820 5011/7038/1827 4984/7025/1819
f 4986/7027/1820 5012/6998/1797 5013/7039/1830
f 5010/7036/1831 5020/7045/1804 5008/7019/1832
f 5010/7036/1831 5021/7015/1796 5022/7044/1823
f 5001/7034/1813 5018/7011/1786 5000/7006/1790
f 5001/7034/1813 5017/7041/1825 5019/7043/1826
f 4971/7005/1798 4991/7026/1783 4973/6990/1793
f 5040/7046/16 5026/7047/16 5033/7048/16
f 5042/7049/158 5028/7050/158 5031/7051/158
f 5034/7052/18 5043/7053/18 5038/7054/18
f 5039/7055/158 5031/7051/158 5029/7056/158
f 5032/7057/18 5043/7053/18 5041/7058/18
f 5039/7059/1 5027/7060/1833 5035/7061/1
f 5028/7062/1835 5030/7063/1834 5031/7064/1834
f 5031/7064/1834 5027/7060/1833 5029/7065/1833
f 5035/7066/16 5030/7067/16 5040/7046/16
f 5033/7068/14 5028/7062/1835 5037/7069/14
f 5038/7070/1017 5035/7061/1018 5034/7071/1019
f 5038/7054/1017 5042/7049/1016 5039/7055/1836
f 5032/7072/1015 5037/7069/1021 5036/7073/1014
f 5034/7052/1019 5040/7046/1020 5041/7058/1020
f 5036/7074/1014 5042/7049/1016 5043/7053/1016
f 5050/7075/1015 5058/7076/1020 5051/7077/1013
f 5058/7076/16 5044/7078/16 5051/7077/16
f 5060/7079/158 5046/7080/158 5049/7081/158
f 5059/7082/18 5056/7083/18 5052/7084/18
f 5057/7085/158 5049/7081/158 5047/7086/158
f 5050/7075/18 5061/7087/18 5059/7082/18
f 5057/7088/1 5045/7089/1833 5053/7090/1
f 5046/7091/1835 5048/7092/1834 5049/7093/1834
f 5049/7093/1834 5045/7089/1833 5047/7094/1833
f 5053/7095/16 5048/7096/16 5058/7076/16
f 5051/7097/14 5046/7091/1835 5055/7098/14
f 5056/7099/1017 5053/7090/1018 5052/7100/1019
f 5056/7083/1017 5060/7079/1016 5057/7085/1836
f 5050/7101/1015 5055/7098/1021 5054/7102/1014
f 5052/7084/1019 5058/7076/1020 5059/7082/1020
f 5054/7103/1014 5060/7079/1016 5061/7087/1016
f 5062/7104/16 5065/7105/16 5063/7106/16
f 5068/7107/1837 5065/7105/1837 5064/7108/1837
f 5066/7109/158 5069/7110/158 5068/7111/158
f 5062/7112/1838 5067/7113/1838 5066/7114/1838
f 5062/7115/1839 5068/7116/1839 5064/7117/1839
f 5067/7113/1840 5065/7105/1840 5069/7110/1840
f 5076/7118/1841 5074/7119/1841 5072/7120/1841
f 5082/7121/1842 5084/7122/1842 5078/7123/1842
f 5073/7124/1847 5080/7125/16 5072/7126/16
f 5071/7127/1846 5078/7128/1844 5070/7129/1844
f 5077/7130/1845 5078/7131/1844 5085/7132/1845
f 5076/7133/158 5083/7134/1843 5075/7135/1843
f 5073/7124/1847 5082/7136/1848 5081/7137/1847
f 5071/7127/1846 5080/7125/16 5079/7138/1846
f 5077/7130/1845 5084/7139/158 5076/7133/158
f 5074/7140/1848 5083/7134/1843 5082/7136/1848
f 5092/7141/1841 5090/7142/1841 5088/7143/1841
f 5098/7144/1842 5100/7145/1842 5094/7146/1842
f 5089/7147/1847 5096/7148/16 5088/7149/16
f 5087/7150/1846 5094/7151/1844 5086/7152/1844
f 5093/7153/1845 5094/7154/1844 5101/7155/1845
f 5092/7156/158 5099/7157/1843 5091/7158/1843
f 5090/7159/1848 5097/7160/1847 5089/7147/1847
f 5088/7149/16 5095/7161/1846 5087/7150/1846
f 5092/7156/158 5101/7155/1845 5100/7162/158
f 5090/7159/1848 5099/7157/1843 5098/7163/1848
f 5108/7164/1841 5106/7165/1841 5104/7166/1841
f 5114/7167/1842 5116/7168/1842 5110/7169/1842
f 5105/7170/1847 5112/7171/16 5104/7172/16
f 5103/7173/1846 5110/7174/1844 5102/7175/1844
f 5102/7176/1844 5117/7177/1845 5109/7178/1845
f 5108/7179/158 5115/7180/1843 5107/7181/1843
f 5106/7182/1848 5113/7183/1847 5105/7170/1847
f 5104/7172/16 5111/7184/1846 5103/7173/1846
f 5108/7179/158 5117/7177/1845 5116/7185/158
f 5107/7181/1843 5114/7186/1848 5106/7182/1848
f 5124/7187/1841 5122/7188/1841 5120/7189/1841
f 5130/7190/1842 5132/7191/1842 5126/7192/1842
f 5120/7193/16 5129/7194/1847 5128/7195/16
f 5118/7196/1844 5127/7197/1846 5126/7198/1844
f 5118/7199/1844 5133/7200/1845 5125/7201/1845
f 5124/7202/158 5131/7203/1843 5123/7204/1843
f 5121/7205/1847 5130/7206/1848 5129/7194/1847
f 5120/7193/16 5127/7197/1846 5119/7207/1846
f 5124/7202/158 5133/7200/1845 5132/7208/158
f 5122/7209/1848 5131/7203/1843 5130/7206/1848
f 5140/7210/1841 5138/7211/1841 5136/7212/1841
f 5146/7213/1842 5148/7214/1842 5142/7215/1842
f 5136/7216/16 5145/7217/1847 5144/7218/16
f 5134/7219/1844 5143/7220/1846 5142/7221/1844
f 5141/7222/1845 5142/7223/1844 5149/7224/1845
f 5140/7225/158 5147/7226/1843 5139/7227/1843
f 5138/7228/1848 5145/7217/1847 5137/7229/1847
f 5136/7216/16 5143/7220/1846 5135/7230/1846
f 5140/7225/158 5149/7224/1845 5148/7231/158
f 5138/7228/1848 5147/7226/1843 5146/7232/1848
f 5156/7233/1841 5154/7234/1841 5152/7235/1841
f 5162/7236/1842 5164/7237/1842 5158/7238/1842
f 5152/7239/16 5161/7240/1847 5160/7241/16
f 5150/7242/1844 5159/7243/1846 5158/7244/1844
f 5150/7245/1844 5165/7246/1845 5157/7247/1845
f 5156/7248/158 5163/7249/1843 5155/7250/1843
f 5154/7251/1848 5161/7240/1847 5153/7252/1847
f 5152/7239/16 5159/7243/1846 5151/7253/1846
f 5156/7248/158 5165/7246/1845 5164/7254/158
f 5154/7251/1848 5163/7249/1843 5162/7255/1848
f 4976/7256/18 4981/7257/18 4971/7258/18
f 5032/7057/1015 5040/7046/1020 5033/7048/1013
f 5175/7259/1444 5192/7260/1089 5182/7261/1089
f 5183/7262/1437 5187/7263/16 5169/7264/16
f 5191/7265/1082 5167/7266/158 5186/7267/158
f 5169/7268/18 5186/7269/18 5167/7270/18
f 5177/7271/1 5185/7272/1 5169/7273/1
f 5175/7259/1444 5188/7274/1442 5189/7275/1444
f 5177/7276/1442 5190/7277/1079 5188/7274/1442
f 5176/7278/1079 5191/7265/1082 5190/7277/1079
f 5192/7260/1089 5184/7279/1087 5182/7261/1089
f 5193/7280/1087 5185/7281/1433 5184/7279/1087
f 5194/7282/1433 5183/7262/1437 5185/7281/1433
f 5181/7283/1088 5204/7284/1436 5180/7285/1436
f 5166/7286/14 5187/7287/14 5168/7288/14
f 5172/7289/14 5189/7290/14 5188/7291/14
f 5173/7292/14 5188/7291/14 5190/7293/14
f 5173/7292/14 5191/7294/14 5171/7295/14
f 5181/7283/14 5192/7296/14 5179/7297/14
f 5180/7285/14 5193/7298/14 5181/7283/14
f 5180/7285/14 5195/7299/14 5194/7300/14
f 5168/7288/14 5195/7299/14 5178/7301/14
f 5179/7297/14 5189/7290/14 5170/7302/14
f 5166/7286/14 5191/7294/14 5186/7269/14
f 5203/7303/14 5200/7304/14 5196/7305/14
f 5173/7292/1080 5198/7306/1443 5172/7289/1443
f 5166/7286/16 5201/7307/1081 5171/7295/1081
f 5180/7285/1436 5205/7308/1435 5178/7301/1435
f 5171/7295/1081 5200/7309/1080 5173/7292/1080
f 5168/7288/11 5196/7310/11 5166/7286/11
f 5178/7301/1435 5197/7311/158 5168/7288/158
f 5179/7297/1090 5203/7312/1088 5181/7283/1088
f 5172/7289/1443 5199/7313/1445 5170/7302/1445
f 5170/7302/1445 5202/7314/1090 5179/7297/1090
f 5223/7315/158 5209/7316/158 5219/7317/158
f 5209/7318/1855 5220/7319/1856 5219/7320/1856
f 5222/7321/16 5225/7322/16 5221/7323/16
f 5225/7324/1857 5218/7325/14 5221/7326/14
f 5216/7327/18 5206/7328/18 5214/7329/18
f 5215/7330/1858 5228/7331/1858 5217/7332/1858
f 5209/7318/1855 5224/7333/1859 5213/7334/1855
f 5212/7335/1860 5214/7329/18 5208/7336/1860
f 5213/7337/16 5222/7321/16 5220/7338/16
f 5226/7339/158 5223/7315/158 5218/7340/158
f 5218/7340/158 5214/7329/158 5206/7328/158
f 5220/7338/16 5216/7327/16 5212/7335/16
f 5221/7326/14 5206/7341/14 5210/7342/14
f 5216/7327/16 5221/7323/16 5210/7343/16
f 5219/7320/1856 5212/7344/1860 5208/7345/1860
f 5214/7329/158 5219/7317/158 5208/7336/158
f 5217/7332/1861 5225/7324/1857 5224/7333/1859
f 5207/7346/1861 5225/7324/1857 5211/7347/1861
f 5215/7330/1861 5226/7348/1862 5207/7346/1861
f 5215/7330/1861 5224/7333/1859 5227/7349/1859
f 5231/7350/1861 5229/7351/1861 5228/7352/1861
f 5211/7347/1863 5230/7353/1863 5207/7346/1863
f 5215/7330/16 5230/7353/16 5231/7354/16
f 5217/7332/158 5229/7355/158 5211/7347/158
f 5263/7356/1864 5246/7357/84 5247/7358/1865
f 5256/7359/1866 5239/7360/1867 5240/7361/14
f 5249/7362/1868 5232/7363/1 5233/7364/1869
f 5248/7365/1870 5247/7358/1865 5232/7366/1
f 5257/7367/1871 5240/7361/14 5241/7368/1872
f 5250/7369/1873 5233/7364/1869 5234/7370/64
f 5258/7371/1874 5241/7368/1872 5242/7372/283
f 5251/7373/1875 5234/7370/64 5235/7374/1876
f 5259/7375/1877 5242/7372/283 5243/7376/1878
f 5252/7377/1879 5235/7374/1876 5236/7378/158
f 5260/7379/1880 5243/7376/1878 5244/7380/16
f 5253/7381/1881 5236/7378/158 5237/7382/1882
f 5261/7383/1883 5244/7380/16 5245/7384/1884
f 5254/7385/1885 5237/7382/1882 5238/7386/352
f 5262/7387/1886 5245/7384/1884 5246/7357/84
f 5255/7388/1887 5238/7386/352 5239/7360/1867
f 5294/7389/1888 5261/7383/1883 5262/7387/1886
f 5255/7388/1887 5286/7390/1889 5254/7385/1885
f 5295/7391/1890 5262/7387/1886 5263/7356/1864
f 5256/7359/1866 5287/7392/1891 5255/7388/1887
f 5249/7362/1868 5281/7393/1892 5248/7394/1870
f 5281/7395/1892 5263/7356/1864 5248/7365/1870
f 5289/7396/1893 5256/7359/1866 5257/7367/1871
f 5250/7369/1873 5280/7397/1894 5249/7362/1868
f 5290/7398/1895 5257/7367/1871 5258/7371/1874
f 5251/7373/1875 5282/7399/1896 5250/7369/1873
f 5291/7400/1897 5258/7371/1874 5259/7375/1877
f 5252/7377/1879 5283/7401/1898 5251/7373/1875
f 5292/7402/1899 5259/7375/1877 5260/7379/1880
f 5253/7381/1881 5284/7403/1900 5252/7377/1879
f 5293/7404/1901 5260/7379/1880 5261/7383/1883
f 5254/7385/1885 5285/7405/1902 5253/7381/1881
f 5327/7406/1865 5278/7407/84 5279/7408/1865
f 5281/7393/1892 5265/7409/11 5264/7410/11
f 5265/7409/11 5282/7399/1896 5266/7411/11
f 5282/7399/1896 5267/7412/11 5266/7411/11
f 5283/7401/1898 5268/7413/11 5267/7412/11
f 5268/7413/11 5285/7405/1902 5269/7414/11
f 5269/7414/11 5286/7390/1889 5270/7415/11
f 5286/7390/1889 5271/7416/11 5270/7415/11
f 5271/7416/11 5288/7417/1903 5272/7418/11
f 5272/7418/11 5289/7396/1893 5273/7419/11
f 5273/7419/11 5290/7398/1895 5274/7420/11
f 5290/7398/1895 5275/7421/11 5274/7420/11
f 5291/7400/1897 5276/7422/11 5275/7421/11
f 5276/7422/11 5293/7404/1901 5277/7423/11
f 5277/7423/11 5294/7389/1888 5278/7407/11
f 5294/7389/1888 5279/7408/11 5278/7407/11
f 5295/7391/1890 5264/7424/11 5279/7408/11
f 5332/7425/158 5299/7426/1876 5300/7427/158
f 5320/7428/14 5271/7416/1867 5272/7418/14
f 5312/7429/1869 5264/7410/1 5265/7409/1869
f 5313/7430/1 5279/7408/1865 5264/7424/1
f 5321/7431/1872 5272/7418/14 5273/7419/1872
f 5314/7432/64 5265/7409/1869 5266/7411/64
f 5322/7433/283 5273/7419/1872 5274/7420/283
f 5315/7434/1876 5266/7411/64 5267/7412/1876
f 5323/7435/1878 5274/7420/283 5275/7421/1878
f 5316/7436/158 5267/7412/1876 5268/7413/158
f 5324/7437/16 5275/7421/1878 5276/7422/16
f 5317/7438/1882 5268/7413/158 5269/7414/1882
f 5325/7439/1884 5276/7422/16 5277/7423/1884
f 5318/7440/352 5269/7414/1882 5270/7415/352
f 5326/7441/84 5277/7423/1884 5278/7407/84
f 5319/7442/1867 5270/7415/352 5271/7416/1867
f 5313/7443/11 5297/7444/11 5296/7445/11
f 5297/7444/11 5314/7432/11 5298/7446/11
f 5314/7432/11 5299/7426/11 5298/7446/11
f 5315/7434/11 5300/7427/11 5299/7426/11
f 5316/7436/11 5301/7447/11 5300/7427/11
f 5317/7438/11 5302/7448/11 5301/7447/11
f 5302/7448/11 5319/7442/11 5303/7449/11
f 5303/7449/11 5320/7428/11 5304/7450/11
f 5320/7428/11 5305/7451/11 5304/7450/11
f 5305/7451/11 5322/7433/11 5306/7452/11
f 5322/7433/11 5307/7453/11 5306/7452/11
f 5307/7453/11 5324/7437/11 5308/7454/11
f 5308/7454/11 5325/7439/11 5309/7455/11
f 5309/7455/11 5326/7441/11 5310/7456/11
f 5326/7441/11 5311/7457/11 5310/7456/11
f 5327/7406/11 5296/7458/11 5311/7457/11
f 5336/7459/11 5340/7460/11 5328/7461/11
f 5340/7462/16 5307/7453/1878 5308/7454/16
f 5333/7463/1882 5300/7427/158 5301/7447/1882
f 5341/7464/1884 5308/7454/16 5309/7455/1884
f 5334/7465/352 5301/7447/1882 5302/7448/352
f 5342/7466/84 5309/7455/1884 5310/7456/84
f 5335/7467/1867 5302/7448/352 5303/7449/1867
f 5343/7468/1865 5310/7456/84 5311/7457/1865
f 5336/7469/14 5303/7449/1867 5304/7450/14
f 5329/7470/1869 5296/7445/1 5297/7444/1869
f 5328/7471/1 5311/7457/1865 5296/7458/1
f 5337/7472/1872 5304/7450/14 5305/7451/1872
f 5330/7473/64 5297/7444/1869 5298/7446/64
f 5338/7474/283 5305/7451/1872 5306/7452/283
f 5331/7475/1876 5298/7446/64 5299/7426/1876
f 5339/7476/1878 5306/7452/283 5307/7453/1878
f 5345/7477/158 5346/7478/158 5344/7479/158
f 5347/7480/1 5350/7481/1 5346/7482/1
f 5350/7483/16 5349/7484/16 5348/7485/16
f 5349/7484/1904 5344/7479/1904 5348/7485/1904
f 5350/7486/18 5344/7479/18 5346/7487/18
f 5347/7480/11 5349/7484/11 5351/7488/11
f 5356/7489/1 5358/7490/1 5352/7491/1
f 5364/7492/1905 5373/7493/1906 5365/7494/1907
f 5354/7495/1908 5361/7496/1909 5362/7497/1910
f 5359/7498/1911 5366/7499/1912 5367/7500/1913
f 5356/7501/1914 5365/7494/1907 5357/7502/1915
f 5354/7495/1908 5363/7503/1916 5355/7504/1917
f 5352/7505/1918 5361/7496/1909 5353/7506/1919
f 5359/7498/1911 5360/7507/1920 5352/7508/1918
f 5357/7502/1915 5366/7499/1912 5358/7509/1921
f 5356/7501/1914 5363/7503/1916 5364/7492/1905
f 5374/7510/1922 5391/7511/1923 5375/7512/1923
f 5362/7497/1910 5371/7513/1924 5363/7503/1916
f 5360/7514/1920 5369/7515/1925 5361/7496/1909
f 5360/7507/1920 5375/7512/1926 5368/7516/1927
f 5366/7499/1912 5373/7493/1906 5374/7510/1928
f 5364/7492/1905 5371/7513/1924 5372/7517/1929
f 5361/7496/1909 5370/7518/1930 5362/7497/1910
f 5366/7499/1912 5375/7512/1926 5367/7500/1913
f 5381/7519/169 5398/7520/158 5382/7521/158
f 5372/7517/1931 5389/7522/1932 5373/7493/1932
f 5370/7518/1933 5387/7523/1934 5371/7513/1934
f 5368/7524/1935 5384/7525/1936 5369/7515/1936
f 5375/7512/1923 5385/7526/1935 5368/7516/1935
f 5374/7510/1922 5389/7522/1932 5390/7527/1922
f 5372/7517/1931 5387/7523/1934 5388/7528/1931
f 5370/7518/1933 5384/7525/1936 5386/7529/1933
f 5377/7530/14 5385/7531/14 5376/7532/14
f 5377/7530/14 5386/7533/14 5384/7534/14
f 5379/7535/14 5386/7533/14 5378/7536/14
f 5380/7537/14 5387/7538/14 5379/7535/14
f 5380/7537/14 5389/7539/14 5388/7540/14
f 5382/7521/14 5389/7539/14 5381/7519/14
f 5382/7521/14 5391/7541/14 5390/7542/14
f 5383/7543/14 5385/7531/14 5391/7541/14
f 5398/7520/14 5396/7544/14 5394/7545/14
f 5380/7537/18 5395/7546/30 5396/7544/18
f 5378/7536/16 5392/7547/1937 5394/7545/16
f 5382/7521/158 5399/7548/1938 5383/7543/1938
f 5380/7537/18 5397/7549/169 5381/7519/169
f 5379/7535/30 5394/7545/16 5395/7546/30
f 5377/7530/1937 5393/7550/11 5392/7547/1937
f 5383/7543/1938 5393/7550/11 5376/7532/11
f 5406/7551/14 5404/7552/14 5402/7553/14
f 5412/7554/1 5414/7555/1 5409/7556/1
f 5401/7557/1939 5415/7558/1940 5407/7559/1940
f 5406/7560/1941 5413/7561/1942 5405/7562/1942
f 5404/7563/1943 5411/7564/1944 5403/7565/1944
f 5402/7566/1945 5408/7567/1946 5400/7568/1946
f 5406/7560/1941 5415/7558/1940 5414/7569/1941
f 5405/7562/1942 5412/7570/1943 5404/7563/1943
f 5403/7565/1944 5410/7571/1945 5402/7566/1945
f 5400/7568/1946 5409/7572/1939 5401/7573/1939
f 5422/7574/14 5420/7575/14 5418/7576/14
f 5428/7577/1 5430/7578/1 5425/7579/1
f 5417/7580/1947 5431/7581/1948 5423/7582/1948
f 5422/7583/1949 5429/7584/1950 5421/7585/1950
f 5420/7586/1951 5427/7587/1952 5419/7588/1952
f 5418/7589/1953 5424/7590/1954 5416/7591/1955
f 5423/7582/1948 5430/7592/1956 5422/7583/1949
f 5421/7593/1950 5428/7594/1951 5420/7586/1951
f 5419/7588/1952 5426/7595/1953 5418/7589/1953
f 5416/7591/1955 5425/7596/1957 5417/7580/1947
f 5438/7597/14 5436/7598/14 5434/7599/14
f 5444/7600/1 5446/7601/1 5441/7602/1
f 5433/7603/1958 5447/7604/1959 5439/7605/1959
f 5437/7606/1960 5446/7607/1961 5445/7608/1960
f 5436/7609/1962 5443/7610/1963 5435/7611/1963
f 5434/7612/1964 5440/7613/1965 5432/7614/1965
f 5439/7605/1959 5446/7607/1961 5438/7615/1961
f 5436/7609/1962 5445/7608/1960 5444/7616/1962
f 5435/7617/1963 5442/7618/1964 5434/7612/1964
f 5432/7614/1965 5441/7619/1958 5433/7603/1958
f 5458/7620/18 5453/7621/1966 5457/7622/1967
f 5457/7622/1967 5456/7623/1968 5459/7624/1969
f 5455/7625/1970 5452/7626/1971 5453/7621/1966
f 5453/7621/1966 5462/7627/1972 5456/7623/1968
f 5457/7622/1967 5460/7628/1973 5448/7629/1974
f 5450/7630/1975 5457/7622/1967 5448/7629/1974
f 5450/7630/1975 5449/7631/1976 5451/7632/1977
f 5448/7629/1974 5461/7633/1978 5449/7631/1976
f 5464/7634/1979 5488/7635/1980 5481/7636/1979
f 5465/7637/1975 5481/7636/1979 5482/7638/1975
f 5476/7639/1980 5487/7640/1981 5488/7635/1980
f 5475/7641/1981 5486/7642/1982 5487/7640/1981
f 5477/7643/1983 5483/7644/1984 5489/7645/1983
f 5467/7646/1984 5484/7647/1985 5483/7644/1984
f 5471/7648/1986 5489/7645/1983 5485/7649/1986
f 5474/7650/1987 5485/7649/1986 5486/7642/1982
f 5452/7651/1988 5477/7652/1989 5462/7653/1990
f 5459/7654/1991 5475/7655/1992 5460/7656/1993
f 5460/7656/1993 5476/7657/1994 5461/7658/1995
f 5451/7659/1996 5464/7660/1997 5465/7661/1996
f 5461/7658/1995 5464/7660/1997 5449/7662/1998
f 5456/7663/1999 5474/7664/2000 5459/7654/1991
f 5462/7653/1990 5471/7665/2001 5456/7663/1999
f 5454/7666/2002 5467/7667/2003 5452/7651/1988
f 5483/7668/2004 5495/7669/2005 5489/7670/2005
f 5484/7671/1 5472/7672/2006 5483/7668/2004
f 5485/7673/2007 5495/7669/2005 5463/7674/2007
f 5486/7675/2008 5463/7674/2007 5492/7676/2009
f 5481/7677/2010 5494/7678/2011 5479/7679/2012
f 5482/7680/14 5479/7679/2012 5478/7681/14
f 5488/7682/2013 5493/7683/2014 5494/7678/2011
f 5487/7684/2015 5492/7676/2009 5493/7683/2014
f 5491/7685/11 5469/7686/131 5468/7687/132
f 5490/7688/133 5463/7689/134 5469/7686/131
f 5468/7687/132 5472/7690/135 5466/7691/136
f 5469/7686/131 5495/7692/137 5472/7690/135
f 5493/7693/138 5490/7688/133 5480/7694/139
f 5473/7695/140 5490/7688/133 5491/7685/11
f 5479/7696/141 5473/7695/140 5478/7697/142
f 5494/7698/143 5480/7694/139 5479/7696/141
f 5458/7620/18 5499/7699/2016 5455/7625/1970
f 5501/7700/2017 5500/7701/2018 5499/7699/2016
f 5455/7625/1970 5498/7702/2019 5454/7703/1985
f 5499/7699/2016 5505/7704/2020 5498/7702/2019
f 5503/7705/2021 5501/7700/2017 5496/7706/2022
f 5450/7630/1975 5501/7700/2017 5458/7620/18
f 5497/7707/2023 5450/7630/1975 5451/7632/1977
f 5504/7708/2024 5496/7706/2022 5497/7707/2023
f 5507/7709/2025 5523/7710/2026 5514/7711/2026
f 5465/7637/1975 5518/7712/2025 5507/7709/2025
f 5514/7711/2026 5522/7713/2027 5513/7714/2027
f 5513/7714/2027 5521/7715/2028 5512/7716/2029
f 5515/7717/2030 5519/7718/2031 5508/7719/2031
f 5508/7719/2031 5484/7647/1985 5470/7720/1985
f 5510/7721/2032 5524/7722/2030 5515/7717/2030
f 5512/7716/2029 5520/7723/2032 5510/7721/2032
f 5515/7724/2033 5498/7725/2034 5505/7726/2035
f 5513/7727/2036 5502/7728/2037 5503/7729/2038
f 5514/7730/2039 5503/7729/2038 5504/7731/2040
f 5451/7659/1996 5507/7732/2041 5497/7733/2042
f 5507/7732/2041 5504/7731/2040 5497/7733/2042
f 5512/7734/2043 5500/7735/2044 5502/7728/2037
f 5510/7736/2045 5505/7726/2035 5500/7735/2044
f 5508/7737/2046 5454/7738/2002 5498/7725/2034
f 5529/7739/2047 5519/7740/2048 5524/7741/2047
f 5511/7742/2049 5484/7743/1 5519/7740/2048
f 5520/7744/2050 5529/7739/2047 5524/7741/2047
f 5521/7745/2051 5506/7746/2050 5520/7744/2050
f 5518/7747/2052 5528/7748/2053 5523/7749/2054
f 5482/7680/14 5516/7750/2055 5518/7747/2052
f 5523/7749/2054 5527/7751/2056 5522/7752/2057
f 5522/7752/2057 5526/7753/2058 5521/7745/2051
f 5491/7685/11 5509/7754/240 5525/7755/241
f 5525/7755/241 5506/7756/242 5526/7757/243
f 5468/7687/132 5511/7758/244 5509/7754/240
f 5509/7754/240 5529/7759/245 5506/7756/242
f 5525/7755/241 5527/7760/246 5517/7761/247
f 5473/7695/140 5525/7755/241 5517/7761/247
f 5473/7695/140 5516/7762/248 5478/7697/142
f 5517/7761/247 5528/7763/249 5516/7762/248
f 5539/7764/11 5535/7765/11 5543/7766/11
f 5532/7767/2059 5531/7768/2060 5530/7769/2061
f 5538/7770/18 5530/7771/18 5540/7772/18
f 5543/7773/1 5534/7774/1 5542/7775/1
f 5533/7776/2062 5534/7774/2063 5535/7777/2064
f 5540/7772/18 5536/7778/18 5544/7779/18
f 5530/7769/2065 5537/7780/2066 5536/7781/2067
f 5541/7782/11 5537/7783/11 5531/7784/11
f 5536/7781/2068 5545/7785/2068 5544/7786/2068
f 5538/7770/18 5534/7787/18 5532/7788/18
f 5551/7789/1 5542/7775/1 5550/7790/1
f 5539/7764/11 5531/7784/11 5533/7791/11
f 5538/7770/18 5548/7792/18 5546/7793/18
f 5539/7764/11 5551/7794/11 5547/7795/11
f 5547/7795/11 5541/7782/11 5539/7764/11
f 5546/7793/18 5542/7796/18 5538/7770/18
f 5540/7797/2069 5549/7798/2069 5548/7799/2069
f 5545/7800/158 5540/7797/158 5544/7801/158
f 5561/7802/11 5557/7803/11 5555/7804/11
f 5554/7805/2070 5553/7806/2071 5555/7807/2072
f 5560/7808/18 5552/7809/18 5554/7810/18
f 5556/7811/1 5565/7812/1 5564/7813/1
f 5555/7807/2073 5556/7811/2074 5554/7805/2075
f 5562/7814/18 5558/7815/18 5552/7809/18
f 5552/7816/2076 5559/7817/2077 5553/7806/2078
f 5559/7818/11 5563/7819/11 5553/7820/11
f 5558/7821/2068 5567/7822/2068 5559/7817/2068
f 5556/7823/18 5560/7808/18 5554/7810/18
f 5564/7813/1 5551/7824/1 5550/7825/1
f 5553/7820/11 5561/7802/11 5555/7804/11
f 5548/7792/18 5560/7808/18 5546/7793/18
f 5551/7794/11 5561/7802/11 5547/7795/11
f 5563/7819/11 5547/7795/11 5561/7802/11
f 5564/7826/18 5546/7793/18 5560/7808/18
f 5549/7798/2069 5562/7827/2069 5548/7799/2069
f 5567/7828/16 5562/7827/16 5563/7829/16
f 108/1/1 2/7830/1 5/2/1
f 7/4/2 4/8/6 1/5/3
f 15/7/5 14/7831/16 4/8/6
f 24/9/7 15/86/7 48/10/7
f 22/12/8 7/4/2 6/6/4
f 109/3/1 5/2/1 20/14/1
f 226/16/10 224/337/10 12/17/10
f 16/19/11 11/22/12 229/20/12
f 11/22/12 10/7832/13 222/23/13
f 222/23/14 10/7832/14 12/24/14
f 19/26/11 16/19/11 230/21/11
f 18/28/5 15/7/5 24/29/15
f 17/31/16 14/7831/16 15/7/5
f 35/32/11 19/26/11 231/27/11
f 33/34/16 17/31/16 18/28/5
f 18/36/18 58/125/18 57/37/18
f 31/39/18 66/7833/18 220/40/18
f 32/42/19 68/322/19 70/43/19
f 226/16/10 23/18/10 13/45/10
f 31/48/7 27/318/7 69/49/7
f 215/51/20 27/55/5 31/52/15
f 215/51/20 214/7834/16 26/54/16
f 22/56/21 51/72/29 49/57/22
f 38/59/23 35/32/11 227/33/11
f 43/61/18 29/44/18 70/43/18
f 37/63/17 34/35/17 39/64/25
f 36/66/16 33/34/16 34/35/17
f 206/67/11 26/163/11 92/68/26
f 206/70/16 207/7835/16 27/55/5
f 8/71/28 87/7836/28 51/72/29
f 37/73/18 74/133/147 208/74/30
f 42/76/11 2/7837/11 108/77/11
f 43/79/31 5/83/33 2/80/16
f 44/82/32 20/7838/32 5/83/33
f 44/84/34 43/61/34 78/62/34
f 15/86/18 7/7839/18 49/87/18
f 29/88/5 43/79/31 42/81/16
f 28/90/11 42/76/11 96/78/11
f 55/92/16 48/7840/16 49/93/16
f 52/95/16 87/105/16 47/96/16
f 54/98/16 52/95/16 53/97/16
f 57/100/16 58/7841/16 60/101/16
f 59/102/16 60/101/16 54/98/16
f 61/103/16 54/98/16 56/99/16
f 54/98/16 60/101/16 55/92/16
f 52/95/16 55/92/16 51/94/16
f 218/106/16 64/110/16 65/107/16
f 220/109/16 66/113/16 64/110/16
f 209/111/16 66/113/16 69/49/36
f 210/112/16 64/110/16 66/113/16
f 210/112/16 211/316/16 65/107/16
f 75/114/16 76/117/16 106/115/16
f 76/117/16 77/120/16 45/118/16
f 63/119/16 67/320/16 77/120/16
f 68/121/16 63/119/16 76/117/16
f 68/121/16 75/114/16 78/122/16
f 25/124/19 60/7842/19 58/125/19
f 44/84/18 75/85/18 105/126/18
f 39/128/37 34/38/37 57/37/37
f 24/9/18 55/11/18 60/130/18
f 40/132/38 73/7843/38 74/133/38
f 225/46/39 13/45/39 3/134/39
f 80/136/18 79/7844/18 62/137/18
f 79/139/40 80/7845/40 81/140/40
f 82/141/40 81/140/40 40/142/40
f 59/144/41 61/148/45 82/145/42
f 79/147/44 82/145/42 61/148/45
f 81/150/47 71/153/50 73/151/48
f 71/153/50 81/150/47 80/154/51
f 93/91/35 96/78/11 243/156/11
f 96/78/11 108/77/11 244/158/11
f 95/159/54 94/168/11 33/160/11
f 221/162/55 92/68/26 26/163/11
f 21/165/10 90/179/10 87/166/10
f 94/168/11 89/170/11 17/169/11
f 89/170/11 88/177/11 14/171/11
f 1/172/14 85/336/14 86/173/14
f 83/175/12 85/336/13 1/172/13
f 88/177/11 83/175/12 4/176/56
f 21/165/10 6/7846/10 86/178/10
f 109/3/1 84/208/64 120/180/57
f 120/180/57 122/227/1 108/1/1
f 232/181/58 46/7847/58 91/182/58
f 234/184/18 97/330/18 98/185/18
f 236/187/18 102/194/18 213/188/18
f 238/190/18 101/319/18 103/191/18
f 240/193/18 99/195/18 102/194/18
f 235/186/18 98/185/18 99/195/18
f 237/196/18 100/314/18 216/197/18
f 234/184/18 53/333/18 47/199/18
f 103/191/18 46/7848/18 232/201/18
f 107/202/59 112/247/59 144/203/60
f 104/205/62 121/219/71 138/206/63
f 84/208/64 113/218/64 140/209/65
f 126/210/66 179/256/98 176/211/67
f 84/208/64 109/3/1 105/15/1
f 128/212/68 176/211/67 170/214/69
f 91/182/1 107/202/59 115/204/61
f 115/204/61 117/224/1 106/216/1
f 228/183/1 91/182/1 115/204/61
f 84/208/64 50/213/64 114/217/64
f 108/1/1 122/227/1 121/219/71
f 121/219/71 104/205/62 9/220/1
f 244/221/1 108/1/1 121/219/71
f 106/216/1 117/224/1 116/222/72
f 116/222/72 50/213/64 105/15/1
f 121/219/71 124/228/76 137/229/77
f 124/228/76 123/226/75 139/230/78
f 123/226/75 120/180/57 140/209/65
f 142/231/79 116/222/72 119/225/74
f 141/232/80 119/225/74 118/223/73
f 118/223/73 115/204/61 144/203/60
f 116/222/72 142/231/79 114/217/64
f 129/234/82 162/249/91 146/235/83
f 135/237/84 153/258/92 167/238/85
f 111/240/1 152/262/87 156/241/87
f 135/237/84 113/218/64 114/217/64
f 131/244/88 129/234/82 138/206/63
f 132/245/89 131/244/88 137/229/77
f 130/239/86 132/245/89 139/230/78
f 125/246/90 142/231/79 141/232/80
f 127/215/70 141/232/80 143/233/81
f 128/212/68 143/233/81 144/203/60
f 125/246/90 136/243/84 114/217/64
f 126/210/66 144/203/60 112/247/59
f 129/234/82 133/236/59 110/207/62
f 130/239/86 140/209/65 113/218/64
f 131/244/88 158/254/96 162/249/91
f 125/246/90 174/259/100 155/250/92
f 145/242/1 156/241/87 173/251/93
f 173/251/93 171/271/110 177/252/94
f 177/252/94 180/275/114 149/253/95
f 149/253/95 145/242/1 173/251/93
f 132/245/89 164/257/99 158/254/96
f 126/210/66 134/248/62 150/255/97
f 130/239/86 167/238/85 164/257/99
f 136/243/84 155/250/92 153/258/92
f 127/215/70 170/214/69 174/259/100
f 155/250/92 157/261/101 154/260/101
f 157/261/101 156/241/87 152/262/87
f 159/263/102 161/277/116 163/264/103
f 160/265/104 163/264/103 162/249/91
f 165/266/105 159/263/102 160/265/104
f 166/267/106 160/265/104 158/254/96
f 168/268/107 165/266/105 166/267/106
f 169/269/108 166/267/106 164/257/99
f 173/251/93 175/272/111 172/270/109
f 175/272/111 174/259/100 170/214/69
f 171/271/110 172/270/109 178/273/112
f 172/270/109 170/214/69 176/211/67
f 177/252/94 178/273/112 181/274/113
f 178/273/112 176/211/67 179/256/98
f 173/251/93 156/241/87 157/261/101
f 175/272/111 157/261/101 155/250/92
f 180/275/114 181/274/113 151/276/115
f 181/274/113 179/256/98 150/255/97
f 161/277/116 147/279/118 148/278/117
f 163/264/103 148/278/117 146/235/83
f 168/268/107 169/269/108 154/260/101
f 169/269/108 167/238/85 153/258/92
f 152/262/87 111/240/1 147/279/118
f 147/279/118 161/277/116 159/263/102
f 159/263/102 165/266/105 168/268/107
f 168/268/107 152/262/87 147/279/118
f 189/280/119 190/596/14 197/281/14
f 185/283/121 205/296/121 199/284/122
f 187/286/123 203/291/128 204/287/124
f 184/285/122 199/284/122 202/289/126
f 186/290/127 202/289/126 203/291/128
f 182/288/125 204/287/124 192/292/129
f 183/293/130 192/292/129 194/294/1
f 185/283/121 189/280/119 195/282/120
f 201/297/11 200/300/133 196/298/131
f 200/300/133 202/7849/2079 199/301/134
f 198/299/132 196/298/131 195/302/135
f 196/298/131 199/301/134 205/304/137
f 203/305/138 202/7849/2079 200/300/133
f 193/307/140 191/306/139 200/300/133
f 192/308/141 191/306/139 193/307/140
f 204/310/143 203/305/138 191/306/139
f 221/162/55 93/91/35 185/311/144
f 187/313/146 182/339/150 95/159/54
f 241/189/18 213/188/18 100/314/18
f 71/315/16 72/7850/16 211/316/16
f 73/317/16 71/315/16 210/112/16
f 74/133/147 73/317/16 209/111/16
f 207/75/18 208/74/30 69/49/36
f 37/63/17 207/7835/16 206/70/16
f 36/161/11 206/67/11 212/69/27
f 242/198/18 216/197/18 101/319/18
f 93/91/35 221/162/55 214/164/11
f 63/119/16 68/121/16 220/109/16
f 63/119/16 218/106/16 219/108/16
f 28/89/16 214/7834/16 215/51/20
f 32/321/15 29/88/5 215/51/20
f 217/41/18 220/40/18 68/322/18
f 186/323/148 187/313/146 212/69/27
f 184/312/145 186/323/148 92/68/26
f 219/324/18 242/198/18 238/190/18
f 211/326/18 241/189/18 237/196/18
f 239/192/18 232/201/18 45/328/18
f 97/330/18 234/184/18 223/200/18
f 65/327/18 237/196/18 242/198/18
f 56/332/18 235/186/18 240/193/18
f 240/193/18 236/187/18 72/138/18
f 67/325/18 238/190/18 239/192/18
f 72/138/18 236/187/18 241/189/18
f 53/333/18 234/184/18 235/186/18
f 45/334/58 232/181/58 228/183/58
f 87/166/39 225/46/39 223/135/39
f 233/60/24 227/33/11 94/168/11
f 90/179/10 226/16/10 225/46/10
f 227/33/11 231/27/11 89/170/11
f 231/27/11 230/21/11 88/177/11
f 85/336/14 222/23/14 224/25/14
f 229/20/12 222/23/13 85/336/13
f 230/21/11 229/20/12 83/175/12
f 90/179/10 86/178/10 224/337/10
f 183/338/149 188/642/257 38/59/23
f 233/60/24 95/159/54 182/339/150
f 243/156/11 244/158/11 9/340/11
f 245/157/53 243/156/11 41/341/11
f 245/157/53 189/343/152 185/311/144
f 189/343/152 245/157/53 30/342/151
f 249/345/1 247/7851/1 329/346/1
f 251/348/154 250/357/160 246/349/155
f 254/351/157 251/348/154 248/350/156
f 260/353/7 286/7852/7 279/354/7
f 259/356/159 258/385/163 250/357/160
f 257/358/1 249/345/1 330/347/1
f 426/360/10 23/18/10 12/17/10
f 429/362/12 11/22/12 16/19/11
f 422/364/13 10/7832/13 11/22/12
f 12/24/14 10/7832/14 422/364/14
f 430/363/11 16/19/11 19/26/11
f 260/367/161 254/351/157 256/368/157
f 256/368/157 254/351/157 253/352/158
f 431/366/11 19/26/11 35/32/11
f 256/368/157 255/370/158 268/372/158
f 288/374/18 289/463/18 256/375/18
f 420/377/18 297/7853/18 266/378/18
f 301/380/19 299/627/19 267/381/19
f 13/45/10 23/18/10 426/360/10
f 266/386/7 297/7854/7 300/387/7
f 266/389/161 263/407/157 416/390/164
f 416/390/164 263/407/157 262/392/158
f 280/394/22 282/409/29 259/395/21
f 427/371/11 35/32/11 38/59/23
f 275/398/18 309/423/18 301/380/18
f 272/399/166 269/373/162 271/400/162
f 269/373/162 268/372/158 270/402/158
f 322/403/167 262/499/11 408/404/11
f 408/406/158 262/392/158 263/407/157
f 282/409/29 318/7855/28 252/410/28
f 410/411/169 305/470/254 271/412/18
f 329/414/11 247/7856/11 274/415/11
f 247/417/158 249/420/171 275/418/170
f 249/420/171 257/7857/172 276/421/172
f 276/422/34 306/7858/34 309/423/34
f 254/355/18 279/354/18 280/424/18
f 274/419/158 275/418/170 265/426/157
f 326/416/11 274/415/11 264/428/11
f 286/430/158 282/443/158 280/431/158
f 278/433/158 318/7859/158 283/434/158
f 284/435/158 283/434/158 285/436/158
f 291/438/158 289/7860/158 288/439/158
f 285/436/158 291/438/158 290/440/158
f 287/437/158 285/436/158 292/441/158
f 285/436/158 283/434/158 286/430/158
f 283/434/158 318/7859/158 282/443/158
f 296/444/158 295/447/158 418/445/158
f 295/447/158 297/450/158 420/448/158
f 300/387/174 297/450/158 411/449/158
f 297/450/158 295/447/158 412/451/158
f 412/451/158 295/447/158 296/444/158
f 306/453/158 327/7861/158 328/454/158
f 307/455/158 328/454/158 277/456/158
f 294/458/158 307/455/158 308/457/158
f 299/460/158 306/453/158 307/455/158
f 309/461/158 306/453/158 299/460/158
f 289/463/19 291/7862/19 261/464/19
f 327/465/18 306/7858/18 276/422/18
f 272/467/37 290/7863/37 288/374/37
f 291/468/18 286/7852/18 260/353/18
f 305/470/38 304/7864/38 273/471/38
f 3/134/39 13/45/39 425/383/39
f 293/473/18 310/7865/18 311/474/18
f 312/476/175 311/7866/175 310/477/175
f 273/479/175 312/476/175 313/478/175
f 313/481/176 292/484/178 290/482/177
f 292/484/178 313/481/176 310/485/179
f 304/487/180 302/491/183 312/488/181
f 311/490/182 312/488/181 302/491/183
f 443/493/11 326/416/11 323/429/173
f 444/495/11 329/414/11 326/416/11
f 268/496/11 324/506/11 325/497/184
f 262/499/11 322/403/167 421/500/185
f 318/502/10 321/639/10 258/503/10
f 255/505/11 320/508/11 324/506/11
f 253/507/11 319/514/11 320/508/11
f 317/509/14 316/640/14 246/510/14
f 246/510/13 316/640/13 314/512/12
f 248/513/56 314/512/12 319/514/11
f 258/503/10 321/639/10 317/515/10
f 338/518/90 315/538/84 330/347/1
f 330/347/1 329/346/1 340/517/1
f 91/182/58 46/7847/58 432/519/58
f 98/185/18 97/330/18 434/521/18
f 213/188/18 102/194/18 436/523/18
f 103/191/18 101/319/18 438/525/18
f 440/527/18 436/523/18 102/194/18
f 99/195/18 98/185/18 435/522/18
f 216/197/18 100/314/18 437/528/18
f 278/530/18 284/636/18 434/521/18
f 432/532/18 46/7848/18 103/191/18
f 360/533/186 112/247/59 107/202/59
f 104/205/62 110/207/62 354/535/187
f 356/537/189 331/568/84 315/538/84
f 385/539/190 388/594/227 344/540/71
f 327/359/1 330/347/1 315/538/84
f 379/543/191 385/539/190 346/541/76
f 333/534/82 107/202/59 91/182/1
f 428/520/1 328/548/1 335/545/1
f 333/534/82 91/182/1 428/520/1
f 315/538/84 331/568/84 332/546/84
f 339/536/188 340/517/1 329/346/1
f 444/547/1 9/220/1 104/205/62
f 339/536/188 329/346/1 444/547/1
f 334/549/193 335/545/1 328/548/1
f 328/548/1 327/359/1 281/542/84
f 353/554/196 342/553/68 339/536/188
f 355/555/197 341/552/195 342/553/68
f 356/537/189 338/518/90 341/552/195
f 358/556/198 357/557/199 337/551/194
f 357/557/199 359/558/200 336/550/88
f 360/533/186 333/534/82 336/550/88
f 332/546/84 358/556/198 334/549/193
f 146/235/83 371/569/205 347/559/61
f 376/560/201 362/575/206 351/561/64
f 365/563/203 361/578/203 111/240/1
f 332/546/84 331/568/84 351/561/64
f 349/565/73 353/554/196 354/535/187
f 350/566/204 355/555/197 353/554/196
f 348/562/202 356/537/189 355/555/197
f 357/557/199 358/556/198 343/567/57
f 359/558/200 357/557/199 345/544/192
f 360/533/186 359/558/200 346/541/76
f 343/567/57 358/556/198 332/546/84
f 112/247/59 360/533/186 344/540/71
f 347/559/61 354/535/187 110/207/62
f 331/568/84 356/537/189 348/562/202
f 371/569/205 367/573/209 349/565/73
f 364/570/206 383/576/211 343/567/57
f 382/589/222 365/563/203 145/242/1
f 145/242/1 149/253/95 389/571/207
f 389/571/207 386/592/225 380/572/208
f 380/572/208 382/589/222 145/242/1
f 367/573/209 373/574/210 350/566/204
f 344/540/71 388/594/227 150/255/97
f 373/574/210 376/560/201 348/562/202
f 362/575/206 364/570/206 352/564/64
f 383/576/211 379/543/191 345/544/192
f 363/577/212 366/579/212 364/570/206
f 361/578/203 365/563/203 366/579/212
f 368/580/213 369/583/216 372/581/214
f 369/583/216 367/573/209 371/569/205
f 374/584/217 375/585/218 369/583/216
f 375/585/218 373/574/210 367/573/209
f 377/586/219 378/587/220 375/585/218
f 378/587/220 376/560/201 373/574/210
f 381/588/221 384/590/223 382/589/222
f 379/543/191 383/576/211 384/590/223
f 387/591/224 381/588/221 380/572/208
f 385/539/190 379/543/191 381/588/221
f 390/593/226 387/591/224 386/592/225
f 388/594/227 385/539/190 387/591/224
f 382/589/222 384/590/223 366/579/212
f 384/590/223 383/576/211 364/570/206
f 151/276/115 390/593/226 389/571/207
f 150/255/97 388/594/227 390/593/226
f 370/582/215 372/581/214 148/278/117
f 372/581/214 371/569/205 146/235/83
f 363/577/212 378/587/220 377/586/219
f 362/575/206 376/560/201 378/587/220
f 147/279/118 111/240/1 361/578/203
f 361/578/203 377/586/219 374/584/217
f 374/584/217 368/580/213 370/582/215
f 370/582/215 147/279/118 361/578/203
f 397/595/228 400/608/239 197/281/14
f 402/597/229 407/7867/230 394/598/230
f 406/600/231 405/605/236 396/601/232
f 404/603/234 402/597/229 393/599/229
f 405/605/236 404/603/234 395/604/235
f 399/606/237 406/600/231 391/602/233
f 194/294/1 399/606/237 392/607/238
f 394/598/230 407/7867/230 400/608/239
f 201/297/11 198/299/132 401/609/240
f 403/610/241 401/609/240 402/611/242
f 198/299/132 197/303/136 400/613/244
f 401/609/240 400/613/244 407/614/245
f 403/610/241 404/612/243 405/615/246
f 193/307/140 201/297/11 403/610/241
f 193/307/140 398/616/247 399/617/248
f 398/616/247 405/615/246 406/618/249
f 394/619/250 323/429/173 421/500/185
f 396/621/252 414/405/168 325/497/184
f 100/314/18 213/188/18 441/524/18
f 302/623/158 412/451/158 413/452/158
f 304/625/158 411/449/158 412/451/158
f 305/470/254 410/411/169 411/449/158
f 300/387/174 410/411/169 409/413/18
f 408/406/158 409/408/158 271/400/162
f 414/405/168 408/404/11 270/498/11
f 101/319/18 216/197/18 442/529/18
f 415/501/11 421/500/185 323/429/173
f 294/458/158 418/445/158 420/448/158
f 419/446/158 418/445/158 294/458/158
f 416/390/164 415/393/158 264/427/158
f 267/626/161 417/391/161 416/390/164
f 299/627/18 420/377/18 417/379/18
f 414/405/168 396/621/252 395/628/255
f 322/403/167 395/628/255 393/620/251
f 438/525/18 442/529/18 419/629/18
f 437/528/18 441/524/18 413/631/18
f 277/633/18 432/532/18 439/526/18
f 423/531/18 434/521/18 97/330/18
f 442/529/18 437/528/18 296/632/18
f 440/527/18 435/522/18 287/635/18
f 303/475/18 436/523/18 440/527/18
f 439/526/18 438/525/18 298/630/18
f 441/524/18 436/523/18 303/475/18
f 435/522/18 434/521/18 284/636/18
f 428/520/58 432/519/58 277/637/58
f 423/472/39 425/383/39 318/502/39
f 324/506/11 427/371/11 433/397/165
f 425/383/10 426/360/10 321/639/10
f 320/508/11 431/366/11 427/371/11
f 319/514/11 430/363/11 431/366/11
f 424/365/14 422/364/14 316/640/14
f 316/640/13 422/364/13 429/362/12
f 314/512/12 429/362/12 430/363/11
f 321/639/10 426/360/10 424/361/10
f 392/641/256 433/397/165 38/59/23
f 433/397/165 392/641/256 391/622/253
f 9/340/11 444/495/11 443/493/11
f 41/341/11 443/493/11 445/494/53
f 445/494/53 323/429/173 394/619/250
f 397/643/258 190/344/153 30/342/151
s 0
f 447/644/18 448/7868/18 453/645/18
f 446/646/18 453/645/18 450/647/18
f 452/649/18 446/646/18 449/648/18
f 454/651/18 447/644/18 446/646/18
f 462/652/11 457/7869/11 456/653/11
f 459/655/11 462/652/11 455/654/11
f 458/656/11 455/654/11 461/657/11
f 455/654/11 456/653/11 463/659/11
f 454/660/1 463/7870/1 456/661/1
f 453/663/16 462/667/16 459/664/16
f 448/666/16 457/7871/16 462/667/16
f 450/668/14 459/7872/14 458/669/14
f 449/670/14 458/669/14 460/671/14
f 447/662/1 456/661/1 457/673/1
s 1
f 488/675/259 485/711/294 467/676/260
f 482/678/262 488/675/259 466/677/261
f 471/680/264 470/691/274 500/681/265
f 474/683/84 472/689/272 506/684/267
f 491/686/269 482/678/262 464/679/263
f 469/687/270 471/680/264 497/682/266
f 479/688/271 506/684/267 472/689/272
f 470/691/274 468/696/279 494/692/275
f 473/693/276 474/683/84 509/685/268
f 512/695/278 494/692/275 468/696/279
f 503/694/277 515/701/284 475/698/281
f 476/697/280 477/700/283 518/699/282
f 477/700/283 475/698/281 515/701/284
f 493/717/300 511/730/313 517/724/307
f 517/724/307 514/728/311 502/702/285
f 502/702/285 508/719/302 505/723/306
f 505/723/306 478/729/312 484/703/286
f 484/703/286 487/705/288 481/707/290
f 481/707/290 490/718/301 496/704/287
f 496/704/287 499/714/297 493/717/300
f 493/717/300 517/724/307 502/702/285
f 502/702/285 505/723/306 484/703/286
f 484/703/286 481/707/290 496/704/287
f 496/704/287 493/717/300 502/702/285
f 487/705/288 489/708/291 483/706/289
f 489/708/291 488/675/259 482/678/262
f 484/703/286 486/709/292 489/708/291
f 486/709/292 485/711/294 488/675/259
f 484/703/286 478/729/312 480/710/293
f 486/709/292 480/710/293 479/688/271
f 496/704/287 490/718/301 492/712/295
f 498/713/296 492/712/295 491/686/269
f 499/714/297 496/704/287 498/713/296
f 501/715/298 498/713/296 497/682/266
f 499/714/297 501/715/298 495/716/299
f 501/715/298 500/681/265 494/692/275
f 481/707/290 483/706/289 492/712/295
f 483/706/289 482/678/262 491/686/269
f 508/719/302 502/702/285 504/720/303
f 510/721/304 504/720/303 503/694/277
f 508/719/302 510/721/304 507/722/305
f 510/721/304 509/685/268 506/684/267
f 517/724/307 511/730/313 513/725/308
f 519/726/309 513/725/308 512/695/278
f 517/724/307 519/726/309 516/727/310
f 519/726/309 518/699/282 515/701/284
f 505/723/306 507/722/305 480/710/293
f 507/722/305 506/684/267 479/688/271
f 514/728/311 516/727/310 504/720/303
f 516/727/310 515/701/284 503/694/277
f 494/692/275 512/695/278 513/725/308
f 495/716/299 513/725/308 511/730/313
f 485/711/294 479/688/271 465/690/273
f 520/731/14 524/7873/14 534/732/14
f 536/734/1 525/7874/1 522/735/1
f 532/737/18 537/742/18 535/738/18
f 523/740/1 525/7874/1 536/734/1
f 537/742/18 530/759/18 526/743/18
f 521/744/314 523/750/314 533/745/158
f 524/747/11 520/7875/315 522/748/315
f 521/744/314 524/747/11 525/749/11
f 534/732/14 524/7873/14 521/751/14
f 522/748/315 520/7875/315 527/753/16
f 529/746/316 533/745/324 532/755/317
f 532/737/317 533/741/324 536/734/319
f 531/754/320 527/753/382 526/757/321
f 534/732/323 529/752/316 528/739/318
f 536/734/319 531/736/320 530/759/322
f 544/760/321 545/764/382 552/761/323
f 538/763/14 542/7876/14 552/761/14
f 554/765/1 543/7877/1 540/766/1
f 550/768/18 555/772/18 553/762/18
f 541/770/1 543/7877/1 554/765/1
f 555/772/18 548/785/18 544/760/18
f 539/773/314 541/770/314 551/771/158
f 542/775/11 538/7878/315 540/776/315
f 539/773/314 542/775/11 543/777/11
f 552/761/14 542/7876/14 539/778/14
f 540/776/315 538/7878/315 545/780/16
f 546/782/318 547/774/316 551/771/324
f 550/768/317 551/771/324 554/765/319
f 549/781/320 545/780/382 544/783/321
f 552/761/323 547/779/316 546/769/318
f 554/765/319 549/767/320 548/785/322
f 593/786/1 558/7879/1 566/787/1
f 594/789/1 560/793/1 556/790/1
f 595/792/1 561/795/1 560/793/1
f 596/794/1 562/797/1 561/795/1
f 597/796/1 563/799/1 562/797/1
f 598/798/1 564/801/1 563/799/1
f 599/800/1 565/802/1 564/801/1
f 600/788/1 566/787/1 565/802/1
f 576/803/14 577/834/325 602/804/325
f 574/806/326 580/809/14 603/807/14
f 580/809/14 581/811/325 604/810/325
f 581/811/326 582/813/14 605/812/14
f 582/813/14 583/815/325 606/814/325
f 583/815/326 584/817/14 607/816/14
f 584/817/14 585/819/325 608/818/325
f 585/819/326 576/803/14 609/805/14
f 569/820/18 568/850/18 587/821/18
f 562/823/11 582/813/11 581/811/11
f 569/820/18 588/822/18 589/825/18
f 562/823/11 563/832/11 583/815/11
f 556/827/16 574/806/16 601/808/16
f 571/829/18 570/826/18 589/825/18
f 564/831/11 584/817/11 583/815/11
f 566/833/11 558/7880/11 577/834/11
f 571/829/18 590/830/18 591/835/18
f 564/831/11 565/841/11 585/819/11
f 573/837/18 578/840/18 579/838/18
f 573/837/18 572/836/18 591/835/18
f 566/833/11 576/803/11 585/819/11
f 559/842/158 579/838/158 620/843/158
f 567/845/18 557/7881/18 575/846/18
f 560/848/11 580/809/11 574/806/11
f 567/845/18 586/847/18 587/821/18
f 560/848/11 561/824/11 581/811/11
f 593/851/158 602/804/158 577/834/158
f 592/828/16 601/808/16 619/853/16
f 608/818/326 609/805/14 627/855/14
f 607/816/14 608/818/325 626/856/325
f 606/814/326 607/816/14 625/857/14
f 605/812/14 606/814/325 624/858/325
f 604/810/326 605/812/14 623/859/14
f 603/807/14 604/810/325 622/860/325
f 601/808/326 603/807/14 621/861/14
f 609/805/14 602/804/325 620/843/325
f 618/862/1 600/788/1 599/800/1
f 617/863/1 599/800/1 598/798/1
f 616/864/1 598/798/1 597/796/1
f 615/865/1 597/796/1 596/794/1
f 614/866/1 596/794/1 595/792/1
f 613/867/1 595/792/1 594/789/1
f 612/868/1 594/789/1 592/791/1
f 611/870/1 593/786/1 600/788/1
f 559/871/1 611/870/1 618/862/1
f 567/873/1 612/868/1 610/869/1
f 568/875/1 613/867/1 612/868/1
f 569/876/1 614/866/1 613/867/1
f 570/877/1 615/865/1 614/866/1
f 571/878/1 616/864/1 615/865/1
f 572/879/1 617/863/1 616/864/1
f 573/872/1 618/862/1 617/863/1
f 627/855/14 620/843/325 579/838/325
f 619/853/326 621/861/14 586/847/14
f 621/861/14 622/860/325 587/821/325
f 622/860/326 623/859/14 588/822/14
f 623/859/14 624/858/325 589/825/325
f 624/858/326 625/857/14 590/830/14
f 625/857/14 626/856/325 591/835/325
f 626/856/326 627/855/14 578/840/14
f 610/854/16 619/853/16 575/846/16
f 611/844/158 620/843/158 602/804/158
f 526/743/321 527/733/382 534/732/323
f 469/7882/18 464/7883/18 466/7884/18
f 466/7884/18 467/7885/18 465/881/18
f 465/881/18 472/7886/18 474/7887/18
f 474/7887/18 473/7888/18 475/882/18
f 475/882/18 477/7889/18 476/7890/18
f 476/7890/18 468/7891/18 470/883/18
f 470/883/18 471/7892/18 469/7882/18
f 469/7882/18 466/7884/18 465/881/18
f 465/881/18 474/7887/18 475/882/18
f 475/882/18 476/7890/18 470/883/18
f 470/883/18 469/7882/18 465/881/18
s 0
f 633/884/18 630/7893/18 629/885/18
f 632/887/18 633/884/18 628/886/18
f 631/888/18 628/886/18 452/649/18
f 628/886/18 629/885/18 454/651/18
f 635/889/11 636/7894/11 639/890/11
f 634/891/11 639/890/11 638/892/11
f 461/657/11 634/891/11 637/893/11
f 463/659/11 635/889/11 634/891/11
f 635/894/1 463/7870/1 454/660/1
f 638/896/158 639/899/158 633/897/158
f 639/899/158 636/7895/158 630/900/158
f 637/901/14 638/7896/14 632/902/14
f 460/671/14 637/901/14 631/903/14
f 636/904/1 635/894/1 629/895/1
s 1
f 643/906/327 661/961/381 664/907/328
f 642/908/329 664/907/328 658/909/330
f 676/911/332 646/923/343 647/912/333
f 682/914/335 648/919/339 650/915/64
f 640/910/331 658/909/330 667/917/337
f 673/913/334 647/912/333 645/918/338
f 648/919/339 682/914/335 655/920/340
f 670/922/342 644/926/346 646/923/343
f 685/916/336 650/915/64 649/924/344
f 644/926/346 670/922/342 688/927/347
f 651/929/349 691/931/351 679/925/345
f 694/930/350 653/932/352 652/928/348
f 691/931/351 651/929/349 653/932/352
f 693/955/375 687/957/377 669/949/369
f 669/949/369 675/946/366 672/933/353
f 672/933/353 666/944/364 657/938/358
f 657/938/358 663/937/357 660/934/354
f 660/934/354 654/942/362 681/954/374
f 681/954/374 684/950/370 678/935/355
f 678/935/355 690/960/380 693/955/375
f 693/955/375 669/949/369 672/933/353
f 672/933/353 657/938/358 660/934/354
f 660/934/354 681/954/374 678/935/355
f 678/935/355 693/955/375 672/933/353
f 659/936/356 665/939/359 663/937/357
f 658/909/330 664/907/328 665/939/359
f 665/939/359 662/940/360 660/934/354
f 664/907/328 661/961/381 662/940/360
f 660/934/354 662/940/360 656/941/361
f 662/940/360 661/961/381 655/920/340
f 672/933/353 674/945/365 668/943/363
f 674/945/365 673/913/334 667/917/337
f 675/946/366 677/947/367 674/945/365
f 677/947/367 676/911/332 673/913/334
f 671/948/368 677/947/367 675/946/366
f 670/922/342 676/911/332 677/947/367
f 668/943/363 659/936/356 657/938/358
f 667/917/337 658/909/330 659/936/356
f 684/950/370 686/952/372 680/951/371
f 686/952/372 685/916/336 679/925/345
f 683/953/373 686/952/372 684/950/370
f 682/914/335 685/916/336 686/952/372
f 693/955/375 695/958/378 689/956/376
f 695/958/378 694/930/350 688/927/347
f 692/959/379 695/958/378 693/955/375
f 691/931/351 694/930/350 695/958/378
f 656/941/361 683/953/373 681/954/374
f 655/920/340 682/914/335 683/953/373
f 680/951/371 692/959/379 690/960/380
f 679/925/345 691/931/351 692/959/379
f 670/922/342 671/948/368 689/956/376
f 671/948/368 669/949/369 687/957/377
f 641/921/341 655/920/340 661/961/381
f 710/962/14 700/983/14 696/963/14
f 712/965/1 707/7897/1 698/966/1
f 711/968/18 713/974/18 708/969/18
f 712/965/1 701/967/1 699/971/1
f 702/973/18 706/990/18 713/974/18
f 709/975/16 699/981/315 697/976/315
f 698/978/314 696/7898/314 700/979/11
f 701/980/11 700/979/11 697/976/315
f 710/962/14 705/7899/14 697/982/14
f 703/984/158 696/7898/314 698/978/314
f 708/986/322 709/975/320 705/977/382
f 708/969/322 713/974/319 712/965/319
f 702/988/318 703/984/316 707/985/324
f 704/970/321 705/7899/382 710/962/323
f 706/990/317 707/7897/324 712/965/319
f 720/991/318 729/998/323 728/992/323
f 728/992/14 718/1010/14 714/994/14
f 730/995/1 725/7900/1 716/996/1
f 729/998/18 731/1003/18 726/999/18
f 730/995/1 719/997/1 717/1001/1
f 720/991/18 724/1016/18 731/1003/18
f 727/1002/16 717/1001/315 715/1004/315
f 716/1006/314 714/7901/314 718/1007/11
f 719/1008/11 718/1007/11 715/1004/315
f 728/992/14 723/7902/14 715/1009/14
f 721/1011/158 714/7901/314 716/1006/314
f 722/1013/321 726/999/322 727/1002/320
f 726/999/322 731/1003/319 730/995/319
f 720/1014/318 721/1011/316 725/1012/324
f 722/1000/321 723/7902/382 728/992/323
f 724/1016/317 725/7900/324 730/995/319
f 742/1017/1 734/7903/1 769/1018/1
f 732/1020/1 736/1023/1 770/1021/1
f 736/1023/1 737/1025/1 771/1024/1
f 737/1025/1 738/1027/1 772/1026/1
f 738/1027/1 739/1029/1 773/1028/1
f 739/1029/1 740/1031/1 774/1030/1
f 740/1031/1 741/1033/1 775/1032/1
f 741/1033/1 742/1017/1 776/1019/1
f 778/1034/326 753/1064/326 752/1035/14
f 779/1037/14 756/1041/14 750/1038/325
f 780/1040/326 757/1043/326 756/1041/14
f 781/1042/14 758/1045/14 757/1043/325
f 782/1044/326 759/1047/326 758/1045/14
f 783/1046/14 760/1049/14 759/1047/325
f 784/1048/326 761/1050/326 760/1049/14
f 785/1036/14 752/1035/14 761/1050/325
f 745/1051/18 764/1111/18 763/1052/18
f 757/1043/11 758/1045/11 738/1054/11
f 765/1056/18 764/1111/18 745/1051/18
f 738/1054/11 758/1045/11 759/1047/11
f 777/1039/158 750/1038/158 732/1059/158
f 747/1061/18 766/1112/18 765/1056/18
f 759/1047/11 760/1049/11 740/1062/11
f 742/1063/11 752/1035/11 753/1064/11
f 767/1066/18 766/1112/18 747/1061/18
f 740/1062/11 760/1049/11 761/1050/11
f 755/1069/18 754/1109/18 749/1070/18
f 749/1070/18 754/1109/18 767/1066/18
f 761/1050/11 752/1035/11 742/1063/11
f 796/1072/16 755/1069/16 735/1073/16
f 743/1075/18 762/1110/18 751/1076/18
f 750/1038/11 756/1041/11 736/1078/11
f 763/1052/18 762/1110/18 743/1075/18
f 736/1078/11 756/1041/11 757/1043/11
f 753/1064/16 778/1034/16 769/1080/16
f 795/1082/158 777/1039/158 768/1060/158
f 803/1084/14 785/1036/14 784/1048/325
f 802/1085/326 784/1048/326 783/1046/14
f 801/1086/14 783/1046/14 782/1044/325
f 800/1087/326 782/1044/326 781/1042/14
f 799/1088/14 781/1042/14 780/1040/325
f 798/1089/326 780/1040/326 779/1037/14
f 797/1090/14 779/1037/14 777/1039/325
f 796/1072/326 778/1034/326 785/1036/14
f 775/1032/1 776/1019/1 794/1091/1
f 774/1030/1 775/1032/1 793/1092/1
f 773/1028/1 774/1030/1 792/1093/1
f 772/1026/1 773/1028/1 791/1094/1
f 771/1024/1 772/1026/1 790/1095/1
f 770/1021/1 771/1024/1 789/1096/1
f 768/1022/1 770/1021/1 788/1097/1
f 776/1019/1 769/1018/1 787/1099/1
f 794/1091/1 787/1099/1 735/1100/1
f 786/1098/1 788/1097/1 743/1102/1
f 788/1097/1 789/1096/1 744/1104/1
f 789/1096/1 790/1095/1 745/1105/1
f 790/1095/1 791/1094/1 746/1106/1
f 791/1094/1 792/1093/1 747/1107/1
f 792/1093/1 793/1092/1 748/1108/1
f 793/1092/1 794/1091/1 749/1101/1
f 755/1069/326 796/1072/326 803/1084/14
f 762/1110/14 797/1090/14 795/1082/325
f 763/1052/326 798/1089/326 797/1090/14
f 764/1111/14 799/1088/14 798/1089/325
f 765/1056/326 800/1087/326 799/1088/14
f 766/1112/14 801/1086/14 800/1087/325
f 767/1066/326 802/1085/326 801/1086/14
f 754/1109/14 803/1084/14 802/1085/325
f 751/1076/158 795/1082/158 786/1083/158
f 778/1034/16 796/1072/16 787/1074/16
f 702/973/318 711/968/323 710/962/323
f 642/7904/18 640/7905/18 645/7906/18
f 645/7906/18 647/7907/18 646/1114/18
f 646/1114/18 644/7908/18 652/7909/18
f 652/7909/18 653/7910/18 651/1115/18
f 651/1115/18 649/7911/18 650/7912/18
f 650/7912/18 648/7913/18 641/1116/18
f 641/1116/18 643/7914/18 642/7904/18
f 642/7904/18 645/7906/18 646/1114/18
f 646/1114/18 652/7909/18 651/1115/18
f 651/1115/18 650/7912/18 641/1116/18
f 641/1116/18 642/7904/18 646/1114/18
f 857/1117/383 856/1127/393 840/1118/384
f 1003/1120/386 853/1139/405 854/1121/387
f 1021/1123/389 835/1396/605 834/1124/390
f 855/1126/392 839/1133/399 840/1118/384
f 852/1128/394 853/1139/405 1003/1120/386
f 865/1130/396 866/1382/591 1002/1131/397
f 839/1133/399 855/1126/392 854/1121/387
f 852/1128/394 867/1141/407 851/1135/401
f 864/1137/403 865/1130/396 1001/1132/398
f 838/1134/400 854/1121/387 853/1139/405
f 867/1141/407 866/1382/591 850/1142/408
f 999/1143/409 863/1182/448 864/1137/403
f 850/1142/408 866/1382/591 865/1130/396
f 862/1145/411 863/1182/448 999/1143/409
f 849/1144/410 865/1130/396 864/1137/403
f 997/1148/414 861/1180/446 862/1145/411
f 842/1149/415 841/1119/385 809/1150/416
f 856/1127/393 857/1117/383 1009/1152/418
f 843/1154/420 842/1149/415 810/1151/417
f 857/1117/383 858/1158/424 1010/1156/422
f 812/1157/423 844/1161/427 843/1154/420
f 858/1158/424 859/1162/428 1011/1159/425
f 813/1160/426 845/1181/447 844/1161/427
f 859/1162/428 860/1166/432 996/1163/429
f 846/1164/430 845/1181/447 813/1160/426
f 860/1166/432 861/1180/446 997/1148/414
f 847/1167/433 846/1164/430 814/1165/431
f 848/1147/413 847/1167/433 815/1168/434
f 849/1144/410 848/1147/413 816/1169/435
f 850/1142/408 849/1144/410 817/1170/436
f 837/1140/406 836/1136/402 804/1172/438
f 819/1174/440 851/1135/401 850/1142/408
f 838/1134/400 837/1140/406 805/1173/439
f 804/1172/438 836/1136/402 851/1135/401
f 807/1176/442 839/1133/399 838/1134/400
f 840/1118/384 839/1133/399 807/1176/442
f 867/1141/407 852/1128/394 1004/1129/395
f 854/1121/387 855/1126/392 1007/1179/445
f 809/1150/416 841/1119/385 840/1118/384
f 855/1126/392 856/1127/393 1008/1153/419
f 842/1149/415 858/1158/424 857/1117/383
f 843/1154/420 859/1162/428 858/1158/424
f 844/1161/427 860/1166/432 859/1162/428
f 861/1180/446 860/1166/432 844/1161/427
f 846/1164/430 862/1145/411 861/1180/446
f 863/1182/448 862/1145/411 846/1164/430
f 864/1137/403 863/1182/448 847/1167/433
f 981/1183/449 984/1189/452 818/1184/437
f 985/1186/450 811/1192/421 810/1187/417
f 984/1189/452 986/1194/455 819/1190/440
f 987/1191/453 812/1196/423 811/1192/421
f 988/1193/454 804/1295/438 819/1190/440
f 990/1195/456 813/1201/426 812/1196/423
f 989/1197/457 991/1203/459 806/1198/441
f 990/1195/456 992/1205/461 814/1200/431
f 993/1202/458 807/1207/442 806/1198/441
f 994/1204/460 815/1209/434 814/1200/431
f 993/1202/458 995/1210/462 808/1206/443
f 994/1204/460 980/7915/463 816/1208/435
f 995/1210/462 982/1214/464 809/1211/416
f 980/1212/463 981/1183/449 817/1185/436
f 983/1188/451 810/1187/417 809/1211/416
f 888/1215/465 887/1224/474 919/1216/466
f 901/1218/468 933/1281/531 932/1219/469
f 913/1221/471 914/1287/537 946/1222/472
f 887/1224/474 886/1232/482 918/1225/475
f 899/1226/476 931/1234/484 916/1227/477
f 912/1229/479 913/1221/471 945/1223/473
f 885/1231/481 917/1237/487 918/1225/475
f 899/1226/476 898/1239/489 930/1233/483
f 912/1229/479 944/1230/480 943/1235/485
f 884/1228/478 916/1227/477 917/1237/487
f 897/1238/488 929/1243/493 930/1233/483
f 910/1240/490 911/1236/486 943/1235/485
f 896/1242/492 928/1247/497 929/1243/493
f 910/1240/490 942/1241/491 941/1244/494
f 895/1246/496 927/1286/536 928/1247/497
f 908/1248/498 909/1245/495 941/1244/494
f 873/1250/500 889/1271/521 890/1251/501
f 874/1252/502 890/1251/501 891/1253/503
f 875/1254/504 891/1253/503 892/1255/505
f 876/1256/506 892/1255/505 893/1257/507
f 877/1258/508 893/1257/507 894/1259/509
f 879/1261/511 878/1260/510 894/1259/509
f 879/1261/511 895/1246/496 896/1242/492
f 881/1263/513 880/1262/512 896/1242/492
f 882/1264/514 881/1263/513 897/1238/488
f 868/1265/515 884/1228/478 885/1231/481
f 883/1267/517 882/1264/514 898/1239/489
f 869/1266/516 885/1231/481 886/1232/482
f 883/1267/517 899/1226/476 884/1228/478
f 870/1268/518 886/1232/482 887/1224/474
f 871/1269/519 887/1224/474 888/1215/465
f 873/1250/500 872/1270/520 888/1215/465
f 928/1247/497 927/1286/536 943/1235/485
f 921/1272/522 920/1217/467 936/1273/523
f 928/1247/497 944/1230/480 945/1223/473
f 922/1275/525 921/1272/522 937/1274/524
f 929/1243/493 945/1223/473 946/1222/472
f 923/1277/527 922/1275/525 938/1276/526
f 930/1233/483 946/1222/472 947/1279/529
f 923/1277/527 939/1278/528 940/1249/499
f 917/1237/487 916/1227/477 932/1219/469
f 931/1234/484 947/1279/529 932/1219/469
f 925/1282/532 924/1280/530 940/1249/499
f 918/1225/475 917/1237/487 933/1281/531
f 926/1284/534 925/1282/532 941/1244/494
f 919/1216/466 918/1225/475 934/1283/533
f 926/1284/534 942/1241/491 943/1235/485
f 919/1216/466 935/1285/535 936/1273/523
f 914/1287/537 915/1289/539 947/1279/529
f 902/1288/538 934/1283/533 933/1281/531
f 888/1215/465 920/1217/467 921/1272/522
f 915/1289/539 900/1220/470 932/1219/469
f 903/1290/540 935/1285/535 934/1283/533
f 889/1271/521 921/1272/522 922/1275/525
f 903/1290/540 904/1292/542 936/1273/523
f 890/1251/501 922/1275/525 923/1277/527
f 905/1291/541 937/1274/524 936/1273/523
f 891/1253/503 923/1277/527 924/1280/530
f 906/1293/543 938/1276/526 937/1274/524
f 892/1255/505 924/1280/530 925/1282/532
f 906/1293/543 907/1294/544 939/1278/528
f 894/1259/509 893/1257/507 925/1282/532
f 908/1248/498 940/1249/499 939/1278/528
f 894/1259/509 926/1284/534 927/1286/536
f 837/1140/406 853/1139/405 852/1128/394
f 988/1193/454 989/1197/457 805/1199/439
f 911/1296/545 959/1329/545 960/1297/546
f 958/1299/547 957/1322/548 973/1300/548
f 905/1302/549 904/1330/550 952/1303/550
f 913/1305/551 912/7916/546 960/1306/546
f 905/1302/549 953/1304/549 954/1308/552
f 913/1305/551 961/1307/551 962/1310/553
f 906/1309/552 954/1308/552 955/1312/554
f 914/1311/553 962/1310/553 963/1314/555
f 907/1313/554 955/1312/554 956/1316/556
f 900/1318/557 949/1321/557 948/1319/558
f 915/1315/555 963/1314/555 949/1321/557
f 908/1317/556 956/1316/556 957/1322/559
f 901/1320/558 948/1319/558 950/1324/560
f 909/1323/559 957/1322/559 958/1299/561
f 903/1327/562 902/1325/560 950/1324/560
f 910/1326/561 958/1299/561 959/1329/545
f 904/1330/550 903/1327/562 951/1328/562
f 951/1328/563 950/1324/564 966/1331/564
f 958/1299/547 974/1301/547 975/1333/565
f 951/1328/563 967/1332/563 968/1334/566
f 959/1329/565 975/1333/565 976/1335/567
f 953/1304/568 952/1303/566 968/1334/566
f 960/1306/567 976/7917/567 977/1337/569
f 953/1304/568 969/1336/568 970/1338/570
f 961/1307/569 977/1337/569 978/1339/571
f 954/1308/570 970/1338/570 971/1340/572
f 962/1310/571 978/1339/571 979/1341/573
f 955/1312/572 971/1340/572 972/1342/574
f 949/1321/575 965/1344/575 964/1343/576
f 963/1314/573 979/1341/573 965/1344/575
f 956/1316/574 972/1342/574 973/1300/548
f 948/1319/576 964/1343/576 966/1331/564
f 966/1347/158 964/7918/158 965/7919/158
f 965/7919/158 979/7920/158 978/7921/158
f 978/7921/158 977/7922/158 976/7923/158
f 976/7923/158 975/7924/158 974/1345/158
f 974/1345/158 973/7925/158 972/7926/158
f 972/7926/158 971/7927/158 970/1346/158
f 970/1346/158 969/7928/158 968/7929/158
f 968/7929/158 967/7930/158 966/1347/158
f 966/1347/158 965/7919/158 978/7921/158
f 978/7921/158 976/7923/158 974/1345/158
f 974/1345/158 972/7926/158 970/1346/158
f 970/1346/158 968/7929/158 966/1347/158
f 966/1347/158 978/7921/158 974/1345/158
f 869/1348/516 989/1197/457 988/1193/454
f 874/1350/502 983/1188/451 982/1214/464
f 881/1352/513 981/1183/449 980/1212/463
f 873/1351/500 982/1214/464 995/1210/462
f 880/1355/512 980/7915/463 994/1204/460
f 872/1354/520 995/1210/462 993/1202/458
f 878/1358/510 879/1356/511 994/1204/460
f 871/1357/519 993/1202/458 991/1203/459
f 878/1358/510 992/1205/461 990/1195/456
f 869/1348/516 870/1359/518 991/1203/459
f 877/1360/508 990/1195/456 987/1191/453
f 868/1349/515 988/1193/454 986/1194/455
f 875/1363/504 876/1361/506 987/1191/453
f 883/1362/517 986/1194/455 984/1189/452
f 874/1350/502 875/1363/504 985/1186/450
f 881/1352/513 882/1364/514 984/1189/452
f 820/1367/16 821/7931/16 822/7932/16
f 822/7932/16 823/7933/16 824/7934/16
f 824/7934/16 825/7935/16 826/7936/16
f 826/7936/16 827/7937/16 828/1365/16
f 828/1365/16 829/7938/16 830/7939/16
f 830/7939/16 831/7940/16 832/1366/16
f 832/1366/16 833/7941/16 834/7942/16
f 834/7942/16 835/7943/16 820/1367/16
f 820/1367/16 822/7932/16 824/7934/16
f 824/7934/16 826/7936/16 828/1365/16
f 828/1365/16 830/7939/16 832/1366/16
f 832/1366/16 834/7942/16 820/1367/16
f 820/1367/16 824/7934/16 828/1365/16
f 1007/1179/445 1008/1153/419 1024/1368/577
f 1022/1370/579 1006/1122/388 1007/1179/445
f 1005/1178/444 1004/1129/395 1012/1371/580
f 996/1163/429 997/1148/414 1014/1372/581
f 1011/1159/425 996/1163/429 1013/1373/582
f 1010/1156/422 1011/1159/425 1027/1374/583
f 1025/1376/585 1009/1152/418 1010/1156/422
f 1024/1368/577 1008/1153/419 1009/1152/418
f 997/1148/414 998/1146/412 1015/1377/586
f 998/1146/412 999/1143/409 1016/1378/587
f 999/1143/409 1000/1138/404 1017/1379/588
f 1000/1138/404 1001/1132/398 1018/1380/589
f 1001/1132/398 1002/1131/397 1019/1125/391
f 1004/1129/395 1003/1120/386 1020/1381/590
f 866/1382/591 867/1141/407 1005/1178/444
f 1020/1381/590 1003/1120/386 1006/1122/388
f 1020/1381/590 1022/1370/579 822/1383/592
f 820/1385/594 1012/1371/580 1020/1381/590
f 1018/1380/589 1019/1125/391 834/1124/390
f 1017/1379/588 1018/1380/589 833/1386/595
f 1016/1378/587 1017/1379/588 832/1387/596
f 1015/1377/586 1016/1378/587 831/1388/597
f 1014/1372/581 1015/1377/586 830/1389/598
f 1024/1368/577 1025/1376/585 825/1391/600
f 1025/1376/585 1026/1375/584 826/1393/602
f 1026/1375/584 1027/1374/583 827/1394/603
f 827/1394/603 1027/1374/583 1013/1373/582
f 1013/1373/582 1014/1372/581 829/1390/599
f 1021/1123/389 1012/1371/580 820/1385/594
f 1022/1370/579 1023/1369/578 823/1397/606
f 823/1397/606 1023/1369/578 1024/1368/577
f 1002/1131/397 1005/1178/444 1021/1123/389
s 0
f 1031/1398/158 1068/7944/158 1069/1399/158
f 1029/1401/158 1060/7945/158 1061/1402/158
f 1035/1404/607 1057/1450/607 1059/1405/607
f 1081/1407/16 1051/7946/16 1050/1408/16
f 1079/1410/16 1075/7947/16 1074/1411/16
f 1076/1413/16 1067/7948/16 1066/1414/16
f 1034/1416/608 1053/1442/608 1055/1417/608
f 1081/1419/16 1080/7949/16 1047/1420/16
f 1044/1422/608 1046/1428/608 1047/1423/608
f 1032/1425/609 1045/1424/609 1047/1423/609
f 1033/1427/610 1081/1440/610 1046/1428/610
f 1033/1429/158 1044/7950/158 1045/1430/158
f 1048/1432/607 1050/1436/607 1051/1433/607
f 1034/1435/611 1082/7951/611 1050/1436/611
f 1033/1437/158 1034/7952/158 1048/1438/158
f 1033/1427/612 1049/1434/612 1051/1433/612
f 1052/1441/610 1054/7953/610 1055/1417/610
f 1083/1406/613 1054/7953/613 1052/1441/613
f 1083/1443/16 1082/7954/16 1055/1444/16
f 1035/1446/158 1052/7955/158 1053/1447/158
f 1056/1449/611 1058/7956/611 1059/1405/611
f 1028/1451/158 1056/7957/158 1057/1452/158
f 1077/1454/614 1058/7956/614 1056/1449/614
f 1077/1456/16 1083/7958/16 1059/1457/16
f 1060/1459/613 1062/7959/613 1063/1460/613
f 1028/1462/610 1061/1461/610 1063/1460/610
f 1076/1464/16 1077/7960/16 1063/1465/16
f 1076/1467/609 1062/7959/609 1060/1459/609
f 1064/1469/614 1066/7961/614 1067/1470/614
f 1078/1472/612 1066/7961/612 1064/1469/612
f 1029/1474/158 1030/7962/158 1064/1475/158
f 1029/1468/611 1065/1471/611 1067/1470/611
f 1068/1477/609 1070/7963/609 1071/1478/609
f 1030/1480/613 1069/1479/613 1071/1478/613
f 1078/1482/16 1071/7964/16 1070/1483/16
f 1079/1485/608 1070/7963/608 1068/1477/608
f 1072/1487/612 1074/7965/612 1075/1488/612
f 1031/1490/158 1032/7966/158 1072/1491/158
f 1080/1493/607 1074/7965/607 1072/1487/607
f 1031/1486/614 1073/1489/614 1075/1488/614
f 1041/1495/613 1085/7967/613 1090/1496/613
f 1043/1498/609 1091/7968/609 1087/1499/609
f 1038/1501/607 1084/7969/607 1086/1502/607
f 1037/1504/16 1036/7970/16 1077/1505/16
f 1037/1507/16 1076/7971/16 1078/1508/16
f 1039/1510/16 1038/7972/16 1078/1511/16
f 1039/1513/16 1079/7973/16 1080/1514/16
f 1040/1516/16 1080/7974/16 1081/1517/16
f 1042/1519/16 1041/7975/16 1081/1520/16
f 1042/1522/16 1082/7976/16 1083/1523/16
f 1036/1525/16 1043/7977/16 1083/1526/16
f 1089/1528/16 1090/7978/16 1085/1529/16
f 1085/1531/16 1087/7979/16 1086/1532/16
f 1086/1534/16 1087/7980/16 1091/1535/16
f 1039/1537/610 1089/7981/610 1084/1538/610
f 1037/1540/608 1086/7982/608 1088/1541/608
f 1036/1543/612 1088/7983/612 1091/1544/612
f 1042/1546/614 1087/7984/614 1085/1547/614
f 1039/1549/611 1040/7985/611 1090/1550/611
f 1095/1552/158 1132/1603/158 1133/1553/158
f 1092/1555/158 1093/1598/158 1124/1556/158
f 1099/1558/615 1121/1590/615 1123/1559/615
f 1146/1561/16 1145/1574/16 1115/1562/16
f 1143/1564/16 1139/7986/16 1138/1565/16
f 1142/1567/16 1140/1596/16 1131/1568/16
f 1098/1570/616 1117/1586/616 1119/1571/616
f 1144/1566/16 1111/7987/16 1110/1573/16
f 1108/1575/625 1110/7988/625 1111/1576/625
f 1096/1578/617 1109/1577/617 1111/1576/617
f 1145/1580/618 1110/7988/618 1108/1575/618
f 1096/1578/158 1097/1581/158 1108/1575/158
f 1112/1582/615 1114/7989/615 1115/1583/615
f 1146/1572/619 1114/7989/619 1112/1582/619
f 1098/1570/158 1112/1582/158 1113/1584/158
f 1097/1581/620 1113/1584/620 1115/1583/620
f 1116/1585/618 1118/7990/618 1119/1571/618
f 1147/1560/621 1118/7990/621 1116/1585/621
f 1146/1561/16 1119/7991/16 1118/1587/16
f 1098/1570/158 1099/1558/158 1116/1585/158
f 1120/1589/619 1122/7992/619 1123/1559/619
f 1099/1558/158 1092/1555/158 1120/1589/158
f 1141/1591/622 1122/7992/622 1120/1589/622
f 1147/1588/16 1123/7993/16 1122/1592/16
f 1124/1556/635 1126/7994/635 1127/1594/635
f 1092/1555/618 1125/1557/618 1127/1594/618
f 1141/1593/16 1127/7995/16 1126/1595/16
f 1140/1597/617 1126/7994/617 1124/1556/617
f 1128/1599/622 1130/7996/622 1131/1600/622
f 1142/1602/620 1130/7996/620 1128/1599/620
f 1094/1554/158 1128/1599/158 1129/1601/158
f 1093/1598/619 1129/1601/619 1131/1600/619
f 1132/1603/617 1134/7997/617 1135/1604/617
f 1094/1554/621 1133/1553/621 1135/1604/621
f 1143/1564/16 1142/1567/16 1135/1605/16
f 1143/1607/616 1134/7997/616 1132/1603/616
f 1136/1608/620 1138/7998/620 1139/1609/620
f 1095/1552/158 1096/1578/158 1136/1608/158
f 1144/1579/615 1138/7998/615 1136/1608/615
f 1095/1552/622 1137/1610/622 1139/1609/622
f 1105/1611/635 1149/1623/635 1154/1612/635
f 1107/1614/617 1155/1626/617 1151/1615/617
f 1102/1617/615 1148/1624/615 1150/1618/615
f 1100/1620/16 1141/1593/16 1140/1596/16
f 1102/1617/16 1101/1619/16 1140/1596/16
f 1103/1621/16 1102/1617/16 1142/1567/16
f 1103/1621/16 1143/1564/16 1144/1566/16
f 1104/1613/16 1144/1566/16 1145/1574/16
f 1105/1611/16 1145/1574/16 1146/1561/16
f 1107/1614/16 1106/1616/16 1146/1561/16
f 1100/1620/16 1107/1614/16 1147/1588/16
f 1153/1622/16 1154/1612/16 1149/1623/16
f 1149/1623/16 1151/1615/16 1150/1618/16
f 1151/1615/16 1155/1626/16 1152/1625/16
f 1103/1621/618 1153/1622/618 1148/1624/618
f 1101/1619/625 1150/1618/625 1152/1625/625
f 1100/1620/620 1152/1625/620 1155/1626/620
f 1106/1616/622 1151/1615/622 1149/1623/622
f 1104/1613/2080 1154/1612/2080 1153/1622/2080
f 1094/1554/158 1097/1581/158 1096/1578/158
f 1093/1598/158 1098/1570/158 1097/1581/158
f 1093/1598/158 1092/1555/158 1099/1558/158
s 1
f 1209/1627/383 1208/1637/393 1192/1628/384
f 1205/1630/405 1206/1643/387 1358/1631/388
f 1373/1633/389 1187/1905/605 1186/1634/390
f 1207/1636/392 1191/1642/399 1192/1628/384
f 1356/1638/395 1204/1803/394 1205/1630/405
f 1353/1639/398 1217/1649/396 1218/1640/591
f 1191/1642/399 1207/1636/392 1206/1643/387
f 1188/1645/402 1204/1803/394 1219/1646/407
f 1352/1648/627 1216/1653/403 1217/1649/396
f 1206/1643/387 1205/1630/405 1189/1650/406
f 1203/1647/401 1219/1646/407 1218/1640/591
f 1351/1652/409 1215/7999/448 1216/1653/403
f 1218/1640/591 1217/1649/396 1201/1654/410
f 1214/1655/411 1215/7999/448 1351/1652/409
f 1217/1649/396 1216/1653/403 1200/1657/413
f 1349/1658/414 1213/1675/446 1214/1655/411
f 1194/1659/415 1193/1629/385 1161/1660/416
f 1208/1637/393 1209/1627/383 1361/1662/418
f 1163/1664/421 1195/1689/420 1194/1659/415
f 1361/1662/418 1209/1627/383 1210/1665/424
f 1196/1667/427 1195/1689/420 1163/1664/421
f 1210/1665/424 1211/1671/428 1363/1669/425
f 1165/1670/426 1197/1690/447 1196/1667/427
f 1211/1671/428 1212/8000/432 1348/1672/429
f 1198/1673/430 1197/1690/447 1165/1670/426
f 1348/1672/429 1212/8000/432 1213/1675/446
f 1199/1676/433 1198/1673/430 1166/1674/431
f 1200/1657/413 1199/1676/433 1167/1677/434
f 1169/1679/436 1201/1654/410 1200/1657/413
f 1202/1651/408 1201/1654/410 1169/1679/436
f 1189/1650/406 1188/1645/402 1156/1681/438
f 1171/1683/440 1203/1647/401 1202/1651/408
f 1190/1644/400 1189/1650/406 1157/1682/439
f 1156/1681/438 1188/1645/402 1203/1647/401
f 1159/1685/442 1191/1642/399 1190/1644/400
f 1160/1686/443 1192/1628/384 1191/1642/399
f 1219/1646/407 1204/1803/394 1356/1638/395
f 1206/1643/387 1207/1636/392 1359/1688/445
f 1161/1660/416 1193/1629/385 1192/1628/384
f 1207/1636/392 1208/1637/393 1360/1663/419
f 1210/1665/424 1209/1627/383 1193/1629/385
f 1195/1689/420 1211/1671/428 1210/1665/424
f 1196/1667/427 1212/8000/432 1211/1671/428
f 1213/1675/446 1212/8000/432 1196/1667/427
f 1214/1655/411 1213/1675/446 1197/1690/447
f 1199/1676/433 1215/7999/448 1214/1655/411
f 1216/1653/403 1215/7999/448 1199/1676/433
f 1333/1691/449 1336/1697/452 1170/1692/437
f 1337/1694/450 1163/1700/421 1162/1695/417
f 1336/1697/452 1338/1702/455 1171/1698/440
f 1337/1694/450 1339/1704/453 1164/1699/423
f 1340/1701/454 1156/1804/438 1171/1698/440
f 1342/1703/456 1165/1709/426 1164/1699/423
f 1343/1705/459 1158/1711/628 1157/1706/439
f 1344/1708/461 1166/1713/431 1165/1709/426
f 1343/1705/459 1345/1715/458 1159/1710/442
f 1344/1708/461 1346/1717/460 1167/1712/434
f 1347/1714/462 1160/1719/443 1159/1710/442
f 1332/1716/463 1168/8001/435 1167/1712/434
f 1347/1714/462 1334/1722/464 1161/1718/416
f 1333/1691/449 1169/1693/436 1168/1720/435
f 1335/1696/451 1162/1695/417 1161/1718/416
f 1239/1723/474 1271/1733/466 1272/1724/467
f 1253/1726/468 1285/1789/531 1284/1727/469
f 1265/1729/471 1266/1795/537 1298/1730/472
f 1238/1732/482 1270/1740/475 1271/1733/466
f 1251/1734/476 1283/1742/484 1268/1735/477
f 1264/1737/479 1265/1729/471 1297/1731/473
f 1238/1732/482 1237/1745/481 1269/1739/487
f 1250/1741/489 1282/1747/483 1283/1742/484
f 1263/1743/486 1264/1737/479 1296/1738/480
f 1236/1736/478 1268/1735/477 1269/1739/487
f 1249/1746/488 1281/1751/493 1282/1747/483
f 1262/1748/490 1263/1743/486 1295/1744/485
f 1248/1750/492 1280/1755/497 1281/1751/493
f 1261/1752/495 1262/1748/490 1294/1749/491
f 1248/1750/492 1247/1770/496 1279/1754/536
f 1261/1752/495 1293/1753/494 1292/1756/499
f 1225/1758/500 1241/1780/521 1242/1759/501
f 1227/1761/504 1226/1760/502 1242/1759/501
f 1227/1761/504 1243/1762/503 1244/1763/505
f 1228/1764/506 1244/1763/505 1245/1765/507
f 1229/1766/508 1245/1765/507 1246/1767/509
f 1231/1769/511 1230/1768/510 1246/1767/509
f 1232/1771/512 1231/1769/511 1247/1770/496
f 1233/1772/513 1232/1771/512 1248/1750/492
f 1233/1772/513 1249/1746/488 1250/1741/489
f 1220/1774/515 1236/1736/478 1237/1745/481
f 1234/1773/514 1250/1741/489 1251/1734/476
f 1221/1775/516 1237/1745/481 1238/1732/482
f 1220/1774/515 1235/1776/517 1251/1734/476
f 1222/1777/518 1238/1732/482 1239/1723/474
f 1224/1779/520 1223/1778/519 1239/1723/474
f 1225/1758/500 1224/1779/520 1240/1725/465
f 1279/1754/536 1295/1744/485 1296/1738/480
f 1272/1724/467 1288/1794/523 1289/1781/524
f 1280/1755/497 1296/1738/480 1297/1731/473
f 1274/1783/525 1273/1782/522 1289/1781/524
f 1282/1747/483 1281/1751/493 1297/1731/473
f 1275/1785/527 1274/1783/525 1290/1784/526
f 1283/1742/484 1282/1747/483 1298/1730/472
f 1275/1785/527 1291/1786/528 1292/1756/499
f 1269/1739/487 1268/1735/477 1284/1727/469
f 1268/1735/477 1283/1742/484 1299/1787/529
f 1277/1790/532 1276/1788/530 1292/1756/499
f 1269/1739/487 1285/1789/531 1286/1791/533
f 1277/1790/532 1293/1753/494 1294/1749/491
f 1271/1733/466 1270/1740/475 1286/1791/533
f 1278/1792/534 1294/1749/491 1295/1744/485
f 1272/1724/467 1271/1733/466 1287/1793/535
f 1266/1795/537 1267/1797/539 1299/1787/529
f 1254/1796/538 1286/1791/533 1285/1789/531
f 1241/1780/521 1240/1725/465 1272/1724/467
f 1252/1728/470 1284/1727/469 1299/1787/529
f 1254/1796/538 1255/1799/540 1287/1793/535
f 1241/1780/521 1273/1782/522 1274/1783/525
f 1256/1798/542 1288/1794/523 1287/1793/535
f 1242/1759/501 1274/1783/525 1275/1785/527
f 1256/1798/542 1257/1801/541 1289/1781/524
f 1243/1762/503 1275/1785/527 1276/1788/530
f 1258/1800/543 1290/1784/526 1289/1781/524
f 1245/1765/507 1244/1763/505 1276/1788/530
f 1259/1802/544 1291/1786/528 1290/1784/526
f 1246/1767/509 1245/1765/507 1277/1790/532
f 1260/1757/498 1292/1756/499 1291/1786/528
f 1247/1770/496 1246/1767/509 1278/1792/534
f 1189/1650/406 1205/1630/405 1204/1803/394
f 1341/1707/457 1157/1706/439 1156/1804/438
f 1263/1805/545 1311/1838/545 1312/1806/546
f 1310/1808/547 1309/1831/548 1325/1809/548
f 1257/1811/549 1256/1839/550 1304/1812/550
f 1264/1814/546 1312/8002/546 1313/1815/551
f 1257/1811/549 1305/1813/549 1306/1817/552
f 1265/1816/551 1313/1815/551 1314/1819/553
f 1258/1818/552 1306/1817/552 1307/1821/554
f 1267/1823/555 1266/1820/553 1314/1819/553
f 1260/1825/556 1259/1822/554 1307/1821/554
f 1252/1827/557 1301/1830/557 1300/1828/558
f 1267/1823/555 1315/1824/555 1301/1830/557
f 1260/1825/556 1308/1826/556 1309/1831/559
f 1253/1829/558 1300/1828/558 1302/1833/560
f 1261/1832/559 1309/1831/559 1310/1808/561
f 1254/1834/560 1302/1833/560 1303/1836/562
f 1263/1805/545 1262/1835/561 1310/1808/561
f 1256/1839/550 1255/1837/562 1303/1836/562
f 1302/1833/564 1318/1854/564 1319/1840/563
f 1310/1808/547 1326/1810/547 1327/1841/565
f 1303/1836/563 1319/1840/563 1320/1842/566
f 1312/1806/567 1311/1838/565 1327/1841/565
f 1304/1812/566 1320/1842/566 1321/1844/568
f 1313/1815/569 1312/8002/567 1328/1845/567
f 1306/1817/570 1305/1813/568 1321/1844/568
f 1313/1815/569 1329/1846/569 1330/1848/571
f 1306/1817/570 1322/1847/570 1323/1849/572
f 1314/1819/571 1330/1848/571 1331/1850/573
f 1307/1821/572 1323/1849/572 1324/1851/574
f 1301/1830/575 1317/1853/575 1316/1852/576
f 1315/1824/573 1331/1850/573 1317/1853/575
f 1309/1831/548 1308/1826/574 1324/1851/574
f 1302/1833/564 1300/1828/576 1316/1852/576
f 1318/1857/158 1316/8003/158 1317/8004/158
f 1317/8004/158 1331/8005/158 1330/8006/158
f 1330/8006/158 1329/8007/158 1328/8008/158
f 1328/8008/158 1327/8009/158 1326/1855/158
f 1326/1855/158 1325/8010/158 1324/8011/158
f 1324/8011/158 1323/8012/158 1322/1856/158
f 1322/1856/158 1321/8013/158 1320/8014/158
f 1320/8014/158 1319/8015/158 1318/1857/158
f 1318/1857/158 1317/8004/158 1330/8006/158
f 1330/8006/158 1328/8008/158 1326/1855/158
f 1326/1855/158 1324/8011/158 1322/1856/158
f 1322/1856/158 1320/8014/158 1318/1857/158
f 1318/1857/158 1330/8006/158 1326/1855/158
f 1221/1858/516 1341/1707/457 1340/1701/454
f 1226/1860/502 1335/1696/451 1334/1722/464
f 1232/1862/512 1233/1874/513 1333/1691/449
f 1225/1861/500 1334/1722/464 1347/1714/462
f 1232/1864/512 1332/1716/463 1346/1717/460
f 1224/1863/520 1347/1714/462 1345/1715/458
f 1231/1865/511 1346/1717/460 1344/1708/461
f 1223/1866/519 1345/1715/458 1343/1705/459
f 1229/1869/508 1230/1867/510 1344/1708/461
f 1222/1868/518 1343/1705/459 1341/1707/457
f 1229/1869/508 1342/1703/456 1339/1704/453
f 1220/1859/515 1340/1701/454 1338/1702/455
f 1227/1872/504 1228/1870/506 1339/1704/453
f 1235/1871/517 1338/1702/455 1336/1697/452
f 1227/1872/504 1337/1694/450 1335/1696/451
f 1234/1873/514 1336/1697/452 1333/1691/449
f 1172/1877/16 1173/8016/16 1174/8017/16
f 1174/8017/16 1175/8018/16 1176/8019/16
f 1176/8019/16 1177/8020/16 1178/8021/16
f 1178/8021/16 1179/8022/16 1180/1875/16
f 1180/1875/16 1181/8023/16 1182/8024/16
f 1182/8024/16 1183/8025/16 1184/1876/16
f 1184/1876/16 1185/8026/16 1186/8027/16
f 1186/8027/16 1187/8028/16 1172/1877/16
f 1172/1877/16 1174/8017/16 1176/8019/16
f 1176/8019/16 1178/8021/16 1180/1875/16
f 1180/1875/16 1182/8024/16 1184/1876/16
f 1184/1876/16 1186/8027/16 1172/1877/16
f 1172/1877/16 1176/8019/16 1180/1875/16
f 1359/1688/445 1360/1663/419 1376/1878/577
f 1374/1880/579 1358/1631/388 1359/1688/445
f 1357/1687/444 1356/1638/395 1364/1881/580
f 1348/1672/429 1349/1658/414 1366/1882/581
f 1379/1884/583 1363/1669/425 1348/1672/429
f 1362/1666/422 1363/1669/425 1379/1884/583
f 1361/1662/418 1362/1666/422 1378/1885/584
f 1376/1878/577 1360/1663/419 1361/1662/418
f 1349/1658/414 1350/1656/412 1367/1887/586
f 1350/1656/412 1351/1652/409 1368/1888/587
f 1351/1652/409 1352/1648/627 1369/1889/588
f 1369/1889/588 1352/1648/627 1353/1639/398
f 1370/1890/589 1353/1639/398 1354/1641/397
f 1364/1881/580 1356/1638/395 1355/1632/386
f 1218/1640/591 1219/1646/407 1357/1687/444
f 1372/1891/590 1355/1632/386 1358/1631/388
f 1173/1892/629 1372/1891/590 1374/1880/579
f 1364/1881/580 1372/1891/590 1173/1892/629
f 1370/1890/589 1371/1635/391 1186/1634/390
f 1369/1889/588 1370/1890/589 1185/1895/595
f 1368/1888/587 1369/1889/588 1184/1896/596
f 1367/1887/586 1368/1888/587 1183/1897/597
f 1366/1882/581 1367/1887/586 1182/1898/598
f 1176/1900/601 1376/1878/577 1377/1886/585
f 1177/1901/630 1377/1886/585 1378/1885/584
f 1178/1902/602 1378/1885/584 1379/1884/583
f 1179/1903/603 1379/1884/583 1365/1883/582
f 1365/1883/582 1366/1882/581 1181/1899/599
f 1373/1633/389 1364/1881/580 1172/1894/594
f 1174/1893/592 1374/1880/579 1375/1879/578
f 1175/1906/606 1375/1879/578 1376/1878/577
f 1354/1641/397 1357/1687/444 1373/1633/389
s 0
f 1383/1907/158 1420/8029/158 1421/1908/158
f 1381/1910/158 1412/8030/158 1413/1911/158
f 1387/1913/607 1409/1959/607 1411/1914/607
f 1433/1916/16 1403/8031/16 1402/1917/16
f 1431/1919/16 1427/8032/16 1426/1920/16
f 1428/1922/16 1419/8033/16 1418/1923/16
f 1386/1925/608 1405/1951/608 1407/1926/608
f 1433/1928/16 1432/8034/16 1399/1929/16
f 1396/1931/608 1398/1937/608 1399/1932/608
f 1384/1934/609 1397/1933/609 1399/1932/609
f 1385/1936/610 1433/1949/610 1398/1937/610
f 1385/1938/158 1396/8035/158 1397/1939/158
f 1400/1941/607 1402/1945/607 1403/1942/607
f 1386/1944/611 1434/8036/611 1402/1945/611
f 1386/1946/158 1400/8037/158 1401/1947/158
f 1385/1936/612 1401/1943/612 1403/1942/612
f 1404/1950/610 1406/8038/610 1407/1926/610
f 1435/1915/613 1406/8038/613 1404/1950/613
f 1435/1952/16 1434/8039/16 1407/1953/16
f 1387/1955/158 1404/8040/158 1405/1956/158
f 1408/1958/611 1410/8041/611 1411/1914/611
f 1387/1960/158 1380/8042/158 1408/1961/158
f 1429/1963/614 1410/8041/614 1408/1958/614
f 1435/1965/16 1411/8043/16 1410/1966/16
f 1412/1968/613 1414/8044/613 1415/1969/613
f 1380/1971/610 1413/1970/610 1415/1969/610
f 1428/1973/16 1429/8045/16 1415/1974/16
f 1428/1976/609 1414/8044/609 1412/1968/609
f 1416/1978/614 1418/8046/614 1419/1979/614
f 1430/1981/612 1418/8046/612 1416/1978/612
f 1381/1983/158 1382/8047/158 1416/1984/158
f 1381/1977/611 1417/1980/611 1419/1979/611
f 1420/1986/609 1422/8048/609 1423/1987/609
f 1382/1989/613 1421/1988/613 1423/1987/613
f 1430/1991/16 1423/8049/16 1422/1992/16
f 1431/1994/608 1422/8048/608 1420/1986/608
f 1424/1996/612 1426/8050/612 1427/1997/612
f 1383/1999/158 1384/8051/158 1424/2000/158
f 1432/2002/607 1426/8050/607 1424/1996/607
f 1383/1995/614 1425/1998/614 1427/1997/614
f 1393/2004/613 1437/8052/613 1442/2005/613
f 1395/2007/609 1443/8053/609 1439/2008/609
f 1390/2010/607 1436/8054/607 1438/2011/607
f 1389/2013/16 1388/8055/16 1429/2014/16
f 1389/2016/16 1428/8056/16 1430/2017/16
f 1390/2019/16 1430/8057/16 1431/2020/16
f 1391/2022/16 1431/8058/16 1432/2023/16
f 1392/2025/16 1432/8059/16 1433/2026/16
f 1394/2028/16 1393/8060/16 1433/2029/16
f 1394/2031/16 1434/8061/16 1435/2032/16
f 1395/2034/16 1435/8062/16 1429/2035/16
f 1441/2037/16 1442/8063/16 1437/2038/16
f 1437/2040/16 1439/8064/16 1438/2041/16
f 1438/2043/16 1439/8065/16 1443/2044/16
f 1390/2046/610 1391/8066/610 1441/2047/610
f 1389/2049/608 1438/8067/608 1440/2050/608
f 1388/2052/612 1440/8068/612 1443/2053/612
f 1394/2055/614 1439/8069/614 1437/2056/614
f 1392/2058/611 1442/8070/611 1441/2059/611
f 1446/2061/158 1447/2117/158 1484/2062/158
f 1445/2064/158 1476/2104/158 1477/2065/158
f 1451/2067/615 1473/2100/615 1475/2068/615
f 1498/2070/16 1497/2082/16 1467/2071/16
f 1495/2073/16 1491/8071/16 1490/2074/16
f 1494/2076/16 1492/2106/16 1483/2077/16
f 1498/2079/616 1450/2095/616 1469/2080/616
f 1497/2082/16 1496/2075/16 1463/2083/16
f 1460/2085/616 1462/8072/616 1463/2086/616
f 1496/2088/617 1448/2091/617 1461/2087/617
f 1497/2089/618 1462/8072/618 1460/2085/618
f 1449/2090/158 1460/2085/158 1461/2087/158
f 1464/2092/615 1466/8073/615 1467/2093/615
f 1498/2079/619 1466/8073/619 1464/2092/619
f 1450/2095/158 1464/2092/158 1465/2094/158
f 1449/2090/620 1465/2094/620 1467/2093/620
f 1468/2096/618 1470/8074/618 1471/2081/618
f 1499/2069/621 1470/8074/621 1468/2096/621
f 1498/2070/16 1471/8075/16 1470/2097/16
f 1450/2095/158 1451/2067/158 1468/2096/158
f 1472/2099/619 1474/8076/619 1475/2068/619
f 1444/2066/158 1472/2099/158 1473/2100/158
f 1493/2101/622 1474/8076/622 1472/2099/622
f 1499/2098/16 1475/8077/16 1474/2102/16
f 1476/2104/621 1478/8078/621 1479/2105/621
f 1444/2066/618 1477/2065/618 1479/2105/618
f 1492/2106/16 1493/2103/16 1479/2107/16
f 1492/2109/617 1478/8078/617 1476/2104/617
f 1480/2110/622 1482/8079/622 1483/2111/622
f 1494/2113/620 1482/8079/620 1480/2110/620
f 1446/2061/158 1480/2110/158 1481/2112/158
f 1445/2064/619 1481/2112/619 1483/2111/619
f 1484/2062/617 1486/8080/617 1487/2114/617
f 1446/2061/621 1485/2063/621 1487/2114/621
f 1494/2076/16 1487/8081/16 1486/2115/16
f 1495/2116/616 1486/8080/616 1484/2062/616
f 1488/2118/620 1490/8082/620 1491/2119/620
f 1447/2117/158 1448/2091/158 1488/2118/158
f 1496/2088/615 1490/8082/615 1488/2118/615
f 1447/2117/622 1489/2120/622 1491/2119/622
f 1457/2121/621 1501/2133/621 1506/2122/621
f 1459/2124/617 1507/2136/617 1503/2125/617
f 1454/2127/624 1500/2134/624 1502/2128/624
f 1453/2129/16 1452/2131/16 1493/2103/16
f 1453/2129/16 1492/2106/16 1494/2076/16
f 1455/2130/16 1454/2127/16 1494/2076/16
f 1455/2130/16 1495/2073/16 1496/2075/16
f 1456/2123/16 1496/2075/16 1497/2082/16
f 1457/2121/16 1497/2082/16 1498/2070/16
f 1458/2126/16 1498/2070/16 1499/2098/16
f 1459/2124/16 1499/2098/16 1493/2103/16
f 1505/2132/16 1506/2122/16 1501/2133/16
f 1500/2134/16 1501/2133/16 1503/2125/16
f 1503/2125/16 1507/2136/16 1504/2135/16
f 1455/2130/618 1505/2132/618 1500/2134/618
f 1453/2129/616 1502/2128/616 1504/2135/616
f 1452/2131/620 1504/2135/620 1507/2136/620
f 1458/2126/622 1503/2125/622 1501/2133/622
f 1456/2123/619 1506/2122/619 1505/2132/619
f 1446/2061/158 1449/2090/158 1448/2091/158
f 1446/2061/158 1445/2064/158 1450/2095/158
f 1444/2066/158 1451/2067/158 1450/2095/158
s 1
f 1545/2137/385 1561/8083/383 1560/2138/393
f 1707/2140/386 1557/2148/405 1558/2141/387
f 1723/2143/391 1725/2393/389 1539/2144/631
f 1559/2146/392 1543/2152/399 1544/2139/384
f 1708/2147/395 1556/2154/394 1557/2148/405
f 1705/2149/398 1569/2167/396 1570/2150/591
f 1543/2152/399 1559/2146/392 1558/2141/387
f 1556/2154/394 1571/2160/407 1555/2155/401
f 1568/2157/403 1569/2167/396 1705/2149/398
f 1558/2141/387 1557/2148/405 1541/2159/406
f 1571/2160/407 1570/2150/591 1554/2161/408
f 1567/2162/448 1568/2157/403 1704/2158/404
f 1570/2150/591 1569/2167/396 1553/2164/410
f 1566/2165/411 1567/2162/448 1703/2163/409
f 1569/2167/396 1568/2157/403 1552/2168/413
f 1701/2169/414 1565/2200/446 1566/2165/411
f 1546/2170/415 1545/2137/385 1513/2171/416
f 1560/2138/393 1561/8083/383 1713/2173/418
f 1547/2175/420 1546/2170/415 1514/2172/417
f 1713/2173/418 1561/8083/383 1562/2177/424
f 1548/2179/427 1547/2175/420 1515/2176/421
f 1562/2177/424 1563/2183/428 1715/2181/425
f 1517/2182/426 1549/2201/447 1548/2179/427
f 1563/2183/428 1564/2187/432 1700/2184/429
f 1550/2185/430 1549/2201/447 1517/2182/426
f 1564/2187/432 1565/2200/446 1701/2169/414
f 1519/2188/434 1551/2202/433 1550/2185/430
f 1552/2168/413 1551/2202/433 1519/2188/434
f 1521/2190/436 1553/2164/410 1552/2168/413
f 1522/2191/437 1554/2161/408 1553/2164/410
f 1509/2192/439 1541/2159/406 1540/2156/402
f 1523/2194/440 1555/2155/401 1554/2161/408
f 1510/2195/441 1542/2153/400 1541/2159/406
f 1508/2193/438 1540/2156/402 1555/2155/401
f 1511/2196/442 1543/2152/399 1542/2153/400
f 1544/2139/384 1543/2152/399 1511/2196/442
f 1571/2160/407 1556/2154/394 1708/2147/395
f 1558/2141/387 1559/2146/392 1711/2199/445
f 1513/2171/416 1545/2137/385 1544/2139/384
f 1711/2199/445 1559/2146/392 1560/2138/393
f 1562/2177/424 1561/8083/383 1545/2137/385
f 1547/2175/420 1563/2183/428 1562/2177/424
f 1564/2187/432 1563/2183/428 1547/2175/420
f 1565/2200/446 1564/2187/432 1548/2179/427
f 1566/2165/411 1565/2200/446 1549/2201/447
f 1551/2202/433 1567/2162/448 1566/2165/411
f 1568/2157/403 1567/2162/448 1551/2202/433
f 1685/2203/449 1688/2209/452 1522/2204/437
f 1689/2206/450 1515/2212/421 1514/2207/417
f 1688/2209/452 1690/2214/455 1523/2210/440
f 1691/2211/453 1516/2216/423 1515/2212/421
f 1692/2213/454 1508/2315/438 1523/2210/440
f 1694/2215/456 1517/2221/426 1516/2216/423
f 1695/2217/459 1510/2223/441 1509/2218/439
f 1694/2215/456 1696/2224/461 1518/2220/431
f 1697/2222/458 1511/2227/442 1510/2223/441
f 1696/2224/461 1698/2229/460 1519/2225/434
f 1699/2226/462 1512/2231/633 1511/2227/442
f 1684/2228/463 1520/8084/632 1519/2225/434
f 1699/2226/462 1686/2234/464 1513/2230/416
f 1684/2232/463 1685/2203/449 1521/2205/436
f 1687/2208/451 1514/2207/417 1513/2230/416
f 1591/2235/474 1623/2245/466 1624/2236/467
f 1605/2238/468 1637/2301/531 1636/2239/469
f 1617/2241/471 1618/2308/537 1650/2242/472
f 1591/2235/474 1590/2252/482 1622/2244/475
f 1603/2246/476 1635/2254/484 1620/2247/477
f 1617/2241/471 1649/2243/473 1648/2249/480
f 1589/2251/481 1621/2257/487 1622/2244/475
f 1603/2246/476 1602/2258/489 1634/2253/483
f 1616/2250/479 1648/2249/480 1647/2255/485
f 1588/2248/478 1620/2247/477 1621/2257/487
f 1602/2258/489 1601/2263/488 1633/2259/493
f 1615/2256/486 1647/2255/485 1646/2260/491
f 1600/2262/492 1632/2267/497 1633/2259/493
f 1614/2261/490 1646/2260/491 1645/2264/494
f 1600/2262/492 1599/2282/496 1631/2266/536
f 1613/2265/495 1645/2264/494 1644/2268/499
f 1577/2270/500 1593/2292/521 1594/2271/501
f 1579/2273/504 1578/2272/502 1594/2271/501
f 1579/2273/504 1595/2274/503 1596/2275/505
f 1580/2276/506 1596/2275/505 1597/2277/507
f 1581/2278/508 1597/2277/507 1598/2279/509
f 1583/2281/511 1582/2280/510 1598/2279/509
f 1583/2281/511 1599/2282/496 1600/2262/492
f 1584/2283/512 1600/2262/492 1601/2263/488
f 1585/2284/513 1601/2263/488 1602/2258/489
f 1572/2286/515 1588/2248/478 1589/2251/481
f 1586/2285/514 1602/2258/489 1603/2246/476
f 1573/2287/516 1589/2251/481 1590/2252/482
f 1587/2288/517 1603/2246/476 1588/2248/478
f 1575/2290/519 1574/2289/518 1590/2252/482
f 1575/2290/519 1591/2235/474 1592/2237/465
f 1576/2291/520 1592/2237/465 1593/2292/521
f 1631/2266/536 1647/2255/485 1648/2249/480
f 1624/2236/467 1640/2306/523 1641/2293/524
f 1632/2267/497 1648/2249/480 1649/2243/473
f 1625/2294/522 1641/2293/524 1642/2295/526
f 1633/2259/493 1649/2243/473 1650/2242/472
f 1626/2296/525 1642/2295/526 1643/2297/528
f 1634/2253/483 1650/2242/472 1651/2299/529
f 1628/2300/530 1627/2298/527 1643/2297/528
f 1620/2247/477 1636/2239/469 1637/2301/531
f 1620/2247/477 1635/2254/484 1651/2299/529
f 1628/2300/530 1644/2268/499 1645/2264/494
f 1621/2257/487 1637/2301/531 1638/2303/533
f 1630/2304/534 1629/2302/532 1645/2264/494
f 1623/2245/466 1622/2244/475 1638/2303/533
f 1630/2304/534 1646/2260/491 1647/2255/485
f 1624/2236/467 1623/2245/466 1639/2305/535
f 1619/2307/539 1651/2299/529 1650/2242/472
f 1606/2309/538 1638/2303/533 1637/2301/531
f 1592/2237/465 1624/2236/467 1625/2294/522
f 1604/2240/470 1636/2239/469 1651/2299/529
f 1606/2309/538 1607/2310/540 1639/2305/535
f 1593/2292/521 1625/2294/522 1626/2296/525
f 1607/2310/540 1608/2312/542 1640/2306/523
f 1594/2271/501 1626/2296/525 1627/2298/527
f 1609/2311/541 1641/2293/524 1640/2306/523
f 1595/2274/503 1627/2298/527 1628/2300/530
f 1610/2313/543 1642/2295/526 1641/2293/524
f 1596/2275/505 1628/2300/530 1629/2302/532
f 1611/2314/544 1643/2297/528 1642/2295/526
f 1597/2277/507 1629/2302/532 1630/2304/534
f 1612/2269/498 1644/2268/499 1643/2297/528
f 1598/2279/509 1630/2304/534 1631/2266/536
f 1557/2148/405 1556/2154/394 1540/2156/402
f 1693/2219/457 1509/2218/439 1508/2315/438
f 1615/2316/545 1663/2348/545 1664/2317/546
f 1661/2319/548 1677/2364/548 1678/2320/547
f 1608/2322/550 1656/2349/550 1657/2323/549
f 1617/2325/551 1616/8085/546 1664/2326/546
f 1609/2324/549 1657/2323/549 1658/2328/552
f 1617/2325/551 1665/2327/551 1666/2330/553
f 1611/2332/554 1610/2329/552 1658/2328/552
f 1619/2334/555 1618/2331/553 1666/2330/553
f 1611/2332/554 1659/2333/554 1660/2336/556
f 1605/2338/558 1604/2341/557 1653/2339/557
f 1619/2334/555 1667/2335/555 1653/2339/557
f 1613/2342/559 1612/2337/556 1660/2336/556
f 1606/2343/560 1605/2338/558 1652/2340/558
f 1614/2345/561 1613/2342/559 1661/2319/559
f 1607/2346/562 1606/2343/560 1654/2344/560
f 1615/2316/545 1614/2345/561 1662/2321/561
f 1607/2346/562 1655/2347/562 1656/2349/550
f 1654/2344/564 1670/2365/564 1671/2350/563
f 1662/2321/547 1678/2320/547 1679/2351/565
f 1655/2347/563 1671/2350/563 1672/2352/566
f 1663/2348/565 1679/2351/565 1680/2353/567
f 1656/2349/566 1672/2352/566 1673/2354/568
f 1665/2327/569 1664/2326/567 1680/2355/567
f 1657/2323/568 1673/2354/568 1674/2357/570
f 1665/2327/569 1681/2356/569 1682/2358/571
f 1658/2328/570 1674/2357/570 1675/2359/572
f 1666/2330/571 1682/2358/571 1683/2360/573
f 1659/2333/572 1675/2359/572 1676/2361/574
f 1652/2340/576 1653/2339/575 1669/2362/575
f 1667/2335/573 1683/2360/573 1669/2362/575
f 1660/2336/574 1676/2361/574 1677/2364/548
f 1652/2340/576 1668/2363/576 1670/2365/564
f 1670/2368/158 1668/8086/158 1669/8087/158
f 1669/8087/158 1683/8088/158 1682/8089/158
f 1682/8089/158 1681/8090/158 1680/8091/158
f 1680/8091/158 1679/8092/158 1678/2366/158
f 1678/2366/158 1677/8093/158 1676/8094/158
f 1676/8094/158 1675/8095/158 1674/2367/158
f 1674/2367/158 1673/8096/158 1672/8097/158
f 1672/8097/158 1671/8098/158 1670/2368/158
f 1670/2368/158 1669/8087/158 1682/8089/158
f 1682/8089/158 1680/8091/158 1678/2366/158
f 1678/2366/158 1676/8094/158 1674/2367/158
f 1674/2367/158 1672/8097/158 1670/2368/158
f 1670/2368/158 1682/8089/158 1678/2366/158
f 1573/2369/516 1693/2219/457 1692/2213/454
f 1577/2371/500 1578/2384/502 1687/2208/451
f 1584/2372/512 1585/2385/513 1685/2203/449
f 1577/2371/500 1686/2234/464 1699/2226/462
f 1584/2374/512 1684/2228/463 1698/2229/460
f 1576/2373/520 1699/2226/462 1697/2222/458
f 1583/2375/511 1698/2229/460 1696/2224/461
f 1575/2376/519 1697/2222/458 1695/2217/459
f 1581/2379/508 1582/2377/510 1696/2224/461
f 1573/2369/516 1574/2378/518 1695/2217/459
f 1581/2379/508 1694/2215/456 1691/2211/453
f 1587/2381/517 1572/2370/515 1692/2213/454
f 1579/2382/504 1580/2380/506 1691/2211/453
f 1587/2381/517 1690/2214/455 1688/2209/452
f 1578/2384/502 1579/2382/504 1689/2206/450
f 1585/2385/513 1586/2383/514 1688/2209/452
f 1524/2388/16 1525/8099/16 1526/8100/16
f 1526/8100/16 1527/8101/16 1528/8102/16
f 1528/8102/16 1529/8103/16 1530/8104/16
f 1530/8104/16 1531/8105/16 1532/2386/16
f 1532/2386/16 1533/8106/16 1534/8107/16
f 1534/8107/16 1535/8108/16 1536/2387/16
f 1536/2387/16 1537/8109/16 1538/8110/16
f 1538/8110/16 1539/8111/16 1524/2388/16
f 1524/2388/16 1526/8100/16 1528/8102/16
f 1528/8102/16 1530/8104/16 1532/2386/16
f 1532/2386/16 1534/8107/16 1536/2387/16
f 1536/2387/16 1538/8110/16 1524/2388/16
f 1524/2388/16 1528/8102/16 1532/2386/16
f 1711/2199/445 1712/2174/419 1728/2389/577
f 1726/2391/579 1710/2142/388 1711/2199/445
f 1709/2198/444 1708/2147/395 1716/2392/580
f 1700/2184/429 1701/2169/414 1718/2394/581
f 1731/2396/583 1715/2181/425 1700/2184/429
f 1714/2178/422 1715/2181/425 1731/2396/583
f 1729/2398/585 1713/2173/418 1714/2178/422
f 1728/2389/577 1712/2174/419 1713/2173/418
f 1701/2169/414 1702/2166/412 1719/2399/586
f 1702/2166/412 1703/2163/409 1720/2400/587
f 1703/2163/409 1704/2158/404 1721/2401/588
f 1704/2158/404 1705/2149/398 1722/2402/589
f 1705/2149/398 1706/2151/397 1723/2143/391
f 1708/2147/395 1707/2140/386 1724/2403/590
f 1571/2160/407 1709/2198/444 1706/2151/397
f 1724/2403/590 1707/2140/386 1710/2142/388
f 1525/2404/629 1724/2403/590 1726/2391/579
f 1716/2392/580 1724/2403/590 1525/2404/629
f 1722/2402/589 1723/2143/391 1538/2145/390
f 1721/2401/588 1722/2402/589 1537/2407/595
f 1720/2400/587 1721/2401/588 1536/2408/596
f 1719/2399/586 1720/2400/587 1535/2409/597
f 1718/2394/581 1719/2399/586 1534/2410/598
f 1528/2412/601 1728/2389/577 1729/2398/585
f 1529/2413/630 1729/2398/585 1730/2397/584
f 1530/2414/602 1730/2397/584 1731/2396/583
f 1531/2415/603 1731/2396/583 1717/2395/582
f 1717/2395/582 1718/2394/581 1533/2411/599
f 1725/2393/389 1716/2392/580 1524/2406/594
f 1726/2391/579 1727/2390/578 1527/2417/606
f 1527/2417/606 1727/2390/578 1728/2389/577
f 1706/2151/397 1709/2198/444 1725/2393/389
s 0
f 1734/2418/158 1735/8112/158 1772/2419/158
f 1733/2421/158 1764/8113/158 1765/2422/158
f 1739/2424/607 1761/2470/607 1763/2425/607
f 1785/2427/16 1755/8114/16 1754/2428/16
f 1783/2430/16 1779/8115/16 1778/2431/16
f 1780/2433/16 1771/8116/16 1770/2434/16
f 1738/2436/608 1757/2462/608 1759/2437/608
f 1784/2439/16 1751/8117/16 1750/2440/16
f 1748/2442/608 1750/2448/608 1751/2443/608
f 1736/2445/609 1749/2444/609 1751/2443/609
f 1737/2447/610 1785/2460/610 1750/2448/610
f 1737/2449/158 1748/8118/158 1749/2450/158
f 1752/2452/607 1754/2456/607 1755/2453/607
f 1738/2455/611 1786/8119/611 1754/2456/611
f 1738/2457/158 1752/8120/158 1753/2458/158
f 1737/2447/612 1753/2454/612 1755/2453/612
f 1756/2461/610 1758/8121/610 1759/2437/610
f 1787/2426/613 1758/8121/613 1756/2461/613
f 1787/2463/16 1786/8122/16 1759/2464/16
f 1738/2466/158 1739/8123/158 1756/2467/158
f 1760/2469/611 1762/8124/611 1763/2425/611
f 1739/2471/158 1732/8125/158 1760/2472/158
f 1781/2474/614 1762/8124/614 1760/2469/614
f 1787/2476/16 1763/8126/16 1762/2477/16
f 1764/2479/613 1766/8127/613 1767/2480/613
f 1732/2482/610 1765/2481/610 1767/2480/610
f 1780/2484/16 1781/8128/16 1767/2485/16
f 1780/2487/609 1766/8127/609 1764/2479/609
f 1768/2489/614 1770/8129/614 1771/2490/614
f 1782/2492/612 1770/8129/612 1768/2489/612
f 1733/2494/158 1734/8130/158 1768/2495/158
f 1733/2488/611 1769/2491/611 1771/2490/611
f 1772/2497/609 1774/2506/609 1775/2498/609
f 1734/2500/613 1773/2499/613 1775/2498/613
f 1782/2502/16 1775/8131/16 1774/2503/16
f 1735/2505/608 1783/2515/608 1774/2506/608
f 1776/2507/612 1778/8132/612 1779/2508/612
f 1735/2510/158 1736/8133/158 1776/2511/158
f 1784/2513/607 1778/8132/607 1776/2507/607
f 1735/2505/614 1777/2509/614 1779/2508/614
f 1745/2516/613 1789/8134/613 1794/2517/613
f 1747/2519/609 1795/8135/609 1791/2520/609
f 1742/2522/607 1788/8136/607 1790/2523/607
f 1741/2525/16 1740/8137/16 1781/2526/16
f 1742/2528/16 1741/8138/16 1780/2529/16
f 1742/2531/16 1782/8139/16 1783/2532/16
f 1744/2534/16 1743/8140/16 1783/2535/16
f 1744/2537/16 1784/8141/16 1785/2538/16
f 1745/2540/16 1785/8142/16 1786/2541/16
f 1747/2543/16 1746/8143/16 1786/2544/16
f 1747/2546/16 1787/8144/16 1781/2547/16
f 1793/2549/16 1794/8145/16 1789/2550/16
f 1789/2552/16 1791/8146/16 1790/2553/16
f 1791/2555/16 1795/8147/16 1792/2556/16
f 1743/2558/610 1793/8148/610 1788/2559/610
f 1741/2561/608 1790/8149/608 1792/2562/608
f 1740/2564/612 1792/8150/612 1795/2565/612
f 1746/2567/614 1791/8151/614 1789/2568/614
f 1744/2570/611 1794/8152/611 1793/2571/611
f 1798/2573/158 1799/2630/158 1836/2574/158
f 1797/2576/158 1828/2617/158 1829/2577/158
f 1803/2579/615 1825/2612/615 1827/2580/615
f 1849/2582/16 1819/8153/16 1818/2583/16
f 1848/2585/16 1847/2628/16 1843/2586/16
f 1844/2588/16 1835/8154/16 1834/2589/16
f 1802/2591/616 1821/2607/616 1823/2592/616
f 1849/2582/16 1848/2585/16 1815/2594/16
f 1812/2596/616 1814/8155/616 1815/2597/616
f 1848/2599/617 1800/2602/617 1813/2598/617
f 1849/2600/618 1814/8155/618 1812/2596/618
f 1801/2601/158 1812/2596/158 1813/2598/158
f 1816/2603/615 1818/8156/615 1819/2604/615
f 1850/2593/619 1818/8156/619 1816/2603/619
f 1802/2591/158 1816/2603/158 1817/2605/158
f 1801/2601/620 1817/2605/620 1819/2604/620
f 1820/2606/2081 1822/8157/2081 1823/2592/2081
f 1851/2581/621 1822/8157/621 1820/2606/621
f 1851/2608/16 1850/2584/16 1823/2609/16
f 1803/2579/158 1820/2606/158 1821/2607/158
f 1824/2611/619 1826/8158/619 1827/2580/619
f 1796/2578/158 1824/2611/158 1825/2612/158
f 1845/2613/622 1826/8158/622 1824/2611/622
f 1845/2614/16 1851/2608/16 1827/2615/16
f 1828/2617/621 1830/8159/621 1831/2618/621
f 1796/2578/618 1829/2577/618 1831/2618/618
f 1844/2588/16 1845/2614/16 1831/2619/16
f 1844/2621/617 1830/8159/617 1828/2617/617
f 1832/2622/622 1834/8160/622 1835/2623/622
f 1846/2625/620 1834/8160/620 1832/2622/620
f 1798/2573/158 1832/2622/158 1833/2624/158
f 1797/2576/619 1833/2624/619 1835/2623/619
f 1836/2574/617 1838/8161/617 1839/2626/617
f 1798/2573/621 1837/2575/621 1839/2626/621
f 1846/2590/16 1839/8162/16 1838/2627/16
f 1847/2629/616 1838/8161/616 1836/2574/616
f 1840/2631/620 1842/8163/620 1843/2632/620
f 1799/2630/158 1800/2602/158 1840/2631/158
f 1848/2599/615 1842/8163/615 1840/2631/615
f 1799/2630/622 1841/2633/622 1843/2632/622
f 1809/2634/621 1853/2646/621 1858/2635/621
f 1811/2637/623 1859/2649/623 1855/2638/623
f 1806/2640/624 1852/2647/624 1854/2641/624
f 1805/2642/16 1804/2644/16 1845/2614/16
f 1806/2640/16 1805/2642/16 1844/2588/16
f 1807/2643/16 1806/2640/16 1846/2590/16
f 1808/2636/16 1807/2643/16 1847/2628/16
f 1808/2636/16 1848/2585/16 1849/2582/16
f 1809/2634/16 1849/2582/16 1850/2584/16
f 1810/2639/16 1850/2584/16 1851/2608/16
f 1811/2637/16 1851/2608/16 1845/2614/16
f 1857/2645/16 1858/2635/16 1853/2646/16
f 1853/2646/16 1855/2638/16 1854/2641/16
f 1855/2638/16 1859/2649/16 1856/2648/16
f 1807/2643/618 1857/2645/618 1852/2647/618
f 1805/2642/616 1854/2641/616 1856/2648/616
f 1804/2644/620 1856/2648/620 1859/2649/620
f 1810/2639/622 1855/2638/622 1853/2646/622
f 1808/2636/619 1858/2635/619 1857/2645/619
f 1799/2630/158 1798/2573/158 1801/2601/158
f 1797/2576/158 1802/2591/158 1801/2601/158
f 1796/2578/158 1803/2579/158 1802/2591/158
s 1
f 1897/2650/385 1913/2687/383 1912/2651/393
f 2059/2653/386 1909/8164/405 1910/2654/387
f 2077/2656/389 1891/2929/605 1890/2657/390
f 1911/2659/392 1895/2665/399 1896/2652/384
f 1908/2660/394 1909/8164/405 2059/2653/386
f 1921/2662/396 1922/2672/591 2058/2663/397
f 1895/2665/399 1911/2659/392 1910/2654/387
f 1908/2660/394 1923/2710/407 1907/2667/401
f 1920/2669/403 1921/2662/396 2057/2664/398
f 1910/2654/387 1909/8164/405 1893/2671/406
f 1907/2667/401 1923/2710/407 1922/2672/591
f 2055/2674/409 1919/2715/448 1920/2669/403
f 1906/2673/408 1922/2672/591 1921/2662/396
f 1918/2676/411 1919/2715/448 2055/2674/409
f 1905/2675/410 1921/2662/396 1920/2669/403
f 2053/2679/414 1917/2713/446 1918/2676/411
f 1898/2680/415 1897/2650/385 1865/2681/416
f 1912/2651/393 1913/2687/383 2065/2683/418
f 1899/2685/420 1898/2680/415 1866/2682/417
f 1913/2687/383 1914/2690/424 2066/2688/422
f 1868/2689/423 1900/2693/427 1899/2685/420
f 1914/2690/424 1915/2694/428 2067/2691/425
f 1869/2692/426 1901/2697/447 1900/2693/427
f 1915/2694/428 1916/2698/432 2052/2695/429
f 1870/2696/431 1902/2714/430 1901/2697/447
f 1916/2698/432 1917/2713/446 2053/2679/414
f 1903/2699/433 1902/2714/430 1870/2696/431
f 1904/2678/413 1903/2699/433 1871/2700/434
f 1905/2675/410 1904/2678/413 1872/2701/435
f 1906/2673/408 1905/2675/410 1873/2702/436
f 1893/2671/406 1892/2668/402 1860/2704/438
f 1875/2706/440 1907/2667/401 1906/2673/408
f 1894/2666/400 1893/2671/406 1861/2705/439
f 1860/2704/438 1892/2668/402 1907/2667/401
f 1863/2708/442 1895/2665/399 1894/2666/400
f 1896/2652/384 1895/2665/399 1863/2708/442
f 1923/2710/407 1908/2660/394 2060/2661/634
f 1910/2654/387 1911/2659/392 2063/2712/445
f 1865/2681/416 1897/2650/385 1896/2652/384
f 1911/2659/392 1912/2651/393 2064/2684/419
f 1914/2690/424 1913/2687/383 1897/2650/385
f 1899/2685/420 1915/2694/428 1914/2690/424
f 1916/2698/432 1915/2694/428 1899/2685/420
f 1917/2713/446 1916/2698/432 1900/2693/427
f 1918/2676/411 1917/2713/446 1901/2697/447
f 1919/2715/448 1918/2676/411 1902/2714/430
f 1920/2669/403 1919/2715/448 1903/2699/433
f 2040/2716/452 1874/2723/437 1873/2717/436
f 2041/2719/450 1867/2725/421 1866/2720/417
f 2042/2722/455 1875/2727/440 1874/2723/437
f 2043/2724/453 1868/2729/423 1867/2725/421
f 2042/2722/455 2044/2828/454 1860/2726/438
f 2046/2728/456 1869/2734/426 1868/2729/423
f 2045/2730/457 2047/2735/459 1862/2731/441
f 2046/2728/456 2048/2738/461 1870/2733/431
f 2047/2735/459 2049/2739/458 1863/2736/442
f 2050/2737/460 1871/2742/434 1870/2733/431
f 2049/2739/458 2051/2743/462 1864/2740/443
f 2050/2737/460 2036/8165/463 1872/2741/435
f 2051/2743/462 2038/2747/464 1865/2744/416
f 2036/2745/463 2037/2718/449 1873/2717/436
f 2039/2721/451 1866/2720/417 1865/2744/416
f 1944/2748/465 1943/2758/474 1975/2749/466
f 1957/2751/468 1989/2814/531 1988/2752/469
f 1969/2754/471 1970/2820/537 2002/2755/472
f 1942/2757/482 1974/2765/475 1975/2749/466
f 1955/2759/476 1987/2767/484 1972/2760/477
f 1968/2762/479 1969/2754/471 2001/2756/473
f 1941/2764/481 1973/2770/487 1974/2765/475
f 1955/2759/476 1954/2772/489 1986/2766/483
f 1968/2762/479 2000/2763/480 1999/2768/485
f 1940/2761/478 1972/2760/477 1973/2770/487
f 1953/2771/488 1985/2776/493 1986/2766/483
f 1966/2773/490 1967/2769/486 1999/2768/485
f 1953/2771/488 1952/2780/492 1984/2775/497
f 1965/2777/495 1966/2773/490 1998/2774/491
f 1951/2779/496 1983/2819/536 1984/2775/497
f 1964/2781/498 1965/2777/495 1997/2778/494
f 1929/2783/500 1945/2804/521 1946/2784/501
f 1931/2786/504 1930/2785/502 1946/2784/501
f 1931/2786/504 1947/2787/503 1948/2788/505
f 1932/2789/506 1948/2788/505 1949/2790/507
f 1933/2791/508 1949/2790/507 1950/2792/509
f 1935/2794/511 1934/2793/510 1950/2792/509
f 1935/2794/511 1951/2779/496 1952/2780/492
f 1937/2796/513 1936/2795/512 1952/2780/492
f 1938/2797/514 1937/2796/513 1953/2771/488
f 1924/2798/515 1940/2761/478 1941/2764/481
f 1939/2800/517 1938/2797/514 1954/2772/489
f 1925/2799/516 1941/2764/481 1942/2757/482
f 1939/2800/517 1955/2759/476 1940/2761/478
f 1926/2801/518 1942/2757/482 1943/2758/474
f 1927/2802/519 1943/2758/474 1944/2748/465
f 1929/2783/500 1928/2803/520 1944/2748/465
f 1984/2775/497 1983/2819/536 1999/2768/485
f 1977/2805/522 1976/2750/467 1992/2806/523
f 1984/2775/497 2000/2763/480 2001/2756/473
f 1977/2805/522 1993/2807/524 1994/2808/526
f 1985/2776/493 2001/2756/473 2002/2755/472
f 1979/2810/527 1978/2809/525 1994/2808/526
f 1986/2766/483 2002/2755/472 2003/2812/529
f 1979/2810/527 1995/2811/528 1996/2782/499
f 1973/2770/487 1972/2760/477 1988/2752/469
f 1987/2767/484 2003/2812/529 1988/2752/469
f 1981/2815/532 1980/2813/530 1996/2782/499
f 1974/2765/475 1973/2770/487 1989/2814/531
f 1982/2817/534 1981/2815/532 1997/2778/494
f 1975/2749/466 1974/2765/475 1990/2816/533
f 1983/2819/536 1982/2817/534 1998/2774/491
f 1975/2749/466 1991/2818/535 1992/2806/523
f 1970/2820/537 1971/2822/539 2003/2812/529
f 1958/2821/538 1990/2816/533 1989/2814/531
f 1944/2748/465 1976/2750/467 1977/2805/522
f 1956/2753/470 1988/2752/469 2003/2812/529
f 1958/2821/538 1959/2824/540 1991/2818/535
f 1946/2784/501 1945/2804/521 1977/2805/522
f 1960/2823/542 1992/2806/523 1991/2818/535
f 1946/2784/501 1978/2809/525 1979/2810/527
f 1960/2823/542 1961/2825/541 1993/2807/524
f 1947/2787/503 1979/2810/527 1980/2813/530
f 1961/2825/541 1962/2827/543 1994/2808/526
f 1948/2788/505 1980/2813/530 1981/2815/532
f 1963/2826/544 1995/2811/528 1994/2808/526
f 1950/2792/509 1949/2790/507 1981/2815/532
f 1964/2781/498 1996/2782/499 1995/2811/528
f 1951/2779/496 1950/2792/509 1982/2817/534
f 1893/2671/406 1909/8164/405 1908/2660/394
f 2045/2730/457 1861/2732/439 1860/2726/438
f 1967/2829/545 2015/2862/545 2016/2830/546
f 2014/2832/547 2013/2855/548 2029/2833/548
f 1960/2835/550 2008/2863/550 2009/2836/549
f 1968/2838/546 2016/2869/546 2017/2839/551
f 1961/2837/549 2009/2836/549 2010/2841/552
f 1970/2843/553 1969/2840/551 2017/2839/551
f 1963/2845/554 1962/2842/552 2010/2841/552
f 1970/2843/553 2018/2844/553 2019/2847/555
f 1963/2845/554 2011/2846/554 2012/2849/556
f 1957/2851/558 1956/2854/557 2005/2852/557
f 1971/2848/555 2019/2847/555 2005/2852/557
f 1964/2850/556 2012/2849/556 2013/2855/559
f 1957/2851/558 2004/2853/558 2006/2857/560
f 1966/2859/561 1965/2856/559 2013/2855/559
f 1958/2858/560 2006/2857/560 2007/2860/562
f 1966/2859/561 2014/2832/561 2015/2862/545
f 1960/2835/550 1959/2861/562 2007/2860/562
f 2006/2857/564 2022/2878/564 2023/2864/563
f 2014/2832/547 2030/2834/547 2031/2865/565
f 2007/2860/563 2023/2864/563 2024/2866/566
f 2015/2862/565 2031/2865/565 2032/2867/567
f 2008/2863/566 2024/2866/566 2025/2868/568
f 2016/2869/567 2032/8166/567 2033/2870/569
f 2009/2836/568 2025/2868/568 2026/2871/570
f 2017/2839/569 2033/2870/569 2034/2872/571
f 2010/2841/570 2026/2871/570 2027/2873/572
f 2018/2844/571 2034/2872/571 2035/2874/573
f 2011/2846/572 2027/2873/572 2028/2875/574
f 2005/2852/575 2021/2877/575 2020/2876/576
f 2019/2847/573 2035/2874/573 2021/2877/575
f 2012/2849/574 2028/2875/574 2029/2833/548
f 2006/2857/564 2004/2853/576 2020/2876/576
f 2022/2881/158 2020/8167/158 2021/8168/158
f 2021/8168/158 2035/8169/158 2034/8170/158
f 2034/8170/158 2033/8171/158 2032/8172/158
f 2032/8172/158 2031/8173/158 2030/2879/158
f 2030/2879/158 2029/8174/158 2028/8175/158
f 2028/8175/158 2027/8176/158 2026/2880/158
f 2026/2880/158 2025/8177/158 2024/8178/158
f 2024/8178/158 2023/8179/158 2022/2881/158
f 2022/2881/158 2021/8168/158 2034/8170/158
f 2034/8170/158 2032/8172/158 2030/2879/158
f 2030/2879/158 2028/8175/158 2026/2880/158
f 2026/2880/158 2024/8178/158 2022/2881/158
f 2022/2881/158 2034/8170/158 2030/2879/158
f 1925/2882/516 2045/2730/457 2044/2828/454
f 1929/2884/500 1930/2898/502 2039/2721/451
f 1937/2885/513 2037/2718/449 2036/2745/463
f 1929/2884/500 2038/2747/464 2051/2743/462
f 1936/2888/512 2036/8165/463 2050/2737/460
f 1928/2887/520 2051/2743/462 2049/2739/458
f 1935/2889/511 2050/2737/460 2048/2738/461
f 1927/2890/519 2049/2739/458 2047/2735/459
f 1933/2893/508 1934/2891/510 2048/2738/461
f 1925/2882/516 1926/2892/518 2047/2735/459
f 1933/2893/508 2046/2728/456 2043/2724/453
f 1924/2883/515 2044/2828/454 2042/2722/455
f 1931/2896/504 1932/2894/506 2043/2724/453
f 1939/2895/517 2042/2722/455 2040/2716/452
f 1930/2898/502 1931/2896/504 2041/2719/450
f 1938/2897/514 2040/2716/452 2037/2718/449
f 1876/2901/16 1877/8180/16 1878/8181/16
f 1878/8181/16 1879/8182/16 1880/8183/16
f 1880/8183/16 1881/8184/16 1882/8185/16
f 1882/8185/16 1883/8186/16 1884/2899/16
f 1884/2899/16 1885/8187/16 1886/8188/16
f 1886/8188/16 1887/8189/16 1888/2900/16
f 1888/2900/16 1889/8190/16 1890/8191/16
f 1890/8191/16 1891/8192/16 1876/2901/16
f 1876/2901/16 1878/8181/16 1880/8183/16
f 1880/8183/16 1882/8185/16 1884/2899/16
f 1884/2899/16 1886/8188/16 1888/2900/16
f 1888/2900/16 1890/8191/16 1876/2901/16
f 1876/2901/16 1880/8183/16 1884/2899/16
f 2063/2712/445 2064/2684/419 2080/2902/577
f 2078/2904/579 2062/2655/388 2063/2712/445
f 2061/2711/444 2060/2661/634 2068/2905/580
f 2052/2695/429 2053/2679/414 2070/2906/581
f 2067/2691/425 2052/2695/429 2069/2907/582
f 2082/2909/584 2066/2688/422 2067/2691/425
f 2081/2910/585 2065/2683/418 2066/2688/422
f 2080/2902/577 2064/2684/419 2065/2683/418
f 2053/2679/414 2054/2677/412 2071/2911/586
f 2071/2911/586 2054/2677/412 2055/2674/409
f 2055/2674/409 2056/2670/404 2073/2913/588
f 2056/2670/404 2057/2664/398 2074/2914/589
f 2057/2664/398 2058/2663/397 2075/2658/391
f 2068/2905/580 2060/2661/634 2059/2653/386
f 1922/2672/591 1923/2710/407 2061/2711/444
f 2076/2915/590 2059/2653/386 2062/2655/388
f 1877/2916/629 2076/2915/590 2078/2904/579
f 1876/2918/594 2068/2905/580 2076/2915/590
f 2074/2914/589 2075/2658/391 1890/2657/390
f 2073/2913/588 2074/2914/589 1889/2919/595
f 2072/2912/587 2073/2913/588 1888/2920/596
f 2071/2911/586 2072/2912/587 1887/2921/597
f 2070/2906/581 2071/2911/586 1886/2922/598
f 2080/2902/577 2081/2910/585 1881/2924/600
f 1881/2924/600 2081/2910/585 2082/2909/584
f 1882/2926/602 2082/2909/584 2083/2908/583
f 1883/2927/603 2083/2908/583 2069/2907/582
f 2069/2907/582 2070/2906/581 1885/2923/599
f 2077/2656/389 2068/2905/580 1876/2918/594
f 2078/2904/579 2079/2903/578 1879/2930/606
f 2079/2903/578 2080/2902/577 1880/2925/601
f 2058/2663/397 2061/2711/444 2077/2656/389
s 0
f 2087/2931/158 2124/8193/158 2125/2932/158
f 2085/2934/158 2116/8194/158 2117/2935/158
f 2091/2937/607 2113/2983/607 2115/2938/607
f 2137/2940/16 2107/8195/16 2106/2941/16
f 2135/2943/16 2131/8196/16 2130/2944/16
f 2132/2946/16 2123/8197/16 2122/2947/16
f 2090/2949/608 2109/2975/608 2111/2950/608
f 2137/2952/16 2136/8198/16 2103/2953/16
f 2100/2955/608 2102/2961/608 2103/2956/608
f 2088/2958/609 2101/2957/609 2103/2956/609
f 2089/2960/610 2137/2973/610 2102/2961/610
f 2089/2962/158 2100/8199/158 2101/2963/158
f 2104/2965/607 2106/2969/607 2107/2966/607
f 2090/2968/611 2138/8200/611 2106/2969/611
f 2089/2970/158 2090/8201/158 2104/2971/158
f 2089/2960/612 2105/2967/612 2107/2966/612
f 2108/2974/610 2110/8202/610 2111/2950/610
f 2139/2939/613 2110/8202/613 2108/2974/613
f 2139/2976/16 2138/8203/16 2111/2977/16
f 2091/2979/158 2108/8204/158 2109/2980/158
f 2112/2982/611 2114/8205/611 2115/2938/611
f 2084/2984/158 2112/8206/158 2113/2985/158
f 2133/2987/614 2114/8205/614 2112/2982/614
f 2133/2989/16 2139/8207/16 2115/2990/16
f 2116/2992/613 2118/8208/613 2119/2993/613
f 2084/2995/610 2117/2994/610 2119/2993/610
f 2132/2997/16 2133/8209/16 2119/2998/16
f 2132/3000/609 2118/8208/609 2116/2992/609
f 2120/3002/614 2122/8210/614 2123/3003/614
f 2134/3005/612 2122/8210/612 2120/3002/612
f 2085/3007/158 2086/8211/158 2120/3008/158
f 2085/3001/611 2121/3004/611 2123/3003/611
f 2124/3010/609 2126/8212/609 2127/3011/609
f 2086/3013/613 2125/3012/613 2127/3011/613
f 2134/3015/16 2127/8213/16 2126/3016/16
f 2135/3018/608 2126/8212/608 2124/3010/608
f 2128/3020/612 2130/8214/612 2131/3021/612
f 2087/3023/158 2088/8215/158 2128/3024/158
f 2136/3026/607 2130/8214/607 2128/3020/607
f 2087/3019/614 2129/3022/614 2131/3021/614
f 2097/3028/613 2141/8216/613 2146/3029/613
f 2099/3031/609 2147/8217/609 2143/3032/609
f 2094/3034/607 2140/8218/607 2142/3035/607
f 2093/3037/16 2092/8219/16 2133/3038/16
f 2093/3040/16 2132/8220/16 2134/3041/16
f 2095/3043/16 2094/8221/16 2134/3044/16
f 2095/3046/16 2135/8222/16 2136/3047/16
f 2096/3049/16 2136/8223/16 2137/3050/16
f 2098/3052/16 2097/8224/16 2137/3053/16
f 2098/3055/16 2138/8225/16 2139/3056/16
f 2092/3058/16 2099/8226/16 2139/3059/16
f 2145/3061/16 2146/8227/16 2141/3062/16
f 2141/3064/16 2143/8228/16 2142/3065/16
f 2142/3067/16 2143/8229/16 2147/3068/16
f 2095/3070/610 2145/8230/610 2140/3071/610
f 2093/3073/608 2142/8231/608 2144/3074/608
f 2092/3076/612 2144/8232/612 2147/3077/612
f 2098/3079/614 2143/8233/614 2141/3080/614
f 2095/3082/611 2096/8234/611 2146/3083/611
f 2151/3085/158 2188/3136/158 2189/3086/158
f 2148/3088/158 2149/3131/158 2180/3089/158
f 2155/3091/615 2177/3123/615 2179/3092/615
f 2202/3094/16 2201/3107/16 2171/3095/16
f 2199/3097/16 2195/8235/16 2194/3098/16
f 2198/3100/16 2196/3129/16 2187/3101/16
f 2154/3103/616 2173/3119/616 2175/3104/616
f 2200/3099/16 2167/8236/16 2166/3106/16
f 2164/3108/616 2166/8237/616 2167/3109/616
f 2200/3111/617 2152/3114/617 2165/3110/617
f 2201/3112/618 2166/8237/618 2164/3108/618
f 2152/3114/158 2153/3113/158 2164/3108/158
f 2168/3115/624 2170/8238/624 2171/3116/624
f 2202/3105/619 2170/8238/619 2168/3115/619
f 2154/3103/158 2168/3115/158 2169/3117/158
f 2153/3113/620 2169/3117/620 2171/3116/620
f 2172/3118/2081 2174/8239/2081 2175/3104/2081
f 2203/3093/621 2174/8239/621 2172/3118/621
f 2202/3094/16 2175/8240/16 2174/3120/16
f 2154/3103/158 2155/3091/158 2172/3118/158
f 2176/3122/619 2178/8241/619 2179/3092/619
f 2155/3091/158 2148/3088/158 2176/3122/158
f 2197/3124/622 2178/8241/622 2176/3122/622
f 2203/3121/16 2179/8242/16 2178/3125/16
f 2180/3089/621 2182/8243/621 2183/3127/621
f 2148/3088/618 2181/3090/618 2183/3127/618
f 2197/3126/16 2183/8244/16 2182/3128/16
f 2196/3130/617 2182/8243/617 2180/3089/617
f 2184/3132/622 2186/8245/622 2187/3133/622
f 2198/3135/620 2186/8245/620 2184/3132/620
f 2150/3087/158 2184/3132/158 2185/3134/158
f 2149/3131/619 2185/3134/619 2187/3133/619
f 2188/3136/617 2190/8246/617 2191/3137/617
f 2150/3087/621 2189/3086/621 2191/3137/621
f 2199/3097/16 2198/3100/16 2191/3138/16
f 2199/3140/616 2190/8246/616 2188/3136/616
f 2192/3141/620 2194/8247/620 2195/3142/620
f 2151/3085/158 2152/3114/158 2192/3141/158
f 2200/3111/615 2194/8247/615 2192/3141/615
f 2151/3085/622 2193/3143/622 2195/3142/622
f 2161/3144/635 2205/3156/635 2210/3145/635
f 2163/3147/617 2211/3159/617 2207/3148/617
f 2158/3150/615 2204/3157/615 2206/3151/615
f 2156/3153/16 2197/3126/16 2196/3129/16
f 2158/3150/16 2157/3152/16 2196/3129/16
f 2159/3154/16 2158/3150/16 2198/3100/16
f 2159/3154/16 2199/3097/16 2200/3099/16
f 2160/3146/16 2200/3099/16 2201/3107/16
f 2161/3144/16 2201/3107/16 2202/3094/16
f 2163/3147/16 2162/3149/16 2202/3094/16
f 2156/3153/16 2163/3147/16 2203/3121/16
f 2209/3155/16 2210/3145/16 2205/3156/16
f 2205/3156/16 2207/3148/16 2206/3151/16
f 2207/3148/16 2211/3159/16 2208/3158/16
f 2159/3154/618 2209/3155/618 2204/3157/618
f 2157/3152/625 2206/3151/625 2208/3158/625
f 2156/3153/620 2208/3158/620 2211/3159/620
f 2162/3149/622 2207/3148/622 2205/3156/622
f 2160/3146/619 2210/3145/619 2209/3155/619
f 2150/3087/158 2153/3113/158 2152/3114/158
f 2149/3131/158 2154/3103/158 2153/3113/158
f 2149/3131/158 2148/3088/158 2155/3091/158
s 1
f 2265/3160/636 2264/3169/645 2248/3161/637
f 2411/3163/639 2261/3183/659 2262/3164/640
f 2427/3166/642 2429/3417/835 2243/3167/643
f 2264/3169/645 2263/3176/652 2247/3170/646
f 2260/3171/647 2261/3183/659 2411/3163/639
f 2273/3173/649 2274/3187/663 2410/3174/650
f 2263/3176/652 2262/3164/640 2246/3177/653
f 2244/3178/654 2260/3171/647 2275/3179/655
f 2272/3181/657 2273/3173/649 2409/3175/651
f 2246/3177/653 2262/3164/640 2261/3183/659
f 2275/3179/655 2274/3187/663 2258/3185/661
f 2407/3186/662 2271/3190/666 2272/3181/657
f 2274/3187/663 2273/3173/649 2257/3188/664
f 2406/3189/665 2270/3193/669 2271/3190/666
f 2273/3173/649 2272/3181/657 2256/3191/667
f 2405/3192/668 2269/3209/685 2270/3193/669
f 2218/3194/670 2250/3223/699 2249/3162/638
f 2416/3196/672 2264/3169/645 2265/3160/636
f 2251/3198/674 2250/3223/699 2218/3194/670
f 2417/3197/673 2265/3160/636 2266/3200/676
f 2220/3202/678 2252/3225/701 2251/3198/674
f 2266/3200/676 2267/3206/682 2419/3203/679
f 2253/3204/680 2252/3225/701 2220/3202/678
f 2267/3206/682 2268/3224/700 2404/3207/683
f 2222/3208/684 2254/3226/702 2253/3204/680
f 2404/3207/683 2268/3224/700 2269/3209/685
f 2255/3210/686 2254/3226/702 2222/3208/684
f 2256/3191/667 2255/3210/686 2223/3211/687
f 2257/3188/664 2256/3191/667 2224/3212/688
f 2258/3185/661 2257/3188/664 2225/3213/689
f 2245/3184/660 2244/3178/654 2212/3215/691
f 2259/3180/656 2258/3185/661 2226/3214/690
f 2246/3177/653 2245/3184/660 2213/3216/692
f 2212/3215/691 2244/3178/654 2259/3180/656
f 2215/3219/695 2247/3170/646 2246/3177/653
f 2248/3161/637 2247/3170/646 2215/3219/695
f 2413/3221/697 2275/3179/655 2260/3171/647
f 2262/3164/640 2263/3176/652 2415/3222/698
f 2217/3195/671 2249/3162/638 2248/3161/637
f 2415/3222/698 2263/3176/652 2264/3169/645
f 2266/3200/676 2265/3160/636 2249/3162/638
f 2251/3198/674 2267/3206/682 2266/3200/676
f 2268/3224/700 2267/3206/682 2251/3198/674
f 2253/3204/680 2269/3209/685 2268/3224/700
f 2270/3193/669 2269/3209/685 2253/3204/680
f 2271/3190/666 2270/3193/669 2254/3226/702
f 2272/3181/657 2271/3190/666 2255/3210/686
f 2389/3227/703 2392/3233/705 2226/3228/690
f 2391/3230/704 2393/3236/707 2219/3231/675
f 2392/3233/705 2394/3237/708 2227/3234/693
f 2395/3235/706 2220/3240/678 2219/3231/675
f 2394/3237/708 2396/3339/798 2212/3238/691
f 2398/3239/709 2221/3245/681 2220/3240/678
f 2399/3241/710 2214/3247/694 2213/3242/692
f 2400/3244/712 2222/3249/684 2221/3245/681
f 2401/3246/713 2215/3251/695 2214/3247/694
f 2402/3248/714 2223/3253/687 2222/3249/684
f 2401/3246/713 2403/3255/717 2216/3250/696
f 2388/3252/715 2224/8248/688 2223/3253/687
f 2390/3254/716 2217/3258/671 2216/3250/696
f 2388/3256/715 2389/3227/703 2225/3229/689
f 2391/3230/704 2218/3232/670 2217/3258/671
f 2295/3259/718 2327/3269/728 2328/3260/719
f 2309/3262/721 2341/3324/783 2340/3263/722
f 2321/3265/724 2322/3332/791 2354/3266/725
f 2295/3259/718 2294/3276/735 2326/3268/727
f 2307/3270/729 2339/3278/737 2324/3271/730
f 2320/3273/732 2321/3265/724 2353/3267/726
f 2293/3275/734 2325/3281/740 2326/3268/727
f 2306/3277/736 2338/3283/742 2339/3278/737
f 2320/3273/732 2352/3274/733 2351/3279/738
f 2292/3272/731 2324/3271/730 2325/3281/740
f 2305/3282/741 2337/3287/746 2338/3283/742
f 2318/3284/743 2319/3280/739 2351/3279/738
f 2304/3286/745 2336/3291/750 2337/3287/746
f 2318/3284/743 2350/3285/744 2349/3288/747
f 2303/3290/749 2335/3329/788 2336/3291/750
f 2316/3292/751 2317/3289/748 2349/3288/747
f 2281/3294/753 2297/3315/774 2298/3295/754
f 2282/3296/755 2298/3295/754 2299/3297/756
f 2284/3299/758 2283/3298/757 2299/3297/756
f 2284/3299/758 2300/3300/759 2301/3301/760
f 2285/3302/761 2301/3301/760 2302/3303/762
f 2286/3304/763 2302/3303/762 2303/3290/749
f 2287/3305/764 2303/3290/749 2304/3286/745
f 2288/3306/765 2304/3286/745 2305/3282/741
f 2289/3307/766 2305/3282/741 2306/3277/736
f 2277/3309/768 2276/3312/771 2292/3272/731
f 2290/3308/767 2306/3277/736 2307/3270/729
f 2277/3309/768 2293/3275/734 2294/3276/735
f 2291/3310/769 2307/3270/729 2292/3272/731
f 2278/3311/770 2294/3276/735 2295/3259/718
f 2279/3313/772 2295/3259/718 2296/3261/720
f 2281/3294/753 2280/3314/773 2296/3261/720
f 2336/3291/750 2335/3329/788 2351/3279/738
f 2328/3260/719 2344/3330/789 2345/3316/775
f 2336/3291/750 2352/3274/733 2353/3267/726
f 2330/3318/777 2329/3317/776 2345/3316/775
f 2337/3287/746 2353/3267/726 2354/3266/725
f 2330/3318/777 2346/3319/778 2347/3320/779
f 2339/3278/737 2338/3283/742 2354/3266/725
f 2332/3323/782 2331/3321/780 2347/3320/779
f 2324/3271/730 2340/3263/722 2341/3324/783
f 2339/3278/737 2355/3322/781 2340/3263/722
f 2332/3323/782 2348/3293/752 2349/3288/747
f 2326/3268/727 2325/3281/740 2341/3324/783
f 2334/3327/786 2333/3325/784 2349/3288/747
f 2326/3268/727 2342/3326/785 2343/3328/787
f 2335/3329/788 2334/3327/786 2350/3285/744
f 2327/3269/728 2343/3328/787 2344/3330/789
f 2323/3331/790 2355/3322/781 2354/3266/725
f 2310/3333/792 2342/3326/785 2341/3324/783
f 2296/3261/720 2328/3260/719 2329/3317/776
f 2323/3331/790 2308/3264/723 2340/3263/722
f 2310/3333/792 2311/3334/793 2343/3328/787
f 2297/3315/774 2329/3317/776 2330/3318/777
f 2311/3334/793 2312/3335/794 2344/3330/789
f 2298/3295/754 2330/3318/777 2331/3321/780
f 2312/3335/794 2313/3336/795 2345/3316/775
f 2299/3297/756 2331/3321/780 2332/3323/782
f 2313/3336/795 2314/3337/796 2346/3319/778
f 2300/3300/759 2332/3323/782 2333/3325/784
f 2314/3337/796 2315/3338/797 2347/3320/779
f 2301/3301/760 2333/3325/784 2334/3327/786
f 2315/3338/797 2316/3292/751 2348/3293/752
f 2303/3290/749 2302/3303/762 2334/3327/786
f 2261/3183/659 2260/3171/647 2244/3178/654
f 2397/3243/711 2213/3242/692 2212/3238/691
f 2319/3340/799 2367/3373/799 2368/3341/800
f 2366/3343/801 2365/3366/802 2381/3344/802
f 2313/3346/803 2312/3374/804 2360/3347/804
f 2320/3349/800 2368/3380/800 2369/3350/805
f 2313/3346/803 2361/3348/803 2362/3352/806
f 2322/3354/807 2321/3351/805 2369/3350/805
f 2314/3353/806 2362/3352/806 2363/3356/808
f 2323/3358/809 2322/3354/807 2370/3355/807
f 2316/3360/810 2315/3357/808 2363/3356/808
f 2308/3362/811 2357/3365/811 2356/3363/812
f 2308/3362/811 2323/3358/809 2371/3359/809
f 2316/3360/810 2364/3361/810 2365/3366/813
f 2309/3364/812 2356/3363/812 2358/3368/814
f 2318/3370/815 2317/3367/813 2365/3366/813
f 2311/3371/816 2310/3369/814 2358/3368/814
f 2319/3340/799 2318/3370/815 2366/3343/815
f 2312/3374/804 2311/3371/816 2359/3372/816
f 2358/3368/817 2374/3389/817 2375/3375/818
f 2366/3343/801 2382/3345/801 2383/3376/819
f 2360/3347/820 2359/3372/818 2375/3375/818
f 2367/3373/819 2383/3376/819 2384/3378/821
f 2360/3347/820 2376/3377/820 2377/3379/822
f 2368/3380/821 2384/8249/821 2385/3381/823
f 2361/3348/822 2377/3379/822 2378/3382/824
f 2370/3355/825 2369/3350/823 2385/3381/823
f 2362/3352/824 2378/3382/824 2379/3384/826
f 2370/3355/825 2386/3383/825 2387/3385/827
f 2363/3356/826 2379/3384/826 2380/3386/828
f 2357/3365/829 2373/3388/829 2372/3387/830
f 2371/3359/827 2387/3385/827 2373/3388/829
f 2364/3361/828 2380/3386/828 2381/3344/802
f 2356/3363/830 2372/3387/830 2374/3389/817
f 2374/3392/16 2372/8250/16 2373/8251/16
f 2373/8251/16 2387/8252/16 2386/8253/16
f 2386/8253/16 2385/8254/16 2384/8255/16
f 2384/8255/16 2383/8256/16 2382/3390/16
f 2382/3390/16 2381/8257/16 2380/8258/16
f 2380/8258/16 2379/8259/16 2378/3391/16
f 2378/3391/16 2377/8260/16 2376/8261/16
f 2376/8261/16 2375/8262/16 2374/3392/16
f 2374/3392/16 2373/8251/16 2386/8253/16
f 2386/8253/16 2384/8255/16 2382/3390/16
f 2382/3390/16 2380/8258/16 2378/3391/16
f 2378/3391/16 2376/8261/16 2374/3392/16
f 2374/3392/16 2386/8253/16 2382/3390/16
f 2277/3393/768 2397/3243/711 2396/3339/798
f 2281/3395/753 2282/3409/755 2391/3230/704
f 2289/3396/766 2389/3227/703 2388/3256/715
f 2281/3395/753 2390/3254/716 2403/3255/717
f 2288/3399/765 2388/3252/715 2402/3248/714
f 2280/3398/773 2403/3255/717 2401/3246/713
f 2287/3400/764 2402/3248/714 2400/3244/712
f 2278/3403/770 2279/3401/772 2401/3246/713
f 2285/3404/761 2286/3402/763 2400/3244/712
f 2278/3403/770 2399/3241/710 2397/3243/711
f 2285/3404/761 2398/3239/709 2395/3235/706
f 2276/3394/771 2396/3339/798 2394/3237/708
f 2283/3407/757 2284/3405/758 2395/3235/706
f 2290/3408/767 2291/3406/769 2394/3237/708
f 2282/3409/755 2283/3407/757 2393/3236/707
f 2290/3408/767 2392/3233/705 2389/3227/703
f 2228/3412/158 2229/8263/158 2230/8264/158
f 2230/8264/158 2231/8265/158 2232/8266/158
f 2232/8266/158 2233/8267/158 2234/8268/158
f 2234/8268/158 2235/8269/158 2236/3410/158
f 2236/3410/158 2237/8270/158 2238/8271/158
f 2238/8271/158 2239/8272/158 2240/3411/158
f 2240/3411/158 2241/8273/158 2242/8274/158
f 2242/8274/158 2243/8275/158 2228/3412/158
f 2228/3412/158 2230/8264/158 2232/8266/158
f 2232/8266/158 2234/8268/158 2236/3410/158
f 2236/3410/158 2238/8271/158 2240/3411/158
f 2240/3411/158 2242/8274/158 2228/3412/158
f 2228/3412/158 2232/8266/158 2236/3410/158
f 2415/3222/698 2416/3196/672 2432/3413/831
f 2430/3415/833 2414/3165/641 2415/3222/698
f 2413/3221/697 2412/3172/648 2420/3416/834
f 2404/3207/683 2405/3192/668 2422/3418/836
f 2435/3420/838 2419/3203/679 2404/3207/683
f 2418/3201/677 2419/3203/679 2435/3420/838
f 2417/3197/673 2418/3201/677 2434/3421/839
f 2432/3413/831 2416/3196/672 2417/3197/673
f 2422/3418/836 2405/3192/668 2406/3189/665
f 2423/3423/841 2406/3189/665 2407/3186/662
f 2424/3424/842 2407/3186/662 2408/3182/658
f 2408/3182/658 2409/3175/651 2426/3426/844
f 2426/3426/844 2409/3175/651 2410/3174/650
f 2412/3172/648 2411/3163/639 2428/3427/845
f 2275/3179/655 2413/3221/697 2410/3174/650
f 2411/3163/639 2414/3165/641 2430/3415/833
f 2229/3428/846 2428/3427/845 2430/3415/833
f 2228/3430/848 2420/3416/834 2428/3427/845
f 2426/3426/844 2427/3166/642 2242/3168/644
f 2425/3425/843 2426/3426/844 2241/3431/849
f 2424/3424/842 2425/3425/843 2240/3432/850
f 2423/3423/841 2424/3424/842 2239/3433/851
f 2422/3418/836 2423/3423/841 2238/3434/852
f 2232/3436/854 2432/3413/831 2433/3422/840
f 2233/3437/855 2433/3422/840 2434/3421/839
f 2234/3438/856 2434/3421/839 2435/3420/838
f 2435/3420/838 2421/3419/837 2236/3440/858
f 2236/3440/858 2421/3419/837 2422/3418/836
f 2429/3417/835 2420/3416/834 2228/3430/848
f 2230/3429/847 2430/3415/833 2431/3414/832
f 2231/3441/859 2431/3414/832 2432/3413/831
f 2413/3221/697 2429/3417/835 2427/3166/642
s 0
f 2438/3442/16 2439/8276/16 2476/3443/16
f 2437/3445/16 2468/8277/16 2469/3446/16
f 2491/3448/609 2443/3486/609 2465/3449/609
f 2490/3451/158 2489/8278/158 2459/3452/158
f 2487/3454/158 2483/8279/158 2482/3455/158
f 2484/3457/158 2475/8280/158 2474/3458/158
f 2490/3460/612 2442/8281/612 2461/3461/612
f 2489/3463/158 2488/8282/158 2455/3464/158
f 2452/3466/612 2454/8283/612 2455/3467/612
f 2440/3469/607 2453/3468/607 2455/3467/607
f 2489/3471/614 2454/8283/614 2452/3466/614
f 2441/3473/16 2452/8284/16 2453/3474/16
f 2456/3476/609 2458/8285/609 2459/3477/609
f 2490/3479/613 2458/8285/613 2456/3476/613
f 2441/3481/16 2442/8286/16 2456/3482/16
f 2441/3472/608 2457/3478/608 2459/3477/608
f 2461/3461/614 2460/3485/614 2462/3484/614
f 2491/3448/611 2462/3484/611 2460/3485/611
f 2490/3487/158 2463/8287/158 2462/3488/158
f 2443/3490/16 2460/8288/16 2461/3491/16
f 2464/3493/613 2466/3498/613 2467/3450/613
f 2436/3494/16 2464/8289/16 2465/3495/16
f 2436/3497/610 2485/8290/610 2466/3498/610
f 2491/3499/158 2467/8291/158 2466/3500/158
f 2469/3502/611 2468/3511/611 2470/3503/611
f 2436/3505/614 2469/3502/614 2471/3504/614
f 2485/3507/158 2471/8292/158 2470/3508/158
f 2437/3510/607 2484/3520/607 2470/3503/607
f 2472/3512/610 2474/3516/610 2475/3513/610
f 2438/3515/608 2486/8293/608 2474/3516/608
f 2438/3517/16 2472/8294/16 2473/3518/16
f 2484/3520/613 2437/3510/613 2473/3514/613
f 2476/3521/607 2478/8295/607 2479/3522/607
f 2438/3524/611 2477/3523/611 2479/3522/611
f 2487/3526/158 2486/8296/158 2479/3527/158
f 2487/3529/612 2478/8295/612 2476/3521/612
f 2480/3531/608 2482/8297/608 2483/3532/608
f 2439/3534/16 2440/8298/16 2480/3535/16
f 2488/3537/609 2482/8297/609 2480/3531/609
f 2439/3530/610 2481/3533/610 2483/3532/610
f 2449/3539/611 2493/8299/611 2498/3540/611
f 2450/3542/607 2451/8300/607 2499/3543/607
f 2445/3545/609 2446/8301/609 2492/3546/609
f 2445/3548/158 2444/8302/158 2485/3549/158
f 2446/3551/158 2445/8303/158 2484/3552/158
f 2446/3554/158 2486/8304/158 2487/3555/158
f 2448/3557/158 2447/8305/158 2487/3558/158
f 2448/3560/158 2488/8306/158 2489/3561/158
f 2449/3563/158 2489/8307/158 2490/3564/158
f 2451/3566/158 2450/8308/158 2490/3567/158
f 2444/3569/158 2451/8309/158 2491/3570/158
f 2498/3572/158 2493/8310/158 2492/3573/158
f 2493/3575/158 2495/8311/158 2494/3576/158
f 2495/3578/158 2499/8312/158 2496/3579/158
f 2446/3581/614 2447/8313/614 2497/3582/614
f 2445/3584/612 2494/8314/612 2496/3585/612
f 2444/3587/608 2496/8315/608 2499/3588/608
f 2450/3590/610 2495/8316/610 2493/3591/610
f 2447/3593/613 2448/8317/613 2498/3594/613
f 2502/3596/16 2503/3652/16 2540/3597/16
f 2500/3599/16 2501/3643/16 2532/3600/16
f 2507/3602/860 2529/3634/860 2531/3603/860
f 2553/3605/158 2523/8318/158 2522/3606/158
f 2551/3608/158 2547/8319/158 2546/3609/158
f 2550/3611/158 2548/3641/158 2539/3612/158
f 2506/3614/861 2525/3629/861 2527/3615/861
f 2552/3610/158 2519/8320/158 2518/3617/158
f 2516/3618/861 2518/8321/861 2519/3619/861
f 2504/3621/862 2517/3620/862 2519/3619/862
f 2553/3623/863 2518/8321/863 2516/3618/863
f 2504/3621/16 2505/3624/16 2516/3618/16
f 2520/3625/860 2522/8322/860 2523/3626/860
f 2554/3616/864 2522/8322/864 2520/3625/864
f 2505/3624/16 2506/3614/16 2520/3625/16
f 2505/3624/865 2521/3627/865 2523/3626/865
f 2524/3628/869 2526/8323/869 2527/3615/869
f 2555/3604/866 2526/8323/866 2524/3628/866
f 2555/3630/158 2554/3607/158 2527/3631/158
f 2507/3602/16 2524/3628/16 2525/3629/16
f 2528/3633/864 2530/8324/864 2531/3603/864
f 2500/3599/16 2528/3633/16 2529/3634/16
f 2549/3635/867 2530/8324/867 2528/3633/867
f 2549/3636/158 2555/3630/158 2531/3637/158
f 2532/3600/866 2534/8325/866 2535/3639/866
f 2549/3635/863 2500/3599/863 2533/3601/863
f 2549/3636/158 2535/8326/158 2534/3640/158
f 2548/3642/862 2534/8325/862 2532/3600/862
f 2536/3644/867 2538/8327/867 2539/3645/867
f 2550/3647/865 2538/8327/865 2536/3644/865
f 2502/3596/16 2536/3644/16 2537/3646/16
f 2501/3643/864 2537/3646/864 2539/3645/864
f 2541/3598/862 2540/3597/862 2542/3648/862
f 2550/3647/866 2502/3596/866 2541/3598/866
f 2550/3611/158 2543/8328/158 2542/3650/158
f 2551/3651/861 2542/3648/861 2540/3597/861
f 2545/3653/865 2544/3656/865 2546/3654/865
f 2504/3621/16 2544/3656/16 2545/3653/16
f 2552/3622/883 2546/3654/883 2544/3656/883
f 2503/3652/867 2545/3653/867 2547/3655/867
f 2513/3657/868 2557/3670/868 2562/3658/868
f 2515/3660/862 2563/3672/862 2559/3661/862
f 2510/3663/883 2556/3668/883 2558/3664/883
f 2508/3666/158 2549/3636/158 2548/3641/158
f 2510/3663/158 2509/3665/158 2548/3641/158
f 2511/3667/158 2510/3663/158 2550/3611/158
f 2512/3659/158 2511/3667/158 2551/3608/158
f 2512/3659/158 2552/3610/158 2553/3605/158
f 2514/3662/158 2513/3657/158 2553/3605/158
f 2514/3662/158 2554/3607/158 2555/3630/158
f 2515/3660/158 2555/3630/158 2549/3636/158
f 2562/3658/158 2557/3670/158 2556/3668/158
f 2557/3670/158 2559/3661/158 2558/3664/158
f 2559/3661/158 2563/3672/158 2560/3671/158
f 2511/3667/869 2561/3669/869 2556/3668/869
f 2508/3666/872 2509/3665/872 2558/3664/872
f 2508/3666/865 2560/3671/865 2563/3672/865
f 2514/3662/870 2559/3661/870 2557/3670/870
f 2512/3659/864 2562/3658/864 2561/3669/864
f 2503/3652/16 2502/3596/16 2505/3624/16
f 2501/3643/16 2506/3614/16 2505/3624/16
f 2500/3599/16 2507/3602/16 2506/3614/16
s 1
f 2617/3673/636 2616/3682/645 2600/3674/637
f 2763/3676/639 2613/3850/659 2614/3677/640
f 2779/3679/642 2781/3928/835 2595/3680/873
f 2616/3682/645 2615/3732/652 2599/3683/646
f 2612/3684/647 2613/3850/659 2763/3676/639
f 2761/3686/651 2625/3693/649 2626/3687/663
f 2599/3683/646 2615/3732/652 2614/3677/640
f 2612/3684/647 2627/3939/655 2611/3690/656
f 2760/3692/658 2624/3737/657 2625/3693/649
f 2614/3677/640 2613/3850/659 2597/3694/660
f 2611/3690/656 2627/3939/655 2626/3687/663
f 2623/3696/666 2624/3737/657 2760/3692/658
f 2626/3687/663 2625/3693/649 2609/3698/664
f 2758/3699/665 2622/3735/669 2623/3696/666
f 2625/3693/649 2624/3737/657 2608/3700/667
f 2621/3701/685 2622/3735/669 2758/3699/665
f 2602/3703/699 2601/3675/638 2569/3704/671
f 2616/3682/645 2617/3673/636 2769/3706/673
f 2571/3708/675 2603/3712/674 2602/3703/699
f 2769/3706/673 2617/3673/636 2618/3709/676
f 2572/3711/678 2604/3734/701 2603/3712/674
f 2618/3709/676 2619/3716/682 2771/3713/679
f 2605/3714/680 2604/3734/701 2572/3711/678
f 2619/3716/682 2620/3733/700 2756/3717/683
f 2606/3718/702 2605/3714/680 2573/3715/681
f 2756/3717/683 2620/3733/700 2621/3701/685
f 2575/3720/687 2607/3736/686 2606/3718/702
f 2608/3700/667 2607/3736/686 2575/3720/687
f 2577/3722/689 2609/3698/664 2608/3700/667
f 2578/3723/690 2610/3695/661 2609/3698/664
f 2597/3694/660 2596/3691/654 2564/3724/691
f 2579/3726/693 2611/3690/656 2610/3695/661
f 2598/3689/653 2597/3694/660 2565/3725/692
f 2564/3724/691 2596/3691/654 2611/3690/656
f 2567/3728/695 2599/3683/646 2598/3689/653
f 2568/3729/696 2600/3674/637 2599/3683/646
f 2765/3730/697 2627/3939/655 2612/3684/647
f 2614/3677/640 2615/3732/652 2767/3731/698
f 2601/3675/638 2600/3674/637 2568/3729/696
f 2615/3732/652 2616/3682/645 2768/3707/875
f 2602/3703/699 2618/3709/676 2617/3673/636
f 2619/3716/682 2618/3709/676 2602/3703/699
f 2620/3733/700 2619/3716/682 2603/3712/674
f 2605/3714/680 2621/3701/685 2620/3733/700
f 2622/3735/669 2621/3701/685 2605/3714/680
f 2607/3736/686 2623/3696/666 2622/3735/669
f 2624/3737/657 2623/3696/666 2607/3736/686
f 2741/3738/703 2744/3745/705 2578/3739/690
f 2743/3741/704 2745/3747/707 2571/3742/675
f 2746/3744/708 2579/3749/693 2578/3739/690
f 2747/3746/706 2572/3751/678 2571/3742/675
f 2748/3748/798 2564/3851/691 2579/3749/693
f 2750/3750/709 2573/3756/681 2572/3751/678
f 2751/3752/710 2566/3758/694 2565/3753/692
f 2752/3755/712 2574/3760/684 2573/3756/681
f 2753/3757/713 2567/3762/695 2566/3758/694
f 2754/3759/714 2575/3764/687 2574/3760/684
f 2755/3761/717 2568/3766/696 2567/3762/695
f 2740/3763/715 2576/8329/876 2575/3764/687
f 2755/3761/717 2742/3769/716 2569/3765/671
f 2740/3767/715 2741/3738/703 2577/3740/689
f 2743/3741/704 2570/3743/874 2569/3765/671
f 2647/3770/718 2679/3780/728 2680/3771/719
f 2661/3773/721 2693/3836/783 2692/3774/722
f 2673/3776/724 2674/3843/791 2706/3777/725
f 2646/3779/735 2678/3787/727 2679/3780/728
f 2659/3781/729 2691/3789/737 2676/3782/730
f 2672/3784/732 2673/3776/724 2705/3778/726
f 2645/3786/734 2677/3792/740 2678/3787/727
f 2659/3781/729 2658/3794/736 2690/3788/742
f 2671/3790/739 2672/3784/732 2704/3785/733
f 2644/3783/731 2676/3782/730 2677/3792/740
f 2657/3793/741 2689/3798/746 2690/3788/742
f 2671/3790/739 2703/3791/738 2702/3795/744
f 2657/3793/741 2656/3802/745 2688/3797/750
f 2670/3796/743 2702/3795/744 2701/3799/747
f 2655/3801/749 2687/3827/788 2688/3797/750
f 2668/3803/751 2669/3800/748 2701/3799/747
f 2633/3805/753 2649/3826/774 2650/3806/754
f 2635/3808/757 2634/3807/755 2650/3806/754
f 2636/3810/758 2635/3808/757 2651/3809/756
f 2636/3810/758 2652/3811/759 2653/3812/760
f 2637/3813/761 2653/3812/760 2654/3814/762
f 2638/3815/763 2654/3814/762 2655/3801/749
f 2639/3816/764 2655/3801/749 2656/3802/745
f 2641/3818/766 2640/3817/765 2656/3802/745
f 2642/3819/767 2641/3818/766 2657/3793/741
f 2629/3820/768 2628/3823/771 2644/3783/731
f 2643/3821/769 2642/3819/767 2658/3794/736
f 2630/3822/770 2629/3820/768 2645/3786/734
f 2628/3823/771 2643/3821/769 2659/3781/729
f 2630/3822/770 2646/3779/735 2647/3770/718
f 2631/3824/772 2647/3770/718 2648/3772/720
f 2633/3805/753 2632/3825/773 2648/3772/720
f 2687/3827/788 2703/3791/738 2704/3785/733
f 2680/3771/719 2696/3841/789 2697/3828/775
f 2688/3797/750 2704/3785/733 2705/3778/726
f 2681/3829/776 2697/3828/775 2698/3830/778
f 2689/3798/746 2705/3778/726 2706/3777/725
f 2682/3831/777 2698/3830/778 2699/3832/779
f 2691/3789/737 2690/3788/742 2706/3777/725
f 2683/3833/780 2699/3832/779 2700/3804/752
f 2677/3792/740 2676/3782/730 2692/3774/722
f 2676/3782/730 2691/3789/737 2707/3834/781
f 2684/3835/782 2700/3804/752 2701/3799/747
f 2677/3792/740 2693/3836/783 2694/3838/785
f 2686/3839/786 2685/3837/784 2701/3799/747
f 2679/3780/728 2678/3787/727 2694/3838/785
f 2687/3827/788 2686/3839/786 2702/3795/744
f 2680/3771/719 2679/3780/728 2695/3840/787
f 2675/3842/790 2707/3834/781 2706/3777/725
f 2661/3773/721 2662/3844/792 2694/3838/785
f 2648/3772/720 2680/3771/719 2681/3829/776
f 2675/3842/790 2660/3775/723 2692/3774/722
f 2662/3844/792 2663/3846/793 2695/3840/787
f 2650/3806/754 2649/3826/774 2681/3829/776
f 2664/3845/794 2696/3841/789 2695/3840/787
f 2650/3806/754 2682/3831/777 2683/3833/780
f 2664/3845/794 2665/3848/795 2697/3828/775
f 2651/3809/756 2683/3833/780 2684/3835/782
f 2666/3847/796 2698/3830/778 2697/3828/775
f 2652/3811/759 2684/3835/782 2685/3837/784
f 2667/3849/797 2699/3832/779 2698/3830/778
f 2653/3812/760 2685/3837/784 2686/3839/786
f 2667/3849/797 2668/3803/751 2700/3804/752
f 2655/3801/749 2654/3814/762 2686/3839/786
f 2613/3850/659 2612/3684/647 2596/3691/654
f 2749/3754/711 2565/3753/692 2564/3851/691
f 2672/3852/800 2671/3884/799 2719/3853/799
f 2717/3855/802 2733/3900/802 2734/3856/801
f 2664/3858/804 2712/3885/804 2713/3859/803
f 2672/3861/800 2720/3891/800 2721/3862/805
f 2665/3860/803 2713/3859/803 2714/3864/806
f 2674/3866/807 2673/3863/805 2721/3862/805
f 2666/3865/806 2714/3864/806 2715/3868/808
f 2675/3870/809 2674/3866/807 2722/3867/807
f 2668/3872/810 2667/3869/808 2715/3868/808
f 2660/3874/811 2709/3877/811 2708/3875/812
f 2675/3870/809 2723/3871/809 2709/3877/811
f 2669/3878/813 2668/3872/810 2716/3873/810
f 2661/3876/812 2708/3875/812 2710/3879/814
f 2669/3878/813 2717/3855/813 2718/3857/815
f 2662/3880/814 2710/3879/814 2711/3882/816
f 2671/3884/799 2670/3881/815 2718/3857/815
f 2663/3883/816 2711/3882/816 2712/3885/804
f 2710/3879/817 2726/3901/817 2727/3886/818
f 2719/3853/819 2718/3857/801 2734/3856/801
f 2711/3882/818 2727/3886/818 2728/3888/820
f 2719/3853/819 2735/3887/819 2736/3889/821
f 2712/3885/820 2728/3888/820 2729/3890/822
f 2720/3891/821 2736/8330/821 2737/3892/823
f 2713/3859/822 2729/3890/822 2730/3893/824
f 2721/3862/823 2737/3892/823 2738/3894/825
f 2714/3864/824 2730/3893/824 2731/3895/826
f 2722/3867/825 2738/3894/825 2739/3896/827
f 2715/3868/826 2731/3895/826 2732/3897/828
f 2709/3877/829 2725/3899/829 2724/3898/830
f 2723/3871/827 2739/3896/827 2725/3899/829
f 2716/3873/828 2732/3897/828 2733/3900/802
f 2708/3875/830 2724/3898/830 2726/3901/817
f 2726/3904/16 2724/8331/16 2725/8332/16
f 2725/8332/16 2739/8333/16 2738/8334/16
f 2738/8334/16 2737/8335/16 2736/8336/16
f 2736/8336/16 2735/8337/16 2734/3902/16
f 2734/3902/16 2733/8338/16 2732/8339/16
f 2732/8339/16 2731/8340/16 2730/3903/16
f 2730/3903/16 2729/8341/16 2728/8342/16
f 2728/8342/16 2727/8343/16 2726/3904/16
f 2726/3904/16 2725/8332/16 2738/8334/16
f 2738/8334/16 2736/8336/16 2734/3902/16
f 2734/3902/16 2732/8339/16 2730/3903/16
f 2730/3903/16 2728/8342/16 2726/3904/16
f 2726/3904/16 2738/8334/16 2734/3902/16
f 2629/3905/768 2749/3754/711 2748/3748/798
f 2634/3907/755 2743/3741/704 2742/3769/716
f 2641/3909/766 2741/3738/703 2740/3767/715
f 2633/3908/753 2742/3769/716 2755/3761/717
f 2639/3912/764 2640/8344/765 2740/3763/715
f 2631/3913/772 2632/3911/773 2755/3761/717
f 2638/3914/763 2639/3912/764 2754/3759/714
f 2631/3913/772 2753/3757/713 2751/3752/710
f 2637/3916/761 2638/3914/763 2752/3755/712
f 2629/3905/768 2630/3915/770 2751/3752/710
f 2637/3916/761 2750/3750/709 2747/3746/706
f 2643/3918/769 2628/3906/771 2748/3748/798
f 2636/3917/758 2747/3746/706 2745/3747/707
f 2643/3918/769 2746/3744/708 2744/3745/705
f 2635/3919/757 2745/3747/707 2743/3741/704
f 2642/3920/767 2744/3745/705 2741/3738/703
f 2580/3923/158 2581/8345/158 2582/8346/158
f 2582/8346/158 2583/8347/158 2584/8348/158
f 2584/8348/158 2585/8349/158 2586/8350/158
f 2586/8350/158 2587/8351/158 2588/3921/158
f 2588/3921/158 2589/8352/158 2590/8353/158
f 2590/8353/158 2591/8354/158 2592/3922/158
f 2592/3922/158 2593/8355/158 2594/8356/158
f 2594/8356/158 2595/8357/158 2580/3923/158
f 2580/3923/158 2582/8346/158 2584/8348/158
f 2584/8348/158 2586/8350/158 2588/3921/158
f 2588/3921/158 2590/8353/158 2592/3922/158
f 2592/3922/158 2594/8356/158 2580/3923/158
f 2580/3923/158 2584/8348/158 2588/3921/158
f 2783/3924/832 2767/3731/698 2768/3707/875
f 2782/3926/833 2766/3678/641 2767/3731/698
f 2765/3730/697 2764/3685/648 2772/3927/834
f 2773/3929/837 2756/3717/683 2757/3702/668
f 2787/3931/838 2771/3713/679 2756/3717/683
f 2770/3710/677 2771/3713/679 2787/3931/838
f 2785/3933/840 2769/3706/673 2770/3710/677
f 2784/3925/831 2768/3707/875 2769/3706/673
f 2757/3702/668 2758/3699/665 2775/3934/841
f 2758/3699/665 2759/3697/662 2776/3935/842
f 2759/3697/662 2760/3692/658 2777/3936/843
f 2760/3692/658 2761/3686/651 2778/3937/844
f 2761/3686/651 2762/3688/650 2779/3679/642
f 2764/3685/648 2763/3676/639 2780/3938/845
f 2627/3939/655 2765/3730/697 2762/3688/650
f 2780/3938/845 2763/3676/639 2766/3678/641
f 2581/3940/846 2780/3938/845 2782/3926/833
f 2772/3927/834 2780/3938/845 2581/3940/846
f 2778/3937/844 2779/3679/642 2594/3681/644
f 2592/3944/850 2777/3936/843 2778/3937/844
f 2776/3935/842 2777/3936/843 2592/3944/850
f 2775/3934/841 2776/3935/842 2591/3945/851
f 2774/3930/836 2775/3934/841 2590/3946/852
f 2584/3948/854 2784/3925/831 2785/3933/840
f 2585/3949/855 2785/3933/840 2786/3932/839
f 2586/3950/856 2786/3932/839 2787/3931/838
f 2587/3951/878 2787/3931/838 2773/3929/837
f 2773/3929/837 2774/3930/836 2589/3947/853
f 2781/3928/835 2772/3927/834 2580/3942/848
f 2582/3941/847 2782/3926/833 2783/3924/832
f 2583/3953/879 2783/3924/832 2784/3925/831
f 2765/3730/697 2781/3928/835 2779/3679/642
s 0
f 2790/3954/16 2791/8358/16 2828/3955/16
f 2789/3957/16 2820/8359/16 2821/3958/16
f 2843/3960/609 2795/3997/609 2817/3961/609
f 2842/3963/158 2841/8360/158 2811/3964/158
f 2839/3966/158 2835/8361/158 2834/3967/158
f 2836/3969/158 2827/8362/158 2826/3970/158
f 2842/3972/612 2794/8363/612 2813/3973/612
f 2840/3975/158 2807/8364/158 2806/3976/158
f 2804/3978/612 2806/8365/612 2807/3979/612
f 2792/3981/607 2805/3980/607 2807/3979/607
f 2841/3983/614 2806/8365/614 2804/3978/614
f 2792/3985/16 2793/8366/16 2804/3986/16
f 2808/3988/609 2810/8367/609 2811/3989/609
f 2842/3991/613 2810/8367/613 2808/3988/613
f 2794/3993/16 2808/8368/16 2809/3994/16
f 2793/3984/608 2809/3990/608 2811/3989/608
f 2812/3996/614 2814/8369/614 2815/3974/614
f 2843/3960/611 2814/8369/611 2812/3996/611
f 2842/3998/158 2815/8370/158 2814/3999/158
f 2795/4001/16 2812/8371/16 2813/4002/16
f 2817/3961/613 2816/4009/613 2818/4004/613
f 2788/4005/16 2816/8372/16 2817/4006/16
f 2788/4008/610 2837/8373/610 2818/4004/610
f 2843/4010/158 2819/8374/158 2818/4011/158
f 2820/4013/611 2822/8375/611 2823/4014/611
f 2788/4016/614 2821/4015/614 2823/4014/614
f 2836/4018/158 2837/8376/158 2823/4019/158
f 2836/4021/607 2822/8375/607 2820/4013/607
f 2824/4023/610 2826/8377/610 2827/4024/610
f 2838/4026/608 2826/8377/608 2824/4023/608
f 2790/4028/16 2824/8378/16 2825/4029/16
f 2836/4021/613 2789/4022/613 2825/4025/613
f 2828/4031/607 2830/8379/607 2831/4032/607
f 2790/4034/611 2829/4033/611 2831/4032/611
f 2839/4036/158 2838/8380/158 2831/4037/158
f 2839/4039/612 2830/8379/612 2828/4031/612
f 2832/4041/608 2834/4048/608 2835/4042/608
f 2791/4044/16 2792/8381/16 2832/4045/16
f 2792/4047/609 2840/8382/609 2834/4048/609
f 2791/4040/610 2833/4043/610 2835/4042/610
f 2801/4049/611 2845/8383/611 2850/4050/611
f 2802/4052/607 2803/8384/607 2851/4053/607
f 2797/4055/609 2798/8385/609 2844/4056/609
f 2797/4058/158 2796/8386/158 2837/4059/158
f 2798/4061/158 2797/8387/158 2836/4062/158
f 2799/4064/158 2798/8388/158 2838/4065/158
f 2800/4067/158 2799/8389/158 2839/4068/158
f 2800/4070/158 2840/8390/158 2841/4071/158
f 2801/4073/158 2841/8391/158 2842/4074/158
f 2803/4076/158 2802/8392/158 2842/4077/158
f 2796/4079/158 2803/8393/158 2843/4080/158
f 2849/4082/158 2850/8394/158 2845/4083/158
f 2845/4085/158 2847/8395/158 2846/4086/158
f 2846/4088/158 2847/8396/158 2851/4089/158
f 2799/4091/614 2849/8397/614 2844/4092/614
f 2797/4094/612 2846/8398/612 2848/4095/612
f 2796/4097/608 2848/8399/608 2851/4098/608
f 2802/4100/610 2847/8400/610 2845/4101/610
f 2800/4103/613 2850/8401/613 2849/4104/613
f 2855/4106/16 2892/4158/16 2893/4107/16
f 2853/4109/16 2884/4149/16 2885/4110/16
f 2859/4112/860 2881/4143/860 2883/4113/860
f 2905/4115/158 2875/8402/158 2874/4116/158
f 2904/4118/158 2903/4161/158 2899/4119/158
f 2902/4121/158 2900/4152/158 2891/4122/158
f 2906/4124/861 2858/4138/861 2877/4125/861
f 2904/4118/158 2871/8403/158 2870/4127/158
f 2868/4128/861 2870/8404/861 2871/4129/861
f 2904/4131/862 2856/4134/862 2869/4130/862
f 2905/4132/863 2870/8404/863 2868/4128/863
f 2857/4133/16 2868/4128/16 2869/4130/16
f 2872/4135/860 2874/8405/860 2875/4136/860
f 2906/4124/864 2874/8405/864 2872/4135/864
f 2857/4133/16 2858/4138/16 2872/4135/16
f 2857/4133/865 2873/4137/865 2875/4136/865
f 2876/4139/863 2878/8406/863 2879/4126/863
f 2907/4114/866 2878/8406/866 2876/4139/866
f 2907/4140/158 2906/4117/158 2879/4141/158
f 2859/4112/16 2876/4139/16 2877/4125/16
f 2881/4143/864 2880/4146/864 2882/4144/864
f 2852/4111/16 2880/4146/16 2881/4143/16
f 2901/4145/867 2882/4144/867 2880/4146/867
f 2907/4140/158 2883/8407/158 2882/4147/158
f 2884/4149/866 2886/8408/866 2887/4150/866
f 2901/4145/863 2852/4111/863 2885/4110/863
f 2901/4148/158 2887/8409/158 2886/4151/158
f 2900/4153/862 2886/8408/862 2884/4149/862
f 2888/4154/867 2890/8410/867 2891/4155/867
f 2902/4157/865 2890/8410/865 2888/4154/865
f 2854/4108/16 2888/4154/16 2889/4156/16
f 2853/4109/864 2889/4156/864 2891/4155/864
f 2892/4158/862 2894/8411/862 2895/4159/862
f 2854/4108/866 2893/4107/866 2895/4159/866
f 2902/4121/158 2895/8412/158 2894/4160/158
f 2903/4162/861 2894/8411/861 2892/4158/861
f 2897/4163/865 2896/4166/865 2898/4164/865
f 2855/4106/16 2856/4134/16 2896/4166/16
f 2904/4131/860 2898/4164/860 2896/4166/860
f 2855/4106/867 2897/4163/867 2899/4165/867
f 2865/4167/868 2909/4180/868 2914/4168/868
f 2867/4170/862 2915/4182/862 2911/4171/862
f 2862/4173/883 2908/4178/883 2910/4174/883
f 2861/4175/158 2860/4177/158 2901/4148/158
f 2862/4173/158 2861/4175/158 2900/4152/158
f 2862/4173/158 2902/4121/158 2903/4161/158
f 2863/4176/158 2903/4161/158 2904/4118/158
f 2865/4167/158 2864/4169/158 2904/4118/158
f 2866/4172/158 2865/4167/158 2905/4115/158
f 2866/4172/158 2906/4117/158 2907/4140/158
f 2867/4170/158 2907/4140/158 2901/4148/158
f 2914/4168/158 2909/4180/158 2908/4178/158
f 2909/4180/158 2911/4171/158 2910/4174/158
f 2911/4171/158 2915/4182/158 2912/4181/158
f 2862/4173/863 2863/4176/863 2913/4179/863
f 2860/4177/861 2861/4175/861 2910/4174/861
f 2860/4177/865 2912/4181/865 2915/4182/865
f 2866/4172/870 2911/4171/870 2909/4180/870
f 2864/4169/864 2914/4168/864 2913/4179/864
f 2854/4108/16 2857/4133/16 2856/4134/16
f 2854/4108/16 2853/4109/16 2858/4138/16
f 2852/4111/16 2859/4112/16 2858/4138/16
s 1
f 2969/4183/636 2968/4193/645 2952/4184/637
f 2965/4186/659 2966/4200/640 3118/4187/641
f 3133/4189/835 2947/4461/873 2946/4190/644
f 2967/4192/652 2951/4199/646 2952/4184/637
f 2964/4194/647 2965/4186/659 3115/4188/639
f 3113/4196/651 2977/4205/649 2978/4197/663
f 2951/4199/646 2967/4192/652 2966/4200/640
f 2964/4194/647 2979/8413/655 2963/4202/656
f 3112/4204/658 2976/4209/657 2977/4205/649
f 2966/4200/640 2965/4186/659 2949/4206/660
f 2963/4202/656 2979/8413/655 2978/4197/663
f 3111/4208/662 2975/8414/666 2976/4209/657
f 2978/4197/663 2977/4205/649 2961/4210/664
f 2974/4211/669 2975/8414/666 3111/4208/662
f 2977/4205/649 2976/4209/657 2960/4213/667
f 2973/4214/685 2974/4211/669 3110/4212/665
f 2954/4216/699 2953/4185/638 2921/4217/671
f 2968/4193/645 2969/4183/636 3121/4219/673
f 2923/4221/675 2955/4224/674 2954/4216/699
f 2969/4183/636 2970/4225/676 3122/4222/677
f 2924/4223/678 2956/4246/701 2955/4224/674
f 2970/4225/676 2971/4229/682 3123/4226/679
f 2957/4227/680 2956/4246/701 2924/4223/678
f 2971/4229/682 2972/4233/700 3108/4230/683
f 2958/4231/702 2957/4227/680 2925/4228/681
f 2972/4233/700 2973/4214/685 3109/4215/668
f 2927/4234/687 2959/4247/686 2958/4231/702
f 2960/4213/667 2959/4247/686 2927/4234/687
f 2929/4236/689 2961/4210/664 2960/4213/667
f 2930/4237/690 2962/4207/661 2961/4210/664
f 2917/4238/692 2949/4206/660 2948/4203/654
f 2931/4240/693 2963/4202/656 2962/4207/661
f 2950/4201/653 2949/4206/660 2917/4238/692
f 2916/4239/691 2948/4203/654 2963/4202/656
f 2919/4242/695 2951/4199/646 2950/4201/653
f 2920/4243/696 2952/4184/637 2951/4199/646
f 3117/4244/697 2979/8413/655 2964/4194/647
f 2966/4200/640 2967/4192/652 3119/4245/698
f 2953/4185/638 2952/4184/637 2920/4243/696
f 2967/4192/652 2968/4193/645 3120/4220/875
f 2954/4216/699 2970/4225/676 2969/4183/636
f 2971/4229/682 2970/4225/676 2954/4216/699
f 2956/4246/701 2972/4233/700 2971/4229/682
f 2957/4227/680 2973/4214/685 2972/4233/700
f 2974/4211/669 2973/4214/685 2957/4227/680
f 2959/4247/686 2975/8414/666 2974/4211/669
f 2976/4209/657 2975/8414/666 2959/4247/686
f 3096/4248/705 2930/4255/690 2929/4249/689
f 3095/4251/704 3097/4257/707 2923/4252/675
f 3096/4248/705 3098/4259/708 2931/4254/693
f 3099/4256/706 2924/4261/678 2923/4252/675
f 3100/4258/798 2916/4360/691 2931/4254/693
f 3099/4256/706 3102/4266/709 2925/4260/681
f 3103/4262/710 2918/4268/694 2917/4263/692
f 3104/4265/712 2926/4270/880 2925/4260/681
f 3105/4267/713 2919/4272/695 2918/4268/694
f 3104/4265/712 3106/4274/714 2927/4269/687
f 3107/4271/717 2920/4276/696 2919/4272/695
f 3092/4273/715 2928/8415/876 2927/4269/687
f 3094/4275/716 2921/4279/671 2920/4276/696
f 3092/4277/715 3093/4250/703 2929/4249/689
f 3095/4251/704 2922/4253/874 2921/4279/671
f 2999/4280/718 3031/4290/728 3032/4281/719
f 3013/4283/721 3045/4346/783 3044/4284/722
f 3025/4286/724 3026/4353/791 3058/4287/725
f 2998/4289/735 3030/4297/727 3031/4290/728
f 3011/4291/729 3043/4299/737 3028/4292/730
f 3025/4286/724 3057/4288/726 3056/4294/733
f 2997/4296/734 3029/4302/740 3030/4297/727
f 3010/4298/736 3042/4304/742 3043/4299/737
f 3023/4300/739 3024/4295/732 3056/4294/733
f 2996/4293/731 3028/4292/730 3029/4302/740
f 3009/4303/741 3041/4308/746 3042/4304/742
f 3022/4305/743 3023/4300/739 3055/4301/738
f 3008/4307/745 3040/4312/750 3041/4308/746
f 3022/4305/743 3054/4306/744 3053/4309/747
f 3008/4307/745 3007/4326/749 3039/4311/788
f 3020/4313/751 3021/4310/748 3053/4309/747
f 2985/4315/753 3001/4337/774 3002/4316/754
f 2986/4317/755 3002/4316/754 3003/4318/756
f 2988/4320/758 2987/4319/757 3003/4318/756
f 2988/4320/758 3004/4321/759 3005/4322/760
f 2989/4323/761 3005/4322/760 3006/4324/762
f 2990/4325/763 3006/4324/762 3007/4326/749
f 2992/4328/765 2991/4327/764 3007/4326/749
f 2993/4329/766 2992/4328/765 3008/4307/745
f 2993/4329/766 3009/4303/741 3010/4298/736
f 2981/4331/768 2980/4334/771 2996/4293/731
f 2995/4332/769 2994/4330/767 3010/4298/736
f 2981/4331/768 2997/4296/734 2998/4289/735
f 2995/4332/769 3011/4291/729 2996/4293/731
f 2983/4335/772 2982/4333/770 2998/4289/735
f 2983/4335/772 2999/4280/718 3000/4282/720
f 2985/4315/753 2984/4336/773 3000/4282/720
f 3039/4311/788 3055/4301/738 3056/4294/733
f 3032/4281/719 3048/4351/789 3049/4338/775
f 3040/4312/750 3056/4294/733 3057/4288/726
f 3034/4340/777 3033/4339/776 3049/4338/775
f 3042/4304/742 3041/4308/746 3057/4288/726
f 3035/4342/780 3034/4340/777 3050/4341/778
f 3043/4299/737 3042/4304/742 3058/4287/725
f 3035/4342/780 3051/4343/779 3052/4314/752
f 3028/4292/730 3044/4284/722 3045/4346/783
f 3043/4299/737 3059/4344/781 3044/4284/722
f 3036/4345/782 3052/4314/752 3053/4309/747
f 3030/4297/727 3029/4302/740 3045/4346/783
f 3037/4347/784 3053/4309/747 3054/4306/744
f 3031/4290/728 3030/4297/727 3046/4348/785
f 3038/4349/786 3054/4306/744 3055/4301/738
f 3032/4281/719 3031/4290/728 3047/4350/787
f 3027/4352/790 3059/4344/781 3058/4287/725
f 3014/4354/792 3046/4348/785 3045/4346/783
f 3001/4337/774 3000/4282/720 3032/4281/719
f 3012/4285/723 3044/4284/722 3059/4344/781
f 3015/4355/793 3047/4350/787 3046/4348/785
f 3002/4316/754 3001/4337/774 3033/4339/776
f 3015/4355/793 3016/4356/794 3048/4351/789
f 3003/4318/756 3002/4316/754 3034/4340/777
f 3016/4356/794 3017/4358/795 3049/4338/775
f 3003/4318/756 3035/4342/780 3036/4345/782
f 3018/4357/796 3050/4341/778 3049/4338/775
f 3004/4321/759 3036/4345/782 3037/4347/784
f 3019/4359/797 3051/4343/779 3050/4341/778
f 3006/4324/762 3005/4322/760 3037/4347/784
f 3019/4359/797 3020/4313/751 3052/4314/752
f 3006/4324/762 3038/4349/786 3039/4311/788
f 2965/4186/659 2964/4194/647 2948/4203/654
f 3101/4264/711 2917/4263/692 2916/4360/691
f 3024/4361/800 3023/4393/799 3071/4362/799
f 3069/4364/802 3085/4409/802 3086/4365/801
f 3017/4367/803 3016/4394/804 3064/4368/804
f 3024/4370/800 3072/4400/800 3073/4371/805
f 3017/4367/803 3065/4369/803 3066/4373/806
f 3026/4375/807 3025/4372/805 3073/4371/805
f 3018/4374/806 3066/4373/806 3067/4377/808
f 3027/4379/809 3026/4375/807 3074/4376/807
f 3020/4381/810 3019/4378/808 3067/4377/808
f 3012/4383/811 3061/4386/811 3060/4384/812
f 3027/4379/809 3075/4380/809 3061/4386/811
f 3021/4387/813 3020/4381/810 3068/4382/810
f 3013/4385/812 3060/4384/812 3062/4388/814
f 3022/4390/815 3021/4387/813 3069/4364/813
f 3014/4389/814 3062/4388/814 3063/4391/816
f 3022/4390/815 3070/4366/815 3071/4362/799
f 3016/4394/804 3015/4392/816 3063/4391/816
f 3062/4388/817 3078/4410/817 3079/4395/818
f 3070/4366/801 3086/4365/801 3087/4396/819
f 3063/4391/818 3079/4395/818 3080/4397/820
f 3071/4362/819 3087/4396/819 3088/4398/821
f 3064/4368/820 3080/4397/820 3081/4399/822
f 3072/4400/821 3088/8416/821 3089/4401/823
f 3065/4369/822 3081/4399/822 3082/4402/824
f 3073/4371/823 3089/4401/823 3090/4403/825
f 3066/4373/824 3082/4402/824 3083/4404/826
f 3074/4376/825 3090/4403/825 3091/4405/827
f 3067/4377/826 3083/4404/826 3084/4406/828
f 3061/4386/829 3077/4408/829 3076/4407/830
f 3061/4386/829 3075/4380/827 3091/4405/827
f 3068/4382/828 3084/4406/828 3085/4409/802
f 3062/4388/817 3060/4384/830 3076/4407/830
f 3078/4413/16 3076/8417/16 3077/8418/16
f 3077/8418/16 3091/8419/16 3090/8420/16
f 3090/8420/16 3089/8421/16 3088/8422/16
f 3088/8422/16 3087/8423/16 3086/4411/16
f 3086/4411/16 3085/8424/16 3084/8425/16
f 3084/8425/16 3083/8426/16 3082/4412/16
f 3082/4412/16 3081/8427/16 3080/8428/16
f 3080/8428/16 3079/8429/16 3078/4413/16
f 3078/4413/16 3077/8418/16 3090/8420/16
f 3090/8420/16 3088/8422/16 3086/4411/16
f 3086/4411/16 3084/8425/16 3082/4412/16
f 3082/4412/16 3080/8428/16 3078/4413/16
f 3078/4413/16 3090/8420/16 3086/4411/16
f 2981/4414/768 3101/4264/711 3100/4258/798
f 2986/4416/755 3095/4251/704 3094/4275/716
f 2992/4418/765 2993/4430/766 3093/4250/703
f 2985/4417/753 3094/4275/716 3107/4271/717
f 2992/4420/765 3092/4273/715 3106/4274/714
f 2984/4419/773 3107/4271/717 3105/4267/713
f 2990/4423/763 2991/4421/764 3106/4274/714
f 2983/4422/772 3105/4267/713 3103/4262/710
f 2990/4423/763 3104/4265/712 3102/4266/709
f 2982/4424/770 3103/4262/710 3101/4264/711
f 2989/4425/761 3102/4266/709 3099/4256/706
f 2980/4415/771 3100/4258/798 3098/4259/708
f 2987/4428/757 2988/4426/758 3099/4256/706
f 2995/4427/769 3098/4259/708 3096/4248/705
f 2986/4416/755 2987/4428/757 3097/4257/707
f 2993/4430/766 2994/4429/767 3096/4248/705
f 2932/4433/158 2933/8430/158 2934/8431/158
f 2934/8431/158 2935/8432/158 2936/8433/158
f 2936/8433/158 2937/8434/158 2938/8435/158
f 2938/8435/158 2939/8436/158 2940/4431/158
f 2940/4431/158 2941/8437/158 2942/8438/158
f 2942/8438/158 2943/8439/158 2944/4432/158
f 2944/4432/158 2945/8440/158 2946/8441/158
f 2946/8441/158 2947/8442/158 2932/4433/158
f 2932/4433/158 2934/8431/158 2936/8433/158
f 2936/8433/158 2938/8435/158 2940/4431/158
f 2940/4431/158 2942/8438/158 2944/4432/158
f 2944/4432/158 2946/8441/158 2932/4433/158
f 2932/4433/158 2936/8433/158 2940/4431/158
f 3135/4434/832 3119/4245/698 3120/4220/875
f 3134/4436/833 3118/4187/641 3119/4245/698
f 3117/4244/697 3116/4195/648 3124/4437/834
f 3108/4230/683 3109/4215/668 3126/4438/836
f 3139/4440/838 3123/4226/679 3108/4230/683
f 3122/4222/677 3123/4226/679 3139/4440/838
f 3121/4219/673 3122/4222/677 3138/4441/839
f 3136/4435/831 3120/4220/875 3121/4219/673
f 3126/4438/836 3109/4215/668 3110/4212/665
f 3110/4212/665 3111/4208/662 3128/4444/842
f 3111/4208/662 3112/4204/658 3129/4445/843
f 3112/4204/658 3113/4196/651 3130/4446/844
f 3130/4446/844 3113/4196/651 3114/4198/650
f 3116/4195/648 3115/4188/639 3132/4447/845
f 2978/4197/663 2979/8413/655 3117/4244/697
f 3132/4447/845 3115/4188/639 3118/4187/641
f 3132/4447/845 3134/4436/833 2934/4448/847
f 2932/4450/848 3124/4437/834 3132/4447/845
f 3130/4446/844 3131/4191/642 2946/4190/644
f 3129/4445/843 3130/4446/844 2945/4451/849
f 3128/4444/842 3129/4445/843 2944/4452/850
f 3127/4443/841 3128/4444/842 2943/4453/851
f 3126/4438/836 3127/4443/841 2942/4454/852
f 2936/4456/854 3136/4435/831 3137/4442/840
f 2937/4457/855 3137/4442/840 3138/4441/839
f 3138/4441/839 3139/4440/838 2939/4459/857
f 3139/4440/838 3125/4439/837 2940/4460/858
f 3125/4439/837 3126/4438/836 2941/4455/853
f 3133/4189/835 3124/4437/834 2932/4450/848
f 2934/4448/847 3134/4436/833 3135/4434/832
f 2935/4462/879 3135/4434/832 3136/4435/831
f 3117/4244/697 3133/4189/835 3131/4191/642
s 0
f 3143/4463/16 3180/8443/16 3181/4464/16
f 3140/4466/16 3141/8444/16 3172/4467/16
f 3147/4469/609 3169/4513/609 3171/4470/609
f 3193/4472/158 3163/8445/158 3162/4473/158
f 3192/4475/158 3191/8446/158 3187/4476/158
f 3190/4478/158 3188/8447/158 3179/4479/158
f 3194/4481/612 3146/8448/612 3165/4482/612
f 3193/4484/158 3192/8449/158 3159/4485/158
f 3156/4487/612 3158/8450/612 3159/4488/612
f 3144/4490/607 3157/4489/607 3159/4488/607
f 3193/4492/614 3158/8450/614 3156/4487/614
f 3145/4494/16 3156/8451/16 3157/4495/16
f 3160/4497/609 3162/4501/609 3163/4498/609
f 3146/4500/613 3194/8452/613 3162/4501/613
f 3146/4502/16 3160/8453/16 3161/4503/16
f 3193/4492/608 3145/4493/608 3161/4499/608
f 3164/4505/614 3166/8454/614 3167/4483/614
f 3195/4471/611 3166/8454/611 3164/4505/611
f 3195/4506/158 3194/8455/158 3167/4507/158
f 3146/4509/16 3147/8456/16 3164/4510/16
f 3168/4512/613 3170/4518/613 3171/4470/613
f 3147/4514/16 3140/8457/16 3168/4515/16
f 3140/4517/610 3189/8458/610 3170/4518/610
f 3189/4519/158 3195/8459/158 3171/4520/158
f 3172/4522/611 3174/8460/611 3175/4523/611
f 3140/4525/614 3173/4524/614 3175/4523/614
f 3189/4527/158 3175/8461/158 3174/4528/158
f 3188/4530/607 3174/8460/607 3172/4522/607
f 3176/4532/610 3178/8462/610 3179/4533/610
f 3190/4535/608 3178/8462/608 3176/4532/608
f 3141/4537/16 3142/8463/16 3176/4538/16
f 3188/4530/613 3141/4531/613 3177/4534/613
f 3180/4540/607 3182/8464/607 3183/4541/607
f 3190/4543/611 3142/8465/611 3181/4542/611
f 3190/4544/158 3183/8466/158 3182/4545/158
f 3191/4547/612 3182/8464/612 3180/4540/612
f 3184/4549/608 3186/8467/608 3187/4550/608
f 3143/4552/16 3144/8468/16 3184/4553/16
f 3192/4555/609 3186/8467/609 3184/4549/609
f 3143/4548/610 3185/4551/610 3187/4550/610
f 3153/4557/611 3197/8469/611 3202/4558/611
f 3154/4560/607 3155/8470/607 3203/4561/607
f 3149/4563/609 3150/8471/609 3196/4564/609
f 3149/4566/158 3148/8472/158 3189/4567/158
f 3150/4569/158 3149/8473/158 3188/4570/158
f 3150/4572/158 3190/8474/158 3191/4573/158
f 3151/4575/158 3191/8475/158 3192/4576/158
f 3152/4578/158 3192/8476/158 3193/4579/158
f 3154/4581/158 3153/8477/158 3193/4582/158
f 3154/4584/158 3194/8478/158 3195/4585/158
f 3155/4587/158 3195/8479/158 3189/4588/158
f 3201/4590/158 3202/8480/158 3197/4591/158
f 3197/4593/158 3199/8481/158 3198/4594/158
f 3198/4596/158 3199/8482/158 3203/4597/158
f 3151/4599/614 3201/8483/614 3196/4600/614
f 3148/4602/612 3149/8484/612 3198/4603/612
f 3155/4605/608 3148/8485/608 3200/4606/608
f 3154/4608/610 3199/8486/610 3197/4609/610
f 3151/4611/613 3152/8487/613 3202/4612/613
f 3206/4614/16 3207/4670/16 3244/4615/16
f 3204/4617/16 3205/4659/16 3236/4618/16
f 3211/4620/860 3233/4651/860 3235/4621/860
f 3257/4623/158 3227/8488/158 3226/4624/158
f 3255/4626/158 3251/8489/158 3250/4627/158
f 3252/4629/158 3243/8490/158 3242/4630/158
f 3210/4632/861 3229/4647/861 3231/4633/861
f 3256/4628/158 3223/8491/158 3222/4635/158
f 3220/4636/861 3222/8492/861 3223/4637/861
f 3256/4639/862 3208/4642/862 3221/4638/862
f 3257/4640/863 3222/8492/863 3220/4636/863
f 3208/4642/16 3209/4641/16 3220/4636/16
f 3224/4643/860 3226/8493/860 3227/4644/860
f 3258/4634/864 3226/8493/864 3224/4643/864
f 3209/4641/16 3210/4632/16 3224/4643/16
f 3209/4641/865 3225/4645/865 3227/4644/865
f 3228/4646/863 3230/8494/863 3231/4633/863
f 3259/4622/866 3230/8494/866 3228/4646/866
f 3258/4625/158 3231/8495/158 3230/4648/158
f 3210/4632/16 3211/4620/16 3228/4646/16
f 3232/4650/864 3234/8496/864 3235/4621/864
f 3211/4620/16 3204/4617/16 3232/4650/16
f 3253/4652/867 3234/8496/867 3232/4650/867
f 3259/4649/158 3235/8497/158 3234/4653/158
f 3236/4618/866 3238/8498/866 3239/4655/866
f 3204/4617/863 3237/4619/863 3239/4655/863
f 3252/4629/158 3253/4654/158 3239/4656/158
f 3252/4658/862 3238/8498/862 3236/4618/862
f 3240/4660/867 3242/4663/867 3243/4661/867
f 3206/4614/865 3254/4666/865 3242/4663/865
f 3206/4614/16 3240/4660/16 3241/4662/16
f 3205/4659/864 3241/4662/864 3243/4661/864
f 3245/4616/862 3244/4615/862 3246/4664/862
f 3206/4614/866 3245/4616/866 3247/4665/866
f 3255/4626/158 3254/4631/158 3247/4667/158
f 3255/4669/861 3246/4664/861 3244/4615/861
f 3249/4671/865 3248/4674/865 3250/4672/865
f 3207/4670/16 3208/4642/16 3248/4674/16
f 3256/4639/860 3250/4672/860 3248/4674/860
f 3207/4670/867 3249/4671/867 3251/4673/867
f 3217/4675/868 3261/4690/868 3266/4676/868
f 3219/4678/862 3267/4689/862 3263/4679/862
f 3214/4681/883 3260/4686/883 3262/4682/883
f 3212/4684/158 3253/4654/158 3252/4629/158
f 3214/4681/158 3213/4683/158 3252/4629/158
f 3214/4681/158 3254/4631/158 3255/4626/158
f 3215/4685/158 3255/4626/158 3256/4628/158
f 3217/4675/158 3216/4677/158 3256/4628/158
f 3217/4675/158 3257/4623/158 3258/4625/158
f 3219/4678/158 3218/4680/158 3258/4625/158
f 3219/4678/158 3259/4649/158 3253/4654/158
f 3266/4676/158 3261/4690/158 3260/4686/158
f 3260/4686/158 3261/4690/158 3263/4679/158
f 3263/4679/158 3267/4689/158 3264/4688/158
f 3215/4685/863 3265/4687/863 3260/4686/863
f 3212/4684/861 3213/4683/861 3262/4682/861
f 3212/4684/865 3264/4688/865 3267/4689/865
f 3218/4680/867 3263/4679/867 3261/4690/867
f 3216/4677/864 3266/4676/864 3265/4687/864
f 3206/4614/16 3209/4641/16 3208/4642/16
f 3206/4614/16 3205/4659/16 3210/4632/16
f 3204/4617/16 3211/4620/16 3210/4632/16
s 1
f 3321/4691/636 3320/4700/645 3304/4692/637
f 3467/4694/639 3317/4714/659 3318/4695/640
f 3483/4697/642 3485/4947/835 3299/4698/643
f 3320/4700/645 3319/4707/652 3303/4701/646
f 3316/4702/647 3317/4714/659 3467/4694/639
f 3329/4704/649 3330/4718/663 3466/4705/650
f 3319/4707/652 3318/4695/640 3302/4708/653
f 3300/4709/654 3316/4702/647 3331/4710/655
f 3328/4712/657 3329/4704/649 3465/4706/651
f 3302/4708/653 3318/4695/640 3317/4714/659
f 3331/4710/655 3330/4718/663 3314/4716/661
f 3463/4717/662 3327/4721/666 3328/4712/657
f 3330/4718/663 3329/4704/649 3313/4719/664
f 3462/4720/665 3326/4724/669 3327/4721/666
f 3329/4704/649 3328/4712/657 3312/4722/667
f 3461/4723/668 3325/4742/685 3326/4724/669
f 3274/4725/670 3306/4730/699 3305/4693/638
f 3472/4727/875 3320/4700/645 3321/4691/636
f 3275/4729/675 3307/4756/674 3306/4730/699
f 3473/4728/673 3321/4691/636 3322/4731/676
f 3308/4733/701 3307/4756/674 3275/4729/675
f 3322/4731/676 3323/4738/682 3475/4735/679
f 3309/4736/680 3308/4733/701 3276/4734/678
f 3323/4738/682 3324/4757/700 3460/4739/882
f 3310/4740/702 3309/4736/680 3277/4737/681
f 3460/4739/882 3324/4757/700 3325/4742/685
f 3311/4743/686 3310/4740/702 3278/4741/684
f 3312/4722/667 3311/4743/686 3279/4744/687
f 3313/4719/664 3312/4722/667 3280/4745/688
f 3314/4716/661 3313/4719/664 3281/4746/689
f 3301/4715/660 3300/4709/654 3268/4748/691
f 3315/4711/656 3314/4716/661 3282/4747/690
f 3302/4708/653 3301/4715/660 3269/4749/692
f 3268/4748/691 3300/4709/654 3315/4711/656
f 3271/4752/695 3303/4701/646 3302/4708/653
f 3304/4692/637 3303/4701/646 3271/4752/695
f 3469/4754/697 3331/4710/655 3316/4702/647
f 3318/4695/640 3319/4707/652 3471/4755/698
f 3273/4726/671 3305/4693/638 3304/4692/637
f 3471/4755/698 3319/4707/652 3320/4700/645
f 3322/4731/676 3321/4691/636 3305/4693/638
f 3307/4756/674 3323/4738/682 3322/4731/676
f 3324/4757/700 3323/4738/682 3307/4756/674
f 3309/4736/680 3325/4742/685 3324/4757/700
f 3326/4724/669 3325/4742/685 3309/4736/680
f 3311/4743/686 3327/4721/666 3326/4724/669
f 3328/4712/657 3327/4721/666 3311/4743/686
f 3445/4758/703 3448/4765/705 3282/4759/690
f 3447/4761/704 3449/4767/707 3275/4762/675
f 3450/4764/708 3283/4769/693 3282/4759/690
f 3451/4766/706 3276/4771/678 3275/4762/675
f 3452/4768/798 3268/4870/691 3283/4769/693
f 3454/4770/709 3277/4776/681 3276/4771/678
f 3453/4772/711 3455/4778/710 3270/4773/694
f 3456/4775/712 3278/4780/684 3277/4776/681
f 3457/4777/713 3271/4782/695 3270/4773/694
f 3458/4779/714 3279/4784/687 3278/4780/684
f 3457/4777/713 3459/4786/717 3272/4781/696
f 3444/4783/715 3280/8499/688 3279/4784/687
f 3446/4785/716 3273/4789/671 3272/4781/696
f 3444/4787/715 3445/4758/703 3281/4760/689
f 3446/4785/716 3447/4761/704 3274/4763/670
f 3351/4790/718 3383/4800/728 3384/4791/719
f 3365/4793/721 3397/4856/783 3396/4794/722
f 3377/4796/724 3378/4863/791 3410/4797/725
f 3350/4799/735 3382/4807/727 3383/4800/728
f 3363/4801/729 3395/4809/737 3380/4802/730
f 3376/4804/732 3377/4796/724 3409/4798/726
f 3350/4799/735 3349/4812/734 3381/4806/740
f 3363/4801/729 3362/4813/736 3394/4808/742
f 3376/4804/732 3408/4805/733 3407/4810/738
f 3349/4812/734 3348/4803/731 3380/4802/730
f 3362/4813/736 3361/4818/741 3393/4814/746
f 3374/4815/743 3375/4811/739 3407/4810/738
f 3360/4817/745 3392/4822/750 3393/4814/746
f 3373/4819/748 3374/4815/743 3406/4816/744
f 3360/4817/745 3359/4836/749 3391/4821/788
f 3373/4819/748 3405/4820/747 3404/4823/752
f 3337/4825/753 3353/4847/774 3354/4826/754
f 3339/4828/757 3338/4827/755 3354/4826/754
f 3339/4828/757 3355/4829/756 3356/4830/759
f 3340/4831/758 3356/4830/759 3357/4832/760
f 3341/4833/761 3357/4832/760 3358/4834/762
f 3342/4835/763 3358/4834/762 3359/4836/749
f 3343/4837/764 3359/4836/749 3360/4817/745
f 3344/4838/765 3360/4817/745 3361/4818/741
f 3346/4840/767 3345/4839/766 3361/4818/741
f 3333/4841/768 3332/4844/771 3348/4803/731
f 3346/4840/767 3362/4813/736 3363/4801/729
f 3333/4841/768 3349/4812/734 3350/4799/735
f 3347/4842/769 3363/4801/729 3348/4803/731
f 3334/4843/770 3350/4799/735 3351/4790/718
f 3335/4845/772 3351/4790/718 3352/4792/720
f 3337/4825/753 3336/4846/773 3352/4792/720
f 3392/4822/750 3391/4821/788 3407/4810/738
f 3384/4791/719 3400/4861/789 3401/4848/775
f 3392/4822/750 3408/4805/733 3409/4798/726
f 3385/4849/776 3401/4848/775 3402/4850/778
f 3393/4814/746 3409/4798/726 3410/4797/725
f 3387/4852/780 3386/4851/777 3402/4850/778
f 3395/4809/737 3394/4808/742 3410/4797/725
f 3387/4852/780 3403/4853/779 3404/4823/752
f 3380/4802/730 3396/4794/722 3397/4856/783
f 3380/4802/730 3395/4809/737 3411/4854/781
f 3388/4855/782 3404/4823/752 3405/4820/747
f 3381/4806/740 3397/4856/783 3398/4858/785
f 3389/4857/784 3405/4820/747 3406/4816/744
f 3382/4807/727 3398/4858/785 3399/4860/787
f 3391/4821/788 3390/4859/786 3406/4816/744
f 3383/4800/728 3399/4860/787 3400/4861/789
f 3379/4862/790 3411/4854/781 3410/4797/725
f 3365/4793/721 3366/4864/792 3398/4858/785
f 3352/4792/720 3384/4791/719 3385/4849/776
f 3364/4795/723 3396/4794/722 3411/4854/781
f 3366/4864/792 3367/4866/793 3399/4860/787
f 3353/4847/774 3385/4849/776 3386/4851/777
f 3368/4865/794 3400/4861/789 3399/4860/787
f 3355/4829/756 3354/4826/754 3386/4851/777
f 3368/4865/794 3369/4868/795 3401/4848/775
f 3355/4829/756 3387/4852/780 3388/4855/782
f 3370/4867/796 3402/4850/778 3401/4848/775
f 3356/4830/759 3388/4855/782 3389/4857/784
f 3370/4867/796 3371/4869/797 3403/4853/779
f 3358/4834/762 3357/4832/760 3389/4857/784
f 3372/4824/751 3404/4823/752 3403/4853/779
f 3359/4836/749 3358/4834/762 3390/4859/786
f 3301/4715/660 3317/4714/659 3316/4702/647
f 3453/4772/711 3269/4774/692 3268/4870/691
f 3376/4871/800 3375/4903/799 3423/4872/799
f 3421/4874/802 3437/4918/802 3438/4875/801
f 3368/4877/804 3416/4904/804 3417/4878/803
f 3377/4880/805 3376/8500/800 3424/4881/800
f 3369/4879/803 3417/4878/803 3418/4883/806
f 3378/4885/807 3377/4880/805 3425/4882/805
f 3370/4884/806 3418/4883/806 3419/4887/808
f 3379/4889/809 3378/4885/807 3426/4886/807
f 3371/4888/808 3419/4887/808 3420/4891/810
f 3365/4893/812 3364/4896/811 3413/4894/811
f 3364/4896/811 3379/4889/809 3427/4890/809
f 3372/4892/810 3420/4891/810 3421/4874/813
f 3365/4893/812 3412/4895/812 3414/4898/814
f 3373/4897/813 3421/4874/813 3422/4876/815
f 3366/4899/814 3414/4898/814 3415/4901/816
f 3374/4900/815 3422/4876/815 3423/4872/799
f 3367/4902/816 3415/4901/816 3416/4904/804
f 3414/4898/817 3430/4919/817 3431/4905/818
f 3423/4872/819 3422/4876/801 3438/4875/801
f 3416/4904/820 3415/4901/818 3431/4905/818
f 3423/4872/819 3439/4906/819 3440/4908/821
f 3417/4878/822 3416/4904/820 3432/4907/820
f 3424/4881/821 3440/8501/821 3441/4910/823
f 3417/4878/822 3433/4909/822 3434/4911/824
f 3425/4882/823 3441/4910/823 3442/4912/825
f 3419/4887/826 3418/4883/824 3434/4911/824
f 3426/4886/825 3442/4912/825 3443/4914/827
f 3419/4887/826 3435/4913/826 3436/4915/828
f 3413/4894/829 3429/4917/829 3428/4916/830
f 3427/4890/827 3443/4914/827 3429/4917/829
f 3420/4891/828 3436/4915/828 3437/4918/802
f 3412/4895/830 3428/4916/830 3430/4919/817
f 3430/4922/16 3428/8502/16 3429/8503/16
f 3429/8503/16 3443/8504/16 3442/8505/16
f 3442/8505/16 3441/8506/16 3440/8507/16
f 3440/8507/16 3439/8508/16 3438/4920/16
f 3438/4920/16 3437/8509/16 3436/8510/16
f 3436/8510/16 3435/8511/16 3434/4921/16
f 3434/4921/16 3433/8512/16 3432/8513/16
f 3432/8513/16 3431/8514/16 3430/4922/16
f 3430/4922/16 3429/8503/16 3442/8505/16
f 3442/8505/16 3440/8507/16 3438/4920/16
f 3438/4920/16 3436/8510/16 3434/4921/16
f 3434/4921/16 3432/8513/16 3430/4922/16
f 3430/4922/16 3442/8505/16 3438/4920/16
f 3332/4923/771 3333/4935/768 3453/4772/711
f 3338/4924/755 3447/4761/704 3446/4785/716
f 3345/4926/766 3445/4758/703 3444/4787/715
f 3337/4925/753 3446/4785/716 3459/4786/717
f 3344/4929/765 3444/4783/715 3458/4779/714
f 3336/4928/773 3459/4786/717 3457/4777/713
f 3342/4932/763 3343/4930/764 3458/4779/714
f 3334/4933/770 3335/4931/772 3457/4777/713
f 3341/4934/761 3342/4932/763 3456/4775/712
f 3333/4935/768 3334/4933/770 3455/4778/710
f 3341/4934/761 3454/4770/709 3451/4766/706
f 3332/4923/771 3452/4768/798 3450/4764/708
f 3339/4938/757 3340/4936/758 3451/4766/706
f 3346/4939/767 3347/4937/769 3450/4764/708
f 3338/4924/755 3339/4938/757 3449/4767/707
f 3345/4926/766 3346/4939/767 3448/4765/705
f 3284/4942/158 3285/8515/158 3286/8516/158
f 3286/8516/158 3287/8517/158 3288/8518/158
f 3288/8518/158 3289/8519/158 3290/8520/158
f 3290/8520/158 3291/8521/158 3292/4940/158
f 3292/4940/158 3293/8522/158 3294/8523/158
f 3294/8523/158 3295/8524/158 3296/4941/158
f 3296/4941/158 3297/8525/158 3298/8526/158
f 3298/8526/158 3299/8527/158 3284/4942/158
f 3284/4942/158 3286/8516/158 3288/8518/158
f 3288/8518/158 3290/8520/158 3292/4940/158
f 3292/4940/158 3294/8523/158 3296/4941/158
f 3296/4941/158 3298/8526/158 3284/4942/158
f 3284/4942/158 3288/8518/158 3292/4940/158
f 3471/4755/698 3472/4727/875 3488/4943/831
f 3470/4696/641 3471/4755/698 3487/4944/832
f 3469/4754/697 3468/4703/648 3476/4946/834
f 3477/4948/837 3460/4739/882 3461/4723/668
f 3475/4735/679 3460/4739/882 3477/4948/837
f 3474/4732/677 3475/4735/679 3491/4950/838
f 3473/4728/673 3474/4732/677 3490/4951/839
f 3472/4727/875 3473/4728/673 3489/4952/840
f 3461/4723/668 3462/4720/665 3479/4953/841
f 3479/4953/841 3462/4720/665 3463/4717/662
f 3480/4954/842 3463/4717/662 3464/4713/658
f 3464/4713/658 3465/4706/651 3482/4956/844
f 3465/4706/651 3466/4705/650 3483/4697/642
f 3468/4703/648 3467/4694/639 3484/4957/845
f 3331/4710/655 3469/4754/697 3466/4705/650
f 3467/4694/639 3470/4696/641 3486/4945/833
f 3285/4958/846 3484/4957/845 3486/4945/833
f 3476/4946/834 3484/4957/845 3285/4958/846
f 3482/4956/844 3483/4697/642 3298/4699/644
f 3296/4962/850 3481/4955/843 3482/4956/844
f 3480/4954/842 3481/4955/843 3296/4962/850
f 3479/4953/841 3480/4954/842 3295/4963/851
f 3478/4949/836 3479/4953/841 3294/4964/852
f 3288/4966/854 3488/4943/831 3489/4952/840
f 3289/4967/855 3489/4952/840 3490/4951/839
f 3290/4968/856 3490/4951/839 3491/4950/838
f 3491/4950/838 3477/4948/837 3292/4970/858
f 3292/4970/858 3477/4948/837 3478/4949/836
f 3485/4947/835 3476/4946/834 3284/4960/848
f 3286/4959/847 3486/4945/833 3487/4944/832
f 3287/4971/859 3487/4944/832 3488/4943/831
f 3469/4754/697 3485/4947/835 3483/4697/642
s 0
f 3494/4972/16 3495/8528/16 3532/4973/16
f 3493/4975/16 3524/8529/16 3525/4976/16
f 3547/4978/609 3499/5016/609 3521/4979/609
f 3546/4981/158 3545/8530/158 3515/4982/158
f 3543/4984/158 3539/8531/158 3538/4985/158
f 3540/4987/158 3531/8532/158 3530/4988/158
f 3546/4990/612 3498/8533/612 3517/4991/612
f 3545/4993/158 3544/8534/158 3511/4994/158
f 3508/4996/612 3510/8535/612 3511/4997/612
f 3496/4999/607 3509/4998/607 3511/4997/607
f 3545/5001/614 3510/8535/614 3508/4996/614
f 3497/5003/16 3508/8536/16 3509/5004/16
f 3512/5006/609 3514/8537/609 3515/5007/609
f 3546/5009/613 3514/8537/613 3512/5006/613
f 3497/5011/16 3498/8538/16 3512/5012/16
f 3497/5002/608 3513/5008/608 3515/5007/608
f 3517/4991/614 3516/5015/614 3518/5014/614
f 3547/4978/611 3518/5014/611 3516/5015/611
f 3546/5017/158 3519/8539/158 3518/5018/158
f 3499/5020/16 3516/8540/16 3517/5021/16
f 3521/4979/613 3520/5028/613 3522/5023/613
f 3492/5024/16 3520/8541/16 3521/5025/16
f 3492/5027/610 3541/8542/610 3522/5023/610
f 3547/5029/158 3523/8543/158 3522/5030/158
f 3525/5032/611 3524/5041/611 3526/5033/611
f 3492/5035/614 3525/5032/614 3527/5034/614
f 3541/5037/158 3527/8544/158 3526/5038/158
f 3493/5040/607 3540/5050/607 3526/5033/607
f 3529/5042/610 3528/5046/610 3530/5043/610
f 3494/5045/608 3542/8545/608 3530/5043/608
f 3494/5047/16 3528/8546/16 3529/5048/16
f 3540/5050/613 3493/5040/613 3529/5042/613
f 3532/5051/607 3534/8547/607 3535/5052/607
f 3494/5054/611 3533/5053/611 3535/5052/611
f 3543/5056/158 3542/8548/158 3535/5057/158
f 3543/5059/612 3534/8547/612 3532/5051/612
f 3536/5061/608 3538/8549/608 3539/5062/608
f 3495/5064/16 3496/8550/16 3536/5065/16
f 3544/5067/609 3538/8549/609 3536/5061/609
f 3495/5060/610 3537/5063/610 3539/5062/610
f 3505/5069/611 3549/8551/611 3554/5070/611
f 3506/5072/607 3507/8552/607 3555/5073/607
f 3501/5075/609 3502/8553/609 3548/5076/609
f 3501/5078/158 3500/8554/158 3541/5079/158
f 3502/5081/158 3501/8555/158 3540/5082/158
f 3502/5084/158 3542/8556/158 3543/5085/158
f 3504/5087/158 3503/8557/158 3543/5088/158
f 3504/5090/158 3544/8558/158 3545/5091/158
f 3505/5093/158 3545/8559/158 3546/5094/158
f 3507/5096/158 3506/8560/158 3546/5097/158
f 3500/5099/158 3507/8561/158 3547/5100/158
f 3554/5102/158 3549/8562/158 3548/5103/158
f 3549/5105/158 3551/8563/158 3550/5106/158
f 3551/5108/158 3555/8564/158 3552/5109/158
f 3503/5111/614 3553/8565/614 3548/5112/614
f 3501/5114/612 3550/8566/612 3552/5115/612
f 3500/5117/608 3552/8567/608 3555/5118/608
f 3506/5120/610 3551/8568/610 3549/5121/610
f 3503/5123/613 3504/8569/613 3554/5124/613
f 3558/5126/16 3559/5181/16 3596/5127/16
f 3556/5129/16 3557/5173/16 3588/5130/16
f 3563/5132/860 3585/5164/860 3587/5133/860
f 3609/5135/158 3579/8570/158 3578/5136/158
f 3607/5138/158 3603/8571/158 3602/5139/158
f 3606/5141/158 3604/5171/158 3595/5142/158
f 3562/5144/861 3581/5159/861 3583/5145/861
f 3608/5140/158 3575/8572/158 3574/5147/158
f 3572/5148/861 3574/8573/861 3575/5149/861
f 3560/5151/862 3573/5150/862 3575/5149/862
f 3609/5153/863 3574/8573/863 3572/5148/863
f 3560/5151/16 3561/5154/16 3572/5148/16
f 3576/5155/860 3578/8574/860 3579/5156/860
f 3610/5146/864 3578/8574/864 3576/5155/864
f 3561/5154/16 3562/5144/16 3576/5155/16
f 3561/5154/865 3577/5157/865 3579/5156/865
f 3580/5158/869 3582/8575/869 3583/5145/869
f 3611/5134/866 3582/8575/866 3580/5158/866
f 3611/5160/158 3610/5137/158 3583/5161/158
f 3563/5132/16 3580/5158/16 3581/5159/16
f 3584/5163/864 3586/8576/864 3587/5133/864
f 3556/5129/16 3584/5163/16 3585/5164/16
f 3605/5165/867 3586/8576/867 3584/5163/867
f 3605/5166/158 3611/5160/158 3587/5167/158
f 3588/5130/868 3590/8577/868 3591/5169/868
f 3605/5165/863 3556/5129/863 3589/5131/863
f 3605/5166/158 3591/8578/158 3590/5170/158
f 3604/5172/862 3590/8577/862 3588/5130/862
f 3592/5174/867 3594/8579/867 3595/5175/867
f 3606/5177/865 3594/8579/865 3592/5174/865
f 3558/5126/16 3592/5174/16 3593/5176/16
f 3557/5173/864 3593/5176/864 3595/5175/864
f 3596/5127/862 3598/8580/862 3599/5178/862
f 3558/5126/866 3597/5128/866 3599/5178/866
f 3606/5141/158 3599/8581/158 3598/5179/158
f 3607/5180/861 3598/8580/861 3596/5127/861
f 3601/5182/865 3600/5185/865 3602/5183/865
f 3560/5151/16 3600/5185/16 3601/5182/16
f 3608/5152/860 3602/5183/860 3600/5185/860
f 3559/5181/867 3601/5182/867 3603/5184/867
f 3568/5186/866 3569/5197/866 3613/5187/866
f 3571/5189/862 3619/5201/862 3615/5190/862
f 3566/5192/883 3612/5198/883 3614/5193/883
f 3564/5195/158 3605/5166/158 3604/5171/158
f 3566/5192/158 3565/5194/158 3604/5171/158
f 3567/5196/158 3566/5192/158 3606/5141/158
f 3568/5186/158 3567/5196/158 3607/5138/158
f 3568/5186/158 3608/5140/158 3609/5135/158
f 3570/5191/158 3569/5197/158 3609/5135/158
f 3570/5191/158 3610/5137/158 3611/5160/158
f 3571/5189/158 3611/5160/158 3605/5166/158
f 3618/5188/158 3613/5187/158 3612/5198/158
f 3613/5187/158 3615/5190/158 3614/5193/158
f 3615/5190/158 3619/5201/158 3616/5200/158
f 3567/5196/869 3617/5199/869 3612/5198/869
f 3564/5195/861 3565/5194/861 3614/5193/861
f 3564/5195/865 3616/5200/865 3619/5201/865
f 3570/5191/867 3615/5190/867 3613/5187/867
f 3568/5186/864 3618/5188/864 3617/5199/864
f 3559/5181/16 3558/5126/16 3561/5154/16
f 3557/5173/16 3562/5144/16 3561/5154/16
f 3556/5129/16 3563/5132/16 3562/5144/16
s 1
f 3629/5202/884 3627/8582/895 3621/5203/885
f 3628/5205/886 3622/5212/887 3620/5206/887
f 3631/5208/889 3629/5218/884 3623/5209/890
f 3625/5211/1 3624/8583/1 3620/5206/887
f 3621/5203/885 3624/8583/1 3625/5211/1
f 3631/5208/889 3625/5210/891 3622/5213/892
f 3630/5215/893 3624/5224/897 3621/5216/894
f 3629/5218/884 3631/5208/889 3630/5215/893
f 3630/5215/893 3631/5208/889 3628/5214/886
f 3641/5220/884 3639/8584/895 3633/5221/885
f 3630/5215/893 3626/5219/888 3620/5223/896
f 3640/5225/886 3634/5232/887 3632/5226/887
f 3643/5228/889 3641/5238/884 3635/5229/890
f 3637/5231/1 3636/8585/1 3632/5226/887
f 3633/5221/885 3636/8585/1 3637/5231/1
f 3643/5228/889 3637/5230/891 3634/5233/892
f 3642/5235/893 3636/5606/897 3633/5236/894
f 3641/5238/884 3643/5228/889 3642/5235/893
f 3642/5235/893 3643/5228/889 3640/5234/886
f 3760/5241/265 3757/5390/266 3647/5242/898
f 3754/5244/275 3760/5241/265 3646/5243/899
f 3651/5246/901 3650/5257/906 3772/5247/334
f 3654/5249/902 3652/5255/904 3778/5250/345
f 3763/5252/342 3754/5244/275 3644/5245/900
f 3649/5253/903 3651/5246/901 3769/5248/332
f 3751/5254/269 3778/5250/345 3652/5255/904
f 3650/5257/906 3648/5262/908 3766/5258/337
f 3653/5259/907 3654/5249/902 3781/5251/336
f 3784/5261/277 3766/5258/337 3648/5262/908
f 3775/5260/335 3787/5267/267 3655/5264/910
f 3656/5263/909 3657/5266/911 3790/5265/268
f 3657/5266/911 3655/5264/910 3787/5267/267
f 3765/5396/364 3783/5409/285 3789/5403/302
f 3789/5403/302 3786/5407/306 3774/5268/374
f 3774/5268/374 3780/5398/370 3777/5402/355
f 3777/5402/355 3750/5408/301 3756/5269/287
f 3756/5269/287 3759/5384/297 3753/5386/300
f 3753/5386/300 3762/5397/369 3768/5270/366
f 3768/5270/366 3771/5394/353 3765/5396/364
f 3765/5396/364 3789/5403/302 3774/5268/374
f 3774/5268/374 3777/5402/355 3756/5269/287
f 3756/5269/287 3753/5386/300 3768/5270/366
f 3768/5270/366 3765/5396/364 3774/5268/374
f 3834/5271/912 3700/5312/953 3703/5272/913
f 3850/5274/915 3846/5303/944 3733/5275/916
f 3852/5277/918 3721/5317/958 3729/5278/919
f 3859/5280/921 3675/5318/959 3677/5281/922
f 3836/5283/924 3712/5287/928 3696/5284/925
f 3836/5283/924 3841/5292/933 3708/5286/927
f 3659/5288/929 3829/5475/1026 3854/5282/923
f 3839/5289/930 3717/5308/949 3714/5290/931
f 3841/5292/933 3843/5291/932 3714/5290/931
f 3666/5293/934 3684/5328/969 3851/5294/935
f 3858/5296/937 3739/5307/948 3723/5297/938
f 3828/5299/940 3706/5356/986 3741/5300/941
f 3844/5302/943 3727/5316/957 3733/5275/916
f 3685/5304/945 3848/5489/1038 3845/5305/946
f 3855/5301/942 3741/5300/941 3739/5307/948
f 3850/5274/915 3736/5276/917 3717/5308/949
f 3840/5309/950 3669/8586/2082 3668/5310/951
f 3831/5285/926 3696/5284/925 3700/5312/953
f 3676/5313/954 3674/8587/2083 3856/5314/955
f 3849/5279/920 3729/5278/919 3727/5316/957
f 3852/5277/918 3857/5298/939 3723/5297/938
f 3856/5314/955 3674/8587/2083 3675/5318/959
f 3833/5319/960 3829/5475/1026 3659/5288/929
f 3851/5294/935 3664/5495/1034 3678/5321/962
f 3835/5322/963 3833/5319/960 3661/5320/961
f 3745/5324/965 3691/8588/966 3693/5325/966
f 3842/5311/952 3668/5310/951 3666/5293/934
f 3847/5327/968 3851/5294/935 3684/5328/969
f 3667/5330/971 3669/8586/2082 3840/5309/950
f 3658/5332/973 3830/5472/1023 3835/5322/963
f 3845/5305/946 3847/5327/968 3682/5329/970
f 3853/5315/956 3848/5489/1038 3685/5304/945
f 3702/5335/976 3699/5350/980 3697/5352/982
f 3697/5352/982 3711/5364/994 3709/5357/987
f 3709/5357/987 3715/5361/991 3718/5363/993
f 3718/5363/993 3735/5373/1003 3732/5333/974
f 3732/5333/974 3726/5370/1000 3730/5377/1007
f 3730/5377/1007 3720/5367/997 3724/5334/975
f 3724/5334/975 3738/5376/1006 3742/5378/1008
f 3742/5378/1008 3705/5379/1009 3702/5335/976
f 3702/5335/976 3697/5352/982 3709/5357/987
f 3709/5357/987 3718/5363/993 3732/5333/974
f 3732/5333/974 3730/5377/1007 3724/5334/975
f 3724/5334/975 3742/5378/1008 3702/5335/976
f 3702/5335/976 3709/5357/987 3732/5333/974
f 3746/5336/977 3692/5343/978 3690/5337/978
f 3749/5339/169 3747/5380/967 3693/5340/158
f 3695/5342/11 3694/5344/11 3690/5337/978
f 3693/5325/966 3691/8588/966 3694/5344/11
f 3749/5339/169 3695/5341/158 3692/5345/158
f 3748/5347/30 3694/5383/16 3691/5348/16
f 3699/5350/980 3701/5353/983 3698/5351/981
f 3701/5353/983 3700/5312/953 3696/5284/925
f 3702/5335/976 3704/5355/985 3701/5353/983
f 3701/5353/983 3704/5355/985 3703/5272/913
f 3702/5335/976 3705/5379/1009 3707/5354/984
f 3704/5355/985 3707/5354/984 3706/5356/986
f 3709/5357/987 3711/5364/994 3713/5358/988
f 3710/5359/989 3713/5358/988 3712/5287/928
f 3709/5357/987 3710/5359/989 3716/5360/990
f 3710/5359/989 3708/5286/927 3714/5290/931
f 3715/5361/991 3716/5360/990 3719/5362/992
f 3716/5360/990 3714/5290/931 3717/5308/949
f 3697/5352/982 3698/5351/981 3713/5358/988
f 3713/5358/988 3698/5351/981 3696/5284/925
f 3721/5317/958 3723/5297/938 3725/5365/995
f 3722/5366/996 3725/5365/995 3724/5334/975
f 3729/5278/919 3731/5369/999 3728/5368/998
f 3731/5369/999 3730/5377/1007 3726/5370/1000
f 3727/5316/957 3728/5368/998 3734/5371/1001
f 3734/5371/1001 3728/5368/998 3726/5370/1000
f 3736/5276/917 3733/5275/916 3734/5371/1001
f 3737/5372/1002 3734/5371/1001 3732/5333/974
f 3741/5300/941 3743/5375/1005 3740/5374/1004
f 3743/5375/1005 3742/5378/1008 3738/5376/1006
f 3739/5307/948 3740/5374/1004 3725/5365/995
f 3740/5374/1004 3738/5376/1006 3724/5334/975
f 3721/5317/958 3722/5366/996 3731/5369/999
f 3722/5366/996 3720/5367/997 3730/5377/1007
f 3742/5378/1008 3743/5375/1005 3707/5354/984
f 3707/5354/984 3743/5375/1005 3741/5300/941
f 3736/5276/917 3737/5372/1002 3719/5362/992
f 3719/5362/992 3737/5372/1002 3735/5373/1003
f 3747/5380/967 3749/5339/169 3748/5347/30
f 3744/5381/979 3748/5347/30 3749/5339/169
f 3748/5347/30 3744/5381/979 3690/5382/16
f 3837/5331/972 3830/5472/1023 3658/5332/973
f 3759/5384/297 3761/5387/298 3755/5385/299
f 3761/5387/298 3760/5241/265 3754/5244/275
f 3756/5269/287 3758/5388/296 3761/5387/298
f 3758/5388/296 3757/5390/266 3760/5241/265
f 3756/5269/287 3750/5408/301 3752/5389/295
f 3758/5388/296 3752/5389/295 3751/5254/269
f 3768/5270/366 3762/5397/369 3764/5391/368
f 3770/5392/367 3764/5391/368 3763/5252/342
f 3768/5270/366 3770/5392/367 3773/5393/365
f 3773/5393/365 3770/5392/367 3769/5248/332
f 3771/5394/353 3773/5393/365 3767/5395/363
f 3773/5393/365 3772/5247/334 3766/5258/337
f 3753/5386/300 3755/5385/299 3764/5391/368
f 3755/5385/299 3754/5244/275 3763/5252/342
f 3780/5398/370 3774/5268/374 3776/5399/373
f 3782/5400/372 3776/5399/373 3775/5260/335
f 3780/5398/370 3782/5400/372 3779/5401/371
f 3782/5400/372 3781/5251/336 3778/5250/345
f 3789/5403/302 3783/5409/285 3785/5404/303
f 3791/5405/304 3785/5404/303 3784/5261/277
f 3789/5403/302 3791/5405/304 3788/5406/1010
f 3791/5405/304 3790/5265/268 3787/5267/267
f 3777/5402/355 3779/5401/371 3752/5389/295
f 3779/5401/371 3778/5250/345 3751/5254/269
f 3786/5407/306 3788/5406/1010 3776/5399/373
f 3788/5406/1010 3787/5267/267 3775/5260/335
f 3766/5258/337 3784/5261/277 3785/5404/303
f 3767/5395/363 3785/5404/303 3783/5409/285
f 3757/5390/266 3751/5254/269 3645/5256/905
f 3792/5410/16 3796/8589/16 3806/5411/16
f 3808/5413/158 3797/8590/158 3794/5414/158
f 3800/5416/18 3804/5435/18 3809/5417/18
f 3795/5419/158 3797/8590/158 3808/5413/158
f 3809/5417/18 3802/5438/18 3798/5421/18
f 3793/5422/1011 3795/5428/1011 3805/5423/14
f 3797/5425/11 3796/8591/11 3792/5426/1012
f 3793/5422/1011 3796/8591/11 3797/5425/11
f 3806/5411/16 3796/8589/16 3793/5429/16
f 3794/5427/1012 3792/5426/1012 3799/5431/1
f 3801/5424/1013 3805/5423/1021 3804/5433/1014
f 3804/5435/1014 3805/5420/1021 3808/5413/1016
f 3802/5436/1017 3803/5432/1836 3799/5431/1018
f 3806/5411/1020 3801/5430/1013 3800/5416/1015
f 3808/5413/1016 3803/5415/1836 3802/5438/1017
f 3816/5439/1019 3817/5443/1018 3824/5440/1020
f 3810/5442/16 3814/8592/16 3824/5440/16
f 3826/5444/158 3815/8593/158 3812/5445/158
f 3822/5447/18 3827/5452/18 3825/5448/18
f 3813/5450/158 3815/8593/158 3826/5444/158
f 3827/5452/18 3820/5470/18 3816/5453/18
f 3811/5454/1011 3813/5460/1011 3823/5455/14
f 3815/5457/11 3814/8594/11 3810/5458/1012
f 3811/5454/1011 3814/8594/11 3815/5457/11
f 3824/5440/16 3814/8592/16 3811/5461/16
f 3812/5459/1012 3810/5458/1012 3817/5463/1
f 3818/5465/1015 3819/5456/1013 3823/5455/1021
f 3822/5447/1014 3823/5451/1021 3826/5444/1016
f 3820/5467/1017 3821/5464/1836 3817/5463/1018
f 3824/5440/1020 3819/5462/1013 3818/5469/1015
f 3826/5444/1016 3821/5446/1836 3820/5470/1017
f 3688/5471/1022 3835/5322/963 3830/5472/1023
f 3688/5471/1022 3687/5474/1025 3833/5319/960
f 3687/5474/1025 3686/5486/1037 3829/5475/1026
f 3681/5476/1027 3680/5478/1029 3837/5331/972
f 3681/5476/1027 3840/5309/950 3842/5311/952
f 3679/5477/1028 3842/5311/952 3838/5295/936
f 3689/5473/1024 3830/5472/1023 3837/5331/972
f 3672/5479/1030 3857/5298/939 3852/5277/918
f 3671/5481/1032 3670/5485/1036 3849/5279/920
f 3671/5481/1032 3844/5302/943 3846/5303/944
f 3665/5482/1033 3846/5303/944 3850/5274/915
f 3663/5484/1035 3662/8595/2084 3855/5301/942
f 3672/5479/1030 3663/5484/1035 3858/5296/937
f 3673/5480/1031 3852/5277/918 3849/5279/920
f 3686/5486/1037 3662/8596/2084 3854/5282/923
f 3678/5487/962 3664/5483/1034 3850/5274/915
f 3828/5299/940 3832/5273/914 3703/5272/913
f 3855/5301/942 3662/8595/2084 3686/5488/1037
f 3848/5489/1038 3853/5315/956 3673/5490/1031
f 3859/5280/921 3663/5493/1035 3672/5492/1030
f 3854/5282/923 3662/8596/2084 3663/5493/1035
f 3851/5294/935 3847/5327/968 3665/5494/1033
f 3847/5327/968 3845/5305/946 3671/5496/1032
f 3848/5489/1038 3670/5491/1036 3671/5496/1032
f 3853/5315/956 3856/5314/955 3672/5492/1030
f 3831/5285/926 3689/5502/1024 3680/5497/1029
f 3839/5289/930 3843/5291/932 3679/5498/1028
f 3843/5291/932 3841/5292/933 3681/5499/1027
f 3836/5283/924 3680/5497/1029 3681/5499/1027
f 3828/5299/940 3686/5488/1037 3687/5500/1025
f 3832/5273/914 3687/5500/1025 3688/5501/1022
f 3831/5285/926 3834/5271/912 3688/5501/1022
f 3887/5503/158 3881/8597/158 3862/5504/158
f 3881/5506/1 3882/8598/1 3866/5507/1
f 3878/5509/16 3884/5538/16 3885/5510/16
f 3885/5510/14 3886/8599/14 3860/5512/14
f 3878/5513/18 3864/8600/18 3860/5514/18
f 3880/5516/14 3895/5553/14 3892/5517/14
f 3869/5519/158 3871/8601/158 3870/5520/158
f 3871/5522/1 3875/5531/1 3874/5523/1
f 3875/5525/16 3873/8602/16 3872/5526/16
f 3873/5528/14 3869/8603/14 3868/5529/14
f 3874/5527/18 3872/5526/18 3868/5521/18
f 3871/5522/11 3869/8603/11 3873/5528/11
f 3867/5532/158 3890/5556/158 3891/5533/158
f 3866/5535/18 3878/5513/18 3876/5515/18
f 3866/5537/16 3882/8604/16 3884/5538/16
f 3860/5512/158 3886/8599/158 3887/5503/158
f 3877/5539/11 3863/5543/11 3881/5540/11
f 3867/5542/11 3882/5545/11 3881/5540/11
f 3867/5542/11 3879/5546/11 3884/5544/11
f 3879/5546/11 3877/5539/11 3887/5541/11
f 3865/5547/11 3885/5550/11 3884/5544/11
f 3865/5547/11 3861/5551/11 3886/5549/11
f 3861/5551/11 3880/5552/11 3887/5541/11
f 3883/5548/11 3884/5544/11 3887/5541/11
f 3895/5553/11 3894/5560/11 3893/5554/11
f 3889/5555/11 3888/5562/11 3891/5533/11
f 3877/5557/16 3888/5562/16 3889/5555/16
f 3865/5559/1 3893/5554/1 3894/5560/1
f 3879/5534/1 3891/5533/1 3888/5562/1
f 3863/5558/14 3889/5555/14 3890/5556/14
f 3861/5561/16 3894/5560/16 3895/5553/16
f 3883/5518/158 3892/5517/158 3893/5554/158
f 3897/5563/158 3899/5568/158 3898/5564/158
f 3914/5566/1039 3918/5580/1039 3909/5567/1039
f 3915/5569/16 3901/5579/16 3900/5570/16
f 3904/5572/1040 3897/5563/1040 3896/5565/1040
f 3919/5574/1041 3900/8605/1041 3905/5575/1041
f 3899/5568/1039 3897/5563/1039 3904/5572/1039
f 3909/5567/1042 3918/5580/1042 3917/5577/1042
f 3914/5566/1039 3904/5572/1039 3901/5579/1039
f 3918/5580/1042 3920/5587/1042 3921/5581/1042
f 3911/5582/1040 3908/5595/1040 3913/5583/1040
f 3898/5585/1041 3910/8606/1041 3917/5586/1041
f 3915/5569/16 3919/5571/16 3921/5581/16
f 3898/5564/158 3899/5568/158 3909/5567/158
f 3912/5584/16 3913/5583/16 3906/5588/16
f 3916/5576/1041 3905/5575/1041 3896/5590/1041
f 3901/5579/1040 3904/5572/1040 3905/5573/1040
f 3903/5591/1039 3906/5588/1039 3914/5566/1039
f 3907/5592/1041 3916/5576/1041 3917/5586/1041
f 3913/5583/1039 3918/5580/1039 3914/5566/1039
f 3902/5594/1041 3919/5574/1041 3916/5576/1041
f 3903/5591/1039 3915/5569/1039 3920/5587/1039
f 3908/5595/1039 3920/5587/1039 3918/5580/1039
f 3902/5594/1041 3911/5597/1041 3921/5596/1041
f 3911/5597/1041 3912/5593/1041 3917/5586/1041
f 3902/5598/158 3903/5591/158 3908/5595/158
f 3907/5589/1042 3906/5588/1042 3903/5591/1042
f 3644/8607/900 3646/8608/899 3647/8609/898
f 3647/8609/898 3645/8610/905 3652/5599/904
f 3652/5599/904 3654/8611/902 3653/8612/907
f 3653/8612/907 3655/8613/910 3657/5600/911
f 3657/5600/911 3656/8614/909 3648/8615/908
f 3648/8615/908 3650/8616/906 3651/5601/901
f 3651/5601/901 3649/8617/903 3644/8607/900
f 3644/8607/900 3647/8609/898 3652/5599/904
f 3652/5599/904 3653/8612/907 3657/5600/911
f 3657/5600/911 3648/8615/908 3651/5601/901
f 3651/5601/901 3644/8607/900 3652/5599/904
f 3667/5604/971 3658/8618/973 3660/8619/964
f 3660/8619/964 3661/8620/961 3659/8621/929
f 3659/8621/929 3677/8622/922 3675/8623/959
f 3675/8623/959 3674/8624/2083 3676/5602/954
f 3676/5602/954 3685/8625/945 3683/8626/947
f 3683/8626/947 3682/8627/970 3684/5603/969
f 3684/5603/969 3666/8628/934 3668/8629/951
f 3668/8629/951 3669/8630/2082 3667/5604/971
f 3667/5604/971 3660/8619/964 3659/8621/929
f 3659/8621/929 3675/8623/959 3676/5602/954
f 3676/5602/954 3683/8626/947 3684/5603/969
f 3684/5603/969 3668/8629/951 3667/5604/971
f 3667/5604/971 3659/8621/929 3676/5602/954
f 3642/5235/893 3638/5240/888 3632/5605/896
f 3798/5421/1019 3799/5412/1018 3806/5411/1020
f 3940/5607/1043 3924/5611/1043 3923/5608/1044
f 3940/5607/1043 3941/5730/1045 3925/5610/1045
f 3977/5612/1046 3993/5619/1046 3992/5613/1047
f 3970/5615/14 3971/5682/14 3962/5616/14
f 3977/5612/1046 3978/5623/1048 3994/5618/1048
f 3971/5620/1049 3987/5626/1049 3965/5621/1049
f 3978/5623/1048 3979/5627/1050 3995/5624/1050
f 3971/5620/1051 3972/5630/1052 3988/5625/1052
f 3979/5627/1050 3980/5632/1053 3996/5628/1053
f 3973/5629/1054 3989/5659/1054 3988/5625/1052
f 3981/5631/1055 3997/5639/1055 3996/5628/1053
f 3990/5633/1 3957/5658/1 3959/5634/1
f 3966/5636/1056 3982/5644/1056 3983/5637/1057
f 3967/5638/1057 3983/5637/1057 3997/5639/1055
f 3975/5640/1058 3991/8631/1058 3959/5641/1058
f 3968/5643/1059 3984/5648/1059 3982/5644/1056
f 3976/5614/1047 3992/5613/1047 3991/5645/1060
f 3969/5647/1061 3985/5666/1061 3984/5648/1059
f 3954/5649/11 3957/5653/11 3958/5650/11
f 3954/5649/11 3956/8632/11 3959/5652/11
f 3974/5654/14 3954/5661/14 3955/5655/14
f 3990/5633/1 3989/5714/1 3958/5657/1
f 3973/5629/1062 3955/5651/1062 3958/5650/1062
f 3974/5654/14 3975/5690/14 3956/5660/14
f 3960/5662/158 3963/5665/158 3964/5663/158
f 3960/5662/158 3962/5622/158 3965/5621/158
f 3969/5647/1063 3961/5664/1063 3964/5663/1063
f 3986/5667/1 3963/5673/1 3965/5668/1
f 3970/5615/14 3960/5617/14 3961/5670/14
f 3986/5667/1 3985/5708/1 3964/5672/1
f 3923/5674/14 3966/5678/14 3967/5675/14
f 3924/5677/14 3968/5680/14 3966/5678/14
f 3925/5679/14 3969/5671/14 3968/5680/14
f 3926/5681/14 3970/5615/14 3969/5671/14
f 3926/5681/14 3927/5684/14 3971/5682/14
f 3928/5683/14 3972/5685/14 3971/5682/14
f 3928/5683/14 3929/5687/14 3973/5656/14
f 3930/5686/14 3974/5654/14 3973/5656/14
f 3931/5688/14 3975/5690/14 3974/5654/14
f 3931/5688/14 3932/5691/14 3976/5689/14
f 3932/5691/14 3933/5694/14 3977/5692/14
f 3934/5693/14 3978/5696/14 3977/5692/14
f 3935/5695/14 3979/5698/14 3978/5696/14
f 3935/5695/14 3936/5699/14 3980/5697/14
f 3936/5699/14 3937/5701/14 3981/5700/14
f 3937/5701/14 3922/5676/14 3967/5675/14
f 3939/5702/1 3938/5729/1 3983/5703/1
f 3939/5702/1 3982/5704/1 3984/5705/1
f 3941/5707/1 3940/5706/1 3984/5705/1
f 3941/5707/1 3985/5708/1 3986/5667/1
f 3943/5710/1 3942/5709/1 3986/5667/1
f 3943/5710/1 3987/5669/1 3988/5711/1
f 3945/5713/1 3944/5712/1 3988/5711/1
f 3945/5713/1 3989/5714/1 3990/5633/1
f 3947/5716/1 3946/5715/1 3990/5633/1
f 3947/5716/1 3991/5635/1 3992/5717/1
f 3949/5719/1 3948/5718/1 3992/5717/1
f 3949/5719/1 3993/5720/1 3994/5721/1
f 3951/5723/1 3950/5722/1 3994/5721/1
f 3952/5725/1 3951/5723/1 3995/5724/1
f 3953/5727/1 3952/5725/1 3996/5726/1
f 3953/5727/1 3997/5728/1 3983/5703/1
f 3941/5730/1045 3942/5732/1064 3926/5731/1064
f 3942/5732/1064 3943/5735/1065 3927/5733/1065
f 3944/5734/1066 3928/5737/1066 3927/5733/1065
f 3944/5734/1066 3945/5739/1067 3929/5736/1067
f 3946/5738/1068 3930/5741/1068 3929/5736/1067
f 3947/5740/1069 3931/5743/1069 3930/5741/1068
f 3947/5740/1069 3948/5745/1070 3932/5742/1070
f 3949/5744/1071 3933/5747/1071 3932/5742/1070
f 3950/5746/1072 3934/5749/1072 3933/5747/1071
f 3951/5748/1073 3935/5751/1073 3934/5749/1072
f 3952/5750/1074 3936/5753/1074 3935/5751/1073
f 3953/5752/1075 3937/5755/1075 3936/5753/1074
f 3953/5752/1075 3938/5756/257 3922/5754/257
f 3939/5609/1044 3923/5608/1044 3922/5754/257
f 4012/5757/1076 4028/5787/1076 4029/5758/1077
f 4005/5760/1078 4021/5788/1078 4022/5761/1079
f 3998/5763/1080 4014/5766/1080 4015/5764/1081
f 4013/5759/1077 4029/5758/1077 4014/5766/1080
f 4006/5762/1079 4022/5761/1079 4023/5767/1082
f 3999/5765/1081 4015/5764/1081 4016/5769/1083
f 4007/5768/1082 4023/5767/1082 4024/5771/1084
f 4000/5770/1083 4016/5769/1083 4017/5773/1085
f 4008/5772/1084 4024/5771/1084 4025/5775/1086
f 4001/5774/1085 4017/5773/1085 4018/5777/1087
f 4009/5776/1086 4025/5775/1086 4026/5779/1088
f 4002/5778/1087 4018/5777/1087 4019/5781/1089
f 4010/5780/1088 4026/5779/1088 4027/5783/1090
f 4003/5782/1089 4019/5781/1089 4020/5785/1091
f 4011/5784/1090 4027/5783/1090 4028/5787/1076
f 4004/5786/1091 4020/5785/1091 4021/5788/1078
f 4028/5787/1092 4027/5783/1124 4043/5789/1093
f 3998/5793/14 3999/8633/14 4000/8634/14
f 4000/8634/14 4001/8635/14 4002/8636/14
f 4002/8636/14 4003/8637/14 4004/8638/14
f 4004/8638/14 4005/8639/14 4006/5791/14
f 4006/5791/14 4007/8640/14 4008/8641/14
f 4008/8641/14 4009/8642/14 4010/5792/14
f 4010/5792/14 4011/8643/14 4012/8644/14
f 4012/8644/14 4013/8645/14 3998/5793/14
f 3998/5793/14 4000/8634/14 4002/8636/14
f 4002/8636/14 4004/8638/14 4006/5791/14
f 4006/5791/14 4008/8641/14 4010/5792/14
f 4010/5792/14 4012/8644/14 3998/5793/14
f 3998/5793/14 4002/8636/14 4006/5791/14
f 4042/5794/1095 4041/5807/1117 4057/5795/1096
f 4021/5788/1098 4020/5785/1125 4036/5797/1099
f 4029/5758/1101 4028/5787/1092 4044/5790/1094
f 4021/5788/1098 4037/5798/1100 4038/5800/1103
f 4015/5764/1105 4014/5766/1108 4030/5801/1106
f 4014/5766/1108 4029/5758/1101 4045/5799/1102
f 4023/5767/1109 4022/5761/1104 4038/5800/1103
f 4015/5764/1105 4031/5802/1107 4032/5804/1111
f 4023/5767/1109 4039/5803/1110 4040/5805/1113
f 4017/5773/1115 4016/5769/1112 4032/5804/1111
f 4024/5771/1114 4040/5805/1113 4041/5807/1117
f 4018/5777/1119 4017/5773/1115 4033/5806/1116
f 4025/5775/1118 4041/5807/1117 4042/5794/1095
f 4018/5777/1119 4034/5808/1120 4035/5809/1122
f 4027/5783/1124 4026/5779/1121 4042/5794/1095
f 4020/5785/1125 4019/5781/1123 4035/5809/1122
f 4048/5810/1126 4047/5821/1137 4063/5811/1127
f 4034/5808/1120 4050/5825/1141 4051/5813/1129
f 4043/5789/1093 4042/5794/1095 4058/5796/1097
f 4035/5809/1122 4051/5813/1129 4052/5815/1131
f 4043/5789/1093 4059/5814/1130 4060/5816/1132
f 4036/5797/1099 4052/5815/1131 4053/5817/1133
f 4045/5799/1102 4044/5790/1094 4060/5816/1132
f 4037/5798/1100 4053/5817/1133 4054/5819/1135
f 4031/5802/1107 4030/5801/1106 4046/5820/1136
f 4030/5801/1106 4045/5799/1102 4061/5818/1134
f 4038/5800/1103 4054/5819/1135 4055/5822/1138
f 4031/5802/1107 4047/5821/1137 4048/5810/1126
f 4040/5805/1113 4039/5803/1110 4055/5822/1138
f 4033/5806/1116 4032/5804/1111 4048/5810/1126
f 4041/5807/1117 4040/5805/1113 4056/5823/1139
f 4033/5806/1116 4049/5824/1140 4050/5825/1141
f 4064/5812/1128 4063/5811/1127 4062/5838/1154
f 4062/5838/1154 4077/5836/1152 4076/5834/1150
f 4076/5834/1150 4075/5833/1149 4074/5831/1147
f 4074/5831/1147 4073/5829/1145 4072/5826/1142
f 4072/5826/1142 4071/5839/1155 4070/5837/1153
f 4070/5837/1153 4069/5835/1151 4068/5827/1143
f 4068/5827/1143 4067/5832/1148 4066/5830/1146
f 4066/5830/1146 4065/5828/1144 4064/5812/1128
f 4064/5812/1128 4062/5838/1154 4076/5834/1150
f 4076/5834/1150 4074/5831/1147 4072/5826/1142
f 4072/5826/1142 4070/5837/1153 4068/5827/1143
f 4068/5827/1143 4066/5830/1146 4064/5812/1128
f 4064/5812/1128 4076/5834/1150 4072/5826/1142
f 4055/5822/1138 4071/5839/1155 4072/5826/1142
f 4048/5810/1126 4064/5812/1128 4065/5828/1144
f 4056/5823/1139 4072/5826/1142 4073/5829/1145
f 4050/5825/1141 4049/5824/1140 4065/5828/1144
f 4058/5796/1097 4057/5795/1096 4073/5829/1145
f 4050/5825/1141 4066/5830/1146 4067/5832/1148
f 4059/5814/1130 4058/5796/1097 4074/5831/1147
f 4051/5813/1129 4067/5832/1148 4068/5827/1143
f 4060/5816/1132 4059/5814/1130 4075/5833/1149
f 4053/5817/1133 4052/5815/1131 4068/5827/1143
f 4060/5816/1132 4076/5834/1150 4077/5836/1152
f 4053/5817/1133 4069/5835/1151 4070/5837/1153
f 4047/5821/1137 4046/5820/1136 4062/5838/1154
f 4046/5820/1136 4061/5818/1134 4077/5836/1152
f 4054/5819/1135 4070/5837/1153 4071/5839/1155
f 4181/5840/1156 4246/5844/1160 4152/5841/1157
f 4090/5843/1159 4162/5859/1174 4246/5844/1160
f 4246/5844/1160 4162/5859/1174 4079/5845/1161
f 4246/5844/1160 4151/5846/1162 4081/5847/1163
f 4276/5848/1164 4078/5899/1212 4150/5849/1165
f 4288/5850/1166 4150/5849/1165 4080/5851/1167
f 4156/5853/1169 4097/5867/1180 4283/5854/1170
f 4152/5841/1157 4081/5847/1163 4279/5856/1172
f 4277/5858/1173 4079/5845/1161 4162/5859/1174
f 4290/5860/1175 4162/5859/1174 4090/5843/1159
f 4291/5862/1177 4151/5846/1162 4079/5845/1161
f 4291/5863/1177 4155/6135/1423 4085/5864/1178
f 4156/5853/1169 4247/5868/1181 4177/5866/1179
f 4085/5864/1178 4155/6135/1423 4247/5868/1181
f 4247/5868/1181 4155/6135/1423 4083/5869/1182
f 4177/5866/1179 4247/5868/1181 4170/5870/1183
f 4084/5872/1185 4166/5875/1188 4248/5873/1186
f 4166/5875/1188 4094/5880/1193 4174/5876/1189
f 4248/5873/1186 4174/5876/1189 4101/5877/1190
f 4248/5873/1186 4157/5878/1191 4082/5879/1192
f 4094/5880/1193 4167/5882/1195 4249/5881/1194
f 4167/5882/1195 4095/5886/1199 4175/5883/1196
f 4249/5881/1194 4175/5883/1196 4100/5884/1197
f 4174/5876/1189 4249/5881/1194 4173/5885/1198
f 4095/5886/1199 4168/5888/1201 4250/5887/1200
f 4168/5888/1201 4096/5892/1205 4176/5889/1202
f 4250/5887/1200 4176/5889/1202 4099/5890/1203
f 4175/5883/1196 4250/5887/1200 4172/5891/1204
f 4096/5892/1205 4169/5894/1207 4251/5893/1206
f 4169/5894/1207 4097/5867/1180 4177/5866/1179
f 4251/5893/1206 4177/5866/1179 4098/5871/1184
f 4176/5889/1202 4251/5893/1206 4171/5895/1208
f 4080/5851/1167 4158/5898/1211 4292/5896/1209
f 4080/5851/1167 4150/5849/1165 4252/5897/1210
f 4078/5899/1212 4153/5900/1213 4252/5897/1210
f 4153/5900/1213 4093/5904/1217 4178/5901/1214
f 4158/5898/1211 4252/5897/1210 4178/5901/1214
f 4178/5901/1214 4253/5905/1218 4159/5903/1216
f 4093/5904/1217 4165/5906/1219 4253/5905/1218
f 4165/5906/1219 4092/5910/1223 4179/5907/1220
f 4253/5905/1218 4179/5907/1220 4087/5908/1221
f 4179/5907/1220 4254/5911/1224 4160/5909/1222
f 4092/5910/1223 4164/5912/1225 4254/5911/1224
f 4164/5912/1225 4091/5916/1229 4180/5913/1226
f 4254/5911/1224 4180/5913/1226 4088/5914/1227
f 4180/5913/1226 4255/5917/1230 4161/5915/1228
f 4091/5916/1229 4163/5918/1231 4255/5917/1230
f 4163/5918/1231 4090/5843/1159 4181/5840/1156
f 4255/5917/1230 4181/5840/1156 4089/5842/1158
f 4292/5919/1209 4280/5920/1232 4094/5880/1193
f 4280/5920/1232 4293/5921/1233 4167/5882/1195
f 4293/5921/1233 4281/5922/1234 4095/5886/1199
f 4281/5922/1234 4294/5923/1235 4168/5888/1201
f 4294/5923/1235 4282/5924/1236 4096/5892/1205
f 4282/5924/1236 4295/5925/1237 4169/5894/1207
f 4295/5925/1237 4283/5854/1170 4097/5867/1180
f 4284/5926/1238 4093/5904/1217 4153/5900/1213
f 4285/5928/1240 4092/5910/1223 4165/5906/1219
f 4296/5927/1239 4153/5900/1213 4078/5899/1212
f 4286/5930/1242 4091/5916/1229 4164/5912/1225
f 4297/5929/1241 4165/5906/1219 4093/5904/1217
f 4287/5861/1176 4090/5843/1159 4163/5918/1231
f 4298/5931/1243 4164/5912/1225 4092/5910/1223
f 4299/5932/1244 4163/5918/1231 4091/5916/1229
f 4213/5933/1245 4256/5937/1249 4184/5934/1246
f 4114/5936/1248 4194/5952/1263 4256/5937/1249
f 4256/5937/1249 4194/5952/1263 4103/5938/1250
f 4256/5937/1249 4183/5939/1251 4105/5940/1252
f 4300/5941/1253 4102/5992/1301 4182/5942/1254
f 4312/5943/1255 4182/5942/1254 4104/5944/1256
f 4188/5946/1258 4121/5960/1269 4307/5947/1259
f 4184/5934/1246 4105/5940/1252 4303/5949/1261
f 4301/5951/1262 4103/5938/1250 4194/5952/1263
f 4314/5953/1264 4194/5952/1263 4114/5936/1248
f 4315/5955/1266 4183/5939/1251 4103/5938/1250
f 4315/5956/1266 4187/6156/1424 4109/5957/1267
f 4188/5946/1258 4257/5961/1270 4209/5959/1268
f 4109/5957/1267 4187/6156/1424 4257/5961/1270
f 4257/5961/1270 4187/6156/1424 4107/5962/1271
f 4209/5959/1268 4257/5961/1270 4202/5963/1272
f 4108/5965/1274 4198/5968/1277 4258/5966/1275
f 4198/5968/1277 4118/5973/1282 4206/5969/1278
f 4258/5966/1275 4206/5969/1278 4125/5970/1279
f 4258/5966/1275 4189/5971/1280 4106/5972/1281
f 4118/5973/1282 4199/5975/1284 4259/5974/1283
f 4199/5975/1284 4119/5979/1288 4207/5976/1285
f 4259/5974/1283 4207/5976/1285 4124/5977/1286
f 4206/5969/1278 4259/5974/1283 4205/5978/1287
f 4119/5979/1288 4200/5981/1290 4260/5980/1289
f 4200/5981/1290 4120/5985/1294 4208/5982/1291
f 4260/5980/1289 4208/5982/1291 4123/5983/1292
f 4207/5976/1285 4260/5980/1289 4204/5984/1293
f 4120/5985/1294 4201/5987/1296 4261/5986/1295
f 4201/5987/1296 4121/5960/1269 4209/5959/1268
f 4261/5986/1295 4209/5959/1268 4122/5964/1273
f 4208/5982/1291 4261/5986/1295 4203/5988/1297
f 4104/5944/1256 4190/5991/1300 4316/5989/1298
f 4104/5944/1256 4182/5942/1254 4262/5990/1299
f 4102/5992/1301 4185/5993/1302 4262/5990/1299
f 4185/5993/1302 4117/5997/1306 4210/5994/1303
f 4190/5991/1300 4262/5990/1299 4210/5994/1303
f 4210/5994/1303 4263/5998/1307 4191/5996/1305
f 4117/5997/1306 4197/5999/1308 4263/5998/1307
f 4197/5999/1308 4116/6003/1312 4211/6000/1309
f 4263/5998/1307 4211/6000/1309 4111/6001/1310
f 4211/6000/1309 4264/6004/1313 4192/6002/1311
f 4116/6003/1312 4196/6005/1314 4264/6004/1313
f 4196/6005/1314 4115/6009/1318 4212/6006/1315
f 4264/6004/1313 4212/6006/1315 4112/6007/1316
f 4212/6006/1315 4265/6010/1319 4193/6008/1317
f 4115/6009/1318 4195/6011/1320 4265/6010/1319
f 4195/6011/1320 4114/5936/1248 4213/5933/1245
f 4265/6010/1319 4213/5933/1245 4113/5935/1247
f 4316/6012/1298 4304/6013/1321 4118/5973/1282
f 4304/6013/1321 4317/6014/1322 4199/5975/1284
f 4317/6014/1322 4305/6015/1323 4119/5979/1288
f 4305/6015/1323 4318/6016/1324 4200/5981/1290
f 4318/6016/1324 4306/6017/1325 4120/5985/1294
f 4306/6017/1325 4319/6018/1326 4201/5987/1296
f 4319/6018/1326 4307/5947/1259 4121/5960/1269
f 4308/6019/1327 4117/5997/1306 4185/5993/1302
f 4309/6021/1329 4116/6003/1312 4197/5999/1308
f 4320/6020/1328 4185/5993/1302 4102/5992/1301
f 4310/6023/1331 4115/6009/1318 4196/6005/1314
f 4321/6022/1330 4197/5999/1308 4117/5997/1306
f 4311/5954/1265 4114/5936/1248 4195/6011/1320
f 4322/6024/1332 4196/6005/1314 4116/6003/1312
f 4323/6025/1333 4195/6011/1320 4115/6009/1318
f 4245/6026/1334 4266/6030/1338 4216/6027/1335
f 4138/6029/1337 4226/6045/1352 4266/6030/1338
f 4266/6030/1338 4226/6045/1352 4127/6031/1339
f 4266/6030/1338 4215/6032/1340 4129/6033/1341
f 4324/6034/1342 4126/6085/1390 4214/6035/1343
f 4336/6036/1344 4214/6035/1343 4128/6037/1345
f 4220/6039/1347 4145/6053/1358 4331/6040/1348
f 4216/6027/1335 4129/6033/1341 4327/6042/1350
f 4325/6044/1351 4127/6031/1339 4226/6045/1352
f 4338/6046/1353 4226/6045/1352 4138/6029/1337
f 4339/6048/1355 4215/6032/1340 4127/6031/1339
f 4339/6049/1355 4219/6177/1425 4133/6050/1356
f 4220/6039/1347 4267/6054/1359 4241/6052/1357
f 4133/6050/1356 4219/6177/1425 4267/6054/1359
f 4267/6054/1359 4219/6177/1425 4131/6055/1360
f 4241/6052/1357 4267/6054/1359 4234/6056/1361
f 4132/6058/1363 4230/6061/1366 4268/6059/1364
f 4230/6061/1366 4142/6066/1371 4238/6062/1367
f 4268/6059/1364 4238/6062/1367 4149/6063/1368
f 4268/6059/1364 4221/6064/1369 4130/6065/1370
f 4142/6066/1371 4231/6068/1373 4269/6067/1372
f 4231/6068/1373 4143/6072/1377 4239/6069/1374
f 4269/6067/1372 4239/6069/1374 4148/6070/1375
f 4238/6062/1367 4269/6067/1372 4237/6071/1376
f 4143/6072/1377 4232/6074/1379 4270/6073/1378
f 4232/6074/1379 4144/6078/1383 4240/6075/1380
f 4270/6073/1378 4240/6075/1380 4147/6076/1381
f 4239/6069/1374 4270/6073/1378 4236/6077/1382
f 4144/6078/1383 4233/6080/1385 4271/6079/1384
f 4233/6080/1385 4145/6053/1358 4241/6052/1357
f 4271/6079/1384 4241/6052/1357 4146/6057/1362
f 4240/6075/1380 4271/6079/1384 4235/6081/1386
f 4128/6037/1345 4222/6084/1389 4340/6082/1387
f 4128/6037/1345 4214/6035/1343 4272/6083/1388
f 4126/6085/1390 4217/6086/1391 4272/6083/1388
f 4217/6086/1391 4141/6090/1395 4242/6087/1392
f 4222/6084/1389 4272/6083/1388 4242/6087/1392
f 4242/6087/1392 4273/6091/1396 4223/6089/1394
f 4141/6090/1395 4229/6092/1397 4273/6091/1396
f 4229/6092/1397 4140/6096/1401 4243/6093/1398
f 4273/6091/1396 4243/6093/1398 4135/6094/1399
f 4243/6093/1398 4274/6097/1402 4224/6095/1400
f 4140/6096/1401 4228/6098/1403 4274/6097/1402
f 4228/6098/1403 4139/6102/1407 4244/6099/1404
f 4274/6097/1402 4244/6099/1404 4136/6100/1405
f 4244/6099/1404 4275/6103/1408 4225/6101/1406
f 4139/6102/1407 4227/6104/1409 4275/6103/1408
f 4227/6104/1409 4138/6029/1337 4245/6026/1334
f 4275/6103/1408 4245/6026/1334 4137/6028/1336
f 4340/6105/1387 4328/6106/1410 4142/6066/1371
f 4328/6106/1410 4341/6107/1411 4231/6068/1373
f 4341/6107/1411 4329/6108/1412 4143/6072/1377
f 4329/6108/1412 4342/6109/1413 4232/6074/1379
f 4342/6109/1413 4330/6110/1414 4144/6078/1383
f 4330/6110/1414 4343/6111/1415 4233/6080/1385
f 4343/6111/1415 4331/6040/1348 4145/6053/1358
f 4332/6112/1416 4141/6090/1395 4217/6086/1391
f 4333/6114/1418 4140/6096/1401 4229/6092/1397
f 4344/6113/1417 4217/6086/1391 4126/6085/1390
f 4334/6116/1420 4139/6102/1407 4228/6098/1403
f 4345/6115/1419 4229/6092/1397 4141/6090/1395
f 4335/6047/1354 4138/6029/1337 4227/6104/1409
f 4346/6117/1421 4228/6098/1403 4140/6096/1401
f 4347/6118/1422 4227/6104/1409 4139/6102/1407
f 4171/5895/1208 4299/6121/1244 4286/6119/1242
f 4172/5891/1204 4298/6123/1243 4285/6120/1240
f 4098/5871/1184 4287/6137/1176 4299/6121/1244
f 4173/5885/1198 4297/6125/1241 4284/6122/1238
f 4099/5890/1203 4286/6119/1242 4298/6123/1243
f 4157/5878/1191 4296/6126/1239 4276/6124/1164
f 4100/5884/1197 4285/6120/1240 4297/6125/1241
f 4101/5877/1190 4284/6122/1238 4296/6126/1239
f 4161/5915/1228 4089/5842/1158 4283/6127/1170
f 4088/5914/1227 4161/5915/1228 4295/6128/1237
f 4160/5909/1222 4088/5914/1227 4282/6129/1236
f 4087/5908/1221 4160/5909/1222 4294/6130/1235
f 4159/5903/1216 4087/5908/1221 4281/6131/1234
f 4086/5902/1215 4159/5903/1216 4293/6132/1233
f 4158/5898/1211 4086/5902/1215 4280/6133/1232
f 4278/6134/1168 4292/5919/1209 4166/5875/1188
f 4291/5862/1177 4279/5856/1172 4081/5847/1163
f 4155/6135/1423 4291/5863/1177 4277/6136/1173
f 4170/5870/1183 4290/6138/1175 4287/6137/1176
f 4083/5869/1182 4277/6136/1173 4290/6138/1175
f 4289/5855/1171 4279/5865/1172 4085/5864/1178
f 4289/5857/1171 4283/6127/1170 4089/5842/1158
f 4288/6139/1166 4278/6134/1168 4084/5872/1185
f 4082/5879/1192 4276/6124/1164 4288/6139/1166
f 4203/5988/1297 4323/6142/1333 4310/6140/1331
f 4204/5984/1293 4322/6144/1332 4309/6141/1329
f 4122/5964/1273 4311/6158/1265 4323/6142/1333
f 4205/5978/1287 4321/6146/1330 4308/6143/1327
f 4123/5983/1292 4310/6140/1331 4322/6144/1332
f 4189/5971/1280 4320/6147/1328 4300/6145/1253
f 4124/5977/1286 4309/6141/1329 4321/6146/1330
f 4125/5970/1279 4308/6143/1327 4320/6147/1328
f 4193/6008/1317 4113/5935/1247 4307/6148/1259
f 4112/6007/1316 4193/6008/1317 4319/6149/1326
f 4192/6002/1311 4112/6007/1316 4306/6150/1325
f 4111/6001/1310 4192/6002/1311 4318/6151/1324
f 4191/5996/1305 4111/6001/1310 4305/6152/1323
f 4110/5995/1304 4191/5996/1305 4317/6153/1322
f 4190/5991/1300 4110/5995/1304 4304/6154/1321
f 4302/6155/1257 4316/6012/1298 4198/5968/1277
f 4315/5955/1266 4303/5949/1261 4105/5940/1252
f 4187/6156/1424 4315/5956/1266 4301/6157/1262
f 4202/5963/1272 4314/6159/1264 4311/6158/1265
f 4107/5962/1271 4301/6157/1262 4314/6159/1264
f 4313/5948/1260 4303/5958/1261 4109/5957/1267
f 4313/5950/1260 4307/6148/1259 4113/5935/1247
f 4312/6160/1255 4302/6155/1257 4108/5965/1274
f 4106/5972/1281 4300/6145/1253 4312/6160/1255
f 4235/6081/1386 4347/6163/1422 4334/6161/1420
f 4236/6077/1382 4346/6165/1421 4333/6162/1418
f 4146/6057/1362 4335/6179/1354 4347/6163/1422
f 4237/6071/1376 4345/6167/1419 4332/6164/1416
f 4147/6076/1381 4334/6161/1420 4346/6165/1421
f 4221/6064/1369 4344/6168/1417 4324/6166/1342
f 4148/6070/1375 4333/6162/1418 4345/6167/1419
f 4149/6063/1368 4332/6164/1416 4344/6168/1417
f 4225/6101/1406 4137/6028/1336 4331/6169/1348
f 4136/6100/1405 4225/6101/1406 4343/6170/1415
f 4224/6095/1400 4136/6100/1405 4330/6171/1414
f 4135/6094/1399 4224/6095/1400 4342/6172/1413
f 4223/6089/1394 4135/6094/1399 4329/6173/1412
f 4134/6088/1393 4223/6089/1394 4341/6174/1411
f 4222/6084/1389 4134/6088/1393 4328/6175/1410
f 4326/6176/1346 4340/6105/1387 4230/6061/1366
f 4339/6048/1355 4327/6042/1350 4129/6033/1341
f 4219/6177/1425 4339/6049/1355 4325/6178/1351
f 4234/6056/1361 4338/6180/1353 4335/6179/1354
f 4131/6055/1360 4325/6178/1351 4338/6180/1353
f 4337/6041/1349 4327/6051/1350 4133/6050/1356
f 4337/6043/1349 4331/6169/1348 4137/6028/1336
f 4336/6181/1344 4326/6176/1346 4132/6058/1363
f 4130/6065/1370 4324/6166/1342 4336/6181/1344
f 4349/6182/1075 4350/8646/1074 4366/6183/1074
f 4366/6183/1074 4350/8646/1074 4351/6185/1073
f 4418/6187/1052 4419/8647/1426 4403/6188/1426
f 4396/6190/14 4386/8648/14 4388/6191/14
f 4403/6188/1426 4419/8647/1426 4420/6193/1427
f 4397/6195/1049 4388/6238/1049 4391/6196/1049
f 4404/6194/1427 4420/6193/1427 4421/6198/1428
f 4397/6195/1429 4413/6197/1429 4414/6200/1047
f 4405/6199/1428 4421/6198/1428 4422/6202/1059
f 4414/6200/1047 4415/6232/1060 4399/6204/1060
f 4422/6202/1059 4423/6212/1056 4407/6205/1056
f 4385/6206/1 4383/8649/1 4416/6207/1
f 4409/6209/1057 4408/6216/1055 4392/6210/1055
f 4423/6212/1056 4409/6209/1057 4393/6211/1057
f 4401/6213/1062 4382/8650/1062 4385/6214/1062
f 4408/6216/1055 4410/6220/1053 4394/6217/1053
f 4417/6218/1054 4418/6187/1052 4402/6189/1052
f 4410/6220/1053 4411/6239/1430 4395/6221/1430
f 4384/6222/11 4383/8651/11 4380/6223/11
f 4380/6223/11 4383/8651/11 4385/6225/11
f 4381/6227/14 4380/8652/14 4400/6228/14
f 4416/6207/1 4383/8649/1 4384/6230/1
f 4384/6222/1058 4381/6224/1058 4399/6204/1058
f 4400/6228/14 4380/8652/14 4382/6233/14
f 4390/6235/16 4389/8653/16 4386/6236/16
f 4386/6236/16 4389/8653/16 4391/6196/16
f 4390/6235/1063 4387/6237/1063 4395/6221/1063
f 4391/6240/1 4389/8654/1 4412/6241/1
f 4387/6243/14 4386/8648/14 4396/6190/14
f 4412/6241/1 4389/8654/1 4390/6245/1
f 4393/6247/14 4392/6250/14 4349/6248/14
f 4392/6250/14 4394/6252/14 4350/6251/14
f 4394/6252/14 4395/6244/14 4351/6253/14
f 4395/6244/14 4396/6190/14 4352/6254/14
f 4352/6254/14 4396/6190/14 4397/6192/14
f 4397/6192/14 4398/8655/14 4354/6256/14
f 4354/6256/14 4398/8655/14 4399/6229/14
f 4399/6229/14 4400/6228/14 4356/6258/14
f 4400/6228/14 4401/6234/14 4357/6259/14
f 4357/6259/14 4401/6234/14 4402/6260/14
f 4358/6261/14 4402/6260/14 4403/6262/14
f 4403/6262/14 4404/6265/14 4360/6264/14
f 4404/6265/14 4405/8656/14 4361/6266/14
f 4361/6266/14 4405/8656/14 4406/6267/14
f 4362/6268/14 4406/6267/14 4407/6269/14
f 4363/6270/14 4407/6269/14 4393/6247/14
f 4365/6271/1 4408/8657/1 4409/6272/1
f 4410/6274/1 4408/8657/1 4365/6271/1
f 4367/6276/1 4411/6246/1 4410/6274/1
f 4412/6241/1 4411/6246/1 4367/6276/1
f 4369/6278/1 4413/6242/1 4412/6241/1
f 4414/6279/1 4413/6242/1 4369/6278/1
f 4371/6281/1 4415/6231/1 4414/6279/1
f 4416/6207/1 4415/6231/1 4371/6281/1
f 4373/6283/1 4417/6208/1 4416/6207/1
f 4418/6284/1 4417/6208/1 4373/6283/1
f 4375/6286/1 4419/8658/1 4418/6284/1
f 4420/6287/1 4419/8658/1 4375/6286/1
f 4377/6289/1 4421/6291/1 4420/6287/1
f 4378/6290/1 4422/6293/1 4421/6291/1
f 4379/6292/1 4423/8659/1 4422/6293/1
f 4409/6272/1 4423/8659/1 4379/6292/1
f 4367/6186/1073 4351/6185/1073 4352/6294/1072
f 4368/6295/1072 4352/6294/1072 4353/6296/1071
f 4353/6296/1071 4354/8660/1070 4370/6298/1070
f 4370/6298/1070 4354/8660/1070 4355/6299/1069
f 4355/6299/1069 4356/6302/1068 4372/6301/1068
f 4356/6302/1068 4357/8661/1067 4373/6303/1067
f 4373/6303/1067 4357/8661/1067 4358/6304/1066
f 4374/6305/1066 4358/6304/1066 4359/6306/1065
f 4359/6306/1065 4360/6309/1064 4376/6308/1064
f 4360/6309/1064 4361/6311/1045 4377/6310/1045
f 4361/6311/1045 4362/6313/1043 4378/6312/1043
f 4362/6313/1043 4363/8662/1044 4379/6314/1044
f 4379/6314/1044 4363/8662/1044 4348/6315/257
f 4364/6316/257 4348/6315/257 4349/6182/1075
f 4455/6317/1431 4454/6347/1432 4438/6318/1432
f 4448/6320/1433 4447/6348/1434 4431/6321/1434
f 4441/6323/1435 4440/6326/1436 4424/6324/1436
f 4440/6326/1436 4455/6317/1431 4439/6319/1431
f 4449/6327/1437 4448/6320/1433 4432/6322/1433
f 4442/6329/1438 4441/6323/1435 4425/6325/1435
f 4450/6331/1439 4449/6327/1437 4433/6328/1437
f 4443/6333/1440 4442/6329/1438 4426/6330/1438
f 4451/6335/1441 4450/6331/1439 4434/6332/1439
f 4444/6337/1442 4443/6333/1440 4427/6334/1440
f 4452/6339/1443 4451/6335/1441 4435/6336/1441
f 4445/6341/1444 4444/6337/1442 4428/6338/1442
f 4453/6343/1445 4452/6339/1443 4436/6340/1443
f 4446/6345/1446 4445/6341/1444 4429/6342/1444
f 4454/6347/1432 4453/6343/1445 4437/6344/1445
f 4447/6348/1434 4446/6345/1446 4430/6346/1446
f 4470/6349/1447 4469/6371/1482 4453/6343/1448
f 4426/6352/14 4425/8663/14 4424/8664/14
f 4424/8664/14 4439/8665/14 4438/8666/14
f 4438/8666/14 4437/8667/14 4436/8668/14
f 4436/8668/14 4435/8669/14 4434/6350/14
f 4434/6350/14 4433/8670/14 4432/8671/14
f 4432/8671/14 4431/8672/14 4430/6351/14
f 4430/6351/14 4429/8673/14 4428/8674/14
f 4428/8674/14 4427/8675/14 4426/6352/14
f 4426/6352/14 4424/8664/14 4438/8666/14
f 4438/8666/14 4436/8668/14 4434/6350/14
f 4434/6350/14 4432/8671/14 4430/6351/14
f 4430/6351/14 4428/8674/14 4426/6352/14
f 4426/6352/14 4438/8666/14 4434/6350/14
f 4468/6353/1450 4484/6389/1500 4483/6354/1451
f 4463/6356/1453 4462/6364/1475 4446/6345/1454
f 4471/6357/1456 4470/6349/1447 4454/6347/1449
f 4464/6358/1458 4463/6356/1453 4447/6348/1455
f 4441/6323/1460 4457/6376/1487 4456/6359/1461
f 4440/6326/1462 4456/6359/1461 4471/6357/1456
f 4449/6327/1463 4465/6380/1491 4464/6358/1458
f 4458/6360/1464 4457/6376/1487 4441/6323/1460
f 4466/6361/1466 4465/6380/1491 4449/6327/1463
f 4443/6333/1468 4459/6362/1471 4458/6360/1464
f 4467/6355/1452 4466/6361/1466 4450/6331/1467
f 4444/6337/1470 4460/6363/1474 4459/6362/1471
f 4468/6353/1450 4467/6355/1452 4451/6335/1469
f 4445/6341/1473 4461/6368/1479 4460/6363/1474
f 4453/6343/1448 4469/6371/1482 4468/6353/1450
f 4462/6364/1475 4461/6368/1479 4445/6341/1473
f 4474/6365/1476 4490/8676/2085 4489/6366/1477
f 4461/6368/1479 4477/6372/1483 4476/6369/1480
f 4485/6370/1481 4484/6389/1500 4468/6353/1450
f 4462/6364/1475 4478/6391/1502 4477/6372/1483
f 4470/6349/1447 4486/6374/1485 4485/6370/1481
f 4479/6373/1484 4478/6391/1502 4462/6364/1475
f 4471/6357/1456 4487/6378/1489 4486/6374/1485
f 4480/6375/1486 4479/6373/1484 4463/6356/1453
f 4457/6376/1487 4473/6367/1478 4472/6377/1488
f 4456/6359/1461 4472/6377/1488 4487/6378/1489
f 4481/6379/1490 4480/6375/1486 4464/6358/1458
f 4458/6360/1464 4474/6365/1476 4473/6367/1478
f 4466/6361/1466 4482/6381/1492 4481/6379/1490
f 4459/6362/1471 4475/6387/1498 4474/6365/1476
f 4467/6355/1452 4483/6354/1451 4482/6381/1492
f 4476/6369/1480 4475/6387/1498 4459/6362/1471
f 4488/6384/1495 4489/6366/1477 4490/8676/2085
f 4490/8676/2085 4491/6386/1497 4492/8677/2086
f 4492/8677/2086 4493/6390/1501 4494/6393/1504
f 4494/6393/1504 4495/8678/2087 4496/6382/1493
f 4496/6382/1493 4497/6395/1506 4498/6385/1496
f 4498/6385/1496 4499/6388/1499 4500/6383/1494
f 4500/6383/1494 4501/6392/1503 4502/8679/2088
f 4502/8679/2088 4503/6394/1505 4488/6384/1495
f 4488/6384/1495 4490/8676/2085 4492/8677/2086
f 4492/8677/2086 4494/6393/1504 4496/6382/1493
f 4496/6382/1493 4498/6385/1496 4500/6383/1494
f 4500/6383/1494 4502/8679/2088 4488/6384/1495
f 4488/6384/1495 4492/8677/2086 4496/6382/1493
f 4498/6385/1496 4497/6395/1506 4481/6379/1490
f 4491/6386/1497 4490/8676/2085 4474/6365/1476
f 4499/6388/1499 4498/6385/1496 4482/6381/1492
f 4476/6369/1480 4492/8677/2086 4491/6386/1497
f 4484/6389/1500 4500/6383/1494 4499/6388/1499
f 4493/6390/1501 4492/8677/2086 4476/6369/1480
f 4485/6370/1481 4501/6392/1503 4500/6383/1494
f 4478/6391/1502 4494/6393/1504 4493/6390/1501
f 4486/6374/1485 4502/8679/2088 4501/6392/1503
f 4479/6373/1484 4495/8678/2087 4494/6393/1504
f 4503/6394/1505 4502/8679/2088 4486/6374/1485
f 4496/6382/1493 4495/8678/2087 4479/6373/1484
f 4473/6367/1478 4489/6366/1477 4488/6384/1495
f 4472/6377/1488 4488/6384/1495 4503/6394/1505
f 4497/6395/1506 4496/6382/1493 4480/6375/1486
f 4578/6396/1507 4672/6399/1510 4607/6397/1508
f 4672/6399/1510 4588/6402/1513 4516/6400/1511
f 4672/6399/1510 4577/6417/1527 4505/6401/1512
f 4507/6403/1514 4577/6417/1527 4672/6399/1510
f 4702/6404/1515 4714/6407/1518 4576/6405/1516
f 4714/6407/1518 4704/6451/1560 4506/6408/1519
f 4709/6409/1520 4523/6422/1531 4582/6410/1521
f 4705/6412/1523 4507/6403/1514 4578/6396/1507
f 4703/6414/1524 4716/6415/1525 4588/6402/1513
f 4716/6415/1525 4713/6485/1593 4516/6400/1511
f 4717/6416/1526 4703/6414/1524 4505/6401/1512
f 4717/6418/1526 4705/8680/1523 4511/6419/1528
f 4603/6421/1530 4673/6423/1532 4582/6410/1521
f 4673/6423/1532 4581/6420/1529 4511/6419/1528
f 4673/6423/1532 4596/6425/1534 4509/6424/1533
f 4603/6421/1530 4524/6448/1557 4596/6425/1534
f 4510/6426/1535 4580/6433/1542 4674/6427/1536
f 4592/6428/1537 4674/6427/1536 4600/6429/1538
f 4674/6427/1536 4583/6679/1774 4527/6431/1540
f 4508/6432/1541 4583/6679/1774 4674/6427/1536
f 4520/6430/1539 4600/6429/1538 4675/6434/1543
f 4593/6435/1544 4675/6434/1543 4601/6436/1545
f 4675/6434/1543 4599/6439/1548 4526/6438/1547
f 4600/6429/1538 4527/6431/1540 4599/6439/1548
f 4521/6437/1546 4601/6436/1545 4676/6440/1549
f 4594/6441/1550 4676/6440/1549 4602/6442/1551
f 4676/6440/1549 4598/6445/1554 4525/6444/1553
f 4601/6436/1545 4526/6438/1547 4598/6445/1554
f 4522/6443/1552 4602/6442/1551 4677/6446/1555
f 4595/6447/1556 4677/6446/1555 4603/6421/1530
f 4677/6446/1555 4597/6449/1558 4524/6448/1557
f 4602/6442/1551 4525/6444/1553 4597/6449/1558
f 4718/6450/1559 4584/6455/1564 4506/6408/1519
f 4506/6408/1519 4584/6455/1564 4678/6452/1561
f 4678/6452/1561 4579/6454/1563 4504/6406/1517
f 4604/6453/1562 4519/6459/1568 4579/6454/1563
f 4584/6455/1564 4512/6457/1566 4604/6453/1562
f 4585/6456/1565 4679/6458/1567 4604/6453/1562
f 4679/6458/1567 4591/6461/1570 4519/6459/1568
f 4605/6460/1569 4518/6465/1574 4591/6461/1570
f 4513/6462/1571 4605/6460/1569 4679/6458/1567
f 4586/6463/1572 4680/6464/1573 4605/6460/1569
f 4680/6464/1573 4590/6467/1576 4518/6465/1574
f 4606/6466/1575 4517/6471/1580 4590/6467/1576
f 4514/6468/1577 4606/6466/1575 4680/6464/1573
f 4587/6469/1578 4681/6470/1579 4606/6466/1575
f 4681/6470/1579 4589/6472/1581 4517/6471/1580
f 4607/6397/1508 4516/6400/1511 4589/6472/1581
f 4515/6398/1509 4607/6397/1508 4681/6470/1579
f 4718/6473/1559 4592/6428/1537 4520/6430/1539
f 4706/6474/1582 4520/6430/1539 4593/6435/1544
f 4719/6475/1583 4593/6435/1544 4521/6437/1546
f 4707/6476/1584 4521/6437/1546 4594/6441/1550
f 4720/6477/1585 4594/6441/1550 4522/6443/1552
f 4708/6478/1586 4522/6443/1552 4595/6447/1556
f 4721/6479/1587 4595/6447/1556 4523/6422/1531
f 4710/6480/1588 4722/6482/1590 4579/6454/1563
f 4711/6481/1589 4723/6484/1592 4591/6461/1570
f 4722/6482/1590 4702/6404/1515 4504/6406/1517
f 4712/6483/1591 4724/6486/1594 4590/6467/1576
f 4723/6484/1592 4710/6480/1588 4519/6459/1568
f 4713/6485/1593 4725/6487/1595 4589/6472/1581
f 4724/6486/1594 4711/6481/1589 4518/6465/1574
f 4725/6487/1595 4712/6483/1591 4517/6471/1580
f 4610/6488/1596 4682/6491/1599 4639/6489/1597
f 4682/6491/1599 4620/6494/1602 4540/6492/1600
f 4682/6491/1599 4609/6509/1616 4529/6493/1601
f 4531/6495/1603 4609/6509/1616 4682/6491/1599
f 4726/6496/1604 4738/6499/1607 4608/6497/1605
f 4738/6499/1607 4728/6543/1649 4530/6500/1608
f 4733/6501/1609 4547/6514/1620 4614/6502/1610
f 4729/6504/1612 4531/6495/1603 4610/6488/1596
f 4727/6506/1613 4740/6507/1614 4620/6494/1602
f 4740/6507/1614 4737/6577/1682 4540/6492/1600
f 4741/6508/1615 4727/6506/1613 4529/6493/1601
f 4741/6510/1615 4729/8681/1612 4535/6511/1617
f 4635/6513/1619 4683/6515/1621 4614/6502/1610
f 4683/6515/1621 4613/6512/1618 4535/6511/1617
f 4683/6515/1621 4628/6517/1623 4533/6516/1622
f 4635/6513/1619 4548/6540/1646 4628/6517/1623
f 4534/6518/1624 4612/6525/1631 4684/6519/1625
f 4624/6520/1626 4684/6519/1625 4632/6521/1627
f 4684/6519/1625 4615/6700/1775 4551/6523/1629
f 4532/6524/1630 4615/6700/1775 4684/6519/1625
f 4544/6522/1628 4632/6521/1627 4685/6526/1632
f 4625/6527/1633 4685/6526/1632 4633/6528/1634
f 4685/6526/1632 4631/6531/1637 4550/6530/1636
f 4632/6521/1627 4551/6523/1629 4631/6531/1637
f 4545/6529/1635 4633/6528/1634 4686/6532/1638
f 4626/6533/1639 4686/6532/1638 4634/6534/1640
f 4686/6532/1638 4630/6537/1643 4549/6536/1642
f 4633/6528/1634 4550/6530/1636 4630/6537/1643
f 4546/6535/1641 4634/6534/1640 4687/6538/1644
f 4627/6539/1645 4687/6538/1644 4635/6513/1619
f 4687/6538/1644 4629/6541/1647 4548/6540/1646
f 4634/6534/1640 4549/6536/1642 4629/6541/1647
f 4742/6542/1648 4616/6547/1653 4530/6500/1608
f 4530/6500/1608 4616/6547/1653 4688/6544/1650
f 4688/6544/1650 4611/6546/1652 4528/6498/1606
f 4636/6545/1651 4543/6551/1657 4611/6546/1652
f 4616/6547/1653 4536/6549/1655 4636/6545/1651
f 4617/6548/1654 4689/6550/1656 4636/6545/1651
f 4689/6550/1656 4623/6553/1659 4543/6551/1657
f 4637/6552/1658 4542/6557/1663 4623/6553/1659
f 4537/6554/1660 4637/6552/1658 4689/6550/1656
f 4618/6555/1661 4690/6556/1662 4637/6552/1658
f 4690/6556/1662 4622/6559/1665 4542/6557/1663
f 4638/6558/1664 4541/6563/1669 4622/6559/1665
f 4538/6560/1666 4638/6558/1664 4690/6556/1662
f 4619/6561/1667 4691/6562/1668 4638/6558/1664
f 4691/6562/1668 4621/6564/1670 4541/6563/1669
f 4639/6489/1597 4540/6492/1600 4621/6564/1670
f 4539/6490/1598 4639/6489/1597 4691/6562/1668
f 4742/6565/1648 4624/6520/1626 4544/6522/1628
f 4730/6566/1671 4544/6522/1628 4625/6527/1633
f 4743/6567/1672 4625/6527/1633 4545/6529/1635
f 4731/6568/1673 4545/6529/1635 4626/6533/1639
f 4744/6569/1674 4626/6533/1639 4546/6535/1641
f 4732/6570/1675 4546/6535/1641 4627/6539/1645
f 4745/6571/1676 4627/6539/1645 4547/6514/1620
f 4734/6572/1677 4746/6574/1679 4611/6546/1652
f 4735/6573/1678 4747/6576/1681 4623/6553/1659
f 4746/6574/1679 4726/6496/1604 4528/6498/1606
f 4736/6575/1680 4748/6578/1683 4622/6559/1665
f 4747/6576/1681 4734/6572/1677 4543/6551/1657
f 4737/6577/1682 4749/6579/1684 4621/6564/1670
f 4748/6578/1683 4735/6573/1678 4542/6557/1663
f 4749/6579/1684 4736/6575/1680 4541/6563/1669
f 4642/6580/1685 4692/6583/1688 4671/6581/1686
f 4692/6583/1688 4652/6586/1691 4564/6584/1689
f 4692/6583/1688 4641/6601/1705 4553/6585/1690
f 4555/6587/1692 4641/6601/1705 4692/6583/1688
f 4750/6588/1693 4762/6591/1696 4640/6589/1694
f 4762/6591/1696 4752/6635/1738 4554/6592/1697
f 4757/6593/1698 4571/6606/1709 4646/6594/1699
f 4753/6596/1701 4555/6587/1692 4642/6580/1685
f 4751/6598/1702 4764/6599/1703 4652/6586/1691
f 4764/6599/1703 4761/6669/1771 4564/6584/1689
f 4765/6600/1704 4751/6598/1702 4553/6585/1690
f 4765/6602/1704 4753/8682/1701 4559/6603/1706
f 4667/6605/1708 4693/6607/1710 4646/6594/1699
f 4693/6607/1710 4645/6604/1707 4559/6603/1706
f 4693/6607/1710 4660/6609/1712 4557/6608/1711
f 4667/6605/1708 4572/6632/1735 4660/6609/1712
f 4558/6610/1713 4644/6617/1720 4694/6611/1714
f 4656/6612/1715 4694/6611/1714 4664/6613/1716
f 4694/6611/1714 4647/6721/1776 4575/6615/1718
f 4556/6616/1719 4647/6721/1776 4694/6611/1714
f 4568/6614/1717 4664/6613/1716 4695/6618/1721
f 4657/6619/1722 4695/6618/1721 4665/6620/1723
f 4695/6618/1721 4663/6623/1726 4574/6622/1725
f 4664/6613/1716 4575/6615/1718 4663/6623/1726
f 4569/6621/1724 4665/6620/1723 4696/6624/1727
f 4658/6625/1728 4696/6624/1727 4666/6626/1729
f 4696/6624/1727 4662/6629/1732 4573/6628/1731
f 4665/6620/1723 4574/6622/1725 4662/6629/1732
f 4570/6627/1730 4666/6626/1729 4697/6630/1733
f 4659/6631/1734 4697/6630/1733 4667/6605/1708
f 4697/6630/1733 4661/6633/1736 4572/6632/1735
f 4666/6626/1729 4573/6628/1731 4661/6633/1736
f 4766/6634/1737 4648/6639/1742 4554/6592/1697
f 4554/6592/1697 4648/6639/1742 4698/6636/1739
f 4698/6636/1739 4643/6638/1741 4552/6590/1695
f 4668/6637/1740 4567/6643/1746 4643/6638/1741
f 4648/6639/1742 4560/6641/1744 4668/6637/1740
f 4649/6640/1743 4699/6642/1745 4668/6637/1740
f 4699/6642/1745 4655/6645/1748 4567/6643/1746
f 4669/6644/1747 4566/6649/1752 4655/6645/1748
f 4561/6646/1749 4669/6644/1747 4699/6642/1745
f 4650/6647/1750 4700/6648/1751 4669/6644/1747
f 4700/6648/1751 4654/6651/1754 4566/6649/1752
f 4670/6650/1753 4565/6655/1758 4654/6651/1754
f 4562/6652/1755 4670/6650/1753 4700/6648/1751
f 4651/6653/1756 4701/6654/1757 4670/6650/1753
f 4701/6654/1757 4653/6656/1759 4565/6655/1758
f 4671/6581/1686 4564/6584/1689 4653/6656/1759
f 4563/6582/1687 4671/6581/1686 4701/6654/1757
f 4766/6657/1737 4656/6612/1715 4568/6614/1717
f 4754/6658/1760 4568/6614/1717 4657/6619/1722
f 4767/6659/1761 4657/6619/1722 4569/6621/1724
f 4755/6660/1762 4569/6621/1724 4658/6625/1728
f 4768/6661/1763 4658/6625/1728 4570/6627/1730
f 4756/6662/1764 4570/6627/1730 4659/6631/1734
f 4769/6663/1765 4659/6631/1734 4571/6606/1709
f 4758/6664/1766 4770/6666/1768 4643/6638/1741
f 4759/6665/1767 4771/6668/1770 4655/6645/1748
f 4770/6666/1768 4750/6588/1693 4552/6590/1695
f 4760/6667/1769 4772/6670/1772 4654/6651/1754
f 4771/6668/1770 4758/6664/1766 4567/6643/1746
f 4761/6669/1771 4773/6671/1773 4653/6656/1759
f 4772/6670/1772 4759/6665/1767 4566/6649/1752
f 4773/6671/1773 4760/6667/1769 4565/6655/1758
f 4597/6449/1558 4525/6444/1553 4712/6672/1591
f 4598/6445/1554 4526/6438/1547 4711/6674/1589
f 4524/6448/1557 4597/6449/1558 4725/6673/1595
f 4599/6439/1548 4527/6431/1540 4710/6677/1588
f 4525/6444/1553 4598/6445/1554 4724/6675/1594
f 4583/6679/1774 4508/6432/1541 4702/6680/1515
f 4526/6438/1547 4599/6439/1548 4723/6678/1592
f 4527/6431/1540 4583/6679/1774 4722/6681/1590
f 4587/6469/1578 4721/6683/1587 4709/6682/1520
f 4514/6468/1577 4708/6684/1586 4721/6683/1587
f 4586/6463/1572 4720/6685/1585 4708/6684/1586
f 4513/6462/1571 4707/6686/1584 4720/6685/1585
f 4585/6456/1565 4719/6687/1583 4707/6686/1584
f 4512/6457/1566 4706/6688/1582 4719/6687/1583
f 4584/6455/1564 4718/6450/1559 4706/6688/1582
f 4592/6428/1537 4718/6473/1559 4704/6689/1560
f 4507/6403/1514 4705/6412/1523 4717/6416/1526
f 4581/6420/1529 4509/6424/1533 4703/6690/1524
f 4596/6425/1534 4524/6448/1557 4713/6676/1593
f 4509/6424/1533 4596/6425/1534 4716/6691/1525
f 4511/6419/1528 4705/8680/1523 4715/6411/1522
f 4515/6398/1509 4709/6682/1520 4715/6413/1522
f 4510/6426/1535 4704/6689/1560 4714/6692/1518
f 4508/6432/1541 4580/6433/1542 4714/6692/1518
f 4629/6541/1647 4549/6536/1642 4736/6693/1680
f 4630/6537/1643 4550/6530/1636 4735/6695/1678
f 4548/6540/1646 4629/6541/1647 4749/6694/1684
f 4631/6531/1637 4551/6523/1629 4734/6698/1677
f 4549/6536/1642 4630/6537/1643 4748/6696/1683
f 4615/6700/1775 4532/6524/1630 4726/6701/1604
f 4550/6530/1636 4631/6531/1637 4747/6699/1681
f 4551/6523/1629 4615/6700/1775 4746/6702/1679
f 4619/6561/1667 4745/6704/1676 4733/6703/1609
f 4538/6560/1666 4732/6705/1675 4745/6704/1676
f 4618/6555/1661 4744/6706/1674 4732/6705/1675
f 4537/6554/1660 4731/6707/1673 4744/6706/1674
f 4617/6548/1654 4743/6708/1672 4731/6707/1673
f 4536/6549/1655 4730/6709/1671 4743/6708/1672
f 4616/6547/1653 4742/6542/1648 4730/6709/1671
f 4624/6520/1626 4742/6565/1648 4728/6710/1649
f 4531/6495/1603 4729/6504/1612 4741/6508/1615
f 4613/6512/1618 4533/6516/1622 4727/6711/1613
f 4628/6517/1623 4548/6540/1646 4737/6697/1682
f 4533/6516/1622 4628/6517/1623 4740/6712/1614
f 4535/6511/1617 4729/8681/1612 4739/6503/1611
f 4539/6490/1598 4733/6703/1609 4739/6505/1611
f 4534/6518/1624 4728/6710/1649 4738/6713/1607
f 4532/6524/1630 4612/6525/1631 4738/6713/1607
f 4661/6633/1736 4573/6628/1731 4760/6714/1769
f 4662/6629/1732 4574/6622/1725 4759/6716/1767
f 4572/6632/1735 4661/6633/1736 4773/6715/1773
f 4663/6623/1726 4575/6615/1718 4758/6719/1766
f 4573/6628/1731 4662/6629/1732 4772/6717/1772
f 4647/6721/1776 4556/6616/1719 4750/6722/1693
f 4574/6622/1725 4663/6623/1726 4771/6720/1770
f 4575/6615/1718 4647/6721/1776 4770/6723/1768
f 4651/6653/1756 4769/6725/1765 4757/6724/1698
f 4562/6652/1755 4756/6726/1764 4769/6725/1765
f 4650/6647/1750 4768/6727/1763 4756/6726/1764
f 4561/6646/1749 4755/6728/1762 4768/6727/1763
f 4649/6640/1743 4767/6729/1761 4755/6728/1762
f 4560/6641/1744 4754/6730/1760 4767/6729/1761
f 4648/6639/1742 4766/6634/1737 4754/6730/1760
f 4656/6612/1715 4766/6657/1737 4752/6731/1738
f 4555/6587/1692 4753/6596/1701 4765/6600/1704
f 4645/6604/1707 4557/6608/1711 4751/6732/1702
f 4660/6609/1712 4572/6632/1735 4761/6718/1771
f 4557/6608/1711 4660/6609/1712 4764/6733/1703
f 4559/6603/1706 4753/8682/1701 4763/6595/1700
f 4563/6582/1687 4757/6724/1698 4763/6597/1700
f 4558/6610/1713 4752/6731/1738 4762/6734/1696
f 4556/6616/1719 4644/6617/1720 4762/6734/1696
f 4798/6735/1777 4795/6772/1814 4777/6736/1778
f 4792/6738/1780 4798/6735/1777 4776/6737/1779
f 4781/6740/1782 4780/6751/1793 4810/6741/1783
f 4784/6743/1785 4782/6749/1791 4816/6744/1786
f 4801/6746/1788 4792/6738/1780 4774/6739/1781
f 4779/6747/1789 4781/6740/1782 4807/6742/1784
f 4789/6748/1790 4816/6744/1786 4782/6749/1791
f 4780/6751/1793 4778/6756/1798 4804/6752/1794
f 4783/6753/1795 4784/6743/1785 4819/6745/1787
f 4822/6755/1797 4804/6752/1794 4778/6756/1798
f 4813/6754/1796 4825/6761/1803 4785/6758/1800
f 4786/6757/1799 4787/6760/1802 4828/6759/1801
f 4787/6760/1802 4785/6758/1800 4825/6761/1803
f 4803/6777/1819 4821/6785/1827 4827/6787/1829
f 4827/6787/1829 4824/6790/1832 4812/6762/1804
f 4812/6762/1804 4818/6780/1822 4815/6783/1825
f 4815/6783/1825 4788/6770/1812 4794/6763/1805
f 4794/6763/1805 4797/6765/1807 4791/6767/1809
f 4791/6767/1809 4800/6779/1821 4806/6764/1806
f 4806/6764/1806 4809/6775/1817 4803/6777/1819
f 4803/6777/1819 4827/6787/1829 4812/6762/1804
f 4812/6762/1804 4815/6783/1825 4794/6763/1805
f 4794/6763/1805 4791/6767/1809 4806/6764/1806
f 4806/6764/1806 4803/6777/1819 4812/6762/1804
f 4797/6765/1807 4799/6768/1810 4793/6766/1808
f 4799/6768/1810 4798/6735/1777 4792/6738/1780
f 4794/6763/1805 4796/6769/1811 4799/6768/1810
f 4796/6769/1811 4795/6772/1814 4798/6735/1777
f 4788/6770/1812 4790/6771/1813 4796/6769/1811
f 4790/6771/1813 4789/6748/1790 4795/6772/1814
f 4806/6764/1806 4800/6779/1821 4802/6773/1815
f 4808/6774/1816 4802/6773/1815 4801/6746/1788
f 4809/6775/1817 4806/6764/1806 4808/6774/1816
f 4811/6776/1818 4808/6774/1816 4807/6742/1784
f 4803/6777/1819 4809/6775/1817 4811/6776/1818
f 4805/6778/1820 4811/6776/1818 4810/6741/1783
f 4800/6779/1821 4791/6767/1809 4793/6766/1808
f 4793/6766/1808 4792/6738/1780 4801/6746/1788
f 4818/6780/1822 4812/6762/1804 4814/6781/1823
f 4820/6782/1824 4814/6781/1823 4813/6754/1796
f 4815/6783/1825 4818/6780/1822 4820/6782/1824
f 4817/6784/1826 4820/6782/1824 4819/6745/1787
f 4821/6785/1827 4823/6788/1830 4829/6786/1828
f 4823/6788/1830 4822/6755/1797 4828/6759/1801
f 4827/6787/1829 4829/6786/1828 4826/6789/1831
f 4829/6786/1828 4828/6759/1801 4825/6761/1803
f 4815/6783/1825 4817/6784/1826 4790/6771/1813
f 4790/6771/1813 4817/6784/1826 4816/6744/1786
f 4824/6790/1832 4826/6789/1831 4814/6781/1823
f 4826/6789/1831 4825/6761/1803 4813/6754/1796
f 4822/6755/1797 4823/6788/1830 4805/6778/1820
f 4805/6778/1820 4823/6788/1830 4821/6785/1827
f 4795/6772/1814 4789/6748/1790 4775/6750/1792
f 4830/6791/158 4834/6810/158 4844/6792/158
f 4846/6794/16 4835/6801/16 4832/6795/16
f 4838/6797/18 4842/6816/18 4847/6798/18
f 4843/6800/16 4833/8683/16 4835/6801/16
f 4847/6798/18 4840/6819/18 4836/6802/18
f 4831/6803/1833 4833/6809/1833 4843/6804/1
f 4834/6806/1834 4830/8684/2089 4832/6807/1835
f 4831/6803/1833 4834/6806/1834 4835/6808/1834
f 4834/6810/158 4831/8685/158 4839/6811/158
f 4832/6807/1835 4830/8684/2089 4837/6812/14
f 4839/6805/1836 4843/6804/1018 4842/6814/1019
f 4842/6816/1019 4843/6800/1018 4846/6794/1020
f 4841/6813/1013 4837/6812/1021 4836/6817/1014
f 4844/6792/1016 4839/6811/1836 4838/6797/1017
f 4846/6794/1020 4841/6796/1013 4840/6819/1015
f 4854/6820/1014 4855/6824/1021 4862/6821/1016
f 4848/6823/158 4852/6840/158 4862/6821/158
f 4864/6825/16 4853/6831/16 4850/6826/16
f 4860/6828/18 4865/6832/18 4863/6822/18
f 4861/6830/16 4851/8686/16 4853/6831/16
f 4865/6832/18 4858/6848/18 4854/6820/18
f 4849/6833/1833 4851/6839/1833 4861/6834/1
f 4852/6836/1834 4848/8687/2089 4850/6837/1835
f 4849/6833/1833 4852/6836/1834 4853/6838/1834
f 4852/6840/158 4849/8688/158 4857/6841/158
f 4850/6837/1835 4848/8687/2089 4855/6842/14
f 4857/6835/1836 4861/6834/1018 4860/6844/1019
f 4860/6828/1019 4861/6830/1018 4864/6825/1020
f 4858/6846/1015 4859/6843/1013 4855/6842/1021
f 4862/6821/1016 4857/6841/1836 4856/6829/1017
f 4864/6825/1020 4859/6827/1013 4858/6848/1015
f 4866/6849/158 4867/8689/158 4869/6850/158
f 4869/6850/1837 4873/6854/1837 4872/6852/1837
f 4873/6854/16 4871/6857/16 4870/6855/16
f 4871/6857/1838 4867/8689/1838 4866/6858/1838
f 4872/6860/1839 4870/8690/1839 4866/6861/1839
f 4869/6850/1840 4867/8689/1840 4871/6857/1840
f 4874/6865/1841 4875/8691/1841 4876/8692/1841
f 4876/8692/1841 4877/8693/1841 4878/6863/1841
f 4878/6863/1841 4879/8694/1841 4880/6864/1841
f 4880/6864/1841 4881/8695/1841 4874/6865/1841
f 4874/6865/1841 4876/8692/1841 4878/6863/1841
f 4884/6868/1842 4883/8696/1842 4882/8697/1842
f 4882/8697/1842 4889/8698/1842 4888/6866/1842
f 4888/6866/1842 4887/8699/1842 4886/6867/1842
f 4886/6867/1842 4885/8700/1842 4884/6868/1842
f 4884/6868/1842 4882/8697/1842 4888/6866/1842
f 4884/6869/158 4885/6881/1843 4877/6870/1843
f 4882/6872/1844 4883/8701/1845 4875/6873/1845
f 4881/6875/1846 4889/8702/1846 4882/6876/1844
f 4887/6878/1847 4888/6883/16 4880/6879/16
f 4885/6881/1843 4886/8703/1848 4878/6882/1848
f 4875/6873/1845 4883/8701/1845 4884/6869/158
f 4888/6883/16 4889/8702/1846 4881/6875/1846
f 4878/6882/1848 4886/8703/1848 4887/6878/1847
f 4890/6886/1841 4891/8704/1841 4892/8705/1841
f 4892/8705/1841 4893/8706/1841 4894/6884/1841
f 4894/6884/1841 4895/8707/1841 4896/6885/1841
f 4896/6885/1841 4897/8708/1841 4890/6886/1841
f 4890/6886/1841 4892/8705/1841 4894/6884/1841
f 4900/6889/1842 4899/8709/1842 4898/8710/1842
f 4898/8710/1842 4905/8711/1842 4904/6887/1842
f 4904/6887/1842 4903/8712/1842 4902/6888/1842
f 4902/6888/1842 4901/8713/1842 4900/6889/1842
f 4900/6889/1842 4898/8710/1842 4904/6887/1842
f 4900/6890/158 4901/6902/1843 4893/6891/1843
f 4898/6893/1844 4899/8714/1845 4891/6894/1845
f 4897/6896/1846 4905/6904/1846 4898/6897/1844
f 4903/6899/1847 4904/8715/16 4896/6900/16
f 4901/6902/1843 4902/8716/1848 4894/6903/1848
f 4891/6894/1845 4899/8714/1845 4900/6890/158
f 4896/6900/16 4904/8715/16 4905/6904/1846
f 4894/6903/1848 4902/8716/1848 4903/6899/1847
f 4906/6907/1841 4907/8717/1841 4908/8718/1841
f 4908/8718/1841 4909/8719/1841 4910/6905/1841
f 4910/6905/1841 4911/8720/1841 4912/6906/1841
f 4912/6906/1841 4913/8721/1841 4906/6907/1841
f 4906/6907/1841 4908/8718/1841 4910/6905/1841
f 4916/6910/1842 4915/8722/1842 4914/8723/1842
f 4914/8723/1842 4921/8724/1842 4920/6908/1842
f 4920/6908/1842 4919/8725/1842 4918/6909/1842
f 4918/6909/1842 4917/8726/1842 4916/6910/1842
f 4916/6910/1842 4914/8723/1842 4920/6908/1842
f 4908/6911/158 4916/8727/158 4917/6912/1843
f 4914/6914/1844 4915/6924/1845 4907/6915/1845
f 4921/6917/1846 4914/8728/1844 4906/6918/1844
f 4919/6920/1847 4920/8729/16 4912/6921/16
f 4917/6912/1843 4918/6925/1848 4910/6923/1848
f 4915/6924/1845 4916/8727/158 4908/6911/158
f 4912/6921/16 4920/8729/16 4921/6917/1846
f 4918/6925/1848 4919/6920/1847 4911/6922/1847
f 4922/6928/1841 4923/8730/1841 4924/8731/1841
f 4924/8731/1841 4925/8732/1841 4926/6926/1841
f 4926/6926/1841 4927/8733/1841 4928/6927/1841
f 4928/6927/1841 4929/8734/1841 4922/6928/1841
f 4922/6928/1841 4924/8731/1841 4926/6926/1841
f 4932/6931/1842 4931/8735/1842 4930/8736/1842
f 4930/8736/1842 4937/8737/1842 4936/6929/1842
f 4936/6929/1842 4935/8738/1842 4934/6930/1842
f 4934/6930/1842 4933/8739/1842 4932/6931/1842
f 4932/6931/1842 4930/8736/1842 4936/6929/1842
f 4932/6932/158 4933/8740/1843 4925/6933/1843
f 4922/6935/1844 4930/8741/1844 4931/6936/1845
f 4937/6938/1846 4930/8742/1844 4922/6939/1844
f 4935/6941/1847 4936/8743/16 4928/6942/16
f 4925/6933/1843 4933/8740/1843 4934/6944/1848
f 4931/6936/1845 4932/6932/158 4924/6934/158
f 4928/6942/16 4936/8743/16 4937/6938/1846
f 4926/6945/1848 4934/6944/1848 4935/6941/1847
f 4938/6948/1841 4939/8744/1841 4940/8745/1841
f 4940/8745/1841 4941/8746/1841 4942/6946/1841
f 4942/6946/1841 4943/8747/1841 4944/6947/1841
f 4944/6947/1841 4945/8748/1841 4938/6948/1841
f 4938/6948/1841 4940/8745/1841 4942/6946/1841
f 4948/6951/1842 4947/8749/1842 4946/8750/1842
f 4946/8750/1842 4953/8751/1842 4952/6949/1842
f 4952/6949/1842 4951/8752/1842 4950/6950/1842
f 4950/6950/1842 4949/8753/1842 4948/6951/1842
f 4948/6951/1842 4946/8750/1842 4952/6949/1842
f 4940/6952/158 4948/8754/158 4949/6953/1843
f 4946/6955/1844 4947/6965/1845 4939/6956/1845
f 4953/6958/1846 4946/8755/1844 4938/6959/1844
f 4943/6961/1847 4951/6966/1847 4952/6962/16
f 4949/6953/1843 4950/8756/1848 4942/6964/1848
f 4947/6965/1845 4948/8754/158 4940/6952/158
f 4944/6963/16 4952/6962/16 4953/6958/1846
f 4942/6964/1848 4950/8756/1848 4951/6966/1847
f 4954/6969/1841 4955/8757/1841 4956/8758/1841
f 4956/8758/1841 4957/8759/1841 4958/6967/1841
f 4958/6967/1841 4959/8760/1841 4960/6968/1841
f 4960/6968/1841 4961/8761/1841 4954/6969/1841
f 4954/6969/1841 4956/8758/1841 4958/6967/1841
f 4964/6972/1842 4963/8762/1842 4962/8763/1842
f 4962/8763/1842 4969/8764/1842 4968/6970/1842
f 4968/6970/1842 4967/8765/1842 4966/6971/1842
f 4966/6971/1842 4965/8766/1842 4964/6972/1842
f 4964/6972/1842 4962/8763/1842 4968/6970/1842
f 4956/6973/158 4964/8767/158 4965/6974/1843
f 4954/6976/1844 4962/8768/1844 4963/6977/1845
f 4961/6979/1846 4969/6986/1846 4962/6980/1844
f 4967/6982/1847 4968/8769/16 4960/6983/16
f 4965/6974/1843 4966/8770/1848 4958/6985/1848
f 4963/6977/1845 4964/8767/158 4956/6973/158
f 4960/6983/16 4968/8769/16 4969/6986/1846
f 4958/6985/1848 4966/8770/1848 4967/6982/1847
f 4779/8771/18 4774/8772/18 4776/8773/18
f 4776/8773/18 4777/8774/18 4775/6987/18
f 4775/6987/18 4782/8775/18 4784/8776/18
f 4784/8776/18 4783/8777/18 4785/6988/18
f 4785/6988/18 4787/8778/18 4786/8779/18
f 4786/8779/18 4778/8780/18 4780/6989/18
f 4780/6989/18 4781/8781/18 4779/8771/18
f 4779/8771/18 4776/8773/18 4775/6987/18
f 4775/6987/18 4784/8776/18 4785/6988/18
f 4785/6988/18 4786/8779/18 4780/6989/18
f 4780/6989/18 4779/8771/18 4775/6987/18
f 4836/6802/1014 4837/6793/1021 4844/6792/1016
f 4973/6990/1793 4991/7026/1783 4994/6991/1784
f 4972/6992/1782 4994/6991/1784 4988/6993/1788
f 5006/6995/1814 4976/7007/1778 4977/6996/1779
f 5012/6998/1797 4978/7003/1799 4980/6999/1802
f 4970/6994/1789 4988/6993/1788 4997/7001/1780
f 5003/6997/1777 4977/6996/1779 4975/7002/1781
f 4978/7003/1799 5012/6998/1797 4985/7004/1794
f 5000/7006/1790 4974/7010/1792 4976/7007/1778
f 5015/7000/1849 4980/6999/1802 4979/7008/1800
f 4974/7010/1792 5000/7006/1790 5018/7011/1786
f 4981/7013/1795 5021/7015/1796 5009/7009/1803
f 5024/7014/1850 4983/7016/1785 4982/7012/1791
f 5021/7015/1796 4981/7013/1795 4983/7016/1785
f 5023/7042/1854 5017/7041/1825 4999/7033/1812
f 4999/7033/1812 5005/7031/1805 5002/7017/1807
f 5002/7017/1807 4996/7029/1809 4987/7022/1821
f 4987/7022/1821 4993/7021/1806 4990/7018/1817
f 4990/7018/1817 4984/7025/1819 5011/7038/1827
f 5011/7038/1827 5014/7035/1853 5008/7019/1832
f 5008/7019/1832 5020/7045/1804 5023/7042/1854
f 5023/7042/1854 4999/7033/1812 5002/7017/1807
f 5002/7017/1807 4987/7022/1821 4990/7018/1817
f 4990/7018/1817 5011/7038/1827 5008/7019/1832
f 5008/7019/1832 5023/7042/1854 5002/7017/1807
f 4989/7020/1851 4995/7023/1816 4993/7021/1806
f 4988/6993/1788 4994/6991/1784 4995/7023/1816
f 4995/7023/1816 4992/7024/1818 4990/7018/1817
f 4994/6991/1784 4991/7026/1783 4992/7024/1818
f 4992/7024/1818 4986/7027/1820 4984/7025/1819
f 4991/7026/1783 4985/7004/1794 4986/7027/1820
f 5002/7017/1807 5004/7030/1810 4998/7028/1852
f 5004/7030/1810 5003/6997/1777 4997/7001/1780
f 5005/7031/1805 5007/7032/1811 5004/7030/1810
f 5007/7032/1811 5006/6995/1814 5003/6997/1777
f 4999/7033/1812 5001/7034/1813 5007/7032/1811
f 5001/7034/1813 5000/7006/1790 5006/6995/1814
f 4996/7029/1809 4998/7028/1852 4989/7020/1851
f 4997/7001/1780 4988/6993/1788 4989/7020/1851
f 5014/7035/1853 5016/7037/1828 5010/7036/1831
f 5016/7037/1828 5015/7000/1849 5009/7009/1803
f 5011/7038/1827 5013/7039/1830 5016/7037/1828
f 5013/7039/1830 5012/6998/1797 5015/7000/1849
f 5025/7040/1824 5019/7043/1826 5017/7041/1825
f 5024/7014/1850 5018/7011/1786 5019/7043/1826
f 5022/7044/1823 5025/7040/1824 5023/7042/1854
f 5021/7015/1796 5024/7014/1850 5025/7040/1824
f 4986/7027/1820 5013/7039/1830 5011/7038/1827
f 4986/7027/1820 4985/7004/1794 5012/6998/1797
f 5010/7036/1831 5022/7044/1823 5020/7045/1804
f 5010/7036/1831 5009/7009/1803 5021/7015/1796
f 5001/7034/1813 5019/7043/1826 5018/7011/1786
f 5001/7034/1813 4999/7033/1812 5017/7041/1825
f 4971/7005/1798 4985/7004/1794 4991/7026/1783
f 5040/7046/16 5030/7067/16 5026/7047/16
f 5042/7049/158 5037/8782/158 5028/7050/158
f 5034/7052/18 5041/7058/18 5043/7053/18
f 5039/7055/158 5042/7049/158 5031/7051/158
f 5032/7057/18 5036/7074/18 5043/7053/18
f 5039/7059/1 5029/7065/1833 5027/7060/1833
f 5028/7062/1835 5026/8783/2089 5030/7063/1834
f 5031/7064/1834 5030/7063/1834 5027/7060/1833
f 5035/7066/16 5027/8784/16 5030/7067/16
f 5033/7068/14 5026/8783/2089 5028/7062/1835
f 5038/7070/1017 5039/7059/1836 5035/7061/1018
f 5038/7054/1017 5043/7053/1016 5042/7049/1016
f 5032/7072/1015 5033/7068/1013 5037/7069/1021
f 5034/7052/1019 5035/7066/1018 5040/7046/1020
f 5036/7074/1014 5037/8782/1021 5042/7049/1016
f 5050/7075/1015 5059/7082/1020 5058/7076/1020
f 5058/7076/16 5048/7096/16 5044/7078/16
f 5060/7079/158 5055/8785/158 5046/7080/158
f 5059/7082/18 5061/7087/18 5056/7083/18
f 5057/7085/158 5060/7079/158 5049/7081/158
f 5050/7075/18 5054/7103/18 5061/7087/18
f 5057/7088/1 5047/7094/1833 5045/7089/1833
f 5046/7091/1835 5044/8786/2089 5048/7092/1834
f 5049/7093/1834 5048/7092/1834 5045/7089/1833
f 5053/7095/16 5045/8787/16 5048/7096/16
f 5051/7097/14 5044/8786/2089 5046/7091/1835
f 5056/7099/1017 5057/7088/1836 5053/7090/1018
f 5056/7083/1017 5061/7087/1016 5060/7079/1016
f 5050/7101/1015 5051/7097/1013 5055/7098/1021
f 5052/7084/1019 5053/7095/1018 5058/7076/1020
f 5054/7103/1014 5055/8785/1021 5060/7079/1016
f 5062/7104/16 5064/8788/16 5065/7105/16
f 5068/7107/1837 5069/7110/1837 5065/7105/1837
f 5066/7109/158 5067/7113/158 5069/7110/158
f 5062/7112/1838 5063/7106/1838 5067/7113/1838
f 5062/7115/1839 5066/8789/1839 5068/7116/1839
f 5067/7113/1840 5063/7106/1840 5065/7105/1840
f 5072/7120/1841 5071/8790/1841 5070/8791/1841
f 5070/8791/1841 5077/8792/1841 5076/7118/1841
f 5076/7118/1841 5075/8793/1841 5074/7119/1841
f 5074/7119/1841 5073/8794/1841 5072/7120/1841
f 5072/7120/1841 5070/8791/1841 5076/7118/1841
f 5078/7123/1842 5079/8795/1842 5080/8796/1842
f 5080/8796/1842 5081/8797/1842 5082/7121/1842
f 5082/7121/1842 5083/8798/1842 5084/7122/1842
f 5084/7122/1842 5085/8799/1842 5078/7123/1842
f 5078/7123/1842 5080/8796/1842 5082/7121/1842
f 5073/7124/1847 5081/7137/1847 5080/7125/16
f 5071/7127/1846 5079/7138/1846 5078/7128/1844
f 5077/7130/1845 5070/8800/1844 5078/7131/1844
f 5076/7133/158 5084/7139/158 5083/7134/1843
f 5073/7124/1847 5074/7140/1848 5082/7136/1848
f 5071/7127/1846 5072/7126/16 5080/7125/16
f 5077/7130/1845 5085/7132/1845 5084/7139/158
f 5074/7140/1848 5075/7135/1843 5083/7134/1843
f 5088/7143/1841 5087/8801/1841 5086/8802/1841
f 5086/8802/1841 5093/8803/1841 5092/7141/1841
f 5092/7141/1841 5091/8804/1841 5090/7142/1841
f 5090/7142/1841 5089/8805/1841 5088/7143/1841
f 5088/7143/1841 5086/8802/1841 5092/7141/1841
f 5094/7146/1842 5095/8806/1842 5096/8807/1842
f 5096/8807/1842 5097/8808/1842 5098/7144/1842
f 5098/7144/1842 5099/8809/1842 5100/7145/1842
f 5100/7145/1842 5101/8810/1842 5094/7146/1842
f 5094/7146/1842 5096/8807/1842 5098/7144/1842
f 5089/7147/1847 5097/7160/1847 5096/7148/16
f 5087/7150/1846 5095/7161/1846 5094/7151/1844
f 5093/7153/1845 5086/8811/1844 5094/7154/1844
f 5092/7156/158 5100/7162/158 5099/7157/1843
f 5090/7159/1848 5098/7163/1848 5097/7160/1847
f 5088/7149/16 5096/7148/16 5095/7161/1846
f 5092/7156/158 5093/7153/1845 5101/7155/1845
f 5090/7159/1848 5091/7158/1843 5099/7157/1843
f 5104/7166/1841 5103/8812/1841 5102/8813/1841
f 5102/8813/1841 5109/8814/1841 5108/7164/1841
f 5108/7164/1841 5107/8815/1841 5106/7165/1841
f 5106/7165/1841 5105/8816/1841 5104/7166/1841
f 5104/7166/1841 5102/8813/1841 5108/7164/1841
f 5110/7169/1842 5111/8817/1842 5112/8818/1842
f 5112/8818/1842 5113/8819/1842 5114/7167/1842
f 5114/7167/1842 5115/8820/1842 5116/7168/1842
f 5116/7168/1842 5117/8821/1842 5110/7169/1842
f 5110/7169/1842 5112/8818/1842 5114/7167/1842
f 5105/7170/1847 5113/7183/1847 5112/7171/16
f 5103/7173/1846 5111/7184/1846 5110/7174/1844
f 5102/7176/1844 5110/8822/1844 5117/7177/1845
f 5108/7179/158 5116/7185/158 5115/7180/1843
f 5106/7182/1848 5114/7186/1848 5113/7183/1847
f 5104/7172/16 5112/7171/16 5111/7184/1846
f 5108/7179/158 5109/7178/1845 5117/7177/1845
f 5107/7181/1843 5115/7180/1843 5114/7186/1848
f 5120/7189/1841 5119/8823/1841 5118/8824/1841
f 5118/8824/1841 5125/8825/1841 5124/7187/1841
f 5124/7187/1841 5123/8826/1841 5122/7188/1841
f 5122/7188/1841 5121/8827/1841 5120/7189/1841
f 5120/7189/1841 5118/8824/1841 5124/7187/1841
f 5126/7192/1842 5127/8828/1842 5128/8829/1842
f 5128/8829/1842 5129/8830/1842 5130/7190/1842
f 5130/7190/1842 5131/8831/1842 5132/7191/1842
f 5132/7191/1842 5133/8832/1842 5126/7192/1842
f 5126/7192/1842 5128/8829/1842 5130/7190/1842
f 5120/7193/16 5121/7205/1847 5129/7194/1847
f 5118/7196/1844 5119/7207/1846 5127/7197/1846
f 5118/7199/1844 5126/8833/1844 5133/7200/1845
f 5124/7202/158 5132/7208/158 5131/7203/1843
f 5121/7205/1847 5122/7209/1848 5130/7206/1848
f 5120/7193/16 5128/7195/16 5127/7197/1846
f 5124/7202/158 5125/7201/1845 5133/7200/1845
f 5122/7209/1848 5123/7204/1843 5131/7203/1843
f 5136/7212/1841 5135/8834/1841 5134/8835/1841
f 5134/8835/1841 5141/8836/1841 5140/7210/1841
f 5140/7210/1841 5139/8837/1841 5138/7211/1841
f 5138/7211/1841 5137/8838/1841 5136/7212/1841
f 5136/7212/1841 5134/8835/1841 5140/7210/1841
f 5142/7215/1842 5143/8839/1842 5144/8840/1842
f 5144/8840/1842 5145/8841/1842 5146/7213/1842
f 5146/7213/1842 5147/8842/1842 5148/7214/1842
f 5148/7214/1842 5149/8843/1842 5142/7215/1842
f 5142/7215/1842 5144/8840/1842 5146/7213/1842
f 5136/7216/16 5137/7229/1847 5145/7217/1847
f 5134/7219/1844 5135/7230/1846 5143/7220/1846
f 5141/7222/1845 5134/8844/1844 5142/7223/1844
f 5140/7225/158 5148/7231/158 5147/7226/1843
f 5138/7228/1848 5146/7232/1848 5145/7217/1847
f 5136/7216/16 5144/7218/16 5143/7220/1846
f 5140/7225/158 5141/7222/1845 5149/7224/1845
f 5138/7228/1848 5139/7227/1843 5147/7226/1843
f 5152/7235/1841 5151/8845/1841 5150/8846/1841
f 5150/8846/1841 5157/8847/1841 5156/7233/1841
f 5156/7233/1841 5155/8848/1841 5154/7234/1841
f 5154/7234/1841 5153/8849/1841 5152/7235/1841
f 5152/7235/1841 5150/8846/1841 5156/7233/1841
f 5158/7238/1842 5159/8850/1842 5160/8851/1842
f 5160/8851/1842 5161/8852/1842 5162/7236/1842
f 5162/7236/1842 5163/8853/1842 5164/7237/1842
f 5164/7237/1842 5165/8854/1842 5158/7238/1842
f 5158/7238/1842 5160/8851/1842 5162/7236/1842
f 5152/7239/16 5153/7252/1847 5161/7240/1847
f 5150/7242/1844 5151/7253/1846 5159/7243/1846
f 5150/7245/1844 5158/8855/1844 5165/7246/1845
f 5156/7248/158 5164/7254/158 5163/7249/1843
f 5154/7251/1848 5162/7255/1848 5161/7240/1847
f 5152/7239/16 5160/7241/16 5159/7243/1846
f 5156/7248/158 5157/7247/1845 5165/7246/1845
f 5154/7251/1848 5155/7250/1843 5163/7249/1843
f 4972/8856/18 4970/8857/18 4975/8858/18
f 4975/8858/18 4977/8859/18 4976/7256/18
f 4976/7256/18 4974/8860/18 4982/8861/18
f 4982/8861/18 4983/8862/18 4981/7257/18
f 4981/7257/18 4979/8863/18 4980/8864/18
f 4980/8864/18 4978/8865/18 4971/7258/18
f 4971/7258/18 4973/8866/18 4972/8856/18
f 4972/8856/18 4975/8858/18 4976/7256/18
f 4976/7256/18 4982/8861/18 4981/7257/18
f 4981/7257/18 4980/8864/18 4971/7258/18
f 4971/7258/18 4972/8856/18 4976/7256/18
f 5032/7057/1015 5041/7058/1020 5040/7046/1020
f 5175/7259/1444 5189/7275/1444 5192/7260/1089
f 5183/7262/1437 5195/8867/1437 5187/7263/16
f 5191/7265/1082 5174/8868/1082 5167/7266/158
f 5169/7268/18 5187/7287/18 5186/7269/18
f 5169/7273/1 5167/8869/1 5174/8870/1
f 5174/8870/1 5176/8871/1 5177/7271/1
f 5177/7271/1 5175/8872/1 5182/8873/1
f 5182/8873/1 5184/8874/1 5185/7272/1
f 5185/7272/1 5183/8875/1 5169/7273/1
f 5169/7273/1 5174/8870/1 5177/7271/1
f 5177/7271/1 5182/8873/1 5185/7272/1
f 5175/7259/1444 5177/7276/1442 5188/7274/1442
f 5177/7276/1442 5176/7278/1079 5190/7277/1079
f 5176/7278/1079 5174/8868/1082 5191/7265/1082
f 5192/7260/1089 5193/7280/1087 5184/7279/1087
f 5193/7280/1087 5194/7282/1433 5185/7281/1433
f 5194/7282/1433 5195/8867/1437 5183/7262/1437
f 5181/7283/1088 5203/7312/1088 5204/7284/1436
f 5166/7286/14 5186/7269/14 5187/7287/14
f 5172/7289/14 5170/7302/14 5189/7290/14
f 5173/7292/14 5172/7289/14 5188/7291/14
f 5173/7292/14 5190/7293/14 5191/7294/14
f 5181/7283/14 5193/7298/14 5192/7296/14
f 5180/7285/14 5194/7300/14 5193/7298/14
f 5180/7285/14 5178/7301/14 5195/7299/14
f 5168/7288/14 5187/7287/14 5195/7299/14
f 5179/7297/14 5192/7296/14 5189/7290/14
f 5166/7286/14 5171/7295/14 5191/7294/14
f 5196/7305/14 5197/8876/14 5205/8877/14
f 5205/8877/14 5204/8878/14 5203/7303/14
f 5203/7303/14 5202/8879/14 5199/8880/14
f 5199/8880/14 5198/8881/14 5200/7304/14
f 5200/7304/14 5201/8882/14 5196/7305/14
f 5196/7305/14 5205/8877/14 5203/7303/14
f 5203/7303/14 5199/8880/14 5200/7304/14
f 5173/7292/1080 5200/7309/1080 5198/7306/1443
f 5166/7286/16 5196/7310/16 5201/7307/1081
f 5180/7285/1436 5204/7284/1436 5205/7308/1435
f 5171/7295/1081 5201/7307/1081 5200/7309/1080
f 5168/7288/11 5197/7311/11 5196/7310/11
f 5178/7301/1435 5205/7308/1435 5197/7311/158
f 5179/7297/1090 5202/7314/1090 5203/7312/1088
f 5172/7289/1443 5198/7306/1443 5199/7313/1445
f 5170/7302/1445 5199/7313/1445 5202/7314/1090
f 5223/7315/158 5227/8883/158 5209/7316/158
f 5209/7318/1855 5213/7334/1855 5220/7319/1856
f 5222/7321/16 5224/8884/16 5225/7322/16
f 5225/7324/1857 5226/7348/1862 5218/7325/14
f 5216/7327/18 5210/7343/18 5206/7328/18
f 5215/7330/1858 5231/7354/1858 5228/7331/1858
f 5209/7318/1855 5227/7349/1859 5224/7333/1859
f 5212/7335/1860 5216/7327/18 5214/7329/18
f 5213/7337/16 5224/8884/16 5222/7321/16
f 5226/7339/158 5227/8883/158 5223/7315/158
f 5218/7340/158 5223/7315/158 5214/7329/158
f 5220/7338/16 5222/7321/16 5216/7327/16
f 5221/7326/14 5218/7325/14 5206/7341/14
f 5216/7327/16 5222/7321/16 5221/7323/16
f 5219/7320/1856 5220/7319/1856 5212/7344/1860
f 5214/7329/158 5223/7315/158 5219/7317/158
f 5217/7332/1861 5211/7347/1861 5225/7324/1857
f 5207/7346/1861 5226/7348/1862 5225/7324/1857
f 5215/7330/1861 5227/7349/1859 5226/7348/1862
f 5215/7330/1861 5217/7332/1861 5224/7333/1859
f 5231/7350/1861 5230/8885/1861 5229/7351/1861
f 5211/7347/1863 5229/7355/1863 5230/7353/1863
f 5215/7330/16 5207/7346/16 5230/7353/16
f 5217/7332/158 5228/7331/158 5229/7355/158
f 5263/7356/1864 5262/7387/1886 5246/7357/84
f 5256/7359/1866 5255/7388/1887 5239/7360/1867
f 5249/7362/1868 5248/7394/1870 5232/7363/1
f 5248/7365/1870 5263/7356/1864 5247/7358/1865
f 5257/7367/1871 5256/7359/1866 5240/7361/14
f 5250/7369/1873 5249/7362/1868 5233/7364/1869
f 5258/7371/1874 5257/7367/1871 5241/7368/1872
f 5251/7373/1875 5250/7369/1873 5234/7370/64
f 5259/7375/1877 5258/7371/1874 5242/7372/283
f 5252/7377/1879 5251/7373/1875 5235/7374/1876
f 5260/7379/1880 5259/7375/1877 5243/7376/1878
f 5253/7381/1881 5252/7377/1879 5236/7378/158
f 5261/7383/1883 5260/7379/1880 5244/7380/16
f 5254/7385/1885 5253/7381/1881 5237/7382/1882
f 5262/7387/1886 5261/7383/1883 5245/7384/1884
f 5255/7388/1887 5254/7385/1885 5238/7386/352
f 5294/7389/1888 5293/7404/1901 5261/7383/1883
f 5255/7388/1887 5287/7392/1891 5286/7390/1889
f 5295/7391/1890 5294/7389/1888 5262/7387/1886
f 5256/7359/1866 5288/7417/1903 5287/7392/1891
f 5249/7362/1868 5280/7397/1894 5281/7393/1892
f 5281/7395/1892 5295/7391/1890 5263/7356/1864
f 5289/7396/1893 5288/7417/1903 5256/7359/1866
f 5250/7369/1873 5282/7399/1896 5280/7397/1894
f 5290/7398/1895 5289/7396/1893 5257/7367/1871
f 5251/7373/1875 5283/7401/1898 5282/7399/1896
f 5291/7400/1897 5290/7398/1895 5258/7371/1874
f 5252/7377/1879 5284/7403/1900 5283/7401/1898
f 5292/7402/1899 5291/7400/1897 5259/7375/1877
f 5253/7381/1881 5285/7405/1902 5284/7403/1900
f 5293/7404/1901 5292/7402/1899 5260/7379/1880
f 5254/7385/1885 5286/7390/1889 5285/7405/1902
f 5327/7406/1865 5326/7441/84 5278/7407/84
f 5281/7393/1892 5280/7397/1894 5265/7409/11
f 5265/7409/11 5280/7397/1894 5282/7399/1896
f 5282/7399/1896 5283/7401/1898 5267/7412/11
f 5283/7401/1898 5284/7403/1900 5268/7413/11
f 5268/7413/11 5284/7403/1900 5285/7405/1902
f 5269/7414/11 5285/7405/1902 5286/7390/1889
f 5286/7390/1889 5287/7392/1891 5271/7416/11
f 5271/7416/11 5287/7392/1891 5288/7417/1903
f 5272/7418/11 5288/7417/1903 5289/7396/1893
f 5273/7419/11 5289/7396/1893 5290/7398/1895
f 5290/7398/1895 5291/7400/1897 5275/7421/11
f 5291/7400/1897 5292/7402/1899 5276/7422/11
f 5276/7422/11 5292/7402/1899 5293/7404/1901
f 5277/7423/11 5293/7404/1901 5294/7389/1888
f 5294/7389/1888 5295/7391/1890 5279/7408/11
f 5295/7391/1890 5281/7395/1892 5264/7424/11
f 5332/7425/158 5331/7475/1876 5299/7426/1876
f 5320/7428/14 5319/7442/1867 5271/7416/1867
f 5312/7429/1869 5313/7443/1 5264/7410/1
f 5313/7430/1 5327/7406/1865 5279/7408/1865
f 5321/7431/1872 5320/7428/14 5272/7418/14
f 5314/7432/64 5312/7429/1869 5265/7409/1869
f 5322/7433/283 5321/7431/1872 5273/7419/1872
f 5315/7434/1876 5314/7432/64 5266/7411/64
f 5323/7435/1878 5322/7433/283 5274/7420/283
f 5316/7436/158 5315/7434/1876 5267/7412/1876
f 5324/7437/16 5323/7435/1878 5275/7421/1878
f 5317/7438/1882 5316/7436/158 5268/7413/158
f 5325/7439/1884 5324/7437/16 5276/7422/16
f 5318/7440/352 5317/7438/1882 5269/7414/1882
f 5326/7441/84 5325/7439/1884 5277/7423/1884
f 5319/7442/1867 5318/7440/352 5270/7415/352
f 5313/7443/11 5312/7429/11 5297/7444/11
f 5297/7444/11 5312/7429/11 5314/7432/11
f 5314/7432/11 5315/7434/11 5299/7426/11
f 5315/7434/11 5316/7436/11 5300/7427/11
f 5316/7436/11 5317/7438/11 5301/7447/11
f 5317/7438/11 5318/7440/11 5302/7448/11
f 5302/7448/11 5318/7440/11 5319/7442/11
f 5303/7449/11 5319/7442/11 5320/7428/11
f 5320/7428/11 5321/7431/11 5305/7451/11
f 5305/7451/11 5321/7431/11 5322/7433/11
f 5322/7433/11 5323/7435/11 5307/7453/11
f 5307/7453/11 5323/7435/11 5324/7437/11
f 5308/7454/11 5324/7437/11 5325/7439/11
f 5309/7455/11 5325/7439/11 5326/7441/11
f 5326/7441/11 5327/7406/11 5311/7457/11
f 5327/7406/11 5313/7430/11 5296/7458/11
f 5328/7461/11 5329/8886/11 5330/8887/11
f 5330/8887/11 5331/8888/2090 5332/8889/11
f 5332/8889/11 5333/8890/2091 5334/8891/11
f 5334/8891/11 5335/8892/11 5336/7459/11
f 5336/7459/11 5337/8893/11 5338/8894/11
f 5338/8894/11 5339/8895/2090 5340/7460/11
f 5340/7460/11 5341/8896/2091 5342/8897/11
f 5342/8897/11 5343/8898/11 5328/7461/11
f 5328/7461/11 5330/8887/11 5332/8889/11
f 5332/8889/11 5334/8891/11 5336/7459/11
f 5336/7459/11 5338/8894/11 5340/7460/11
f 5340/7460/11 5342/8897/11 5328/7461/11
f 5328/7461/11 5332/8889/11 5336/7459/11
f 5340/7462/16 5339/7476/1878 5307/7453/1878
f 5333/7463/1882 5332/7425/158 5300/7427/158
f 5341/7464/1884 5340/7462/16 5308/7454/16
f 5334/7465/352 5333/7463/1882 5301/7447/1882
f 5342/7466/84 5341/7464/1884 5309/7455/1884
f 5335/7467/1867 5334/7465/352 5302/7448/352
f 5343/7468/1865 5342/7466/84 5310/7456/84
f 5336/7469/14 5335/7467/1867 5303/7449/1867
f 5329/7470/1869 5328/8899/1 5296/7445/1
f 5328/7471/1 5343/7468/1865 5311/7457/1865
f 5337/7472/1872 5336/7469/14 5304/7450/14
f 5330/7473/64 5329/7470/1869 5297/7444/1869
f 5338/7474/283 5337/7472/1872 5305/7451/1872
f 5331/7475/1876 5330/7473/64 5298/7446/64
f 5339/7476/1878 5338/7474/283 5306/7452/283
f 5345/7477/158 5347/8900/158 5346/7478/158
f 5347/7480/1 5351/7488/1 5350/7481/1
f 5350/7483/16 5351/8901/16 5349/7484/16
f 5349/7484/1904 5345/7477/1904 5344/7479/1904
f 5350/7486/18 5348/7485/18 5344/7479/18
f 5347/7480/11 5345/7477/11 5349/7484/11
f 5352/7491/1 5353/8902/1 5354/8903/1
f 5354/8903/1 5355/8904/1 5356/7489/1
f 5356/7489/1 5357/8905/1 5358/7490/1
f 5358/7490/1 5359/8906/1 5352/7491/1
f 5352/7491/1 5354/8903/1 5356/7489/1
f 5364/7492/1905 5372/7517/1929 5373/7493/1906
f 5354/7495/1908 5353/7506/1919 5361/7496/1909
f 5359/7498/1911 5358/7509/1921 5366/7499/1912
f 5356/7501/1914 5364/7492/1905 5365/7494/1907
f 5354/7495/1908 5362/7497/1910 5363/7503/1916
f 5352/7505/1918 5360/7514/1920 5361/7496/1909
f 5359/7498/1911 5367/7500/1913 5360/7507/1920
f 5357/7502/1915 5365/7494/1907 5366/7499/1912
f 5356/7501/1914 5355/7504/1917 5363/7503/1916
f 5374/7510/1922 5390/7527/1922 5391/7511/1923
f 5362/7497/1910 5370/7518/1930 5371/7513/1924
f 5360/7514/1920 5368/7524/1927 5369/7515/1925
f 5360/7507/1920 5367/7500/1913 5375/7512/1926
f 5366/7499/1912 5365/7494/1907 5373/7493/1906
f 5364/7492/1905 5363/7503/1916 5371/7513/1924
f 5361/7496/1909 5369/7515/1925 5370/7518/1930
f 5366/7499/1912 5374/7510/1928 5375/7512/1926
f 5381/7519/169 5397/7549/169 5398/7520/158
f 5372/7517/1931 5388/7528/1931 5389/7522/1932
f 5370/7518/1933 5386/7529/1933 5387/7523/1934
f 5368/7524/1935 5385/8907/1935 5384/7525/1936
f 5375/7512/1923 5391/7511/1923 5385/7526/1935
f 5374/7510/1922 5373/7493/1932 5389/7522/1932
f 5372/7517/1931 5371/7513/1934 5387/7523/1934
f 5370/7518/1933 5369/7515/1936 5384/7525/1936
f 5377/7530/14 5384/7534/14 5385/7531/14
f 5377/7530/14 5378/7536/14 5386/7533/14
f 5379/7535/14 5387/7538/14 5386/7533/14
f 5380/7537/14 5388/7540/14 5387/7538/14
f 5380/7537/14 5381/7519/14 5389/7539/14
f 5382/7521/14 5390/7542/14 5389/7539/14
f 5382/7521/14 5383/7543/14 5391/7541/14
f 5383/7543/14 5376/7532/14 5385/7531/14
f 5394/7545/14 5392/7547/14 5393/7550/14
f 5393/7550/14 5399/7548/14 5398/7520/14
f 5398/7520/14 5397/7549/14 5396/7544/14
f 5396/7544/14 5395/7546/14 5394/7545/14
f 5394/7545/14 5393/7550/14 5398/7520/14
f 5380/7537/18 5379/7535/30 5395/7546/30
f 5378/7536/16 5377/7530/1937 5392/7547/1937
f 5382/7521/158 5398/7520/158 5399/7548/1938
f 5380/7537/18 5396/7544/18 5397/7549/169
f 5379/7535/30 5378/7536/16 5394/7545/16
f 5377/7530/1937 5376/7532/11 5393/7550/11
f 5383/7543/1938 5399/7548/1938 5393/7550/11
f 5402/7553/14 5400/8908/14 5401/8909/14
f 5401/8909/14 5407/8910/14 5406/7551/14
f 5406/7551/14 5405/8911/14 5404/7552/14
f 5404/7552/14 5403/8912/14 5402/7553/14
f 5402/7553/14 5401/8909/14 5406/7551/14
f 5409/7556/1 5408/8913/1 5410/8914/1
f 5410/8914/1 5411/8915/1 5412/7554/1
f 5412/7554/1 5413/8916/1 5414/7555/1
f 5414/7555/1 5415/8917/1 5409/7556/1
f 5409/7556/1 5410/8914/1 5412/7554/1
f 5401/7557/1939 5409/8918/1939 5415/7558/1940
f 5406/7560/1941 5414/7569/1941 5413/7561/1942
f 5404/7563/1943 5412/7570/1943 5411/7564/1944
f 5402/7566/1945 5410/7571/1945 5408/7567/1946
f 5406/7560/1941 5407/7559/1940 5415/7558/1940
f 5405/7562/1942 5413/7561/1942 5412/7570/1943
f 5403/7565/1944 5411/7564/1944 5410/7571/1945
f 5400/7568/1946 5408/7567/1946 5409/7572/1939
f 5418/7576/14 5416/8919/14 5417/8920/14
f 5417/8920/14 5423/8921/14 5422/7574/14
f 5422/7574/14 5421/8922/14 5420/7575/14
f 5420/7575/14 5419/8923/14 5418/7576/14
f 5418/7576/14 5417/8920/14 5422/7574/14
f 5425/7579/1 5424/8924/1 5426/8925/1
f 5426/8925/1 5427/8926/1 5428/7577/1
f 5428/7577/1 5429/8927/1 5430/7578/1
f 5430/7578/1 5431/8928/1 5425/7579/1
f 5425/7579/1 5426/8925/1 5428/7577/1
f 5417/7580/1947 5425/7596/1957 5431/7581/1948
f 5422/7583/1949 5430/7592/1956 5429/7584/1950
f 5420/7586/1951 5428/7594/1951 5427/7587/1952
f 5418/7589/1953 5426/7595/1953 5424/7590/1954
f 5423/7582/1948 5431/7581/1948 5430/7592/1956
f 5421/7593/1950 5429/8929/1950 5428/7594/1951
f 5419/7588/1952 5427/7587/1952 5426/7595/1953
f 5416/7591/1955 5424/7590/1954 5425/7596/1957
f 5434/7599/14 5432/8930/14 5433/8931/14
f 5433/8931/14 5439/8932/14 5438/7597/14
f 5438/7597/14 5437/8933/14 5436/7598/14
f 5436/7598/14 5435/8934/14 5434/7599/14
f 5434/7599/14 5433/8931/14 5438/7597/14
f 5441/7602/1 5440/8935/1 5442/8936/1
f 5442/8936/1 5443/8937/1 5444/7600/1
f 5444/7600/1 5445/8938/1 5446/7601/1
f 5446/7601/1 5447/8939/1 5441/7602/1
f 5441/7602/1 5442/8936/1 5444/7600/1
f 5433/7603/1958 5441/7619/1958 5447/7604/1959
f 5437/7606/1960 5438/7615/1961 5446/7607/1961
f 5436/7609/1962 5444/7616/1962 5443/7610/1963
f 5434/7612/1964 5442/7618/1964 5440/7613/1965
f 5439/7605/1959 5447/7604/1959 5446/7607/1961
f 5436/7609/1962 5437/7606/1960 5445/7608/1960
f 5435/7617/1963 5443/8940/1963 5442/7618/1964
f 5432/7614/1965 5440/7613/1965 5441/7619/1958
f 5458/7620/18 5455/7625/1970 5453/7621/1966
f 5457/7622/1967 5453/7621/1966 5456/7623/1968
f 5455/7625/1970 5454/7703/1985 5452/7626/1971
f 5453/7621/1966 5452/7626/1971 5462/7627/1972
f 5457/7622/1967 5459/7624/1969 5460/7628/1973
f 5450/7630/1975 5458/7620/18 5457/7622/1967
f 5450/7630/1975 5448/7629/1974 5449/7631/1976
f 5448/7629/1974 5460/7628/1973 5461/7633/1978
f 5464/7634/1979 5476/7639/1980 5488/7635/1980
f 5465/7637/1975 5464/7634/1979 5481/7636/1979
f 5476/7639/1980 5475/7641/1981 5487/7640/1981
f 5475/7641/1981 5474/7650/1987 5486/7642/1982
f 5477/7643/1983 5467/7646/1984 5483/7644/1984
f 5467/7646/1984 5470/7720/1985 5484/7647/1985
f 5471/7648/1986 5477/7643/1983 5489/7645/1983
f 5474/7650/1987 5471/7648/1986 5485/7649/1986
f 5452/7651/1988 5467/7667/2003 5477/7652/1989
f 5459/7654/1991 5474/7664/2000 5475/7655/1992
f 5460/7656/1993 5475/7655/1992 5476/7657/1994
f 5451/7659/1996 5449/7662/1998 5464/7660/1997
f 5461/7658/1995 5476/7657/1994 5464/7660/1997
f 5456/7663/1999 5471/7665/2001 5474/7664/2000
f 5462/7653/1990 5477/7652/1989 5471/7665/2001
f 5454/7666/2002 5470/8941/2002 5467/7667/2003
f 5483/7668/2004 5472/7672/2006 5495/7669/2005
f 5484/7671/1 5466/8942/1 5472/7672/2006
f 5485/7673/2007 5489/7670/2005 5495/7669/2005
f 5486/7675/2008 5485/7673/2007 5463/7674/2007
f 5481/7677/2010 5488/7682/2013 5494/7678/2011
f 5482/7680/14 5481/7677/2010 5479/7679/2012
f 5488/7682/2013 5487/7684/2015 5493/7683/2014
f 5487/7684/2015 5486/7675/2008 5492/7676/2009
f 5491/7685/11 5490/7688/133 5469/7686/131
f 5490/7688/133 5492/8943/2079 5463/7689/134
f 5468/7687/132 5469/7686/131 5472/7690/135
f 5469/7686/131 5463/7689/134 5495/7692/137
f 5493/7693/138 5492/8943/2079 5490/7688/133
f 5473/7695/140 5480/7694/139 5490/7688/133
f 5479/7696/141 5480/7694/139 5473/7695/140
f 5494/7698/143 5493/7693/138 5480/7694/139
f 5458/7620/18 5501/7700/2017 5499/7699/2016
f 5501/7700/2017 5502/8944/2092 5500/7701/2018
f 5455/7625/1970 5499/7699/2016 5498/7702/2019
f 5499/7699/2016 5500/7701/2018 5505/7704/2020
f 5503/7705/2021 5502/8944/2092 5501/7700/2017
f 5450/7630/1975 5496/7706/2022 5501/7700/2017
f 5497/7707/2023 5496/7706/2022 5450/7630/1975
f 5504/7708/2024 5503/7705/2021 5496/7706/2022
f 5507/7709/2025 5518/7712/2025 5523/7710/2026
f 5465/7637/1975 5482/7638/1975 5518/7712/2025
f 5514/7711/2026 5523/7710/2026 5522/7713/2027
f 5513/7714/2027 5522/7713/2027 5521/7715/2028
f 5515/7717/2030 5524/7722/2030 5519/7718/2031
f 5508/7719/2031 5519/7718/2031 5484/7647/1985
f 5510/7721/2032 5520/7723/2032 5524/7722/2030
f 5512/7716/2029 5521/7715/2028 5520/7723/2032
f 5515/7724/2033 5508/7737/2046 5498/7725/2034
f 5513/7727/2036 5512/7734/2043 5502/7728/2037
f 5514/7730/2039 5513/7727/2036 5503/7729/2038
f 5451/7659/1996 5465/7661/1996 5507/7732/2041
f 5507/7732/2041 5514/7730/2039 5504/7731/2040
f 5512/7734/2043 5510/7736/2045 5500/7735/2044
f 5510/7736/2045 5515/7724/2033 5505/7726/2035
f 5508/7737/2046 5470/8945/2002 5454/7738/2002
f 5529/7739/2047 5511/7742/2049 5519/7740/2048
f 5511/7742/2049 5466/8946/1 5484/7743/1
f 5520/7744/2050 5506/7746/2050 5529/7739/2047
f 5521/7745/2051 5526/7753/2058 5506/7746/2050
f 5518/7747/2052 5516/7750/2055 5528/7748/2053
f 5482/7680/14 5478/7681/14 5516/7750/2055
f 5523/7749/2054 5528/7748/2053 5527/7751/2056
f 5522/7752/2057 5527/7751/2056 5526/7753/2058
f 5491/7685/11 5468/7687/132 5509/7754/240
f 5525/7755/241 5509/7754/240 5506/7756/242
f 5468/7687/132 5466/7691/136 5511/7758/244
f 5509/7754/240 5511/7758/244 5529/7759/245
f 5525/7755/241 5526/7757/243 5527/7760/246
f 5473/7695/140 5491/7685/11 5525/7755/241
f 5473/7695/140 5517/7761/247 5516/7762/248
f 5517/7761/247 5527/7760/246 5528/7763/249
f 5539/7764/11 5533/7791/11 5535/7765/11
f 5532/7767/2059 5533/7776/2093 5531/7768/2060
f 5538/7770/18 5532/7788/18 5530/7771/18
f 5543/7773/1 5535/7777/1 5534/7774/1
f 5533/7776/2062 5532/7767/2094 5534/7774/2063
f 5540/7772/18 5530/7771/18 5536/7778/18
f 5530/7769/2065 5531/7768/2095 5537/7780/2066
f 5541/7782/11 5545/8947/11 5537/7783/11
f 5536/7781/2068 5537/7780/2068 5545/7785/2068
f 5538/7770/18 5542/7796/18 5534/7787/18
f 5551/7789/1 5543/7773/1 5542/7775/1
f 5539/7764/11 5541/7782/11 5531/7784/11
f 5538/7770/18 5540/7772/18 5548/7792/18
f 5539/7764/11 5543/7766/11 5551/7794/11
f 5547/7795/11 5549/8948/11 5541/7782/11
f 5546/7793/18 5550/8949/18 5542/7796/18
f 5540/7797/2069 5541/8950/2069 5549/7798/2069
f 5545/7800/158 5541/8950/158 5540/7797/158
f 5561/7802/11 5565/8951/11 5557/7803/11
f 5554/7805/2070 5552/7816/2096 5553/7806/2071
f 5560/7808/18 5562/7814/18 5552/7809/18
f 5556/7811/1 5557/8952/1 5565/7812/1
f 5555/7807/2073 5557/8952/2097 5556/7811/2074
f 5562/7814/18 5566/8953/18 5558/7815/18
f 5552/7816/2076 5558/7821/2098 5559/7817/2077
f 5559/7818/11 5567/8954/11 5563/7819/11
f 5558/7821/2068 5566/8955/2068 5567/7822/2068
f 5556/7823/18 5564/7826/18 5560/7808/18
f 5564/7813/1 5565/7812/1 5551/7824/1
f 5553/7820/11 5563/7819/11 5561/7802/11
f 5548/7792/18 5562/7814/18 5560/7808/18
f 5551/7794/11 5565/8951/11 5561/7802/11
f 5563/7819/11 5549/8948/11 5547/7795/11
f 5564/7826/18 5550/8949/18 5546/7793/18
f 5549/7798/2069 5563/7829/2069 5562/7827/2069
f 5567/7828/16 5566/8956/16 5562/7827/16
