# Blender 4.5.1 LTS
# www.blender.org
mtllib PLANMC EQ2050.mtl
o Wheel_Front.L.002
v 1.235717 0.629983 1.680355
v 1.235717 0.878784 1.729844
v 1.235717 1.089707 1.870779
v 1.235717 1.230641 2.081702
v 1.235718 1.280131 2.330503
v 1.235718 1.230642 2.579304
v 1.235718 1.089707 2.790227
v 1.235718 0.878784 2.931162
v 1.235718 0.629983 2.980651
v 1.235718 0.381182 2.931162
v 1.235718 0.170259 2.790227
v 1.235718 0.029325 2.579304
v 1.235718 -0.020165 2.330503
v 1.235718 0.029325 2.081702
v 1.235717 0.170259 1.870779
v 1.235717 0.381182 1.729844
v 1.235717 0.629983 1.971662
v 1.235717 0.767305 1.998978
v 1.235717 0.883722 2.076765
v 1.235718 0.961508 2.193181
v 1.235718 0.988824 2.330503
v 1.235718 0.961508 2.467825
v 1.235718 0.883722 2.584242
v 1.235718 0.767305 2.662029
v 1.235718 0.629983 2.689344
v 1.235718 0.492661 2.662029
v 1.235718 0.376245 2.584242
v 1.235718 0.298458 2.467825
v 1.235718 0.271143 2.330503
v 1.235718 0.298458 2.193181
v 1.235717 0.376244 2.076765
v 1.235717 0.492661 1.998978
v 1.299005 0.629983 1.742867
v 1.299005 0.854861 1.787598
v 1.299005 1.045504 1.914982
v 1.299005 1.172888 2.105624
v 1.299005 1.217619 2.330503
v 1.299006 1.172888 2.555381
v 1.299006 1.045504 2.746024
v 1.299006 0.854861 2.873407
v 1.299006 0.629983 2.918139
v 1.299006 0.405105 2.873407
v 1.299006 0.214462 2.746024
v 1.299006 0.087079 2.555381
v 1.299005 0.042347 2.330503
v 1.299005 0.087079 2.105624
v 1.299005 0.214462 1.914982
v 1.299005 0.405105 1.787598
v 1.318972 0.629983 1.869480
v 1.318972 0.806409 1.904573
v 1.318973 0.955976 2.004510
v 1.318973 1.055913 2.154077
v 1.318973 1.091006 2.330503
v 1.318973 1.055913 2.506929
v 1.318973 0.955976 2.656496
v 1.318973 0.806409 2.756433
v 1.318973 0.629983 2.791526
v 1.318974 0.453557 2.756433
v 1.318973 0.303990 2.656496
v 1.318973 0.204053 2.506929
v 1.318973 0.168960 2.330503
v 1.318973 0.204053 2.154077
v 1.318973 0.303990 2.004510
v 1.318972 0.453557 1.904573
v 1.235717 0.629983 2.015751
v 1.235717 0.750433 2.039710
v 1.235718 0.852546 2.107940
v 1.235718 0.920776 2.210053
v 1.235718 0.944735 2.330503
v 1.235718 0.920776 2.450953
v 1.235718 0.852546 2.553066
v 1.235718 0.750433 2.621296
v 1.235718 0.629983 2.645255
v 1.235718 0.509533 2.621296
v 1.235718 0.407420 2.553066
v 1.235718 0.339190 2.450953
v 1.235718 0.315231 2.330503
v 1.235718 0.339190 2.210053
v 1.235718 0.407420 2.107940
v 1.235717 0.509533 2.039710
v 1.235718 0.629983 2.160185
v 1.235718 0.694388 2.172996
v 1.235718 0.748988 2.209478
v 1.235718 0.785470 2.264078
v 1.235718 0.798281 2.328483
v 1.235718 0.785470 2.392888
v 1.235718 0.748988 2.447488
v 1.235718 0.694388 2.483970
v 1.235718 0.629983 2.496781
v 1.235718 0.565578 2.483970
v 1.235718 0.510978 2.447488
v 1.235718 0.474496 2.392888
v 1.235718 0.461685 2.328483
v 1.235718 0.474496 2.264078
v 1.235718 0.510978 2.209478
v 1.235718 0.565578 2.172996
v 1.304527 0.629983 2.245608
v 1.304527 0.661698 2.251916
v 1.304527 0.688584 2.269881
v 1.304527 0.706549 2.296768
v 1.304527 0.712858 2.328483
v 1.304527 0.706549 2.360198
v 1.304527 0.688584 2.387084
v 1.304527 0.661698 2.405049
v 1.304527 0.629983 2.411357
v 1.304527 0.598268 2.405049
v 1.304527 0.571382 2.387084
v 1.304527 0.553417 2.360198
v 1.304527 0.547108 2.328483
v 1.304527 0.553417 2.296768
v 1.304527 0.571382 2.269881
v 1.304527 0.598268 2.251916
v 1.304527 0.669479 2.233131
v 1.304527 0.629983 2.225275
v 1.304527 0.702962 2.255504
v 1.304527 0.725335 2.288987
v 1.304527 0.733191 2.328483
v 1.304527 0.725335 2.367979
v 1.304527 0.702962 2.401462
v 1.304527 0.669479 2.423834
v 1.304527 0.629983 2.431691
v 1.304527 0.590487 2.423834
v 1.304527 0.557004 2.401462
v 1.304527 0.534631 2.367979
v 1.304527 0.526775 2.328483
v 1.304527 0.534631 2.288987
v 1.304527 0.557004 2.255504
v 1.304527 0.590487 2.233131
v 1.235718 0.709110 2.520043
v 1.235718 0.776190 2.475221
v 1.235718 0.550856 2.137985
v 1.235718 0.483776 2.182806
v 1.235718 0.629983 2.535782
v 1.235718 0.709110 2.137985
v 1.235718 0.629983 2.122245
v 1.235718 0.550856 2.520043
v 1.235718 0.776190 2.182806
v 1.235718 0.483776 2.475221
v 1.235718 0.821012 2.249887
v 1.235718 0.438954 2.408140
v 1.235718 0.836751 2.329014
v 1.235718 0.423215 2.329014
v 1.235718 0.821012 2.408140
v 1.235718 0.438954 2.249887
v 0.904533 0.629983 1.680355
v 0.904533 0.878784 1.729845
v 0.904533 1.089707 1.870779
v 0.904533 1.230641 2.081702
v 0.904534 1.280131 2.330503
v 0.904534 1.230642 2.579304
v 0.904534 1.089707 2.790228
v 0.904534 0.878784 2.931162
v 0.904534 0.629983 2.980652
v 0.904534 0.381182 2.931162
v 0.904534 0.170259 2.790228
v 0.904534 0.029325 2.579304
v 0.904533 -0.020165 2.330503
v 0.904533 0.029325 2.081702
v 0.904533 0.170259 1.870779
v 0.904533 0.381182 1.729845
v 0.904533 0.629983 1.971663
v 0.904533 0.767305 1.998978
v 0.904533 0.883722 2.076765
v 0.904533 0.961508 2.193181
v 0.904534 0.988824 2.330503
v 0.904534 0.961508 2.467826
v 0.904534 0.883722 2.584242
v 0.904534 0.767305 2.662029
v 0.904534 0.629983 2.689344
v 0.904534 0.492661 2.662029
v 0.904534 0.376245 2.584242
v 0.904534 0.298458 2.467826
v 0.904533 0.271143 2.330503
v 0.904533 0.298458 2.193181
v 0.904533 0.376244 2.076765
v 0.904533 0.492661 1.998978
v 0.841245 0.629983 1.742868
v 0.841245 0.854861 1.787599
v 0.841246 1.045504 1.914982
v 0.841246 1.172888 2.105625
v 0.841246 1.217619 2.330503
v 0.841246 1.172888 2.555382
v 0.841247 1.045504 2.746025
v 0.841247 0.854861 2.873408
v 0.841247 0.629983 2.918139
v 0.841247 0.405105 2.873408
v 0.841246 0.214462 2.746025
v 0.841246 0.087079 2.555382
v 0.841246 0.042347 2.330503
v 0.841246 0.087079 2.105625
v 0.841246 0.214462 1.914982
v 0.841245 0.405105 1.787599
v 0.849842 0.629983 1.916612
v 0.849842 0.788373 1.948117
v 0.849842 0.922649 2.037838
v 0.849842 1.012369 2.172114
v 0.849842 1.043875 2.330503
v 0.849843 1.012369 2.488893
v 0.849843 0.922649 2.623169
v 0.849843 0.788373 2.712890
v 0.849843 0.629983 2.744395
v 0.849843 0.471593 2.712890
v 0.849843 0.337317 2.623169
v 0.849842 0.247597 2.488893
v 0.849842 0.216091 2.330503
v 0.849842 0.247597 2.172114
v 0.849842 0.337317 2.037838
v 0.849842 0.471593 1.948117
v 0.807956 0.629983 1.794079
v 0.807956 0.835264 1.834911
v 0.807957 1.009293 1.951194
v 0.807957 1.125575 2.125222
v 0.807957 1.166408 2.330503
v 0.807957 1.125575 2.535784
v 0.807958 1.009293 2.709813
v 0.807958 0.835264 2.826096
v 0.807958 0.629983 2.866928
v 0.807958 0.424702 2.826096
v 0.807957 0.250673 2.709813
v 0.807957 0.134391 2.535784
v 0.807957 0.093558 2.330503
v 0.807957 0.134391 2.125222
v 0.807956 0.250673 1.951194
v 0.807956 0.424702 1.834911
v 0.821278 0.629983 1.869480
v 0.821278 0.806409 1.904573
v 0.821278 0.955976 2.004511
v 0.821278 1.055913 2.154078
v 0.821278 1.091006 2.330503
v 0.821279 1.055913 2.506929
v 0.821279 0.955976 2.656496
v 0.821279 0.806409 2.756433
v 0.821279 0.629983 2.791527
v 0.821279 0.453557 2.756433
v 0.821279 0.303990 2.656496
v 0.821278 0.204053 2.506930
v 0.821278 0.168960 2.330503
v 0.821278 0.204053 2.154078
v 0.821278 0.303990 2.004511
v 0.821278 0.453557 1.904573
v 0.904533 0.629983 2.015752
v 0.904533 0.750433 2.039711
v 0.904533 0.852546 2.107940
v 0.904533 0.920776 2.210053
v 0.904534 0.944735 2.330503
v 0.904534 0.920776 2.450954
v 0.904534 0.852546 2.553066
v 0.904534 0.750433 2.621296
v 0.904534 0.629983 2.645255
v 0.904534 0.509533 2.621296
v 0.904534 0.407420 2.553066
v 0.904534 0.339190 2.450954
v 0.904533 0.315231 2.330503
v 0.904533 0.339190 2.210053
v 0.904533 0.407420 2.107940
v 0.904533 0.509533 2.039711
v 0.835724 0.669479 2.233132
v 0.835724 0.629983 2.225276
v 0.835724 0.702962 2.255504
v 0.835724 0.725335 2.288987
v 0.835724 0.733191 2.328483
v 0.835724 0.725335 2.367979
v 0.835724 0.702962 2.401462
v 0.835724 0.669479 2.423835
v 0.835724 0.629983 2.431691
v 0.835724 0.590487 2.423835
v 0.835724 0.557004 2.401462
v 0.835724 0.534631 2.367979
v 0.835724 0.526775 2.328483
v 0.835724 0.534631 2.288987
v 0.835724 0.557004 2.255504
v 0.835724 0.590487 2.233132
v -1.235717 0.629983 2.980533
v -1.235717 0.878784 2.931043
v -1.235717 1.089707 2.790109
v -1.235717 1.230641 2.579185
v -1.235718 1.280131 2.330384
v -1.235718 1.230642 2.081584
v -1.235718 1.089707 1.870661
v -1.235718 0.878784 1.729726
v -1.235718 0.629983 1.680237
v -1.235718 0.381182 1.729726
v -1.235718 0.170259 1.870661
v -1.235718 0.029325 2.081583
v -1.235718 -0.020165 2.330384
v -1.235717 0.029325 2.579185
v -1.235717 0.170259 2.790109
v -1.235717 0.381182 2.931043
v -1.235717 0.629983 2.689225
v -1.235717 0.767305 2.661910
v -1.235717 0.883722 2.584123
v -1.235718 0.961508 2.467707
v -1.235718 0.988824 2.330384
v -1.235718 0.961508 2.193062
v -1.235718 0.883722 2.076646
v -1.235718 0.767305 1.998859
v -1.235718 0.629983 1.971544
v -1.235718 0.492661 1.998859
v -1.235718 0.376245 2.076646
v -1.235718 0.298458 2.193062
v -1.235718 0.271143 2.330384
v -1.235718 0.298458 2.467707
v -1.235717 0.376244 2.584123
v -1.235717 0.492661 2.661910
v -1.299004 0.629983 2.918021
v -1.299004 0.854861 2.873290
v -1.299005 1.045504 2.745906
v -1.299005 1.172888 2.555263
v -1.299005 1.217619 2.330385
v -1.299005 1.172888 2.105506
v -1.299005 1.045504 1.914864
v -1.299005 0.854861 1.787480
v -1.299005 0.629983 1.742749
v -1.299005 0.405105 1.787480
v -1.299005 0.214462 1.914864
v -1.299005 0.087079 2.105506
v -1.299005 0.042347 2.330385
v -1.299005 0.087079 2.555263
v -1.299005 0.214462 2.745906
v -1.299005 0.405105 2.873290
v -1.318972 0.629983 2.791408
v -1.318972 0.806409 2.756315
v -1.318973 0.955976 2.656378
v -1.318972 1.055913 2.506811
v -1.318973 1.091006 2.330385
v -1.318973 1.055913 2.153959
v -1.318973 0.955976 2.004392
v -1.318973 0.806409 1.904455
v -1.318973 0.629983 1.869361
v -1.318973 0.453557 1.904455
v -1.318973 0.303990 2.004392
v -1.318973 0.204053 2.153959
v -1.318973 0.168960 2.330385
v -1.318973 0.204053 2.506811
v -1.318973 0.303990 2.656378
v -1.318973 0.453557 2.756315
v -1.235717 0.629983 2.645136
v -1.235717 0.750433 2.621177
v -1.235717 0.852546 2.552948
v -1.235718 0.920776 2.450835
v -1.235718 0.944735 2.330384
v -1.235718 0.920776 2.209934
v -1.235718 0.852546 2.107821
v -1.235718 0.750433 2.039592
v -1.235718 0.629983 2.015633
v -1.235718 0.509533 2.039592
v -1.235718 0.407420 2.107821
v -1.235718 0.339190 2.209934
v -1.235718 0.315231 2.330384
v -1.235718 0.339190 2.450835
v -1.235717 0.407420 2.552948
v -1.235717 0.509533 2.621177
v -1.235717 0.629983 2.500703
v -1.235717 0.694388 2.487892
v -1.235718 0.748988 2.451410
v -1.235718 0.785470 2.396810
v -1.235718 0.798281 2.332405
v -1.235718 0.785470 2.268000
v -1.235718 0.748988 2.213400
v -1.235718 0.694388 2.176918
v -1.235718 0.629983 2.164107
v -1.235718 0.565578 2.176918
v -1.235718 0.510978 2.213400
v -1.235718 0.474496 2.268000
v -1.235718 0.461685 2.332405
v -1.235718 0.474496 2.396810
v -1.235718 0.510978 2.451410
v -1.235717 0.565578 2.487892
v -1.304527 0.629983 2.415280
v -1.304527 0.661698 2.408971
v -1.304527 0.688584 2.391006
v -1.304527 0.706549 2.364120
v -1.304527 0.712858 2.332405
v -1.304527 0.706549 2.300690
v -1.304527 0.688584 2.273804
v -1.304527 0.661698 2.255839
v -1.304527 0.629983 2.249530
v -1.304527 0.598268 2.255839
v -1.304527 0.571382 2.273804
v -1.304527 0.553417 2.300690
v -1.304527 0.547108 2.332405
v -1.304527 0.553417 2.364120
v -1.304527 0.571382 2.391006
v -1.304527 0.598268 2.408971
v -1.304527 0.669479 2.427757
v -1.304527 0.629983 2.435613
v -1.304527 0.702962 2.405384
v -1.304527 0.725335 2.371901
v -1.304527 0.733191 2.332405
v -1.304527 0.725335 2.292909
v -1.304527 0.702962 2.259426
v -1.304527 0.669479 2.237053
v -1.304527 0.629983 2.229197
v -1.304527 0.590487 2.237053
v -1.304527 0.557004 2.259426
v -1.304527 0.534631 2.292909
v -1.304527 0.526775 2.332405
v -1.304527 0.534631 2.371901
v -1.304527 0.557004 2.405384
v -1.304527 0.590487 2.427757
v -1.235718 0.709110 2.140845
v -1.235718 0.776190 2.185667
v -1.235717 0.550856 2.522903
v -1.235717 0.483776 2.478081
v -1.235718 0.629983 2.125106
v -1.235717 0.709110 2.522903
v -1.235717 0.629983 2.538642
v -1.235718 0.550856 2.140845
v -1.235717 0.776190 2.478081
v -1.235718 0.483776 2.185667
v -1.235718 0.821012 2.411001
v -1.235718 0.438954 2.252747
v -1.235718 0.836751 2.331874
v -1.235718 0.423215 2.331874
v -1.235718 0.821012 2.252747
v -1.235718 0.438954 2.411001
v -0.904533 0.629983 2.980532
v -0.904533 0.878784 2.931043
v -0.904533 1.089707 2.790108
v -0.904533 1.230641 2.579185
v -0.904533 1.280131 2.330384
v -0.904534 1.230642 2.081583
v -0.904534 1.089707 1.870660
v -0.904534 0.878784 1.729726
v -0.904534 0.629983 1.680236
v -0.904534 0.381182 1.729726
v -0.904534 0.170259 1.870660
v -0.904533 0.029325 2.081583
v -0.904533 -0.020165 2.330384
v -0.904533 0.029325 2.579185
v -0.904533 0.170259 2.790108
v -0.904533 0.381182 2.931043
v -0.904533 0.629983 2.689225
v -0.904533 0.767305 2.661910
v -0.904533 0.883722 2.584123
v -0.904533 0.961508 2.467707
v -0.904533 0.988824 2.330384
v -0.904534 0.961508 2.193062
v -0.904534 0.883722 2.076646
v -0.904534 0.767305 1.998859
v -0.904534 0.629983 1.971544
v -0.904534 0.492661 1.998859
v -0.904534 0.376245 2.076646
v -0.904533 0.298458 2.193062
v -0.904533 0.271143 2.330384
v -0.904533 0.298458 2.467707
v -0.904533 0.376244 2.584123
v -0.904533 0.492661 2.661910
v -0.841245 0.629983 2.918020
v -0.841245 0.854861 2.873289
v -0.841246 1.045504 2.745905
v -0.841246 1.172888 2.555263
v -0.841246 1.217619 2.330384
v -0.841246 1.172888 2.105506
v -0.841246 1.045504 1.914863
v -0.841246 0.854861 1.787480
v -0.841246 0.629983 1.742749
v -0.841246 0.405105 1.787480
v -0.841246 0.214462 1.914863
v -0.841246 0.087079 2.105506
v -0.841246 0.042347 2.330384
v -0.841246 0.087079 2.555263
v -0.841246 0.214462 2.745905
v -0.841245 0.405105 2.873289
v -0.849842 0.629983 2.744276
v -0.849842 0.788373 2.712770
v -0.849842 0.922649 2.623050
v -0.849842 1.012369 2.488774
v -0.849842 1.043875 2.330384
v -0.849842 1.012369 2.171995
v -0.849842 0.922649 2.037719
v -0.849843 0.788373 1.947998
v -0.849842 0.629983 1.916493
v -0.849842 0.471593 1.947998
v -0.849842 0.337317 2.037719
v -0.849842 0.247597 2.171995
v -0.849842 0.216091 2.330384
v -0.849842 0.247597 2.488774
v -0.849842 0.337317 2.623050
v -0.849842 0.471593 2.712770
v -0.807956 0.629983 2.866809
v -0.807956 0.835264 2.825976
v -0.807957 1.009293 2.709694
v -0.807957 1.125575 2.535665
v -0.807957 1.166408 2.330384
v -0.807957 1.125575 2.125103
v -0.807957 1.009293 1.951075
v -0.807957 0.835264 1.834792
v -0.807957 0.629983 1.793959
v -0.807957 0.424702 1.834792
v -0.807957 0.250673 1.951075
v -0.807957 0.134391 2.125103
v -0.807957 0.093558 2.330384
v -0.807957 0.134391 2.535665
v -0.807956 0.250673 2.709694
v -0.807956 0.424702 2.825976
v -0.821278 0.629983 2.791408
v -0.821278 0.806409 2.756314
v -0.821278 0.955976 2.656377
v -0.821278 1.055913 2.506810
v -0.821278 1.091006 2.330384
v -0.821278 1.055913 2.153958
v -0.821278 0.955976 2.004392
v -0.821279 0.806409 1.904454
v -0.821278 0.629983 1.869361
v -0.821278 0.453557 1.904454
v -0.821278 0.303990 2.004392
v -0.821278 0.204053 2.153958
v -0.821278 0.168960 2.330384
v -0.821278 0.204053 2.506810
v -0.821278 0.303990 2.656377
v -0.821278 0.453557 2.756314
v -0.904533 0.629983 2.645136
v -0.904533 0.750433 2.621177
v -0.904533 0.852546 2.552948
v -0.904533 0.920776 2.450835
v -0.904533 0.944735 2.330384
v -0.904534 0.920776 2.209934
v -0.904534 0.852546 2.107821
v -0.904534 0.750433 2.039592
v -0.904534 0.629983 2.015633
v -0.904534 0.509533 2.039592
v -0.904534 0.407420 2.107821
v -0.904533 0.339190 2.209934
v -0.904533 0.315231 2.330384
v -0.904533 0.339190 2.450835
v -0.904533 0.407420 2.552948
v -0.904533 0.509533 2.621177
v -0.835724 0.669479 2.427756
v -0.835724 0.629983 2.435612
v -0.835724 0.702962 2.405383
v -0.835724 0.725335 2.371900
v -0.835724 0.733191 2.332404
v -0.835724 0.725335 2.292908
v -0.835724 0.702962 2.259425
v -0.835724 0.669479 2.237053
v -0.835724 0.629983 2.229197
v -0.835724 0.590487 2.237053
v -0.835724 0.557004 2.259425
v -0.835724 0.534631 2.292908
v -0.835724 0.526775 2.332404
v -0.835724 0.534631 2.371900
v -0.835724 0.557004 2.405383
v -0.835724 0.590487 2.427756
v 1.235717 0.629983 -2.769277
v 1.235717 0.878784 -2.719787
v 1.235717 1.089707 -2.578853
v 1.235717 1.230641 -2.367930
v 1.235718 1.280131 -2.119129
v 1.235718 1.230642 -1.870328
v 1.235718 1.089707 -1.659405
v 1.235718 0.878784 -1.518471
v 1.235718 0.629983 -1.468981
v 1.235718 0.381182 -1.518471
v 1.235718 0.170259 -1.659405
v 1.235718 0.029325 -1.870328
v 1.235718 -0.020165 -2.119129
v 1.235717 0.029325 -2.367930
v 1.235717 0.170259 -2.578853
v 1.235717 0.381182 -2.719787
v 1.235717 0.629983 -2.477969
v 1.235717 0.767305 -2.450655
v 1.235717 0.883722 -2.372868
v 1.235717 0.961508 -2.256451
v 1.235718 0.988824 -2.119129
v 1.235718 0.961508 -1.981807
v 1.235718 0.883722 -1.865391
v 1.235718 0.767305 -1.787604
v 1.235718 0.629983 -1.760289
v 1.235718 0.492661 -1.787604
v 1.235718 0.376245 -1.865391
v 1.235718 0.298458 -1.981807
v 1.235718 0.271143 -2.119129
v 1.235718 0.298458 -2.256451
v 1.235717 0.376244 -2.372868
v 1.235717 0.492661 -2.450655
v 1.299004 0.629983 -2.706765
v 1.299004 0.854861 -2.662034
v 1.299005 1.045504 -2.534651
v 1.299005 1.172888 -2.344008
v 1.299005 1.217619 -2.119129
v 1.299005 1.172888 -1.894251
v 1.299006 1.045504 -1.703608
v 1.299006 0.854861 -1.576225
v 1.299006 0.629983 -1.531494
v 1.299006 0.405105 -1.576225
v 1.299006 0.214462 -1.703608
v 1.299005 0.087079 -1.894251
v 1.299005 0.042347 -2.119129
v 1.299005 0.087079 -2.344008
v 1.299005 0.214462 -2.534650
v 1.299004 0.405105 -2.662034
v 1.318972 0.629983 -2.580153
v 1.318972 0.806409 -2.545060
v 1.318972 0.955976 -2.445122
v 1.318972 1.055913 -2.295555
v 1.318973 1.091006 -2.119129
v 1.318973 1.055913 -1.942703
v 1.318973 0.955976 -1.793136
v 1.318973 0.806409 -1.693199
v 1.318973 0.629983 -1.658106
v 1.318973 0.453557 -1.693199
v 1.318973 0.303990 -1.793136
v 1.318973 0.204053 -1.942703
v 1.318973 0.168960 -2.119129
v 1.318973 0.204053 -2.295556
v 1.318972 0.303990 -2.445122
v 1.318972 0.453557 -2.545060
v 1.235717 0.629983 -2.433881
v 1.235717 0.750433 -2.409922
v 1.235717 0.852546 -2.341692
v 1.235717 0.920776 -2.239579
v 1.235718 0.944735 -2.119129
v 1.235718 0.920776 -1.998679
v 1.235718 0.852546 -1.896566
v 1.235718 0.750433 -1.828337
v 1.235718 0.629983 -1.804377
v 1.235718 0.509533 -1.828337
v 1.235718 0.407420 -1.896566
v 1.235718 0.339190 -1.998679
v 1.235718 0.315231 -2.119129
v 1.235718 0.339190 -2.239579
v 1.235717 0.407420 -2.341692
v 1.235717 0.509533 -2.409922
v 1.235717 0.629983 -2.289448
v 1.235717 0.694388 -2.276636
v 1.235717 0.748988 -2.240154
v 1.235718 0.785470 -2.185554
v 1.235718 0.798281 -2.121149
v 1.235718 0.785470 -2.056744
v 1.235718 0.748988 -2.002145
v 1.235718 0.694388 -1.965662
v 1.235718 0.629983 -1.952851
v 1.235718 0.565578 -1.965662
v 1.235718 0.510978 -2.002145
v 1.235718 0.474496 -2.056744
v 1.235718 0.461685 -2.121149
v 1.235718 0.474496 -2.185554
v 1.235718 0.510978 -2.240154
v 1.235717 0.565578 -2.276636
v 1.304527 0.629983 -2.204024
v 1.304527 0.661698 -2.197716
v 1.304527 0.688584 -2.179751
v 1.304527 0.706549 -2.152864
v 1.304527 0.712858 -2.121150
v 1.304527 0.706549 -2.089435
v 1.304527 0.688584 -2.062548
v 1.304527 0.661698 -2.044583
v 1.304527 0.629983 -2.038275
v 1.304527 0.598268 -2.044583
v 1.304527 0.571382 -2.062548
v 1.304527 0.553417 -2.089435
v 1.304527 0.547108 -2.121150
v 1.304527 0.553417 -2.152864
v 1.304527 0.571382 -2.179751
v 1.304527 0.598268 -2.197716
v 1.304527 0.669479 -2.216501
v 1.304527 0.629983 -2.224357
v 1.304527 0.702962 -2.194129
v 1.304527 0.725335 -2.160645
v 1.304527 0.733191 -2.121150
v 1.304527 0.725335 -2.081654
v 1.304527 0.702962 -2.048171
v 1.304527 0.669479 -2.025798
v 1.304527 0.629983 -2.017941
v 1.304527 0.590487 -2.025798
v 1.304527 0.557004 -2.048171
v 1.304527 0.534631 -2.081654
v 1.304527 0.526775 -2.121150
v 1.304527 0.534631 -2.160645
v 1.304527 0.557004 -2.194129
v 1.304527 0.590487 -2.216501
v 1.235718 0.709110 -1.929590
v 1.235718 0.776190 -1.974411
v 1.235717 0.550856 -2.311648
v 1.235717 0.483776 -2.266826
v 1.235718 0.629983 -1.913850
v 1.235717 0.709110 -2.311648
v 1.235717 0.629983 -2.327387
v 1.235718 0.550856 -1.929590
v 1.235717 0.776190 -2.266826
v 1.235718 0.483776 -1.974411
v 1.235718 0.821012 -2.199745
v 1.235718 0.438954 -2.041492
v 1.235718 0.836751 -2.120619
v 1.235718 0.423215 -2.120619
v 1.235718 0.821012 -2.041492
v 1.235718 0.438954 -2.199745
v 0.904533 0.629983 -2.769277
v 0.904533 0.878784 -2.719787
v 0.904533 1.089707 -2.578853
v 0.904533 1.230641 -2.367929
v 0.904533 1.280131 -2.119129
v 0.904534 1.230642 -1.870328
v 0.904534 1.089707 -1.659405
v 0.904534 0.878784 -1.518470
v 0.904534 0.629983 -1.468981
v 0.904534 0.381182 -1.518470
v 0.904534 0.170259 -1.659405
v 0.904534 0.029325 -1.870328
v 0.904533 -0.020165 -2.119129
v 0.904533 0.029325 -2.367930
v 0.904533 0.170259 -2.578853
v 0.904533 0.381182 -2.719787
v 0.904533 0.629983 -2.477969
v 0.904533 0.767305 -2.450654
v 0.904533 0.883722 -2.372867
v 0.904533 0.961508 -2.256451
v 0.904533 0.988824 -2.119129
v 0.904534 0.961508 -1.981806
v 0.904534 0.883722 -1.865390
v 0.904534 0.767305 -1.787603
v 0.904534 0.629983 -1.760288
v 0.904534 0.492661 -1.787603
v 0.904534 0.376245 -1.865390
v 0.904534 0.298458 -1.981806
v 0.904533 0.271143 -2.119129
v 0.904533 0.298458 -2.256451
v 0.904533 0.376244 -2.372867
v 0.904533 0.492661 -2.450654
v 0.841245 0.629983 -2.706764
v 0.841245 0.854861 -2.662033
v 0.841245 1.045504 -2.534650
v 0.841246 1.172888 -2.344007
v 0.841246 1.217619 -2.119129
v 0.841246 1.172888 -1.894251
v 0.841246 1.045504 -1.703608
v 0.841247 0.854861 -1.576224
v 0.841247 0.629983 -1.531493
v 0.841247 0.405105 -1.576224
v 0.841246 0.214462 -1.703608
v 0.841246 0.087079 -1.894251
v 0.841246 0.042347 -2.119129
v 0.841246 0.087079 -2.344007
v 0.841245 0.214462 -2.534650
v 0.841245 0.405105 -2.662033
v 0.849842 0.629983 -2.533020
v 0.849842 0.788373 -2.501515
v 0.849842 0.922649 -2.411794
v 0.849842 1.012369 -2.277518
v 0.849842 1.043875 -2.119129
v 0.849842 1.012369 -1.960739
v 0.849843 0.922649 -1.826463
v 0.849843 0.788373 -1.736743
v 0.849843 0.629983 -1.705237
v 0.849843 0.471593 -1.736743
v 0.849843 0.337317 -1.826463
v 0.849842 0.247597 -1.960739
v 0.849842 0.216091 -2.119129
v 0.849842 0.247597 -2.277518
v 0.849842 0.337317 -2.411794
v 0.849842 0.471593 -2.501515
v 0.807956 0.629983 -2.655553
v 0.807956 0.835264 -2.614721
v 0.807957 1.009293 -2.498438
v 0.807957 1.125575 -2.324409
v 0.807957 1.166408 -2.119129
v 0.807957 1.125575 -1.913848
v 0.807957 1.009293 -1.739819
v 0.807957 0.835264 -1.623537
v 0.807958 0.629983 -1.582704
v 0.807957 0.424702 -1.623537
v 0.807957 0.250673 -1.739819
v 0.807957 0.134391 -1.913847
v 0.807957 0.093558 -2.119129
v 0.807957 0.134391 -2.324409
v 0.807956 0.250673 -2.498438
v 0.807956 0.424702 -2.614721
v 0.821278 0.629983 -2.580152
v 0.821278 0.806409 -2.545059
v 0.821278 0.955976 -2.445121
v 0.821278 1.055913 -2.295555
v 0.821278 1.091006 -2.119129
v 0.821278 1.055913 -1.942703
v 0.821279 0.955976 -1.793136
v 0.821279 0.806409 -1.693199
v 0.821279 0.629983 -1.658105
v 0.821279 0.453557 -1.693199
v 0.821278 0.303990 -1.793136
v 0.821278 0.204053 -1.942703
v 0.821278 0.168960 -2.119129
v 0.821278 0.204053 -2.295555
v 0.821278 0.303990 -2.445121
v 0.821278 0.453557 -2.545059
v 0.904533 0.629983 -2.433880
v 0.904533 0.750433 -2.409922
v 0.904533 0.852546 -2.341692
v 0.904533 0.920776 -2.239579
v 0.904533 0.944735 -2.119129
v 0.904534 0.920776 -1.998679
v 0.904534 0.852546 -1.896566
v 0.904534 0.750433 -1.828336
v 0.904534 0.629983 -1.804377
v 0.904534 0.509533 -1.828336
v 0.904534 0.407420 -1.896566
v 0.904534 0.339190 -1.998678
v 0.904533 0.315231 -2.119129
v 0.904533 0.339190 -2.239579
v 0.904533 0.407420 -2.341692
v 0.904533 0.509533 -2.409922
v 0.835724 0.669479 -2.216500
v 0.835724 0.629983 -2.224357
v 0.835724 0.702962 -2.194128
v 0.835724 0.725335 -2.160645
v 0.835724 0.733191 -2.121149
v 0.835724 0.725335 -2.081653
v 0.835724 0.702962 -2.048170
v 0.835724 0.669479 -2.025797
v 0.835724 0.629983 -2.017941
v 0.835724 0.590487 -2.025797
v 0.835724 0.557004 -2.048170
v 0.835724 0.534631 -2.081653
v 0.835724 0.526775 -2.121149
v 0.835724 0.534631 -2.160645
v 0.835724 0.557004 -2.194128
v 0.835724 0.590487 -2.216500
v -1.235717 0.629983 -1.469100
v -1.235717 0.878784 -1.518590
v -1.235717 1.089707 -1.659524
v -1.235718 1.230641 -1.870447
v -1.235718 1.280131 -2.119248
v -1.235718 1.230642 -2.368049
v -1.235718 1.089707 -2.578972
v -1.235718 0.878784 -2.719907
v -1.235718 0.629983 -2.769396
v -1.235718 0.381182 -2.719907
v -1.235718 0.170259 -2.578972
v -1.235718 0.029325 -2.368049
v -1.235718 -0.020165 -2.119248
v -1.235718 0.029325 -1.870447
v -1.235718 0.170259 -1.659524
v -1.235717 0.381182 -1.518590
v -1.235718 0.629983 -1.760408
v -1.235718 0.767305 -1.787723
v -1.235718 0.883722 -1.865509
v -1.235718 0.961508 -1.981926
v -1.235718 0.988824 -2.119248
v -1.235718 0.961508 -2.256571
v -1.235718 0.883722 -2.372987
v -1.235718 0.767305 -2.450773
v -1.235718 0.629983 -2.478089
v -1.235718 0.492661 -2.450773
v -1.235718 0.376245 -2.372987
v -1.235718 0.298458 -2.256571
v -1.235718 0.271143 -2.119248
v -1.235718 0.298458 -1.981926
v -1.235718 0.376244 -1.865510
v -1.235718 0.492661 -1.787723
v -1.299005 0.629983 -1.531612
v -1.299005 0.854861 -1.576343
v -1.299005 1.045504 -1.703727
v -1.299005 1.172888 -1.894369
v -1.299005 1.217619 -2.119248
v -1.299006 1.172888 -2.344126
v -1.299006 1.045504 -2.534769
v -1.299006 0.854861 -2.662152
v -1.299006 0.629983 -2.706883
v -1.299006 0.405105 -2.662152
v -1.299006 0.214462 -2.534769
v -1.299006 0.087079 -2.344126
v -1.299005 0.042347 -2.119248
v -1.299005 0.087079 -1.894369
v -1.299005 0.214462 -1.703727
v -1.299005 0.405105 -1.576343
v -1.318973 0.629983 -1.658224
v -1.318973 0.806409 -1.693318
v -1.318973 0.955976 -1.793255
v -1.318973 1.055913 -1.942822
v -1.318973 1.091006 -2.119248
v -1.318973 1.055913 -2.295674
v -1.318973 0.955976 -2.445240
v -1.318973 0.806409 -2.545178
v -1.318973 0.629983 -2.580271
v -1.318973 0.453557 -2.545178
v -1.318973 0.303990 -2.445240
v -1.318973 0.204053 -2.295674
v -1.318973 0.168960 -2.119248
v -1.318973 0.204053 -1.942822
v -1.318973 0.303990 -1.793255
v -1.318973 0.453557 -1.693318
v -1.235718 0.629983 -1.804496
v -1.235718 0.750433 -1.828455
v -1.235718 0.852546 -1.896685
v -1.235718 0.920776 -1.998798
v -1.235718 0.944735 -2.119248
v -1.235718 0.920776 -2.239698
v -1.235718 0.852546 -2.341811
v -1.235718 0.750433 -2.410041
v -1.235718 0.629983 -2.434000
v -1.235718 0.509533 -2.410041
v -1.235718 0.407420 -2.341811
v -1.235718 0.339190 -2.239698
v -1.235718 0.315231 -2.119248
v -1.235718 0.339190 -1.998798
v -1.235718 0.407420 -1.896685
v -1.235718 0.509533 -1.828455
v -1.235718 0.629983 -1.948929
v -1.235718 0.694388 -1.961741
v -1.235718 0.748988 -1.998223
v -1.235718 0.785470 -2.052823
v -1.235718 0.798281 -2.117228
v -1.235718 0.785470 -2.181633
v -1.235718 0.748988 -2.236233
v -1.235718 0.694388 -2.272715
v -1.235718 0.629983 -2.285526
v -1.235718 0.565578 -2.272715
v -1.235718 0.510978 -2.236233
v -1.235718 0.474496 -2.181633
v -1.235718 0.461685 -2.117228
v -1.235718 0.474496 -2.052823
v -1.235718 0.510978 -1.998223
v -1.235718 0.565578 -1.961741
v -1.304527 0.629983 -2.034353
v -1.304527 0.661698 -2.040661
v -1.304527 0.688584 -2.058627
v -1.304527 0.706549 -2.085513
v -1.304527 0.712858 -2.117228
v -1.304527 0.706549 -2.148942
v -1.304527 0.688584 -2.175829
v -1.304527 0.661698 -2.193794
v -1.304527 0.629983 -2.200102
v -1.304527 0.598268 -2.193794
v -1.304527 0.571382 -2.175829
v -1.304527 0.553417 -2.148942
v -1.304527 0.547108 -2.117228
v -1.304527 0.553417 -2.085513
v -1.304527 0.571382 -2.058627
v -1.304527 0.598268 -2.040661
v -1.304527 0.669479 -2.021876
v -1.304527 0.629983 -2.014020
v -1.304527 0.702962 -2.044249
v -1.304527 0.725335 -2.077732
v -1.304527 0.733191 -2.117228
v -1.304527 0.725335 -2.156723
v -1.304527 0.702962 -2.190207
v -1.304527 0.669479 -2.212579
v -1.304527 0.629983 -2.220436
v -1.304527 0.590487 -2.212579
v -1.304527 0.557004 -2.190207
v -1.304527 0.534631 -2.156723
v -1.304527 0.526775 -2.117228
v -1.304527 0.534631 -2.077732
v -1.304527 0.557004 -2.044249
v -1.304527 0.590487 -2.021876
v -1.235718 0.709110 -2.308788
v -1.235718 0.776190 -2.263966
v -1.235718 0.550856 -1.926729
v -1.235718 0.483776 -1.971551
v -1.235718 0.629983 -2.324527
v -1.235718 0.709110 -1.926729
v -1.235718 0.629983 -1.910990
v -1.235718 0.550856 -2.308788
v -1.235718 0.776190 -1.971551
v -1.235718 0.483776 -2.263966
v -1.235718 0.821012 -2.038632
v -1.235718 0.438954 -2.196885
v -1.235718 0.836751 -2.117759
v -1.235718 0.423215 -2.117759
v -1.235718 0.821012 -2.196885
v -1.235718 0.438954 -2.038632
v -0.904533 0.629983 -1.469100
v -0.904533 0.878784 -1.518590
v -0.904533 1.089707 -1.659524
v -0.904533 1.230641 -1.870448
v -0.904534 1.280131 -2.119248
v -0.904534 1.230642 -2.368049
v -0.904534 1.089707 -2.578972
v -0.904534 0.878784 -2.719907
v -0.904534 0.629983 -2.769396
v -0.904534 0.381182 -2.719907
v -0.904534 0.170259 -2.578972
v -0.904534 0.029325 -2.368049
v -0.904534 -0.020165 -2.119248
v -0.904533 0.029325 -1.870447
v -0.904533 0.170259 -1.659524
v -0.904533 0.381182 -1.518590
v -0.904533 0.629983 -1.760408
v -0.904533 0.767305 -1.787723
v -0.904533 0.883722 -1.865509
v -0.904534 0.961508 -1.981926
v -0.904534 0.988824 -2.119248
v -0.904534 0.961508 -2.256571
v -0.904534 0.883722 -2.372987
v -0.904534 0.767305 -2.450774
v -0.904534 0.629983 -2.478089
v -0.904534 0.492661 -2.450774
v -0.904534 0.376245 -2.372987
v -0.904534 0.298458 -2.256571
v -0.904534 0.271143 -2.119248
v -0.904534 0.298458 -1.981926
v -0.904533 0.376244 -1.865510
v -0.904533 0.492661 -1.787723
v -0.841246 0.629983 -1.531613
v -0.841246 0.854861 -1.576344
v -0.841246 1.045504 -1.703727
v -0.841246 1.172888 -1.894370
v -0.841246 1.217619 -2.119248
v -0.841246 1.172888 -2.344127
v -0.841247 1.045504 -2.534770
v -0.841247 0.854861 -2.662153
v -0.841247 0.629983 -2.706884
v -0.841247 0.405105 -2.662153
v -0.841246 0.214462 -2.534770
v -0.841246 0.087079 -2.344127
v -0.841246 0.042347 -2.119248
v -0.841246 0.087079 -1.894369
v -0.841246 0.214462 -1.703727
v -0.841246 0.405105 -1.576344
v -0.849842 0.629983 -1.705356
v -0.849842 0.788373 -1.736862
v -0.849842 0.922649 -1.826582
v -0.849842 1.012369 -1.960859
v -0.849842 1.043875 -2.119248
v -0.849843 1.012369 -2.277638
v -0.849843 0.922649 -2.411914
v -0.849843 0.788373 -2.501635
v -0.849843 0.629983 -2.533140
v -0.849843 0.471593 -2.501635
v -0.849843 0.337317 -2.411914
v -0.849843 0.247597 -2.277638
v -0.849842 0.216091 -2.119248
v -0.849842 0.247597 -1.960859
v -0.849842 0.337317 -1.826582
v -0.849842 0.471593 -1.736862
v -0.807957 0.629983 -1.582824
v -0.807957 0.835264 -1.623656
v -0.807957 1.009293 -1.739939
v -0.807957 1.125575 -1.913967
v -0.807957 1.166408 -2.119248
v -0.807957 1.125575 -2.324529
v -0.807957 1.009293 -2.498558
v -0.807958 0.835264 -2.614841
v -0.807958 0.629983 -2.655674
v -0.807958 0.424702 -2.614841
v -0.807957 0.250673 -2.498558
v -0.807957 0.134391 -2.324529
v -0.807957 0.093558 -2.119248
v -0.807957 0.134391 -1.913967
v -0.807957 0.250673 -1.739939
v -0.807957 0.424702 -1.623656
v -0.821278 0.629983 -1.658225
v -0.821278 0.806409 -1.693318
v -0.821278 0.955976 -1.793256
v -0.821278 1.055913 -1.942822
v -0.821278 1.091006 -2.119248
v -0.821279 1.055913 -2.295674
v -0.821279 0.955976 -2.445241
v -0.821279 0.806409 -2.545178
v -0.821279 0.629983 -2.580272
v -0.821279 0.453557 -2.545178
v -0.821279 0.303990 -2.445241
v -0.821279 0.204053 -2.295674
v -0.821278 0.168960 -2.119248
v -0.821278 0.204053 -1.942822
v -0.821278 0.303990 -1.793256
v -0.821278 0.453557 -1.693318
v -0.904533 0.629983 -1.804496
v -0.904533 0.750433 -1.828455
v -0.904533 0.852546 -1.896685
v -0.904534 0.920776 -1.998798
v -0.904534 0.944735 -2.119248
v -0.904534 0.920776 -2.239698
v -0.904534 0.852546 -2.341811
v -0.904534 0.750433 -2.410041
v -0.904534 0.629983 -2.434000
v -0.904534 0.509533 -2.410041
v -0.904534 0.407420 -2.341811
v -0.904534 0.339190 -2.239698
v -0.904534 0.315231 -2.119248
v -0.904534 0.339190 -1.998798
v -0.904533 0.407420 -1.896685
v -0.904533 0.509533 -1.828455
v -0.835724 0.669479 -2.021877
v -0.835724 0.629983 -2.014020
v -0.835724 0.702962 -2.044249
v -0.835724 0.725335 -2.077732
v -0.835724 0.733191 -2.117229
v -0.835724 0.725335 -2.156724
v -0.835724 0.702962 -2.190207
v -0.835724 0.669479 -2.212580
v -0.835724 0.629983 -2.220436
v -0.835724 0.590487 -2.212580
v -0.835724 0.557004 -2.190207
v -0.835724 0.534631 -2.156724
v -0.835724 0.526775 -2.117228
v -0.835724 0.534631 -2.077732
v -0.835724 0.557004 -2.044249
v -0.835724 0.590487 -2.021877
v -1.200001 0.580587 -0.895393
v -1.191730 1.795149 -0.895424
v -1.200000 0.878249 1.177585
v -1.192483 1.782969 1.077055
v -1.192696 1.794886 -1.161605
v -1.200001 0.996898 -1.104480
v -1.188459 1.821640 -1.765407
v -1.200001 1.497126 -1.765407
v -1.200001 1.368347 -1.576652
v -1.188459 1.821640 -1.654793
v -1.200001 1.146863 -3.156413
v -1.200001 1.497126 -2.449321
v -1.188460 1.821640 -2.901886
v -1.200001 1.146863 -2.871018
v -1.188459 1.821640 -2.449321
v -1.200001 1.368347 -2.638075
v -1.188460 1.821640 -2.638075
v -1.200000 0.580587 1.562856
v -1.200000 1.609445 1.883877
v -1.200000 1.269154 1.907140
v -1.200000 1.609445 2.032757
v -1.200000 1.374158 2.100218
v -1.200000 1.563382 2.100218
v -1.200000 1.374158 2.407152
v -1.200000 1.524611 2.407152
v -1.199999 1.309540 2.851399
v -1.199999 1.404530 2.851399
v -1.199999 1.309540 2.964481
v -1.199999 1.372221 2.964481
v -1.199999 1.158766 2.851399
v -1.199999 1.158766 2.964481
v -1.122890 2.357810 -0.895393
v -1.130292 2.296190 1.077055
v -1.131118 2.290422 -1.161605
v -1.000076 2.566247 -0.895393
v -1.000076 2.566247 -1.302950
v -0.000000 0.580587 1.404672
v -0.000000 1.744396 1.320927
v -0.000000 0.580587 -0.895393
v -0.000000 0.696899 -1.230372
v -0.000000 1.368347 -1.576653
v -0.000000 0.580587 1.562856
v -0.000000 1.734703 1.883877
v -0.000000 1.269154 1.907139
v -0.000000 1.728241 2.032756
v -0.000000 1.374158 2.100217
v -0.000000 1.728241 2.100217
v -0.000000 1.374158 2.407152
v -0.000000 1.673316 2.407152
v -0.000000 1.309540 2.851399
v -0.000000 1.522390 2.851399
v -0.455216 1.309540 2.909796
v -0.000000 1.490082 2.964480
v -0.000000 0.975789 2.851399
v -0.000000 0.975789 2.964480
v -0.000000 2.408890 1.186935
v -0.000000 2.566247 1.126493
v -0.000000 2.566247 -0.895393
v -0.000000 2.566247 -1.302950
v -0.000000 1.146863 -2.871018
v -0.000000 1.146863 -3.156414
v -0.000000 1.368347 -2.638076
v -0.000000 1.497126 -1.765407
v -0.000000 1.497126 -2.449322
v -1.200000 0.878249 0.033996
v -1.192489 1.789026 0.096072
v -1.130288 2.296190 0.096072
v -1.000075 2.566247 -0.017084
v -0.000000 0.580587 -0.017085
v -1.099343 1.825225 1.310154
v -1.200000 0.580587 1.404672
v -1.200000 0.878249 -0.123590
v -1.029670 2.386770 1.192412
v -1.131137 2.290425 -0.191478
v -1.200000 1.727767 -0.017084
v -1.200001 1.727767 -1.470440
v -1.200001 0.696899 -1.230372
v -1.200001 0.878249 -0.883218
v -1.116256 2.465753 -0.017084
v -1.116256 2.465753 -0.895393
v -1.116256 2.465753 -1.302950
v -1.200000 0.580587 -0.017084
v -1.191753 1.795152 -0.191478
v -1.200000 0.580587 0.693794
v -1.192487 1.785979 0.617569
v -1.116256 2.465753 0.584926
v -1.000075 2.566247 0.554705
v -0.000000 0.580587 0.693794
v -1.200000 0.878249 0.605791
v -1.130291 2.296190 0.589460
v -1.016754 2.415017 1.186481
v -1.086212 2.523791 -0.895393
v -1.086212 2.523791 -1.302950
v -1.086211 2.523791 -0.017084
v -1.086211 2.523791 0.569815
v -0.784270 1.825702 1.309789
v -0.782771 1.734703 1.883877
v -0.782771 1.728241 2.032757
v -0.782771 1.728241 2.100218
v -0.782771 1.673316 2.407152
v -0.782770 1.522390 2.851399
v -0.782770 1.309540 2.964480
v -0.583395 2.466907 1.175243
v -1.051261 1.825327 1.310092
v -1.002018 1.825423 1.310031
v -0.976124 0.580587 -0.895393
v -1.038284 0.580587 -0.895393
v -0.976126 0.696899 -1.230371
v -1.038282 0.696899 -1.230371
v -0.976072 1.146863 -2.871019
v -1.038337 1.146863 -2.871019
v -0.682194 1.309292 -3.156414
v -1.038367 1.146863 -3.156413
v -1.077216 1.734703 1.883877
v -1.100129 1.639427 1.883877
v -1.083616 1.655294 2.032757
v -1.100114 1.637885 2.032757
v -1.100029 1.591846 2.100218
v -1.066128 1.655270 2.100218
v -1.065874 1.610330 2.407152
v -1.100282 1.549142 2.407152
v -1.100716 1.421614 2.851399
v -1.065441 1.478406 2.851399
v -1.065385 1.446107 2.964480
v -1.100771 1.389296 2.964481
v -0.583395 2.566247 1.126494
v -0.976119 1.497126 -1.765407
v -1.038289 1.497126 -1.765407
v -0.902196 2.566247 -0.017084
v -0.837384 2.566247 -0.017085
v -0.902231 2.566247 0.554705
v -0.837348 2.566247 0.554705
v -0.961491 2.466971 1.175547
v -0.896496 2.466960 1.175494
v -1.038316 0.580587 1.404672
v -0.976091 0.580587 1.404672
v -1.038284 1.368347 -1.576653
v -0.976125 1.368347 -1.576653
v -1.038338 0.580587 1.562856
v -0.976068 0.580587 1.562856
v -1.038370 1.269154 1.907140
v -0.976037 1.269154 1.907140
v -1.038412 1.374158 2.100218
v -0.975995 1.374158 2.100218
v -1.038468 1.374158 2.407152
v -0.975939 1.374158 2.407152
v -1.038543 1.309540 2.851399
v -0.975863 1.309540 2.851399
v -1.038224 1.309540 2.964480
v -1.100861 1.309540 2.964481
v -0.782770 0.975789 2.851399
v -1.038642 1.158766 2.851399
v -1.038111 1.158766 2.964480
v -1.100974 1.158766 2.964481
v -1.127798 2.315018 -1.559308
v -0.837310 2.566247 -0.895393
v -0.902271 2.566247 -0.895393
v -0.837119 2.566247 -1.302950
v -0.902462 2.566247 -1.302950
v -1.038315 1.368347 -2.638076
v -0.976094 1.368347 -2.638076
v -1.038300 1.497126 -2.449321
v -0.976109 1.497126 -2.449321
v -1.038290 0.580587 -0.017084
v -0.976118 0.580587 -0.017084
v -1.038300 0.580587 0.693794
v -0.976107 0.580587 0.693794
v -1.000076 2.566247 -3.156413
v -0.000000 2.408890 -3.156414
v -0.000000 2.566247 -3.156414
v -1.116257 2.465753 -3.156413
v -1.086212 2.523791 -3.156413
v -0.000000 2.466928 -3.156414
v -0.682194 2.246461 -3.156414
v -0.981894 2.408890 -3.156413
v -0.837120 2.566247 -3.156414
v -0.902463 2.566247 -3.156414
v -0.961598 2.466928 -3.156413
v -0.896391 2.466928 -3.156414
v -1.127798 2.315018 -1.765406
v -0.837119 2.566247 -1.765406
v -1.086212 2.523791 -1.765407
v -0.902462 2.566247 -1.765406
v -1.000076 2.566247 -1.765407
v -0.000000 2.566247 -1.765407
v -0.837119 2.566247 -2.449321
v -1.086212 2.523791 -2.449321
v -0.902463 2.566247 -2.449321
v -0.000000 2.566247 -2.449322
v -1.127798 2.315018 -2.449321
v -1.000076 2.566247 -2.449321
v -0.837120 2.566247 -2.638075
v -1.086212 2.523791 -2.638075
v -0.902463 2.566247 -2.638075
v -0.000000 2.566247 -2.638076
v -1.127798 2.315018 -2.638075
v -1.000076 2.566247 -2.638075
v -0.837120 2.566247 -2.871018
v -1.086212 2.523791 -2.894281
v -0.902463 2.566247 -2.871018
v -0.000000 2.566247 -2.871018
v -1.127798 2.315018 -2.814826
v -1.000076 2.566247 -2.894281
v -1.116256 2.465753 -1.765406
v -1.116256 2.465753 -2.449321
v -1.116257 2.465753 -2.638075
v -1.116257 2.465753 -2.894281
v -0.046119 1.309292 -3.156414
v -0.976043 1.146863 -3.156413
v -0.917396 2.408890 -3.156413
v -0.046119 2.246461 -3.156414
v -0.782770 0.975789 2.964480
v -0.782770 1.490082 2.964480
v -0.000000 1.134431 2.909795
v -0.000000 1.417026 2.909795
v -1.200000 1.727767 1.320928
v -1.116255 2.465753 1.186936
v -1.086211 2.523791 1.156715
v -0.088817 2.466824 1.174845
v -0.088816 1.825585 1.309230
v -0.088817 2.408785 1.187008
v -1.000075 2.566247 1.126494
v -0.782771 1.744396 1.320927
v -0.902380 2.566247 1.126494
v -1.101645 1.731687 1.320927
v -1.077217 1.734246 1.320927
v -0.455216 1.134431 2.909796
v -0.455216 1.417026 2.909796
v -0.000000 1.309540 2.909795
v -0.088848 1.817657 1.271401
v -0.088848 2.400857 1.149179
v -0.088848 2.458896 1.137015
v -0.583427 2.400940 1.149576
v -0.583427 2.458979 1.137413
v -0.784302 1.817774 1.271960
v -0.961523 2.459043 1.137717
v -0.896527 2.459032 1.137665
v -1.002049 1.817495 1.272201
v -0.917501 2.400996 1.149845
v -0.981849 2.401007 1.149896
v -1.051293 1.817399 1.272262
v -1.029702 2.378842 1.154582
v -1.016786 2.407089 1.148651
v -1.099375 1.817297 1.272324
v -1.200000 1.727767 -0.123590
v -1.201104 1.727442 -1.396250
v -1.122890 2.357810 -0.123590
v -1.131161 2.290428 -0.895393
v -1.122890 2.357810 -1.246266
v -1.200000 1.727767 0.033996
v -1.200000 1.720953 1.200421
v -1.122778 2.357810 1.144925
v -1.122778 2.357810 0.589460
v -1.122778 2.357810 0.033996
v -1.256943 1.732970 -0.123567
v -1.256944 1.732970 -0.895369
v -1.256944 0.883452 -0.883194
v -1.258047 1.732645 -1.396227
v -1.256943 1.729563 0.617232
v -1.256943 1.732970 0.034020
v -1.256943 1.726156 1.200445
v -1.256943 0.883452 1.177609
v -1.256943 0.883452 0.605814
v -1.179721 2.363013 1.144948
v -1.179721 2.363013 0.589484
v -1.179721 2.363013 0.034020
v -1.256943 0.883452 0.034020
v -1.256944 1.002101 -1.104457
v -1.179833 2.363013 -0.123567
v -1.179833 2.363013 -0.895369
v -1.179833 2.363013 -1.246243
v -1.256943 0.883452 -0.123567
v -1.248696 1.800355 -0.191455
v -1.248673 1.800352 -0.895400
v -1.249639 1.800089 -1.161582
v -1.188080 2.295628 -0.191455
v -1.188104 2.295630 -0.895369
v -1.188061 2.295625 -1.161582
v -1.249430 1.791182 0.617592
v -1.249432 1.794229 0.096096
v -1.249426 1.788172 1.077079
v -1.187235 2.301393 1.077079
v -1.187234 2.301393 0.589484
v -1.187231 2.301392 0.096096
v -1.123592 1.481295 1.043633
v -1.123592 1.629194 1.043633
v -1.123591 1.481295 1.198080
v -1.123591 1.629194 1.198080
v -1.271491 1.481295 1.043634
v -1.271491 1.629194 1.043634
v -1.271491 1.481295 1.198080
v -1.271491 1.629194 1.198080
v -1.123591 1.481295 1.322927
v -1.123591 1.629194 1.322927
v -1.213229 1.481295 1.322927
v -1.213229 1.629194 1.322927
v -1.123592 1.001884 1.043633
v -1.123592 1.149783 1.043633
v -1.123591 1.001884 1.198080
v -1.123591 1.149783 1.198080
v -1.271491 1.001884 1.043634
v -1.271491 1.149783 1.043634
v -1.271491 1.001884 1.198080
v -1.271491 1.149783 1.198080
v -1.123591 1.001884 1.322927
v -1.123591 1.149783 1.322927
v -1.213229 1.001884 1.322927
v -1.213229 1.149783 1.322927
v -1.123592 1.481295 -0.250740
v -1.123592 1.629194 -0.250740
v -1.123592 1.481295 -0.096293
v -1.123592 1.629194 -0.096293
v -1.271492 1.481295 -0.250740
v -1.271492 1.629194 -0.250740
v -1.271492 1.481295 -0.096293
v -1.271492 1.629194 -0.096293
v -1.123592 1.481295 0.028553
v -1.123592 1.629194 0.028553
v -1.213230 1.481295 0.028553
v -1.213230 1.629194 0.028553
v -1.123592 1.001884 -0.250740
v -1.123592 1.149783 -0.250740
v -1.123592 1.001884 -0.096293
v -1.123592 1.149783 -0.096293
v -1.271492 1.001884 -0.250740
v -1.271492 1.149783 -0.250740
v -1.271492 1.001884 -0.096293
v -1.271492 1.149783 -0.096293
v -1.123592 1.001884 0.028553
v -1.123592 1.149783 0.028553
v -1.213230 1.001884 0.028553
v -1.213230 1.149783 0.028553
v -1.151476 1.817092 -1.765407
v -1.090814 2.310471 -1.765407
v -1.151476 1.817092 -2.449321
v -1.090815 2.310471 -2.449321
v -1.151476 1.817092 -2.638075
v -1.090815 2.310471 -2.638075
v -1.151476 1.817092 -1.654793
v -1.151476 1.817092 -2.901886
v -1.090815 2.310471 -1.559308
v -1.090815 2.310471 -2.814826
v -1.197704 1.748015 -3.156413
v -1.200001 1.707473 -3.156413
v -1.178886 1.727754 -3.156413
v -0.902462 2.566247 -1.424505
v -0.902462 2.566247 -1.465125
v -0.902462 2.550017 -1.444815
v -0.000000 1.707472 -3.156414
v -0.000000 1.748063 -3.156414
v -0.000000 1.727768 -3.156414
v -0.837119 2.566247 -1.465125
v -0.837119 2.566247 -1.424511
v -0.837119 2.550017 -1.444818
v -1.000076 2.566247 -1.465125
v -1.000076 2.566247 -1.424497
v -1.000076 2.550017 -1.444811
v -1.086212 2.523791 -1.424485
v -1.086212 2.523791 -1.465125
v -1.065770 2.511737 -1.444805
v -1.038406 1.707473 -3.156413
v -1.036727 1.748020 -3.156413
v -1.037915 1.727755 -3.156413
v -0.682194 1.700491 -3.156414
v -0.682194 1.741083 -3.156414
v -0.682194 1.720787 -3.156414
v -0.000000 2.566247 -1.465126
v -0.000000 2.566247 -1.424515
v -0.000000 2.550017 -1.444820
v -1.197518 1.747957 -1.765407
v -1.200001 1.707474 -1.765407
v -1.178832 1.727737 -1.765407
v -1.201138 1.707603 -1.559858
v -1.197517 1.747968 -1.593468
v -1.179164 1.727778 -1.576659
v -1.200001 1.707474 -2.638075
v -1.197520 1.747945 -2.638075
v -1.178832 1.727733 -2.638075
v -1.200001 1.707474 -3.009459
v -1.197653 1.748006 -3.014470
v -1.178872 1.727751 -3.013002
v -1.200001 1.707474 -2.449321
v -1.197520 1.747949 -2.449321
v -1.178832 1.727735 -2.449321
v -1.114837 2.468494 -1.464926
v -1.116256 2.465753 -1.424469
v -1.095398 2.466556 -1.444753
v -0.046119 1.748063 -3.156414
v -0.046119 1.707472 -3.156414
v -0.046119 1.727768 -3.156414
v -0.974259 1.748022 -3.156413
v -0.976003 1.707472 -3.156413
v -0.975492 1.727756 -3.156413
v -0.402537 0.975789 2.964480
v -0.402538 1.744396 1.320927
v -0.402538 1.734703 1.883877
v -0.553273 1.728241 2.076937
v -0.553273 1.729088 2.095488
v -0.485879 1.676002 2.397033
v -0.368676 1.536602 2.809567
v -0.402537 1.490082 2.964480
v -0.402538 2.466866 1.175044
v -0.402538 0.580587 -0.017085
v -0.402538 0.580587 -0.895393
v -0.402539 0.696899 -1.230372
v -0.402539 1.368347 -1.576653
v -0.402539 1.146863 -2.871018
v -0.402539 1.368347 -2.638076
v -0.402539 1.146863 -3.156413
v -0.402538 2.566247 1.126494
v -0.402539 1.497126 -1.765407
v -0.402539 1.497126 -2.449322
v -0.402538 2.566247 -0.895393
v -0.402538 0.580587 1.404672
v -0.402538 0.580587 0.693794
v -0.402538 0.580587 1.562856
v -0.402538 1.269154 1.907140
v -0.402537 1.374158 2.100218
v -0.402537 1.374158 2.407152
v -0.402537 1.309540 2.851399
v -0.402537 0.975789 2.851399
v -0.402539 2.566247 -1.302950
v -0.402539 2.408890 -3.156413
v -0.402539 2.466928 -3.156413
v -0.402539 2.566247 -3.156413
v -0.402539 2.566247 -1.765406
v -0.402539 2.566247 -2.449322
v -0.402539 2.566247 -2.638076
v -0.402539 2.566247 -2.871018
v -0.402539 1.309292 -3.156413
v -0.402539 2.246461 -3.156413
v -0.402537 1.134431 2.909796
v -0.402537 1.417026 2.909796
v -0.402538 1.825643 1.309510
v -0.402537 1.309540 2.909796
v -0.402538 2.400899 1.149377
v -0.402538 2.458938 1.137214
v -0.402538 1.817715 1.271680
v -0.402539 2.566247 -1.465125
v -0.402539 2.550017 -1.444819
v -0.402539 2.566247 -1.424513
v -0.044179 1.673316 2.407152
v -0.044179 1.536602 2.809567
v -0.044180 1.728241 2.076936
v -0.044180 1.728241 2.100217
v -0.597453 1.728241 2.032757
v -0.402537 1.522390 2.851399
v -0.597452 1.728241 2.100218
v -0.528820 1.673316 2.407152
v -0.044193 1.631687 2.400400
v -0.044193 1.494973 2.802815
v -0.044193 1.686612 2.070184
v -0.044193 1.686612 2.093466
v -0.553286 1.687458 2.088736
v -0.485893 1.634372 2.390281
v -0.553286 1.686612 2.070185
v -0.368690 1.494973 2.802815
v 0.040037 1.505094 2.776229
v 0.414212 1.532660 2.758961
v 0.040037 1.520948 2.727800
v 0.421295 1.520948 2.727800
v 0.040037 1.532660 2.758961
v 0.410287 1.505094 2.776229
v 0.040037 1.524044 2.720939
v 0.426780 1.551611 2.703671
v 0.040037 1.539898 2.672510
v 0.433863 1.539898 2.672509
v 0.040037 1.551611 2.703672
v 0.422855 1.524044 2.720939
v 0.040037 1.543725 2.663438
v 0.439850 1.571291 2.646170
v 0.040037 1.559579 2.615009
v 0.446933 1.559579 2.615008
v 0.040037 1.571291 2.646171
v 0.435925 1.543725 2.663438
v 0.040037 1.561255 2.608136
v 0.452420 1.588821 2.590868
v 0.040037 1.577108 2.559707
v 0.459503 1.577108 2.559706
v 0.040037 1.588821 2.590868
v 0.448495 1.561255 2.608135
v 0.040037 1.578907 2.555179
v 0.464458 1.606473 2.537911
v 0.040037 1.594761 2.506750
v 0.471541 1.594761 2.506750
v 0.040037 1.606473 2.537911
v 0.460533 1.578907 2.555178
v 0.040037 1.594352 2.502222
v 0.476495 1.621919 2.484954
v 0.040037 1.610206 2.453794
v 0.483578 1.610206 2.453793
v 0.040037 1.621919 2.484954
v 0.472570 1.594352 2.502222
v 0.040037 1.613108 2.451472
v 0.488031 1.640675 2.434204
v 0.040037 1.628962 2.403043
v 0.495114 1.628962 2.403043
v 0.040037 1.640675 2.434204
v 0.484106 1.613108 2.451471
v 0.040037 1.632241 2.392824
v 0.502313 1.656693 2.371372
v 0.040037 1.640149 2.342484
v 0.508879 1.640149 2.342484
v 0.040037 1.656693 2.371372
v 0.497437 1.632241 2.392824
v 0.040037 1.642723 2.334095
v 0.515532 1.667664 2.313214
v 0.040037 1.651793 2.283951
v 0.522184 1.651793 2.283951
v 0.040037 1.667664 2.313214
v 0.510786 1.642723 2.334095
v 0.040037 1.651549 2.280035
v 0.527820 1.676490 2.259154
v 0.040037 1.660619 2.229891
v 0.534472 1.660619 2.229891
v 0.040037 1.676490 2.259154
v 0.523074 1.651549 2.280035
v 0.040037 1.662582 2.225791
v 0.540150 1.687523 2.204910
v 0.040037 1.671652 2.175647
v 0.546802 1.671652 2.175647
v 0.040037 1.687523 2.204910
v 0.535404 1.662582 2.225791
v 0.040037 1.672695 2.166030
v 0.553734 1.697636 2.145149
v 0.040037 1.681765 2.115887
v 0.560386 1.681765 2.115886
v 0.040037 1.697636 2.145150
v 0.548988 1.672695 2.166030
v 0.040037 1.681397 2.111225
v 0.566891 1.703401 2.087268
v 0.040037 1.683847 2.060326
v 0.573015 1.683847 2.060326
v 0.040037 1.703401 2.087268
v 0.561446 1.681397 2.111224
v -0.402539 1.336526 -3.124332
v -0.073352 1.336526 -3.124332
v -0.402539 2.219228 -3.124332
v -0.073352 2.219228 -3.124332
v -0.073352 1.748063 -3.124332
v -0.073352 1.727768 -3.124332
v -0.073352 1.707472 -3.124332
v -0.654961 1.720787 -3.124332
v -0.654961 1.741083 -3.124332
v -0.654961 1.700491 -3.124332
v -0.654961 1.336526 -3.124332
v -0.654961 2.219228 -3.124332
v -0.402539 1.309292 -3.124332
v -0.046119 1.309292 -3.124332
v -0.402539 2.246461 -3.124332
v -0.046119 2.246461 -3.124332
v -0.046119 1.748063 -3.124332
v -0.046119 1.727768 -3.124332
v -0.046119 1.707472 -3.124332
v -0.682194 1.720787 -3.124332
v -0.682194 1.741083 -3.124332
v -0.682194 1.700491 -3.124332
v -0.682194 1.309292 -3.124332
v -0.682194 2.246461 -3.124332
v -0.403763 1.844767 -3.175803
v -0.173553 1.847208 -3.175803
v -0.402539 1.724277 -3.175803
v -0.654961 1.720787 -3.175803
v -0.402539 1.703982 -3.175803
v -0.654961 1.700491 -3.175803
v -0.554760 1.842679 -3.175803
v -0.073352 1.727768 -3.175803
v -0.073352 1.707472 -3.175803
v -0.402539 2.119027 -3.175803
v -0.402539 1.336526 -3.175803
v -0.073352 1.336526 -3.175803
v -0.173553 2.119027 -3.175803
v -0.654961 1.336526 -3.175803
v -0.554760 2.119027 -3.175803
v -0.402539 1.744573 -3.175803
v -0.073352 1.748063 -3.175803
v -0.654961 1.741083 -3.175803
v -0.402539 2.219228 -3.175803
v -0.073352 2.219228 -3.175803
v -0.654961 2.219228 -3.175803
v -0.403763 1.844767 -3.147958
v -0.402539 2.119027 -3.147958
v -0.173553 1.847208 -3.147958
v -0.554760 1.842679 -3.147958
v -0.173553 2.119027 -3.147958
v -0.554760 2.119027 -3.147958
v -0.000000 2.566247 0.572304
v -0.000000 2.566247 -0.611866
v -0.418491 2.566247 0.398709
v -0.226486 2.566247 0.527003
v -0.546785 2.566247 0.206704
v -0.591836 2.566247 -0.019781
v -0.546785 2.566247 -0.246267
v -0.226486 2.566247 -0.566566
v -0.418491 2.566247 -0.438272
v -0.227748 1.994810 0.530051
v -0.420823 1.994810 0.401042
v -0.000000 1.994716 0.575457
v -0.549832 1.994810 0.207966
v -0.595134 1.994810 -0.019781
v -0.549832 1.994810 -0.247529
v -0.227748 1.994810 -0.569613
v -0.000000 1.994716 -0.615020
v -0.420824 1.994810 -0.440604
v -0.480485 1.422662 2.964480
v -0.455216 1.417026 2.945186
v -0.467850 1.419844 2.961895
v -0.458602 1.417781 2.954834
v -0.480535 1.122168 2.964480
v -0.455216 1.134431 2.945186
v -0.467876 1.128299 2.961895
v -0.458608 1.132788 2.954834
v -0.000000 1.134431 2.945186
v -0.000000 1.121182 2.964480
v -0.000000 1.132656 2.954833
v -0.000000 1.127806 2.961895
v -0.000000 1.424578 2.964480
v -0.000000 1.417026 2.945186
v -0.000000 1.420802 2.961895
v -0.000000 1.418038 2.954833
v -0.455216 1.309540 2.945186
v -0.480279 1.309540 2.964480
v -0.458574 1.309540 2.954834
v -0.467748 1.309540 2.961895
v -0.402537 1.134431 2.945186
v -0.402537 1.121424 2.964480
v -0.402537 1.132688 2.954834
v -0.402537 1.127927 2.961895
v -0.402537 1.417026 2.945186
v -0.402537 1.424108 2.964480
v -0.402537 1.417975 2.954834
v -0.402537 1.420567 2.961895
v -1.116256 2.465753 -0.456239
v -1.000075 2.566247 -0.456239
v -0.000000 0.580587 -0.456239
v -1.200000 0.580587 -0.456238
v -1.122890 2.357810 -0.509492
v -1.200001 0.878249 -0.503404
v -1.086212 2.523791 -0.456239
v -0.837347 2.566247 -0.456239
v -0.902234 2.566247 -0.456239
v -1.038287 0.580587 -0.456239
v -0.976121 0.580587 -0.456239
v -1.191742 1.795151 -0.543451
v -1.131149 2.290426 -0.543436
v -1.256943 1.732970 -0.509468
v -1.179833 2.363013 -0.509468
v -1.256943 0.883452 -0.503381
v -1.248685 1.800354 -0.543428
v -1.188092 2.295629 -0.543412
v -0.402538 0.580587 -0.456239
v -0.918704 0.917938 -1.284095
v -0.918704 1.439372 -1.284095
v -0.918702 0.678847 2.603583
v -0.918702 1.439372 2.857848
v -0.918704 0.678847 -0.895226
v -0.918704 1.439372 -0.895226
v -0.918704 0.656077 -1.426410
v -0.918704 1.439372 -1.426410
v -0.918704 0.656077 -2.502316
v -0.918704 1.439372 -2.502316
v -0.918704 1.146863 -3.008471
v -0.918704 1.439372 -3.008471
v -0.918704 1.439372 -2.290456
v -0.918704 1.439372 -1.931820
v -0.918704 0.656077 -2.290456
v -0.918704 0.656077 -1.931820
v -0.918704 0.490991 -2.214917
v -0.918704 0.490991 -2.007359
v -0.918703 0.678847 1.587584
v -0.918703 1.439372 1.587584
v -0.918703 0.678847 2.118656
v -0.918702 0.678847 2.542077
v -0.918702 1.439372 2.542077
v -0.918703 1.439372 2.118656
v -0.918703 0.471304 2.217111
v -0.918703 0.471304 2.443623
v -0.000000 0.678847 2.603583
v -0.000000 1.439372 2.857847
v -0.000000 0.917938 -1.284095
v -0.000000 1.439372 -1.284095
v -0.000000 1.439372 -0.895226
v -0.000000 0.678847 -0.895226
v -0.000000 0.656077 -1.426411
v -0.000000 1.439372 -1.426411
v -0.000000 0.656077 -2.502316
v -0.000000 1.439372 -2.502316
v -0.000000 1.146863 -3.008471
v -0.000000 1.439372 -3.008471
v -0.000000 0.656077 -1.931821
v -0.000000 0.656077 -2.290456
v -0.000000 1.439372 -1.931821
v -0.000000 1.439372 -2.290456
v -0.000000 0.490991 -2.007359
v -0.000000 0.490991 -2.214918
v -0.000000 0.678847 1.587584
v -0.000000 1.439372 1.587584
v -0.000000 1.439372 2.542077
v -0.000000 1.439372 2.118656
v -0.000000 0.678847 2.542077
v -0.000000 0.678847 2.118656
v -0.000000 0.471304 2.443622
v -0.000000 0.471304 2.217110
v 0.040037 1.397010 2.758961
v 0.040037 1.392927 2.776229
v 0.410287 1.392927 2.776229
v 0.421295 1.404379 2.727800
v 0.040037 1.404379 2.727800
v 0.414212 1.397010 2.758961
v 0.040037 1.410085 2.703672
v 0.040037 1.406002 2.720939
v 0.422855 1.406002 2.720939
v 0.433863 1.417454 2.672509
v 0.040037 1.417454 2.672510
v 0.426780 1.410085 2.703671
v 0.040037 1.423683 2.646171
v 0.040037 1.419600 2.663438
v 0.435925 1.419600 2.663438
v 0.446933 1.431052 2.615008
v 0.040037 1.431052 2.615009
v 0.439850 1.423683 2.646170
v 0.040037 1.436761 2.590868
v 0.040037 1.432677 2.608136
v 0.448495 1.432677 2.608135
v 0.459503 1.444130 2.559706
v 0.040037 1.444130 2.559707
v 0.452420 1.436761 2.590868
v 0.040037 1.445200 2.555179
v 0.040037 1.449284 2.537911
v 0.460533 1.445200 2.555178
v 0.040037 1.456653 2.506750
v 0.471541 1.456653 2.506750
v 0.464458 1.449284 2.537911
v 0.040037 1.457724 2.502222
v 0.040037 1.461807 2.484954
v 0.472570 1.457724 2.502222
v 0.040037 1.469176 2.453794
v 0.483578 1.469176 2.453793
v 0.476495 1.461807 2.484954
v 0.040037 1.469725 2.451472
v 0.040037 1.473808 2.434204
v 0.484106 1.469725 2.451471
v 0.040037 1.481177 2.403043
v 0.495114 1.481177 2.403043
v 0.488031 1.473808 2.434204
v 0.040037 1.483594 2.392824
v 0.040037 1.488667 2.371372
v 0.497437 1.483594 2.392824
v 0.040037 1.495498 2.342484
v 0.508879 1.495498 2.342484
v 0.502313 1.488667 2.371372
v 0.040037 1.497482 2.334095
v 0.040037 1.502420 2.313214
v 0.510786 1.497482 2.334095
v 0.040037 1.509340 2.283951
v 0.522184 1.509340 2.283951
v 0.515532 1.502420 2.313214
v 0.040037 1.510266 2.280035
v 0.040037 1.515204 2.259154
v 0.523074 1.510266 2.280035
v 0.040037 1.522124 2.229891
v 0.534472 1.522124 2.229891
v 0.527820 1.515204 2.259154
v 0.040037 1.523093 2.225791
v 0.040037 1.528031 2.204910
v 0.535404 1.523093 2.225791
v 0.040037 1.534951 2.175647
v 0.546802 1.534951 2.175647
v 0.540150 1.528031 2.204910
v 0.040037 1.537225 2.166030
v 0.040037 1.542163 2.145150
v 0.548988 1.537225 2.166030
v 0.040037 1.549083 2.115887
v 0.560386 1.549083 2.115886
v 0.553734 1.542163 2.145149
v 0.040037 1.550186 2.111225
v 0.040037 1.555851 2.087268
v 0.561446 1.550186 2.111224
v 0.040037 1.562222 2.060326
v 0.573015 1.562222 2.060326
v 0.566891 1.555851 2.087268
v 1.200000 0.580587 -0.895393
v 1.191730 1.795149 -0.895424
v 1.200000 0.878249 1.177585
v 1.192483 1.782969 1.077055
v 1.192695 1.794886 -1.161605
v 1.200000 0.996898 -1.104480
v 1.188459 1.821640 -1.765406
v 1.200001 1.497126 -1.765406
v 1.200001 1.368347 -1.576653
v 1.188459 1.821640 -1.654793
v 1.200001 1.146863 -3.156413
v 1.200001 1.497126 -2.449321
v 1.188459 1.821640 -2.901887
v 1.200001 1.146863 -2.871018
v 1.188459 1.821640 -2.449321
v 1.200001 1.368347 -2.638075
v 1.188459 1.821640 -2.638075
v 1.200000 0.580587 1.562856
v 1.199999 1.609445 1.883877
v 1.199999 1.269154 1.907140
v 1.199999 1.609445 2.032757
v 1.199999 1.374158 2.100218
v 1.199999 1.563382 2.100218
v 1.199999 1.374158 2.407152
v 1.199999 1.524611 2.407152
v 1.199999 1.309540 2.851399
v 1.199999 1.404530 2.851399
v 1.199999 1.309540 2.964481
v 1.199999 1.372221 2.964481
v 1.199999 1.158766 2.851399
v 1.199999 1.158766 2.964481
v 1.122890 2.357810 -0.895393
v 1.130292 2.296190 1.077055
v 1.131118 2.290422 -1.161605
v 1.000075 2.566247 -0.895393
v 1.000075 2.566247 -1.302950
v 0.455216 1.309540 2.909796
v 1.200000 0.878249 0.033996
v 1.192489 1.789026 0.096073
v 1.130288 2.296190 0.096072
v 1.000075 2.566247 -0.017085
v 1.099343 1.825225 1.310154
v 1.200000 0.580587 1.404672
v 1.200000 0.878249 -0.123590
v 1.029670 2.386770 1.192412
v 1.131137 2.290425 -0.191478
v 1.200000 1.727767 -0.017084
v 1.200001 1.727767 -1.470439
v 1.200001 0.696899 -1.230371
v 1.200000 0.878249 -0.883218
v 1.116255 2.465753 -0.017084
v 1.116256 2.465753 -0.895393
v 1.116256 2.465753 -1.302950
v 1.200000 0.580587 -0.017084
v 1.191753 1.795152 -0.191478
v 1.200000 0.580587 0.693794
v 1.192487 1.785979 0.617569
v 1.116255 2.465753 0.584926
v 1.000075 2.566247 0.554705
v 1.200000 0.878249 0.605791
v 1.130291 2.296190 0.589461
v 1.016754 2.415017 1.186481
v 1.086211 2.523791 -0.895393
v 1.086212 2.523791 -1.302950
v 1.086211 2.523791 -0.017084
v 1.086211 2.523791 0.569815
v 0.784270 1.825702 1.309790
v 0.782770 1.734703 1.883877
v 0.782770 1.728241 2.032757
v 0.782770 1.728241 2.100218
v 0.782770 1.673316 2.407152
v 0.782770 1.522390 2.851399
v 0.782770 1.309540 2.964480
v 0.583395 2.466907 1.175243
v 1.051261 1.825327 1.310092
v 1.002017 1.825423 1.310031
v 0.976124 0.580587 -0.895393
v 1.038284 0.580587 -0.895393
v 0.976126 0.696899 -1.230372
v 1.038282 0.696899 -1.230371
v 0.976072 1.146863 -2.871018
v 1.038337 1.146863 -2.871018
v 0.682194 1.309292 -3.156414
v 1.038367 1.146863 -3.156413
v 1.077216 1.734703 1.883877
v 1.100129 1.639427 1.883877
v 1.083615 1.655294 2.032757
v 1.100114 1.637885 2.032757
v 1.100029 1.591846 2.100218
v 1.066127 1.655270 2.100218
v 1.065874 1.610330 2.407152
v 1.100282 1.549142 2.407152
v 1.100716 1.421614 2.851399
v 1.065440 1.478406 2.851399
v 1.065385 1.446107 2.964480
v 1.100771 1.389296 2.964481
v 0.583395 2.566247 1.126494
v 0.976119 1.497126 -1.765407
v 1.038289 1.497126 -1.765407
v 0.902196 2.566247 -0.017084
v 0.837384 2.566247 -0.017084
v 0.902231 2.566247 0.554705
v 0.837348 2.566247 0.554705
v 0.961491 2.466971 1.175547
v 0.896495 2.466960 1.175494
v 1.038316 0.580587 1.404672
v 0.976090 0.580587 1.404672
v 1.038283 1.368347 -1.576653
v 0.976125 1.368347 -1.576653
v 1.038338 0.580587 1.562856
v 0.976068 0.580587 1.562856
v 1.038369 1.269154 1.907140
v 0.976037 1.269154 1.907140
v 1.038411 1.374158 2.100218
v 0.975995 1.374158 2.100218
v 1.038467 1.374158 2.407152
v 0.975938 1.374158 2.407152
v 1.038542 1.309540 2.851399
v 0.975863 1.309540 2.851399
v 1.038224 1.309540 2.964480
v 1.100861 1.309540 2.964481
v 0.782770 0.975789 2.851399
v 1.038642 1.158766 2.851399
v 1.038111 1.158766 2.964480
v 1.100974 1.158766 2.964481
v 1.127797 2.315018 -1.559308
v 0.837310 2.566247 -0.895393
v 0.902271 2.566247 -0.895393
v 0.837119 2.566247 -1.302950
v 0.902462 2.566247 -1.302950
v 1.038315 1.368347 -2.638076
v 0.976094 1.368347 -2.638076
v 1.038300 1.497126 -2.449322
v 0.976109 1.497126 -2.449322
v 1.038290 0.580587 -0.017084
v 0.976118 0.580587 -0.017085
v 1.038300 0.580587 0.693794
v 0.976107 0.580587 0.693794
v 1.000076 2.566247 -3.156413
v 1.116256 2.465753 -3.156413
v 1.086212 2.523791 -3.156413
v 0.682194 2.246461 -3.156414
v 0.981893 2.408890 -3.156413
v 0.837119 2.566247 -3.156414
v 0.902463 2.566247 -3.156414
v 0.961598 2.466928 -3.156413
v 0.896391 2.466928 -3.156414
v 1.127798 2.315018 -1.765406
v 0.837119 2.566247 -1.765407
v 1.086212 2.523791 -1.765406
v 0.902462 2.566247 -1.765407
v 1.000076 2.566247 -1.765406
v 0.837119 2.566247 -2.449321
v 1.086212 2.523791 -2.449322
v 0.902462 2.566247 -2.449321
v 1.127798 2.315018 -2.449321
v 1.000076 2.566247 -2.449322
v 0.837119 2.566247 -2.638075
v 1.086212 2.523791 -2.638076
v 0.902462 2.566247 -2.638075
v 1.127798 2.315018 -2.638075
v 1.000076 2.566247 -2.638076
v 0.837119 2.566247 -2.871018
v 1.086212 2.523791 -2.894281
v 0.902463 2.566247 -2.871018
v 1.127798 2.315018 -2.814826
v 1.000076 2.566247 -2.894281
v 1.116256 2.465753 -1.765406
v 1.116256 2.465753 -2.449321
v 1.116256 2.465753 -2.638075
v 1.116256 2.465753 -2.894280
v 0.046118 1.309292 -3.156414
v 0.976042 1.146863 -3.156413
v 0.917396 2.408890 -3.156413
v 0.046118 2.246461 -3.156414
v 0.782770 0.975789 2.964480
v 0.782770 1.490082 2.964480
v 1.200000 1.727767 1.320927
v 1.116255 2.465753 1.186936
v 1.086211 2.523791 1.156715
v 0.088816 2.466824 1.174845
v 0.088815 1.825585 1.309231
v 0.088816 2.408785 1.187008
v 1.000075 2.566247 1.126494
v 0.782771 1.744396 1.320927
v 0.902379 2.566247 1.126494
v 1.101644 1.731687 1.320927
v 1.077216 1.734246 1.320927
v 0.455216 1.134431 2.909796
v 0.455216 1.417026 2.909796
v 0.088847 1.817657 1.271401
v 0.088848 2.400857 1.149179
v 0.088848 2.458896 1.137015
v 0.583427 2.400940 1.149576
v 0.583427 2.458979 1.137413
v 0.784302 1.817774 1.271960
v 0.961522 2.459043 1.137717
v 0.896527 2.459032 1.137665
v 1.002049 1.817495 1.272201
v 0.917501 2.400996 1.149845
v 0.981849 2.401007 1.149897
v 1.051292 1.817399 1.272262
v 1.029701 2.378842 1.154582
v 1.016786 2.407089 1.148651
v 1.099375 1.817297 1.272324
v 1.200000 1.727767 -0.123590
v 1.201104 1.727442 -1.396250
v 1.122890 2.357810 -0.123590
v 1.131160 2.290428 -0.895393
v 1.122890 2.357810 -1.246266
v 1.200000 1.727767 0.033996
v 1.200000 1.720953 1.200421
v 1.122778 2.357810 1.144925
v 1.122778 2.357810 0.589461
v 1.122778 2.357810 0.033996
v 1.256943 1.732970 -0.123567
v 1.256943 1.732970 -0.895369
v 1.256943 0.883452 -0.883194
v 1.258047 1.732645 -1.396227
v 1.256943 1.729563 0.617232
v 1.256943 1.732970 0.034020
v 1.256943 1.726156 1.200445
v 1.256943 0.883452 1.177609
v 1.256943 0.883452 0.605814
v 1.179721 2.363013 1.144949
v 1.179721 2.363013 0.589484
v 1.179721 2.363013 0.034020
v 1.256943 0.883452 0.034020
v 1.256943 1.002101 -1.104456
v 1.179833 2.363013 -0.123567
v 1.179833 2.363013 -0.895369
v 1.179833 2.363013 -1.246243
v 1.256943 0.883452 -0.123567
v 1.248696 1.800355 -0.191455
v 1.248673 1.800352 -0.895400
v 1.249638 1.800089 -1.161581
v 1.188080 2.295628 -0.191455
v 1.188103 2.295630 -0.895369
v 1.188061 2.295625 -1.161582
v 1.249430 1.791182 0.617592
v 1.249432 1.794229 0.096096
v 1.249426 1.788172 1.077079
v 1.187235 2.301393 1.077079
v 1.187234 2.301393 0.589484
v 1.187231 2.301392 0.096096
v 1.123591 1.481295 1.043633
v 1.123591 1.629194 1.043633
v 1.123591 1.481295 1.198080
v 1.123591 1.629194 1.198080
v 1.271491 1.481295 1.043634
v 1.271491 1.629194 1.043634
v 1.271491 1.481295 1.198080
v 1.271491 1.629194 1.198080
v 1.123591 1.481295 1.322927
v 1.123591 1.629194 1.322927
v 1.213229 1.481295 1.322927
v 1.213229 1.629194 1.322927
v 1.123591 1.001884 1.043633
v 1.123591 1.149783 1.043633
v 1.123591 1.001884 1.198080
v 1.123591 1.149783 1.198080
v 1.271491 1.001884 1.043634
v 1.271491 1.149783 1.043634
v 1.271491 1.001884 1.198080
v 1.271491 1.149783 1.198080
v 1.123591 1.001884 1.322927
v 1.123591 1.149783 1.322927
v 1.213229 1.001884 1.322927
v 1.213229 1.149783 1.322927
v 1.123592 1.481295 -0.250740
v 1.123592 1.629194 -0.250740
v 1.123592 1.481295 -0.096293
v 1.123592 1.629194 -0.096293
v 1.271491 1.481295 -0.250740
v 1.271491 1.629194 -0.250740
v 1.271491 1.481295 -0.096293
v 1.271491 1.629194 -0.096293
v 1.123592 1.481295 0.028553
v 1.123592 1.629194 0.028553
v 1.213229 1.481295 0.028553
v 1.213229 1.629194 0.028553
v 1.123592 1.001884 -0.250740
v 1.123592 1.149783 -0.250740
v 1.123592 1.001884 -0.096293
v 1.123592 1.149783 -0.096293
v 1.271491 1.001884 -0.250740
v 1.271491 1.149783 -0.250740
v 1.271491 1.001884 -0.096293
v 1.271491 1.149783 -0.096293
v 1.123592 1.001884 0.028553
v 1.123592 1.149783 0.028553
v 1.213229 1.001884 0.028553
v 1.213229 1.149783 0.028553
v 1.151475 1.817092 -1.765406
v 1.090814 2.310471 -1.765406
v 1.151476 1.817092 -2.449321
v 1.090814 2.310471 -2.449322
v 1.151476 1.817092 -2.638075
v 1.090814 2.310471 -2.638076
v 1.151475 1.817092 -1.654793
v 1.151476 1.817092 -2.901887
v 1.090814 2.310471 -1.559308
v 1.090814 2.310471 -2.814827
v 1.197703 1.748015 -3.156413
v 1.200001 1.707473 -3.156413
v 1.178886 1.727754 -3.156413
v 0.902462 2.566247 -1.424505
v 0.902462 2.566247 -1.465125
v 0.902462 2.550017 -1.444815
v 0.837119 2.566247 -1.465125
v 0.837119 2.566247 -1.424511
v 0.837119 2.550017 -1.444818
v 1.000075 2.566247 -1.465125
v 1.000075 2.566247 -1.424497
v 1.000075 2.550017 -1.444811
v 1.086212 2.523791 -1.424485
v 1.086212 2.523791 -1.465125
v 1.065769 2.511737 -1.444805
v 1.038406 1.707473 -3.156413
v 1.036727 1.748020 -3.156413
v 1.037915 1.727755 -3.156413
v 0.682194 1.700491 -3.156414
v 0.682194 1.741083 -3.156414
v 0.682194 1.720787 -3.156414
v 1.197518 1.747957 -1.765406
v 1.200001 1.707474 -1.765406
v 1.178831 1.727737 -1.765406
v 1.201137 1.707603 -1.559859
v 1.197517 1.747968 -1.593468
v 1.179164 1.727778 -1.576659
v 1.200001 1.707474 -2.638075
v 1.197520 1.747945 -2.638075
v 1.178832 1.727733 -2.638075
v 1.200001 1.707474 -3.009458
v 1.197652 1.748006 -3.014470
v 1.178871 1.727751 -3.013002
v 1.200001 1.707474 -2.449321
v 1.197520 1.747949 -2.449321
v 1.178832 1.727735 -2.449321
v 1.114837 2.468494 -1.464926
v 1.116256 2.465753 -1.424469
v 1.095398 2.466556 -1.444753
v 0.046118 1.748063 -3.156414
v 0.046118 1.707472 -3.156414
v 0.046118 1.727768 -3.156414
v 0.974259 1.748022 -3.156413
v 0.976003 1.707472 -3.156413
v 0.975492 1.727756 -3.156413
v 0.402537 0.975789 2.964480
v 0.402537 1.744396 1.320927
v 0.402537 1.734703 1.883877
v 0.553272 1.728241 2.076936
v 0.553272 1.729088 2.095488
v 0.485879 1.676002 2.397033
v 0.368676 1.536602 2.809567
v 0.402537 1.490082 2.964480
v 0.402538 2.466866 1.175044
v 0.402538 0.580587 -0.017085
v 0.402538 0.580587 -0.895393
v 0.402538 0.696899 -1.230372
v 0.402538 1.368347 -1.576653
v 0.402539 1.146863 -2.871019
v 0.402539 1.368347 -2.638076
v 0.402539 1.146863 -3.156413
v 0.402537 2.566247 1.126494
v 0.402538 1.497126 -1.765407
v 0.402539 1.497126 -2.449321
v 0.402538 2.566247 -0.895393
v 0.402537 0.580587 1.404672
v 0.402538 0.580587 0.693794
v 0.402537 0.580587 1.562856
v 0.402537 1.269154 1.907140
v 0.402537 1.374158 2.100218
v 0.402537 1.374158 2.407152
v 0.402537 1.309540 2.851399
v 0.402537 0.975789 2.851399
v 0.402538 2.566247 -1.302950
v 0.402539 2.408890 -3.156413
v 0.402539 2.466928 -3.156413
v 0.402539 2.566247 -3.156413
v 0.402538 2.566247 -1.765407
v 0.402539 2.566247 -2.449321
v 0.402539 2.566247 -2.638075
v 0.402539 2.566247 -2.871019
v 0.402539 1.309292 -3.156413
v 0.402539 2.246461 -3.156413
v 0.402537 1.134431 2.909796
v 0.402537 1.417026 2.909796
v 0.402537 1.825643 1.309510
v 0.402537 1.309540 2.909796
v 0.402537 2.400899 1.149377
v 0.402537 2.458938 1.137214
v 0.402537 1.817715 1.271680
v 0.402538 2.566247 -1.465125
v 0.402538 2.550017 -1.444819
v 0.402538 2.566247 -1.424513
v 0.044179 1.673316 2.407152
v 0.044179 1.536602 2.809567
v 0.044179 1.728241 2.076936
v 0.044179 1.728241 2.100217
v 0.597452 1.728241 2.032756
v 0.402537 1.522390 2.851399
v 0.597452 1.728241 2.100218
v 0.528820 1.673316 2.407152
v 0.044192 1.631687 2.400400
v 0.044192 1.494973 2.802815
v 0.044193 1.686612 2.070184
v 0.044193 1.686612 2.093466
v 0.553286 1.687458 2.088736
v 0.485892 1.634372 2.390281
v 0.553286 1.686612 2.070184
v 0.368689 1.494973 2.802815
v -0.040038 1.505094 2.776229
v -0.414212 1.532660 2.758961
v -0.040038 1.520948 2.727800
v -0.421296 1.520948 2.727800
v -0.040038 1.532660 2.758961
v -0.410287 1.505094 2.776229
v -0.040038 1.524044 2.720939
v -0.426780 1.551611 2.703671
v -0.040037 1.539898 2.672510
v -0.433863 1.539898 2.672509
v -0.040038 1.551611 2.703672
v -0.422855 1.524044 2.720939
v -0.040037 1.543725 2.663438
v -0.439850 1.571291 2.646170
v -0.040037 1.559579 2.615009
v -0.446933 1.559579 2.615008
v -0.040037 1.571291 2.646171
v -0.435925 1.543725 2.663438
v -0.040037 1.561255 2.608136
v -0.452421 1.588821 2.590868
v -0.040037 1.577108 2.559707
v -0.459504 1.577108 2.559706
v -0.040037 1.588821 2.590868
v -0.448496 1.561255 2.608135
v -0.040037 1.578907 2.555179
v -0.464458 1.606473 2.537911
v -0.040037 1.594761 2.506750
v -0.471541 1.594761 2.506750
v -0.040037 1.606473 2.537911
v -0.460533 1.578907 2.555178
v -0.040037 1.594352 2.502222
v -0.476495 1.621919 2.484954
v -0.040037 1.610206 2.453794
v -0.483578 1.610206 2.453793
v -0.040037 1.621919 2.484954
v -0.472570 1.594352 2.502221
v -0.040037 1.613108 2.451472
v -0.488031 1.640675 2.434204
v -0.040037 1.628962 2.403043
v -0.495114 1.628962 2.403043
v -0.040037 1.640675 2.434204
v -0.484106 1.613108 2.451471
v -0.040037 1.632241 2.392824
v -0.502313 1.656693 2.371372
v -0.040037 1.640149 2.342484
v -0.508879 1.640149 2.342484
v -0.040037 1.656693 2.371372
v -0.497437 1.632241 2.392823
v -0.040037 1.642723 2.334095
v -0.515533 1.667664 2.313214
v -0.040037 1.651793 2.283951
v -0.522184 1.651793 2.283951
v -0.040037 1.667664 2.313214
v -0.510786 1.642723 2.334095
v -0.040037 1.651549 2.280035
v -0.527821 1.676490 2.259154
v -0.040037 1.660619 2.229891
v -0.534472 1.660619 2.229891
v -0.040037 1.676490 2.259154
v -0.523074 1.651549 2.280035
v -0.040037 1.662582 2.225791
v -0.540151 1.687523 2.204910
v -0.040037 1.671652 2.175647
v -0.546802 1.671652 2.175647
v -0.040037 1.687523 2.204910
v -0.535404 1.662582 2.225791
v -0.040037 1.672695 2.166030
v -0.553734 1.697636 2.145149
v -0.040037 1.681765 2.115887
v -0.560386 1.681765 2.115887
v -0.040037 1.697636 2.145150
v -0.548988 1.672695 2.166030
v -0.040037 1.681397 2.111225
v -0.566891 1.703401 2.087268
v -0.040037 1.683847 2.060326
v -0.573015 1.683847 2.060326
v -0.040037 1.703401 2.087268
v -0.561446 1.681397 2.111224
v 0.402539 1.336526 -3.124332
v 0.073351 1.336526 -3.124332
v 0.402539 2.219228 -3.124332
v 0.073351 2.219228 -3.124332
v 0.073351 1.748063 -3.124332
v 0.073351 1.727768 -3.124332
v 0.073351 1.707472 -3.124332
v 0.654960 1.720787 -3.124332
v 0.654960 1.741083 -3.124332
v 0.654960 1.700491 -3.124332
v 0.654960 1.336526 -3.124332
v 0.654960 2.219228 -3.124332
v 0.402539 1.309292 -3.124332
v 0.046118 1.309292 -3.124332
v 0.402539 2.246461 -3.124332
v 0.046118 2.246461 -3.124332
v 0.046118 1.748063 -3.124332
v 0.046118 1.727768 -3.124332
v 0.046118 1.707472 -3.124332
v 0.682194 1.720787 -3.124332
v 0.682194 1.741083 -3.124332
v 0.682194 1.700491 -3.124332
v 0.682194 1.309292 -3.124332
v 0.682194 2.246461 -3.124332
v 0.403763 1.844767 -3.175803
v 0.173553 1.847208 -3.175803
v 0.402539 1.724277 -3.175803
v 0.654960 1.720787 -3.175803
v 0.402539 1.703982 -3.175803
v 0.654960 1.700491 -3.175803
v 0.554759 1.842679 -3.175803
v 0.073351 1.727768 -3.175803
v 0.073351 1.707472 -3.175803
v 0.402539 2.119027 -3.175803
v 0.402539 1.336526 -3.175803
v 0.073351 1.336526 -3.175803
v 0.173553 2.119027 -3.175803
v 0.654960 1.336526 -3.175803
v 0.554759 2.119027 -3.175803
v 0.402539 1.744573 -3.175803
v 0.073351 1.748063 -3.175803
v 0.654960 1.741083 -3.175803
v 0.402539 2.219228 -3.175803
v 0.073351 2.219228 -3.175803
v 0.654960 2.219228 -3.175803
v 0.403763 1.844767 -3.147958
v 0.402539 2.119027 -3.147958
v 0.173553 1.847208 -3.147958
v 0.554759 1.842679 -3.147958
v 0.173552 2.119027 -3.147958
v 0.554759 2.119027 -3.147958
v 0.418491 2.566247 0.398710
v 0.226486 2.566247 0.527003
v 0.546785 2.566247 0.206704
v 0.591835 2.566247 -0.019781
v 0.546785 2.566247 -0.246267
v 0.226486 2.566247 -0.566566
v 0.418491 2.566247 -0.438272
v 0.227748 1.994810 0.530051
v 0.420823 1.994810 0.401042
v 0.549832 1.994810 0.207966
v 0.595134 1.994810 -0.019781
v 0.549832 1.994810 -0.247529
v 0.227748 1.994810 -0.569613
v 0.420823 1.994810 -0.440604
v 0.480484 1.422662 2.964480
v 0.455216 1.417026 2.945186
v 0.467850 1.419844 2.961895
v 0.458601 1.417781 2.954834
v 0.480535 1.122168 2.964480
v 0.455216 1.134431 2.945186
v 0.467875 1.128299 2.961895
v 0.458608 1.132788 2.954834
v 0.455216 1.309540 2.945186
v 0.480279 1.309540 2.964480
v 0.458574 1.309540 2.954834
v 0.467747 1.309540 2.961895
v 0.402537 1.134431 2.945186
v 0.402537 1.121424 2.964480
v 0.402537 1.132688 2.954834
v 0.402537 1.127927 2.961895
v 0.402537 1.417026 2.945186
v 0.402537 1.424108 2.964480
v 0.402537 1.417975 2.954834
v 0.402537 1.420567 2.961895
v 1.116256 2.465753 -0.456239
v 1.000075 2.566247 -0.456239
v 1.200000 0.580587 -0.456239
v 1.122890 2.357810 -0.509492
v 1.200000 0.878249 -0.503404
v 1.086211 2.523791 -0.456239
v 0.837347 2.566247 -0.456239
v 0.902234 2.566247 -0.456239
v 1.038287 0.580587 -0.456239
v 0.976121 0.580587 -0.456239
v 1.191742 1.795151 -0.543451
v 1.131149 2.290426 -0.543436
v 1.256943 1.732970 -0.509468
v 1.179833 2.363013 -0.509468
v 1.256943 0.883452 -0.503381
v 1.248685 1.800354 -0.543428
v 1.188092 2.295629 -0.543412
v 0.402538 0.580587 -0.456239
v 0.918703 0.917938 -1.284095
v 0.918703 1.439372 -1.284095
v 0.918702 0.678847 2.603583
v 0.918702 1.439372 2.857848
v 0.918703 0.678847 -0.895226
v 0.918703 1.439372 -0.895226
v 0.918703 0.656077 -1.426410
v 0.918703 1.439372 -1.426410
v 0.918704 0.656077 -2.502316
v 0.918704 1.439372 -2.502316
v 0.918704 1.146863 -3.008471
v 0.918704 1.439372 -3.008471
v 0.918704 1.439372 -2.290456
v 0.918704 1.439372 -1.931821
v 0.918704 0.656077 -2.290456
v 0.918704 0.656077 -1.931821
v 0.918704 0.490991 -2.214917
v 0.918704 0.490991 -2.007358
v 0.918702 0.678847 1.587584
v 0.918702 1.439372 1.587584
v 0.918702 0.678847 2.118656
v 0.918702 0.678847 2.542077
v 0.918702 1.439372 2.542077
v 0.918702 1.439372 2.118655
v 0.918702 0.471304 2.217111
v 0.918702 0.471304 2.443623
v -0.040038 1.397010 2.758961
v -0.040038 1.392927 2.776229
v -0.410287 1.392927 2.776229
v -0.421296 1.404379 2.727800
v -0.040038 1.404379 2.727800
v -0.414212 1.397010 2.758961
v -0.040038 1.410085 2.703672
v -0.040038 1.406002 2.720939
v -0.422855 1.406002 2.720939
v -0.433863 1.417454 2.672509
v -0.040037 1.417454 2.672510
v -0.426780 1.410085 2.703671
v -0.040037 1.423683 2.646171
v -0.040037 1.419600 2.663438
v -0.435925 1.419600 2.663438
v -0.446933 1.431052 2.615008
v -0.040037 1.431052 2.615009
v -0.439850 1.423683 2.646170
v -0.040037 1.436761 2.590868
v -0.040037 1.432677 2.608136
v -0.448496 1.432677 2.608135
v -0.459504 1.444130 2.559706
v -0.040037 1.444130 2.559707
v -0.452421 1.436761 2.590868
v -0.040037 1.445200 2.555179
v -0.040037 1.449284 2.537911
v -0.460533 1.445200 2.555178
v -0.040037 1.456653 2.506750
v -0.471541 1.456653 2.506750
v -0.464458 1.449284 2.537911
v -0.040037 1.457724 2.502222
v -0.040037 1.461807 2.484954
v -0.472570 1.457724 2.502221
v -0.040037 1.469176 2.453794
v -0.483578 1.469176 2.453793
v -0.476495 1.461807 2.484954
v -0.040037 1.469725 2.451472
v -0.040037 1.473808 2.434204
v -0.484106 1.469725 2.451471
v -0.040037 1.481177 2.403043
v -0.495114 1.481177 2.403043
v -0.488031 1.473808 2.434204
v -0.040037 1.483594 2.392824
v -0.040037 1.488667 2.371372
v -0.497437 1.483594 2.392823
v -0.040037 1.495498 2.342484
v -0.508879 1.495498 2.342484
v -0.502313 1.488667 2.371372
v -0.040037 1.497482 2.334095
v -0.040037 1.502420 2.313214
v -0.510786 1.497482 2.334095
v -0.040037 1.509340 2.283951
v -0.522184 1.509340 2.283951
v -0.515533 1.502420 2.313214
v -0.040037 1.510266 2.280035
v -0.040037 1.515204 2.259154
v -0.523074 1.510266 2.280035
v -0.040037 1.522124 2.229891
v -0.534472 1.522124 2.229891
v -0.527821 1.515204 2.259154
v -0.040037 1.523093 2.225791
v -0.040037 1.528031 2.204910
v -0.535404 1.523093 2.225791
v -0.040037 1.534951 2.175647
v -0.546802 1.534951 2.175647
v -0.540151 1.528031 2.204910
v -0.040037 1.537225 2.166030
v -0.040037 1.542163 2.145150
v -0.548988 1.537225 2.166030
v -0.040037 1.549083 2.115887
v -0.560386 1.549083 2.115887
v -0.553734 1.542163 2.145149
v -0.040037 1.550186 2.111225
v -0.040037 1.555851 2.087268
v -0.561446 1.550186 2.111224
v -0.040037 1.562222 2.060326
v -0.573015 1.562222 2.060326
v -0.566891 1.555851 2.087268
v -0.851582 1.655675 -3.200501
v -1.135419 1.371838 -3.200501
v -1.135419 1.655675 -3.200501
v -0.851582 1.493025 -3.200501
v -0.972257 1.371838 -3.200501
v -1.135419 1.493025 -3.200501
v -1.135419 1.493025 -3.146273
v -1.135419 1.371838 -3.146273
v -1.135419 1.655675 -3.146273
v -0.851582 1.655675 -3.146273
v -0.972257 1.371838 -3.146273
v -0.851582 1.493025 -3.146273
v -0.982416 1.178748 3.045786
v -0.982417 1.178748 2.956193
v -0.982417 1.383818 2.956193
v -0.982416 1.383818 3.045786
v -1.076244 1.245523 3.045786
v -1.076244 1.357697 3.045786
v -1.076244 1.245523 2.956193
v -1.076244 1.357697 2.956193
v -0.658728 1.179373 3.045786
v -0.625528 1.212573 3.045786
v -0.642128 1.183821 3.045786
v -0.629976 1.195973 3.045786
v -0.625528 1.212573 2.956193
v -0.658728 1.179373 2.956193
v -0.629976 1.195973 2.956193
v -0.642128 1.183821 2.956193
v -0.658728 1.377710 2.956193
v -0.625528 1.344510 2.956193
v -0.642128 1.373262 2.956193
v -0.629976 1.361110 2.956193
v -0.625528 1.344510 3.045786
v -0.658728 1.377710 3.045786
v -0.629976 1.361110 3.045786
v -0.642128 1.373262 3.045786
v -0.904602 1.212573 3.045786
v -0.871401 1.179373 3.045786
v -0.900154 1.195973 3.045786
v -0.888001 1.183821 3.045786
v -0.871401 1.377710 3.045786
v -0.904602 1.344510 3.045786
v -0.888001 1.373262 3.045786
v -0.900154 1.361110 3.045786
v -0.871401 1.179373 2.956193
v -0.904602 1.212573 2.956193
v -0.888001 1.183821 2.956193
v -0.900154 1.195973 2.956193
v -0.904602 1.344510 2.956193
v -0.871401 1.377710 2.956193
v -0.900154 1.361110 2.956193
v -0.888001 1.373262 2.956193
v 0.851582 1.655675 -3.200501
v 1.135419 1.371838 -3.200501
v 1.135419 1.655675 -3.200501
v 0.851582 1.493025 -3.200501
v 0.972257 1.371838 -3.200501
v 1.135419 1.493025 -3.200501
v 1.135419 1.493025 -3.146273
v 1.135419 1.371838 -3.146273
v 1.135419 1.655675 -3.146273
v 0.851582 1.655675 -3.146273
v 0.972257 1.371838 -3.146273
v 0.851582 1.493025 -3.146273
v 0.982416 1.178748 3.045786
v 0.982416 1.178748 2.956193
v 0.982416 1.383818 2.956193
v 0.982416 1.383818 3.045786
v 1.076243 1.245523 3.045786
v 1.076243 1.357697 3.045786
v 1.076243 1.245523 2.956193
v 1.076243 1.357697 2.956193
v 0.658728 1.179373 3.045786
v 0.625528 1.212573 3.045786
v 0.642128 1.183821 3.045786
v 0.629976 1.195973 3.045786
v 0.625528 1.212573 2.956193
v 0.658728 1.179373 2.956193
v 0.629976 1.195973 2.956193
v 0.642128 1.183821 2.956193
v 0.658728 1.377710 2.956193
v 0.625528 1.344510 2.956193
v 0.642128 1.373262 2.956193
v 0.629976 1.361110 2.956193
v 0.625528 1.344510 3.045786
v 0.658728 1.377710 3.045786
v 0.629976 1.361110 3.045786
v 0.642128 1.373262 3.045786
v 0.904601 1.212573 3.045786
v 0.871401 1.179373 3.045786
v 0.900153 1.195973 3.045786
v 0.888001 1.183821 3.045786
v 0.871401 1.377710 3.045786
v 0.904601 1.344510 3.045786
v 0.888001 1.373262 3.045786
v 0.900153 1.361110 3.045786
v 0.871401 1.179373 2.956193
v 0.904601 1.212573 2.956193
v 0.888001 1.183821 2.956193
v 0.900153 1.195973 2.956193
v 0.904601 1.344510 2.956193
v 0.871401 1.377710 2.956193
v 0.900153 1.361110 2.956193
v 0.888001 1.373262 2.956193
v -0.057801 0.982113 2.933061
v -0.057801 1.097716 2.933061
v -0.057801 1.393885 2.933061
v -0.057801 1.509488 2.933061
v -0.949803 1.081342 3.133434
v -0.949803 1.081342 3.017831
v -0.931474 1.195483 3.017831
v -0.931474 1.195483 3.133434
v -0.774858 1.560498 3.133434
v -0.774858 1.560498 3.017831
v -0.784659 1.445312 3.017831
v -0.784659 1.445312 3.133434
v -1.079372 1.081105 3.133434
v -1.079372 1.081105 3.017831
v -1.064283 1.195719 3.017831
v -1.064283 1.195719 3.133434
v -1.226132 1.227865 3.133434
v -1.226132 1.227865 3.017831
v -1.111518 1.242954 3.017831
v -1.111518 1.242954 3.133434
v -1.149227 1.101350 3.133434
v -1.149227 1.101350 3.017831
v -1.091426 1.201465 3.017831
v -1.091425 1.201465 3.133434
v -1.205887 1.158010 3.133434
v -1.205887 1.158010 3.017831
v -1.105772 1.215812 3.017831
v -1.105772 1.215812 3.133434
v -1.226132 1.413452 3.133434
v -1.226132 1.413452 3.017831
v -1.111518 1.398363 3.017831
v -1.111518 1.398363 3.133434
v -1.079372 1.560212 3.133434
v -1.079372 1.560212 3.017831
v -1.064283 1.445598 3.017831
v -1.064283 1.445598 3.133434
v -1.205887 1.483307 3.133434
v -1.205887 1.483307 3.017831
v -1.105772 1.425506 3.017831
v -1.105772 1.425506 3.133434
v -1.149227 1.539967 3.133434
v -1.149227 1.539967 3.017831
v -1.091426 1.439852 3.017831
v -1.091425 1.439852 3.133434
v -0.699663 0.982113 2.933061
v -0.584060 0.982113 2.933061
v -0.584060 1.097716 2.933061
v -0.699663 1.097716 2.933061
v -0.538783 1.393885 2.933060
v -0.423181 1.393885 2.933061
v -0.423181 1.509488 2.933061
v -0.538783 1.509488 2.933060
v -0.082389 0.982113 3.011089
v -0.082389 1.097716 3.011089
v -0.076999 1.393885 3.011089
v -0.076999 1.509488 3.011089
v -0.384786 1.393885 3.133434
v -0.582690 1.390783 3.133434
v -0.560737 1.392334 3.011089
v -0.562702 1.103743 3.011089
v -0.541344 1.109769 3.133434
v -0.723357 1.127642 3.133434
v -0.711510 1.112679 3.011089
v -0.096196 1.393885 3.133434
v -0.096196 1.509488 3.133434
v -0.403983 1.393885 3.011089
v -0.384786 1.509488 3.133434
v -0.403983 1.509488 3.011089
v -0.534885 0.982113 3.133434
v -0.559473 0.982113 3.011089
v -0.106977 0.982113 3.133434
v -0.106977 1.097716 3.133434
v -0.570808 1.525729 3.133434
v -0.554796 1.517609 3.011089
v -0.670400 1.542802 3.133434
v -0.670400 1.542802 3.017831
v -0.689933 1.428862 3.017831
v -0.689933 1.428862 3.133434
v -0.759551 1.017852 3.133434
v -0.759551 1.017852 3.017831
v -0.699663 0.982113 3.004347
v 0.000000 1.393885 2.933061
v 0.000000 1.509488 2.933061
v 0.000000 1.509488 3.011089
v 0.000000 1.393885 3.011089
v 0.000000 1.509488 3.133434
v 0.000000 1.393885 3.133434
v 0.000000 1.097716 3.133434
v 0.000000 1.097716 3.011089
v 0.000000 0.982113 3.011089
v 0.000000 0.982113 2.933061
v 0.000000 0.982113 3.133434
v 0.000000 1.097716 2.933061
v 0.057801 0.982113 2.933061
v 0.057801 1.097716 2.933061
v 0.057801 1.393885 2.933061
v 0.057801 1.509488 2.933061
v 0.949803 1.081342 3.133434
v 0.949803 1.081342 3.017831
v 0.931474 1.195483 3.017831
v 0.931474 1.195483 3.133434
v 0.774858 1.560498 3.133434
v 0.774858 1.560498 3.017831
v 0.784660 1.445312 3.017831
v 0.784659 1.445312 3.133434
v 1.079372 1.081105 3.133434
v 1.079372 1.081105 3.017831
v 1.064283 1.195719 3.017831
v 1.064283 1.195719 3.133434
v 1.226132 1.227865 3.133434
v 1.226132 1.227865 3.017831
v 1.111518 1.242954 3.017831
v 1.111518 1.242954 3.133434
v 1.149227 1.101350 3.133434
v 1.149227 1.101350 3.017831
v 1.091426 1.201465 3.017831
v 1.091426 1.201465 3.133434
v 1.205887 1.158010 3.133434
v 1.205887 1.158010 3.017831
v 1.105772 1.215812 3.017831
v 1.105772 1.215812 3.133434
v 1.226132 1.413452 3.133434
v 1.226132 1.413452 3.017831
v 1.111518 1.398363 3.017831
v 1.111518 1.398363 3.133434
v 1.079372 1.560212 3.133434
v 1.079372 1.560212 3.017831
v 1.064283 1.445598 3.017831
v 1.064283 1.445598 3.133434
v 1.205887 1.483307 3.133434
v 1.205887 1.483307 3.017831
v 1.105772 1.425506 3.017831
v 1.105772 1.425506 3.133434
v 1.149227 1.539967 3.133434
v 1.149227 1.539967 3.017831
v 1.091426 1.439852 3.017831
v 1.091426 1.439852 3.133434
v 0.699663 0.982113 2.933061
v 0.584060 0.982113 2.933061
v 0.584060 1.097716 2.933061
v 0.699663 1.097716 2.933061
v 0.538783 1.393885 2.933061
v 0.423181 1.393885 2.933061
v 0.423181 1.509488 2.933061
v 0.538783 1.509488 2.933061
v 0.082389 0.982113 3.011089
v 0.082389 1.097716 3.011089
v 0.076999 1.393885 3.011089
v 0.076999 1.509488 3.011089
v 0.384786 1.393885 3.133434
v 0.582690 1.390783 3.133434
v 0.560737 1.392334 3.011089
v 0.562702 1.103743 3.011089
v 0.541344 1.109769 3.133434
v 0.723357 1.127642 3.133434
v 0.711510 1.112679 3.011089
v 0.096197 1.393885 3.133434
v 0.096197 1.509488 3.133434
v 0.403983 1.393885 3.011089
v 0.384786 1.509488 3.133434
v 0.403983 1.509488 3.011089
v 0.534885 0.982113 3.133434
v 0.559473 0.982113 3.011089
v 0.106977 0.982113 3.133434
v 0.106977 1.097716 3.133434
v 0.570808 1.525729 3.133434
v 0.554796 1.517609 3.011089
v 0.670400 1.542802 3.133434
v 0.670400 1.542802 3.017831
v 0.689933 1.428862 3.017831
v 0.689933 1.428862 3.133434
v 0.759551 1.017852 3.133434
v 0.759551 1.017852 3.017831
v 0.699663 0.982113 3.004347
v 0.557488 2.512790 -0.010567
v 0.515084 2.512790 0.202616
v 0.000000 2.512789 0.546860
v 0.394326 2.512790 0.383343
v 0.213594 2.512790 0.504104
v 0.515084 2.512790 -0.223749
v -0.000000 2.512789 -0.567993
v 0.394325 2.512790 -0.404476
v 0.213593 2.512790 -0.525236
v 0.520075 2.014787 -0.225817
v 0.562891 2.014787 -0.010567
v -0.000000 2.014653 -0.573189
v -0.000000 2.020907 -0.017297
v 0.472714 2.020907 -0.017297
v 0.236565 2.020907 -0.017297
v 0.398146 2.014787 -0.408297
v 0.215662 2.014788 -0.530228
v 0.520076 2.014787 0.204683
v 0.000000 2.014653 0.552057
v 0.398146 2.014787 0.387164
v 0.215663 2.014788 0.509096
v 0.762005 2.586755 0.003208
v 0.704153 2.586755 0.294049
v 0.000000 2.586646 0.763761
v 0.539397 2.586770 0.540638
v 0.292859 2.586753 0.705352
v 0.704153 2.586755 -0.287632
v -0.000000 2.586683 -0.757362
v 0.539405 2.586755 -0.534195
v 0.292832 2.586756 -0.698948
v 0.657393 2.985948 0.003208
v 0.607504 2.985948 0.254016
v 0.465458 2.985956 0.466628
v 0.607504 2.985948 -0.247599
v -0.000000 2.986006 -0.652584
v 0.465433 2.985948 -0.460223
v 0.252746 2.985950 -0.602337
v 0.704327 2.986778 -0.287705
v 0.762193 2.986778 0.003208
v 0.704327 2.986778 0.294121
v 0.539525 2.986773 0.540766
v 0.292904 2.986777 -0.699122
v 0.539538 2.986778 -0.534329
v -0.000000 2.986850 -0.757545
v 0.376704 2.738285 -0.151999
v 0.407577 2.738288 0.003209
v 0.376708 2.738281 0.158397
v 0.156956 2.738271 0.378051
v 0.288785 2.738216 0.289942
v 0.000000 2.738425 0.409263
v 0.157164 2.738251 -0.371523
v 0.288787 2.738272 -0.283576
v -0.000000 2.738312 -0.402757
v 0.537823 2.834053 0.539077
v -0.000000 2.782841 -0.755260
v 0.702117 2.834044 0.293206
v 0.291987 2.782841 -0.696912
v 0.537846 2.834044 -0.532637
v 0.702117 2.834044 -0.286789
v 0.759801 2.834044 0.003208
v 0.660625 2.834044 0.003208
v 0.610490 2.834044 0.255253
v 0.467748 2.833995 0.468896
v 0.253984 2.782841 -0.605321
v 0.467718 2.834044 -0.462508
v 0.610490 2.834044 -0.248836
v -0.000000 2.782841 -0.655689
v 0.267830 2.967945 0.622623
v 0.275188 2.986923 0.594177
v 0.293749 2.968065 0.685420
v 0.314572 2.986873 0.692487
v 0.293174 2.804078 0.684371
v 0.264824 2.774618 0.690932
v 0.312021 2.759742 0.694901
v 0.000000 2.757318 0.762266
v 0.000000 2.774412 0.744099
v 0.274742 2.759405 0.602736
v 0.238710 2.774235 0.631785
v 0.268229 2.803772 0.623849
v 0.000000 2.773925 0.678548
v 0.000000 2.756753 0.661291
v 0.283858 2.783598 0.684442
v 0.258632 2.782670 0.627339
v -0.557488 2.512790 -0.010566
v -0.515084 2.512790 0.202617
v -0.394325 2.512790 0.383344
v -0.213593 2.512790 0.504104
v -0.515084 2.512790 -0.223749
v -0.394326 2.512790 -0.404476
v -0.213594 2.512790 -0.525236
v -0.520076 2.014787 -0.225816
v -0.562891 2.014787 -0.010566
v -0.472714 2.020907 -0.017296
v -0.236565 2.020907 -0.017297
v -0.398146 2.014787 -0.408297
v -0.215663 2.014788 -0.530228
v -0.520075 2.014787 0.204684
v -0.398146 2.014787 0.387165
v -0.215663 2.014788 0.509096
v -0.762005 2.586755 0.003209
v -0.704153 2.586755 0.294050
v -0.539396 2.586770 0.540639
v -0.292858 2.586753 0.705352
v -0.704153 2.586755 -0.287632
v -0.539405 2.586755 -0.534194
v -0.292833 2.586756 -0.698947
v -0.657393 2.985948 0.003209
v -0.607504 2.985948 0.254017
v -0.465458 2.985956 0.466629
v -0.607504 2.985948 -0.247598
v -0.465434 2.985948 -0.460223
v -0.252747 2.985950 -0.602337
v -0.704327 2.986778 -0.287704
v -0.762193 2.986778 0.003209
v -0.704327 2.986778 0.294122
v -0.539524 2.986773 0.540767
v -0.292905 2.986777 -0.699122
v -0.539539 2.986778 -0.534328
v -0.376704 2.738285 -0.151998
v -0.407577 2.738288 0.003209
v -0.376708 2.738281 0.158398
v -0.156955 2.738271 0.378052
v -0.288785 2.738216 0.289942
v -0.157164 2.738251 -0.371523
v -0.288787 2.738272 -0.283576
v -0.537823 2.834053 0.539078
v -0.702117 2.834044 0.293206
v -0.291988 2.782841 -0.696911
v -0.537847 2.834044 -0.532636
v -0.702117 2.834044 -0.286788
v -0.759801 2.834044 0.003209
v -0.660625 2.834044 0.003209
v -0.610490 2.834044 0.255253
v -0.467748 2.833995 0.468897
v -0.253985 2.782841 -0.605321
v -0.467719 2.834044 -0.462508
v -0.610490 2.834044 -0.248835
v -0.267829 2.967945 0.622623
v -0.275188 2.986923 0.594177
v -0.293748 2.968065 0.685420
v -0.314571 2.986873 0.692488
v -0.293173 2.804078 0.684371
v -0.264823 2.774618 0.690932
v -0.312021 2.759742 0.694902
v -0.274741 2.759405 0.602737
v -0.238709 2.774235 0.631785
v -0.268228 2.803772 0.623850
v -0.283857 2.783598 0.684443
v -0.258631 2.782670 0.627339
v 0.608280 2.738222 -0.247920
v 0.658232 2.738222 0.003208
v 0.608280 2.738222 0.254337
v 0.252887 2.738250 0.609628
v 0.466019 2.738173 0.467179
v 0.000000 2.738417 0.659915
v 0.253067 2.738221 -0.603110
v 0.466027 2.738222 -0.460817
v -0.000000 2.738293 -0.653404
v -0.608280 2.738222 -0.247920
v -0.658232 2.738222 0.003209
v -0.608280 2.738222 0.254338
v -0.252886 2.738250 0.609628
v -0.466018 2.738173 0.467180
v -0.253068 2.738221 -0.603110
v -0.466027 2.738222 -0.460816
v 0.000000 2.262841 0.409267
v -0.000000 2.262728 -0.402753
v 0.376704 2.262702 -0.151994
v 0.407577 2.262704 0.003213
v 0.376708 2.262697 0.158402
v 0.156956 2.262687 0.378056
v 0.288785 2.262632 0.289946
v 0.157164 2.262667 -0.371518
v 0.288787 2.262689 -0.283571
v -0.376704 2.262702 -0.151994
v -0.407577 2.262704 0.003214
v -0.376708 2.262697 0.158402
v -0.156955 2.262687 0.378056
v -0.288785 2.262632 0.289947
v -0.157164 2.262667 -0.371518
v -0.288787 2.262689 -0.283571
v -0.000000 2.864614 0.320045
v 0.000000 2.864614 -0.262970
v 0.291749 2.864614 0.028538
v 0.000000 3.008707 0.254483
v -0.000000 3.008707 -0.197408
v 0.226133 3.008707 0.028538
v 0.000000 3.035729 0.188922
v 0.000000 3.035729 -0.131846
v -0.000000 2.144633 0.320045
v 0.218812 2.864614 0.247168
v 0.169600 3.008707 -0.140922
v -0.000000 2.966928 0.303655
v 0.000000 2.966928 -0.246579
v 0.275345 2.966928 0.028538
v 0.169600 3.008707 0.197997
v 0.000000 3.021218 0.205312
v 0.000000 3.021218 -0.148237
v 0.176921 3.021218 0.028538
v 0.218812 2.864614 -0.190093
v 0.291749 2.612578 0.028538
v 0.000000 2.612578 -0.262970
v -0.000000 2.612578 0.320045
v 0.218812 2.144633 -0.190093
v 0.206509 2.966928 0.234876
v 0.206509 2.966928 -0.177800
v 0.132691 3.021218 0.161119
v 0.132690 3.021218 -0.104043
v 0.218812 2.612578 -0.190093
v 0.218812 2.612578 0.247168
v 0.291749 2.183320 0.028538
v 0.000000 2.183320 -0.262970
v -0.000000 2.183320 0.320045
v 0.218812 2.183320 -0.190093
v 0.218812 2.183320 0.247168
v 0.218812 2.269077 0.247168
v 0.291749 2.269077 0.028538
v 0.000000 2.269077 -0.262970
v -0.000000 2.269077 0.320045
v 0.218812 2.269077 -0.190093
v 0.220609 3.244491 0.028538
v 0.160517 3.035729 0.028538
v 0.190563 3.067692 0.028538
v 0.165457 3.244491 -0.136783
v 0.120388 3.035729 0.148826
v 0.120387 3.035729 -0.091750
v 0.142922 3.067692 0.171342
v 0.168028 3.051474 0.028538
v 0.142922 3.067692 -0.114266
v 0.165457 3.244491 0.193858
v 0.213098 3.120118 0.028538
v 0.165457 3.404837 -0.136783
v 0.126021 3.051474 -0.097380
v 0.126021 3.051474 0.154455
v 0.159823 3.120118 -0.131153
v 0.159823 3.120118 0.188229
v 0.000000 3.244491 0.248965
v -0.000000 3.244491 -0.191889
v 0.000000 3.067692 -0.161868
v 0.000000 3.067692 0.218943
v 0.000000 3.051474 -0.139352
v 0.000000 3.051474 0.196427
v -0.000000 3.120118 -0.184384
v 0.000000 3.120118 0.241459
v 0.291749 2.144633 0.028538
v 0.218812 2.144633 0.247168
v 0.000000 2.144633 -0.262970
v 0.000000 2.144633 0.028538
v 0.165457 3.404837 0.193858
v 0.000000 3.404837 -0.170400
v 0.220609 3.404837 0.028538
v 0.000000 3.404837 0.227476
v 0.102013 3.483078 0.028537
v 0.000000 3.483078 -0.063455
v -0.000000 3.483078 0.120530
v 0.076510 3.483078 0.104984
v 0.076510 3.483078 -0.047909
v 0.261185 2.412791 0.315872
v 0.142976 2.960011 0.311461
v 0.173672 3.019083 0.159742
v 0.260234 2.763820 0.316840
v 0.312564 2.412768 0.190958
v 0.312037 2.645317 0.192101
v 0.089916 2.965596 0.334062
v 0.232736 2.888795 0.306088
v 0.172328 2.412791 0.367106
v 0.230534 2.922825 0.302595
v 0.236119 2.982387 0.154432
v 0.172313 2.786276 0.367084
v 0.172320 2.862912 0.355658
v 0.209772 2.412793 0.238627
v 0.127909 2.960011 0.232159
v 0.237852 2.905213 0.223481
v 0.156294 2.990063 0.150724
v 0.234411 2.762671 0.237283
v 0.254441 2.412781 0.177467
v 0.254953 2.679140 0.176353
v 0.089916 2.965596 0.254615
v 0.235895 2.880373 0.225285
v 0.157774 2.412793 0.281919
v 0.218921 2.953101 0.145944
v 0.157795 2.784069 0.281956
v 0.163681 2.909694 0.245046
v 0.158141 2.889593 0.266659
v 0.134407 2.914220 0.349016
v 0.126799 2.937645 0.249831
v 0.081840 2.921071 0.267345
v 0.092926 2.948439 0.341970
v 0.261185 2.412791 -0.226696
v 0.142976 2.960011 -0.222285
v 0.173672 3.019083 -0.102666
v 0.260234 2.763820 -0.227664
v 0.312564 2.412768 -0.155156
v 0.312037 2.645317 -0.156298
v 0.089916 2.965596 -0.244886
v 0.232736 2.888795 -0.216912
v 0.172328 2.412791 -0.277930
v 0.230534 2.922825 -0.213419
v 0.236119 2.982387 -0.097357
v 0.172313 2.786276 -0.277908
v 0.172320 2.862912 -0.266482
v 0.340143 2.412754 0.028538
v 0.173559 3.034007 0.028538
v 0.340143 2.625092 0.028538
v 0.236289 2.997160 0.028538
v 0.209772 2.412793 -0.181552
v 0.127909 2.960011 -0.175083
v 0.237852 2.905213 -0.166405
v 0.156294 2.990063 -0.093649
v 0.234411 2.762671 -0.180207
v 0.254441 2.412781 -0.120392
v 0.254953 2.679140 -0.119277
v 0.089916 2.965596 -0.197540
v 0.235895 2.880373 -0.168209
v 0.157774 2.412793 -0.224843
v 0.218921 2.953101 -0.088869
v 0.157795 2.784069 -0.224881
v 0.163681 2.909694 -0.187971
v 0.158141 2.889593 -0.209584
v 0.279312 2.412772 0.028538
v 0.155697 3.003897 0.028538
v 0.218434 2.967046 0.028538
v 0.279312 2.659752 0.028538
v 0.196291 2.906444 -0.247907
v 0.159133 2.923405 -0.253868
v 0.134407 2.914220 -0.259840
v 0.126799 2.937645 -0.192755
v 0.081841 2.921071 -0.210269
v 0.092926 2.948439 -0.252793
v 0.000000 2.412785 0.395972
v 0.000000 2.965596 0.370994
v 0.000000 2.827121 0.395900
v -0.000000 2.412789 0.307618
v 0.000000 2.965596 0.284133
v -0.000000 2.823792 0.307705
v 0.000000 2.916806 0.379770
v 0.000000 2.875473 0.387204
v 0.000000 2.899298 0.295154
v 0.000000 2.932447 0.289643
v 0.000000 2.951719 0.373490
v 0.000000 2.412785 -0.306796
v 0.000000 2.965596 -0.281818
v 0.000000 2.827121 -0.306724
v 0.000000 2.412789 -0.250543
v -0.000000 2.965596 -0.227057
v 0.000000 2.823792 -0.250630
v 0.000000 2.916806 -0.290594
v 0.000000 2.875473 -0.298028
v -0.000000 2.899298 -0.238078
v -0.000000 2.932447 -0.232568
v 0.000000 2.951719 -0.284314
v 0.187313 3.488290 -0.055582
v 0.131119 3.456442 0.232099
v 0.189114 3.498141 0.060924
v 0.189147 3.469221 -0.135873
v 0.126621 3.551106 0.092209
v 0.126621 3.544691 -0.066426
v 0.131119 3.379533 0.266063
v 0.281685 3.356221 0.056815
v 0.222044 3.422225 0.154069
v 0.248190 3.419361 0.036714
v 0.235956 3.418246 -0.044242
v 0.219485 3.369281 0.178942
v 0.191169 3.329413 -0.204525
v 0.239003 3.335624 -0.128552
v 0.282649 3.346852 -0.034486
v 0.131421 3.334654 0.296868
v 0.244245 3.274718 -0.139463
v 0.191650 3.265559 -0.224214
v 0.219492 3.322243 0.202168
v 0.289899 3.290040 -0.026332
v 0.292014 3.303399 0.074533
v 0.137981 3.319114 0.299743
v 0.255272 3.188527 -0.143681
v 0.205131 3.204063 -0.239248
v 0.229680 3.304267 0.200613
v 0.284707 3.182605 -0.026458
v 0.303545 3.191978 0.069463
v 0.161798 3.198550 -0.179139
v 0.127648 3.309797 0.229233
v 0.155515 3.409838 -0.128694
v 0.099142 3.421494 0.194190
v 0.171990 3.442703 0.034128
v 0.091718 3.485337 0.034128
v 0.068790 3.485337 0.109420
v 0.068790 3.485337 -0.041164
v 0.124663 3.372102 0.231582
v 0.199617 3.298392 0.034755
v 0.182641 3.287120 0.190373
v 0.191269 3.172247 -0.123019
v 0.150866 3.384108 0.132140
v 0.182127 3.383720 0.031917
v 0.183778 3.349987 -0.059721
v 0.162737 3.360684 0.178791
v 0.218285 3.196388 0.061916
v 0.186970 3.280463 0.181867
v 0.209345 3.174290 -0.055920
v 0.173992 3.361516 0.112518
v 0.207143 3.335618 0.033952
v 0.200507 3.323415 -0.028991
v 0.158712 3.334553 -0.166939
v 0.190570 3.309708 -0.103206
v 0.199917 3.291698 -0.045910
v 0.181407 3.349181 0.143727
v 0.127270 3.337527 0.230943
v 0.191752 3.206887 -0.120047
v 0.161331 3.236897 -0.176602
v 0.166234 3.320387 0.183090
v 0.181031 3.312052 0.154670
v 0.203143 3.219495 -0.031594
v 0.202599 3.231666 0.047690
v 0.130151 3.320624 0.234737
v 0.196505 3.182717 -0.125010
v 0.189924 3.290658 0.182329
v 0.164836 3.210222 -0.182955
v 0.182301 3.299356 0.180022
v 0.209702 3.198115 -0.044284
v 0.211656 3.205339 0.058808
v 0.244412 3.161082 -0.142371
v 0.196381 3.166963 -0.233733
v 0.224136 3.266835 0.199449
v 0.137981 3.279232 0.298710
v 0.236890 3.239861 0.158152
v 0.270715 3.154186 -0.021759
v 0.285690 3.164935 0.077870
v 0.189959 3.473034 0.133077
v 0.126621 3.505997 0.173392
v 0.126329 3.262123 -0.256708
v 0.135816 3.211750 -0.263119
v 0.123148 3.326273 -0.237930
v 0.083508 3.205563 -0.191337
v 0.035506 3.485337 -0.048572
v 0.080265 3.413465 -0.144716
v 0.083267 3.242899 -0.190689
v 0.085076 3.217054 -0.195927
v 0.081915 3.336903 -0.188242
v 0.135816 3.176766 -0.259441
v 0.126621 3.499158 -0.156219
v 0.190158 3.413886 -0.190840
v 0.123148 3.423132 -0.221016
v 0.224575 3.372620 -0.123489
v 0.222781 3.408863 -0.093331
v 0.000000 3.555951 -0.072908
v 0.000000 3.450171 0.257328
v 0.000000 3.557937 0.098585
v 0.000000 3.324749 -0.255305
v 0.000000 3.381696 0.290414
v 0.000000 3.260631 -0.273165
v 0.000000 3.338021 0.322019
v 0.000000 3.219949 -0.272582
v 0.000000 3.320851 0.324785
v 0.000000 3.317538 0.253557
v -0.000000 3.213045 -0.204346
v 0.000000 3.417332 -0.161804
v 0.000000 3.417332 0.211722
v -0.000000 3.485337 -0.056474
v -0.000000 3.485337 0.124730
v 0.000000 3.339409 -0.210965
v 0.000000 3.373868 0.249782
v -0.000000 3.249301 -0.205715
v 0.000000 3.344027 0.254748
v 0.000000 3.224340 -0.209762
v 0.000000 3.327678 0.259752
v 0.000000 3.187221 -0.266376
v 0.000000 3.284680 0.326883
v 0.000000 3.517597 0.187286
v 0.000000 3.504297 -0.165545
v -0.000000 3.420834 -0.238103
v -0.291749 2.864614 0.028538
v -0.226133 3.008707 0.028538
v -0.218812 2.864614 0.247168
v -0.169600 3.008707 -0.140922
v -0.275345 2.966928 0.028538
v -0.169600 3.008707 0.197997
v -0.176921 3.021218 0.028538
v -0.218812 2.864614 -0.190093
v -0.291749 2.612578 0.028538
v -0.218812 2.144633 -0.190093
v -0.206509 2.966928 0.234875
v -0.206509 2.966928 -0.177800
v -0.132691 3.021218 0.161119
v -0.132691 3.021218 -0.104043
v -0.218812 2.612578 -0.190093
v -0.218812 2.612578 0.247168
v -0.291749 2.183320 0.028538
v -0.218812 2.183320 -0.190093
v -0.218812 2.183320 0.247168
v -0.218812 2.269077 0.247168
v -0.291749 2.269077 0.028538
v -0.218812 2.269077 -0.190093
v -0.220609 3.244491 0.028538
v -0.160517 3.035729 0.028538
v -0.190563 3.067692 0.028538
v -0.165457 3.244491 -0.136783
v -0.120388 3.035729 0.148826
v -0.120387 3.035729 -0.091751
v -0.142922 3.067692 0.171342
v -0.168028 3.051474 0.028538
v -0.142922 3.067692 -0.114267
v -0.165457 3.244491 0.193858
v -0.213098 3.120118 0.028538
v -0.165457 3.404837 -0.136783
v -0.126021 3.051474 -0.097380
v -0.126021 3.051474 0.154455
v -0.159823 3.120118 -0.131153
v -0.159823 3.120118 0.188229
v -0.291749 2.144633 0.028538
v -0.218812 2.144633 0.247168
v -0.165457 3.404837 0.193858
v -0.220609 3.404837 0.028538
v -0.102013 3.483078 0.028537
v -0.076510 3.483078 0.104984
v -0.076510 3.483078 -0.047909
v -0.261185 2.412791 0.315872
v -0.142976 2.960011 0.311461
v -0.173672 3.019083 0.159742
v -0.260234 2.763820 0.316840
v -0.312564 2.412768 0.190958
v -0.312037 2.645317 0.192101
v -0.089916 2.965596 0.334062
v -0.232736 2.888795 0.306088
v -0.172328 2.412791 0.367106
v -0.230534 2.922825 0.302595
v -0.236119 2.982387 0.154432
v -0.172312 2.786276 0.367084
v -0.172320 2.862912 0.355658
v -0.209772 2.412793 0.238627
v -0.127909 2.960011 0.232159
v -0.237852 2.905213 0.223481
v -0.156294 2.990063 0.150724
v -0.234411 2.762671 0.237282
v -0.254441 2.412781 0.177468
v -0.254953 2.679140 0.176353
v -0.089916 2.965596 0.254616
v -0.235895 2.880373 0.225284
v -0.157774 2.412793 0.281919
v -0.218921 2.953101 0.145944
v -0.157795 2.784069 0.281956
v -0.163681 2.909694 0.245046
v -0.158141 2.889593 0.266659
v -0.134407 2.914220 0.349016
v -0.126799 2.937645 0.249831
v -0.081840 2.921071 0.267345
v -0.092926 2.948439 0.341970
v -0.261185 2.412791 -0.226696
v -0.142976 2.960011 -0.222285
v -0.173672 3.019083 -0.102666
v -0.260234 2.763820 -0.227664
v -0.312564 2.412768 -0.155155
v -0.312037 2.645317 -0.156298
v -0.089916 2.965596 -0.244886
v -0.232736 2.888795 -0.216912
v -0.172328 2.412791 -0.277930
v -0.230534 2.922825 -0.213419
v -0.236119 2.982387 -0.097357
v -0.172313 2.786276 -0.277908
v -0.172320 2.862912 -0.266482
v -0.340143 2.412754 0.028538
v -0.173559 3.034007 0.028538
v -0.340143 2.625092 0.028538
v -0.236289 2.997160 0.028538
v -0.209772 2.412793 -0.181552
v -0.127908 2.960011 -0.175083
v -0.237852 2.905213 -0.166405
v -0.156294 2.990063 -0.093649
v -0.234411 2.762671 -0.180207
v -0.254441 2.412781 -0.120392
v -0.254953 2.679140 -0.119277
v -0.089916 2.965596 -0.197540
v -0.235895 2.880373 -0.168209
v -0.157774 2.412793 -0.224843
v -0.218921 2.953101 -0.088869
v -0.157795 2.784069 -0.224881
v -0.163681 2.909694 -0.187971
v -0.158141 2.889593 -0.209584
v -0.279312 2.412772 0.028538
v -0.155697 3.003897 0.028538
v -0.218434 2.967046 0.028538
v -0.279312 2.659752 0.028538
v -0.196291 2.906444 -0.247907
v -0.159133 2.923405 -0.253868
v -0.134407 2.914220 -0.259840
v -0.126799 2.937645 -0.192755
v -0.081840 2.921071 -0.210269
v -0.092926 2.948439 -0.252793
v -0.187313 3.488290 -0.055582
v -0.131119 3.456442 0.232099
v -0.189114 3.498141 0.060924
v -0.189147 3.469221 -0.135873
v -0.126621 3.551106 0.092209
v -0.126621 3.544691 -0.066426
v -0.131119 3.379533 0.266063
v -0.281685 3.356221 0.056815
v -0.222044 3.422225 0.154069
v -0.248190 3.419361 0.036714
v -0.235956 3.418246 -0.044242
v -0.219485 3.369281 0.178942
v -0.191169 3.329413 -0.204525
v -0.239003 3.335624 -0.128552
v -0.282649 3.346852 -0.034486
v -0.131421 3.334654 0.296868
v -0.244245 3.274718 -0.139463
v -0.191650 3.265559 -0.224214
v -0.219492 3.322243 0.202168
v -0.289899 3.290040 -0.026332
v -0.292013 3.303399 0.074533
v -0.137981 3.319114 0.299743
v -0.255272 3.188527 -0.143681
v -0.205130 3.204063 -0.239248
v -0.229680 3.304267 0.200613
v -0.284707 3.182605 -0.026459
v -0.303545 3.191978 0.069463
v -0.161798 3.198550 -0.179140
v -0.127648 3.309797 0.229234
v -0.155514 3.409838 -0.128694
v -0.099142 3.421494 0.194190
v -0.171990 3.442703 0.034128
v -0.091718 3.485337 0.034128
v -0.068790 3.485337 0.109420
v -0.068790 3.485337 -0.041164
v -0.124662 3.372102 0.231582
v -0.199617 3.298392 0.034755
v -0.182641 3.287120 0.190373
v -0.191269 3.172247 -0.123019
v -0.150865 3.384108 0.132140
v -0.182127 3.383720 0.031917
v -0.183778 3.349987 -0.059721
v -0.162737 3.360684 0.178791
v -0.218285 3.196388 0.061916
v -0.186970 3.280463 0.181867
v -0.209345 3.174290 -0.055920
v -0.173992 3.361516 0.112518
v -0.207143 3.335618 0.033952
v -0.200507 3.323415 -0.028991
v -0.158712 3.334553 -0.166939
v -0.190570 3.309708 -0.103206
v -0.199916 3.291698 -0.045910
v -0.181407 3.349181 0.143727
v -0.127270 3.337527 0.230943
v -0.191752 3.206887 -0.120047
v -0.161331 3.236897 -0.176601
v -0.166234 3.320387 0.183090
v -0.181031 3.312052 0.154670
v -0.203142 3.219495 -0.031594
v -0.202599 3.231666 0.047690
v -0.130151 3.320624 0.234737
v -0.196505 3.182717 -0.125010
v -0.189924 3.290658 0.182329
v -0.164836 3.210222 -0.182955
v -0.182301 3.299356 0.180021
v -0.209702 3.198115 -0.044283
v -0.211656 3.205339 0.058808
v -0.244412 3.161082 -0.142371
v -0.196381 3.166963 -0.233733
v -0.224136 3.266835 0.199449
v -0.137981 3.279232 0.298710
v -0.236890 3.239861 0.158152
v -0.270715 3.154186 -0.021759
v -0.285690 3.164935 0.077870
v -0.189959 3.473034 0.133077
v -0.126621 3.505997 0.173392
v -0.126329 3.262123 -0.256708
v -0.135816 3.211750 -0.263119
v -0.123148 3.326273 -0.237930
v -0.083508 3.205563 -0.191337
v -0.035505 3.485337 -0.048572
v -0.080265 3.413465 -0.144716
v -0.083267 3.242899 -0.190689
v -0.085076 3.217054 -0.195927
v -0.081915 3.336903 -0.188243
v -0.135816 3.176766 -0.259441
v -0.126621 3.499158 -0.156219
v -0.190158 3.413886 -0.190840
v -0.123148 3.423132 -0.221016
v -0.224575 3.372620 -0.123489
v -0.222781 3.408863 -0.093331
v 0.101739 2.429100 0.470814
v 0.071091 2.429100 0.345213
v 0.130637 2.852735 0.329946
v 0.241246 2.429100 0.419310
v 0.210598 2.429100 0.293709
v 0.260323 2.797838 0.282168
v 0.071091 2.552011 0.345213
v 0.210598 2.552011 0.293709
v 0.071091 2.567711 0.345213
v 0.210598 2.567711 0.293709
v 0.107574 2.604434 0.489681
v 0.158660 2.854333 0.450712
v 0.288345 2.799436 0.402934
v 0.247081 2.604434 0.438178
v 0.241246 2.575803 0.419310
v 0.101739 2.575803 0.470814
v 0.070606 2.429100 0.482095
v 0.070606 2.429100 0.351426
v 0.114915 2.812954 0.337476
v 0.070606 2.552011 0.351426
v 0.070606 2.567711 0.351426
v 0.125944 2.812510 0.462297
v 0.070606 2.604434 0.501815
v 0.070606 2.575803 0.482095
v -0.000000 2.429100 0.351496
v 0.000000 2.429100 0.482165
v 0.000000 2.552011 0.482165
v -0.000000 2.561297 0.504536
v 0.061116 2.838688 0.473569
v 0.049822 2.839658 0.343393
v -0.000000 2.552011 0.351496
v -0.000000 2.567711 0.351496
v 0.140845 2.429100 0.319461
v 0.171493 2.429100 0.445062
v 0.177328 2.559726 0.463929
v 0.171493 2.552011 0.445062
v 0.223503 2.826885 0.426823
v 0.195480 2.825287 0.306057
v 0.140845 2.552011 0.319461
v 0.140845 2.567711 0.319461
v 0.206369 2.429100 0.432186
v 0.206369 2.563253 0.432186
v 0.227901 2.811562 0.294113
v 0.175722 2.552011 0.306585
v 0.175722 2.567711 0.306585
v 0.175722 2.429100 0.306585
v 0.212204 2.570968 0.451053
v 0.255924 2.813160 0.414879
v 0.105968 2.429100 0.332337
v 0.142451 2.570968 0.476805
v 0.191081 2.840609 0.438768
v 0.136616 2.429100 0.457938
v 0.136616 2.563253 0.457938
v 0.163059 2.839011 0.318002
v 0.105968 2.552011 0.332337
v 0.105968 2.567711 0.332337
v 0.035303 2.429100 0.482130
v 0.082368 2.826306 0.340435
v 0.035303 2.429100 0.351461
v 0.035303 2.563253 0.482130
v 0.035303 2.571754 0.503175
v 0.093530 2.825599 0.467933
v 0.035303 2.567711 0.351461
v 0.035303 2.552011 0.351461
v 0.111160 2.685012 0.480224
v 0.130710 2.775402 0.466429
v 0.095823 2.762793 0.338793
v 0.073919 2.660414 0.344572
v 0.225508 2.707896 0.291015
v 0.211747 2.636700 0.294015
v 0.260396 2.720505 0.418651
v 0.248988 2.661298 0.429667
v 0.142833 2.648557 0.319294
v 0.160665 2.735345 0.314904
v 0.190196 2.734113 0.443902
v 0.175447 2.643734 0.456133
v 0.223964 2.723869 0.431615
v 0.211068 2.645204 0.443195
v 0.177290 2.642629 0.306655
v 0.193087 2.721620 0.302959
v 0.108376 2.654486 0.331933
v 0.128244 2.749069 0.326848
v 0.159121 2.751318 0.455504
v 0.142154 2.657061 0.468473
v 0.078362 2.723302 0.339979
v 0.070287 2.657451 0.351426
v 0.094668 2.733965 0.472817
v 0.074126 2.681808 0.493454
v -0.000124 2.664222 0.497079
v 0.024401 2.747001 0.483556
v 0.013269 2.750006 0.345896
v 0.000542 2.668445 0.351496
v 0.035415 2.662948 0.351461
v 0.045816 2.736654 0.342937
v 0.058136 2.737054 0.478282
v 0.035848 2.665697 0.495266
v -0.097028 2.429100 0.498240
v -0.073190 2.429100 0.371170
v -0.032475 2.798484 0.343846
v -0.239106 2.429100 0.454326
v -0.215269 2.429100 0.327257
v -0.163650 2.853621 0.300625
v -0.073190 2.552011 0.371170
v -0.215269 2.552011 0.327257
v -0.073190 2.567711 0.371170
v -0.215269 2.567711 0.327257
v -0.101838 2.604434 0.517394
v -0.043196 2.826882 0.464057
v -0.174370 2.882019 0.420837
v -0.243917 2.604434 0.473480
v -0.239106 2.575803 0.454326
v -0.097028 2.575803 0.498240
v -0.070606 2.429100 0.482095
v -0.070606 2.429100 0.351426
v -0.015283 2.866364 0.349170
v -0.070606 2.552011 0.351426
v -0.070606 2.567711 0.351426
v -0.004254 2.865920 0.473991
v -0.070606 2.604434 0.501815
v -0.070606 2.575803 0.482095
v -0.144230 2.429100 0.349214
v -0.168067 2.429100 0.476283
v -0.172877 2.559726 0.495437
v -0.168067 2.552011 0.476283
v -0.108783 2.854450 0.442447
v -0.098062 2.826052 0.322235
v -0.144230 2.552011 0.349214
v -0.144230 2.567711 0.349214
v -0.203587 2.429100 0.465304
v -0.203587 2.563253 0.465304
v -0.130856 2.839837 0.311430
v -0.179749 2.552011 0.338235
v -0.179749 2.567711 0.338235
v -0.179749 2.429100 0.338235
v -0.208397 2.570968 0.484459
v -0.141577 2.868234 0.431642
v -0.108710 2.429100 0.360192
v -0.137358 2.570968 0.506416
v -0.075990 2.840666 0.453252
v -0.132547 2.429100 0.487261
v -0.132547 2.563253 0.487261
v -0.065269 2.812268 0.333040
v -0.108710 2.552011 0.360192
v -0.108710 2.567711 0.360192
v -0.035303 2.429100 0.482130
v 0.017269 2.853011 0.346282
v -0.035303 2.429100 0.351461
v -0.035303 2.563253 0.482130
v -0.035303 2.571754 0.503175
v 0.028431 2.852304 0.473780
v -0.035303 2.567711 0.351461
v -0.035303 2.552011 0.351461
v -0.099851 2.685026 0.509321
v -0.080901 2.753761 0.486193
v -0.073961 2.712480 0.360039
v -0.076341 2.657549 0.371170
v -0.205135 2.767617 0.316818
v -0.217518 2.673529 0.327257
v -0.212076 2.808898 0.442973
v -0.241029 2.701006 0.465408
v -0.146930 2.665540 0.349214
v -0.139548 2.740049 0.338428
v -0.152872 2.768095 0.467075
v -0.173793 2.663399 0.487365
v -0.184060 2.785208 0.455643
v -0.208244 2.674842 0.476386
v -0.182224 2.669534 0.338235
v -0.172342 2.753833 0.327623
v -0.111635 2.661544 0.360192
v -0.106755 2.726264 0.349233
v -0.118473 2.757639 0.477253
v -0.137655 2.666852 0.498343
v -0.051836 2.776711 0.351673
v -0.069203 2.679439 0.351426
v -0.035530 2.787374 0.484511
v -0.065363 2.703797 0.493454
v -0.034330 2.673942 0.351461
v -0.019283 2.763359 0.348784
v -0.006963 2.763759 0.484129
v -0.033897 2.676691 0.495266
v -0.137945 2.699975 1.080025
v -0.137945 2.977687 1.080025
v -0.137945 2.699975 0.305734
v -0.137945 2.977687 0.305734
v 0.125101 2.699975 1.080025
v 0.125101 2.977687 1.080025
v 0.125101 2.699975 0.305734
v 0.125101 2.977687 0.305734
v -0.044297 2.760343 0.575237
v -0.044297 2.788678 0.458223
v -0.044297 2.373002 0.503236
v -0.044297 2.410337 0.359221
v 0.031454 2.760343 0.575237
v 0.031454 2.788678 0.458223
v 0.031454 2.373002 0.503236
v 0.031454 2.410337 0.359222
v -0.030947 2.718061 0.525311
v -0.030947 2.597694 0.527255
v -0.030947 2.724868 0.747266
v -0.030947 2.604501 0.749210
v 0.018103 2.718061 0.525311
v 0.018103 2.597694 0.527255
v 0.018103 2.724868 0.747266
v 0.018103 2.604501 0.749210
v -0.086826 2.666926 1.430134
v -0.086826 2.774257 1.430134
v -0.086826 2.666926 1.119761
v -0.086826 2.774257 1.119761
v 0.074029 2.666926 1.430134
v 0.074029 2.774257 1.430134
v 0.074029 2.666926 1.119762
v 0.074029 2.774257 1.119762
v -0.048003 2.925270 2.486111
v -0.048003 3.096450 2.486111
v -0.048003 2.925270 2.353832
v -0.048003 3.096450 2.401805
v 0.035206 2.925270 2.486111
v 0.035206 3.096450 2.486111
v 0.035206 2.925270 2.353832
v 0.035206 3.096450 2.401805
v -0.006422 2.761473 1.298320
v -0.006422 2.768370 1.062930
v 0.082035 2.798113 1.298320
v 0.077159 2.802990 1.062930
v 0.118675 2.886570 1.298320
v 0.111779 2.886570 1.062930
v 0.082035 2.975028 1.298320
v 0.077159 2.970151 1.062930
v -0.006422 3.011668 1.298320
v -0.006422 3.004771 1.062930
v -0.094879 2.975028 1.298320
v -0.090002 2.970151 1.062930
v -0.131519 2.886570 1.298320
v -0.124623 2.886570 1.062930
v -0.094879 2.798113 1.298320
v -0.090002 2.802990 1.062930
v -0.006422 2.787410 2.420993
v -0.006422 2.779092 1.353409
v 0.063695 2.816454 2.420993
v 0.069577 2.810571 1.353409
v 0.092739 2.886570 2.420993
v 0.101057 2.886570 1.353409
v 0.063695 2.956687 2.420993
v 0.069577 2.962569 1.353409
v -0.006422 2.985731 2.420993
v -0.006422 2.994049 1.353409
v -0.076539 2.956687 2.420993
v -0.082421 2.962569 1.353409
v -0.105582 2.886570 2.420993
v -0.113901 2.886570 1.353409
v -0.076539 2.816453 2.420993
v -0.082421 2.810571 1.353409
v -0.006422 2.780213 2.461164
v 0.068784 2.811364 2.461164
v 0.099936 2.886570 2.461164
v 0.068784 2.961777 2.461164
v -0.006422 2.992928 2.461164
v -0.081628 2.961777 2.461164
v -0.112779 2.886570 2.461164
v -0.081628 2.811364 2.461164
v -0.006422 2.790963 2.635199
v 0.061183 2.818966 2.635199
v 0.089186 2.886570 2.635199
v 0.061183 2.954175 2.635199
v -0.006422 2.982178 2.635199
v -0.074026 2.954175 2.635199
v -0.102029 2.886570 2.635199
v -0.074026 2.818966 2.635199
v -0.006422 2.708929 2.291913
v 0.036808 2.726836 2.291913
v 0.054715 2.770066 2.291913
v 0.036808 2.813296 2.291913
v -0.006422 2.831203 2.291913
v -0.049652 2.813296 2.291913
v -0.067558 2.770066 2.291913
v -0.049652 2.726836 2.291913
v -0.006422 2.708929 1.074554
v 0.036808 2.726836 1.074554
v 0.054715 2.770066 1.074554
v 0.036808 2.813296 1.074554
v -0.006422 2.831202 1.074554
v -0.049652 2.813296 1.074554
v -0.067558 2.770066 1.074554
v -0.049652 2.726836 1.074554
v -0.102281 2.674107 0.305734
v -0.102281 2.674107 1.080025
v 0.089438 2.674107 1.080025
v 0.089438 2.674107 0.305734
v -0.137945 3.013687 1.080025
v -0.137945 3.017409 0.359734
v 0.125101 3.013687 1.080025
v 0.125101 3.017409 0.359733
v -0.137945 2.699975 0.770308
v -0.137945 2.977687 0.770308
v 0.125101 2.699975 0.770308
v 0.125101 2.977687 0.770308
v 0.089438 2.674107 0.770308
v -0.102281 2.674107 0.770308
v -0.137945 3.017409 0.770308
v 0.125101 3.017409 0.770308
v -0.137945 2.699975 0.801280
v 0.125101 2.977687 0.801280
v -0.102281 2.674107 0.801280
v 0.125101 3.016387 0.801280
v -0.137945 2.977687 0.801280
v 0.125101 2.699975 0.801280
v 0.089438 2.674107 0.801280
v -0.137945 3.016387 0.801280
v 0.077287 2.889966 1.434012
v -0.007249 2.971447 1.434012
v 0.080164 2.892951 1.171499
v -0.004371 2.974432 1.171499
v 0.129038 2.943657 1.438157
v 0.044503 3.025139 1.438158
v 0.161645 2.977486 1.171499
v 0.077110 3.058967 1.171499
v -0.088638 2.931916 0.051241
v 0.075793 2.685954 0.034001
v 0.075793 2.722807 0.157732
v 0.075793 2.893438 0.124585
v 0.075793 2.691609 0.145893
v 0.075793 2.931916 0.355702
v 0.075793 2.709746 0.355702
v 0.075793 2.893037 0.220230
v 0.075793 2.878368 0.355702
v 0.075793 2.631056 -0.114182
v 0.075793 2.931916 0.194238
v -0.006422 2.931916 0.051241
v 0.075793 2.631056 -0.007372
v 0.075793 2.709746 0.243173
v 0.075793 2.931916 -0.114182
v 0.075793 2.931916 0.243173
v 0.075793 2.931916 0.051241
v -0.006422 2.631056 -0.007372
v -0.088638 2.878368 0.243173
v -0.006422 2.931916 -0.114182
v -0.006422 2.631056 -0.114182
v -0.006422 2.709746 0.243173
v -0.006422 2.931916 0.243173
v -0.006422 2.709746 0.355702
v -0.006422 2.931916 0.355702
v -0.006422 2.931916 0.194238
v -0.006422 2.685954 0.034001
v -0.006421 2.722807 0.157732
v -0.006422 2.893037 0.220230
v -0.006421 2.893438 0.124585
v -0.006421 2.691609 0.145893
v -0.088638 2.685954 0.034001
v -0.088638 2.722807 0.157732
v -0.088638 2.893438 0.124585
v -0.088638 2.691609 0.145892
v -0.088638 2.931916 0.355702
v -0.088638 2.709746 0.355702
v -0.088638 2.893037 0.220230
v 0.075793 2.878368 0.243173
v -0.088638 2.631056 -0.114182
v -0.088638 2.931916 0.194238
v -0.088638 2.631056 -0.007372
v -0.088638 2.878368 0.355702
v -0.088638 2.709746 0.243173
v -0.088638 2.931916 -0.114182
v -0.088638 2.931916 0.243173
v 0.075793 2.631056 0.190137
v -0.006422 2.631056 0.190137
v -0.088638 2.631056 0.190137
v -0.075536 2.942709 0.610139
v -0.075536 3.080936 0.610139
v -0.075536 2.942709 0.471913
v -0.075536 3.118416 0.471913
v 0.062690 2.942709 0.610139
v 0.062690 3.080936 0.610139
v 0.062691 2.942709 0.471913
v 0.062691 3.118416 0.471913
v -0.021820 2.590555 0.796145
v -0.021820 2.590555 1.065397
v -0.021820 2.522071 0.796145
v -0.021820 2.522071 1.065397
vn 0.9773 -0.1958 -0.0811
vn 0.8738 0.4862 -0.0000
vn 0.8738 0.4492 0.1861
vn 0.7753 -0.2417 0.5836
vn 0.9773 -0.1499 0.1499
vn 0.7753 -0.4466 0.4466
vn 0.9773 0.1499 0.1499
vn 0.7753 0.2417 0.5836
vn 0.7753 0.4466 0.4466
vn 0.9773 -0.1958 0.0811
vn 0.9773 -0.2119 -0.0000
vn 0.9773 -0.0000 0.2119
vn 0.7753 -0.0000 0.6316
vn 0.9773 0.1958 0.0811
vn 0.7753 0.5836 0.2417
vn 0.8738 0.3438 -0.3438
vn 0.8738 0.4492 -0.1861
vn 0.8738 -0.0000 -0.4862
vn 0.9773 0.0811 0.1958
vn 0.8738 -0.1861 -0.4492
vn 0.9773 0.2119 -0.0000
vn 0.7753 0.6317 -0.0000
vn 0.9773 -0.0811 0.1958
vn 0.8738 0.1861 -0.4492
vn 0.8738 -0.3438 -0.3438
vn 0.7753 0.5836 -0.2417
vn 0.8738 -0.4492 -0.1861
vn 0.9773 0.1499 -0.1499
vn 0.7753 0.4466 -0.4466
vn 0.8738 -0.4862 -0.0000
vn 0.9773 0.0811 -0.1958
vn 0.7753 0.2417 -0.5836
vn 0.8738 0.3438 0.3438
vn 0.3642 0.8604 0.3564
vn 0.3642 0.6585 0.6585
vn 0.7753 -0.5836 -0.2417
vn 0.7753 -0.6317 -0.0000
vn 0.8738 0.1861 0.4492
vn 0.3642 0.3564 0.8604
vn 0.7753 -0.4466 -0.4466
vn 0.8738 -0.0000 0.4862
vn 0.3642 -0.0000 0.9313
vn 0.9773 -0.1499 -0.1499
vn 0.7753 -0.2417 -0.5836
vn 0.3642 -0.3564 0.8604
vn 0.9773 -0.0811 -0.1958
vn 0.7753 -0.0000 -0.6317
vn 0.8738 -0.3438 0.3438
vn 0.3642 -0.6585 0.6585
vn 0.9773 -0.0000 -0.2119
vn 0.8738 -0.4492 0.1861
vn 0.3642 -0.8604 0.3564
vn 0.3642 -0.9313 -0.0000
vn 0.3642 -0.8604 -0.3564
vn 0.3642 -0.6585 -0.6585
vn 0.3642 -0.0000 -0.9313
vn 0.3642 0.3564 -0.8604
vn 0.3642 -0.3564 -0.8604
vn 0.3642 0.6585 -0.6585
vn 0.3642 0.8604 -0.3564
vn 0.3642 0.9313 -0.0000
vn 0.7753 -0.5836 0.2417
vn 0.8738 -0.1861 0.4492
vn 1.0000 -0.0000 -0.0000
vn 0.6872 0.5137 0.5137
vn 0.6872 0.6712 0.2780
vn 0.6872 -0.5137 -0.5137
vn 0.6872 -0.6712 -0.2780
vn 0.6872 0.2780 0.6712
vn 0.6872 -0.2780 -0.6712
vn 0.6872 -0.0000 0.7265
vn 0.6872 0.2780 -0.6712
vn 0.6872 -0.0000 -0.7265
vn 0.6872 -0.2780 0.6712
vn 0.6872 0.5137 -0.5137
vn 0.6872 -0.5137 0.5137
vn 0.6872 0.6712 -0.2780
vn 0.6872 -0.6712 0.2780
vn 0.6872 0.7265 -0.0000
vn 0.6872 -0.7265 -0.0000
vn -0.3642 -0.8604 -0.3564
vn -0.3642 0.6585 0.6585
vn -0.3642 -0.3564 -0.8604
vn -0.3642 -0.6585 -0.6585
vn -0.3642 -0.0000 0.9313
vn -0.3642 0.3564 0.8604
vn -0.3642 -0.3564 0.8604
vn -0.3642 0.6585 -0.6585
vn -0.3642 0.3564 -0.8604
vn -0.3642 -0.6585 0.6585
vn -0.3642 0.8604 -0.3564
vn -0.3642 0.9313 -0.0000
vn -0.3642 -0.9313 -0.0000
vn -0.3642 -0.8604 0.3564
vn -0.3642 0.8604 0.3564
vn -0.7685 0.5911 -0.2448
vn -0.9701 0.2426 -0.0000
vn -0.7685 0.6398 -0.0000
vn -0.7951 -0.2321 0.5604
vn -0.9434 -0.0000 0.3317
vn -0.7951 -0.0000 0.6065
vn -0.7951 0.5604 0.2321
vn -0.9434 0.2345 0.2345
vn -0.9434 0.3065 0.1269
vn -0.7685 0.4524 -0.4524
vn -0.9701 0.2241 -0.0928
vn -0.7685 -0.2448 -0.5911
vn -0.9701 -0.0000 -0.2426
vn -0.7685 -0.0000 -0.6398
vn -0.7951 0.6065 -0.0000
vn -0.9434 0.3317 -0.0000
vn -0.7685 0.2448 -0.5911
vn -0.9701 0.1715 -0.1715
vn -0.7685 -0.4524 -0.4524
vn -0.9701 -0.0928 -0.2241
vn -0.9434 0.3064 -0.1269
vn -0.7951 0.5604 -0.2321
vn -0.9701 0.0928 -0.2241
vn -0.9701 -0.2241 -0.0928
vn -0.9701 -0.1715 -0.1715
vn -0.7951 0.4289 -0.4289
vn -0.9434 0.2345 -0.2345
vn -0.7685 -0.5911 -0.2448
vn -0.9701 -0.2426 -0.0000
vn -0.7951 0.2321 -0.5604
vn -0.9434 0.1269 -0.3065
vn -0.7685 -0.6398 -0.0000
vn -0.9701 -0.2241 0.0928
vn -0.9434 -0.0000 -0.3317
vn -0.7951 -0.0000 -0.6065
vn -0.7685 0.5911 0.2448
vn -0.7685 0.4524 0.4524
vn -0.7094 -0.6511 0.2697
vn -0.7951 -0.6065 -0.0000
vn -0.7951 -0.5604 0.2321
vn -0.7685 0.2448 0.5911
vn -0.7094 -0.6511 -0.2697
vn -0.7094 -0.7048 -0.0000
vn -0.7685 -0.0000 0.6398
vn -0.7094 -0.4984 -0.4984
vn -0.7951 -0.5604 -0.2321
vn -0.7685 -0.2448 0.5911
vn -0.7094 -0.2697 -0.6511
vn -0.7951 -0.4289 -0.4289
vn -0.7685 -0.4524 0.4524
vn -0.7094 -0.0000 -0.7048
vn -0.7951 -0.2321 -0.5604
vn -0.7685 -0.5911 0.2448
vn -0.7094 0.4984 -0.4984
vn -0.7094 0.2697 -0.6511
vn -0.3642 -0.0000 -0.9313
vn -0.7094 0.7048 -0.0000
vn -0.7094 0.6511 -0.2697
vn -0.7094 0.6511 0.2697
vn -0.7951 0.4289 0.4289
vn -0.7094 -0.0000 0.7048
vn -0.7094 0.2697 0.6511
vn -0.7094 0.4984 0.4984
vn -0.7094 -0.2697 0.6511
vn -0.7951 -0.4289 0.4289
vn -0.7950 0.2321 0.5604
vn -0.7094 -0.4984 0.4984
vn -0.9434 -0.3065 -0.1269
vn -0.9701 0.2241 0.0928
vn -0.9434 -0.2345 -0.2345
vn -0.9701 0.1715 0.1715
vn -0.9434 -0.1269 -0.3065
vn -0.9701 0.0928 0.2241
vn -0.9434 0.1269 0.3065
vn -0.9701 -0.0000 0.2426
vn -0.9434 -0.1269 0.3065
vn -0.9701 -0.0928 0.2241
vn -0.9434 -0.2345 0.2345
vn -0.9701 -0.1715 0.1715
vn -0.9434 -0.3065 0.1269
vn -0.9434 -0.3317 -0.0000
vn -1.0000 -0.0000 -0.0000
vn -0.9905 -0.1274 -0.0526
vn -0.9906 0.1265 0.0525
vn -0.9906 0.0965 0.0966
vn -0.9904 -0.0978 -0.0977
vn -0.9907 0.0521 0.1259
vn -0.9904 -0.0531 -0.1280
vn -0.9907 -0.0000 0.1362
vn -0.9903 -0.0000 -0.1386
vn -0.9904 0.0531 -0.1280
vn -0.9907 -0.0521 0.1259
vn -0.9904 0.0978 -0.0977
vn -0.9906 -0.0965 0.0966
vn -0.9905 0.1274 -0.0526
vn -0.9906 -0.1265 0.0525
vn -0.9905 0.1374 0.0001
vn -0.9905 -0.1374 0.0001
vn -0.9506 -0.2866 -0.1191
vn -0.9516 0.2176 0.2172
vn -0.9513 0.2850 0.1176
vn -0.9510 -0.3093 -0.0004
vn -0.9510 0.3093 -0.0004
vn -0.9513 -0.2850 0.1176
vn -0.9506 0.2866 -0.1191
vn -0.9516 -0.2176 0.2172
vn -0.9503 0.2199 -0.2203
vn -0.9518 -0.1176 0.2835
vn -0.9501 0.1192 -0.2881
vn -0.9518 -0.0000 0.3067
vn -0.9501 -0.1192 -0.2881
vn -0.9518 0.1176 0.2835
vn -0.9503 -0.2199 -0.2203
vn -0.9773 -0.1958 0.0811
vn -0.8738 0.4862 -0.0000
vn -0.8738 0.4492 -0.1861
vn -0.7753 -0.2417 -0.5836
vn -0.9773 -0.1499 -0.1499
vn -0.7753 -0.4466 -0.4466
vn -0.9773 0.0811 -0.1958
vn -0.7753 0.4466 -0.4466
vn -0.9773 0.1499 -0.1499
vn -0.9773 -0.1958 -0.0811
vn -0.9773 -0.2119 -0.0000
vn -0.9773 -0.0000 -0.2119
vn -0.7753 -0.0000 -0.6316
vn -0.7753 0.5836 -0.2417
vn -0.8738 0.3438 0.3438
vn -0.8738 0.4492 0.1861
vn -0.8738 -0.1861 0.4492
vn -0.8738 -0.0000 0.4862
vn -0.9773 0.2119 -0.0000
vn -0.7753 0.6317 -0.0000
vn -0.9773 -0.0811 -0.1958
vn -0.8738 0.1861 0.4492
vn -0.8738 -0.3438 0.3438
vn -0.7753 0.5836 0.2417
vn -0.9773 0.1958 -0.0811
vn -0.8738 -0.4492 0.1861
vn -0.9773 0.1499 0.1499
vn -0.7753 0.4466 0.4466
vn -0.8738 -0.4862 -0.0000
vn -0.9773 0.0811 0.1958
vn -0.7753 0.2417 0.5836
vn -0.8738 0.3438 -0.3438
vn -0.7753 -0.6317 -0.0000
vn -0.7753 -0.5836 0.2417
vn -0.8738 0.1861 -0.4492
vn -0.7753 -0.4466 0.4466
vn -0.8738 -0.0000 -0.4862
vn -0.9773 -0.1499 0.1499
vn -0.7753 -0.2417 0.5836
vn -0.9773 -0.0000 0.2119
vn -0.7753 -0.0000 0.6317
vn -0.8738 -0.1861 -0.4492
vn -0.8738 -0.3438 -0.3438
vn -0.8738 -0.4492 -0.1861
vn -0.7753 0.2417 -0.5836
vn -0.7753 -0.5836 -0.2417
vn -0.9773 0.1958 0.0811
vn -0.6872 0.5137 -0.5137
vn -0.6872 0.6712 -0.2780
vn -0.6872 -0.5137 0.5137
vn -0.6872 -0.6712 0.2780
vn -0.6872 0.2780 -0.6712
vn -0.6872 -0.2780 0.6712
vn -0.6872 -0.0000 -0.7265
vn -0.6872 0.2780 0.6712
vn -0.6872 -0.0000 0.7265
vn -0.6872 -0.2780 -0.6712
vn -0.6872 0.5137 0.5137
vn -0.6872 -0.5137 -0.5137
vn -0.6872 0.6712 0.2780
vn -0.6872 -0.6712 -0.2780
vn -0.6872 0.7265 -0.0000
vn -0.6872 -0.7265 -0.0000
vn 0.3642 -0.6586 0.6585
vn 0.7685 0.6398 -0.0000
vn 0.9701 0.2241 0.0928
vn 0.9701 0.2426 -0.0000
vn 0.7951 -0.2321 -0.5604
vn 0.9434 -0.0000 -0.3317
vn 0.7951 -0.0000 -0.6065
vn 0.7951 0.4289 -0.4289
vn 0.9434 0.3065 -0.1269
vn 0.7951 0.5604 -0.2321
vn 0.7685 0.4524 0.4524
vn 0.7685 0.5911 0.2448
vn 0.7685 -0.2448 0.5911
vn 0.9701 -0.0000 0.2426
vn 0.7685 -0.0000 0.6398
vn 0.9434 0.3317 -0.0000
vn 0.7951 0.6065 -0.0000
vn 0.9701 0.0928 0.2241
vn 0.9701 0.1715 0.1715
vn 0.9701 -0.1715 0.1715
vn 0.9701 -0.0928 0.2241
vn 0.9434 0.3065 0.1269
vn 0.7951 0.5604 0.2321
vn 0.7685 0.2448 0.5911
vn 0.7685 -0.5911 0.2448
vn 0.7685 -0.4524 0.4524
vn 0.9434 0.2345 0.2345
vn 0.7951 0.4289 0.4289
vn 0.9701 -0.2426 -0.0000
vn 0.9701 -0.2241 0.0928
vn 0.9434 0.1269 0.3065
vn 0.7951 0.2321 0.5604
vn 0.7685 -0.5911 -0.2448
vn 0.7685 -0.6398 -0.0000
vn 0.9434 -0.0000 0.3317
vn 0.7951 -0.0000 0.6065
vn 0.7685 0.4524 -0.4524
vn 0.7094 -0.6511 -0.2697
vn 0.7951 -0.6065 -0.0000
vn 0.7951 -0.5604 -0.2321
vn 0.7685 0.2448 -0.5911
vn 0.7094 -0.7048 -0.0000
vn 0.7951 -0.5604 0.2321
vn 0.7685 -0.0000 -0.6398
vn 0.7094 -0.4984 0.4984
vn 0.7094 -0.6511 0.2697
vn 0.7685 -0.2448 -0.5911
vn 0.7094 -0.2697 0.6511
vn 0.7951 -0.4289 0.4289
vn 0.7685 -0.4524 -0.4524
vn 0.7094 -0.0000 0.7048
vn 0.7951 -0.2321 0.5604
vn 0.7094 0.2697 0.6511
vn 0.7094 0.4984 0.4984
vn 0.7094 0.6511 0.2697
vn 0.7094 0.6511 -0.2697
vn 0.7094 0.7048 -0.0000
vn 0.7094 -0.2697 -0.6511
vn 0.7094 -0.0000 -0.7048
vn 0.7094 0.4984 -0.4984
vn 0.7951 0.2321 -0.5604
vn 0.7094 -0.4984 -0.4984
vn 0.7685 0.5911 -0.2448
vn 0.7094 0.2697 -0.6511
vn 0.7951 -0.4289 -0.4289
vn 0.9701 0.2241 -0.0928
vn 0.9434 -0.3317 -0.0000
vn 0.9434 -0.3065 0.1269
vn 0.9701 0.1715 -0.1715
vn 0.9434 -0.2345 0.2345
vn 0.9434 0.2345 -0.2345
vn 0.9434 -0.1269 0.3065
vn 0.9701 0.0928 -0.2241
vn 0.9434 0.1269 -0.3064
vn 0.9701 -0.0000 -0.2426
vn 0.9434 -0.1269 -0.3065
vn 0.9701 -0.0928 -0.2241
vn 0.9434 -0.2345 -0.2345
vn 0.9701 -0.1715 -0.1715
vn 0.9434 -0.3065 -0.1269
vn 0.9701 -0.2241 -0.0928
vn 0.9905 -0.1374 -0.0001
vn 0.9905 -0.1274 0.0526
vn 0.9906 0.1265 -0.0525
vn 0.9906 0.0965 -0.0966
vn 0.9904 -0.0978 0.0977
vn 0.9907 0.0521 -0.1259
vn 0.9904 -0.0531 0.1280
vn 0.9907 -0.0000 -0.1362
vn 0.9903 -0.0000 0.1386
vn 0.9904 0.0531 0.1280
vn 0.9907 -0.0521 -0.1259
vn 0.9904 0.0978 0.0977
vn 0.9906 -0.0965 -0.0966
vn 0.9905 0.1274 0.0526
vn 0.9906 -0.1265 -0.0525
vn 0.9905 0.1374 -0.0001
vn 0.9506 -0.2866 0.1191
vn 0.9516 0.2176 -0.2172
vn 0.9513 0.2850 -0.1176
vn 0.9510 -0.3093 0.0004
vn 0.9510 0.3093 0.0004
vn 0.9513 -0.2850 -0.1176
vn 0.9506 0.2866 0.1191
vn 0.9516 -0.2176 -0.2172
vn 0.9503 0.2199 0.2203
vn 0.9518 -0.1176 -0.2835
vn 0.9501 0.1192 0.2881
vn 0.9518 -0.0000 -0.3067
vn 0.9501 -0.1192 0.2881
vn 0.9518 0.1176 -0.2835
vn 0.9503 -0.2199 0.2203
vn 0.9773 0.1958 -0.0811
vn 0.3642 0.6585 0.6586
vn 0.7753 -0.6316 -0.0000
vn -0.9434 0.3065 -0.1269
vn -0.7951 0.2321 0.5604
vn -0.9434 -0.1269 -0.3064
vn -0.3642 0.6585 -0.6586
vn -0.9773 -0.0811 0.1958
vn 0.3642 0.6586 -0.6585
vn 0.9434 -0.1269 -0.3064
vn 0.9434 -0.3064 0.1269
vn -0.0018 0.9787 -0.2051
vn -0.0022 0.9787 -0.2051
vn -0.0023 0.9787 -0.2051
vn -0.0077 -0.0796 -0.9968
vn -0.0600 -0.6538 -0.7543
vn -0.0067 -0.0687 -0.9976
vn -0.9925 0.1221 0.0012
vn -0.9925 0.1220 0.0010
vn -0.9924 0.1233 0.0035
vn -0.0000 -0.7555 -0.6552
vn -0.0000 -0.6625 -0.7491
vn -0.9927 0.1208 0.0006
vn -0.9927 0.1207 0.0004
vn -0.9926 0.1212 0.0002
vn -0.0000 1.0000 -0.0000
vn -0.2270 0.9739 -0.0000
vn 0.0679 0.7398 0.6694
vn 0.0910 0.9959 -0.0000
vn 0.0668 0.7280 0.6823
vn -0.0000 -0.0000 -1.0000
vn -0.9925 0.1220 -0.0000
vn -0.9925 0.1223 -0.0046
vn -0.9937 0.1060 -0.0360
vn -0.9558 0.2940 -0.0075
vn -0.0000 -0.9861 -0.1663
vn -0.9954 0.0921 0.0270
vn -0.9932 0.1161 0.0034
vn -0.9925 0.1225 0.0008
vn -0.3591 0.9161 0.1785
vn -0.0800 0.9950 0.0592
vn -0.0026 0.9996 0.0272
vn -0.4367 0.8840 0.1670
vn -0.1097 0.9638 0.2430
vn -0.1244 0.9884 0.0871
vn -0.1478 0.9496 0.2766
vn -0.0752 0.9588 0.2739
vn -0.0796 0.9532 0.2915
vn -0.2008 0.9533 0.2257
vn -0.0000 -0.0000 1.0000
vn -0.0000 -0.6542 -0.7563
vn -0.7001 0.7140 -0.0000
vn -0.7001 0.7141 -0.0000
vn -0.2470 0.9690 -0.0000
vn -0.0000 -0.9286 0.3710
vn -0.0000 -1.0000 -0.0000
vn -0.0000 -0.9787 0.2051
vn -0.5823 -0.8130 0.0006
vn -0.5819 -0.8133 0.0021
vn -0.5817 -0.8134 0.0027
vn -0.0000 -0.9974 -0.0722
vn -0.0000 -0.9691 0.2465
vn -0.0000 -0.6948 0.7192
vn -0.0000 -0.8507 0.5257
vn -0.0000 -0.8506 0.5257
vn -0.0000 -0.9555 0.2949
vn -0.0000 -0.9555 -0.2949
vn -0.0000 -0.7779 0.6284
vn -0.9926 0.1215 -0.0000
vn -0.9926 0.1214 -0.0000
vn -0.0910 -0.9959 -0.0000
vn -0.9984 0.0565 -0.0058
vn -0.9983 0.0590 -0.0033
vn -0.9954 0.0819 -0.0501
vn -0.9733 0.2290 -0.0179
vn -0.9640 0.2658 -0.0000
vn -0.9982 0.0603 -0.0000
vn -0.9940 0.0903 0.0616
vn -0.9982 0.0606 -0.0000
vn -0.9981 0.0609 -0.0000
vn -1.0000 -0.0002 -0.0003
vn -0.9981 0.0612 -0.0057
vn -0.9959 0.0874 -0.0244
vn -0.9639 0.2663 -0.0000
vn -0.9981 0.0613 -0.0000
vn -0.9961 0.0815 0.0352
vn -0.9597 0.2808 0.0079
vn -0.9983 0.0568 -0.0146
vn -0.9612 0.2758 0.0014
vn 0.0004 -0.0000 1.0000
vn -0.9926 0.1214 0.0004
vn -0.9926 0.1217 -0.0000
vn -1.0000 0.0002 0.0008
vn -0.7510 0.6603 -0.0000
vn -0.7003 0.7138 -0.0000
vn -0.0009 0.9671 0.2542
vn -0.0000 0.9545 0.2983
vn -0.0000 0.9615 0.2747
vn -0.0000 0.9998 0.0217
vn -0.0015 0.9961 0.0887
vn -0.0000 0.9995 0.0303
vn -0.2834 0.9537 0.1003
vn -0.5654 0.7976 0.2099
vn -0.5616 0.8206 0.1061
vn -0.0000 0.9999 0.0172
vn -0.0239 0.9996 0.0117
vn -0.0172 0.9997 0.0172
vn -0.0000 0.9787 -0.2051
vn -0.9567 0.2910 -0.0000
vn -0.9588 0.2841 0.0055
vn 0.3734 -0.9080 0.1900
vn 0.8179 -0.5633 0.1174
vn -0.1636 0.9504 0.2644
vn -0.1632 0.9486 0.2710
vn -0.1683 0.9495 0.2648
vn -0.2542 0.9073 0.3349
vn -0.2380 0.9516 0.1943
vn -0.4226 0.8284 0.3676
vn -0.2296 0.9531 0.1970
vn -0.2612 0.9175 0.2999
vn -0.0672 0.9838 0.1663
vn -0.0393 0.9861 0.1617
vn -0.0000 -0.6543 -0.7563
vn -0.0007 0.9787 -0.2051
vn -0.8653 0.4888 0.1107
vn -0.8411 0.5200 0.1490
vn -0.8679 0.4862 0.1015
vn -0.8399 0.5219 0.1492
vn -0.8395 0.5225 0.1491
vn -0.5756 0.7968 0.1836
vn -0.8784 0.4728 0.0693
vn -0.8798 0.4703 0.0696
vn -0.2051 0.9787 0.0037
vn -0.9650 0.2590 0.0405
vn -0.1042 0.9946 -0.0008
vn 0.9636 -0.2620 0.0541
vn -0.9595 0.2818 -0.0005
vn -1.0000 -0.0000 -0.0028
vn -1.0000 -0.0012 -0.0020
vn -0.9619 0.2735 -0.0000
vn -0.9619 0.2734 0.0004
vn -1.0000 -0.0012 0.0003
vn 0.1220 0.9925 -0.0000
vn -0.1220 -0.9925 -0.0000
vn 0.0941 0.7651 -0.6370
vn -0.0777 -0.6322 -0.7709
vn 0.0941 0.7652 -0.6369
vn 0.0785 0.6384 0.7657
vn -0.9996 0.0273 0.0009
vn -0.9971 0.0763 -0.0000
vn -0.9925 0.1221 -0.0000
vn -0.0332 0.1515 0.9879
vn 0.1476 0.2920 0.9450
vn -0.0391 0.1496 0.9880
vn 0.0585 0.2300 0.9714
vn 0.1037 0.1815 0.9779
vn 0.0238 0.1697 0.9852
vn -0.0000 0.2536 0.9673
vn 0.0006 0.2051 0.9787
vn 0.0052 0.3878 0.9217
vn 0.0993 0.3822 0.9187
vn 0.0005 0.1389 0.9903
vn 0.0002 0.1343 0.9909
vn 0.0004 0.1394 0.9902
vn 0.0001 0.1169 0.9931
vn -0.0087 0.1213 0.9926
vn -0.0022 0.1225 0.9925
vn -0.0063 0.1168 0.9931
vn 0.0008 0.1357 0.9907
vn 0.0001 0.4427 0.8967
vn 0.0005 0.4424 0.8968
vn 0.0007 0.4405 0.8978
vn 0.0005 0.4392 0.8984
vn 0.0009 0.4405 0.8977
vn 0.0008 0.2051 0.9787
vn 0.0008 0.2052 0.9787
vn 0.0007 0.2052 0.9787
vn 0.0009 0.2052 0.9787
vn 0.0009 0.2051 0.9787
vn 0.0010 0.2051 0.9787
vn 0.7477 0.6498 -0.1368
vn 0.7477 0.6497 -0.1368
vn -0.0004 -0.0000 -1.0000
vn 0.0004 -0.0001 1.0000
vn 0.0910 0.9958 0.0062
vn 0.0910 0.9958 0.0065
vn 0.0707 0.7762 -0.6266
vn 0.0715 0.7858 -0.6143
vn -0.9982 0.0607 0.0013
vn -1.0000 -0.0002 0.0006
vn -0.9981 0.0610 0.0002
vn -0.9982 0.0606 0.0004
vn -0.9928 0.1194 0.0014
vn -0.9926 0.1218 0.0017
vn -0.9926 0.1216 -0.0000
vn -0.9925 0.1220 0.0005
vn -0.9926 0.1218 -0.0001
vn -0.9925 0.1222 0.0008
vn -0.9979 0.0643 0.0014
vn -0.9926 0.1214 0.0003
vn -0.9926 0.1210 0.0008
vn -0.9927 0.1207 0.0003
vn -0.9983 0.0591 0.0001
vn -0.9926 0.1213 0.0003
vn -0.9926 0.1210 -0.0000
vn -0.9926 0.1211 0.0004
vn 0.0910 0.9958 0.0058
vn -0.0621 -0.6759 -0.7344
vn -0.0883 -0.9652 -0.2460
vn 0.0030 0.0283 0.9996
vn -0.0021 -0.0271 0.9996
vn 0.0910 0.9959 -0.0007
vn 0.0910 0.9959 -0.0013
vn 0.0032 0.0306 0.9995
vn -0.9763 -0.0000 0.2166
vn -0.9062 -0.0000 0.4229
vn -0.0934 -0.7599 0.6432
vn -0.6908 0.7230 -0.0008
vn -0.7668 0.5121 -0.3869
vn -0.6915 0.7224 -0.0007
vn -0.7347 -0.6784 -0.0000
vn -0.8192 -0.4155 0.3954
vn -0.7344 -0.6787 -0.0000
vn -0.6927 0.7213 0.0001
vn -0.6924 0.7215 0.0001
vn -0.6927 0.7212 0.0001
vn -0.7328 -0.6804 0.0002
vn -0.7333 -0.6800 0.0001
vn -0.7327 -0.6805 0.0002
vn -0.7342 -0.6789 -0.0000
vn -0.7333 -0.6799 0.0001
vn -0.6914 0.7224 -0.0000
vn -0.6914 0.7225 -0.0000
vn -0.7343 -0.6788 -0.0000
vn -0.4761 0.4863 0.7327
vn -0.6818 0.1846 0.7079
vn -0.4323 0.5321 0.7280
vn -0.6581 0.2839 -0.6973
vn -0.4771 0.4855 -0.7326
vn -0.4327 0.5316 -0.7281
vn -0.0000 0.7812 0.6243
vn -0.0000 0.7811 0.6244
vn -0.1798 0.7577 0.6273
vn -0.2316 0.7600 -0.6072
vn -0.0000 0.7812 -0.6243
vn -0.0000 0.7811 -0.6243
vn -0.2315 0.7600 0.6072
vn -0.1799 0.7577 -0.6273
vn -0.6778 0.2644 -0.6860
vn -0.7655 0.5299 -0.3649
vn -0.8180 -0.3970 0.4163
vn -0.9936 0.1128 0.0004
vn 0.0335 0.3657 0.9301
vn -0.0000 0.4037 0.9149
vn -0.0000 0.7811 -0.6244
vn 0.0002 0.4388 0.8986
vn -0.0000 0.1716 0.9852
vn 0.9713 0.0378 -0.2348
vn 0.9948 0.0160 -0.1006
vn 0.9933 0.0181 -0.1138
vn 0.3431 0.9320 -0.1170
vn 0.9707 0.0382 -0.2374
vn -1.0000 0.0003 -0.0000
vn -0.0000 1.0000 -0.0073
vn -0.0000 0.9683 0.2496
vn -0.0000 0.9446 0.3283
vn -0.0000 0.9961 0.0884
vn -0.0055 0.9477 0.3190
vn -0.0129 0.9977 0.0659
vn -0.0022 0.9688 0.2476
vn 0.0014 0.9961 0.0884
vn -0.0003 0.9718 0.2356
vn 0.0005 0.9682 0.2504
vn 0.0013 0.6483 0.7613
vn -0.0000 0.9984 0.0561
vn 0.4869 0.7327 -0.4754
vn -0.0000 0.8570 -0.5153
vn -1.0000 0.0003 0.0001
vn 1.0000 -0.0003 -0.0000
vn -0.0000 0.9707 0.2402
vn -0.0000 0.9361 -0.3518
vn -0.0000 0.9474 0.3201
vn -0.0000 0.5309 0.8475
vn -0.0000 0.9707 0.2403
vn -0.0000 0.5308 0.8475
vn -0.0000 0.9970 0.0773
vn -0.0000 0.5015 -0.8651
vn -0.0000 0.9864 0.1645
vn -0.0000 0.3682 0.9297
vn -0.0000 0.3523 0.9359
vn -0.0000 0.9949 0.1009
vn -0.0000 0.5115 -0.8593
vn -0.0000 0.9823 0.1873
vn -0.0000 0.3565 0.9343
vn -0.0000 0.3415 0.9399
vn -0.0000 0.9995 -0.0322
vn -0.0000 0.4542 -0.8909
vn -0.0000 0.9983 0.0575
vn -0.0000 0.4223 0.9065
vn -0.0000 0.4022 0.9155
vn 0.7071 -0.7071 -0.0000
vn -0.7071 0.7071 -0.0000
vn -0.7071 -0.7071 -0.0000
vn 0.7071 0.7071 -0.0000
vn 0.5737 0.5817 -0.5766
vn 0.7022 0.7120 -0.0000
vn -0.0086 0.7067 -0.7075
vn -0.5801 0.5740 -0.5779
vn -0.0122 0.9999 -0.0000
vn -0.7108 0.7033 -0.0000
vn 1.0000 -0.0058 -0.0000
vn 0.9239 -0.0058 0.3827
vn -0.0000 1.0000 -0.0001
vn 0.0001 1.0000 -0.0000
vn 0.0002 1.0000 -0.0000
vn 0.7071 -0.0058 0.7071
vn 0.7071 -0.0058 -0.7071
vn 0.3829 -0.0057 -0.9238
vn 0.9239 -0.0058 -0.3827
vn -0.0000 -0.0057 -1.0000
vn 0.3832 -0.0058 -0.9237
vn 0.3832 -0.0058 0.9237
vn 0.3829 -0.0057 0.9238
vn -0.0000 -0.0057 1.0000
vn -0.0000 -0.0055 1.0000
vn 0.0012 0.3698 0.9291
vn -0.0000 0.6214 0.7835
vn 0.0011 0.6273 0.7788
vn -0.0000 0.9242 0.3819
vn 0.0004 0.9265 0.3762
vn -0.0000 0.9835 0.1809
vn -0.0000 0.9841 0.1778
vn 0.0035 -0.5906 0.8069
vn 0.2106 -0.4184 0.8835
vn 0.0028 -0.7988 0.6016
vn 0.4862 -0.6971 0.5269
vn 0.0010 -0.9749 0.2226
vn 0.6097 -0.7439 0.2735
vn -0.0000 -0.9952 0.0979
vn 0.2019 -0.0000 0.9794
vn 0.1873 0.2668 0.9454
vn 0.4166 -0.0000 0.9091
vn 0.4659 0.5991 0.6512
vn 0.8110 -0.0000 0.5850
vn 0.6181 0.7093 0.3388
vn 0.9444 -0.0000 0.3287
vn 0.1722 -0.1242 0.9772
vn 0.1433 0.1185 0.9826
vn -0.0000 -0.7827 0.6224
vn -0.0000 -0.5649 0.8252
vn -0.0000 -0.9717 0.2364
vn -0.0000 -0.9946 0.1042
vn -0.0884 -0.9669 -0.2395
vn -0.9926 0.1214 -0.0001
vn -0.0000 -0.3171 0.9484
vn -0.0000 -0.8519 -0.5238
vn -0.0000 -0.4775 0.8786
vn -0.0000 -0.7179 -0.6961
vn -0.0000 -0.4161 0.9093
vn -0.0000 -0.4286 0.9035
vn -0.0000 -0.4286 -0.9035
vn -0.0000 -0.4161 -0.9093
vn -0.0000 -0.9732 -0.2301
vn 0.7078 -0.7064 -0.0062
vn 0.6008 -0.7977 -0.0521
vn 0.9751 -0.0000 0.2217
vn 0.9751 -0.0000 0.2216
vn -0.0000 0.4768 -0.8790
vn -0.0000 0.4261 -0.9047
vn -0.0000 0.4680 -0.8837
vn 0.0023 0.9787 -0.2051
vn 0.0018 0.9787 -0.2051
vn 0.0022 0.9787 -0.2051
vn 0.0077 -0.0796 -0.9968
vn 0.0600 -0.6538 -0.7543
vn 0.0621 -0.6759 -0.7344
vn 0.9925 0.1220 0.0010
vn 0.9925 0.1221 0.0012
vn 0.9924 0.1233 0.0035
vn 0.9927 0.1208 0.0006
vn 0.9927 0.1207 0.0004
vn 0.9927 0.1203 0.0008
vn 0.2270 0.9739 -0.0000
vn -0.0679 0.7398 0.6694
vn -0.0910 0.9959 -0.0000
vn 0.9925 0.1220 -0.0000
vn 0.9937 0.1060 -0.0360
vn 0.9925 0.1223 -0.0046
vn 0.9932 0.1161 0.0034
vn 0.9954 0.0921 0.0270
vn 0.9925 0.1225 0.0008
vn 0.0800 0.9950 0.0592
vn 0.3591 0.9161 0.1785
vn 0.0026 0.9996 0.0272
vn 0.1097 0.9638 0.2430
vn 0.4367 0.8840 0.1670
vn 0.1244 0.9884 0.0871
vn 0.5756 0.7968 0.1836
vn 0.0752 0.9588 0.2739
vn 0.1478 0.9496 0.2766
vn 0.0796 0.9532 0.2915
vn 0.2008 0.9533 0.2257
vn 0.7001 0.7140 -0.0000
vn 0.7001 0.7141 -0.0000
vn 0.2470 0.9690 -0.0000
vn 0.7510 0.6603 -0.0000
vn 0.5823 -0.8130 0.0006
vn 0.5819 -0.8133 0.0021
vn 0.5825 -0.8128 -0.0000
vn 0.9926 0.1215 -0.0000
vn 0.9926 0.1214 -0.0000
vn 0.0910 -0.9959 -0.0000
vn 0.9984 0.0565 -0.0058
vn 0.9983 0.0590 -0.0033
vn 0.9954 0.0819 -0.0501
vn 0.9640 0.2658 -0.0000
vn 0.9982 0.0603 -0.0000
vn 0.9982 0.0606 -0.0000
vn 0.9940 0.0903 0.0616
vn 0.9981 0.0609 -0.0000
vn 1.0000 -0.0002 -0.0003
vn 0.9981 0.0612 -0.0057
vn 0.9983 0.0568 -0.0146
vn 0.9639 0.2663 -0.0000
vn 0.9959 0.0874 -0.0244
vn 0.9981 0.0613 -0.0000
vn 0.9961 0.0815 0.0352
vn -0.0004 -0.0000 1.0000
vn 0.9926 0.1214 0.0004
vn 0.9926 0.1212 0.0002
vn 0.9612 0.2758 0.0014
vn 1.0000 0.0002 0.0008
vn 0.9733 0.2290 -0.0179
vn 0.9597 0.2808 0.0079
vn 0.7003 0.7138 -0.0000
vn 0.0009 0.9671 0.2542
vn 0.0015 0.9961 0.0887
vn 0.5654 0.7976 0.2099
vn 0.2834 0.9537 0.1003
vn 0.5616 0.8206 0.1061
vn 0.0172 0.9997 0.0172
vn 0.0239 0.9996 0.0117
vn 0.9567 0.2910 -0.0000
vn 0.9588 0.2841 0.0055
vn -0.3734 -0.9080 0.1900
vn -0.8179 -0.5633 0.1174
vn 0.1632 0.9486 0.2710
vn 0.1636 0.9504 0.2644
vn 0.1683 0.9495 0.2648
vn 0.2380 0.9516 0.1943
vn 0.2542 0.9073 0.3349
vn 0.4226 0.8284 0.3676
vn 0.2296 0.9531 0.1970
vn 0.2612 0.9175 0.2999
vn 0.0672 0.9838 0.1663
vn 0.0393 0.9861 0.1617
vn 0.0007 0.9787 -0.2051
vn 0.8653 0.4888 0.1107
vn 0.8411 0.5200 0.1490
vn 0.8398 0.5219 0.1492
vn 0.8395 0.5225 0.1491
vn 0.8393 0.5228 0.1490
vn 0.8784 0.4728 0.0693
vn 0.8679 0.4862 0.1015
vn 0.2051 0.9787 0.0037
vn 0.9650 0.2590 0.0405
vn 0.9715 0.2336 0.0409
vn -0.9636 -0.2620 0.0541
vn 0.9595 0.2818 -0.0005
vn 1.0000 -0.0000 -0.0028
vn 1.0000 -0.0012 -0.0020
vn 0.9619 0.2735 -0.0000
vn 0.9619 0.2734 0.0004
vn 1.0000 -0.0012 0.0003
vn -0.1220 0.9925 -0.0000
vn 0.1220 -0.9925 -0.0000
vn -0.0941 0.7652 -0.6369
vn 0.0777 -0.6322 -0.7709
vn -0.0941 0.7651 -0.6369
vn -0.0785 0.6384 0.7657
vn 0.9558 0.2940 -0.0075
vn 0.9996 0.0273 0.0009
vn 0.9971 0.0763 -0.0000
vn 0.9925 0.1221 -0.0000
vn 0.0332 0.1515 0.9879
vn -0.1476 0.2920 0.9450
vn -0.1037 0.1815 0.9779
vn -0.0584 0.2299 0.9714
vn -0.0238 0.1697 0.9852
vn -0.0006 0.2051 0.9787
vn -0.0993 0.3822 0.9187
vn -0.0052 0.3878 0.9217
vn -0.0005 0.1389 0.9903
vn -0.0002 0.1343 0.9909
vn -0.0008 0.1357 0.9907
vn 0.0087 0.1213 0.9926
vn -0.0001 0.1169 0.9931
vn 0.0022 0.1225 0.9925
vn 0.0063 0.1168 0.9931
vn -0.0001 0.4427 0.8967
vn -0.0005 0.4424 0.8968
vn -0.0007 0.4405 0.8978
vn -0.0005 0.4392 0.8984
vn -0.0002 0.4388 0.8986
vn -0.0008 0.2051 0.9787
vn -0.0008 0.2052 0.9787
vn -0.0007 0.2052 0.9787
vn -0.0009 0.2051 0.9787
vn -0.0009 0.2052 0.9787
vn -0.0010 0.2051 0.9787
vn -0.7477 0.6497 -0.1368
vn -0.7477 0.6498 -0.1368
vn 0.0004 0.0001 -1.0000
vn 0.0004 -0.0000 -1.0000
vn -0.0004 -0.0001 1.0000
vn -0.0910 0.9958 0.0065
vn -0.0910 0.9958 0.0062
vn -0.0707 0.7762 -0.6266
vn -0.0715 0.7858 -0.6143
vn 1.0000 -0.0002 0.0006
vn 0.9982 0.0607 0.0013
vn 0.9981 0.0610 0.0002
vn 0.9982 0.0606 0.0004
vn 0.9983 0.0591 0.0001
vn 0.9926 0.1217 -0.0000
vn 0.9926 0.1218 0.0017
vn 0.9928 0.1194 0.0014
vn 0.9926 0.1216 -0.0000
vn 0.9925 0.1220 0.0005
vn 0.9926 0.1218 -0.0001
vn 0.9979 0.0643 0.0014
vn 0.9926 0.1214 0.0003
vn 0.9926 0.1210 0.0008
vn 0.9927 0.1207 0.0003
vn 0.9926 0.1211 0.0004
vn 0.9926 0.1213 0.0003
vn 0.9926 0.1210 -0.0000
vn -0.0910 0.9958 0.0058
vn 0.0883 -0.9652 -0.2460
vn 0.0884 -0.9669 -0.2395
vn 0.0021 -0.0271 0.9996
vn -0.0030 0.0283 0.9996
vn -0.0910 0.9959 -0.0007
vn -0.0910 0.9959 -0.0013
vn -0.0668 0.7280 0.6823
vn 0.9763 -0.0000 0.2166
vn 0.9062 -0.0000 0.4229
vn 0.0934 -0.7599 0.6432
vn 0.6908 0.7230 -0.0008
vn 0.7668 0.5121 -0.3869
vn 0.7655 0.5299 -0.3649
vn 0.7347 -0.6784 -0.0000
vn 0.8192 -0.4155 0.3954
vn 0.8180 -0.3970 0.4163
vn 0.6927 0.7213 0.0001
vn 0.6924 0.7215 0.0001
vn 0.7328 -0.6804 0.0002
vn 0.7332 -0.6800 0.0001
vn 0.7333 -0.6799 0.0001
vn 0.7342 -0.6789 -0.0000
vn 0.6914 0.7224 -0.0000
vn 0.7343 -0.6788 -0.0000
vn 0.4761 0.4863 0.7327
vn 0.6818 0.1846 0.7079
vn 0.7078 0.1290 0.6945
vn 0.4771 0.4855 -0.7326
vn 0.6581 0.2839 -0.6973
vn 0.4327 0.5316 -0.7281
vn 0.1798 0.7577 0.6273
vn 0.2316 0.7600 -0.6072
vn 0.4323 0.5321 0.7280
vn 0.1799 0.7577 -0.6273
vn 0.6778 0.2644 -0.6860
vn -0.0335 0.3657 0.9301
vn -0.0004 0.1394 0.9902
vn -0.9948 0.0160 -0.1006
vn -0.9713 0.0378 -0.2348
vn -0.9933 0.0181 -0.1138
vn -0.9707 0.0382 -0.2374
vn -0.3431 0.9320 -0.1170
vn 1.0000 0.0003 -0.0000
vn 0.0055 0.9477 0.3190
vn 0.0129 0.9977 0.0659
vn 0.0022 0.9688 0.2476
vn -0.0014 0.9961 0.0884
vn 0.0003 0.9718 0.2356
vn -0.0013 0.6483 0.7613
vn -0.0000 0.6653 0.7466
vn -0.0005 0.9682 0.2504
vn -0.4869 0.7327 -0.4754
vn 1.0000 0.0003 0.0001
vn -1.0000 -0.0003 -0.0000
vn -0.5737 0.5817 -0.5766
vn -0.7022 0.7120 -0.0000
vn 0.0086 0.7067 -0.7075
vn 0.5801 0.5740 -0.5779
vn 0.0122 0.9999 -0.0000
vn 0.7108 0.7033 -0.0000
vn -0.9239 -0.0058 0.3827
vn -1.0000 -0.0058 -0.0000
vn -0.0002 1.0000 -0.0001
vn -0.0002 1.0000 0.0001
vn 0.0001 1.0000 0.0001
vn -0.7071 -0.0058 0.7071
vn -0.7071 -0.0058 -0.7071
vn -0.3832 -0.0058 -0.9237
vn -0.9239 -0.0058 -0.3827
vn -0.3829 -0.0057 -0.9238
vn -0.3829 -0.0057 0.9238
vn -0.3832 -0.0058 0.9237
vn -0.0012 0.3698 0.9291
vn -0.0000 0.3635 0.9316
vn -0.0011 0.6273 0.7788
vn -0.0004 0.9265 0.3762
vn -0.0035 -0.5907 0.8069
vn -0.2106 -0.4184 0.8835
vn -0.1722 -0.1242 0.9772
vn -0.0028 -0.7988 0.6016
vn -0.4862 -0.6971 0.5269
vn -0.0010 -0.9749 0.2226
vn -0.6097 -0.7439 0.2735
vn -0.2019 -0.0000 0.9794
vn -0.1873 0.2668 0.9454
vn -0.1433 0.1185 0.9826
vn -0.4166 -0.0000 0.9091
vn -0.4659 0.5991 0.6512
vn -0.8110 -0.0000 0.5850
vn -0.6181 0.7093 0.3388
vn 0.9926 0.1214 -0.0001
vn -0.7078 -0.7064 -0.0062
vn -0.6008 -0.7977 -0.0521
vn -0.9751 -0.0000 0.2217
vn -0.9751 -0.0000 0.2216
vn 0.1305 0.9914 -0.0000
vn -0.1305 0.9914 -0.0000
vn 0.9914 0.1305 -0.0000
vn 0.9914 -0.1305 -0.0000
vn -0.9914 0.1305 -0.0000
vn -0.9914 -0.1305 -0.0000
vn -0.5798 -0.8147 -0.0000
vn -0.2682 0.9634 -0.0000
vn 0.7086 -0.7056 -0.0000
vn 0.1305 -0.9914 -0.0000
vn 0.5000 -0.8660 -0.0000
vn 0.8660 -0.5000 -0.0000
vn 0.5000 0.8660 -0.0000
vn 0.8660 0.5000 -0.0000
vn -0.1305 -0.9914 -0.0000
vn -0.5000 -0.8660 -0.0000
vn -0.8660 -0.5000 -0.0000
vn -0.5000 0.8660 -0.0000
vn -0.8660 0.5000 -0.0000
vn 0.5798 -0.8147 -0.0000
vn 0.2682 0.9634 -0.0000
vn -0.7086 -0.7056 -0.0000
vn -0.3645 -0.6319 -0.6840
vn 0.1369 0.5095 -0.8495
vn -0.2974 -0.9265 -0.2306
vn -0.2062 -0.6689 0.7142
vn 0.0135 0.4870 0.8733
vn 0.1564 0.4344 0.8871
vn -0.0237 -0.7090 0.7048
vn -0.0000 -0.4798 0.8774
vn 0.0953 0.7010 0.7068
vn -0.1622 -0.5114 0.8439
vn -0.0000 -0.7071 0.7071
vn -0.0000 -0.8944 -0.4472
vn -0.0000 -0.8942 -0.4478
vn 0.0366 0.8875 -0.4594
vn 0.0800 0.8476 -0.5245
vn 0.6888 -0.3790 -0.6180
vn 0.6067 -0.3324 0.7221
vn 0.4794 -0.2623 -0.8375
vn -0.9538 -0.0000 -0.3005
vn -0.9710 -0.0000 -0.2389
vn -0.6533 0.3500 -0.6714
vn -0.5889 0.3169 0.7435
vn -0.4720 0.2545 -0.8441
vn 0.7602 -0.4189 0.4965
vn -0.0000 -0.7397 0.6730
vn -0.0000 -0.6693 -0.7430
vn 0.0274 0.6987 0.7149
vn -0.0000 0.7397 0.6730
vn -0.0000 0.6694 -0.7429
vn 0.0049 0.8934 -0.4493
vn 0.0164 0.6594 -0.7516
vn 0.0059 0.7051 0.7091
vn 0.1095 0.7067 -0.6990
vn 0.1188 0.6973 0.7069
vn -0.1854 -0.6713 -0.7176
vn -0.2231 -0.6559 -0.7211
vn -0.1743 -0.6645 0.7266
vn 0.0604 0.7226 0.6886
vn -0.0593 -0.6843 -0.7268
vn 0.0604 0.7226 -0.6886
vn -0.0593 -0.6842 0.7268
vn -0.1158 -0.6602 -0.7421
vn 0.1138 0.7334 -0.6702
vn 0.1166 0.7298 0.6736
vn -0.1063 -0.6582 0.7453
vn -0.7289 -0.1035 -0.6768
vn -0.7289 0.1035 0.6768
vn -0.7289 0.1035 -0.6768
vn -0.6504 -0.3844 0.6551
vn -0.7289 -0.1035 0.6768
vn 0.5533 0.3001 -0.7771
vn -0.6504 -0.3844 -0.6551
vn 0.6783 0.0710 0.7313
vn 0.6783 0.0710 -0.7313
vn 0.5533 0.3001 0.7771
vn -0.3844 -0.6505 -0.6551
vn -0.3844 -0.6505 0.6551
vn 0.3001 0.5533 -0.7771
vn 0.3001 0.5533 0.7771
vn -0.1028 -0.7291 0.6766
vn -0.1028 -0.7291 -0.6766
vn 0.0716 0.6785 -0.7311
vn 0.0716 0.6785 0.7311
vn -0.1038 0.7287 -0.6769
vn -0.3844 0.6505 0.6551
vn -0.1038 0.7287 0.6769
vn 0.3001 -0.5533 -0.7771
vn -0.3844 0.6505 -0.6551
vn 0.0706 -0.6783 0.7314
vn 0.0706 -0.6782 -0.7314
vn 0.3001 -0.5533 0.7771
vn -0.6504 0.3844 0.6551
vn 0.5533 -0.3001 -0.7771
vn -0.6504 0.3844 -0.6551
vn 0.5533 -0.3001 0.7771
vn 0.6783 -0.0710 -0.7313
vn 0.6783 -0.0710 0.7313
vn 0.9602 0.0160 -0.2788
vn 0.9579 0.0100 -0.2871
vn 0.9538 -0.0000 -0.3005
vn 0.0417 0.9916 -0.1221
vn 0.0232 0.9882 -0.1516
vn 0.0597 0.9939 -0.0931
vn -0.9941 -0.0569 -0.0923
vn -0.9982 -0.0311 -0.0504
vn -0.9875 -0.0827 -0.1341
vn 0.0071 -0.9999 -0.0122
vn 0.0039 -1.0000 -0.0067
vn 0.0099 -0.9998 -0.0171
vn 0.9710 -0.0000 -0.2389
vn 0.0379 0.9985 -0.0400
vn 0.0211 0.9974 -0.0683
vn 0.0538 0.9985 -0.0132
vn -0.9729 0.0296 -0.2293
vn -0.9692 0.0179 -0.2458
vn -0.9776 0.0464 -0.2054
vn -0.0000 -0.6693 0.7430
vn -0.0000 0.7071 0.7071
vn -0.0000 0.6693 0.7430
vn 0.3645 -0.6319 -0.6840
vn 0.2974 -0.9265 -0.2306
vn -0.1369 0.5095 -0.8495
vn 0.2061 -0.6689 0.7142
vn -0.0135 0.4870 0.8733
vn 0.0237 -0.7090 0.7048
vn -0.1564 0.4344 0.8871
vn -0.0953 0.7010 0.7068
vn 0.1622 -0.5114 0.8439
vn -0.0366 0.8875 -0.4594
vn -0.0800 0.8476 -0.5245
vn -0.6888 -0.3790 -0.6180
vn -0.6067 -0.3324 0.7221
vn -0.7602 -0.4189 0.4965
vn 0.5889 0.3169 0.7435
vn 0.6533 0.3500 -0.6714
vn 0.4720 0.2545 -0.8441
vn -0.4794 -0.2623 -0.8375
vn 0.7609 0.4068 0.5055
vn -0.0274 0.6987 0.7149
vn -0.0000 -0.6694 -0.7429
vn -0.0049 0.8934 -0.4493
vn -0.0164 0.6594 -0.7516
vn -0.0059 0.7051 0.7091
vn -0.1095 0.7067 -0.6990
vn 0.1854 -0.6713 -0.7176
vn 0.2231 -0.6559 -0.7211
vn 0.1743 -0.6645 0.7266
vn -0.0604 0.7226 0.6886
vn -0.1188 0.6973 0.7069
vn 0.0593 -0.6843 -0.7268
vn 0.0593 -0.6842 0.7268
vn 0.1158 -0.6602 -0.7421
vn -0.1138 0.7334 -0.6702
vn -0.1166 0.7298 0.6736
vn 0.1063 -0.6582 0.7453
vn 0.7289 0.1035 0.6768
vn 0.7289 -0.1035 -0.6768
vn 0.7289 0.1035 -0.6768
vn 0.6504 -0.3844 0.6551
vn 0.7289 -0.1035 0.6768
vn -0.5533 0.3001 -0.7771
vn -0.6783 0.0710 -0.7313
vn -0.6783 0.0710 0.7313
vn -0.5533 0.3001 0.7771
vn 0.3844 -0.6505 0.6551
vn 0.6504 -0.3844 -0.6551
vn 0.3844 -0.6505 -0.6551
vn -0.3001 0.5533 -0.7771
vn 0.1028 -0.7291 0.6766
vn 0.1028 -0.7291 -0.6766
vn -0.0716 0.6785 -0.7311
vn -0.3001 0.5533 0.7771
vn 0.3844 0.6505 0.6551
vn 0.1038 0.7287 -0.6769
vn 0.1038 0.7287 0.6769
vn -0.3001 -0.5533 -0.7771
vn -0.0707 -0.6782 -0.7314
vn -0.0706 -0.6783 0.7314
vn -0.3001 -0.5533 0.7771
vn 0.6504 0.3844 0.6551
vn 0.3844 0.6504 -0.6551
vn 0.6505 0.3844 -0.6551
vn -0.5533 -0.3001 -0.7771
vn -0.5533 -0.3001 0.7771
vn -0.6783 -0.0710 -0.7313
vn -0.6783 -0.0710 0.7313
vn -0.0716 0.6785 0.7311
vn -0.0604 0.7226 -0.6886
vn -0.9579 0.0100 -0.2871
vn -0.9602 0.0160 -0.2788
vn -0.0417 0.9916 -0.1221
vn -0.0232 0.9882 -0.1516
vn -0.0000 0.9821 -0.1883
vn 0.9941 -0.0569 -0.0923
vn 0.9982 -0.0311 -0.0504
vn -0.0071 -0.9999 -0.0122
vn -0.0039 -1.0000 -0.0067
vn -0.0379 0.9985 -0.0400
vn -0.0211 0.9974 -0.0683
vn -0.0000 0.9946 -0.1035
vn 0.9729 0.0296 -0.2293
vn 0.9692 0.0179 -0.2458
vn 0.9626 -0.0000 -0.2708
vn 0.3829 0.0107 -0.9237
vn -0.0000 0.0107 -0.9999
vn 0.3832 0.0109 -0.9236
vn 0.9238 0.0108 -0.3827
vn 0.7071 0.0108 -0.7071
vn 0.9999 0.0108 -0.0000
vn 0.7071 0.0108 0.7071
vn 0.9238 0.0108 0.3827
vn 0.7071 0.0109 0.7071
vn -0.0036 -0.9999 0.0117
vn -0.0000 -1.0000 0.0001
vn -0.0000 -0.9999 0.0112
vn -0.0383 -0.9991 0.0206
vn -0.0333 -0.9994 0.0006
vn -0.0100 -0.9998 0.0144
vn -0.0011 -1.0000 0.0002
vn -0.0098 -0.9999 -0.0139
vn -0.0365 -0.9991 -0.0198
vn -0.0677 -0.9977 -0.0005
vn -0.0035 -0.9999 -0.0114
vn 0.3829 0.0107 0.9237
vn 0.3832 0.0109 0.9236
vn -0.0000 0.0107 0.9999
vn 0.2497 -0.9345 -0.2536
vn 0.1397 -0.9324 -0.3333
vn 0.2529 -0.9346 -0.2501
vn 0.1248 -0.9462 0.2986
vn 0.2302 -0.9450 0.2321
vn 0.1235 -0.9462 0.2991
vn 0.3085 -0.9430 0.1248
vn 0.3400 -0.9404 0.0023
vn 0.3065 -0.9431 0.1291
vn 0.3206 -0.9373 -0.1364
vn 0.3225 -0.9375 -0.1311
vn 0.2326 -0.9450 0.2299
vn 0.1369 -0.9324 -0.3346
vn -0.0000 -0.9316 -0.3635
vn -0.0000 -0.9466 0.3224
vn -0.0000 -0.9466 0.3223
vn 0.3403 -0.9403 -0.0032
vn 0.9239 -0.0034 0.3827
vn 0.7085 -0.0157 0.7055
vn 0.7107 -0.0022 0.7035
vn 0.7099 0.0053 0.7042
vn 0.4620 0.0106 0.8868
vn 0.3739 0.0097 0.9274
vn 0.7070 -0.0036 -0.7072
vn 0.3836 -0.0122 -0.9234
vn 0.7070 -0.0157 -0.7070
vn 0.9239 -0.0034 -0.3827
vn 0.9238 -0.0157 -0.3826
vn -0.0000 -0.0002 -1.0000
vn 0.3833 0.0001 -0.9236
vn 1.0000 -0.0034 -0.0000
vn 0.9999 -0.0157 -0.0000
vn 0.9238 -0.0157 0.3826
vn -0.0079 1.0000 -0.0000
vn -0.0073 1.0000 0.0030
vn -0.0073 1.0000 -0.0030
vn -0.9244 0.0008 0.3814
vn -0.9085 0.1874 0.3736
vn -0.9244 0.0008 0.3815
vn -0.0040 1.0000 -0.0070
vn 0.5648 -0.0034 0.8252
vn -0.0056 1.0000 0.0056
vn -0.0029 1.0000 0.0073
vn -0.0000 1.0000 0.0080
vn -0.9239 0.0018 -0.3827
vn -0.9997 0.0250 -0.0000
vn -0.9236 0.0250 -0.3826
vn -0.7116 -0.0015 -0.7026
vn -0.7150 0.0335 -0.6983
vn -0.5039 0.1218 -0.8551
vn -0.2949 -0.0022 -0.9555
vn -0.3820 0.0193 0.9240
vn -0.7084 0.0265 0.7053
vn -0.7076 0.0010 0.7066
vn -0.9239 0.0018 0.3827
vn -0.9236 0.0250 0.3826
vn -0.0000 0.0179 0.9998
vn -0.3819 0.0534 0.9227
vn -1.0000 0.0018 -0.0000
vn 1.0000 0.0089 -0.0000
vn 0.9238 0.0089 0.3827
vn 0.9238 0.0089 -0.3827
vn 0.3830 0.0111 -0.9237
vn 0.7067 0.0093 -0.7074
vn -0.0000 0.0655 -0.9979
vn -0.0000 0.0748 -0.9972
vn -0.0000 1.0000 -0.0071
vn -0.1598 0.9851 0.0640
vn -0.0000 1.0000 -0.0074
vn -0.9998 -0.0213 -0.0000
vn -0.3815 -0.0167 0.9242
vn -0.9237 -0.0213 0.3826
vn -0.7069 -0.0213 0.7069
vn -0.0000 0.0180 0.9998
vn -0.0000 0.0088 1.0000
vn -0.7073 -0.0212 -0.7066
vn 0.0002 1.0000 -0.0019
vn -0.0037 1.0000 -0.0056
vn -0.9237 -0.0213 -0.3826
vn -0.4092 0.0394 0.9116
vn -0.2552 0.1194 0.9595
vn -0.3611 0.0674 0.9301
vn -0.2523 0.6986 -0.6696
vn -0.1976 0.7489 -0.6325
vn -0.3915 0.5268 -0.7545
vn -0.9210 0.3889 0.0229
vn -0.6146 0.4225 0.6662
vn -0.9374 0.3481 -0.0122
vn -0.9252 0.0444 -0.3770
vn -0.8691 0.1027 -0.4839
vn -0.5768 0.3638 0.7314
vn -0.6777 0.6805 0.2787
vn -0.8996 0.2194 0.3776
vn -0.6165 0.7416 0.2644
vn 0.1340 0.6317 0.7636
vn -0.0000 0.7259 0.6879
vn 0.1139 0.5772 0.8086
vn -0.0000 0.7161 -0.6980
vn -0.5599 -0.0266 -0.8281
vn -0.2111 0.9739 0.0830
vn 0.0756 0.4739 0.8773
vn -0.7125 0.2135 -0.6684
vn 0.7071 -0.0000 0.7071
vn 0.9239 -0.0000 0.3827
vn -0.3829 0.0107 -0.9237
vn -0.3832 0.0109 -0.9236
vn -0.9238 0.0108 -0.3827
vn -0.7071 0.0108 -0.7071
vn -0.9999 0.0108 -0.0000
vn -0.9238 0.0108 0.3827
vn -0.7071 0.0108 0.7071
vn -0.7071 0.0109 0.7071
vn -0.7071 0.0109 -0.7071
vn 0.0036 -0.9999 0.0117
vn 0.0011 -1.0000 0.0002
vn 0.0383 -0.9991 0.0206
vn 0.0333 -0.9994 0.0006
vn 0.0677 -0.9977 -0.0005
vn 0.0100 -0.9998 0.0144
vn 0.0098 -0.9999 -0.0139
vn 0.0365 -0.9991 -0.0198
vn 0.0035 -0.9999 -0.0114
vn -0.3829 0.0107 0.9237
vn -0.3832 0.0109 0.9236
vn -0.0000 0.0104 0.9999
vn -0.2497 -0.9345 -0.2536
vn -0.1397 -0.9324 -0.3333
vn -0.1369 -0.9324 -0.3346
vn -0.1248 -0.9462 0.2986
vn -0.2302 -0.9450 0.2321
vn -0.2326 -0.9450 0.2299
vn -0.3085 -0.9430 0.1248
vn -0.3400 -0.9404 0.0023
vn -0.3403 -0.9403 -0.0032
vn -0.3206 -0.9373 -0.1364
vn -0.2529 -0.9346 -0.2501
vn -0.3065 -0.9431 0.1291
vn -0.1235 -0.9462 0.2991
vn -0.3225 -0.9375 -0.1311
vn -0.7085 -0.0157 0.7055
vn -0.9239 -0.0034 0.3827
vn -0.7107 -0.0022 0.7035
vn -0.4620 0.0106 0.8868
vn -0.7099 0.0053 0.7042
vn -0.3739 0.0097 0.9274
vn -0.7070 -0.0036 -0.7072
vn -0.3836 -0.0122 -0.9234
vn -0.3833 0.0001 -0.9236
vn -0.9239 -0.0034 -0.3827
vn -0.7070 -0.0157 -0.7070
vn -1.0000 -0.0034 -0.0000
vn -0.9238 -0.0157 -0.3826
vn -0.9999 -0.0157 -0.0000
vn 0.0073 1.0000 0.0030
vn 0.0079 1.0000 -0.0000
vn 0.0073 1.0000 -0.0030
vn 0.9085 0.1874 0.3736
vn 0.9244 0.0008 0.3814
vn 0.9244 0.0008 0.3815
vn 0.0040 1.0000 -0.0070
vn -0.5648 -0.0034 0.8252
vn 0.0029 1.0000 0.0073
vn 0.0056 1.0000 0.0056
vn 0.9239 0.0018 -0.3827
vn 0.9997 0.0250 -0.0000
vn 1.0000 0.0018 -0.0000
vn 0.7116 -0.0015 -0.7026
vn 0.9236 0.0250 -0.3826
vn 0.5039 0.1218 -0.8551
vn 0.7150 0.0335 -0.6983
vn 0.7084 0.0265 0.7053
vn 0.3820 0.0193 0.9240
vn 0.7076 0.0010 0.7066
vn 0.9239 0.0018 0.3827
vn 0.3819 0.0534 0.9227
vn -1.0000 0.0089 -0.0000
vn -0.9238 0.0089 0.3827
vn -0.9238 0.0089 -0.3827
vn -0.3830 0.0111 -0.9237
vn -0.7067 0.0093 -0.7074
vn 0.2949 -0.0022 -0.9555
vn 0.1598 0.9851 0.0640
vn 0.2111 0.9739 0.0830
vn 0.9998 -0.0213 -0.0000
vn 0.9237 -0.0213 0.3826
vn 0.3815 -0.0167 0.9242
vn -0.0000 -0.0153 0.9999
vn 0.7069 -0.0213 0.7069
vn 0.7073 -0.0212 -0.7066
vn 0.9237 -0.0213 -0.3826
vn 0.0037 1.0000 -0.0056
vn -0.0002 1.0000 -0.0019
vn 0.4092 0.0394 0.9116
vn 0.3611 0.0674 0.9301
vn 0.2552 0.1194 0.9595
vn 0.2523 0.6986 -0.6696
vn 0.3915 0.5268 -0.7545
vn 0.1976 0.7489 -0.6325
vn 0.9210 0.3889 0.0229
vn 0.6146 0.4225 0.6662
vn 0.5768 0.3638 0.7314
vn 0.9252 0.0444 -0.3770
vn 0.9374 0.3481 -0.0122
vn 0.8996 0.2194 0.3776
vn 0.6777 0.6805 0.2787
vn 0.6165 0.7416 0.2644
vn -0.1340 0.6317 0.7636
vn -0.0000 0.7283 0.6853
vn 0.5599 -0.0266 -0.8281
vn -0.1139 0.5772 0.8086
vn -0.0756 0.4739 0.8773
vn 0.7125 0.2135 -0.6684
vn 0.8691 0.1027 -0.4839
vn -0.7071 -0.0000 0.7071
vn -0.9239 -0.0000 0.3827
vn 0.0002 1.0000 -0.0001
vn 0.0003 1.0000 -0.0000
vn 0.0001 1.0000 0.0002
vn 0.0006 1.0000 -0.0001
vn 0.0002 1.0000 0.0001
vn 0.0002 1.0000 0.0002
vn 0.0005 1.0000 -0.0001
vn 0.0001 1.0000 -0.0001
vn 0.0001 1.0000 -0.0002
vn -0.0003 1.0000 -0.0000
vn -0.0001 1.0000 0.0002
vn -0.0002 1.0000 0.0002
vn -0.0006 1.0000 -0.0001
vn -0.0005 1.0000 -0.0001
vn -0.0001 1.0000 0.0001
vn -0.0001 1.0000 -0.0001
vn -0.0001 1.0000 -0.0002
vn -0.0002 1.0000 -0.0000
vn 0.0007 1.0000 0.0003
vn -0.3826 -0.0000 0.9239
vn 0.3826 -0.0000 0.9239
vn -0.9239 -0.0000 -0.3827
vn -0.9238 -0.0000 -0.3828
vn 0.9239 -0.0000 -0.3827
vn -0.7071 -0.0000 -0.7071
vn -0.3828 -0.0000 -0.9238
vn -0.3826 -0.0000 -0.9239
vn 0.7071 -0.0000 -0.7071
vn 0.3828 -0.0000 -0.9238
vn 0.9238 -0.0000 -0.3828
vn 0.3826 -0.0000 -0.9239
vn -0.0000 0.0781 0.9969
vn 0.6250 0.4673 0.6253
vn -0.0000 0.4628 0.8864
vn 0.7046 0.0821 0.7049
vn 0.7046 0.0821 -0.7049
vn -0.0000 0.0781 -0.9969
vn 0.6250 0.4673 -0.6253
vn 0.9969 0.0782 -0.0000
vn 0.8864 0.4630 -0.0000
vn -0.0000 0.8696 0.4937
vn 0.2772 0.9199 0.2774
vn -0.0000 0.9035 0.4287
vn 0.3452 0.8727 0.3454
vn 0.3452 0.8727 -0.3455
vn -0.0000 0.4628 -0.8864
vn -0.0000 0.8696 -0.4937
vn 0.2772 0.9199 -0.2774
vn 0.4935 0.8698 -0.0000
vn 0.4284 0.9036 -0.0000
vn 0.6845 0.2492 0.6851
vn -0.0000 0.2279 0.9737
vn 0.6845 0.2492 -0.6851
vn -0.0000 0.9035 -0.4287
vn -0.0000 0.2279 -0.9737
vn 0.9737 0.2280 -0.0000
vn 0.7069 -0.0000 0.7073
vn 0.7664 -0.6423 -0.0000
vn 0.7069 -0.0000 -0.7073
vn 0.5553 -0.6189 -0.5555
vn -0.0000 -0.6424 -0.7664
vn -0.7069 -0.0000 0.7073
vn 0.5553 -0.6189 0.5555
vn 0.9996 -0.0300 -0.0000
vn 0.6877 -0.2319 -0.6880
vn 0.6958 -0.0144 -0.7181
vn 0.8990 0.4380 -0.0000
vn 0.6958 -0.0144 0.7181
vn 0.6877 -0.2319 0.6880
vn 0.9747 -0.2236 -0.0000
vn -0.0000 0.0358 0.9994
vn -0.0000 0.4630 0.8864
vn -0.0000 0.4630 -0.8864
vn -0.0000 0.0358 -0.9994
vn -0.0000 -0.2234 -0.9747
vn -0.0000 -0.6668 -0.7453
vn -0.0000 -0.6668 0.7453
vn 0.7450 -0.6671 -0.0000
vn 0.5607 -0.6091 -0.5610
vn -0.0000 -0.6006 -0.7995
vn 0.5058 -0.6985 -0.5062
vn -0.0000 -0.6006 0.7995
vn 0.5058 -0.6985 0.5062
vn 0.5607 -0.6091 0.5610
vn -0.0000 -0.2234 0.9747
vn 0.7994 -0.6008 -0.0000
vn 0.2282 0.9347 -0.2726
vn 0.6010 0.4294 -0.6741
vn 0.3395 0.9406 -0.0000
vn -0.0000 0.9384 -0.3455
vn -0.0000 0.9384 0.3455
vn 0.2282 0.9347 0.2726
vn 0.6010 0.4294 0.6741
vn 0.6291 0.0530 0.7755
vn 0.3871 0.2553 0.8860
vn 0.3465 0.0677 0.9356
vn -0.4592 -0.6158 -0.6403
vn -0.4043 -0.5055 -0.7622
vn -0.3863 -0.4644 -0.7969
vn 0.3374 -0.0004 0.9414
vn 0.9535 0.0013 0.3015
vn 0.7528 -0.0002 0.6583
vn 0.9613 0.0004 0.2756
vn 0.9999 0.0009 0.0103
vn 1.0000 -0.0000 0.0096
vn -0.0000 0.0001 1.0000
vn -0.0000 0.0968 0.9953
vn -0.3420 -0.0587 -0.9379
vn -0.4130 -0.1379 -0.9002
vn -0.6075 -0.0164 -0.7941
vn 0.2468 -0.8959 -0.3693
vn -0.5020 -0.8165 -0.2852
vn -0.4029 0.0184 -0.9151
vn -0.7379 0.0264 -0.6744
vn -0.9444 0.0362 -0.3269
vn -0.9217 -0.0003 -0.3880
vn -1.0000 0.0008 -0.0000
vn -0.3788 -0.4344 -0.8171
vn -0.0000 0.0001 -1.0000
vn 0.2600 -0.9656 -0.0000
vn -0.0000 -0.0897 -0.9960
vn -0.3644 -0.3440 -0.8654
vn -0.0002 -1.0000 -0.0000
vn -0.0001 -1.0000 -0.0000
vn 0.9984 0.0551 -0.0124
vn 0.9997 -0.0026 0.0239
vn 0.9942 0.0766 0.0749
vn -0.0768 0.9967 0.0259
vn 0.0763 0.9970 -0.0100
vn 0.0392 0.9992 -0.0000
vn 0.9109 -0.3712 -0.1804
vn -0.8386 0.5446 0.0122
vn -0.4907 0.8687 0.0679
vn 0.8619 -0.5070 -0.0000
vn -0.8611 0.5084 -0.0000
vn -0.8546 0.5190 -0.0198
vn 0.5826 0.7791 -0.2314
vn 0.8694 0.4065 -0.2810
vn 0.8873 0.3559 -0.2932
vn -0.0003 -1.0000 -0.0000
vn 0.4975 0.8675 0.0044
vn 0.5468 0.7454 -0.3812
vn 0.9982 -0.0415 0.0433
vn 0.3960 0.6255 0.6723
vn 0.3085 0.4420 0.8423
vn 0.3183 0.4182 0.8508
vn -0.0000 0.2126 0.9771
vn 0.3654 0.4417 0.8194
vn 0.4369 0.2765 0.8560
vn 0.3023 0.4765 0.8256
vn -0.3403 -0.2811 -0.8973
vn -0.2394 -0.3209 -0.9163
vn -0.0000 -0.1815 -0.9834
vn -0.0000 -0.1947 -0.9809
vn -0.0000 0.1876 0.9823
vn -0.0000 0.2088 0.9780
vn -0.0000 0.1770 0.9842
vn 0.3650 0.1745 -0.9145
vn 0.5760 0.0546 -0.8157
vn 0.3465 0.0677 -0.9356
vn -0.4592 -0.6158 0.6403
vn -0.4043 -0.5055 0.7622
vn -0.3788 -0.4344 0.8171
vn 0.3374 -0.0004 -0.9414
vn 0.6710 -0.0009 -0.7415
vn 0.8993 0.0008 -0.4374
vn 0.9266 -0.0002 -0.3760
vn 0.4895 0.3243 -0.8095
vn 0.3791 0.7273 -0.5721
vn 0.5065 0.5846 -0.6338
vn -0.3420 -0.0587 0.9379
vn -0.4130 -0.1379 0.9002
vn -0.3644 -0.3440 0.8654
vn 0.2468 -0.8959 0.3693
vn -0.5020 -0.8165 0.2852
vn -0.4029 0.0184 0.9151
vn -0.6075 -0.0164 0.7941
vn -0.9444 0.0362 0.3269
vn -0.7379 0.0264 0.6744
vn -0.9217 -0.0003 0.3880
vn -0.0000 -0.0897 0.9960
vn -0.5065 -0.8623 -0.0000
vn -0.0000 -0.1947 0.9809
vn -0.0002 -1.0000 -0.0001
vn -0.0001 -1.0000 -0.0001
vn 0.9981 0.0181 -0.0594
vn 0.9992 0.0354 -0.0185
vn 0.9885 0.0935 -0.1188
vn 0.0708 0.9974 0.0113
vn -0.1175 0.9918 -0.0502
vn 0.9061 -0.3812 0.1835
vn -0.4274 0.8984 -0.1009
vn -0.8381 0.5453 -0.0165
vn -0.8546 0.5190 0.0198
vn 0.8296 0.3710 0.4173
vn 0.6235 0.7392 0.2546
vn 0.8177 0.3545 0.4535
vn 0.6134 0.7394 0.2774
vn 0.4984 0.8670 0.0026
vn 0.2873 0.4888 -0.8237
vn 0.2233 0.4122 -0.8833
vn 0.2915 0.5019 -0.8143
vn -0.0000 0.2126 -0.9771
vn 0.5086 0.8610 -0.0000
vn 0.5009 0.8112 -0.3017
vn 0.5065 0.8623 -0.0000
vn 0.1588 0.2938 -0.9426
vn 0.6280 0.1212 -0.7687
vn -0.3863 -0.4644 0.7969
vn -0.2394 -0.3209 0.9163
vn -0.3403 -0.2811 0.8973
vn -0.0000 -0.1815 0.9834
vn 0.4896 0.8397 0.2352
vn 0.5078 0.8316 0.2247
vn 0.4839 0.8237 -0.2957
vn -0.0000 0.0968 -0.9953
vn -0.0000 0.1876 -0.9823
vn -0.0000 0.2088 -0.9780
vn -0.2633 -0.9003 -0.3467
vn -0.4630 -0.8854 -0.0423
vn -0.4611 -0.8722 0.1636
vn -0.3207 -0.9432 0.0864
vn -0.3186 -0.9479 0.0025
vn -0.3920 -0.9096 0.1378
vn 0.4531 0.4346 0.7783
vn -0.0000 0.5684 0.8228
vn -0.0000 0.5139 0.8579
vn 0.3106 0.7651 -0.5641
vn 0.7471 0.6457 -0.1577
vn 0.7135 0.6176 -0.3309
vn -0.0000 0.4196 -0.9077
vn 0.2801 0.2261 -0.9330
vn -0.0000 0.2268 -0.9739
vn -0.3142 -0.9306 0.1876
vn -0.1693 -0.9312 0.3229
vn -0.3760 -0.8852 0.2740
vn 0.3721 0.7740 0.5123
vn -0.0000 0.9739 0.2270
vn -0.0000 0.8318 0.5550
vn 0.6686 0.0390 -0.7426
vn 0.1981 -0.1221 -0.9725
vn 0.2198 0.0471 -0.9744
vn 0.4147 0.5488 0.7259
vn 0.7873 0.2594 0.5594
vn 0.7973 0.4193 0.4342
vn 0.7089 0.6263 0.3243
vn 0.8411 0.5404 0.0226
vn 0.7396 0.6691 0.0724
vn -0.0000 0.7725 -0.6351
vn 0.2638 0.4102 -0.8730
vn -0.4463 -0.7868 0.4264
vn -0.4488 -0.8374 0.3120
vn -0.4603 -0.8386 0.2914
vn 0.6913 0.3272 -0.6442
vn 0.9584 0.1730 0.2269
vn 0.8224 0.1367 0.5523
vn 0.9483 -0.2360 0.2124
vn 0.9311 0.3345 0.1455
vn 0.7604 0.3412 0.5526
vn 0.4116 0.4205 0.8086
vn 0.9733 0.0579 -0.2219
vn -0.0000 0.3766 0.9264
vn 0.6372 0.2461 -0.7303
vn -0.0000 0.1120 0.9937
vn 0.5045 0.1739 0.8457
vn 0.9239 -0.1028 -0.3685
vn 0.6312 -0.2648 -0.7290
vn 0.6135 -0.3857 0.6891
vn 0.8280 -0.4649 0.3135
vn 0.8623 0.4086 -0.2990
vn 0.9319 0.2800 -0.2307
vn 0.8444 0.2600 -0.4684
vn 0.9443 -0.2457 -0.2191
vn 0.8617 -0.3665 -0.3510
vn 0.8878 0.1255 -0.4428
vn -0.9950 0.0178 -0.0981
vn -0.9701 -0.1805 0.1624
vn -0.9917 -0.0777 0.1023
vn -0.8473 -0.5151 -0.1296
vn -0.9852 -0.1281 -0.1139
vn -0.0000 -0.4170 -0.9089
vn -0.4046 -0.7240 -0.5587
vn -0.5101 -0.3655 -0.7786
vn -0.6114 -0.2390 0.7544
vn -0.1898 -0.6673 0.7202
vn -0.2490 -0.2584 0.9334
vn -0.8077 -0.5840 -0.0813
vn -0.2154 -0.9409 0.2615
vn -0.6133 -0.5861 0.5295
vn -0.0000 -0.9366 -0.3503
vn -0.0674 -0.9557 0.2865
vn -0.2835 -0.9590 -0.0000
vn -0.2550 -0.9240 -0.2849
vn -0.9112 0.1531 0.3825
vn -0.4852 0.3888 0.7832
vn -0.7954 0.4704 0.3821
vn -0.8188 -0.4208 -0.3905
vn -0.7911 -0.5504 -0.2668
vn -0.9478 -0.2845 0.1440
vn -0.9471 -0.3106 -0.0810
vn -0.9559 -0.1573 0.2481
vn -0.9886 -0.0259 0.1486
vn -0.9703 -0.2085 0.1229
vn -0.9091 -0.3653 -0.2000
vn -0.8851 -0.4583 0.0815
vn -0.9796 -0.1875 0.0725
vn -0.8183 -0.3189 -0.4781
vn -0.9500 -0.2486 -0.1890
vn -0.5407 -0.1560 -0.8266
vn -0.9787 -0.2054 -0.0003
vn -0.0000 -0.2146 -0.9767
vn -0.1925 -0.1270 0.9730
vn -0.1522 0.0888 0.9843
vn -0.6094 -0.1722 0.7740
vn -0.0000 0.1085 -0.9941
vn -0.4915 0.0758 -0.8676
vn -0.6875 -0.5767 -0.4413
vn -0.8580 -0.2546 -0.4462
vn -0.9418 -0.1714 0.2892
vn -0.8400 -0.5309 0.1118
vn -0.8696 0.2528 -0.4241
vn -0.6746 -0.3422 -0.6540
vn -0.3853 0.4417 -0.8102
vn -0.0000 0.5190 -0.8548
vn -0.1088 0.3815 0.9179
vn -0.5787 0.0301 0.8150
vn 0.8674 -0.4700 -0.1634
vn -0.2414 -0.9646 -0.1063
vn -0.0000 -0.9157 -0.4020
vn -0.0000 -0.9126 -0.4089
vn -0.1139 -0.9373 0.3293
vn -0.0000 -0.9332 0.3594
vn 0.5044 -0.0327 0.8629
vn -0.4633 -0.7944 0.3927
vn -0.0000 0.0434 0.9991
vn -0.0000 -0.1737 -0.9848
vn -0.0000 -0.0783 -0.9969
vn -0.0000 0.4282 0.9037
vn -0.0000 0.1187 0.9929
vn -0.0000 -0.0712 0.9975
vn -0.0000 -0.2430 0.9700
vn -0.0000 -0.6820 0.7314
vn -0.0000 -0.9480 0.3182
vn 0.2600 0.2148 -0.9414
vn 0.6703 0.1961 -0.7157
vn -0.0000 0.9654 -0.2607
vn 0.3938 0.8890 -0.2335
vn 0.3656 0.9060 0.2134
vn 0.8617 0.3107 -0.4013
vn 0.8232 0.5222 -0.2229
vn -0.0000 0.1258 -0.9921
vn -0.6250 0.4673 0.6253
vn -0.7046 0.0821 0.7049
vn -0.7046 0.0821 -0.7049
vn -0.6250 0.4673 -0.6253
vn -0.9969 0.0782 -0.0000
vn -0.8864 0.4630 -0.0000
vn -0.2772 0.9199 0.2774
vn -0.3452 0.8727 0.3455
vn -0.3452 0.8727 -0.3455
vn -0.2772 0.9199 -0.2774
vn -0.4935 0.8698 -0.0000
vn -0.4284 0.9036 -0.0000
vn -0.6845 0.2492 0.6851
vn -0.6845 0.2492 -0.6851
vn -0.9737 0.2280 -0.0000
vn -0.7664 -0.6423 -0.0000
vn -0.7069 -0.0000 -0.7073
vn -0.5553 -0.6189 0.5555
vn -0.0000 -0.6424 0.7664
vn -0.9996 -0.0300 -0.0000
vn -0.6877 -0.2319 -0.6880
vn -0.9747 -0.2236 -0.0000
vn -0.8990 0.4380 -0.0000
vn -0.6958 -0.0144 -0.7181
vn -0.6958 -0.0144 0.7181
vn -0.6877 -0.2319 0.6880
vn -0.7450 -0.6671 -0.0000
vn -0.5607 -0.6091 -0.5610
vn -0.5058 -0.6985 -0.5062
vn -0.5058 -0.6985 0.5062
vn -0.5607 -0.6091 0.5610
vn -0.7994 -0.6008 -0.0000
vn -0.5553 -0.6189 -0.5555
vn -0.2282 0.9347 -0.2726
vn -0.6010 0.4294 -0.6741
vn -0.3395 0.9406 -0.0000
vn -0.2282 0.9347 0.2726
vn -0.6010 0.4294 0.6741
vn -0.3871 0.2553 0.8860
vn -0.6291 0.0530 0.7755
vn -0.3465 0.0677 0.9356
vn 0.4592 -0.6158 -0.6403
vn 0.4043 -0.5055 -0.7622
vn 0.3788 -0.4344 -0.8171
vn -0.3374 -0.0004 0.9414
vn -0.7528 -0.0002 0.6583
vn -0.9535 0.0013 0.3015
vn -0.9613 0.0004 0.2756
vn -0.9999 0.0009 0.0103
vn -1.0000 -0.0000 0.0096
vn 0.3420 -0.0587 -0.9379
vn 0.4130 -0.1379 -0.9002
vn 0.3644 -0.3440 -0.8654
vn -0.2468 -0.8959 -0.3693
vn 0.5020 -0.8165 -0.2852
vn 0.4029 0.0184 -0.9151
vn 0.6075 -0.0164 -0.7941
vn 0.9444 0.0362 -0.3269
vn 0.7379 0.0264 -0.6744
vn 0.9217 -0.0003 -0.3880
vn 1.0000 0.0008 -0.0000
vn -0.2600 -0.9656 -0.0000
vn 0.5065 -0.8623 -0.0000
vn 0.0002 -1.0000 -0.0000
vn 0.0001 -1.0000 -0.0000
vn -0.9997 -0.0026 0.0239
vn -0.9984 0.0551 -0.0124
vn -0.9942 0.0766 0.0749
vn -0.0763 0.9970 -0.0100
vn 0.0768 0.9967 0.0259
vn -0.0392 0.9992 -0.0000
vn -0.9109 -0.3712 -0.1804
vn 0.4907 0.8687 0.0679
vn 0.8386 0.5446 0.0122
vn -0.8619 -0.5070 -0.0000
vn 0.8546 0.5190 -0.0198
vn 0.8611 0.5084 -0.0000
vn -0.8694 0.4065 -0.2810
vn -0.5826 0.7791 -0.2314
vn -0.8873 0.3559 -0.2932
vn 0.0003 -1.0000 -0.0000
vn -0.4975 0.8675 0.0044
vn -0.4984 0.8670 0.0026
vn -0.3960 0.6255 0.6723
vn -0.3085 0.4420 0.8423
vn -0.3654 0.4417 0.8194
vn -0.4369 0.2765 0.8560
vn -0.3023 0.4765 0.8256
vn -0.3183 0.4182 0.8508
vn 0.3863 -0.4644 -0.7969
vn 0.2394 -0.3209 -0.9163
vn 0.3403 -0.2811 -0.8973
vn -0.5760 0.0546 -0.8157
vn -0.3650 0.1745 -0.9145
vn -0.3465 0.0677 -0.9356
vn 0.4592 -0.6158 0.6403
vn 0.4043 -0.5055 0.7622
vn 0.3863 -0.4644 0.7969
vn -0.3374 -0.0004 -0.9414
vn -0.8993 0.0008 -0.4374
vn -0.6710 -0.0009 -0.7415
vn -0.9266 -0.0002 -0.3760
vn -0.4895 0.3243 -0.8095
vn -0.3791 0.7273 -0.5721
vn -0.2838 0.4898 -0.8243
vn 0.3420 -0.0587 0.9379
vn 0.4130 -0.1379 0.9002
vn 0.6075 -0.0164 0.7941
vn -0.2468 -0.8959 0.3693
vn 0.5020 -0.8165 0.2852
vn 0.4029 0.0184 0.9151
vn 0.7379 0.0264 0.6744
vn 0.9444 0.0362 0.3269
vn 0.9217 -0.0003 0.3880
vn 0.3788 -0.4344 0.8171
vn 0.3644 -0.3440 0.8654
vn 0.0002 -1.0000 -0.0001
vn 0.0001 -1.0000 -0.0001
vn -0.9992 0.0354 -0.0185
vn -0.9981 0.0181 -0.0594
vn -0.9885 0.0935 -0.1188
vn 0.1175 0.9918 -0.0502
vn -0.0708 0.9974 0.0113
vn -0.9061 -0.3812 0.1835
vn 0.8381 0.5453 -0.0165
vn 0.4274 0.8984 -0.1009
vn 0.8546 0.5190 0.0198
vn -0.6235 0.7392 0.2546
vn -0.8296 0.3710 0.4173
vn -0.8177 0.3545 0.4535
vn -0.6134 0.7394 0.2774
vn -0.9968 -0.0376 -0.0711
vn -0.2972 0.4943 -0.8169
vn -0.1583 0.3062 -0.9387
vn -0.2499 0.4192 -0.8728
vn -0.5086 0.8610 -0.0000
vn -0.5009 0.8112 -0.3017
vn -0.4839 0.8237 -0.2957
vn -0.6280 0.1212 -0.7687
vn 0.3403 -0.2811 0.8973
vn 0.2394 -0.3209 0.9163
vn -0.4896 0.8397 0.2352
vn -0.5065 0.8623 -0.0000
vn -0.0000 0.1770 -0.9842
vn 0.2633 -0.9003 -0.3467
vn 0.4630 -0.8854 -0.0423
vn 0.3520 -0.8749 -0.3326
vn 0.3186 -0.9479 0.0025
vn 0.3207 -0.9432 0.0864
vn 0.3920 -0.9096 0.1378
vn -0.4531 0.4346 0.7783
vn -0.3106 0.7651 -0.5641
vn -0.7471 0.6457 -0.1577
vn -0.3938 0.8890 -0.2335
vn -0.2801 0.2261 -0.9330
vn 0.1693 -0.9312 0.3229
vn 0.3142 -0.9306 0.1876
vn 0.3760 -0.8852 0.2740
vn -0.3721 0.7740 0.5123
vn -0.3656 0.9060 0.2134
vn -0.6686 0.0390 -0.7426
vn -0.1981 -0.1221 -0.9725
vn -0.6312 -0.2648 -0.7290
vn -0.4147 0.5488 0.7259
vn -0.7873 0.2594 0.5594
vn -0.8411 0.5404 0.0226
vn -0.7089 0.6263 0.3243
vn -0.7396 0.6691 0.0724
vn -0.2638 0.4102 -0.8730
vn 0.4463 -0.7868 0.4264
vn 0.4488 -0.8374 0.3120
vn 0.4633 -0.7944 0.3927
vn -0.6913 0.3272 -0.6442
vn -0.8224 0.1367 0.5523
vn -0.9584 0.1730 0.2269
vn -0.9483 -0.2360 0.2124
vn -0.9311 0.3345 0.1455
vn -0.7973 0.4193 0.4342
vn -0.7604 0.3412 0.5526
vn -0.9733 0.0579 -0.2219
vn -0.9273 0.2875 -0.2396
vn -0.4116 0.4205 0.8086
vn -0.9443 -0.2457 -0.2191
vn -0.2198 0.0471 -0.9744
vn -0.6372 0.2461 -0.7303
vn -0.2600 0.2148 -0.9414
vn -0.5046 0.1739 0.8457
vn -0.9239 -0.1028 -0.3685
vn -0.8617 -0.3665 -0.3509
vn -0.8280 -0.4649 0.3135
vn -0.6135 -0.3857 0.6891
vn -0.8464 0.2668 -0.4609
vn -0.8297 0.5036 -0.2408
vn -0.8845 0.3773 -0.2744
vn -0.8674 -0.4700 -0.1634
vn -0.8878 0.1255 -0.4428
vn 0.9950 0.0178 -0.0981
vn 0.9701 -0.1804 0.1624
vn 0.9852 -0.1281 -0.1139
vn 0.8473 -0.5151 -0.1296
vn 0.9091 -0.3653 -0.2000
vn 0.4046 -0.7240 -0.5587
vn -0.0000 -0.7202 -0.6938
vn 0.1898 -0.6673 0.7202
vn 0.6114 -0.2390 0.7544
vn 0.2490 -0.2584 0.9334
vn 0.2154 -0.9409 0.2615
vn 0.8077 -0.5840 -0.0813
vn 0.6133 -0.5861 0.5295
vn 0.2835 -0.9590 -0.0000
vn 0.0674 -0.9557 0.2865
vn 0.2550 -0.9240 -0.2849
vn 0.9112 0.1531 0.3825
vn 0.4852 0.3888 0.7832
vn 0.5786 0.0301 0.8150
vn 0.8188 -0.4208 -0.3905
vn 0.7911 -0.5504 -0.2668
vn 0.9471 -0.3106 -0.0810
vn 0.9478 -0.2845 0.1440
vn 0.9559 -0.1573 0.2482
vn 0.9886 -0.0259 0.1486
vn 0.9703 -0.2085 0.1229
vn 0.9917 -0.0777 0.1023
vn 0.8851 -0.4583 0.0815
vn 0.9796 -0.1875 0.0725
vn 0.9787 -0.2054 -0.0003
vn 0.8183 -0.3189 -0.4781
vn 0.9500 -0.2486 -0.1890
vn 0.5407 -0.1560 -0.8266
vn 0.5101 -0.3655 -0.7786
vn 0.1925 -0.1270 0.9730
vn 0.6094 -0.1722 0.7740
vn 0.1522 0.0888 0.9843
vn 0.4915 0.0758 -0.8676
vn 0.6875 -0.5767 -0.4413
vn 0.8580 -0.2546 -0.4462
vn 0.9418 -0.1714 0.2892
vn 0.8400 -0.5309 0.1118
vn 0.8696 0.2528 -0.4241
vn 0.6746 -0.3422 -0.6540
vn 0.3853 0.4417 -0.8102
vn 0.1088 0.3815 0.9179
vn 0.2414 -0.9646 -0.1063
vn 0.1139 -0.9373 0.3293
vn -0.5044 -0.0327 0.8629
vn 0.4611 -0.8722 0.1636
vn -0.6703 0.1961 -0.7157
vn -0.8617 0.3107 -0.4013
vn -0.7135 0.6176 -0.3309
vn -0.9267 0.3036 0.2214
vn -0.9061 0.3679 0.2090
vn -0.9302 0.2942 0.2196
vn 0.9061 -0.3679 -0.2090
vn 0.9288 -0.2961 -0.2228
vn 0.9334 -0.2823 -0.2213
vn 0.1212 -0.5454 0.8293
vn 0.3463 -0.0000 0.9381
vn 0.9715 -0.0000 -0.2371
vn -0.9715 -0.0000 0.2371
vn 0.9711 -0.0089 -0.2387
vn 0.9716 -0.0261 -0.2354
vn -0.9716 0.0261 0.2354
vn -0.9714 0.0157 0.2370
vn 0.3580 0.9288 -0.0954
vn 0.3947 0.0760 0.9157
vn 0.4194 0.0885 0.9035
vn 0.3878 0.0918 0.9171
vn -0.3423 0.0131 -0.9395
vn -0.3460 0.0024 -0.9382
vn -0.3421 0.0126 -0.9396
vn 0.9606 -0.2603 -0.0970
vn 0.9220 -0.3782 -0.0828
vn 0.9408 -0.3367 -0.0400
vn 1.0000 0.0015 -0.0004
vn 0.0130 0.1113 0.9937
vn 0.0039 0.0775 0.9970
vn 0.0247 0.1337 0.9907
vn 0.3773 0.9257 -0.0275
vn 0.3709 0.9283 -0.0264
vn 0.3765 0.9260 -0.0287
vn 0.0010 -0.0000 1.0000
vn -0.3463 -0.0000 -0.9381
vn -0.3461 0.0044 -0.9382
vn -0.0000 -0.9249 0.3803
vn 0.2952 -0.8852 0.3595
vn 0.3477 -0.8201 0.4546
vn 0.5585 -0.4035 0.7248
vn 0.4668 -0.8251 0.3183
vn 0.4467 -0.5341 0.7178
vn -0.0885 -0.0146 -0.9960
vn -0.0873 0.0078 -0.9961
vn -0.0967 -0.0355 -0.9947
vn -0.0010 -0.0000 -1.0000
vn 0.1171 -0.9314 0.3446
vn -0.1639 -0.8357 0.5241
vn -0.3461 0.0029 -0.9382
vn -0.3418 0.0161 -0.9396
vn -0.3461 0.0036 -0.9382
vn -0.3421 0.0145 -0.9395
vn 0.3549 0.0840 0.9311
vn 0.3017 0.0998 0.9482
vn 0.3125 0.0990 0.9447
vn 0.3070 -0.4833 0.8199
vn 0.2633 0.1147 0.9579
vn 0.3021 0.1080 0.9471
vn -0.3422 0.0171 -0.9395
vn 0.0282 -0.4228 0.9058
vn -0.1843 -0.5143 0.8375
vn 0.3449 0.0944 0.9339
vn -0.0953 -0.0585 -0.9937
vn 0.4498 -0.6310 0.6321
vn 0.4865 -0.4956 0.7195
vn 0.3713 0.9281 -0.0277
vn 0.3771 0.9257 -0.0300
vn -0.0297 0.0896 0.9955
vn 0.0022 0.2143 0.9768
vn 0.3618 0.0442 0.9312
vn 0.3827 0.0475 0.9227
vn 0.3640 0.0555 0.9297
vn -0.3351 0.0286 -0.9417
vn -0.3321 0.0358 -0.9426
vn -0.3353 0.0279 -0.9417
vn -0.3349 0.0293 -0.9418
vn -0.3351 0.0296 -0.9417
vn 0.3604 0.0501 0.9314
vn 0.3439 0.0777 0.9358
vn 0.3658 0.0555 0.9291
vn 0.3465 0.0708 0.9354
vn -0.3351 0.0280 -0.9418
vn 0.3664 0.0475 0.9292
vn 0.3871 0.0451 0.9209
vn 0.4047 0.0650 0.9121
vn 0.9662 -0.1014 -0.2371
vn 0.9682 -0.0517 -0.2448
vn 0.9590 -0.1454 -0.2431
vn -0.9685 0.0537 0.2430
vn -0.9647 0.1209 0.2338
vn -0.9581 0.1554 0.2406
vn 0.1846 0.0474 0.9817
vn 0.1642 0.1559 0.9740
vn 0.1924 0.0546 0.9798
vn 0.1537 0.1471 0.9771
vn -0.0135 -0.0793 -0.9968
vn -0.0198 -0.0650 -0.9977
vn -0.0134 -0.0407 -0.9991
vn 0.1166 0.0674 0.9909
vn 0.1103 0.1032 0.9885
vn 0.9943 -0.1001 -0.0376
vn 0.9997 -0.0211 -0.0089
vn 0.9804 -0.1968 0.0073
vn 0.9431 -0.2825 0.1756
vn 0.8976 -0.4028 0.1788
vn 0.8956 -0.4084 0.1764
vn -0.9338 0.3224 -0.1549
vn -0.8976 0.4028 -0.1788
vn -0.9469 0.2714 -0.1723
vn -0.2953 -0.0000 0.9554
vn -0.0764 -0.5454 0.8347
vn -0.9829 -0.0000 -0.1844
vn 0.9829 -0.0000 0.1844
vn 0.9828 0.0261 0.1827
vn -0.9828 -0.0261 -0.1827
vn -0.9826 -0.0113 -0.1854
vn 0.9828 0.0170 0.1840
vn 0.9842 0.0179 0.1764
vn 0.4292 0.8868 -0.1712
vn -0.3211 0.1655 0.9325
vn -0.3510 0.0833 0.9327
vn -0.3384 0.2346 0.9113
vn 0.2864 -0.0881 -0.9541
vn 0.2955 0.0048 -0.9553
vn 0.2831 -0.0900 -0.9548
vn -0.9513 0.3034 0.0541
vn -0.9220 0.3782 0.0828
vn -1.0000 0.0053 -0.0013
vn -0.0032 0.0734 0.9973
vn 0.0147 0.1032 0.9946
vn 0.3837 0.9231 -0.0276
vn 0.3778 0.9255 -0.0288
vn -0.0010 -0.0000 1.0000
vn 0.2953 -0.0000 -0.9554
vn 0.2954 0.0038 -0.9554
vn -0.2952 -0.8852 0.3595
vn -0.3477 -0.8201 0.4546
vn -0.4490 -0.8251 0.3430
vn -0.5186 -0.4035 0.7538
vn -0.4074 -0.5341 0.7408
vn -0.0816 0.0027 -0.9967
vn -0.0864 0.0074 -0.9962
vn 0.0010 -0.0000 -1.0000
vn -0.0983 -0.9314 0.3504
vn -0.2624 -0.4833 0.8352
vn 0.2851 -0.0814 -0.9550
vn 0.2864 -0.0750 -0.9552
vn -0.2609 0.0737 0.9625
vn -0.2790 0.1454 0.9492
vn -0.2320 0.1452 0.9618
vn -0.2333 0.0782 0.9692
vn -0.1912 0.1798 0.9649
vn 0.2956 0.0035 -0.9553
vn 0.2854 -0.0752 -0.9555
vn 0.2954 0.0043 -0.9553
vn 0.2953 0.0051 -0.9554
vn 0.0207 -0.4228 0.9060
vn 0.1919 -0.8357 0.5145
vn -0.3270 0.0741 0.9421
vn -0.0855 0.0071 -0.9963
vn -0.0836 0.0117 -0.9964
vn -0.4498 -0.6310 0.6321
vn -0.4865 -0.4956 0.7195
vn 0.3830 0.9233 -0.0288
vn 0.3770 0.9257 -0.0300
vn 0.0277 0.0763 0.9967
vn 0.0381 0.0990 0.9944
vn -0.1585 0.3474 0.9242
vn -0.1982 0.3246 0.9249
vn -0.1593 0.3529 0.9220
vn -0.1945 0.2897 0.9372
vn 0.1961 -0.2720 -0.9421
vn 0.2225 -0.2225 -0.9492
vn 0.2252 -0.2150 -0.9503
vn 0.2273 -0.2093 -0.9511
vn 0.2238 -0.2131 -0.9511
vn -0.1665 0.3101 0.9360
vn -0.1533 0.3504 0.9240
vn -0.1531 0.3578 0.9212
vn -0.1798 0.2876 0.9407
vn 0.2256 -0.2250 -0.9479
vn -0.1776 0.3578 0.9167
vn -0.9839 -0.0122 -0.1785
vn -0.9818 0.0453 -0.1845
vn -0.9816 0.1010 -0.1621
vn 0.9887 -0.0284 0.1469
vn 0.9774 -0.1000 0.1862
vn 0.0768 0.0850 0.9934
vn 0.0537 0.1011 0.9934
vn 0.0530 0.1118 0.9923
vn 0.0702 0.0898 0.9935
vn -0.0081 -0.0207 -0.9998
vn -0.0108 -0.0097 -0.9999
vn -0.9996 0.0262 0.0065
vn -0.9956 0.0939 0.0009
vn -0.9843 0.1729 0.0357
vn -0.0000 -0.9680 -0.2509
vn -0.0000 -0.1828 0.9832
vn -0.0000 0.2531 -0.9674
vn -0.0000 0.0161 0.9999
vn -0.0000 -0.9995 0.0307
vn 0.6735 -0.6735 0.3046
vn 0.9525 -0.0000 0.3046
vn -0.0000 0.9525 0.3046
vn -0.6735 0.6735 0.3046
vn -0.9525 -0.0000 0.3046
vn 0.6735 0.6735 0.3046
vn -0.0000 -0.9525 0.3046
vn -0.0000 0.2699 -0.9629
vn -0.0000 -0.9996 -0.0293
vn 0.7068 -0.7068 -0.0293
vn 0.9996 -0.0000 -0.0293
vn 0.7068 0.7068 -0.0293
vn -0.0000 0.9996 -0.0293
vn -0.7068 0.7068 -0.0293
vn -0.9996 -0.0000 -0.0293
vn -0.7068 -0.7068 -0.0293
vn -0.6735 -0.6735 0.3046
vn -0.0000 -1.0000 0.0078
vn 0.7044 -0.7045 -0.0866
vn -0.0000 -0.9962 -0.0866
vn 0.7071 -0.7071 0.0078
vn 0.9962 -0.0000 -0.0866
vn 1.0000 -0.0000 0.0078
vn 0.7044 0.7045 -0.0866
vn -0.0000 1.0000 0.0078
vn -0.0000 0.9962 -0.0866
vn -0.7044 0.7045 -0.0866
vn -0.7071 0.7071 0.0078
vn -0.9962 -0.0000 -0.0866
vn -1.0000 -0.0000 0.0078
vn -0.7045 -0.7044 -0.0866
vn -0.7071 -0.7071 0.0078
vn 0.9984 -0.0000 -0.0562
vn -0.7060 -0.7060 -0.0562
vn -0.0000 -0.9981 0.0617
vn -0.7058 -0.7058 0.0617
vn -0.9984 -0.0000 -0.0562
vn -0.7060 0.7060 -0.0562
vn -0.0000 0.9984 -0.0562
vn 0.7060 0.7060 -0.0562
vn 0.7060 -0.7060 -0.0562
vn -0.0000 -0.9984 -0.0562
vn -0.7058 0.7058 0.0617
vn 0.7058 0.7058 0.0617
vn 0.7058 -0.7058 0.0617
vn -0.9981 -0.0000 0.0617
vn -0.0000 0.9981 0.0617
vn 0.9981 -0.0000 0.0617
vn 0.5871 -0.8095 -0.0000
vn -0.5871 -0.8095 -0.0000
vn -0.0000 1.0000 0.0097
vn -0.0000 0.8055 -0.5925
vn -0.0000 0.9995 0.0330
vn 0.0310 -0.9995 -0.0110
vn -0.9998 -0.0133 -0.0111
vn 0.0234 -0.9997 -0.0111
vn 0.0324 0.9910 0.1297
vn 0.9927 -0.0255 0.1181
vn 0.9892 0.0689 0.1297
vn -0.0385 -0.0400 0.9985
vn -0.0620 0.9911 0.1182
vn -0.0000 -0.5707 -0.8211
vn -0.0000 0.3497 -0.9369
vn -0.0000 -0.5707 -0.8212
vn -0.0000 -1.0000 -0.0042
vn -0.0000 0.3548 -0.9349
vn -0.0000 0.9987 -0.0505
vn -0.0000 -0.4001 0.9165
vn -0.0000 -0.8828 0.4697
vn -0.0000 -0.8829 0.4696
vn -0.0000 -0.5708 -0.8211
vn -0.0000 -0.5589 0.8292
vn -0.0000 0.9651 0.2617
vn -0.9501 -0.0000 -0.3120
vn 0.9501 -0.0000 0.3120
vn -0.9927 0.1203 0.0008
vn -0.1480 0.9509 0.2717
vn -0.5825 -0.8128 -0.0000
vn -0.8393 0.5228 0.1490
vn -0.9715 0.2336 0.0409
vn 0.0417 0.4556 0.8892
vn -0.7078 0.1290 0.6945
vn 0.0003 1.0000 -0.0003
vn 0.0006 1.0000 -0.0009
vn -0.0000 -0.0055 -1.0000
vn 0.7989 -0.6002 0.0397
vn 0.0067 -0.0687 -0.9976
vn 0.1480 0.9509 0.2717
vn 0.5817 -0.8134 0.0027
vn 0.8798 0.4703 0.0696
vn 0.1042 0.9946 -0.0008
vn 0.0391 0.1496 0.9880
vn -0.0417 0.4556 0.8892
vn -0.0009 0.4405 0.8977
vn 0.9925 0.1222 0.0008
vn -0.0032 0.0306 0.9995
vn 0.6915 0.7224 -0.0007
vn 0.7344 -0.6787 -0.0000
vn 0.6927 0.7212 0.0001
vn 0.7327 -0.6805 0.0002
vn 0.6914 0.7225 -0.0000
vn 0.2315 0.7600 0.6072
vn 0.9936 0.1128 0.0004
vn -0.0006 1.0000 -0.0009
vn -0.0006 1.0000 0.0009
vn -0.9444 -0.0000 0.3287
vn -0.7989 -0.6002 0.0397
vn -0.0000 -0.0001 1.0000
vn -0.0000 -0.0001 -1.0000
vn -0.7609 0.4068 0.5055
vn 0.9637 0.0256 -0.2658
vn -0.9626 -0.0000 -0.2708
vn -0.9637 0.0256 -0.2658
vn -0.0597 0.9939 -0.0931
vn 0.9875 -0.0827 -0.1341
vn -0.0099 -0.9998 -0.0171
vn -0.0538 0.9985 -0.0132
vn 0.9776 0.0464 -0.2054
vn -0.0000 0.0104 -0.9999
vn -0.0000 -0.9999 -0.0110
vn -0.0000 -0.0112 -0.9999
vn -0.0000 0.0512 0.9987
vn 0.0006 1.0000 0.0003
vn -0.0000 0.7089 -0.7054
vn -0.9238 -0.0157 0.3826
vn 0.9236 0.0250 0.3826
vn -0.0006 1.0000 0.0003
vn -0.0007 1.0000 -0.0000
vn 0.0002 1.0000 -0.0002
vn 0.0012 1.0000 0.0012
vn -0.0014 1.0000 0.0014
vn -0.0006 1.0000 -0.0000
vn -0.0006 1.0000 -0.0012
vn -0.8601 0.5102 -0.0000
vn -0.0000 -0.1640 -0.9865
vn 0.9968 -0.0376 -0.0711
vn -0.0000 -0.1640 0.9865
vn -0.3520 -0.8749 -0.3326
vn 0.8519 -0.1419 0.5041
vn -0.0000 -0.9232 0.3843
vn -0.9982 -0.0415 0.0433
vn 0.8601 0.5102 -0.0000
vn -0.5468 0.7454 -0.3812
vn -0.5065 0.5846 -0.6338
vn -0.5078 0.8316 0.2247
vn 0.4603 -0.8386 0.2914
vn -0.8519 -0.1419 0.5041
vn 0.7954 0.4704 0.3821
vn -0.9088 0.3628 0.2061
vn 0.9088 -0.3628 -0.2061
vn -0.0000 0.0723 0.9974
vn 0.3774 0.9257 -0.0258
vn -0.3463 0.0050 -0.9381
vn -0.0000 -0.9236 0.3834
vn 0.6769 -0.4962 0.5437
vn 0.9709 -0.2068 0.1211
vn -0.8956 0.4084 -0.1764
vn -0.9288 0.3608 0.0850
vn -0.6466 -0.4962 0.5794
vn -0.2949 0.0716 0.9529
vn 0.2292 -0.5143 0.8264
vn -0.0000 -0.9680 -0.2510
vn 0.7071 0.7071 0.0078
vn -0.9999 -0.0059 -0.0110
vt 0.839563 0.831359
vt 0.837476 0.844703
vt 0.832510 0.832784
vt 0.868574 0.844363
vt 0.859989 0.851402
vt 0.861310 0.844414
vt 0.890107 0.830962
vt 0.880360 0.836356
vt 0.883114 0.829631
vt 0.850650 0.847674
vt 0.843449 0.840643
vt 0.879251 0.847388
vt 0.875254 0.841514
vt 0.890084 0.820922
vt 0.883092 0.822352
vt 0.858671 0.858450
vt 0.846727 0.853706
vt 0.883276 0.853313
vt 0.886308 0.840248
vt 0.892279 0.844193
vt 0.886174 0.811648
vt 0.880252 0.815648
vt 0.870024 0.851323
vt 0.871484 0.858322
vt 0.897138 0.832337
vt 0.875055 0.810571
vt 0.897130 0.819492
vt 0.869613 0.800847
vt 0.868326 0.807846
vt 0.892149 0.807579
vt 0.859579 0.800958
vt 0.861062 0.807907
vt 0.832489 0.819919
vt 0.827501 0.833772
vt 0.827501 0.818936
vt 0.846549 0.829909
vt 0.849365 0.836623
vt 0.837352 0.808063
vt 0.833128 0.805270
vt 0.846525 0.822643
vt 0.846334 0.798956
vt 0.843487 0.794766
vt 0.839535 0.821295
vt 0.849252 0.815904
vt 0.857073 0.789004
vt 0.843312 0.811997
vt 0.854369 0.810735
vt 0.870923 0.793799
vt 0.871858 0.788802
vt 0.850352 0.804871
vt 0.882886 0.798554
vt 0.885665 0.794262
vt 0.896403 0.804667
vt 0.902135 0.818474
vt 0.902122 0.833320
vt 0.886126 0.857507
vt 0.872535 0.863282
vt 0.896501 0.847001
vt 0.857743 0.863446
vt 0.843939 0.857986
vt 0.833206 0.847583
vt 0.854568 0.841714
vt 0.858114 0.793962
vt 0.324636 0.867131
vt 0.318838 0.872269
vt 0.317443 0.870232
vt 0.325622 0.904313
vt 0.333042 0.906597
vt 0.325189 0.906757
vt 0.332493 0.866970
vt 0.325160 0.869548
vt 0.317817 0.903906
vt 0.338537 0.871928
vt 0.339880 0.869810
vt 0.314135 0.896945
vt 0.312034 0.898385
vt 0.346277 0.883221
vt 0.345687 0.875327
vt 0.348736 0.882732
vt 0.308975 0.890997
vt 0.346279 0.890160
vt 0.348716 0.890643
vt 0.311412 0.883569
vt 0.308975 0.883091
vt 0.343657 0.896546
vt 0.345721 0.897908
vt 0.314018 0.877179
vt 0.311952 0.875819
vt 0.338836 0.901456
vt 0.340231 0.903493
vt 0.332518 0.904182
vt 0.323754 0.894764
vt 0.326774 0.898274
vt 0.322545 0.896605
vt 0.335294 0.877040
vt 0.330683 0.877514
vt 0.331051 0.875379
vt 0.321121 0.892162
vt 0.319283 0.893420
vt 0.338232 0.884824
vt 0.338573 0.880204
vt 0.340343 0.884400
vt 0.334136 0.878859
vt 0.317494 0.889224
vt 0.338250 0.888520
vt 0.340362 0.888948
vt 0.317467 0.884672
vt 0.319649 0.888762
vt 0.336846 0.891944
vt 0.338647 0.893156
vt 0.319163 0.880459
vt 0.319639 0.885061
vt 0.334271 0.894597
vt 0.335475 0.896403
vt 0.322336 0.877226
vt 0.320998 0.881625
vt 0.330882 0.896059
vt 0.331312 0.898199
vt 0.326506 0.875443
vt 0.323584 0.879000
vt 0.327190 0.896117
vt 0.326981 0.877553
vt 0.328116 0.891339
vt 0.329803 0.882297
vt 0.325153 0.889406
vt 0.332782 0.884180
vt 0.336799 0.881420
vt 0.333472 0.887648
vt 0.324429 0.885956
vt 0.332786 0.889291
vt 0.326358 0.882989
vt 0.331559 0.890579
vt 0.328018 0.882298
vt 0.325899 0.888896
vt 0.326865 0.883744
vt 0.332020 0.884702
vt 0.332581 0.886032
vt 0.332585 0.887473
vt 0.332040 0.888805
vt 0.331043 0.889841
vt 0.329917 0.891300
vt 0.329722 0.890415
vt 0.328276 0.890441
vt 0.326928 0.889915
vt 0.325321 0.887568
vt 0.324421 0.887758
vt 0.325315 0.886121
vt 0.325077 0.884270
vt 0.325847 0.884774
vt 0.328197 0.883185
vt 0.329639 0.883176
vt 0.330982 0.883701
vt 0.332062 0.869418
vt 0.311429 0.890505
vt 0.343584 0.876770
vt 0.319163 0.901795
vt 0.545932 0.371747
vt 0.527821 0.385620
vt 0.527821 0.371747
vt 0.545932 0.496599
vt 0.527821 0.510472
vt 0.527821 0.496599
vt 0.545932 0.399492
vt 0.545932 0.385619
vt 0.545932 0.524344
vt 0.545932 0.510472
vt 0.527821 0.413364
vt 0.527821 0.399492
vt 0.545932 0.538217
vt 0.527821 0.524344
vt 0.545932 0.441109
vt 0.527821 0.427237
vt 0.545932 0.427237
vt 0.545932 0.552089
vt 0.527821 0.538217
vt 0.545932 0.454982
vt 0.527821 0.441109
vt 0.527821 0.565962
vt 0.527821 0.552089
vt 0.545932 0.468854
vt 0.527821 0.454982
vt 0.545932 0.579834
vt 0.545932 0.565962
vt 0.545932 0.482727
vt 0.527821 0.468854
vt 0.527821 0.357875
vt 0.545932 0.357875
vt 0.527821 0.482727
vt 0.673309 0.794454
vt 0.663326 0.802357
vt 0.661408 0.799534
vt 0.692490 0.808104
vt 0.701321 0.812559
vt 0.698797 0.814275
vt 0.698928 0.839369
vt 0.705232 0.831790
vt 0.701462 0.841033
vt 0.686269 0.794300
vt 0.674014 0.797803
vt 0.712756 0.820268
vt 0.704868 0.810150
vt 0.707737 0.808202
vt 0.692758 0.845642
vt 0.694462 0.848144
vt 0.698366 0.799077
vt 0.685643 0.797666
vt 0.712766 0.833263
vt 0.709381 0.820947
vt 0.685287 0.852048
vt 0.684666 0.849085
vt 0.696486 0.801968
vt 0.705012 0.843372
vt 0.709407 0.832603
vt 0.675874 0.849181
vt 0.675315 0.852159
vt 0.707868 0.845253
vt 0.696853 0.851657
vt 0.667700 0.845895
vt 0.666032 0.848444
vt 0.698781 0.854484
vt 0.686159 0.856204
vt 0.658866 0.841435
vt 0.661390 0.839718
vt 0.642347 0.819723
vt 0.652302 0.808725
vt 0.647388 0.820727
vt 0.676335 0.808946
vt 0.667412 0.808374
vt 0.675506 0.804926
vt 0.647416 0.833736
vt 0.642347 0.834741
vt 0.664656 0.816889
vt 0.669715 0.811766
vt 0.652456 0.845789
vt 0.648150 0.848715
vt 0.661947 0.823567
vt 0.661226 0.814626
vt 0.659007 0.859260
vt 0.661817 0.854919
vt 0.661998 0.830773
vt 0.657912 0.822776
vt 0.673911 0.859707
vt 0.672982 0.864760
vt 0.664808 0.837409
vt 0.657961 0.831587
vt 0.687930 0.864563
vt 0.686861 0.859549
vt 0.701664 0.858720
vt 0.676634 0.845143
vt 0.669954 0.842449
vt 0.712139 0.848087
vt 0.717806 0.834253
vt 0.712036 0.805263
vt 0.701171 0.794734
vt 0.690460 0.842244
vt 0.683838 0.845064
vt 0.717820 0.819240
vt 0.687197 0.789247
vt 0.672250 0.789437
vt 0.695501 0.837113
vt 0.702254 0.831217
vt 0.695381 0.816597
vt 0.658532 0.795301
vt 0.698181 0.823245
vt 0.698218 0.830450
vt 0.690226 0.811548
vt 0.684306 0.804830
vt 0.648028 0.805894
vt 0.702214 0.822406
vt 0.683535 0.808868
vt 0.658700 0.812958
vt 0.655154 0.810616
vt 0.654934 0.822197
vt 0.650753 0.821387
vt 0.654980 0.832198
vt 0.650792 0.833054
vt 0.705195 0.821795
vt 0.655321 0.843846
vt 0.694156 0.805554
vt 0.663696 0.852027
vt 0.684866 0.801849
vt 0.674535 0.856342
vt 0.674888 0.801962
vt 0.665711 0.805869
vt 0.858247 0.881739
vt 0.850554 0.881158
vt 0.851035 0.878748
vt 0.850996 0.917935
vt 0.843681 0.915538
vt 0.850514 0.915531
vt 0.843710 0.881149
vt 0.843234 0.878739
vt 0.858182 0.914946
vt 0.856819 0.912911
vt 0.837381 0.883756
vt 0.836020 0.881709
vt 0.863673 0.909442
vt 0.861637 0.908079
vt 0.827501 0.894429
vt 0.832526 0.888582
vt 0.829911 0.894909
vt 0.830484 0.887215
vt 0.864271 0.901784
vt 0.866672 0.902269
vt 0.827501 0.902231
vt 0.829911 0.901753
vt 0.866700 0.894486
vt 0.864293 0.894956
vt 0.830479 0.909441
vt 0.832524 0.908078
vt 0.861698 0.888635
vt 0.863744 0.887277
vt 0.835990 0.914971
vt 0.837359 0.912923
vt 0.856874 0.883784
vt 0.843205 0.917946
vt 0.848102 0.893053
vt 0.852284 0.897270
vt 0.848083 0.903545
vt 0.841784 0.899349
vt 0.545932 0.413364
vt 0.846000 0.903551
vt 0.850030 0.893861
vt 0.844071 0.902758
vt 0.851497 0.895342
vt 0.842591 0.901283
vt 0.852274 0.899353
vt 0.841780 0.897256
vt 0.851470 0.901269
vt 0.844070 0.893837
vt 0.850005 0.902743
vt 0.846008 0.893044
vt 0.066411 0.833607
vt 0.063395 0.820547
vt 0.072380 0.829659
vt 0.034676 0.832177
vt 0.040105 0.822442
vt 0.041421 0.829441
vt 0.019716 0.842562
vt 0.026650 0.851255
vt 0.019667 0.852612
vt 0.050139 0.822560
vt 0.059380 0.826458
vt 0.023600 0.833256
vt 0.029501 0.837287
vt 0.029415 0.857974
vt 0.038787 0.815407
vt 0.051603 0.815547
vt 0.012655 0.841140
vt 0.017614 0.829202
vt 0.030516 0.869038
vt 0.034508 0.863155
vt 0.030788 0.826194
vt 0.026857 0.820170
vt 0.012644 0.853988
vt 0.041207 0.865971
vt 0.023484 0.861889
vt 0.017510 0.865836
vt 0.049793 0.873050
vt 0.048477 0.866050
vt 0.026504 0.874955
vt 0.059109 0.869298
vt 0.055223 0.863314
vt 0.077272 0.841515
vt 0.076606 0.826859
vt 0.082262 0.840527
vt 0.055387 0.832337
vt 0.060478 0.837518
vt 0.077251 0.854385
vt 0.082262 0.855376
vt 0.063237 0.844232
vt 0.072272 0.866296
vt 0.076533 0.869187
vt 0.070231 0.842900
vt 0.063215 0.851499
vt 0.065816 0.879609
vt 0.066296 0.862245
vt 0.060404 0.858206
vt 0.052026 0.885087
vt 0.063046 0.875320
vt 0.037247 0.884900
vt 0.051113 0.880090
vt 0.023659 0.879147
vt 0.038298 0.879942
vt 0.013289 0.868644
vt 0.007662 0.854972
vt 0.013342 0.826308
vt 0.024064 0.815894
vt 0.007646 0.840130
vt 0.037856 0.810415
vt 0.052641 0.810580
vt 0.066230 0.816350
vt 0.026702 0.843989
vt 0.048690 0.829519
vt 0.039759 0.872931
vt 0.174859 0.882085
vt 0.169696 0.876131
vt 0.171798 0.874691
vt 0.135123 0.882425
vt 0.137577 0.889843
vt 0.135120 0.890334
vt 0.174859 0.889992
vt 0.172403 0.882577
vt 0.138101 0.875154
vt 0.137560 0.882903
vt 0.169811 0.895900
vt 0.171876 0.897260
vt 0.144984 0.871602
vt 0.143588 0.869566
vt 0.158665 0.903533
vt 0.166384 0.902849
vt 0.159188 0.905950
vt 0.150781 0.866466
vt 0.151765 0.903664
vt 0.151332 0.906109
vt 0.158203 0.868755
vt 0.158638 0.866310
vt 0.145303 0.901147
vt 0.143958 0.903259
vt 0.164664 0.871279
vt 0.166010 0.869167
vt 0.140274 0.896295
vt 0.138171 0.897733
vt 0.147127 0.881123
vt 0.143597 0.884124
vt 0.145293 0.879913
vt 0.164779 0.892635
vt 0.164379 0.888052
vt 0.166491 0.888432
vt 0.149695 0.878481
vt 0.148457 0.876672
vt 0.157002 0.895550
vt 0.161609 0.895876
vt 0.157439 0.897659
vt 0.162973 0.891466
vt 0.152626 0.874893
vt 0.153302 0.895621
vt 0.152896 0.897738
vt 0.157164 0.874819
vt 0.153096 0.877049
vt 0.149864 0.894274
vt 0.148665 0.896073
vt 0.161388 0.876498
vt 0.156788 0.876974
vt 0.147231 0.891679
vt 0.145404 0.892886
vt 0.164656 0.879682
vt 0.160214 0.878352
vt 0.145801 0.888258
vt 0.143635 0.888679
vt 0.166451 0.883883
vt 0.162858 0.880952
vt 0.145753 0.884552
vt 0.164331 0.884358
vt 0.150567 0.887263
vt 0.159603 0.887145
vt 0.150525 0.885479
vt 0.152432 0.882496
vt 0.156002 0.890794
vt 0.160405 0.894117
vt 0.158905 0.888806
vt 0.155904 0.881758
vt 0.154211 0.890841
vt 0.152522 0.890194
vt 0.158839 0.883708
vt 0.152954 0.883254
vt 0.158102 0.884214
vt 0.157148 0.889355
vt 0.155816 0.889918
vt 0.154370 0.889947
vt 0.153024 0.889422
vt 0.152000 0.888407
vt 0.151245 0.888914
vt 0.151443 0.887078
vt 0.151415 0.885636
vt 0.151945 0.884295
vt 0.151179 0.883805
vt 0.154102 0.881809
vt 0.154289 0.882690
vt 0.155733 0.882662
vt 0.157576 0.882446
vt 0.157075 0.883203
vt 0.159563 0.885340
vt 0.158676 0.885534
vt 0.158700 0.886976
vt 0.158153 0.888315
vt 0.172423 0.889515
vt 0.151303 0.868882
vt 0.164989 0.900811
vt 0.140166 0.876513
vt 0.192492 0.627694
vt 0.210603 0.641566
vt 0.192492 0.641566
vt 0.192492 0.502842
vt 0.210603 0.516714
vt 0.192492 0.516714
vt 0.192492 0.613821
vt 0.210603 0.627694
vt 0.192492 0.488969
vt 0.210603 0.502842
vt 0.210603 0.599949
vt 0.210603 0.613821
vt 0.192492 0.475097
vt 0.210603 0.488969
vt 0.192492 0.572204
vt 0.210603 0.586076
vt 0.192492 0.586076
vt 0.192492 0.461224
vt 0.210603 0.475097
vt 0.192492 0.558331
vt 0.210603 0.572204
vt 0.210603 0.447352
vt 0.210603 0.461224
vt 0.192492 0.544459
vt 0.210603 0.558331
vt 0.192492 0.447352
vt 0.210603 0.433479
vt 0.192492 0.530587
vt 0.210603 0.544459
vt 0.210603 0.655439
vt 0.192492 0.655439
vt 0.210603 0.530587
vt 0.570622 0.848237
vt 0.564383 0.837149
vt 0.572541 0.845416
vt 0.567197 0.816195
vt 0.568090 0.806340
vt 0.570611 0.808059
vt 0.585106 0.798615
vt 0.594531 0.795735
vt 0.593906 0.798696
vt 0.556637 0.827040
vt 0.561529 0.839036
vt 0.571048 0.792852
vt 0.564541 0.803932
vt 0.561676 0.801981
vt 0.603696 0.799641
vt 0.601993 0.802141
vt 0.560026 0.814732
vt 0.559996 0.826386
vt 0.583769 0.791443
vt 0.572921 0.795748
vt 0.610686 0.806742
vt 0.608159 0.808406
vt 0.556651 0.814047
vt 0.596106 0.788226
vt 0.583146 0.788075
vt 0.614461 0.815978
vt 0.611482 0.816550
vt 0.606085 0.796135
vt 0.595404 0.791576
vt 0.614416 0.825984
vt 0.611432 0.825369
vt 0.617081 0.802526
vt 0.608009 0.793314
vt 0.610531 0.835231
vt 0.608007 0.833510
vt 0.581445 0.858351
vt 0.595476 0.853502
vt 0.596392 0.858559
vt 0.573894 0.830898
vt 0.576636 0.839408
vt 0.570459 0.833145
vt 0.610359 0.853047
vt 0.607557 0.848706
vt 0.578946 0.836022
vt 0.584719 0.842868
vt 0.616949 0.839608
vt 0.621260 0.842545
vt 0.592774 0.838920
vt 0.585567 0.838849
vt 0.621984 0.827520
vt 0.627054 0.828552
vt 0.599459 0.836229
vt 0.593517 0.842965
vt 0.622006 0.814505
vt 0.627054 0.813525
vt 0.604601 0.831178
vt 0.601699 0.839686
vt 0.621354 0.799702
vt 0.607400 0.824542
vt 0.610882 0.789076
vt 0.597164 0.783210
vt 0.607450 0.817343
vt 0.582218 0.783021
vt 0.551587 0.813018
vt 0.604741 0.810673
vt 0.568242 0.788509
vt 0.551597 0.828027
vt 0.593067 0.802717
vt 0.599694 0.805540
vt 0.557376 0.799040
vt 0.557252 0.841860
vt 0.571230 0.817023
vt 0.574028 0.810378
vt 0.567740 0.852466
vt 0.585865 0.802653
vt 0.576916 0.801884
vt 0.571177 0.824227
vt 0.582510 0.853337
vt 0.579179 0.805328
vt 0.567143 0.825002
vt 0.583219 0.849989
vt 0.574931 0.841909
vt 0.584098 0.845831
vt 0.594852 0.850132
vt 0.594074 0.845947
vt 0.584549 0.795630
vt 0.603358 0.842238
vt 0.605686 0.845820
vt 0.575254 0.799332
vt 0.614081 0.837649
vt 0.564214 0.815582
vt 0.618606 0.826837
vt 0.564169 0.825576
vt 0.618642 0.815164
vt 0.567930 0.834811
vt 0.614229 0.804405
vt 0.575122 0.873861
vt 0.580961 0.878898
vt 0.574641 0.876271
vt 0.575083 0.913049
vt 0.567768 0.910651
vt 0.574601 0.910644
vt 0.567321 0.873852
vt 0.567797 0.876263
vt 0.582269 0.910060
vt 0.580906 0.908025
vt 0.561468 0.878869
vt 0.560107 0.876822
vt 0.587760 0.904556
vt 0.585724 0.903192
vt 0.551587 0.889543
vt 0.556613 0.883696
vt 0.553998 0.890022
vt 0.554571 0.882328
vt 0.588358 0.896897
vt 0.590759 0.897383
vt 0.553997 0.896866
vt 0.551587 0.897345
vt 0.590787 0.889600
vt 0.588380 0.890070
vt 0.554566 0.904555
vt 0.556611 0.903192
vt 0.585785 0.883748
vt 0.587831 0.882391
vt 0.560077 0.910084
vt 0.561446 0.908037
vt 0.582333 0.876853
vt 0.567292 0.913060
vt 0.572189 0.888167
vt 0.576371 0.892384
vt 0.572170 0.898659
vt 0.565871 0.894463
vt 0.192492 0.599949
vt 0.570087 0.898664
vt 0.574117 0.888975
vt 0.568158 0.897871
vt 0.575584 0.890456
vt 0.566678 0.896397
vt 0.576361 0.894467
vt 0.565867 0.892370
vt 0.575556 0.896383
vt 0.568157 0.888951
vt 0.574092 0.897857
vt 0.570095 0.888158
vt 0.841048 0.740172
vt 0.854065 0.743347
vt 0.850055 0.749265
vt 0.878731 0.737634
vt 0.873319 0.747321
vt 0.871989 0.740331
vt 0.893753 0.717183
vt 0.886729 0.725831
vt 0.886776 0.718570
vt 0.863287 0.747255
vt 0.889850 0.736549
vt 0.883929 0.732542
vt 0.889951 0.707898
vt 0.884040 0.711842
vt 0.861836 0.754251
vt 0.874643 0.754367
vt 0.895829 0.740603
vt 0.893720 0.727244
vt 0.900789 0.728664
vt 0.882905 0.700767
vt 0.878943 0.706665
vt 0.882655 0.743588
vt 0.886583 0.749616
vt 0.900785 0.715803
vt 0.873674 0.696854
vt 0.872254 0.703822
vt 0.895918 0.703952
vt 0.863648 0.696752
vt 0.864979 0.703746
vt 0.886919 0.694851
vt 0.858240 0.706482
vt 0.831172 0.729295
vt 0.836816 0.742963
vt 0.852927 0.732272
vt 0.858028 0.737448
vt 0.836186 0.715434
vt 0.831172 0.714447
vt 0.847014 0.736219
vt 0.850189 0.725540
vt 0.836872 0.700623
vt 0.843205 0.726927
vt 0.850237 0.718277
vt 0.850395 0.694486
vt 0.847600 0.690209
vt 0.847125 0.707557
vt 0.853044 0.711570
vt 0.862322 0.689717
vt 0.861389 0.684727
vt 0.876169 0.684883
vt 0.889751 0.690652
vt 0.900136 0.701141
vt 0.905768 0.714815
vt 0.889374 0.753894
vt 0.900104 0.743482
vt 0.905804 0.729659
vt 0.875574 0.759361
vt 0.860790 0.759209
vt 0.847203 0.753449
vt 0.864721 0.740292
vt 0.836162 0.728309
vt 0.841146 0.703502
vt 0.843249 0.716859
vt 0.854331 0.700517
vt 0.875133 0.689846
vt 0.416963 0.887678
vt 0.411807 0.881718
vt 0.413912 0.880280
vt 0.379645 0.888502
vt 0.377207 0.895931
vt 0.377207 0.888023
vt 0.414522 0.895106
vt 0.416959 0.895585
vt 0.382260 0.882114
vt 0.380195 0.880752
vt 0.411913 0.901489
vt 0.413976 0.902850
vt 0.387089 0.877202
vt 0.385693 0.875163
vt 0.400776 0.909114
vt 0.408488 0.908435
vt 0.401297 0.911530
vt 0.407095 0.906398
vt 0.392890 0.872057
vt 0.393444 0.911682
vt 0.400750 0.871897
vt 0.393414 0.874475
vt 0.386069 0.908835
vt 0.393877 0.909236
vt 0.408124 0.874754
vt 0.400316 0.874344
vt 0.382372 0.901880
vt 0.380272 0.903322
vt 0.406777 0.876866
vt 0.389218 0.886742
vt 0.385673 0.889725
vt 0.387385 0.885524
vt 0.406883 0.898228
vt 0.406478 0.893645
vt 0.408591 0.894024
vt 0.391821 0.884110
vt 0.390571 0.882285
vt 0.399126 0.901149
vt 0.403719 0.901468
vt 0.399556 0.903247
vt 0.405077 0.897062
vt 0.394742 0.880485
vt 0.395427 0.901180
vt 0.395013 0.903306
vt 0.399278 0.880407
vt 0.395215 0.882634
vt 0.391976 0.899826
vt 0.390772 0.901637
vt 0.403502 0.882083
vt 0.398904 0.882562
vt 0.389317 0.897246
vt 0.387495 0.898461
vt 0.406767 0.885264
vt 0.402329 0.883937
vt 0.387862 0.893845
vt 0.385710 0.894268
vt 0.408548 0.889471
vt 0.404975 0.886526
vt 0.387818 0.890155
vt 0.406418 0.889945
vt 0.392601 0.891061
vt 0.401654 0.890962
vt 0.393299 0.889388
vt 0.401701 0.892756
vt 0.394569 0.888123
vt 0.398104 0.896407
vt 0.402516 0.899712
vt 0.401008 0.894413
vt 0.396320 0.896405
vt 0.396207 0.887396
vt 0.394659 0.895766
vt 0.399697 0.888041
vt 0.393363 0.894526
vt 0.400972 0.889311
vt 0.395075 0.888862
vt 0.400218 0.889818
vt 0.399254 0.894961
vt 0.399771 0.895718
vt 0.397924 0.895519
vt 0.396485 0.895527
vt 0.395146 0.895003
vt 0.394109 0.894004
vt 0.392639 0.892876
vt 0.393531 0.892680
vt 0.393507 0.891232
vt 0.394057 0.889891
vt 0.396403 0.888285
vt 0.397852 0.888256
vt 0.398020 0.887349
vt 0.399193 0.888801
vt 0.400776 0.891148
vt 0.400801 0.892588
vt 0.400256 0.893924
vt 0.414505 0.888168
vt 0.379663 0.895438
vt 0.387412 0.906721
vt 0.177199 0.461224
vt 0.159088 0.447352
vt 0.177199 0.447352
vt 0.177199 0.586076
vt 0.159088 0.572204
vt 0.177199 0.572204
vt 0.159088 0.475097
vt 0.159088 0.461224
vt 0.159088 0.599949
vt 0.159088 0.586076
vt 0.177199 0.488969
vt 0.177199 0.475097
vt 0.177199 0.613821
vt 0.177199 0.599949
vt 0.177199 0.516714
vt 0.159088 0.502842
vt 0.177199 0.502842
vt 0.177199 0.627694
vt 0.159088 0.613821
vt 0.159088 0.530586
vt 0.159088 0.516714
vt 0.159088 0.641566
vt 0.159088 0.627694
vt 0.177199 0.544459
vt 0.177199 0.530586
vt 0.177199 0.641566
vt 0.159088 0.655439
vt 0.177199 0.558331
vt 0.159088 0.544459
vt 0.177199 0.433479
vt 0.159088 0.433479
vt 0.159088 0.558331
vt 0.191138 0.841160
vt 0.197638 0.830092
vt 0.200507 0.832042
vt 0.168296 0.835336
vt 0.158503 0.834404
vt 0.160201 0.831899
vt 0.150689 0.817491
vt 0.147749 0.808078
vt 0.150731 0.808683
vt 0.179055 0.845962
vt 0.189257 0.838274
vt 0.154198 0.840742
vt 0.147948 0.829646
vt 0.156117 0.837916
vt 0.151632 0.798832
vt 0.154161 0.800547
vt 0.166102 0.845800
vt 0.178430 0.842594
vt 0.140185 0.819542
vt 0.145094 0.831537
vt 0.158790 0.791804
vt 0.160451 0.794354
vt 0.166808 0.842457
vt 0.143562 0.807230
vt 0.143543 0.818884
vt 0.168078 0.788095
vt 0.168630 0.791080
vt 0.145208 0.794473
vt 0.140186 0.806547
vt 0.178054 0.788216
vt 0.177429 0.791176
vt 0.154575 0.785328
vt 0.148077 0.796423
vt 0.187228 0.792113
vt 0.185527 0.794618
vt 0.210603 0.821010
vt 0.205556 0.806973
vt 0.210603 0.805994
vt 0.188150 0.823640
vt 0.185262 0.832146
vt 0.183016 0.828693
vt 0.200632 0.794982
vt 0.204915 0.792166
vt 0.194997 0.817833
vt 0.191560 0.825959
vt 0.191536 0.785777
vt 0.194425 0.781549
vt 0.190997 0.809795
vt 0.190961 0.817003
vt 0.180691 0.775709
vt 0.179632 0.780722
vt 0.188277 0.803128
vt 0.195035 0.809027
vt 0.165741 0.775480
vt 0.166680 0.780535
vt 0.183222 0.798009
vt 0.191710 0.800879
vt 0.151763 0.780985
vt 0.140903 0.791534
vt 0.169401 0.795118
vt 0.176601 0.795195
vt 0.135120 0.805522
vt 0.135145 0.820535
vt 0.165032 0.850810
vt 0.157574 0.802862
vt 0.162710 0.797803
vt 0.140817 0.834365
vt 0.179971 0.851017
vt 0.151310 0.844969
vt 0.193932 0.845505
vt 0.154725 0.816706
vt 0.154768 0.809497
vt 0.169123 0.831315
vt 0.162497 0.828498
vt 0.204804 0.834985
vt 0.157449 0.823372
vt 0.177090 0.835434
vt 0.205538 0.819978
vt 0.154025 0.825632
vt 0.176330 0.831392
vt 0.202164 0.819291
vt 0.194087 0.827677
vt 0.197977 0.818439
vt 0.198012 0.808443
vt 0.202191 0.807628
vt 0.147715 0.818070
vt 0.194234 0.799207
vt 0.197778 0.796865
vt 0.151496 0.827303
vt 0.189613 0.788601
vt 0.167679 0.838300
vt 0.178927 0.784063
vt 0.177649 0.838414
vt 0.167301 0.783907
vt 0.186924 0.834695
vt 0.156452 0.788222
vt 0.645346 0.888540
vt 0.652231 0.885068
vt 0.647389 0.889906
vt 0.678584 0.910745
vt 0.679142 0.903068
vt 0.681548 0.903541
vt 0.642358 0.895746
vt 0.644767 0.896228
vt 0.681530 0.895758
vt 0.679129 0.896241
vt 0.642347 0.903549
vt 0.644758 0.903073
vt 0.676503 0.889943
vt 0.678540 0.888582
vt 0.645321 0.910768
vt 0.652214 0.914235
vt 0.650850 0.916281
vt 0.647364 0.909403
vt 0.673056 0.883072
vt 0.671691 0.885105
vt 0.658540 0.916849
vt 0.658062 0.919259
vt 0.665389 0.882478
vt 0.665874 0.880074
vt 0.665385 0.916849
vt 0.665864 0.919259
vt 0.658556 0.882462
vt 0.658083 0.880053
vt 0.671709 0.914230
vt 0.673079 0.916277
vt 0.650865 0.883019
vt 0.676539 0.909386
vt 0.657447 0.896715
vt 0.662943 0.894460
vt 0.667137 0.900738
vt 0.660854 0.904955
vt 0.159088 0.488969
vt 0.666347 0.902664
vt 0.658929 0.895244
vt 0.664877 0.904144
vt 0.660860 0.894452
vt 0.662948 0.904949
vt 0.664864 0.895264
vt 0.658914 0.904162
vt 0.666328 0.896740
vt 0.656630 0.900742
vt 0.667130 0.898656
vt 0.656640 0.898646
vt 0.881595 0.408627
vt 0.884862 0.395531
vt 0.890848 0.399590
vt 0.884978 0.366911
vt 0.881779 0.377563
vt 0.879050 0.370828
vt 0.858665 0.355785
vt 0.867252 0.362823
vt 0.859986 0.362775
vt 0.888763 0.386250
vt 0.873934 0.365671
vt 0.849333 0.359508
vt 0.853238 0.365475
vt 0.895811 0.387670
vt 0.888765 0.376200
vt 0.895803 0.374816
vt 0.877922 0.359794
vt 0.870160 0.348859
vt 0.881941 0.353877
vt 0.848067 0.370584
vt 0.890933 0.362970
vt 0.857343 0.348739
vt 0.838236 0.375865
vt 0.845230 0.377274
vt 0.845404 0.353488
vt 0.838186 0.385913
vt 0.845181 0.384556
vt 0.836170 0.362514
vt 0.841995 0.395188
vt 0.847943 0.391290
vt 0.870583 0.418392
vt 0.884380 0.412916
vt 0.878933 0.391537
vt 0.877654 0.402588
vt 0.873743 0.396622
vt 0.856822 0.413238
vt 0.855795 0.418204
vt 0.868327 0.406351
vt 0.867008 0.399355
vt 0.845033 0.408238
vt 0.842202 0.412439
vt 0.858289 0.406228
vt 0.859744 0.399272
vt 0.836030 0.399138
vt 0.831814 0.401951
vt 0.853056 0.396453
vt 0.831156 0.387288
vt 0.826175 0.388285
vt 0.826175 0.373444
vt 0.831895 0.359632
vt 0.842612 0.349212
vt 0.856412 0.343745
vt 0.884777 0.349679
vt 0.895155 0.360173
vt 0.871198 0.343896
vt 0.900791 0.373841
vt 0.900816 0.388682
vt 0.895105 0.402497
vt 0.868700 0.355861
vt 0.881770 0.384834
vt 0.869643 0.413396
vt 0.831185 0.374434
vt 0.842156 0.366574
vt 0.472023 0.887656
vt 0.466860 0.881703
vt 0.468964 0.880262
vt 0.434693 0.888485
vt 0.432256 0.895914
vt 0.432256 0.888006
vt 0.472021 0.895563
vt 0.469568 0.888148
vt 0.437307 0.882100
vt 0.435244 0.880738
vt 0.469034 0.902828
vt 0.469585 0.895085
vt 0.442135 0.877194
vt 0.440741 0.875156
vt 0.455825 0.909099
vt 0.463540 0.908410
vt 0.456349 0.911515
vt 0.466971 0.901467
vt 0.447936 0.872058
vt 0.448928 0.909231
vt 0.448495 0.911676
vt 0.455794 0.871897
vt 0.448459 0.874475
vt 0.441118 0.908825
vt 0.463171 0.874744
vt 0.455362 0.874344
vt 0.437421 0.901864
vt 0.435319 0.903308
vt 0.461827 0.876858
vt 0.434712 0.895421
vt 0.444259 0.886723
vt 0.440720 0.889707
vt 0.442429 0.885508
vt 0.461944 0.898200
vt 0.461545 0.893620
vt 0.463656 0.894000
vt 0.446849 0.884093
vt 0.445608 0.882274
vt 0.454156 0.901132
vt 0.458761 0.901431
vt 0.454596 0.903231
vt 0.460147 0.897031
vt 0.449784 0.880491
vt 0.450468 0.901200
vt 0.450059 0.903307
vt 0.454329 0.880413
vt 0.450257 0.882650
vt 0.447040 0.899808
vt 0.445828 0.901624
vt 0.458560 0.882076
vt 0.453957 0.882577
vt 0.444372 0.897228
vt 0.442547 0.898444
vt 0.461824 0.885254
vt 0.457394 0.883924
vt 0.442912 0.893825
vt 0.440760 0.894250
vt 0.463617 0.889453
vt 0.460028 0.886523
vt 0.442865 0.890135
vt 0.461497 0.889928
vt 0.447691 0.892850
vt 0.456764 0.892719
vt 0.448346 0.889357
vt 0.456070 0.894390
vt 0.449616 0.888082
vt 0.453173 0.896378
vt 0.457546 0.899657
vt 0.451369 0.896424
vt 0.451266 0.887400
vt 0.449710 0.895732
vt 0.454734 0.887997
vt 0.456724 0.890908
vt 0.450119 0.888832
vt 0.455261 0.889779
vt 0.454302 0.894918
vt 0.454805 0.895653
vt 0.452979 0.895494
vt 0.451537 0.895522
vt 0.450198 0.894979
vt 0.448415 0.894499
vt 0.449159 0.893978
vt 0.448583 0.892654
vt 0.447651 0.891034
vt 0.448562 0.891204
vt 0.449106 0.889860
vt 0.451450 0.888275
vt 0.452892 0.888243
vt 0.453050 0.887351
vt 0.454235 0.888768
vt 0.456001 0.889271
vt 0.455836 0.891103
vt 0.455857 0.892550
vt 0.455313 0.893889
vt 0.442462 0.906710
vt 0.462145 0.906373
vt 0.494417 0.552089
vt 0.512528 0.565962
vt 0.494417 0.565962
vt 0.494417 0.427237
vt 0.512528 0.441109
vt 0.494417 0.441109
vt 0.494417 0.538217
vt 0.512528 0.552089
vt 0.494417 0.413364
vt 0.512528 0.427237
vt 0.512528 0.524344
vt 0.512528 0.538217
vt 0.494417 0.399492
vt 0.512528 0.413364
vt 0.494417 0.496599
vt 0.512528 0.510472
vt 0.494417 0.510472
vt 0.494417 0.385619
vt 0.512528 0.399492
vt 0.512528 0.482727
vt 0.512528 0.496599
vt 0.512528 0.371747
vt 0.512528 0.385619
vt 0.494417 0.482727
vt 0.512528 0.468854
vt 0.494417 0.371747
vt 0.512528 0.357875
vt 0.494417 0.454982
vt 0.494417 0.468854
vt 0.494417 0.579834
vt 0.512528 0.579834
vt 0.512528 0.454982
vt 0.792777 0.854459
vt 0.799268 0.843358
vt 0.802138 0.845306
vt 0.761822 0.845208
vt 0.769296 0.851606
vt 0.760117 0.847714
vt 0.752330 0.821997
vt 0.749326 0.831388
vt 0.749348 0.821393
vt 0.780677 0.859266
vt 0.790897 0.851566
vt 0.755811 0.854062
vt 0.749564 0.842962
vt 0.757731 0.851231
vt 0.755762 0.813868
vt 0.753234 0.812152
vt 0.767726 0.859101
vt 0.780054 0.855895
vt 0.741791 0.832868
vt 0.746713 0.844848
vt 0.760390 0.805131
vt 0.762054 0.807677
vt 0.768429 0.855761
vt 0.745159 0.820543
vt 0.745150 0.832207
vt 0.769659 0.801405
vt 0.770220 0.804383
vt 0.746818 0.807786
vt 0.741779 0.819863
vt 0.779018 0.804481
vt 0.779636 0.801513
vt 0.756178 0.798674
vt 0.749684 0.809739
vt 0.788824 0.805396
vt 0.787126 0.807902
vt 0.812208 0.834246
vt 0.807165 0.820231
vt 0.812208 0.819232
vt 0.784642 0.841983
vt 0.793181 0.839237
vt 0.786890 0.845435
vt 0.802218 0.808258
vt 0.806485 0.805427
vt 0.789769 0.836923
vt 0.796605 0.831100
vt 0.793129 0.799052
vt 0.796005 0.794814
vt 0.792568 0.830287
vt 0.796647 0.822292
vt 0.782268 0.788991
vt 0.781204 0.794005
vt 0.789876 0.816410
vt 0.792609 0.823078
vt 0.768245 0.793857
vt 0.767321 0.788802
vt 0.793306 0.814158
vt 0.753368 0.794342
vt 0.778182 0.808498
vt 0.784812 0.811292
vt 0.742500 0.804870
vt 0.736707 0.818854
vt 0.764301 0.811127
vt 0.770981 0.808422
vt 0.736752 0.833869
vt 0.766676 0.864115
vt 0.759172 0.816185
vt 0.742447 0.847689
vt 0.781623 0.864320
vt 0.752936 0.858302
vt 0.795594 0.858799
vt 0.756339 0.830032
vt 0.756367 0.822824
vt 0.764127 0.841814
vt 0.769917 0.848646
vt 0.806446 0.848240
vt 0.759065 0.836698
vt 0.752301 0.830803
vt 0.777962 0.844684
vt 0.770755 0.844627
vt 0.807142 0.833235
vt 0.755632 0.838950
vt 0.778712 0.848726
vt 0.758055 0.801556
vt 0.799586 0.831704
vt 0.803771 0.832552
vt 0.799623 0.821711
vt 0.803800 0.820893
vt 0.795830 0.812487
vt 0.799371 0.810143
vt 0.753107 0.840620
vt 0.791207 0.801880
vt 0.780502 0.797352
vt 0.779270 0.851709
vt 0.768874 0.797225
vt 0.788556 0.847985
vt 0.795711 0.840950
vt 0.739703 0.888102
vt 0.746587 0.884629
vt 0.741747 0.889468
vt 0.772943 0.910305
vt 0.773501 0.902627
vt 0.775907 0.903100
vt 0.736716 0.895309
vt 0.739126 0.895790
vt 0.773487 0.895800
vt 0.775888 0.895317
vt 0.736707 0.903111
vt 0.739119 0.902634
vt 0.770860 0.889501
vt 0.772897 0.888140
vt 0.739683 0.910329
vt 0.746575 0.913796
vt 0.745212 0.915841
vt 0.741726 0.908964
vt 0.767413 0.882630
vt 0.766047 0.884664
vt 0.752901 0.916410
vt 0.752423 0.918820
vt 0.760230 0.879633
vt 0.759745 0.882037
vt 0.760224 0.918820
vt 0.759745 0.916409
vt 0.752439 0.879613
vt 0.752912 0.882022
vt 0.766069 0.913790
vt 0.767439 0.915837
vt 0.745221 0.882580
vt 0.770898 0.908945
vt 0.751805 0.896275
vt 0.757299 0.894020
vt 0.761495 0.900298
vt 0.755212 0.904518
vt 0.494417 0.524344
vt 0.760705 0.902226
vt 0.753287 0.894803
vt 0.759236 0.903705
vt 0.755217 0.894011
vt 0.757307 0.904511
vt 0.759221 0.894824
vt 0.753276 0.903723
vt 0.760685 0.896299
vt 0.750991 0.900300
vt 0.761488 0.898216
vt 0.750998 0.898206
vt 0.499819 0.721264
vt 0.501985 0.723671
vt 0.500179 0.724119
vt 0.718294 0.734024
vt 0.703357 0.692337
vt 0.721415 0.733854
vt 0.809363 0.462106
vt 0.782077 0.447550
vt 0.809384 0.447550
vt 0.292484 0.277824
vt 0.283913 0.320046
vt 0.283483 0.277936
vt 0.879649 0.283759
vt 0.851542 0.308887
vt 0.851542 0.282222
vt 0.355356 0.224734
vt 0.386692 0.230062
vt 0.355362 0.230096
vt 0.141284 0.754997
vt 0.171804 0.760187
vt 0.139499 0.756819
vt 0.655015 0.616660
vt 0.648854 0.644154
vt 0.651876 0.616383
vt 0.476934 0.273694
vt 0.482828 0.277697
vt 0.473658 0.277693
vt 0.471835 0.246771
vt 0.466743 0.238436
vt 0.279772 0.258279
vt 0.248153 0.278273
vt 0.248001 0.258610
vt 0.519972 0.273905
vt 0.482875 0.273714
vt 0.539984 0.246994
vt 0.550681 0.278134
vt 0.544577 0.274057
vt 0.530229 0.273972
vt 0.519945 0.277940
vt 0.688181 0.667906
vt 0.651512 0.649535
vt 0.689365 0.658180
vt 0.691824 0.658598
vt 0.726963 0.669434
vt 0.691232 0.669151
vt 0.280437 0.320078
vt 0.248441 0.320325
vt 0.409200 0.417783
vt 0.412482 0.398972
vt 0.417342 0.418599
vt 0.377207 0.421440
vt 0.396870 0.358724
vt 0.408398 0.428248
vt 0.417470 0.443620
vt 0.409159 0.444142
vt 0.421169 0.427063
vt 0.438314 0.442797
vt 0.421197 0.443498
vt 0.422765 0.406093
vt 0.421556 0.417101
vt 0.440774 0.408198
vt 0.466408 0.415532
vt 0.439349 0.416878
vt 0.465179 0.425813
vt 0.471185 0.442434
vt 0.464494 0.442347
vt 0.438661 0.426623
vt 0.719921 0.118929
vt 0.709239 0.134012
vt 0.709309 0.118955
vt 0.224925 0.031210
vt 0.246129 0.013777
vt 0.246070 0.031215
vt 0.467866 0.409548
vt 0.473995 0.415708
vt 0.479124 0.401427
vt 0.475492 0.411845
vt 0.457015 0.235203
vt 0.434768 0.230001
vt 0.457032 0.229987
vt 0.354540 0.235360
vt 0.324014 0.230136
vt 0.248793 0.402163
vt 0.281061 0.418144
vt 0.248815 0.418186
vt 0.538807 0.687477
vt 0.536990 0.697419
vt 0.536746 0.687603
vt 0.434753 0.197331
vt 0.457047 0.175333
vt 0.457038 0.197333
vt 0.265418 0.014081
vt 0.281412 0.016558
vt 0.279377 0.022264
vt 0.246216 0.054778
vt 0.246349 0.071028
vt 0.224926 0.054865
vt 0.246449 0.082723
vt 0.224945 0.071139
vt 0.246831 0.124057
vt 0.224967 0.082845
vt 0.246902 0.132605
vt 0.225093 0.124196
vt 0.248701 0.371330
vt 0.226048 0.333181
vt 0.248514 0.333077
vt 0.248745 0.384134
vt 0.226172 0.371401
vt 0.386698 0.235322
vt 0.410740 0.230032
vt 0.410745 0.235288
vt 0.809363 0.500602
vt 0.782077 0.481355
vt 0.809363 0.481354
vt 0.176509 0.674007
vt 0.209416 0.675517
vt 0.207688 0.676926
vt 0.321389 0.326250
vt 0.313452 0.279716
vt 0.320057 0.280077
vt 0.352719 0.326195
vt 0.386879 0.342442
vt 0.347926 0.342513
vt 0.323038 0.244918
vt 0.320717 0.238996
vt 0.353716 0.238942
vt 0.353475 0.244869
vt 0.383904 0.244824
vt 0.386766 0.279591
vt 0.383967 0.279595
vt 0.384049 0.326139
vt 0.446424 0.319521
vt 0.466441 0.279406
vt 0.453337 0.335960
vt 0.434306 0.326045
vt 0.434997 0.342353
vt 0.392545 0.244813
vt 0.410749 0.238864
vt 0.413673 0.244777
vt 0.453974 0.244670
vt 0.434781 0.238818
vt 0.457031 0.238744
vt 0.462345 0.279445
vt 0.413495 0.326084
vt 0.410940 0.342396
vt 0.386701 0.238902
vt 0.392685 0.326122
vt 0.392601 0.279582
vt 0.308975 0.342582
vt 0.645599 0.735924
vt 0.645399 0.687793
vt 0.647080 0.689253
vt 0.290088 0.131988
vt 0.281147 0.123593
vt 0.289878 0.123420
vt 0.879484 0.255241
vt 0.851542 0.255241
vt 0.533736 0.669097
vt 0.536098 0.670843
vt 0.533443 0.670884
vt 0.322366 0.235407
vt 0.717007 0.598195
vt 0.727855 0.619376
vt 0.718144 0.619398
vt 0.324006 0.224775
vt 0.278538 0.170875
vt 0.247587 0.210161
vt 0.247248 0.171241
vt 0.293402 0.371072
vt 0.284415 0.383975
vt 0.284328 0.371139
vt 0.292947 0.319952
vt 0.284042 0.332825
vt 0.293611 0.402011
vt 0.284575 0.418129
vt 0.284511 0.402055
vt 0.281320 0.132153
vt 0.290759 0.170684
vt 0.281932 0.170825
vt 0.280407 0.082212
vt 0.289057 0.082009
vt 0.280115 0.070492
vt 0.288695 0.070258
vt 0.279705 0.054253
vt 0.288181 0.054056
vt 0.279259 0.030636
vt 0.287663 0.030730
vt 0.287911 0.023206
vt 0.283874 0.017105
vt 0.288650 0.017752
vt 0.283220 0.258234
vt 0.457044 0.224660
vt 0.434763 0.224657
vt 0.293093 0.332741
vt 0.466637 0.230022
vt 0.482980 0.235070
vt 0.466803 0.235181
vt 0.717249 0.076476
vt 0.719930 0.096727
vt 0.716464 0.096571
vt 0.698502 0.101303
vt 0.689888 0.118775
vt 0.438696 0.456512
vt 0.464182 0.463549
vt 0.470768 0.463722
vt 0.417946 0.454122
vt 0.421805 0.453749
vt 0.409932 0.465272
vt 0.281008 0.402071
vt 0.417357 0.424396
vt 0.409116 0.423372
vt 0.280567 0.332858
vt 0.279436 0.233984
vt 0.247797 0.234337
vt 0.378514 0.466203
vt 0.543155 0.221095
vt 0.558715 0.224713
vt 0.543143 0.224659
vt 0.377725 0.428620
vt 0.377990 0.444977
vt 0.700348 0.133824
vt 0.689669 0.654170
vt 0.665859 0.597970
vt 0.665219 0.617460
vt 0.663772 0.617390
vt 0.500218 0.669609
vt 0.501217 0.687879
vt 0.499071 0.687788
vt 0.544371 0.235223
vt 0.558637 0.238862
vt 0.544356 0.238785
vt 0.291378 0.209612
vt 0.282497 0.209752
vt 0.457047 0.221090
vt 0.463704 0.224683
vt 0.709018 0.143745
vt 0.700213 0.137542
vt 0.709177 0.137767
vt 0.538647 0.718538
vt 0.534245 0.720492
vt 0.536852 0.717694
vt 0.473380 0.422008
vt 0.466142 0.421800
vt 0.712831 0.143907
vt 0.439256 0.422738
vt 0.421805 0.423065
vt 0.293505 0.383917
vt 0.282867 0.233934
vt 0.292190 0.258102
vt 0.377787 0.427016
vt 0.410732 0.221128
vt 0.410734 0.224678
vt 0.434760 0.221108
vt 0.501298 0.670810
vt 0.275989 0.030707
vt 0.246315 0.007768
vt 0.266816 0.008808
vt 0.276433 0.054321
vt 0.276799 0.070570
vt 0.277088 0.082289
vt 0.277768 0.123655
vt 0.277961 0.132216
vt 0.717034 0.636571
vt 0.692293 0.654615
vt 0.693511 0.636990
vt 0.280836 0.371161
vt 0.280921 0.383997
vt 0.386686 0.221151
vt 0.355353 0.221178
vt 0.323990 0.207281
vt 0.499203 0.709020
vt 0.501830 0.720916
vt 0.544392 0.229987
vt 0.558692 0.230048
vt 0.466551 0.221080
vt 0.482940 0.224571
vt 0.466574 0.224674
vt 0.713992 0.137825
vt 0.717350 0.135663
vt 0.472187 0.425908
vt 0.417212 0.426085
vt 0.280028 0.277978
vt 0.533715 0.722989
vt 0.535476 0.722038
vt 0.643657 0.640121
vt 0.646490 0.615846
vt 0.482926 0.175358
vt 0.520205 0.197353
vt 0.482914 0.197328
vt 0.647059 0.656840
vt 0.648340 0.647897
vt 0.642347 0.649279
vt 0.643169 0.643754
vt 0.652050 0.645779
vt 0.558662 0.235293
vt 0.463529 0.235218
vt 0.463701 0.221092
vt 0.715767 0.635325
vt 0.463673 0.230046
vt 0.463640 0.238677
vt 0.694338 0.594749
vt 0.726694 0.594964
vt 0.482739 0.280710
vt 0.519836 0.292473
vt 0.482620 0.292164
vt 0.520230 0.175399
vt 0.530499 0.197367
vt 0.482959 0.229870
vt 0.520139 0.235135
vt 0.520167 0.224596
vt 0.520154 0.229910
vt 0.520127 0.238692
vt 0.482989 0.238603
vt 0.482928 0.221023
vt 0.530526 0.175411
vt 0.543205 0.197388
vt 0.530413 0.235167
vt 0.530431 0.229938
vt 0.530399 0.238725
vt 0.520177 0.221039
vt 0.530447 0.224621
vt 0.543234 0.175424
vt 0.558780 0.197415
vt 0.530457 0.221061
vt 0.472245 0.299142
vt 0.825894 0.058326
vt 0.828149 0.068937
vt 0.826019 0.069071
vt 0.857805 0.058255
vt 0.855780 0.020094
vt 0.857917 0.019946
vt 0.827205 0.012994
vt 0.855496 0.008803
vt 0.828348 0.014119
vt 0.828491 0.083327
vt 0.827666 0.084471
vt 0.550389 0.281230
vt 0.558186 0.311787
vt 0.542657 0.311685
vt 0.727045 0.659132
vt 0.471394 0.280487
vt 0.530061 0.299550
vt 0.530185 0.281100
vt 0.482984 0.246787
vt 0.520099 0.246913
vt 0.530365 0.246952
vt 0.530204 0.278009
vt 0.692297 0.594758
vt 0.692299 0.597105
vt 0.663086 0.633294
vt 0.666881 0.599095
vt 0.697608 0.076339
vt 0.690227 0.096977
vt 0.690127 0.076326
vt 0.715676 0.096288
vt 0.714389 0.076472
vt 0.716154 0.076483
vt 0.697970 0.096869
vt 0.714733 0.099010
vt 0.714107 0.095889
vt 0.715866 0.101138
vt 0.709282 0.101404
vt 0.699007 0.096528
vt 0.700753 0.098227
vt 0.699942 0.099266
vt 0.501010 0.727080
vt 0.538388 0.727937
vt 0.495425 0.733386
vt 0.533825 0.664257
vt 0.542228 0.726048
vt 0.494534 0.709087
vt 0.494417 0.687653
vt 0.495061 0.726091
vt 0.495233 0.727632
vt 0.545276 0.715117
vt 0.539030 0.714678
vt 0.705342 0.302953
vt 0.699464 0.324967
vt 0.699464 0.302953
vt 0.689888 0.324967
vt 0.689888 0.302953
vt 0.705342 0.327847
vt 0.705342 0.324967
vt 0.545272 0.697290
vt 0.539120 0.697386
vt 0.344803 0.813645
vt 0.312217 0.806361
vt 0.344821 0.801737
vt 0.344803 0.834522
vt 0.312217 0.851677
vt 0.312217 0.834522
vt 0.308975 0.834522
vt 0.312217 0.824630
vt 0.308975 0.807508
vt 0.312217 0.802842
vt 0.311878 0.800932
vt 0.313456 0.800225
vt 0.344827 0.799044
vt 0.308975 0.803954
vt 0.344833 0.796415
vt 0.536978 0.714451
vt 0.501968 0.725822
vt 0.532950 0.721125
vt 0.804800 0.398659
vt 0.806800 0.425451
vt 0.805151 0.424065
vt 0.207349 0.723805
vt 0.210603 0.724162
vt 0.647501 0.772253
vt 0.642347 0.736153
vt 0.754675 0.399305
vt 0.753098 0.426214
vt 0.753010 0.397621
vt 0.618407 0.760544
vt 0.593434 0.764345
vt 0.593336 0.761281
vt 0.203979 0.760187
vt 0.202481 0.758443
vt 0.667497 0.684727
vt 0.667728 0.688028
vt 0.768390 0.425146
vt 0.754764 0.424772
vt 0.594371 0.734579
vt 0.619853 0.732572
vt 0.618169 0.734186
vt 0.171980 0.756886
vt 0.787367 0.427900
vt 0.787134 0.424823
vt 0.712316 0.770828
vt 0.710657 0.768994
vt 0.788870 0.392407
vt 0.767193 0.344568
vt 0.788915 0.344056
vt 0.767633 0.392694
vt 0.754663 0.351721
vt 0.594191 0.680305
vt 0.561325 0.729121
vt 0.561325 0.679843
vt 0.626747 0.680977
vt 0.594346 0.728477
vt 0.786850 0.395976
vt 0.767891 0.396240
vt 0.789537 0.431479
vt 0.767830 0.432257
vt 0.748032 0.429842
vt 0.739477 0.393775
vt 0.810607 0.392846
vt 0.810882 0.429067
vt 0.565221 0.733016
vt 0.594359 0.731681
vt 0.620012 0.761925
vt 0.627054 0.728969
vt 0.623953 0.765239
vt 0.565931 0.763369
vt 0.593547 0.767729
vt 0.562321 0.767253
vt 0.567011 0.734825
vt 0.701010 0.694281
vt 0.689717 0.684727
vt 0.139302 0.719361
vt 0.143372 0.671304
vt 0.144916 0.672936
vt 0.670095 0.770514
vt 0.691790 0.773102
vt 0.669983 0.773954
vt 0.786705 0.398950
vt 0.176715 0.670732
vt 0.567538 0.761682
vt 0.691535 0.769832
vt 0.768157 0.399148
vt 0.136005 0.719369
vt 0.614168 0.968425
vt 0.606080 0.976871
vt 0.606080 0.968425
vt 0.935668 0.220487
vt 0.927519 0.216627
vt 0.929179 0.211799
vt 0.928842 0.223196
vt 0.926939 0.231458
vt 0.923148 0.225233
vt 0.930521 0.228947
vt 0.926912 0.239800
vt 0.914508 0.228338
vt 0.919526 0.217629
vt 0.914508 0.211632
vt 0.614168 0.976871
vt 0.606080 0.983698
vt 0.585888 0.968532
vt 0.577799 0.976978
vt 0.577799 0.968532
vt 0.308975 0.932210
vt 0.314579 0.942468
vt 0.308975 0.949582
vt 0.318255 0.933686
vt 0.325359 0.928761
vt 0.324017 0.935302
vt 0.322812 0.925081
vt 0.329162 0.926312
vt 0.331093 0.937528
vt 0.323132 0.942556
vt 0.325332 0.947668
vt 0.585888 0.976978
vt 0.577799 0.983805
vt 0.559675 0.969116
vt 0.551587 0.977562
vt 0.551587 0.969116
vt 0.085213 0.942690
vt 0.090456 0.951510
vt 0.085321 0.956963
vt 0.093485 0.944338
vt 0.100889 0.938756
vt 0.099860 0.945120
vt 0.096085 0.938503
vt 0.106655 0.933046
vt 0.107839 0.946938
vt 0.093717 0.932782
vt 0.099027 0.952047
vt 0.100984 0.956963
vt 0.559675 0.977562
vt 0.551587 0.984390
vt 0.236962 0.938335
vt 0.252449 0.924171
vt 0.252449 0.943874
vt 0.238542 0.928109
vt 0.232334 0.925403
vt 0.232450 0.921018
vt 0.233474 0.930096
vt 0.231401 0.934549
vt 0.230118 0.931283
vt 0.233957 0.934417
vt 0.230048 0.937741
vt 0.226020 0.932507
vt 0.228363 0.927831
vt 0.225896 0.926250
vt 0.244679 0.908423
vt 0.142392 0.595640
vt 0.115208 0.589591
vt 0.142392 0.589591
vt 0.142392 0.552190
vt 0.115208 0.552190
vt 0.142392 0.541868
vt 0.115208 0.532202
vt 0.142392 0.527441
vt 0.855293 0.078276
vt 0.856440 0.079350
vt 0.857691 0.068930
vt 0.855709 0.058239
vt 0.825894 0.019777
vt 0.828003 0.058313
vt 0.828041 0.020010
vt 0.855564 0.068778
vt 0.856316 0.007646
vt 0.472529 0.278976
vt 0.482788 0.279160
vt 0.558386 0.281281
vt 0.550592 0.279637
vt 0.558397 0.279687
vt 0.558407 0.278180
vt 0.530194 0.279506
vt 0.519935 0.279437
vt 0.519924 0.281030
vt 0.465202 0.238196
vt 0.465168 0.234858
vt 0.715873 0.599401
vt 0.465101 0.197334
vt 0.466520 0.197334
vt 0.465139 0.224686
vt 0.465156 0.230267
vt 0.465126 0.221087
vt 0.463681 0.197333
vt 0.466528 0.175342
vt 0.690983 0.654415
vt 0.690590 0.658405
vt 0.689759 0.667301
vt 0.693320 0.597106
vt 0.694343 0.597120
vt 0.692632 0.637037
vt 0.537223 0.669686
vt 0.543441 0.664257
vt 0.225290 0.171386
vt 0.225125 0.132746
vt 0.463690 0.175339
vt 0.465109 0.175340
vt 0.691718 0.637121
vt 0.692674 0.635436
vt 0.308975 0.824630
vt 0.544966 0.687139
vt 0.689888 0.327847
vt 0.699464 0.327847
vt 0.495622 0.664257
vt 0.709136 0.099884
vt 0.713889 0.097993
vt 0.698848 0.076363
vt 0.700612 0.096139
vt 0.693663 0.635447
vt 0.657100 0.594824
vt 0.558728 0.221139
vt 0.664401 0.632304
vt 0.648564 0.594803
vt 0.653858 0.594819
vt 0.501405 0.708936
vt 0.693316 0.598702
vt 0.410645 0.487736
vt 0.379151 0.488766
vt 0.225597 0.234486
vt 0.225717 0.258753
vt 0.225999 0.320438
vt 0.226200 0.384190
vt 0.226226 0.402193
vt 0.418990 0.487484
vt 0.438245 0.458682
vt 0.422336 0.457723
vt 0.421886 0.456097
vt 0.461500 0.465466
vt 0.438007 0.460777
vt 0.470050 0.486354
vt 0.463435 0.486407
vt 0.421523 0.484622
vt 0.423378 0.483456
vt 0.422936 0.485143
vt 0.709020 0.098204
vt 0.225477 0.210311
vt 0.726985 0.655112
vt 0.224960 0.007646
vt 0.224947 0.013644
vt 0.226233 0.418186
vt 0.225812 0.278408
vt 0.461020 0.483834
vt 0.438830 0.486929
vt 0.438784 0.484867
vt 0.422942 0.487361
vt 0.420679 0.456687
vt 0.438942 0.482901
vt 0.422801 0.483577
vt 0.460109 0.466535
vt 0.460079 0.482696
vt 0.422009 0.457597
vt 0.922992 0.307973
vt 0.921172 0.328435
vt 0.922992 0.328435
vt 0.924771 0.308188
vt 0.924771 0.328435
vt 0.966643 0.159587
vt 0.964823 0.180737
vt 0.966643 0.180737
vt 0.968422 0.159802
vt 0.968422 0.180737
vt 0.964556 0.080994
vt 0.966377 0.059130
vt 0.964556 0.059130
vt 0.962777 0.080780
vt 0.962777 0.059130
vt 0.644167 0.934940
vt 0.642347 0.957491
vt 0.644167 0.957491
vt 0.645946 0.935154
vt 0.645946 0.957491
vt 0.876620 0.646069
vt 0.874799 0.669279
vt 0.876620 0.669279
vt 0.878398 0.646283
vt 0.878398 0.669279
vt 0.792979 0.956608
vt 0.794799 0.932740
vt 0.792979 0.932740
vt 0.791200 0.956394
vt 0.791200 0.932740
vt 0.579620 0.928740
vt 0.577799 0.953239
vt 0.579620 0.953239
vt 0.581399 0.928955
vt 0.581399 0.953239
vt 0.410773 0.927334
vt 0.408953 0.952614
vt 0.410773 0.952614
vt 0.412552 0.927600
vt 0.412552 0.952614
vt 0.950134 0.344108
vt 0.948313 0.370111
vt 0.950134 0.370111
vt 0.951913 0.344368
vt 0.951913 0.370111
vt 0.191972 0.922833
vt 0.190152 0.949508
vt 0.191972 0.949508
vt 0.193751 0.923092
vt 0.193751 0.949508
vt 0.947484 0.712076
vt 0.949304 0.684727
vt 0.947484 0.684727
vt 0.945705 0.711816
vt 0.945705 0.684727
vt 0.933777 0.516820
vt 0.931956 0.544912
vt 0.933777 0.544912
vt 0.935555 0.517079
vt 0.935555 0.544912
vt 0.473618 0.773574
vt 0.471798 0.802386
vt 0.473618 0.802386
vt 0.475397 0.773872
vt 0.475397 0.802386
vt 0.694345 0.600022
vt 0.693298 0.602598
vt 0.693314 0.600042
vt 0.714225 0.601154
vt 0.694309 0.602558
vt 0.666286 0.630842
vt 0.691768 0.631331
vt 0.691659 0.634020
vt 0.692273 0.602636
vt 0.692282 0.600052
vt 0.692731 0.634058
vt 0.693945 0.631476
vt 0.693798 0.634112
vt 0.712430 0.631952
vt 0.713971 0.633513
vt 0.668361 0.600730
vt 0.668765 0.617599
vt 0.666382 0.617501
vt 0.667900 0.629524
vt 0.694334 0.598707
vt 0.691671 0.635437
vt 0.692297 0.598704
vt 0.716536 0.619355
vt 0.715238 0.619306
vt 0.712642 0.619220
vt 0.694249 0.618833
vt 0.674267 0.607204
vt 0.674490 0.617848
vt 0.673346 0.617828
vt 0.692341 0.618703
vt 0.693294 0.618769
vt 0.692860 0.631399
vt 0.673240 0.625009
vt 0.686205 0.625133
vt 0.686916 0.625886
vt 0.712768 0.602671
vt 0.669692 0.602210
vt 0.687385 0.607560
vt 0.687559 0.618546
vt 0.494531 0.960044
vt 0.509529 0.951786
vt 0.509529 0.960111
vt 0.494664 0.972633
vt 0.509529 0.972633
vt 0.686713 0.608282
vt 0.674021 0.624426
vt 0.674895 0.607888
vt 0.686370 0.618466
vt 0.477543 0.687756
vt 0.441924 0.679735
vt 0.470057 0.665792
vt 0.434535 0.743411
vt 0.445543 0.707012
vt 0.434287 0.668419
vt 0.455752 0.648069
vt 0.469970 0.732439
vt 0.438635 0.732706
vt 0.442580 0.720471
vt 0.477543 0.710978
vt 0.437307 0.757946
vt 0.455956 0.749105
vt 0.444652 0.693145
vt 0.436876 0.637088
vt 0.426081 0.658439
vt 0.416277 0.635061
vt 0.418467 0.649823
vt 0.697951 0.076347
vt 0.698248 0.096776
vt 0.698368 0.076355
vt 0.698597 0.096664
vt 0.715549 0.100280
vt 0.716344 0.096506
vt 0.715157 0.099540
vt 0.716064 0.096414
vt 0.698997 0.100482
vt 0.709238 0.100819
vt 0.699487 0.099774
vt 0.709189 0.100310
vt 0.717020 0.076480
vt 0.716640 0.076482
vt 0.323969 0.175280
vt 0.356853 0.187690
vt 0.323980 0.197360
vt 0.363888 0.198212
vt 0.374412 0.205238
vt 0.386822 0.207701
vt 0.434761 0.175314
vt 0.416765 0.187697
vt 0.419249 0.175302
vt 0.409740 0.198206
vt 0.806508 0.396946
vt 0.649091 0.770591
vt 0.768119 0.428345
vt 0.810882 0.343744
vt 0.688823 0.687748
vt 0.279081 0.209802
vt 0.386688 0.224701
vt 0.291793 0.233793
vt 0.434775 0.235248
vt 0.434795 0.244729
vt 0.782077 0.462108
vt 0.399226 0.205230
vt 0.075721 0.007646
vt 0.125961 0.051499
vt 0.075721 0.051499
vt 0.627054 0.548985
vt 0.598539 0.570251
vt 0.585464 0.548985
vt 0.075721 0.257191
vt 0.125961 0.282154
vt 0.075721 0.282154
vt 0.075721 0.121416
vt 0.125961 0.257191
vt 0.627054 0.413210
vt 0.585464 0.413210
vt 0.125961 0.298453
vt 0.075721 0.298453
vt 0.627054 0.578033
vt 0.584219 0.578033
vt 0.125961 0.368884
vt 0.075721 0.407439
vt 0.075721 0.368884
vt 0.627054 0.625284
vt 0.584219 0.636870
vt 0.584219 0.625284
vt 0.125961 0.357298
vt 0.075721 0.357298
vt 0.627054 0.636870
vt 0.611058 0.664550
vt 0.125961 0.326092
vt 0.075721 0.326092
vt 0.584219 0.605672
vt 0.627054 0.605672
vt 0.125961 0.336020
vt 0.075721 0.347370
vt 0.075721 0.336020
vt 0.136282 0.342648
vt 0.143795 0.349138
vt 0.627054 0.384168
vt 0.585464 0.384168
vt 0.075721 0.092374
vt 0.125961 0.121416
vt 0.075721 0.054863
vt 0.585464 0.357649
vt 0.627054 0.361013
vt 0.585464 0.361013
vt 0.075721 0.067425
vt 0.125961 0.079812
vt 0.075721 0.079812
vt 0.574114 0.366397
vt 0.125961 0.067425
vt 0.125961 0.092374
vt 0.624355 0.024915
vt 0.574114 0.048070
vt 0.574114 0.024915
vt 0.624355 0.007646
vt 0.574114 0.007646
vt 0.624355 0.048070
vt 0.574114 0.077112
vt 0.624354 0.269574
vt 0.574114 0.289186
vt 0.574114 0.269574
vt 0.624355 0.241935
vt 0.574114 0.241935
vt 0.125961 0.347370
vt 0.624354 0.300772
vt 0.574114 0.328452
vt 0.574114 0.300772
vt 0.125961 0.423435
vt 0.125961 0.407439
vt 0.624355 0.234153
vt 0.574114 0.234152
vt 0.624354 0.289186
vt 0.624355 0.077112
vt 0.574114 0.212887
vt 0.624355 0.212887
vt 0.971326 0.028496
vt 0.969575 0.008034
vt 0.969575 0.028496
vt 0.968605 0.008248
vt 0.968605 0.028496
vt 0.969145 0.406941
vt 0.967394 0.385791
vt 0.967394 0.406941
vt 0.966424 0.386006
vt 0.966424 0.406941
vt 0.967318 0.706978
vt 0.965567 0.685114
vt 0.965567 0.706978
vt 0.964597 0.685329
vt 0.964597 0.706978
vt 0.962868 0.811741
vt 0.961116 0.789190
vt 0.961116 0.811741
vt 0.960146 0.789404
vt 0.960146 0.811741
vt 0.866250 0.956836
vt 0.864499 0.933627
vt 0.864499 0.956836
vt 0.863529 0.933841
vt 0.863529 0.956836
vt 0.956280 0.497488
vt 0.954529 0.473620
vt 0.954529 0.497488
vt 0.953559 0.473835
vt 0.953559 0.497488
vt 0.955762 0.943804
vt 0.954011 0.919305
vt 0.954011 0.943804
vt 0.953041 0.919520
vt 0.953041 0.943804
vt 0.953798 0.237271
vt 0.952174 0.211991
vt 0.952174 0.237271
vt 0.950969 0.212258
vt 0.950969 0.237271
vt 0.951131 0.411771
vt 0.949487 0.385768
vt 0.949487 0.411771
vt 0.948313 0.386027
vt 0.948313 0.411771
vt 0.946522 0.298247
vt 0.948166 0.324922
vt 0.948166 0.298247
vt 0.949340 0.324662
vt 0.949340 0.298247
vt 0.948800 0.765150
vt 0.947155 0.737801
vt 0.947155 0.765150
vt 0.945982 0.738060
vt 0.945982 0.765150
vt 0.942035 0.832551
vt 0.943680 0.860643
vt 0.943680 0.832551
vt 0.944853 0.860383
vt 0.944853 0.832551
vt 0.929433 0.666739
vt 0.927920 0.637928
vt 0.927920 0.666739
vt 0.926573 0.638226
vt 0.926573 0.666739
vt 0.887605 0.163030
vt 0.893277 0.163478
vt 0.892592 0.159887
vt 0.921172 0.259337
vt 0.925212 0.259976
vt 0.926051 0.255781
vt 0.921947 0.796012
vt 0.926743 0.822883
vt 0.926472 0.793670
vt 0.525005 0.883194
vt 0.520293 0.883502
vt 0.525133 0.883844
vt 0.101905 0.916269
vt 0.098523 0.915235
vt 0.103562 0.916585
vt 0.922362 0.822963
vt 0.917428 0.793385
vt 0.917428 0.826219
vt 0.520293 0.843174
vt 0.525210 0.841931
vt 0.524414 0.841689
vt 0.899215 0.196313
vt 0.893520 0.195897
vt 0.893717 0.199923
vt 0.103500 0.915085
vt 0.097555 0.883816
vt 0.922814 0.822160
vt 0.922212 0.826094
vt 0.887950 0.517761
vt 0.892080 0.518883
vt 0.887066 0.517474
vt 0.101659 0.883587
vt 0.107839 0.916061
vt 0.107839 0.879613
vt 0.923058 0.796113
vt 0.922100 0.788802
vt 0.530045 0.882167
vt 0.887701 0.552759
vt 0.893089 0.553917
vt 0.101679 0.884437
vt 0.102552 0.880229
vt 0.778553 0.620768
vt 0.783049 0.621460
vt 0.778687 0.619996
vt 0.888469 0.554248
vt 0.882386 0.517872
vt 0.882386 0.558154
vt 0.777376 0.621820
vt 0.784145 0.661888
vt 0.888261 0.553417
vt 0.887999 0.557447
vt 0.932057 0.588123
vt 0.935171 0.588892
vt 0.930488 0.587523
vt 0.779052 0.662186
vt 0.774191 0.620481
vt 0.774191 0.665302
vt 0.930664 0.589172
vt 0.936165 0.618414
vt 0.778990 0.661448
vt 0.779556 0.665004
vt 0.136388 0.653625
vt 0.132941 0.652559
vt 0.138045 0.653905
vt 0.932099 0.618581
vt 0.926573 0.588163
vt 0.926573 0.622300
vt 0.138022 0.652426
vt 0.131971 0.620377
vt 0.932302 0.617738
vt 0.931532 0.621918
vt 0.886499 0.100989
vt 0.890611 0.101979
vt 0.885699 0.100581
vt 0.136103 0.620140
vt 0.142392 0.653397
vt 0.142392 0.616154
vt 0.884996 0.102180
vt 0.891648 0.138280
vt 0.136160 0.620988
vt 0.137044 0.616796
vt 0.886980 0.138581
vt 0.881109 0.101022
vt 0.881109 0.142288
vt 0.886831 0.137772
vt 0.886632 0.141700
vt 0.930224 0.008804
vt 0.933437 0.009683
vt 0.928616 0.008323
vt 0.928751 0.009910
vt 0.934420 0.039816
vt 0.905062 0.625229
vt 0.901514 0.624035
vt 0.906776 0.625383
vt 0.930346 0.040008
vt 0.924561 0.008915
vt 0.924561 0.043837
vt 0.905530 0.592574
vt 0.900561 0.591410
vt 0.930459 0.039162
vt 0.929647 0.043358
vt 0.880100 0.588185
vt 0.884214 0.589100
vt 0.879349 0.587710
vt 0.904699 0.591143
vt 0.911280 0.624923
vt 0.911280 0.587010
vt 0.878615 0.589331
vt 0.885268 0.626523
vt 0.904848 0.592002
vt 0.905786 0.587763
vt 0.880565 0.626804
vt 0.874799 0.588175
vt 0.874799 0.630388
vt 0.880445 0.626010
vt 0.880280 0.629871
vt 0.925444 0.291110
vt 0.922149 0.290162
vt 0.927071 0.291516
vt 0.925750 0.260508
vt 0.898537 0.159200
vt 0.925263 0.259129
vt 0.931229 0.290955
vt 0.931229 0.255241
vt 0.891951 0.163033
vt 0.529268 0.841902
vt 0.893516 0.196778
vt 0.887605 0.200624
vt 0.523504 0.840796
vt 0.525288 0.884480
vt 0.501985 0.604842
vt 0.499819 0.607249
vt 0.500179 0.604394
vt 0.739826 0.733387
vt 0.755386 0.691909
vt 0.757679 0.693887
vt 0.739476 0.500602
vt 0.766769 0.486056
vt 0.766784 0.500613
vt 0.168152 0.320531
vt 0.159188 0.278466
vt 0.168177 0.278486
vt 0.859343 0.612138
vt 0.831235 0.587011
vt 0.859506 0.587011
vt 0.386738 0.120478
vt 0.355364 0.125790
vt 0.355371 0.120422
vt 0.800991 0.094906
vt 0.770270 0.096719
vt 0.770436 0.093421
vt 0.655098 0.573098
vt 0.648795 0.546034
vt 0.651922 0.544400
vt 0.477156 0.076961
vt 0.483068 0.072970
vt 0.483104 0.076959
vt 0.471984 0.103897
vt 0.473886 0.072949
vt 0.203475 0.278483
vt 0.171680 0.258814
vt 0.203437 0.258827
vt 0.520226 0.076879
vt 0.550961 0.072757
vt 0.540156 0.103863
vt 0.544841 0.076812
vt 0.520213 0.072842
vt 0.530488 0.076847
vt 0.651347 0.540713
vt 0.687081 0.522043
vt 0.688540 0.531533
vt 0.726311 0.516456
vt 0.690983 0.531079
vt 0.689702 0.520827
vt 0.171619 0.320532
vt 0.171628 0.278493
vt 0.414479 0.557300
vt 0.419913 0.575655
vt 0.408824 0.617903
vt 0.381906 0.557236
vt 0.400066 0.619768
vt 0.420350 0.531048
vt 0.412669 0.547033
vt 0.412095 0.531203
vt 0.440750 0.530268
vt 0.425360 0.546928
vt 0.424031 0.530874
vt 0.421572 0.548308
vt 0.422441 0.555614
vt 0.429228 0.567223
vt 0.468859 0.553660
vt 0.446157 0.562891
vt 0.443879 0.554911
vt 0.426749 0.556650
vt 0.472113 0.528839
vt 0.467251 0.544620
vt 0.465784 0.529181
vt 0.442285 0.545748
vt 0.709642 0.017732
vt 0.720529 0.033123
vt 0.709702 0.033091
vt 0.203735 0.013698
vt 0.203753 0.031181
vt 0.475315 0.553319
vt 0.470522 0.558613
vt 0.479124 0.564478
vt 0.476434 0.556596
vt 0.457129 0.115443
vt 0.434856 0.120607
vt 0.434872 0.115357
vt 0.354549 0.115150
vt 0.323978 0.120379
vt 0.322322 0.115095
vt 0.203691 0.402205
vt 0.171613 0.418169
vt 0.171616 0.402207
vt 0.538807 0.641036
vt 0.536990 0.631094
vt 0.539120 0.631127
vt 0.434787 0.153294
vt 0.184365 0.013934
vt 0.168286 0.016322
vt 0.182987 0.008631
vt 0.203610 0.054810
vt 0.203518 0.071098
vt 0.203466 0.082818
vt 0.203342 0.124216
vt 0.203336 0.132773
vt 0.203663 0.371443
vt 0.203595 0.333245
vt 0.203678 0.384221
vt 0.410808 0.120537
vt 0.386749 0.115213
vt 0.410821 0.115277
vt 0.739490 0.466797
vt 0.766784 0.447560
vt 0.766776 0.466808
vt 0.743100 0.007888
vt 0.776146 0.010934
vt 0.744629 0.009508
vt 0.313406 0.070675
vt 0.321406 0.024037
vt 0.320027 0.070318
vt 0.352812 0.024132
vt 0.387076 0.007901
vt 0.384213 0.024232
vt 0.322991 0.105559
vt 0.353725 0.111562
vt 0.353486 0.105626
vt 0.386871 0.070876
vt 0.383964 0.105698
vt 0.384068 0.070868
vt 0.446698 0.030987
vt 0.466664 0.071211
vt 0.462564 0.071160
vt 0.434572 0.024425
vt 0.453659 0.014534
vt 0.410829 0.111698
vt 0.392611 0.105716
vt 0.413765 0.105782
vt 0.454108 0.105963
vt 0.434885 0.111784
vt 0.434909 0.105869
vt 0.413722 0.024343
vt 0.435299 0.008087
vt 0.392716 0.070893
vt 0.392870 0.024267
vt 0.348032 0.007767
vt 0.813380 0.687768
vt 0.812628 0.735922
vt 0.811703 0.689207
vt 0.160060 0.132516
vt 0.168951 0.124012
vt 0.168853 0.132602
vt 0.859177 0.640656
vt 0.831235 0.613675
vt 0.386756 0.111630
vt 0.533736 0.659416
vt 0.536098 0.657671
vt 0.537223 0.658827
vt 0.320665 0.111494
vt 0.457153 0.111899
vt 0.728756 0.569982
vt 0.717047 0.591482
vt 0.718677 0.569871
vt 0.323977 0.125750
vt 0.203364 0.210378
vt 0.172004 0.171369
vt 0.203326 0.171441
vt 0.159109 0.371462
vt 0.168139 0.384234
vt 0.159102 0.384231
vt 0.168139 0.333273
vt 0.159140 0.320521
vt 0.168127 0.418168
vt 0.159094 0.402203
vt 0.168134 0.402206
vt 0.159762 0.171298
vt 0.160189 0.123912
vt 0.169396 0.082487
vt 0.160702 0.082341
vt 0.169620 0.070697
vt 0.160982 0.070509
vt 0.169964 0.054348
vt 0.161420 0.054177
vt 0.170386 0.030551
vt 0.161635 0.022998
vt 0.165788 0.016828
vt 0.170296 0.022093
vt 0.161890 0.030641
vt 0.168234 0.258804
vt 0.159271 0.258769
vt 0.457137 0.125992
vt 0.434842 0.125955
vt 0.410796 0.125895
vt 0.159116 0.333267
vt 0.168143 0.371465
vt 0.483109 0.115632
vt 0.466746 0.120647
vt 0.466923 0.115485
vt 0.720492 0.055793
vt 0.716946 0.055894
vt 0.698653 0.051092
vt 0.709664 0.050990
vt 0.440274 0.516921
vt 0.464604 0.508858
vt 0.420053 0.520659
vt 0.423893 0.520743
vt 0.411365 0.510148
vt 0.421873 0.549933
vt 0.413840 0.551780
vt 0.203567 0.320506
vt 0.171604 0.333275
vt 0.171757 0.234525
vt 0.203398 0.234557
vt 0.380814 0.532815
vt 0.379901 0.511392
vt 0.543250 0.126200
vt 0.558818 0.129755
vt 0.543253 0.129762
vt 0.381833 0.549460
vt 0.700571 0.017915
vt 0.689004 0.535414
vt 0.663784 0.572347
vt 0.666885 0.590553
vt 0.665857 0.591678
vt 0.501217 0.640634
vt 0.500218 0.658904
vt 0.499071 0.640725
vt 0.558774 0.112058
vt 0.544506 0.115646
vt 0.544500 0.112085
vt 0.168604 0.171351
vt 0.159549 0.210275
vt 0.463800 0.125983
vt 0.457132 0.129564
vt 0.700439 0.014122
vt 0.709427 0.007806
vt 0.709582 0.013903
vt 0.536852 0.610820
vt 0.535476 0.606475
vt 0.538647 0.609975
vt 0.474742 0.547790
vt 0.468300 0.548148
vt 0.713315 0.007646
vt 0.714492 0.013848
vt 0.443215 0.549390
vt 0.426371 0.550793
vt 0.168327 0.234512
vt 0.159399 0.234468
vt 0.381969 0.551307
vt 0.410788 0.129449
vt 0.434833 0.129505
vt 0.533443 0.657629
vt 0.173690 0.030630
vt 0.173259 0.054404
vt 0.172953 0.070757
vt 0.172733 0.082546
vt 0.172339 0.124044
vt 0.172223 0.132638
vt 0.691528 0.534795
vt 0.717454 0.552076
vt 0.693369 0.552491
vt 0.171619 0.371465
vt 0.171617 0.384235
vt 0.386723 0.129397
vt 0.355360 0.129350
vt 0.323969 0.143263
vt 0.501830 0.607597
vt 0.499203 0.619493
vt 0.544512 0.120879
vt 0.558812 0.126185
vt 0.168437 0.210320
vt 0.466672 0.125998
vt 0.483026 0.129686
vt 0.466642 0.129594
vt 0.473659 0.544270
vt 0.534245 0.608021
vt 0.533715 0.605524
vt 0.651985 0.573379
vt 0.643719 0.550045
vt 0.520253 0.153446
vt 0.482960 0.153387
vt 0.648247 0.542362
vt 0.646859 0.533603
vt 0.642347 0.541078
vt 0.643900 0.535861
vt 0.643214 0.546485
vt 0.558788 0.115621
vt 0.463648 0.115441
vt 0.457136 0.120662
vt 0.457078 0.153330
vt 0.463789 0.129576
vt 0.463723 0.153342
vt 0.716131 0.553424
vt 0.463780 0.120617
vt 0.463766 0.111981
vt 0.694352 0.592397
vt 0.520154 0.058298
vt 0.482986 0.069950
vt 0.482902 0.058480
vt 0.530546 0.153455
vt 0.520280 0.120889
vt 0.483076 0.120835
vt 0.483045 0.126137
vt 0.520277 0.112106
vt 0.483125 0.112096
vt 0.520280 0.129760
vt 0.543250 0.153462
vt 0.520279 0.115663
vt 0.530555 0.120888
vt 0.530558 0.126205
vt 0.520279 0.126203
vt 0.530548 0.112103
vt 0.530559 0.129764
vt 0.558821 0.153467
vt 0.530552 0.115660
vt 0.472526 0.051459
vt 0.524185 0.809970
vt 0.526440 0.799359
vt 0.526315 0.810104
vt 0.496554 0.761127
vt 0.494529 0.799288
vt 0.494417 0.760978
vt 0.523986 0.755151
vt 0.496018 0.748679
vt 0.525129 0.754027
vt 0.523843 0.824360
vt 0.524669 0.825503
vt 0.558594 0.039118
vt 0.550681 0.069659
vt 0.543058 0.039162
vt 0.727216 0.527651
vt 0.727246 0.532317
vt 0.466869 0.112228
vt 0.530411 0.051255
vt 0.530468 0.069715
vt 0.471626 0.070143
vt 0.483140 0.103907
vt 0.520272 0.103884
vt 0.530539 0.103876
vt 0.530477 0.072808
vt 0.692309 0.592412
vt 0.662998 0.556602
vt 0.691478 0.552330
vt 0.690230 0.055483
vt 0.698075 0.055606
vt 0.714538 0.056503
vt 0.716140 0.056149
vt 0.715250 0.053395
vt 0.716379 0.051261
vt 0.700091 0.053187
vt 0.700729 0.056351
vt 0.699115 0.055948
vt 0.501010 0.601433
vt 0.538388 0.600576
vt 0.542228 0.602465
vt 0.494534 0.619426
vt 0.495061 0.602422
vt 0.495233 0.600881
vt 0.545276 0.613396
vt 0.539030 0.613835
vt 0.699464 0.280940
vt 0.689888 0.280940
vt 0.705342 0.278059
vt 0.705342 0.280940
vt 0.545272 0.631223
vt 0.544966 0.641374
vt 0.863850 0.526402
vt 0.831264 0.533686
vt 0.831247 0.521778
vt 0.831264 0.554563
vt 0.863850 0.571718
vt 0.831264 0.571718
vt 0.867093 0.554563
vt 0.863850 0.554563
vt 0.867093 0.527549
vt 0.863850 0.544671
vt 0.864190 0.520972
vt 0.863850 0.522883
vt 0.862611 0.520266
vt 0.867093 0.523995
vt 0.831241 0.519085
vt 0.831235 0.516456
vt 0.501968 0.602692
vt 0.748083 0.597196
vt 0.750327 0.570862
vt 0.749709 0.595856
vt 0.739171 0.056426
vt 0.810278 0.772252
vt 0.808721 0.770566
vt 0.800373 0.571936
vt 0.801394 0.599548
vt 0.799732 0.597853
vt 0.259516 0.832111
vt 0.234543 0.828310
vt 0.259613 0.829047
vt 0.738082 0.093453
vt 0.739789 0.091661
vt 0.791310 0.684727
vt 0.791080 0.688022
vt 0.785895 0.597572
vt 0.233097 0.800339
vt 0.258579 0.802346
vt 0.234781 0.801953
vt 0.767128 0.599818
vt 0.767405 0.596821
vt 0.745267 0.770285
vt 0.746965 0.768475
vt 0.787441 0.516456
vt 0.766119 0.564753
vt 0.765676 0.516584
vt 0.800291 0.523579
vt 0.787352 0.565111
vt 0.258759 0.748071
vt 0.291624 0.796888
vt 0.258604 0.796244
vt 0.226203 0.748743
vt 0.225896 0.796736
vt 0.768092 0.568287
vt 0.787058 0.568698
vt 0.802074 0.570181
vt 0.764958 0.603276
vt 0.785957 0.604394
vt 0.785953 0.600643
vt 0.815942 0.566272
vt 0.744049 0.600702
vt 0.748659 0.569212
vt 0.287729 0.800783
vt 0.258591 0.799447
vt 0.232938 0.829692
vt 0.287019 0.831136
vt 0.259403 0.835495
vt 0.285939 0.802592
vt 0.769149 0.684727
vt 0.769998 0.687768
vt 0.809309 0.012015
vt 0.807356 0.059970
vt 0.807598 0.013438
vt 0.787628 0.770230
vt 0.765756 0.773006
vt 0.766104 0.769585
vt 0.768195 0.571223
vt 0.786757 0.571643
vt 0.776352 0.007646
vt 0.285411 0.829448
vt 0.802489 0.096719
vt 0.385295 0.976410
vt 0.377207 0.967964
vt 0.385295 0.967964
vt 0.719764 0.947867
vt 0.710083 0.952863
vt 0.711457 0.945762
vt 0.707848 0.938765
vt 0.704816 0.945250
vt 0.705519 0.932566
vt 0.713020 0.938887
vt 0.696841 0.943160
vt 0.700584 0.953234
vt 0.711890 0.957293
vt 0.698180 0.955458
vt 0.385295 0.983237
vt 0.377207 0.976410
vt 0.408676 0.976410
vt 0.400588 0.967964
vt 0.408676 0.967964
vt 0.904916 0.947236
vt 0.895235 0.952232
vt 0.896609 0.945131
vt 0.893000 0.938134
vt 0.889967 0.944619
vt 0.890671 0.931935
vt 0.898172 0.938256
vt 0.881993 0.942529
vt 0.885735 0.952603
vt 0.897041 0.956662
vt 0.883331 0.954827
vt 0.408676 0.983237
vt 0.400588 0.976410
vt 0.466851 0.976404
vt 0.458763 0.967958
vt 0.466851 0.967958
vt 0.947484 0.074431
vt 0.937804 0.079427
vt 0.939178 0.072326
vt 0.935569 0.065329
vt 0.932536 0.071814
vt 0.933240 0.059130
vt 0.940740 0.065451
vt 0.924561 0.069724
vt 0.928304 0.079798
vt 0.939610 0.083857
vt 0.925900 0.082022
vt 0.466851 0.983231
vt 0.458763 0.976404
vt 0.149764 0.950697
vt 0.161753 0.935433
vt 0.163643 0.948724
vt 0.151556 0.937468
vt 0.147680 0.931419
vt 0.153110 0.931599
vt 0.158705 0.928053
vt 0.154232 0.927104
vt 0.163643 0.925300
vt 0.157958 0.931698
vt 0.154982 0.921402
vt 0.149549 0.925826
vt 0.142959 0.933062
vt 0.146936 0.923298
vt 0.135120 0.949344
vt 0.142392 0.443950
vt 0.115208 0.449999
vt 0.115208 0.438728
vt 0.142392 0.487399
vt 0.142392 0.449999
vt 0.142392 0.497722
vt 0.115208 0.487399
vt 0.115208 0.507387
vt 0.115208 0.497722
vt 0.497041 0.819308
vt 0.495894 0.820383
vt 0.496625 0.799272
vt 0.494643 0.809962
vt 0.524331 0.799345
vt 0.526440 0.760810
vt 0.524293 0.761042
vt 0.496770 0.809810
vt 0.496838 0.749835
vt 0.472758 0.071660
vt 0.483031 0.071504
vt 0.558680 0.069638
vt 0.550877 0.071253
vt 0.558684 0.071233
vt 0.530473 0.071310
vt 0.520208 0.071344
vt 0.520203 0.069750
vt 0.465328 0.112465
vt 0.465286 0.115804
vt 0.715960 0.590246
vt 0.465143 0.153345
vt 0.466563 0.153347
vt 0.465236 0.125983
vt 0.465264 0.120399
vt 0.465216 0.129584
vt 0.690272 0.535086
vt 0.689757 0.531285
vt 0.688515 0.522650
vt 0.693331 0.592412
vt 0.693319 0.594755
vt 0.692446 0.552416
vt 0.692505 0.554005
vt 0.867093 0.544671
vt 0.689888 0.278059
vt 0.699464 0.278059
vt 0.494417 0.640860
vt 0.714426 0.054404
vt 0.709528 0.052532
vt 0.693505 0.553990
vt 0.664308 0.557560
vt 0.501405 0.619577
vt 0.693335 0.590823
vt 0.424105 0.516758
vt 0.439698 0.514835
vt 0.423796 0.518410
vt 0.439337 0.512807
vt 0.462019 0.507091
vt 0.423638 0.491239
vt 0.421701 0.490182
vt 0.423082 0.489577
vt 0.709420 0.054247
vt 0.536746 0.640910
vt 0.461044 0.489041
vt 0.438882 0.488991
vt 0.422566 0.517918
vt 0.423046 0.491153
vt 0.423799 0.516920
vt 0.439132 0.490945
vt 0.460698 0.506100
vt 0.460092 0.490199
vt 0.902402 0.084184
vt 0.900582 0.063722
vt 0.900582 0.084184
vt 0.898803 0.063937
vt 0.898803 0.084184
vt 0.964633 0.292079
vt 0.966453 0.313228
vt 0.966453 0.292079
vt 0.968232 0.313013
vt 0.968232 0.292079
vt 0.967218 0.659844
vt 0.965397 0.637980
vt 0.965397 0.659844
vt 0.963618 0.638195
vt 0.963618 0.659844
vt 0.764803 0.957052
vt 0.762983 0.934500
vt 0.762983 0.957052
vt 0.761204 0.934715
vt 0.761204 0.957052
vt 0.887605 0.215917
vt 0.889426 0.239127
vt 0.889426 0.215917
vt 0.891204 0.238912
vt 0.891205 0.215917
vt 0.953559 0.433685
vt 0.955379 0.457553
vt 0.955379 0.433685
vt 0.957158 0.457338
vt 0.957158 0.433685
vt 0.951458 0.587011
vt 0.953279 0.611510
vt 0.953279 0.587011
vt 0.955057 0.611295
vt 0.955057 0.587011
vt 0.949713 0.007646
vt 0.951533 0.032926
vt 0.951533 0.007646
vt 0.953312 0.032660
vt 0.953312 0.007646
vt 0.934149 0.922487
vt 0.935969 0.948490
vt 0.935969 0.922487
vt 0.937748 0.948231
vt 0.937748 0.922487
vt 0.900561 0.641809
vt 0.902382 0.668484
vt 0.902382 0.641809
vt 0.904160 0.668225
vt 0.904160 0.641809
vt 0.944726 0.637593
vt 0.946547 0.664942
vt 0.946547 0.637593
vt 0.948326 0.664683
vt 0.948326 0.637593
vt 0.934149 0.878739
vt 0.935969 0.906831
vt 0.935969 0.878739
vt 0.937748 0.906571
vt 0.937748 0.878739
vt 0.471798 0.817679
vt 0.473618 0.846490
vt 0.473618 0.817679
vt 0.475397 0.846192
vt 0.475397 0.817679
vt 0.693333 0.586937
vt 0.694371 0.589513
vt 0.693341 0.589489
vt 0.694346 0.586980
vt 0.714374 0.588450
vt 0.691664 0.558090
vt 0.666191 0.558975
vt 0.691512 0.555419
vt 0.692308 0.586899
vt 0.692312 0.589476
vt 0.693855 0.557868
vt 0.692585 0.555359
vt 0.693652 0.555276
vt 0.712676 0.557051
vt 0.714268 0.555383
vt 0.668761 0.572090
vt 0.668374 0.588917
vt 0.666385 0.572207
vt 0.667805 0.560261
vt 0.694352 0.590820
vt 0.691489 0.554016
vt 0.692318 0.590818
vt 0.716999 0.569930
vt 0.715641 0.569994
vt 0.665225 0.572262
vt 0.712960 0.570096
vt 0.694296 0.570594
vt 0.674464 0.571788
vt 0.674272 0.582432
vt 0.673322 0.571828
vt 0.692364 0.570759
vt 0.693329 0.570675
vt 0.692764 0.557986
vt 0.686157 0.564381
vt 0.673170 0.564690
vt 0.686860 0.563613
vt 0.712959 0.586900
vt 0.669706 0.587436
vt 0.687401 0.581980
vt 0.687561 0.570948
vt 0.022645 0.960207
vt 0.007646 0.951950
vt 0.022759 0.951950
vt 0.022511 0.972796
vt 0.007646 0.960274
vt 0.686724 0.581258
vt 0.674900 0.581753
vt 0.686367 0.571037
vt 0.409695 0.685304
vt 0.377494 0.705026
vt 0.377207 0.682048
vt 0.419908 0.725307
vt 0.411014 0.671889
vt 0.384187 0.660707
vt 0.416875 0.755762
vt 0.398529 0.744571
vt 0.414704 0.712922
vt 0.384901 0.726777
vt 0.427053 0.735440
vt 0.410934 0.699288
vt 0.414261 0.659881
vt 0.397753 0.644003
vt 0.698353 0.055698
vt 0.698703 0.055810
vt 0.716061 0.052125
vt 0.716823 0.055951
vt 0.715670 0.052868
vt 0.716536 0.056034
vt 0.699148 0.051934
vt 0.709624 0.051584
vt 0.699637 0.052662
vt 0.709578 0.052100
vt 0.356857 0.162859
vt 0.323969 0.153192
vt 0.374429 0.145313
vt 0.363897 0.152336
vt 0.416780 0.162903
vt 0.409765 0.152382
vt 0.787692 0.773509
vt 0.744646 0.565223
vt 0.744049 0.516851
vt 0.171856 0.210334
vt 0.386729 0.125844
vt 0.411194 0.007992
vt 0.739482 0.486044
vt 0.399256 0.145342
vt 0.025481 0.051499
vt 0.337490 0.584381
vt 0.308975 0.563115
vt 0.350565 0.563115
vt 0.025480 0.257191
vt 0.025481 0.121416
vt 0.308975 0.427340
vt 0.350565 0.427340
vt 0.025480 0.282154
vt 0.308975 0.592163
vt 0.308975 0.584381
vt 0.025480 0.407439
vt 0.025480 0.368884
vt 0.351810 0.651000
vt 0.308975 0.639414
vt 0.351810 0.639414
vt 0.025480 0.357298
vt 0.324971 0.678680
vt 0.308975 0.651000
vt 0.025480 0.326092
vt 0.025480 0.298453
vt 0.351810 0.619802
vt 0.351810 0.592163
vt 0.308975 0.619802
vt 0.025480 0.336020
vt 0.007646 0.349138
vt 0.025480 0.347370
vt 0.308975 0.398298
vt 0.350565 0.398298
vt 0.025481 0.092374
vt 0.350565 0.371779
vt 0.308975 0.375143
vt 0.308975 0.357875
vt 0.350565 0.375143
vt 0.025481 0.067425
vt 0.361914 0.380527
vt 0.025481 0.054863
vt 0.025481 0.079812
vt 0.674595 0.048070
vt 0.674595 0.024915
vt 0.674595 0.007646
vt 0.674595 0.077112
vt 0.674595 0.289186
vt 0.674595 0.269574
vt 0.674595 0.241935
vt 0.674595 0.328452
vt 0.674595 0.300772
vt 0.025480 0.423435
vt 0.674595 0.234153
vt 0.674595 0.212887
vt 0.970721 0.516843
vt 0.968970 0.537305
vt 0.970721 0.537305
vt 0.971691 0.517058
vt 0.971691 0.537305
vt 0.967749 0.120913
vt 0.969500 0.099763
vt 0.967749 0.099763
vt 0.966779 0.120698
vt 0.966779 0.099763
vt 0.965063 0.759301
vt 0.966814 0.737437
vt 0.965063 0.737437
vt 0.964092 0.759086
vt 0.964092 0.737437
vt 0.662209 0.957104
vt 0.663960 0.934552
vt 0.662209 0.934552
vt 0.661239 0.956889
vt 0.661239 0.934552
vt 0.846485 0.956449
vt 0.848236 0.933239
vt 0.846485 0.933239
vt 0.845515 0.956234
vt 0.845515 0.933239
vt 0.828471 0.957107
vt 0.830222 0.933239
vt 0.828471 0.933239
vt 0.827501 0.956893
vt 0.827501 0.933239
vt 0.954792 0.879126
vt 0.953041 0.903625
vt 0.954792 0.903625
vt 0.955762 0.879341
vt 0.955762 0.903625
vt 0.952472 0.516815
vt 0.950848 0.542095
vt 0.952472 0.542095
vt 0.953677 0.517082
vt 0.953677 0.542095
vt 0.949842 0.125766
vt 0.951486 0.099763
vt 0.949842 0.099763
vt 0.948668 0.125507
vt 0.948668 0.099763
vt 0.947886 0.185875
vt 0.949530 0.159200
vt 0.947886 0.159200
vt 0.946712 0.185615
vt 0.946712 0.159200
vt 0.947695 0.282590
vt 0.949340 0.255241
vt 0.947695 0.255241
vt 0.946522 0.282331
vt 0.946522 0.255241
vt 0.943209 0.816894
vt 0.944853 0.788802
vt 0.943209 0.788802
vt 0.942035 0.816635
vt 0.942035 0.788802
vt 0.931861 0.128575
vt 0.933375 0.099763
vt 0.931861 0.099763
vt 0.930515 0.128277
vt 0.930515 0.099763
vt 0.200960 0.867865
vt 0.195341 0.867704
vt 0.194232 0.866310
vt 0.911912 0.437592
vt 0.907730 0.438241
vt 0.907257 0.438746
vt 0.930412 0.688063
vt 0.925617 0.714934
vt 0.930141 0.717276
vt 0.883510 0.052011
vt 0.878006 0.047837
vt 0.878123 0.051609
vt 0.616463 0.912368
vt 0.612095 0.908375
vt 0.610617 0.911668
vt 0.921097 0.717561
vt 0.926031 0.687983
vt 0.921097 0.684727
vt 0.883510 0.008664
vt 0.878369 0.008745
vt 0.877457 0.007646
vt 0.190152 0.902722
vt 0.195041 0.902243
vt 0.195617 0.901543
vt 0.617048 0.877886
vt 0.610691 0.908834
vt 0.926483 0.688786
vt 0.925881 0.684852
vt 0.809861 0.659769
vt 0.805128 0.656992
vt 0.804996 0.664994
vt 0.606080 0.908660
vt 0.611971 0.877583
vt 0.606080 0.873852
vt 0.926728 0.714833
vt 0.926581 0.715004
vt 0.873210 0.048363
vt 0.878456 0.047242
vt 0.804779 0.624733
vt 0.803804 0.657043
vt 0.612218 0.878464
vt 0.611699 0.874354
vt 0.770281 0.322039
vt 0.765435 0.321420
vt 0.765993 0.324855
vt 0.799438 0.659951
vt 0.805205 0.623303
vt 0.799438 0.619687
vt 0.612318 0.907643
vt 0.926226 0.689227
vt 0.771015 0.281352
vt 0.764414 0.320817
vt 0.805192 0.624120
vt 0.805146 0.620249
vt 0.929695 0.770845
vt 0.926581 0.771614
vt 0.925011 0.772214
vt 0.761019 0.325059
vt 0.765788 0.281105
vt 0.761019 0.278059
vt 0.805676 0.657214
vt 0.611788 0.878979
vt 0.930689 0.741323
vt 0.925188 0.770565
vt 0.765782 0.281833
vt 0.766397 0.278295
vt 0.908592 0.044290
vt 0.904741 0.043501
vt 0.903790 0.047537
vt 0.921097 0.771574
vt 0.926623 0.741156
vt 0.921097 0.737437
vt 0.766159 0.322038
vt 0.810361 0.623619
vt 0.909268 0.011689
vt 0.903250 0.042935
vt 0.926825 0.741998
vt 0.926056 0.737819
vt 0.504279 0.881295
vt 0.499781 0.880588
vt 0.499559 0.884398
vt 0.898803 0.048042
vt 0.904877 0.011472
vt 0.898803 0.007646
vt 0.927109 0.772726
vt 0.765563 0.282485
vt 0.505000 0.844647
vt 0.498432 0.879976
vt 0.904920 0.012302
vt 0.904163 0.008215
vt 0.494417 0.884864
vt 0.500119 0.844380
vt 0.494417 0.840796
vt 0.905234 0.044179
vt 0.926393 0.742503
vt 0.500055 0.845174
vt 0.499955 0.841314
vt 0.800455 0.913915
vt 0.796831 0.913098
vt 0.795928 0.917106
vt 0.500491 0.881265
vt 0.904374 0.012825
vt 0.801089 0.883442
vt 0.795512 0.912576
vt 0.905186 0.292557
vt 0.901227 0.291779
vt 0.900239 0.295876
vt 0.791200 0.917447
vt 0.796791 0.883285
vt 0.791200 0.879613
vt 0.499602 0.845783
vt 0.900806 0.260588
vt 0.899650 0.291181
vt 0.796996 0.884111
vt 0.796287 0.880015
vt 0.871587 0.200676
vt 0.867097 0.199973
vt 0.866896 0.203709
vt 0.895106 0.296490
vt 0.901454 0.259202
vt 0.895106 0.255241
vt 0.797127 0.913750
vt 0.872312 0.162919
vt 0.865764 0.199380
vt 0.901412 0.260045
vt 0.900619 0.255921
vt 0.861800 0.204110
vt 0.867415 0.162675
vt 0.861800 0.159200
vt 0.901819 0.292484
vt 0.796564 0.884605
vt 0.867373 0.163456
vt 0.867295 0.159651
vt 0.911263 0.468783
vt 0.907560 0.467976
vt 0.906640 0.471995
vt 0.867787 0.200625
vt 0.905879 0.259461
vt 0.906179 0.467439
vt 0.191132 0.868954
vt 0.196183 0.867521
vt 0.901820 0.472397
vt 0.907584 0.437414
vt 0.901820 0.433685
vt 0.866936 0.164051
vt 0.196888 0.869052
vt 0.907003 0.434149
vt 0.874286 0.009538
vt 0.879051 0.008155
vt 0.194771 0.903093
vt 0.200960 0.907176
vt 0.907927 0.468638
vt 0.879806 0.009818
vt 0.195262 0.906354
vt 0.925769 0.722144
vt 0.877947 0.048610
vt 0.736707 0.953389
vt 0.743123 0.944147
vt 0.742977 0.952306
vt 0.972451 0.440284
vt 0.979078 0.449206
vt 0.972451 0.449206
vt 0.562507 0.949748
vt 0.553518 0.933442
vt 0.562507 0.932428
vt 0.319821 0.966691
vt 0.318005 0.980136
vt 0.308975 0.978321
vt 0.190152 0.978246
vt 0.191967 0.964800
vt 0.200998 0.966616
vt 0.740827 0.290913
vt 0.745726 0.302544
vt 0.740827 0.302544
vt 0.745726 0.288094
vt 0.740827 0.280879
vt 0.745726 0.280879
vt 0.740827 0.305363
vt 0.745726 0.312578
vt 0.740827 0.312578
vt 0.172474 0.971121
vt 0.161259 0.976020
vt 0.161259 0.971121
vt 0.172474 0.976020
vt 0.164911 0.981151
vt 0.529721 0.964219
vt 0.524822 0.958084
vt 0.529721 0.958084
vt 0.164911 0.965990
vt 0.524822 0.951786
vt 0.529721 0.951786
vt 0.529721 0.969545
vt 0.524822 0.964219
vt 0.979950 0.878739
vt 0.971055 0.894261
vt 0.971055 0.878739
vt 0.551587 0.950073
vt 0.553518 0.948734
vt 0.551587 0.932103
vt 0.739528 0.934113
vt 0.736707 0.936614
vt 0.744907 0.953625
vt 0.561512 0.953823
vt 0.745911 0.943375
vt 0.745726 0.278059
vt 0.740827 0.278999
vt 0.740827 0.278059
vt 0.745726 0.278999
vt 0.740827 0.279939
vt 0.745726 0.279939
vt 0.745726 0.289974
vt 0.745726 0.290913
vt 0.740827 0.289974
vt 0.745726 0.289034
vt 0.740827 0.289034
vt 0.740827 0.315398
vt 0.745726 0.314458
vt 0.745726 0.315398
vt 0.740827 0.314458
vt 0.745726 0.313518
vt 0.740827 0.313518
vt 0.740827 0.303483
vt 0.745726 0.303483
vt 0.740827 0.304423
vt 0.745726 0.304423
vt 0.745726 0.327028
vt 0.740827 0.327028
vt 0.962995 0.837180
vt 0.969502 0.846196
vt 0.963280 0.845538
vt 0.978200 0.473233
vt 0.971573 0.482156
vt 0.971573 0.473233
vt 0.608010 0.948042
vt 0.616999 0.931736
vt 0.616999 0.949057
vt 0.356989 0.966236
vt 0.356324 0.980346
vt 0.346629 0.979682
vt 0.145723 0.966897
vt 0.145058 0.981008
vt 0.135363 0.980343
vt 0.720634 0.302544
vt 0.725534 0.314174
vt 0.720634 0.314174
vt 0.720634 0.324208
vt 0.725534 0.316993
vt 0.725534 0.324208
vt 0.725534 0.292509
vt 0.720634 0.299724
vt 0.720634 0.292509
vt 0.432256 0.973089
vt 0.443470 0.977988
vt 0.432256 0.977988
vt 0.435907 0.967958
vt 0.443470 0.973089
vt 0.932104 0.489295
vt 0.927205 0.495430
vt 0.927205 0.489295
vt 0.435907 0.983119
vt 0.442042 0.983119
vt 0.932104 0.482998
vt 0.927205 0.482998
vt 0.932104 0.500756
vt 0.927205 0.500756
vt 0.928853 0.964147
vt 0.937748 0.979669
vt 0.928853 0.979669
vt 0.608010 0.932750
vt 0.606080 0.949381
vt 0.606080 0.931411
vt 0.969502 0.829607
vt 0.960146 0.836422
vt 0.966818 0.827034
vt 0.961414 0.847093
vt 0.616004 0.927661
vt 0.720634 0.326088
vt 0.725534 0.327028
vt 0.720634 0.327028
vt 0.720634 0.325148
vt 0.725534 0.326088
vt 0.725534 0.325148
vt 0.725534 0.315114
vt 0.725534 0.316054
vt 0.720634 0.315114
vt 0.720634 0.316054
vt 0.725534 0.290629
vt 0.720634 0.289690
vt 0.725534 0.289690
vt 0.720634 0.291569
vt 0.720634 0.290630
vt 0.725534 0.291569
vt 0.720634 0.301604
vt 0.725534 0.302544
vt 0.720634 0.300664
vt 0.725534 0.301604
vt 0.725534 0.300664
vt 0.725534 0.278059
vt 0.720634 0.278059
vt 0.706860 0.370652
vt 0.713205 0.367977
vt 0.708912 0.375032
vt 0.700036 0.373154
vt 0.275890 0.622375
vt 0.278051 0.618459
vt 0.278796 0.621598
vt 0.229319 0.965354
vt 0.234838 0.969867
vt 0.229149 0.971168
vt 0.694243 0.387759
vt 0.693341 0.375430
vt 0.702904 0.387174
vt 0.674091 0.394815
vt 0.668173 0.379087
vt 0.677682 0.380609
vt 0.669405 0.422192
vt 0.677276 0.417425
vt 0.677378 0.422140
vt 0.708203 0.422506
vt 0.716429 0.416048
vt 0.716843 0.422504
vt 0.710567 0.384045
vt 0.656288 0.389359
vt 0.659150 0.377582
vt 0.678960 0.398965
vt 0.692884 0.391186
vt 0.886122 0.976318
vt 0.889373 0.971955
vt 0.888624 0.976603
vt 0.886109 0.981298
vt 0.881993 0.973023
vt 0.854224 0.982579
vt 0.850946 0.986821
vt 0.851722 0.982225
vt 0.854238 0.977552
vt 0.858189 0.985959
vt 0.689469 0.373633
vt 0.679639 0.377328
vt 0.279705 0.615639
vt 0.270034 0.594710
vt 0.281095 0.590296
vt 0.669693 0.415446
vt 0.665428 0.392809
vt 0.661362 0.414717
vt 0.651491 0.415224
vt 0.647144 0.387663
vt 0.642347 0.413528
vt 0.724184 0.414628
vt 0.718687 0.382334
vt 0.700443 0.415671
vt 0.662958 0.369935
vt 0.669504 0.372696
vt 0.656262 0.365746
vt 0.679631 0.373827
vt 0.675721 0.373988
vt 0.671207 0.367229
vt 0.660613 0.360161
vt 0.666085 0.364295
vt 0.680375 0.370264
vt 0.676194 0.369180
vt 0.701278 0.359621
vt 0.706426 0.355022
vt 0.687798 0.365815
vt 0.691660 0.364831
vt 0.696201 0.363013
vt 0.690140 0.350367
vt 0.683377 0.352657
vt 0.682966 0.347747
vt 0.690642 0.354882
vt 0.688914 0.354050
vt 0.694628 0.347666
vt 0.692145 0.351837
vt 0.688084 0.357603
vt 0.687720 0.360709
vt 0.687424 0.360598
vt 0.689050 0.358138
vt 0.694447 0.353264
vt 0.692318 0.356289
vt 0.687694 0.360946
vt 0.689728 0.358982
vt 0.693694 0.358121
vt 0.697122 0.348981
vt 0.696652 0.354957
vt 0.687568 0.361529
vt 0.690324 0.360140
vt 0.675521 0.352046
vt 0.679663 0.354095
vt 0.678093 0.355614
vt 0.675457 0.346212
vt 0.677964 0.350548
vt 0.680989 0.358562
vt 0.683516 0.360035
vt 0.683680 0.360714
vt 0.681720 0.357516
vt 0.681545 0.353052
vt 0.678735 0.344963
vt 0.680610 0.349322
vt 0.683336 0.359791
vt 0.682450 0.356875
vt 0.683432 0.359813
vt 0.683420 0.356720
vt 0.682544 0.343745
vt 0.699715 0.350192
vt 0.672168 0.347724
vt 0.234631 0.964044
vt 0.237733 0.972085
vt 0.237733 0.959166
vt 0.225896 0.975949
vt 0.226035 0.962301
vt 0.271528 0.619800
vt 0.274509 0.619892
vt 0.281095 0.622798
vt 0.274865 0.624316
vt 0.852758 0.972129
vt 0.858189 0.976093
vt 0.660996 0.422209
vt 0.651042 0.422213
vt 0.887622 0.986735
vt 0.881993 0.982749
vt 0.707852 0.415155
vt 0.700750 0.422527
vt 0.693411 0.417658
vt 0.693470 0.422570
vt 0.706882 0.474089
vt 0.708938 0.469707
vt 0.713234 0.476775
vt 0.700059 0.471569
vt 0.930249 0.461848
vt 0.932409 0.465763
vt 0.929503 0.464987
vt 0.955935 0.969797
vt 0.961454 0.965285
vt 0.961624 0.971099
vt 0.694368 0.456949
vt 0.702969 0.457569
vt 0.693368 0.469272
vt 0.668113 0.465459
vt 0.674104 0.449648
vt 0.677665 0.463976
vt 0.677635 0.426934
vt 0.669790 0.428979
vt 0.716409 0.428943
vt 0.707872 0.429839
vt 0.656230 0.455094
vt 0.659048 0.466939
vt 0.679111 0.445725
vt 0.890886 0.977392
vt 0.895003 0.975940
vt 0.890873 0.982372
vt 0.849465 0.981398
vt 0.845515 0.982857
vt 0.849480 0.976371
vt 0.689473 0.471050
vt 0.679614 0.467283
vt 0.928594 0.459027
vt 0.938266 0.438099
vt 0.936772 0.463188
vt 0.665407 0.451658
vt 0.661393 0.429712
vt 0.651502 0.429198
vt 0.647074 0.456765
vt 0.642347 0.430869
vt 0.710590 0.460697
vt 0.724103 0.430353
vt 0.718646 0.462396
vt 0.693144 0.453515
vt 0.700504 0.429362
vt 0.662852 0.474631
vt 0.656122 0.478828
vt 0.650258 0.470516
vt 0.679585 0.470792
vt 0.675666 0.470609
vt 0.671115 0.477366
vt 0.669425 0.471879
vt 0.660493 0.484444
vt 0.680313 0.474365
vt 0.676118 0.475431
vt 0.701269 0.485131
vt 0.706423 0.489749
vt 0.687762 0.478880
vt 0.691635 0.479881
vt 0.696184 0.481719
vt 0.683210 0.492078
vt 0.690060 0.494412
vt 0.682759 0.497079
vt 0.690572 0.489868
vt 0.688821 0.490703
vt 0.694597 0.497125
vt 0.691847 0.499024
vt 0.687656 0.483990
vt 0.688021 0.487110
vt 0.687353 0.484096
vt 0.688989 0.486581
vt 0.692266 0.488457
vt 0.692084 0.492932
vt 0.694403 0.491498
vt 0.687635 0.483755
vt 0.693654 0.486620
vt 0.696620 0.489802
vt 0.697092 0.495803
vt 0.687514 0.483174
vt 0.689673 0.485738
vt 0.679488 0.490519
vt 0.675376 0.492499
vt 0.677950 0.488988
vt 0.675539 0.498444
vt 0.672124 0.496894
vt 0.683408 0.484635
vt 0.680861 0.486086
vt 0.683573 0.483952
vt 0.681585 0.487151
vt 0.681341 0.491661
vt 0.677753 0.493841
vt 0.680206 0.495578
vt 0.683228 0.484883
vt 0.682314 0.487816
vt 0.678807 0.500029
vt 0.683327 0.484865
vt 0.682524 0.501163
vt 0.683278 0.487995
vt 0.699691 0.494588
vt 0.690276 0.484580
vt 0.665978 0.480294
vt 0.953041 0.972016
vt 0.956142 0.963975
vt 0.953041 0.959097
vt 0.964878 0.975880
vt 0.933791 0.463281
vt 0.927205 0.466186
vt 0.851981 0.976725
vt 0.888372 0.982087
vt 0.693525 0.427469
vt 0.253496 0.613548
vt 0.225896 0.624649
vt 0.226273 0.612743
vt 0.254104 0.589552
vt 0.226599 0.600861
vt 0.226874 0.588977
vt 0.254331 0.577552
vt 0.227100 0.577093
vt 0.254634 0.553550
vt 0.227275 0.565208
vt 0.227400 0.553322
vt 0.830783 0.446764
vt 0.855990 0.463811
vt 0.826175 0.457872
vt 0.850361 0.433686
vt 0.861040 0.438460
vt 0.839272 0.438279
vt 0.858517 0.451124
vt 0.881938 0.446779
vt 0.873455 0.438287
vt 0.862367 0.433685
vt 0.886528 0.457869
vt 0.254710 0.541549
vt 0.227474 0.541435
vt 0.254508 0.565552
vt 0.227499 0.529523
vt 0.028357 0.477324
vt 0.022639 0.462736
vt 0.034431 0.469231
vt 0.063327 0.531516
vt 0.071531 0.513509
vt 0.076855 0.529001
vt 0.053342 0.505131
vt 0.055435 0.487449
vt 0.064280 0.499563
vt 0.037677 0.484802
vt 0.045378 0.477392
vt 0.059227 0.517741
vt 0.018292 0.471664
vt 0.009017 0.457831
vt 0.064873 0.546176
vt 0.078898 0.546176
vt 0.046078 0.494071
vt 0.075657 0.492183
vt 0.092837 0.503281
vt 0.084378 0.507586
vt 0.086767 0.525190
vt 0.040855 0.459147
vt 0.031256 0.445003
vt 0.045027 0.452354
vt 0.053314 0.467926
vt 0.058445 0.461359
vt 0.012832 0.448412
vt 0.026679 0.454288
vt 0.065117 0.478744
vt 0.071539 0.472413
vt 0.083318 0.486931
vt 0.414903 0.778971
vt 0.430812 0.776405
vt 0.428618 0.781699
vt 0.401187 0.781698
vt 0.414903 0.773239
vt 0.099055 0.861873
vt 0.104928 0.855164
vt 0.102128 0.862974
vt 0.389560 0.789465
vt 0.398994 0.776403
vt 0.099915 0.519214
vt 0.440246 0.789469
vt 0.453310 0.798904
vt 0.448017 0.801100
vt 0.444298 0.785417
vt 0.456505 0.814922
vt 0.450765 0.814922
vt 0.045162 0.684738
vt 0.063093 0.688180
vt 0.047015 0.691210
vt 0.028869 0.694109
vt 0.032667 0.699587
vt 0.019932 0.710969
vt 0.021160 0.713549
vt 0.099285 0.716703
vt 0.089933 0.704338
vt 0.094738 0.700447
vt 0.081320 0.688140
vt 0.078291 0.693906
vt 0.101763 0.732027
vt 0.096856 0.717577
vt 0.063699 0.680241
vt 0.015740 0.732023
vt 0.017103 0.732023
vt 0.108043 0.837368
vt 0.102193 0.850882
vt 0.104451 0.837368
vt 0.064915 0.668918
vt 0.112437 0.712473
vt 0.087503 0.677864
vt 0.103677 0.693610
vt 0.089388 0.546176
vt 0.021990 0.684249
vt 0.382583 0.799870
vt 0.385505 0.785414
vt 0.041362 0.673214
vt 0.105325 0.853734
vt 0.106866 0.854288
vt 0.100365 0.852125
vt 0.101868 0.852400
vt 0.102541 0.864320
vt 0.097555 0.862514
vt 0.101452 0.853942
vt 0.105739 0.852263
vt 0.109343 0.837368
vt 0.103150 0.837368
vt 0.007646 0.697109
vt 0.078044 0.749590
vt 0.064170 0.740601
vt 0.066819 0.738537
vt 0.225896 0.434397
vt 0.253496 0.445499
vt 0.226273 0.446304
vt 0.226875 0.470069
vt 0.253825 0.457496
vt 0.254104 0.469495
vt 0.254331 0.481495
vt 0.227100 0.481953
vt 0.227275 0.493839
vt 0.254634 0.505496
vt 0.227400 0.505724
vt 0.226599 0.458186
vt 0.826175 0.469897
vt 0.853463 0.476498
vt 0.839247 0.489479
vt 0.850940 0.489162
vt 0.850335 0.494081
vt 0.830764 0.480988
vt 0.873430 0.489487
vt 0.862341 0.494080
vt 0.881919 0.481002
vt 0.254710 0.517498
vt 0.227474 0.517611
vt 0.254508 0.493495
vt 0.254741 0.529523
vt 0.028357 0.615029
vt 0.022639 0.629617
vt 0.018292 0.620689
vt 0.063327 0.560836
vt 0.071531 0.578843
vt 0.059227 0.574611
vt 0.053342 0.587221
vt 0.055436 0.604903
vt 0.046078 0.598282
vt 0.037677 0.607550
vt 0.034432 0.623122
vt 0.064280 0.592789
vt 0.009017 0.634522
vt 0.007646 0.624162
vt 0.076855 0.563351
vt 0.045378 0.614960
vt 0.092837 0.589071
vt 0.075657 0.600169
vt 0.084378 0.584766
vt 0.086767 0.567162
vt 0.040855 0.633206
vt 0.031256 0.647350
vt 0.026680 0.638065
vt 0.053315 0.624427
vt 0.045027 0.639999
vt 0.012832 0.643941
vt 0.065117 0.613607
vt 0.058446 0.630994
vt 0.071539 0.619939
vt 0.430812 0.853439
vt 0.414903 0.850873
vt 0.428618 0.848144
vt 0.414903 0.856605
vt 0.401187 0.848146
vt 0.104928 0.819571
vt 0.099055 0.812862
vt 0.102128 0.811762
vt 0.398994 0.853441
vt 0.389560 0.840379
vt 0.099915 0.573138
vt 0.453310 0.830940
vt 0.440246 0.840375
vt 0.448017 0.828744
vt 0.045160 0.779309
vt 0.063088 0.775865
vt 0.063696 0.783798
vt 0.028868 0.769937
vt 0.047013 0.772837
vt 0.019932 0.753077
vt 0.032665 0.764459
vt 0.089930 0.759713
vt 0.099283 0.747350
vt 0.094733 0.763605
vt 0.081315 0.775909
vt 0.096854 0.746476
vt 0.021160 0.750497
vt 0.102193 0.823853
vt 0.105739 0.822472
vt 0.064903 0.795122
vt 0.087494 0.786185
vt 0.112434 0.751582
vt 0.115340 0.732028
vt 0.103671 0.770443
vt 0.021988 0.779796
vt 0.041358 0.790831
vt 0.385505 0.844429
vt 0.382583 0.829974
vt 0.106866 0.820448
vt 0.105325 0.821001
vt 0.100365 0.822610
vt 0.101868 0.822336
vt 0.102541 0.810415
vt 0.101452 0.820794
vt 0.097555 0.812221
vt 0.007646 0.766936
vt 0.078046 0.714460
vt 0.064171 0.723447
vt 0.070710 0.708514
vt 0.052277 0.707426
vt 0.061702 0.705917
vt 0.037729 0.721465
vt 0.043815 0.712905
vt 0.082771 0.722631
vt 0.099183 0.732027
vt 0.084364 0.732026
vt 0.070708 0.755535
vt 0.061699 0.758130
vt 0.052275 0.756621
vt 0.037728 0.742582
vt 0.043814 0.751142
vt 0.035554 0.732023
vt 0.082770 0.741420
vt 0.078286 0.770143
vt 0.052295 0.732024
vt 0.054935 0.725310
vt 0.057765 0.740765
vt 0.069192 0.732025
vt 0.068570 0.728501
vt 0.060999 0.722647
vt 0.060999 0.741401
vt 0.057766 0.723283
vt 0.052995 0.728359
vt 0.052994 0.735688
vt 0.054934 0.738738
vt 0.066819 0.725512
vt 0.068570 0.735548
vt 0.711148 0.211425
vt 0.706850 0.222516
vt 0.706140 0.211864
vt 0.723347 0.209921
vt 0.711972 0.222439
vt 0.710898 0.247305
vt 0.725993 0.262767
vt 0.709085 0.262071
vt 0.704798 0.246393
vt 0.725884 0.234248
vt 0.711743 0.234293
vt 0.705990 0.233912
vt 0.702780 0.212113
vt 0.700112 0.222432
vt 0.699702 0.212292
vt 0.703409 0.222507
vt 0.700766 0.245570
vt 0.701387 0.260684
vt 0.696378 0.258505
vt 0.696978 0.244624
vt 0.702157 0.233554
vt 0.698670 0.233144
vt 0.698413 0.222358
vt 0.698133 0.212358
vt 0.695071 0.244072
vt 0.692250 0.256180
vt 0.689888 0.255256
vt 0.696908 0.232896
vt 0.748623 0.216898
vt 0.755141 0.230612
vt 0.752254 0.231162
vt 0.746496 0.232125
vt 0.726160 0.247985
vt 0.747807 0.246931
vt 0.756084 0.246465
vt 0.753482 0.246596
vt 0.756602 0.261696
vt 0.754047 0.261783
vt 0.740496 0.206789
vt 0.724918 0.221583
vt 0.735751 0.183722
vt 0.721501 0.198825
vt 0.719031 0.188009
vt 0.744195 0.205975
vt 0.750990 0.215908
vt 0.743724 0.218461
vt 0.748397 0.261982
vt 0.809384 0.265106
vt 0.802955 0.262360
vt 0.804662 0.260751
vt 0.816544 0.262491
vt 0.810395 0.271953
vt 0.806796 0.269933
vt 0.805880 0.265659
vt 0.805421 0.275575
vt 0.807886 0.282412
vt 0.797300 0.256067
vt 0.799471 0.261136
vt 0.800134 0.262873
vt 0.799692 0.263096
vt 0.800169 0.259958
vt 0.799202 0.262953
vt 0.804799 0.267800
vt 0.803480 0.270280
vt 0.803376 0.269748
vt 0.803832 0.265044
vt 0.803449 0.264570
vt 0.801942 0.262168
vt 0.800065 0.263160
vt 0.801054 0.261241
vt 0.803687 0.271014
vt 0.805045 0.268383
vt 0.805576 0.269065
vt 0.804157 0.272319
vt 0.804494 0.265473
vt 0.759390 0.202191
vt 0.763013 0.216913
vt 0.773179 0.210433
vt 0.774039 0.198405
vt 0.821592 0.305598
vt 0.836249 0.291461
vt 0.835858 0.313061
vt 0.823039 0.299573
vt 0.814868 0.308518
vt 0.811105 0.291958
vt 0.817105 0.291783
vt 0.819379 0.276756
vt 0.817840 0.322842
vt 0.273037 0.660868
vt 0.266966 0.665852
vt 0.267265 0.661630
vt 0.822538 0.218170
vt 0.822384 0.215343
vt 0.822578 0.217121
vt 0.267852 0.641065
vt 0.280768 0.654419
vt 0.273597 0.641208
vt 0.281163 0.641395
vt 0.290092 0.653519
vt 0.290391 0.641625
vt 0.258148 0.640860
vt 0.257911 0.663362
vt 0.825965 0.210710
vt 0.821564 0.212292
vt 0.824588 0.206506
vt 0.819332 0.219226
vt 0.820763 0.221702
vt 0.846507 0.198854
vt 0.845024 0.187213
vt 0.826086 0.199091
vt 0.839103 0.174547
vt 0.818312 0.193790
vt 0.818113 0.159200
vt 0.820619 0.214949
vt 0.846453 0.214166
vt 0.818161 0.223030
vt 0.825694 0.217114
vt 0.823174 0.214209
vt 0.882013 0.892620
vt 0.887126 0.889120
vt 0.885269 0.892822
vt 0.883655 0.885419
vt 0.889540 0.886316
vt 0.786887 0.113290
vt 0.786261 0.118007
vt 0.784975 0.113606
vt 0.065469 0.903644
vt 0.062507 0.906735
vt 0.062506 0.902375
vt 0.782178 0.122157
vt 0.784046 0.122612
vt 0.068112 0.912311
vt 0.064578 0.907935
vt 0.781931 0.129250
vt 0.783869 0.129077
vt 0.068178 0.919388
vt 0.066218 0.912631
vt 0.802120 0.118212
vt 0.794059 0.116653
vt 0.794032 0.112012
vt 0.885274 0.901080
vt 0.881993 0.901629
vt 0.800894 0.127572
vt 0.798758 0.119682
vt 0.057568 0.905173
vt 0.057515 0.900380
vt 0.787658 0.117827
vt 0.887985 0.881853
vt 0.897817 0.883504
vt 0.265159 0.671543
vt 0.262469 0.669969
vt 0.264723 0.668376
vt 0.257848 0.669374
vt 0.262269 0.670883
vt 0.270988 0.668377
vt 0.270522 0.670762
vt 0.822613 0.218148
vt 0.823278 0.217422
vt 0.822398 0.218984
vt 0.823793 0.218145
vt 0.257887 0.665685
vt 0.257867 0.667578
vt 0.257852 0.669023
vt 0.266699 0.707245
vt 0.272679 0.712506
vt 0.266881 0.711551
vt 0.813924 0.218622
vt 0.813923 0.215538
vt 0.815774 0.214823
vt 0.267020 0.732316
vt 0.272804 0.732301
vt 0.277669 0.719177
vt 0.277771 0.732290
vt 0.288214 0.720290
vt 0.288245 0.732264
vt 0.257239 0.732316
vt 0.267908 0.704586
vt 0.264878 0.701535
vt 0.270224 0.702572
vt 0.809950 0.210845
vt 0.814766 0.211981
vt 0.813012 0.214404
vt 0.817237 0.219306
vt 0.815988 0.221917
vt 0.789332 0.198777
vt 0.811206 0.206640
vt 0.809498 0.199310
vt 0.790824 0.187104
vt 0.796858 0.174404
vt 0.789332 0.214105
vt 0.810041 0.217269
vt 0.818050 0.228383
vt 0.811885 0.218383
vt 0.885140 0.911287
vt 0.890922 0.911782
vt 0.888557 0.914682
vt 0.894118 0.913648
vt 0.893812 0.916642
vt 0.788140 0.139597
vt 0.789391 0.142354
vt 0.787425 0.142375
vt 0.062600 0.932102
vt 0.065542 0.933441
vt 0.062607 0.934700
vt 0.783434 0.136161
vt 0.064688 0.930888
vt 0.068171 0.926451
vt 0.785203 0.135388
vt 0.066290 0.926161
vt 0.796001 0.139458
vt 0.803764 0.137678
vt 0.796691 0.142375
vt 0.887960 0.908887
vt 0.800173 0.135705
vt 0.804824 0.127239
vt 0.057661 0.933708
vt 0.057663 0.936724
vt 0.902859 0.913608
vt 0.903368 0.916642
vt 0.265758 0.704032
vt 0.262227 0.703023
vt 0.262026 0.702104
vt 0.257526 0.703350
vt 0.270792 0.687519
vt 0.266611 0.694415
vt 0.266760 0.687456
vt 0.264492 0.704633
vt 0.270937 0.704917
vt 0.813775 0.217541
vt 0.812855 0.217878
vt 0.813778 0.218978
vt 0.813022 0.219296
vt 0.266788 0.680470
vt 0.270854 0.680222
vt 0.270643 0.694851
vt 0.257461 0.709579
vt 0.257485 0.707207
vt 0.257506 0.705268
vt 0.841076 0.142452
vt 0.847840 0.137514
vt 0.850097 0.139880
vt 0.860650 0.126954
vt 0.865332 0.123341
vt 0.863023 0.130803
vt 0.758884 0.623351
vt 0.751521 0.626847
vt 0.751490 0.622692
vt 0.917990 0.371331
vt 0.920673 0.365413
vt 0.921455 0.369655
vt 0.751748 0.657987
vt 0.758669 0.662814
vt 0.751787 0.663278
vt 0.860874 0.117927
vt 0.863609 0.112069
vt 0.865816 0.116179
vt 0.758500 0.632308
vt 0.751597 0.637246
vt 0.751559 0.632053
vt 0.912601 0.520449
vt 0.911885 0.516456
vt 0.913845 0.516767
vt 0.920869 0.348791
vt 0.927619 0.352350
vt 0.925058 0.354238
vt 0.921785 0.355201
vt 0.925739 0.360603
vt 0.920523 0.359112
vt 0.751705 0.652088
vt 0.758475 0.657351
vt 0.852984 0.138393
vt 0.856920 0.133154
vt 0.860202 0.136431
vt 0.923727 0.372835
vt 0.921230 0.375866
vt 0.916100 0.538824
vt 0.915339 0.546507
vt 0.910131 0.537774
vt 0.929606 0.359654
vt 0.932609 0.358682
vt 0.930033 0.350626
vt 0.924718 0.345915
vt 0.927009 0.343745
vt 0.933020 0.364523
vt 0.758898 0.620319
vt 0.751468 0.619687
vt 0.916011 0.533234
vt 0.915977 0.521024
vt 0.543904 0.756386
vt 0.544789 0.749057
vt 0.544855 0.756386
vt 0.916395 0.546988
vt 0.915698 0.554257
vt 0.911129 0.525995
vt 0.910631 0.519996
vt 0.911822 0.544070
vt 0.908409 0.538210
vt 0.925223 0.367721
vt 0.929833 0.364566
vt 0.929034 0.370145
vt 0.910170 0.532519
vt 0.909544 0.525659
vt 0.915833 0.526485
vt 0.762305 0.140318
vt 0.763555 0.135936
vt 0.765946 0.136033
vt 0.755508 0.140504
vt 0.760664 0.138616
vt 0.740106 0.138326
vt 0.748032 0.138682
vt 0.747233 0.142803
vt 0.766399 0.127199
vt 0.760227 0.124826
vt 0.764777 0.122215
vt 0.756396 0.134478
vt 0.754895 0.128218
vt 0.761852 0.128419
vt 0.747177 0.131480
vt 0.754132 0.126935
vt 0.753222 0.131471
vt 0.749949 0.133232
vt 0.860993 0.122640
vt 0.861628 0.122780
vt 0.751657 0.142803
vt 0.753223 0.139709
vt 0.763089 0.133301
vt 0.758458 0.136494
vt 0.766638 0.132035
vt 0.859101 0.127222
vt 0.754478 0.142564
vt 0.856409 0.132726
vt 0.857653 0.127503
vt 0.846329 0.135367
vt 0.847140 0.132772
vt 0.848173 0.134570
vt 0.842682 0.135807
vt 0.845328 0.133473
vt 0.852209 0.129222
vt 0.855225 0.131455
vt 0.836266 0.133115
vt 0.842462 0.134239
vt 0.855506 0.114710
vt 0.853631 0.119919
vt 0.851760 0.117325
vt 0.856792 0.113858
vt 0.857983 0.118722
vt 0.835661 0.133938
vt 0.842791 0.136808
vt 0.847738 0.136345
vt 0.848337 0.136822
vt 0.854262 0.125646
vt 0.859526 0.122594
vt 0.854293 0.122880
vt 0.848750 0.137363
vt 0.842876 0.137531
vt 0.835218 0.134543
vt 0.857334 0.113402
vt 0.859838 0.118228
vt 0.908382 0.532454
vt 0.831937 0.138955
vt 0.856305 0.105179
vt 0.913425 0.554060
vt 0.543915 0.748721
vt 0.541924 0.756386
vt 0.541733 0.748679
vt 0.982095 0.973974
vt 0.980784 0.966535
vt 0.982605 0.966535
vt 0.758728 0.628020
vt 0.918248 0.352343
vt 0.853379 0.109259
vt 0.852844 0.110004
vt 0.851900 0.111314
vt 0.849440 0.114714
vt 0.757863 0.121135
vt 0.753308 0.125545
vt 0.761918 0.117210
vt 0.984881 0.973505
vt 0.932240 0.371485
vt 0.927737 0.374959
vt 0.751664 0.646446
vt 0.758614 0.651802
vt 0.916109 0.366008
vt 0.916109 0.357159
vt 0.758501 0.637466
vt 0.925921 0.378845
vt 0.926915 0.369664
vt 0.925271 0.364948
vt 0.930904 0.377054
vt 0.929179 0.380883
vt 0.758898 0.666535
vt 0.751814 0.666974
vt 0.705331 0.201756
vt 0.709898 0.200989
vt 0.712239 0.166431
vt 0.704656 0.181137
vt 0.700290 0.170933
vt 0.700388 0.182882
vt 0.695423 0.173628
vt 0.707637 0.191002
vt 0.703082 0.192225
vt 0.699335 0.202681
vt 0.702268 0.202246
vt 0.697646 0.184102
vt 0.692741 0.176161
vt 0.695125 0.185258
vt 0.690807 0.178421
vt 0.700066 0.193031
vt 0.697329 0.193739
vt 0.697823 0.202883
vt 0.693877 0.185813
vt 0.689888 0.179353
vt 0.695947 0.194076
vt 0.742111 0.181989
vt 0.743113 0.194588
vt 0.740115 0.182551
vt 0.732480 0.172359
vt 0.715941 0.177299
vt 0.728944 0.161131
vt 0.736701 0.171073
vt 0.735027 0.159200
vt 0.733135 0.159801
vt 0.738518 0.195354
vt 0.745441 0.194290
vt 0.745404 0.205738
vt 0.795661 0.270972
vt 0.798249 0.265749
vt 0.798337 0.269576
vt 0.789332 0.273471
vt 0.795883 0.265075
vt 0.799392 0.275848
vt 0.800613 0.272501
vt 0.798926 0.265796
vt 0.801104 0.270278
vt 0.799408 0.268658
vt 0.799472 0.268433
vt 0.798940 0.265857
vt 0.799031 0.265835
vt 0.801078 0.270668
vt 0.800970 0.271297
vt 0.799158 0.268987
vt 0.755433 0.187590
vt 0.767449 0.188315
vt 0.789332 0.301447
vt 0.807712 0.307610
vt 0.797698 0.320156
vt 0.803876 0.300982
vt 0.805139 0.293813
vt 0.796061 0.283788
vt 0.248805 0.665661
vt 0.242841 0.660551
vt 0.248596 0.661433
vt 0.821555 0.221449
vt 0.822640 0.221927
vt 0.822443 0.223357
vt 0.248441 0.640861
vt 0.242694 0.640883
vt 0.235247 0.653940
vt 0.235126 0.640911
vt 0.225944 0.652845
vt 0.225896 0.640948
vt 0.825786 0.222143
vt 0.822805 0.222961
vt 0.823253 0.221659
vt 0.820493 0.223612
vt 0.820124 0.222640
vt 0.841987 0.226560
vt 0.824347 0.224259
vt 0.823980 0.226298
vt 0.836489 0.232454
vt 0.829589 0.237270
vt 0.817746 0.227998
vt 0.817821 0.239948
vt 0.817774 0.224066
vt 0.817796 0.223406
vt 0.915729 0.886972
vt 0.909754 0.885330
vt 0.911829 0.880699
vt 0.906558 0.883465
vt 0.906574 0.878739
vt 0.286305 0.914418
vt 0.285679 0.909701
vt 0.287591 0.910017
vt 0.052660 0.906848
vt 0.049656 0.903806
vt 0.052577 0.902488
vt 0.290388 0.918568
vt 0.050606 0.908029
vt 0.047201 0.912423
vt 0.290635 0.925662
vt 0.288520 0.919023
vt 0.049091 0.912714
vt 0.047201 0.919482
vt 0.278507 0.913064
vt 0.270446 0.914624
vt 0.278534 0.908423
vt 0.915403 0.896033
vt 0.918684 0.895483
vt 0.271673 0.923983
vt 0.267742 0.923651
vt 0.897019 0.878739
vt 0.250493 0.671389
vt 0.253215 0.669872
vt 0.253396 0.670790
vt 0.244732 0.668101
vt 0.245147 0.670495
vt 0.250995 0.668232
vt 0.822187 0.221312
vt 0.822702 0.220370
vt 0.821599 0.220685
vt 0.242186 0.712211
vt 0.248268 0.707062
vt 0.248002 0.711367
vt 0.813792 0.221401
vt 0.812800 0.221910
vt 0.813163 0.221302
vt 0.247460 0.732126
vt 0.237068 0.718783
vt 0.241678 0.731999
vt 0.236712 0.731892
vt 0.226503 0.719692
vt 0.226240 0.731663
vt 0.247107 0.704379
vt 0.250196 0.701375
vt 0.249269 0.703862
vt 0.809834 0.222179
vt 0.812708 0.222852
vt 0.811279 0.224269
vt 0.815007 0.223516
vt 0.815435 0.222570
vt 0.793761 0.226499
vt 0.799272 0.232408
vt 0.811875 0.226396
vt 0.806139 0.237222
vt 0.813060 0.223301
vt 0.812221 0.221680
vt 0.918856 0.905640
vt 0.913550 0.907992
vt 0.915407 0.904290
vt 0.916731 0.909962
vt 0.911137 0.910797
vt 0.283175 0.938765
vt 0.284426 0.936009
vt 0.285142 0.938787
vt 0.049782 0.933479
vt 0.052713 0.932103
vt 0.052722 0.934706
vt 0.289132 0.932573
vt 0.287364 0.931799
vt 0.047219 0.926533
vt 0.050610 0.930957
vt 0.288697 0.925489
vt 0.049098 0.926251
vt 0.268802 0.934090
vt 0.276565 0.935870
vt 0.275875 0.938787
vt 0.272393 0.932117
vt 0.283032 0.935955
vt 0.912401 0.913529
vt 0.253053 0.701993
vt 0.250528 0.704488
vt 0.252830 0.702915
vt 0.244525 0.687245
vt 0.248564 0.694221
vt 0.244526 0.694585
vt 0.244070 0.704655
vt 0.813523 0.220717
vt 0.812667 0.220455
vt 0.248677 0.680279
vt 0.248559 0.687264
vt 0.257522 0.703760
vt 0.826003 0.131207
vt 0.828778 0.123393
vt 0.830169 0.128087
vt 0.836338 0.102555
vt 0.834516 0.108086
vt 0.830179 0.107141
vt 0.744107 0.623459
vt 0.916389 0.168752
vt 0.919072 0.174670
vt 0.914508 0.174075
vt 0.744899 0.662915
vt 0.847456 0.100502
vt 0.842835 0.104955
vt 0.842874 0.099763
vt 0.744622 0.632409
vt 0.744696 0.637566
vt 0.911160 0.133757
vt 0.910444 0.137750
vt 0.909190 0.134210
vt 0.919268 0.191292
vt 0.926018 0.187734
vt 0.923117 0.194169
vt 0.924138 0.179481
vt 0.920184 0.184883
vt 0.918922 0.180971
vt 0.745013 0.657450
vt 0.826382 0.118861
vt 0.829982 0.113556
vt 0.828655 0.122481
vt 0.922126 0.167249
vt 0.919629 0.164217
vt 0.913898 0.107700
vt 0.914659 0.115383
vt 0.908690 0.116432
vt 0.928005 0.180430
vt 0.923457 0.185845
vt 0.931008 0.181401
vt 0.928432 0.189458
vt 0.931419 0.175561
vt 0.928232 0.175518
vt 0.744049 0.620427
vt 0.914570 0.120972
vt 0.908729 0.121687
vt 0.912404 0.137440
vt 0.914536 0.133182
vt 0.915222 0.137132
vt 0.544789 0.763714
vt 0.543915 0.764051
vt 0.914257 0.099949
vt 0.914954 0.107219
vt 0.909688 0.128211
vt 0.908103 0.128547
vt 0.906968 0.115996
vt 0.910381 0.110136
vt 0.927432 0.169939
vt 0.923670 0.175136
vt 0.923622 0.172363
vt 0.906941 0.121752
vt 0.914392 0.127721
vt 0.738835 0.116074
vt 0.743255 0.114967
vt 0.740483 0.117769
vt 0.738429 0.122861
vt 0.736336 0.123825
vt 0.740007 0.130393
vt 0.742877 0.135644
vt 0.754251 0.118653
vt 0.752079 0.112408
vt 0.757008 0.114190
vt 0.750688 0.123873
vt 0.744479 0.122170
vt 0.750712 0.116912
vt 0.747382 0.125439
vt 0.751946 0.124676
vt 0.745517 0.128653
vt 0.838404 0.106365
vt 0.842883 0.106016
vt 0.736006 0.126636
vt 0.739149 0.125172
vt 0.742532 0.120044
vt 0.745872 0.115518
vt 0.747253 0.112012
vt 0.834770 0.109611
vt 0.743235 0.112574
vt 0.830544 0.113896
vt 0.834979 0.111047
vt 0.832109 0.114594
vt 0.833595 0.122654
vt 0.831255 0.124179
vt 0.831497 0.122200
vt 0.833326 0.124596
vt 0.831844 0.127756
vt 0.835180 0.116681
vt 0.833376 0.127508
vt 0.837222 0.131821
vt 0.847555 0.108966
vt 0.843227 0.112290
vt 0.843008 0.107901
vt 0.847953 0.107488
vt 0.830873 0.127949
vt 0.829926 0.123137
vt 0.829299 0.122721
vt 0.837803 0.113580
vt 0.838920 0.107713
vt 0.840325 0.112639
vt 0.848213 0.106836
vt 0.838068 0.105820
vt 0.911984 0.100147
vt 0.825894 0.121967
vt 0.541733 0.764092
vt 0.982095 0.959097
vt 0.980170 0.959098
vt 0.744331 0.628125
vt 0.846248 0.113302
vt 0.984881 0.959566
vt 0.984829 0.966535
vt 0.926136 0.165124
vt 0.930638 0.168598
vt 0.744793 0.651903
vt 0.914508 0.182925
vt 0.744765 0.646311
vt 0.924320 0.161239
vt 0.925314 0.170420
vt 0.919854 0.170429
vt 0.929303 0.163030
vt 0.927577 0.159200
vt 0.744724 0.666639
vt 0.031639 0.925302
vt 0.024866 0.929980
vt 0.024766 0.924957
vt 0.016791 0.929980
vt 0.009045 0.925571
vt 0.016635 0.924410
vt 0.017052 0.908137
vt 0.015100 0.901149
vt 0.017162 0.900954
vt 0.934100 0.567583
vt 0.932104 0.560222
vt 0.934138 0.560234
vt 0.015754 0.915208
vt 0.007777 0.909094
vt 0.014999 0.908345
vt 0.030047 0.906901
vt 0.023828 0.914093
vt 0.023166 0.907540
vt 0.015886 0.916108
vt 0.008629 0.917298
vt 0.030776 0.914699
vt 0.023944 0.914902
vt 0.023660 0.936657
vt 0.022850 0.929984
vt 0.973213 0.914251
vt 0.971825 0.910893
vt 0.974256 0.909638
vt 0.022568 0.919756
vt 0.024457 0.919655
vt 0.706017 0.904421
vt 0.698620 0.909647
vt 0.698351 0.904855
vt 0.707187 0.887311
vt 0.705173 0.880056
vt 0.707138 0.880054
vt 0.705366 0.894241
vt 0.697887 0.887417
vt 0.705231 0.887329
vt 0.705420 0.895148
vt 0.697985 0.895672
vt 0.974356 0.592464
vt 0.977511 0.588055
vt 0.976240 0.593053
vt 0.709498 0.910211
vt 0.707060 0.916980
vt 0.707590 0.910057
vt 0.990230 0.385404
vt 0.988300 0.392126
vt 0.988300 0.385404
vt 0.017818 0.914930
vt 0.017940 0.915805
vt 0.911620 0.976449
vt 0.910529 0.974437
vt 0.911770 0.974440
vt 0.940323 0.568222
vt 0.938053 0.568679
vt 0.938281 0.567578
vt 0.709931 0.904978
vt 0.708011 0.904695
vt 0.707345 0.894159
vt 0.709344 0.894928
vt 0.707386 0.895044
vt 0.709302 0.894061
vt 0.936141 0.568193
vt 0.934231 0.568696
vt 0.021969 0.915191
vt 0.019850 0.914641
vt 0.021854 0.914358
vt 0.019097 0.907929
vt 0.021135 0.907728
vt 0.018521 0.919987
vt 0.019971 0.915494
vt 0.020589 0.919869
vt 0.975275 0.914034
vt 0.978196 0.910655
vt 0.977262 0.914630
vt 0.020834 0.929974
vt 0.019626 0.936656
vt 0.018812 0.929967
vt 0.938201 0.560226
vt 0.936188 0.567042
vt 0.936170 0.560238
vt 0.019218 0.900761
vt 0.021271 0.900570
vt 0.940233 0.560205
vt 0.017609 0.936657
vt 0.979717 0.912928
vt 0.979176 0.916028
vt 0.016347 0.920097
vt 0.023322 0.900380
vt 0.932070 0.568237
vt 0.931956 0.570088
vt 0.976379 0.909554
vt 0.021643 0.936656
vt 0.705679 0.909918
vt 0.910790 0.972405
vt 0.912637 0.971955
vt 0.992161 0.385404
vt 0.990230 0.392740
vt 0.705164 0.916688
vt 0.978926 0.590269
vt 0.978050 0.594429
vt 0.709134 0.887290
vt 0.709096 0.880053
vt 0.975682 0.924504
vt 0.972998 0.919531
vt 0.974991 0.919077
vt 0.020876 0.924698
vt 0.022861 0.924835
vt 0.018807 0.924553
vt 0.977700 0.924253
vt 0.979127 0.919380
vt 0.979717 0.924002
vt 0.977033 0.919029
vt 0.973664 0.924755
vt 0.971055 0.920385
vt 0.971073 0.915271
vt 0.007646 0.919010
vt 0.008358 0.922177
vt 0.031908 0.916125
vt 0.031799 0.920403
vt 0.977002 0.602470
vt 0.978421 0.597665
vt 0.978926 0.602289
vt 0.976435 0.597253
vt 0.705565 0.900409
vt 0.707703 0.900442
vt 0.709712 0.900466
vt 0.975077 0.602654
vt 0.974484 0.597252
vt 0.696841 0.897284
vt 0.697276 0.901672
vt 0.495347 0.924746
vt 0.502690 0.929232
vt 0.495891 0.929388
vt 0.517753 0.927801
vt 0.510047 0.930643
vt 0.511079 0.925755
vt 0.509184 0.907245
vt 0.510478 0.900157
vt 0.511209 0.907274
vt 0.645799 0.972802
vt 0.643802 0.980163
vt 0.643764 0.972814
vt 0.518216 0.907279
vt 0.511183 0.914009
vt 0.496064 0.906796
vt 0.502895 0.913934
vt 0.495657 0.914842
vt 0.518224 0.915237
vt 0.511183 0.914899
vt 0.502902 0.914841
vt 0.494417 0.916286
vt 0.502645 0.935412
vt 0.504507 0.929496
vt 0.867993 0.225518
vt 0.870735 0.222505
vt 0.869953 0.226856
vt 0.502652 0.920114
vt 0.504955 0.914883
vt 0.504952 0.920302
vt 0.713546 0.905511
vt 0.719856 0.910708
vt 0.713311 0.910501
vt 0.711071 0.887275
vt 0.712995 0.880057
vt 0.712995 0.887268
vt 0.719961 0.887139
vt 0.713146 0.893865
vt 0.720115 0.894955
vt 0.713194 0.894704
vt 0.973781 0.587078
vt 0.972394 0.592659
vt 0.710875 0.917273
vt 0.711403 0.910364
vt 0.986369 0.385404
vt 0.986369 0.392740
vt 0.509117 0.914020
vt 0.509114 0.914898
vt 0.910529 0.978462
vt 0.911770 0.978459
vt 0.639849 0.981258
vt 0.637579 0.980801
vt 0.639621 0.980158
vt 0.711777 0.905253
vt 0.711236 0.893961
vt 0.711279 0.894812
vt 0.641761 0.980772
vt 0.641714 0.979621
vt 0.507047 0.914016
vt 0.504973 0.913991
vt 0.507161 0.907217
vt 0.505143 0.907185
vt 0.507155 0.920440
vt 0.509288 0.920568
vt 0.865050 0.219650
vt 0.865985 0.224972
vt 0.863922 0.225235
vt 0.506260 0.936121
vt 0.506355 0.929836
vt 0.508204 0.930224
vt 0.639702 0.972805
vt 0.506403 0.900167
vt 0.637670 0.972784
vt 0.508072 0.936494
vt 0.862726 0.221084
vt 0.861800 0.226293
vt 0.511376 0.920703
vt 0.507036 0.914898
vt 0.508435 0.900164
vt 0.503138 0.907144
vt 0.504379 0.900163
vt 0.645832 0.980817
vt 0.643672 0.981276
vt 0.869047 0.220360
vt 0.504451 0.935759
vt 0.641732 0.972817
vt 0.910790 0.980494
vt 0.912637 0.980944
vt 0.984438 0.385404
vt 0.984438 0.393427
vt 0.712793 0.917273
vt 0.971462 0.588315
vt 0.970350 0.593652
vt 0.711047 0.880056
vt 0.866752 0.236291
vt 0.867747 0.230729
vt 0.868743 0.235899
vt 0.865710 0.230922
vt 0.505182 0.924201
vt 0.507264 0.924713
vt 0.509224 0.925233
vt 0.861882 0.232514
vt 0.864761 0.236684
vt 0.862771 0.237079
vt 0.863755 0.231520
vt 0.502920 0.923699
vt 0.869858 0.230943
vt 0.870735 0.235510
vt 0.519305 0.916717
vt 0.518973 0.921896
vt 0.494448 0.920738
vt 0.970732 0.598507
vt 0.973158 0.602892
vt 0.971239 0.603132
vt 0.972582 0.597680
vt 0.711621 0.900491
vt 0.713443 0.900521
vt 0.721157 0.896424
vt 0.720816 0.901649
vt 0.243492 0.867725
vt 0.228305 0.893131
vt 0.228305 0.867725
vt 0.284419 0.531946
vt 0.270034 0.516759
vt 0.284419 0.516759
vt 0.278553 0.877887
vt 0.263366 0.893131
vt 0.263366 0.877887
vt 0.061586 0.968618
vt 0.047201 0.953431
vt 0.061586 0.953431
vt 0.278553 0.876193
vt 0.280726 0.853741
vt 0.280726 0.876193
vt 0.924059 0.863005
vt 0.917428 0.841512
vt 0.925563 0.841512
vt 0.984438 0.408719
vt 0.988581 0.416855
vt 0.984438 0.416855
vt 0.924245 0.396176
vt 0.917613 0.417669
vt 0.916109 0.396176
vt 0.968775 0.255241
vt 0.964633 0.276786
vt 0.964633 0.255241
vt 0.967206 0.343745
vt 0.971348 0.365131
vt 0.967206 0.365131
vt 0.908403 0.499833
vt 0.901820 0.487785
vt 0.908403 0.487690
vt 0.966779 0.136593
vt 0.969461 0.143176
vt 0.966779 0.143176
vt 0.791200 0.984432
vt 0.797783 0.972384
vt 0.797783 0.984527
vt 0.855457 0.669197
vt 0.858139 0.657053
vt 0.858139 0.669197
vt 0.341609 0.766086
vt 0.337023 0.769132
vt 0.336988 0.766152
vt 0.327753 0.766234
vt 0.323154 0.769192
vt 0.323137 0.766236
vt 0.318517 0.769192
vt 0.318530 0.766225
vt 0.332371 0.766202
vt 0.332374 0.769164
vt 0.346192 0.765941
vt 0.341737 0.769103
vt 0.327761 0.769190
vt 0.974960 0.211632
vt 0.969091 0.228605
vt 0.969091 0.211632
vt 0.989937 0.255241
vt 0.984068 0.264037
vt 0.984068 0.255241
vt 0.968970 0.569571
vt 0.974839 0.552598
vt 0.974839 0.569571
vt 0.989585 0.183485
vt 0.983715 0.192282
vt 0.983715 0.183485
vt 0.873210 0.084277
vt 0.882007 0.067304
vt 0.882007 0.084277
vt 0.267742 0.954080
vt 0.276538 0.971053
vt 0.267742 0.971053
vt 0.989845 0.684727
vt 0.985235 0.694088
vt 0.982611 0.684727
vt 0.987061 0.637593
vt 0.982511 0.647315
vt 0.982511 0.637593
vt 0.987222 0.718742
vt 0.982611 0.709381
vt 0.989845 0.709381
vt 0.988075 0.301440
vt 0.983525 0.292079
vt 0.988075 0.292079
vt 0.989345 0.857120
vt 0.984795 0.849886
vt 0.989345 0.849886
vt 0.272292 0.986346
vt 0.267742 0.990956
vt 0.267742 0.986346
vt 0.346196 0.781122
vt 0.346627 0.769046
vt 0.341551 0.780980
vt 0.336938 0.780891
vt 0.327780 0.780828
vt 0.323217 0.780839
vt 0.318652 0.780887
vt 0.769650 0.984288
vt 0.761204 0.980790
vt 0.764702 0.972345
vt 0.314075 0.780975
vt 0.313826 0.769200
vt 0.308975 0.769188
vt 0.313924 0.766201
vt 0.340134 0.705907
vt 0.344402 0.705742
vt 0.335871 0.706060
vt 0.331626 0.706161
vt 0.327390 0.706204
vt 0.323148 0.706189
vt 0.318890 0.706123
vt 0.309357 0.766110
vt 0.314611 0.706012
vt 0.310322 0.705896
vt 0.335793 0.703883
vt 0.314672 0.703782
vt 0.311320 0.693973
vt 0.315347 0.694358
vt 0.318953 0.703933
vt 0.323177 0.704017
vt 0.327380 0.704039
vt 0.331579 0.703996
vt 0.340049 0.703693
vt 0.310246 0.703531
vt 0.344434 0.703398
vt 0.830222 0.979619
vt 0.823391 0.982448
vt 0.820561 0.975617
vt 0.323365 0.694750
vt 0.331354 0.694756
vt 0.339317 0.694363
vt 0.319362 0.694606
vt 0.327362 0.694798
vt 0.335338 0.694613
vt 0.343283 0.693973
vt 0.531000 0.989206
vt 0.526631 0.991015
vt 0.524822 0.986647
vt 0.051569 0.992058
vt 0.047201 0.990248
vt 0.049011 0.985880
vt 0.275152 0.433479
vt 0.277711 0.500052
vt 0.275152 0.500052
vt 0.270034 0.433479
vt 0.272593 0.500052
vt 0.270034 0.500052
vt 0.285387 0.433479
vt 0.287946 0.500052
vt 0.285387 0.500052
vt 0.280270 0.433479
vt 0.282829 0.500052
vt 0.280270 0.500052
vt 0.277711 0.433479
vt 0.272593 0.433479
vt 0.290505 0.433479
vt 0.290505 0.500052
vt 0.271985 0.515345
vt 0.282469 0.515345
vt 0.059636 0.952017
vt 0.260957 0.893131
vt 0.260957 0.877887
vt 0.225896 0.867725
vt 0.270034 0.559759
vt 0.284419 0.575003
vt 0.270034 0.575003
vt 0.243492 0.866031
vt 0.245461 0.850788
vt 0.245608 0.866031
vt 0.047201 0.970587
vt 0.047201 0.968618
vt 0.270034 0.535612
vt 0.270034 0.531946
vt 0.245664 0.890177
vt 0.243492 0.893131
vt 0.284419 0.535612
vt 0.270034 0.558065
vt 0.228305 0.866031
vt 0.225896 0.866031
vt 0.263366 0.876193
vt 0.260957 0.850788
vt 0.263366 0.850788
vt 0.280670 0.877887
vt 0.278553 0.850788
vt 0.243492 0.850788
vt 0.228305 0.850788
vt 0.280522 0.893131
vt 0.278553 0.893131
vt 0.225896 0.850788
vt 0.245664 0.867725
vt 0.284419 0.558065
vt 0.260957 0.876193
vt 0.113346 0.986614
vt 0.106926 0.972256
vt 0.113346 0.972256
vt 0.988931 0.669028
vt 0.982511 0.662608
vt 0.988931 0.662608
vt 0.984581 0.788802
vt 0.978160 0.803609
vt 0.978160 0.788802
vt 0.990704 0.014067
vt 0.986619 0.007646
vt 0.990704 0.007646
vt 0.736707 0.972347
vt 0.740788 0.986867
vt 0.736707 0.986704
vt 0.085213 0.986776
vt 0.089294 0.972256
vt 0.091633 0.986877
vt 0.468497 0.926969
vt 0.472993 0.933123
vt 0.468497 0.933123
vt 0.434360 0.940026
vt 0.432256 0.943835
vt 0.432256 0.936015
vt 0.701337 0.984328
vt 0.705833 0.974411
vt 0.705833 0.984328
vt 0.988946 0.159200
vt 0.983715 0.163696
vt 0.983715 0.159200
vt 0.393660 0.952671
vt 0.377207 0.943624
vt 0.379311 0.939614
vt 0.899602 0.328236
vt 0.895106 0.311783
vt 0.899602 0.311783
vt 0.380135 0.926975
vt 0.377207 0.933128
vt 0.377207 0.926975
vt 0.389357 0.926975
vt 0.380135 0.933128
vt 0.696841 0.974411
vt 0.701337 0.972586
vt 0.701337 0.974411
vt 0.472993 0.952665
vt 0.468497 0.943619
vt 0.472993 0.943619
vt 0.989652 0.321229
vt 0.983525 0.316733
vt 0.989652 0.316733
vt 0.464001 0.935799
vt 0.468497 0.935799
vt 0.835668 0.669434
vt 0.840164 0.657053
vt 0.840164 0.669434
vt 0.464001 0.952665
vt 0.468497 0.952665
vt 0.432256 0.946511
vt 0.434382 0.945257
vt 0.435184 0.946511
vt 0.448708 0.926969
vt 0.435184 0.952665
vt 0.432256 0.952665
vt 0.390658 0.944567
vt 0.393660 0.936029
vt 0.390349 0.938448
vt 0.350882 0.950035
vt 0.355378 0.943881
vt 0.355378 0.950035
vt 0.346386 0.938692
vt 0.350882 0.927891
vt 0.350882 0.938692
vt 0.350882 0.922050
vt 0.346386 0.927891
vt 0.346386 0.922050
vt 0.377207 0.935804
vt 0.464001 0.926969
vt 0.904098 0.311783
vt 0.472993 0.935799
vt 0.379333 0.934383
vt 0.444405 0.952665
vt 0.705833 0.972586
vt 0.388642 0.937801
vt 0.983525 0.325725
vt 0.989652 0.325725
vt 0.831172 0.669434
vt 0.835668 0.657053
vt 0.445706 0.935073
vt 0.448708 0.943611
vt 0.445397 0.941191
vt 0.346386 0.950035
vt 0.350882 0.943881
vt 0.696841 0.984328
vt 0.443691 0.941839
vt 0.355378 0.922050
vt 0.355378 0.927891
vt 0.346386 0.943881
vt 0.355378 0.938692
vt 0.389357 0.933128
vt 0.444405 0.946511
vt 0.983715 0.168192
vt 0.988946 0.163696
vt 0.988946 0.168192
vt 0.982107 0.764388
vt 0.989666 0.771947
vt 0.982107 0.771947
vt 0.981670 0.059130
vt 0.989229 0.068739
vt 0.981670 0.068739
vt 0.989666 0.737437
vt 0.982107 0.744996
vt 0.982107 0.737437
vt 0.992354 0.827034
vt 0.984795 0.834593
vt 0.984795 0.827034
vt 0.992352 0.130447
vt 0.984793 0.122888
vt 0.992352 0.122888
vt 0.984793 0.107595
vt 0.992352 0.099763
vt 0.992352 0.107595
vt 0.878956 0.804599
vt 0.326426 0.890686
vt 0.331471 0.882935
vt 0.333473 0.885853
vt 0.527821 0.579834
vt 0.842579 0.895315
vt 0.070197 0.852958
vt 0.157665 0.890110
vt 0.192492 0.433479
vt 0.566666 0.890429
vt 0.177199 0.655439
vt 0.657422 0.902685
vt 0.849046 0.402318
vt 0.494417 0.357875
vt 0.751787 0.902243
vt 0.879813 0.308887
vt 0.388043 0.357875
vt 0.471311 0.398703
vt 0.782077 0.500602
vt 0.293682 0.418090
vt 0.720570 0.076515
vt 0.700021 0.143451
vt 0.644005 0.654581
vt 0.558809 0.175440
vt 0.545254 0.720881
vt 0.344803 0.851677
vt 0.308975 0.851677
vt 0.935676 0.231825
vt 0.614168 0.983698
vt 0.319617 0.922050
vt 0.585888 0.983805
vt 0.559675 0.984390
vt 0.115208 0.600861
vt 0.115208 0.541868
vt 0.700616 0.076376
vt 0.921172 0.307586
vt 0.964823 0.159200
vt 0.966377 0.081382
vt 0.642347 0.934552
vt 0.874799 0.645681
vt 0.794799 0.956996
vt 0.577799 0.928353
vt 0.408953 0.926975
vt 0.948313 0.343745
vt 0.190152 0.922469
vt 0.949304 0.712440
vt 0.931956 0.516456
vt 0.471798 0.773239
vt 0.494417 0.951786
vt 0.354369 0.175276
vt 0.125961 0.007646
vt 0.627054 0.570251
vt 0.627054 0.664550
vt 0.125961 0.054863
vt 0.627054 0.343745
vt 0.574114 0.378784
vt 0.624354 0.328452
vt 0.075721 0.423435
vt 0.971326 0.007646
vt 0.969145 0.385404
vt 0.967318 0.684727
vt 0.962868 0.788802
vt 0.866250 0.933239
vt 0.956280 0.473233
vt 0.955762 0.918918
vt 0.953798 0.211632
vt 0.951131 0.385404
vt 0.946522 0.325285
vt 0.948800 0.737437
vt 0.942035 0.861006
vt 0.929433 0.637593
vt 0.893852 0.164121
vt 0.922556 0.821719
vt 0.922912 0.795942
vt 0.526084 0.843186
vt 0.893137 0.195229
vt 0.102268 0.884984
vt 0.886403 0.519029
vt 0.101141 0.917489
vt 0.524535 0.882134
vt 0.888996 0.516456
vt 0.778727 0.660776
vt 0.779522 0.619687
vt 0.931870 0.617234
vt 0.932585 0.587011
vt 0.136777 0.621538
vt 0.135580 0.654851
vt 0.886315 0.137138
vt 0.887492 0.099763
vt 0.929965 0.038640
vt 0.906778 0.623962
vt 0.930845 0.007646
vt 0.904159 0.626516
vt 0.879950 0.625392
vt 0.881069 0.587011
vt 0.926974 0.289969
vt 0.924755 0.292293
vt 0.736707 0.733171
vt 0.717915 0.016053
vt 0.473212 0.566495
vt 0.203691 0.418177
vt 0.739497 0.447550
vt 0.308975 0.007646
vt 0.815879 0.736189
vt 0.831235 0.640656
vt 0.159088 0.418164
vt 0.160916 0.017411
vt 0.689888 0.033261
vt 0.470995 0.508518
vt 0.501298 0.657703
vt 0.700249 0.008095
vt 0.203573 0.007673
vt 0.558802 0.120858
vt 0.532950 0.607388
vt 0.646656 0.573915
vt 0.700903 0.054268
vt 0.495425 0.595127
vt 0.545254 0.607632
vt 0.867093 0.571718
vt 0.536978 0.614062
vt 0.735862 0.056383
vt 0.291624 0.747609
vt 0.806494 0.603790
vt 0.228997 0.833005
vt 0.290629 0.835019
vt 0.810601 0.060388
vt 0.719652 0.932566
vt 0.377207 0.983237
vt 0.904804 0.931935
vt 0.400588 0.983237
vt 0.947373 0.059130
vt 0.458763 0.983231
vt 0.142392 0.512148
vt 0.558688 0.072739
vt 0.902402 0.063335
vt 0.964633 0.313615
vt 0.967218 0.637593
vt 0.764803 0.934113
vt 0.887605 0.239514
vt 0.953559 0.457940
vt 0.951458 0.611897
vt 0.949713 0.033285
vt 0.934149 0.948854
vt 0.900561 0.668848
vt 0.944726 0.665306
vt 0.934149 0.907195
vt 0.471798 0.846825
vt 0.673952 0.565265
vt 0.007646 0.972796
vt 0.386848 0.142857
vt 0.025481 0.007646
vt 0.308975 0.678680
vt 0.015159 0.342647
vt 0.361914 0.392914
vt 0.968970 0.516456
vt 0.969500 0.121300
vt 0.966814 0.759688
vt 0.663960 0.957491
vt 0.848236 0.956836
vt 0.830222 0.957495
vt 0.953041 0.878739
vt 0.950848 0.516456
vt 0.951486 0.126130
vt 0.949530 0.186239
vt 0.949340 0.282954
vt 0.944853 0.817258
vt 0.933375 0.128910
vt 0.979078 0.433685
vt 0.308975 0.966691
vt 0.309218 0.965783
vt 0.309882 0.965118
vt 0.310790 0.964875
vt 0.318005 0.964875
vt 0.318913 0.965118
vt 0.319578 0.965783
vt 0.319821 0.978321
vt 0.319578 0.979229
vt 0.318913 0.979893
vt 0.310790 0.980136
vt 0.309882 0.979893
vt 0.309218 0.979229
vt 0.200998 0.978246
vt 0.200755 0.979154
vt 0.200090 0.979819
vt 0.199182 0.980062
vt 0.191967 0.980062
vt 0.191060 0.979819
vt 0.190395 0.979154
vt 0.190152 0.966616
vt 0.190395 0.965708
vt 0.191060 0.965044
vt 0.199182 0.964800
vt 0.200090 0.965044
vt 0.200755 0.965708
vt 0.740827 0.288094
vt 0.745726 0.305363
vt 0.171045 0.981151
vt 0.171045 0.965990
vt 0.524822 0.969545
vt 0.979950 0.894261
vt 0.561512 0.928353
vt 0.737955 0.956953
vt 0.978200 0.488755
vt 0.346386 0.978774
vt 0.346386 0.967144
vt 0.346629 0.966236
vt 0.347294 0.965571
vt 0.348201 0.965328
vt 0.355417 0.965328
vt 0.356324 0.965571
vt 0.357232 0.967144
vt 0.357232 0.978774
vt 0.356989 0.979682
vt 0.355417 0.980589
vt 0.348201 0.980589
vt 0.347294 0.980346
vt 0.135120 0.979435
vt 0.135120 0.967805
vt 0.135363 0.966897
vt 0.136028 0.966233
vt 0.136936 0.965990
vt 0.144151 0.965990
vt 0.145058 0.966233
vt 0.145966 0.967805
vt 0.145966 0.979435
vt 0.145723 0.980343
vt 0.144151 0.981251
vt 0.136936 0.981251
vt 0.136028 0.981008
vt 0.720634 0.316993
vt 0.725534 0.299724
vt 0.442042 0.967958
vt 0.932104 0.495430
vt 0.937748 0.964147
vt 0.616004 0.953132
vt 0.968487 0.849361
vt 0.650411 0.374005
vt 0.691870 0.345781
vt 0.895003 0.985666
vt 0.845515 0.972990
vt 0.927205 0.433685
vt 0.964738 0.962232
vt 0.933435 0.467705
vt 0.253123 0.625567
vt 0.253825 0.601550
vt 0.886528 0.469894
vt 0.007646 0.468190
vt 0.017095 0.438728
vt 0.377207 0.797715
vt 0.253123 0.433479
vt 0.083318 0.605421
vt 0.017095 0.653625
vt 0.444298 0.844427
vt 0.377207 0.832129
vt 0.807243 0.255241
vt 0.066265 0.919397
vt 0.823067 0.218593
vt 0.789534 0.139544
vt 0.812508 0.218875
vt 0.916663 0.517075
vt 0.916663 0.554443
vt 0.913214 0.546514
vt 0.980170 0.973972
vt 0.758560 0.646210
vt 0.738612 0.170482
vt 0.790376 0.262878
vt 0.912716 0.888225
vt 0.284908 0.914239
vt 0.049111 0.919480
vt 0.273808 0.916093
vt 0.244823 0.702323
vt 0.244617 0.679946
vt 0.825894 0.111570
vt 0.925408 0.196339
vt 0.915222 0.099763
vt 0.911773 0.107692
vt 0.735862 0.131058
vt 0.916647 0.187741
vt 0.031375 0.929775
vt 0.009757 0.930359
vt 0.025676 0.936657
vt 0.975791 0.587011
vt 0.708956 0.917273
vt 0.910295 0.976449
vt 0.940336 0.570088
vt 0.992161 0.393427
vt 0.971646 0.925007
vt 0.516391 0.932081
vt 0.500839 0.935072
vt 0.720414 0.906287
vt 0.637567 0.982667
vt 0.867155 0.219402
vt 0.502357 0.900157
vt 0.645946 0.982667
vt 0.917476 0.862899
vt 0.988581 0.408719
vt 0.924196 0.417563
vt 0.968775 0.276786
vt 0.971348 0.343745
vt 0.901820 0.499929
vt 0.969461 0.136593
vt 0.791200 0.972288
vt 0.855457 0.657053
vt 0.974960 0.228605
vt 0.989937 0.264037
vt 0.968970 0.552598
vt 0.989585 0.192282
vt 0.873210 0.067304
vt 0.276538 0.954080
vt 0.989845 0.694088
vt 0.987061 0.647315
vt 0.982611 0.718742
vt 0.983525 0.301440
vt 0.984795 0.857120
vt 0.272292 0.990956
vt 0.332350 0.780843
vt 0.769650 0.972345
vt 0.773148 0.975843
vt 0.773148 0.980790
vt 0.764702 0.984288
vt 0.761204 0.975843
vt 0.309489 0.781122
vt 0.823391 0.972787
vt 0.827392 0.972787
vt 0.830222 0.975617
vt 0.827392 0.982448
vt 0.820561 0.979619
vt 0.526631 0.984838
vt 0.529190 0.984838
vt 0.531000 0.986647
vt 0.529190 0.991015
vt 0.524822 0.989206
vt 0.051569 0.985880
vt 0.053379 0.987689
vt 0.053379 0.990248
vt 0.049011 0.992058
vt 0.047201 0.987689
vt 0.287946 0.433479
vt 0.282829 0.433479
vt 0.049151 0.952017
vt 0.225896 0.893131
vt 0.284419 0.559759
vt 0.061586 0.970587
vt 0.106926 0.986614
vt 0.982511 0.669028
vt 0.984581 0.803609
vt 0.986619 0.014067
vt 0.743127 0.972246
vt 0.085213 0.972418
vt 0.472993 0.926969
vt 0.377207 0.952671
vt 0.895106 0.328236
vt 0.696841 0.972586
vt 0.983525 0.321229
vt 0.464001 0.933123
vt 0.464001 0.943619
vt 0.432256 0.926969
vt 0.393660 0.946830
vt 0.904098 0.328236
vt 0.831172 0.657053
vt 0.448708 0.932810
vt 0.989666 0.762338
vt 0.989229 0.059130
vt 0.989666 0.747045
vt 0.992354 0.834593
vt 0.984793 0.130447
vt 0.984793 0.099763
s 1
usemtl PLANMC_EQ2050
f 54/1/1 37/2/2 38/3/3
f 18/4/4 51/5/5 19/6/6
f 63/7/7 32/8/8 31/9/9
f 52/10/10 37/2/2 53/11/11
f 49/12/12 18/4/4 17/13/13
f 62/14/14 31/9/9 30/15/15
f 52/10/10 35/16/16 36/17/17
f 33/18/18 64/19/19 48/20/20
f 61/21/21 30/15/15 29/22/22
f 35/16/16 50/23/23 34/24/24
f 64/19/19 47/25/25 48/20/20
f 28/26/26 61/21/21 29/22/22
f 63/7/7 46/27/27 47/25/25
f 59/28/28 28/26/26 27/29/29
f 62/14/14 45/30/30 46/27/27
f 58/31/31 27/29/29 26/32/32
f 39/33/33 6/34/34 7/35/35
f 53/11/11 22/36/36 21/37/37
f 40/38/38 7/35/35 8/39/39
f 54/1/1 23/40/40 22/36/36
f 41/41/41 8/39/39 9/42/42
f 55/43/43 24/44/44 23/40/40
f 10/45/45 41/41/41 9/42/42
f 56/46/46 25/47/47 24/44/44
f 43/48/48 10/45/45 11/49/49
f 57/50/50 26/32/32 25/47/47
f 44/51/51 11/49/49 12/52/52
f 45/30/30 12/52/52 13/53/53
f 46/27/27 13/53/53 14/54/54
f 47/25/25 14/54/54 15/55/55
f 34/24/24 1/56/56 2/57/57
f 16/58/58 47/25/25 15/55/55
f 35/16/16 2/57/57 3/59/59
f 33/18/18 16/58/58 1/56/56
f 4/60/60 35/16/16 3/59/59
f 37/2/2 4/60/60 5/61/61
f 32/8/8 49/12/12 17/13/13
f 51/5/5 20/62/62 19/6/6
f 6/34/34 37/2/2 5/61/61
f 52/10/10 21/37/37 20/62/62
f 39/33/33 54/1/1 38/3/3
f 40/38/38 55/43/43 39/33/33
f 57/50/50 40/38/38 41/41/41
f 58/31/31 41/41/41 42/63/63
f 59/28/28 42/63/63 43/48/48
f 44/51/51 59/28/28 43/48/48
f 61/21/21 44/51/51 45/30/30
f 30/64/64 77/65/64 29/66/64
f 71/67/64 22/68/64 23/69/64
f 31/70/64 78/71/64 30/64/64
f 24/72/64 71/67/64 23/69/64
f 80/73/64 31/70/64 32/74/64
f 73/75/64 24/72/64 25/76/64
f 66/77/64 17/78/64 18/79/64
f 17/78/64 80/73/64 32/74/64
f 26/80/64 73/75/64 25/76/64
f 67/81/64 18/79/64 19/82/64
f 75/83/64 26/80/64 27/84/64
f 68/85/64 19/82/64 20/86/64
f 76/87/64 27/84/64 28/88/64
f 69/89/64 20/86/64 21/90/64
f 77/65/64 28/88/64 29/66/64
f 70/91/64 21/90/64 22/68/64
f 88/92/64 130/93/64 129/94/64
f 131/95/64 95/96/64 132/97/64
f 89/98/64 129/94/64 133/99/64
f 82/100/64 135/101/64 134/102/64
f 135/101/64 96/103/64 131/95/64
f 136/104/64 89/98/64 133/99/64
f 83/105/64 134/102/64 137/106/64
f 138/107/64 90/108/64 136/104/64
f 84/109/64 137/106/64 139/110/64
f 140/111/64 91/112/64 138/107/64
f 85/113/64 139/110/64 141/114/64
f 142/115/64 92/116/64 140/111/64
f 86/117/64 141/114/64 143/118/64
f 144/119/64 93/120/64 142/115/64
f 87/121/64 143/118/64 130/93/64
f 132/97/64 94/122/64 144/119/64
f 119/123/65 86/117/66 87/121/65
f 127/124/67 94/122/68 95/96/67
f 88/92/69 119/123/65 87/121/65
f 96/103/70 127/124/67 95/96/67
f 121/125/71 88/92/69 89/98/71
f 82/100/72 114/126/73 81/127/73
f 114/126/73 96/103/70 81/127/73
f 90/108/74 121/125/71 89/98/71
f 115/128/75 82/100/72 83/105/75
f 123/129/76 90/108/74 91/112/76
f 116/130/77 83/105/75 84/109/77
f 92/116/78 123/129/76 91/112/76
f 85/113/79 116/130/77 84/109/77
f 125/131/80 92/116/78 93/120/80
f 86/117/66 117/132/79 85/113/79
f 126/133/68 93/120/80 94/122/68
f 105/134/64 109/135/64 97/136/64
f 114/126/64 98/137/64 97/136/64
f 98/137/64 115/128/64 99/138/64
f 99/138/64 116/130/64 100/139/64
f 100/139/64 117/132/64 101/140/64
f 101/140/64 118/141/64 102/142/64
f 118/141/64 103/143/64 102/142/64
f 119/123/64 104/144/64 103/143/64
f 104/144/64 121/125/64 105/134/64
f 121/125/64 106/145/64 105/134/64
f 122/146/64 107/147/64 106/145/64
f 107/147/64 124/148/64 108/149/64
f 108/149/64 125/131/64 109/135/64
f 125/131/64 110/150/64 109/135/64
f 126/133/64 111/151/64 110/150/64
f 127/124/64 112/152/64 111/151/64
f 112/152/64 114/126/64 97/136/64
f 79/153/64 144/119/64 78/71/64
f 130/93/64 70/91/64 71/67/64
f 78/71/64 142/115/64 77/65/64
f 143/118/64 69/89/64 70/91/64
f 77/65/64 140/111/64 76/87/64
f 141/114/64 68/85/64 69/89/64
f 76/87/64 138/107/64 75/83/64
f 139/110/64 67/81/64 68/85/64
f 75/83/64 136/104/64 74/154/64
f 137/106/64 66/77/64 67/81/64
f 74/154/64 133/99/64 73/75/64
f 65/155/64 131/95/64 80/73/64
f 134/102/64 65/155/64 66/77/64
f 133/99/64 72/156/64 73/75/64
f 80/73/64 132/97/64 79/153/64
f 129/94/64 71/67/64 72/156/64
f 158/157/81 15/158/55 14/159/54
f 151/160/82 8/161/39 7/162/35
f 160/163/83 15/158/55 159/164/84
f 153/165/85 8/161/39 152/166/86
f 160/163/83 1/167/56 16/168/58
f 154/169/87 9/170/42 153/165/85
f 147/171/88 2/172/57 146/173/89
f 155/174/90 10/175/45 154/169/87
f 148/176/91 3/177/59 147/171/88
f 155/174/90 12/178/52 11/179/49
f 149/180/92 4/181/60 148/176/91
f 157/182/93 12/178/52 156/183/94
f 150/184/95 5/185/61 149/180/92
f 158/157/81 13/186/53 157/187/93
f 151/160/82 6/188/34 150/184/95
f 180/189/96 213/190/97 181/191/98
f 194/192/99 225/193/100 193/194/101
f 206/195/102 239/196/103 238/197/104
f 179/198/105 212/199/106 180/189/96
f 192/200/107 209/201/108 177/202/109
f 205/203/110 238/197/104 237/204/111
f 178/205/112 211/206/113 179/198/105
f 191/207/114 224/208/115 192/200/107
f 205/203/110 236/209/116 204/210/117
f 177/202/109 210/211/118 178/205/112
f 191/207/114 222/212/119 223/213/120
f 203/214/121 236/209/116 235/215/122
f 190/216/123 221/217/124 222/212/119
f 202/218/125 235/215/122 234/219/126
f 189/220/127 220/221/128 221/217/124
f 202/218/125 233/222/129 201/223/130
f 151/224/82 182/225/131 183/226/132
f 164/227/133 197/228/134 196/229/135
f 151/224/82 184/230/136 152/231/86
f 166/232/137 197/228/134 165/233/138
f 152/231/86 185/234/139 153/235/85
f 167/236/140 198/237/141 166/232/137
f 154/238/87 185/234/139 186/239/142
f 168/240/143 199/241/144 167/236/140
f 154/238/87 187/242/145 155/243/90
f 169/244/146 200/245/147 168/240/143
f 156/246/94 187/242/145 188/247/148
f 169/244/146 202/218/125 201/223/130
f 156/246/94 189/220/127 157/248/93
f 171/249/149 202/218/125 170/250/150
f 158/251/81 189/220/127 190/216/123
f 171/249/149 204/210/117 203/214/121
f 158/251/81 191/207/114 159/252/84
f 145/253/151 178/205/112 146/254/89
f 173/255/152 204/210/117 172/256/153
f 160/257/83 191/207/114 192/200/107
f 147/258/88 178/205/112 179/198/105
f 173/255/152 206/195/102 205/203/110
f 145/253/151 192/200/107 177/202/109
f 148/259/91 179/198/105 180/189/96
f 174/260/154 207/261/155 206/195/102
f 161/262/156 194/192/99 193/194/101
f 148/259/91 181/191/98 149/263/92
f 176/264/157 207/261/155 175/265/158
f 162/266/159 195/267/160 194/192/99
f 149/263/92 182/225/131 150/268/95
f 176/264/157 193/194/101 208/269/161
f 164/227/133 195/267/160 163/270/162
f 220/221/128 237/204/111 221/217/124
f 213/190/97 230/271/163 214/272/164
f 222/212/119 237/204/111 238/197/104
f 214/272/164 231/273/165 215/274/166
f 222/212/119 239/196/103 223/213/120
f 215/274/166 232/275/167 216/276/168
f 223/213/120 240/277/169 224/208/115
f 216/276/168 233/222/129 217/278/170
f 210/211/118 225/193/100 226/279/171
f 209/201/108 240/277/169 225/193/100
f 217/278/170 234/219/126 218/280/172
f 211/206/113 226/279/171 227/281/173
f 218/280/172 235/215/122 219/282/174
f 212/199/106 227/281/173 228/283/175
f 219/282/174 236/209/116 220/221/128
f 213/190/97 228/283/175 229/284/176
f 207/261/155 240/277/169 239/196/103
f 195/267/160 226/279/171 194/192/99
f 181/191/98 214/272/164 182/225/131
f 193/194/101 240/277/169 208/269/161
f 196/229/135 227/281/173 195/267/160
f 182/225/131 215/274/166 183/226/132
f 197/228/134 228/283/175 196/229/135
f 183/226/132 216/276/168 184/230/136
f 197/228/134 230/271/163 229/284/176
f 184/230/136 217/278/170 185/234/139
f 198/237/141 231/273/165 230/271/163
f 185/234/139 218/280/172 186/239/142
f 199/241/144 232/275/167 231/273/165
f 186/239/142 219/282/174 187/242/145
f 200/245/147 233/222/129 232/275/167
f 187/242/145 220/221/128 188/247/148
f 173/285/177 254/286/178 174/287/177
f 167/288/177 246/289/179 247/290/180
f 174/287/177 255/291/181 175/292/177
f 168/293/177 247/290/180 248/294/182
f 175/292/177 256/295/183 176/296/177
f 169/297/177 248/294/182 249/298/184
f 162/299/177 241/300/185 242/301/186
f 176/296/177 241/300/185 161/302/177
f 169/297/177 250/303/187 170/304/177
f 163/305/177 242/301/186 243/306/188
f 171/307/177 250/303/187 251/308/189
f 164/309/177 243/306/188 244/310/190
f 171/307/177 252/311/191 172/312/177
f 165/313/177 244/310/190 245/314/192
f 173/285/177 252/311/191 253/315/193
f 166/316/177 245/314/192 246/289/179
f 270/317/194 255/291/181 254/286/178
f 267/318/177 263/319/177 259/320/177
f 146/173/89 1/167/56 145/321/151
f 263/319/195 246/289/179 262/322/196
f 269/323/197 254/286/178 253/315/193
f 262/322/196 245/314/192 261/324/198
f 268/325/199 253/315/193 252/311/191
f 261/324/198 244/310/190 260/326/200
f 267/318/201 252/311/191 251/308/189
f 260/326/200 243/306/188 259/320/202
f 266/327/203 251/308/189 250/303/187
f 259/320/202 242/301/186 257/328/204
f 265/329/205 250/303/187 249/298/184
f 272/330/206 241/300/185 256/295/183
f 241/300/185 257/328/204 242/301/186
f 265/329/205 248/294/182 264/331/207
f 271/332/208 256/295/183 255/291/181
f 247/290/180 264/331/207 248/294/182
f 34/24/24 49/12/12 33/18/18
f 326/333/209 309/334/210 310/335/211
f 290/336/212 323/337/213 291/338/214
f 336/339/215 303/340/216 335/341/217
f 324/342/218 309/334/210 325/343/219
f 321/344/220 290/336/212 289/345/221
f 302/346/222 335/341/217 303/340/216
f 324/342/218 307/347/223 308/348/224
f 321/344/220 320/349/225 305/350/226
f 333/351/227 302/346/222 301/352/228
f 307/347/223 322/353/229 306/354/230
f 320/349/225 335/341/217 319/355/231
f 300/356/232 333/351/227 301/352/228
f 319/355/231 334/357/233 318/358/234
f 331/359/235 300/356/232 299/360/236
f 334/357/233 317/361/237 318/358/234
f 330/362/238 299/360/236 298/363/239
f 311/364/240 278/365/91 279/366/88
f 293/367/241 326/333/209 294/368/242
f 312/369/243 279/366/88 280/370/89
f 326/333/209 295/371/244 294/368/242
f 313/372/245 280/370/89 281/373/151
f 327/374/246 296/375/247 295/371/244
f 282/376/83 313/372/245 281/373/151
f 296/375/247 329/377/248 297/378/249
f 283/379/84 314/380/250 282/376/83
f 329/377/248 298/363/239 297/378/249
f 284/381/81 315/382/251 283/379/84
f 285/383/93 316/384/252 284/381/81
f 286/385/94 317/361/237 285/383/93
f 319/355/231 286/385/94 287/386/90
f 306/354/230 273/387/85 274/388/86
f 288/389/87 319/355/231 287/386/90
f 307/347/223 274/388/86 275/390/82
f 305/350/226 288/389/87 273/387/85
f 276/391/95 307/347/223 275/390/82
f 277/392/92 308/348/224 276/391/95
f 304/393/253 321/344/220 289/345/221
f 291/338/214 324/342/218 292/394/254
f 310/335/211 277/392/92 278/365/91
f 324/342/218 293/367/241 292/394/254
f 311/364/240 326/333/209 310/335/211
f 312/369/243 327/374/246 311/364/240
f 329/377/248 312/369/243 313/372/245
f 330/362/238 313/372/245 314/380/250
f 331/359/235 314/380/250 315/382/251
f 332/395/255 315/382/251 316/384/252
f 333/351/227 316/384/252 317/361/237
f 302/396/177 349/397/177 301/398/177
f 295/399/177 342/400/177 294/401/177
f 303/402/177 350/403/177 302/396/177
f 296/404/177 343/405/177 295/399/177
f 352/406/177 303/402/177 304/407/177
f 345/408/177 296/404/177 297/409/177
f 338/410/177 289/411/177 290/412/177
f 289/411/177 352/406/177 304/407/177
f 298/413/177 345/408/177 297/409/177
f 339/414/177 290/412/177 291/415/177
f 347/416/177 298/413/177 299/417/177
f 340/418/177 291/415/177 292/419/177
f 348/420/177 299/417/177 300/421/177
f 341/422/177 292/419/177 293/423/177
f 349/397/177 300/421/177 301/398/177
f 294/401/177 341/422/177 293/423/177
f 360/424/177 402/425/177 401/426/177
f 403/427/177 367/428/177 404/429/177
f 361/430/177 401/426/177 405/431/177
f 354/432/177 407/433/177 406/434/177
f 407/433/177 368/435/177 403/427/177
f 408/436/177 361/430/177 405/431/177
f 355/437/177 406/434/177 409/438/177
f 410/439/177 362/440/177 408/436/177
f 356/441/177 409/438/177 411/442/177
f 412/443/177 363/444/177 410/439/177
f 357/445/177 411/442/177 413/446/177
f 414/447/177 364/448/177 412/443/177
f 358/449/177 413/446/177 415/450/177
f 416/451/177 365/452/177 414/447/177
f 359/453/177 415/450/177 402/425/177
f 404/429/177 366/454/177 416/451/177
f 359/453/256 390/455/257 358/449/257
f 399/456/258 366/454/259 367/428/258
f 360/424/260 391/457/256 359/453/256
f 368/435/261 399/456/258 367/428/258
f 393/458/262 360/424/260 361/430/262
f 385/459/263 353/460/264 354/432/263
f 353/460/264 400/461/261 368/435/261
f 362/440/265 393/458/262 361/430/262
f 355/437/266 385/459/263 354/432/263
f 395/462/267 362/440/265 363/444/267
f 356/441/268 387/463/266 355/437/266
f 364/448/269 395/462/267 363/444/267
f 357/445/270 388/464/268 356/441/268
f 397/465/271 364/448/269 365/452/271
f 390/455/257 357/445/270 358/449/257
f 366/454/259 397/465/271 365/452/271
f 377/466/177 381/467/177 369/468/177
f 369/468/177 385/459/177 370/469/177
f 385/459/177 371/470/177 370/469/177
f 387/463/177 372/471/177 371/470/177
f 388/464/177 373/472/177 372/471/177
f 389/473/177 374/474/177 373/472/177
f 390/455/177 375/475/177 374/474/177
f 391/457/177 376/476/177 375/475/177
f 392/477/177 377/466/177 376/476/177
f 377/466/177 394/478/177 378/479/177
f 378/479/177 395/462/177 379/480/177
f 379/480/177 396/481/177 380/482/177
f 380/482/177 397/465/177 381/467/177
f 381/467/177 398/483/177 382/484/177
f 382/484/177 399/456/177 383/485/177
f 383/485/177 400/461/177 384/486/177
f 400/461/177 369/468/177 384/486/177
f 351/487/177 416/451/177 350/403/177
f 402/425/177 342/400/177 343/405/177
f 350/403/177 414/447/177 349/397/177
f 415/450/177 341/422/177 342/400/177
f 349/397/177 412/443/177 348/420/177
f 413/446/177 340/418/177 341/422/177
f 348/420/177 410/439/177 347/416/177
f 411/442/177 339/414/177 340/418/177
f 347/416/177 408/436/177 346/488/177
f 409/438/177 338/410/177 339/414/177
f 346/488/177 405/431/177 345/408/177
f 337/489/177 403/427/177 352/406/177
f 406/434/177 337/489/177 338/410/177
f 405/431/177 344/490/177 345/408/177
f 352/406/177 404/429/177 351/487/177
f 401/426/177 343/405/177 344/490/177
f 431/491/272 286/492/94 430/493/52
f 424/494/57 279/495/88 423/496/59
f 432/497/45 287/498/90 431/491/272
f 425/499/56 280/500/89 424/494/57
f 432/497/45 273/501/85 288/502/87
f 426/503/58 281/504/151 425/499/56
f 419/505/35 274/506/86 418/507/39
f 427/508/55 282/509/83 426/503/58
f 420/510/34 275/511/82 419/505/35
f 427/508/55 284/512/81 283/513/84
f 421/514/61 276/515/95 420/510/34
f 428/516/54 285/517/93 284/512/81
f 422/518/60 277/519/92 421/514/61
f 430/493/52 285/520/93 429/521/53
f 423/496/59 278/522/91 422/518/60
f 453/523/273 484/524/274 485/525/275
f 466/526/276 497/527/277 465/528/278
f 479/529/279 510/530/280 478/531/281
f 451/532/282 484/524/274 452/533/283
f 464/534/284 481/535/285 449/536/286
f 478/531/281 509/537/287 477/538/288
f 451/532/282 482/539/289 483/540/290
f 464/534/284 495/541/291 496/542/292
f 477/538/288 508/543/293 476/544/294
f 449/536/286 482/539/289 450/545/295
f 462/546/296 495/541/291 463/547/297
f 476/544/294 507/548/298 475/549/299
f 462/546/296 493/550/300 494/551/301
f 475/549/299 506/552/302 474/553/303
f 460/554/304 493/550/300 461/555/305
f 474/553/303 505/556/306 473/557/307
f 422/558/60 455/559/308 423/560/59
f 436/561/309 469/562/310 468/563/311
f 424/564/57 455/559/308 456/565/312
f 437/566/313 470/567/314 469/562/310
f 424/564/57 457/568/315 425/569/56
f 439/570/316 470/567/314 438/571/317
f 425/569/56 458/572/318 426/573/58
f 440/574/319 471/575/320 439/570/316
f 426/573/58 459/576/321 427/577/55
f 441/578/322 472/579/323 440/574/319
f 428/580/54 459/576/321 460/554/304
f 442/581/324 473/557/307 441/578/322
f 428/580/54 461/555/305 429/582/53
f 442/581/324 475/549/299 474/553/303
f 430/583/52 461/555/305 462/546/296
f 443/584/325 476/544/294 475/549/299
f 431/585/272 462/546/296 463/547/297
f 418/586/39 449/536/286 450/545/295
f 444/587/326 477/538/288 476/544/294
f 431/585/272 464/534/284 432/588/45
f 419/589/35 450/545/295 451/532/282
f 446/590/327 477/538/288 445/591/328
f 417/592/42 464/534/284 449/536/286
f 420/593/34 451/532/282 452/533/283
f 446/590/327 479/529/279 478/531/281
f 434/594/329 465/528/278 433/595/330
f 420/593/34 453/523/273 421/596/61
f 447/597/331 480/598/332 479/529/279
f 435/599/333 466/526/276 434/594/329
f 422/558/60 453/523/273 454/600/334
f 448/601/335 465/528/278 480/598/332
f 435/599/333 468/563/311 467/602/336
f 493/550/300 508/543/293 509/537/287
f 486/603/337 501/604/338 502/605/339
f 493/550/300 510/530/280 494/551/301
f 487/606/340 502/605/339 503/607/341
f 495/541/291 510/530/280 511/608/342
f 487/606/340 504/609/343 488/610/344
f 495/541/291 512/611/345 496/542/292
f 488/610/344 505/556/306 489/612/346
f 481/535/285 498/613/347 482/539/289
f 481/535/285 512/611/345 497/527/277
f 490/614/348 505/556/306 506/552/302
f 483/540/290 498/613/347 499/615/349
f 491/616/350 506/552/302 507/548/298
f 483/540/290 500/617/351 484/524/274
f 492/618/352 507/548/298 508/543/293
f 485/525/275 500/617/351 501/604/338
f 479/529/279 512/611/345 511/608/342
f 466/526/276 499/615/349 498/613/347
f 454/600/334 485/525/275 486/603/337
f 465/528/278 512/611/345 480/598/332
f 468/563/311 499/615/349 467/602/336
f 454/600/334 487/606/340 455/559/308
f 469/562/310 500/617/351 468/563/311
f 456/565/312 487/606/340 488/610/344
f 469/562/310 502/605/339 501/604/338
f 457/568/315 488/610/344 489/612/346
f 470/567/314 503/607/341 502/605/339
f 457/568/315 490/614/348 458/572/318
f 471/575/320 504/609/343 503/607/341
f 459/576/321 490/614/348 491/616/350
f 472/579/323 505/556/306 504/609/343
f 460/554/304 491/616/350 492/618/352
f 446/619/64 525/620/353 526/621/354
f 439/622/64 518/623/355 519/624/356
f 447/625/64 526/621/354 527/626/357
f 440/627/64 519/624/356 520/628/358
f 447/625/64 528/629/359 448/630/64
f 441/631/64 520/628/358 521/632/360
f 434/633/64 513/634/361 514/635/362
f 448/630/64 513/634/361 433/636/64
f 441/631/64 522/637/363 442/638/64
f 434/633/64 515/639/364 435/640/64
f 443/641/64 522/637/363 523/642/365
f 436/643/64 515/639/364 516/644/366
f 443/641/64 524/645/367 444/646/64
f 437/647/64 516/644/366 517/648/368
f 444/646/64 525/620/353 445/649/64
f 438/650/64 517/648/368 518/623/355
f 542/651/369 527/626/357 526/621/354
f 539/652/64 535/653/64 531/654/64
f 418/507/39 273/501/85 417/655/42
f 535/653/370 518/623/355 534/656/371
f 541/657/372 526/621/354 525/620/353
f 534/656/371 517/648/368 533/658/373
f 540/659/374 525/620/353 524/645/367
f 533/658/373 516/644/366 532/660/375
f 539/652/376 524/645/367 523/642/365
f 532/660/375 515/639/364 531/654/377
f 538/661/378 523/642/365 522/637/363
f 531/654/377 514/635/362 529/662/379
f 537/663/380 522/637/363 521/632/360
f 544/664/381 513/634/361 528/629/359
f 513/634/361 529/662/379 514/635/362
f 537/663/380 520/628/358 536/665/382
f 543/666/383 528/629/359 527/626/357
f 519/624/356 536/665/382 520/628/358
f 306/354/230 321/344/220 305/350/226
f 582/667/3 597/668/11 581/669/2
f 562/670/4 595/671/5 563/672/6
f 607/673/7 576/674/8 575/675/9
f 596/676/10 581/669/2 597/668/11
f 593/677/12 562/670/4 561/678/13
f 606/679/14 575/675/9 574/680/15
f 580/681/17 595/671/5 579/682/16
f 577/683/18 608/684/19 592/685/20
f 605/686/21 574/680/15 573/687/22
f 579/682/16 594/688/23 578/689/24
f 592/685/20 607/673/7 591/690/25
f 604/691/384 573/687/22 572/692/26
f 591/690/25 606/679/14 590/693/27
f 603/694/28 572/692/26 571/695/29
f 590/693/27 605/686/21 589/696/30
f 570/697/32 603/694/28 571/695/29
f 551/698/385 582/667/3 550/699/34
f 597/668/11 566/700/36 565/701/386
f 584/702/38 551/698/385 552/703/39
f 598/704/1 567/705/40 566/700/36
f 553/706/42 584/702/38 552/703/39
f 599/707/43 568/708/44 567/705/40
f 586/709/63 553/706/42 554/710/45
f 568/708/44 601/711/50 569/712/47
f 587/713/48 554/710/45 555/714/49
f 601/711/50 570/697/32 569/712/47
f 556/715/52 587/713/48 555/714/49
f 589/696/30 556/715/52 557/716/53
f 558/717/54 589/696/30 557/716/53
f 591/690/25 558/717/54 559/718/55
f 546/719/57 577/683/18 545/720/56
f 592/685/20 559/718/55 560/721/58
f 579/682/16 546/719/57 547/722/59
f 577/683/18 560/721/58 545/720/56
f 548/723/60 579/682/16 547/722/59
f 581/669/2 548/723/60 549/724/61
f 576/674/8 593/677/12 561/678/13
f 563/672/6 596/676/10 564/725/62
f 582/667/3 549/724/61 550/699/34
f 596/676/10 565/701/386 564/725/62
f 599/707/43 582/667/3 583/726/33
f 584/702/38 599/707/43 583/726/33
f 585/727/41 600/728/46 584/702/38
f 602/729/31 585/727/41 586/709/63
f 603/694/28 586/709/63 587/713/48
f 588/730/51 603/694/28 587/713/48
f 605/686/21 588/730/51 589/696/30
f 574/731/64 621/732/64 573/733/64
f 615/734/64 566/735/64 567/736/64
f 623/737/64 574/731/64 575/738/64
f 616/739/64 567/736/64 568/740/64
f 624/741/64 575/738/64 576/742/64
f 617/743/64 568/740/64 569/744/64
f 610/745/64 561/746/64 562/747/64
f 609/748/64 576/742/64 561/746/64
f 570/749/64 617/743/64 569/744/64
f 563/750/64 610/745/64 562/747/64
f 571/751/64 618/752/64 570/749/64
f 564/753/64 611/754/64 563/750/64
f 572/755/64 619/756/64 571/751/64
f 613/757/64 564/753/64 565/758/64
f 573/733/64 620/759/64 572/755/64
f 566/735/64 613/757/64 565/758/64
f 632/760/64 674/761/64 673/762/64
f 675/763/64 639/764/64 676/765/64
f 633/766/64 673/762/64 677/767/64
f 626/768/64 679/769/64 678/770/64
f 679/769/64 640/771/64 675/763/64
f 680/772/64 633/766/64 677/767/64
f 627/773/64 678/770/64 681/774/64
f 682/775/64 634/776/64 680/772/64
f 628/777/64 681/774/64 683/778/64
f 684/779/64 635/780/64 682/775/64
f 629/781/64 683/778/64 685/782/64
f 686/783/64 636/784/64 684/779/64
f 630/785/64 685/782/64 687/786/64
f 688/787/64 637/788/64 686/783/64
f 631/789/64 687/786/64 674/761/64
f 676/765/64 638/790/64 688/787/64
f 663/791/65 630/785/66 631/789/65
f 639/764/67 670/792/68 638/790/68
f 664/793/69 631/789/65 632/760/69
f 640/771/70 671/794/67 639/764/67
f 665/795/71 632/760/69 633/766/71
f 657/796/72 625/797/73 626/768/72
f 625/797/73 672/798/70 640/771/70
f 634/776/74 665/795/71 633/766/71
f 659/799/75 626/768/72 627/773/75
f 635/780/76 666/800/74 634/776/74
f 660/801/77 627/773/75 628/777/77
f 668/802/78 635/780/76 636/784/78
f 661/803/79 628/777/77 629/781/79
f 669/804/80 636/784/78 637/788/80
f 630/785/66 661/803/79 629/781/79
f 638/790/68 669/804/80 637/788/80
f 649/805/64 653/806/64 641/807/64
f 658/808/64 642/809/64 641/807/64
f 657/796/64 643/810/64 642/809/64
f 643/810/64 660/801/64 644/811/64
f 644/811/64 661/803/64 645/812/64
f 645/812/64 662/813/64 646/814/64
f 646/814/64 663/791/64 647/815/64
f 647/815/64 664/793/64 648/816/64
f 664/793/64 649/805/64 648/816/64
f 649/805/64 666/800/64 650/817/64
f 666/800/64 651/818/64 650/817/64
f 667/819/64 652/820/64 651/818/64
f 668/802/64 653/806/64 652/820/64
f 653/806/64 670/792/64 654/821/64
f 654/821/64 671/794/64 655/822/64
f 655/822/64 672/798/64 656/823/64
f 656/823/64 658/808/64 641/807/64
f 623/737/64 688/787/64 622/824/64
f 674/761/64 614/825/64 615/734/64
f 622/824/64 686/783/64 621/732/64
f 687/786/64 613/757/64 614/825/64
f 621/732/64 684/779/64 620/759/64
f 685/782/64 612/826/64 613/757/64
f 620/759/64 682/775/64 619/756/64
f 683/778/64 611/754/64 612/826/64
f 619/756/64 680/772/64 618/752/64
f 681/774/64 610/745/64 611/754/64
f 618/752/64 677/767/64 617/743/64
f 609/748/64 675/763/64 624/741/64
f 678/770/64 609/748/64 610/745/64
f 677/767/64 616/739/64 617/743/64
f 624/741/64 676/765/64 623/737/64
f 673/762/64 615/734/64 616/739/64
f 703/827/84 558/828/54 702/829/81
f 696/830/86 551/831/385 695/832/82
f 703/827/84 560/833/58 559/834/55
f 696/830/86 553/835/42 552/836/39
f 689/837/151 560/833/58 704/838/83
f 698/839/87 553/835/42 697/840/85
f 691/841/88 546/842/57 690/843/89
f 699/844/90 554/845/45 698/839/87
f 691/841/88 548/846/60 547/847/59
f 699/844/90 556/848/52 555/849/49
f 693/850/92 548/846/60 692/851/91
f 700/852/94 557/853/53 556/848/52
f 694/854/95 549/855/61 693/850/92
f 701/856/93 558/828/54 557/857/53
f 695/832/82 550/858/34 694/854/95
f 724/859/96 757/860/97 725/861/98
f 738/862/99 769/863/100 737/864/101
f 751/865/155 782/866/104 750/867/102
f 723/868/105 756/869/106 724/859/96
f 721/870/109 768/871/115 753/872/108
f 750/867/102 781/873/111 749/874/110
f 722/875/112 755/876/113 723/868/105
f 735/877/114 768/871/115 736/878/107
f 749/874/110 780/879/387 748/880/117
f 721/870/109 754/881/118 722/875/112
f 735/877/114 766/882/119 767/883/120
f 748/880/117 779/884/122 747/885/121
f 733/886/127 766/882/119 734/887/123
f 747/885/121 778/888/126 746/889/125
f 732/890/148 765/891/124 733/886/127
f 746/889/125 777/892/129 745/893/130
f 694/894/95 727/895/132 695/896/82
f 709/897/138 740/898/135 708/899/133
f 695/896/82 728/900/136 696/901/86
f 709/897/138 742/902/141 741/903/134
f 696/901/86 729/904/139 697/905/85
f 711/906/140 742/902/141 710/907/137
f 698/908/87 729/904/139 730/909/142
f 712/910/143 743/911/144 711/906/140
f 699/912/90 730/909/142 731/913/145
f 713/914/146 744/915/147 712/910/143
f 700/916/94 731/913/145 732/890/148
f 713/914/146 746/889/125 745/893/130
f 700/916/94 733/886/127 701/917/93
f 715/918/149 746/889/125 714/919/150
f 701/917/93 734/887/123 702/920/81
f 715/918/149 748/880/117 747/885/121
f 702/920/81 735/877/114 703/921/84
f 690/922/89 721/870/109 722/875/112
f 717/923/152 748/880/117 716/924/153
f 704/925/83 735/877/114 736/878/107
f 690/922/89 723/868/105 691/926/88
f 717/923/152 750/867/102 749/874/110
f 704/925/83 721/870/109 689/927/151
f 692/928/91 723/868/105 724/859/96
f 719/929/158 750/867/102 718/930/154
f 706/931/159 737/864/101 705/932/156
f 693/933/92 724/859/96 725/861/98
f 720/934/157 751/865/155 719/929/158
f 706/931/159 739/935/160 738/862/99
f 693/933/92 726/936/131 694/894/95
f 705/932/156 752/937/388 720/934/157
f 708/899/133 739/935/160 707/938/162
f 765/891/124 780/879/387 781/873/111
f 758/939/164 773/940/176 774/941/163
f 765/891/124 782/866/104 766/882/119
f 758/939/164 775/942/165 759/943/166
f 767/883/120 782/866/104 783/944/103
f 759/943/166 776/945/389 760/946/168
f 767/883/120 784/947/169 768/871/115
f 761/948/170 776/945/389 777/892/129
f 754/881/118 769/863/100 770/949/171
f 753/872/108 784/947/169 769/863/100
f 761/948/170 778/888/126 762/950/172
f 755/876/113 770/949/171 771/951/173
f 763/952/174 778/888/126 779/884/122
f 755/876/113 772/953/175 756/869/106
f 764/954/128 779/884/122 780/879/387
f 756/869/106 773/940/176 757/860/97
f 752/937/388 783/944/103 751/865/155
f 738/862/99 771/951/173 770/949/171
f 725/861/98 758/939/164 726/936/131
f 737/864/101 784/947/169 752/937/388
f 740/898/135 771/951/173 739/935/160
f 726/936/131 759/943/166 727/895/132
f 741/903/134 772/953/175 740/898/135
f 727/895/132 760/946/168 728/900/136
f 741/903/134 774/941/163 773/940/176
f 729/904/139 760/946/168 761/948/170
f 742/902/141 775/942/165 774/941/163
f 730/909/142 761/948/170 762/950/172
f 743/911/144 776/945/389 775/942/165
f 731/913/145 762/950/172 763/952/174
f 745/893/130 776/945/389 744/915/147
f 731/913/145 764/954/128 732/890/148
f 718/955/177 797/956/193 798/957/178
f 710/958/177 791/959/180 711/960/177
f 719/961/177 798/957/178 799/962/181
f 712/963/177 791/959/180 792/964/182
f 720/965/177 799/962/181 800/966/183
f 712/963/177 793/967/184 713/968/177
f 705/969/177 786/970/186 706/971/177
f 705/969/177 800/966/183 785/972/185
f 714/973/177 793/967/184 794/974/187
f 706/971/177 787/975/188 707/976/177
f 714/973/177 795/977/189 715/978/177
f 707/976/177 788/979/190 708/980/177
f 715/978/177 796/981/191 716/982/177
f 708/980/177 789/983/192 709/984/177
f 716/982/177 797/956/193 717/985/177
f 709/984/177 790/986/179 710/958/177
f 814/987/194 799/962/181 798/957/178
f 811/988/177 807/989/177 803/990/177
f 690/843/89 545/991/56 689/837/151
f 807/989/195 790/986/179 806/992/196
f 813/993/197 798/957/178 797/956/193
f 806/992/196 789/983/192 805/994/198
f 812/995/199 797/956/193 796/981/191
f 805/994/198 788/979/190 804/996/200
f 811/988/201 796/981/191 795/977/189
f 804/996/200 787/975/188 803/990/202
f 810/997/203 795/977/189 794/974/187
f 803/990/202 786/970/186 801/998/204
f 809/999/205 794/974/187 793/967/184
f 816/1000/206 785/972/185 800/966/183
f 785/972/185 801/998/204 786/970/186
f 809/999/205 792/964/182 808/1001/207
f 815/1002/208 800/966/183 799/962/181
f 791/959/180 808/1001/207 792/964/182
f 578/689/24 593/677/12 577/683/18
f 854/1003/211 869/1004/219 853/1005/210
f 866/1006/229 835/1007/214 834/1008/212
f 879/1009/217 848/1010/253 847/1011/216
f 868/1012/218 853/1005/210 869/1004/219
f 833/1013/221 866/1006/229 834/1008/212
f 878/1014/233 847/1011/216 846/1015/222
f 852/1016/224 867/1017/213 851/1018/223
f 865/1019/220 864/1020/225 849/1021/226
f 845/1022/228 878/1014/233 846/1015/222
f 867/1017/213 850/1023/230 851/1018/223
f 864/1020/225 879/1009/217 863/1024/231
f 876/1025/255 845/1022/228 844/1026/232
f 879/1009/217 862/1027/234 863/1024/231
f 875/1028/235 844/1026/232 843/1029/236
f 878/1014/233 861/1030/237 862/1027/234
f 874/1031/238 843/1029/236 842/1032/239
f 823/1033/390 854/1003/211 822/1034/91
f 837/1035/241 870/1036/209 838/1037/242
f 856/1038/243 823/1033/390 824/1039/89
f 838/1037/242 871/1040/246 839/1041/244
f 857/1042/245 824/1039/89 825/1043/151
f 839/1041/244 872/1044/391 840/1045/247
f 858/1046/250 825/1043/151 826/1047/83
f 872/1044/391 841/1048/249 840/1045/247
f 859/1049/251 826/1047/83 827/1050/84
f 841/1048/249 874/1031/238 842/1032/239
f 828/1051/81 859/1049/251 827/1050/84
f 861/1030/237 828/1051/81 829/1052/93
f 830/1053/94 861/1030/237 829/1052/93
f 863/1024/231 830/1053/94 831/1054/90
f 850/1023/230 817/1055/85 818/1056/86
f 832/1057/87 863/1024/231 831/1054/90
f 819/1058/82 850/1023/230 818/1056/86
f 817/1055/85 864/1020/225 832/1057/87
f 820/1059/95 851/1018/223 819/1058/82
f 853/1005/210 820/1059/95 821/1060/92
f 880/1061/215 833/1013/221 848/1010/253
f 867/1017/213 836/1062/254 835/1007/214
f 854/1003/211 821/1060/92 822/1034/91
f 868/1012/218 837/1035/241 836/1062/254
f 871/1040/246 854/1003/211 855/1063/240
f 872/1044/391 855/1063/240 856/1038/243
f 857/1042/245 872/1044/391 856/1038/243
f 874/1031/238 857/1042/245 858/1046/250
f 875/1028/235 858/1046/250 859/1049/251
f 876/1025/255 859/1049/251 860/1064/252
f 877/1065/227 860/1064/252 861/1030/237
f 846/1066/177 893/1067/177 845/1068/177
f 887/1069/177 838/1070/177 839/1071/177
f 847/1072/177 894/1073/177 846/1066/177
f 888/1074/177 839/1071/177 840/1075/177
f 848/1076/177 895/1077/177 847/1072/177
f 889/1078/177 840/1075/177 841/1079/177
f 882/1080/177 833/1081/177 834/1082/177
f 833/1081/177 896/1083/177 848/1076/177
f 842/1084/177 889/1078/177 841/1079/177
f 883/1085/177 834/1082/177 835/1086/177
f 843/1087/177 890/1088/177 842/1084/177
f 836/1089/177 883/1085/177 835/1086/177
f 844/1090/177 891/1091/177 843/1087/177
f 885/1092/177 836/1089/177 837/1093/177
f 845/1068/177 892/1094/177 844/1090/177
f 886/1095/177 837/1093/177 838/1070/177
f 904/1096/177 946/1097/177 945/1098/177
f 947/1099/177 911/1100/177 948/1101/177
f 905/1102/177 945/1098/177 949/1103/177
f 898/1104/177 951/1105/177 950/1106/177
f 951/1105/177 912/1107/177 947/1099/177
f 952/1108/177 905/1102/177 949/1103/177
f 899/1109/177 950/1106/177 953/1110/177
f 954/1111/177 906/1112/177 952/1108/177
f 900/1113/177 953/1110/177 955/1114/177
f 956/1115/177 907/1116/177 954/1111/177
f 901/1117/177 955/1114/177 957/1118/177
f 958/1119/177 908/1120/177 956/1115/177
f 902/1121/177 957/1118/177 959/1122/177
f 960/1123/177 909/1124/177 958/1119/177
f 903/1125/177 959/1122/177 946/1097/177
f 948/1101/177 910/1126/177 960/1123/177
f 903/1125/256 934/1127/257 902/1121/257
f 943/1128/258 910/1126/259 911/1100/258
f 936/1129/260 903/1125/256 904/1096/260
f 944/1130/261 911/1100/258 912/1107/261
f 937/1131/262 904/1096/260 905/1102/262
f 929/1132/263 897/1133/264 898/1104/263
f 897/1133/264 944/1130/261 912/1107/261
f 906/1112/265 937/1131/262 905/1102/262
f 931/1134/266 898/1104/263 899/1109/266
f 907/1116/267 938/1135/265 906/1112/265
f 932/1136/268 899/1109/266 900/1113/268
f 940/1137/269 907/1116/267 908/1120/269
f 901/1117/270 932/1136/268 900/1113/268
f 909/1124/271 940/1137/269 908/1120/269
f 934/1127/257 901/1117/270 902/1121/257
f 942/1138/259 909/1124/271 910/1126/259
f 921/1139/177 925/1140/177 913/1141/177
f 930/1142/177 914/1143/177 913/1141/177
f 914/1143/177 931/1134/177 915/1144/177
f 915/1144/177 932/1136/177 916/1145/177
f 916/1145/177 933/1146/177 917/1147/177
f 917/1147/177 934/1127/177 918/1148/177
f 918/1148/177 935/1149/177 919/1150/177
f 935/1149/177 920/1151/177 919/1150/177
f 920/1151/177 937/1131/177 921/1139/177
f 937/1131/177 922/1152/177 921/1139/177
f 938/1135/177 923/1153/177 922/1152/177
f 939/1154/177 924/1155/177 923/1153/177
f 940/1137/177 925/1140/177 924/1155/177
f 941/1156/177 926/1157/177 925/1140/177
f 942/1138/177 927/1158/177 926/1157/177
f 943/1128/177 928/1159/177 927/1158/177
f 928/1159/177 930/1142/177 913/1141/177
f 895/1077/177 960/1123/177 894/1073/177
f 946/1097/177 886/1095/177 887/1069/177
f 894/1073/177 958/1119/177 893/1067/177
f 959/1122/177 885/1092/177 886/1095/177
f 893/1067/177 956/1115/177 892/1094/177
f 957/1118/177 884/1160/177 885/1092/177
f 892/1094/177 954/1111/177 891/1091/177
f 955/1114/177 883/1085/177 884/1160/177
f 891/1091/177 952/1108/177 890/1088/177
f 953/1110/177 882/1080/177 883/1085/177
f 890/1088/177 949/1103/177 889/1078/177
f 881/1161/177 947/1099/177 896/1083/177
f 950/1106/177 881/1161/177 882/1080/177
f 949/1103/177 888/1074/177 889/1078/177
f 896/1083/177 948/1101/177 895/1077/177
f 945/1098/177 887/1069/177 888/1074/177
f 975/1162/49 830/1163/94 974/1164/52
f 968/1165/57 823/1166/390 967/1167/392
f 976/1168/45 831/1169/90 975/1162/49
f 969/1170/56 824/1171/89 968/1165/57
f 976/1168/45 817/1172/85 832/1173/87
f 970/1174/58 825/1175/151 969/1170/56
f 963/1176/35 818/1177/86 962/1178/39
f 971/1179/55 826/1180/83 970/1174/58
f 963/1176/35 820/1181/95 819/1182/82
f 971/1179/55 828/1183/81 827/1184/84
f 964/1185/34 821/1186/92 820/1181/95
f 972/1187/54 829/1188/93 828/1183/81
f 966/1189/60 821/1186/92 965/1190/61
f 973/1191/53 830/1163/94 829/1192/93
f 967/1167/392 822/1193/91 966/1189/60
f 996/1194/283 1029/1195/275 997/1196/273
f 1009/1197/278 1042/1198/393 1041/1199/277
f 1022/1200/281 1055/1201/342 1054/1202/280
f 995/1203/282 1028/1204/274 996/1194/283
f 993/1205/286 1040/1206/292 1025/1207/285
f 1021/1208/288 1054/1202/280 1053/1209/287
f 994/1210/295 1027/1211/290 995/1203/282
f 1007/1212/297 1040/1206/292 1008/1213/284
f 1021/1208/288 1052/1214/293 1020/1215/294
f 993/1205/286 1026/1216/289 994/1210/295
f 1007/1212/297 1038/1217/301 1039/1218/291
f 1020/1215/294 1051/1219/298 1019/1220/299
f 1005/1221/305 1038/1217/301 1006/1222/296
f 1018/1223/303 1051/1219/298 1050/1224/302
f 1004/1225/304 1037/1226/300 1005/1221/305
f 1018/1223/303 1049/1227/306 1017/1228/307
f 966/1229/60 999/1230/308 967/1231/392
f 980/1232/309 1013/1233/310 1012/1234/311
f 967/1231/392 1000/1235/312 968/1236/57
f 981/1237/313 1014/1238/314 1013/1233/310
f 968/1236/57 1001/1239/315 969/1240/56
f 982/1241/317 1015/1242/320 1014/1238/314
f 970/1243/58 1001/1239/315 1002/1244/318
f 984/1245/319 1015/1242/320 983/1246/316
f 970/1243/58 1003/1247/321 971/1248/55
f 984/1245/319 1017/1228/307 1016/1249/323
f 971/1248/55 1004/1225/304 972/1250/54
f 986/1251/324 1017/1228/307 985/1252/322
f 973/1253/53 1004/1225/304 1005/1221/305
f 986/1251/324 1019/1220/299 1018/1223/303
f 974/1254/52 1005/1221/305 1006/1222/296
f 988/1255/326 1019/1220/299 987/1256/325
f 975/1257/49 1006/1222/296 1007/1212/297
f 962/1258/39 993/1205/286 994/1210/295
f 989/1259/328 1020/1215/294 988/1255/326
f 976/1260/45 1007/1212/297 1008/1213/284
f 962/1258/39 995/1203/282 963/1261/35
f 989/1259/328 1022/1200/281 1021/1208/288
f 976/1260/45 993/1205/286 961/1262/42
f 964/1263/34 995/1203/282 996/1194/283
f 991/1264/331 1022/1200/281 990/1265/327
f 977/1266/330 1010/1267/276 1009/1197/278
f 964/1263/34 997/1196/273 965/1268/61
f 992/1269/335 1023/1270/279 991/1264/331
f 979/1271/333 1010/1267/276 978/1272/329
f 966/1229/60 997/1196/273 998/1273/334
f 977/1266/330 1024/1274/332 992/1269/335
f 979/1271/333 1012/1234/311 1011/1275/336
f 1036/1276/352 1053/1209/287 1037/1226/300
f 1029/1195/275 1046/1277/394 1030/1278/337
f 1037/1226/300 1054/1202/280 1038/1217/301
f 1030/1278/337 1047/1279/341 1031/1280/340
f 1038/1217/301 1055/1201/342 1039/1218/291
f 1031/1280/340 1048/1281/343 1032/1282/344
f 1039/1218/291 1056/1283/345 1040/1206/292
f 1032/1282/344 1049/1227/306 1033/1284/346
f 1025/1207/285 1042/1198/393 1026/1216/289
f 1025/1207/285 1056/1283/345 1041/1199/277
f 1034/1285/348 1049/1227/306 1050/1224/302
f 1027/1211/290 1042/1198/393 1043/1286/349
f 1035/1287/350 1050/1224/302 1051/1219/298
f 1028/1204/274 1043/1286/349 1044/1288/351
f 1035/1287/350 1052/1214/293 1036/1276/352
f 1029/1195/275 1044/1288/351 1045/1289/338
f 1023/1270/279 1056/1283/345 1055/1201/342
f 1011/1275/336 1042/1198/393 1010/1267/276
f 997/1196/273 1030/1278/337 998/1273/334
f 1009/1197/278 1056/1283/345 1024/1274/332
f 1012/1234/311 1043/1286/349 1011/1275/336
f 999/1230/308 1030/1278/337 1031/1280/340
f 1013/1233/310 1044/1288/351 1012/1234/311
f 1000/1235/312 1031/1280/340 1032/1282/344
f 1013/1233/310 1046/1277/394 1045/1289/338
f 1001/1239/315 1032/1282/344 1033/1284/346
f 1014/1238/314 1047/1279/341 1046/1277/394
f 1001/1239/315 1034/1285/348 1002/1244/318
f 1016/1249/323 1047/1279/341 1015/1242/320
f 1002/1244/318 1035/1287/350 1003/1247/321
f 1017/1228/307 1048/1281/343 1016/1249/323
f 1004/1225/304 1035/1287/350 1036/1276/352
f 990/1290/64 1069/1291/353 1070/1292/354
f 982/1293/64 1063/1294/356 983/1295/64
f 991/1296/64 1070/1292/354 1071/1297/357
f 983/1295/64 1064/1298/358 984/1299/64
f 992/1300/64 1071/1297/357 1072/1301/359
f 984/1299/64 1065/1302/360 985/1303/64
f 977/1304/64 1058/1305/362 978/1306/64
f 977/1304/64 1072/1301/359 1057/1307/361
f 986/1308/64 1065/1302/360 1066/1309/363
f 978/1306/64 1059/1310/364 979/1311/64
f 987/1312/64 1066/1309/363 1067/1313/365
f 980/1314/64 1059/1310/364 1060/1315/366
f 988/1316/64 1067/1313/365 1068/1317/367
f 980/1314/64 1061/1318/368 981/1319/64
f 989/1320/64 1068/1317/367 1069/1291/353
f 981/1319/64 1062/1321/355 982/1293/64
f 1086/1322/369 1071/1297/357 1070/1292/354
f 1083/1323/64 1079/1324/64 1075/1325/64
f 962/1178/39 817/1172/85 961/1326/42
f 1079/1324/370 1062/1321/355 1078/1327/371
f 1085/1328/372 1070/1292/354 1069/1291/353
f 1078/1327/371 1061/1318/368 1077/1329/373
f 1084/1330/374 1069/1291/353 1068/1317/367
f 1077/1329/373 1060/1315/366 1076/1331/375
f 1083/1323/376 1068/1317/367 1067/1313/365
f 1076/1331/375 1059/1310/364 1075/1325/377
f 1082/1332/378 1067/1313/365 1066/1309/363
f 1075/1325/377 1058/1305/362 1073/1333/379
f 1081/1334/380 1066/1309/363 1065/1302/360
f 1088/1335/381 1057/1307/361 1072/1301/359
f 1057/1307/361 1073/1333/379 1058/1305/362
f 1081/1334/380 1064/1298/358 1080/1336/382
f 1087/1337/383 1072/1301/359 1071/1297/357
f 1063/1294/356 1080/1336/382 1064/1298/358
f 850/1023/230 865/1019/220 849/1021/226
f 1193/1338/395 1329/1339/396 1192/1340/397
f 1334/1341/398 1356/1342/399 1346/1343/400
f 1090/1344/401 1122/1345/402 1093/1346/403
f 1165/1347/404 1225/1348/405 1197/1349/404
f 1173/1350/406 1121/1351/407 1178/1352/408
f 1219/1353/409 1156/1354/410 1175/1355/410
f 1340/1356/411 1353/1357/412 1352/1358/413
f 1511/1359/414 1267/1360/414 1512/1361/414
f 1098/1362/415 1458/1363/415 1462/1364/416
f 1243/1365/417 1462/1364/416 1473/1366/418
f 1194/1367/419 1493/1368/404 1492/1369/419
f 1103/1370/415 1458/1363/415 1095/1371/415
f 1290/1372/420 1468/1373/421 1101/1374/422
f 1105/1375/415 1471/1376/415 1103/1370/415
f 1431/1377/414 1263/1378/414 1450/1379/414
f 1449/1380/414 1099/1381/414 1432/1382/414
f 1493/1368/404 1226/1383/405 1494/1384/405
f 1107/1385/177 1108/1386/177 1109/1387/177
f 1304/1388/177 1106/1389/177 1107/1385/177
f 1202/1390/423 1186/1391/424 1185/1392/425
f 1207/1393/426 1188/1394/427 1187/1395/428
f 1186/1391/424 1207/1393/426 1187/1395/428
f 1109/1387/177 1110/1396/177 1111/1397/177
f 1112/1398/177 1115/1399/177 1113/1400/177
f 1110/1396/177 1113/1400/177 1111/1397/177
f 1211/1401/429 1301/1402/430 1189/1403/431
f 1208/1404/432 1189/1403/431 1188/1394/427
f 1301/1405/433 1237/1406/433 1190/1407/433
f 1138/1408/434 1509/1409/414 1508/1410/434
f 1114/1411/177 1117/1412/177 1115/1399/177
f 1114/1411/177 1119/1413/177 1116/1414/177
f 1181/1415/435 1123/1416/410 1124/1417/410
f 1183/1418/436 1310/1419/437 1175/1355/410
f 1495/1420/438 1297/1421/439 1497/1422/439
f 1490/1423/440 1322/1424/440 1525/1425/440
f 1501/1426/409 1147/1427/409 1510/1428/409
f 1239/1429/441 1241/1430/442 1240/1431/443
f 1507/1432/444 1138/1408/434 1508/1410/434
f 1506/1433/445 1136/1434/444 1507/1432/444
f 1505/1435/446 1134/1436/445 1506/1433/445
f 1504/1437/447 1132/1438/446 1505/1435/446
f 1502/1439/439 1130/1440/448 1504/1437/447
f 1500/1441/449 1151/1442/450 1499/1443/450
f 1496/1444/451 1152/1445/449 1500/1441/449
f 1182/1446/435 1722/1447/410 1727/1448/436
f 1171/1449/452 1733/1450/452 1732/1451/453
f 1177/1452/454 1355/1453/454 1153/1454/454
f 1091/1455/177 1304/1456/455 1339/1457/456
f 1177/1458/177 1170/1459/177 1172/1460/177
f 1340/1461/457 1304/1456/455 1305/1462/458
f 1340/1461/457 1174/1463/459 1341/1464/460
f 1342/1465/461 1163/1466/462 1338/1467/463
f 1153/1468/177 1163/1466/462 1170/1459/177
f 1094/1469/464 1164/1470/465 1165/1471/177
f 1166/1472/177 1165/1471/177 1089/1473/177
f 1335/1474/466 1721/1475/467 1725/1476/468
f 1337/1477/469 1168/1478/467 1169/1479/470
f 1337/1477/469 1164/1470/465 1334/1480/471
f 1726/1481/177 1089/1473/177 1724/1482/177
f 1335/1474/466 1163/1466/462 1167/1483/472
f 1160/1484/177 1163/1466/462 1333/1485/463
f 1342/1465/461 1174/1463/459 1167/1483/472
f 1091/1455/177 1172/1460/177 1159/1486/177
f 1333/1487/473 1360/1488/473 1160/1489/473
f 1159/1490/439 1227/1491/447 1106/1492/447
f 1182/1446/435 1175/1355/410 1156/1354/410
f 1154/1493/474 1178/1352/408 1155/1494/475
f 1167/1483/472 1183/1418/436 1182/1446/435
f 1167/1483/472 1727/1448/436 1721/1475/467
f 1309/1495/476 1320/1496/476 1319/1497/476
f 1174/1463/459 1306/1498/477 1183/1418/436
f 1168/1478/467 1181/1415/435 1169/1479/470
f 1296/1499/414 1497/1500/414 1518/1501/414
f 1312/1502/409 1175/1355/410 1310/1419/437
f 1255/1503/439 1491/1504/439 1503/1505/439
f 1100/1506/449 1248/1507/451 1250/1508/449
f 1097/1509/405 1216/1510/450 1225/1348/405
f 1102/1511/438 1201/1512/439 1199/1513/438
f 1223/1514/439 1172/1515/439 1254/1516/439
f 1106/1492/447 1229/1517/446 1108/1518/446
f 1108/1518/446 1231/1519/445 1110/1520/445
f 1110/1520/445 1233/1521/444 1112/1522/444
f 1112/1522/444 1235/1523/434 1114/1524/434
f 1118/1525/439 1242/1526/439 1119/1527/439
f 1114/1524/434 1240/1431/414 1118/1525/414
f 1195/1528/419 1165/1347/404 1197/1349/404
f 1123/1416/410 1247/1529/409 1124/1417/410
f 1722/1447/410 1245/1530/409 1123/1416/410
f 1096/1531/450 1250/1508/449 1216/1510/450
f 1443/1532/410 1270/1533/435 1447/1534/478
f 1705/1535/433 1489/1536/433 1718/1537/433
f 1697/1538/433 1190/1407/433 1300/1539/433
f 1537/1540/479 1189/1403/431 1535/1541/480
f 1535/1541/480 1301/1402/430 1489/1542/481
f 1534/1543/482 1187/1395/428 1536/1544/483
f 1536/1544/483 1188/1394/427 1537/1540/479
f 1185/1392/425 1534/1543/482 1484/1545/484
f 1496/1444/451 1198/1546/438 1495/1420/438
f 1107/1385/485 1205/1547/486 1203/1548/487
f 1494/1384/405 1215/1549/450 1499/1443/450
f 1731/1550/439 1492/1369/419 1739/1551/439
f 1483/1552/488 1185/1392/425 1484/1545/484
f 1286/1553/409 1265/1554/409 1288/1555/409
f 1314/1556/489 1185/1392/425 1311/1557/490
f 1190/1407/433 1241/1558/433 1300/1539/433
f 1263/1378/414 1479/1559/414 1450/1379/414
f 1299/1560/439 1638/1561/439 1519/1562/439
f 1308/1563/491 1526/1564/491 1522/1565/491
f 1287/1566/435 1259/1567/492 1295/1568/493
f 1254/1516/439 1170/1569/439 1252/1570/439
f 1246/1571/409 1434/1572/409 1247/1529/409
f 1116/1573/433 1242/1574/433 1238/1575/433
f 1221/1576/494 1331/1577/495 1324/1578/494
f 1115/1399/496 1213/1579/497 1210/1580/498
f 1238/1575/433 1117/1581/433 1116/1573/433
f 1111/1397/499 1209/1582/500 1206/1583/501
f 1113/1400/502 1210/1580/498 1209/1582/500
f 1109/1387/503 1206/1583/501 1205/1547/486
f 1199/1513/438 1104/1584/451 1102/1511/438
f 1730/1585/439 1089/1586/419 1195/1528/419
f 1304/1388/504 1203/1548/487 1313/1587/505
f 1728/1588/409 1245/1530/409 1729/1589/409
f 1244/1590/409 1247/1529/409 1245/1530/409
f 1308/1563/476 1319/1497/476 1318/1591/476
f 1236/1592/506 1240/1431/414 1235/1523/434
f 1239/1429/439 1482/1593/439 1300/1594/439
f 1236/1592/506 1233/1521/444 1234/1595/444
f 1232/1596/445 1233/1521/444 1231/1519/445
f 1230/1597/446 1231/1519/445 1229/1517/446
f 1230/1597/446 1227/1491/447 1228/1598/448
f 1224/1599/439 1227/1491/447 1223/1514/439
f 1200/1600/414 1480/1601/414 1452/1602/414
f 1215/1549/450 1250/1508/449 1251/1603/449
f 1251/1603/449 1248/1507/451 1249/1604/451
f 1218/1605/409 1219/1353/409 1220/1606/409
f 1220/1606/409 1312/1502/409 1214/1607/409
f 1184/1608/507 1326/1609/395 1193/1338/395
f 1291/1610/410 1265/1554/409 1256/1611/410
f 1254/1516/439 1224/1599/439 1223/1514/439
f 1252/1570/439 1255/1503/439 1254/1516/439
f 1440/1612/409 1271/1613/409 1435/1614/409
f 1238/1575/433 1241/1558/433 1237/1406/433
f 1213/1615/433 1237/1406/433 1212/1616/433
f 1209/1582/508 1211/1401/509 1208/1404/510
f 1210/1580/511 1212/1617/512 1211/1401/509
f 1205/1547/486 1207/1393/426 1204/1618/513
f 1206/1583/514 1208/1404/510 1207/1393/515
f 1203/1548/487 1204/1618/513 1202/1390/423
f 1201/1512/439 1198/1546/438 1199/1513/438
f 1199/1513/438 1249/1604/451 1248/1507/451
f 1197/1349/404 1226/1383/405 1196/1619/404
f 1195/1528/419 1196/1619/404 1194/1367/419
f 1216/1510/450 1226/1383/405 1225/1348/405
f 1195/1528/419 1731/1550/439 1730/1585/439
f 1313/1587/516 1202/1390/517 1314/1556/518
f 1161/1620/519 1331/1577/495 1179/1621/495
f 1512/1361/414 1264/1622/414 1513/1623/414
f 1273/1624/409 1515/1625/409 1514/1626/409
f 1259/1627/414 1266/1628/414 1263/1378/414
f 1266/1628/414 1256/1629/414 1265/1630/414
f 1266/1628/414 1298/1631/414 1263/1378/414
f 1265/1630/414 1267/1360/414 1266/1628/414
f 1291/1610/410 1260/1632/435 1287/1566/435
f 1124/1417/410 1446/1633/436 1181/1415/435
f 1510/1428/409 1441/1634/409 1246/1571/409
f 1452/1602/64 1646/1635/64 1200/1600/64
f 1247/1529/409 1444/1636/410 1124/1417/410
f 1181/1415/435 1474/1637/520 1169/1479/470
f 1296/1499/414 1437/1638/414 1149/1639/414
f 1459/1640/521 1100/1641/177 1096/1642/522
f 1277/1643/409 1516/1644/409 1515/1625/409
f 1272/1645/410 1275/1646/436 1270/1533/435
f 1272/1645/410 1276/1647/409 1279/1648/410
f 1270/1533/435 1293/1649/523 1292/1650/524
f 1269/1651/409 1276/1647/409 1271/1613/409
f 1283/1652/409 1517/1653/409 1516/1644/409
f 1279/1648/410 1281/1654/436 1275/1646/436
f 1276/1647/409 1285/1655/410 1279/1648/410
f 1275/1646/436 1294/1656/523 1293/1649/523
f 1274/1657/409 1282/1658/409 1276/1647/409
f 1289/1659/409 1513/1660/409 1517/1653/409
f 1285/1655/410 1287/1566/435 1281/1654/436
f 1285/1655/410 1288/1555/409 1291/1610/410
f 1281/1654/436 1295/1568/493 1294/1656/523
f 1280/1661/409 1288/1555/409 1282/1658/409
f 1164/1470/465 1097/1662/525 1165/1471/177
f 1103/1663/526 1425/1664/526 1105/1665/526
f 1278/1666/527 1422/1667/527 1268/1668/527
f 1098/1669/528 1429/1670/529 1427/1671/530
f 1105/1665/526 1428/1672/531 1101/1673/531
f 1467/1674/177 1099/1675/177 1102/1676/177
f 1435/1614/409 1272/1645/410 1443/1532/410
f 1480/1601/414 1201/1677/414 1449/1380/414
f 1473/1366/418 1270/1533/435 1292/1650/524
f 1164/1470/465 1474/1637/520 1461/1678/532
f 1104/1679/177 1467/1674/177 1102/1676/177
f 1100/1641/177 1464/1680/177 1104/1679/177
f 1461/1678/532 1096/1642/522 1097/1662/525
f 1268/1681/533 1293/1649/523 1278/1682/533
f 1278/1682/533 1294/1656/523 1284/1683/533
f 1290/1372/420 1294/1656/523 1295/1568/493
f 1101/1374/422 1465/1684/534 1105/1375/415
f 1243/1365/417 1292/1650/524 1268/1681/533
f 1299/1560/414 1438/1685/414 1476/1686/414
f 1262/1687/414 1511/1359/414 1519/1562/414
f 1262/1687/414 1479/1559/414 1298/1631/414
f 1476/1686/177 1639/1688/177 1299/1560/177
f 1702/1689/433 1482/1690/433 1143/1691/433
f 1717/1692/439 1303/1693/439 1706/1694/439
f 1697/1538/433 1482/1690/433 1714/1695/433
f 1694/1696/439 1521/1697/439 1717/1692/439
f 1693/1698/433 1190/1407/433 1710/1699/433
f 1713/1700/409 1315/1701/409 1698/1702/409
f 1158/1703/535 1305/1704/536 1304/1705/537
f 1179/1621/538 1305/1704/536 1161/1620/539
f 1308/1563/540 1144/1706/541 1309/1495/542
f 1221/1576/543 1306/1707/544 1179/1621/538
f 1522/1565/545 1311/1708/546 1483/1709/547
f 1192/1340/548 1314/1710/549 1193/1338/550
f 1158/1703/535 1313/1711/551 1192/1340/548
f 1193/1338/550 1311/1708/546 1184/1608/552
f 1312/1712/553 1221/1576/543 1222/1713/554
f 1303/1714/433 1523/1715/433 1317/1716/433
f 1317/1716/433 1520/1717/433 1302/1718/433
f 1316/1719/433 1523/1715/433 1521/1720/433
f 1222/1713/554 1214/1721/555 1312/1712/553
f 1490/1423/556 1214/1721/555 1191/1722/557
f 1323/1723/558 1327/1724/558 1326/1725/558
f 1526/1726/559 1319/1727/560 1524/1728/561
f 1319/1727/560 1525/1729/562 1524/1728/561
f 1321/1730/563 1325/1731/558 1327/1724/558
f 1328/1732/558 1331/1733/558 1330/1734/558
f 1326/1725/558 1328/1732/558 1329/1735/558
f 1327/1724/558 1324/1736/558 1328/1732/558
f 1329/1735/558 1330/1734/558 1332/1737/558
f 1222/1713/440 1322/1424/440 1191/1722/440
f 1221/1576/494 1325/1738/440 1222/1713/440
f 1161/1620/519 1332/1739/564 1330/1740/519
f 1192/1340/397 1332/1739/564 1158/1703/565
f 1171/1741/566 1364/1742/566 1162/1743/566
f 1338/1744/566 1355/1453/566 1348/1745/566
f 1333/1487/473 1357/1746/567 1343/1747/473
f 1093/1748/567 1366/1749/567 1363/1750/567
f 1121/1751/454 1371/1752/454 1178/1753/454
f 1338/1744/566 1354/1754/566 1342/1755/566
f 1160/1489/454 1736/1756/454 1726/1757/454
f 1336/1758/454 1366/1749/454 1122/1759/454
f 1173/1760/568 1369/1761/569 1092/1762/569
f 1341/1763/412 1354/1754/412 1353/1357/412
f 1162/1743/454 1738/1764/454 1733/1765/454
f 1334/1341/398 1359/1766/570 1337/1767/571
f 1734/1768/463 1345/1769/177 1736/1770/177
f 1344/1771/572 1356/1772/573 1345/1769/177
f 1351/1773/177 1348/1774/574 1355/1775/177
f 1350/1776/177 1347/1777/575 1351/1773/177
f 1737/1778/475 1344/1771/572 1734/1768/463
f 1363/1750/576 1344/1771/572 1362/1779/577
f 1364/1742/452 1735/1780/578 1738/1764/475
f 1366/1749/579 1358/1781/580 1359/1782/581
f 1366/1749/579 1346/1783/582 1363/1750/576
f 1364/1742/452 1343/1784/463 1357/1785/452
f 1368/1786/583 1347/1777/575 1367/1787/584
f 1370/1788/585 1349/1789/586 1352/1790/585
f 1372/1791/587 1353/1792/588 1354/1793/587
f 1372/1791/587 1348/1774/574 1368/1786/583
f 1369/1761/589 1347/1777/575 1349/1789/586
f 1370/1788/585 1353/1792/588 1371/1752/588
f 1154/1794/590 1367/1787/568 1173/1760/568
f 1094/1795/591 1345/1796/592 1356/1342/399
f 1339/1797/593 1350/1798/594 1091/1799/594
f 1092/1762/566 1370/1788/566 1121/1751/566
f 1725/1800/412 1358/1801/412 1735/1802/412
f 1732/1803/412 1362/1779/595 1737/1778/412
f 1091/1799/454 1351/1804/454 1177/1452/454
f 1178/1753/454 1372/1791/454 1155/1805/454
f 1120/1806/412 1359/1766/570 1358/1801/412
f 1093/1748/596 1362/1779/595 1090/1807/595
f 1339/1797/593 1352/1358/413 1349/1808/597
f 1154/1794/567 1372/1791/567 1368/1786/567
f 1374/1809/64 1375/1810/64 1373/1811/64
f 1376/1812/409 1384/1813/409 1382/1814/409
f 1380/1815/598 1377/1816/177 1379/1817/598
f 1378/1818/414 1373/1819/414 1377/1816/414
f 1379/1817/439 1373/1819/439 1375/1820/439
f 1376/1812/409 1378/1818/409 1380/1815/409
f 1382/1814/433 1383/1821/433 1381/1822/433
f 1376/1823/64 1381/1824/64 1375/1810/64
f 1379/1817/598 1384/1813/599 1380/1815/598
f 1375/1820/439 1383/1821/439 1379/1817/439
f 1386/1825/64 1387/1826/64 1385/1827/64
f 1388/1828/409 1396/1829/409 1394/1830/409
f 1392/1831/598 1389/1832/177 1391/1833/598
f 1390/1834/414 1385/1835/414 1389/1832/414
f 1391/1833/439 1385/1835/439 1387/1836/439
f 1388/1828/409 1390/1834/409 1392/1831/409
f 1394/1830/433 1395/1837/433 1393/1838/433
f 1388/1839/64 1393/1840/64 1387/1826/64
f 1391/1833/598 1396/1829/599 1392/1831/598
f 1387/1836/439 1395/1837/439 1391/1833/439
f 1398/1841/64 1399/1842/64 1397/1843/64
f 1400/1844/409 1408/1845/409 1406/1846/409
f 1404/1847/598 1401/1848/177 1403/1849/598
f 1402/1850/414 1397/1851/414 1401/1848/414
f 1403/1849/439 1397/1851/439 1399/1852/439
f 1404/1847/409 1398/1853/409 1402/1850/409
f 1406/1846/433 1407/1854/433 1405/1855/433
f 1400/1856/64 1405/1857/64 1399/1842/64
f 1403/1849/598 1408/1845/599 1404/1847/598
f 1399/1852/439 1407/1854/439 1403/1849/439
f 1410/1858/64 1411/1859/64 1409/1860/64
f 1412/1861/409 1420/1862/409 1418/1863/409
f 1416/1864/598 1413/1865/177 1415/1866/598
f 1414/1867/414 1409/1868/414 1413/1865/414
f 1415/1866/439 1409/1868/439 1411/1869/439
f 1416/1864/409 1410/1858/409 1414/1867/409
f 1418/1863/433 1419/1870/433 1417/1871/433
f 1412/1861/64 1417/1872/64 1411/1859/64
f 1415/1866/598 1420/1862/599 1416/1864/598
f 1411/1869/439 1419/1870/439 1415/1866/439
f 1427/1873/415 1422/1874/415 1421/1875/415
f 1422/1874/415 1423/1876/415 1421/1875/415
f 1424/1877/415 1425/1878/415 1423/1876/415
f 1425/1878/415 1430/1879/415 1428/1880/415
f 1101/1673/531 1430/1881/600 1290/1882/600
f 1284/1883/527 1424/1884/527 1278/1666/527
f 1095/1885/526 1423/1886/526 1103/1663/526
f 1098/1669/528 1421/1887/526 1095/1885/526
f 1290/1882/600 1426/1888/527 1284/1883/527
f 1268/1668/527 1429/1670/529 1243/1889/529
f 1459/1640/601 1463/1890/602 1460/1891/603
f 1460/1891/604 1462/1364/605 1458/1363/606
f 1432/1892/607 1469/1893/608 1433/1894/609
f 1433/1894/610 1468/1373/611 1431/1895/612
f 1465/1684/613 1469/1893/614 1466/1896/613
f 1466/1896/615 1467/1674/608 1464/1680/616
f 1465/1684/613 1472/1897/617 1471/1376/617
f 1466/1896/615 1470/1898/615 1472/1897/615
f 1459/1640/601 1472/1897/615 1470/1898/615
f 1460/1891/604 1471/1376/617 1472/1897/617
f 1447/1534/618 1475/1899/619 1448/1900/620
f 1475/1899/621 1446/1633/622 1448/1900/623
f 1518/1501/409 1637/1901/409 1296/1499/409
f 1440/1612/624 1528/1902/625 1527/1903/625
f 1443/1532/626 1436/1904/624 1435/1614/624
f 1445/1905/627 1434/1572/628 1436/1904/628
f 1442/1906/628 1529/1907/629 1528/1902/629
f 1455/1908/409 1514/1626/409 1527/1903/409
f 1450/1379/414 1481/1909/414 1451/1910/414
f 1451/1910/414 1480/1601/414 1449/1380/414
f 1450/1379/414 1433/1911/414 1431/1377/414
f 1433/1911/414 1449/1380/414 1432/1382/414
f 1443/1532/626 1448/1900/620 1445/1905/630
f 1448/1900/623 1444/1636/631 1445/1905/627
f 1435/1614/624 1442/1906/624 1440/1612/624
f 1436/1904/628 1441/1634/628 1442/1906/628
f 1474/1637/632 1463/1890/602 1461/1678/633
f 1475/1899/619 1462/1364/605 1463/1890/634
f 1438/1685/414 1478/1912/414 1476/1686/414
f 1478/1912/414 1437/1638/414 1477/1913/414
f 1479/1559/414 1454/1914/414 1481/1909/414
f 1454/1914/414 1480/1601/414 1481/1909/414
f 1468/1373/421 1259/1567/492 1431/1895/635
f 1307/1915/636 1144/1706/541 1145/1916/637
f 1224/1599/439 1503/1505/439 1502/1439/439
f 1502/1439/439 1176/1917/439 1125/1918/439
f 1440/1612/409 1514/1626/409 1269/1651/409
f 1528/1902/629 1456/1919/638 1457/1920/638
f 1527/1903/625 1457/1920/625 1455/1908/625
f 1453/1921/64 1643/1922/64 1454/1914/64
f 1524/1728/561 1322/1923/563 1321/1730/563
f 1526/1726/559 1321/1730/563 1323/1723/558
f 1307/1915/636 1498/1924/639 1490/1423/556
f 1315/1925/433 1523/1715/433 1140/1926/433
f 1308/1563/540 1483/1709/547 1126/1927/640
f 1709/1928/64 1316/1929/64 1694/1696/64
f 1701/1930/409 1520/1931/409 1713/1700/409
f 1454/1914/64 1645/1932/64 1452/1602/64
f 1299/1560/414 1511/1359/414 1257/1933/414
f 1286/1553/409 1513/1660/409 1264/1934/409
f 1280/1661/409 1517/1653/409 1286/1553/409
f 1515/1625/409 1280/1661/409 1274/1657/409
f 1519/1562/439 1647/1935/439 1262/1687/439
f 1147/1427/409 1529/1907/409 1510/1428/409
f 1269/1651/409 1515/1625/409 1274/1657/409
f 1512/1361/414 1258/1936/414 1261/1937/414
f 1522/1565/491 1323/1938/507 1184/1608/507
f 1477/1913/177 1641/1939/177 1478/1912/177
f 1483/1552/488 1131/1940/484 1126/1941/488
f 1723/1942/439 1492/1369/419 1127/1943/419
f 1129/1944/405 1499/1443/450 1151/1442/450
f 1150/1945/451 1495/1420/438 1148/1946/438
f 1484/1545/484 1133/1947/482 1131/1940/484
f 1487/1948/641 1542/1949/642 1486/1950/643
f 1488/1951/644 1543/1952/645 1487/1948/641
f 1535/1541/480 1141/1953/481 1139/1954/480
f 1532/1955/646 1541/1956/646 1533/1957/646
f 1698/1702/64 1140/1958/64 1709/1928/64
f 1176/1917/439 1491/1504/439 1157/1959/439
f 1200/1600/414 1497/1500/414 1297/1960/414
f 1249/1604/451 1500/1441/449 1251/1603/449
f 1251/1603/449 1499/1443/450 1215/1549/450
f 1502/1439/439 1228/1598/448 1224/1599/439
f 1504/1437/447 1230/1597/446 1228/1598/448
f 1505/1435/446 1232/1596/445 1230/1597/446
f 1506/1433/445 1234/1595/444 1232/1596/445
f 1507/1432/444 1236/1592/506 1234/1595/444
f 1143/1961/439 1509/1409/439 1142/1962/439
f 1501/1426/409 1246/1571/409 1244/1590/409
f 1307/1915/440 1525/1425/440 1320/1496/440
f 1148/1946/438 1497/1422/439 1149/1963/439
f 1508/1410/434 1239/1429/414 1236/1592/506
f 1128/1964/404 1494/1384/405 1129/1944/405
f 1127/1943/419 1493/1368/404 1128/1964/404
f 1511/1359/414 1261/1937/414 1257/1933/414
f 1531/1965/647 1137/1966/648 1530/1967/648
f 1532/1955/649 1135/1968/650 1133/1947/482
f 1533/1957/650 1137/1966/648 1135/1968/650
f 1485/1969/651 1133/1947/482 1534/1543/482
f 1531/1965/647 1535/1541/480 1139/1954/480
f 1486/1950/652 1537/1540/479 1487/1948/653
f 1485/1969/651 1536/1544/483 1486/1950/652
f 1488/1951/644 1537/1540/479 1535/1541/480
f 1541/1956/654 1543/1952/655 1538/1970/656
f 1540/1971/657 1542/1949/658 1541/1956/654
f 1538/1970/656 1545/1972/659 1539/1973/660
f 1531/1965/661 1538/1970/661 1539/1973/661
f 1485/1969/651 1540/1971/657 1532/1955/649
f 1530/1967/661 1541/1956/646 1538/1970/661
f 1485/1969/662 1542/1949/642 1544/1974/662
f 1488/1951/644 1539/1973/660 1545/1972/659
f 1547/1975/663 1548/1976/664 1550/1977/665
f 1551/1978/666 1550/1977/665 1546/1979/666
f 1553/1980/667 1554/1981/664 1556/1982/665
f 1557/1983/668 1556/1982/665 1552/1984/666
f 1559/1985/667 1560/1986/664 1562/1987/665
f 1563/1988/666 1562/1987/665 1558/1989/668
f 1565/1990/663 1566/1991/664 1568/1992/665
f 1569/1993/668 1568/1992/665 1564/1994/668
f 1571/1995/663 1572/1996/664 1574/1997/665
f 1575/1998/668 1574/1997/665 1570/1999/668
f 1577/2000/663 1578/2001/664 1580/2002/665
f 1581/2003/668 1580/2002/665 1576/2004/666
f 1583/2005/663 1584/2006/664 1586/2007/665
f 1587/2008/668 1586/2007/665 1582/2009/666
f 1589/2010/669 1590/2011/670 1592/2012/671
f 1593/2013/672 1592/2012/671 1588/2014/673
f 1595/2015/674 1596/2016/675 1598/2017/676
f 1599/2018/677 1598/2017/676 1594/2019/678
f 1601/2020/674 1602/2021/675 1604/2022/676
f 1605/2023/677 1604/2022/676 1600/2024/678
f 1607/2025/674 1608/2026/675 1610/2027/676
f 1611/2028/677 1610/2027/676 1606/2029/678
f 1613/2030/674 1614/2031/675 1616/2032/676
f 1617/2033/677 1616/2032/676 1612/2034/678
f 1619/2035/679 1620/2036/680 1622/2037/681
f 1623/2038/682 1622/2037/681 1618/2039/683
f 1630/2040/64 1655/2041/64 1629/2042/64
f 1625/2043/684 1656/2044/64 1630/2040/64
f 1635/2045/685 1665/2046/177 1632/2047/177
f 1629/2042/64 1664/2048/64 1628/2049/64
f 1631/2050/177 1653/2051/177 1633/2052/177
f 1633/2052/177 1661/2053/686 1634/2054/686
f 1627/2055/687 1666/2056/409 1626/2057/409
f 1635/2045/685 1666/2056/409 1668/2058/685
f 1296/1499/177 1642/2059/177 1477/1913/177
f 1262/1687/64 1644/2060/64 1453/1921/64
f 1478/1912/177 1640/2061/177 1476/1686/177
f 1200/1600/409 1636/2062/409 1518/1501/409
f 1625/2043/414 1636/2062/414 1624/2063/414
f 1627/2055/414 1638/1561/414 1639/1688/414
f 1628/2049/414 1641/1939/414 1629/2042/414
f 1629/2042/414 1642/2059/414 1630/2040/414
f 1631/2050/414 1644/2060/414 1632/2047/414
f 1633/2052/414 1643/1922/414 1631/2050/414
f 1625/2043/414 1642/2059/414 1637/1901/414
f 1627/2055/414 1640/2061/414 1628/2049/414
f 1634/2054/414 1645/1932/414 1633/2052/414
f 1635/2045/414 1644/2060/414 1647/1935/414
f 1634/2054/414 1636/2062/414 1646/1635/414
f 1635/2045/414 1638/1561/414 1626/2057/414
f 1658/2064/414 1653/2051/414 1652/2065/414
f 1660/2066/686 1670/2067/439 1657/2068/439
f 1663/2069/414 1655/2041/414 1650/2070/414
f 1650/2070/414 1656/2044/414 1652/2065/414
f 1651/2071/414 1652/2065/414 1653/2051/414
f 1665/2046/414 1650/2070/414 1651/2071/414
f 1662/2072/684 1672/2073/688 1654/2074/689
f 1659/2075/414 1652/2065/414 1656/2044/414
f 1634/2054/686 1658/2064/439 1624/2063/439
f 1625/2043/684 1658/2064/439 1659/2075/684
f 1628/2049/64 1667/2076/687 1627/2055/687
f 1632/2047/177 1651/2071/177 1631/2050/177
f 1649/2077/414 1663/2069/414 1648/2078/414
f 1654/2074/414 1663/2069/414 1665/2046/414
f 1660/2066/414 1666/2056/414 1667/2076/414
f 1660/2066/414 1664/2048/414 1649/2077/414
f 1654/2074/414 1668/2058/414 1662/2072/414
f 1662/2072/414 1666/2056/414 1657/2068/414
f 1669/2079/690 1674/2080/414 1670/2081/414
f 1671/2082/691 1670/2081/414 1673/2083/414
f 1648/2078/692 1671/2084/691 1649/2077/693
f 1657/2068/439 1674/2085/684 1662/2072/684
f 1649/2077/693 1673/2086/686 1660/2066/686
f 1648/2078/692 1672/2073/688 1669/2087/690
f 1680/2088/694 1689/2089/695 1681/2090/695
f 1686/2091/696 1689/2089/697 1687/2092/698
f 1681/2090/695 1692/2093/699 1683/2094/699
f 1677/2095/700 1684/2096/701 1685/2097/700
f 1677/2095/700 1687/2092/702 1679/2098/702
f 1675/2099/703 1684/2096/701 1678/2100/704
f 1679/2098/702 1688/2101/694 1680/2088/694
f 1682/2102/705 1692/2093/699 1690/2103/706
f 1676/2104/707 1690/2103/706 1691/2105/708
f 1241/1430/439 1242/1526/439 1240/1431/439
f 1714/1695/709 1704/2106/710 1716/2107/711
f 1716/2107/711 1703/2108/712 1715/2109/713
f 1715/2109/713 1701/1930/714 1713/1700/715
f 1718/1537/716 1695/2110/717 1720/2111/718
f 1720/2111/718 1696/2112/719 1719/2113/720
f 1719/2113/720 1694/1696/721 1717/1692/722
f 1710/1699/723 1699/2114/724 1712/2115/725
f 1712/2115/725 1700/2116/726 1711/2117/727
f 1711/2117/727 1698/1702/728 1709/1928/729
f 1710/1699/723 1695/2110/717 1693/1698/730
f 1712/2115/725 1696/2112/719 1695/2110/717
f 1711/2117/727 1694/1696/721 1696/2112/719
f 1714/1695/709 1699/2114/724 1697/1538/731
f 1716/2107/711 1700/2116/726 1699/2114/724
f 1715/2109/713 1698/1702/728 1700/2116/726
f 1718/1537/716 1707/2118/732 1705/1535/733
f 1720/2111/718 1708/2119/734 1707/2118/732
f 1719/2113/720 1706/1694/735 1708/2119/734
f 1693/1698/433 1489/1536/433 1301/1405/433
f 1145/2120/409 1678/2121/409 1498/2122/409
f 1214/1607/409 1678/2121/409 1677/2123/409
f 1218/1605/409 1679/2124/409 1680/2125/409
f 1220/1606/409 1677/2123/409 1679/2124/409
f 1157/1959/439 1739/1551/439 1723/1942/439
f 1146/2126/409 1682/2127/409 1676/2128/409
f 1501/1426/409 1683/2129/409 1682/2127/409
f 1171/1741/412 1737/1778/412 1361/2130/412
f 1335/2131/412 1735/1802/412 1357/1746/412
f 1738/1764/475 1358/1781/580 1365/2132/580
f 1361/2130/452 1734/1768/463 1343/1784/463
f 1343/1784/463 1736/1770/177 1360/2133/177
f 1733/1765/454 1365/2132/454 1336/1758/454
f 1726/1757/454 1345/1796/592 1166/2134/736
f 1730/1585/439 1253/2135/439 1252/1570/439
f 1728/1588/409 1217/2136/409 1218/1605/409
f 1252/1570/439 1724/2137/439 1730/1585/439
f 1253/2135/439 1739/1551/439 1491/1504/439
f 1156/1354/410 1729/1589/409 1722/1447/410
f 1721/1475/467 1180/2138/435 1168/1478/467
f 1160/1484/177 1724/1482/177 1170/1459/177
f 1725/1476/468 1168/1478/467 1120/2139/468
f 1732/1451/453 1336/2140/737 1090/1344/401
f 1180/2138/435 1722/1447/410 1123/1416/410
f 1728/1588/409 1683/2129/409 1244/1590/409
f 1681/2141/409 1218/1605/409 1680/2125/409
s 0
f 1767/2142/738 1742/2143/738 1766/2144/738
f 1745/2145/177 1740/2146/177 1744/2147/177
f 1771/2148/739 1740/2149/739 1768/2150/739
f 1784/2151/439 1744/2152/439 1771/2148/439
f 1759/2153/177 1744/2147/177 1758/2154/177
f 1768/2150/740 1746/2155/740 1772/2156/740
f 1740/2146/177 1747/2157/177 1746/2158/177
f 1748/2159/741 1776/2160/741 1774/2161/741
f 1752/2162/177 1748/2163/177 1754/2164/177
f 1754/2165/439 1774/2161/439 1779/2166/439
f 1749/2167/177 1750/2168/177 1748/2163/177
f 1772/2156/439 1755/2169/439 1778/2170/439
f 1747/2157/177 1755/2171/177 1746/2158/177
f 1753/2172/177 1754/2164/177 1755/2171/177
f 1757/2173/439 1783/2174/439 1782/2175/439
f 1754/2165/177 1757/2176/177 1755/2177/177
f 1755/2169/742 1782/2175/742 1778/2170/742
f 1763/2178/177 1758/2154/177 1760/2179/177
f 1789/2180/439 1758/2181/439 1784/2151/439
f 1742/2143/439 1788/2182/439 1766/2144/439
f 1742/2183/177 1762/2184/177 1761/2185/177
f 1762/2184/177 1760/2179/177 1761/2185/177
f 1790/2186/439 1764/2187/439 1791/2188/439
f 1760/2179/177 1765/2189/177 1761/2185/177
f 1788/2182/743 1765/2190/743 1790/2186/743
f 1789/2180/744 1764/2187/744 1760/2191/744
f 1786/2192/409 1763/2193/409 1762/2194/409
f 1767/2195/409 1762/2194/409 1743/2196/409
f 1787/2197/409 1759/2198/409 1763/2193/409
f 1780/2199/409 1752/2200/409 1753/2201/409
f 1773/2202/409 1753/2201/409 1747/2203/409
f 1779/2166/745 1756/2204/745 1754/2165/745
f 1775/2205/409 1751/2206/409 1749/2207/409
f 1751/2208/414 1776/2160/414 1750/2209/414
f 1769/2210/409 1747/2203/409 1741/2211/409
f 1781/2212/409 1749/2207/409 1752/2200/409
f 1785/2213/409 1745/2214/409 1759/2198/409
f 1770/2215/409 1741/2211/409 1745/2214/409
s 1
f 1796/2216/746 1797/2217/747 1792/2218/746
f 1792/2218/746 1794/2219/748 1793/2220/746
f 1802/2221/746 1803/2222/747 1798/2223/746
f 1798/2223/746 1800/2224/748 1799/2225/746
f 1808/2226/746 1809/2227/747 1804/2228/746
f 1804/2228/746 1806/2229/748 1805/2230/746
f 1814/2231/746 1815/2232/747 1810/2233/746
f 1810/2233/746 1812/2234/748 1811/2235/746
f 1819/2236/746 1821/2237/747 1817/2238/746
f 1817/2238/746 1818/2239/748 1816/2240/746
f 1825/2241/746 1827/2242/747 1823/2243/746
f 1823/2243/746 1824/2244/748 1822/2245/746
f 1831/2246/746 1833/2247/747 1829/2248/746
f 1829/2248/746 1830/2249/748 1828/2250/746
f 1837/2251/746 1839/2252/747 1835/2253/746
f 1835/2253/746 1836/2254/748 1834/2255/746
f 1843/2256/746 1845/2257/747 1841/2258/746
f 1841/2258/746 1842/2259/748 1840/2260/746
f 1849/2261/746 1851/2262/747 1847/2263/746
f 1847/2263/746 1848/2264/748 1846/2265/746
f 1855/2266/746 1857/2267/747 1853/2268/746
f 1853/2268/746 1854/2269/748 1852/2270/746
f 1861/2271/746 1863/2272/747 1859/2273/746
f 1859/2273/746 1860/2274/748 1858/2275/746
f 1867/2276/746 1869/2277/747 1865/2278/746
f 1865/2278/746 1866/2279/748 1864/2280/746
f 1590/2281/177 1835/2282/177 1592/2283/177
f 1569/2284/749 1815/2285/747 1565/2286/750
f 1793/2287/433 1551/2288/433 1546/2289/433
f 1863/2290/747 1615/2291/749 1613/2292/750
f 1817/2293/177 1570/2294/177 1574/2295/177
f 1795/2296/414 1548/2297/414 1549/2298/414
f 1614/2299/177 1859/2300/177 1616/2301/177
f 1593/2302/749 1839/2303/747 1589/2304/750
f 1816/2305/433 1575/2306/433 1570/2294/433
f 1797/2307/747 1549/2298/749 1547/2308/749
f 1841/2309/177 1594/2310/177 1598/2311/177
f 1820/2312/414 1572/2313/414 1573/2314/414
f 1548/2297/177 1792/2315/177 1550/2316/177
f 1617/2317/750 1863/2290/747 1613/2292/750
f 1594/2310/678 1842/2318/433 1599/2319/677
f 1821/2320/747 1573/2314/749 1571/2321/749
f 1865/2322/177 1618/2323/177 1622/2324/177
f 1844/2325/414 1596/2326/675 1597/2327/751
f 1572/2313/177 1817/2293/177 1574/2295/177
f 1551/2288/750 1797/2307/747 1547/2308/749
f 1864/2328/433 1623/2329/682 1618/2323/683
f 1845/2330/747 1597/2327/750 1595/2331/750
f 1798/2332/177 1552/2333/177 1556/2334/177
f 1868/2335/414 1620/2336/680 1621/2337/752
f 1596/2326/177 1841/2309/177 1598/2311/177
f 1575/2306/749 1821/2320/747 1571/2321/749
f 1799/2338/433 1557/2339/433 1552/2333/433
f 1869/2340/747 1621/2337/749 1619/2341/750
f 1823/2342/177 1576/2343/177 1580/2344/177
f 1801/2345/414 1554/2346/414 1555/2347/414
f 1620/2336/177 1865/2322/177 1622/2324/177
f 1599/2319/749 1845/2330/747 1595/2331/750
f 1822/2348/433 1581/2349/433 1576/2343/433
f 1803/2350/747 1555/2347/749 1553/2351/749
f 1847/2352/177 1600/2353/177 1604/2354/177
f 1826/2355/414 1578/2356/414 1579/2357/414
f 1554/2346/177 1798/2332/177 1556/2334/177
f 1623/2329/750 1869/2340/747 1619/2341/750
f 1846/2358/433 1605/2359/677 1600/2353/678
f 1827/2360/747 1579/2357/749 1577/2361/749
f 1850/2362/414 1602/2363/675 1603/2364/751
f 1578/2356/177 1823/2342/177 1580/2344/177
f 1557/2339/749 1803/2350/747 1553/2351/749
f 1851/2365/747 1603/2364/749 1601/2366/750
f 1804/2367/177 1558/2368/177 1562/2369/177
f 1602/2363/177 1847/2352/177 1604/2354/177
f 1581/2349/750 1827/2360/747 1577/2361/749
f 1805/2370/433 1563/2371/433 1558/2368/433
f 1829/2372/177 1582/2373/177 1586/2374/177
f 1807/2375/414 1560/2376/414 1561/2377/414
f 1605/2359/750 1851/2365/747 1601/2366/750
f 1582/2373/433 1830/2378/433 1587/2379/433
f 1809/2380/747 1561/2377/750 1559/2381/750
f 1853/2382/177 1606/2383/177 1610/2384/177
f 1832/2385/414 1584/2386/414 1585/2387/414
f 1560/2376/177 1804/2367/177 1562/2369/177
f 1852/2388/433 1611/2389/677 1606/2383/678
f 1833/2390/747 1585/2387/749 1583/2391/749
f 1856/2392/414 1608/2393/675 1609/2394/751
f 1584/2386/177 1829/2372/177 1586/2374/177
f 1563/2371/750 1809/2380/747 1559/2381/750
f 1857/2395/747 1609/2394/750 1607/2396/749
f 1810/2397/177 1564/2398/177 1568/2399/177
f 1608/2393/177 1853/2382/177 1610/2384/177
f 1587/2379/750 1833/2390/747 1583/2391/749
f 1564/2398/433 1812/2400/433 1569/2284/433
f 1835/2282/177 1588/2401/177 1592/2283/177
f 1813/2402/414 1566/2403/414 1567/2404/414
f 1611/2389/749 1857/2395/747 1607/2396/749
f 1834/2405/433 1593/2302/672 1588/2401/673
f 1815/2285/747 1567/2404/750 1565/2286/750
f 1859/2300/177 1612/2406/177 1616/2301/177
f 1838/2407/414 1590/2281/670 1591/2408/753
f 1566/2403/177 1810/2397/177 1568/2399/177
f 1858/2409/433 1617/2317/677 1612/2406/678
f 1839/2303/747 1591/2408/750 1589/2304/750
f 1792/2315/177 1546/2289/177 1550/2316/177
f 1862/2410/414 1614/2299/675 1615/2291/751
f 2071/2411/754 1945/2412/755 1944/2413/756
f 2076/2414/757 2098/2415/758 1875/2416/759
f 1903/2417/760 1871/2418/761 1874/2419/762
f 1977/2420/405 1918/2421/404 1949/2422/404
f 1926/2423/763 1902/2424/764 1873/2425/765
f 1910/2426/766 1971/2427/409 1928/2428/766
f 2082/2429/767 2095/2430/768 2083/2431/768
f 2247/2432/414 2016/2433/414 2043/2434/414
f 1879/2435/769 2194/2436/769 1876/2437/769
f 1995/2438/770 2198/2439/771 1879/2435/769
f 2229/2440/404 1946/2441/419 2228/2442/419
f 2194/2436/769 1884/2443/769 1876/2437/769
f 2204/2444/772 2035/2445/773 1882/2446/774
f 2207/2447/769 1886/2448/769 1884/2443/769
f 2012/2449/414 2173/2450/414 2189/2451/414
f 1880/2452/414 2188/2453/414 2174/2454/414
f 2229/2440/404 1978/2455/405 1948/2456/404
f 1888/2457/64 1889/2458/64 1887/2459/64
f 2047/2460/64 1887/2459/64 1912/2461/64
f 1938/2462/775 1954/2463/776 1937/2464/777
f 1940/2465/778 1959/2466/779 1939/2467/780
f 1938/2462/775 1959/2466/779 1956/2468/781
f 1890/2469/64 1891/2470/64 1889/2458/64
f 1896/2471/64 1893/2472/64 1894/2473/64
f 1894/2473/64 1891/2470/64 1892/2474/64
f 2046/2475/782 1963/2476/783 1941/2477/784
f 1941/2477/784 1960/2478/785 1940/2465/778
f 1989/2479/433 2046/2480/433 1942/2481/433
f 2245/2482/414 1138/1408/434 2244/2483/434
f 1898/2484/64 1895/2485/64 1896/2471/64
f 1900/2486/64 1895/2485/64 1897/2487/64
f 1933/2488/786 1904/2489/766 1932/2490/787
f 1935/2491/787 2053/2492/788 2049/2493/789
f 2231/2494/438 2042/2495/439 1950/2496/438
f 2226/2497/440 2064/2498/440 1943/2499/440
f 2237/2500/409 1147/1427/409 1146/2126/409
f 1991/2501/790 1993/2502/791 2045/2503/792
f 2243/2504/444 1138/1408/434 1136/1434/444
f 2242/2505/445 1136/1434/444 1134/1436/445
f 2242/2505/445 1132/1438/446 2241/2506/446
f 2240/2507/448 1132/1438/446 1130/1440/448
f 2240/2507/448 1125/1918/439 2238/2508/439
f 1151/1442/450 2236/2509/449 2235/2510/450
f 1152/1445/449 2232/2511/451 2236/2509/449
f 2446/2512/766 1934/2513/786 2450/2514/786
f 2456/2515/793 1924/2516/793 2455/2517/794
f 2097/2518/795 1929/2519/795 1907/2520/795
f 2047/2521/796 1872/2522/64 2081/2523/797
f 1929/2524/64 1923/2525/64 1907/2526/64
f 2082/2527/798 2047/2521/796 2081/2523/797
f 1927/2528/799 2082/2527/798 2083/2529/800
f 1916/2530/801 2084/2531/802 2080/2532/803
f 1907/2526/64 1916/2530/801 2080/2532/803
f 1875/2533/804 1917/2534/805 2076/2535/806
f 1919/2536/64 1918/2537/64 1875/2533/804
f 2445/2538/807 2077/2539/808 2448/2540/809
f 2079/2541/810 1921/2542/807 1901/2543/809
f 1917/2534/805 2079/2541/810 2076/2535/806
f 2449/2544/64 1870/2545/64 1919/2536/64
f 2077/2539/808 1916/2530/801 2075/2546/803
f 1916/2530/801 1913/2547/64 2075/2546/803
f 2084/2531/802 1927/2528/799 2083/2529/800
f 1872/2522/64 1925/2548/64 1929/2524/64
f 2102/2549/811 2075/2550/811 1913/2551/811
f 1912/2552/439 1979/2553/448 1975/2554/439
f 1934/2513/786 1928/2428/766 1935/2491/787
f 1908/2555/812 1930/2556/813 1926/2423/763
f 1920/2557/814 1935/2491/787 1927/2528/799
f 2450/2514/786 1920/2557/814 2445/2538/807
f 2052/2558/815 2062/2559/815 2050/2560/815
f 1927/2528/799 2049/2493/789 2048/2561/816
f 1922/2562/817 1932/2490/787 1921/2542/807
f 2233/2563/414 2041/2564/414 2254/2565/414
f 1928/2428/766 2055/2566/409 2053/2492/788
f 2227/2567/439 2007/2568/439 2239/2569/439
f 1881/2570/449 2000/2571/451 1885/2572/451
f 1968/2573/450 1878/2574/405 1977/2420/405
f 1953/2575/439 1883/2576/438 1951/2577/438
f 1975/2554/439 1925/2578/439 1912/2552/439
f 1887/2579/447 1981/2580/446 1979/2553/448
f 1889/2581/446 1983/2582/445 1981/2580/446
f 1891/2583/445 1985/2584/444 1983/2582/445
f 1893/2585/444 1987/2586/434 1985/2584/444
f 1899/2587/439 1994/2588/439 1992/2589/439
f 1895/2590/434 1992/2589/414 1987/2586/434
f 1947/2591/419 1918/2421/404 1870/2592/419
f 1904/2489/766 1999/2593/409 1997/2594/409
f 2446/2512/766 1997/2594/409 2452/2595/409
f 1877/2596/450 2002/2597/449 1881/2570/449
f 2019/2598/786 2182/2599/766 2186/2600/818
f 2225/2601/433 1705/1535/433 2442/2602/433
f 2429/2603/433 1942/2481/433 2434/2604/433
f 2273/2605/819 1941/2477/784 1940/2465/778
f 2271/2606/480 2046/2475/782 1941/2477/784
f 2270/2607/482 1939/2467/780 1938/2462/775
f 2272/2608/820 1940/2465/778 1939/2467/780
f 2270/2607/482 1937/2464/777 2220/2609/484
f 1950/2496/438 2232/2511/451 2231/2494/438
f 1957/2610/821 1888/2457/822 1955/2611/823
f 2230/2612/405 1967/2613/450 1978/2455/405
f 2228/2442/419 2454/2614/439 2462/2615/439
f 2220/2609/484 2054/2616/824 2219/2617/488
f 2034/2618/409 2013/2619/409 2032/2620/409
f 1937/2464/777 2057/2621/825 2054/2616/824
f 1942/2481/433 1993/2622/433 1989/2479/433
f 2215/2623/414 2012/2449/414 2189/2451/414
f 2255/2624/439 2375/2625/439 2044/2626/439
f 2262/2627/491 2051/2628/491 2258/2629/491
f 2009/2630/826 2033/2631/786 2040/2632/827
f 2006/2633/439 1923/2634/439 1925/2578/439
f 2176/2635/409 1998/2636/409 1999/2593/409
f 1994/2637/433 1897/2638/433 1990/2639/433
f 2066/2640/828 1931/2641/829 1973/2642/828
f 1965/2643/830 1896/2471/831 1962/2644/832
f 1990/2639/433 1898/2645/433 1965/2646/433
f 1961/2647/833 1892/2474/834 1958/2648/835
f 1962/2644/832 1894/2473/836 1961/2647/833
f 1958/2648/835 1890/2469/837 1957/2610/821
f 1951/2577/438 1885/2572/451 2000/2571/451
f 2453/2649/439 1870/2592/419 2447/2650/439
f 1955/2611/823 2047/2460/838 2056/2651/839
f 2451/2652/409 1997/2594/409 1996/2653/409
f 1997/2594/409 1998/2636/409 1996/2653/409
f 2051/2628/815 2061/2654/815 2052/2558/815
f 1988/2655/506 1992/2589/414 1991/2501/414
f 2045/2503/439 2245/2482/439 1991/2501/439
f 1985/2584/444 1988/2655/506 1986/2656/444
f 1983/2582/445 1986/2656/444 1984/2657/445
f 1981/2580/446 1984/2657/445 1982/2658/446
f 1979/2553/448 1982/2658/446 1980/2659/448
f 1976/2660/439 1979/2553/448 1980/2659/448
f 2216/2661/414 1952/2662/414 2191/2663/414
f 2003/2664/449 1968/2573/450 1967/2613/450
f 2001/2665/451 2002/2597/449 2003/2664/449
f 1971/2427/409 1970/2666/409 1972/2667/409
f 2055/2566/409 1972/2667/409 1966/2668/409
f 2068/2669/755 1936/2670/840 1945/2412/755
f 2036/2671/766 2014/2672/409 2034/2618/409
f 1976/2660/439 2006/2633/439 1975/2554/439
f 2007/2568/439 2004/2673/439 2006/2633/439
f 2177/2674/409 2018/2675/409 2179/2676/409
f 1990/2639/433 1993/2622/433 1994/2637/433
f 1965/2646/433 1989/2479/433 1990/2639/433
f 1961/2647/841 1963/2476/842 1962/2644/843
f 1962/2644/843 1964/2677/844 1965/2643/845
f 1957/2610/821 1959/2466/779 1958/2648/835
f 1958/2648/846 1960/2478/847 1961/2647/841
f 1955/2611/823 1956/2468/781 1957/2610/821
f 1951/2577/438 2042/2495/439 1953/2575/439
f 2000/2571/451 1950/2496/438 1951/2577/438
f 1948/2456/404 1977/2420/405 1949/2422/404
f 1946/2441/419 1949/2422/404 1947/2591/419
f 1977/2420/405 1967/2613/450 1968/2573/450
f 2454/2614/439 1947/2591/419 2453/2649/439
f 2056/2651/848 1954/2463/849 1955/2611/850
f 2073/2678/829 1914/2679/851 1931/2641/829
f 2248/2680/414 2013/2681/414 2016/2433/414
f 2251/2682/409 1273/1624/409 2250/2683/409
f 2015/2684/414 2009/2685/414 2012/2449/414
f 2015/2684/414 2008/2686/414 2010/2687/414
f 2043/2434/414 2015/2684/414 2012/2449/414
f 2016/2433/414 2014/2688/414 2015/2684/414
f 2010/2689/786 2036/2671/766 2033/2631/786
f 2185/2690/787 1905/2691/766 1933/2488/786
f 2246/2692/409 2180/2693/409 2265/2694/409
f 2382/2695/177 2191/2663/177 1952/2662/177
f 2183/2696/766 1999/2593/409 1905/2691/766
f 2210/2697/852 1933/2488/786 1922/2562/817
f 2041/2564/414 1437/1638/414 2213/2698/414
f 1881/2699/64 2195/2700/853 1877/2701/854
f 2252/2702/409 1277/1643/409 2251/2682/409
f 2019/2598/786 2026/2703/766 2021/2704/766
f 2026/2703/766 2020/2705/409 2021/2704/766
f 2038/2706/855 2019/2598/786 2037/2707/856
f 2020/2705/409 2022/2708/409 2018/2675/409
f 2253/2709/409 1283/1652/409 2252/2702/409
f 2023/2710/787 2031/2711/766 2026/2703/766
f 2026/2703/766 2029/2712/409 2024/2713/409
f 2039/2714/855 2023/2710/787 2038/2706/855
f 2024/2713/409 2027/2715/409 2022/2708/409
f 2249/2716/409 1289/1659/409 2253/2709/409
f 2033/2631/786 2031/2711/766 2028/2717/787
f 2031/2711/766 2034/2618/409 2029/2712/409
f 2040/2632/827 2028/2717/787 2039/2714/855
f 2029/2712/409 2032/2620/409 2027/2715/409
f 1878/2718/857 1917/2534/805 1918/2537/64
f 2167/2719/858 1884/2720/858 1886/2721/858
f 2164/2722/859 2025/2723/859 2017/2724/859
f 2169/2725/860 1995/2726/861 1879/2727/862
f 2170/2728/863 1886/2721/858 1882/2729/863
f 1880/2730/64 2203/2731/64 1883/2732/64
f 2021/2704/766 2177/2674/409 2182/2599/766
f 2216/2661/414 1953/2733/414 2042/2734/414
f 2209/2735/864 2019/2598/786 2186/2600/818
f 1917/2534/805 2210/2697/852 1922/2562/817
f 2203/2731/64 1885/2736/64 1883/2732/64
f 2200/2737/64 1881/2699/64 1885/2736/64
f 1877/2701/854 2197/2738/865 1878/2718/857
f 2038/2706/855 2017/2739/866 2025/2740/866
f 2039/2714/855 2025/2740/866 2030/2741/866
f 2035/2445/773 2039/2714/855 2030/2741/866
f 2201/2742/867 1882/2446/774 1886/2448/769
f 2037/2707/856 1995/2438/770 2017/2739/866
f 1438/1685/414 2044/2626/414 2212/2743/414
f 2247/2432/414 2011/2744/414 2255/2624/414
f 2011/2744/414 2215/2623/414 2192/2745/414
f 2375/2625/64 2212/2743/64 2044/2626/64
f 1702/1689/433 2218/2746/433 2438/2747/433
f 1706/1694/439 2257/2748/439 2441/2749/439
f 2218/2746/433 2429/2603/433 2438/2747/433
f 2257/2748/439 2426/2750/439 2441/2749/439
f 1942/2481/433 2425/2751/433 2434/2604/433
f 2430/2752/409 2256/2753/409 2437/2754/409
f 1911/2755/868 2048/2756/869 1914/2679/870
f 2048/2756/869 1931/2641/871 1914/2679/870
f 1144/1706/541 2051/2628/872 2052/2558/873
f 2049/2757/874 1973/2642/875 1931/2641/871
f 2258/2629/876 2054/2758/877 1936/2670/878
f 2057/2759/879 1944/2413/880 1945/2412/881
f 2056/2760/882 1911/2755/868 1944/2413/880
f 2054/2758/877 1945/2412/881 1936/2670/878
f 1973/2642/875 2055/2761/883 1974/2762/884
f 2259/2763/433 1303/1714/433 1317/1716/433
f 2256/2764/433 1317/1716/433 1302/1718/433
f 2259/2763/433 2059/2765/433 2257/2766/433
f 1966/2767/885 1974/2762/884 2055/2761/883
f 2226/2497/886 1966/2767/885 2234/2768/887
f 2069/2769/888 2065/2770/888 2068/2771/888
f 2262/2772/889 2061/2773/890 2060/2774/891
f 2261/2775/891 2061/2773/890 2260/2776/892
f 2067/2777/888 2063/2778/893 2069/2769/888
f 2073/2779/888 2070/2780/888 2072/2781/888
f 2068/2771/888 2070/2780/888 2069/2769/888
f 2069/2769/888 2066/2782/888 2067/2777/888
f 2072/2781/888 2071/2783/888 2074/2784/888
f 2064/2498/440 1974/2762/440 1943/2499/440
f 1974/2762/440 2066/2640/828 1973/2642/828
f 1914/2679/851 2074/2785/894 1911/2755/895
f 1911/2755/895 2071/2411/754 1944/2413/756
f 2106/2786/896 1924/2787/896 1915/2788/896
f 2080/2789/897 2097/2518/897 1907/2520/897
f 2075/2550/811 2099/2790/811 2077/2791/811
f 1874/2792/898 2108/2793/898 1903/2794/898
f 2113/2795/795 1902/2796/795 1930/2797/795
f 2096/2798/896 2080/2789/897 2084/2799/896
f 2459/2800/795 1913/2551/795 2449/2801/795
f 2108/2793/795 2078/2802/795 1903/2794/795
f 2111/2803/899 1926/2804/900 1873/2805/899
f 2083/2431/768 2096/2798/768 2084/2799/768
f 2461/2806/795 1915/2788/795 2456/2807/795
f 2101/2808/901 2076/2414/757 2079/2809/902
f 2087/2810/64 2457/2811/803 2459/2812/64
f 2098/2813/903 2086/2814/904 2087/2810/64
f 2093/2815/64 2090/2816/905 2089/2817/906
f 2092/2818/64 2089/2817/906 2091/2819/907
f 2460/2820/908 2086/2814/904 2104/2821/909
f 2086/2814/904 2105/2822/910 2104/2821/909
f 2458/2823/911 2106/2786/793 2461/2806/908
f 2108/2793/912 2100/2824/913 2107/2825/913
f 2088/2826/914 2108/2793/912 2105/2822/910
f 2099/2827/793 2103/2828/793 2106/2786/793
f 2089/2817/906 2110/2829/915 2109/2830/916
f 2112/2831/917 2091/2819/907 2111/2803/918
f 2114/2832/919 2095/2833/920 2113/2795/920
f 2090/2816/905 2114/2832/919 2110/2829/915
f 2111/2803/918 2089/2817/906 2109/2830/916
f 2095/2833/920 2112/2831/917 2113/2795/920
f 2109/2830/900 1908/2834/921 1926/2804/900
f 1875/2416/759 2087/2835/922 1919/2836/923
f 2092/2837/924 2081/2838/925 1872/2839/924
f 2112/2831/897 1873/2805/897 1902/2796/897
f 2448/2840/768 2100/2841/768 1901/2842/768
f 2455/2843/768 2104/2821/926 1871/2844/926
f 2093/2845/795 1872/2839/795 1929/2519/795
f 2114/2832/795 1930/2797/795 1909/2846/795
f 1901/2842/768 2101/2808/901 2079/2809/902
f 2104/2821/926 1874/2792/927 1871/2844/926
f 2081/2838/925 2094/2847/928 2082/2429/767
f 1908/2834/898 2114/2832/898 1909/2846/898
f 2117/2848/177 2116/2849/177 2115/2850/177
f 2118/2851/409 2126/2852/409 2122/2853/409
f 2119/2854/64 2122/2853/929 2121/2855/929
f 2115/2856/414 2120/2857/414 2119/2854/414
f 2117/2858/439 2119/2854/439 2121/2855/439
f 2120/2857/409 2118/2851/409 2122/2853/409
f 2125/2859/433 2124/2860/433 2123/2861/433
f 2123/2862/177 2118/2863/177 2117/2848/177
f 2126/2852/930 2121/2855/929 2122/2853/929
f 2125/2859/439 2117/2858/439 2121/2855/439
f 2129/2864/177 2128/2865/177 2127/2866/177
f 2130/2867/409 2138/2868/409 2134/2869/409
f 2131/2870/64 2134/2869/929 2133/2871/929
f 2127/2872/414 2132/2873/414 2131/2870/414
f 2129/2874/439 2131/2870/439 2133/2871/439
f 2132/2873/409 2130/2867/409 2134/2869/409
f 2137/2875/433 2136/2876/433 2135/2877/433
f 2135/2878/177 2130/2879/177 2129/2864/177
f 2138/2868/930 2133/2871/929 2134/2869/929
f 2137/2875/439 2129/2874/439 2133/2871/439
f 2141/2880/177 2140/2881/177 2139/2882/177
f 2142/2883/409 2150/2884/409 2146/2885/409
f 2143/2886/64 2146/2885/929 2145/2887/929
f 2139/2888/414 2144/2889/414 2143/2886/414
f 2141/2890/439 2143/2886/439 2145/2887/439
f 2144/2889/409 2142/2883/409 2146/2885/409
f 2149/2891/433 2148/2892/433 2147/2893/433
f 2147/2894/177 2142/2895/177 2141/2880/177
f 2150/2884/930 2145/2887/929 2146/2885/929
f 2149/2891/439 2141/2890/439 2145/2887/439
f 2153/2896/177 2152/2897/177 2151/2898/177
f 2154/2899/409 2162/2900/409 2158/2901/409
f 2155/2902/64 2158/2901/929 2157/2903/929
f 2151/2904/414 2156/2905/414 2155/2902/414
f 2153/2906/439 2155/2902/439 2157/2903/439
f 2156/2905/409 2154/2899/409 2158/2901/409
f 2161/2907/433 2160/2908/433 2159/2909/433
f 2159/2910/177 2154/2899/177 2153/2896/177
f 2162/2900/930 2157/2903/929 2158/2901/929
f 2161/2907/439 2153/2906/439 2157/2903/439
f 2169/2911/769 2164/2912/769 2171/2913/769
f 2165/2914/769 2164/2912/769 2163/2915/769
f 2167/2916/769 2166/2917/769 2165/2914/769
f 2167/2916/769 2172/2918/769 2168/2919/769
f 2172/2920/931 1882/2729/863 2035/2921/931
f 2166/2922/859 2030/2923/859 2025/2723/859
f 2165/2924/858 1876/2925/858 1884/2720/858
f 2163/2926/858 1879/2727/862 1876/2925/858
f 2168/2927/859 2035/2921/931 2030/2923/859
f 2171/2928/861 2017/2724/859 1995/2726/861
f 2195/2700/932 2199/2929/933 2197/2738/934
f 2196/2930/935 2198/2439/936 2199/2929/937
f 2174/2931/938 2205/2932/939 2203/2731/939
f 2175/2933/940 2204/2444/941 2205/2932/942
f 2201/2742/943 2205/2932/942 2204/2444/941
f 2202/2934/944 2203/2731/939 2205/2932/939
f 2208/2935/945 2201/2742/943 2207/2447/945
f 2206/2936/944 2202/2934/944 2208/2935/944
f 2208/2935/944 2195/2700/932 2206/2936/944
f 2207/2447/945 2196/2930/935 2208/2935/945
f 2186/2600/946 2211/2937/947 2209/2735/948
f 2185/2690/949 2211/2937/950 2187/2938/951
f 2373/2939/409 2254/2565/409 2041/2564/409
f 2264/2940/625 2179/2676/624 2263/2941/625
f 2178/2942/624 2182/2599/952 2177/2674/624
f 2176/2635/628 2184/2943/953 2178/2942/628
f 2265/2694/629 2181/2944/628 2264/2940/629
f 2263/2941/409 1273/1624/409 1455/1908/409
f 2189/2451/414 2217/2945/414 2215/2623/414
f 2190/2946/414 2216/2661/414 2217/2945/414
f 2175/2947/414 2189/2451/414 2173/2450/414
f 2175/2947/414 2188/2453/414 2190/2946/414
f 2182/2599/952 2187/2938/954 2186/2600/946
f 2183/2696/955 2187/2938/951 2184/2943/953
f 2181/2944/624 2177/2674/624 2179/2676/624
f 2180/2693/628 2178/2942/628 2181/2944/628
f 2199/2929/933 2210/2697/956 2197/2738/934
f 2198/2439/936 2211/2937/947 2199/2929/937
f 2214/2948/414 1438/1685/414 2212/2743/414
f 2214/2948/414 1437/1638/414 1439/2949/414
f 2215/2623/414 2193/2950/414 2192/2745/414
f 2216/2661/414 2193/2950/414 2217/2945/414
f 2204/2444/772 2009/2630/826 2040/2632/827
f 2050/2560/957 1144/1706/541 2052/2558/873
f 2239/2569/439 1976/2660/439 2238/2508/439
f 1125/1918/439 2239/2569/439 2238/2508/439
f 2018/2675/409 2263/2941/409 2179/2676/409
f 1456/1919/638 2264/2940/629 1457/1920/638
f 1457/1920/625 2263/2941/625 1455/1908/625
f 2379/2951/177 2192/2745/177 2193/2950/177
f 2064/2952/893 2260/2776/892 2063/2778/893
f 2063/2778/893 2262/2772/889 2065/2770/888
f 2050/2560/957 2234/2768/887 1145/1916/637
f 2259/2763/433 2058/2953/433 1906/2954/433
f 2051/2628/872 2219/2955/958 2258/2629/876
f 2059/2956/177 2433/2957/177 2426/2750/177
f 2256/2753/409 1701/1930/409 2437/2754/409
f 2381/2958/177 2193/2950/177 2191/2663/177
f 2044/2626/414 2247/2432/414 2255/2624/414
f 2032/2620/409 2249/2716/409 2253/2709/409
f 2027/2715/409 2253/2709/409 2252/2702/409
f 2022/2708/409 2252/2702/409 2251/2682/409
f 2383/2959/439 2255/2624/439 2011/2744/439
f 1147/1427/409 2265/2694/409 1456/1919/409
f 2018/2675/409 2251/2682/409 2250/2683/409
f 1258/1936/414 2248/2680/414 1261/1937/414
f 2065/2960/840 2258/2629/491 1936/2670/840
f 2377/2961/64 2213/2698/64 2214/2948/64
f 1131/1940/484 2219/2617/488 1126/1941/488
f 1127/1943/419 2462/2615/439 1723/1942/439
f 1151/1442/450 2230/2612/405 1129/1944/405
f 1148/1946/438 2232/2511/451 1150/1945/451
f 1133/1947/482 2220/2609/484 1131/1940/484
f 2278/2962/959 2223/2963/960 2222/2964/961
f 2279/2965/962 2224/2966/963 2223/2963/960
f 1141/1953/481 2271/2606/480 1139/1954/480
f 2277/2967/964 2268/2968/964 2269/2969/964
f 1906/2970/177 2430/2752/177 2433/2957/177
f 1176/1917/439 2227/2567/439 2239/2569/439
f 1952/2662/414 2233/2563/414 2254/2565/414
f 2236/2509/449 2001/2665/451 2003/2664/449
f 2235/2510/450 2003/2664/449 1967/2613/450
f 1980/2659/448 2238/2508/439 1976/2660/439
f 1982/2658/446 2240/2507/448 1980/2659/448
f 1984/2657/445 2241/2506/446 1982/2658/446
f 1986/2656/444 2242/2505/445 1984/2657/445
f 1988/2655/506 2243/2504/444 1986/2656/444
f 2245/2482/439 1143/1961/439 1142/1962/439
f 1998/2636/409 2237/2500/409 1996/2653/409
f 2050/2560/440 2261/2971/440 2226/2497/440
f 1149/1963/439 2231/2494/438 1148/1946/438
f 1991/2501/414 2244/2483/434 1988/2655/506
f 1128/1964/404 2230/2612/405 2229/2440/404
f 1127/1943/419 2229/2440/404 2228/2442/419
f 1261/1937/414 2247/2432/414 1257/1933/414
f 1137/1966/648 2267/2972/647 2266/2973/648
f 2268/2968/649 1135/1968/650 2269/2969/650
f 2269/2969/650 1137/1966/648 2266/2973/648
f 2221/2974/965 1133/1947/482 2268/2968/649
f 2267/2972/647 2271/2606/480 2224/2966/963
f 2273/2605/819 2222/2964/966 2223/2963/967
f 2272/2608/820 2221/2974/965 2222/2964/966
f 2224/2966/963 2273/2605/819 2223/2963/967
f 2277/2967/968 2279/2965/969 2278/2962/658
f 2276/2975/970 2278/2962/658 2280/2976/971
f 2274/2977/972 2281/2978/973 2279/2965/969
f 2267/2972/974 2274/2977/974 2266/2973/974
f 2276/2975/970 2221/2974/965 2268/2968/649
f 2266/2973/974 2277/2967/964 2269/2969/964
f 2221/2974/975 2278/2962/959 2222/2964/961
f 2224/2966/963 2275/2979/660 2267/2972/647
f 2284/2980/664 2283/2981/663 2286/2982/665
f 2286/2982/665 2287/2983/666 2282/2984/666
f 2290/2985/664 2289/2986/663 2292/2987/665
f 2292/2987/665 2293/2988/666 2288/2989/666
f 2296/2990/664 2295/2991/663 2298/2992/665
f 2298/2992/665 2299/2993/666 2294/2994/666
f 2302/2995/664 2301/2996/663 2304/2997/665
f 2304/2997/665 2305/2998/668 2300/2999/666
f 2308/3000/664 2307/3001/663 2310/3002/665
f 2310/3002/665 2311/3003/668 2306/3004/666
f 2314/3005/664 2313/3006/663 2316/3007/665
f 2316/3007/665 2317/3008/668 2312/3009/668
f 2320/3010/664 2319/3011/663 2322/3012/665
f 2322/3012/665 2323/3013/668 2318/3014/668
f 2326/3015/670 2325/3016/669 2328/3017/671
f 2328/3017/671 2329/3018/672 2324/3019/673
f 2332/3020/675 2331/3021/674 2334/3022/676
f 2334/3022/676 2335/3023/677 2330/3024/678
f 2338/3025/675 2337/3026/674 2340/3027/676
f 2340/3027/676 2341/3028/677 2336/3029/678
f 2344/3030/675 2343/3031/674 2346/3032/676
f 2346/3032/676 2347/3033/677 2342/3034/678
f 2350/3035/675 2349/3036/674 2352/3037/676
f 2352/3037/676 2353/3038/677 2348/3039/678
f 2356/3040/680 2355/3041/679 2358/3042/681
f 2358/3042/681 2359/3043/682 2354/3044/683
f 2391/3045/177 2366/3046/177 2365/3047/177
f 2392/3048/177 2361/3049/686 2366/3046/177
f 2401/3050/64 2371/3051/687 2368/3052/64
f 2400/3053/177 2365/3047/177 2364/3054/177
f 2389/3055/64 2367/3056/64 2369/3057/64
f 2397/3058/684 2369/3057/64 2370/3059/684
f 2402/3060/409 2363/3061/685 2362/3062/409
f 2404/3063/687 2362/3062/409 2371/3051/687
f 2378/3064/64 2041/2564/64 2213/2698/64
f 2380/3065/177 2011/2744/177 2192/2745/177
f 2376/3066/64 2214/2948/64 2212/2743/64
f 2372/3067/409 1952/2662/409 2254/2565/409
f 2372/3067/414 2361/3049/414 2360/3068/414
f 2363/3061/414 2374/3069/414 2362/3062/414
f 2377/2961/414 2364/3054/414 2365/3047/414
f 2378/3064/414 2365/3047/414 2366/3046/414
f 2380/3065/414 2367/3056/414 2368/3052/414
f 2379/2951/414 2369/3057/414 2367/3056/414
f 2361/3049/414 2378/3064/414 2366/3046/414
f 2376/3066/414 2363/3061/414 2364/3054/414
f 2381/2958/414 2370/3059/414 2369/3057/414
f 2371/3051/414 2380/3065/414 2368/3052/414
f 2370/3059/414 2372/3067/414 2360/3068/414
f 2374/3069/414 2371/3051/414 2362/3062/414
f 2389/3055/414 2394/3070/414 2388/3071/414
f 2406/3072/439 2396/3073/684 2393/3074/439
f 2399/3075/414 2391/3045/414 2400/3053/414
f 2386/3076/414 2392/3048/414 2391/3045/414
f 2387/3077/414 2388/3071/414 2386/3076/414
f 2401/3050/414 2386/3076/414 2399/3075/414
f 2408/3078/976 2398/3079/686 2390/3080/977
f 2388/3071/414 2395/3081/414 2392/3048/414
f 2360/3068/439 2397/3058/684 2370/3059/684
f 2361/3049/686 2394/3070/439 2360/3068/439
f 2403/3082/685 2364/3054/177 2363/3061/685
f 2387/3077/64 2368/3052/64 2367/3056/64
f 2399/3075/414 2385/3083/414 2384/3084/414
f 2390/3080/414 2399/3075/414 2384/3084/414
f 2396/3073/414 2402/3060/414 2393/3074/414
f 2400/3053/414 2396/3073/414 2385/3083/414
f 2404/3063/414 2390/3080/414 2398/3079/414
f 2402/3060/414 2398/3079/414 2393/3074/414
f 2405/3085/978 2410/3086/414 2408/3087/976
f 2407/3088/979 2406/3089/414 2405/3085/978
f 2407/3090/979 2384/3084/980 2385/3083/981
f 2398/3079/686 2406/3072/439 2393/3074/439
f 2409/3091/684 2385/3083/981 2396/3073/684
f 2405/3092/978 2390/3080/977 2384/3084/980
f 2422/3093/982 2414/3094/983 2415/3095/982
f 2419/3096/984 2424/3097/985 1691/2105/986
f 2424/3097/987 2415/3095/982 2417/3098/987
f 2419/3096/988 2412/3099/989 2411/3100/988
f 2420/3101/990 2411/3100/988 2413/3102/990
f 2418/3103/991 1675/2099/703 2412/3099/989
f 2421/3104/983 2413/3102/990 2414/3094/983
f 2423/3105/992 2417/3098/987 2416/3106/993
f 1676/2104/707 2423/3105/992 2416/3106/993
f 1993/2502/439 1992/2589/439 1994/2588/439
f 2438/2747/994 1704/2106/710 1702/1689/995
f 2440/3107/996 1703/2108/712 1704/2106/710
f 2439/3108/997 1701/1930/714 1703/2108/712
f 2442/2602/998 2427/3109/999 2425/2751/1000
f 2444/3110/1001 2428/3111/1002 2427/3109/999
f 2443/3112/1003 2426/2750/1004 2428/3111/1002
f 2434/2604/1005 2431/3113/1006 2429/2603/1007
f 2436/3114/1008 2432/3115/1009 2431/3113/1006
f 2435/3116/1010 2430/2752/1011 2432/3115/1009
f 2427/3109/999 2434/2604/1005 2425/2751/1000
f 2428/3111/1002 2436/3114/1008 2427/3109/999
f 2426/2750/1004 2435/3116/1010 2428/3111/1002
f 2431/3113/1006 2438/2747/994 2429/2603/1007
f 2432/3115/1009 2440/3107/996 2431/3113/1006
f 2430/2752/1011 2439/3108/997 2432/3115/1009
f 1707/2118/732 2442/2602/998 1705/1535/733
f 1708/2119/734 2444/3110/1001 1707/2118/732
f 1706/1694/735 2443/3112/1003 1708/2119/734
f 2425/2751/433 2225/2601/433 2442/2602/433
f 2412/3117/409 1145/2120/409 2234/3118/409
f 1966/2668/409 2412/3117/409 2234/3118/409
f 1970/2666/409 2413/3119/409 1972/2667/409
f 1972/2667/409 2411/3120/409 1966/2668/409
f 1157/1959/439 2462/2615/439 2227/2567/439
f 1146/2126/409 2416/3121/409 2237/2500/409
f 2237/2500/409 2417/3122/409 1996/2653/409
f 1924/2787/768 2460/2820/768 2455/2843/768
f 2077/2791/768 2458/3123/768 2448/2840/768
f 2100/2824/913 2461/2806/908 2107/2825/913
f 2103/2828/793 2457/2811/803 2460/2820/908
f 2459/2812/64 2085/3124/803 2102/3125/64
f 2107/2825/795 2456/2807/795 2078/2802/795
f 2087/2835/922 2449/2801/795 1919/2836/923
f 2005/3126/439 2453/2649/439 2004/2673/439
f 1970/2666/409 2452/2595/409 2451/2652/409
f 2004/2673/439 2447/2650/439 1923/2634/439
f 2462/2615/439 2005/3126/439 2227/2567/439
f 1910/2426/766 2452/2595/409 1969/3127/409
f 1932/2490/787 2445/2538/807 1921/2542/807
f 1913/2547/64 2447/3128/64 2449/2544/64
f 1921/2542/807 2448/2540/809 1901/2543/809
f 2078/3129/1012 2455/2517/794 1871/2418/761
f 1904/2489/766 2450/2514/786 1932/2490/787
f 2417/3122/409 2451/2652/409 1996/2653/409
f 2415/3130/409 1970/2666/409 2451/2652/409
s 0
f 2465/3131/738 1767/2142/738 1766/2144/738
f 2463/3132/64 2468/3133/64 2467/3134/64
f 1768/2150/739 2467/3135/739 1771/2148/739
f 1784/2151/439 2467/3135/439 2481/3136/439
f 2467/3134/64 2482/3137/64 2481/3138/64
f 1772/2156/740 2463/3139/740 1768/2150/740
f 2463/3132/64 2470/3140/64 2464/3141/64
f 1774/2161/741 2473/3142/741 2471/3143/741
f 2471/3144/64 2475/3145/64 2477/3146/64
f 1779/2166/439 2471/3143/439 2477/3147/439
f 2473/3148/64 2472/3149/64 2471/3144/64
f 1772/2156/439 2478/3150/439 2469/3151/439
f 2478/3152/64 2470/3140/64 2469/3153/64
f 2477/3146/64 2476/3154/64 2478/3152/64
f 1783/2174/439 2480/3155/439 1782/2175/439
f 2478/3156/64 2479/3157/64 2477/3147/64
f 1782/2175/742 2478/3150/742 1778/2170/742
f 2481/3138/64 2486/3158/64 2483/3159/64
f 1789/2180/439 2481/3136/439 2483/3160/439
f 1788/2182/439 2465/3131/439 1766/2144/439
f 2465/3161/64 2485/3162/64 2466/3163/64
f 2483/3159/64 2485/3162/64 2484/3164/64
f 1791/2188/439 2488/3165/439 1790/2186/439
f 2488/3166/64 2483/3159/64 2484/3164/64
f 1790/2186/743 2484/3167/743 1788/2182/743
f 2487/3168/744 1789/2180/744 2483/3160/744
f 2486/3169/409 1786/2192/409 2485/3170/409
f 2485/3170/409 1767/2195/409 2466/3171/409
f 2482/3172/409 1787/2197/409 2486/3169/409
f 2475/3173/409 1780/2199/409 2476/3174/409
f 2476/3174/409 1773/2202/409 2470/3175/409
f 2479/3157/745 1779/2166/745 2477/3147/745
f 2474/3176/409 1775/2205/409 2472/3177/409
f 1776/2160/414 2474/3178/414 2473/3142/414
f 2470/3175/409 1769/2210/409 2464/3179/409
f 2472/3177/409 1781/2212/409 2475/3173/409
f 2468/3180/409 1785/2213/409 2482/3172/409
f 2464/3179/409 1770/2215/409 2468/3180/409
s 1
f 2494/3181/1013 2493/3182/746 2489/3183/746
f 2491/3184/1014 2489/3183/746 2490/3185/746
f 2500/3186/1013 2499/3187/746 2495/3188/746
f 2497/3189/1014 2495/3188/746 2496/3190/746
f 2506/3191/1013 2505/3192/746 2501/3193/746
f 2503/3194/1014 2501/3193/746 2502/3195/746
f 2512/3196/1013 2511/3197/746 2507/3198/746
f 2509/3199/1014 2507/3198/746 2508/3200/746
f 2518/3201/1013 2516/3202/746 2514/3203/746
f 2515/3204/1014 2514/3203/746 2513/3205/746
f 2524/3206/1013 2522/3207/746 2520/3208/746
f 2521/3209/1014 2520/3208/746 2519/3210/746
f 2530/3211/1013 2528/3212/746 2526/3213/746
f 2527/3214/1014 2526/3213/746 2525/3215/746
f 2536/3216/1013 2534/3217/746 2532/3218/746
f 2533/3219/1014 2532/3218/746 2531/3220/746
f 2542/3221/1013 2540/3222/746 2538/3223/746
f 2539/3224/1014 2538/3223/746 2537/3225/746
f 2548/3226/1013 2546/3227/746 2544/3228/746
f 2545/3229/1014 2544/3228/746 2543/3230/746
f 2554/3231/1013 2552/3232/746 2550/3233/746
f 2551/3234/1014 2550/3233/746 2549/3235/746
f 2560/3236/1013 2558/3237/746 2556/3238/746
f 2557/3239/1014 2556/3238/746 2555/3240/746
f 2566/3241/1013 2564/3242/746 2562/3243/746
f 2563/3244/1014 2562/3243/746 2561/3245/746
f 2326/3246/64 2532/3247/64 2534/3248/64
f 2305/3249/1015 2512/3250/1013 2509/3251/1014
f 2287/3252/433 2490/3253/433 2282/3254/433
f 2351/3255/1015 2560/3256/1013 2349/3257/1016
f 2306/3258/64 2514/3259/64 2310/3260/64
f 2284/3261/414 2492/3262/414 2285/3263/414
f 2350/3264/64 2556/3265/64 2558/3266/64
f 2329/3267/1015 2536/3268/1013 2533/3269/1014
f 2311/3270/433 2513/3271/433 2306/3258/433
f 2285/3263/1016 2494/3272/1013 2283/3273/1015
f 2330/3274/64 2538/3275/64 2334/3276/64
f 2308/3277/414 2517/3278/414 2309/3279/414
f 2284/3261/64 2489/3280/64 2493/3281/64
f 2353/3282/1016 2560/3256/1013 2557/3283/1014
f 2330/3274/678 2539/3284/433 2537/3285/433
f 2309/3279/1015 2518/3286/1013 2307/3287/1015
f 2354/3288/64 2562/3289/64 2358/3290/64
f 2332/3291/675 2541/3292/414 2333/3293/751
f 2308/3277/64 2514/3259/64 2516/3294/64
f 2287/3252/1015 2494/3272/1013 2491/3295/1014
f 2359/3296/682 2561/3297/433 2354/3288/683
f 2333/3293/1016 2542/3298/1013 2331/3299/1015
f 2288/3300/64 2495/3301/64 2292/3302/64
f 2356/3303/680 2565/3304/414 2357/3305/752
f 2332/3291/64 2538/3275/64 2540/3306/64
f 2311/3270/1016 2518/3286/1013 2515/3307/1014
f 2293/3308/433 2496/3309/433 2288/3300/433
f 2357/3305/1015 2566/3310/1013 2355/3311/1016
f 2312/3312/64 2520/3313/64 2316/3314/64
f 2290/3315/414 2498/3316/414 2291/3317/414
f 2356/3303/64 2562/3289/64 2564/3318/64
f 2335/3319/1015 2542/3298/1013 2539/3284/1014
f 2317/3320/433 2519/3321/433 2312/3312/433
f 2291/3317/1016 2500/3322/1013 2289/3323/1015
f 2336/3324/64 2544/3325/64 2340/3326/64
f 2314/3327/414 2523/3328/414 2315/3329/414
f 2290/3315/64 2495/3301/64 2499/3330/64
f 2359/3296/1016 2566/3310/1013 2563/3331/1014
f 2341/3332/677 2543/3333/433 2336/3324/678
f 2315/3329/1016 2524/3334/1013 2313/3335/1016
f 2338/3336/675 2547/3337/414 2339/3338/751
f 2314/3327/64 2520/3313/64 2522/3339/64
f 2293/3308/1015 2500/3322/1013 2497/3340/1014
f 2339/3338/1015 2548/3341/1013 2337/3342/1015
f 2294/3343/64 2501/3344/64 2298/3345/64
f 2338/3336/64 2544/3325/64 2546/3346/64
f 2317/3320/1015 2524/3334/1013 2521/3347/1014
f 2299/3348/433 2502/3349/433 2294/3343/433
f 2318/3350/64 2526/3351/64 2322/3352/64
f 2296/3353/414 2504/3354/414 2297/3355/414
f 2341/3332/1016 2548/3341/1013 2545/3356/1014
f 2318/3350/433 2527/3357/433 2525/3358/433
f 2297/3355/1015 2506/3359/1013 2295/3360/1016
f 2342/3361/64 2550/3362/64 2346/3363/64
f 2320/3364/414 2529/3365/414 2321/3366/414
f 2296/3353/64 2501/3344/64 2505/3367/64
f 2347/3368/677 2549/3369/433 2342/3361/678
f 2321/3366/1016 2530/3370/1013 2319/3371/1016
f 2344/3372/675 2553/3373/414 2345/3374/751
f 2320/3364/64 2526/3351/64 2528/3375/64
f 2299/3348/1016 2506/3359/1013 2503/3376/1014
f 2345/3374/1016 2554/3377/1013 2343/3378/1016
f 2300/3379/64 2507/3380/64 2304/3381/64
f 2344/3372/64 2550/3362/64 2552/3382/64
f 2323/3383/1015 2530/3370/1013 2527/3357/1014
f 2300/3379/433 2509/3251/433 2508/3384/433
f 2324/3385/64 2532/3247/64 2328/3386/64
f 2302/3387/414 2510/3388/414 2303/3389/414
f 2347/3368/1016 2554/3377/1013 2551/3390/1014
f 2329/3267/672 2531/3391/433 2324/3385/673
f 2303/3389/1016 2512/3250/1013 2301/3392/1016
f 2348/3393/64 2556/3265/64 2352/3394/64
f 2326/3246/670 2535/3395/414 2327/3396/753
f 2302/3387/64 2507/3380/64 2511/3397/64
f 2353/3282/677 2555/3398/433 2348/3393/678
f 2327/3396/1015 2536/3268/1013 2325/3399/1015
f 2282/3254/64 2489/3280/64 2286/3400/64
f 2350/3264/675 2559/3401/414 2351/3255/751
f 2572/3402/414 2571/3403/414 2568/3404/414
f 2577/3405/433 2573/3406/433 2574/3407/433
f 2572/3408/414 2567/3409/414 2570/3410/414
f 2600/3411/433 2608/3412/433 2604/3413/433
f 2616/3414/414 2596/3415/414 2592/3416/414
f 2600/3417/1017 2616/3418/1018 2607/3419/1018
f 2596/3420/1019 2588/3421/1020 2591/3422/1020
f 2608/3423/1021 2612/3424/1022 2603/3425/1022
f 2581/3426/64 2579/3427/64 2580/3428/64
f 2582/3429/433 2583/3430/433 2579/3427/433
f 2584/3431/177 2585/3432/177 2583/3433/177
f 2585/3434/414 2581/3426/414 2580/3428/414
f 2583/3433/1023 2580/3435/1023 2579/3436/1023
f 2582/3437/1024 2586/3438/1024 2584/3431/1024
f 2576/3439/433 2573/3440/433 2578/3441/433
f 2575/3442/409 2567/3409/409 2569/3443/409
f 2576/3444/64 2570/3410/64 2567/3409/64
f 2578/3445/1025 2571/3403/1025 2570/3446/1025
f 2574/3447/177 2572/3402/177 2568/3404/177
f 2573/3448/177 2569/3443/177 2572/3408/177
f 2577/3449/439 2568/3404/439 2571/3403/439
f 2592/3450/1026 2589/3451/1027 2587/3452/1026
f 2594/3453/1027 2590/3454/1028 2589/3451/1027
f 2593/3455/1028 2588/3421/1020 2590/3454/1028
f 2600/3417/1017 2597/3456/1029 2595/3457/1017
f 2602/3458/1029 2598/3459/1030 2597/3456/1029
f 2601/3460/1030 2596/3420/1019 2598/3459/1030
f 2604/3461/1031 2613/3462/1032 2611/3463/1031
f 2606/3464/1032 2614/3465/1033 2613/3462/1032
f 2605/3466/1033 2612/3424/1022 2614/3465/1033
f 2616/3418/1018 2609/3467/1034 2607/3419/1018
f 2618/3468/1034 2610/3469/1035 2609/3467/1034
f 2617/3470/1035 2608/3423/1021 2610/3469/1035
f 2604/3461/1031 2592/3471/1026 2587/3472/1026
f 2623/3473/414 2624/3474/414 2620/3475/414
f 2625/3476/433 2629/3477/433 2626/3478/433
f 2619/3479/414 2624/3480/414 2622/3481/414
f 2661/3482/433 2653/3483/433 2641/3484/433
f 2649/3485/414 2669/3486/414 2665/3487/414
f 2659/3488/1017 2647/3489/1018 2652/3490/1018
f 2640/3491/1022 2648/3492/1021 2643/3493/1022
f 2664/3494/1020 2660/3495/1019 2655/3496/1020
f 2631/3497/177 2633/3498/177 2632/3499/177
f 2635/3500/433 2634/3501/433 2631/3497/433
f 2637/3502/64 2636/3503/64 2635/3504/64
f 2637/3505/414 2633/3498/414 2638/3506/414
f 2632/3507/1036 2635/3504/1036 2631/3508/1036
f 2636/3503/1037 2633/3509/1037 2634/3510/1037
f 2625/3511/433 2628/3512/433 2630/3513/433
f 2621/3514/409 2628/3515/409 2627/3516/409
f 2622/3481/177 2628/3515/177 2619/3479/177
f 2622/3517/1038 2629/3518/1038 2630/3519/1038
f 2624/3474/64 2626/3520/64 2620/3475/64
f 2621/3514/64 2625/3521/64 2624/3480/64
f 2620/3475/439 2629/3518/439 2623/3473/439
f 2641/3522/1032 2644/3523/1031 2639/3524/1031
f 2642/3525/1033 2646/3526/1032 2641/3522/1032
f 2642/3525/1033 2643/3493/1022 2645/3527/1033
f 2649/3528/1034 2652/3490/1018 2647/3489/1018
f 2650/3529/1035 2654/3530/1034 2649/3528/1034
f 2648/3492/1021 2653/3531/1035 2650/3529/1035
f 2665/3532/1027 2656/3533/1026 2663/3534/1026
f 2665/3532/1027 2657/3535/1028 2658/3536/1027
f 2664/3494/1020 2657/3535/1028 2666/3537/1028
f 2661/3538/1029 2668/3539/1017 2659/3488/1017
f 2662/3540/1030 2670/3541/1029 2661/3538/1029
f 2660/3495/1019 2669/3542/1030 2662/3540/1030
f 2644/3543/1031 2656/3533/1026 2639/3544/1031
f 2750/3545/1039 2733/3546/1040 2751/3547/1041
f 2749/3548/1042 2750/3545/1039 2751/3547/1041
f 2721/3549/414 2719/3550/414 2722/3551/414
f 2717/3552/414 2715/3553/414 2718/3554/414
f 2731/3555/1043 2732/3556/1044 2739/3557/1045
f 2727/3558/1046 2743/3559/1047 2728/3560/1048
f 2757/3561/1049 2725/3562/439 2755/3563/439
f 2762/3564/1049 2723/3565/1050 2760/3566/439
f 2739/3557/1045 2751/3547/1041 2740/3567/1051
f 2732/3556/1044 2749/3548/1042 2739/3557/1045
f 2743/3559/1047 2738/3568/1052 2744/3569/1053
f 2736/3570/1054 2731/3555/1055 2730/3571/1056
f 2672/3572/409 2759/3573/409 2763/3574/409
f 2671/3575/1057 2724/3576/1057 2672/3572/1057
f 2674/3577/409 2754/3578/409 2753/3579/409
f 2673/3580/1058 2726/3581/1058 2674/3577/1058
f 2733/3582/1059 2728/3560/1060 2729/3583/1061
f 2729/3584/1061 2730/3585/1056 2733/3586/1059
f 2728/3560/1060 2731/3555/1055 2727/3558/1062
f 2734/3587/1063 2736/3570/1064 2725/3562/1064
f 2737/3588/1065 2734/3587/1063 2735/3589/1066
f 2738/3568/1052 2735/3589/1066 2726/3590/1067
f 2736/3591/1064 2726/3590/1067 2725/3592/1064
f 2723/3565/1050 2739/3557/1045 2740/3567/1051
f 2724/3593/1068 2740/3567/1051 2730/3594/1069
f 2742/3595/1070 2730/3571/1069 2731/3555/1043
f 2739/3557/1045 2742/3595/1070 2731/3555/1043
f 2743/3559/1047 2746/3596/1071 2745/3597/1072
f 2744/3569/1053 2747/3598/1073 2746/3596/1071
f 2728/3560/1048 2747/3599/1073 2729/3583/1074
f 2743/3559/1047 2748/3600/1075 2728/3560/1048
f 2746/3596/1071 2679/3601/1076 2745/3597/1072
f 2746/3596/1071 2681/3602/1077 2680/3603/1078
f 2748/3600/1075 2681/3604/1077 2747/3599/1073
f 2745/3597/1072 2682/3605/1079 2748/3600/1075
f 2733/3546/1040 2676/3606/1080 2677/3607/1081
f 2732/3556/1044 2677/3608/1081 2678/3609/1082
f 2675/3610/1083 2732/3556/1044 2678/3609/1082
f 2688/3611/1084 2699/3612/1085 2700/3613/1086
f 2688/3611/1084 2695/3614/1087 2687/3615/1088
f 2688/3611/1084 2697/3616/1089 2696/3617/1090
f 2690/3618/1091 2697/3619/1089 2689/3620/1092
f 2687/3615/1088 2698/3621/1093 2690/3618/1091
f 2695/3614/1087 2692/3622/1094 2691/3623/1095
f 2697/3616/1089 2692/3622/1094 2696/3617/1090
f 2698/3621/1093 2693/3624/1096 2697/3619/1089
f 2698/3621/1093 2691/3623/1095 2694/3625/1097
f 2692/3622/1094 2683/3626/1098 2691/3623/1095
f 2693/3627/1096 2684/3628/1099 2692/3622/1094
f 2694/3625/1097 2685/3629/1100 2693/3624/1096
f 2694/3625/1097 2683/3626/1098 2686/3630/1101
f 2704/3631/1102 2711/3632/1103 2703/3633/1104
f 2704/3631/1102 2713/3634/1105 2712/3635/1106
f 2706/3636/1107 2713/3637/1105 2705/3638/1108
f 2703/3633/1104 2714/3639/1109 2706/3636/1107
f 2712/3635/1106 2707/3640/1110 2711/3632/1103
f 2712/3635/1106 2709/3641/1111 2708/3642/1112
f 2714/3639/1109 2709/3643/1111 2713/3637/1105
f 2711/3632/1103 2710/3644/1113 2714/3639/1109
f 2708/3642/1112 2699/3612/1085 2707/3640/1110
f 2709/3641/1111 2700/3613/1086 2708/3642/1112
f 2710/3644/1113 2701/3645/1114 2709/3643/1111
f 2710/3644/1113 2699/3612/1085 2702/3646/1115
f 2701/3647/1114 2688/3611/1084 2700/3613/1086
f 2690/3618/1091 2701/3645/1114 2702/3646/1115
f 2687/3615/1088 2702/3646/1115 2699/3612/1085
f 2676/3606/1080 2683/3626/1098 2684/3628/1099
f 2685/3648/1100 2676/3606/1080 2684/3628/1099
f 2686/3630/1101 2677/3608/1081 2685/3629/1100
f 2675/3610/1083 2686/3630/1101 2683/3626/1098
f 2680/3603/1078 2703/3633/1104 2679/3601/1076
f 2705/3649/1108 2680/3603/1078 2681/3602/1077
f 2682/3605/1079 2705/3638/1108 2681/3604/1077
f 2679/3601/1076 2706/3636/1107 2682/3605/1079
f 2716/3650/439 2751/3651/439 2715/3553/439
f 2717/3552/1116 2740/3652/1117 2716/3650/1118
f 2717/3552/1119 2733/3653/1120 2730/3654/1121
f 2718/3554/1122 2751/3651/1123 2733/3653/1124
f 2719/3550/1125 2736/3655/1126 2729/3584/1127
f 2721/3549/1128 2736/3655/1128 2720/3656/1128
f 2721/3549/1129 2744/3657/1130 2738/3658/1131
f 2722/3551/1132 2729/3584/1133 2744/3657/1134
f 2673/3580/439 2755/3659/439 2725/3660/439
f 2734/3587/1135 2756/3661/1136 2735/3589/1137
f 2726/3590/409 2756/3661/1136 2754/3662/409
f 2753/3579/414 2673/3580/414 2674/3577/414
f 2671/3575/439 2760/3663/439 2723/3664/439
f 2741/3665/1049 2758/3666/1136 2742/3595/1070
f 2724/3667/1068 2758/3666/1136 2759/3668/409
f 2763/3574/414 2671/3575/414 2672/3572/414
f 2750/3545/1039 2675/3610/1083 2676/3606/1080
f 2843/3669/1138 2844/3670/1139 2826/3671/1140
f 2842/3672/1141 2844/3670/1139 2843/3669/1138
f 2812/3673/414 2814/3674/414 2815/3675/414
f 2808/3676/414 2810/3677/414 2811/3678/414
f 2824/3679/1142 2832/3680/1143 2825/3681/1144
f 2836/3682/1145 2820/3683/1046 2821/3684/1146
f 2757/3561/1049 2818/3685/439 2827/3686/1135
f 2762/3564/1049 2816/3687/1050 2834/3688/1049
f 2832/3680/1143 2844/3670/1139 2842/3672/1141
f 2825/3681/1144 2832/3680/1143 2842/3672/1141
f 2831/3689/1147 2836/3682/1145 2837/3690/1148
f 2829/3691/1149 2824/3679/1150 2820/3683/1151
f 2759/3573/409 2765/3692/409 2763/3574/409
f 2817/3693/1118 2764/3694/1118 2765/3692/1118
f 2754/3578/409 2767/3695/409 2753/3579/409
f 2819/3696/1128 2766/3697/1128 2767/3695/1128
f 2821/3684/1152 2826/3698/1153 2822/3699/1154
f 2822/3700/1154 2823/3701/1155 2829/3702/1149
f 2821/3684/1152 2824/3679/1150 2825/3681/1156
f 2818/3685/1064 2820/3683/1046 2827/3686/1063
f 2827/3686/1063 2830/3703/1157 2828/3704/1066
f 2828/3704/1066 2831/3689/1147 2819/3705/1067
f 2819/3705/1067 2829/3706/1158 2818/3707/1064
f 2832/3680/1143 2816/3687/1050 2833/3708/1051
f 2833/3708/1051 2817/3709/1159 2823/3710/1160
f 2823/3711/1160 2835/3712/1161 2824/3679/1142
f 2832/3680/1143 2835/3712/1161 2834/3688/1049
f 2836/3682/1145 2839/3713/1162 2837/3690/1148
f 2837/3690/1148 2840/3714/1163 2822/3715/1164
f 2840/3716/1163 2821/3684/1146 2822/3699/1164
f 2841/3717/1165 2836/3682/1145 2821/3684/1146
f 2772/3718/1166 2839/3713/1162 2838/3719/1167
f 2839/3713/1162 2774/3720/1168 2840/3714/1163
f 2774/3721/1168 2841/3717/1165 2840/3716/1163
f 2775/3722/1169 2838/3719/1167 2841/3717/1165
f 2769/3723/1170 2826/3671/1140 2770/3724/1171
f 2770/3725/1171 2825/3681/1144 2771/3726/1172
f 2768/3727/1173 2825/3681/1144 2842/3672/1141
f 2792/3728/1174 2781/3729/1175 2793/3730/1176
f 2788/3731/1177 2781/3729/1175 2780/3732/1178
f 2781/3729/1175 2790/3733/1179 2782/3734/1180
f 2790/3735/1179 2783/3736/1181 2782/3737/1180
f 2791/3738/1182 2780/3732/1178 2783/3736/1181
f 2784/3739/1183 2789/3740/1184 2788/3731/1177
f 2785/3741/1185 2790/3733/1179 2789/3740/1184
f 2786/3742/1186 2791/3738/1182 2790/3735/1179
f 2791/3738/1182 2784/3739/1183 2788/3731/1177
f 2776/3743/1187 2785/3741/1185 2784/3739/1183
f 2777/3744/1188 2786/3745/1186 2785/3741/1185
f 2778/3746/1189 2787/3747/1190 2786/3742/1186
f 2787/3747/1190 2776/3743/1187 2784/3739/1183
f 2804/3748/1191 2797/3749/1192 2796/3750/1193
f 2797/3749/1192 2806/3751/1194 2798/3752/1195
f 2806/3753/1194 2799/3754/1196 2798/3755/1195
f 2807/3756/1197 2796/3750/1193 2799/3754/1196
f 2800/3757/1198 2805/3758/1199 2804/3748/1191
f 2801/3759/1200 2806/3751/1194 2805/3758/1199
f 2802/3760/1201 2807/3756/1197 2806/3753/1194
f 2803/3761/1202 2804/3748/1191 2807/3756/1197
f 2792/3728/1174 2801/3759/1200 2800/3757/1198
f 2793/3730/1176 2802/3762/1201 2801/3759/1200
f 2794/3763/1203 2803/3761/1202 2802/3760/1201
f 2803/3761/1202 2792/3728/1174 2800/3757/1198
f 2793/3730/1176 2782/3734/1180 2794/3764/1203
f 2794/3763/1203 2783/3736/1181 2795/3765/1204
f 2795/3765/1204 2780/3732/1178 2792/3728/1174
f 2776/3743/1187 2769/3723/1170 2777/3744/1188
f 2778/3766/1189 2769/3723/1170 2770/3724/1171
f 2778/3746/1189 2771/3726/1172 2779/3767/1205
f 2779/3767/1205 2768/3727/1173 2776/3743/1187
f 2772/3718/1166 2797/3749/1192 2773/3768/1206
f 2773/3768/1206 2798/3752/1195 2774/3720/1168
f 2775/3722/1169 2798/3755/1195 2799/3754/1196
f 2772/3718/1166 2799/3754/1196 2796/3750/1193
f 2844/3769/439 2809/3770/439 2808/3676/439
f 2833/3771/1207 2810/3677/1208 2809/3770/1057
f 2810/3677/1209 2826/3772/1210 2811/3678/1211
f 2811/3678/1212 2844/3769/1213 2808/3676/64
f 2812/3673/1214 2829/3702/1215 2813/3773/439
f 2829/3702/1058 2814/3674/1058 2813/3773/1058
f 2814/3674/1216 2837/3774/1217 2815/3675/1218
f 2815/3675/1219 2822/3700/1220 2812/3673/1221
f 2766/3697/439 2755/3659/439 2752/3775/439
f 2756/3661/1136 2827/3686/1135 2828/3704/1137
f 2819/3705/409 2756/3661/1136 2828/3704/1137
f 2766/3697/414 2753/3579/414 2767/3695/414
f 2764/3694/439 2760/3663/439 2761/3776/439
f 2758/3666/1136 2834/3688/1049 2835/3712/1161
f 2817/3777/1159 2758/3666/1136 2835/3712/1161
f 2764/3694/414 2763/3574/414 2765/3692/414
f 2768/3727/1173 2843/3669/1138 2769/3723/1170
f 2861/3778/1222 2851/3779/1223 2853/3780/1224
f 2854/3781/1225 2852/3782/1226 2850/3783/1225
f 2855/3784/1227 2850/3783/1225 2845/3785/1227
f 2864/3786/1228 2846/3787/1229 2848/3788/1230
f 2852/3782/1226 2861/3778/1222 2853/3780/1224
f 2861/3789/1231 2857/3790/1232 2856/3791/1233
f 2854/3792/1234 2858/3793/1235 2860/3794/1236
f 2860/3794/1236 2859/3795/1237 2861/3789/1231
f 2864/3796/1238 2859/3795/1237 2858/3793/1235
f 2862/3797/1239 2858/3793/1235 2855/3798/1240
f 2865/3799/1241 2857/3790/1232 2859/3795/1237
f 2865/3800/1242 2848/3788/1230 2849/3801/1243
f 2862/3802/1229 2845/3785/1227 2846/3787/1229
f 2847/3803/1244 2865/3800/1242 2849/3801/1243
f 2852/3804/1245 2874/3805/1246 2873/3806/1247
f 2849/3807/1248 2869/3808/1249 2870/3809/1250
f 2846/3810/1251 2866/3811/1252 2867/3812/1253
f 2850/3813/1254 2873/3806/1247 2871/3814/1255
f 2848/3815/1256 2867/3812/1253 2869/3808/1249
f 2853/3816/1257 2872/3817/1258 2874/3805/1246
f 2847/3818/1259 2870/3809/1250 2868/3819/1260
f 2845/3820/1261 2871/3814/1255 2866/3811/1252
f 2900/3821/1262 2885/3822/1263 2898/3823/1264
f 2869/3808/1265 2918/3824/1266 2870/3809/1267
f 2902/3825/1268 2886/3826/1269 2887/3827/1270
f 2903/3828/1271 2887/3827/1270 2882/3829/1272
f 2899/3830/1273 2886/3826/1269 2901/3831/1274
f 2904/3832/1275 2882/3829/1272 2883/3833/1276
f 2900/3821/1262 2883/3833/1276 2884/3834/1277
f 2875/3835/1278 2882/3836/1279 2878/3837/1279
f 2876/3838/1280 2883/3839/1278 2875/3835/1278
f 2912/3840/1281 2916/3841/1282 2914/3842/1283
f 2877/3843/1284 2884/3844/1280 2876/3838/1280
f 2898/3823/1264 2915/3845/1285 2918/3824/1266
f 2880/3846/1286 2886/3847/1287 2881/3848/1287
f 2880/3846/1286 2882/3836/1279 2887/3849/1286
f 2881/3848/1287 2888/3850/1288 2879/3851/1288
f 2906/3852/1289 2995/3853/1290 2996/3854/1291
f 2907/3855/1292 2996/3854/1291 2998/3856/1293
f 2921/3857/1294 2998/3856/1293 2997/3858/1295
f 2908/3859/1296 3001/3860/1297 2909/3861/1298
f 2910/3862/1299 3001/3860/1297 2994/3863/1300
f 2911/3864/1301 3000/3865/1302 2908/3859/1296
f 2910/3862/1299 2995/3853/1290 2905/3866/1303
f 2866/3811/1304 2900/3821/1262 2867/3812/1305
f 2871/3814/1306 2904/3832/1275 2866/3811/1304
f 2874/3805/1307 2899/3830/1273 2901/3831/1274
f 2873/3806/1308 2903/3828/1271 2871/3814/1306
f 2873/3806/1308 2901/3831/1274 2902/3825/1268
f 2925/3867/1309 2997/3858/1295 2999/3868/1310
f 2869/3808/1265 2900/3821/1262 2898/3823/1264
f 2920/3869/1311 2922/3870/1312 2924/3871/1313
f 2875/3872/1314 2910/3862/1299 2905/3866/1303
f 2881/3873/1315 2911/3864/1301 2908/3859/1296
f 2878/3874/1316 2909/3861/1298 2910/3862/1299
f 2881/3873/1315 2909/3861/1298 2880/3875/1317
f 2870/3809/1267 2919/3876/1318 2868/3819/1319
f 2877/3877/1320 2906/3852/1289 2907/3855/1292
f 2913/3878/1321 2885/3879/1322 2877/3843/1284
f 2876/3880/1323 2905/3866/1303 2906/3852/1289
f 2916/3841/1324 2926/3881/1325 2918/3882/1326
f 2921/3883/1327 2922/3870/1328 2927/3884/1329
f 2912/3840/1330 2915/3885/1331 2913/3886/1332
f 2923/3887/1333 2913/3886/1332 2921/3883/1334
f 2916/3841/1324 2915/3885/1331 2914/3842/1335
f 2926/3881/1336 2923/3887/1337 2927/3884/1338
f 2917/3888/1339 2919/3889/1340 2918/3882/1341
f 2925/3890/1342 2922/3870/1328 2921/3883/1327
f 2913/3891/1343 2907/3855/1292 2921/3857/1294
f 2917/3888/1344 2927/3884/1338 2922/3870/1312
f 2918/3882/1341 2926/3881/1345 2917/3888/1339
f 2927/3884/1346 2923/3887/1333 2921/3883/1334
f 2969/3892/1347 3019/3893/1348 3025/3894/1347
f 2851/3895/1223 2940/3896/1349 2934/3897/1350
f 2932/3898/1351 2939/3899/1352 2935/3900/1351
f 2932/3898/1351 2936/3901/1353 2928/3902/1353
f 2929/3903/1354 2942/3904/1355 2930/3905/1356
f 2933/3906/1357 2940/3896/1349 2939/3899/1352
f 2940/3907/1358 2857/3790/1232 2938/3908/1359
f 2935/3909/1360 2937/3910/1361 2936/3911/1362
f 2939/3912/1363 2938/3908/1359 2937/3910/1361
f 2938/3908/1359 2942/3913/1364 2937/3910/1361
f 2937/3910/1361 2941/3914/1365 2936/3911/1362
f 2857/3790/1232 2943/3915/1366 2938/3908/1359
f 2930/3905/1356 2943/3916/1367 2931/3917/1368
f 2928/3902/1353 2941/3918/1354 2929/3903/1354
f 2847/3803/1244 2943/3916/1367 2863/3919/1369
f 2933/3920/1370 2950/3921/1371 2934/3922/1372
f 2931/3923/1373 2946/3924/1374 2930/3925/1375
f 2929/3926/1376 2944/3927/1377 2928/3928/1378
f 2932/3929/1379 2949/3930/1380 2933/3920/1370
f 2930/3925/1375 2945/3931/1381 2929/3926/1376
f 2934/3922/1372 2872/3932/1258 2851/3933/1258
f 2847/3818/1259 2947/3934/1382 2931/3923/1373
f 2928/3928/1378 2948/3935/1383 2932/3929/1379
f 2960/3936/1384 2971/3937/1385 2970/3938/1386
f 2988/3939/1387 2946/3924/1388 2947/3934/1389
f 2973/3940/1390 2961/3941/1391 2972/3942/1392
f 2974/3943/1393 2962/3944/1394 2973/3940/1390
f 2961/3941/1391 2899/3945/1273 2972/3942/1392
f 2975/3946/1395 2957/3947/1396 2974/3943/1393
f 2971/3937/1385 2958/3948/1397 2975/3946/1395
f 2957/3949/1398 2951/3950/1399 2954/3951/1398
f 2958/3952/1399 2952/3953/1400 2951/3950/1399
f 2986/3954/1401 2982/3955/1402 2984/3956/1403
f 2959/3957/1400 2953/3958/1404 2952/3953/1400
f 2985/3959/1405 2970/3938/1386 2988/3939/1387
f 2961/3960/1406 2955/3961/1407 2956/3962/1406
f 2955/3961/1407 2957/3949/1398 2954/3951/1398
f 2888/3850/1288 2956/3962/1406 2879/3851/1288
f 2977/3963/1408 3004/3964/1409 2976/3965/1410
f 2978/3966/1411 3005/3967/1412 2977/3963/1408
f 2989/3968/1413 3007/3969/1414 2978/3966/1411
f 3009/3970/1415 2979/3971/1416 2980/3972/1417
f 2981/3973/1418 3009/3970/1415 2980/3972/1417
f 3008/3974/1419 2911/3864/1301 2979/3971/1416
f 3004/3964/1409 2981/3973/1418 2976/3965/1410
f 2971/3937/1385 2944/3927/1420 2945/3931/1421
f 2975/3946/1395 2948/3935/1422 2944/3927/1420
f 2950/3921/1423 2899/3945/1273 2872/3932/1223
f 2974/3943/1393 2949/3930/1424 2948/3935/1422
f 2949/3930/1424 2972/3942/1392 2950/3921/1423
f 2925/3867/1309 3006/3975/1425 2989/3968/1413
f 2946/3924/1388 2971/3937/1385 2945/3931/1421
f 2920/3869/1311 2990/3976/1426 2987/3977/1427
f 2951/3978/1428 2981/3973/1418 2954/3979/1429
f 2956/3980/1430 2911/3864/1301 2879/3981/1431
f 2954/3979/1429 2980/3972/1417 2955/3982/1432
f 2980/3972/1417 2956/3980/1430 2955/3982/1432
f 2919/3876/1318 2947/3934/1389 2868/3819/1319
f 2953/3983/1433 2977/3963/1408 2952/3984/1434
f 2960/3985/1435 2983/3986/1436 2953/3958/1404
f 2977/3963/1408 2951/3978/1428 2952/3984/1434
f 2986/3954/1437 2988/3987/1438 2992/3988/1439
f 2989/3989/1440 2993/3990/1441 2990/3976/1442
f 2982/3955/1443 2985/3991/1444 2984/3956/1445
f 2991/3992/1446 2983/3993/1447 2982/3955/1443
f 2985/3991/1444 2986/3954/1437 2984/3956/1445
f 2991/3992/1448 2992/3988/1449 2993/3990/1450
f 2987/3977/1451 2919/3889/1340 2920/3869/1452
f 2990/3976/1442 2925/3890/1342 2989/3989/1440
f 2983/3994/1453 2978/3966/1411 2953/3983/1433
f 2993/3990/1450 2987/3977/1427 2990/3976/1426
f 2988/3987/1454 2987/3977/1451 2992/3988/1455
f 2993/3990/1456 2989/3989/1457 2991/3992/1446
f 2896/3995/1458 3012/3996/1459 2889/3997/1459
f 2889/3997/1460 2995/3853/1461 2994/3863/1460
f 2891/3998/1462 2995/3853/1461 2890/3999/1461
f 2892/4000/1463 2998/3856/1464 2893/4001/986
f 2891/3998/1462 2998/3856/1464 2996/3854/1465
f 2892/4000/1463 2999/3868/696 2997/3858/1466
f 2895/4002/1460 3001/3860/1467 3000/3865/1460
f 2896/3995/1468 2994/3863/1460 3001/3860/1467
f 2895/4002/1460 3002/4003/409 2897/4004/696
f 2963/4005/984 3004/3964/1469 2964/4006/1469
f 2965/4007/1470 3004/3964/1469 3005/3967/1471
f 2966/4008/1472 3007/3969/985 3006/3975/1473
f 2965/4007/1470 3007/3969/985 2967/4009/1474
f 2966/4008/1472 2999/3868/696 2894/4010/409
f 2968/4011/984 3009/3970/1475 2969/3892/1476
f 2969/3892/1476 3003/4012/984 2963/4005/984
f 2968/4011/984 3002/4003/409 3008/3974/984
f 3012/3996/1467 3010/4013/1477 3016/4014/1478
f 3021/4015/1474 3011/4016/1468 3025/3894/1475
f 2895/4002/1479 3011/4016/433 3017/4017/1479
f 2889/3997/1459 3013/4018/177 2890/3999/177
f 2968/4011/1480 3011/4016/433 2897/4004/433
f 2963/4005/1348 3020/4019/64 3019/3893/1348
f 2891/3998/1481 3013/4018/177 3014/4020/1482
f 2965/4007/1483 3020/4019/64 2964/4006/64
f 2893/4001/1484 3015/4021/1485 2892/4000/1486
f 2967/4009/1487 3022/4022/1488 3023/4023/1487
f 2893/4001/1484 3014/4020/1482 3016/4014/1484
f 2967/4009/1487 3021/4015/1489 2965/4007/1483
f 2892/4000/1486 3010/4013/414 2894/4010/414
f 2966/4008/1490 3010/4013/414 3022/4022/1488
f 2895/4002/1479 3018/4024/1458 2896/3995/1458
f 2968/4011/1480 3025/3894/1347 3024/4025/1480
f 3026/4026/1491 3049/4027/1492 3037/4028/1493
f 3047/4029/433 3035/4030/1494 3026/4026/1491
f 3044/4031/1495 3046/4032/414 3027/4033/1496
f 3027/4033/1496 3050/4034/1497 3044/4031/1495
f 3035/4030/1494 3045/4035/64 3028/4036/1498
f 3028/4036/1498 3049/4027/1492 3035/4030/1494
f 3028/4036/1498 3050/4034/1497 3039/4037/1499
f 3045/4035/64 3044/4031/1495 3028/4036/1498
f 3029/4038/1500 3051/4039/1501 3041/4040/1502
f 3037/4028/1493 3040/4041/1503 3029/4038/1500
f 3036/4042/1504 3038/4043/1505 3030/4044/1506
f 3030/4044/1506 3052/4045/1507 3036/4042/1504
f 3040/4041/1503 3039/4037/1499 3031/4046/1508
f 3031/4046/1508 3051/4039/1501 3040/4041/1503
f 3031/4046/1508 3052/4045/1507 3043/4047/1509
f 3039/4037/1499 3036/4042/1504 3031/4046/1508
f 3041/4040/1502 3069/4048/1510 3032/4049/1511
f 3070/4050/1512 3042/4051/1513 3033/4052/1514
f 3069/4048/1510 3043/4047/1509 3066/4053/1515
f 3043/4047/1509 3070/4050/1512 3066/4053/1515
f 3059/4054/1516 3089/4055/1517 3055/4056/64
f 3061/4057/64 3053/4058/1518 3045/4035/64
f 3064/4059/1518 3046/4032/414 3053/4058/1518
f 3055/4056/64 3048/4060/1519 3058/4061/1518
f 3058/4061/1518 3091/4062/1520 3056/4063/414
f 3063/4064/433 3054/4065/1516 3047/4029/433
f 3333/4066/177 3328/4067/1521 3321/4068/177
f 3057/4069/433 3090/4070/1522 3059/4054/1516
f 3057/4069/433 3060/4071/1516 3063/4064/433
f 3064/4059/1518 3056/4063/414 3062/4072/414
f 3055/4056/64 3064/4059/1518 3061/4057/64
f 3060/4071/1516 3055/4056/64 3061/4057/64
f 3065/4073/1523 3079/4074/1524 3068/4075/1525
f 3068/4075/1525 3095/4076/1526 3065/4073/1523
f 3095/4076/1526 3074/4077/1527 3065/4073/1523
f 3065/4073/1523 3080/4078/1528 3075/4079/1529
f 3081/4080/1530 3080/4078/1528 3074/4077/1527
f 3074/4077/1527 3096/4081/1531 3081/4080/1530
f 3094/4082/1532 3068/4075/1525 3082/4083/1533
f 3082/4083/1533 3079/4074/1524 3087/4084/1534
f 3085/4085/1535 3070/4086/1512 3033/4087/1514
f 3069/4088/1510 3086/4089/1536 3032/4090/1511
f 3070/4086/1512 3072/4091/1537 3066/4092/1515
f 3072/4091/1537 3069/4088/1510 3066/4092/1515
f 3087/4084/1534 3073/4093/1538 3083/4094/1539
f 3083/4094/1539 3077/4095/1540 3085/4085/1535
f 3084/4096/1541 3078/4097/1542 3071/4098/1543
f 3071/4098/1543 3088/4099/1544 3084/4096/1541
f 3067/4100/1545 3077/4095/1540 3073/4093/1538
f 3073/4093/1538 3075/4079/1529 3067/4100/1545
f 3075/4079/1529 3071/4098/1543 3067/4100/1545
f 3067/4100/1545 3078/4097/1542 3072/4091/1537
f 3090/4070/1522 3092/4101/439 3089/4102/1517
f 3048/4103/1519 3092/4101/439 3091/4104/1520
f 3101/4105/1546 3095/4106/1526 3076/4107/1547
f 3097/4108/1548 3098/4109/1549 3099/4110/1550
f 3095/4106/1526 3100/4111/1551 3093/4112/1552
f 3100/4111/1551 3096/4081/1531 3093/4112/1552
f 3094/4113/1532 3101/4105/1546 3076/4107/1547
f 3105/4114/1553 3114/4115/1554 3113/4116/1555
f 3116/4117/1556 3127/4118/1557 3130/4119/1558
f 3110/4120/1559 3105/4114/1553 3113/4116/1555
f 3107/4121/1560 3102/4122/1561 3106/4123/1562
f 3148/4124/1563 3106/4123/1562 3146/4125/1564
f 3174/4126/1565 3113/4116/1555 3176/4127/1566
f 3126/4128/1567 3123/4129/1568 3119/4130/1569
f 3125/4131/1570 3116/4117/1556 3118/4132/1571
f 3124/4133/1572 3119/4130/1569 3115/4134/1573
f 3115/4134/1573 3121/4135/1574 3120/4136/1575
f 3120/4136/1575 3167/4137/1576 3164/4138/177
f 3123/4129/1568 3127/4118/1557 3117/4139/1577
f 3177/4140/1578 3126/4128/1567 3124/4133/1572
f 3118/4132/1571 3166/4141/1579 3125/4131/1570
f 3179/4142/1580 3128/4143/1581 3126/4128/1567
f 3106/4144/1582 3115/4145/1583 3120/4146/1582
f 3102/4147/1583 3124/4148/439 3115/4145/1583
f 3109/4149/1584 3117/4150/1585 3111/4151/1586
f 3103/4152/1587 3122/4153/1588 3108/4154/1589
f 3112/4155/1590 3117/4150/1585 3125/4156/1570
f 3104/4157/1591 3116/4158/1592 3103/4152/1587
f 3149/4159/1593 3125/4156/1570 3166/4160/1579
f 3147/4161/1594 3118/4162/1595 3104/4157/1591
f 3107/4163/1596 3119/4164/1597 3105/4165/1598
f 3106/4144/1582 3164/4166/1599 3146/4167/1599
f 3107/4163/1596 3167/4168/1600 3121/4169/1601
f 3108/4154/1589 3178/4170/409 3175/4171/409
f 3109/4149/1584 3119/4164/1597 3123/4172/1602
f 3110/4173/439 3177/4174/439 3124/4148/439
f 3103/4175/1603 3132/4176/1604 3129/4177/1605
f 3175/4178/1606 3132/4176/1604 3108/4179/1607
f 3109/4180/1608 3111/4181/1609 3103/4175/1603
f 3109/4180/1608 3129/4177/1605 3114/4115/1554
f 3128/4143/1581 3130/4119/1558 3127/4118/1557
f 3130/4119/1558 3122/4182/1610 3116/4117/1556
f 3131/4183/1611 3178/4184/1612 3122/4182/1610
f 3182/4185/1613 3131/4183/1611 3128/4143/1581
f 3176/4127/1566 3114/4115/1554 3181/4186/1614
f 3181/4186/1614 3129/4177/1605 3180/4187/1615
f 3180/4187/1615 3132/4176/1604 3184/4188/1616
f 3145/4189/1617 3136/4190/1618 3144/4191/1619
f 3151/4192/1620 3162/4193/1621 3152/4194/1622
f 3141/4195/1623 3136/4190/1618 3133/4196/1624
f 3133/4196/1624 3138/4197/1625 3137/4198/1626
f 3137/4198/1626 3148/4199/1563 3146/4200/1564
f 3185/4201/1578 3144/4191/1619 3141/4195/1623
f 3168/4202/1627 3134/4203/1628 3142/4204/1629
f 3161/4205/1630 3158/4206/1631 3163/4207/1632
f 3151/4192/1620 3160/4208/1633 3153/4209/1634
f 3159/4210/1635 3154/4211/1636 3161/4205/1630
f 3156/4212/1637 3150/4213/1638 3155/4214/1639
f 3167/4137/1576 3155/4214/1639 3164/4138/177
f 3162/4193/1621 3158/4206/1631 3152/4194/1622
f 3188/4215/1565 3161/4205/1630 3190/4216/1640
f 3153/4209/1634 3166/4141/1579 3165/4217/1641
f 3190/4216/1640 3163/4207/1632 3193/4218/1642
f 3137/4219/1643 3150/4220/1583 3133/4221/1644
f 3133/4221/1644 3159/4222/439 3141/4223/439
f 3152/4224/1645 3140/4225/1646 3142/4226/1647
f 3157/4227/1648 3134/4228/1649 3139/4229/1589
f 3143/4230/1650 3152/4224/1645 3142/4226/1647
f 3151/4231/1651 3135/4232/1652 3134/4228/1649
f 3149/4159/1593 3160/4233/1633 3143/4230/1650
f 3153/4234/1653 3147/4161/1594 3135/4232/1652
f 3154/4235/1654 3138/4236/1655 3136/4237/1656
f 3146/4167/1599 3155/4238/1582 3137/4219/1643
f 3156/4239/1657 3148/4240/1658 3138/4236/1655
f 3189/4241/409 3139/4229/1589 3186/4242/409
f 3140/4225/1646 3154/4235/1654 3136/4237/1656
f 3141/4223/439 3188/4243/1232 3185/4244/1232
f 3169/4245/1659 3173/4246/1660 3139/4247/1661
f 3173/4246/1660 3186/4248/1662 3139/4247/1661
f 3149/4249/1663 3135/4250/1664 3147/4251/1665
f 3169/4245/1659 3145/4189/1617 3170/4252/1666
f 3140/4253/1667 3168/4202/1627 3142/4204/1629
f 3163/4207/1632 3171/4254/1668 3172/4255/1669
f 3157/4256/1670 3171/4254/1668 3151/4192/1620
f 3189/4257/1671 3172/4255/1669 3157/4256/1670
f 3172/4255/1669 3193/4218/1642 3163/4207/1632
f 3104/4258/1672 3111/4181/1609 3112/4259/1673
f 3104/4258/1672 3149/4249/1663 3147/4251/1665
f 3143/4260/1674 3134/4203/1628 3135/4250/1664
f 3145/4189/1617 3187/4261/1675 3192/4262/1676
f 3170/4252/1666 3192/4262/1676 3191/4263/1677
f 3191/4263/1677 3173/4246/1660 3170/4252/1666
f 3266/4264/1678 3233/4265/1679 3265/4266/1680
f 3241/4267/1681 3263/4268/1682 3268/4269/1683
f 3202/4270/1684 3288/4271/1685 3291/4272/1686
f 3282/4273/1687 3196/4274/1688 3199/4275/1689
f 3312/4276/1690 3274/4277/1691 3290/4278/1692
f 3223/4279/1693 3281/4280/1694 3264/4281/1695
f 3271/4282/1696 3289/4283/1697 3310/4284/1698
f 3219/4285/1699 3281/4286/1700 3273/4287/1701
f 3197/4288/1702 3207/4289/1703 3204/4290/1704
f 3270/4291/1705 3205/4292/1706 3198/4293/1707
f 3311/4294/1708 3284/4295/1709 3312/4276/1690
f 3267/4296/1710 3239/4297/1711 3269/4298/1712
f 3282/4273/1687 3283/4299/1713 3284/4300/1709
f 3216/4301/1714 3220/4302/1715 3222/4303/1716
f 3204/4290/1704 3203/4304/1717 3205/4292/1706
f 3216/4305/1714 3207/4289/1703 3214/4306/1718
f 3214/4306/1718 3202/4307/1684 3211/4308/1719
f 3215/4309/1720 3203/4304/1717 3216/4305/1714
f 3211/4310/1719 3291/4272/1686 3293/4311/1721
f 3222/4303/1716 3215/4312/1720 3216/4301/1714
f 3273/4287/1701 3213/4313/1722 3219/4285/1699
f 3295/4314/1723 3211/4315/1719 3293/4316/1721
f 3214/4317/1718 3217/4318/1724 3220/4302/1715
f 3218/4319/1725 3264/4320/1726 3219/4285/1699
f 3220/4302/1715 3267/4321/1727 3269/4322/1728
f 3286/4323/1729 3210/4324/1730 3209/4325/1731
f 3221/4326/1732 3263/4327/1733 3218/4319/1725
f 3212/4328/1734 3221/4326/1732 3218/4319/1725
f 3232/4329/1735 3244/4330/1736 3247/4331/1737
f 3232/4329/1735 3242/4332/1738 3243/4333/1739
f 3303/4334/1740 3226/4335/1741 3231/4336/1742
f 3245/4337/1743 3277/4338/1744 3280/4339/1745
f 3227/4340/1746 3230/4341/1747 3225/4342/1748
f 3301/4343/1749 3276/4344/1750 3228/4345/1751
f 3227/4340/1746 3229/4346/1752 3228/4345/1751
f 3226/4335/1741 3301/4343/1749 3229/4346/1752
f 3277/4338/1744 3230/4341/1747 3276/4344/1750
f 3257/4347/1753 3223/4279/1754 3234/4348/1755
f 3226/4335/1741 3238/4349/1756 3231/4336/1742
f 3227/4340/1746 3235/4350/1757 3226/4335/1741
f 3227/4340/1746 3237/4351/1758 3236/4352/1759
f 3246/4353/1760 3225/4342/1748 3245/4337/1743
f 3242/4332/1738 3236/4352/1759 3243/4333/1739
f 3257/4347/1753 3241/4267/1761 3261/4354/1762
f 3236/4352/1759 3244/4330/1736 3243/4333/1739
f 3237/4351/1758 3247/4331/1737 3244/4330/1736
f 3248/4355/1763 3235/4350/1757 3242/4332/1738
f 3262/4356/1764 3254/4357/1765 3261/4354/1762
f 3252/4358/1766 3248/4359/1763 3253/4360/1767
f 3249/4361/1768 3238/4362/1756 3252/4358/1766
f 3232/4363/1735 3254/4357/1765 3255/4364/1769
f 3253/4360/1767 3232/4363/1735 3255/4364/1769
f 3305/4365/1770 3231/4366/1742 3249/4361/1768
f 3278/4367/1771 3245/4368/1743 3280/4369/1745
f 3279/4370/1772 3251/4371/1773 3278/4367/1771
f 3307/4372/1774 3249/4361/1768 3256/4373/1775
f 3256/4373/1775 3252/4358/1766 3260/4374/1776
f 3260/4374/1776 3253/4360/1767 3258/4375/1777
f 3247/4376/1737 3250/4377/1778 3254/4357/1765
f 3246/4378/1760 3251/4371/1773 3250/4377/1778
f 3261/4354/1762 3239/4297/1779 3262/4356/1764
f 3262/4356/1764 3240/4379/1780 3258/4375/1777
f 3255/4364/1769 3258/4375/1777 3253/4360/1767
f 3250/4377/1778 3261/4354/1762 3254/4357/1765
f 3233/4265/1781 3258/4375/1777 3240/4379/1780
f 3224/4380/1782 3260/4374/1776 3233/4265/1781
f 3296/4381/1783 3256/4373/1775 3224/4380/1782
f 3223/4279/1754 3279/4370/1772 3275/4382/1784
f 3250/4377/1778 3259/4383/1785 3257/4347/1753
f 3222/4303/1716 3268/4384/1786 3221/4326/1732
f 3223/4279/1693 3263/4268/1682 3234/4348/1787
f 3296/4381/1788 3266/4264/1678 3309/4385/1789
f 3275/4382/1790 3308/4386/1791 3281/4280/1694
f 3239/4297/1711 3268/4269/1683 3269/4298/1712
f 3266/4387/1792 3220/4302/1715 3217/4318/1724
f 3240/4379/1793 3265/4266/1680 3233/4265/1679
f 3217/4388/1724 3309/4389/1794 3266/4390/1792
f 3273/4391/1701 3308/4392/1795 3294/4393/1796
f 3218/4319/1725 3213/4313/1722 3212/4328/1734
f 3197/4394/1702 3310/4284/1698 3288/4271/1685
f 3197/4288/1702 3270/4291/1705 3271/4395/1696
f 3297/4396/1797 3279/4370/1772 3306/4397/1798
f 3306/4397/1798 3278/4367/1771 3304/4398/1799
f 3304/4398/1799 3280/4369/1745 3302/4399/1800
f 3298/4400/1801 3276/4344/1750 3300/4401/1802
f 3280/4339/1745 3298/4400/1801 3302/4402/1800
f 3294/4393/1796 3272/4403/1803 3273/4391/1701
f 3212/4404/1734 3208/4405/1804 3209/4325/1731
f 3287/4406/1805 3282/4407/1687 3311/4294/1708
f 3201/4408/1806 3198/4293/1707 3196/4274/1688
f 3200/4409/1807 3270/4291/1705 3198/4293/1707
f 3200/4410/1807 3287/4406/1805 3289/4283/1697
f 3205/4292/1706 3196/4274/1688 3198/4293/1707
f 3284/4300/1709 3208/4405/1804 3274/4411/1691
f 3285/4412/1808 3208/4405/1804 3283/4299/1713
f 3283/4299/1713 3286/4323/1729 3285/4412/1808
f 3286/4323/1729 3196/4274/1688 3206/4413/1809
f 3205/4292/1706 3210/4324/1730 3206/4413/1809
f 3215/4309/1720 3209/4325/1731 3210/4324/1730
f 3274/4411/1691 3213/4414/1722 3272/4415/1803
f 3290/4278/1692 3272/4416/1803 3292/4417/1810
f 3026/4026/1491 3323/4418/1811 3315/4419/1812
f 3315/4419/1812 3047/4029/433 3026/4026/1491
f 3046/4420/414 3320/4421/1813 3027/4422/1496
f 3027/4422/1496 3324/4423/1814 3038/4424/1505
f 3321/4068/177 3315/4419/1812 3313/4425/1815
f 3313/4425/1815 3323/4418/1811 3317/4426/1816
f 3313/4425/1815 3324/4423/1814 3320/4421/1813
f 3320/4421/1813 3321/4068/177 3313/4425/1815
f 3029/4038/1500 3325/4427/1817 3318/4428/1818
f 3318/4428/1818 3037/4028/1493 3029/4038/1500
f 3038/4424/1505 3316/4429/1819 3030/4430/1506
f 3030/4430/1506 3326/4431/1820 3042/4432/1513
f 3317/4426/1816 3318/4428/1818 3314/4433/1821
f 3314/4433/1821 3325/4427/1817 3319/4434/1822
f 3314/4433/1821 3326/4431/1820 3316/4429/1819
f 3316/4429/1819 3317/4426/1816 3314/4433/1821
f 3339/4435/1823 3041/4040/1502 3032/4049/1511
f 3042/4432/1513 3340/4436/1824 3033/4437/1514
f 3319/4434/1822 3339/4435/1823 3336/4438/1825
f 3340/4436/1824 3319/4434/1822 3336/4438/1825
f 3351/4439/1826 3331/4440/1521 3329/4441/177
f 3334/4442/1827 3321/4068/177 3327/4443/1827
f 3062/4444/414 3327/4443/1827 3046/4420/414
f 3330/4445/1827 3351/4439/1826 3329/4441/177
f 3091/4446/1520 3330/4445/1827 3056/4447/414
f 3063/4064/433 3328/4067/1521 3332/4448/1521
f 3057/4069/433 3352/4449/1828 3034/4450/1829
f 3332/4448/1521 3057/4069/433 3063/4064/433
f 3056/4447/414 3334/4442/1827 3062/4444/414
f 3334/4442/1827 3329/4441/177 3333/4066/177
f 3329/4441/177 3332/4448/1521 3333/4066/177
f 3335/4451/1830 3349/4452/1831 3345/4453/1832
f 3354/4454/1833 3338/4455/1834 3335/4451/1830
f 3344/4456/1835 3354/4454/1833 3335/4451/1830
f 3335/4451/1830 3350/4457/1836 3344/4456/1835
f 3081/4080/1530 3350/4457/1836 3088/4099/1544
f 3096/4081/1531 3344/4456/1835 3081/4080/1530
f 3338/4455/1834 3094/4082/1532 3082/4083/1533
f 3082/4083/1533 3349/4452/1831 3338/4455/1834
f 3340/4458/1824 3085/4085/1535 3033/4087/1514
f 3086/4089/1536 3339/4459/1823 3032/4090/1511
f 3342/4460/1837 3340/4458/1824 3336/4461/1825
f 3339/4459/1823 3342/4460/1837 3336/4461/1825
f 3343/4462/1838 3087/4084/1534 3083/4094/1539
f 3083/4094/1539 3347/4463/1839 3343/4462/1838
f 3084/4096/1541 3348/4464/1840 3086/4089/1536
f 3088/4099/1544 3341/4465/1841 3084/4096/1541
f 3337/4466/1842 3347/4463/1839 3342/4460/1837
f 3345/4453/1832 3343/4462/1838 3337/4466/1842
f 3341/4465/1841 3345/4453/1832 3337/4466/1842
f 3337/4466/1842 3348/4464/1840 3341/4465/1841
f 3092/4101/439 3352/4449/1828 3351/4467/1826
f 3322/4468/1843 3092/4101/439 3351/4467/1826
f 3354/4469/1833 3357/4470/1844 3346/4471/1845
f 3099/4110/1550 3357/4470/1844 3355/4472/1846
f 3354/4469/1833 3356/4473/1847 3355/4472/1846
f 3096/4081/1531 3356/4473/1847 3353/4474/1848
f 3094/4113/1532 3357/4470/1844 3098/4109/1549
f 3370/4475/1849 3361/4476/1850 3369/4477/1851
f 3372/4478/1852 3383/4479/1853 3373/4480/1854
f 3366/4481/1855 3361/4476/1850 3358/4482/1856
f 3358/4482/1856 3363/4483/1857 3362/4484/1858
f 3362/4484/1858 3404/4485/1859 3402/4486/1860
f 3174/4126/1565 3369/4477/1851 3366/4481/1855
f 3382/4487/1861 3379/4488/1862 3384/4489/1863
f 3372/4478/1852 3381/4490/1864 3374/4491/1865
f 3380/4492/1866 3375/4493/1867 3382/4487/1861
f 3377/4494/1868 3371/4495/1869 3376/4496/1870
f 3423/4497/1871 3376/4496/1870 3420/4498/64
f 3383/4479/1853 3379/4488/1862 3373/4480/1854
f 3177/4140/1578 3382/4487/1861 3179/4142/1580
f 3374/4491/1865 3422/4499/1872 3421/4500/1873
f 3179/4142/1580 3384/4489/1863 3182/4185/1613
f 3362/4501/1874 3371/4502/1875 3358/4503/1875
f 3358/4503/1875 3380/4504/439 3366/4505/439
f 3373/4506/1876 3365/4507/1877 3367/4508/1878
f 3378/4509/1879 3359/4510/1880 3364/4511/1881
f 3368/4512/1882 3373/4506/1876 3367/4508/1878
f 3372/4513/1883 3360/4514/1884 3359/4510/1880
f 3405/4515/1885 3381/4516/1864 3368/4512/1882
f 3374/4517/1886 3403/4518/1887 3360/4514/1884
f 3375/4519/1888 3363/4520/1889 3361/4521/1890
f 3420/4522/1891 3362/4501/1874 3402/4523/1891
f 3363/4520/1889 3423/4524/1892 3404/4525/1893
f 3178/4170/409 3364/4511/1881 3175/4171/409
f 3365/4507/1877 3375/4519/1888 3361/4521/1890
f 3366/4505/439 3177/4174/439 3174/4526/439
f 3359/4527/1894 3388/4528/1895 3364/4529/1896
f 3388/4528/1895 3175/4178/1606 3364/4529/1896
f 3365/4530/1897 3359/4527/1894 3367/4531/1898
f 3385/4532/1899 3365/4530/1897 3370/4475/1849
f 3384/4489/1863 3386/4533/1900 3387/4534/1901
f 3378/4535/1902 3386/4533/1900 3372/4478/1852
f 3178/4184/1612 3387/4534/1901 3378/4535/1902
f 3387/4534/1901 3182/4185/1613 3384/4489/1863
f 3370/4475/1849 3176/4127/1566 3181/4186/1614
f 3385/4532/1899 3181/4186/1614 3180/4187/1615
f 3180/4187/1615 3388/4528/1895 3385/4532/1899
f 3392/4536/1903 3401/4537/1904 3400/4538/1905
f 3407/4539/1906 3418/4540/1907 3427/4541/1908
f 3397/4542/1909 3392/4536/1903 3400/4538/1905
f 3394/4543/1910 3389/4544/1911 3393/4545/1912
f 3404/4546/1859 3393/4545/1912 3402/4547/1860
f 3185/4201/1578 3400/4538/1905 3187/4261/1675
f 3424/4548/1913 3390/4549/1914 3425/4550/1915
f 3417/4551/1916 3414/4552/1917 3410/4553/1918
f 3416/4554/1919 3407/4539/1906 3409/4555/1920
f 3415/4556/1921 3410/4553/1918 3406/4557/1922
f 3406/4557/1922 3412/4558/1923 3411/4559/1924
f 3411/4559/1924 3423/4497/1871 3420/4498/64
f 3414/4552/1917 3418/4540/1907 3408/4560/1925
f 3188/4215/1565 3417/4551/1916 3415/4556/1921
f 3409/4555/1920 3422/4499/1872 3416/4554/1919
f 3190/4216/1640 3419/4561/1926 3417/4551/1916
f 3393/4562/1927 3406/4563/1875 3411/4564/1874
f 3389/4565/1928 3415/4566/439 3406/4563/1875
f 3396/4567/1929 3408/4568/1930 3398/4569/1931
f 3390/4570/1932 3413/4571/1933 3395/4572/1881
f 3399/4573/1934 3408/4568/1930 3416/4574/1919
f 3391/4575/1935 3407/4576/1936 3390/4570/1932
f 3405/4515/1885 3416/4574/1919 3422/4577/1872
f 3403/4518/1887 3409/4578/1937 3391/4575/1935
f 3394/4579/1938 3410/4580/1939 3392/4581/1940
f 3402/4523/1891 3411/4564/1874 3420/4522/1891
f 3404/4525/1893 3412/4582/1941 3394/4579/1938
f 3395/4572/1881 3189/4241/409 3186/4242/409
f 3396/4567/1929 3410/4580/1939 3414/4583/1942
f 3397/4584/439 3188/4243/1232 3415/4566/439
f 3395/4585/1943 3426/4586/1944 3425/4550/1915
f 3186/4248/1662 3429/4587/1945 3395/4585/1943
f 3405/4588/1946 3391/4589/1947 3399/4590/1948
f 3425/4550/1915 3401/4537/1904 3424/4548/1913
f 3396/4591/1949 3424/4548/1913 3401/4537/1904
f 3419/4561/1926 3427/4541/1908 3418/4540/1907
f 3427/4541/1908 3413/4592/1950 3407/4539/1906
f 3428/4593/1951 3189/4257/1671 3413/4592/1950
f 3193/4218/1642 3428/4593/1951 3419/4561/1926
f 3360/4594/1952 3367/4531/1898 3359/4527/1894
f 3405/4588/1946 3360/4594/1952 3403/4595/1953
f 3390/4549/1914 3399/4590/1948 3391/4589/1947
f 3187/4261/1675 3401/4537/1904 3192/4262/1676
f 3192/4262/1676 3426/4586/1944 3191/4263/1677
f 3191/4263/1677 3429/4587/1945 3195/4596/1954
f 3500/4597/1955 3467/4598/1956 3458/4599/1957
f 3497/4600/1958 3475/4601/1959 3502/4602/1960
f 3288/4271/1685 3436/4603/1961 3291/4272/1686
f 3516/4604/1962 3430/4605/1963 3435/4606/1964
f 3508/4607/1965 3312/4276/1690 3290/4278/1692
f 3515/4608/1966 3457/4609/1967 3498/4610/1968
f 3505/4611/1969 3289/4283/1697 3434/4612/1970
f 3453/4613/1971 3515/4614/1972 3498/4615/1973
f 3431/4616/1974 3441/4617/1975 3436/4618/1961
f 3439/4619/1976 3504/4620/1977 3432/4621/1978
f 3518/4622/1979 3311/4294/1708 3312/4276/1690
f 3501/4623/1980 3473/4624/1981 3474/4625/1982
f 3517/4626/1983 3516/4604/1962 3518/4627/1979
f 3454/4628/1984 3450/4629/1985 3456/4630/1986
f 3437/4631/1987 3438/4632/1988 3439/4619/1976
f 3450/4633/1985 3441/4617/1975 3437/4631/1987
f 3448/4634/1989 3436/4618/1961 3441/4617/1975
f 3449/4635/1990 3437/4631/1987 3444/4636/1991
f 3445/4637/1992 3291/4272/1686 3436/4603/1961
f 3456/4630/1986 3449/4638/1990 3455/4639/1993
f 3507/4640/1994 3447/4641/1995 3506/4642/1996
f 3295/4314/1723 3445/4643/1992 3451/4644/1997
f 3451/4645/1997 3448/4646/1989 3454/4628/1984
f 3452/4647/1998 3498/4615/1973 3497/4648/1999
f 3503/4649/2000 3501/4650/2001 3454/4628/1984
f 3443/4651/2002 3440/4652/2003 3520/4653/2004
f 3455/4639/1993 3497/4648/1999 3502/4654/2005
f 3446/4655/2006 3455/4639/1993 3449/4638/1990
f 3466/4656/2007 3478/4657/2008 3477/4658/2009
f 3466/4656/2007 3476/4659/2010 3482/4660/2011
f 3303/4334/1740 3460/4661/2012 3299/4662/2013
f 3511/4663/2014 3479/4664/2015 3514/4665/2016
f 3464/4666/2017 3461/4667/2018 3459/4668/2019
f 3462/4669/2020 3510/4670/2021 3301/4343/1749
f 3461/4667/2018 3463/4671/2022 3460/4661/2012
f 3460/4661/2012 3301/4343/1749 3299/4662/2013
f 3511/4663/2014 3464/4666/2017 3459/4668/2019
f 3491/4672/2023 3457/4609/2024 3493/4673/2025
f 3460/4661/2012 3472/4674/2026 3469/4675/2027
f 3461/4667/2018 3469/4675/2027 3470/4676/2028
f 3471/4677/2029 3461/4667/2018 3470/4676/2028
f 3459/4668/2019 3480/4678/2030 3479/4664/2015
f 3476/4659/2010 3470/4676/2028 3469/4675/2027
f 3475/4601/2031 3491/4672/2023 3495/4679/2032
f 3478/4657/2008 3470/4676/2028 3477/4658/2009
f 3481/4680/2033 3471/4677/2029 3478/4657/2008
f 3482/4660/2011 3469/4675/2027 3472/4674/2026
f 3496/4681/2034 3488/4682/2035 3489/4683/2036
f 3482/4684/2011 3486/4685/2037 3487/4686/2038
f 3472/4687/2026 3483/4688/2039 3486/4685/2037
f 3488/4682/2035 3466/4689/2007 3489/4683/2036
f 3466/4689/2007 3487/4686/2038 3489/4683/2036
f 3305/4365/1770 3465/4690/2040 3303/4691/1740
f 3512/4692/2041 3479/4693/2015 3485/4694/2042
f 3513/4695/2043 3485/4694/2042 3493/4673/2025
f 3307/4372/1774 3483/4688/2039 3305/4365/1770
f 3486/4685/2037 3490/4696/2044 3494/4697/2045
f 3487/4686/2038 3494/4697/2045 3492/4698/2046
f 3481/4699/2033 3484/4700/2047 3480/4701/2030
f 3480/4701/2030 3485/4694/2042 3479/4693/2015
f 3473/4624/2048 3495/4679/2032 3496/4681/2034
f 3474/4625/2049 3496/4681/2034 3492/4698/2046
f 3492/4698/2046 3489/4683/2036 3487/4686/2038
f 3484/4700/2047 3495/4679/2032 3491/4672/2023
f 3492/4698/2046 3467/4598/2050 3474/4625/2049
f 3494/4697/2045 3458/4599/2051 3467/4598/2050
f 3296/4381/1783 3490/4696/2044 3307/4372/1774
f 3513/4695/2043 3457/4609/2024 3509/4702/2052
f 3484/4700/2047 3493/4673/2025 3485/4694/2042
f 3456/4630/1986 3502/4654/2005 3503/4649/2000
f 3497/4600/1958 3457/4609/1967 3468/4703/2053
f 3296/4381/1788 3500/4597/1955 3458/4599/1957
f 3308/4386/1791 3509/4702/2054 3515/4608/1966
f 3473/4624/1981 3502/4602/1960 3475/4601/1959
f 3454/4628/1984 3500/4704/2055 3451/4645/1997
f 3499/4705/2056 3474/4625/1982 3467/4598/1956
f 3309/4389/1794 3451/4644/1997 3500/4706/2055
f 3507/4707/1994 3308/4392/1795 3515/4708/1972
f 3447/4641/1995 3452/4647/1998 3446/4655/2006
f 3431/4709/1974 3310/4284/1698 3505/4611/1969
f 3431/4616/1974 3504/4620/1977 3438/4632/1988
f 3297/4396/1797 3513/4695/2043 3509/4702/2052
f 3306/4397/1798 3512/4692/2041 3513/4695/2043
f 3304/4398/1799 3514/4710/2016 3512/4692/2041
f 3298/4400/1801 3510/4670/2021 3511/4663/2014
f 3298/4400/1801 3514/4665/2016 3302/4402/1800
f 3294/4393/1796 3506/4711/1996 3292/4712/1810
f 3442/4713/2057 3446/4714/2006 3443/4651/2002
f 3516/4715/1962 3287/4406/1805 3311/4294/1708
f 3435/4606/1964 3432/4621/1978 3434/4716/1970
f 3504/4620/1977 3434/4716/1970 3432/4621/1978
f 3434/4612/1970 3287/4406/1805 3435/4717/1964
f 3439/4619/1976 3430/4605/1963 3440/4652/2003
f 3442/4713/2057 3518/4627/1979 3508/4718/1965
f 3442/4713/2057 3519/4719/2058 3517/4626/1983
f 3517/4626/1983 3520/4653/2004 3433/4720/2059
f 3430/4605/1963 3520/4653/2004 3440/4652/2003
f 3439/4619/1976 3444/4636/1991 3437/4631/1987
f 3443/4651/2002 3449/4635/1990 3444/4636/1991
f 3447/4721/1995 3508/4718/1965 3506/4722/1996
f 3506/4723/1996 3290/4278/1692 3292/4417/1810
f 3586/4724/2060 3523/4725/2061 3587/4726/2062
f 3526/4727/2063 3591/4728/2064 3589/4729/2065
f 3566/4730/439 3524/4731/439 3561/4732/439
f 3573/4733/2066 3521/4734/2067 3572/4735/2067
f 3528/4736/2068 3524/4737/2068 3525/4738/2068
f 3521/4739/2069 3527/4740/2069 3522/4741/2069
f 3530/4742/2070 3535/4743/2071 3528/4736/2068
f 3536/4744/2072 3529/4745/2073 3527/4740/2069
f 3523/4725/2074 3571/4746/2074 3574/4747/2074
f 3604/4748/2075 3531/4749/2076 3570/4750/2077
f 3601/4751/2078 3529/4745/2079 3588/4752/2080
f 3605/4753/2081 3542/4754/2082 3607/4755/2083
f 3579/4756/439 3537/4757/439 3577/4758/439
f 3540/4759/64 3537/4760/64 3538/4761/64
f 3541/4762/2084 3544/4763/64 3540/4759/64
f 3609/4764/2085 3581/4765/2086 3616/4766/2087
f 3550/4767/2088 3582/4768/2089 3578/4769/2090
f 3577/4770/2091 3547/4771/433 3546/4772/433
f 3564/4773/2092 3525/4738/2092 3566/4730/2092
f 3565/4774/2093 3528/4736/2092 3564/4773/2092
f 3548/4775/2094 3580/4776/2095 3581/4777/2096
f 3535/4778/2097 3567/4779/2098 3562/4780/2099
f 3611/4781/2100 3578/4769/2101 3614/4782/2102
f 3584/4783/2103 3552/4784/414 3583/4785/2103
f 3579/4756/2103 3551/4786/414 3584/4783/2103
f 3573/4733/2066 3555/4787/2104 3570/4788/2105
f 3576/4789/2106 3559/4790/2092 3575/4791/2092
f 3575/4791/2092 3553/4792/2092 3569/4793/2092
f 3599/4794/2107 3560/4795/2108 3593/4796/2109
f 3596/4797/2110 3567/4798/2111 3598/4799/2112
f 3558/4800/2074 3568/4801/2074 3563/4802/2074
f 3561/4803/2067 3556/4804/2113 3554/4805/2067
f 3569/4793/439 3554/4806/439 3572/4807/439
f 3524/4808/2067 3562/4780/2099 3561/4803/2067
f 3563/4802/2074 3533/4809/2074 3526/4727/2074
f 3598/4799/2112 3534/4810/2114 3592/4811/2115
f 3590/4812/2116 3565/4774/2093 3599/4794/2107
f 3562/4780/2099 3555/4787/2104 3556/4804/2113
f 3560/4795/2108 3564/4773/2092 3559/4790/2092
f 3559/4790/2092 3566/4730/2092 3553/4792/2092
f 3553/4792/439 3561/4732/439 3554/4806/439
f 3522/4741/439 3572/4807/439 3521/4813/439
f 3527/4740/2092 3569/4793/2092 3522/4741/2092
f 3529/4745/2079 3575/4791/2092 3527/4740/2092
f 3536/4814/2117 3570/4788/2105 3531/4815/2118
f 3593/4796/2109 3576/4789/2106 3601/4751/2078
f 3596/4797/2110 3570/4750/2077 3555/4816/2119
f 3574/4747/2074 3557/4817/2074 3558/4800/2074
f 3556/4804/2113 3572/4735/2067 3554/4805/2067
f 3538/4761/2103 3584/4783/2103 3540/4759/2103
f 3540/4759/2103 3583/4785/2103 3541/4762/2103
f 3614/4782/2102 3539/4818/2101 3605/4753/2120
f 3581/4777/2096 3544/4819/2121 3543/4820/2122
f 3537/4821/2091 3580/4822/2091 3577/4770/2091
f 3578/4769/2090 3542/4823/2123 3539/4818/2124
f 3616/4766/2087 3543/4824/2125 3608/4825/2126
f 3545/4826/439 3577/4758/439 3546/4827/439
f 3557/4828/2127 3603/4829/2128 3595/4830/2129
f 3595/4830/2129 3604/4748/2075 3596/4797/2110
f 3594/4831/2130 3574/4747/2131 3558/4800/2131
f 3594/4831/2130 3601/4751/2078 3602/4832/2132
f 3526/4727/2131 3600/4833/2133 3563/4802/2131
f 3589/4729/2134 3599/4794/2107 3600/4833/2133
f 3568/4834/2135 3591/4835/2136 3533/4836/2137
f 3597/4837/2138 3592/4811/2115 3591/4835/2136
f 3557/4828/2127 3597/4837/2138 3568/4834/2135
f 3595/4830/2129 3598/4799/2112 3597/4837/2138
f 3600/4833/2133 3558/4800/2131 3563/4802/2131
f 3600/4833/2133 3593/4796/2109 3594/4831/2130
f 3602/4832/2132 3523/4725/2131 3574/4747/2131
f 3602/4832/2132 3588/4752/2080 3587/4726/2139
f 3571/4838/2140 3586/4839/2141 3603/4829/2128
f 3603/4829/2128 3585/4840/2142 3604/4748/2075
f 3590/4812/2143 3534/4841/2144 3530/4742/2070
f 3589/4729/2065 3592/4842/2145 3590/4812/2143
f 3531/4843/2146 3588/4752/2147 3529/4745/2073
f 3585/4844/2148 3587/4726/2062 3588/4752/2147
f 3582/4845/2149 3607/4846/2150 3542/4847/2151
f 3615/4848/2152 3608/4825/2126 3607/4846/2150
f 3583/4785/2103 3606/4849/2153 3541/4762/2103
f 3613/4850/2154 3605/4753/2120 3606/4849/2153
f 3552/4784/414 3613/4850/2154 3583/4785/2103
f 3612/4851/2155 3614/4782/2102 3613/4850/2154
f 3549/4852/2156 3615/4848/2152 3582/4845/2149
f 3610/4853/2157 3616/4766/2087 3615/4848/2152
f 3606/4849/2158 3543/4854/2159 3541/4762/2084
f 3606/4849/2158 3607/4755/2083 3608/4855/2160
f 3674/4856/2161 3619/4857/2162 3628/4858/2163
f 3679/4859/2164 3622/4860/2165 3677/4861/2166
f 3654/4862/439 3620/4863/439 3621/4864/439
f 3617/4865/2167 3661/4866/2168 3660/4867/2167
f 3620/4868/2169 3624/4869/2169 3621/4864/2169
f 3617/4870/2170 3623/4871/2170 3632/4872/2171
f 3631/4873/2172 3626/4874/2173 3624/4869/2169
f 3632/4872/2171 3625/4875/2174 3627/4876/2175
f 3659/4877/2176 3619/4857/2176 3662/4878/2176
f 3692/4879/2177 3627/4880/2178 3673/4881/2179
f 3676/4882/2180 3664/4883/2181 3689/4884/2182
f 3693/4885/2183 3638/4886/2184 3635/4887/2184
f 3667/4888/439 3633/4889/439 3634/4890/439
f 3633/4891/177 3636/4892/177 3634/4890/177
f 3640/4893/177 3637/4894/2185 3636/4892/177
f 3669/4895/2186 3609/4764/2085 3700/4896/2187
f 3670/4897/2188 3550/4767/2088 3666/4898/2189
f 3665/4899/2190 3547/4771/433 3668/4900/2190
f 3621/4864/2191 3652/4901/2191 3654/4862/2191
f 3624/4869/2191 3653/4902/2192 3652/4901/2191
f 3668/4903/2193 3548/4775/2094 3669/4904/2194
f 3655/4905/2195 3631/4906/2196 3650/4907/2197
f 3698/4908/2198 3550/4767/2199 3611/4781/2100
f 3552/4784/414 3672/4909/2200 3671/4910/2200
f 3551/4786/414 3667/4888/2200 3672/4909/2200
f 3661/4866/2168 3643/4911/2201 3644/4912/2202
f 3647/4913/2191 3664/4883/2181 3663/4914/2191
f 3641/4915/2191 3663/4914/2191 3657/4916/2191
f 3681/4917/2203 3653/4902/2192 3687/4918/2204
f 3655/4919/2205 3684/4920/2206 3686/4921/2207
f 3656/4922/2176 3646/4923/2176 3651/4924/2176
f 3649/4925/2167 3644/4912/2202 3650/4907/2197
f 3657/4916/439 3642/4926/439 3641/4915/439
f 3620/4927/2167 3650/4907/2197 3631/4906/2196
f 3629/4928/2176 3651/4924/2176 3622/4860/2176
f 3630/4929/2208 3686/4921/2207 3680/4930/2209
f 3687/4918/2204 3626/4874/2210 3678/4931/2211
f 3643/4911/2201 3650/4907/2197 3644/4912/2202
f 3652/4901/2191 3648/4932/2212 3647/4913/2191
f 3654/4862/2191 3647/4913/2191 3641/4915/2191
f 3641/4915/439 3649/4933/439 3654/4862/439
f 3618/4934/439 3660/4935/439 3657/4916/439
f 3657/4916/2191 3623/4871/2191 3618/4934/2191
f 3663/4914/2191 3625/4875/2213 3623/4871/2191
f 3632/4936/2214 3658/4937/2215 3661/4866/2168
f 3689/4884/2182 3648/4932/2212 3681/4917/2203
f 3684/4920/2206 3658/4938/2216 3692/4879/2177
f 3645/4939/2176 3662/4878/2176 3646/4923/2176
f 3660/4867/2167 3644/4912/2202 3642/4940/2167
f 3672/4909/2200 3634/4890/2200 3636/4892/2200
f 3671/4910/2200 3636/4892/2200 3637/4894/2200
f 3635/4887/2217 3698/4908/2198 3693/4885/2218
f 3640/4941/2219 3669/4904/2194 3639/4942/2220
f 3633/4943/2190 3668/4900/2190 3640/4944/2190
f 3638/4945/2221 3666/4898/2189 3635/4887/2222
f 3639/4946/2223 3700/4896/2187 3696/4947/2224
f 3545/4826/439 3665/4948/439 3667/4888/439
f 3645/4949/2225 3691/4950/2226 3659/4951/2227
f 3683/4952/2228 3692/4879/2177 3691/4950/2226
f 3646/4923/2229 3690/4953/2230 3682/4954/2231
f 3690/4953/2230 3681/4917/2203 3682/4954/2231
f 3622/4860/2229 3688/4955/2232 3677/4861/2233
f 3688/4955/2232 3678/4931/2211 3677/4861/2233
f 3679/4956/2234 3656/4957/2235 3629/4958/2236
f 3680/4930/2209 3685/4959/2237 3679/4956/2234
f 3685/4959/2237 3645/4949/2225 3656/4957/2235
f 3686/4921/2207 3683/4952/2228 3685/4959/2237
f 3646/4923/2229 3688/4955/2232 3651/4924/2229
f 3682/4954/2231 3687/4918/2204 3688/4955/2232
f 3662/4878/2229 3675/4960/2238 3690/4953/2230
f 3675/4960/2238 3689/4884/2182 3690/4953/2230
f 3659/4951/2227 3674/4961/2239 3628/4962/2236
f 3691/4950/2226 3673/4881/2179 3674/4961/2239
f 3630/4963/2240 3678/4931/2241 3626/4874/2173
f 3680/4964/2242 3677/4861/2166 3678/4931/2241
f 3627/4876/2175 3676/4882/2243 3673/4965/2244
f 3676/4882/2243 3674/4856/2161 3673/4965/2244
f 3695/4966/2245 3670/4967/2246 3638/4968/2247
f 3696/4947/2224 3699/4969/2248 3695/4966/2245
f 3637/4894/2200 3697/4970/2249 3671/4910/2200
f 3694/4971/2250 3698/4908/2198 3697/4970/2249
f 3671/4910/2200 3612/4851/2155 3552/4784/414
f 3697/4970/2249 3611/4781/2100 3612/4851/2155
f 3699/4969/2248 3549/4852/2156 3670/4967/2246
f 3700/4896/2187 3610/4853/2157 3699/4969/2248
f 3639/4972/2251 3694/4971/2252 3637/4894/2185
f 3696/4973/2253 3693/4885/2183 3694/4971/2252
f 3061/4057/64 3054/4065/1516 3060/4071/1516
f 3814/4974/177 3703/4975/177 3813/4976/177
f 3704/4977/414 3707/4978/414 3703/4979/414
f 3822/4980/64 3705/4981/64 3826/4982/64
f 3706/4983/433 3701/4984/433 3705/4985/433
f 3816/4986/64 3812/4987/64 3820/4988/64
f 3709/4989/177 3712/4990/177 3711/4991/177
f 3712/4992/2254 3715/4993/2254 3711/4994/2254
f 3716/4995/64 3713/4996/64 3715/4997/64
f 3715/4998/2255 3709/4999/2255 3711/5000/2255
f 3716/5001/2256 3710/5002/2256 3714/5003/2256
f 3717/5004/177 3720/5005/177 3719/5006/177
f 3720/5007/2257 3723/5008/2257 3719/5009/2257
f 3724/5010/64 3721/5011/64 3723/5012/64
f 3720/5013/2258 3722/5014/2258 3724/5015/2258
f 3760/5016/2259 3745/5017/2260 3762/5018/2260
f 3766/5019/2261 3751/5020/2262 3768/5021/2262
f 3768/5021/2262 3753/5022/2263 3770/5023/2263
f 3764/5024/2264 3745/5017/2260 3747/5025/2264
f 3758/5026/2265 3743/5027/2259 3760/5016/2259
f 3766/5019/2261 3747/5025/2264 3749/5028/2261
f 3726/5029/177 3727/5030/177 3725/5031/177
f 3728/5032/414 3731/5033/414 3727/5034/414
f 3732/5035/64 3729/5036/64 3731/5037/64
f 3730/5038/433 3725/5039/433 3729/5040/433
f 3731/5041/439 3725/5042/439 3727/5043/439
f 3732/5044/409 3726/5045/409 3730/5046/409
f 3733/5047/177 3736/5048/177 3735/5049/177
f 3735/5050/2266 3740/5051/2266 3739/5052/2266
f 3740/5053/64 3737/5054/64 3739/5055/64
f 3738/5056/433 3733/5057/433 3737/5058/433
f 3735/5059/439 3737/5060/439 3733/5061/439
f 3736/5062/409 3738/5063/409 3740/5064/409
f 3742/5065/2267 3743/5027/2268 3741/5066/2267
f 3744/5067/2268 3745/5017/2269 3743/5027/2268
f 3746/5068/2269 3747/5025/2270 3745/5017/2269
f 3747/5025/2270 3750/5069/2271 3749/5028/2271
f 3749/5028/2271 3752/5070/2272 3751/5020/2272
f 3751/5020/2272 3754/5071/2273 3753/5022/2273
f 3754/5072/414 3750/5073/414 3746/5074/414
f 3753/5022/2273 3756/5075/2274 3755/5076/2274
f 3756/5075/2274 3741/5077/2267 3755/5076/2274
f 3772/5078/2275 3753/5022/2263 3755/5076/2275
f 3758/5026/2276 3759/5079/2277 3757/5080/2278
f 3760/5016/2279 3761/5081/2280 3759/5079/2277
f 3762/5018/2281 3763/5082/2282 3761/5081/2280
f 3763/5082/2282 3766/5019/2283 3765/5083/2284
f 3766/5019/2283 3767/5084/2285 3765/5083/2284
f 3768/5021/2286 3769/5085/2287 3767/5084/2285
f 3758/5086/2265 3755/5076/2275 3741/5077/2265
f 3770/5023/2288 3771/5087/2289 3769/5085/2287
f 3772/5078/2290 3757/5088/2278 3771/5087/2289
f 3763/5082/2282 3775/5089/2291 3761/5081/2280
f 3780/5090/2292 3781/5091/2293 3788/5092/2294
f 3767/5084/2285 3779/5093/2295 3778/5094/2296
f 3763/5082/2282 3777/5095/2297 3776/5096/2298
f 3769/5085/2287 3780/5090/2292 3779/5093/2295
f 3759/5079/2277 3775/5089/2291 3774/5097/2299
f 3767/5084/2285 3777/5095/2297 3765/5083/2284
f 3771/5087/2289 3773/5098/2300 3780/5090/2292
f 3757/5080/2278 3774/5097/2299 3773/5099/2300
f 3784/5100/433 3786/5101/433 3788/5102/433
f 3779/5093/2295 3786/5103/2301 3778/5094/2296
f 3777/5095/2297 3784/5104/2302 3776/5096/2298
f 3775/5089/2291 3782/5105/2303 3774/5097/2299
f 3779/5093/2295 3788/5092/2294 3787/5106/2304
f 3778/5094/2296 3785/5107/2305 3777/5095/2297
f 3775/5089/2291 3784/5104/2302 3783/5108/2306
f 3773/5099/2300 3782/5105/2303 3781/5109/2293
f 3793/5110/433 3795/5111/433 3789/5112/433
f 3803/5113/414 3801/5114/414 3799/5115/414
f 3803/5116/177 3796/5117/686 3795/5118/177
f 3801/5119/409 3794/5120/685 3793/5121/409
f 3799/5122/64 3792/5123/687 3791/5124/64
f 3797/5125/439 3790/5126/684 3789/5127/439
f 3804/5128/686 3789/5127/439 3796/5117/686
f 3802/5129/685 3795/5118/177 3794/5120/685
f 3792/5123/687 3801/5130/409 3793/5131/409
f 3790/5126/684 3799/5122/64 3791/5124/64
f 3703/4979/414 3808/5132/414 3805/5133/414
f 3701/4984/433 3807/5134/433 3705/4985/433
f 3826/4982/2307 3807/5135/2307 3827/5136/2307
f 3703/4975/2308 3818/5137/2308 3813/4976/2308
f 3824/5138/2309 3809/5139/2309 3811/5140/2309
f 3825/5141/177 3809/5142/177 3828/5143/177
f 3706/4983/433 3809/5144/433 3702/5145/433
f 3704/4977/2310 3812/5146/2310 3708/5147/2310
f 3814/4974/177 3810/5148/177 3704/5149/177
f 3810/5150/409 3820/5151/409 3812/5146/409
f 3821/5152/2308 3818/5137/2308 3823/5153/2308
f 3815/5154/2307 3808/5155/2307 3707/5156/2307
f 3816/4986/64 3824/5157/64 3822/4980/64
f 3708/5158/64 3815/5154/64 3707/5156/64
f 3825/5141/177 3813/4976/177 3821/5152/177
f 3702/5159/177 3821/5152/177 3701/5160/177
f 3822/4980/64 3811/5161/64 3706/5162/64
f 3701/5160/2308 3823/5153/2308 3806/5163/2308
f 3814/4974/177 3828/5143/177 3819/5164/177
f 3819/5165/2311 3824/5138/2311 3820/5151/2311
f 3826/4982/2307 3817/5166/2307 3815/5154/2307
f 3816/4986/64 3826/4982/64 3815/5154/64
f 3829/5167/2312 3832/5168/2313 3831/5169/2314
f 3831/5170/414 3836/5171/414 3835/5172/414
f 3836/5173/2315 3833/5174/2316 3835/5175/2317
f 3834/5176/2318 3829/5177/2318 3833/5178/2318
f 3831/5179/2314 3833/5180/2316 3829/5181/2312
f 3832/5182/2313 3834/5183/2319 3836/5184/2315
f 3861/5185/409 3852/5186/409 3859/5187/409
f 3870/5188/177 3877/5189/177 3837/5190/177
f 3865/5191/2320 3869/5192/2321 3874/5193/2322
f 3870/5194/2323 3865/5195/2320 3874/5196/2322
f 3846/5197/64 3853/5198/64 3840/5199/64
f 3856/5200/414 3846/5201/414 3857/5202/414
f 3845/5203/64 3852/5204/64 3842/5205/64
f 3843/5206/64 3875/5207/64 3845/5203/64
f 3839/5208/2321 3867/5209/2324 3864/5210/2321
f 3851/5211/409 3848/5212/409 3853/5213/409
f 3863/5214/2325 3841/5215/2325 3838/5216/2325
f 3877/5217/409 3859/5187/409 3862/5218/409
f 3866/5219/2326 3838/5220/2326 3840/5221/2326
f 3881/5222/409 3848/5212/409 3856/5223/409
f 3882/5224/177 3874/5225/177 3855/5226/177
f 3837/5190/177 3876/5227/177 3870/5188/177
f 3882/5224/177 3879/5228/177 3872/5229/177
f 3838/5230/64 3846/5197/64 3840/5199/64
f 3883/5231/64 3838/5230/64 3841/5232/64
f 3860/5233/439 3850/5234/439 3843/5235/439
f 3885/5236/2327 3854/5237/439 3884/5238/2328
f 3857/5239/439 3878/5240/439 3876/5241/439
f 3847/5242/64 3840/5199/64 3853/5198/64
f 3859/5187/409 3872/5243/409 3861/5185/409
f 3848/5212/409 3877/5217/409 3862/5218/409
f 3876/5244/414 3856/5200/414 3857/5202/414
f 3847/5245/409 3848/5212/409 3862/5218/409
f 3844/5246/64 3852/5204/64 3875/5207/64
f 3855/5226/177 3873/5247/177 3879/5228/177
f 3852/5186/409 3862/5218/409 3859/5187/409
f 3869/5192/2321 3867/5209/2324 3871/5248/2324
f 3875/5207/64 3839/5249/64 3844/5246/64
f 3871/5250/2325 3863/5214/2325 3868/5251/2325
f 3870/5252/2326 3863/5253/2326 3866/5219/2326
f 3876/5227/177 3868/5254/177 3870/5188/177
f 3868/5254/177 3885/5255/177 3871/5256/177
f 3873/5257/439 3858/5258/439 3860/5233/439
f 3844/5259/2329 3864/5210/2321 3865/5191/2320
f 3869/5260/177 3855/5226/177 3874/5225/177
f 3854/5237/439 3846/5261/439 3849/5262/439
f 3885/5236/2327 3858/5258/2330 3880/5263/2330
f 3850/5234/2330 3884/5238/2328 3883/5264/2328
f 3850/5265/64 3841/5232/64 3839/5249/64
f 3883/5264/2328 3854/5237/439 3849/5262/439
f 3880/5266/177 3871/5256/177 3885/5255/177
f 3844/5267/2329 3866/5268/2323 3840/5269/2323
f 3887/5270/177 3888/5271/177 3886/5272/177
f 3889/5273/414 3892/5274/414 3888/5275/414
f 3892/5276/64 3891/5277/64 3890/5278/64
f 3891/5279/433 3886/5280/433 3890/5281/433
f 3892/5282/439 3886/5283/439 3888/5284/439
f 3889/5285/2331 3891/5286/2331 3893/5287/2331
f 54/1/1 53/11/11 37/2/2
f 18/4/4 50/23/23 51/5/5
f 63/7/7 64/19/19 32/8/8
f 52/10/10 36/17/17 37/2/2
f 49/12/12 50/23/23 18/4/4
f 62/14/14 63/7/7 31/9/9
f 52/10/10 51/5/5 35/16/16
f 33/18/18 49/12/12 64/19/19
f 61/21/21 62/14/14 30/15/15
f 35/16/16 51/5/5 50/23/23
f 64/19/19 63/7/7 47/25/25
f 28/26/26 60/5288/384 61/21/21
f 63/7/7 62/14/14 46/27/27
f 59/28/28 60/5288/384 28/26/26
f 62/14/14 61/21/21 45/30/30
f 58/31/31 59/28/28 27/29/29
f 39/33/33 38/3/3 6/34/34
f 53/11/11 54/1/1 22/36/36
f 40/38/38 39/33/33 7/35/35
f 54/1/1 55/43/43 23/40/40
f 41/41/41 40/38/38 8/39/39
f 55/43/43 56/46/46 24/44/44
f 10/45/45 42/63/63 41/41/41
f 56/46/46 57/50/50 25/47/47
f 43/48/48 42/63/63 10/45/45
f 57/50/50 58/31/31 26/32/32
f 44/51/51 43/48/48 11/49/49
f 45/30/30 44/51/51 12/52/52
f 46/27/27 45/30/30 13/53/53
f 47/25/25 46/27/27 14/54/54
f 34/24/24 33/18/18 1/56/56
f 16/58/58 48/20/20 47/25/25
f 35/16/16 34/24/24 2/57/57
f 33/18/18 48/20/20 16/58/58
f 4/60/60 36/17/17 35/16/16
f 37/2/2 36/17/17 4/60/60
f 32/8/8 64/19/19 49/12/12
f 51/5/5 52/10/10 20/62/62
f 6/34/34 38/3/3 37/2/2
f 52/10/10 53/11/11 21/37/37
f 39/33/33 55/43/43 54/1/1
f 40/38/38 56/46/46 55/43/43
f 57/50/50 56/46/46 40/38/38
f 58/31/31 57/50/50 41/41/41
f 59/28/28 58/31/31 42/63/63
f 44/51/51 60/5288/384 59/28/28
f 61/21/21 60/5288/384 44/51/51
f 30/64/64 78/71/64 77/65/64
f 71/67/64 70/91/64 22/68/64
f 31/70/64 79/153/64 78/71/64
f 24/72/64 72/156/64 71/67/64
f 80/73/64 79/153/64 31/70/64
f 73/75/64 72/156/64 24/72/64
f 66/77/64 65/155/64 17/78/64
f 17/78/64 65/155/64 80/73/64
f 26/80/64 74/154/64 73/75/64
f 67/81/64 66/77/64 18/79/64
f 75/83/64 74/154/64 26/80/64
f 68/85/64 67/81/64 19/82/64
f 76/87/64 75/83/64 27/84/64
f 69/89/64 68/85/64 20/86/64
f 77/65/64 76/87/64 28/88/64
f 70/91/64 69/89/64 21/90/64
f 88/92/64 87/121/64 130/93/64
f 131/95/64 96/103/64 95/96/64
f 89/98/64 88/92/64 129/94/64
f 82/100/64 81/127/64 135/101/64
f 135/101/64 81/127/64 96/103/64
f 136/104/64 90/108/64 89/98/64
f 83/105/64 82/100/64 134/102/64
f 138/107/64 91/112/64 90/108/64
f 84/109/64 83/105/64 137/106/64
f 140/111/64 92/116/64 91/112/64
f 85/113/64 84/109/64 139/110/64
f 142/115/64 93/120/64 92/116/64
f 86/117/64 85/113/64 141/114/64
f 144/119/64 94/122/64 93/120/64
f 87/121/64 86/117/64 143/118/64
f 132/97/64 95/96/64 94/122/64
f 119/123/65 118/141/66 86/117/66
f 127/124/67 126/133/68 94/122/68
f 88/92/69 120/5289/69 119/123/65
f 96/103/70 128/5290/70 127/124/67
f 121/125/71 120/5289/69 88/92/69
f 82/100/72 113/5291/72 114/126/73
f 114/126/73 128/5290/70 96/103/70
f 90/108/74 122/146/74 121/125/71
f 115/128/75 113/5291/72 82/100/72
f 123/129/76 122/146/74 90/108/74
f 116/130/77 115/128/75 83/105/75
f 92/116/78 124/148/78 123/129/76
f 85/113/79 117/132/79 116/130/77
f 125/131/80 124/148/78 92/116/78
f 86/117/66 118/141/66 117/132/79
f 126/133/68 125/131/80 93/120/80
f 97/136/64 98/137/64 99/138/64
f 99/138/64 100/139/64 101/140/64
f 101/140/64 102/142/64 103/143/64
f 103/143/64 104/144/64 105/134/64
f 105/134/64 106/145/64 107/147/64
f 107/147/64 108/149/64 109/135/64
f 109/135/64 110/150/64 111/151/64
f 111/151/64 112/152/64 97/136/64
f 97/136/64 99/138/64 101/140/64
f 101/140/64 103/143/64 105/134/64
f 105/134/64 107/147/64 109/135/64
f 109/135/64 111/151/64 97/136/64
f 97/136/64 101/140/64 105/134/64
f 114/126/64 113/5291/64 98/137/64
f 98/137/64 113/5291/64 115/128/64
f 99/138/64 115/128/64 116/130/64
f 100/139/64 116/130/64 117/132/64
f 101/140/64 117/132/64 118/141/64
f 118/141/64 119/123/64 103/143/64
f 119/123/64 120/5289/64 104/144/64
f 104/144/64 120/5289/64 121/125/64
f 121/125/64 122/146/64 106/145/64
f 122/146/64 123/129/64 107/147/64
f 107/147/64 123/129/64 124/148/64
f 108/149/64 124/148/64 125/131/64
f 125/131/64 126/133/64 110/150/64
f 126/133/64 127/124/64 111/151/64
f 127/124/64 128/5290/64 112/152/64
f 112/152/64 128/5290/64 114/126/64
f 79/153/64 132/97/64 144/119/64
f 130/93/64 143/118/64 70/91/64
f 78/71/64 144/119/64 142/115/64
f 143/118/64 141/114/64 69/89/64
f 77/65/64 142/115/64 140/111/64
f 141/114/64 139/110/64 68/85/64
f 76/87/64 140/111/64 138/107/64
f 139/110/64 137/106/64 67/81/64
f 75/83/64 138/107/64 136/104/64
f 137/106/64 134/102/64 66/77/64
f 74/154/64 136/104/64 133/99/64
f 65/155/64 135/101/64 131/95/64
f 134/102/64 135/101/64 65/155/64
f 133/99/64 129/94/64 72/156/64
f 80/73/64 131/95/64 132/97/64
f 129/94/64 130/93/64 71/67/64
f 158/157/81 159/164/84 15/158/55
f 151/160/82 152/166/86 8/161/39
f 160/163/83 16/168/58 15/158/55
f 153/165/85 9/170/42 8/161/39
f 160/163/83 145/321/151 1/167/56
f 154/169/87 10/175/45 9/170/42
f 147/171/88 3/177/59 2/172/57
f 155/174/90 11/179/49 10/175/45
f 148/176/91 4/181/60 3/177/59
f 155/174/90 156/183/94 12/178/52
f 149/180/92 5/185/61 4/181/60
f 157/182/93 13/5292/53 12/178/52
f 150/184/95 6/188/34 5/185/61
f 158/157/81 14/159/54 13/186/53
f 151/160/82 7/162/35 6/188/34
f 180/189/96 212/199/106 213/190/97
f 194/192/99 226/279/171 225/193/100
f 206/195/102 207/261/155 239/196/103
f 179/198/105 211/206/113 212/199/106
f 192/200/107 224/208/115 209/201/108
f 205/203/110 206/195/102 238/197/104
f 178/205/112 210/211/118 211/206/113
f 191/207/114 223/213/120 224/208/115
f 205/203/110 237/204/111 236/209/116
f 177/202/109 209/201/108 210/211/118
f 191/207/114 190/216/123 222/212/119
f 203/214/121 204/210/117 236/209/116
f 190/216/123 189/220/127 221/217/124
f 202/218/125 203/214/121 235/215/122
f 189/220/127 188/247/148 220/221/128
f 202/218/125 234/219/126 233/222/129
f 151/224/82 150/268/95 182/225/131
f 164/227/133 165/233/138 197/228/134
f 151/224/82 183/226/132 184/230/136
f 166/232/137 198/237/141 197/228/134
f 152/231/86 184/230/136 185/234/139
f 167/236/140 199/241/144 198/237/141
f 154/238/87 153/235/85 185/234/139
f 168/240/143 200/245/147 199/241/144
f 154/238/87 186/239/142 187/242/145
f 169/244/146 201/223/130 200/245/147
f 156/246/94 155/243/90 187/242/145
f 169/244/146 170/250/150 202/218/125
f 156/246/94 188/247/148 189/220/127
f 171/249/149 203/214/121 202/218/125
f 158/251/81 157/248/93 189/220/127
f 171/249/149 172/256/153 204/210/117
f 158/251/81 190/216/123 191/207/114
f 145/253/151 177/202/109 178/205/112
f 173/255/152 205/203/110 204/210/117
f 160/257/83 159/252/84 191/207/114
f 147/258/88 146/254/89 178/205/112
f 173/255/152 174/260/154 206/195/102
f 145/253/151 160/257/83 192/200/107
f 148/259/91 147/258/88 179/198/105
f 174/260/154 175/265/158 207/261/155
f 161/262/156 162/266/159 194/192/99
f 148/259/91 180/189/96 181/191/98
f 176/264/157 208/269/161 207/261/155
f 162/266/159 163/270/162 195/267/160
f 149/263/92 181/191/98 182/225/131
f 176/264/157 161/262/156 193/194/101
f 164/227/133 196/229/135 195/267/160
f 220/221/128 236/209/116 237/204/111
f 213/190/97 229/284/176 230/271/163
f 222/212/119 221/217/124 237/204/111
f 214/272/164 230/271/163 231/273/165
f 222/212/119 238/197/104 239/196/103
f 215/274/166 231/273/165 232/275/167
f 223/213/120 239/196/103 240/277/169
f 216/276/168 232/275/167 233/222/129
f 210/211/118 209/201/108 225/193/100
f 209/201/108 224/208/115 240/277/169
f 217/278/170 233/222/129 234/219/126
f 211/206/113 210/211/118 226/279/171
f 218/280/172 234/219/126 235/215/122
f 212/199/106 211/206/113 227/281/173
f 219/282/174 235/215/122 236/209/116
f 213/190/97 212/199/106 228/283/175
f 207/261/155 208/269/161 240/277/169
f 195/267/160 227/281/173 226/279/171
f 181/191/98 213/190/97 214/272/164
f 193/194/101 225/193/100 240/277/169
f 196/229/135 228/283/175 227/281/173
f 182/225/131 214/272/164 215/274/166
f 197/228/134 229/284/176 228/283/175
f 183/226/132 215/274/166 216/276/168
f 197/228/134 198/237/141 230/271/163
f 184/230/136 216/276/168 217/278/170
f 198/237/141 199/241/144 231/273/165
f 185/234/139 217/278/170 218/280/172
f 199/241/144 200/245/147 232/275/167
f 186/239/142 218/280/172 219/282/174
f 200/245/147 201/223/130 233/222/129
f 187/242/145 219/282/174 220/221/128
f 173/285/177 253/315/193 254/286/178
f 167/288/177 166/316/177 246/289/179
f 174/287/177 254/286/178 255/291/181
f 168/293/177 167/288/177 247/290/180
f 175/292/177 255/291/181 256/295/183
f 169/297/177 168/293/177 248/294/182
f 162/299/177 161/302/177 241/300/185
f 176/296/177 256/295/183 241/300/185
f 169/297/177 249/298/184 250/303/187
f 163/305/177 162/299/177 242/301/186
f 171/307/177 170/304/177 250/303/187
f 164/309/177 163/305/177 243/306/188
f 171/307/177 251/308/189 252/311/191
f 165/313/177 164/309/177 244/310/190
f 173/285/177 172/312/177 252/311/191
f 166/316/177 165/313/177 245/314/192
f 270/317/194 271/332/208 255/291/181
f 259/320/177 257/328/177 258/5293/177
f 258/5293/177 272/330/177 271/332/177
f 271/332/177 270/317/177 269/323/177
f 269/323/177 268/325/177 267/318/177
f 267/318/177 266/327/177 265/329/177
f 265/329/177 264/331/177 263/319/177
f 263/319/177 262/322/177 261/324/177
f 261/324/177 260/326/177 259/320/177
f 259/320/177 258/5293/177 271/332/177
f 271/332/177 269/323/177 267/318/177
f 267/318/177 265/329/177 263/319/177
f 263/319/177 261/324/177 259/320/177
f 259/320/177 271/332/177 267/318/177
f 146/173/89 2/172/57 1/167/56
f 263/319/195 247/290/180 246/289/179
f 269/323/197 270/317/194 254/286/178
f 262/322/196 246/289/179 245/314/192
f 268/325/199 269/323/197 253/315/193
f 261/324/198 245/314/192 244/310/190
f 267/318/201 268/325/199 252/311/191
f 260/326/200 244/310/190 243/306/188
f 266/327/203 267/318/201 251/308/189
f 259/320/202 243/306/188 242/301/186
f 265/329/205 266/327/203 250/303/187
f 272/330/206 258/5293/2332 241/300/185
f 241/300/185 258/5293/2332 257/328/204
f 265/329/205 249/298/184 248/294/182
f 271/332/208 272/330/206 256/295/183
f 247/290/180 263/319/195 264/331/207
f 34/24/24 50/23/23 49/12/12
f 326/333/209 325/343/219 309/334/210
f 290/336/212 322/353/229 323/337/213
f 336/339/215 304/393/253 303/340/216
f 324/342/218 308/348/224 309/334/210
f 321/344/220 322/353/229 290/336/212
f 302/346/222 334/357/233 335/341/217
f 324/342/218 323/337/213 307/347/223
f 321/344/220 336/339/215 320/349/225
f 333/351/227 334/357/233 302/346/222
f 307/347/223 323/337/213 322/353/229
f 320/349/225 336/339/215 335/341/217
f 300/356/232 332/395/255 333/351/227
f 319/355/231 335/341/217 334/357/233
f 331/359/235 332/395/255 300/356/232
f 334/357/233 333/351/227 317/361/237
f 330/362/238 331/359/235 299/360/236
f 311/364/240 310/335/211 278/365/91
f 293/367/241 325/343/219 326/333/209
f 312/369/243 311/364/240 279/366/88
f 326/333/209 327/374/246 295/371/244
f 313/372/245 312/369/243 280/370/89
f 327/374/246 328/5294/391 296/375/247
f 282/376/83 314/380/250 313/372/245
f 296/375/247 328/5294/391 329/377/248
f 283/379/84 315/382/251 314/380/250
f 329/377/248 330/362/238 298/363/239
f 284/381/81 316/384/252 315/382/251
f 285/383/93 317/361/237 316/384/252
f 286/385/94 318/358/234 317/361/237
f 319/355/231 318/358/234 286/385/94
f 306/354/230 305/350/226 273/387/85
f 288/389/87 320/349/225 319/355/231
f 307/347/223 306/354/230 274/388/86
f 305/350/226 320/349/225 288/389/87
f 276/391/95 308/348/224 307/347/223
f 277/392/92 309/334/210 308/348/224
f 304/393/253 336/339/215 321/344/220
f 291/338/214 323/337/213 324/342/218
f 310/335/211 309/334/210 277/392/92
f 324/342/218 325/343/219 293/367/241
f 311/364/240 327/374/246 326/333/209
f 312/369/243 328/5294/391 327/374/246
f 329/377/248 328/5294/391 312/369/243
f 330/362/238 329/377/248 313/372/245
f 331/359/235 330/362/238 314/380/250
f 332/395/255 331/359/235 315/382/251
f 333/351/227 332/395/255 316/384/252
f 302/396/177 350/403/177 349/397/177
f 295/399/177 343/405/177 342/400/177
f 303/402/177 351/487/177 350/403/177
f 296/404/177 344/490/177 343/405/177
f 352/406/177 351/487/177 303/402/177
f 345/408/177 344/490/177 296/404/177
f 338/410/177 337/489/177 289/411/177
f 289/411/177 337/489/177 352/406/177
f 298/413/177 346/488/177 345/408/177
f 339/414/177 338/410/177 290/412/177
f 347/416/177 346/488/177 298/413/177
f 340/418/177 339/414/177 291/415/177
f 348/420/177 347/416/177 299/417/177
f 341/422/177 340/418/177 292/419/177
f 349/397/177 348/420/177 300/421/177
f 294/401/177 342/400/177 341/422/177
f 360/424/177 359/453/177 402/425/177
f 403/427/177 368/435/177 367/428/177
f 361/430/177 360/424/177 401/426/177
f 354/432/177 353/460/177 407/433/177
f 407/433/177 353/460/177 368/435/177
f 408/436/177 362/440/177 361/430/177
f 355/437/177 354/432/177 406/434/177
f 410/439/177 363/444/177 362/440/177
f 356/441/177 355/437/177 409/438/177
f 412/443/177 364/448/177 363/444/177
f 357/445/177 356/441/177 411/442/177
f 414/447/177 365/452/177 364/448/177
f 358/449/177 357/445/177 413/446/177
f 416/451/177 366/454/177 365/452/177
f 359/453/177 358/449/177 415/450/177
f 404/429/177 367/428/177 366/454/177
f 359/453/256 391/457/256 390/455/257
f 399/456/258 398/483/259 366/454/259
f 360/424/260 392/477/260 391/457/256
f 368/435/261 400/461/261 399/456/258
f 393/458/262 392/477/260 360/424/260
f 385/459/263 386/5295/264 353/460/264
f 353/460/264 386/5295/264 400/461/261
f 362/440/265 394/478/265 393/458/262
f 355/437/266 387/463/266 385/459/263
f 395/462/267 394/478/265 362/440/265
f 356/441/268 388/464/268 387/463/266
f 364/448/269 396/481/269 395/462/267
f 357/445/270 389/473/270 388/464/268
f 397/465/271 396/481/269 364/448/269
f 390/455/257 389/473/270 357/445/270
f 366/454/259 398/483/259 397/465/271
f 369/468/177 370/469/177 371/470/177
f 371/470/177 372/471/177 373/472/177
f 373/472/177 374/474/177 375/475/177
f 375/475/177 376/476/177 377/466/177
f 377/466/177 378/479/177 379/480/177
f 379/480/177 380/482/177 381/467/177
f 381/467/177 382/484/177 383/485/177
f 383/485/177 384/486/177 369/468/177
f 369/468/177 371/470/177 373/472/177
f 373/472/177 375/475/177 377/466/177
f 377/466/177 379/480/177 381/467/177
f 381/467/177 383/485/177 369/468/177
f 369/468/177 373/472/177 377/466/177
f 369/468/177 386/5295/177 385/459/177
f 385/459/177 387/463/177 371/470/177
f 387/463/177 388/464/177 372/471/177
f 388/464/177 389/473/177 373/472/177
f 389/473/177 390/455/177 374/474/177
f 390/455/177 391/457/177 375/475/177
f 391/457/177 392/477/177 376/476/177
f 392/477/177 393/458/177 377/466/177
f 377/466/177 393/458/177 394/478/177
f 378/479/177 394/478/177 395/462/177
f 379/480/177 395/462/177 396/481/177
f 380/482/177 396/481/177 397/465/177
f 381/467/177 397/465/177 398/483/177
f 382/484/177 398/483/177 399/456/177
f 383/485/177 399/456/177 400/461/177
f 400/461/177 386/5295/177 369/468/177
f 351/487/177 404/429/177 416/451/177
f 402/425/177 415/450/177 342/400/177
f 350/403/177 416/451/177 414/447/177
f 415/450/177 413/446/177 341/422/177
f 349/397/177 414/447/177 412/443/177
f 413/446/177 411/442/177 340/418/177
f 348/420/177 412/443/177 410/439/177
f 411/442/177 409/438/177 339/414/177
f 347/416/177 410/439/177 408/436/177
f 409/438/177 406/434/177 338/410/177
f 346/488/177 408/436/177 405/431/177
f 337/489/177 407/433/177 403/427/177
f 406/434/177 407/433/177 337/489/177
f 405/431/177 401/426/177 344/490/177
f 352/406/177 403/427/177 404/429/177
f 401/426/177 402/425/177 343/405/177
f 431/491/272 287/498/90 286/492/94
f 424/494/57 280/500/89 279/495/88
f 432/497/45 288/502/87 287/498/90
f 425/499/56 281/504/151 280/500/89
f 432/497/45 417/655/42 273/501/85
f 426/503/58 282/509/83 281/504/151
f 419/505/35 275/511/82 274/506/86
f 427/508/55 283/513/84 282/509/83
f 420/510/34 276/515/95 275/511/82
f 427/508/55 428/516/54 284/512/81
f 421/514/61 277/519/92 276/515/95
f 428/516/54 429/5296/53 285/517/93
f 422/518/60 278/522/91 277/519/92
f 430/493/52 286/492/94 285/520/93
f 423/496/59 279/495/88 278/522/91
f 453/523/273 452/533/283 484/524/274
f 466/526/276 498/613/347 497/527/277
f 479/529/279 511/608/342 510/530/280
f 451/532/282 483/540/290 484/524/274
f 464/534/284 496/542/292 481/535/285
f 478/531/281 510/530/280 509/537/287
f 451/532/282 450/545/295 482/539/289
f 464/534/284 463/547/297 495/541/291
f 477/538/288 509/537/287 508/543/293
f 449/536/286 481/535/285 482/539/289
f 462/546/296 494/551/301 495/541/291
f 476/544/294 508/543/293 507/548/298
f 462/546/296 461/555/305 493/550/300
f 475/549/299 507/548/298 506/552/302
f 460/554/304 492/618/352 493/550/300
f 474/553/303 506/552/302 505/556/306
f 422/558/60 454/600/334 455/559/308
f 436/561/309 437/566/313 469/562/310
f 424/564/57 423/560/59 455/559/308
f 437/566/313 438/571/317 470/567/314
f 424/564/57 456/565/312 457/568/315
f 439/570/316 471/575/320 470/567/314
f 425/569/56 457/568/315 458/572/318
f 440/574/319 472/579/323 471/575/320
f 426/573/58 458/572/318 459/576/321
f 441/578/322 473/557/307 472/579/323
f 428/580/54 427/577/55 459/576/321
f 442/581/324 474/553/303 473/557/307
f 428/580/54 460/554/304 461/555/305
f 442/581/324 443/584/325 475/549/299
f 430/583/52 429/582/53 461/555/305
f 443/584/325 444/587/326 476/544/294
f 431/585/272 430/583/52 462/546/296
f 418/586/39 417/592/42 449/536/286
f 444/587/326 445/591/328 477/538/288
f 431/585/272 463/547/297 464/534/284
f 419/589/35 418/586/39 450/545/295
f 446/590/327 478/531/281 477/538/288
f 417/592/42 432/588/45 464/534/284
f 420/593/34 419/589/35 451/532/282
f 446/590/327 447/597/331 479/529/279
f 434/594/329 466/526/276 465/528/278
f 420/593/34 452/533/283 453/523/273
f 447/597/331 448/601/335 480/598/332
f 435/599/333 467/602/336 466/526/276
f 422/558/60 421/596/61 453/523/273
f 448/601/335 433/595/330 465/528/278
f 435/599/333 436/561/309 468/563/311
f 493/550/300 492/618/352 508/543/293
f 486/603/337 485/525/275 501/604/338
f 493/550/300 509/537/287 510/530/280
f 487/606/340 486/603/337 502/605/339
f 495/541/291 494/551/301 510/530/280
f 487/606/340 503/607/341 504/609/343
f 495/541/291 511/608/342 512/611/345
f 488/610/344 504/609/343 505/556/306
f 481/535/285 497/527/277 498/613/347
f 481/535/285 496/542/292 512/611/345
f 490/614/348 489/612/346 505/556/306
f 483/540/290 482/539/289 498/613/347
f 491/616/350 490/614/348 506/552/302
f 483/540/290 499/615/349 500/617/351
f 492/618/352 491/616/350 507/548/298
f 485/525/275 484/524/274 500/617/351
f 479/529/279 480/598/332 512/611/345
f 466/526/276 467/602/336 499/615/349
f 454/600/334 453/523/273 485/525/275
f 465/528/278 497/527/277 512/611/345
f 468/563/311 500/617/351 499/615/349
f 454/600/334 486/603/337 487/606/340
f 469/562/310 501/604/338 500/617/351
f 456/565/312 455/559/308 487/606/340
f 469/562/310 470/567/314 502/605/339
f 457/568/315 456/565/312 488/610/344
f 470/567/314 471/575/320 503/607/341
f 457/568/315 489/612/346 490/614/348
f 471/575/320 472/579/323 504/609/343
f 459/576/321 458/572/318 490/614/348
f 472/579/323 473/557/307 505/556/306
f 460/554/304 459/576/321 491/616/350
f 446/619/64 445/649/64 525/620/353
f 439/622/64 438/650/64 518/623/355
f 447/625/64 446/619/64 526/621/354
f 440/627/64 439/622/64 519/624/356
f 447/625/64 527/626/357 528/629/359
f 441/631/64 440/627/64 520/628/358
f 434/633/64 433/636/64 513/634/361
f 448/630/64 528/629/359 513/634/361
f 441/631/64 521/632/360 522/637/363
f 434/633/64 514/635/362 515/639/364
f 443/641/64 442/638/64 522/637/363
f 436/643/64 435/640/64 515/639/364
f 443/641/64 523/642/365 524/645/367
f 437/647/64 436/643/64 516/644/366
f 444/646/64 524/645/367 525/620/353
f 438/650/64 437/647/64 517/648/368
f 542/651/369 543/666/383 527/626/357
f 531/654/64 529/662/64 530/5297/64
f 530/5297/64 544/664/64 543/666/64
f 543/666/64 542/651/64 541/657/64
f 541/657/64 540/659/64 539/652/64
f 539/652/64 538/661/64 537/663/64
f 537/663/64 536/665/64 535/653/64
f 535/653/64 534/656/64 533/658/64
f 533/658/64 532/660/64 531/654/64
f 531/654/64 530/5297/64 543/666/64
f 543/666/64 541/657/64 539/652/64
f 539/652/64 537/663/64 535/653/64
f 535/653/64 533/658/64 531/654/64
f 531/654/64 543/666/64 539/652/64
f 418/507/39 274/506/86 273/501/85
f 535/653/370 519/624/356 518/623/355
f 541/657/372 542/651/369 526/621/354
f 534/656/371 518/623/355 517/648/368
f 540/659/374 541/657/372 525/620/353
f 533/658/373 517/648/368 516/644/366
f 539/652/376 540/659/374 524/645/367
f 532/660/375 516/644/366 515/639/364
f 538/661/378 539/652/376 523/642/365
f 531/654/377 515/639/364 514/635/362
f 537/663/380 538/661/378 522/637/363
f 544/664/381 530/5297/2333 513/634/361
f 513/634/361 530/5297/2333 529/662/379
f 537/663/380 521/632/360 520/628/358
f 543/666/383 544/664/381 528/629/359
f 519/624/356 535/653/370 536/665/382
f 306/354/230 322/353/229 321/344/220
f 582/667/3 598/704/1 597/668/11
f 562/670/4 594/688/23 595/671/5
f 607/673/7 608/684/19 576/674/8
f 596/676/10 580/681/17 581/669/2
f 593/677/12 594/688/23 562/670/4
f 606/679/14 607/673/7 575/675/9
f 580/681/17 596/676/10 595/671/5
f 577/683/18 593/677/12 608/684/19
f 605/686/21 606/679/14 574/680/15
f 579/682/16 595/671/5 594/688/23
f 592/685/20 608/684/19 607/673/7
f 604/691/384 605/686/21 573/687/22
f 591/690/25 607/673/7 606/679/14
f 603/694/28 604/691/384 572/692/26
f 590/693/27 606/679/14 605/686/21
f 570/697/32 602/729/31 603/694/28
f 551/698/385 583/726/33 582/667/3
f 597/668/11 598/704/1 566/700/36
f 584/702/38 583/726/33 551/698/385
f 598/704/1 599/707/43 567/705/40
f 553/706/42 585/727/41 584/702/38
f 599/707/43 600/728/46 568/708/44
f 586/709/63 585/727/41 553/706/42
f 568/708/44 600/728/46 601/711/50
f 587/713/48 586/709/63 554/710/45
f 601/711/50 602/729/31 570/697/32
f 556/715/52 588/730/51 587/713/48
f 589/696/30 588/730/51 556/715/52
f 558/717/54 590/693/27 589/696/30
f 591/690/25 590/693/27 558/717/54
f 546/719/57 578/689/24 577/683/18
f 592/685/20 591/690/25 559/718/55
f 579/682/16 578/689/24 546/719/57
f 577/683/18 592/685/20 560/721/58
f 548/723/60 580/681/17 579/682/16
f 581/669/2 580/681/17 548/723/60
f 576/674/8 608/684/19 593/677/12
f 563/672/6 595/671/5 596/676/10
f 582/667/3 581/669/2 549/724/61
f 596/676/10 597/668/11 565/701/386
f 599/707/43 598/704/1 582/667/3
f 584/702/38 600/728/46 599/707/43
f 585/727/41 601/711/50 600/728/46
f 602/729/31 601/711/50 585/727/41
f 603/694/28 602/729/31 586/709/63
f 588/730/51 604/691/384 603/694/28
f 605/686/21 604/691/384 588/730/51
f 574/731/64 622/824/64 621/732/64
f 615/734/64 614/825/64 566/735/64
f 623/737/64 622/824/64 574/731/64
f 616/739/64 615/734/64 567/736/64
f 624/741/64 623/737/64 575/738/64
f 617/743/64 616/739/64 568/740/64
f 610/745/64 609/748/64 561/746/64
f 609/748/64 624/741/64 576/742/64
f 570/749/64 618/752/64 617/743/64
f 563/750/64 611/754/64 610/745/64
f 571/751/64 619/756/64 618/752/64
f 564/753/64 612/826/64 611/754/64
f 572/755/64 620/759/64 619/756/64
f 613/757/64 612/826/64 564/753/64
f 573/733/64 621/732/64 620/759/64
f 566/735/64 614/825/64 613/757/64
f 632/760/64 631/789/64 674/761/64
f 675/763/64 640/771/64 639/764/64
f 633/766/64 632/760/64 673/762/64
f 626/768/64 625/797/64 679/769/64
f 679/769/64 625/797/64 640/771/64
f 680/772/64 634/776/64 633/766/64
f 627/773/64 626/768/64 678/770/64
f 682/775/64 635/780/64 634/776/64
f 628/777/64 627/773/64 681/774/64
f 684/779/64 636/784/64 635/780/64
f 629/781/64 628/777/64 683/778/64
f 686/783/64 637/788/64 636/784/64
f 630/785/64 629/781/64 685/782/64
f 688/787/64 638/790/64 637/788/64
f 631/789/64 630/785/64 687/786/64
f 676/765/64 639/764/64 638/790/64
f 663/791/65 662/813/66 630/785/66
f 639/764/67 671/794/67 670/792/68
f 664/793/69 663/791/65 631/789/65
f 640/771/70 672/798/70 671/794/67
f 665/795/71 664/793/69 632/760/69
f 657/796/72 658/808/73 625/797/73
f 625/797/73 658/808/73 672/798/70
f 634/776/74 666/800/74 665/795/71
f 659/799/75 657/796/72 626/768/72
f 635/780/76 667/819/76 666/800/74
f 660/801/77 659/799/75 627/773/75
f 668/802/78 667/819/76 635/780/76
f 661/803/79 660/801/77 628/777/77
f 669/804/80 668/802/78 636/784/78
f 630/785/66 662/813/66 661/803/79
f 638/790/68 670/792/68 669/804/80
f 641/807/64 642/809/64 643/810/64
f 643/810/64 644/811/64 645/812/64
f 645/812/64 646/814/64 647/815/64
f 647/815/64 648/816/64 649/805/64
f 649/805/64 650/817/64 651/818/64
f 651/818/64 652/820/64 653/806/64
f 653/806/64 654/821/64 655/822/64
f 655/822/64 656/823/64 641/807/64
f 641/807/64 643/810/64 645/812/64
f 645/812/64 647/815/64 649/805/64
f 649/805/64 651/818/64 653/806/64
f 653/806/64 655/822/64 641/807/64
f 641/807/64 645/812/64 649/805/64
f 658/808/64 657/796/64 642/809/64
f 657/796/64 659/799/64 643/810/64
f 643/810/64 659/799/64 660/801/64
f 644/811/64 660/801/64 661/803/64
f 645/812/64 661/803/64 662/813/64
f 646/814/64 662/813/64 663/791/64
f 647/815/64 663/791/64 664/793/64
f 664/793/64 665/795/64 649/805/64
f 649/805/64 665/795/64 666/800/64
f 666/800/64 667/819/64 651/818/64
f 667/819/64 668/802/64 652/820/64
f 668/802/64 669/804/64 653/806/64
f 653/806/64 669/804/64 670/792/64
f 654/821/64 670/792/64 671/794/64
f 655/822/64 671/794/64 672/798/64
f 656/823/64 672/798/64 658/808/64
f 623/737/64 676/765/64 688/787/64
f 674/761/64 687/786/64 614/825/64
f 622/824/64 688/787/64 686/783/64
f 687/786/64 685/782/64 613/757/64
f 621/732/64 686/783/64 684/779/64
f 685/782/64 683/778/64 612/826/64
f 620/759/64 684/779/64 682/775/64
f 683/778/64 681/774/64 611/754/64
f 619/756/64 682/775/64 680/772/64
f 681/774/64 678/770/64 610/745/64
f 618/752/64 680/772/64 677/767/64
f 609/748/64 679/769/64 675/763/64
f 678/770/64 679/769/64 609/748/64
f 677/767/64 673/762/64 616/739/64
f 624/741/64 675/763/64 676/765/64
f 673/762/64 674/761/64 615/734/64
f 703/827/84 559/834/55 558/828/54
f 696/830/86 552/836/39 551/831/385
f 703/827/84 704/838/83 560/833/58
f 696/830/86 697/840/85 553/835/42
f 689/837/151 545/991/56 560/833/58
f 698/839/87 554/845/45 553/835/42
f 691/841/88 547/847/59 546/842/57
f 699/844/90 555/849/49 554/845/45
f 691/841/88 692/851/91 548/846/60
f 699/844/90 700/852/94 556/848/52
f 693/850/92 549/855/61 548/846/60
f 700/852/94 701/5298/93 557/853/53
f 694/854/95 550/858/34 549/855/61
f 701/856/93 702/829/81 558/828/54
f 695/832/82 551/831/385 550/858/34
f 724/859/96 756/869/106 757/860/97
f 738/862/99 770/949/171 769/863/100
f 751/865/155 783/944/103 782/866/104
f 723/868/105 755/876/113 756/869/106
f 721/870/109 736/878/107 768/871/115
f 750/867/102 782/866/104 781/873/111
f 722/875/112 754/881/118 755/876/113
f 735/877/114 767/883/120 768/871/115
f 749/874/110 781/873/111 780/879/387
f 721/870/109 753/872/108 754/881/118
f 735/877/114 734/887/123 766/882/119
f 748/880/117 780/879/387 779/884/122
f 733/886/127 765/891/124 766/882/119
f 747/885/121 779/884/122 778/888/126
f 732/890/148 764/954/128 765/891/124
f 746/889/125 778/888/126 777/892/129
f 694/894/95 726/936/131 727/895/132
f 709/897/138 741/903/134 740/898/135
f 695/896/82 727/895/132 728/900/136
f 709/897/138 710/907/137 742/902/141
f 696/901/86 728/900/136 729/904/139
f 711/906/140 743/911/144 742/902/141
f 698/908/87 697/905/85 729/904/139
f 712/910/143 744/915/147 743/911/144
f 699/912/90 698/908/87 730/909/142
f 713/914/146 745/893/130 744/915/147
f 700/916/94 699/912/90 731/913/145
f 713/914/146 714/919/150 746/889/125
f 700/916/94 732/890/148 733/886/127
f 715/918/149 747/885/121 746/889/125
f 701/917/93 733/886/127 734/887/123
f 715/918/149 716/924/153 748/880/117
f 702/920/81 734/887/123 735/877/114
f 690/922/89 689/927/151 721/870/109
f 717/923/152 749/874/110 748/880/117
f 704/925/83 703/921/84 735/877/114
f 690/922/89 722/875/112 723/868/105
f 717/923/152 718/930/154 750/867/102
f 704/925/83 736/878/107 721/870/109
f 692/928/91 691/926/88 723/868/105
f 719/929/158 751/865/155 750/867/102
f 706/931/159 738/862/99 737/864/101
f 693/933/92 692/928/91 724/859/96
f 720/934/157 752/937/388 751/865/155
f 706/931/159 707/938/162 739/935/160
f 693/933/92 725/861/98 726/936/131
f 705/932/156 737/864/101 752/937/388
f 708/899/133 740/898/135 739/935/160
f 765/891/124 764/954/128 780/879/387
f 758/939/164 757/860/97 773/940/176
f 765/891/124 781/873/111 782/866/104
f 758/939/164 774/941/163 775/942/165
f 767/883/120 766/882/119 782/866/104
f 759/943/166 775/942/165 776/945/389
f 767/883/120 783/944/103 784/947/169
f 761/948/170 760/946/168 776/945/389
f 754/881/118 753/872/108 769/863/100
f 753/872/108 768/871/115 784/947/169
f 761/948/170 777/892/129 778/888/126
f 755/876/113 754/881/118 770/949/171
f 763/952/174 762/950/172 778/888/126
f 755/876/113 771/951/173 772/953/175
f 764/954/128 763/952/174 779/884/122
f 756/869/106 772/953/175 773/940/176
f 752/937/388 784/947/169 783/944/103
f 738/862/99 739/935/160 771/951/173
f 725/861/98 757/860/97 758/939/164
f 737/864/101 769/863/100 784/947/169
f 740/898/135 772/953/175 771/951/173
f 726/936/131 758/939/164 759/943/166
f 741/903/134 773/940/176 772/953/175
f 727/895/132 759/943/166 760/946/168
f 741/903/134 742/902/141 774/941/163
f 729/904/139 728/900/136 760/946/168
f 742/902/141 743/911/144 775/942/165
f 730/909/142 729/904/139 761/948/170
f 743/911/144 744/915/147 776/945/389
f 731/913/145 730/909/142 762/950/172
f 745/893/130 777/892/129 776/945/389
f 731/913/145 763/952/174 764/954/128
f 718/955/177 717/985/177 797/956/193
f 710/958/177 790/986/179 791/959/180
f 719/961/177 718/955/177 798/957/178
f 712/963/177 711/960/177 791/959/180
f 720/965/177 719/961/177 799/962/181
f 712/963/177 792/964/182 793/967/184
f 705/969/177 785/972/185 786/970/186
f 705/969/177 720/965/177 800/966/183
f 714/973/177 713/968/177 793/967/184
f 706/971/177 786/970/186 787/975/188
f 714/973/177 794/974/187 795/977/189
f 707/976/177 787/975/188 788/979/190
f 715/978/177 795/977/189 796/981/191
f 708/980/177 788/979/190 789/983/192
f 716/982/177 796/981/191 797/956/193
f 709/984/177 789/983/192 790/986/179
f 814/987/194 815/1002/208 799/962/181
f 803/990/177 801/998/177 802/5299/177
f 802/5299/177 816/1000/177 815/1002/177
f 815/1002/177 814/987/177 813/993/177
f 813/993/177 812/995/177 811/988/177
f 811/988/177 810/997/177 809/999/177
f 809/999/177 808/1001/177 807/989/177
f 807/989/177 806/992/177 805/994/177
f 805/994/177 804/996/177 803/990/177
f 803/990/177 802/5299/177 815/1002/177
f 815/1002/177 813/993/177 811/988/177
f 811/988/177 809/999/177 807/989/177
f 807/989/177 805/994/177 803/990/177
f 803/990/177 815/1002/177 811/988/177
f 690/843/89 546/842/57 545/991/56
f 807/989/195 791/959/180 790/986/179
f 813/993/197 814/987/194 798/957/178
f 806/992/196 790/986/179 789/983/192
f 812/995/199 813/993/197 797/956/193
f 805/994/198 789/983/192 788/979/190
f 811/988/201 812/995/199 796/981/191
f 804/996/200 788/979/190 787/975/188
f 810/997/203 811/988/201 795/977/189
f 803/990/202 787/975/188 786/970/186
f 809/999/205 810/997/203 794/974/187
f 816/1000/206 802/5299/2332 785/972/185
f 785/972/185 802/5299/2332 801/998/204
f 809/999/205 793/967/184 792/964/182
f 815/1002/208 816/1000/206 800/966/183
f 791/959/180 807/989/195 808/1001/207
f 578/689/24 594/688/23 593/677/12
f 854/1003/211 870/1036/209 869/1004/219
f 866/1006/229 867/1017/213 835/1007/214
f 879/1009/217 880/1061/215 848/1010/253
f 868/1012/218 852/1016/224 853/1005/210
f 833/1013/221 865/1019/220 866/1006/229
f 878/1014/233 879/1009/217 847/1011/216
f 852/1016/224 868/1012/218 867/1017/213
f 865/1019/220 880/1061/215 864/1020/225
f 845/1022/228 877/1065/227 878/1014/233
f 867/1017/213 866/1006/229 850/1023/230
f 864/1020/225 880/1061/215 879/1009/217
f 876/1025/255 877/1065/227 845/1022/228
f 879/1009/217 878/1014/233 862/1027/234
f 875/1028/235 876/1025/255 844/1026/232
f 878/1014/233 877/1065/227 861/1030/237
f 874/1031/238 875/1028/235 843/1029/236
f 823/1033/390 855/1063/240 854/1003/211
f 837/1035/241 869/1004/219 870/1036/209
f 856/1038/243 855/1063/240 823/1033/390
f 838/1037/242 870/1036/209 871/1040/246
f 857/1042/245 856/1038/243 824/1039/89
f 839/1041/244 871/1040/246 872/1044/391
f 858/1046/250 857/1042/245 825/1043/151
f 872/1044/391 873/5300/248 841/1048/249
f 859/1049/251 858/1046/250 826/1047/83
f 841/1048/249 873/5300/248 874/1031/238
f 828/1051/81 860/1064/252 859/1049/251
f 861/1030/237 860/1064/252 828/1051/81
f 830/1053/94 862/1027/234 861/1030/237
f 863/1024/231 862/1027/234 830/1053/94
f 850/1023/230 849/1021/226 817/1055/85
f 832/1057/87 864/1020/225 863/1024/231
f 819/1058/82 851/1018/223 850/1023/230
f 817/1055/85 849/1021/226 864/1020/225
f 820/1059/95 852/1016/224 851/1018/223
f 853/1005/210 852/1016/224 820/1059/95
f 880/1061/215 865/1019/220 833/1013/221
f 867/1017/213 868/1012/218 836/1062/254
f 854/1003/211 853/1005/210 821/1060/92
f 868/1012/218 869/1004/219 837/1035/241
f 871/1040/246 870/1036/209 854/1003/211
f 872/1044/391 871/1040/246 855/1063/240
f 857/1042/245 873/5300/248 872/1044/391
f 874/1031/238 873/5300/248 857/1042/245
f 875/1028/235 874/1031/238 858/1046/250
f 876/1025/255 875/1028/235 859/1049/251
f 877/1065/227 876/1025/255 860/1064/252
f 846/1066/177 894/1073/177 893/1067/177
f 887/1069/177 886/1095/177 838/1070/177
f 847/1072/177 895/1077/177 894/1073/177
f 888/1074/177 887/1069/177 839/1071/177
f 848/1076/177 896/1083/177 895/1077/177
f 889/1078/177 888/1074/177 840/1075/177
f 882/1080/177 881/1161/177 833/1081/177
f 833/1081/177 881/1161/177 896/1083/177
f 842/1084/177 890/1088/177 889/1078/177
f 883/1085/177 882/1080/177 834/1082/177
f 843/1087/177 891/1091/177 890/1088/177
f 836/1089/177 884/1160/177 883/1085/177
f 844/1090/177 892/1094/177 891/1091/177
f 885/1092/177 884/1160/177 836/1089/177
f 845/1068/177 893/1067/177 892/1094/177
f 886/1095/177 885/1092/177 837/1093/177
f 904/1096/177 903/1125/177 946/1097/177
f 947/1099/177 912/1107/177 911/1100/177
f 905/1102/177 904/1096/177 945/1098/177
f 898/1104/177 897/1133/177 951/1105/177
f 951/1105/177 897/1133/177 912/1107/177
f 952/1108/177 906/1112/177 905/1102/177
f 899/1109/177 898/1104/177 950/1106/177
f 954/1111/177 907/1116/177 906/1112/177
f 900/1113/177 899/1109/177 953/1110/177
f 956/1115/177 908/1120/177 907/1116/177
f 901/1117/177 900/1113/177 955/1114/177
f 958/1119/177 909/1124/177 908/1120/177
f 902/1121/177 901/1117/177 957/1118/177
f 960/1123/177 910/1126/177 909/1124/177
f 903/1125/177 902/1121/177 959/1122/177
f 948/1101/177 911/1100/177 910/1126/177
f 903/1125/256 935/1149/256 934/1127/257
f 943/1128/258 942/1138/259 910/1126/259
f 936/1129/260 935/1149/256 903/1125/256
f 944/1130/261 943/1128/258 911/1100/258
f 937/1131/262 936/1129/260 904/1096/260
f 929/1132/263 930/1142/264 897/1133/264
f 897/1133/264 930/1142/264 944/1130/261
f 906/1112/265 938/1135/265 937/1131/262
f 931/1134/266 929/1132/263 898/1104/263
f 907/1116/267 939/1154/267 938/1135/265
f 932/1136/268 931/1134/266 899/1109/266
f 940/1137/269 939/1154/267 907/1116/267
f 901/1117/270 933/1146/270 932/1136/268
f 909/1124/271 941/1156/271 940/1137/269
f 934/1127/257 933/1146/270 901/1117/270
f 942/1138/259 941/1156/271 909/1124/271
f 913/1141/177 914/1143/177 915/1144/177
f 915/1144/177 916/1145/177 917/1147/177
f 917/1147/177 918/1148/177 919/1150/177
f 919/1150/177 920/1151/177 921/1139/177
f 921/1139/177 922/1152/177 923/1153/177
f 923/1153/177 924/1155/177 925/1140/177
f 925/1140/177 926/1157/177 927/1158/177
f 927/1158/177 928/1159/177 913/1141/177
f 913/1141/177 915/1144/177 917/1147/177
f 917/1147/177 919/1150/177 921/1139/177
f 921/1139/177 923/1153/177 925/1140/177
f 925/1140/177 927/1158/177 913/1141/177
f 913/1141/177 917/1147/177 921/1139/177
f 930/1142/177 929/1132/177 914/1143/177
f 914/1143/177 929/1132/177 931/1134/177
f 915/1144/177 931/1134/177 932/1136/177
f 916/1145/177 932/1136/177 933/1146/177
f 917/1147/177 933/1146/177 934/1127/177
f 918/1148/177 934/1127/177 935/1149/177
f 935/1149/177 936/1129/177 920/1151/177
f 920/1151/177 936/1129/177 937/1131/177
f 937/1131/177 938/1135/177 922/1152/177
f 938/1135/177 939/1154/177 923/1153/177
f 939/1154/177 940/1137/177 924/1155/177
f 940/1137/177 941/1156/177 925/1140/177
f 941/1156/177 942/1138/177 926/1157/177
f 942/1138/177 943/1128/177 927/1158/177
f 943/1128/177 944/1130/177 928/1159/177
f 928/1159/177 944/1130/177 930/1142/177
f 895/1077/177 948/1101/177 960/1123/177
f 946/1097/177 959/1122/177 886/1095/177
f 894/1073/177 960/1123/177 958/1119/177
f 959/1122/177 957/1118/177 885/1092/177
f 893/1067/177 958/1119/177 956/1115/177
f 957/1118/177 955/1114/177 884/1160/177
f 892/1094/177 956/1115/177 954/1111/177
f 955/1114/177 953/1110/177 883/1085/177
f 891/1091/177 954/1111/177 952/1108/177
f 953/1110/177 950/1106/177 882/1080/177
f 890/1088/177 952/1108/177 949/1103/177
f 881/1161/177 951/1105/177 947/1099/177
f 950/1106/177 951/1105/177 881/1161/177
f 949/1103/177 945/1098/177 888/1074/177
f 896/1083/177 947/1099/177 948/1101/177
f 945/1098/177 946/1097/177 887/1069/177
f 975/1162/49 831/1169/90 830/1163/94
f 968/1165/57 824/1171/89 823/1166/390
f 976/1168/45 832/1173/87 831/1169/90
f 969/1170/56 825/1175/151 824/1171/89
f 976/1168/45 961/1326/42 817/1172/85
f 970/1174/58 826/1180/83 825/1175/151
f 963/1176/35 819/1182/82 818/1177/86
f 971/1179/55 827/1184/84 826/1180/83
f 963/1176/35 964/1185/34 820/1181/95
f 971/1179/55 972/1187/54 828/1183/81
f 964/1185/34 965/1190/61 821/1186/92
f 972/1187/54 973/5301/53 829/1188/93
f 966/1189/60 822/1193/91 821/1186/92
f 973/1191/53 974/1164/52 830/1163/94
f 967/1167/392 823/1166/390 822/1193/91
f 996/1194/283 1028/1204/274 1029/1195/275
f 1009/1197/278 1010/1267/276 1042/1198/393
f 1022/1200/281 1023/1270/279 1055/1201/342
f 995/1203/282 1027/1211/290 1028/1204/274
f 993/1205/286 1008/1213/284 1040/1206/292
f 1021/1208/288 1022/1200/281 1054/1202/280
f 994/1210/295 1026/1216/289 1027/1211/290
f 1007/1212/297 1039/1218/291 1040/1206/292
f 1021/1208/288 1053/1209/287 1052/1214/293
f 993/1205/286 1025/1207/285 1026/1216/289
f 1007/1212/297 1006/1222/296 1038/1217/301
f 1020/1215/294 1052/1214/293 1051/1219/298
f 1005/1221/305 1037/1226/300 1038/1217/301
f 1018/1223/303 1019/1220/299 1051/1219/298
f 1004/1225/304 1036/1276/352 1037/1226/300
f 1018/1223/303 1050/1224/302 1049/1227/306
f 966/1229/60 998/1273/334 999/1230/308
f 980/1232/309 981/1237/313 1013/1233/310
f 967/1231/392 999/1230/308 1000/1235/312
f 981/1237/313 982/1241/317 1014/1238/314
f 968/1236/57 1000/1235/312 1001/1239/315
f 982/1241/317 983/1246/316 1015/1242/320
f 970/1243/58 969/1240/56 1001/1239/315
f 984/1245/319 1016/1249/323 1015/1242/320
f 970/1243/58 1002/1244/318 1003/1247/321
f 984/1245/319 985/1252/322 1017/1228/307
f 971/1248/55 1003/1247/321 1004/1225/304
f 986/1251/324 1018/1223/303 1017/1228/307
f 973/1253/53 972/1250/54 1004/1225/304
f 986/1251/324 987/1256/325 1019/1220/299
f 974/1254/52 973/1253/53 1005/1221/305
f 988/1255/326 1020/1215/294 1019/1220/299
f 975/1257/49 974/1254/52 1006/1222/296
f 962/1258/39 961/1262/42 993/1205/286
f 989/1259/328 1021/1208/288 1020/1215/294
f 976/1260/45 975/1257/49 1007/1212/297
f 962/1258/39 994/1210/295 995/1203/282
f 989/1259/328 990/1265/327 1022/1200/281
f 976/1260/45 1008/1213/284 993/1205/286
f 964/1263/34 963/1261/35 995/1203/282
f 991/1264/331 1023/1270/279 1022/1200/281
f 977/1266/330 978/1272/329 1010/1267/276
f 964/1263/34 996/1194/283 997/1196/273
f 992/1269/335 1024/1274/332 1023/1270/279
f 979/1271/333 1011/1275/336 1010/1267/276
f 966/1229/60 965/1268/61 997/1196/273
f 977/1266/330 1009/1197/278 1024/1274/332
f 979/1271/333 980/1232/309 1012/1234/311
f 1036/1276/352 1052/1214/293 1053/1209/287
f 1029/1195/275 1045/1289/338 1046/1277/394
f 1037/1226/300 1053/1209/287 1054/1202/280
f 1030/1278/337 1046/1277/394 1047/1279/341
f 1038/1217/301 1054/1202/280 1055/1201/342
f 1031/1280/340 1047/1279/341 1048/1281/343
f 1039/1218/291 1055/1201/342 1056/1283/345
f 1032/1282/344 1048/1281/343 1049/1227/306
f 1025/1207/285 1041/1199/277 1042/1198/393
f 1025/1207/285 1040/1206/292 1056/1283/345
f 1034/1285/348 1033/1284/346 1049/1227/306
f 1027/1211/290 1026/1216/289 1042/1198/393
f 1035/1287/350 1034/1285/348 1050/1224/302
f 1028/1204/274 1027/1211/290 1043/1286/349
f 1035/1287/350 1051/1219/298 1052/1214/293
f 1029/1195/275 1028/1204/274 1044/1288/351
f 1023/1270/279 1024/1274/332 1056/1283/345
f 1011/1275/336 1043/1286/349 1042/1198/393
f 997/1196/273 1029/1195/275 1030/1278/337
f 1009/1197/278 1041/1199/277 1056/1283/345
f 1012/1234/311 1044/1288/351 1043/1286/349
f 999/1230/308 998/1273/334 1030/1278/337
f 1013/1233/310 1045/1289/338 1044/1288/351
f 1000/1235/312 999/1230/308 1031/1280/340
f 1013/1233/310 1014/1238/314 1046/1277/394
f 1001/1239/315 1000/1235/312 1032/1282/344
f 1014/1238/314 1015/1242/320 1047/1279/341
f 1001/1239/315 1033/1284/346 1034/1285/348
f 1016/1249/323 1048/1281/343 1047/1279/341
f 1002/1244/318 1034/1285/348 1035/1287/350
f 1017/1228/307 1049/1227/306 1048/1281/343
f 1004/1225/304 1003/1247/321 1035/1287/350
f 990/1290/64 989/1320/64 1069/1291/353
f 982/1293/64 1062/1321/355 1063/1294/356
f 991/1296/64 990/1290/64 1070/1292/354
f 983/1295/64 1063/1294/356 1064/1298/358
f 992/1300/64 991/1296/64 1071/1297/357
f 984/1299/64 1064/1298/358 1065/1302/360
f 977/1304/64 1057/1307/361 1058/1305/362
f 977/1304/64 992/1300/64 1072/1301/359
f 986/1308/64 985/1303/64 1065/1302/360
f 978/1306/64 1058/1305/362 1059/1310/364
f 987/1312/64 986/1308/64 1066/1309/363
f 980/1314/64 979/1311/64 1059/1310/364
f 988/1316/64 987/1312/64 1067/1313/365
f 980/1314/64 1060/1315/366 1061/1318/368
f 989/1320/64 988/1316/64 1068/1317/367
f 981/1319/64 1061/1318/368 1062/1321/355
f 1086/1322/369 1087/1337/383 1071/1297/357
f 1075/1325/64 1073/1333/64 1074/5302/64
f 1074/5302/64 1088/1335/64 1087/1337/64
f 1087/1337/64 1086/1322/64 1085/1328/64
f 1085/1328/64 1084/1330/64 1083/1323/64
f 1083/1323/64 1082/1332/64 1081/1334/64
f 1081/1334/64 1080/1336/64 1079/1324/64
f 1079/1324/64 1078/1327/64 1077/1329/64
f 1077/1329/64 1076/1331/64 1075/1325/64
f 1075/1325/64 1074/5302/64 1087/1337/64
f 1087/1337/64 1085/1328/64 1083/1323/64
f 1083/1323/64 1081/1334/64 1079/1324/64
f 1079/1324/64 1077/1329/64 1075/1325/64
f 1075/1325/64 1087/1337/64 1083/1323/64
f 962/1178/39 818/1177/86 817/1172/85
f 1079/1324/370 1063/1294/356 1062/1321/355
f 1085/1328/372 1086/1322/369 1070/1292/354
f 1078/1327/371 1062/1321/355 1061/1318/368
f 1084/1330/374 1085/1328/372 1069/1291/353
f 1077/1329/373 1061/1318/368 1060/1315/366
f 1083/1323/376 1084/1330/374 1068/1317/367
f 1076/1331/375 1060/1315/366 1059/1310/364
f 1082/1332/378 1083/1323/376 1067/1313/365
f 1075/1325/377 1059/1310/364 1058/1305/362
f 1081/1334/380 1082/1332/378 1066/1309/363
f 1088/1335/381 1074/5302/2333 1057/1307/361
f 1057/1307/361 1074/5302/2333 1073/1333/379
f 1081/1334/380 1065/1302/360 1064/1298/358
f 1087/1337/383 1088/1335/381 1072/1301/359
f 1063/1294/356 1079/1324/370 1080/1336/382
f 850/1023/230 866/1006/229 865/1019/220
f 1193/1338/395 1326/1609/395 1329/1339/396
f 1334/1341/398 1094/1795/591 1356/1342/399
f 1090/1344/401 1336/2140/737 1122/1345/402
f 1165/1347/404 1097/1509/405 1225/1348/405
f 1173/1350/406 1092/5303/2334 1121/1351/407
f 1219/1353/409 1217/2136/409 1156/1354/410
f 1340/1356/411 1341/1763/412 1353/1357/412
f 1511/1359/414 1298/1631/414 1267/1360/414
f 1098/1362/415 1095/1371/415 1458/1363/415
f 1243/1365/417 1098/1362/415 1462/1364/416
f 1194/1367/419 1196/1619/404 1493/1368/404
f 1103/1370/415 1471/1376/415 1458/1363/415
f 1290/1372/420 1295/1568/493 1468/1373/421
f 1105/1375/415 1465/1684/534 1471/1376/415
f 1431/1377/414 1259/1627/414 1263/1378/414
f 1449/1380/414 1201/1677/414 1099/1381/414
f 1493/1368/404 1196/1619/404 1226/1383/405
f 1107/1385/177 1106/1389/177 1108/1386/177
f 1304/1388/177 1159/5304/177 1106/1389/177
f 1202/1390/423 1204/1618/513 1186/1391/424
f 1207/1393/426 1208/1404/432 1188/1394/427
f 1186/1391/424 1204/1618/513 1207/1393/426
f 1109/1387/177 1108/1386/177 1110/1396/177
f 1112/1398/177 1114/1411/177 1115/1399/177
f 1110/1396/177 1112/1398/177 1113/1400/177
f 1211/1401/429 1212/1617/2335 1301/1402/430
f 1208/1404/432 1211/1401/429 1189/1403/431
f 1301/1405/433 1212/1616/433 1237/1406/433
f 1138/1408/434 1142/1962/414 1509/1409/414
f 1114/1411/177 1116/1414/177 1117/1412/177
f 1114/1411/177 1118/5305/177 1119/1413/177
f 1181/1415/435 1180/2138/435 1123/1416/410
f 1183/1418/436 1306/1498/477 1310/1419/437
f 1495/1420/438 1198/1546/438 1297/1421/439
f 1490/1423/440 1191/1722/440 1322/1424/440
f 1501/1426/409 1146/2126/409 1147/1427/409
f 1239/1429/441 1300/1594/2336 1241/1430/442
f 1507/1432/444 1136/1434/444 1138/1408/434
f 1506/1433/445 1134/1436/445 1136/1434/444
f 1505/1435/446 1132/1438/446 1134/1436/445
f 1504/1437/447 1130/1440/448 1132/1438/446
f 1502/1439/439 1125/1918/439 1130/1440/448
f 1500/1441/449 1152/1445/449 1151/1442/450
f 1496/1444/451 1150/1945/451 1152/1445/449
f 1182/1446/435 1156/1354/410 1722/1447/410
f 1171/1449/452 1162/5306/452 1733/1450/452
f 1177/1452/454 1351/1804/454 1355/1453/454
f 1091/1455/177 1159/1486/177 1304/1456/455
f 1177/1458/177 1153/1468/177 1170/1459/177
f 1340/1461/457 1339/1457/456 1304/1456/455
f 1340/1461/457 1305/1462/458 1174/1463/459
f 1342/1465/461 1167/1483/472 1163/1466/462
f 1153/1468/177 1338/1467/463 1163/1466/462
f 1094/1469/464 1334/1480/471 1164/1470/465
f 1166/1472/177 1094/1469/464 1165/1471/177
f 1335/1474/466 1167/1483/472 1721/1475/467
f 1337/1477/469 1120/2139/468 1168/1478/467
f 1337/1477/469 1169/1479/470 1164/1470/465
f 1726/1481/177 1166/1472/177 1089/1473/177
f 1335/1474/466 1333/1485/463 1163/1466/462
f 1160/1484/177 1170/1459/177 1163/1466/462
f 1342/1465/461 1341/1464/460 1174/1463/459
f 1091/1455/177 1177/1458/177 1172/1460/177
f 1333/1487/473 1343/1747/473 1360/1488/473
f 1159/1490/439 1223/1514/439 1227/1491/447
f 1182/1446/435 1183/1418/436 1175/1355/410
f 1154/1493/474 1173/1350/406 1178/1352/408
f 1167/1483/472 1174/1463/459 1183/1418/436
f 1167/1483/472 1182/1446/435 1727/1448/436
f 1309/1495/476 1307/1915/476 1320/1496/476
f 1174/1463/459 1305/1462/458 1306/1498/477
f 1168/1478/467 1180/2138/435 1181/1415/435
f 1296/1499/414 1149/1639/414 1497/1500/414
f 1312/1502/409 1219/1353/409 1175/1355/410
f 1255/1503/439 1253/2135/439 1491/1504/439
f 1100/1506/449 1104/1584/451 1248/1507/451
f 1097/1509/405 1096/1531/450 1216/1510/450
f 1102/1511/438 1099/5307/439 1201/1512/439
f 1223/1514/439 1159/1490/439 1172/1515/439
f 1106/1492/447 1227/1491/447 1229/1517/446
f 1108/1518/446 1229/1517/446 1231/1519/445
f 1110/1520/445 1231/1519/445 1233/1521/444
f 1112/1522/444 1233/1521/444 1235/1523/434
f 1118/1525/439 1240/1431/439 1242/1526/439
f 1114/1524/434 1235/1523/434 1240/1431/414
f 1195/1528/419 1089/1586/419 1165/1347/404
f 1123/1416/410 1245/1530/409 1247/1529/409
f 1722/1447/410 1729/1589/409 1245/1530/409
f 1096/1531/450 1100/1506/449 1250/1508/449
f 1443/1532/410 1272/1645/410 1270/1533/435
f 1705/1535/433 1141/5308/433 1489/1536/433
f 1697/1538/433 1710/1699/433 1190/1407/433
f 1537/1540/479 1188/1394/427 1189/1403/431
f 1535/1541/480 1189/1403/431 1301/1402/430
f 1534/1543/482 1186/1391/424 1187/1395/428
f 1536/1544/483 1187/1395/428 1188/1394/427
f 1185/1392/425 1186/1391/424 1534/1543/482
f 1496/1444/451 1249/1604/451 1198/1546/438
f 1107/1385/485 1109/1387/503 1205/1547/486
f 1494/1384/405 1226/1383/405 1215/1549/450
f 1731/1550/439 1194/1367/419 1492/1369/419
f 1483/1552/488 1311/1557/490 1185/1392/425
f 1286/1553/409 1264/1934/409 1265/1554/409
f 1314/1556/489 1202/1390/423 1185/1392/425
f 1190/1407/433 1237/1406/433 1241/1558/433
f 1263/1378/414 1298/1631/414 1479/1559/414
f 1299/1560/439 1639/1688/439 1638/1561/439
f 1308/1563/491 1318/1591/491 1526/1564/491
f 1287/1566/435 1260/1632/435 1259/1567/492
f 1254/1516/439 1172/1515/439 1170/1569/439
f 1246/1571/409 1441/1634/409 1434/1572/409
f 1116/1573/433 1119/5309/433 1242/1574/433
f 1221/1576/494 1179/1621/495 1331/1577/495
f 1115/1399/496 1117/1412/497 1213/1579/497
f 1238/1575/433 1213/1615/433 1117/1581/433
f 1111/1397/499 1113/1400/502 1209/1582/500
f 1113/1400/502 1115/1399/496 1210/1580/498
f 1109/1387/503 1111/1397/499 1206/1583/501
f 1199/1513/438 1248/1507/451 1104/1584/451
f 1730/1585/439 1724/2137/439 1089/1586/419
f 1304/1388/504 1107/1385/485 1203/1548/487
f 1728/1588/409 1244/1590/409 1245/1530/409
f 1244/1590/409 1246/1571/409 1247/1529/409
f 1308/1563/476 1309/1495/476 1319/1497/476
f 1236/1592/506 1239/1429/414 1240/1431/414
f 1239/1429/439 1509/1409/439 1482/1593/439
f 1236/1592/506 1235/1523/434 1233/1521/444
f 1232/1596/445 1234/1595/444 1233/1521/444
f 1230/1597/446 1232/1596/445 1231/1519/445
f 1230/1597/446 1229/1517/446 1227/1491/447
f 1224/1599/439 1228/1598/448 1227/1491/447
f 1200/1600/414 1297/1960/414 1480/1601/414
f 1215/1549/450 1216/1510/450 1250/1508/449
f 1251/1603/449 1250/1508/449 1248/1507/451
f 1218/1605/409 1217/2136/409 1219/1353/409
f 1220/1606/409 1219/1353/409 1312/1502/409
f 1184/1608/507 1323/1938/507 1326/1609/395
f 1291/1610/410 1288/1555/409 1265/1554/409
f 1254/1516/439 1255/1503/439 1224/1599/439
f 1252/1570/439 1253/2135/439 1255/1503/439
f 1440/1612/409 1269/1651/409 1271/1613/409
f 1238/1575/433 1242/1574/433 1241/1558/433
f 1213/1615/433 1238/1575/433 1237/1406/433
f 1209/1582/508 1210/1580/511 1211/1401/509
f 1210/1580/511 1213/1579/2337 1212/1617/512
f 1205/1547/486 1206/1583/501 1207/1393/426
f 1206/1583/514 1209/1582/508 1208/1404/510
f 1203/1548/487 1205/1547/486 1204/1618/513
f 1201/1512/439 1297/1421/439 1198/1546/438
f 1199/1513/438 1198/1546/438 1249/1604/451
f 1197/1349/404 1225/1348/405 1226/1383/405
f 1195/1528/419 1197/1349/404 1196/1619/404
f 1216/1510/450 1215/1549/450 1226/1383/405
f 1195/1528/419 1194/1367/419 1731/1550/439
f 1313/1587/516 1203/1548/2338 1202/1390/517
f 1161/1620/519 1330/1740/519 1331/1577/495
f 1512/1361/414 1267/1360/414 1264/1622/414
f 1273/1624/409 1277/1643/409 1515/1625/409
f 1259/1627/414 1260/5310/414 1266/1628/414
f 1266/1628/414 1260/5310/414 1256/1629/414
f 1266/1628/414 1267/1360/414 1298/1631/414
f 1265/1630/414 1264/1622/414 1267/1360/414
f 1291/1610/410 1256/1611/410 1260/1632/435
f 1124/1417/410 1444/1636/410 1446/1633/436
f 1510/1428/409 1529/1907/409 1441/1634/409
f 1452/1602/64 1645/1932/64 1646/1635/64
f 1247/1529/409 1434/1572/409 1444/1636/410
f 1181/1415/435 1446/1633/436 1474/1637/520
f 1296/1499/414 1477/1913/414 1437/1638/414
f 1459/1640/521 1470/1898/177 1100/1641/177
f 1277/1643/409 1283/1652/409 1516/1644/409
f 1272/1645/410 1279/1648/410 1275/1646/436
f 1272/1645/410 1271/1613/409 1276/1647/409
f 1270/1533/435 1275/1646/436 1293/1649/523
f 1269/1651/409 1274/1657/409 1276/1647/409
f 1283/1652/409 1289/1659/409 1517/1653/409
f 1279/1648/410 1285/1655/410 1281/1654/436
f 1276/1647/409 1282/1658/409 1285/1655/410
f 1275/1646/436 1281/1654/436 1294/1656/523
f 1274/1657/409 1280/1661/409 1282/1658/409
f 1289/1659/409 1258/5311/409 1513/1660/409
f 1285/1655/410 1291/1610/410 1287/1566/435
f 1285/1655/410 1282/1658/409 1288/1555/409
f 1281/1654/436 1287/1566/435 1295/1568/493
f 1280/1661/409 1286/1553/409 1288/1555/409
f 1164/1470/465 1461/1678/532 1097/1662/525
f 1103/1663/526 1423/1886/526 1425/1664/526
f 1278/1666/527 1424/1884/527 1422/1667/527
f 1098/1669/528 1243/1889/529 1429/1670/529
f 1105/1665/526 1425/1664/526 1428/1672/531
f 1467/1674/177 1432/1892/177 1099/1675/177
f 1435/1614/409 1271/1613/409 1272/1645/410
f 1480/1601/414 1297/1960/414 1201/1677/414
f 1473/1366/418 1447/1534/478 1270/1533/435
f 1164/1470/465 1169/1479/470 1474/1637/520
f 1104/1679/177 1464/1680/177 1467/1674/177
f 1100/1641/177 1470/1898/177 1464/1680/177
f 1461/1678/532 1459/1640/521 1096/1642/522
f 1268/1681/533 1292/1650/524 1293/1649/523
f 1278/1682/533 1293/1649/523 1294/1656/523
f 1290/1372/420 1284/1683/533 1294/1656/523
f 1101/1374/422 1468/1373/421 1465/1684/534
f 1243/1365/417 1473/1366/418 1292/1650/524
f 1299/1560/414 1257/1933/414 1438/1685/414
f 1262/1687/414 1298/1631/414 1511/1359/414
f 1262/1687/414 1453/1921/414 1479/1559/414
f 1476/1686/177 1640/2061/177 1639/1688/177
f 1702/1689/433 1714/1695/433 1482/1690/433
f 1717/1692/439 1521/1697/439 1303/1693/439
f 1697/1538/433 1300/1539/433 1482/1690/433
f 1694/1696/439 1316/1929/439 1521/1697/439
f 1693/1698/433 1301/1405/433 1190/1407/433
f 1713/1700/409 1520/1931/409 1315/1701/409
f 1158/1703/535 1161/1620/539 1305/1704/536
f 1179/1621/538 1306/1707/544 1305/1704/536
f 1308/1563/540 1126/1927/640 1144/1706/541
f 1221/1576/543 1310/5312/2339 1306/1707/544
f 1522/1565/545 1184/1608/552 1311/1708/546
f 1192/1340/548 1313/1711/551 1314/1710/549
f 1158/1703/535 1304/1705/537 1313/1711/551
f 1193/1338/550 1314/1710/549 1311/1708/546
f 1312/1712/553 1310/5312/2339 1221/1576/543
f 1303/1714/433 1521/1720/433 1523/1715/433
f 1317/1716/433 1523/1715/433 1520/1717/433
f 1316/1719/433 1140/1926/433 1523/1715/433
f 1222/1713/554 1191/1722/557 1214/1721/555
f 1490/1423/556 1498/1924/639 1214/1721/555
f 1323/1723/558 1321/1730/563 1327/1724/558
f 1526/1726/559 1318/5313/562 1319/1727/560
f 1319/1727/560 1320/5314/542 1525/1729/562
f 1321/1730/563 1322/1923/563 1325/1731/558
f 1328/1732/558 1324/1736/558 1331/1733/558
f 1326/1725/558 1327/1724/558 1328/1732/558
f 1327/1724/558 1325/1731/558 1324/1736/558
f 1329/1735/558 1328/1732/558 1330/1734/558
f 1222/1713/440 1325/1738/440 1322/1424/440
f 1221/1576/494 1324/1578/494 1325/1738/440
f 1161/1620/519 1158/1703/565 1332/1739/564
f 1192/1340/397 1329/1339/396 1332/1739/564
f 1171/1741/566 1361/2130/566 1364/1742/566
f 1338/1744/566 1153/1454/566 1355/1453/566
f 1333/1487/473 1335/2131/567 1357/1746/567
f 1093/1748/567 1122/1759/567 1366/1749/567
f 1121/1751/454 1370/1788/454 1371/1752/454
f 1338/1744/566 1348/1745/566 1354/1754/566
f 1160/1489/454 1360/1488/454 1736/1756/454
f 1336/1758/454 1365/2132/454 1366/1749/454
f 1173/1760/568 1367/1787/568 1369/1761/569
f 1341/1763/412 1342/1755/412 1354/1754/412
f 1162/1743/454 1364/1742/454 1738/1764/454
f 1334/1341/398 1346/1343/400 1359/1766/570
f 1734/1768/463 1344/1771/572 1345/1769/177
f 1344/1771/572 1346/1783/582 1356/1772/573
f 1351/1773/177 1347/1777/575 1348/1774/574
f 1350/1776/177 1349/1789/586 1347/1777/575
f 1737/1778/475 1362/1779/577 1344/1771/572
f 1363/1750/576 1346/1783/582 1344/1771/572
f 1364/1742/452 1357/1785/452 1735/1780/578
f 1366/1749/579 1365/2132/580 1358/1781/580
f 1366/1749/579 1359/1782/581 1346/1783/582
f 1364/1742/452 1361/2130/452 1343/1784/463
f 1368/1786/583 1348/1774/574 1347/1777/575
f 1370/1788/585 1369/1761/589 1349/1789/586
f 1372/1791/587 1371/1752/588 1353/1792/588
f 1372/1791/587 1354/1793/587 1348/1774/574
f 1369/1761/589 1367/1787/584 1347/1777/575
f 1370/1788/585 1352/1790/585 1353/1792/588
f 1154/1794/590 1368/1786/590 1367/1787/568
f 1094/1795/591 1166/2134/736 1345/1796/592
f 1339/1797/593 1349/1808/597 1350/1798/594
f 1092/1762/566 1369/1761/566 1370/1788/566
f 1725/1800/412 1120/1806/412 1358/1801/412
f 1732/1803/412 1090/1807/595 1362/1779/595
f 1091/1799/454 1350/1798/454 1351/1804/454
f 1178/1753/454 1371/1752/454 1372/1791/454
f 1120/1806/412 1337/1767/571 1359/1766/570
f 1093/1748/596 1363/1750/596 1362/1779/595
f 1339/1797/593 1340/1356/411 1352/1358/413
f 1154/1794/567 1155/1805/567 1372/1791/567
f 1374/1809/64 1376/1823/64 1375/1810/64
f 1376/1812/409 1380/1815/409 1384/1813/409
f 1380/1815/598 1378/1818/177 1377/1816/177
f 1378/1818/414 1374/5315/414 1373/1819/414
f 1379/1817/439 1377/1816/439 1373/1819/439
f 1376/1812/409 1374/5315/409 1378/1818/409
f 1382/1814/433 1384/1813/433 1383/1821/433
f 1376/1823/64 1382/5316/64 1381/1824/64
f 1379/1817/598 1383/1821/599 1384/1813/599
f 1375/1820/439 1381/1822/439 1383/1821/439
f 1386/1825/64 1388/1839/64 1387/1826/64
f 1388/1828/409 1392/1831/409 1396/1829/409
f 1392/1831/598 1390/1834/177 1389/1832/177
f 1390/1834/414 1386/5317/414 1385/1835/414
f 1391/1833/439 1389/1832/439 1385/1835/439
f 1388/1828/409 1386/5317/409 1390/1834/409
f 1394/1830/433 1396/1829/433 1395/1837/433
f 1388/1839/64 1394/5318/64 1393/1840/64
f 1391/1833/598 1395/1837/599 1396/1829/599
f 1387/1836/439 1393/1838/439 1395/1837/439
f 1398/1841/64 1400/1856/64 1399/1842/64
f 1400/1844/409 1404/1847/409 1408/1845/409
f 1404/1847/598 1402/1850/177 1401/1848/177
f 1402/1850/414 1398/1853/414 1397/1851/414
f 1403/1849/439 1401/1848/439 1397/1851/439
f 1404/1847/409 1400/1844/409 1398/1853/409
f 1406/1846/433 1408/1845/433 1407/1854/433
f 1400/1856/64 1406/5319/64 1405/1857/64
f 1403/1849/598 1407/1854/599 1408/1845/599
f 1399/1852/439 1405/1855/439 1407/1854/439
f 1410/1858/64 1412/1861/64 1411/1859/64
f 1412/1861/409 1416/1864/409 1420/1862/409
f 1416/1864/598 1414/1867/177 1413/1865/177
f 1414/1867/414 1410/1858/414 1409/1868/414
f 1415/1866/439 1413/1865/439 1409/1868/439
f 1416/1864/409 1412/1861/409 1410/1858/409
f 1418/1863/433 1420/1862/433 1419/1870/433
f 1412/1861/64 1418/1863/64 1417/1872/64
f 1415/1866/598 1419/1870/599 1420/1862/599
f 1411/1869/439 1417/1871/439 1419/1870/439
f 1427/1873/415 1429/5320/415 1422/1874/415
f 1422/1874/415 1424/1877/415 1423/1876/415
f 1424/1877/415 1426/5321/415 1425/1878/415
f 1425/1878/415 1426/5321/415 1430/1879/415
f 1101/1673/531 1428/1672/531 1430/1881/600
f 1284/1883/527 1426/1888/527 1424/1884/527
f 1095/1885/526 1421/1887/526 1423/1886/526
f 1098/1669/528 1427/1671/530 1421/1887/526
f 1290/1882/600 1430/1881/600 1426/1888/527
f 1268/1668/527 1422/1667/527 1429/1670/529
f 1459/1640/601 1461/1678/633 1463/1890/602
f 1460/1891/604 1463/1890/634 1462/1364/605
f 1432/1892/607 1467/1674/608 1469/1893/608
f 1433/1894/610 1469/1893/614 1468/1373/611
f 1465/1684/613 1468/1373/611 1469/1893/614
f 1466/1896/615 1469/1893/608 1467/1674/608
f 1465/1684/613 1466/1896/613 1472/1897/617
f 1466/1896/615 1464/1680/616 1470/1898/615
f 1459/1640/601 1460/1891/603 1472/1897/615
f 1460/1891/604 1458/1363/606 1471/1376/617
f 1447/1534/618 1473/1366/2340 1475/1899/619
f 1475/1899/621 1474/1637/632 1446/1633/622
f 1518/1501/409 1636/2062/409 1637/1901/409
f 1440/1612/624 1442/1906/624 1528/1902/625
f 1443/1532/626 1445/1905/630 1436/1904/624
f 1445/1905/627 1444/1636/631 1434/1572/628
f 1442/1906/628 1441/1634/628 1529/1907/629
f 1455/1908/409 1273/1624/409 1514/1626/409
f 1450/1379/414 1479/1559/414 1481/1909/414
f 1451/1910/414 1481/1909/414 1480/1601/414
f 1450/1379/414 1451/1910/414 1433/1911/414
f 1433/1911/414 1451/1910/414 1449/1380/414
f 1443/1532/626 1447/1534/618 1448/1900/620
f 1448/1900/623 1446/1633/622 1444/1636/631
f 1435/1614/624 1436/1904/624 1442/1906/624
f 1436/1904/628 1434/1572/628 1441/1634/628
f 1474/1637/632 1475/1899/621 1463/1890/602
f 1475/1899/619 1473/1366/2340 1462/1364/605
f 1438/1685/414 1439/2949/414 1478/1912/414
f 1478/1912/414 1439/2949/414 1437/1638/414
f 1479/1559/414 1453/1921/414 1454/1914/414
f 1454/1914/414 1452/1602/414 1480/1601/414
f 1468/1373/421 1295/1568/493 1259/1567/492
f 1307/1915/636 1309/1495/542 1144/1706/541
f 1224/1599/439 1255/1503/439 1503/1505/439
f 1502/1439/439 1503/1505/439 1176/1917/439
f 1440/1612/409 1527/1903/409 1514/1626/409
f 1528/1902/629 1529/1907/629 1456/1919/638
f 1527/1903/625 1528/1902/625 1457/1920/625
f 1453/1921/64 1644/2060/64 1643/1922/64
f 1524/1728/561 1525/1729/562 1322/1923/563
f 1526/1726/559 1524/1728/561 1321/1730/563
f 1307/1915/636 1145/1916/637 1498/1924/639
f 1315/1925/433 1520/1717/433 1523/1715/433
f 1308/1563/540 1522/1565/545 1483/1709/547
f 1709/1928/64 1140/1958/64 1316/1929/64
f 1701/1930/409 1302/5322/409 1520/1931/409
f 1454/1914/64 1643/1922/64 1645/1932/64
f 1299/1560/414 1519/1562/414 1511/1359/414
f 1286/1553/409 1517/1653/409 1513/1660/409
f 1280/1661/409 1516/1644/409 1517/1653/409
f 1515/1625/409 1516/1644/409 1280/1661/409
f 1519/1562/439 1638/1561/439 1647/1935/439
f 1147/1427/409 1456/1919/409 1529/1907/409
f 1269/1651/409 1514/1626/409 1515/1625/409
f 1512/1361/414 1513/1623/414 1258/1936/414
f 1522/1565/491 1526/1564/491 1323/1938/507
f 1477/1913/177 1642/2059/177 1641/1939/177
f 1483/1552/488 1484/1545/484 1131/1940/484
f 1723/1942/439 1739/1551/439 1492/1369/419
f 1129/1944/405 1494/1384/405 1499/1443/450
f 1150/1945/451 1496/1444/451 1495/1420/438
f 1484/1545/484 1534/1543/482 1133/1947/482
f 1487/1948/641 1543/1952/645 1542/1949/642
f 1488/1951/644 1545/1972/659 1543/1952/645
f 1535/1541/480 1489/1542/481 1141/1953/481
f 1532/1955/646 1540/1971/646 1541/1956/646
f 1698/1702/64 1315/1701/64 1140/1958/64
f 1176/1917/439 1503/1505/439 1491/1504/439
f 1200/1600/414 1518/1501/414 1497/1500/414
f 1249/1604/451 1496/1444/451 1500/1441/449
f 1251/1603/449 1500/1441/449 1499/1443/450
f 1502/1439/439 1504/1437/447 1228/1598/448
f 1504/1437/447 1505/1435/446 1230/1597/446
f 1505/1435/446 1506/1433/445 1232/1596/445
f 1506/1433/445 1507/1432/444 1234/1595/444
f 1507/1432/444 1508/1410/434 1236/1592/506
f 1143/1961/439 1482/1593/439 1509/1409/439
f 1501/1426/409 1510/1428/409 1246/1571/409
f 1307/1915/440 1490/1423/440 1525/1425/440
f 1148/1946/438 1495/1420/438 1497/1422/439
f 1508/1410/434 1509/1409/414 1239/1429/414
f 1128/1964/404 1493/1368/404 1494/1384/405
f 1127/1943/419 1492/1369/419 1493/1368/404
f 1511/1359/414 1512/1361/414 1261/1937/414
f 1531/1965/647 1139/1954/480 1137/1966/648
f 1532/1955/649 1533/1957/650 1135/1968/650
f 1533/1957/650 1530/1967/648 1137/1966/648
f 1485/1969/651 1532/1955/649 1133/1947/482
f 1531/1965/647 1488/1951/644 1535/1541/480
f 1486/1950/652 1536/1544/483 1537/1540/479
f 1485/1969/651 1534/1543/482 1536/1544/483
f 1488/1951/644 1487/1948/653 1537/1540/479
f 1541/1956/654 1542/1949/658 1543/1952/655
f 1540/1971/657 1544/1974/971 1542/1949/658
f 1538/1970/656 1543/1952/655 1545/1972/659
f 1531/1965/661 1530/1967/661 1538/1970/661
f 1485/1969/651 1544/1974/971 1540/1971/657
f 1530/1967/661 1533/1957/646 1541/1956/646
f 1485/1969/662 1486/1950/643 1542/1949/642
f 1488/1951/644 1531/1965/647 1539/1973/660
f 1547/1975/663 1549/5323/664 1548/1976/664
f 1551/1978/666 1547/1975/663 1550/1977/665
f 1553/1980/667 1555/5324/664 1554/1981/664
f 1557/1983/668 1553/1980/667 1556/1982/665
f 1559/1985/667 1561/5325/664 1560/1986/664
f 1563/1988/666 1559/1985/667 1562/1987/665
f 1565/1990/663 1567/5326/664 1566/1991/664
f 1569/1993/668 1565/1990/663 1568/1992/665
f 1571/1995/663 1573/5327/664 1572/1996/664
f 1575/1998/668 1571/1995/663 1574/1997/665
f 1577/2000/663 1579/5328/664 1578/2001/664
f 1581/2003/668 1577/2000/663 1580/2002/665
f 1583/2005/663 1585/5329/664 1584/2006/664
f 1587/2008/668 1583/2005/663 1586/2007/665
f 1589/2010/669 1591/5330/753 1590/2011/670
f 1593/2013/672 1589/2010/669 1592/2012/671
f 1595/2015/674 1597/5331/751 1596/2016/675
f 1599/2018/677 1595/2015/674 1598/2017/676
f 1601/2020/674 1603/5332/751 1602/2021/675
f 1605/2023/677 1601/2020/674 1604/2022/676
f 1607/2025/674 1609/5333/751 1608/2026/675
f 1611/2028/677 1607/2025/674 1610/2027/676
f 1613/2030/674 1615/5334/751 1614/2031/675
f 1617/2033/677 1613/2030/674 1616/2032/676
f 1619/2035/679 1621/5335/752 1620/2036/680
f 1623/2038/682 1619/2035/679 1622/2037/681
f 1630/2040/64 1656/2044/64 1655/2041/64
f 1625/2043/684 1659/2075/684 1656/2044/64
f 1635/2045/685 1668/2058/685 1665/2046/177
f 1629/2042/64 1655/2041/64 1664/2048/64
f 1631/2050/177 1651/2071/177 1653/2051/177
f 1633/2052/177 1653/2051/177 1661/2053/686
f 1627/2055/687 1667/2076/687 1666/2056/409
f 1635/2045/685 1626/2057/409 1666/2056/409
f 1296/1499/177 1637/1901/177 1642/2059/177
f 1262/1687/64 1647/1935/64 1644/2060/64
f 1478/1912/177 1641/1939/177 1640/2061/177
f 1200/1600/409 1646/1635/409 1636/2062/409
f 1625/2043/414 1637/1901/414 1636/2062/414
f 1627/2055/414 1626/2057/414 1638/1561/414
f 1628/2049/414 1640/2061/414 1641/1939/414
f 1629/2042/414 1641/1939/414 1642/2059/414
f 1631/2050/414 1643/1922/414 1644/2060/414
f 1633/2052/414 1645/1932/414 1643/1922/414
f 1625/2043/414 1630/2040/414 1642/2059/414
f 1627/2055/414 1639/1688/414 1640/2061/414
f 1634/2054/414 1646/1635/414 1645/1932/414
f 1635/2045/414 1632/2047/414 1644/2060/414
f 1634/2054/414 1624/2063/414 1636/2062/414
f 1635/2045/414 1647/1935/414 1638/1561/414
f 1658/2064/414 1661/2053/414 1653/2051/414
f 1660/2066/686 1673/2086/686 1670/2067/439
f 1663/2069/414 1664/2048/414 1655/2041/414
f 1650/2070/414 1655/2041/414 1656/2044/414
f 1651/2071/414 1650/2070/414 1652/2065/414
f 1665/2046/414 1663/2069/414 1650/2070/414
f 1662/2072/684 1674/2085/684 1672/2073/688
f 1659/2075/414 1658/2064/414 1652/2065/414
f 1634/2054/686 1661/2053/686 1658/2064/439
f 1625/2043/684 1624/2063/439 1658/2064/439
f 1628/2049/64 1664/2048/64 1667/2076/687
f 1632/2047/177 1665/2046/177 1651/2071/177
f 1649/2077/414 1664/2048/414 1663/2069/414
f 1654/2074/414 1648/2078/414 1663/2069/414
f 1660/2066/414 1657/2068/414 1666/2056/414
f 1660/2066/414 1667/2076/414 1664/2048/414
f 1654/2074/414 1665/2046/414 1668/2058/414
f 1662/2072/414 1668/2058/414 1666/2056/414
f 1669/2079/690 1672/5336/688 1674/2080/414
f 1671/2082/691 1669/2079/690 1670/2081/414
f 1648/2078/692 1669/2087/690 1671/2084/691
f 1657/2068/439 1670/2067/439 1674/2085/684
f 1649/2077/693 1671/2084/691 1673/2086/686
f 1648/2078/692 1654/2074/689 1672/2073/688
f 1680/2088/694 1688/2101/694 1689/2089/695
f 1685/2097/2341 1684/2096/2342 1686/2091/696
f 1686/2091/696 1691/2105/986 1690/2103/1461
f 1690/2103/1461 1692/2093/409 1689/2089/697
f 1689/2089/697 1688/2101/409 1687/2092/698
f 1687/2092/698 1685/2097/2341 1686/2091/696
f 1686/2091/696 1690/2103/1461 1689/2089/697
f 1681/2090/695 1689/2089/695 1692/2093/699
f 1677/2095/700 1678/2100/704 1684/2096/701
f 1677/2095/700 1685/2097/700 1687/2092/702
f 1675/2099/703 1686/2091/2343 1684/2096/701
f 1679/2098/702 1687/2092/702 1688/2101/694
f 1682/2102/705 1683/2094/699 1692/2093/699
f 1676/2104/707 1682/2102/705 1690/2103/706
f 1714/1695/709 1702/1689/995 1704/2106/710
f 1716/2107/711 1704/2106/710 1703/2108/712
f 1715/2109/713 1703/2108/712 1701/1930/714
f 1718/1537/716 1693/1698/730 1695/2110/717
f 1720/2111/718 1695/2110/717 1696/2112/719
f 1719/2113/720 1696/2112/719 1694/1696/721
f 1710/1699/723 1697/1538/731 1699/2114/724
f 1712/2115/725 1699/2114/724 1700/2116/726
f 1711/2117/727 1700/2116/726 1698/1702/728
f 1710/1699/723 1712/2115/725 1695/2110/717
f 1712/2115/725 1711/2117/727 1696/2112/719
f 1711/2117/727 1709/1928/729 1694/1696/721
f 1714/1695/709 1716/2107/711 1699/2114/724
f 1716/2107/711 1715/2109/713 1700/2116/726
f 1715/2109/713 1713/1700/715 1698/1702/728
f 1718/1537/716 1720/2111/718 1707/2118/732
f 1720/2111/718 1719/2113/720 1708/2119/734
f 1719/2113/720 1717/1692/722 1706/1694/735
f 1693/1698/433 1718/1537/433 1489/1536/433
f 1145/2120/409 1675/5337/409 1678/2121/409
f 1214/1607/409 1498/2122/409 1678/2121/409
f 1218/1605/409 1220/1606/409 1679/2124/409
f 1220/1606/409 1214/1607/409 1677/2123/409
f 1157/1959/439 1491/1504/439 1739/1551/439
f 1146/2126/409 1501/1426/409 1682/2127/409
f 1501/1426/409 1244/1590/409 1683/2129/409
f 1171/1741/412 1732/1803/412 1737/1778/412
f 1335/2131/412 1725/1800/412 1735/1802/412
f 1738/1764/475 1735/1780/578 1358/1781/580
f 1361/2130/452 1737/1778/475 1734/1768/463
f 1343/1784/463 1734/1768/463 1736/1770/177
f 1733/1765/454 1738/1764/454 1365/2132/454
f 1726/1757/454 1736/1756/454 1345/1796/592
f 1730/1585/439 1731/1550/439 1253/2135/439
f 1728/1588/409 1729/1589/409 1217/2136/409
f 1252/1570/439 1170/1569/439 1724/2137/439
f 1253/2135/439 1731/1550/439 1739/1551/439
f 1156/1354/410 1217/2136/409 1729/1589/409
f 1721/1475/467 1727/1448/436 1180/2138/435
f 1160/1484/177 1726/1481/177 1724/1482/177
f 1725/1476/468 1721/1475/467 1168/1478/467
f 1732/1451/453 1733/1450/452 1336/2140/737
f 1180/2138/435 1727/1448/436 1722/1447/410
f 1728/1588/409 1681/2141/409 1683/2129/409
f 1681/2141/409 1728/1588/409 1218/1605/409
s 0
f 1767/2142/738 1743/5338/738 1742/2143/738
f 1745/2145/177 1741/5339/177 1740/2146/177
f 1771/2148/739 1744/2152/739 1740/2149/739
f 1784/2151/439 1758/2181/439 1744/2152/439
f 1759/2153/177 1745/2145/177 1744/2147/177
f 1768/2150/740 1740/2149/740 1746/2155/740
f 1740/2146/177 1741/5339/177 1747/2157/177
f 1748/2159/741 1750/2209/741 1776/2160/741
f 1752/2162/177 1749/2167/177 1748/2163/177
f 1754/2165/439 1748/2159/439 1774/2161/439
f 1749/2167/177 1751/5340/177 1750/2168/177
f 1772/2156/439 1746/2155/439 1755/2169/439
f 1747/2157/177 1753/2172/177 1755/2171/177
f 1753/2172/177 1752/2162/177 1754/2164/177
f 1757/2173/439 1756/2204/439 1783/2174/439
f 1754/2165/177 1756/2204/177 1757/2176/177
f 1755/2169/742 1757/2173/742 1782/2175/742
f 1763/2178/177 1759/2153/177 1758/2154/177
f 1789/2180/439 1760/2191/439 1758/2181/439
f 1742/2143/439 1761/5341/439 1788/2182/439
f 1742/2183/177 1743/5342/177 1762/2184/177
f 1762/2184/177 1763/2178/177 1760/2179/177
f 1790/2186/439 1765/2190/439 1764/2187/439
f 1760/2179/177 1764/5343/177 1765/2189/177
f 1788/2182/743 1761/5341/743 1765/2190/743
f 1789/2180/744 1791/2188/744 1764/2187/744
f 1786/2192/409 1787/2197/409 1763/2193/409
f 1767/2195/409 1786/2192/409 1762/2194/409
f 1787/2197/409 1785/2213/409 1759/2198/409
f 1780/2199/409 1781/2212/409 1752/2200/409
f 1773/2202/409 1780/2199/409 1753/2201/409
f 1779/2166/745 1783/2174/745 1756/2204/745
f 1775/2205/409 1777/5344/409 1751/2206/409
f 1751/2208/414 1777/5345/414 1776/2160/414
f 1769/2210/409 1773/2202/409 1747/2203/409
f 1781/2212/409 1775/2205/409 1749/2207/409
f 1785/2213/409 1770/2215/409 1745/2214/409
f 1770/2215/409 1769/2210/409 1741/2211/409
s 1
f 1796/2216/746 1795/5346/2344 1797/2217/747
f 1792/2218/746 1797/2217/747 1794/2219/748
f 1802/2221/746 1801/5347/2344 1803/2222/747
f 1798/2223/746 1803/2222/747 1800/2224/748
f 1808/2226/746 1807/5348/2344 1809/2227/747
f 1804/2228/746 1809/2227/747 1806/2229/748
f 1814/2231/746 1813/5349/2344 1815/2232/747
f 1810/2233/746 1815/2232/747 1812/2234/748
f 1819/2236/746 1820/5350/2344 1821/2237/747
f 1817/2238/746 1821/2237/747 1818/2239/748
f 1825/2241/746 1826/5351/2344 1827/2242/747
f 1823/2243/746 1827/2242/747 1824/2244/748
f 1831/2246/746 1832/5352/2344 1833/2247/747
f 1829/2248/746 1833/2247/747 1830/2249/748
f 1837/2251/746 1838/5353/2344 1839/2252/747
f 1835/2253/746 1839/2252/747 1836/2254/748
f 1843/2256/746 1844/5354/2344 1845/2257/747
f 1841/2258/746 1845/2257/747 1842/2259/748
f 1849/2261/746 1850/5355/2344 1851/2262/747
f 1847/2263/746 1851/2262/747 1848/2264/748
f 1855/2266/746 1856/5356/2344 1857/2267/747
f 1853/2268/746 1857/2267/747 1854/2269/748
f 1861/2271/746 1862/5357/2344 1863/2272/747
f 1859/2273/746 1863/2272/747 1860/2274/748
f 1867/2276/746 1868/5358/2344 1869/2277/747
f 1865/2278/746 1869/2277/747 1866/2279/748
f 1590/2281/177 1837/5359/177 1835/2282/177
f 1569/2284/749 1812/2400/748 1815/2285/747
f 1793/2287/433 1794/5360/433 1551/2288/433
f 1863/2290/747 1862/2410/2344 1615/2291/749
f 1817/2293/177 1816/2305/177 1570/2294/177
f 1795/2296/414 1796/5361/414 1548/2297/414
f 1614/2299/177 1861/5362/177 1859/2300/177
f 1593/2302/749 1836/5363/748 1839/2303/747
f 1816/2305/433 1818/5364/433 1575/2306/433
f 1797/2307/747 1795/2296/2344 1549/2298/749
f 1841/2309/177 1840/5365/177 1594/2310/177
f 1820/2312/414 1819/5366/414 1572/2313/414
f 1548/2297/177 1796/5361/177 1792/2315/177
f 1617/2317/750 1860/5367/748 1863/2290/747
f 1594/2310/678 1840/5365/433 1842/2318/433
f 1821/2320/747 1820/2312/2344 1573/2314/749
f 1865/2322/177 1864/2328/177 1618/2323/177
f 1844/2325/414 1843/5368/414 1596/2326/675
f 1572/2313/177 1819/5366/177 1817/2293/177
f 1551/2288/750 1794/5360/748 1797/2307/747
f 1864/2328/433 1866/5369/433 1623/2329/682
f 1845/2330/747 1844/2325/2344 1597/2327/750
f 1798/2332/177 1799/2338/177 1552/2333/177
f 1868/2335/414 1867/5370/414 1620/2336/680
f 1596/2326/177 1843/5368/177 1841/2309/177
f 1575/2306/749 1818/5364/748 1821/2320/747
f 1799/2338/433 1800/5371/433 1557/2339/433
f 1869/2340/747 1868/2335/2344 1621/2337/749
f 1823/2342/177 1822/2348/177 1576/2343/177
f 1801/2345/414 1802/5372/414 1554/2346/414
f 1620/2336/177 1867/5370/177 1865/2322/177
f 1599/2319/749 1842/2318/748 1845/2330/747
f 1822/2348/433 1824/5373/433 1581/2349/433
f 1803/2350/747 1801/2345/2344 1555/2347/749
f 1847/2352/177 1846/2358/177 1600/2353/177
f 1826/2355/414 1825/5374/414 1578/2356/414
f 1554/2346/177 1802/5372/177 1798/2332/177
f 1623/2329/750 1866/5369/748 1869/2340/747
f 1846/2358/433 1848/5375/433 1605/2359/677
f 1827/2360/747 1826/2355/2344 1579/2357/749
f 1850/2362/414 1849/5376/414 1602/2363/675
f 1578/2356/177 1825/5374/177 1823/2342/177
f 1557/2339/749 1800/5371/748 1803/2350/747
f 1851/2365/747 1850/2362/2344 1603/2364/749
f 1804/2367/177 1805/2370/177 1558/2368/177
f 1602/2363/177 1849/5376/177 1847/2352/177
f 1581/2349/750 1824/5373/748 1827/2360/747
f 1805/2370/433 1806/5377/433 1563/2371/433
f 1829/2372/177 1828/5378/177 1582/2373/177
f 1807/2375/414 1808/5379/414 1560/2376/414
f 1605/2359/750 1848/5375/748 1851/2365/747
f 1582/2373/433 1828/5378/433 1830/2378/433
f 1809/2380/747 1807/2375/2344 1561/2377/750
f 1853/2382/177 1852/2388/177 1606/2383/177
f 1832/2385/414 1831/5380/414 1584/2386/414
f 1560/2376/177 1808/5379/177 1804/2367/177
f 1852/2388/433 1854/5381/433 1611/2389/677
f 1833/2390/747 1832/2385/2344 1585/2387/749
f 1856/2392/414 1855/5382/414 1608/2393/675
f 1584/2386/177 1831/5380/177 1829/2372/177
f 1563/2371/750 1806/5377/748 1809/2380/747
f 1857/2395/747 1856/2392/2344 1609/2394/750
f 1810/2397/177 1811/5383/177 1564/2398/177
f 1608/2393/177 1855/5382/177 1853/2382/177
f 1587/2379/750 1830/2378/748 1833/2390/747
f 1564/2398/433 1811/5383/433 1812/2400/433
f 1835/2282/177 1834/2405/177 1588/2401/177
f 1813/2402/414 1814/5384/414 1566/2403/414
f 1611/2389/749 1854/5381/748 1857/2395/747
f 1834/2405/433 1836/5363/433 1593/2302/672
f 1815/2285/747 1813/2402/2344 1567/2404/750
f 1859/2300/177 1858/2409/177 1612/2406/177
f 1838/2407/414 1837/5359/414 1590/2281/670
f 1566/2403/177 1814/5384/177 1810/2397/177
f 1858/2409/433 1860/5367/433 1617/2317/677
f 1839/2303/747 1838/2407/2344 1591/2408/750
f 1792/2315/177 1793/2287/177 1546/2289/177
f 1862/2410/414 1861/5362/414 1614/2299/675
f 2071/2411/754 2068/2669/755 1945/2412/755
f 2076/2414/757 2088/5385/2345 2098/2415/758
f 1903/2417/760 2078/3129/1012 1871/2418/761
f 1977/2420/405 1878/2574/405 1918/2421/404
f 1926/2423/763 1930/2556/813 1902/2424/764
f 1910/2426/766 1969/3127/409 1971/2427/409
f 2082/2429/767 2094/2847/928 2095/2430/768
f 2247/2432/414 2248/2680/414 2016/2433/414
f 1879/2435/769 2198/2439/771 2194/2436/769
f 1995/2438/770 2209/2735/864 2198/2439/771
f 2229/2440/404 1948/2456/404 1946/2441/419
f 2194/2436/769 2207/2447/769 1884/2443/769
f 2204/2444/772 2040/2632/827 2035/2445/773
f 2207/2447/769 2201/2742/867 1886/2448/769
f 2012/2449/414 2009/2685/414 2173/2450/414
f 1880/2452/414 1953/2733/414 2188/2453/414
f 2229/2440/404 2230/2612/405 1978/2455/405
f 1888/2457/64 1890/2469/64 1889/2458/64
f 2047/2460/64 1888/2457/64 1887/2459/64
f 1938/2462/775 1956/2468/781 1954/2463/776
f 1940/2465/778 1960/2478/785 1959/2466/779
f 1938/2462/775 1939/2467/780 1959/2466/779
f 1890/2469/64 1892/2474/64 1891/2470/64
f 1896/2471/64 1895/2485/64 1893/2472/64
f 1894/2473/64 1893/2472/64 1891/2470/64
f 2046/2475/782 1964/2677/2346 1963/2476/783
f 1941/2477/784 1963/2476/783 1960/2478/785
f 1989/2479/433 1964/5386/433 2046/2480/433
f 2245/2482/414 1142/1962/414 1138/1408/434
f 1898/2484/64 1897/2487/64 1895/2485/64
f 1900/2486/64 1899/5387/64 1895/2485/64
f 1933/2488/786 1905/2691/766 1904/2489/766
f 1935/2491/787 1928/2428/766 2053/2492/788
f 2231/2494/438 2233/5388/439 2042/2495/439
f 2226/2497/440 2261/2971/440 2064/2498/440
f 2237/2500/409 2246/2692/409 1147/1427/409
f 1991/2501/790 1992/2589/2347 1993/2502/791
f 2243/2504/444 2244/2483/434 1138/1408/434
f 2242/2505/445 2243/2504/444 1136/1434/444
f 2242/2505/445 1134/1436/445 1132/1438/446
f 2240/2507/448 2241/2506/446 1132/1438/446
f 2240/2507/448 1130/1440/448 1125/1918/439
f 1151/1442/450 1152/1445/449 2236/2509/449
f 1152/1445/449 1150/1945/451 2232/2511/451
f 2446/2512/766 1910/2426/766 1934/2513/786
f 2456/2515/793 1915/5389/793 1924/2516/793
f 2097/2518/795 2093/2845/795 1929/2519/795
f 2047/2521/796 1912/5390/64 1872/2522/64
f 1929/2524/64 1925/2548/64 1923/2525/64
f 2082/2527/798 2048/2561/816 2047/2521/796
f 1927/2528/799 2048/2561/816 2082/2527/798
f 1916/2530/801 1920/2557/814 2084/2531/802
f 1907/2526/64 1923/2525/64 1916/2530/801
f 1875/2533/804 1918/2537/64 1917/2534/805
f 1919/2536/64 1870/2545/64 1918/2537/64
f 2445/2538/807 1920/2557/814 2077/2539/808
f 2079/2541/810 1922/2562/817 1921/2542/807
f 1917/2534/805 1922/2562/817 2079/2541/810
f 2449/2544/64 2447/3128/64 1870/2545/64
f 2077/2539/808 1920/2557/814 1916/2530/801
f 1916/2530/801 1923/2525/64 1913/2547/64
f 2084/2531/802 1920/2557/814 1927/2528/799
f 1872/2522/64 1912/5390/64 1925/2548/64
f 2102/2549/811 2085/5391/811 2075/2550/811
f 1912/2552/439 1887/2579/447 1979/2553/448
f 1934/2513/786 1910/2426/766 1928/2428/766
f 1908/2555/812 1909/5392/908 1930/2556/813
f 1920/2557/814 1934/2513/786 1935/2491/787
f 2450/2514/786 1934/2513/786 1920/2557/814
f 2052/2558/815 2061/2654/815 2062/2559/815
f 1927/2528/799 1935/2491/787 2049/2493/789
f 1922/2562/817 1933/2488/786 1932/2490/787
f 2233/2563/414 1149/1639/414 2041/2564/414
f 1928/2428/766 1971/2427/409 2055/2566/409
f 2227/2567/439 2005/3126/439 2007/2568/439
f 1881/2570/449 2002/2597/449 2000/2571/451
f 1968/2573/450 1877/2596/450 1878/2574/405
f 1953/2575/439 1880/5393/439 1883/2576/438
f 1975/2554/439 2006/2633/439 1925/2578/439
f 1887/2579/447 1889/2581/446 1981/2580/446
f 1889/2581/446 1891/2583/445 1983/2582/445
f 1891/2583/445 1893/2585/444 1985/2584/444
f 1893/2585/444 1895/2590/434 1987/2586/434
f 1899/2587/439 1900/5394/439 1994/2588/439
f 1895/2590/434 1899/2587/414 1992/2589/414
f 1947/2591/419 1949/2422/404 1918/2421/404
f 1904/2489/766 1905/2691/766 1999/2593/409
f 2446/2512/766 1904/2489/766 1997/2594/409
f 1877/2596/450 1968/2573/450 2002/2597/449
f 2019/2598/786 2021/2704/766 2182/2599/766
f 2225/2601/433 1141/5308/433 1705/1535/433
f 2429/2603/433 2045/5395/433 1942/2481/433
f 2273/2605/819 2271/2606/480 1941/2477/784
f 2271/2606/480 2225/5396/481 2046/2475/782
f 2270/2607/482 2272/2608/820 1939/2467/780
f 2272/2608/820 2273/2605/819 1940/2465/778
f 2270/2607/482 1938/2462/775 1937/2464/777
f 1950/2496/438 2001/2665/451 2232/2511/451
f 1957/2610/821 1890/2469/837 1888/2457/822
f 2230/2612/405 2235/2510/450 1967/2613/450
f 2228/2442/419 1946/2441/419 2454/2614/439
f 2220/2609/484 1937/2464/777 2054/2616/824
f 2034/2618/409 2014/2672/409 2013/2619/409
f 1937/2464/777 1954/2463/776 2057/2621/825
f 1942/2481/433 2045/5395/433 1993/2622/433
f 2215/2623/414 2043/2434/414 2012/2449/414
f 2255/2624/439 2374/3069/439 2375/2625/439
f 2262/2627/491 2060/5397/491 2051/2628/491
f 2009/2630/826 2010/2689/786 2033/2631/786
f 2006/2633/439 2004/2673/439 1923/2634/439
f 2176/2635/409 2180/2693/409 1998/2636/409
f 1994/2637/433 1900/5398/433 1897/2638/433
f 2066/2640/828 2073/2678/829 1931/2641/829
f 1965/2643/830 1898/2484/830 1896/2471/831
f 1990/2639/433 1897/2638/433 1898/2645/433
f 1961/2647/833 1894/2473/836 1892/2474/834
f 1962/2644/832 1896/2471/831 1894/2473/836
f 1958/2648/835 1892/2474/834 1890/2469/837
f 1951/2577/438 1883/2576/438 1885/2572/451
f 2453/2649/439 1947/2591/419 1870/2592/419
f 1955/2611/823 1888/2457/822 2047/2460/838
f 2451/2652/409 2452/2595/409 1997/2594/409
f 1997/2594/409 1999/2593/409 1998/2636/409
f 2051/2628/815 2060/5397/815 2061/2654/815
f 1988/2655/506 1987/2586/434 1992/2589/414
f 2045/2503/439 2218/5399/439 2245/2482/439
f 1985/2584/444 1987/2586/434 1988/2655/506
f 1983/2582/445 1985/2584/444 1986/2656/444
f 1981/2580/446 1983/2582/445 1984/2657/445
f 1979/2553/448 1981/2580/446 1982/2658/446
f 1976/2660/439 1975/2554/439 1979/2553/448
f 2216/2661/414 2042/2734/414 1952/2662/414
f 2003/2664/449 2002/2597/449 1968/2573/450
f 2001/2665/451 2000/2571/451 2002/2597/449
f 1971/2427/409 1969/3127/409 1970/2666/409
f 2055/2566/409 1971/2427/409 1972/2667/409
f 2068/2669/755 2065/2960/840 1936/2670/840
f 2036/2671/766 2008/5400/766 2014/2672/409
f 1976/2660/439 2007/2568/439 2006/2633/439
f 2007/2568/439 2005/3126/439 2004/2673/439
f 2177/2674/409 2020/2705/409 2018/2675/409
f 1990/2639/433 1989/2479/433 1993/2622/433
f 1965/2646/433 1964/5386/433 1989/2479/433
f 1961/2647/841 1960/2478/847 1963/2476/842
f 1962/2644/843 1963/2476/842 1964/2677/844
f 1957/2610/821 1956/2468/781 1959/2466/779
f 1958/2648/846 1959/2466/2348 1960/2478/847
f 1955/2611/823 1954/2463/776 1956/2468/781
f 1951/2577/438 1950/2496/438 2042/2495/439
f 2000/2571/451 2001/2665/451 1950/2496/438
f 1948/2456/404 1978/2455/405 1977/2420/405
f 1946/2441/419 1948/2456/404 1949/2422/404
f 1977/2420/405 1978/2455/405 1967/2613/450
f 2454/2614/439 1946/2441/419 1947/2591/419
f 2056/2651/848 2057/2621/2349 1954/2463/849
f 2073/2678/829 2072/5401/851 1914/2679/851
f 2248/2680/414 2249/5402/414 2013/2681/414
f 2251/2682/409 1277/1643/409 1273/1624/409
f 2015/2684/414 2010/2687/414 2009/2685/414
f 2015/2684/414 2014/2688/414 2008/2686/414
f 2043/2434/414 2016/2433/414 2015/2684/414
f 2016/2433/414 2013/2681/414 2014/2688/414
f 2010/2689/786 2008/5400/766 2036/2671/766
f 2185/2690/787 2183/2696/766 1905/2691/766
f 2246/2692/409 1998/2636/409 2180/2693/409
f 2382/2695/177 2381/2958/177 2191/2663/177
f 2183/2696/766 2176/2635/409 1999/2593/409
f 2210/2697/852 2185/2690/787 1933/2488/786
f 2041/2564/414 1149/1639/414 1437/1638/414
f 1881/2699/64 2206/2936/64 2195/2700/853
f 2252/2702/409 1283/1652/409 1277/1643/409
f 2019/2598/786 2023/2710/787 2026/2703/766
f 2026/2703/766 2024/2713/409 2020/2705/409
f 2038/2706/855 2023/2710/787 2019/2598/786
f 2020/2705/409 2024/2713/409 2022/2708/409
f 2253/2709/409 1289/1659/409 1283/1652/409
f 2023/2710/787 2028/2717/787 2031/2711/766
f 2026/2703/766 2031/2711/766 2029/2712/409
f 2039/2714/855 2028/2717/787 2023/2710/787
f 2024/2713/409 2029/2712/409 2027/2715/409
f 2249/2716/409 1258/5311/409 1289/1659/409
f 2033/2631/786 2036/2671/766 2031/2711/766
f 2031/2711/766 2036/2671/766 2034/2618/409
f 2040/2632/827 2033/2631/786 2028/2717/787
f 2029/2712/409 2034/2618/409 2032/2620/409
f 1878/2718/857 2197/2738/865 1917/2534/805
f 2167/2719/858 2165/2924/858 1884/2720/858
f 2164/2722/859 2166/2922/859 2025/2723/859
f 2169/2725/860 2171/2928/861 1995/2726/861
f 2170/2728/863 2167/2719/858 1886/2721/858
f 1880/2730/64 2174/2931/64 2203/2731/64
f 2021/2704/766 2020/2705/409 2177/2674/409
f 2216/2661/414 2188/2453/414 1953/2733/414
f 2209/2735/864 2037/2707/856 2019/2598/786
f 1917/2534/805 2197/2738/865 2210/2697/852
f 2203/2731/64 2200/2737/64 1885/2736/64
f 2200/2737/64 2206/2936/64 1881/2699/64
f 1877/2701/854 2195/2700/853 2197/2738/865
f 2038/2706/855 2037/2707/856 2017/2739/866
f 2039/2714/855 2038/2706/855 2025/2740/866
f 2035/2445/773 2040/2632/827 2039/2714/855
f 2201/2742/867 2204/2444/772 1882/2446/774
f 2037/2707/856 2209/2735/864 1995/2438/770
f 1438/1685/414 1257/1933/414 2044/2626/414
f 2247/2432/414 2043/2434/414 2011/2744/414
f 2011/2744/414 2043/2434/414 2215/2623/414
f 2375/2625/64 2376/3066/64 2212/2743/64
f 1702/1689/433 1143/1691/433 2218/2746/433
f 1706/1694/439 1303/1693/439 2257/2748/439
f 2218/2746/433 2045/5395/433 2429/2603/433
f 2257/2748/439 2059/2956/439 2426/2750/439
f 1942/2481/433 2046/2480/433 2425/2751/433
f 2430/2752/409 2058/5403/409 2256/2753/409
f 1911/2755/868 2047/5404/2350 2048/2756/869
f 2048/2756/869 2049/2757/874 1931/2641/871
f 1144/1706/541 1126/1927/640 2051/2628/872
f 2049/2757/874 2053/5405/2351 1973/2642/875
f 2258/2629/876 2219/2955/958 2054/2758/877
f 2057/2759/879 2056/2760/882 1944/2413/880
f 2056/2760/882 2047/5404/2350 1911/2755/868
f 2054/2758/877 2057/2759/879 1945/2412/881
f 1973/2642/875 2053/5405/2351 2055/2761/883
f 2259/2763/433 2257/2766/433 1303/1714/433
f 2256/2764/433 2259/2763/433 1317/1716/433
f 2259/2763/433 1906/2954/433 2059/2765/433
f 1966/2767/885 1943/2499/2352 1974/2762/884
f 2226/2497/886 1943/2499/2352 1966/2767/885
f 2069/2769/888 2063/2778/893 2065/2770/888
f 2262/2772/889 2260/2776/892 2061/2773/890
f 2261/2775/891 2062/5406/873 2061/2773/890
f 2067/2777/888 2064/2952/893 2063/2778/893
f 2073/2779/888 2066/2782/888 2070/2780/888
f 2068/2771/888 2071/2783/888 2070/2780/888
f 2069/2769/888 2070/2780/888 2066/2782/888
f 2072/2781/888 2070/2780/888 2071/2783/888
f 2064/2498/440 2067/5407/440 1974/2762/440
f 1974/2762/440 2067/5407/440 2066/2640/828
f 1914/2679/851 2072/5401/851 2074/2785/894
f 1911/2755/895 2074/2785/894 2071/2411/754
f 2106/2786/896 2103/2828/896 1924/2787/896
f 2080/2789/897 2090/5408/897 2097/2518/897
f 2075/2550/811 2085/5391/811 2099/2790/811
f 1874/2792/898 2105/2822/898 2108/2793/898
f 2113/2795/795 2112/2831/795 1902/2796/795
f 2096/2798/896 2090/5408/897 2080/2789/897
f 2459/2800/795 2102/2549/795 1913/2551/795
f 2108/2793/795 2107/2825/795 2078/2802/795
f 2111/2803/899 2109/2830/900 1926/2804/900
f 2083/2431/768 2095/2430/768 2096/2798/768
f 2461/2806/795 2106/2786/795 1915/2788/795
f 2101/2808/901 2088/5385/2345 2076/2414/757
f 2087/2810/64 2086/2814/904 2457/2811/803
f 2098/2813/903 2088/2826/914 2086/2814/904
f 2093/2815/64 2097/5409/64 2090/2816/905
f 2092/2818/64 2093/2815/64 2089/2817/906
f 2460/2820/908 2457/2811/803 2086/2814/904
f 2086/2814/904 2088/2826/914 2105/2822/910
f 2458/2823/911 2099/2827/793 2106/2786/793
f 2108/2793/912 2101/5410/2353 2100/2824/913
f 2088/2826/914 2101/5410/2353 2108/2793/912
f 2099/2827/793 2085/3124/803 2103/2828/793
f 2089/2817/906 2090/2816/905 2110/2829/915
f 2112/2831/917 2094/5411/917 2091/2819/907
f 2114/2832/919 2096/5412/919 2095/2833/920
f 2090/2816/905 2096/5412/919 2114/2832/919
f 2111/2803/918 2091/2819/907 2089/2817/906
f 2095/2833/920 2094/5411/917 2112/2831/917
f 2109/2830/900 2110/2829/921 1908/2834/921
f 1875/2416/759 2098/2415/758 2087/2835/922
f 2092/2837/924 2091/5413/2354 2081/2838/925
f 2112/2831/897 2111/2803/897 1873/2805/897
f 2448/2840/768 2458/3123/768 2100/2841/768
f 2455/2843/768 2460/2820/768 2104/2821/926
f 2093/2845/795 2092/2837/795 1872/2839/795
f 2114/2832/795 2113/2795/795 1930/2797/795
f 1901/2842/768 2100/2841/768 2101/2808/901
f 2104/2821/926 2105/2822/927 1874/2792/927
f 2081/2838/925 2091/5413/2354 2094/2847/928
f 1908/2834/898 2110/2829/898 2114/2832/898
f 2117/2848/177 2118/2863/177 2116/2849/177
f 2118/2851/409 2124/2860/409 2126/2852/409
f 2119/2854/64 2120/2857/64 2122/2853/929
f 2115/2856/414 2116/5414/414 2120/2857/414
f 2117/2858/439 2115/2856/439 2119/2854/439
f 2120/2857/409 2116/5414/409 2118/2851/409
f 2125/2859/433 2126/2852/433 2124/2860/433
f 2123/2862/177 2124/5415/177 2118/2863/177
f 2126/2852/930 2125/2859/930 2121/2855/929
f 2125/2859/439 2123/2861/439 2117/2858/439
f 2129/2864/177 2130/2879/177 2128/2865/177
f 2130/2867/409 2136/2876/409 2138/2868/409
f 2131/2870/64 2132/2873/64 2134/2869/929
f 2127/2872/414 2128/5416/414 2132/2873/414
f 2129/2874/439 2127/2872/439 2131/2870/439
f 2132/2873/409 2128/5416/409 2130/2867/409
f 2137/2875/433 2138/2868/433 2136/2876/433
f 2135/2878/177 2136/5417/177 2130/2879/177
f 2138/2868/930 2137/2875/930 2133/2871/929
f 2137/2875/439 2135/2877/439 2129/2874/439
f 2141/2880/177 2142/2895/177 2140/2881/177
f 2142/2883/409 2148/2892/409 2150/2884/409
f 2143/2886/64 2144/2889/64 2146/2885/929
f 2139/2888/414 2140/5418/414 2144/2889/414
f 2141/2890/439 2139/2888/439 2143/2886/439
f 2144/2889/409 2140/5418/409 2142/2883/409
f 2149/2891/433 2150/2884/433 2148/2892/433
f 2147/2894/177 2148/5419/177 2142/2895/177
f 2150/2884/930 2149/2891/930 2145/2887/929
f 2149/2891/439 2147/2893/439 2141/2890/439
f 2153/2896/177 2154/2899/177 2152/2897/177
f 2154/2899/409 2160/2908/409 2162/2900/409
f 2155/2902/64 2156/2905/64 2158/2901/929
f 2151/2904/414 2152/2897/414 2156/2905/414
f 2153/2906/439 2151/2904/439 2155/2902/439
f 2156/2905/409 2152/2897/409 2154/2899/409
f 2161/2907/433 2162/2900/433 2160/2908/433
f 2159/2910/177 2160/2908/177 2154/2899/177
f 2162/2900/930 2161/2907/930 2157/2903/929
f 2161/2907/439 2159/2909/439 2153/2906/439
f 2169/2911/769 2163/2915/769 2164/2912/769
f 2165/2914/769 2166/2917/769 2164/2912/769
f 2167/2916/769 2168/2919/769 2166/2917/769
f 2167/2916/769 2170/5420/769 2172/2918/769
f 2172/2920/931 2170/2728/863 1882/2729/863
f 2166/2922/859 2168/2927/859 2030/2923/859
f 2165/2924/858 2163/2926/858 1876/2925/858
f 2163/2926/858 2169/2725/860 1879/2727/862
f 2168/2927/859 2172/2920/931 2035/2921/931
f 2171/2928/861 2164/2722/859 2017/2724/859
f 2195/2700/932 2196/2930/2355 2199/2929/933
f 2196/2930/935 2194/2436/2356 2198/2439/936
f 2174/2931/938 2175/2933/2357 2205/2932/939
f 2175/2933/940 2173/5421/2358 2204/2444/941
f 2201/2742/943 2202/2934/943 2205/2932/942
f 2202/2934/944 2200/2737/2359 2203/2731/939
f 2208/2935/945 2202/2934/943 2201/2742/943
f 2206/2936/944 2200/2737/2359 2202/2934/944
f 2208/2935/944 2196/2930/2355 2195/2700/932
f 2207/2447/945 2194/2436/2356 2196/2930/935
f 2186/2600/946 2187/2938/954 2211/2937/947
f 2185/2690/949 2210/2697/956 2211/2937/950
f 2373/2939/409 2372/3067/409 2254/2565/409
f 2264/2940/625 2181/2944/624 2179/2676/624
f 2178/2942/624 2184/2943/2360 2182/2599/952
f 2176/2635/628 2183/2696/955 2184/2943/953
f 2265/2694/629 2180/2693/628 2181/2944/628
f 2263/2941/409 2250/2683/409 1273/1624/409
f 2189/2451/414 2190/2946/414 2217/2945/414
f 2190/2946/414 2188/2453/414 2216/2661/414
f 2175/2947/414 2190/2946/414 2189/2451/414
f 2175/2947/414 2174/2454/414 2188/2453/414
f 2182/2599/952 2184/2943/2360 2187/2938/954
f 2183/2696/955 2185/2690/949 2187/2938/951
f 2181/2944/624 2178/2942/624 2177/2674/624
f 2180/2693/628 2176/2635/628 2178/2942/628
f 2199/2929/933 2211/2937/950 2210/2697/956
f 2198/2439/936 2209/2735/948 2211/2937/947
f 2214/2948/414 1439/2949/414 1438/1685/414
f 2214/2948/414 2213/2698/414 1437/1638/414
f 2215/2623/414 2217/2945/414 2193/2950/414
f 2216/2661/414 2191/2663/414 2193/2950/414
f 2204/2444/772 2173/5421/2361 2009/2630/826
f 2050/2560/957 1145/1916/637 1144/1706/541
f 2239/2569/439 2007/2568/439 1976/2660/439
f 1125/1918/439 1176/1917/439 2239/2569/439
f 2018/2675/409 2250/2683/409 2263/2941/409
f 1456/1919/638 2265/2694/629 2264/2940/629
f 1457/1920/625 2264/2940/625 2263/2941/625
f 2379/2951/177 2380/3065/177 2192/2745/177
f 2064/2952/893 2261/2775/891 2260/2776/892
f 2063/2778/893 2260/2776/892 2262/2772/889
f 2050/2560/957 2226/2497/886 2234/2768/887
f 2259/2763/433 2256/2764/433 2058/2953/433
f 2051/2628/872 1126/1927/640 2219/2955/958
f 2059/2956/177 1906/2970/177 2433/2957/177
f 2256/2753/409 1302/5322/409 1701/1930/409
f 2381/2958/177 2379/2951/177 2193/2950/177
f 2044/2626/414 1257/1933/414 2247/2432/414
f 2032/2620/409 2013/2619/409 2249/2716/409
f 2027/2715/409 2032/2620/409 2253/2709/409
f 2022/2708/409 2027/2715/409 2252/2702/409
f 2383/2959/439 2374/3069/439 2255/2624/439
f 1147/1427/409 2246/2692/409 2265/2694/409
f 2018/2675/409 2022/2708/409 2251/2682/409
f 1258/1936/414 2249/5402/414 2248/2680/414
f 2065/2960/840 2262/2627/491 2258/2629/491
f 2377/2961/64 2378/3064/64 2213/2698/64
f 1131/1940/484 2220/2609/484 2219/2617/488
f 1127/1943/419 2228/2442/419 2462/2615/439
f 1151/1442/450 2235/2510/450 2230/2612/405
f 1148/1946/438 2231/2494/438 2232/2511/451
f 1133/1947/482 2270/2607/482 2220/2609/484
f 2278/2962/959 2279/2965/962 2223/2963/960
f 2279/2965/962 2281/2978/973 2224/2966/963
f 1141/1953/481 2225/5396/481 2271/2606/480
f 2277/2967/964 2276/2975/964 2268/2968/964
f 1906/2970/177 2058/5403/177 2430/2752/177
f 1176/1917/439 1157/1959/439 2227/2567/439
f 1952/2662/414 2042/2734/414 2233/2563/414
f 2236/2509/449 2232/2511/451 2001/2665/451
f 2235/2510/450 2236/2509/449 2003/2664/449
f 1980/2659/448 2240/2507/448 2238/2508/439
f 1982/2658/446 2241/2506/446 2240/2507/448
f 1984/2657/445 2242/2505/445 2241/2506/446
f 1986/2656/444 2243/2504/444 2242/2505/445
f 1988/2655/506 2244/2483/434 2243/2504/444
f 2245/2482/439 2218/5399/439 1143/1961/439
f 1998/2636/409 2246/2692/409 2237/2500/409
f 2050/2560/440 2062/2559/440 2261/2971/440
f 1149/1963/439 2233/5388/439 2231/2494/438
f 1991/2501/414 2245/2482/414 2244/2483/434
f 1128/1964/404 1129/1944/405 2230/2612/405
f 1127/1943/419 1128/1964/404 2229/2440/404
f 1261/1937/414 2248/2680/414 2247/2432/414
f 1137/1966/648 1139/1954/480 2267/2972/647
f 2268/2968/649 1133/1947/482 1135/1968/650
f 2269/2969/650 1135/1968/650 1137/1966/648
f 2221/2974/965 2270/2607/482 1133/1947/482
f 2267/2972/647 1139/1954/480 2271/2606/480
f 2273/2605/819 2272/2608/820 2222/2964/966
f 2272/2608/820 2270/2607/482 2221/2974/965
f 2224/2966/963 2271/2606/480 2273/2605/819
f 2277/2967/968 2274/2977/972 2279/2965/969
f 2276/2975/970 2277/2967/968 2278/2962/658
f 2274/2977/972 2275/2979/660 2281/2978/973
f 2267/2972/974 2275/2979/974 2274/2977/974
f 2276/2975/970 2280/2976/971 2221/2974/965
f 2266/2973/974 2274/2977/974 2277/2967/964
f 2221/2974/975 2280/2976/975 2278/2962/959
f 2224/2966/963 2281/2978/973 2275/2979/660
f 2284/2980/664 2285/5422/664 2283/2981/663
f 2286/2982/665 2283/2981/663 2287/2983/666
f 2290/2985/664 2291/5423/664 2289/2986/663
f 2292/2987/665 2289/2986/663 2293/2988/666
f 2296/2990/664 2297/5424/664 2295/2991/663
f 2298/2992/665 2295/2991/663 2299/2993/666
f 2302/2995/664 2303/5425/664 2301/2996/663
f 2304/2997/665 2301/2996/663 2305/2998/668
f 2308/3000/664 2309/5426/664 2307/3001/663
f 2310/3002/665 2307/3001/663 2311/3003/668
f 2314/3005/664 2315/5427/664 2313/3006/663
f 2316/3007/665 2313/3006/663 2317/3008/668
f 2320/3010/664 2321/5428/664 2319/3011/663
f 2322/3012/665 2319/3011/663 2323/3013/668
f 2326/3015/670 2327/5429/753 2325/3016/669
f 2328/3017/671 2325/3016/669 2329/3018/672
f 2332/3020/675 2333/5430/751 2331/3021/674
f 2334/3022/676 2331/3021/674 2335/3023/677
f 2338/3025/675 2339/5431/751 2337/3026/674
f 2340/3027/676 2337/3026/674 2341/3028/677
f 2344/3030/675 2345/5432/751 2343/3031/674
f 2346/3032/676 2343/3031/674 2347/3033/677
f 2350/3035/675 2351/5433/751 2349/3036/674
f 2352/3037/676 2349/3036/674 2353/3038/677
f 2356/3040/680 2357/5434/752 2355/3041/679
f 2358/3042/681 2355/3041/679 2359/3043/682
f 2391/3045/177 2392/3048/177 2366/3046/177
f 2392/3048/177 2395/3081/686 2361/3049/686
f 2401/3050/64 2404/3063/687 2371/3051/687
f 2400/3053/177 2391/3045/177 2365/3047/177
f 2389/3055/64 2387/3077/64 2367/3056/64
f 2397/3058/684 2389/3055/64 2369/3057/64
f 2402/3060/409 2403/3082/685 2363/3061/685
f 2404/3063/687 2402/3060/409 2362/3062/409
f 2378/3064/64 2373/2939/64 2041/2564/64
f 2380/3065/177 2383/2959/177 2011/2744/177
f 2376/3066/64 2377/2961/64 2214/2948/64
f 2372/3067/409 2382/2695/409 1952/2662/409
f 2372/3067/414 2373/2939/414 2361/3049/414
f 2363/3061/414 2375/2625/414 2374/3069/414
f 2377/2961/414 2376/3066/414 2364/3054/414
f 2378/3064/414 2377/2961/414 2365/3047/414
f 2380/3065/414 2379/2951/414 2367/3056/414
f 2379/2951/414 2381/2958/414 2369/3057/414
f 2361/3049/414 2373/2939/414 2378/3064/414
f 2376/3066/414 2375/2625/414 2363/3061/414
f 2381/2958/414 2382/2695/414 2370/3059/414
f 2371/3051/414 2383/2959/414 2380/3065/414
f 2370/3059/414 2382/2695/414 2372/3067/414
f 2374/3069/414 2383/2959/414 2371/3051/414
f 2389/3055/414 2397/3058/414 2394/3070/414
f 2406/3072/439 2409/3091/684 2396/3073/684
f 2399/3075/414 2386/3076/414 2391/3045/414
f 2386/3076/414 2388/3071/414 2392/3048/414
f 2387/3077/414 2389/3055/414 2388/3071/414
f 2401/3050/414 2387/3077/414 2386/3076/414
f 2408/3078/976 2410/5435/686 2398/3079/686
f 2388/3071/414 2394/3070/414 2395/3081/414
f 2360/3068/439 2394/3070/439 2397/3058/684
f 2361/3049/686 2395/3081/686 2394/3070/439
f 2403/3082/685 2400/3053/177 2364/3054/177
f 2387/3077/64 2401/3050/64 2368/3052/64
f 2399/3075/414 2400/3053/414 2385/3083/414
f 2390/3080/414 2401/3050/414 2399/3075/414
f 2396/3073/414 2403/3082/414 2402/3060/414
f 2400/3053/414 2403/3082/414 2396/3073/414
f 2404/3063/414 2401/3050/414 2390/3080/414
f 2402/3060/414 2404/3063/414 2398/3079/414
f 2405/3085/978 2406/3089/414 2410/3086/414
f 2407/3088/979 2409/5436/414 2406/3089/414
f 2407/3090/979 2405/3092/978 2384/3084/980
f 2398/3079/686 2410/5435/686 2406/3072/439
f 2409/3091/684 2407/3090/979 2385/3083/981
f 2405/3092/978 2408/3078/976 2390/3080/977
f 2422/3093/982 2421/3104/983 2414/3094/983
f 1686/2091/696 2418/3103/2362 2419/3096/984
f 2419/3096/984 2420/3101/409 2421/3104/409
f 2421/3104/409 2422/3093/409 2424/3097/985
f 2424/3097/985 2423/3105/2363 1691/2105/986
f 1691/2105/986 1686/2091/696 2419/3096/984
f 2419/3096/984 2421/3104/409 2424/3097/985
f 2424/3097/987 2422/3093/982 2415/3095/982
f 2419/3096/988 2418/3103/991 2412/3099/989
f 2420/3101/990 2419/3096/988 2411/3100/988
f 2418/3103/991 1686/2091/2343 1675/2099/703
f 2421/3104/983 2420/3101/990 2413/3102/990
f 2423/3105/992 2424/3097/987 2417/3098/987
f 1676/2104/707 1691/2105/708 2423/3105/992
f 2438/2747/994 2440/3107/996 1704/2106/710
f 2440/3107/996 2439/3108/997 1703/2108/712
f 2439/3108/997 2437/2754/715 1701/1930/714
f 2442/2602/998 2444/3110/1001 2427/3109/999
f 2444/3110/1001 2443/3112/1003 2428/3111/1002
f 2443/3112/1003 2441/2749/722 2426/2750/1004
f 2434/2604/1005 2436/3114/1008 2431/3113/1006
f 2436/3114/1008 2435/3116/1010 2432/3115/1009
f 2435/3116/1010 2433/2957/2364 2430/2752/1011
f 2427/3109/999 2436/3114/1008 2434/2604/1005
f 2428/3111/1002 2435/3116/1010 2436/3114/1008
f 2426/2750/1004 2433/2957/2364 2435/3116/1010
f 2431/3113/1006 2440/3107/996 2438/2747/994
f 2432/3115/1009 2439/3108/997 2440/3107/996
f 2430/2752/1011 2437/2754/715 2439/3108/997
f 1707/2118/732 2444/3110/1001 2442/2602/998
f 1708/2119/734 2443/3112/1003 2444/3110/1001
f 1706/1694/735 2441/2749/722 2443/3112/1003
f 2425/2751/433 2046/2480/433 2225/2601/433
f 2412/3117/409 1675/5337/409 1145/2120/409
f 1966/2668/409 2411/3120/409 2412/3117/409
f 1970/2666/409 2414/5437/409 2413/3119/409
f 1972/2667/409 2413/3119/409 2411/3120/409
f 1157/1959/439 1723/1942/439 2462/2615/439
f 1146/2126/409 1676/2128/409 2416/3121/409
f 2237/2500/409 2416/3121/409 2417/3122/409
f 1924/2787/768 2103/2828/768 2460/2820/768
f 2077/2791/768 2099/2790/768 2458/3123/768
f 2100/2824/913 2458/2823/911 2461/2806/908
f 2103/2828/793 2085/3124/803 2457/2811/803
f 2459/2812/64 2457/2811/803 2085/3124/803
f 2107/2825/795 2461/2806/795 2456/2807/795
f 2087/2835/922 2459/2800/795 2449/2801/795
f 2005/3126/439 2454/2614/439 2453/2649/439
f 1970/2666/409 1969/3127/409 2452/2595/409
f 2004/2673/439 2453/2649/439 2447/2650/439
f 2462/2615/439 2454/2614/439 2005/3126/439
f 1910/2426/766 2446/2512/766 2452/2595/409
f 1932/2490/787 2450/2514/786 2445/2538/807
f 1913/2547/64 1923/2525/64 2447/3128/64
f 1921/2542/807 2445/2538/807 2448/2540/809
f 2078/3129/1012 2456/2515/793 2455/2517/794
f 1904/2489/766 2446/2512/766 2450/2514/786
f 2417/3122/409 2415/3130/409 2451/2652/409
f 2415/3130/409 2414/5437/409 1970/2666/409
s 0
f 2465/3131/738 2466/5438/738 1767/2142/738
f 2463/3132/64 2464/3141/64 2468/3133/64
f 1768/2150/739 2463/3139/739 2467/3135/739
f 1784/2151/439 1771/2148/439 2467/3135/439
f 2467/3134/64 2468/3133/64 2482/3137/64
f 1772/2156/740 2469/3151/740 2463/3139/740
f 2463/3132/64 2469/3153/64 2470/3140/64
f 1774/2161/741 1776/2160/741 2473/3142/741
f 2471/3144/64 2472/3149/64 2475/3145/64
f 1779/2166/439 1774/2161/439 2471/3143/439
f 2473/3148/64 2474/5439/64 2472/3149/64
f 1772/2156/439 1778/2170/439 2478/3150/439
f 2478/3152/64 2476/3154/64 2470/3140/64
f 2477/3146/64 2475/3145/64 2476/3154/64
f 1783/2174/439 2479/3157/439 2480/3155/439
f 2478/3156/64 2480/5440/64 2479/3157/64
f 1782/2175/742 2480/3155/742 2478/3150/742
f 2481/3138/64 2482/3137/64 2486/3158/64
f 1789/2180/439 1784/2151/439 2481/3136/439
f 1788/2182/439 2484/3167/439 2465/3131/439
f 2465/3161/64 2484/3164/64 2485/3162/64
f 2483/3159/64 2486/3158/64 2485/3162/64
f 1791/2188/439 2487/3168/439 2488/3165/439
f 2488/3166/64 2487/5441/64 2483/3159/64
f 1790/2186/743 2488/3165/743 2484/3167/743
f 2487/3168/744 1791/2188/744 1789/2180/744
f 2486/3169/409 1787/2197/409 1786/2192/409
f 2485/3170/409 1786/2192/409 1767/2195/409
f 2482/3172/409 1785/2213/409 1787/2197/409
f 2475/3173/409 1781/2212/409 1780/2199/409
f 2476/3174/409 1780/2199/409 1773/2202/409
f 2479/3157/745 1783/2174/745 1779/2166/745
f 2474/3176/409 1777/5344/409 1775/2205/409
f 1776/2160/414 1777/5345/414 2474/3178/414
f 2470/3175/409 1773/2202/409 1769/2210/409
f 2472/3177/409 1775/2205/409 1781/2212/409
f 2468/3180/409 1770/2215/409 1785/2213/409
f 2464/3179/409 1769/2210/409 1770/2215/409
s 1
f 2494/3181/1013 2492/5442/2365 2493/3182/746
f 2491/3184/1014 2494/3181/1013 2489/3183/746
f 2500/3186/1013 2498/5443/2365 2499/3187/746
f 2497/3189/1014 2500/3186/1013 2495/3188/746
f 2506/3191/1013 2504/5444/2365 2505/3192/746
f 2503/3194/1014 2506/3191/1013 2501/3193/746
f 2512/3196/1013 2510/5445/2365 2511/3197/746
f 2509/3199/1014 2512/3196/1013 2507/3198/746
f 2518/3201/1013 2517/5446/2365 2516/3202/746
f 2515/3204/1014 2518/3201/1013 2514/3203/746
f 2524/3206/1013 2523/5447/2365 2522/3207/746
f 2521/3209/1014 2524/3206/1013 2520/3208/746
f 2530/3211/1013 2529/5448/2365 2528/3212/746
f 2527/3214/1014 2530/3211/1013 2526/3213/746
f 2536/3216/1013 2535/5449/2365 2534/3217/746
f 2533/3219/1014 2536/3216/1013 2532/3218/746
f 2542/3221/1013 2541/5450/2365 2540/3222/746
f 2539/3224/1014 2542/3221/1013 2538/3223/746
f 2548/3226/1013 2547/5451/2365 2546/3227/746
f 2545/3229/1014 2548/3226/1013 2544/3228/746
f 2554/3231/1013 2553/5452/2365 2552/3232/746
f 2551/3234/1014 2554/3231/1013 2550/3233/746
f 2560/3236/1013 2559/5453/2365 2558/3237/746
f 2557/3239/1014 2560/3236/1013 2556/3238/746
f 2566/3241/1013 2565/5454/2365 2564/3242/746
f 2563/3244/1014 2566/3241/1013 2562/3243/746
f 2326/3246/64 2328/3386/64 2532/3247/64
f 2305/3249/1015 2301/3392/1016 2512/3250/1013
f 2287/3252/433 2491/3295/433 2490/3253/433
f 2351/3255/1015 2559/3401/2365 2560/3256/1013
f 2306/3258/64 2513/3271/64 2514/3259/64
f 2284/3261/414 2493/3281/414 2492/3262/414
f 2350/3264/64 2352/3394/64 2556/3265/64
f 2329/3267/1015 2325/3399/1015 2536/3268/1013
f 2311/3270/433 2515/3307/433 2513/3271/433
f 2285/3263/1016 2492/3262/2365 2494/3272/1013
f 2330/3274/64 2537/3285/64 2538/3275/64
f 2308/3277/414 2516/3294/414 2517/3278/414
f 2284/3261/64 2286/3400/64 2489/3280/64
f 2353/3282/1016 2349/3257/1016 2560/3256/1013
f 2330/3274/678 2335/3319/677 2539/3284/433
f 2309/3279/1015 2517/3278/2365 2518/3286/1013
f 2354/3288/64 2561/3297/64 2562/3289/64
f 2332/3291/675 2540/3306/414 2541/3292/414
f 2308/3277/64 2310/3260/64 2514/3259/64
f 2287/3252/1015 2283/3273/1015 2494/3272/1013
f 2359/3296/682 2563/3331/433 2561/3297/433
f 2333/3293/1016 2541/3292/2365 2542/3298/1013
f 2288/3300/64 2496/3309/64 2495/3301/64
f 2356/3303/680 2564/3318/414 2565/3304/414
f 2332/3291/64 2334/3276/64 2538/3275/64
f 2311/3270/1016 2307/3287/1015 2518/3286/1013
f 2293/3308/433 2497/3340/433 2496/3309/433
f 2357/3305/1015 2565/3304/2365 2566/3310/1013
f 2312/3312/64 2519/3321/64 2520/3313/64
f 2290/3315/414 2499/3330/414 2498/3316/414
f 2356/3303/64 2358/3290/64 2562/3289/64
f 2335/3319/1015 2331/3299/1015 2542/3298/1013
f 2317/3320/433 2521/3347/433 2519/3321/433
f 2291/3317/1016 2498/3316/2365 2500/3322/1013
f 2336/3324/64 2543/3333/64 2544/3325/64
f 2314/3327/414 2522/3339/414 2523/3328/414
f 2290/3315/64 2292/3302/64 2495/3301/64
f 2359/3296/1016 2355/3311/1016 2566/3310/1013
f 2341/3332/677 2545/3356/433 2543/3333/433
f 2315/3329/1016 2523/3328/2365 2524/3334/1013
f 2338/3336/675 2546/3346/414 2547/3337/414
f 2314/3327/64 2316/3314/64 2520/3313/64
f 2293/3308/1015 2289/3323/1015 2500/3322/1013
f 2339/3338/1015 2547/3337/2365 2548/3341/1013
f 2294/3343/64 2502/3349/64 2501/3344/64
f 2338/3336/64 2340/3326/64 2544/3325/64
f 2317/3320/1015 2313/3335/1016 2524/3334/1013
f 2299/3348/433 2503/3376/433 2502/3349/433
f 2318/3350/64 2525/3358/64 2526/3351/64
f 2296/3353/414 2505/3367/414 2504/3354/414
f 2341/3332/1016 2337/3342/1015 2548/3341/1013
f 2318/3350/433 2323/3383/433 2527/3357/433
f 2297/3355/1015 2504/3354/2365 2506/3359/1013
f 2342/3361/64 2549/3369/64 2550/3362/64
f 2320/3364/414 2528/3375/414 2529/3365/414
f 2296/3353/64 2298/3345/64 2501/3344/64
f 2347/3368/677 2551/3390/433 2549/3369/433
f 2321/3366/1016 2529/3365/2365 2530/3370/1013
f 2344/3372/675 2552/3382/414 2553/3373/414
f 2320/3364/64 2322/3352/64 2526/3351/64
f 2299/3348/1016 2295/3360/1016 2506/3359/1013
f 2345/3374/1016 2553/3373/2365 2554/3377/1013
f 2300/3379/64 2508/3384/64 2507/3380/64
f 2344/3372/64 2346/3363/64 2550/3362/64
f 2323/3383/1015 2319/3371/1016 2530/3370/1013
f 2300/3379/433 2305/3249/433 2509/3251/433
f 2324/3385/64 2531/3391/64 2532/3247/64
f 2302/3387/414 2511/3397/414 2510/3388/414
f 2347/3368/1016 2343/3378/1016 2554/3377/1013
f 2329/3267/672 2533/3269/433 2531/3391/433
f 2303/3389/1016 2510/3388/2365 2512/3250/1013
f 2348/3393/64 2555/3398/64 2556/3265/64
f 2326/3246/670 2534/3248/414 2535/3395/414
f 2302/3387/64 2304/3381/64 2507/3380/64
f 2353/3282/677 2557/3283/433 2555/3398/433
f 2327/3396/1015 2535/3395/2365 2536/3268/1013
f 2282/3254/64 2490/3253/64 2489/3280/64
f 2350/3264/675 2558/3266/414 2559/3401/414
f 2572/3402/414 2570/3446/414 2571/3403/414
f 2577/3405/433 2578/5455/433 2573/3406/433
f 2572/3408/414 2569/3443/414 2567/3409/414
f 2604/3413/433 2587/5456/1565 2589/5457/433
f 2589/5457/433 2590/5458/433 2588/5459/433
f 2588/5459/433 2599/5460/433 2601/5461/433
f 2601/5461/433 2602/5462/2366 2600/3411/433
f 2600/3411/433 2607/5463/2366 2609/5464/433
f 2609/5464/433 2610/5465/433 2608/3412/433
f 2608/3412/433 2603/5466/433 2605/5467/433
f 2605/5467/433 2606/5468/433 2604/3413/433
f 2604/3413/433 2589/5457/433 2588/5459/433
f 2588/5459/433 2601/5461/433 2600/3411/433
f 2600/3411/433 2609/5464/433 2608/3412/433
f 2608/3412/433 2605/5467/433 2604/3413/433
f 2604/3413/433 2588/5459/433 2600/3411/433
f 2592/3416/414 2611/5469/1578 2613/5470/414
f 2613/5470/414 2614/5471/414 2612/5472/414
f 2612/5472/414 2615/5473/414 2617/5474/414
f 2617/5474/414 2618/5475/414 2616/3414/414
f 2616/3414/414 2595/5476/2367 2597/5477/414
f 2597/5477/414 2598/5478/414 2596/3415/414
f 2596/3415/414 2591/5479/414 2593/5480/414
f 2593/5480/414 2594/5481/1578 2592/3416/414
f 2592/3416/414 2613/5470/414 2612/5472/414
f 2612/5472/414 2617/5474/414 2616/3414/414
f 2616/3414/414 2597/5477/414 2596/3415/414
f 2596/3415/414 2593/5480/414 2592/3416/414
f 2592/3416/414 2612/5472/414 2616/3414/414
f 2600/3417/1017 2595/3457/1017 2616/3418/1018
f 2596/3420/1019 2599/5482/1019 2588/3421/1020
f 2608/3423/1021 2615/5483/1021 2612/3424/1022
f 2581/3426/64 2582/3429/64 2579/3427/64
f 2582/3429/433 2584/5484/433 2583/3430/433
f 2584/3431/177 2586/3438/177 2585/3432/177
f 2585/3434/414 2586/5485/414 2581/3426/414
f 2583/3433/1023 2585/3432/1023 2580/3435/1023
f 2582/3437/1024 2581/5486/1024 2586/3438/1024
f 2576/3439/433 2575/5487/433 2573/3440/433
f 2575/3442/409 2576/3444/409 2567/3409/409
f 2576/3444/64 2578/5488/64 2570/3410/64
f 2578/3445/1025 2577/3449/1025 2571/3403/1025
f 2574/3447/177 2573/5489/177 2572/3402/177
f 2573/3448/177 2575/3442/177 2569/3443/177
f 2577/3449/439 2574/3447/439 2568/3404/439
f 2592/3450/1026 2594/3453/1027 2589/3451/1027
f 2594/3453/1027 2593/3455/1028 2590/3454/1028
f 2593/3455/1028 2591/3422/1020 2588/3421/1020
f 2600/3417/1017 2602/3458/1029 2597/3456/1029
f 2602/3458/1029 2601/3460/1030 2598/3459/1030
f 2601/3460/1030 2599/5482/1019 2596/3420/1019
f 2604/3461/1031 2606/3464/1032 2613/3462/1032
f 2606/3464/1032 2605/3466/1033 2614/3465/1033
f 2605/3466/1033 2603/3425/1022 2612/3424/1022
f 2616/3418/1018 2618/3468/1034 2609/3467/1034
f 2618/3468/1034 2617/3470/1035 2610/3469/1035
f 2617/3470/1035 2615/5483/1021 2608/3423/1021
f 2604/3461/1031 2611/3463/1031 2592/3471/1026
f 2623/3473/414 2622/3517/414 2624/3474/414
f 2625/3476/433 2630/5490/433 2629/3477/433
f 2619/3479/414 2621/3514/414 2624/3480/414
f 2641/3484/433 2639/5491/433 2656/5492/433
f 2656/5492/433 2658/5493/433 2657/5494/433
f 2657/5494/433 2655/5495/433 2660/5496/433
f 2660/5496/433 2662/5497/433 2661/3482/433
f 2661/3482/433 2659/5498/433 2652/5499/433
f 2652/5499/433 2654/5500/433 2653/3483/433
f 2653/3483/433 2651/5501/433 2640/5502/433
f 2640/5502/433 2642/5503/433 2641/3484/433
f 2641/3484/433 2656/5492/433 2657/5494/433
f 2657/5494/433 2660/5496/433 2661/3482/433
f 2661/3482/433 2652/5499/433 2653/3483/433
f 2653/3483/433 2640/5502/433 2641/3484/433
f 2641/3484/433 2657/5494/433 2661/3482/433
f 2665/3487/414 2663/5504/2367 2644/5505/414
f 2644/5505/414 2646/5506/1578 2645/5507/414
f 2645/5507/414 2643/5508/414 2648/5509/414
f 2648/5509/414 2650/5510/2367 2649/3485/414
f 2649/3485/414 2647/5511/1578 2668/5512/414
f 2668/5512/414 2670/5513/2367 2669/3486/414
f 2669/3486/414 2667/5514/414 2664/5515/414
f 2664/5515/414 2666/5516/1578 2665/3487/414
f 2665/3487/414 2644/5505/414 2645/5507/414
f 2645/5507/414 2648/5509/414 2649/3485/414
f 2649/3485/414 2668/5512/414 2669/3486/414
f 2669/3486/414 2664/5515/414 2665/3487/414
f 2665/3487/414 2645/5507/414 2649/3485/414
f 2659/3488/1017 2668/3539/1017 2647/3489/1018
f 2640/3491/1022 2651/5517/1021 2648/3492/1021
f 2664/3494/1020 2667/5518/1019 2660/3495/1019
f 2631/3497/177 2634/3501/177 2633/3498/177
f 2635/3500/433 2636/5519/433 2634/3501/433
f 2637/3502/64 2638/5520/64 2636/3503/64
f 2637/3505/414 2632/3499/414 2633/3498/414
f 2632/3507/1036 2637/3502/1036 2635/3504/1036
f 2636/3503/1037 2638/5520/1037 2633/3509/1037
f 2625/3511/433 2627/5521/433 2628/3512/433
f 2621/3514/409 2619/3479/409 2628/3515/409
f 2622/3481/177 2630/5522/177 2628/3515/177
f 2622/3517/1038 2623/3473/1038 2629/3518/1038
f 2624/3474/64 2625/5523/64 2626/3520/64
f 2621/3514/64 2627/3516/64 2625/3521/64
f 2620/3475/439 2626/3520/439 2629/3518/439
f 2641/3522/1032 2646/3526/1032 2644/3523/1031
f 2642/3525/1033 2645/3527/1033 2646/3526/1032
f 2642/3525/1033 2640/3491/1022 2643/3493/1022
f 2649/3528/1034 2654/3530/1034 2652/3490/1018
f 2650/3529/1035 2653/3531/1035 2654/3530/1034
f 2648/3492/1021 2651/5517/1021 2653/3531/1035
f 2665/3532/1027 2658/3536/1027 2656/3533/1026
f 2665/3532/1027 2666/3537/1028 2657/3535/1028
f 2664/3494/1020 2655/3496/1020 2657/3535/1028
f 2661/3538/1029 2670/3541/1029 2668/3539/1017
f 2662/3540/1030 2669/3542/1030 2670/3541/1029
f 2660/3495/1019 2667/5518/1019 2669/3542/1030
f 2644/3543/1031 2663/3534/1026 2656/3533/1026
f 2721/3549/414 2720/3656/414 2719/3550/414
f 2717/3552/414 2716/3650/414 2715/3553/414
f 2727/3558/1046 2737/3588/1065 2743/3559/1047
f 2757/3561/1049 2734/3587/1135 2725/3562/439
f 2762/3564/1049 2741/3665/1049 2723/3565/1050
f 2739/3557/1045 2749/3548/1042 2751/3547/1041
f 2743/3559/1047 2737/3588/1065 2738/3568/1052
f 2736/3570/1054 2727/3558/1062 2731/3555/1055
f 2672/3572/409 2724/3576/409 2759/3573/409
f 2671/3575/1057 2723/3664/1057 2724/3576/1057
f 2674/3577/409 2726/3581/409 2754/3578/409
f 2673/3580/1058 2725/3660/1058 2726/3581/1058
f 2733/3582/1059 2732/3556/2368 2728/3560/1060
f 2729/3584/1061 2736/3655/1054 2730/3585/1056
f 2728/3560/1060 2732/3556/2368 2731/3555/1055
f 2734/3587/1063 2727/3558/1046 2736/3570/1064
f 2737/3588/1065 2727/3558/1046 2734/3587/1063
f 2738/3568/1052 2737/3588/1065 2735/3589/1066
f 2736/3591/1064 2738/3568/1052 2726/3590/1067
f 2723/3565/1050 2741/3665/1049 2739/3557/1045
f 2724/3593/1068 2723/3565/1050 2740/3567/1051
f 2742/3595/1070 2724/3667/1068 2730/3571/1069
f 2739/3557/1045 2741/3665/1049 2742/3595/1070
f 2743/3559/1047 2744/3569/1053 2746/3596/1071
f 2744/3569/1053 2729/5524/1074 2747/3598/1073
f 2728/3560/1048 2748/3600/1075 2747/3599/1073
f 2743/3559/1047 2745/3597/1072 2748/3600/1075
f 2746/3596/1071 2680/3603/1078 2679/3601/1076
f 2746/3596/1071 2747/3598/1073 2681/3602/1077
f 2748/3600/1075 2682/3605/1079 2681/3604/1077
f 2745/3597/1072 2679/3601/1076 2682/3605/1079
f 2733/3546/1040 2750/3545/1039 2676/3606/1080
f 2732/3556/1044 2733/3582/1040 2677/3608/1081
f 2675/3610/1083 2749/3548/1042 2732/3556/1044
f 2688/3611/1084 2687/3615/1088 2699/3612/1085
f 2688/3611/1084 2696/3617/1090 2695/3614/1087
f 2688/3611/1084 2689/5525/1092 2697/3616/1089
f 2690/3618/1091 2698/3621/1093 2697/3619/1089
f 2687/3615/1088 2695/3614/1087 2698/3621/1093
f 2695/3614/1087 2696/3617/1090 2692/3622/1094
f 2697/3616/1089 2693/3627/1096 2692/3622/1094
f 2698/3621/1093 2694/3625/1097 2693/3624/1096
f 2698/3621/1093 2695/3614/1087 2691/3623/1095
f 2692/3622/1094 2684/3628/1099 2683/3626/1098
f 2693/3627/1096 2685/3648/1100 2684/3628/1099
f 2694/3625/1097 2686/3630/1101 2685/3629/1100
f 2694/3625/1097 2691/3623/1095 2683/3626/1098
f 2704/3631/1102 2712/3635/1106 2711/3632/1103
f 2704/3631/1102 2705/3649/1108 2713/3634/1105
f 2706/3636/1107 2714/3639/1109 2713/3637/1105
f 2703/3633/1104 2711/3632/1103 2714/3639/1109
f 2712/3635/1106 2708/3642/1112 2707/3640/1110
f 2712/3635/1106 2713/3634/1105 2709/3641/1111
f 2714/3639/1109 2710/3644/1113 2709/3643/1111
f 2711/3632/1103 2707/3640/1110 2710/3644/1113
f 2708/3642/1112 2700/3613/1086 2699/3612/1085
f 2709/3641/1111 2701/3647/1114 2700/3613/1086
f 2710/3644/1113 2702/3646/1115 2701/3645/1114
f 2710/3644/1113 2707/3640/1110 2699/3612/1085
f 2701/3647/1114 2689/5525/1092 2688/3611/1084
f 2690/3618/1091 2689/3620/1092 2701/3645/1114
f 2687/3615/1088 2690/3618/1091 2702/3646/1115
f 2676/3606/1080 2675/3610/1083 2683/3626/1098
f 2685/3648/1100 2677/3607/1081 2676/3606/1080
f 2686/3630/1101 2678/3609/1082 2677/3608/1081
f 2675/3610/1083 2678/3609/1082 2686/3630/1101
f 2680/3603/1078 2704/3631/1102 2703/3633/1104
f 2705/3649/1108 2704/3631/1102 2680/3603/1078
f 2682/3605/1079 2706/3636/1107 2705/3638/1108
f 2679/3601/1076 2703/3633/1104 2706/3636/1107
f 2716/3650/439 2740/3652/439 2751/3651/439
f 2717/3552/1116 2730/3654/2369 2740/3652/1117
f 2717/3552/1119 2718/3554/1211 2733/3653/1120
f 2718/3554/1122 2715/3553/177 2751/3651/1123
f 2719/3550/1125 2720/3656/439 2736/3655/1126
f 2721/3549/1128 2738/3658/1128 2736/3655/1128
f 2721/3549/1129 2722/3551/1218 2744/3657/1130
f 2722/3551/1132 2719/3550/2370 2729/3584/1133
f 2673/3580/439 2752/3775/439 2755/3659/439
f 2734/3587/1135 2757/3561/1049 2756/3661/1136
f 2726/3590/409 2735/3589/1137 2756/3661/1136
f 2753/3579/414 2752/3775/414 2673/3580/414
f 2671/3575/439 2761/3776/439 2760/3663/439
f 2741/3665/1049 2762/3564/1049 2758/3666/1136
f 2724/3667/1068 2742/3595/1070 2758/3666/1136
f 2763/3574/414 2761/3776/414 2671/3575/414
f 2750/3545/1039 2749/3548/1042 2675/3610/1083
f 2812/3673/414 2813/3773/414 2814/3674/414
f 2808/3676/414 2809/3770/414 2810/3677/414
f 2836/3682/1145 2830/3703/1157 2820/3683/1046
f 2757/3561/1049 2755/3563/439 2818/3685/439
f 2762/3564/1049 2760/3566/439 2816/3687/1050
f 2832/3680/1143 2833/3708/1051 2844/3670/1139
f 2831/3689/1147 2830/3703/1157 2836/3682/1145
f 2829/3691/1149 2823/3711/1155 2824/3679/1150
f 2759/3573/409 2817/3693/409 2765/3692/409
f 2817/3693/1118 2816/5526/1118 2764/3694/1118
f 2754/3578/409 2819/3696/409 2767/3695/409
f 2819/3696/1128 2818/5527/1128 2766/3697/1128
f 2821/3684/1152 2825/3681/1156 2826/3698/1153
f 2822/3700/1154 2826/5528/1153 2823/3701/1155
f 2821/3684/1152 2820/3683/1151 2824/3679/1150
f 2818/3685/1064 2829/3691/1158 2820/3683/1046
f 2827/3686/1063 2820/3683/1046 2830/3703/1157
f 2828/3704/1066 2830/3703/1157 2831/3689/1147
f 2819/3705/1067 2831/3689/1147 2829/3706/1158
f 2832/3680/1143 2834/3688/1049 2816/3687/1050
f 2833/3708/1051 2816/3687/1050 2817/3709/1159
f 2823/3711/1160 2817/3777/1159 2835/3712/1161
f 2832/3680/1143 2824/3679/1142 2835/3712/1161
f 2836/3682/1145 2838/3719/1167 2839/3713/1162
f 2837/3690/1148 2839/3713/1162 2840/3714/1163
f 2840/3716/1163 2841/3717/1165 2821/3684/1146
f 2841/3717/1165 2838/3719/1167 2836/3682/1145
f 2772/3718/1166 2773/3768/1206 2839/3713/1162
f 2839/3713/1162 2773/3768/1206 2774/3720/1168
f 2774/3721/1168 2775/3722/1169 2841/3717/1165
f 2775/3722/1169 2772/3718/1166 2838/3719/1167
f 2769/3723/1170 2843/3669/1138 2826/3671/1140
f 2770/3725/1171 2826/3698/1140 2825/3681/1144
f 2768/3727/1173 2771/3726/1172 2825/3681/1144
f 2792/3728/1174 2780/3732/1178 2781/3729/1175
f 2788/3731/1177 2789/3740/1184 2781/3729/1175
f 2781/3729/1175 2789/3740/1184 2790/3733/1179
f 2790/3735/1179 2791/3738/1182 2783/3736/1181
f 2791/3738/1182 2788/3731/1177 2780/3732/1178
f 2784/3739/1183 2785/3741/1185 2789/3740/1184
f 2785/3741/1185 2786/3745/1186 2790/3733/1179
f 2786/3742/1186 2787/3747/1190 2791/3738/1182
f 2791/3738/1182 2787/3747/1190 2784/3739/1183
f 2776/3743/1187 2777/3744/1188 2785/3741/1185
f 2777/3744/1188 2778/3766/1189 2786/3745/1186
f 2778/3746/1189 2779/3767/1205 2787/3747/1190
f 2787/3747/1190 2779/3767/1205 2776/3743/1187
f 2804/3748/1191 2805/3758/1199 2797/3749/1192
f 2797/3749/1192 2805/3758/1199 2806/3751/1194
f 2806/3753/1194 2807/3756/1197 2799/3754/1196
f 2807/3756/1197 2804/3748/1191 2796/3750/1193
f 2800/3757/1198 2801/3759/1200 2805/3758/1199
f 2801/3759/1200 2802/3762/1201 2806/3751/1194
f 2802/3760/1201 2803/3761/1202 2807/3756/1197
f 2803/3761/1202 2800/3757/1198 2804/3748/1191
f 2792/3728/1174 2793/3730/1176 2801/3759/1200
f 2793/3730/1176 2794/3764/1203 2802/3762/1201
f 2794/3763/1203 2795/3765/1204 2803/3761/1202
f 2803/3761/1202 2795/3765/1204 2792/3728/1174
f 2793/3730/1176 2781/3729/1175 2782/3734/1180
f 2794/3763/1203 2782/3737/1180 2783/3736/1181
f 2795/3765/1204 2783/3736/1181 2780/3732/1178
f 2776/3743/1187 2768/3727/1173 2769/3723/1170
f 2778/3766/1189 2777/3744/1188 2769/3723/1170
f 2778/3746/1189 2770/3725/1171 2771/3726/1172
f 2779/3767/1205 2771/3726/1172 2768/3727/1173
f 2772/3718/1166 2796/3750/1193 2797/3749/1192
f 2773/3768/1206 2797/3749/1192 2798/3752/1195
f 2775/3722/1169 2774/3721/1168 2798/3755/1195
f 2772/3718/1166 2775/3722/1169 2799/3754/1196
f 2844/3769/439 2833/3771/439 2809/3770/439
f 2833/3771/1207 2823/5529/2371 2810/3677/1208
f 2810/3677/1209 2823/5529/2372 2826/3772/1210
f 2811/3678/1212 2826/3772/2373 2844/3769/1213
f 2812/3673/1214 2822/3700/2374 2829/3702/1215
f 2829/3702/1058 2831/5530/1058 2814/3674/1058
f 2814/3674/1216 2831/5530/2375 2837/3774/1217
f 2815/3675/1219 2837/3774/2376 2822/3700/1220
f 2766/3697/439 2818/5527/439 2755/3659/439
f 2756/3661/1136 2757/3561/1049 2827/3686/1135
f 2819/3705/409 2754/3662/409 2756/3661/1136
f 2766/3697/414 2752/3775/414 2753/3579/414
f 2764/3694/439 2816/5526/439 2760/3663/439
f 2758/3666/1136 2762/3564/1049 2834/3688/1049
f 2817/3777/1159 2759/3668/409 2758/3666/1136
f 2764/3694/414 2761/3776/414 2763/3574/414
f 2768/3727/1173 2842/3672/1141 2843/3669/1138
f 2861/3778/1222 2856/5531/2377 2851/3779/1223
f 2854/3781/1225 2860/5532/1226 2852/3782/1226
f 2855/3784/1227 2854/3781/1225 2850/3783/1225
f 2864/3786/1228 2862/3802/1229 2846/3787/1229
f 2852/3782/1226 2860/5532/1226 2861/3778/1222
f 2861/3789/1231 2859/3795/1237 2857/3790/1232
f 2854/3792/1234 2855/3798/1240 2858/3793/1235
f 2860/3794/1236 2858/3793/1235 2859/3795/1237
f 2864/3796/1238 2865/3799/1241 2859/3795/1237
f 2862/3797/1239 2864/3796/1238 2858/3793/1235
f 2865/3799/1241 2863/5533/2378 2857/3790/1232
f 2865/3800/1242 2864/3786/1228 2848/3788/1230
f 2862/3802/1229 2855/3784/1227 2845/3785/1227
f 2847/3803/1244 2863/3919/1369 2865/3800/1242
f 2852/3804/1245 2853/3816/1257 2874/3805/1246
f 2849/3807/1248 2848/3815/1256 2869/3808/1249
f 2846/3810/1251 2845/3820/1261 2866/3811/1252
f 2850/3813/1254 2852/3804/1245 2873/3806/1247
f 2848/3815/1256 2846/3810/1251 2867/3812/1253
f 2853/3816/1257 2851/5534/1258 2872/3817/1258
f 2847/3818/1259 2849/3807/1248 2870/3809/1250
f 2845/3820/1261 2850/3813/1254 2871/3814/1255
f 2900/3821/1262 2884/3834/1277 2885/3822/1263
f 2869/3808/1265 2898/3823/1264 2918/3824/1266
f 2902/3825/1268 2901/3831/1274 2886/3826/1269
f 2903/3828/1271 2902/3825/1268 2887/3827/1270
f 2899/3830/1273 2888/5535/2379 2886/3826/1269
f 2904/3832/1275 2903/3828/1271 2882/3829/1272
f 2900/3821/1262 2904/3832/1275 2883/3833/1276
f 2875/3835/1278 2883/3839/1278 2882/3836/1279
f 2876/3838/1280 2884/3844/1280 2883/3839/1278
f 2912/3840/1281 2923/3887/1337 2916/3841/1282
f 2877/3843/1284 2885/3879/1322 2884/3844/1280
f 2898/3823/1264 2885/3822/1263 2915/3845/1285
f 2880/3846/1286 2887/3849/1286 2886/3847/1287
f 2880/3846/1286 2878/3837/1279 2882/3836/1279
f 2881/3848/1287 2886/3847/1287 2888/3850/1288
f 2906/3852/1289 2905/3866/1303 2995/3853/1290
f 2907/3855/1292 2906/3852/1289 2996/3854/1291
f 2921/3857/1294 2907/3855/1292 2998/3856/1293
f 2908/3859/1296 3000/3865/1302 3001/3860/1297
f 2910/3862/1299 2909/3861/1298 3001/3860/1297
f 2911/3864/1301 3002/4003/2380 3000/3865/1302
f 2910/3862/1299 2994/3863/1300 2995/3853/1290
f 2866/3811/1304 2904/3832/1275 2900/3821/1262
f 2871/3814/1306 2903/3828/1271 2904/3832/1275
f 2874/3805/1307 2872/3817/1223 2899/3830/1273
f 2873/3806/1308 2902/3825/1268 2903/3828/1271
f 2873/3806/1308 2874/3805/1307 2901/3831/1274
f 2925/3867/1309 2921/3857/1294 2997/3858/1295
f 2869/3808/1265 2867/3812/1305 2900/3821/1262
f 2920/3869/1311 2917/3888/1344 2922/3870/1312
f 2875/3872/1314 2878/3874/1316 2910/3862/1299
f 2881/3873/1315 2879/3981/1431 2911/3864/1301
f 2878/3874/1316 2880/3875/1317 2909/3861/1298
f 2881/3873/1315 2908/3859/1296 2909/3861/1298
f 2870/3809/1267 2918/3824/1266 2919/3876/1318
f 2877/3877/1320 2876/3880/1323 2906/3852/1289
f 2913/3878/1321 2915/5536/2381 2885/3879/1322
f 2876/3880/1323 2875/3872/1314 2905/3866/1303
f 2912/3840/1330 2914/3842/1335 2915/3885/1331
f 2923/3887/1333 2912/3840/1330 2913/3886/1332
f 2916/3841/1324 2918/3882/1326 2915/3885/1331
f 2926/3881/1336 2916/3841/1282 2923/3887/1337
f 2917/3888/1339 2920/3869/1452 2919/3889/1340
f 2925/3890/1342 2924/3871/2382 2922/3870/1328
f 2913/3891/1343 2877/3877/1320 2907/3855/1292
f 2917/3888/1344 2926/3881/1336 2927/3884/1338
f 2969/3892/1347 2963/4005/1348 3019/3893/1348
f 2851/3895/1223 2856/5537/2377 2940/3896/1349
f 2932/3898/1351 2933/3906/1357 2939/3899/1352
f 2932/3898/1351 2935/3900/1351 2936/3901/1353
f 2929/3903/1354 2941/3918/1354 2942/3904/1355
f 2933/3906/1357 2934/3897/1350 2940/3896/1349
f 2940/3907/1358 2856/3791/1233 2857/3790/1232
f 2935/3909/1360 2939/3912/1363 2937/3910/1361
f 2939/3912/1363 2940/3907/1358 2938/3908/1359
f 2938/3908/1359 2943/3915/1366 2942/3913/1364
f 2937/3910/1361 2942/3913/1364 2941/3914/1365
f 2857/3790/1232 2863/5533/2378 2943/3915/1366
f 2930/3905/1356 2942/3904/1355 2943/3916/1367
f 2928/3902/1353 2936/3901/1353 2941/3918/1354
f 2847/3803/1244 2931/3917/1368 2943/3916/1367
f 2933/3920/1370 2949/3930/1380 2950/3921/1371
f 2931/3923/1373 2947/3934/1382 2946/3924/1374
f 2929/3926/1376 2945/3931/1381 2944/3927/1377
f 2932/3929/1379 2948/3935/1383 2949/3930/1380
f 2930/3925/1375 2946/3924/1374 2945/3931/1381
f 2934/3922/1372 2950/3921/1371 2872/3932/1258
f 2847/3818/1259 2868/3819/1260 2947/3934/1382
f 2928/3928/1378 2944/3927/1377 2948/3935/1383
f 2960/3936/1384 2959/5538/2383 2971/3937/1385
f 2988/3939/1387 2970/3938/1386 2946/3924/1388
f 2973/3940/1390 2962/3944/1394 2961/3941/1391
f 2974/3943/1393 2957/3947/1396 2962/3944/1394
f 2961/3941/1391 2888/5539/2379 2899/3945/1273
f 2975/3946/1395 2958/3948/1397 2957/3947/1396
f 2971/3937/1385 2959/5538/2383 2958/3948/1397
f 2957/3949/1398 2958/3952/1399 2951/3950/1399
f 2958/3952/1399 2959/3957/1400 2952/3953/1400
f 2986/3954/1401 2991/3992/1448 2982/3955/1402
f 2959/3957/1400 2960/3985/1435 2953/3958/1404
f 2985/3959/1405 2960/3936/1384 2970/3938/1386
f 2961/3960/1406 2962/5540/1407 2955/3961/1407
f 2955/3961/1407 2962/5540/1407 2957/3949/1398
f 2888/3850/1288 2961/3960/1406 2956/3962/1406
f 2977/3963/1408 3005/3967/1412 3004/3964/1409
f 2978/3966/1411 3007/3969/1414 3005/3967/1412
f 2989/3968/1413 3006/3975/1425 3007/3969/1414
f 3009/3970/1415 3008/3974/1419 2979/3971/1416
f 2981/3973/1418 3003/4012/2384 3009/3970/1415
f 3008/3974/1419 3002/4003/2380 2911/3864/1301
f 3004/3964/1409 3003/4012/2384 2981/3973/1418
f 2971/3937/1385 2975/3946/1395 2944/3927/1420
f 2975/3946/1395 2974/3943/1393 2948/3935/1422
f 2950/3921/1423 2972/3942/1392 2899/3945/1273
f 2974/3943/1393 2973/3940/1390 2949/3930/1424
f 2949/3930/1424 2973/3940/1390 2972/3942/1392
f 2925/3867/1309 2999/3868/1310 3006/3975/1425
f 2946/3924/1388 2970/3938/1386 2971/3937/1385
f 2920/3869/1311 2924/3871/1313 2990/3976/1426
f 2951/3978/1428 2976/3965/1410 2981/3973/1418
f 2956/3980/1430 2979/3971/1416 2911/3864/1301
f 2954/3979/1429 2981/3973/1418 2980/3972/1417
f 2980/3972/1417 2979/3971/1416 2956/3980/1430
f 2919/3876/1318 2988/3939/1387 2947/3934/1389
f 2953/3983/1433 2978/3966/1411 2977/3963/1408
f 2960/3985/1435 2985/5541/2385 2983/3986/1436
f 2977/3963/1408 2976/3965/1410 2951/3978/1428
f 2982/3955/1443 2983/3993/1447 2985/3991/1444
f 2991/3992/1446 2989/3989/1457 2983/3993/1447
f 2985/3991/1444 2988/3987/1438 2986/3954/1437
f 2991/3992/1448 2986/3954/1401 2992/3988/1449
f 2987/3977/1451 2988/3987/1454 2919/3889/1340
f 2990/3976/1442 2924/3871/2382 2925/3890/1342
f 2983/3994/1453 2989/3968/1413 2978/3966/1411
f 2993/3990/1450 2992/3988/1449 2987/3977/1427
f 2896/3995/1458 3018/4024/1458 3012/3996/1459
f 2889/3997/1460 2890/3999/1461 2995/3853/1461
f 2891/3998/1462 2996/3854/1465 2995/3853/1461
f 2892/4000/1463 2997/3858/1466 2998/3856/1464
f 2891/3998/1462 2893/4001/986 2998/3856/1464
f 2892/4000/1463 2894/4010/409 2999/3868/696
f 2895/4002/1460 2896/3995/1468 3001/3860/1467
f 2896/3995/1468 2889/3997/1460 2994/3863/1460
f 2895/4002/1460 3000/3865/1460 3002/4003/409
f 2963/4005/984 3003/4012/984 3004/3964/1469
f 2965/4007/1470 2964/4006/1469 3004/3964/1469
f 2966/4008/1472 2967/4009/1474 3007/3969/985
f 2965/4007/1470 3005/3967/1471 3007/3969/985
f 2966/4008/1472 3006/3975/1473 2999/3868/696
f 2968/4011/984 3008/3974/984 3009/3970/1475
f 2969/3892/1476 3009/3970/1475 3003/4012/984
f 2968/4011/984 2897/4004/696 3002/4003/409
f 3014/4020/2386 3013/4018/1477 3012/3996/1467
f 3012/3996/1467 3018/4024/1477 3017/4017/2387
f 3017/4017/2387 3011/4016/1468 3010/4013/1477
f 3010/4013/1477 3015/4021/2388 3016/4014/1478
f 3016/4014/1478 3014/4020/2386 3012/3996/1467
f 3012/3996/1467 3017/4017/2387 3010/4013/1477
f 3019/3893/698 3020/4019/698 3021/4015/1474
f 3021/4015/1474 3023/4023/2389 3022/4022/2390
f 3022/4022/2390 3010/4013/1477 3011/4016/1468
f 3011/4016/1468 3024/4025/2391 3025/3894/1475
f 3025/3894/1475 3019/3893/698 3021/4015/1474
f 3021/4015/1474 3022/4022/2390 3011/4016/1468
f 2895/4002/1479 2897/4004/433 3011/4016/433
f 2889/3997/1459 3012/3996/1459 3013/4018/177
f 2968/4011/1480 3024/4025/1480 3011/4016/433
f 2963/4005/1348 2964/4006/64 3020/4019/64
f 2891/3998/1481 2890/3999/177 3013/4018/177
f 2965/4007/1483 3021/4015/1489 3020/4019/64
f 2893/4001/1484 3016/4014/1484 3015/4021/1485
f 2967/4009/1487 2966/4008/1490 3022/4022/1488
f 2893/4001/1484 2891/3998/1481 3014/4020/1482
f 2967/4009/1487 3023/4023/1487 3021/4015/1489
f 2892/4000/1486 3015/4021/1485 3010/4013/414
f 2966/4008/1490 2894/4010/414 3010/4013/414
f 2895/4002/1479 3017/4017/1479 3018/4024/1458
f 2968/4011/1480 2969/3892/1347 3025/3894/1347
f 3026/4026/1491 3035/4030/1494 3049/4027/1492
f 3047/4029/433 3054/4065/1516 3035/4030/1494
f 3044/4031/1495 3053/4058/1518 3046/4032/414
f 3027/4033/1496 3038/4043/1505 3050/4034/1497
f 3035/4030/1494 3054/4065/1516 3045/4035/64
f 3028/4036/1498 3039/4037/1499 3049/4027/1492
f 3028/4036/1498 3044/4031/1495 3050/4034/1497
f 3045/4035/64 3053/4058/1518 3044/4031/1495
f 3029/4038/1500 3040/4041/1503 3051/4039/1501
f 3037/4028/1493 3049/4027/1492 3040/4041/1503
f 3036/4042/1504 3050/4034/1497 3038/4043/1505
f 3030/4044/1506 3042/4051/1513 3052/4045/1507
f 3040/4041/1503 3049/4027/1492 3039/4037/1499
f 3031/4046/1508 3043/4047/1509 3051/4039/1501
f 3031/4046/1508 3036/4042/1504 3052/4045/1507
f 3039/4037/1499 3050/4034/1497 3036/4042/1504
f 3041/4040/1502 3051/4039/1501 3069/4048/1510
f 3070/4050/1512 3052/4045/1507 3042/4051/1513
f 3069/4048/1510 3051/4039/1501 3043/4047/1509
f 3043/4047/1509 3052/4045/1507 3070/4050/1512
f 3059/4054/1516 3090/4070/1522 3089/4055/1517
f 3061/4057/64 3064/4059/1518 3053/4058/1518
f 3064/4059/1518 3062/4072/414 3046/4032/414
f 3055/4056/64 3089/4055/1517 3048/4060/1519
f 3058/4061/1518 3048/4060/1519 3091/4062/1520
f 3063/4064/433 3060/4071/1516 3054/4065/1516
f 3333/4066/177 3332/4448/1521 3328/4067/1521
f 3057/4069/433 3034/4450/1829 3090/4070/1522
f 3057/4069/433 3059/4054/1516 3060/4071/1516
f 3064/4059/1518 3058/4061/1518 3056/4063/414
f 3055/4056/64 3058/4061/1518 3064/4059/1518
f 3060/4071/1516 3059/4054/1516 3055/4056/64
f 3065/4073/1523 3075/4079/1529 3079/4074/1524
f 3068/4075/1525 3076/5542/1547 3095/4076/1526
f 3095/4076/1526 3093/4112/1552 3074/4077/1527
f 3065/4073/1523 3074/4077/1527 3080/4078/1528
f 3081/4080/1530 3088/4099/1544 3080/4078/1528
f 3074/4077/1527 3093/4112/1552 3096/4081/1531
f 3094/4082/1532 3076/5542/1547 3068/4075/1525
f 3082/4083/1533 3068/4075/1525 3079/4074/1524
f 3085/4085/1535 3077/4095/1540 3070/4086/1512
f 3069/4088/1510 3078/4097/1542 3086/4089/1536
f 3070/4086/1512 3077/4095/1540 3072/4091/1537
f 3072/4091/1537 3078/4097/1542 3069/4088/1510
f 3087/4084/1534 3079/4074/1524 3073/4093/1538
f 3083/4094/1539 3073/4093/1538 3077/4095/1540
f 3084/4096/1541 3086/4089/1536 3078/4097/1542
f 3071/4098/1543 3080/4078/1528 3088/4099/1544
f 3067/4100/1545 3072/4091/1537 3077/4095/1540
f 3073/4093/1538 3079/4074/1524 3075/4079/1529
f 3075/4079/1529 3080/4078/1528 3071/4098/1543
f 3067/4100/1545 3071/4098/1543 3078/4097/1542
f 3090/4070/1522 3034/4450/1829 3092/4101/439
f 3048/4103/1519 3089/4102/1517 3092/4101/439
f 3101/4105/1546 3097/4108/1548 3095/4106/1526
f 3099/4110/1550 3100/4111/1551 3097/4108/1548
f 3097/4108/1548 3101/4105/1546 3098/4109/1549
f 3095/4106/1526 3097/4108/1548 3100/4111/1551
f 3100/4111/1551 3099/4110/1550 3096/4081/1531
f 3094/4113/1532 3098/4109/1549 3101/4105/1546
f 3105/4114/1553 3109/4180/1608 3114/4115/1554
f 3116/4117/1556 3117/4139/1577 3127/4118/1557
f 3110/4120/1559 3102/4122/1561 3105/4114/1553
f 3107/4121/1560 3105/4114/1553 3102/4122/1561
f 3148/4124/1563 3107/4121/1560 3106/4123/1562
f 3174/4126/1565 3110/4120/1559 3113/4116/1555
f 3126/4128/1567 3128/4143/1581 3123/4129/1568
f 3125/4131/1570 3117/4139/1577 3116/4117/1556
f 3124/4133/1572 3126/4128/1567 3119/4130/1569
f 3115/4134/1573 3119/4130/1569 3121/4135/1574
f 3120/4136/1575 3121/4135/1574 3167/4137/1576
f 3123/4129/1568 3128/4143/1581 3127/4118/1557
f 3177/4140/1578 3179/4142/1580 3126/4128/1567
f 3118/4132/1571 3165/4217/1641 3166/4141/1579
f 3179/4142/1580 3182/4185/1613 3128/4143/1581
f 3106/4144/1582 3102/4147/1583 3115/4145/1583
f 3102/4147/1583 3110/4173/439 3124/4148/439
f 3109/4149/1584 3123/4172/1602 3117/4150/1585
f 3103/4152/1587 3116/4158/1592 3122/4153/1588
f 3112/4155/1590 3111/4151/1586 3117/4150/1585
f 3104/4157/1591 3118/4162/1595 3116/4158/1592
f 3149/4159/1593 3112/4155/1590 3125/4156/1570
f 3147/4161/1594 3165/5543/2392 3118/4162/1595
f 3107/4163/1596 3121/4169/1601 3119/4164/1597
f 3106/4144/1582 3120/4146/1582 3164/4166/1599
f 3107/4163/1596 3148/4240/1658 3167/4168/1600
f 3108/4154/1589 3122/4153/1588 3178/4170/409
f 3109/4149/1584 3105/4165/1598 3119/4164/1597
f 3110/4173/439 3174/4526/439 3177/4174/439
f 3103/4175/1603 3108/4179/1607 3132/4176/1604
f 3175/4178/1606 3184/4188/1616 3132/4176/1604
f 3109/4180/1608 3103/4175/1603 3129/4177/1605
f 3128/4143/1581 3131/4183/1611 3130/4119/1558
f 3130/4119/1558 3131/4183/1611 3122/4182/1610
f 3131/4183/1611 3183/5544/2393 3178/4184/1612
f 3182/4185/1613 3183/5544/2393 3131/4183/1611
f 3176/4127/1566 3113/4116/1555 3114/4115/1554
f 3181/4186/1614 3114/4115/1554 3129/4177/1605
f 3180/4187/1615 3129/4177/1605 3132/4176/1604
f 3145/4189/1617 3140/4253/1667 3136/4190/1618
f 3151/4192/1620 3171/4254/1668 3162/4193/1621
f 3141/4195/1623 3144/4191/1619 3136/4190/1618
f 3133/4196/1624 3136/4190/1618 3138/4197/1625
f 3137/4198/1626 3138/4197/1625 3148/4199/1563
f 3185/4201/1578 3187/4261/1675 3144/4191/1619
f 3168/4202/1627 3169/4245/1659 3134/4203/1628
f 3161/4205/1630 3154/4211/1636 3158/4206/1631
f 3151/4192/1620 3152/4194/1622 3160/4208/1633
f 3159/4210/1635 3150/4213/1638 3154/4211/1636
f 3156/4212/1637 3154/4211/1636 3150/4213/1638
f 3167/4137/1576 3156/4212/1637 3155/4214/1639
f 3162/4193/1621 3163/4207/1632 3158/4206/1631
f 3188/4215/1565 3159/4210/1635 3161/4205/1630
f 3153/4209/1634 3160/4208/1633 3166/4141/1579
f 3190/4216/1640 3161/4205/1630 3163/4207/1632
f 3137/4219/1643 3155/4238/1582 3150/4220/1583
f 3133/4221/1644 3150/4220/1583 3159/4222/439
f 3152/4224/1645 3158/5545/2394 3140/4225/1646
f 3157/4227/1648 3151/4231/1651 3134/4228/1649
f 3143/4230/1650 3160/4233/1633 3152/4224/1645
f 3151/4231/1651 3153/4234/1653 3135/4232/1652
f 3149/4159/1593 3166/4160/1579 3160/4233/1633
f 3153/4234/1653 3165/5543/2392 3147/4161/1594
f 3154/4235/1654 3156/4239/1657 3138/4236/1655
f 3146/4167/1599 3164/4166/1599 3155/4238/1582
f 3156/4239/1657 3167/4168/1600 3148/4240/1658
f 3189/4241/409 3157/4227/1648 3139/4229/1589
f 3140/4225/1646 3158/5545/2394 3154/4235/1654
f 3141/4223/439 3159/4222/439 3188/4243/1232
f 3139/4247/1661 3134/4203/1628 3169/4245/1659
f 3169/4245/1659 3170/4252/1666 3173/4246/1660
f 3173/4246/1660 3195/4596/1954 3186/4248/1662
f 3149/4249/1663 3143/4260/1674 3135/4250/1664
f 3169/4245/1659 3168/4202/1627 3145/4189/1617
f 3140/4253/1667 3145/4189/1617 3168/4202/1627
f 3163/4207/1632 3162/4193/1621 3171/4254/1668
f 3157/4256/1670 3172/4255/1669 3171/4254/1668
f 3189/4257/1671 3194/5546/2395 3172/4255/1669
f 3172/4255/1669 3194/5546/2395 3193/4218/1642
f 3104/4258/1672 3103/4175/1603 3111/4181/1609
f 3104/4258/1672 3112/4259/1673 3149/4249/1663
f 3143/4260/1674 3142/4204/1629 3134/4203/1628
f 3145/4189/1617 3144/4191/1619 3187/4261/1675
f 3170/4252/1666 3145/4189/1617 3192/4262/1676
f 3191/4263/1677 3195/4596/1954 3173/4246/1660
f 3266/4264/1678 3224/4380/2396 3233/4265/1679
f 3241/4267/1681 3234/4348/1787 3263/4268/1682
f 3202/4270/1684 3197/4394/1702 3288/4271/1685
f 3282/4273/1687 3201/4408/1806 3196/4274/1688
f 3312/4276/1690 3284/4295/1709 3274/4277/1691
f 3223/4279/1693 3275/4382/1790 3281/4280/1694
f 3271/4282/1696 3200/4410/1807 3289/4283/1697
f 3219/4285/1699 3264/4320/1726 3281/4286/1700
f 3197/4288/1702 3202/4307/1684 3207/4289/1703
f 3270/4291/1705 3204/4290/1704 3205/4292/1706
f 3311/4294/1708 3282/4407/1687 3284/4295/1709
f 3267/4296/1710 3240/4379/1793 3239/4297/1711
f 3282/4273/1687 3199/4275/1689 3283/4299/1713
f 3216/4301/1714 3214/4317/1718 3220/4302/1715
f 3204/4290/1704 3207/4289/1703 3203/4304/1717
f 3216/4305/1714 3203/4304/1717 3207/4289/1703
f 3214/4306/1718 3207/4289/1703 3202/4307/1684
f 3215/4309/1720 3210/4324/1730 3203/4304/1717
f 3211/4310/1719 3202/4270/1684 3291/4272/1686
f 3222/4303/1716 3221/4326/1732 3215/4312/1720
f 3273/4287/1701 3272/5547/1803 3213/4313/1722
f 3295/4314/1723 3217/4388/1724 3211/4315/1719
f 3214/4317/1718 3211/5548/1719 3217/4318/1724
f 3218/4319/1725 3263/4327/1733 3264/4320/1726
f 3269/4322/1728 3222/4303/1716 3220/4302/1715
f 3220/4302/1715 3265/5549/2397 3267/4321/1727
f 3209/4325/1731 3285/4412/1808 3286/4323/1729
f 3286/4323/1729 3206/4413/1809 3210/4324/1730
f 3221/4326/1732 3268/4384/1786 3263/4327/1733
f 3212/4328/1734 3215/4312/1720 3221/4326/1732
f 3232/4329/1735 3243/4333/1739 3244/4330/1736
f 3232/4329/1735 3248/4355/1763 3242/4332/1738
f 3303/4334/1740 3299/4662/2013 3226/4335/1741
f 3245/4337/1743 3225/4342/1748 3277/4338/1744
f 3227/4340/1746 3228/4345/1751 3230/4341/1747
f 3228/4345/1751 3229/4346/1752 3301/4343/1749
f 3301/4343/1749 3300/4401/1802 3276/4344/1750
f 3276/4344/1750 3230/4341/1747 3228/4345/1751
f 3227/4340/1746 3226/4335/1741 3229/4346/1752
f 3226/4335/1741 3299/4662/2013 3301/4343/1749
f 3277/4338/1744 3225/4342/1748 3230/4341/1747
f 3257/4347/1753 3259/4383/1785 3223/4279/1754
f 3226/4335/1741 3235/4350/1757 3238/4349/1756
f 3227/4340/1746 3236/4352/1759 3235/4350/1757
f 3227/4340/1746 3225/4342/1748 3237/4351/1758
f 3246/4353/1760 3237/4351/1758 3225/4342/1748
f 3242/4332/1738 3235/4350/1757 3236/4352/1759
f 3257/4347/1753 3234/4348/1755 3241/4267/1761
f 3236/4352/1759 3237/4351/1758 3244/4330/1736
f 3237/4351/1758 3246/4353/1760 3247/4331/1737
f 3248/4355/1763 3238/4349/1756 3235/4350/1757
f 3262/4356/1764 3255/4364/1769 3254/4357/1765
f 3252/4358/1766 3238/4362/1756 3248/4359/1763
f 3249/4361/1768 3231/4366/1742 3238/4362/1756
f 3232/4363/1735 3247/4376/1737 3254/4357/1765
f 3253/4360/1767 3248/4359/1763 3232/4363/1735
f 3305/4365/1770 3303/4691/1740 3231/4366/1742
f 3278/4367/1771 3251/4371/1773 3245/4368/1743
f 3279/4370/1772 3259/4383/1785 3251/4371/1773
f 3307/4372/1774 3305/4365/1770 3249/4361/1768
f 3256/4373/1775 3249/4361/1768 3252/4358/1766
f 3260/4374/1776 3252/4358/1766 3253/4360/1767
f 3247/4376/1737 3246/4378/1760 3250/4377/1778
f 3246/4378/1760 3245/4368/1743 3251/4371/1773
f 3261/4354/1762 3241/4267/1761 3239/4297/1779
f 3262/4356/1764 3239/4297/1779 3240/4379/1780
f 3255/4364/1769 3262/4356/1764 3258/4375/1777
f 3250/4377/1778 3257/4347/1753 3261/4354/1762
f 3233/4265/1781 3260/4374/1776 3258/4375/1777
f 3224/4380/1782 3256/4373/1775 3260/4374/1776
f 3296/4381/1783 3307/4372/1774 3256/4373/1775
f 3223/4279/1754 3259/4383/1785 3279/4370/1772
f 3250/4377/1778 3251/4371/1773 3259/4383/1785
f 3222/4303/1716 3269/4322/1728 3268/4384/1786
f 3223/4279/1693 3264/4281/1695 3263/4268/1682
f 3296/4381/1788 3224/4380/2396 3266/4264/1678
f 3275/4382/1790 3297/4396/2398 3308/4386/1791
f 3239/4297/1711 3241/4267/1681 3268/4269/1683
f 3266/4387/1792 3265/5549/2397 3220/4302/1715
f 3240/4379/1793 3267/4296/1710 3265/4266/1680
f 3217/4388/1724 3295/4314/1723 3309/4389/1794
f 3273/4391/1701 3281/5550/1700 3308/4392/1795
f 3218/4319/1725 3219/4285/1699 3213/4313/1722
f 3197/4394/1702 3271/4282/1696 3310/4284/1698
f 3197/4288/1702 3204/4290/1704 3270/4291/1705
f 3297/4396/1797 3275/4382/1784 3279/4370/1772
f 3306/4397/1798 3279/4370/1772 3278/4367/1771
f 3304/4398/1799 3278/4367/1771 3280/4369/1745
f 3298/4400/1801 3277/4338/1744 3276/4344/1750
f 3280/4339/1745 3277/4338/1744 3298/4400/1801
f 3294/4393/1796 3292/4712/1810 3272/4403/1803
f 3212/4404/1734 3213/4414/1722 3208/4405/1804
f 3287/4406/1805 3201/5551/1806 3282/4407/1687
f 3201/4408/1806 3200/4409/1807 3198/4293/1707
f 3200/4409/1807 3271/4395/1696 3270/4291/1705
f 3200/4410/1807 3201/5551/1806 3287/4406/1805
f 3205/4292/1706 3206/4413/1809 3196/4274/1688
f 3284/4300/1709 3283/4299/1713 3208/4405/1804
f 3285/4412/1808 3209/4325/1731 3208/4405/1804
f 3283/4299/1713 3199/4275/1689 3286/4323/1729
f 3286/4323/1729 3199/4275/1689 3196/4274/1688
f 3205/4292/1706 3203/4304/1717 3210/4324/1730
f 3215/4309/1720 3212/4404/1734 3209/4325/1731
f 3274/4411/1691 3208/4405/1804 3213/4414/1722
f 3290/4278/1692 3274/4277/1691 3272/4416/1803
f 3026/4026/1491 3037/4028/1493 3323/4418/1811
f 3315/4419/1812 3328/4067/1521 3047/4029/433
f 3046/4420/414 3327/4443/1827 3320/4421/1813
f 3027/4422/1496 3320/4421/1813 3324/4423/1814
f 3321/4068/177 3328/4067/1521 3315/4419/1812
f 3313/4425/1815 3315/4419/1812 3323/4418/1811
f 3313/4425/1815 3317/4426/1816 3324/4423/1814
f 3320/4421/1813 3327/4443/1827 3321/4068/177
f 3029/4038/1500 3041/4040/1502 3325/4427/1817
f 3318/4428/1818 3323/4418/1811 3037/4028/1493
f 3038/4424/1505 3324/4423/1814 3316/4429/1819
f 3030/4430/1506 3316/4429/1819 3326/4431/1820
f 3317/4426/1816 3323/4418/1811 3318/4428/1818
f 3314/4433/1821 3318/4428/1818 3325/4427/1817
f 3314/4433/1821 3319/4434/1822 3326/4431/1820
f 3316/4429/1819 3324/4423/1814 3317/4426/1816
f 3339/4435/1823 3325/4427/1817 3041/4040/1502
f 3042/4432/1513 3326/4431/1820 3340/4436/1824
f 3319/4434/1822 3325/4427/1817 3339/4435/1823
f 3340/4436/1824 3326/4431/1820 3319/4434/1822
f 3351/4439/1826 3352/4449/1828 3331/4440/1521
f 3334/4442/1827 3333/4066/177 3321/4068/177
f 3062/4444/414 3334/4442/1827 3327/4443/1827
f 3330/4445/1827 3322/5552/1843 3351/4439/1826
f 3091/4446/1520 3322/5552/1843 3330/4445/1827
f 3063/4064/433 3047/4029/433 3328/4067/1521
f 3057/4069/433 3331/4440/1521 3352/4449/1828
f 3332/4448/1521 3331/4440/1521 3057/4069/433
f 3056/4447/414 3330/4445/1827 3334/4442/1827
f 3334/4442/1827 3330/4445/1827 3329/4441/177
f 3329/4441/177 3331/4440/1521 3332/4448/1521
f 3335/4451/1830 3338/4455/1834 3349/4452/1831
f 3354/4454/1833 3346/5553/1845 3338/4455/1834
f 3344/4456/1835 3353/4474/1848 3354/4454/1833
f 3335/4451/1830 3345/4453/1832 3350/4457/1836
f 3081/4080/1530 3344/4456/1835 3350/4457/1836
f 3096/4081/1531 3353/4474/1848 3344/4456/1835
f 3338/4455/1834 3346/5553/1845 3094/4082/1532
f 3082/4083/1533 3087/4084/1534 3349/4452/1831
f 3340/4458/1824 3347/4463/1839 3085/4085/1535
f 3086/4089/1536 3348/4464/1840 3339/4459/1823
f 3342/4460/1837 3347/4463/1839 3340/4458/1824
f 3339/4459/1823 3348/4464/1840 3342/4460/1837
f 3343/4462/1838 3349/4452/1831 3087/4084/1534
f 3083/4094/1539 3085/4085/1535 3347/4463/1839
f 3084/4096/1541 3341/4465/1841 3348/4464/1840
f 3088/4099/1544 3350/4457/1836 3341/4465/1841
f 3337/4466/1842 3343/4462/1838 3347/4463/1839
f 3345/4453/1832 3349/4452/1831 3343/4462/1838
f 3341/4465/1841 3350/4457/1836 3345/4453/1832
f 3337/4466/1842 3342/4460/1837 3348/4464/1840
f 3092/4101/439 3034/4450/1829 3352/4449/1828
f 3322/4468/1843 3091/4104/1520 3092/4101/439
f 3354/4469/1833 3355/4472/1846 3357/4470/1844
f 3355/4472/1846 3356/4473/1847 3099/4110/1550
f 3099/4110/1550 3098/4109/1549 3357/4470/1844
f 3354/4469/1833 3353/4474/1848 3356/4473/1847
f 3096/4081/1531 3099/4110/1550 3356/4473/1847
f 3094/4113/1532 3346/4471/1845 3357/4470/1844
f 3370/4475/1849 3365/4530/1897 3361/4476/1850
f 3372/4478/1852 3386/4533/1900 3383/4479/1853
f 3366/4481/1855 3369/4477/1851 3361/4476/1850
f 3358/4482/1856 3361/4476/1850 3363/4483/1857
f 3362/4484/1858 3363/4483/1857 3404/4485/1859
f 3174/4126/1565 3176/4127/1566 3369/4477/1851
f 3382/4487/1861 3375/4493/1867 3379/4488/1862
f 3372/4478/1852 3373/4480/1854 3381/4490/1864
f 3380/4492/1866 3371/4495/1869 3375/4493/1867
f 3377/4494/1868 3375/4493/1867 3371/4495/1869
f 3423/4497/1871 3377/4494/1868 3376/4496/1870
f 3383/4479/1853 3384/4489/1863 3379/4488/1862
f 3177/4140/1578 3380/4492/1866 3382/4487/1861
f 3374/4491/1865 3381/4490/1864 3422/4499/1872
f 3179/4142/1580 3382/4487/1861 3384/4489/1863
f 3362/4501/1874 3376/5554/1874 3371/4502/1875
f 3358/4503/1875 3371/4502/1875 3380/4504/439
f 3373/4506/1876 3379/5555/2399 3365/4507/1877
f 3378/4509/1879 3372/4513/1883 3359/4510/1880
f 3368/4512/1882 3381/4516/1864 3373/4506/1876
f 3372/4513/1883 3374/4517/1886 3360/4514/1884
f 3405/4515/1885 3422/4577/1872 3381/4516/1864
f 3374/4517/1886 3421/5556/2400 3403/4518/1887
f 3375/4519/1888 3377/5557/2401 3363/4520/1889
f 3420/4522/1891 3376/5554/1874 3362/4501/1874
f 3363/4520/1889 3377/5557/2401 3423/4524/1892
f 3178/4170/409 3378/4509/1879 3364/4511/1881
f 3365/4507/1877 3379/5555/2399 3375/4519/1888
f 3366/4505/439 3380/4504/439 3177/4174/439
f 3359/4527/1894 3385/4532/1899 3388/4528/1895
f 3388/4528/1895 3184/4188/1616 3175/4178/1606
f 3385/4532/1899 3359/4527/1894 3365/4530/1897
f 3384/4489/1863 3383/4479/1853 3386/4533/1900
f 3378/4535/1902 3387/4534/1901 3386/4533/1900
f 3178/4184/1612 3183/5544/2393 3387/4534/1901
f 3387/4534/1901 3183/5544/2393 3182/4185/1613
f 3370/4475/1849 3369/4477/1851 3176/4127/1566
f 3385/4532/1899 3370/4475/1849 3181/4186/1614
f 3180/4187/1615 3184/4188/1616 3388/4528/1895
f 3392/4536/1903 3396/4591/1949 3401/4537/1904
f 3407/4539/1906 3408/4560/1925 3418/4540/1907
f 3397/4542/1909 3389/4544/1911 3392/4536/1903
f 3394/4543/1910 3392/4536/1903 3389/4544/1911
f 3404/4546/1859 3394/4543/1910 3393/4545/1912
f 3185/4201/1578 3397/4542/1909 3400/4538/1905
f 3424/4548/1913 3398/5558/2402 3390/4549/1914
f 3417/4551/1916 3419/4561/1926 3414/4552/1917
f 3416/4554/1919 3408/4560/1925 3407/4539/1906
f 3415/4556/1921 3417/4551/1916 3410/4553/1918
f 3406/4557/1922 3410/4553/1918 3412/4558/1923
f 3411/4559/1924 3412/4558/1923 3423/4497/1871
f 3414/4552/1917 3419/4561/1926 3418/4540/1907
f 3188/4215/1565 3190/4216/1640 3417/4551/1916
f 3409/4555/1920 3421/4500/1873 3422/4499/1872
f 3190/4216/1640 3193/4218/1642 3419/4561/1926
f 3393/4562/1927 3389/4565/1928 3406/4563/1875
f 3389/4565/1928 3397/4584/439 3415/4566/439
f 3396/4567/1929 3414/4583/1942 3408/4568/1930
f 3390/4570/1932 3407/4576/1936 3413/4571/1933
f 3399/4573/1934 3398/4569/1931 3408/4568/1930
f 3391/4575/1935 3409/4578/1937 3407/4576/1936
f 3405/4515/1885 3399/4573/1934 3416/4574/1919
f 3403/4518/1887 3421/5556/2400 3409/4578/1937
f 3394/4579/1938 3412/4582/1941 3410/4580/1939
f 3402/4523/1891 3393/4562/1927 3411/4564/1874
f 3404/4525/1893 3423/4524/1892 3412/4582/1941
f 3395/4572/1881 3413/4571/1933 3189/4241/409
f 3396/4567/1929 3392/4581/1940 3410/4580/1939
f 3397/4584/439 3185/4244/1232 3188/4243/1232
f 3425/4550/1915 3390/4549/1914 3395/4585/1943
f 3395/4585/1943 3429/4587/1945 3426/4586/1944
f 3186/4248/1662 3195/4596/1954 3429/4587/1945
f 3405/4588/1946 3403/4595/1953 3391/4589/1947
f 3425/4550/1915 3426/4586/1944 3401/4537/1904
f 3396/4591/1949 3398/5558/2402 3424/4548/1913
f 3419/4561/1926 3428/4593/1951 3427/4541/1908
f 3427/4541/1908 3428/4593/1951 3413/4592/1950
f 3428/4593/1951 3194/5546/2395 3189/4257/1671
f 3193/4218/1642 3194/5546/2395 3428/4593/1951
f 3360/4594/1952 3368/5559/2403 3367/4531/1898
f 3405/4588/1946 3368/5559/2403 3360/4594/1952
f 3390/4549/1914 3398/5558/2402 3399/4590/1948
f 3187/4261/1675 3400/4538/1905 3401/4537/1904
f 3192/4262/1676 3401/4537/1904 3426/4586/1944
f 3191/4263/1677 3426/4586/1944 3429/4587/1945
f 3500/4597/1955 3499/4705/2056 3467/4598/1956
f 3497/4600/1958 3468/4703/2053 3475/4601/1959
f 3288/4271/1685 3431/4709/1974 3436/4603/1961
f 3516/4604/1962 3433/4720/2059 3430/4605/1963
f 3508/4607/1965 3518/4622/1979 3312/4276/1690
f 3515/4608/1966 3509/4702/2054 3457/4609/1967
f 3505/4611/1969 3310/4284/1698 3289/4283/1697
f 3453/4613/1971 3507/4640/1994 3515/4614/1972
f 3431/4616/1974 3438/4632/1988 3441/4617/1975
f 3439/4619/1976 3438/4632/1988 3504/4620/1977
f 3518/4622/1979 3516/4715/1962 3311/4294/1708
f 3501/4623/1980 3503/5560/2404 3473/4624/1981
f 3517/4626/1983 3433/4720/2059 3516/4604/1962
f 3454/4628/1984 3448/4646/1989 3450/4629/1985
f 3437/4631/1987 3441/4617/1975 3438/4632/1988
f 3450/4633/1985 3448/4634/1989 3441/4617/1975
f 3448/4634/1989 3445/5561/1992 3436/4618/1961
f 3449/4635/1990 3450/4633/1985 3437/4631/1987
f 3445/4637/1992 3293/4311/1721 3291/4272/1686
f 3456/4630/1986 3450/4629/1985 3449/4638/1990
f 3507/4640/1994 3453/4613/1971 3447/4641/1995
f 3295/4314/1723 3293/4316/1721 3445/4643/1992
f 3451/4645/1997 3445/5562/1992 3448/4646/1989
f 3452/4647/1998 3453/4613/1971 3498/4615/1973
f 3454/4628/1984 3456/4630/1986 3503/4649/2000
f 3501/4650/2001 3499/5563/2405 3454/4628/1984
f 3520/4653/2004 3519/4719/2058 3443/4651/2002
f 3443/4651/2002 3444/4636/1991 3440/4652/2003
f 3455/4639/1993 3452/4647/1998 3497/4648/1999
f 3446/4655/2006 3452/4647/1998 3455/4639/1993
f 3466/4656/2007 3481/4680/2033 3478/4657/2008
f 3466/4656/2007 3477/4658/2009 3476/4659/2010
f 3303/4334/1740 3465/5564/2040 3460/4661/2012
f 3511/4663/2014 3459/4668/2019 3479/4664/2015
f 3464/4666/2017 3462/4669/2020 3461/4667/2018
f 3301/4343/1749 3463/4671/2022 3462/4669/2020
f 3462/4669/2020 3464/4666/2017 3510/4670/2021
f 3510/4670/2021 3300/4401/1802 3301/4343/1749
f 3461/4667/2018 3462/4669/2020 3463/4671/2022
f 3460/4661/2012 3463/4671/2022 3301/4343/1749
f 3511/4663/2014 3510/4670/2021 3464/4666/2017
f 3491/4672/2023 3468/4703/2406 3457/4609/2024
f 3460/4661/2012 3465/5564/2040 3472/4674/2026
f 3461/4667/2018 3460/4661/2012 3469/4675/2027
f 3471/4677/2029 3459/4668/2019 3461/4667/2018
f 3459/4668/2019 3471/4677/2029 3480/4678/2030
f 3476/4659/2010 3477/4658/2009 3470/4676/2028
f 3475/4601/2031 3468/4703/2406 3491/4672/2023
f 3478/4657/2008 3471/4677/2029 3470/4676/2028
f 3481/4680/2033 3480/4678/2030 3471/4677/2029
f 3482/4660/2011 3476/4659/2010 3469/4675/2027
f 3496/4681/2034 3495/4679/2032 3488/4682/2035
f 3482/4684/2011 3472/4687/2026 3486/4685/2037
f 3472/4687/2026 3465/4690/2040 3483/4688/2039
f 3488/4682/2035 3481/4699/2033 3466/4689/2007
f 3466/4689/2007 3482/4684/2011 3487/4686/2038
f 3305/4365/1770 3483/4688/2039 3465/4690/2040
f 3512/4692/2041 3514/4710/2016 3479/4693/2015
f 3513/4695/2043 3512/4692/2041 3485/4694/2042
f 3307/4372/1774 3490/4696/2044 3483/4688/2039
f 3486/4685/2037 3483/4688/2039 3490/4696/2044
f 3487/4686/2038 3486/4685/2037 3494/4697/2045
f 3481/4699/2033 3488/4682/2035 3484/4700/2047
f 3480/4701/2030 3484/4700/2047 3485/4694/2042
f 3473/4624/2048 3475/4601/2031 3495/4679/2032
f 3474/4625/2049 3473/4624/2048 3496/4681/2034
f 3492/4698/2046 3496/4681/2034 3489/4683/2036
f 3484/4700/2047 3488/4682/2035 3495/4679/2032
f 3492/4698/2046 3494/4697/2045 3467/4598/2050
f 3494/4697/2045 3490/4696/2044 3458/4599/2051
f 3296/4381/1783 3458/4599/2051 3490/4696/2044
f 3513/4695/2043 3493/4673/2025 3457/4609/2024
f 3484/4700/2047 3491/4672/2023 3493/4673/2025
f 3456/4630/1986 3455/4639/1993 3502/4654/2005
f 3497/4600/1958 3498/4610/1968 3457/4609/1967
f 3296/4381/1788 3309/4385/1789 3500/4597/1955
f 3308/4386/1791 3297/4396/2398 3509/4702/2054
f 3473/4624/1981 3503/5560/2404 3502/4602/1960
f 3454/4628/1984 3499/5563/2405 3500/4704/2055
f 3499/4705/2056 3501/4623/1980 3474/4625/1982
f 3309/4389/1794 3295/4314/1723 3451/4644/1997
f 3507/4707/1994 3294/4393/1796 3308/4392/1795
f 3447/4641/1995 3453/4613/1971 3452/4647/1998
f 3431/4709/1974 3288/4271/1685 3310/4284/1698
f 3431/4616/1974 3505/5565/1969 3504/4620/1977
f 3297/4396/1797 3306/4397/1798 3513/4695/2043
f 3306/4397/1798 3304/4398/1799 3512/4692/2041
f 3304/4398/1799 3302/4399/1800 3514/4710/2016
f 3298/4400/1801 3300/4401/1802 3510/4670/2021
f 3298/4400/1801 3511/4663/2014 3514/4665/2016
f 3294/4393/1796 3507/4707/1994 3506/4711/1996
f 3442/4713/2057 3447/4721/1995 3446/4714/2006
f 3516/4715/1962 3435/4717/1964 3287/4406/1805
f 3435/4606/1964 3430/4605/1963 3432/4621/1978
f 3504/4620/1977 3505/5565/1969 3434/4716/1970
f 3434/4612/1970 3289/4283/1697 3287/4406/1805
f 3439/4619/1976 3432/4621/1978 3430/4605/1963
f 3442/4713/2057 3517/4626/1983 3518/4627/1979
f 3442/4713/2057 3443/4651/2002 3519/4719/2058
f 3517/4626/1983 3519/4719/2058 3520/4653/2004
f 3430/4605/1963 3433/4720/2059 3520/4653/2004
f 3439/4619/1976 3440/4652/2003 3444/4636/1991
f 3443/4651/2002 3446/4714/2006 3449/4635/1990
f 3447/4721/1995 3442/4713/2057 3508/4718/1965
f 3506/4723/1996 3508/4607/1965 3290/4278/1692
f 3586/4724/2060 3532/5566/2407 3523/4725/2061
f 3526/4727/2063 3533/5567/2408 3591/4728/2064
f 3566/4730/439 3525/4738/439 3524/4731/439
f 3573/4733/2066 3536/4814/2117 3521/4734/2067
f 3528/4736/2068 3535/4743/2071 3524/4737/2068
f 3521/4739/2069 3536/4744/2072 3527/4740/2069
f 3530/4742/2070 3534/4841/2144 3535/4743/2071
f 3536/4744/2072 3531/4843/2146 3529/4745/2073
f 3523/4725/2074 3532/5568/2074 3571/4746/2074
f 3604/4748/2075 3585/4840/2142 3531/4749/2076
f 3601/4751/2078 3576/4789/2106 3529/4745/2079
f 3605/4753/2081 3539/4818/2082 3542/4754/2082
f 3579/4756/439 3538/4761/439 3537/4757/439
f 3540/4759/64 3544/4763/64 3537/4760/64
f 3541/4762/2084 3543/4854/2159 3544/4763/64
f 3609/4764/2085 3548/5569/2409 3581/4765/2086
f 3550/4767/2088 3549/5570/2410 3582/4768/2089
f 3577/4770/2091 3580/4822/2091 3547/4771/433
f 3564/4773/2092 3528/4736/2092 3525/4738/2092
f 3565/4774/2093 3530/4742/2411 3528/4736/2092
f 3548/4775/2094 3547/5571/2412 3580/4776/2095
f 3535/4778/2097 3534/5572/2413 3567/4779/2098
f 3611/4781/2100 3550/4767/2199 3578/4769/2101
f 3584/4783/2103 3551/4786/414 3552/4784/414
f 3579/4756/2103 3545/4826/414 3551/4786/414
f 3573/4733/2066 3556/4804/2113 3555/4787/2104
f 3576/4789/2106 3560/4795/2108 3559/4790/2092
f 3575/4791/2092 3559/4790/2092 3553/4792/2092
f 3599/4794/2107 3565/4774/2093 3560/4795/2108
f 3596/4797/2110 3555/4816/2119 3567/4798/2111
f 3558/4800/2074 3557/4817/2074 3568/4801/2074
f 3561/4803/2067 3562/4780/2099 3556/4804/2113
f 3569/4793/439 3553/4792/439 3554/4806/439
f 3524/4808/2067 3535/4778/2097 3562/4780/2099
f 3563/4802/2074 3568/4801/2074 3533/4809/2074
f 3598/4799/2112 3567/4798/2111 3534/4810/2114
f 3590/4812/2116 3530/4742/2411 3565/4774/2093
f 3562/4780/2099 3567/4779/2098 3555/4787/2104
f 3560/4795/2108 3565/4774/2093 3564/4773/2092
f 3559/4790/2092 3564/4773/2092 3566/4730/2092
f 3553/4792/439 3566/4730/439 3561/4732/439
f 3522/4741/439 3569/4793/439 3572/4807/439
f 3527/4740/2092 3575/4791/2092 3569/4793/2092
f 3529/4745/2079 3576/4789/2106 3575/4791/2092
f 3536/4814/2117 3573/4733/2066 3570/4788/2105
f 3593/4796/2109 3560/4795/2108 3576/4789/2106
f 3596/4797/2110 3604/4748/2075 3570/4750/2077
f 3574/4747/2074 3571/4746/2074 3557/4817/2074
f 3556/4804/2113 3573/4733/2066 3572/4735/2067
f 3538/4761/2103 3579/4756/2103 3584/4783/2103
f 3540/4759/2103 3584/4783/2103 3583/4785/2103
f 3614/4782/2102 3578/4769/2101 3539/4818/2101
f 3581/4777/2096 3580/4776/2095 3544/4819/2121
f 3537/4821/2091 3544/5573/2091 3580/4822/2091
f 3578/4769/2090 3582/4768/2089 3542/4823/2123
f 3616/4766/2087 3581/4765/2086 3543/4824/2125
f 3545/4826/439 3579/4756/439 3577/4758/439
f 3557/4828/2127 3571/4838/2140 3603/4829/2128
f 3595/4830/2129 3603/4829/2128 3604/4748/2075
f 3594/4831/2130 3602/4832/2132 3574/4747/2131
f 3594/4831/2130 3593/4796/2109 3601/4751/2078
f 3526/4727/2131 3589/4729/2134 3600/4833/2133
f 3589/4729/2134 3590/4812/2116 3599/4794/2107
f 3568/4834/2135 3597/4837/2138 3591/4835/2136
f 3597/4837/2138 3598/4799/2112 3592/4811/2115
f 3557/4828/2127 3595/4830/2129 3597/4837/2138
f 3595/4830/2129 3596/4797/2110 3598/4799/2112
f 3600/4833/2133 3594/4831/2130 3558/4800/2131
f 3600/4833/2133 3599/4794/2107 3593/4796/2109
f 3602/4832/2132 3587/4726/2139 3523/4725/2131
f 3602/4832/2132 3601/4751/2078 3588/4752/2080
f 3571/4838/2140 3532/5574/2137 3586/4839/2141
f 3603/4829/2128 3586/4839/2141 3585/4840/2142
f 3590/4812/2143 3592/4842/2145 3534/4841/2144
f 3589/4729/2065 3591/4728/2064 3592/4842/2145
f 3531/4843/2146 3585/4844/2148 3588/4752/2147
f 3585/4844/2148 3586/4724/2060 3587/4726/2062
f 3582/4845/2149 3615/4848/2152 3607/4846/2150
f 3615/4848/2152 3616/4766/2087 3608/4825/2126
f 3583/4785/2103 3613/4850/2154 3606/4849/2153
f 3613/4850/2154 3614/4782/2102 3605/4753/2120
f 3552/4784/414 3612/4851/2155 3613/4850/2154
f 3612/4851/2155 3611/4781/2100 3614/4782/2102
f 3549/4852/2156 3610/4853/2157 3615/4848/2152
f 3610/4853/2157 3609/4764/2085 3616/4766/2087
f 3606/4849/2158 3608/4855/2160 3543/4854/2159
f 3606/4849/2158 3605/4753/2081 3607/4755/2083
f 3674/4856/2161 3675/4960/2414 3619/4857/2162
f 3679/4859/2164 3629/5575/2415 3622/4860/2165
f 3654/4862/439 3649/4933/439 3620/4863/439
f 3617/4865/2167 3632/4936/2214 3661/4866/2168
f 3620/4868/2169 3631/4873/2172 3624/4869/2169
f 3617/4870/2170 3618/4934/2170 3623/4871/2170
f 3631/4873/2172 3630/4963/2240 3626/4874/2173
f 3632/4872/2171 3623/4871/2170 3625/4875/2174
f 3659/4877/2176 3628/5576/2176 3619/4857/2176
f 3692/4879/2177 3658/4938/2216 3627/4880/2178
f 3676/4882/2180 3625/4875/2213 3664/4883/2181
f 3693/4885/2183 3695/5577/2416 3638/4886/2184
f 3667/4888/439 3665/4948/439 3633/4889/439
f 3633/4891/177 3640/4893/177 3636/4892/177
f 3640/4893/177 3639/4972/2251 3637/4894/2185
f 3669/4895/2186 3548/5569/2409 3609/4764/2085
f 3670/4897/2188 3549/5570/2410 3550/4767/2088
f 3665/4899/2190 3546/4772/433 3547/4771/433
f 3621/4864/2191 3624/4869/2191 3652/4901/2191
f 3624/4869/2191 3626/4874/2210 3653/4902/2192
f 3668/4903/2193 3547/5571/2412 3548/4775/2094
f 3655/4905/2195 3630/5578/2417 3631/4906/2196
f 3698/4908/2198 3666/4898/2217 3550/4767/2199
f 3552/4784/414 3551/4786/414 3672/4909/2200
f 3551/4786/414 3545/4826/414 3667/4888/2200
f 3661/4866/2168 3658/4937/2215 3643/4911/2201
f 3647/4913/2191 3648/4932/2212 3664/4883/2181
f 3641/4915/2191 3647/4913/2191 3663/4914/2191
f 3681/4917/2203 3648/4932/2212 3653/4902/2192
f 3655/4919/2205 3643/5579/2418 3684/4920/2206
f 3656/4922/2176 3645/4939/2176 3646/4923/2176
f 3649/4925/2167 3642/4940/2167 3644/4912/2202
f 3657/4916/439 3660/4935/439 3642/4926/439
f 3620/4927/2167 3649/4925/2167 3650/4907/2197
f 3629/4928/2176 3656/4922/2176 3651/4924/2176
f 3630/4929/2208 3655/4919/2205 3686/4921/2207
f 3687/4918/2204 3653/4902/2192 3626/4874/2210
f 3643/4911/2201 3655/4905/2195 3650/4907/2197
f 3652/4901/2191 3653/4902/2192 3648/4932/2212
f 3654/4862/2191 3652/4901/2191 3647/4913/2191
f 3641/4915/439 3642/4926/439 3649/4933/439
f 3618/4934/439 3617/5580/439 3660/4935/439
f 3657/4916/2191 3663/4914/2191 3623/4871/2191
f 3663/4914/2191 3664/4883/2181 3625/4875/2213
f 3632/4936/2214 3627/5581/2419 3658/4937/2215
f 3689/4884/2182 3664/4883/2181 3648/4932/2212
f 3684/4920/2206 3643/5579/2418 3658/4938/2216
f 3645/4939/2176 3659/4877/2176 3662/4878/2176
f 3660/4867/2167 3661/4866/2168 3644/4912/2202
f 3672/4909/2200 3667/4888/2200 3634/4890/2200
f 3671/4910/2200 3672/4909/2200 3636/4892/2200
f 3635/4887/2217 3666/4898/2217 3698/4908/2198
f 3640/4941/2219 3668/4903/2193 3669/4904/2194
f 3633/4943/2190 3665/4899/2190 3668/4900/2190
f 3638/4945/2221 3670/4897/2188 3666/4898/2189
f 3639/4946/2223 3669/4895/2186 3700/4896/2187
f 3545/4826/439 3546/4827/439 3665/4948/439
f 3645/4949/2225 3683/4952/2228 3691/4950/2226
f 3683/4952/2228 3684/4920/2206 3692/4879/2177
f 3646/4923/2229 3662/4878/2229 3690/4953/2230
f 3690/4953/2230 3689/4884/2182 3681/4917/2203
f 3622/4860/2229 3651/4924/2229 3688/4955/2232
f 3688/4955/2232 3687/4918/2204 3678/4931/2211
f 3679/4956/2234 3685/4959/2237 3656/4957/2235
f 3680/4930/2209 3686/4921/2207 3685/4959/2237
f 3685/4959/2237 3683/4952/2228 3645/4949/2225
f 3686/4921/2207 3684/4920/2206 3683/4952/2228
f 3646/4923/2229 3682/4954/2231 3688/4955/2232
f 3682/4954/2231 3681/4917/2203 3687/4918/2204
f 3662/4878/2229 3619/4857/2229 3675/4960/2238
f 3675/4960/2238 3676/4882/2180 3689/4884/2182
f 3659/4951/2227 3691/4950/2226 3674/4961/2239
f 3691/4950/2226 3692/4879/2177 3673/4881/2179
f 3630/4963/2240 3680/4964/2242 3678/4931/2241
f 3680/4964/2242 3679/4859/2164 3677/4861/2166
f 3627/4876/2175 3625/4875/2174 3676/4882/2243
f 3676/4882/2243 3675/4960/2414 3674/4856/2161
f 3695/4966/2245 3699/4969/2248 3670/4967/2246
f 3696/4947/2224 3700/4896/2187 3699/4969/2248
f 3637/4894/2200 3694/4971/2250 3697/4970/2249
f 3694/4971/2250 3693/4885/2218 3698/4908/2198
f 3671/4910/2200 3697/4970/2249 3612/4851/2155
f 3697/4970/2249 3698/4908/2198 3611/4781/2100
f 3699/4969/2248 3610/4853/2157 3549/4852/2156
f 3700/4896/2187 3609/4764/2085 3610/4853/2157
f 3639/4972/2251 3696/4973/2253 3694/4971/2252
f 3696/4973/2253 3695/5577/2416 3693/4885/2183
f 3061/4057/64 3045/4035/64 3054/4065/1516
f 3814/4974/177 3704/5149/177 3703/4975/177
f 3704/4977/414 3708/5147/414 3707/4978/414
f 3822/4980/64 3706/5162/64 3705/4981/64
f 3706/4983/433 3702/5145/433 3701/4984/433
f 3816/4986/64 3708/5158/64 3812/4987/64
f 3709/4989/177 3710/5582/177 3712/4990/177
f 3712/4992/2254 3716/5583/2420 3715/4993/2254
f 3716/4995/64 3714/5584/64 3713/4996/64
f 3715/4998/2255 3713/5585/2255 3709/4999/2255
f 3716/5001/2256 3712/5586/2256 3710/5002/2256
f 3717/5004/177 3718/5587/177 3720/5005/177
f 3720/5007/2257 3724/5588/2257 3723/5008/2257
f 3724/5010/64 3722/5589/64 3721/5011/64
f 3720/5013/2258 3718/5590/2258 3722/5014/2258
f 3760/5016/2259 3743/5027/2259 3745/5017/2260
f 3766/5019/2261 3749/5028/2261 3751/5020/2262
f 3768/5021/2262 3751/5020/2262 3753/5022/2263
f 3764/5024/2264 3762/5018/2260 3745/5017/2260
f 3758/5026/2265 3741/5066/2265 3743/5027/2259
f 3766/5019/2261 3764/5024/2264 3747/5025/2264
f 3726/5029/177 3728/5591/177 3727/5030/177
f 3728/5032/414 3732/5592/414 3731/5033/414
f 3732/5035/64 3730/5593/64 3729/5036/64
f 3730/5038/433 3726/5594/433 3725/5039/433
f 3731/5041/439 3729/5595/439 3725/5042/439
f 3732/5044/409 3728/5596/409 3726/5045/409
f 3733/5047/177 3734/5597/177 3736/5048/177
f 3735/5050/2266 3736/5598/2266 3740/5051/2266
f 3740/5053/64 3738/5599/64 3737/5054/64
f 3738/5056/433 3734/5600/433 3733/5057/433
f 3735/5059/439 3739/5601/439 3737/5060/439
f 3736/5062/409 3734/5602/409 3738/5063/409
f 3742/5065/2267 3744/5067/2268 3743/5027/2268
f 3744/5067/2268 3746/5068/2269 3745/5017/2269
f 3746/5068/2269 3748/5603/2270 3747/5025/2270
f 3747/5025/2270 3748/5603/2270 3750/5069/2271
f 3749/5028/2271 3750/5069/2271 3752/5070/2272
f 3751/5020/2272 3752/5070/2272 3754/5071/2273
f 3746/5074/414 3744/5604/414 3742/5605/414
f 3742/5605/414 3756/5606/414 3754/5072/414
f 3754/5072/414 3752/5607/414 3750/5073/414
f 3750/5073/414 3748/5608/414 3746/5074/414
f 3746/5074/414 3742/5605/414 3754/5072/414
f 3753/5022/2273 3754/5071/2273 3756/5075/2274
f 3756/5075/2274 3742/5609/2267 3741/5077/2267
f 3772/5078/2275 3770/5023/2263 3753/5022/2263
f 3758/5026/2276 3760/5016/2279 3759/5079/2277
f 3760/5016/2279 3762/5018/2281 3761/5081/2280
f 3762/5018/2281 3764/5024/2421 3763/5082/2282
f 3763/5082/2282 3764/5024/2421 3766/5019/2283
f 3766/5019/2283 3768/5021/2286 3767/5084/2285
f 3768/5021/2286 3770/5023/2288 3769/5085/2287
f 3758/5086/2265 3772/5078/2275 3755/5076/2275
f 3770/5023/2288 3772/5078/2290 3771/5087/2289
f 3772/5078/2290 3758/5086/2276 3757/5088/2278
f 3763/5082/2282 3776/5096/2298 3775/5089/2291
f 3780/5090/2292 3773/5098/2300 3781/5091/2293
f 3767/5084/2285 3769/5085/2287 3779/5093/2295
f 3763/5082/2282 3765/5083/2284 3777/5095/2297
f 3769/5085/2287 3771/5087/2289 3780/5090/2292
f 3759/5079/2277 3761/5081/2280 3775/5089/2291
f 3767/5084/2285 3778/5094/2296 3777/5095/2297
f 3771/5087/2289 3757/5088/2278 3773/5098/2300
f 3757/5080/2278 3759/5079/2277 3774/5097/2299
f 3788/5102/433 3781/5610/433 3782/5611/433
f 3782/5611/433 3783/5612/433 3784/5100/433
f 3784/5100/433 3785/5613/433 3786/5101/433
f 3786/5101/433 3787/5614/433 3788/5102/433
f 3788/5102/433 3782/5611/433 3784/5100/433
f 3779/5093/2295 3787/5106/2304 3786/5103/2301
f 3777/5095/2297 3785/5107/2305 3784/5104/2302
f 3775/5089/2291 3783/5108/2306 3782/5105/2303
f 3779/5093/2295 3780/5090/2292 3788/5092/2294
f 3778/5094/2296 3786/5103/2301 3785/5107/2305
f 3775/5089/2291 3776/5096/2298 3784/5104/2302
f 3773/5099/2300 3774/5097/2299 3782/5105/2303
f 3789/5112/433 3790/5615/433 3791/5616/433
f 3791/5616/433 3792/5617/433 3793/5110/433
f 3793/5110/433 3794/5618/433 3795/5111/433
f 3795/5111/433 3796/5619/433 3789/5112/433
f 3789/5112/433 3791/5616/433 3793/5110/433
f 3799/5115/414 3798/5620/414 3797/5621/414
f 3797/5621/414 3804/5622/414 3803/5113/414
f 3803/5113/414 3802/5623/414 3801/5114/414
f 3801/5114/414 3800/5624/414 3799/5115/414
f 3799/5115/414 3797/5621/414 3803/5113/414
f 3803/5116/177 3804/5128/686 3796/5117/686
f 3801/5119/409 3802/5129/685 3794/5120/685
f 3799/5122/64 3800/5625/687 3792/5123/687
f 3797/5125/439 3798/5626/684 3790/5126/684
f 3804/5128/686 3797/5125/439 3789/5127/439
f 3802/5129/685 3803/5116/177 3795/5118/177
f 3792/5123/687 3800/5625/687 3801/5130/409
f 3790/5126/684 3798/5626/684 3799/5122/64
f 3703/4979/414 3707/4978/414 3808/5132/414
f 3701/4984/433 3806/5627/433 3807/5134/433
f 3826/4982/2307 3705/4981/2307 3807/5135/2307
f 3703/4975/2308 3805/5628/2308 3818/5137/2308
f 3824/5138/2309 3828/5629/2309 3809/5139/2309
f 3825/5141/177 3702/5159/177 3809/5142/177
f 3706/4983/433 3811/5630/433 3809/5144/433
f 3704/4977/2310 3810/5150/2310 3812/5146/2310
f 3814/4974/177 3819/5164/177 3810/5148/177
f 3810/5150/409 3819/5165/409 3820/5151/409
f 3821/5152/2308 3813/4976/2308 3818/5137/2308
f 3815/5154/2307 3817/5166/2307 3808/5155/2307
f 3816/4986/64 3820/4988/64 3824/5157/64
f 3708/5158/64 3816/4986/64 3815/5154/64
f 3825/5141/177 3814/4974/177 3813/4976/177
f 3702/5159/177 3825/5141/177 3821/5152/177
f 3822/4980/64 3824/5157/64 3811/5161/64
f 3701/5160/2308 3821/5152/2308 3823/5153/2308
f 3814/4974/177 3825/5141/177 3828/5143/177
f 3819/5165/2311 3828/5629/2311 3824/5138/2311
f 3826/4982/2307 3827/5136/2307 3817/5166/2307
f 3816/4986/64 3822/4980/64 3826/4982/64
f 3829/5167/2312 3830/5631/2422 3832/5168/2313
f 3831/5170/414 3832/5632/414 3836/5171/414
f 3836/5173/2315 3834/5633/2319 3833/5174/2316
f 3834/5176/2318 3830/5634/2318 3829/5177/2318
f 3831/5179/2314 3835/5635/2317 3833/5180/2316
f 3832/5182/2313 3830/5636/2422 3834/5183/2319
f 3861/5185/409 3842/5637/409 3852/5186/409
f 3870/5188/177 3874/5225/177 3877/5189/177
f 3865/5191/2320 3864/5210/2321 3869/5192/2321
f 3870/5194/2323 3866/5268/2323 3865/5195/2320
f 3846/5197/64 3851/5638/64 3853/5198/64
f 3856/5200/414 3851/5639/414 3846/5201/414
f 3845/5203/64 3875/5207/64 3852/5204/64
f 3843/5206/64 3850/5265/64 3875/5207/64
f 3839/5208/2321 3841/5640/2324 3867/5209/2324
f 3851/5211/409 3856/5223/409 3848/5212/409
f 3863/5214/2325 3867/5641/2325 3841/5215/2325
f 3877/5217/409 3882/5642/409 3859/5187/409
f 3866/5219/2326 3863/5253/2326 3838/5220/2326
f 3881/5222/409 3837/5643/409 3848/5212/409
f 3882/5224/177 3877/5189/177 3874/5225/177
f 3837/5190/177 3881/5644/177 3876/5227/177
f 3882/5224/177 3855/5226/177 3879/5228/177
f 3838/5230/64 3849/5645/64 3846/5197/64
f 3883/5231/64 3849/5645/64 3838/5230/64
f 3860/5233/439 3858/5258/439 3850/5234/439
f 3885/5236/2327 3878/5240/439 3854/5237/439
f 3857/5239/439 3854/5237/439 3878/5240/439
f 3847/5242/64 3844/5246/64 3840/5199/64
f 3859/5187/409 3882/5642/409 3872/5243/409
f 3848/5212/409 3837/5643/409 3877/5217/409
f 3876/5244/414 3881/5646/414 3856/5200/414
f 3847/5245/409 3853/5213/409 3848/5212/409
f 3844/5246/64 3847/5242/64 3852/5204/64
f 3855/5226/177 3880/5266/177 3873/5247/177
f 3852/5186/409 3847/5245/409 3862/5218/409
f 3869/5192/2321 3864/5210/2321 3867/5209/2324
f 3875/5207/64 3850/5265/64 3839/5249/64
f 3871/5250/2325 3867/5641/2325 3863/5214/2325
f 3870/5252/2326 3868/5647/2326 3863/5253/2326
f 3876/5227/177 3878/5648/177 3868/5254/177
f 3868/5254/177 3878/5648/177 3885/5255/177
f 3873/5257/439 3880/5263/439 3858/5258/439
f 3844/5259/2329 3839/5208/2321 3864/5210/2321
f 3869/5260/177 3880/5266/177 3855/5226/177
f 3854/5237/439 3857/5239/439 3846/5261/439
f 3885/5236/2327 3884/5238/2328 3858/5258/2330
f 3850/5234/2330 3858/5258/2330 3884/5238/2328
f 3850/5265/64 3883/5231/64 3841/5232/64
f 3883/5264/2328 3884/5238/2328 3854/5237/439
f 3880/5266/177 3869/5260/177 3871/5256/177
f 3844/5267/2329 3865/5195/2320 3866/5268/2323
f 3887/5270/177 3889/5649/177 3888/5271/177
f 3889/5273/414 3893/5650/414 3892/5274/414
f 3892/5276/64 3893/5651/64 3891/5277/64
f 3891/5279/433 3887/5652/433 3886/5280/433
f 3892/5282/439 3890/5653/439 3886/5283/439
f 3889/5285/2331 3887/5654/2331 3891/5286/2331
l 3894 3895
l 3896 3897
