# Blender 4.5.1 LTS
# www.blender.org
mtllib USMC MAAWS Gunner.mtl
o Marine_-_Standing.015
v -0.000000 1.279982 0.291507
v -0.000000 1.279982 -0.291507
v 0.291749 1.279982 -0.000000
v -0.000000 1.424075 0.225946
v -0.000000 1.424075 -0.225946
v 0.226133 1.424075 -0.000000
v -0.000000 1.451096 0.160384
v -0.000000 1.451096 -0.160384
v 0.291749 0.537000 -0.000000
v -0.000000 0.537000 -0.291507
v -0.000000 0.537000 0.291507
v 0.218811 0.537000 -0.218631
v -0.000000 0.160000 0.291507
v 0.218811 1.279982 0.218631
v 0.169599 1.424075 -0.169459
v -0.000000 1.382296 0.275117
v -0.000000 1.382296 -0.275117
v 0.275345 1.382296 -0.000000
v 0.169599 1.424075 0.169459
v -0.000000 1.436586 0.176775
v -0.000000 1.436586 -0.176775
v 0.176921 1.436586 -0.000000
v 0.218811 1.279982 -0.218631
v 0.218811 0.537000 0.218631
v 0.291749 1.027946 -0.000000
v -0.000000 1.027946 -0.291507
v -0.000000 1.027946 0.291507
v 0.218811 0.160000 -0.218631
v 0.206508 1.382296 0.206338
v 0.206508 1.382296 -0.206338
v 0.132690 1.436586 0.132581
v 0.132690 1.436586 -0.132581
v 0.218811 1.027946 -0.218631
v 0.218811 1.027946 0.218631
v 0.291749 0.198687 -0.000000
v -0.000000 0.198687 -0.291507
v -0.000000 0.198687 0.291507
v 0.218811 0.198687 -0.218631
v 0.218811 0.198687 0.218631
v 0.218811 0.284444 0.218631
v 0.291749 0.284444 -0.000000
v -0.000000 0.284444 -0.291507
v -0.000000 0.284444 0.291507
v 0.218811 0.284444 -0.218631
v 0.220609 1.659859 -0.000000
v 0.160517 1.451096 -0.000000
v 0.190563 1.483059 -0.000000
v 0.165457 1.659859 -0.165320
v 0.120387 1.451096 0.120288
v 0.120387 1.451096 -0.120288
v 0.142922 1.483059 0.142804
v 0.168028 1.466842 -0.000000
v 0.142922 1.483059 -0.142804
v 0.165457 1.659859 0.165320
v 0.213098 1.535486 -0.000000
v 0.165457 1.820204 -0.165320
v 0.126021 1.466842 -0.125917
v 0.126021 1.466842 0.125917
v 0.159823 1.535486 -0.159691
v 0.159823 1.535486 0.159691
v -0.000000 1.659859 0.220427
v -0.000000 1.659859 -0.220427
v -0.000000 1.483059 -0.190406
v -0.000000 1.483059 0.190406
v -0.000000 1.466842 -0.167890
v -0.000000 1.466842 0.167890
v -0.000000 1.535486 -0.212922
v -0.000000 1.535486 0.212922
v 0.291749 0.160000 -0.000000
v 0.218811 0.160000 0.218631
v -0.000000 0.160000 -0.291507
v -0.000000 0.160000 0.000000
v 0.165457 1.820204 0.165320
v -0.000000 1.820204 -0.198938
v 0.220609 1.820204 -0.000000
v -0.000000 1.820204 0.198938
v 0.102013 1.898445 -0.000000
v -0.000000 1.898445 -0.091992
v -0.000000 1.898445 0.091992
v 0.076510 1.898445 0.076446
v 0.076509 1.898445 -0.076447
v 0.261185 0.828158 0.287334
v 0.142975 1.375378 0.282923
v 0.173672 1.434451 0.131204
v 0.260233 1.179188 0.288302
v 0.312563 0.828136 0.162421
v 0.312036 1.060684 0.163564
v 0.089916 1.380963 0.305524
v 0.232736 1.304162 0.277550
v 0.172328 0.828159 0.338569
v 0.230534 1.338193 0.274057
v 0.236118 1.397754 0.125895
v 0.172312 1.201644 0.338547
v 0.172320 1.278280 0.327120
v 0.209772 0.828161 0.210089
v 0.127908 1.375378 0.203621
v 0.237852 1.320580 0.194943
v 0.156294 1.405430 0.122186
v 0.234411 1.178038 0.208745
v 0.254440 0.828149 0.148930
v 0.254953 1.094507 0.147815
v 0.089916 1.380963 0.226078
v 0.235895 1.295740 0.196747
v 0.157774 0.828160 0.253381
v 0.218921 1.368468 0.117406
v 0.157795 1.199436 0.253419
v 0.163681 1.325062 0.216509
v 0.158141 1.304960 0.238121
v 0.196291 1.321811 0.308545
v 0.159133 1.338772 0.314507
v 0.134406 1.329587 0.320479
v 0.126798 1.353012 0.221293
v 0.081840 1.336438 0.238807
v 0.181312 1.447577 0.139642
v 0.150616 1.388505 0.291361
v 0.238174 1.351319 0.282495
v 0.243759 1.410881 0.134332
v 0.203931 1.334938 0.316983
v 0.166774 1.351899 0.322944
v 0.092926 1.363806 0.313432
v 0.261185 0.828158 -0.255234
v 0.142975 1.375378 -0.250823
v 0.173672 1.434451 -0.131204
v 0.260233 1.179188 -0.256202
v 0.312563 0.828136 -0.183693
v 0.312036 1.060684 -0.184836
v 0.089916 1.380963 -0.273424
v 0.232736 1.304162 -0.245450
v 0.172328 0.828159 -0.306468
v 0.230534 1.338193 -0.241957
v 0.236118 1.397754 -0.125895
v 0.172312 1.201644 -0.306446
v 0.172320 1.278280 -0.295020
v 0.340143 0.828122 0.000000
v 0.173558 1.449374 0.000000
v 0.340143 1.040459 0.000000
v 0.236289 1.412528 0.000000
v 0.209772 0.828161 -0.210089
v 0.127908 1.375378 -0.203621
v 0.237852 1.320580 -0.194943
v 0.156294 1.405430 -0.122186
v 0.234411 1.178038 -0.208745
v 0.254440 0.828149 -0.148930
v 0.254953 1.094507 -0.147815
v 0.089916 1.380963 -0.226078
v 0.235895 1.295740 -0.196747
v 0.157774 0.828160 -0.253381
v 0.218921 1.368468 -0.117406
v 0.157795 1.199436 -0.253419
v 0.163681 1.325062 -0.216509
v 0.158141 1.304960 -0.238121
v 0.279311 0.828140 0.000000
v 0.155697 1.419264 0.000000
v 0.218434 1.382413 0.000000
v 0.279311 1.075119 0.000000
v 0.196291 1.321811 -0.276444
v 0.159133 1.338772 -0.282406
v 0.134406 1.329587 -0.288378
v 0.126798 1.353012 -0.221293
v 0.081840 1.336438 -0.238807
v 0.181312 1.447577 -0.139642
v 0.150616 1.388505 -0.237988
v 0.181199 1.462501 0.000000
v 0.238174 1.351319 -0.229122
v 0.243759 1.410881 -0.134332
v 0.243930 1.425655 0.000000
v 0.203931 1.334938 -0.263609
v 0.166774 1.351899 -0.269571
v 0.092926 1.363806 -0.281331
v 0.097027 0.844467 0.469702
v 0.073190 0.844467 0.342633
v 0.073190 1.163628 0.342633
v 0.239106 0.844467 0.425788
v 0.215269 0.844467 0.298719
v 0.215269 1.163628 0.298719
v 0.073190 0.967378 0.342633
v 0.215269 0.967378 0.298719
v 0.073190 0.983078 0.342633
v 0.215269 0.983078 0.298719
v 0.101838 0.975093 0.488856
v 0.095249 1.164154 0.464638
v 0.237328 1.164154 0.420725
v 0.243917 0.975093 0.444943
v 0.239106 0.967378 0.425788
v 0.097027 0.967378 0.469702
v 0.070606 0.844467 0.473302
v 0.070606 0.844467 0.342633
v 0.070606 1.163628 0.342633
v 0.070606 0.967378 0.342633
v 0.070606 0.983078 0.342633
v 0.070606 1.164154 0.467940
v 0.070606 0.975093 0.493022
v 0.070606 0.967378 0.473302
v -0.000000 0.828152 0.367435
v -0.000000 1.380963 0.342457
v -0.000000 1.242489 0.367363
v -0.000000 0.828156 0.279080
v -0.000000 1.380963 0.255595
v -0.000000 1.239160 0.279167
v -0.000000 1.332174 0.351232
v -0.000000 1.290840 0.358666
v -0.000000 1.314666 0.266616
v -0.000000 1.347815 0.261105
v -0.000000 1.367086 0.344953
v -0.000000 0.828152 -0.335334
v -0.000000 1.380963 -0.310356
v -0.000000 1.242489 -0.335262
v -0.000000 0.828156 -0.279080
v -0.000000 1.380963 -0.255595
v -0.000000 1.239160 -0.279167
v -0.000000 1.332174 -0.319131
v -0.000000 1.290840 -0.326566
v -0.000000 1.314666 -0.266616
v -0.000000 1.347815 -0.261105
v -0.000000 1.367086 -0.312852
v -0.000000 0.844467 0.342704
v -0.000000 0.844467 0.473372
v -0.000000 0.967378 0.473372
v -0.000000 0.976664 0.495743
v -0.000000 0.970064 0.487533
v -0.000000 1.163628 0.473372
v -0.000000 1.163628 0.342703
v 0.059556 1.725104 0.296395
v 0.059556 1.897992 0.251144
v 0.059556 1.728511 0.247232
v 0.059556 1.887143 0.206632
v 0.059556 1.694292 0.280124
v 0.059556 1.722079 0.246002
v 0.059556 1.684121 0.160893
v 0.059556 1.711341 0.159479
v 0.173420 1.923019 -0.082426
v 0.130782 1.891253 0.197811
v 0.188628 1.932845 0.027216
v 0.188662 1.903999 -0.168913
v 0.126296 1.985674 0.058395
v 0.126296 1.979276 -0.099702
v 0.130782 1.818144 0.235640
v 0.221474 1.857123 0.120045
v 0.247553 1.854267 0.003088
v 0.223098 1.853155 -0.078675
v 0.218921 1.795743 0.147082
v 0.245653 1.779163 0.065111
v 0.245653 1.789732 -0.000655
v 0.233614 1.788223 -0.083447
v 0.190678 1.773441 -0.239623
v 0.228581 1.722154 -0.163836
v 0.247457 1.752052 0.096842
v 0.130782 1.781409 0.244443
v 0.223755 1.669337 -0.165364
v 0.190719 1.683018 -0.249504
v 0.218425 1.765613 0.154722
v 0.247180 1.718599 0.104604
v 0.130782 1.751275 0.250756
v 0.223991 1.627501 -0.164742
v 0.244239 1.709250 0.107230
v 0.194428 1.642226 -0.259689
v 0.217696 1.737203 0.156876
v 0.153356 1.614258 -0.202764
v 0.120987 1.703338 0.183981
v 0.148108 1.845106 -0.163249
v 0.098887 1.856395 0.160030
v 0.166085 1.866652 -0.053432
v 0.084264 1.920074 -0.023174
v 0.068613 1.920074 0.075547
v 0.068613 1.920074 -0.074525
v 0.173111 1.698779 0.147178
v 0.189983 1.601488 -0.150539
v 0.207034 1.719020 0.108664
v 0.189543 1.627501 -0.151699
v 0.210712 1.719485 0.108167
v 0.172612 1.790676 0.136210
v 0.208724 1.692955 0.106061
v 0.153182 1.734700 -0.195152
v 0.189307 1.669337 -0.152322
v 0.210619 1.752052 0.096842
v 0.152913 1.673348 -0.200360
v 0.194133 1.722154 -0.150794
v 0.218336 1.788223 -0.077816
v 0.229941 1.789732 -0.000655
v 0.156235 1.648065 -0.206378
v 0.229941 1.779163 0.065111
v 0.224431 1.601488 -0.163581
v 0.186134 1.607062 -0.254466
v 0.212441 1.701724 0.155774
v 0.130782 1.713474 0.249778
v 0.245336 1.699383 0.109566
v 0.189471 1.907803 0.099124
v 0.126296 1.940681 0.139303
v 0.125715 1.689339 -0.280018
v 0.128729 1.649513 -0.282295
v 0.122832 1.776340 -0.273114
v 0.079151 1.620906 -0.214315
v 0.035414 1.920074 -0.081909
v 0.080059 1.848385 -0.177726
v 0.078922 1.679036 -0.213702
v 0.080637 1.654540 -0.218662
v 0.077641 1.768136 -0.211385
v 0.128729 1.616354 -0.278812
v 0.126296 1.933859 -0.189190
v 0.189670 1.848806 -0.223693
v 0.122832 1.858028 -0.253767
v 0.237043 1.760292 -0.152575
v 0.200017 1.843796 -0.121090
v -0.000000 1.990507 -0.106162
v -0.000000 1.884998 0.222954
v -0.000000 1.992488 0.064750
v -0.000000 1.779433 -0.290471
v -0.000000 1.814222 0.259981
v -0.000000 1.696081 -0.295391
v -0.000000 1.786614 0.268294
v -0.000000 1.657284 -0.291257
v -0.000000 1.752921 0.274472
v -0.000000 1.703338 0.207017
v -0.000000 1.627997 -0.226635
v -0.000000 1.852243 -0.194756
v -0.000000 1.852243 0.177502
v -0.000000 1.920074 -0.089784
v -0.000000 1.920074 0.090806
v -0.000000 1.770512 -0.232903
v -0.000000 1.803172 0.203441
v -0.000000 1.685104 -0.227932
v -0.000000 1.661446 -0.231764
v -0.000000 1.626263 -0.285380
v -0.000000 1.718638 0.276459
v -0.000000 1.952251 0.153150
v -0.000000 1.938985 -0.198484
v -0.000000 1.855736 -0.270796
v 0.202596 1.760292 -0.139532
v 0.086649 1.920074 0.026187
v 0.121286 1.859814 0.088876
v 0.143686 1.863233 0.017722
v 0.064655 1.854957 0.166078
v 0.099916 1.801757 0.188866
v 0.241041 1.753497 0.027273
v 0.208227 1.773290 0.035844
v 0.208227 1.728732 0.080364
v 0.208227 1.667866 0.096660
v 0.278558 1.618756 0.079519
v 0.241041 1.753497 -0.077218
v 0.248457 1.717124 -0.115464
v 0.258587 1.667436 -0.129463
v 0.258587 1.667436 0.079519
v 0.208227 1.667866 -0.146604
v 0.208227 1.728732 -0.130309
v 0.208227 1.773290 -0.085788
v 0.208227 1.607260 0.096660
v 0.208227 1.546393 0.080364
v 0.208227 1.501836 0.035844
v 0.248457 1.717124 0.065520
v 0.208227 1.501836 -0.085788
v 0.208227 1.546393 -0.130309
v 0.208227 1.607260 -0.146604
v 0.260974 1.559242 0.065520
v 0.260974 1.520963 0.027273
v 0.260974 1.520963 -0.077218
v 0.260974 1.559242 -0.115464
v 0.278558 1.618756 -0.129463
v 0.251163 1.703851 0.006020
v 0.278504 1.618969 0.037013
v 0.251163 1.703851 -0.055965
v 0.255868 1.680774 -0.078653
v 0.262147 1.649975 -0.086957
v 0.262147 1.649975 0.037013
v 0.255868 1.680774 0.028708
v 0.292804 1.591167 0.028708
v 0.287891 1.568998 0.006020
v 0.287891 1.568998 -0.055965
v 0.292804 1.591167 -0.078653
v 0.278504 1.618969 -0.086957
v 0.281494 1.758561 0.061919
v 0.281623 1.771774 -0.001746
v 0.282445 1.771479 -0.082731
v 0.275814 1.713598 -0.144565
v 0.279232 1.739873 0.082327
v 0.269218 1.662293 -0.155881
v 0.274129 1.709010 0.094427
v 0.260923 1.611911 -0.156446
v 0.273210 1.699474 0.097435
v 0.268626 1.681100 0.103645
v 0.279625 1.728141 -0.137111
v 0.259322 1.879001 0.066661
v 0.264134 1.892028 -0.001018
v 0.250518 1.888722 -0.084278
v 0.228829 1.750080 -0.233553
v 0.250817 1.841306 0.130146
v 0.221549 1.676191 -0.234209
v 0.242281 1.777138 0.160542
v 0.217917 1.621595 -0.225202
v 0.238333 1.737203 0.167747
v 0.236394 1.713103 0.170414
v 0.239891 1.836133 -0.193073
v -0.000000 1.209820 0.337689
v -0.000000 1.339529 0.306734
v -0.000000 1.220740 0.409945
v -0.000000 1.350449 0.378990
v 0.123323 1.209811 0.321074
v 0.139417 1.226068 0.315700
v 0.131499 1.211988 0.319802
v 0.137389 1.217939 0.317835
v 0.137316 1.323260 0.292601
v 0.120520 1.339520 0.290246
v 0.134937 1.331390 0.290871
v 0.128790 1.337341 0.290009
v 0.128278 1.218207 0.376405
v 0.144203 1.234135 0.368339
v 0.136370 1.220192 0.373793
v 0.142199 1.226022 0.370841
v 0.142106 1.331175 0.345275
v 0.125475 1.347916 0.345577
v 0.139749 1.339397 0.343895
v 0.133661 1.345524 0.344005
v -0.000000 0.967378 0.342704
v -0.000000 0.983078 0.342704
v -0.291749 1.279982 -0.000000
v -0.226133 1.424075 -0.000000
v -0.291749 0.537000 -0.000000
v -0.218812 0.537000 -0.218631
v -0.218812 1.279982 0.218631
v -0.169600 1.424075 -0.169459
v -0.275345 1.382296 -0.000000
v -0.169600 1.424075 0.169459
v -0.176921 1.436586 -0.000000
v -0.218812 1.279982 -0.218631
v -0.218812 0.537000 0.218631
v -0.291749 1.027946 -0.000000
v -0.218812 0.160000 -0.218631
v -0.206509 1.382296 0.206338
v -0.206509 1.382296 -0.206338
v -0.132691 1.436586 0.132581
v -0.132691 1.436586 -0.132581
v -0.218812 1.027946 -0.218631
v -0.218812 1.027946 0.218631
v -0.291749 0.198687 -0.000000
v -0.218812 0.198687 -0.218631
v -0.218812 0.198687 0.218631
v -0.218812 0.284444 0.218631
v -0.291749 0.284444 -0.000000
v -0.218812 0.284444 -0.218631
v -0.220610 1.659859 -0.000000
v -0.160517 1.451096 -0.000000
v -0.190563 1.483059 -0.000000
v -0.165457 1.659859 -0.165320
v -0.120388 1.451096 0.120288
v -0.120388 1.451096 -0.120288
v -0.142923 1.483059 0.142804
v -0.168029 1.466842 -0.000000
v -0.142922 1.483059 -0.142804
v -0.165457 1.659859 0.165320
v -0.213098 1.535486 -0.000000
v -0.165457 1.820204 -0.165320
v -0.126021 1.466842 -0.125917
v -0.126021 1.466842 0.125917
v -0.159823 1.535486 -0.159691
v -0.159824 1.535486 0.159691
v -0.291749 0.160000 -0.000000
v -0.218812 0.160000 0.218631
v -0.165457 1.820204 0.165320
v -0.220610 1.820204 -0.000000
v -0.102013 1.898445 -0.000000
v -0.076510 1.898445 0.076446
v -0.076510 1.898445 -0.076447
v -0.261185 0.828158 0.287334
v -0.142976 1.375378 0.282923
v -0.173672 1.434451 0.131204
v -0.260234 1.179188 0.288302
v -0.312564 0.828136 0.162421
v -0.312037 1.060684 0.163564
v -0.089916 1.380963 0.305524
v -0.232737 1.304162 0.277550
v -0.172329 0.828159 0.338569
v -0.230534 1.338193 0.274057
v -0.236119 1.397754 0.125895
v -0.172313 1.201644 0.338547
v -0.172320 1.278280 0.327120
v -0.209772 0.828161 0.210089
v -0.127909 1.375378 0.203621
v -0.237852 1.320580 0.194943
v -0.156294 1.405430 0.122186
v -0.234411 1.178038 0.208745
v -0.254441 0.828149 0.148930
v -0.254953 1.094507 0.147815
v -0.089916 1.380963 0.226078
v -0.235895 1.295740 0.196747
v -0.157774 0.828160 0.253381
v -0.218921 1.368468 0.117406
v -0.157796 1.199436 0.253419
v -0.163681 1.325062 0.216509
v -0.158141 1.304960 0.238121
v -0.196291 1.321811 0.308545
v -0.159133 1.338772 0.314507
v -0.134407 1.329587 0.320479
v -0.126799 1.353012 0.221293
v -0.081841 1.336438 0.238807
v -0.181313 1.447577 0.139642
v -0.150617 1.388505 0.291361
v -0.238175 1.351319 0.282495
v -0.243759 1.410881 0.134332
v -0.203932 1.334938 0.316983
v -0.166774 1.351899 0.322944
v -0.092926 1.363806 0.313432
v -0.261185 0.828158 -0.255234
v -0.142976 1.375378 -0.250823
v -0.173672 1.434451 -0.131204
v -0.260234 1.179188 -0.256202
v -0.312564 0.828136 -0.183693
v -0.312037 1.060684 -0.184836
v -0.089916 1.380963 -0.273424
v -0.232737 1.304162 -0.245450
v -0.172329 0.828159 -0.306468
v -0.230534 1.338193 -0.241957
v -0.236119 1.397754 -0.125895
v -0.172313 1.201644 -0.306446
v -0.172320 1.278280 -0.295020
v -0.340143 0.828122 0.000000
v -0.173559 1.449374 0.000000
v -0.340143 1.040459 0.000000
v -0.236289 1.412528 0.000000
v -0.209772 0.828161 -0.210089
v -0.127909 1.375378 -0.203621
v -0.237852 1.320580 -0.194943
v -0.156294 1.405430 -0.122186
v -0.234411 1.178038 -0.208745
v -0.254441 0.828149 -0.148930
v -0.254953 1.094507 -0.147815
v -0.089916 1.380963 -0.226078
v -0.235895 1.295740 -0.196747
v -0.157774 0.828160 -0.253381
v -0.218921 1.368468 -0.117406
v -0.157796 1.199436 -0.253419
v -0.163681 1.325062 -0.216509
v -0.158141 1.304960 -0.238121
v -0.279312 0.828140 0.000000
v -0.155697 1.419264 0.000000
v -0.218435 1.382413 0.000000
v -0.279312 1.075119 0.000000
v -0.196291 1.321811 -0.276444
v -0.159133 1.338772 -0.282406
v -0.134407 1.329587 -0.288378
v -0.126799 1.353012 -0.221293
v -0.081841 1.336438 -0.238807
v -0.181313 1.447577 -0.139642
v -0.150617 1.388505 -0.237988
v -0.181199 1.462501 0.000000
v -0.238175 1.351319 -0.229122
v -0.243759 1.410881 -0.134332
v -0.243930 1.425655 0.000000
v -0.203932 1.334938 -0.263609
v -0.166774 1.351899 -0.269571
v -0.092926 1.363806 -0.281331
v -0.097028 0.844467 0.469702
v -0.073190 0.844467 0.342633
v -0.073190 1.163628 0.342633
v -0.239107 0.844467 0.425788
v -0.215269 0.844467 0.298719
v -0.215269 1.163628 0.298719
v -0.073190 0.967378 0.342633
v -0.215269 0.967378 0.298719
v -0.073190 0.983078 0.342633
v -0.215269 0.983078 0.298719
v -0.101838 0.975093 0.488856
v -0.095250 1.164154 0.464638
v -0.237329 1.164154 0.420725
v -0.243917 0.975093 0.444943
v -0.239107 0.967378 0.425788
v -0.097028 0.967378 0.469702
v -0.070606 0.844467 0.473302
v -0.070606 0.844467 0.342633
v -0.070606 1.163628 0.342633
v -0.070606 0.967378 0.342633
v -0.070606 0.983078 0.342633
v -0.070606 1.164154 0.467940
v -0.070606 0.975093 0.493022
v -0.070606 0.967378 0.473302
v -0.059557 1.725104 0.296395
v -0.059557 1.897992 0.251144
v -0.059557 1.728511 0.247232
v -0.059557 1.887143 0.206632
v -0.059557 1.694292 0.280124
v -0.059557 1.722079 0.246002
v -0.059557 1.684121 0.160893
v -0.059557 1.711341 0.159479
v -0.173421 1.923019 -0.082426
v -0.130782 1.891253 0.197811
v -0.188629 1.932845 0.027216
v -0.188662 1.903999 -0.168913
v -0.126297 1.985674 0.058395
v -0.126297 1.979276 -0.099702
v -0.130782 1.818144 0.235640
v -0.221474 1.857123 0.120045
v -0.247554 1.854267 0.003088
v -0.223099 1.853155 -0.078675
v -0.218922 1.795743 0.147082
v -0.245653 1.779163 0.065111
v -0.245653 1.789732 -0.000655
v -0.233614 1.788223 -0.083447
v -0.190678 1.773441 -0.239623
v -0.228581 1.722154 -0.163836
v -0.247458 1.752052 0.096842
v -0.130782 1.781409 0.244443
v -0.223756 1.669337 -0.165364
v -0.190719 1.683018 -0.249504
v -0.218426 1.765613 0.154722
v -0.247180 1.718599 0.104604
v -0.130782 1.751275 0.250756
v -0.223992 1.627501 -0.164742
v -0.244239 1.709250 0.107230
v -0.194428 1.642226 -0.259689
v -0.217697 1.737203 0.156876
v -0.153356 1.614258 -0.202764
v -0.120988 1.703338 0.183981
v -0.148109 1.845106 -0.163249
v -0.098887 1.856395 0.160030
v -0.166086 1.866652 -0.053432
v -0.084264 1.920074 -0.023174
v -0.068614 1.920074 0.075547
v -0.068613 1.920074 -0.074525
v -0.173112 1.698779 0.147178
v -0.189984 1.601488 -0.150539
v -0.207034 1.719020 0.108664
v -0.189544 1.627501 -0.151699
v -0.210712 1.719485 0.108167
v -0.172613 1.790676 0.136210
v -0.208725 1.692955 0.106061
v -0.153182 1.734700 -0.195152
v -0.189308 1.669337 -0.152322
v -0.210619 1.752052 0.096842
v -0.152914 1.673348 -0.200360
v -0.194133 1.722154 -0.150794
v -0.218336 1.788223 -0.077816
v -0.229942 1.789732 -0.000655
v -0.156236 1.648065 -0.206378
v -0.229942 1.779163 0.065111
v -0.224432 1.601488 -0.163581
v -0.186135 1.607062 -0.254466
v -0.212441 1.701724 0.155774
v -0.130782 1.713474 0.249778
v -0.245337 1.699383 0.109566
v -0.189472 1.907803 0.099124
v -0.126297 1.940681 0.139303
v -0.125715 1.689339 -0.280018
v -0.128730 1.649513 -0.282295
v -0.122833 1.776340 -0.273114
v -0.079151 1.620906 -0.214315
v -0.035415 1.920074 -0.081909
v -0.080059 1.848385 -0.177726
v -0.078923 1.679036 -0.213702
v -0.080637 1.654540 -0.218662
v -0.077641 1.768136 -0.211385
v -0.128730 1.616354 -0.278812
v -0.126296 1.933859 -0.189190
v -0.189670 1.848806 -0.223693
v -0.122833 1.858028 -0.253767
v -0.237044 1.760292 -0.152575
v -0.200017 1.843796 -0.121090
v -0.202596 1.760292 -0.139532
v -0.086649 1.920074 0.026187
v -0.121287 1.859814 0.088876
v -0.143686 1.863233 0.017722
v -0.064656 1.854957 0.166078
v -0.099916 1.801757 0.188866
v -0.241042 1.753497 0.027273
v -0.208228 1.773290 0.035844
v -0.208228 1.728732 0.080364
v -0.208228 1.667866 0.096660
v -0.278558 1.618756 0.079519
v -0.241042 1.753497 -0.077218
v -0.248458 1.717124 -0.115464
v -0.258588 1.667436 -0.129463
v -0.258588 1.667436 0.079519
v -0.208228 1.667866 -0.146604
v -0.208228 1.728732 -0.130309
v -0.208228 1.773290 -0.085788
v -0.208228 1.607260 0.096660
v -0.208228 1.546393 0.080364
v -0.208228 1.501836 0.035844
v -0.248458 1.717124 0.065520
v -0.208227 1.501836 -0.085788
v -0.208227 1.546393 -0.130309
v -0.208228 1.607260 -0.146604
v -0.260975 1.559242 0.065520
v -0.260975 1.520963 0.027273
v -0.260975 1.520963 -0.077218
v -0.260975 1.559242 -0.115464
v -0.278558 1.618756 -0.129463
v -0.251163 1.703851 0.006020
v -0.278505 1.618969 0.037013
v -0.251163 1.703851 -0.055965
v -0.255868 1.680774 -0.078653
v -0.262147 1.649975 -0.086957
v -0.262147 1.649975 0.037013
v -0.255868 1.680774 0.028708
v -0.292805 1.591167 0.028708
v -0.287891 1.568998 0.006020
v -0.287891 1.568998 -0.055965
v -0.292805 1.591167 -0.078653
v -0.278505 1.618969 -0.086957
v -0.281494 1.758561 0.061919
v -0.281623 1.771774 -0.001746
v -0.282445 1.771479 -0.082731
v -0.275815 1.713598 -0.144565
v -0.279233 1.739873 0.082327
v -0.269218 1.662293 -0.155881
v -0.274130 1.709010 0.094427
v -0.260924 1.611911 -0.156446
v -0.273211 1.699474 0.097435
v -0.268627 1.681100 0.103645
v -0.279625 1.728141 -0.137111
v -0.259323 1.879001 0.066661
v -0.264134 1.892028 -0.001018
v -0.250518 1.888722 -0.084278
v -0.228830 1.750080 -0.233553
v -0.250818 1.841306 0.130146
v -0.221549 1.676191 -0.234209
v -0.242281 1.777138 0.160542
v -0.217917 1.621595 -0.225202
v -0.238333 1.737203 0.167747
v -0.236395 1.713103 0.170414
v -0.239891 1.836133 -0.193073
v -0.123324 1.209811 0.321074
v -0.139417 1.226068 0.315700
v -0.131499 1.211988 0.319802
v -0.137390 1.217939 0.317835
v -0.137317 1.323260 0.292601
v -0.120521 1.339520 0.290246
v -0.134938 1.331390 0.290871
v -0.128790 1.337341 0.290009
v -0.128279 1.218207 0.376405
v -0.144204 1.234135 0.368339
v -0.136371 1.220192 0.373793
v -0.142200 1.226022 0.370841
v -0.142107 1.331175 0.345275
v -0.125475 1.347916 0.345577
v -0.139749 1.339397 0.343895
v -0.133662 1.345524 0.344005
v -0.356249 1.520713 0.532289
v -0.417479 1.508533 0.532289
v -0.469386 1.473850 0.532288
v -0.504070 1.421942 0.532288
v -0.516249 1.360713 0.532288
v -0.504070 1.299483 0.532287
v -0.469386 1.247576 0.532287
v -0.417479 1.212892 0.532287
v -0.356249 1.200713 0.532286
v -0.295020 1.212892 0.532287
v -0.243112 1.247576 0.532287
v -0.208429 1.299483 0.532287
v -0.196249 1.360713 0.532288
v -0.208429 1.421942 0.532288
v -0.243112 1.473850 0.532288
v -0.295020 1.508533 0.532289
v -0.356249 1.464169 -0.626846
v -0.395840 1.456294 -0.626846
v -0.429404 1.433867 -0.626846
v -0.451830 1.400304 -0.626846
v -0.459706 1.360713 -0.626847
v -0.451830 1.321122 -0.626847
v -0.429404 1.287558 -0.626847
v -0.395840 1.265131 -0.626847
v -0.356249 1.257257 -0.626848
v -0.316658 1.265131 -0.626847
v -0.283095 1.287558 -0.626847
v -0.260668 1.321122 -0.626847
v -0.252793 1.360713 -0.626847
v -0.260668 1.400304 -0.626846
v -0.283095 1.433867 -0.626846
v -0.316658 1.456294 -0.626846
v -0.417479 1.508533 -0.526846
v -0.356249 1.520713 -0.526846
v -0.469386 1.473850 -0.526846
v -0.504070 1.421942 -0.526846
v -0.516249 1.360713 -0.526847
v -0.504070 1.299483 -0.526847
v -0.469386 1.247576 -0.526847
v -0.417479 1.212892 -0.526848
v -0.356249 1.200713 -0.526848
v -0.295020 1.212892 -0.526848
v -0.243112 1.247576 -0.526847
v -0.208429 1.299483 -0.526847
v -0.196249 1.360713 -0.526847
v -0.208429 1.421942 -0.526846
v -0.243112 1.473850 -0.526846
v -0.295020 1.508533 -0.526846
v -0.356249 1.536591 -1.026846
v -0.423554 1.523203 -1.026846
v -0.480612 1.485078 -1.026846
v -0.518737 1.428020 -1.026846
v -0.532125 1.360716 -1.026847
v -0.518737 1.293411 -1.026847
v -0.480612 1.236353 -1.026848
v -0.423554 1.198228 -1.026848
v -0.356249 1.184840 -1.026848
v -0.288945 1.198228 -1.026848
v -0.231887 1.236353 -1.026848
v -0.193762 1.293411 -1.026847
v -0.180374 1.360716 -1.026847
v -0.193762 1.428020 -1.026846
v -0.231887 1.485078 -1.026846
v -0.288945 1.523203 -1.026846
v -0.356249 1.536592 -1.096846
v -0.423554 1.523204 -1.096846
v -0.480612 1.485079 -1.096846
v -0.518737 1.428021 -1.096846
v -0.532125 1.360716 -1.096847
v -0.518737 1.293412 -1.096847
v -0.480612 1.236353 -1.096848
v -0.423554 1.198228 -1.096848
v -0.356249 1.184841 -1.096848
v -0.288945 1.198228 -1.096848
v -0.231887 1.236353 -1.096848
v -0.193762 1.293412 -1.096847
v -0.180374 1.360716 -1.096847
v -0.193762 1.428021 -1.096846
v -0.231887 1.485079 -1.096846
v -0.288945 1.523204 -1.096846
v -0.356249 1.520713 0.932289
v -0.417479 1.508533 0.932289
v -0.469386 1.473850 0.932289
v -0.504070 1.421942 0.932288
v -0.516249 1.360713 0.932288
v -0.504070 1.299483 0.932287
v -0.469386 1.247576 0.932287
v -0.417479 1.212892 0.932287
v -0.356249 1.200713 0.932287
v -0.295020 1.212892 0.932287
v -0.243112 1.247576 0.932287
v -0.208429 1.299483 0.932287
v -0.196249 1.360713 0.932288
v -0.208429 1.421942 0.932288
v -0.243112 1.473850 0.932289
v -0.295020 1.508533 0.932289
v -0.356249 1.552713 0.952289
v -0.429725 1.538098 0.952289
v -0.492014 1.496477 0.952289
v -0.533634 1.434188 0.952288
v -0.548249 1.360713 0.952288
v -0.533634 1.287237 0.952287
v -0.492014 1.224948 0.952287
v -0.429725 1.183328 0.952286
v -0.356249 1.168713 0.952286
v -0.282774 1.183328 0.952286
v -0.220485 1.224948 0.952287
v -0.178865 1.287237 0.952287
v -0.164249 1.360713 0.952288
v -0.178865 1.434188 0.952288
v -0.220485 1.496477 0.952289
v -0.282774 1.538098 0.952289
v -0.356249 1.460123 1.042288
v -0.394292 1.452556 1.042288
v -0.426544 1.431006 1.042288
v -0.448093 1.398755 1.042288
v -0.455660 1.360712 1.042288
v -0.448093 1.322669 1.042287
v -0.426544 1.290418 1.042287
v -0.394292 1.268868 1.042287
v -0.356249 1.261301 1.042287
v -0.318206 1.268868 1.042287
v -0.285955 1.290418 1.042287
v -0.264406 1.322669 1.042287
v -0.256838 1.360712 1.042288
v -0.264406 1.398755 1.042288
v -0.285955 1.431006 1.042288
v -0.318206 1.452556 1.042288
v -0.429725 1.538097 1.042289
v -0.356249 1.552712 1.042289
v -0.492014 1.496476 1.042289
v -0.533634 1.434187 1.042288
v -0.548249 1.360712 1.042288
v -0.533634 1.287237 1.042287
v -0.492014 1.224947 1.042287
v -0.429725 1.183327 1.042286
v -0.356249 1.168712 1.042286
v -0.282774 1.183327 1.042286
v -0.220485 1.224947 1.042287
v -0.178865 1.287237 1.042287
v -0.164249 1.360712 1.042288
v -0.178865 1.434187 1.042288
v -0.220485 1.496476 1.042289
v -0.282774 1.538097 1.042289
v -0.356249 1.460130 0.742288
v -0.394292 1.452563 0.742288
v -0.426544 1.431014 0.742288
v -0.448093 1.398762 0.742288
v -0.455660 1.360719 0.742288
v -0.448093 1.322676 0.742287
v -0.426544 1.290425 0.742287
v -0.394292 1.268876 0.742287
v -0.356249 1.261309 0.742287
v -0.318206 1.268876 0.742287
v -0.285955 1.290425 0.742287
v -0.264406 1.322676 0.742287
v -0.256838 1.360719 0.742288
v -0.264406 1.398762 0.742288
v -0.285955 1.431014 0.742288
v -0.318206 1.452563 0.742288
v -0.382520 1.246802 0.651334
v -0.354131 1.254409 0.645488
v -0.406586 1.240354 0.667982
v -0.422667 1.236045 0.692897
v -0.428314 1.234531 0.722288
v -0.422667 1.236044 0.751678
v -0.406586 1.240353 0.776593
v -0.382519 1.246801 0.793242
v -0.354131 1.254408 0.799088
v -0.325742 1.262015 0.793242
v -0.301675 1.268463 0.776593
v -0.285595 1.272772 0.751678
v -0.279948 1.274286 0.722288
v -0.285595 1.272773 0.692897
v -0.301676 1.268464 0.667982
v -0.325742 1.262016 0.651334
v -0.286757 0.849410 0.651331
v -0.258368 0.857016 0.645485
v -0.310823 0.842961 0.667979
v -0.326904 0.838652 0.692895
v -0.332551 0.837139 0.722285
v -0.326904 0.838652 0.751675
v -0.310823 0.842960 0.776590
v -0.286756 0.849409 0.793239
v -0.258368 0.857015 0.799085
v -0.229979 0.864622 0.793239
v -0.205912 0.871071 0.776590
v -0.189832 0.875380 0.751675
v -0.184185 0.876893 0.722285
v -0.189832 0.875381 0.692895
v -0.205913 0.871072 0.667979
v -0.229979 0.864623 0.651331
v -0.116249 1.676713 0.332288
v -0.152987 1.669405 0.332288
v -0.184132 1.648595 0.332288
v -0.204942 1.617450 0.332288
v -0.212249 1.580713 0.332288
v -0.204942 1.543975 0.332287
v -0.184132 1.512830 0.332287
v -0.152987 1.492020 0.332287
v -0.116249 1.484713 0.332287
v -0.079512 1.492020 0.332287
v -0.048367 1.512830 0.332287
v -0.027557 1.543975 0.332287
v -0.020249 1.580713 0.332288
v -0.027557 1.617450 0.332288
v -0.048367 1.648595 0.332288
v -0.079512 1.669405 0.332288
v -0.116249 1.676709 0.802288
v -0.152987 1.669402 0.802288
v -0.184132 1.648591 0.802288
v -0.204942 1.617447 0.802288
v -0.212249 1.580709 0.802288
v -0.204942 1.543972 0.802287
v -0.184132 1.512827 0.802287
v -0.152987 1.492017 0.802287
v -0.116249 1.484709 0.802287
v -0.079512 1.492017 0.802287
v -0.048367 1.512827 0.802287
v -0.027557 1.543972 0.802287
v -0.020249 1.580709 0.802288
v -0.027557 1.617447 0.802288
v -0.048367 1.648591 0.802288
v -0.079512 1.669402 0.802288
v -0.354198 1.488468 0.762288
v -0.168291 1.640203 0.762288
v -0.354198 1.488468 0.382288
v -0.168291 1.640203 0.382288
v -0.264208 1.381222 0.762288
v -0.078301 1.532957 0.762288
v -0.264208 1.381222 0.382288
v -0.078301 1.532957 0.382288
v -0.423450 0.863353 0.232625
v -0.423450 1.249633 0.354719
v -0.423450 0.905028 0.096271
v -0.423450 1.249633 0.218365
v -0.289050 0.863353 0.232625
v -0.289050 1.249633 0.354719
v -0.289050 0.905028 0.096271
v -0.289050 1.249633 0.218365
v -0.423450 1.054098 0.291181
v -0.423450 1.177521 0.179923
v -0.289050 1.177521 0.179923
v -0.289050 1.054098 0.291181
v -0.423450 1.249633 0.522950
v -0.289050 1.249633 0.522950
v -0.423450 1.054098 0.522950
v -0.289050 1.054098 0.522950
v -0.447491 1.236809 0.372013
v -0.461944 1.233935 0.372013
v -0.474197 1.225748 0.372013
v -0.482384 1.213495 0.372013
v -0.485259 1.199042 0.372012
v -0.482384 1.184589 0.372012
v -0.474197 1.172336 0.372012
v -0.461944 1.164149 0.372012
v -0.447491 1.161274 0.372012
v -0.433038 1.164149 0.372012
v -0.420785 1.172336 0.372012
v -0.412598 1.184589 0.372012
v -0.409724 1.199042 0.372012
v -0.412598 1.213495 0.372013
v -0.420785 1.225747 0.372013
v -0.433038 1.233935 0.372013
v -0.461944 1.233938 -0.497059
v -0.447491 1.236813 -0.497059
v -0.474197 1.225751 -0.497059
v -0.482384 1.213498 -0.497059
v -0.485259 1.199045 -0.497059
v -0.482384 1.184592 -0.497059
v -0.474197 1.172340 -0.497059
v -0.461944 1.164153 -0.497059
v -0.447491 1.161278 -0.497059
v -0.433038 1.164153 -0.497059
v -0.420785 1.172340 -0.497059
v -0.412598 1.184592 -0.497059
v -0.409724 1.199045 -0.497059
v -0.412598 1.213498 -0.497059
v -0.420785 1.225751 -0.497059
v -0.433038 1.233938 -0.497059
v -0.447491 1.161275 0.322189
v -0.447491 1.161277 -0.447237
v -0.433038 1.164151 -0.447237
v -0.433038 1.164150 0.322189
v -0.461944 1.233936 0.322190
v -0.461944 1.233937 -0.447235
v -0.474197 1.225750 -0.447235
v -0.474197 1.225749 0.322190
v -0.420785 1.172338 -0.447236
v -0.420785 1.172337 0.322189
v -0.482384 1.213497 -0.447236
v -0.482384 1.213496 0.322190
v -0.412598 1.184591 -0.447236
v -0.412598 1.184590 0.322189
v -0.485259 1.199044 -0.447236
v -0.485259 1.199043 0.322190
v -0.409724 1.199044 -0.447236
v -0.409724 1.199043 0.322190
v -0.482384 1.184591 -0.447236
v -0.482384 1.184590 0.322189
v -0.412598 1.213497 -0.447236
v -0.412598 1.213496 0.322190
v -0.474197 1.172338 -0.447236
v -0.474197 1.172337 0.322189
v -0.420785 1.225750 -0.447235
v -0.420785 1.225749 0.322190
v -0.461944 1.164151 -0.447237
v -0.461944 1.164150 0.322189
v -0.433038 1.233937 -0.447235
v -0.433038 1.233936 0.322190
v -0.447491 1.236811 0.322190
v -0.447491 1.236812 -0.447235
v -0.403290 1.443920 -0.484148
v -0.403290 1.658316 -0.398682
v -0.403290 1.473093 -0.579596
v -0.403290 1.658316 -0.494130
v -0.309210 1.443920 -0.484148
v -0.309210 1.658316 -0.398682
v -0.309210 1.473093 -0.579596
v -0.309210 1.658316 -0.494130
v -0.403290 1.577442 -0.429159
v -0.403290 1.600838 -0.521040
v -0.309210 1.600838 -0.521040
v -0.309210 1.577442 -0.429159
v -0.403290 1.658316 -0.001786
v -0.309210 1.658316 -0.001786
v -0.403290 1.577442 -0.001786
v -0.309210 1.577442 -0.001786
v -0.309210 1.443920 0.386134
v -0.309210 1.658316 0.300667
v -0.309210 1.473093 0.481581
v -0.309210 1.658316 0.396115
v -0.403290 1.443920 0.386134
v -0.403290 1.658316 0.300667
v -0.403290 1.473093 0.481581
v -0.403290 1.658316 0.396115
v -0.309210 1.577442 0.331144
v -0.309210 1.600838 0.423025
v -0.403290 1.600838 0.423025
v -0.403290 1.577442 0.331144
v -0.309210 1.658316 0.182906
v -0.403290 1.658316 0.182906
v -0.309210 1.577442 0.182906
v -0.403290 1.577442 0.182906
v -0.449338 1.637872 -0.631027
v -0.436249 1.601911 -0.638639
v -0.423161 1.565951 -0.631027
v -0.367602 1.413305 -0.609350
v -0.454086 1.693736 -0.573995
v -0.435006 1.677613 -0.603967
v -0.416115 1.649964 -0.623994
v -0.400289 1.615000 -0.631027
v -0.389938 1.578043 -0.623994
v -0.386637 1.544720 -0.603967
v -0.393030 1.404050 -0.603967
v -0.442420 1.697983 -0.565699
v -0.413449 1.685459 -0.588639
v -0.387949 1.660215 -0.603967
v -0.369803 1.626096 -0.609350
v -0.361772 1.588295 -0.603967
v -0.365080 1.552566 -0.588639
v -0.414587 1.396204 -0.588639
v -0.434625 1.700820 -0.553284
v -0.399045 1.690701 -0.565699
v -0.369130 1.667065 -0.573995
v -0.349433 1.633510 -0.576908
v -0.342953 1.595144 -0.573995
v -0.350676 1.557809 -0.565699
v -0.428991 1.390962 -0.565699
v -0.431887 1.701816 -0.538639
v -0.393987 1.692542 -0.538639
v -0.362522 1.669470 -0.538639
v -0.342280 1.636114 -0.538639
v -0.336344 1.597550 -0.538639
v -0.345619 1.559650 -0.538639
v -0.434049 1.389121 -0.538639
v -0.434625 1.700820 -0.523994
v -0.399045 1.690701 -0.511579
v -0.369130 1.667065 -0.503284
v -0.349433 1.633510 -0.500371
v -0.342953 1.595144 -0.503284
v -0.350676 1.557809 -0.511579
v -0.428991 1.390962 -0.511579
v -0.442420 1.697983 -0.511579
v -0.413449 1.685459 -0.488639
v -0.387949 1.660215 -0.473311
v -0.369803 1.626096 -0.467928
v -0.361772 1.588294 -0.473311
v -0.365080 1.552566 -0.488639
v -0.414587 1.396204 -0.488639
v -0.454086 1.693736 -0.503284
v -0.435006 1.677613 -0.473311
v -0.416115 1.649964 -0.453284
v -0.400289 1.615000 -0.446251
v -0.389938 1.578043 -0.453284
v -0.386637 1.544720 -0.473311
v -0.393030 1.404050 -0.473311
v -0.467848 1.688728 -0.500371
v -0.460434 1.668358 -0.467928
v -0.449338 1.637872 -0.446251
v -0.436249 1.601911 -0.438639
v -0.423161 1.565951 -0.446251
v -0.412065 1.535465 -0.467928
v -0.367602 1.413305 -0.467928
v -0.470451 1.695881 -0.538639
v -0.481609 1.683719 -0.503284
v -0.485862 1.659103 -0.473311
v -0.482561 1.625780 -0.453284
v -0.472210 1.588823 -0.446251
v -0.456384 1.553859 -0.453284
v -0.437493 1.526210 -0.473311
v -0.342174 1.422560 -0.473311
v -0.493276 1.679473 -0.511579
v -0.507418 1.651257 -0.488639
v -0.510726 1.615528 -0.473311
v -0.502696 1.577727 -0.467929
v -0.484549 1.543607 -0.473311
v -0.459049 1.518364 -0.488639
v -0.320618 1.430406 -0.488639
v -0.501071 1.676636 -0.523995
v -0.521822 1.646014 -0.511579
v -0.529546 1.608679 -0.503284
v -0.523066 1.570313 -0.500371
v -0.503369 1.536758 -0.503284
v -0.473453 1.513121 -0.511579
v -0.306214 1.435649 -0.511579
v -0.503808 1.675639 -0.538639
v -0.526880 1.644173 -0.538639
v -0.536154 1.606273 -0.538639
v -0.530219 1.567709 -0.538639
v -0.509977 1.534352 -0.538639
v -0.478511 1.511281 -0.538639
v -0.301156 1.437490 -0.538639
v -0.501071 1.676636 -0.553284
v -0.521822 1.646014 -0.565699
v -0.529546 1.608679 -0.573995
v -0.523066 1.570313 -0.576908
v -0.503369 1.536758 -0.573995
v -0.473453 1.513122 -0.565699
v -0.306214 1.435649 -0.565699
v -0.493276 1.679473 -0.565699
v -0.507418 1.651257 -0.588639
v -0.510726 1.615528 -0.603967
v -0.502696 1.577727 -0.609350
v -0.484549 1.543607 -0.603967
v -0.459049 1.518364 -0.588639
v -0.320618 1.430406 -0.588639
v -0.481609 1.683719 -0.573995
v -0.485862 1.659103 -0.603967
v -0.482561 1.625780 -0.623994
v -0.472210 1.588823 -0.631027
v -0.456384 1.553859 -0.623994
v -0.437493 1.526210 -0.603967
v -0.342174 1.422560 -0.603967
v -0.467848 1.688728 -0.576908
v -0.460434 1.668358 -0.609350
v -0.412065 1.535465 -0.609350
v -0.614518 1.361912 -0.631027
v -0.576249 1.361912 -0.638639
v -0.537981 1.361912 -0.631027
v -0.375539 1.361912 -0.609350
v -0.668637 1.376556 -0.573995
v -0.646960 1.388971 -0.603967
v -0.614518 1.397267 -0.623994
v -0.576249 1.400180 -0.631027
v -0.537981 1.397267 -0.623994
v -0.505539 1.388971 -0.603967
v -0.375539 1.334852 -0.603967
v -0.668637 1.388971 -0.565699
v -0.646960 1.411912 -0.588639
v -0.614518 1.427240 -0.603967
v -0.576249 1.432622 -0.609350
v -0.537981 1.427240 -0.603967
v -0.505539 1.411912 -0.588639
v -0.375539 1.311911 -0.588639
v -0.668637 1.397267 -0.553284
v -0.646960 1.427240 -0.565699
v -0.614518 1.447267 -0.573995
v -0.576249 1.454300 -0.576908
v -0.537981 1.447267 -0.573995
v -0.505539 1.427240 -0.565699
v -0.375539 1.296583 -0.565699
v -0.668637 1.400180 -0.538639
v -0.646960 1.432622 -0.538639
v -0.614518 1.454300 -0.538639
v -0.576249 1.461912 -0.538639
v -0.537981 1.454300 -0.538639
v -0.505539 1.432622 -0.538639
v -0.375539 1.291201 -0.538639
v -0.668637 1.397267 -0.523995
v -0.646960 1.427240 -0.511579
v -0.614518 1.447267 -0.503284
v -0.576249 1.454300 -0.500371
v -0.537981 1.447267 -0.503284
v -0.505539 1.427240 -0.511579
v -0.375539 1.296583 -0.511579
v -0.668637 1.388971 -0.511579
v -0.646960 1.411912 -0.488639
v -0.614518 1.427240 -0.473311
v -0.576249 1.432622 -0.467928
v -0.537981 1.427240 -0.473311
v -0.505539 1.411911 -0.488639
v -0.375539 1.311911 -0.488639
v -0.668637 1.376556 -0.503284
v -0.646960 1.388971 -0.473311
v -0.614518 1.397267 -0.453284
v -0.576249 1.400180 -0.446251
v -0.537981 1.397267 -0.453284
v -0.505539 1.388971 -0.473311
v -0.375539 1.334852 -0.473311
v -0.668637 1.361912 -0.500371
v -0.646960 1.361912 -0.467929
v -0.614518 1.361912 -0.446251
v -0.576249 1.361912 -0.438639
v -0.537981 1.361912 -0.446251
v -0.505539 1.361912 -0.467928
v -0.375539 1.361911 -0.467928
v -0.676249 1.361912 -0.538639
v -0.668637 1.347267 -0.503284
v -0.646960 1.334852 -0.473311
v -0.614518 1.326556 -0.453284
v -0.576249 1.323643 -0.446251
v -0.537981 1.326556 -0.453284
v -0.505539 1.334852 -0.473311
v -0.375539 1.388971 -0.473311
v -0.668637 1.334852 -0.511579
v -0.646960 1.311911 -0.488639
v -0.614518 1.296583 -0.473311
v -0.576249 1.291201 -0.467929
v -0.537981 1.296583 -0.473311
v -0.505539 1.311911 -0.488639
v -0.375539 1.411911 -0.488639
v -0.668637 1.326556 -0.523995
v -0.646960 1.296583 -0.511579
v -0.614518 1.276556 -0.503284
v -0.576249 1.269524 -0.500371
v -0.537981 1.276556 -0.503284
v -0.505539 1.296583 -0.511579
v -0.375539 1.427240 -0.511579
v -0.668637 1.323643 -0.538639
v -0.646960 1.291201 -0.538639
v -0.614518 1.269524 -0.538639
v -0.576249 1.261912 -0.538639
v -0.537981 1.269524 -0.538639
v -0.505539 1.291201 -0.538639
v -0.375539 1.432622 -0.538639
v -0.668637 1.326556 -0.553284
v -0.646960 1.296583 -0.565699
v -0.614518 1.276556 -0.573995
v -0.576249 1.269524 -0.576908
v -0.537981 1.276556 -0.573995
v -0.505539 1.296583 -0.565699
v -0.375539 1.427240 -0.565699
v -0.668637 1.334852 -0.565699
v -0.646960 1.311912 -0.588639
v -0.614518 1.296583 -0.603967
v -0.576249 1.291201 -0.609350
v -0.537981 1.296583 -0.603967
v -0.505539 1.311912 -0.588639
v -0.375539 1.411911 -0.588639
v -0.668637 1.347267 -0.573995
v -0.646960 1.334852 -0.603967
v -0.614518 1.326556 -0.623995
v -0.576249 1.323643 -0.631027
v -0.537981 1.326556 -0.623994
v -0.505539 1.334852 -0.603967
v -0.375539 1.388971 -0.603967
v -0.668637 1.361912 -0.576908
v -0.646960 1.361912 -0.609350
v -0.505539 1.361912 -0.609350
v -0.469386 1.247576 0.428463
v -0.417479 1.212892 0.428463
v -0.243112 1.473850 0.428465
v -0.295020 1.508533 0.428465
v -0.356249 1.200713 0.428463
v -0.356249 1.520713 0.428465
v -0.417479 1.508533 0.428465
v -0.295020 1.212892 0.428463
v -0.469386 1.473850 0.428465
v -0.243112 1.247576 0.428463
v -0.504070 1.421942 0.428464
v -0.208429 1.299483 0.428463
v -0.516249 1.360713 0.428464
v -0.196249 1.360713 0.428464
v -0.504070 1.299483 0.428463
v -0.208429 1.421942 0.428464
v -0.469386 1.247576 0.401168
v -0.243112 1.473850 0.401169
v -0.356249 1.520713 0.401170
v -0.417479 1.212892 0.401167
v -0.295020 1.508533 0.401169
v -0.356249 1.200713 0.401167
v -0.417479 1.508533 0.401169
v -0.295020 1.212892 0.401167
v -0.469386 1.473850 0.401169
v -0.243112 1.247576 0.401168
v -0.504070 1.421942 0.401169
v -0.208429 1.299483 0.401168
v -0.516249 1.360713 0.401168
v -0.196249 1.360713 0.401168
v -0.504070 1.299483 0.401168
v -0.208429 1.421942 0.401169
v -0.208429 1.421942 0.565114
v -0.196249 1.360713 0.565113
v -0.469386 1.247576 0.565113
v -0.504070 1.299483 0.565113
v -0.243112 1.473850 0.565114
v -0.417479 1.212892 0.565112
v -0.295020 1.508533 0.565114
v -0.356249 1.200713 0.565112
v -0.417479 1.508533 0.565114
v -0.356249 1.520713 0.565115
v -0.295020 1.212892 0.565112
v -0.469386 1.473850 0.565114
v -0.243112 1.247576 0.565113
v -0.504070 1.421942 0.565114
v -0.208429 1.299483 0.565113
v -0.516249 1.360713 0.565113
v 0.000000 0.123155 -0.800000
v 0.000000 0.161923 -0.768835
v 0.000000 0.142539 -0.795825
v 0.000000 0.156729 -0.784418
v 0.000000 0.161923 0.768835
v 0.000000 0.123155 0.800000
v 0.000000 0.156729 0.784418
v 0.000000 0.142539 0.795825
v 0.149992 0.161923 0.754062
v 0.156072 0.123155 0.784628
v 0.153032 0.156729 0.769345
v 0.155258 0.142539 0.780533
v 0.294220 0.161923 0.710311
v 0.306147 0.123155 0.739104
v 0.300184 0.156729 0.724707
v 0.304549 0.142539 0.735246
v 0.427142 0.161923 0.639263
v 0.444456 0.123155 0.665176
v 0.435799 0.156729 0.652219
v 0.442136 0.142539 0.661704
v 0.543648 0.161923 0.543649
v 0.565685 0.123155 0.565685
v 0.554667 0.156729 0.554667
v 0.562733 0.142539 0.562733
v 0.639263 0.161923 0.427142
v 0.665176 0.123155 0.444456
v 0.652219 0.156729 0.435799
v 0.661704 0.142539 0.442137
v 0.710311 0.161923 0.294220
v 0.739103 0.123155 0.306147
v 0.724707 0.156729 0.300184
v 0.735246 0.142539 0.304549
v 0.754062 0.161923 0.149992
v 0.784628 0.123155 0.156072
v 0.769345 0.156729 0.153032
v 0.780533 0.142539 0.155258
v 0.768835 0.161923 -0.000000
v 0.800000 0.123155 -0.000000
v 0.784417 0.156729 -0.000000
v 0.795825 0.142539 -0.000000
v 0.754062 0.161923 -0.149992
v 0.784628 0.123155 -0.156072
v 0.769345 0.156729 -0.153032
v 0.780533 0.142539 -0.155258
v 0.710311 0.161923 -0.294220
v 0.739103 0.123155 -0.306147
v 0.724707 0.156729 -0.300184
v 0.735246 0.142539 -0.304549
v 0.639263 0.161923 -0.427142
v 0.665176 0.123155 -0.444456
v 0.652219 0.156729 -0.435799
v 0.661704 0.142539 -0.442137
v 0.543648 0.161923 -0.543649
v 0.565685 0.123155 -0.565685
v 0.554667 0.156729 -0.554667
v 0.562733 0.142539 -0.562733
v 0.427142 0.161923 -0.639263
v 0.444456 0.123155 -0.665176
v 0.435799 0.156729 -0.652219
v 0.442136 0.142539 -0.661704
v 0.294220 0.161923 -0.710311
v 0.306147 0.123155 -0.739104
v 0.300184 0.156729 -0.724707
v 0.304549 0.142539 -0.735246
v 0.149992 0.161923 -0.754062
v 0.156072 0.123155 -0.784628
v 0.153032 0.156729 -0.769345
v 0.155258 0.142539 -0.780533
v 0.000000 -0.001878 -0.790430
v 0.000000 0.007646 -0.800000
v 0.000000 -0.000602 -0.795215
v 0.000000 0.002884 -0.798718
v 0.000000 0.007646 0.800000
v 0.000000 -0.001878 0.790430
v 0.000000 0.002884 0.798718
v 0.000000 -0.000602 0.795215
v 0.156072 0.007646 0.784628
v 0.154205 -0.001878 0.775242
v 0.155822 0.002884 0.783371
v 0.155139 -0.000602 0.779935
v 0.306147 0.007646 0.739104
v 0.302484 -0.001878 0.730262
v 0.305656 0.002884 0.737919
v 0.304315 -0.000602 0.734683
v 0.444456 0.007646 0.665176
v 0.439139 -0.001878 0.657218
v 0.443744 0.002884 0.664110
v 0.441798 -0.000602 0.661197
v 0.565685 0.007646 0.565685
v 0.558918 -0.001878 0.558918
v 0.564779 0.002884 0.564779
v 0.562302 -0.000602 0.562302
v 0.665176 0.007646 0.444456
v 0.657218 -0.001878 0.439139
v 0.664109 0.002884 0.443744
v 0.661197 -0.000602 0.441798
v 0.739103 0.007646 0.306147
v 0.730262 -0.001878 0.302484
v 0.737919 0.002884 0.305656
v 0.734683 -0.000602 0.304315
v 0.784628 0.007646 0.156072
v 0.775242 -0.001878 0.154205
v 0.783371 0.002884 0.155822
v 0.779935 -0.000602 0.155139
v 0.800000 0.007646 -0.000000
v 0.790429 -0.001878 -0.000000
v 0.798718 0.002884 -0.000000
v 0.795215 -0.000602 -0.000000
v 0.784628 0.007646 -0.156072
v 0.775242 -0.001878 -0.154205
v 0.783371 0.002884 -0.155822
v 0.779935 -0.000602 -0.155139
v 0.739103 0.007646 -0.306147
v 0.730262 -0.001878 -0.302484
v 0.737919 0.002884 -0.305656
v 0.734683 -0.000602 -0.304315
v 0.665176 0.007646 -0.444456
v 0.657218 -0.001878 -0.439139
v 0.664109 0.002884 -0.443744
v 0.661197 -0.000602 -0.441798
v 0.565685 0.007646 -0.565685
v 0.558918 -0.001878 -0.558918
v 0.564779 0.002884 -0.564779
v 0.562302 -0.000602 -0.562302
v 0.444456 0.007646 -0.665176
v 0.439139 -0.001878 -0.657218
v 0.443744 0.002884 -0.664110
v 0.441798 -0.000602 -0.661197
v 0.306147 0.007646 -0.739104
v 0.302484 -0.001878 -0.730262
v 0.305656 0.002884 -0.737919
v 0.304315 -0.000602 -0.734683
v 0.156072 0.007646 -0.784628
v 0.154205 -0.001878 -0.775242
v 0.155822 0.002884 -0.783371
v 0.155139 -0.000602 -0.779935
v -0.149992 0.161923 0.754062
v -0.156072 0.123155 0.784628
v -0.153032 0.156729 0.769345
v -0.155258 0.142539 0.780533
v -0.294220 0.161923 0.710311
v -0.306147 0.123155 0.739104
v -0.300184 0.156729 0.724707
v -0.304549 0.142539 0.735246
v -0.427142 0.161923 0.639263
v -0.444456 0.123155 0.665176
v -0.435799 0.156729 0.652219
v -0.442136 0.142539 0.661704
v -0.543648 0.161923 0.543649
v -0.565685 0.123155 0.565685
v -0.554667 0.156729 0.554667
v -0.562733 0.142539 0.562733
v -0.639263 0.161923 0.427142
v -0.665176 0.123155 0.444456
v -0.652219 0.156729 0.435799
v -0.661704 0.142539 0.442137
v -0.710311 0.161923 0.294220
v -0.739103 0.123155 0.306147
v -0.724707 0.156729 0.300184
v -0.735246 0.142539 0.304549
v -0.754062 0.161923 0.149992
v -0.784628 0.123155 0.156072
v -0.769345 0.156729 0.153032
v -0.780533 0.142539 0.155258
v -0.768835 0.161923 -0.000000
v -0.800000 0.123155 -0.000000
v -0.784417 0.156729 -0.000000
v -0.795825 0.142539 -0.000000
v -0.754062 0.161923 -0.149992
v -0.784628 0.123155 -0.156072
v -0.769345 0.156729 -0.153032
v -0.780533 0.142539 -0.155258
v -0.710311 0.161923 -0.294220
v -0.739103 0.123155 -0.306147
v -0.724707 0.156729 -0.300184
v -0.735246 0.142539 -0.304549
v -0.639263 0.161923 -0.427142
v -0.665176 0.123155 -0.444456
v -0.652219 0.156729 -0.435799
v -0.661704 0.142539 -0.442137
v -0.543648 0.161923 -0.543649
v -0.565685 0.123155 -0.565685
v -0.554667 0.156729 -0.554667
v -0.562733 0.142539 -0.562733
v -0.427142 0.161923 -0.639263
v -0.444456 0.123155 -0.665176
v -0.435799 0.156729 -0.652219
v -0.442136 0.142539 -0.661704
v -0.294220 0.161923 -0.710311
v -0.306147 0.123155 -0.739104
v -0.300184 0.156729 -0.724707
v -0.304549 0.142539 -0.735246
v -0.149992 0.161923 -0.754062
v -0.156072 0.123155 -0.784628
v -0.153032 0.156729 -0.769345
v -0.155258 0.142539 -0.780533
v -0.156072 0.007646 0.784628
v -0.154205 -0.001878 0.775242
v -0.155822 0.002884 0.783371
v -0.155139 -0.000602 0.779935
v -0.306147 0.007646 0.739104
v -0.302484 -0.001878 0.730262
v -0.305656 0.002884 0.737919
v -0.304315 -0.000602 0.734683
v -0.444456 0.007646 0.665176
v -0.439139 -0.001878 0.657218
v -0.443744 0.002884 0.664110
v -0.441798 -0.000602 0.661197
v -0.565685 0.007646 0.565685
v -0.558918 -0.001878 0.558918
v -0.564779 0.002884 0.564779
v -0.562302 -0.000602 0.562302
v -0.665176 0.007646 0.444456
v -0.657218 -0.001878 0.439139
v -0.664109 0.002884 0.443744
v -0.661197 -0.000602 0.441798
v -0.739103 0.007646 0.306147
v -0.730262 -0.001878 0.302484
v -0.737919 0.002884 0.305656
v -0.734683 -0.000602 0.304315
v -0.784628 0.007646 0.156072
v -0.775242 -0.001878 0.154205
v -0.783371 0.002884 0.155822
v -0.779935 -0.000602 0.155139
v -0.800000 0.007646 -0.000000
v -0.790429 -0.001878 -0.000000
v -0.798718 0.002884 -0.000000
v -0.795215 -0.000602 -0.000000
v -0.784628 0.007646 -0.156072
v -0.775242 -0.001878 -0.154205
v -0.783371 0.002884 -0.155822
v -0.779935 -0.000602 -0.155139
v -0.739103 0.007646 -0.306147
v -0.730262 -0.001878 -0.302484
v -0.737919 0.002884 -0.305656
v -0.734683 -0.000602 -0.304315
v -0.665176 0.007646 -0.444456
v -0.657218 -0.001878 -0.439139
v -0.664109 0.002884 -0.443744
v -0.661197 -0.000602 -0.441798
v -0.565685 0.007646 -0.565685
v -0.558918 -0.001878 -0.558918
v -0.564779 0.002884 -0.564779
v -0.562302 -0.000602 -0.562302
v -0.444456 0.007646 -0.665176
v -0.439139 -0.001878 -0.657218
v -0.443744 0.002884 -0.664110
v -0.441798 -0.000602 -0.661197
v -0.306147 0.007646 -0.739104
v -0.302484 -0.001878 -0.730262
v -0.305656 0.002884 -0.737919
v -0.304315 -0.000602 -0.734683
v -0.156072 0.007646 -0.784628
v -0.154205 -0.001878 -0.775242
v -0.155822 0.002884 -0.783371
v -0.155139 -0.000602 -0.779935
vn -0.0000 0.0781 0.9969
vn 0.6250 0.4673 0.6253
vn -0.0000 0.4628 0.8864
vn -0.0000 -0.0000 1.0000
vn 0.7046 0.0821 0.7049
vn 0.7046 0.0821 -0.7049
vn -0.0000 -0.0000 -1.0000
vn -0.0000 0.0781 -0.9969
vn 0.6250 0.4673 -0.6253
vn 1.0000 -0.0000 -0.0000
vn 0.9969 0.0782 -0.0000
vn 0.8864 0.4630 -0.0000
vn -0.0000 0.8696 0.4937
vn 0.2772 0.9199 0.2774
vn -0.0000 0.9035 0.4287
vn 0.3452 0.8727 0.3455
vn 0.3452 0.8727 -0.3455
vn -0.0000 0.4628 -0.8864
vn -0.0000 0.8696 -0.4937
vn 0.2772 0.9199 -0.2774
vn 0.4935 0.8698 -0.0000
vn 0.4284 0.9036 -0.0000
vn 0.6845 0.2492 0.6851
vn -0.0000 0.2279 0.9737
vn 0.6845 0.2493 -0.6851
vn -0.0000 0.9035 -0.4287
vn -0.0000 0.2279 -0.9737
vn 0.9737 0.2280 -0.0000
vn 0.7069 -0.0000 0.7073
vn 0.7664 -0.6423 -0.0000
vn 0.7069 -0.0000 -0.7073
vn 0.5553 -0.6189 -0.5555
vn -0.0000 -0.6424 -0.7664
vn 0.5553 -0.6189 0.5555
vn 0.9996 -0.0300 -0.0000
vn 0.6877 -0.2319 -0.6880
vn 0.6958 -0.0144 -0.7181
vn 0.8990 0.4380 -0.0000
vn 0.6958 -0.0144 0.7181
vn 0.6877 -0.2319 0.6880
vn 0.9747 -0.2236 -0.0000
vn -0.0000 0.0358 0.9994
vn -0.0000 0.4630 0.8864
vn -0.0000 0.4630 -0.8864
vn -0.0000 0.0358 -0.9994
vn -0.0000 -0.2234 -0.9747
vn -0.0000 -0.6668 -0.7453
vn -0.0000 -0.6668 0.7453
vn 0.7450 -0.6671 -0.0000
vn 0.5607 -0.6091 -0.5610
vn -0.0000 -0.6006 -0.7995
vn 0.5059 -0.6985 -0.5062
vn -0.0000 -0.6006 0.7995
vn 0.5059 -0.6985 0.5062
vn 0.5607 -0.6091 0.5610
vn -0.0000 -0.2234 0.9747
vn 0.7994 -0.6008 -0.0000
vn -0.0000 -1.0000 -0.0000
vn 0.2282 0.9347 -0.2726
vn 0.6010 0.4294 -0.6741
vn 0.3395 0.9406 -0.0000
vn -0.0000 0.9384 -0.3455
vn -0.0000 0.9384 0.3455
vn 0.2282 0.9347 0.2726
vn 0.6010 0.4294 0.6741
vn 0.6291 0.0530 0.7755
vn 0.3650 0.1745 0.9145
vn 0.3465 0.0677 0.9356
vn -0.4592 -0.6158 -0.6403
vn -0.4043 -0.5055 -0.7622
vn -0.3863 -0.4644 -0.7969
vn 0.3374 -0.0004 0.9414
vn 0.9535 0.0013 0.3015
vn 0.7528 -0.0002 0.6583
vn 0.9613 0.0004 0.2756
vn 0.9999 0.0009 0.0103
vn 1.0000 -0.0000 0.0096
vn -0.0000 0.0001 1.0000
vn -0.0000 0.0968 0.9953
vn -0.8952 0.3248 0.3054
vn -0.5384 -0.2110 0.8158
vn -0.8953 0.3258 0.3038
vn -0.8733 0.4857 0.0370
vn -0.8654 0.5010 -0.0000
vn -0.8643 0.5030 -0.0000
vn -0.3420 -0.0587 -0.9379
vn -0.4130 -0.1379 -0.9002
vn -0.6075 -0.0164 -0.7941
vn 0.2468 -0.8959 -0.3693
vn -0.5020 -0.8165 -0.2852
vn -0.4029 0.0184 -0.9151
vn -0.7379 0.0264 -0.6744
vn -0.9444 0.0362 -0.3269
vn -0.9217 -0.0003 -0.3880
vn -1.0000 0.0008 -0.0000
vn -1.0000 -0.0000 -0.0000
vn -0.3788 -0.4344 -0.8171
vn -0.0000 0.0001 -1.0000
vn 0.2600 -0.9656 -0.0000
vn -0.0000 -0.0897 -0.9960
vn -0.3644 -0.3440 -0.8654
vn -0.0002 -1.0000 -0.0000
vn -0.0001 -1.0000 -0.0000
vn 0.9984 0.0551 -0.0124
vn 0.9997 -0.0026 0.0239
vn 0.9867 -0.1611 -0.0238
vn -0.0768 0.9967 0.0259
vn 0.0763 0.9970 -0.0100
vn 0.0392 0.9992 -0.0000
vn 0.8982 -0.4197 -0.1308
vn -0.8386 0.5446 0.0122
vn -0.4907 0.8687 0.0679
vn 0.8632 -0.5049 -0.0000
vn -0.8611 0.5084 -0.0000
vn -0.8546 0.5190 -0.0198
vn 0.5826 0.7791 -0.2314
vn 0.8694 0.4065 -0.2810
vn 0.8873 0.3559 -0.2932
vn -0.0003 -1.0000 -0.0000
vn 0.4975 0.8675 0.0044
vn 0.5468 0.7454 -0.3812
vn -0.0000 1.0000 -0.0000
vn 0.9982 -0.0415 0.0433
vn 0.2973 0.4943 0.8169
vn 0.1583 0.3062 0.9387
vn 0.2051 0.3629 0.9090
vn -0.0000 0.2126 0.9771
vn 0.2499 0.4192 0.8728
vn 0.8872 -0.4495 -0.1040
vn 0.8921 -0.4298 -0.1392
vn 0.5242 0.1041 0.8452
vn 0.6280 0.1212 0.7687
vn -0.3403 -0.2811 -0.8973
vn -0.2394 -0.3209 -0.9163
vn -0.0000 -0.1815 -0.9834
vn -0.0000 -0.1947 -0.9809
vn 0.4898 0.8403 0.2324
vn 0.5083 0.8612 -0.0000
vn 0.5065 0.8623 -0.0000
vn 0.3978 0.7694 0.4998
vn 0.3897 0.7724 0.5015
vn 0.3661 0.6722 0.6435
vn 0.2976 -0.6327 0.7149
vn -0.5149 -0.2310 0.8256
vn -0.8724 0.4878 0.0312
vn 0.8655 -0.5010 -0.0000
vn 0.6780 -0.6339 0.3721
vn 0.3599 -0.6436 0.6754
vn -0.0000 0.1876 0.9823
vn -0.0000 0.2088 0.9780
vn -0.0000 0.1770 0.9842
vn 0.3650 0.1745 -0.9145
vn 0.5760 0.0546 -0.8157
vn 0.3465 0.0677 -0.9356
vn -0.4592 -0.6158 0.6403
vn -0.4043 -0.5055 0.7622
vn -0.3788 -0.4344 0.8171
vn 0.3374 -0.0004 -0.9414
vn 0.6710 -0.0009 -0.7415
vn 0.8993 0.0008 -0.4374
vn 0.9266 -0.0002 -0.3760
vn -0.0408 0.7106 -0.7024
vn 0.2035 0.6214 -0.7566
vn 0.2728 0.5867 -0.7625
vn -0.8734 0.4853 -0.0399
vn -0.3420 -0.0587 0.9379
vn -0.4130 -0.1379 0.9002
vn -0.3644 -0.3440 0.8654
vn 0.2468 -0.8959 0.3693
vn -0.5020 -0.8165 0.2852
vn -0.4029 0.0184 0.9151
vn -0.6075 -0.0164 0.7941
vn -0.9444 0.0362 0.3269
vn -0.7379 0.0264 0.6744
vn -0.9217 -0.0003 0.3880
vn -0.0000 -0.0897 0.9960
vn -0.5065 -0.8623 -0.0000
vn -0.0000 -0.1947 0.9809
vn -0.0002 -1.0000 -0.0001
vn -0.0001 -1.0000 -0.0001
vn 0.9981 0.0181 -0.0594
vn 0.9992 0.0354 -0.0185
vn 0.9978 -0.0517 -0.0420
vn 0.0708 0.9974 0.0113
vn -0.1175 0.9918 -0.0502
vn 0.8950 -0.4211 0.1472
vn -0.4274 0.8984 -0.1009
vn -0.8381 0.5453 -0.0165
vn -0.8546 0.5190 0.0198
vn 0.8296 0.3710 0.4173
vn 0.6235 0.7392 0.2546
vn 0.8177 0.3545 0.4535
vn 0.6134 0.7394 0.2774
vn 0.4984 0.8670 0.0026
vn -0.0000 -1.0000 0.0001
vn 0.2104 0.3617 -0.9083
vn 0.2233 0.4122 -0.8833
vn 0.2915 0.5019 -0.8143
vn -0.0000 0.2126 -0.9771
vn 0.6618 -0.6787 0.3185
vn 0.1588 0.2938 -0.9426
vn 0.6280 0.1212 -0.7687
vn 0.5242 0.1041 -0.8452
vn 0.6759 0.1184 -0.7274
vn -0.3863 -0.4644 0.7969
vn -0.2394 -0.3209 0.9163
vn -0.3403 -0.2811 0.8973
vn -0.0000 -0.1815 0.9834
vn 0.4968 0.7983 -0.3404
vn 0.4784 0.8115 -0.3355
vn 0.3964 0.7182 -0.5719
vn 0.3691 0.7326 -0.5719
vn 0.3661 0.6722 -0.6435
vn 0.4113 0.6927 -0.5925
vn 0.4050 0.5077 -0.7604
vn -0.7420 0.6363 -0.2109
vn 0.4892 0.4473 -0.7487
vn 0.5491 0.3986 -0.7346
vn -0.0000 0.0968 -0.9953
vn -0.0000 0.1876 -0.9823
vn -0.0000 0.2088 -0.9780
vn -0.9829 -0.0042 0.1839
vn -0.9826 -0.0006 0.1859
vn -0.9809 0.0205 0.1933
vn 0.9826 0.0006 -0.1859
vn 0.9829 0.0042 -0.1839
vn 0.9809 -0.0205 -0.1933
vn 0.2457 -0.5546 0.7950
vn 0.2953 -0.0000 0.9554
vn 0.9829 -0.0000 -0.1844
vn -0.9787 0.0718 0.1925
vn -0.9829 -0.0000 0.1844
vn 0.9787 -0.0718 -0.1925
vn -0.0013 1.0000 -0.0041
vn 0.2927 0.1315 0.9471
vn -0.2953 -0.0000 -0.9554
vn 0.0674 0.1215 0.9903
vn -0.0000 0.1287 0.9917
vn 0.0411 0.1314 0.9905
vn -0.0000 1.0000 -0.0028
vn -0.0051 1.0000 -0.0013
vn -0.0000 1.0000 -0.0042
vn 0.0332 -0.9391 0.3420
vn -0.0000 -0.9072 0.4207
vn -0.0000 -0.9825 0.1863
vn 0.0010 -0.0000 1.0000
vn -0.0000 -0.9964 0.0850
vn -0.0000 0.1878 -0.9822
vn -0.0000 -0.0519 -0.9987
vn -0.0000 0.9716 -0.2368
vn -0.0000 -0.4670 0.8843
vn -0.0000 -0.1147 0.9934
vn -0.0000 0.2532 0.9674
vn -0.0000 -0.2479 -0.9688
vn 0.0228 -0.9862 0.1639
vn 0.0351 -0.9864 0.1605
vn 0.0649 -0.9843 0.1640
vn 0.4529 0.3131 0.8348
vn -0.0000 0.5867 0.8098
vn -0.0000 0.3676 0.9300
vn 0.3231 0.7702 -0.5499
vn 0.7901 0.5851 -0.1829
vn 0.7921 0.5634 -0.2350
vn -0.0000 0.4516 -0.8922
vn 0.2881 0.1520 -0.9455
vn -0.0000 0.1552 -0.9879
vn -0.1433 -0.9897 -0.0079
vn -0.1106 -0.9938 0.0130
vn -0.1777 -0.9838 0.0243
vn 0.3721 0.7738 0.5126
vn -0.0000 0.9739 0.2271
vn -0.0000 0.8316 0.5553
vn 0.7084 -0.0131 -0.7057
vn 0.1979 -0.1220 -0.9726
vn 0.2163 0.0002 -0.9763
vn 0.4189 0.5650 0.7108
vn 0.8324 0.1863 0.5220
vn 0.8335 0.3735 0.4071
vn 0.7088 0.6263 0.3246
vn 0.9481 0.3115 -0.0633
vn 0.7470 0.6634 0.0438
vn -0.0000 0.7722 -0.6353
vn 0.2639 0.4341 -0.8614
vn 0.9693 0.1523 0.1932
vn 0.7239 0.3577 -0.5899
vn 0.9169 0.2040 0.3429
vn 0.8145 0.0880 0.5735
vn 0.8741 -0.0247 0.4852
vn 0.4710 0.1951 0.8603
vn -0.0000 0.2363 0.9717
vn 0.2693 0.0732 -0.9603
vn 0.6971 0.1119 -0.7082
vn 0.7168 0.1285 -0.6853
vn 0.4740 0.0796 0.8769
vn -0.0000 0.1190 0.9929
vn 0.8046 -0.0455 0.5921
vn 0.9026 -0.0330 -0.4291
vn 0.9391 -0.0307 -0.3422
vn 0.7002 -0.2408 -0.6721
vn 0.8391 0.0083 0.5440
vn -0.0000 -0.2552 -0.9669
vn -0.1119 -0.6474 -0.7539
vn -0.3602 -0.2469 -0.8996
vn -0.2471 -0.2004 0.9480
vn -0.5122 -0.5929 0.6214
vn -0.1899 -0.6235 0.7584
vn -0.6656 -0.7449 0.0453
vn -0.2222 -0.9397 0.2600
vn -0.0000 -0.9356 -0.3531
vn -0.0674 -0.9557 0.2867
vn -0.3350 -0.9421 0.0159
vn -0.3212 -0.9044 -0.2808
vn 0.0868 -0.9684 0.2338
vn 0.2590 -0.6810 0.6849
vn 0.2702 -0.6462 0.7137
vn -0.0713 -0.2594 -0.9631
vn -0.0315 -0.5020 -0.8643
vn -0.0000 -0.5160 -0.8566
vn 0.3540 -0.0226 0.9350
vn 0.3476 -0.1911 0.9180
vn 0.3540 -0.0208 0.9350
vn -0.0018 -0.1681 -0.9858
vn -0.1001 -0.2700 -0.9576
vn 0.0004 -0.9972 -0.0743
vn 0.0678 -0.9804 0.1851
vn 0.3539 0.0318 0.9347
vn -0.0000 -0.0139 -0.9999
vn -0.4276 -0.0516 -0.9025
vn -0.1884 -0.1220 0.9745
vn -0.4991 -0.1321 0.8564
vn -0.1654 -0.0390 0.9855
vn -0.5099 -0.1562 0.8459
vn 0.1120 -0.8757 -0.4696
vn -0.0339 0.0177 -0.9993
vn 0.3465 -0.2063 0.9151
vn 0.3537 0.0477 0.9342
vn -0.1437 0.1309 0.9809
vn -0.5379 -0.0496 0.8415
vn -0.0000 -0.8928 -0.4504
vn -0.0000 -0.9060 -0.4232
vn -0.0000 -0.9978 -0.0658
vn -0.0000 -0.9806 0.1958
vn -0.0000 -0.9766 0.2152
vn 0.7925 -0.1159 0.5987
vn 0.7997 0.2211 0.5581
vn -0.0845 -0.9964 0.0111
vn -0.0000 -0.9998 0.0212
vn 0.5041 -0.0327 0.8630
vn -0.0000 0.0433 0.9991
vn -0.0000 -0.1736 -0.9848
vn -0.0000 -0.1280 -0.9918
vn 0.9406 -0.0113 -0.3393
vn -0.0000 0.1474 0.9891
vn -0.0000 -0.0172 0.9999
vn -0.0000 -0.0712 0.9975
vn -0.0000 -0.1851 0.9827
vn -0.0000 -0.6321 0.7749
vn -0.0000 -0.9480 0.3183
vn -0.0000 -0.0158 -0.9999
vn -0.0000 0.9654 -0.2609
vn 0.4411 0.8641 -0.2424
vn 0.3656 0.9060 0.2136
vn 0.9930 0.0172 -0.1171
vn 0.8660 0.3443 -0.3626
vn 0.9267 0.2149 -0.3082
vn 0.9159 0.3426 -0.2091
vn 0.9350 0.2825 -0.2146
vn -0.8339 0.0277 0.5512
vn -0.5557 0.1195 0.8228
vn -0.8173 0.0119 0.5761
vn -0.8202 -0.0017 0.5721
vn -0.7543 -0.0172 0.6563
vn -0.7160 -0.6950 -0.0663
vn -0.8060 -0.5392 0.2442
vn -0.7028 -0.6276 -0.3348
vn -0.6500 -0.7323 -0.2031
vn -0.7662 -0.2685 0.5839
vn -0.4250 -0.9019 -0.0774
vn -0.6716 -0.6929 -0.2625
vn -0.4191 -0.6609 -0.6225
vn -0.7890 -0.1767 -0.5884
vn -0.6881 -0.3885 -0.6128
vn -0.4693 0.0947 -0.8780
vn -0.5357 0.1033 -0.8381
vn -0.6616 -0.0774 -0.7459
vn 0.9798 0.1998 -0.0000
vn 0.9611 0.2744 0.0322
vn 0.9844 -0.0244 0.1743
vn 0.9717 0.2013 0.1236
vn 0.8529 -0.3728 0.3655
vn 0.9412 0.3377 -0.0134
vn 0.9611 0.2744 -0.0322
vn 0.5263 0.7867 0.3226
vn 0.5492 0.7714 -0.3213
vn 0.5492 0.7714 0.3213
vn 0.4442 0.4742 0.7601
vn 0.2882 -0.1279 0.9490
vn 0.2870 0.1664 0.9434
vn 0.3382 0.1390 0.9307
vn 0.3264 -0.4582 0.8267
vn 0.3438 -0.4774 0.8086
vn 0.3976 0.4767 0.7840
vn 0.3976 0.4767 -0.7840
vn 0.3382 0.1390 -0.9307
vn 0.4442 0.4742 -0.7601
vn 0.3438 -0.4774 -0.8086
vn 0.3691 -0.8596 -0.3533
vn 0.3692 -0.8577 -0.3578
vn 0.3691 -0.8596 0.3533
vn 0.3692 -0.8577 0.3578
vn 0.5263 0.7867 -0.3226
vn 0.2882 -0.1279 -0.9490
vn 0.3264 -0.4582 -0.8267
vn 0.2870 0.1664 -0.9434
vn 0.9227 -0.3720 -0.1010
vn 0.9227 -0.3720 0.1010
vn 0.9844 -0.0244 -0.1743
vn 0.8869 0.4619 0.0006
vn 0.8869 0.4619 -0.0006
vn 0.9412 0.3377 0.0134
vn 0.8529 -0.3728 -0.3655
vn 0.8899 -0.4207 -0.1763
vn 0.8899 -0.4207 0.1763
vn 0.9717 0.2013 -0.1236
vn 0.9814 0.1919 0.0026
vn 0.9774 0.1598 0.1386
vn 0.9724 0.1663 0.1636
vn 0.9213 0.1185 -0.3703
vn 0.8825 0.0089 -0.4702
vn 0.9309 0.1873 -0.3135
vn 0.8334 -0.1395 -0.5348
vn 0.8460 -0.0647 -0.5292
vn 0.8321 -0.1310 -0.5389
vn 0.8519 -0.0946 -0.5151
vn 0.8737 -0.0119 -0.4863
vn 0.9595 0.2511 -0.1273
vn 0.9047 0.0275 0.4252
vn 0.8951 -0.0120 0.4458
vn 0.8966 -0.0090 0.4428
vn 0.9319 0.0759 0.3546
vn 0.9081 0.0343 0.4174
vn 0.9645 0.2174 -0.1501
vn 0.9887 0.1440 -0.0409
vn 0.8904 -0.0273 0.4543
vn 0.8859 -0.0658 0.4592
vn 0.9469 0.1301 0.2941
vn -0.0000 0.9739 -0.2268
vn -0.0000 0.9969 0.0788
vn -0.0000 -0.9018 0.4322
vn -0.0000 -0.3356 -0.9420
vn -0.0000 -0.5804 -0.8144
vn -0.0000 0.2368 -0.9715
vn -0.0000 0.7196 -0.6944
vn -0.0000 0.2368 -0.9716
vn -0.0000 0.9385 0.3453
vn -0.0000 -0.8936 -0.4489
vn -0.0000 -0.0728 -0.9973
vn -0.0000 -0.1234 0.9924
vn -0.0000 -0.0112 0.9999
vn -0.0000 -0.9902 -0.1395
vn -0.0000 0.6900 0.7238
vn -0.0000 0.3141 0.9494
vn -0.0000 -0.3095 -0.9509
vn -0.0000 -0.3202 -0.9474
vn -0.0000 -0.1628 -0.9867
vn -0.0000 -0.6484 0.7613
vn -0.0000 -0.3518 0.9361
vn -0.0000 -0.9950 -0.0999
vn -0.0000 0.1457 0.9893
vn -0.0000 -0.9445 0.3286
vn -0.0000 0.1100 0.9939
vn 0.2495 0.2281 0.9411
vn 0.2477 0.2291 0.9414
vn 0.2504 0.2279 0.9409
vn -0.0000 -0.9888 0.1491
vn 0.0198 -0.9887 0.1486
vn -0.0000 -0.9888 0.1494
vn -0.0201 0.9887 -0.1486
vn -0.0000 0.9888 -0.1491
vn -0.0000 0.9888 -0.1494
vn -0.1160 -0.2453 -0.9625
vn -0.0889 -0.2321 -0.9686
vn -0.1121 -0.2309 -0.9665
vn 0.9959 -0.0000 -0.0906
vn -0.1224 -0.9874 -0.0998
vn -0.0716 -0.9793 -0.1892
vn 0.9660 -0.2538 -0.0490
vn 0.8766 -0.4813 -0.0061
vn 0.9660 -0.2538 -0.0489
vn 0.8587 -0.5125 0.0002
vn 0.5186 -0.8510 0.0825
vn 0.4865 -0.8692 0.0882
vn 0.2730 -0.9544 0.1204
vn 0.9591 0.2540 -0.1254
vn 0.8568 0.4927 -0.1521
vn 0.9591 0.2539 -0.1254
vn 0.8512 0.5021 -0.1531
vn 0.4751 0.8626 -0.1736
vn 0.2468 0.9546 -0.1669
vn 0.4830 0.8582 -0.1736
vn -0.0000 -0.4997 -0.8662
vn -0.0000 -0.9238 -0.3829
vn -0.0000 0.1304 0.9915
vn -0.0000 0.4997 0.8662
vn -0.0000 0.9238 0.3829
vn -0.0000 0.9238 -0.3829
vn -0.0000 -0.1304 0.9915
vn -0.0000 -0.1304 -0.9915
vn -0.0000 0.1304 -0.9915
vn -0.0000 -0.4997 0.8662
vn -0.0000 0.4997 -0.8662
vn -0.0000 -0.9238 0.3829
vn 0.0353 -0.9203 0.3897
vn 0.2421 -0.5726 0.7833
vn 0.1076 -0.9313 0.3481
vn -0.0010 -0.0000 -1.0000
vn -0.6250 0.4673 0.6253
vn -0.7046 0.0821 0.7049
vn -0.7046 0.0821 -0.7049
vn -0.6250 0.4673 -0.6253
vn -0.9969 0.0782 -0.0000
vn -0.8864 0.4630 -0.0000
vn -0.2772 0.9199 0.2774
vn -0.3452 0.8727 0.3455
vn -0.3452 0.8727 -0.3455
vn -0.2772 0.9199 -0.2774
vn -0.4935 0.8698 -0.0000
vn -0.4284 0.9036 -0.0000
vn -0.6845 0.2492 0.6851
vn -0.6845 0.2493 -0.6851
vn -0.9737 0.2280 -0.0000
vn -0.7664 -0.6423 -0.0000
vn -0.7069 -0.0000 0.7073
vn -0.7069 -0.0000 -0.7073
vn -0.5553 -0.6189 -0.5555
vn -0.5553 -0.6189 0.5555
vn -0.0000 -0.6424 0.7664
vn -0.9996 -0.0300 -0.0000
vn -0.6877 -0.2319 -0.6880
vn -0.9747 -0.2236 -0.0000
vn -0.8990 0.4380 -0.0000
vn -0.6958 -0.0144 -0.7181
vn -0.6958 -0.0144 0.7181
vn -0.6877 -0.2319 0.6880
vn -0.7450 -0.6671 -0.0000
vn -0.5607 -0.6091 -0.5610
vn -0.5059 -0.6985 -0.5062
vn -0.5059 -0.6985 0.5062
vn -0.5607 -0.6091 0.5610
vn -0.7994 -0.6008 -0.0000
vn -0.2282 0.9347 -0.2726
vn -0.6010 0.4294 -0.6741
vn -0.3395 0.9406 -0.0000
vn -0.2282 0.9347 0.2726
vn -0.6010 0.4294 0.6741
vn -0.3650 0.1745 0.9145
vn -0.6291 0.0530 0.7755
vn -0.3465 0.0677 0.9356
vn 0.4592 -0.6158 -0.6403
vn 0.4043 -0.5055 -0.7622
vn 0.3788 -0.4344 -0.8171
vn -0.3374 -0.0004 0.9414
vn -0.7528 -0.0002 0.6583
vn -0.9535 0.0013 0.3015
vn -0.9613 0.0004 0.2756
vn -0.9999 0.0009 0.0103
vn -1.0000 -0.0000 0.0096
vn 0.8952 0.3248 0.3054
vn 0.5384 -0.2110 0.8158
vn 0.5149 -0.2310 0.8256
vn 0.8654 0.5010 -0.0000
vn 0.8733 0.4857 0.0370
vn 0.8643 0.5030 -0.0000
vn 0.3420 -0.0587 -0.9379
vn 0.4130 -0.1379 -0.9002
vn 0.3644 -0.3440 -0.8654
vn -0.2468 -0.8959 -0.3693
vn 0.5020 -0.8165 -0.2852
vn 0.4029 0.0184 -0.9151
vn 0.6075 -0.0164 -0.7941
vn 0.9444 0.0362 -0.3269
vn 0.7379 0.0264 -0.6744
vn 0.9217 -0.0003 -0.3880
vn 1.0000 0.0008 -0.0000
vn -0.2600 -0.9656 -0.0000
vn 0.5065 -0.8623 -0.0000
vn 0.0002 -1.0000 -0.0000
vn 0.0001 -1.0000 -0.0000
vn -0.9997 -0.0026 0.0239
vn -0.9984 0.0551 -0.0124
vn -0.9867 -0.1611 -0.0238
vn -0.0763 0.9970 -0.0100
vn 0.0768 0.9967 0.0259
vn -0.0392 0.9992 -0.0000
vn -0.8982 -0.4197 -0.1308
vn 0.4907 0.8687 0.0679
vn 0.8386 0.5446 0.0122
vn -0.8632 -0.5049 -0.0000
vn 0.8546 0.5190 -0.0198
vn 0.8611 0.5084 -0.0000
vn -0.8694 0.4065 -0.2810
vn -0.5826 0.7791 -0.2314
vn -0.8873 0.3559 -0.2932
vn 0.0003 -1.0000 -0.0000
vn -0.4975 0.8675 0.0044
vn -0.4984 0.8670 0.0026
vn -0.2104 0.3617 0.9083
vn -0.2233 0.4122 0.8833
vn -0.2915 0.5019 0.8143
vn -0.8872 -0.4495 -0.1040
vn -0.1588 0.2938 0.9426
vn -0.6280 0.1212 0.7687
vn -0.5242 0.1041 0.8452
vn -0.6759 0.1184 0.7274
vn 0.3863 -0.4644 -0.7969
vn 0.2394 -0.3209 -0.9163
vn 0.3403 -0.2811 -0.8973
vn -0.4898 0.8403 0.2324
vn -0.5083 0.8612 -0.0000
vn -0.5080 0.8324 0.2216
vn -0.3978 0.7694 0.4998
vn -0.3897 0.7724 0.5015
vn -0.3661 0.6722 0.6435
vn -0.4113 0.6927 0.5925
vn -0.2976 -0.6327 0.7149
vn 0.8724 0.4878 0.0312
vn -0.8655 -0.5010 -0.0000
vn -0.3599 -0.6436 0.6754
vn -0.6780 -0.6339 0.3721
vn -0.5760 0.0546 -0.8157
vn -0.3650 0.1745 -0.9145
vn -0.3465 0.0677 -0.9356
vn 0.4592 -0.6158 0.6403
vn 0.4043 -0.5055 0.7622
vn 0.3863 -0.4644 0.7969
vn -0.3374 -0.0004 -0.9414
vn -0.8993 0.0008 -0.4374
vn -0.6710 -0.0009 -0.7415
vn -0.9266 -0.0002 -0.3760
vn 0.0408 0.7106 -0.7024
vn -0.2035 0.6214 -0.7566
vn 0.7420 0.6363 -0.2109
vn 0.8734 0.4853 -0.0399
vn 0.3420 -0.0587 0.9379
vn 0.4130 -0.1379 0.9002
vn 0.6075 -0.0164 0.7941
vn -0.2468 -0.8959 0.3693
vn 0.5020 -0.8165 0.2852
vn 0.4029 0.0184 0.9151
vn 0.7379 0.0264 0.6744
vn 0.9444 0.0362 0.3269
vn 0.9217 -0.0003 0.3880
vn 0.3788 -0.4344 0.8171
vn 0.3644 -0.3440 0.8654
vn 0.0002 -1.0000 -0.0001
vn 0.0001 -1.0000 -0.0001
vn -0.9992 0.0354 -0.0185
vn -0.9981 0.0181 -0.0594
vn -0.9978 -0.0517 -0.0420
vn 0.1175 0.9918 -0.0502
vn -0.0708 0.9974 0.0113
vn -0.8950 -0.4211 0.1472
vn 0.8381 0.5453 -0.0165
vn 0.4274 0.8984 -0.1009
vn 0.8546 0.5190 0.0198
vn -0.6235 0.7392 0.2546
vn -0.8296 0.3710 0.4173
vn -0.8177 0.3545 0.4535
vn -0.6134 0.7394 0.2774
vn -0.9968 -0.0376 -0.0711
vn -0.2973 0.4943 -0.8169
vn -0.1583 0.3062 -0.9387
vn -0.2051 0.3629 -0.9090
vn -0.2499 0.4192 -0.8728
vn -0.6618 -0.6787 0.3185
vn -0.5242 0.1041 -0.8452
vn -0.6280 0.1212 -0.7687
vn 0.3403 -0.2811 0.8973
vn 0.2394 -0.3209 0.9163
vn -0.4968 0.7983 -0.3404
vn -0.5065 0.8623 -0.0000
vn -0.3964 0.7182 -0.5719
vn -0.4784 0.8115 -0.3355
vn -0.3661 0.6722 -0.6435
vn -0.3691 0.7326 -0.5719
vn -0.4050 0.5077 -0.7604
vn -0.2728 0.5867 -0.7625
vn 0.8736 0.4854 -0.0359
vn -0.8916 -0.4323 0.1348
vn -0.5491 0.3986 -0.7346
vn -0.4892 0.4473 -0.7487
vn -0.0000 0.1770 -0.9842
vn 0.9826 -0.0006 0.1859
vn 0.9829 -0.0042 0.1839
vn 0.9809 0.0205 0.1933
vn -0.9826 0.0006 -0.1859
vn -0.9829 0.0042 -0.1839
vn -0.9840 -0.0000 -0.1779
vn -0.2953 -0.0000 0.9554
vn -0.2457 -0.5546 0.7950
vn -0.9829 -0.0000 -0.1844
vn 0.9829 -0.0000 0.1844
vn 0.9787 0.0718 0.1925
vn -0.9787 -0.0718 -0.1925
vn 0.0013 1.0000 -0.0041
vn -0.2927 0.1315 0.9471
vn 0.2953 -0.0000 -0.9554
vn -0.0674 0.1215 0.9903
vn -0.0000 0.1188 0.9929
vn 0.0051 1.0000 -0.0013
vn -0.0332 -0.9391 0.3420
vn -0.0010 -0.0000 1.0000
vn -0.0228 -0.9862 0.1639
vn -0.0351 -0.9864 0.1605
vn -0.0230 -0.9886 0.1489
vn -0.4529 0.3131 0.8348
vn -0.3231 0.7702 -0.5499
vn -0.7901 0.5851 -0.1829
vn -0.4411 0.8641 -0.2424
vn -0.2881 0.1520 -0.9455
vn 0.1106 -0.9938 0.0130
vn 0.1433 -0.9897 -0.0079
vn 0.1777 -0.9838 0.0243
vn -0.3721 0.7738 0.5126
vn -0.3656 0.9060 0.2136
vn -0.7084 -0.0131 -0.7057
vn -0.1979 -0.1220 -0.9726
vn -0.7002 -0.2408 -0.6721
vn -0.4189 0.5650 0.7108
vn -0.8324 0.1863 0.5220
vn -0.9481 0.3115 -0.0633
vn -0.7088 0.6263 0.3246
vn -0.7470 0.6634 0.0438
vn -0.2639 0.4341 -0.8614
vn -0.9693 0.1523 0.1932
vn -0.9930 0.0172 -0.1171
vn -0.7239 0.3577 -0.5899
vn -0.9169 0.2040 0.3429
vn -0.8145 0.0880 0.5735
vn -0.8741 -0.0247 0.4852
vn -0.4710 0.1951 0.8603
vn -0.2693 0.0732 -0.9603
vn -0.6971 0.1119 -0.7082
vn -0.2163 0.0002 -0.9763
vn -0.7168 0.1285 -0.6853
vn -0.4740 0.0796 0.8769
vn -0.8046 -0.0455 0.5921
vn -0.9026 -0.0330 -0.4291
vn -0.9406 -0.0113 -0.3393
vn -0.9391 -0.0307 -0.3422
vn -0.9215 -0.0017 -0.3884
vn -0.8391 0.0083 0.5440
vn 0.1119 -0.6474 -0.7539
vn -0.0000 -0.6271 -0.7789
vn 0.2471 -0.2004 0.9480
vn 0.5122 -0.5929 0.6214
vn 0.4991 -0.1321 0.8564
vn 0.2222 -0.9397 0.2600
vn 0.6656 -0.7449 0.0453
vn 0.4250 -0.9019 -0.0774
vn 0.1899 -0.6235 0.7584
vn -0.2590 -0.6810 0.6849
vn -0.0868 -0.9684 0.2338
vn -0.2702 -0.6462 0.7137
vn 0.0315 -0.5020 -0.8643
vn 0.0713 -0.2594 -0.9631
vn -0.3540 -0.0226 0.9350
vn -0.3476 -0.1911 0.9180
vn -0.3465 -0.2063 0.9151
vn 0.1001 -0.2700 -0.9576
vn 0.0018 -0.1681 -0.9858
vn -0.0678 -0.9804 0.1851
vn -0.0004 -0.9972 -0.0743
vn -0.3539 0.0318 0.9347
vn 0.3602 -0.2469 -0.8996
vn 0.1884 -0.1220 0.9745
vn 0.5099 -0.1562 0.8459
vn 0.1654 -0.0390 0.9855
vn 0.5379 -0.0496 0.8415
vn -0.1120 -0.8757 -0.4696
vn -0.1883 -0.6933 -0.6956
vn -0.3537 0.0477 0.9342
vn 0.1437 0.1309 0.9809
vn 0.5557 0.1195 0.8228
vn -0.7925 -0.1159 0.5987
vn -0.7997 0.2211 0.5581
vn 0.0845 -0.9964 0.0111
vn -0.5041 -0.0327 0.8630
vn -0.8335 0.3735 0.4071
vn 0.0674 -0.9556 0.2867
vn -0.8660 0.3443 -0.3626
vn -0.9267 0.2149 -0.3082
vn -0.9159 0.3426 -0.2091
vn -0.7921 0.5634 -0.2350
vn -0.9350 0.2825 -0.2146
vn 0.8339 0.0277 0.5512
vn 0.8202 -0.0017 0.5721
vn 0.7543 -0.0172 0.6563
vn 0.7160 -0.6950 -0.0663
vn 0.8060 -0.5392 0.2442
vn 0.6500 -0.7323 -0.2031
vn 0.7028 -0.6276 -0.3348
vn -0.0649 -0.9843 0.1640
vn 0.7662 -0.2685 0.5839
vn 0.3350 -0.9421 0.0159
vn 0.6716 -0.6929 -0.2625
vn 0.4191 -0.6609 -0.6225
vn 0.3212 -0.9044 -0.2808
vn 0.6881 -0.3885 -0.6128
vn 0.7890 -0.1767 -0.5884
vn 0.4693 0.0947 -0.8780
vn 0.5357 0.1033 -0.8381
vn 0.4276 -0.0516 -0.9025
vn 0.6616 -0.0774 -0.7459
vn 0.7546 0.0166 -0.6560
vn -0.9611 0.2744 0.0322
vn -0.9798 0.1998 -0.0000
vn -0.9717 0.2013 0.1236
vn -0.9844 -0.0244 0.1743
vn -0.8529 -0.3728 0.3655
vn -0.9412 0.3377 -0.0134
vn -0.8869 0.4619 0.0006
vn -0.9611 0.2744 -0.0322
vn -0.5492 0.7714 -0.3213
vn -0.5263 0.7867 0.3226
vn -0.5492 0.7714 0.3213
vn -0.4442 0.4742 0.7601
vn -0.3976 0.4767 0.7840
vn -0.2882 -0.1279 0.9490
vn -0.2870 0.1664 0.9434
vn -0.2501 -0.0930 0.9638
vn -0.3264 -0.4582 0.8267
vn -0.3438 -0.4774 0.8086
vn -0.3382 0.1390 0.9307
vn -0.3382 0.1390 -0.9307
vn -0.3976 0.4767 -0.7840
vn -0.4442 0.4742 -0.7601
vn -0.3438 -0.4774 -0.8086
vn -0.3691 -0.8596 -0.3533
vn -0.3264 -0.4582 -0.8267
vn -0.3691 -0.8596 0.3533
vn -0.3692 -0.8577 0.3578
vn -0.5263 0.7867 -0.3226
vn -0.2882 -0.1279 -0.9490
vn -0.2501 -0.0930 -0.9638
vn -0.3692 -0.8577 -0.3578
vn -0.2870 0.1664 -0.9434
vn -0.9227 -0.3720 0.1010
vn -0.9844 -0.0244 -0.1743
vn -0.9227 -0.3720 -0.1010
vn -0.8869 0.4619 -0.0006
vn -0.9412 0.3377 0.0134
vn -0.8529 -0.3728 -0.3655
vn -0.8899 -0.4207 0.1763
vn -0.9717 0.2013 -0.1236
vn -0.8899 -0.4207 -0.1763
vn -0.9774 0.1598 0.1386
vn -0.9814 0.1919 0.0026
vn -0.9724 0.1663 0.1636
vn -0.9213 0.1185 -0.3703
vn -0.8825 0.0089 -0.4702
vn -0.8737 -0.0119 -0.4863
vn -0.8460 -0.0647 -0.5292
vn -0.8334 -0.1395 -0.5348
vn -0.8321 -0.1310 -0.5389
vn -0.8519 -0.0946 -0.5151
vn -0.9595 0.2511 -0.1273
vn -0.9309 0.1873 -0.3135
vn -0.8951 -0.0120 0.4458
vn -0.9047 0.0275 0.4252
vn -0.8966 -0.0090 0.4428
vn -0.9319 0.0759 0.3546
vn -0.9081 0.0343 0.4174
vn -0.9469 0.1301 0.2941
vn -0.9645 0.2174 -0.1501
vn -0.8904 -0.0273 0.4543
vn -0.8859 -0.0658 0.4592
vn -0.2489 0.2298 0.9409
vn -0.2496 0.2279 0.9411
vn -0.0000 0.2343 0.9722
vn -0.0198 -0.9887 0.1486
vn 0.0201 0.9887 -0.1486
vn 0.0202 0.9887 -0.1482
vn 0.1085 -0.2205 -0.9693
vn 0.1177 -0.2479 -0.9616
vn 0.1281 -0.2323 -0.9642
vn -0.9959 -0.0000 -0.0906
vn 0.1224 -0.9874 -0.0998
vn 0.0716 -0.9793 -0.1892
vn -0.9660 -0.2538 -0.0490
vn -0.8766 -0.4813 -0.0061
vn -0.8587 -0.5125 0.0002
vn -0.5186 -0.8510 0.0825
vn -0.4865 -0.8692 0.0882
vn -0.2730 -0.9544 0.1204
vn -0.2730 -0.9545 0.1204
vn -0.9591 0.2540 -0.1254
vn -0.8568 0.4927 -0.1521
vn -0.8512 0.5021 -0.1531
vn -0.4751 0.8626 -0.1736
vn -0.4830 0.8582 -0.1736
vn -0.2467 0.9546 -0.1669
vn -0.0353 -0.9203 0.3897
vn -0.0000 -0.7794 0.6265
vn -0.2421 -0.5726 0.7833
vn -0.1076 -0.9313 0.3481
vn 0.0010 -0.0000 -1.0000
vn -0.0000 0.9924 -0.1232
vn -0.3827 -0.9239 -0.0000
vn -0.7071 -0.7071 -0.0000
vn 0.7071 0.7071 -0.0000
vn 0.3827 0.9239 -0.0000
vn -0.3827 0.9239 -0.0000
vn 0.3827 -0.9239 -0.0000
vn -0.7071 0.7071 -0.0000
vn 0.7071 -0.7071 -0.0000
vn -0.9239 0.3827 -0.0000
vn 0.9239 -0.3827 -0.0000
vn -0.9239 -0.3827 -0.0000
vn 0.9239 0.3827 -0.0000
vn -0.9091 -0.3766 0.1781
vn -0.6958 -0.6958 0.1781
vn -0.0000 0.8705 -0.4922
vn -0.3331 0.8042 -0.4922
vn -0.6155 0.6155 -0.4922
vn -0.8042 0.3331 -0.4922
vn -0.8705 -0.0000 -0.4922
vn -0.8042 -0.3331 -0.4922
vn -0.6155 -0.6155 -0.4922
vn -0.3331 -0.8042 -0.4922
vn -0.0000 -0.8705 -0.4922
vn 0.3331 -0.8042 -0.4922
vn 0.6155 -0.6155 -0.4922
vn 0.8042 -0.3331 -0.4922
vn 0.8705 -0.0000 -0.4922
vn 0.8042 0.3331 -0.4922
vn 0.6155 0.6155 -0.4922
vn 0.3331 0.8042 -0.4922
vn 0.6958 0.6958 0.1782
vn 0.9091 0.3766 0.1782
vn -0.3766 -0.9091 0.1781
vn 0.3766 0.9091 0.1782
vn -0.0000 -0.9840 0.1781
vn -0.0000 0.9840 0.1782
vn -0.3766 0.9091 0.1782
vn 0.3766 -0.9091 0.1781
vn -0.6958 0.6958 0.1782
vn 0.6958 -0.6958 0.1781
vn -0.9091 0.3766 0.1782
vn 0.9091 -0.3766 0.1781
vn -0.9840 -0.0000 0.1782
vn 0.9840 -0.0000 0.1782
vn 0.3748 -0.3748 -0.8480
vn 0.2028 -0.4897 -0.8480
vn 0.2028 -0.4896 -0.8480
vn -0.3748 0.3748 -0.8480
vn -0.4897 0.2028 -0.8480
vn 0.4897 -0.2028 -0.8480
vn -0.5300 -0.0000 -0.8480
vn 0.5300 -0.0000 -0.8480
vn -0.4897 -0.2028 -0.8480
vn 0.4897 0.2028 -0.8480
vn -0.3748 -0.3748 -0.8480
vn 0.3748 0.3748 -0.8480
vn -0.2028 -0.4896 -0.8480
vn 0.2028 0.4897 -0.8480
vn -0.0000 -0.5300 -0.8480
vn -0.0000 0.5300 -0.8480
vn -0.2028 0.4897 -0.8480
vn 0.2588 -0.9659 -0.0000
vn -0.2588 0.9659 -0.0000
vn 0.3747 0.0903 0.9227
vn 0.6860 0.1653 0.7086
vn 0.6891 0.1660 0.7054
vn 0.8978 0.2163 0.3837
vn 0.8987 0.2166 0.3815
vn 0.9722 0.2343 -0.0000
vn 0.8987 0.2166 -0.3815
vn 0.8978 0.2163 -0.3837
vn 0.6891 0.1661 -0.7054
vn -0.0031 -0.0007 -1.0000
vn -0.3695 -0.0890 -0.9249
vn 0.0031 0.0007 -1.0000
vn 0.6860 0.1653 -0.7086
vn 0.3747 0.0903 -0.9227
vn -0.3747 -0.0903 -0.9227
vn -0.6860 -0.1653 -0.7086
vn 0.3695 0.0891 -0.9249
vn -0.6891 -0.1660 -0.7054
vn -0.8978 -0.2163 -0.3837
vn -0.8987 -0.2166 -0.3815
vn -0.9722 -0.2343 -0.0000
vn -0.8987 -0.2166 0.3815
vn -0.8978 -0.2163 0.3837
vn -0.6891 -0.1661 0.7054
vn -0.6860 -0.1653 0.7086
vn -0.3747 -0.0903 0.9227
vn -0.3695 -0.0891 0.9249
vn -0.0031 -0.0007 1.0000
vn 0.0031 0.0007 1.0000
vn 0.3695 0.0890 0.9249
vn -0.6323 0.7747 -0.0000
vn 0.6323 -0.7747 -0.0000
vn -0.7660 -0.6428 -0.0000
vn 0.7660 0.6428 -0.0000
vn -0.0000 0.4704 -0.8824
vn -0.0000 0.3837 -0.9235
vn -0.0000 -0.9563 -0.2923
vn -0.0000 -0.2935 0.9560
vn -0.0000 0.2935 -0.9560
vn -0.0000 0.4240 -0.9057
vn -0.0000 0.4204 -0.9074
vn -0.0000 -0.3808 0.9247
vn -0.0000 0.4167 -0.9090
vn -0.0000 0.4240 0.9057
vn -0.0000 0.4204 0.9074
vn -0.0000 -0.9563 0.2923
vn -0.0000 -0.3808 -0.9247
vn -0.0000 0.4167 0.9090
vn 0.1280 -0.3518 -0.9273
vn 0.3596 0.1309 -0.9239
vn 0.4615 -0.2304 -0.8567
vn -0.1280 0.3518 -0.9273
vn 0.0207 0.7473 -0.6641
vn 0.2054 0.4732 -0.8567
vn -0.3130 0.8600 -0.4031
vn -0.3420 0.9397 -0.0000
vn -0.1680 0.9127 -0.3724
vn 0.1900 -0.5221 -0.8315
vn 0.4890 -0.4132 -0.7682
vn -0.2378 0.6532 -0.7189
vn -0.3596 -0.1309 -0.9239
vn -0.2681 -0.8060 -0.5277
vn -0.6645 -0.2418 -0.7071
vn 0.7425 -0.3210 -0.5879
vn 0.4881 0.5760 -0.6557
vn 0.6645 0.2418 -0.7071
vn -0.0452 0.9575 -0.2850
vn 0.2399 0.8271 -0.5083
vn 0.8755 -0.3898 -0.2856
vn 0.7235 -0.4451 -0.5277
vn 0.7442 -0.1275 -0.6557
vn 0.0369 0.9873 -0.1543
vn 0.3863 0.8804 -0.2751
vn 0.4960 -0.5279 -0.6894
vn 0.8682 0.3160 -0.3827
vn 0.9331 -0.0588 -0.3549
vn 0.6770 0.6448 -0.3549
vn 0.9119 -0.2593 -0.3182
vn 0.6645 0.2418 0.7071
vn 0.8755 -0.3898 0.2856
vn 0.8682 0.3160 0.3827
vn 0.9994 -0.0346 -0.0000
vn 0.4377 0.8991 -0.0000
vn 0.7433 0.6689 -0.0000
vn 0.0658 0.9978 -0.0000
vn 0.9713 -0.2377 -0.0000
vn 0.9397 0.3420 -0.0000
vn 0.0369 0.9873 0.1543
vn 0.9119 -0.2593 0.3182
vn 0.6770 0.6448 0.3549
vn 0.3863 0.8804 0.2751
vn -0.3596 -0.1309 0.9239
vn -0.2681 -0.8060 0.5276
vn -0.0406 -0.7232 0.6894
vn 0.9331 -0.0588 0.3549
vn 0.7442 -0.1275 0.6557
vn 0.7425 -0.3210 0.5879
vn 0.4881 0.5761 0.6557
vn 0.2399 0.8271 0.5083
vn 0.4960 -0.5279 0.6894
vn 0.7235 -0.4451 0.5277
vn -0.0452 0.9575 0.2850
vn 0.2277 -0.6256 -0.7462
vn 0.3596 0.1309 0.9239
vn 0.4615 -0.2304 0.8567
vn 0.0207 0.7473 0.6641
vn 0.2054 0.4732 0.8567
vn -0.1680 0.9127 0.3724
vn 0.4890 -0.4132 0.7682
vn 0.1280 -0.3518 0.9273
vn -0.1280 0.3518 0.9273
vn -0.3130 0.8600 0.4031
vn 0.1900 -0.5221 0.8315
vn -0.2378 0.6532 0.7189
vn -0.8682 -0.3160 -0.3827
vn -0.4201 -0.8614 -0.2856
vn -0.2054 -0.4732 0.8567
vn -0.1090 -0.6309 0.7682
vn -0.4580 0.8072 0.3724
vn -0.4963 0.5591 0.6641
vn -0.9397 -0.3420 -0.0000
vn -0.4735 -0.8808 -0.0000
vn -0.4615 0.2304 0.8567
vn -0.6645 -0.2418 0.7071
vn -0.5808 0.7625 0.2850
vn -0.7154 0.4794 0.5083
vn 0.2277 -0.6256 0.7462
vn -0.4881 -0.5760 0.6557
vn -0.7442 0.1275 0.6557
vn -0.3625 -0.7232 0.5879
vn 0.9289 -0.3703 -0.0000
vn -0.8682 -0.3160 0.3827
vn -0.6770 -0.6448 0.3549
vn -0.9331 0.0588 0.3549
vn -0.6630 0.7326 0.1543
vn -0.5318 -0.7848 0.3182
vn -0.8618 0.4261 0.2751
vn -0.9133 0.4074 -0.0000
vn -0.9994 0.0346 -0.0000
vn -0.6918 0.7221 -0.0000
vn -0.7433 -0.6689 -0.0000
vn -0.5913 -0.8064 -0.0000
vn -0.5318 -0.7848 -0.3182
vn -0.8618 0.4261 -0.2751
vn -0.6770 -0.6448 -0.3549
vn -0.9331 0.0588 -0.3549
vn -0.6630 0.7326 -0.1543
vn -0.5808 0.7625 -0.2850
vn -0.7154 0.4794 -0.5083
vn -0.4881 -0.5760 -0.6557
vn -0.7442 0.1275 -0.6557
vn -0.3625 -0.7231 -0.5879
vn -0.4201 -0.8614 0.2856
vn -0.2054 -0.4732 -0.8567
vn -0.4615 0.2304 -0.8567
vn -0.4580 0.8072 -0.3724
vn -0.1090 -0.6309 -0.7682
vn -0.4963 0.5591 -0.6641
vn -0.0406 -0.7232 -0.6894
vn 0.3744 0.3549 -0.8567
vn 0.3744 -0.0000 -0.9273
vn -0.6952 -0.0000 -0.7189
vn -0.3744 0.3549 -0.8567
vn -0.3744 -0.0000 -0.9273
vn -0.9152 -0.0000 -0.4031
vn -0.9152 0.1543 -0.3724
vn 0.5556 0.3182 -0.7682
vn 0.5556 -0.0000 -0.8315
vn -0.0000 0.3827 -0.9239
vn -0.6952 0.2751 -0.6641
vn -0.0000 -0.3827 -0.9239
vn 0.6657 -0.5277 -0.5277
vn -0.0000 -0.7071 -0.7071
vn 0.3744 0.6557 -0.6557
vn 0.5556 0.5879 -0.5879
vn -0.0000 0.7071 -0.7071
vn -0.6952 0.5083 -0.5083
vn 0.6657 0.6894 -0.2856
vn 0.6657 0.5277 -0.5277
vn -0.3744 0.6557 -0.6557
vn -0.9152 0.2850 -0.2850
vn -0.6952 0.6641 -0.2751
vn 0.6657 0.2856 -0.6894
vn -0.0000 0.9239 -0.3827
vn 0.3744 0.8567 -0.3549
vn -0.3744 0.8567 -0.3549
vn -0.9152 0.3724 -0.1543
vn 0.5556 0.7682 -0.3182
vn -0.0000 0.9239 0.3827
vn 0.6657 0.5276 0.5276
vn 0.6657 0.6894 0.2856
vn 0.3744 0.9273 -0.0000
vn -0.3744 0.9273 -0.0000
vn -0.9152 0.4031 -0.0000
vn 0.5556 0.8315 -0.0000
vn -0.6952 0.7189 -0.0000
vn -0.9152 0.3724 0.1543
vn 0.3744 0.8567 0.3549
vn 0.5556 0.7682 0.3182
vn -0.3744 0.8567 0.3549
vn -0.6952 0.6641 0.2751
vn -0.0000 -0.3827 0.9239
vn 0.6657 -0.5276 0.5276
vn 0.6657 -0.2856 0.6894
vn 0.3744 0.6557 0.6557
vn 0.5556 0.5879 0.5879
vn -0.0000 0.7071 0.7071
vn -0.9152 0.2850 0.2850
vn -0.6952 0.5083 0.5083
vn -0.0000 0.3827 0.9239
vn -0.3744 0.6557 0.6557
vn 0.6657 -0.0000 -0.7462
vn 0.3744 0.3549 0.8567
vn -0.6952 0.2751 0.6641
vn -0.3744 0.3549 0.8567
vn -0.9152 0.1543 0.3724
vn 0.5556 0.3182 0.7682
vn 0.3744 -0.0000 0.9273
vn -0.3744 -0.0000 0.9273
vn -0.9152 -0.0000 0.4031
vn 0.5556 -0.0000 0.8315
vn -0.6952 -0.0000 0.7189
vn 0.6657 -0.6894 -0.2856
vn -0.0000 -0.9239 -0.3827
vn 0.3744 -0.3549 0.8567
vn 0.5556 -0.3182 0.7682
vn -0.3744 -0.3549 0.8567
vn -0.6952 -0.2751 0.6641
vn 0.6657 -0.7462 -0.0000
vn -0.9152 -0.1543 0.3724
vn -0.0000 -0.7071 0.7071
vn -0.9152 -0.2850 0.2850
vn -0.6952 -0.5083 0.5083
vn 0.6657 -0.0000 0.7462
vn 0.3744 -0.6557 0.6557
vn -0.3744 -0.6557 0.6557
vn 0.5556 -0.5879 0.5879
vn -0.0000 -0.9239 0.3827
vn 0.3744 -0.8567 0.3549
vn -0.6952 -0.6641 0.2751
vn -0.3744 -0.8567 0.3549
vn -0.9152 -0.3724 0.1543
vn 0.5556 -0.7682 0.3182
vn -0.6952 -0.7189 -0.0000
vn -0.3744 -0.9273 -0.0000
vn -0.9152 -0.4031 -0.0000
vn 0.5556 -0.8315 -0.0000
vn 0.6657 0.7462 -0.0000
vn 0.3744 -0.9273 -0.0000
vn 0.3744 -0.8567 -0.3549
vn 0.5556 -0.7682 -0.3182
vn -0.3744 -0.8567 -0.3549
vn -0.9152 -0.3724 -0.1543
vn -0.6952 -0.6641 -0.2751
vn 0.6657 0.2856 0.6894
vn -0.6952 -0.5083 -0.5083
vn 0.3744 -0.6557 -0.6557
vn -0.3744 -0.6557 -0.6557
vn -0.9152 -0.2850 -0.2850
vn 0.5556 -0.5879 -0.5879
vn 0.6657 -0.6894 0.2856
vn 0.3744 -0.3549 -0.8567
vn -0.6952 -0.2751 -0.6641
vn -0.3744 -0.3549 -0.8567
vn -0.9152 -0.1543 -0.3724
vn 0.5556 -0.3182 -0.7682
vn 0.6657 -0.2856 -0.6894
vn 0.9753 0.1052 0.1940
vn 0.9160 -0.1301 0.3794
vn 0.9725 -0.1301 0.1934
vn 0.9945 0.1052 -0.0000
vn 0.9915 -0.1301 -0.0000
vn 0.9753 0.1052 -0.1940
vn 0.9725 -0.1301 -0.1934
vn 0.9188 0.1052 -0.3806
vn 0.9160 -0.1301 -0.3794
vn 0.8269 0.1052 -0.5525
vn 0.8244 -0.1301 -0.5509
vn 0.7032 0.1052 -0.7032
vn 0.7011 -0.1301 -0.7011
vn 0.5525 0.1052 -0.8269
vn 0.5509 -0.1301 -0.8244
vn 0.3806 0.1052 -0.9188
vn 0.3794 -0.1301 -0.9160
vn 0.1940 0.1052 -0.9753
vn 0.1934 -0.1301 -0.9725
vn 0.3806 0.1052 0.9188
vn 0.1934 -0.1301 0.9725
vn 0.3794 -0.1301 0.9160
vn 0.5525 0.1052 0.8269
vn 0.5509 -0.1301 0.8244
vn 0.7032 0.1052 0.7032
vn 0.7011 -0.1301 0.7011
vn 0.8269 0.1052 0.5525
vn 0.8244 -0.1301 0.5508
vn 0.9188 0.1052 0.3806
vn 0.1940 0.1052 0.9753
vn -0.0000 -0.1301 0.9915
vn -0.0000 0.9855 0.1699
vn 0.1699 0.9855 -0.0000
vn 0.1201 0.9855 -0.1201
vn 0.1766 0.4246 0.8880
vn -0.0000 0.1052 0.9945
vn 0.1137 0.8127 0.5714
vn -0.0000 0.4246 0.9054
vn 0.0331 0.9855 0.1666
vn -0.0000 0.8127 0.5826
vn 0.3465 0.4246 0.8364
vn 0.2230 0.8127 0.5383
vn 0.0650 0.9855 0.1570
vn 0.5030 0.4246 0.7528
vn 0.3237 0.8127 0.4844
vn 0.0944 0.9855 0.1413
vn 0.4120 0.8127 0.4120
vn 0.6402 0.4246 0.6402
vn 0.1201 0.9855 0.1201
vn 0.4844 0.8127 0.3237
vn 0.7528 0.4246 0.5030
vn 0.1413 0.9855 0.0944
vn 0.8364 0.4246 0.3465
vn 0.5383 0.8127 0.2230
vn 0.5714 0.8127 0.1137
vn 0.8880 0.4246 0.1766
vn 0.1570 0.9855 0.0650
vn 0.5826 0.8127 -0.0000
vn 0.9054 0.4246 -0.0000
vn 0.8880 0.4246 -0.1766
vn 0.5714 0.8127 -0.1137
vn 0.1666 0.9855 -0.0331
vn 0.8364 0.4246 -0.3465
vn 0.5383 0.8127 -0.2230
vn 0.1570 0.9855 -0.0650
vn 0.7528 0.4246 -0.5030
vn 0.4844 0.8127 -0.3237
vn 0.1413 0.9855 -0.0944
vn 0.6402 0.4246 -0.6402
vn 0.4120 0.8127 -0.4120
vn 0.5030 0.4246 -0.7528
vn 0.3237 0.8127 -0.4844
vn 0.3465 0.4246 -0.8364
vn 0.2230 0.8127 -0.5383
vn 0.0944 0.9855 -0.1413
vn 0.1137 0.8127 -0.5714
vn 0.1766 0.4246 -0.8880
vn 0.0650 0.9855 -0.1570
vn -0.0000 0.1052 -0.9945
vn -0.0000 0.8127 -0.5826
vn -0.0000 0.4246 -0.9054
vn 0.0331 0.9855 -0.1666
vn -0.0000 -0.1301 -0.9915
vn 0.0269 -0.9904 0.1352
vn -0.0000 -0.8600 0.5104
vn -0.0000 -0.9904 0.1379
vn 0.0996 -0.8600 0.5006
vn -0.0000 -0.4947 0.8691
vn 0.1695 -0.4947 0.8524
vn 0.0528 -0.9904 0.1274
vn 0.1953 -0.8600 0.4715
vn 0.3326 -0.4947 0.8029
vn 0.0766 -0.9904 0.1147
vn 0.2835 -0.8600 0.4244
vn 0.4828 -0.4947 0.7226
vn 0.3609 -0.8600 0.3609
vn 0.0975 -0.9904 0.0975
vn 0.6145 -0.4947 0.6145
vn 0.4243 -0.8600 0.2835
vn 0.1147 -0.9904 0.0766
vn 0.7226 -0.4947 0.4828
vn 0.4715 -0.8600 0.1953
vn 0.1274 -0.9904 0.0528
vn 0.8029 -0.4947 0.3326
vn 0.5006 -0.8600 0.0996
vn 0.1352 -0.9904 0.0269
vn 0.8524 -0.4947 0.1695
vn 0.5104 -0.8600 -0.0000
vn 0.1379 -0.9904 -0.0000
vn 0.8691 -0.4947 -0.0000
vn 0.1352 -0.9904 -0.0269
vn 0.5006 -0.8600 -0.0996
vn 0.8524 -0.4947 -0.1695
vn 0.1274 -0.9904 -0.0528
vn 0.4715 -0.8600 -0.1953
vn 0.8029 -0.4947 -0.3326
vn 0.1147 -0.9904 -0.0766
vn 0.4244 -0.8600 -0.2835
vn 0.7226 -0.4947 -0.4828
vn 0.3609 -0.8600 -0.3609
vn 0.0975 -0.9904 -0.0975
vn 0.6145 -0.4947 -0.6145
vn 0.2835 -0.8600 -0.4243
vn 0.0766 -0.9904 -0.1147
vn 0.4828 -0.4947 -0.7226
vn 0.1953 -0.8600 -0.4715
vn 0.0528 -0.9904 -0.1274
vn 0.3326 -0.4947 -0.8029
vn 0.0996 -0.8600 -0.5006
vn 0.0269 -0.9904 -0.1352
vn 0.1695 -0.4947 -0.8524
vn -0.0000 -0.8600 -0.5104
vn -0.0000 -0.9904 -0.1379
vn -0.0000 -0.4947 -0.8691
vn -0.9160 -0.1301 0.3794
vn -0.9753 0.1052 0.1940
vn -0.9725 -0.1301 0.1934
vn -0.9945 0.1052 -0.0000
vn -0.9915 -0.1301 -0.0000
vn -0.9753 0.1052 -0.1940
vn -0.9725 -0.1301 -0.1934
vn -0.9188 0.1052 -0.3806
vn -0.9160 -0.1301 -0.3794
vn -0.8269 0.1052 -0.5525
vn -0.8244 -0.1301 -0.5509
vn -0.7032 0.1052 -0.7032
vn -0.7011 -0.1301 -0.7011
vn -0.5525 0.1052 -0.8269
vn -0.5509 -0.1301 -0.8244
vn -0.3806 0.1052 -0.9188
vn -0.3794 -0.1301 -0.9160
vn -0.1940 0.1052 -0.9753
vn -0.1934 -0.1301 -0.9725
vn -0.1934 -0.1301 0.9725
vn -0.3806 0.1052 0.9188
vn -0.3794 -0.1301 0.9160
vn -0.5525 0.1052 0.8269
vn -0.5509 -0.1301 0.8244
vn -0.7032 0.1052 0.7032
vn -0.7011 -0.1301 0.7011
vn -0.8269 0.1052 0.5525
vn -0.8244 -0.1301 0.5508
vn -0.9188 0.1052 0.3806
vn -0.1940 0.1052 0.9753
vn -0.0331 0.9855 -0.1666
vn -0.1666 0.9855 0.0331
vn -0.0944 0.9855 0.1413
vn -0.1766 0.4246 0.8880
vn -0.1137 0.8127 0.5714
vn -0.0331 0.9855 0.1666
vn -0.3465 0.4246 0.8364
vn -0.2230 0.8127 0.5383
vn -0.0650 0.9855 0.1570
vn -0.5030 0.4246 0.7528
vn -0.3237 0.8127 0.4844
vn -0.6402 0.4246 0.6402
vn -0.4120 0.8127 0.4120
vn -0.1201 0.9855 0.1201
vn -0.7528 0.4246 0.5030
vn -0.4844 0.8127 0.3237
vn -0.1413 0.9855 0.0944
vn -0.8364 0.4246 0.3465
vn -0.5383 0.8127 0.2230
vn -0.1570 0.9855 0.0650
vn -0.8880 0.4246 0.1766
vn -0.5714 0.8127 0.1137
vn -0.9054 0.4246 -0.0000
vn -0.5826 0.8127 -0.0000
vn -0.1699 0.9855 -0.0000
vn -0.8880 0.4246 -0.1766
vn -0.5714 0.8127 -0.1137
vn -0.1666 0.9855 -0.0331
vn -0.8364 0.4246 -0.3465
vn -0.5383 0.8127 -0.2230
vn -0.1570 0.9855 -0.0650
vn -0.7528 0.4246 -0.5030
vn -0.4844 0.8127 -0.3237
vn -0.1413 0.9855 -0.0944
vn -0.6402 0.4246 -0.6402
vn -0.4120 0.8127 -0.4120
vn -0.1201 0.9855 -0.1201
vn -0.5030 0.4246 -0.7528
vn -0.3237 0.8127 -0.4844
vn -0.0944 0.9855 -0.1413
vn -0.3465 0.4246 -0.8364
vn -0.2230 0.8127 -0.5383
vn -0.0650 0.9855 -0.1570
vn -0.1766 0.4246 -0.8880
vn -0.1137 0.8127 -0.5714
vn -0.0000 0.9855 -0.1699
vn -0.0269 -0.9904 0.1352
vn -0.0996 -0.8600 0.5006
vn -0.1695 -0.4947 0.8524
vn -0.0528 -0.9904 0.1274
vn -0.1953 -0.8600 0.4715
vn -0.3326 -0.4947 0.8029
vn -0.0766 -0.9904 0.1147
vn -0.2835 -0.8600 0.4244
vn -0.4828 -0.4947 0.7226
vn -0.3609 -0.8600 0.3609
vn -0.0975 -0.9904 0.0975
vn -0.6145 -0.4947 0.6145
vn -0.4243 -0.8600 0.2835
vn -0.1147 -0.9904 0.0766
vn -0.7226 -0.4947 0.4828
vn -0.4715 -0.8600 0.1953
vn -0.1274 -0.9904 0.0528
vn -0.8029 -0.4947 0.3326
vn -0.5006 -0.8600 0.0996
vn -0.1352 -0.9904 0.0269
vn -0.8524 -0.4947 0.1695
vn -0.5104 -0.8600 -0.0000
vn -0.1379 -0.9904 -0.0000
vn -0.8691 -0.4947 -0.0000
vn -0.1352 -0.9904 -0.0269
vn -0.5006 -0.8600 -0.0996
vn -0.8524 -0.4947 -0.1695
vn -0.1274 -0.9904 -0.0528
vn -0.4715 -0.8600 -0.1953
vn -0.8029 -0.4947 -0.3326
vn -0.1147 -0.9904 -0.0766
vn -0.4244 -0.8600 -0.2835
vn -0.7226 -0.4947 -0.4828
vn -0.3609 -0.8600 -0.3609
vn -0.0975 -0.9904 -0.0975
vn -0.6145 -0.4947 -0.6145
vn -0.2835 -0.8600 -0.4244
vn -0.0766 -0.9904 -0.1147
vn -0.4828 -0.4947 -0.7226
vn -0.1953 -0.8600 -0.4715
vn -0.0528 -0.9904 -0.1274
vn -0.3326 -0.4947 -0.8029
vn -0.0996 -0.8600 -0.5006
vn -0.0269 -0.9904 -0.1352
vn -0.1695 -0.4947 -0.8524
vn -0.8601 0.5102 -0.0000
vn 0.3422 0.6958 0.6314
vn 0.6759 0.1184 0.7274
vn -0.0000 -0.1640 -0.9865
vn 0.5080 0.8324 0.2216
vn 0.4113 0.6927 0.5925
vn -0.8736 0.4854 -0.0359
vn 0.9968 -0.0376 -0.0711
vn 0.3422 0.6958 -0.6314
vn 0.8916 -0.4323 0.1348
vn -0.0000 -0.1640 0.9865
vn -0.9840 -0.0000 0.1779
vn 0.9840 -0.0000 -0.1779
vn 0.0230 -0.9886 0.1489
vn 0.9215 -0.0017 -0.3884
vn 0.1883 -0.6933 -0.6956
vn -0.0000 -0.9996 0.0295
vn -0.7546 0.0166 -0.6560
vn 0.2501 -0.0930 0.9638
vn 0.2501 -0.0930 -0.9638
vn -0.0000 0.2321 0.9727
vn 0.2509 0.2182 0.9431
vn 0.0199 -0.9887 0.1482
vn -0.0202 0.9887 -0.1482
vn -0.1299 -0.2302 -0.9644
vn -0.1295 -0.2315 -0.9642
vn -0.1256 -0.3767 -0.9178
vn -0.0890 -0.2321 -0.9686
vn 0.2730 -0.9545 0.1204
vn 0.8953 0.3258 0.3038
vn -0.9982 -0.0415 0.0433
vn 0.8601 0.5102 -0.0000
vn -0.5468 0.7454 -0.3812
vn -0.3422 0.6958 0.6314
vn -0.8921 -0.4298 -0.1392
vn -0.3422 0.6958 -0.6314
vn -0.6759 0.1184 -0.7274
vn -0.4113 0.6927 -0.5925
vn 0.9840 -0.0000 0.1779
vn -0.9809 -0.0205 -0.1933
vn -0.0411 0.1314 0.9905
vn -0.3540 -0.0208 0.9350
vn 0.0339 0.0177 -0.9993
vn 0.8173 0.0119 0.5761
vn -0.9887 0.1440 -0.0409
vn -0.2503 0.2289 0.9407
vn -0.2477 0.2291 0.9414
vn -0.2509 0.2182 0.9431
vn -0.0199 -0.9887 0.1482
vn 0.1299 -0.2302 -0.9644
vn 0.1105 -0.2160 -0.9701
vn 0.0889 -0.2321 -0.9686
vn 0.0890 -0.2321 -0.9686
vn 0.1256 -0.3767 -0.9178
vn -0.9660 -0.2538 -0.0489
vn -0.9591 0.2539 -0.1254
vn -0.2468 0.9546 -0.1669
vn 0.1666 0.9855 0.0331
vt 0.205160 0.273290
vt 0.236906 0.287070
vt 0.205783 0.288074
vt 0.203061 0.237213
vt 0.237298 0.272486
vt 0.305571 0.278362
vt 0.349069 0.240461
vt 0.344325 0.285211
vt 0.302431 0.294422
vt 0.272808 0.235942
vt 0.270486 0.274604
vt 0.268840 0.290333
vt 0.206138 0.297997
vt 0.236138 0.306288
vt 0.206398 0.307111
vt 0.236556 0.296871
vt 0.299875 0.304959
vt 0.339325 0.305001
vt 0.332789 0.317380
vt 0.297159 0.314806
vt 0.267569 0.300809
vt 0.266303 0.310360
vt 0.235882 0.311160
vt 0.206494 0.311775
vt 0.295699 0.319736
vt 0.326223 0.327237
vt 0.323571 0.332562
vt 0.265623 0.315198
vt 0.226676 0.098565
vt 0.269465 0.088965
vt 0.269596 0.096152
vt 0.233478 0.157715
vt 0.271965 0.155676
vt 0.311241 0.155180
vt 0.310887 0.089008
vt 0.310866 0.095895
vt 0.351589 0.089333
vt 0.351535 0.096161
vt 0.351135 0.155634
vt 0.196315 0.161510
vt 0.189791 0.109494
vt 0.225071 0.090065
vt 0.229182 0.114683
vt 0.191477 0.121593
vt 0.310896 0.111102
vt 0.351424 0.111283
vt 0.270129 0.111765
vt 0.752995 0.167040
vt 0.776749 0.197887
vt 0.753287 0.199236
vt 0.723640 0.165579
vt 0.754170 0.137149
vt 0.774466 0.138147
vt 0.775271 0.166863
vt 0.757319 0.110871
vt 0.734315 0.108606
vt 0.723133 0.232924
vt 0.755273 0.233418
vt 0.780664 0.231369
vt 0.799436 0.227028
vt 0.797854 0.195529
vt 0.804073 0.226471
vt 0.792891 0.138075
vt 0.789744 0.112282
vt 0.793080 0.112295
vt 0.791469 0.166071
vt 0.795315 0.165777
vt 0.787849 0.196787
vt 0.793027 0.228877
vt 0.793750 0.196082
vt 0.784950 0.112195
vt 0.789288 0.138179
vt 0.784118 0.138222
vt 0.775863 0.111918
vt 0.785903 0.166400
vt 0.180260 0.057302
vt 0.232058 0.047929
vt 0.211109 0.010392
vt 0.169387 0.006015
vt 0.693486 0.112896
vt 0.699812 0.139333
vt 0.675720 0.125939
vt 0.702674 0.118004
vt 0.692671 0.102653
vt 0.716509 0.106220
vt 0.712857 0.115814
vt 0.727143 0.133338
vt 0.673156 0.099519
vt 0.689727 0.734081
vt 0.673744 0.718140
vt 0.686283 0.717666
vt 0.753859 0.519417
vt 0.753402 0.511036
vt 0.753977 0.516307
vt 0.746627 0.717772
vt 0.708883 0.756003
vt 0.746601 0.734392
vt 0.746565 0.756281
vt 0.712100 0.782905
vt 0.746510 0.782982
vt 0.746647 0.689497
vt 0.679733 0.689497
vt 0.901645 0.028562
vt 0.900028 0.020264
vt 0.904208 0.027393
vt 0.910447 0.053940
vt 0.913308 0.075538
vt 0.910853 0.075345
vt 0.764019 0.497302
vt 0.750970 0.501992
vt 0.759937 0.484838
vt 0.744355 0.522549
vt 0.748596 0.529886
vt 0.824919 0.462152
vt 0.820521 0.427641
vt 0.764377 0.462855
vt 0.802970 0.390090
vt 0.741331 0.447138
vt 0.740741 0.344592
vt 0.748169 0.509867
vt 0.824760 0.507546
vt 0.740884 0.533825
vt 0.763216 0.516286
vt 0.755745 0.507672
vt 0.664685 0.819421
vt 0.682397 0.814552
vt 0.673617 0.823135
vt 0.676246 0.800824
vt 0.691871 0.809023
vt 0.920395 0.348384
vt 0.918548 0.362353
vt 0.914730 0.349323
vt 0.584875 0.816378
vt 0.576057 0.825482
vt 0.576178 0.812553
vt 0.906470 0.374648
vt 0.911998 0.375991
vt 0.592401 0.841857
vt 0.582179 0.828924
vt 0.905742 0.395642
vt 0.911478 0.395131
vt 0.592596 0.862804
vt 0.586803 0.842771
vt 0.965513 0.362950
vt 0.941640 0.358337
vt 0.941556 0.344592
vt 0.665651 0.846282
vt 0.655924 0.844653
vt 0.961886 0.390666
vt 0.955558 0.367303
vt 0.561459 0.820657
vt 0.561477 0.806445
vt 0.922686 0.361821
vt 0.691826 0.795012
vt 0.717787 0.809139
vt 0.655664 0.705471
vt 0.664952 0.712285
vt 0.663575 0.716558
vt 0.656795 0.689497
vt 0.658813 0.705717
vt 0.903873 0.373378
vt 0.912143 0.348012
vt 0.666402 0.722723
vt 0.668964 0.730715
vt 0.754083 0.519351
vt 0.756052 0.517198
vt 0.753443 0.521831
vt 0.757580 0.519343
vt 0.367977 0.880849
vt 0.357458 0.858098
vt 0.369253 0.858116
vt 0.351981 0.905527
vt 0.367316 0.907702
vt 0.355533 0.913045
vt 0.894781 0.015302
vt 0.897465 0.021433
vt 0.913010 0.052772
vt 0.903235 0.395866
vt 0.892984 0.007184
vt 0.897344 0.014133
vt 0.671803 0.689497
vt 0.664948 0.689497
vt 0.659113 0.689497
vt 0.548737 0.676507
vt 0.564720 0.660566
vt 0.561276 0.676981
vt 0.728321 0.520758
vt 0.728318 0.511614
vt 0.733806 0.509495
vt 0.621617 0.676876
vt 0.621592 0.660256
vt 0.583893 0.646246
vt 0.621576 0.645982
vt 0.587115 0.615942
vt 0.621525 0.615877
vt 0.621638 0.705149
vt 0.894852 0.114927
vt 0.895601 0.121095
vt 0.892984 0.122977
vt 0.907109 0.096424
vt 0.716539 0.497702
vt 0.730816 0.501069
vt 0.725616 0.508253
vt 0.738144 0.522783
vt 0.734439 0.530526
vt 0.655414 0.461922
vt 0.720264 0.485236
vt 0.715201 0.463502
vt 0.659838 0.427317
vt 0.677727 0.389665
vt 0.655414 0.507366
vt 0.716811 0.516746
vt 0.740553 0.549696
vt 0.722277 0.520049
vt 0.655414 0.874764
vt 0.671144 0.881738
vt 0.661714 0.887579
vt 0.678298 0.890053
vt 0.674549 0.898151
vt 0.924121 0.426280
vt 0.927826 0.434444
vt 0.922001 0.434507
vt 0.576063 0.900493
vt 0.584785 0.904464
vt 0.576083 0.908196
vt 0.910190 0.416107
vt 0.582254 0.896896
vt 0.592581 0.883741
vt 0.915426 0.413817
vt 0.587004 0.882882
vt 0.947401 0.425869
vt 0.970389 0.420595
vt 0.949446 0.434507
vt 0.665639 0.870762
vt 0.959756 0.414753
vt 0.973526 0.389680
vt 0.561420 0.905255
vt 0.561426 0.914196
vt 0.702838 0.898388
vt 0.701331 0.907383
vt 0.538568 0.678089
vt 0.533807 0.688930
vt 0.530658 0.689176
vt 0.531788 0.705150
vt 0.919123 0.432825
vt 0.539945 0.682361
vt 0.543957 0.663932
vt 0.541395 0.671924
vt 0.538317 0.664064
vt 0.727881 0.517552
vt 0.725152 0.518552
vt 0.727888 0.521812
vt 0.725647 0.522756
vt 0.368046 0.835380
vt 0.356302 0.836219
vt 0.367279 0.816141
vt 0.351981 0.818568
vt 0.355409 0.810993
vt 0.361992 0.809789
vt 0.897746 0.127679
vt 0.897470 0.113045
vt 0.900364 0.125797
vt 0.905933 0.126227
vt 0.554726 0.705150
vt 0.546796 0.705150
vt 0.539941 0.705150
vt 0.905318 0.560924
vt 0.885219 0.531564
vt 0.909377 0.530272
vt 0.861107 0.531564
vt 0.841008 0.560924
vt 0.836949 0.530272
vt 0.885217 0.509091
vt 0.863500 0.488269
vt 0.887608 0.488269
vt 0.482998 0.982613
vt 0.502925 0.958503
vt 0.502925 0.982613
vt 0.861107 0.529018
vt 0.840150 0.509087
vt 0.861109 0.509091
vt 0.906179 0.529013
vt 0.906176 0.509087
vt 0.840146 0.529013
vt 0.885219 0.529018
vt 0.885218 0.560837
vt 0.863532 0.580792
vt 0.861108 0.560837
vt 0.145959 0.965638
vt 0.170069 0.934826
vt 0.170069 0.965746
vt 0.405662 0.853444
vt 0.385321 0.882781
vt 0.381283 0.852127
vt 0.417130 0.830977
vt 0.405702 0.809789
vt 0.417148 0.809789
vt 0.405665 0.850898
vt 0.384497 0.830954
vt 0.405681 0.830972
vt 0.384481 0.850880
vt 0.205058 0.965637
vt 0.193578 0.934920
vt 0.205035 0.934717
vt 0.417084 0.882730
vt 0.405620 0.903027
vt 0.405636 0.882714
vt 0.637680 0.638781
vt 0.635375 0.627329
vt 0.637711 0.627329
vt 0.982201 0.241396
vt 0.962274 0.252843
vt 0.962274 0.241396
vt 0.501353 0.836896
vt 0.492867 0.867137
vt 0.494404 0.837197
vt 0.476244 0.814700
vt 0.494370 0.833434
vt 0.477028 0.832720
vt 0.500231 0.832679
vt 0.743606 0.933548
vt 0.724295 0.934609
vt 0.724295 0.933548
vt 0.495779 0.809789
vt 0.495875 0.814281
vt 0.501354 0.815026
vt 0.472916 0.864548
vt 0.491871 0.874810
vt 0.471921 0.872221
vt 0.476623 0.836051
vt 0.743606 0.934609
vt 0.724295 0.961156
vt 0.235241 0.818135
vt 0.250076 0.797985
vt 0.257338 0.801400
vt 0.829756 0.736723
vt 0.851262 0.726633
vt 0.851262 0.739347
vt 0.306132 0.747744
vt 0.296030 0.757191
vt 0.298419 0.746762
vt 0.851262 0.634804
vt 0.831117 0.622638
vt 0.851262 0.622371
vt 0.281884 0.696356
vt 0.284855 0.677560
vt 0.292852 0.689436
vt 0.830783 0.710494
vt 0.851262 0.696039
vt 0.851262 0.711343
vt 0.298605 0.714255
vt 0.305287 0.712417
vt 0.305084 0.715551
vt 0.290655 0.794523
vt 0.274261 0.788634
vt 0.280805 0.782827
vt 0.288576 0.780445
vt 0.279603 0.765600
vt 0.292318 0.771403
vt 0.851262 0.652220
vt 0.831382 0.636516
vt 0.266991 0.776075
vt 0.298881 0.738277
vt 0.306678 0.737265
vt 0.264804 0.784507
vt 0.271517 0.791203
vt 0.262992 0.789761
vt 0.283402 0.801320
vt 0.279852 0.803679
vt 0.829477 0.743036
vt 0.851262 0.743915
vt 0.305077 0.719339
vt 0.296887 0.729454
vt 0.297354 0.718377
vt 0.829293 0.748216
vt 0.851262 0.749458
vt 0.277066 0.805559
vt 0.268988 0.793428
vt 0.284109 0.723868
vt 0.289300 0.709827
vt 0.299543 0.710903
vt 0.262661 0.791370
vt 0.214581 0.781595
vt 0.226847 0.774135
vt 0.231032 0.783671
vt 0.252082 0.711733
vt 0.255087 0.730147
vt 0.246176 0.724590
vt 0.253115 0.747572
vt 0.237663 0.740891
vt 0.222222 0.758665
vt 0.233909 0.738532
vt 0.237721 0.748042
vt 0.231354 0.759559
vt 0.274853 0.746147
vt 0.273709 0.729972
vt 0.282069 0.732096
vt 0.257937 0.783578
vt 0.286659 0.715070
vt 0.277089 0.720901
vt 0.281634 0.711983
vt 0.257693 0.789742
vt 0.269510 0.762701
vt 0.270790 0.745686
vt 0.285484 0.707192
vt 0.208247 0.800600
vt 0.236446 0.802159
vt 0.260446 0.697295
vt 0.266993 0.714854
vt 0.263302 0.692791
vt 0.273441 0.705224
vt 0.257938 0.793449
vt 0.256955 0.790393
vt 0.287194 0.705541
vt 0.291110 0.706976
vt 0.267250 0.686356
vt 0.276772 0.701382
vt 0.262853 0.775148
vt 0.267024 0.761787
vt 0.202404 0.818135
vt 0.266119 0.795889
vt 0.262766 0.793168
vt 0.254955 0.660441
vt 0.273348 0.807330
vt 0.851262 0.755148
vt 0.828845 0.754548
vt 0.829855 0.601573
vt 0.851262 0.597295
vt 0.851262 0.602526
vt 0.830063 0.723163
vt 0.296123 0.787042
vt 0.249497 0.676821
vt 0.246688 0.685249
vt 0.244849 0.690766
vt 0.239775 0.705994
vt 0.235388 0.719157
vt 0.229765 0.736030
vt 0.830438 0.608213
vt 0.851262 0.608898
vt 0.851262 0.668879
vt 0.830842 0.652909
vt 0.305066 0.758574
vt 0.301426 0.777177
vt 0.830869 0.695256
vt 0.284605 0.753374
vt 0.305471 0.728530
vt 0.288360 0.747077
vt 0.247182 0.757909
vt 0.235804 0.754300
vt 0.239842 0.767084
vt 0.231707 0.774480
vt 0.246362 0.781880
vt 0.504560 0.311061
vt 0.512524 0.306855
vt 0.512010 0.316237
vt 0.487823 0.297847
vt 0.481461 0.301775
vt 0.481464 0.293202
vt 0.486532 0.307170
vt 0.479764 0.308930
vt 0.487129 0.324198
vt 0.501393 0.315353
vt 0.505997 0.324174
vt 0.487610 0.311923
vt 0.481185 0.317354
vt 0.509395 0.331771
vt 0.484257 0.331039
vt 0.474747 0.322070
vt 0.470830 0.299066
vt 0.470830 0.310290
vt 0.474167 0.288249
vt 0.522532 0.307010
vt 0.519622 0.320841
vt 0.514381 0.283223
vt 0.501269 0.285648
vt 0.503328 0.276303
vt 0.486437 0.287624
vt 0.482178 0.279894
vt 0.520490 0.294437
vt 0.507774 0.290279
vt 0.498897 0.293703
vt 0.490439 0.294591
vt 0.502115 0.296517
vt 0.486773 0.302155
vt 0.503980 0.300785
vt 0.505026 0.305963
vt 0.491111 0.315720
vt 0.509514 0.299418
vt 0.900908 0.832469
vt 0.881141 0.824504
vt 0.899284 0.818264
vt 0.898688 0.867063
vt 0.879730 0.874377
vt 0.878878 0.860818
vt 0.882477 0.896094
vt 0.898605 0.884536
vt 0.899444 0.895128
vt 0.881079 0.886160
vt 0.898304 0.873060
vt 0.899949 0.850759
vt 0.900680 0.803673
vt 0.884012 0.797915
vt 0.901269 0.801373
vt 0.898957 0.810776
vt 0.882562 0.804430
vt 0.880099 0.843879
vt 0.881491 0.833097
vt 0.885042 0.793606
vt 0.902211 0.797150
vt 0.881141 0.814662
vt 0.804191 0.843806
vt 0.799217 0.793531
vt 0.890905 0.780170
vt 0.294560 0.920399
vt 0.289185 0.830685
vt 0.294560 0.831513
vt 0.804613 0.874346
vt 0.802795 0.833004
vt 0.289185 0.921227
vt 0.284699 0.830319
vt 0.805412 0.860763
vt 0.238587 0.919603
vt 0.230418 0.833654
vt 0.238587 0.832309
vt 0.890425 0.908926
vt 0.801930 0.896094
vt 0.803140 0.814564
vt 0.296181 0.920250
vt 0.296181 0.831662
vt 0.803149 0.824395
vt 0.299325 0.919507
vt 0.299325 0.832405
vt 0.249754 0.921290
vt 0.247104 0.831240
vt 0.249754 0.830622
vt 0.284699 0.921593
vt 0.274157 0.830298
vt 0.801696 0.804347
vt 0.261027 0.921747
vt 0.261027 0.830165
vt 0.247104 0.920672
vt 0.800245 0.797837
vt 0.889825 0.365690
vt 0.890850 0.385068
vt 0.888553 0.386361
vt 0.855623 0.476239
vt 0.861646 0.454243
vt 0.868030 0.475846
vt 0.856662 0.428983
vt 0.845635 0.409534
vt 0.857776 0.406950
vt 0.928340 0.243123
vt 0.948217 0.241726
vt 0.949620 0.244016
vt 0.851403 0.451071
vt 0.856969 0.433373
vt 0.860418 0.449964
vt 0.851698 0.452510
vt 0.860776 0.451402
vt 0.851962 0.453947
vt 0.861208 0.452826
vt 0.852171 0.455385
vt 0.847949 0.434453
vt 0.856734 0.431920
vt 0.847654 0.433014
vt 0.856639 0.430455
vt 0.847189 0.430138
vt 0.847393 0.431577
vt 0.816103 0.290854
vt 0.883621 0.301066
vt 0.816103 0.301066
vt 0.816103 0.210239
vt 0.883621 0.220454
vt 0.816103 0.220454
vt 0.816103 0.230666
vt 0.883621 0.250386
vt 0.816103 0.250386
vt 0.816103 0.200413
vt 0.883621 0.210239
vt 0.816103 0.280639
vt 0.883621 0.290854
vt 0.816103 0.270813
vt 0.883621 0.280639
vt 0.816103 0.190197
vt 0.883621 0.200413
vt 0.816103 0.260597
vt 0.883621 0.270813
vt 0.274157 0.921614
vt 0.816103 0.179985
vt 0.883621 0.190197
vt 0.883621 0.230666
vt 0.883621 0.260597
vt 0.634247 0.638781
vt 0.482998 0.958503
vt 0.479565 0.982441
vt 0.479565 0.958331
vt 0.417110 0.853454
vt 0.417112 0.850908
vt 0.175396 0.289242
vt 0.173804 0.275410
vt 0.068802 0.260574
vt 0.112280 0.287479
vt 0.079852 0.298532
vt 0.116747 0.300948
vt 0.087096 0.314184
vt 0.136412 0.245381
vt 0.143113 0.280450
vt 0.146001 0.294537
vt 0.177375 0.307445
vt 0.176434 0.298528
vt 0.119942 0.309627
vt 0.094348 0.323038
vt 0.123006 0.317632
vt 0.100922 0.329512
vt 0.147936 0.303880
vt 0.149648 0.312384
vt 0.177821 0.312060
vt 0.124473 0.321599
vt 0.103611 0.332562
vt 0.150463 0.316693
vt 0.113067 0.111108
vt 0.152423 0.110471
vt 0.114356 0.117401
vt 0.159924 0.165753
vt 0.123939 0.171269
vt 0.088272 0.177858
vt 0.076523 0.118746
vt 0.040434 0.126293
vt 0.077790 0.124842
vt 0.041700 0.132347
vt 0.052653 0.185190
vt 0.151435 0.103079
vt 0.189305 0.105570
vt 0.154314 0.125172
vt 0.080542 0.138349
vt 0.044497 0.145763
vt 0.116995 0.131275
vt 0.760913 0.060529
vt 0.782578 0.039296
vt 0.778891 0.062964
vt 0.737091 0.057268
vt 0.765037 0.035551
vt 0.758153 0.085737
vt 0.776295 0.087059
vt 0.746929 0.006015
vt 0.771088 0.010353
vt 0.797715 0.042832
vt 0.801473 0.021629
vt 0.804073 0.022868
vt 0.792679 0.088004
vt 0.791806 0.064616
vt 0.794841 0.064969
vt 0.790642 0.041168
vt 0.789377 0.015492
vt 0.797630 0.019192
vt 0.794846 0.042172
vt 0.789485 0.087859
vt 0.784890 0.087597
vt 0.787384 0.064066
vt 0.129983 0.068481
vt 0.133892 0.027504
vt 0.710578 0.070479
vt 0.696585 0.093203
vt 0.683912 0.075463
vt 0.706895 0.091097
vt 0.716027 0.096065
vt 0.733915 0.084050
vt 0.673744 0.660853
vt 0.689727 0.644912
vt 0.686283 0.661327
vt 0.750943 0.529137
vt 0.754161 0.530554
vt 0.753579 0.534795
vt 0.746627 0.661221
vt 0.746601 0.644601
vt 0.708883 0.622990
vt 0.746565 0.622712
vt 0.712100 0.596089
vt 0.746510 0.596011
vt 0.904312 0.279102
vt 0.902695 0.287400
vt 0.900132 0.286231
vt 0.915975 0.232126
vt 0.913114 0.253724
vt 0.913521 0.232319
vt 0.763489 0.531194
vt 0.754651 0.533619
vt 0.755980 0.529760
vt 0.747796 0.535550
vt 0.746702 0.532668
vt 0.811517 0.544291
vt 0.759221 0.537469
vt 0.758133 0.543513
vt 0.795219 0.561764
vt 0.774762 0.576042
vt 0.739653 0.548552
vt 0.739875 0.583981
vt 0.739737 0.536896
vt 0.739802 0.534940
vt 0.764641 0.836165
vt 0.749481 0.825789
vt 0.759771 0.814815
vt 0.742327 0.817474
vt 0.746935 0.804243
vt 0.095412 0.858037
vt 0.093565 0.844067
vt 0.099229 0.845007
vt 0.546863 0.825429
vt 0.537991 0.816350
vt 0.546739 0.812502
vt 0.107489 0.870331
vt 0.540757 0.829043
vt 0.530408 0.842115
vt 0.108217 0.891325
vt 0.101961 0.871674
vt 0.536026 0.843010
vt 0.530408 0.863078
vt 0.072320 0.854020
vt 0.048447 0.858633
vt 0.072403 0.840275
vt 0.754974 0.861245
vt 0.764700 0.862874
vt 0.052074 0.886350
vt 0.040434 0.885363
vt 0.720154 0.795012
vt 0.663575 0.662435
vt 0.658813 0.673276
vt 0.655664 0.673522
vt 0.110087 0.869061
vt 0.664952 0.666708
vt 0.668964 0.648278
vt 0.666402 0.656270
vt 0.663324 0.648411
vt 0.752818 0.528732
vt 0.754344 0.525939
vt 0.751076 0.526873
vt 0.620623 0.839737
vt 0.610103 0.862487
vt 0.608881 0.840611
vt 0.604626 0.815058
vt 0.619962 0.812883
vt 0.608179 0.807540
vt 0.614781 0.806445
vt 0.897449 0.292362
vt 0.915677 0.254892
vt 0.110724 0.891550
vt 0.900012 0.293531
vt 0.895651 0.300480
vt 0.564720 0.749734
vt 0.548738 0.733793
vt 0.561276 0.733319
vt 0.727930 0.528997
vt 0.724988 0.530504
vt 0.726066 0.528702
vt 0.621617 0.733422
vt 0.583894 0.764055
vt 0.621592 0.750041
vt 0.621576 0.764313
vt 0.587120 0.794360
vt 0.621530 0.794415
vt 0.897520 0.192737
vt 0.898269 0.186569
vt 0.900138 0.194619
vt 0.909776 0.211240
vt 0.716196 0.531301
vt 0.724715 0.533297
vt 0.720481 0.537500
vt 0.731533 0.535265
vt 0.732801 0.532461
vt 0.668545 0.544109
vt 0.684883 0.561627
vt 0.722248 0.543804
vt 0.705242 0.575900
vt 0.725761 0.534628
vt 0.723272 0.529823
vt 0.755371 0.891507
vt 0.738227 0.892975
vt 0.747008 0.884392
vt 0.745239 0.901570
vt 0.728754 0.898504
vt 0.086134 0.930128
vt 0.089838 0.921964
vt 0.091959 0.930191
vt 0.538062 0.904575
vt 0.546753 0.900496
vt 0.546778 0.908212
vt 0.103770 0.911791
vt 0.098534 0.909500
vt 0.530463 0.883984
vt 0.540518 0.897098
vt 0.102482 0.890814
vt 0.536034 0.883147
vt 0.043571 0.916278
vt 0.066558 0.921552
vt 0.064513 0.930191
vt 0.054204 0.910436
vt 0.085710 0.921806
vt 0.729659 0.907383
vt 0.530658 0.721124
vt 0.539945 0.727939
vt 0.538568 0.732211
vt 0.533807 0.721370
vt 0.094837 0.928508
vt 0.541395 0.738376
vt 0.543957 0.746368
vt 0.727132 0.526967
vt 0.724595 0.526191
vt 0.620691 0.885205
vt 0.621898 0.862469
vt 0.619924 0.904444
vt 0.608947 0.884366
vt 0.608055 0.909593
vt 0.604626 0.902018
vt 0.900414 0.179985
vt 0.895651 0.184687
vt 0.912125 0.209686
vt 0.106116 0.913486
vt 0.908601 0.181437
vt 0.903032 0.181867
vt 0.534106 0.705150
vt 0.170118 0.873460
vt 0.150018 0.902820
vt 0.145959 0.872168
vt 0.194230 0.873460
vt 0.214329 0.902820
vt 0.194228 0.902733
vt 0.170120 0.850987
vt 0.191837 0.830165
vt 0.194228 0.850987
vt 0.985185 0.204095
vt 0.965258 0.179985
vt 0.985185 0.179985
vt 0.215187 0.850983
vt 0.194230 0.870914
vt 0.149157 0.870908
vt 0.149161 0.850983
vt 0.215190 0.870908
vt 0.191804 0.922688
vt 0.170119 0.902733
vt 0.264238 0.933886
vt 0.288347 0.964698
vt 0.264238 0.964806
vt 0.428557 0.853464
vt 0.448846 0.882837
vt 0.428532 0.882734
vt 0.428594 0.809809
vt 0.428578 0.830992
vt 0.449762 0.831012
vt 0.428559 0.850918
vt 0.449743 0.850938
vt 0.182099 0.965637
vt 0.193578 0.965448
vt 0.428512 0.903047
vt 0.637682 0.615877
vt 0.982201 0.264290
vt 0.962274 0.264290
vt 0.469944 0.834899
vt 0.464969 0.863247
vt 0.471458 0.831406
vt 0.176132 0.798437
vt 0.176349 0.773416
vt 0.184751 0.784932
vt 0.872768 0.736723
vt 0.161638 0.699591
vt 0.164053 0.713210
vt 0.155994 0.708896
vt 0.871408 0.622638
vt 0.220764 0.656202
vt 0.211865 0.673022
vt 0.207241 0.660906
vt 0.871742 0.710494
vt 0.871655 0.695256
vt 0.187749 0.677312
vt 0.183506 0.671833
vt 0.189010 0.674068
vt 0.145959 0.746303
vt 0.162609 0.751426
vt 0.147685 0.756093
vt 0.172152 0.729792
vt 0.156067 0.736287
vt 0.158497 0.726808
vt 0.871143 0.636516
vt 0.175960 0.745739
vt 0.181967 0.733527
vt 0.173118 0.696367
vt 0.167487 0.690880
vt 0.172651 0.753797
vt 0.163263 0.755128
vt 0.170949 0.759088
vt 0.873048 0.743036
vt 0.179521 0.677498
vt 0.180007 0.690504
vt 0.173693 0.684616
vt 0.181789 0.674463
vt 0.186278 0.681362
vt 0.873232 0.748216
vt 0.150212 0.763285
vt 0.163952 0.758425
vt 0.193581 0.693699
vt 0.196818 0.685131
vt 0.197851 0.679352
vt 0.198113 0.675985
vt 0.170248 0.760573
vt 0.209242 0.768268
vt 0.217415 0.773090
vt 0.226485 0.703204
vt 0.213035 0.716133
vt 0.212683 0.696755
vt 0.220530 0.735181
vt 0.204159 0.731258
vt 0.213974 0.747025
vt 0.223498 0.717032
vt 0.198240 0.704822
vt 0.187622 0.717078
vt 0.190277 0.701507
vt 0.178702 0.757173
vt 0.200978 0.695537
vt 0.175200 0.762251
vt 0.191150 0.719146
vt 0.202484 0.679532
vt 0.200173 0.773388
vt 0.228454 0.686634
vt 0.213301 0.685183
vt 0.228870 0.681317
vt 0.212940 0.680111
vt 0.172780 0.765071
vt 0.169086 0.761949
vt 0.202107 0.677185
vt 0.229572 0.673800
vt 0.179826 0.747479
vt 0.184503 0.734287
vt 0.164772 0.762115
vt 0.152124 0.766932
vt 0.873680 0.754548
vt 0.872670 0.601573
vt 0.872793 0.596011
vt 0.872462 0.723163
vt 0.160856 0.742854
vt 0.224949 0.735546
vt 0.872087 0.608213
vt 0.871683 0.652909
vt 0.147747 0.725964
vt 0.871647 0.669429
vt 0.175485 0.717010
vt 0.176257 0.709719
vt 0.168398 0.703432
vt 0.202691 0.685675
vt 0.202706 0.743087
vt 0.168490 0.771792
vt 0.216194 0.740868
vt 0.203074 0.754831
vt 0.205147 0.765629
vt 0.214380 0.753903
vt 0.188982 0.762758
vt 0.175400 0.763215
vt 0.543870 0.307097
vt 0.551925 0.310217
vt 0.545349 0.315803
vt 0.573953 0.298452
vt 0.566850 0.295384
vt 0.572603 0.289663
vt 0.569497 0.304678
vt 0.568563 0.299603
vt 0.570685 0.322503
vt 0.555504 0.314074
vt 0.565843 0.313888
vt 0.576746 0.305622
vt 0.568981 0.309664
vt 0.548687 0.329828
vt 0.574236 0.329828
vt 0.583730 0.318986
vt 0.576314 0.314662
vt 0.584525 0.294022
vt 0.579242 0.283396
vt 0.586313 0.305821
vt 0.534561 0.308436
vt 0.538721 0.320715
vt 0.538579 0.285152
vt 0.551503 0.285297
vt 0.546019 0.290788
vt 0.566622 0.284817
vt 0.569576 0.276303
vt 0.551576 0.322799
vt 0.534683 0.296585
vt 0.545731 0.299711
vt 0.547758 0.276609
vt 0.563720 0.292461
vt 0.552399 0.295917
vt 0.555142 0.292780
vt 0.551210 0.300269
vt 0.550874 0.305374
vt 0.783361 0.832391
vt 0.784988 0.818178
vt 0.785606 0.867053
vt 0.786009 0.873069
vt 0.785743 0.884567
vt 0.784935 0.895177
vt 0.803302 0.886148
vt 0.784323 0.850709
vt 0.783589 0.803599
vt 0.782999 0.801299
vt 0.785314 0.810697
vt 0.782056 0.797079
vt 0.845999 0.385534
vt 0.845844 0.367518
vt 0.867524 0.365069
vt 0.846768 0.366581
vt 0.839464 0.344919
vt 0.851902 0.344592
vt 0.847787 0.387280
vt 0.838664 0.390082
vt 0.948217 0.286636
vt 0.928340 0.285239
vt 0.928625 0.264181
vt 0.845629 0.384501
vt 0.836949 0.370470
vt 0.844885 0.369600
vt 0.837011 0.368945
vt 0.845218 0.368551
vt 0.837116 0.367453
vt 0.837220 0.365989
vt 0.837727 0.385755
vt 0.837961 0.387235
vt 0.846735 0.386455
vt 0.838273 0.388676
vt 0.170118 0.870914
vt 0.634248 0.615877
vt 0.633668 0.627329
vt 0.965258 0.204095
vt 0.961825 0.180157
vt 0.883621 0.320786
vt 0.816103 0.320786
vt 0.743606 0.919412
vt 0.724295 0.919412
vt 0.362562 0.626258
vt 0.384789 0.774697
vt 0.375244 0.776417
vt 0.455469 0.620512
vt 0.448827 0.770622
vt 0.444950 0.620618
vt 0.352360 0.627126
vt 0.365277 0.778776
vt 0.423974 0.621514
vt 0.439705 0.770567
vt 0.430614 0.770822
vt 0.434383 0.620860
vt 0.518329 0.620780
vt 0.505990 0.774646
vt 0.507852 0.620667
vt 0.413676 0.622238
vt 0.421520 0.771204
vt 0.495914 0.773299
vt 0.497379 0.620569
vt 0.403422 0.622987
vt 0.412418 0.771739
vt 0.486183 0.772322
vt 0.486907 0.620497
vt 0.393190 0.623764
vt 0.403291 0.772460
vt 0.476668 0.771617
vt 0.476435 0.620461
vt 0.382973 0.624571
vt 0.394102 0.773419
vt 0.467294 0.771124
vt 0.465958 0.620464
vt 0.372765 0.625404
vt 0.458021 0.770801
vt 0.916382 0.646491
vt 0.980969 0.662135
vt 0.915701 0.653000
vt 0.821425 0.117349
vt 0.880954 0.127470
vt 0.821425 0.127470
vt 0.439875 0.789791
vt 0.431018 0.789986
vt 0.422247 0.790291
vt 0.413580 0.790737
vt 0.405051 0.791361
vt 0.396720 0.792221
vt 0.388684 0.793416
vt 0.381100 0.795114
vt 0.500715 0.795092
vt 0.516628 0.776510
vt 0.508456 0.797759
vt 0.492499 0.793309
vt 0.483985 0.792085
vt 0.475293 0.791228
vt 0.466497 0.790627
vt 0.457646 0.790214
vt 0.448766 0.789946
vt 0.758677 0.718392
vt 0.770026 0.707267
vt 0.770026 0.718392
vt 0.916950 0.837074
vt 0.983376 0.835143
vt 0.982218 0.846208
vt 0.979045 0.673093
vt 0.914569 0.659446
vt 0.915818 0.843520
vt 0.980294 0.857166
vt 0.976364 0.683891
vt 0.912992 0.665798
vt 0.912992 0.614104
vt 0.979045 0.606809
vt 0.914569 0.620456
vt 0.977613 0.867964
vt 0.914241 0.849871
vt 0.914241 0.798178
vt 0.980294 0.790883
vt 0.915818 0.804529
vt 0.980969 0.617767
vt 0.915701 0.626902
vt 0.916950 0.810975
vt 0.982218 0.801840
vt 0.982127 0.628832
vt 0.916382 0.633410
vt 0.983376 0.812906
vt 0.917631 0.817484
vt 0.982514 0.639951
vt 0.916610 0.639951
vt 0.917859 0.824024
vt 0.983763 0.824024
vt 0.982127 0.651070
vt 0.917631 0.830565
vt 0.414993 0.280560
vt 0.454543 0.288427
vt 0.446676 0.327977
vt 0.758678 0.629388
vt 0.770026 0.640513
vt 0.758678 0.640514
vt 0.758678 0.729518
vt 0.770026 0.729518
vt 0.770026 0.651639
vt 0.758677 0.651639
vt 0.758678 0.740644
vt 0.770026 0.740644
vt 0.770026 0.662765
vt 0.758677 0.662765
vt 0.758678 0.751769
vt 0.770026 0.751769
vt 0.758677 0.673890
vt 0.770026 0.673890
vt 0.758678 0.762895
vt 0.770026 0.762895
vt 0.758678 0.685016
vt 0.770026 0.685016
vt 0.758678 0.596011
vt 0.770026 0.607137
vt 0.758678 0.607137
vt 0.758678 0.774020
vt 0.770026 0.774020
vt 0.770026 0.696141
vt 0.758677 0.696141
vt 0.770026 0.618262
vt 0.758678 0.618262
vt 0.758677 0.707267
vt 0.770026 0.629388
vt 0.939342 0.752620
vt 0.926590 0.753899
vt 0.930042 0.748763
vt 0.821425 0.036379
vt 0.880953 0.026258
vt 0.880954 0.036379
vt 0.821426 0.107228
vt 0.880954 0.117349
vt 0.821425 0.026258
vt 0.880953 0.016136
vt 0.821426 0.097107
vt 0.880954 0.107228
vt 0.821425 0.016136
vt 0.880953 0.006015
vt 0.821426 0.086985
vt 0.880954 0.076864
vt 0.880954 0.086985
vt 0.880954 0.097107
vt 0.821425 0.157834
vt 0.880953 0.167956
vt 0.821425 0.167956
vt 0.821426 0.076864
vt 0.880954 0.066743
vt 0.821425 0.147713
vt 0.880953 0.157834
vt 0.821426 0.066743
vt 0.880954 0.056621
vt 0.821425 0.137592
vt 0.880953 0.147713
vt 0.821425 0.056621
vt 0.880954 0.046500
vt 0.880954 0.137592
vt 0.821425 0.046500
vt 0.688232 0.296054
vt 0.678132 0.313576
vt 0.673156 0.297851
vt 0.949410 0.702002
vt 0.938119 0.695920
vt 0.950605 0.695926
vt 0.949410 0.752628
vt 0.938111 0.758686
vt 0.939340 0.701994
vt 0.926571 0.700694
vt 0.958717 0.748780
vt 0.950594 0.758708
vt 0.930033 0.705841
vt 0.917752 0.709544
vt 0.965835 0.741655
vt 0.962147 0.753949
vt 0.922915 0.712966
vt 0.912992 0.721084
vt 0.969682 0.732350
vt 0.970978 0.745109
vt 0.919067 0.722270
vt 0.913003 0.733560
vt 0.969677 0.722282
vt 0.975753 0.733572
vt 0.919070 0.732338
vt 0.917769 0.745084
vt 0.965819 0.712986
vt 0.962140 0.700707
vt 0.970966 0.709547
vt 0.975753 0.721086
vt 0.922917 0.741645
vt 0.958709 0.705863
vt 0.087223 0.725996
vt 0.107383 0.793630
vt 0.090120 0.738584
vt 0.732915 0.265558
vt 0.754326 0.266450
vt 0.739626 0.274095
vt 0.706573 0.317768
vt 0.688690 0.326046
vt 0.696616 0.315152
vt 0.691041 0.306593
vt 0.725492 0.245448
vt 0.743547 0.250964
vt 0.717407 0.317400
vt 0.703803 0.332245
vt 0.711586 0.262327
vt 0.722624 0.261860
vt 0.727617 0.313252
vt 0.720237 0.332245
vt 0.701489 0.266919
vt 0.707956 0.246814
vt 0.748079 0.315284
vt 0.735651 0.326307
vt 0.680891 0.266087
vt 0.692577 0.254081
vt 0.741004 0.295888
vt 0.735844 0.305781
vt 0.689088 0.284989
vt 0.693673 0.274837
vt 0.758295 0.283619
vt 0.755986 0.300505
vt 0.674152 0.281304
vt 0.742370 0.284819
vt 0.803632 0.964887
vt 0.806513 0.982016
vt 0.795292 0.977368
vt 0.786704 0.968780
vt 0.799185 0.960440
vt 0.796779 0.954630
vt 0.782056 0.957559
vt 0.796779 0.948341
vt 0.782056 0.945413
vt 0.786704 0.934192
vt 0.799185 0.942532
vt 0.795292 0.925604
vt 0.803632 0.938085
vt 0.809442 0.935678
vt 0.806513 0.920956
vt 0.818659 0.920956
vt 0.815730 0.935678
vt 0.821540 0.938085
vt 0.829880 0.925604
vt 0.838468 0.934192
vt 0.825987 0.942532
vt 0.828394 0.948341
vt 0.843116 0.945413
vt 0.843116 0.957559
vt 0.828394 0.954630
vt 0.838468 0.968780
vt 0.825987 0.960440
vt 0.829880 0.977368
vt 0.821540 0.964887
vt 0.815730 0.967293
vt 0.818659 0.982016
vt 0.809442 0.967293
vt 0.532814 0.950987
vt 0.537261 0.928632
vt 0.559616 0.933079
vt 0.133812 0.728316
vt 0.116050 0.805468
vt 0.116549 0.797042
vt 0.087223 0.710971
vt 0.107365 0.787696
vt 0.130625 0.741059
vt 0.114683 0.815805
vt 0.090669 0.693987
vt 0.110290 0.777708
vt 0.108952 0.779355
vt 0.107924 0.782850
vt 0.117881 0.756142
vt 0.125054 0.750516
vt 0.098083 0.675554
vt 0.112064 0.777821
vt 0.109960 0.757426
vt 0.113500 0.827638
vt 0.109975 0.656201
vt 0.113865 0.780127
vt 0.102174 0.754692
vt 0.111513 0.816888
vt 0.122547 0.676146
vt 0.115365 0.784270
vt 0.095321 0.748285
vt 0.109645 0.807934
vt 0.130360 0.695249
vt 0.116317 0.789936
vt 0.108209 0.800171
vt 0.133929 0.712848
vt 0.939689 0.461178
vt 0.949472 0.446537
vt 0.964113 0.456320
vt 0.917876 0.470961
vt 0.903235 0.461178
vt 0.913018 0.446537
vt 0.638175 0.573029
vt 0.639814 0.408932
vt 0.637446 0.579413
vt 0.636821 0.412677
vt 0.636047 0.587115
vt 0.633445 0.413980
vt 0.634201 0.596731
vt 0.632279 0.586879
vt 0.630059 0.412704
vt 0.630821 0.579413
vt 0.623347 0.394828
vt 0.630404 0.563530
vt 0.629911 0.567854
vt 0.627035 0.408984
vt 0.630031 0.573150
vt 0.623264 0.384732
vt 0.631367 0.560251
vt 0.624698 0.402970
vt 0.624708 0.372869
vt 0.632636 0.558109
vt 0.627928 0.359427
vt 0.634034 0.557245
vt 0.638511 0.359382
vt 0.635440 0.558042
vt 0.641842 0.372798
vt 0.636734 0.560215
vt 0.643384 0.384649
vt 0.637726 0.563534
vt 0.643384 0.394745
vt 0.638250 0.567801
vt 0.642102 0.402898
vt 0.042758 0.948839
vt 0.064346 0.944545
vt 0.068640 0.966133
vt 0.101295 0.942221
vt 0.113523 0.960522
vt 0.095222 0.972751
vt 0.368424 0.205119
vt 0.370503 0.032577
vt 0.365349 0.212624
vt 0.384687 0.267159
vt 0.379001 0.048300
vt 0.388973 0.250145
vt 0.372431 0.200470
vt 0.371168 0.024721
vt 0.377635 0.286016
vt 0.377333 0.050931
vt 0.381467 0.200389
vt 0.375333 0.006015
vt 0.376936 0.198844
vt 0.372727 0.015825
vt 0.370277 0.267282
vt 0.375486 0.051924
vt 0.385552 0.204964
vt 0.378187 0.015798
vt 0.365719 0.250346
vt 0.373664 0.051080
vt 0.388748 0.212413
vt 0.380075 0.024459
vt 0.363619 0.235444
vt 0.371918 0.048360
vt 0.390640 0.222558
vt 0.380992 0.032116
vt 0.363619 0.222800
vt 0.371148 0.044627
vt 0.390839 0.235205
vt 0.381010 0.038745
vt 0.370565 0.039262
vt 0.380289 0.044189
vt 0.925338 0.141260
vt 0.964243 0.079652
vt 0.964243 0.141260
vt 0.604626 0.923135
vt 0.627322 0.961732
vt 0.604626 0.962040
vt 0.964243 0.006015
vt 0.925338 0.067622
vt 0.925338 0.006015
vt 0.855146 0.959861
vt 0.877841 0.921265
vt 0.877841 0.960170
vt 0.770325 0.245448
vt 0.793022 0.307056
vt 0.770325 0.307056
vt 0.311355 0.891772
vt 0.334053 0.830165
vt 0.334053 0.891772
vt 0.941516 0.879994
vt 0.969855 0.891685
vt 0.951817 0.911695
vt 0.501354 0.946301
vt 0.479565 0.933053
vt 0.501354 0.933053
vt 0.969855 0.953495
vt 0.941516 0.965186
vt 0.951817 0.933485
vt 0.949795 0.202092
vt 0.928005 0.229366
vt 0.928005 0.202092
vt 0.961825 0.322112
vt 0.983614 0.298996
vt 0.983614 0.322112
vt 0.949795 0.179985
vt 0.928005 0.179986
vt 0.949795 0.331345
vt 0.928005 0.298996
vt 0.949795 0.298996
vt 0.983417 0.909317
vt 0.961310 0.902560
vt 0.479565 0.886840
vt 0.501354 0.886840
vt 0.983417 0.935863
vt 0.961310 0.942620
vt 0.252208 0.965479
vt 0.230418 0.933777
vt 0.252208 0.933777
vt 0.914241 0.911695
vt 0.914241 0.879994
vt 0.914241 0.933485
vt 0.767647 0.926612
vt 0.760447 0.931423
vt 0.755636 0.924223
vt 0.782336 0.326286
vt 0.775136 0.331097
vt 0.770325 0.323897
vt 0.017183 0.951567
vt 0.011097 0.966168
vt 0.016239 0.951019
vt 0.017857 0.943120
vt 0.023708 0.941112
vt 0.018540 0.943856
vt 0.015496 0.949781
vt 0.007464 0.959961
vt 0.026318 0.944252
vt 0.019046 0.945020
vt 0.015058 0.948200
vt 0.006015 0.954033
vt 0.028007 0.948528
vt 0.019295 0.946504
vt 0.014956 0.946557
vt 0.006292 0.948778
vt 0.028404 0.953776
vt 0.019231 0.948150
vt 0.015172 0.945067
vt 0.007883 0.944463
vt 0.027090 0.959737
vt 0.018828 0.949741
vt 0.015650 0.943891
vt 0.010420 0.941265
vt 0.023599 0.966026
vt 0.018113 0.950997
vt 0.016317 0.943139
vt 0.013573 0.939290
vt 0.017416 0.972082
vt 0.017084 0.942874
vt 0.020511 0.939210
vt 0.017035 0.938598
vt 0.007063 0.008854
vt 0.006219 0.016086
vt 0.006388 0.015584
vt 0.006593 0.015341
vt 0.006475 0.006015
vt 0.006436 0.015848
vt 0.006938 0.018244
vt 0.006783 0.018511
vt 0.007121 0.011010
vt 0.006118 0.016695
vt 0.006213 0.014729
vt 0.006309 0.015428
vt 0.007030 0.012664
vt 0.006098 0.017304
vt 0.006131 0.013777
vt 0.007050 0.017822
vt 0.006942 0.013908
vt 0.006153 0.017838
vt 0.006052 0.012579
vt 0.007100 0.017281
vt 0.006872 0.014781
vt 0.006270 0.018252
vt 0.006015 0.010990
vt 0.007076 0.016675
vt 0.006793 0.015402
vt 0.006429 0.018512
vt 0.006092 0.008903
vt 0.006975 0.016074
vt 0.006702 0.015780
vt 0.006607 0.018601
vt 0.006805 0.015580
vt 0.006585 0.015932
vt 0.053545 0.680591
vt 0.040434 0.670058
vt 0.049752 0.665695
vt 0.363619 0.298046
vt 0.378872 0.308335
vt 0.363619 0.308335
vt 0.782056 0.754199
vt 0.795168 0.743665
vt 0.791375 0.758561
vt 0.318708 0.785058
vt 0.333961 0.720711
vt 0.333961 0.785058
vt 0.936660 0.561805
vt 0.921407 0.577986
vt 0.921407 0.561805
vt 0.318708 0.800533
vt 0.333961 0.800533
vt 0.589305 0.949637
vt 0.574052 0.926226
vt 0.589305 0.926226
vt 0.816815 0.752580
vt 0.812086 0.768055
vt 0.378872 0.331118
vt 0.363619 0.331118
vt 0.075193 0.671676
vt 0.070463 0.656201
vt 0.795168 0.644434
vt 0.782056 0.674377
vt 0.782056 0.644434
vt 0.900962 0.596011
vt 0.885710 0.665299
vt 0.885710 0.596011
vt 0.040434 0.685532
vt 0.053545 0.749879
vt 0.040434 0.749879
vt 0.782056 0.738724
vt 0.795168 0.674377
vt 0.795168 0.620401
vt 0.782056 0.609868
vt 0.791375 0.605505
vt 0.900962 0.764378
vt 0.885710 0.754088
vt 0.900962 0.754088
vt 0.040434 0.814389
vt 0.053545 0.803855
vt 0.049752 0.818751
vt 0.333961 0.671676
vt 0.318708 0.690768
vt 0.318708 0.671676
vt 0.910904 0.329860
vt 0.895651 0.313679
vt 0.910904 0.313679
vt 0.318708 0.656201
vt 0.908236 0.139708
vt 0.892984 0.163120
vt 0.892984 0.139708
vt 0.075193 0.812770
vt 0.070463 0.828245
vt 0.885710 0.731305
vt 0.900962 0.731305
vt 0.816815 0.611486
vt 0.812086 0.596011
vt 0.333961 0.690768
vt 0.318708 0.720711
vt 0.885710 0.719276
vt 0.900962 0.695242
vt 0.900962 0.719276
vt 0.782056 0.625342
vt 0.040434 0.798914
vt 0.053545 0.779822
vt 0.885710 0.695242
vt 0.900962 0.665299
vt 0.040434 0.779822
vt 0.955058 0.541589
vt 0.958145 0.533817
vt 0.961475 0.537553
vt 0.952699 0.531803
vt 0.953134 0.525602
vt 0.955409 0.529313
vt 0.950510 0.522856
vt 0.949604 0.519077
vt 0.951248 0.522299
vt 0.956967 0.549775
vt 0.967372 0.544471
vt 0.954691 0.539998
vt 0.951454 0.526769
vt 0.635286 0.284969
vt 0.631391 0.305079
vt 0.625353 0.279430
vt 0.974522 0.535115
vt 0.957235 0.525656
vt 0.960869 0.528108
vt 0.951703 0.521341
vt 0.954322 0.523375
vt 0.648830 0.308707
vt 0.644981 0.321667
vt 0.642480 0.317332
vt 0.965812 0.530757
vt 0.951919 0.519985
vt 0.954735 0.520735
vt 0.647133 0.300375
vt 0.639819 0.313289
vt 0.962188 0.522170
vt 0.968027 0.523000
vt 0.958039 0.521453
vt 0.977925 0.523868
vt 0.629964 0.327193
vt 0.642950 0.323649
vt 0.637657 0.326224
vt 0.967541 0.514833
vt 0.954443 0.517907
vt 0.957684 0.517131
vt 0.951679 0.518566
vt 0.977207 0.512235
vt 0.961709 0.516180
vt 0.951209 0.517207
vt 0.972627 0.501586
vt 0.956039 0.513106
vt 0.959461 0.510578
vt 0.953451 0.515244
vt 0.606550 0.313113
vt 0.626766 0.309587
vt 0.628544 0.312490
vt 0.964423 0.507162
vt 0.958768 0.501231
vt 0.964463 0.493285
vt 0.953415 0.509731
vt 0.955545 0.505852
vt 0.951760 0.513065
vt 0.634807 0.318286
vt 0.638676 0.321251
vt 0.950467 0.516122
vt 0.642593 0.292203
vt 0.637011 0.309706
vt 0.950451 0.502070
vt 0.951769 0.497161
vt 0.949700 0.511640
vt 0.950020 0.507339
vt 0.949599 0.515485
vt 0.953850 0.488269
vt 0.944144 0.496462
vt 0.946540 0.506284
vt 0.948677 0.515345
vt 0.942190 0.488269
vt 0.944502 0.498052
vt 0.947774 0.511378
vt 0.613037 0.276303
vt 0.628730 0.304507
vt 0.937676 0.500535
vt 0.931809 0.493550
vt 0.941045 0.504271
vt 0.947946 0.515832
vt 0.946065 0.512608
vt 0.598644 0.276303
vt 0.626791 0.305126
vt 0.943824 0.508768
vt 0.938319 0.510032
vt 0.947470 0.516819
vt 0.944947 0.514747
vt 0.631301 0.315431
vt 0.613618 0.320583
vt 0.933210 0.507400
vt 0.941996 0.512480
vt 0.924638 0.502810
vt 0.647702 0.316383
vt 0.647446 0.326162
vt 0.937025 0.515978
vt 0.931297 0.515240
vt 0.941152 0.516697
vt 0.947315 0.518134
vt 0.921407 0.514135
vt 0.944491 0.517419
vt 0.944810 0.520230
vt 0.941560 0.521011
vt 0.947515 0.519573
vt 0.931713 0.523275
vt 0.922065 0.525839
vt 0.937500 0.521981
vt 0.643884 0.322533
vt 0.926671 0.536544
vt 0.939784 0.527575
vt 0.945783 0.522879
vt 0.621681 0.325306
vt 0.934824 0.530834
vt 0.943150 0.525047
vt 0.948054 0.520942
vt 0.948754 0.522039
vt 0.947424 0.525065
vt 0.573932 0.992358
vt 0.564925 0.978878
vt 0.578405 0.969871
vt 0.940280 0.537085
vt 0.945834 0.528420
vt 0.934653 0.544979
vt 0.943671 0.532315
vt 0.626144 0.306997
vt 0.598343 0.290693
vt 0.947528 0.540853
vt 0.949171 0.530857
vt 0.949597 0.522690
vt 0.945231 0.549752
vt 0.948799 0.536063
vt 0.949406 0.526484
vt 0.634336 0.306769
vt 0.601218 0.303067
vt 0.689322 0.929220
vt 0.682159 0.928419
vt 0.689800 0.927430
vt 0.685823 0.942558
vt 0.683595 0.938346
vt 0.687180 0.937464
vt 0.684753 0.946370
vt 0.683765 0.950143
vt 0.683843 0.946514
vt 0.680129 0.919413
vt 0.691895 0.919413
vt 0.683334 0.933124
vt 0.683742 0.942754
vt 0.363456 0.972833
vt 0.350551 0.976653
vt 0.359207 0.970570
vt 0.675006 0.931956
vt 0.669349 0.924039
vt 0.678133 0.936746
vt 0.681705 0.944120
vt 0.362838 0.966868
vt 0.367561 0.950040
vt 0.369253 0.958322
vt 0.680173 0.940705
vt 0.682992 0.947135
vt 0.680075 0.946234
vt 0.368144 0.965958
vt 0.365312 0.971476
vt 0.674108 0.941387
vt 0.669219 0.937847
vt 0.677433 0.944029
vt 0.682148 0.948219
vt 0.661093 0.932171
vt 0.354729 0.956496
vt 0.345915 0.929271
vt 0.355776 0.934762
vt 0.665954 0.945451
vt 0.675765 0.948017
vt 0.681665 0.949571
vt 0.656331 0.942722
vt 0.671742 0.946937
vt 0.678905 0.948847
vt 0.681407 0.950980
vt 0.665341 0.953538
vt 0.655414 0.954369
vt 0.675272 0.952304
vt 0.671120 0.952908
vt 0.678622 0.951697
vt 0.346725 0.956544
vt 0.322005 0.952716
vt 0.319139 0.940443
vt 0.667038 0.961512
vt 0.658334 0.965693
vt 0.672231 0.958912
vt 0.681595 0.952327
vt 0.678965 0.954346
vt 0.349230 0.954173
vt 0.351847 0.954752
vt 0.675963 0.956546
vt 0.364374 0.972062
vt 0.368271 0.976024
vt 0.671562 0.968152
vt 0.680106 0.956544
vt 0.677789 0.960254
vt 0.682097 0.953354
vt 0.665389 0.974982
vt 0.674888 0.964648
vt 0.677656 0.972774
vt 0.680370 0.962788
vt 0.682817 0.953887
vt 0.675603 0.980773
vt 0.678172 0.971113
vt 0.681757 0.957770
vt 0.342326 0.974793
vt 0.355303 0.968023
vt 0.685332 0.971786
vt 0.687393 0.980767
vt 0.683891 0.961823
vt 0.684211 0.967069
vt 0.683713 0.957516
vt 0.334324 0.970099
vt 0.351936 0.964929
vt 0.683647 0.953806
vt 0.689339 0.963450
vt 0.684498 0.953157
vt 0.685830 0.956151
vt 0.319422 0.926171
vt 0.347333 0.954730
vt 0.692449 0.968241
vt 0.687321 0.959544
vt 0.698192 0.976069
vt 0.357596 0.959233
vt 0.360299 0.962759
vt 0.693321 0.958868
vt 0.698099 0.962378
vt 0.687454 0.954033
vt 0.690065 0.956235
vt 0.685322 0.952065
vt 0.706434 0.967779
vt 0.688572 0.951428
vt 0.691773 0.952266
vt 0.685896 0.950724
vt 0.711281 0.957205
vt 0.695817 0.953386
vt 0.363044 0.941930
vt 0.701542 0.954980
vt 0.702382 0.946836
vt 0.712265 0.945630
vt 0.692256 0.947963
vt 0.696463 0.947364
vt 0.686149 0.949309
vt 0.688935 0.948603
vt 0.333697 0.926171
vt 0.688574 0.945936
vt 0.535282 0.971582
vt 0.551183 0.974745
vt 0.548020 0.990646
vt 0.700548 0.938764
vt 0.691545 0.943736
vt 0.685957 0.947954
vt 0.709224 0.934426
vt 0.695295 0.941335
vt 0.327305 0.962682
vt 0.349180 0.961964
vt 0.695972 0.932093
vt 0.687424 0.943722
vt 0.689748 0.940066
vt 0.685459 0.946916
vt 0.702132 0.925190
vt 0.692587 0.935627
vt 0.358187 0.975696
vt 0.347380 0.959087
vt 0.425512 0.974744
vt 0.418279 0.993985
vt 0.416998 0.977248
vt 0.420148 0.934364
vt 0.403358 0.921368
vt 0.418064 0.915946
vt 0.432878 0.969643
vt 0.432668 0.990563
vt 0.411846 0.937258
vt 0.391667 0.931171
vt 0.438219 0.962435
vt 0.445244 0.982366
vt 0.404945 0.942883
vt 0.384052 0.944114
vt 0.440819 0.953963
vt 0.454531 0.970222
vt 0.400233 0.950491
vt 0.381283 0.958689
vt 0.440216 0.945384
vt 0.459310 0.955251
vt 0.398109 0.959203
vt 0.383758 0.973071
vt 0.436236 0.938224
vt 0.458560 0.938788
vt 0.408422 0.977121
vt 0.391432 0.985119
vt 0.400770 0.975313
vt 0.398544 0.967857
vt 0.434523 0.915946
vt 0.451304 0.922370
vt 0.403845 0.992179
vt 0.428735 0.934703
vt 0.465950 0.615877
vt 0.455448 0.615911
vt 0.372396 0.620940
vt 0.476443 0.615877
vt 0.382614 0.620103
vt 0.486931 0.615916
vt 0.392843 0.619292
vt 0.497416 0.615988
vt 0.403085 0.618508
vt 0.507898 0.616085
vt 0.413340 0.617747
vt 0.518378 0.616198
vt 0.444900 0.615951
vt 0.434086 0.616024
vt 0.423616 0.616964
vt 0.351981 0.622664
vt 0.362186 0.621796
vt 0.816104 0.046500
vt 0.816104 0.127470
vt 0.816104 0.137592
vt 0.816104 0.056621
vt 0.816103 0.147713
vt 0.816104 0.066743
vt 0.816103 0.157834
vt 0.816104 0.076864
vt 0.816103 0.167956
vt 0.816104 0.086985
vt 0.816104 0.097107
vt 0.816103 0.016136
vt 0.821425 0.006015
vt 0.816104 0.107228
vt 0.816103 0.026258
vt 0.816104 0.117349
vt 0.816104 0.036379
vt 0.062023 0.564581
vt 0.069240 0.532285
vt 0.079112 0.555150
vt 0.078252 0.588243
vt 0.093208 0.575690
vt 0.098742 0.608335
vt 0.111000 0.593133
vt 0.122721 0.624102
vt 0.131821 0.606822
vt 0.149288 0.634955
vt 0.154893 0.616244
vt 0.177448 0.640495
vt 0.179351 0.621047
vt 0.206158 0.640527
vt 0.204288 0.621050
vt 0.234391 0.635062
vt 0.228784 0.616241
vt 0.261199 0.624251
vt 0.251935 0.606756
vt 0.058711 0.427158
vt 0.089232 0.413644
vt 0.076307 0.435259
vt 0.048913 0.453628
vt 0.067641 0.458598
vt 0.044055 0.481660
vt 0.063433 0.483096
vt 0.044611 0.510240
vt 0.063955 0.507962
vt 0.050668 0.538245
vt 0.072542 0.402868
vt 0.105981 0.393016
vt 0.540356 0.364307
vt 0.591517 0.532966
vt 0.517784 0.593479
vt 0.069537 0.400948
vt 0.088972 0.379897
vt 0.562360 0.375821
vt 0.543011 0.359339
vt 0.564241 0.373529
vt 0.560670 0.377881
vt 0.541613 0.361956
vt 0.055471 0.425651
vt 0.580004 0.393466
vt 0.582295 0.391585
vt 0.577945 0.395156
vt 0.045429 0.452690
vt 0.593866 0.414214
vt 0.596481 0.412816
vt 0.591517 0.415470
vt 0.603416 0.437268
vt 0.606253 0.436406
vt 0.600866 0.438041
vt 0.040434 0.481386
vt 0.608283 0.461742
vt 0.611234 0.461451
vt 0.605632 0.462003
vt 0.040990 0.510663
vt 0.611234 0.486986
vt 0.608283 0.486695
vt 0.047190 0.539359
vt 0.603415 0.511168
vt 0.606252 0.512030
vt 0.605632 0.486434
vt 0.058824 0.566348
vt 0.593866 0.534222
vt 0.596481 0.535620
vt 0.096446 0.611180
vt 0.580003 0.554970
vt 0.582295 0.556850
vt 0.577944 0.553280
vt 0.121016 0.627336
vt 0.562359 0.572615
vt 0.564240 0.574906
vt 0.560669 0.570556
vt 0.148238 0.638457
vt 0.541611 0.586478
vt 0.543009 0.589093
vt 0.540355 0.584129
vt 0.177090 0.644134
vt 0.518558 0.596028
vt 0.519418 0.598866
vt 0.206505 0.644172
vt 0.494374 0.603847
vt 0.494084 0.600896
vt 0.468840 0.603847
vt 0.469131 0.600897
vt 0.493823 0.598245
vt 0.235432 0.638585
vt 0.444657 0.596030
vt 0.443796 0.598867
vt 0.469392 0.598246
vt 0.285722 0.608247
vt 0.262920 0.627538
vt 0.421602 0.586483
vt 0.420204 0.589099
vt 0.445430 0.593480
vt 0.272803 0.592844
vt 0.471588 0.248161
vt 0.450191 0.234825
vt 0.450701 0.234205
vt 0.471210 0.248870
vt 0.449682 0.235445
vt 0.107148 0.394675
vt 0.089958 0.413838
vt 0.494798 0.257775
vt 0.494565 0.258543
vt 0.470832 0.249577
vt 0.076939 0.435392
vt 0.519437 0.262676
vt 0.519358 0.263475
vt 0.494332 0.259311
vt 0.068329 0.458745
vt 0.544637 0.263475
vt 0.544558 0.262676
vt 0.519279 0.264273
vt 0.064154 0.483139
vt 0.569430 0.258543
vt 0.569197 0.257775
vt 0.569663 0.259311
vt 0.064687 0.507875
vt 0.592785 0.248869
vt 0.592407 0.248161
vt 0.593163 0.249576
vt 0.069950 0.532059
vt 0.613804 0.234825
vt 0.613294 0.234204
vt 0.614312 0.235445
vt 0.079768 0.554789
vt 0.631679 0.216950
vt 0.631058 0.216441
vt 0.632298 0.217459
vt 0.093782 0.575209
vt 0.645015 0.195553
vt 0.645723 0.195931
vt 0.111471 0.592549
vt 0.654628 0.172344
vt 0.655397 0.172577
vt 0.646430 0.196309
vt 0.132171 0.606159
vt 0.659529 0.147705
vt 0.660328 0.147783
vt 0.656164 0.172809
vt 0.155109 0.615526
vt 0.660328 0.122504
vt 0.659529 0.122583
vt 0.661126 0.147862
vt 0.179428 0.620300
vt 0.655397 0.097711
vt 0.654628 0.097944
vt 0.656164 0.097478
vt 0.204224 0.620294
vt 0.645723 0.074356
vt 0.645015 0.074735
vt 0.646430 0.073978
vt 0.228574 0.615489
vt 0.631679 0.053338
vt 0.631058 0.053847
vt 0.632298 0.052829
vt 0.251549 0.606010
vt 0.613804 0.035463
vt 0.613294 0.036083
vt 0.614312 0.034843
vt 0.272189 0.592117
vt 0.248808 0.381879
vt 0.281867 0.380451
vt 0.269579 0.395614
vt 0.302296 0.400586
vt 0.287315 0.413096
vt 0.318460 0.424276
vt 0.301351 0.433666
vt 0.329759 0.450630
vt 0.311165 0.456553
vt 0.335779 0.478660
vt 0.316392 0.480900
vt 0.336309 0.507323
vt 0.316843 0.505802
vt 0.331342 0.535571
vt 0.312501 0.530339
vt 0.321058 0.562403
vt 0.303519 0.553611
vt 0.305746 0.586901
vt 0.290142 0.574735
vt 0.128782 0.380831
vt 0.147172 0.353430
vt 0.152160 0.371977
vt 0.174853 0.348182
vt 0.176557 0.367429
vt 0.203336 0.348210
vt 0.201395 0.367542
vt 0.231415 0.353751
vt 0.225788 0.372406
vt 0.257937 0.364638
vt 0.121255 0.363046
vt 0.402546 0.570558
vt 0.385270 0.395158
vt 0.469392 0.350194
vt 0.097023 0.375155
vt 0.119878 0.359857
vt 0.518558 0.352410
vt 0.519419 0.349572
vt 0.517785 0.354959
vt 0.146222 0.350010
vt 0.494084 0.347542
vt 0.494375 0.344591
vt 0.493823 0.350193
vt 0.174518 0.344592
vt 0.469131 0.347543
vt 0.468841 0.344592
vt 0.203692 0.344592
vt 0.444657 0.352412
vt 0.443797 0.349574
vt 0.445431 0.354961
vt 0.232466 0.350256
vt 0.421604 0.361961
vt 0.420206 0.359345
vt 0.422859 0.364310
vt 0.259645 0.361409
vt 0.400856 0.375824
vt 0.398975 0.373532
vt 0.402546 0.377883
vt 0.284167 0.377613
vt 0.383211 0.393468
vt 0.380920 0.391587
vt 0.305100 0.398243
vt 0.366734 0.412818
vt 0.369348 0.414217
vt 0.371698 0.415472
vt 0.321662 0.422517
vt 0.359799 0.437270
vt 0.356962 0.436409
vt 0.362349 0.438044
vt 0.333239 0.449520
vt 0.354932 0.461744
vt 0.351981 0.461453
vt 0.357583 0.462005
vt 0.339407 0.478240
vt 0.354932 0.486697
vt 0.351981 0.486987
vt 0.357583 0.486436
vt 0.339951 0.507606
vt 0.359800 0.511171
vt 0.356963 0.512031
vt 0.362349 0.510397
vt 0.334867 0.536546
vt 0.366734 0.535623
vt 0.369349 0.534224
vt 0.371698 0.532969
vt 0.324344 0.564041
vt 0.380920 0.556854
vt 0.383212 0.554972
vt 0.385271 0.553282
vt 0.308681 0.589168
vt 0.400855 0.572618
vt 0.398974 0.574910
vt 0.288111 0.611096
vt 0.422858 0.584132
vt 0.432937 0.216441
vt 0.432316 0.216950
vt 0.431696 0.217459
vt 0.128868 0.381477
vt 0.418980 0.195553
vt 0.418272 0.195932
vt 0.417565 0.196310
vt 0.152225 0.372588
vt 0.409367 0.172344
vt 0.408598 0.172577
vt 0.407831 0.172810
vt 0.176595 0.368107
vt 0.403666 0.147784
vt 0.404466 0.147705
vt 0.402869 0.147862
vt 0.201325 0.368259
vt 0.403666 0.122505
vt 0.404466 0.122583
vt 0.402869 0.122426
vt 0.225580 0.373116
vt 0.408598 0.097711
vt 0.409367 0.097944
vt 0.407831 0.097479
vt 0.248462 0.382541
vt 0.418272 0.074357
vt 0.418980 0.074735
vt 0.417565 0.073979
vt 0.269109 0.396197
vt 0.432316 0.053338
vt 0.432937 0.053847
vt 0.431696 0.052829
vt 0.286740 0.413577
vt 0.450701 0.036084
vt 0.450191 0.035463
vt 0.449682 0.034843
vt 0.300695 0.434027
vt 0.471588 0.022127
vt 0.471210 0.021419
vt 0.470832 0.020711
vt 0.310451 0.456782
vt 0.494798 0.012513
vt 0.494565 0.011745
vt 0.494332 0.010977
vt 0.315648 0.480989
vt 0.519358 0.006813
vt 0.519437 0.007612
vt 0.519279 0.006015
vt 0.316092 0.505748
vt 0.544637 0.006813
vt 0.544558 0.007612
vt 0.544716 0.006015
vt 0.311765 0.530141
vt 0.569430 0.011745
vt 0.569197 0.012513
vt 0.569663 0.010977
vt 0.302822 0.553276
vt 0.592785 0.021418
vt 0.592407 0.022127
vt 0.593163 0.020711
vt 0.289473 0.574227
vt 0.237359 0.235657
vt 0.309863 0.237689
vt 0.722545 0.199367
vt 0.586930 0.862828
vt 0.655414 0.714965
vt 0.663324 0.730582
vt 0.755427 0.520672
vt 0.356235 0.879974
vt 0.362135 0.914141
vt 0.895547 0.006015
vt 0.909458 0.097978
vt 0.928250 0.426123
vt 0.530408 0.679682
vt 0.907844 0.417802
vt 0.724123 0.521507
vt 0.908551 0.124345
vt 0.887642 0.580792
vt 0.145959 0.934717
vt 0.417065 0.903917
vt 0.982201 0.252843
vt 0.501354 0.867234
vt 0.476148 0.810208
vt 0.743606 0.961156
vt 0.829732 0.596011
vt 0.830878 0.669429
vt 0.793377 0.780085
vt 0.230418 0.918258
vt 0.793982 0.908926
vt 0.868076 0.386005
vt 0.888477 0.365335
vt 0.890823 0.366668
vt 0.891205 0.368007
vt 0.891205 0.383748
vt 0.889879 0.386025
vt 0.950244 0.264181
vt 0.928005 0.244469
vt 0.929311 0.242123
vt 0.930658 0.241736
vt 0.946855 0.241396
vt 0.949229 0.242685
vt 0.883621 0.179985
vt 0.169537 0.240356
vt 0.103093 0.252134
vt 0.741553 0.031085
vt 0.906875 0.280271
vt 0.754986 0.836765
vt 0.091274 0.857504
vt 0.536075 0.863071
vt 0.058402 0.862987
vt 0.655414 0.664028
vt 0.101817 0.843695
vt 0.898214 0.301649
vt 0.530408 0.730618
vt 0.538317 0.746236
vt 0.614638 0.910797
vt 0.911219 0.183318
vt 0.218388 0.872168
vt 0.167729 0.830165
vt 0.167695 0.922688
vt 0.288347 0.933777
vt 0.452939 0.852191
vt 0.182122 0.934717
vt 0.471181 0.815150
vt 0.149111 0.760110
vt 0.146073 0.737038
vt 0.949620 0.284346
vt 0.949229 0.285677
vt 0.946855 0.286966
vt 0.930658 0.286626
vt 0.929311 0.286239
vt 0.928005 0.283893
vt 0.961825 0.204267
vt 0.374213 0.797604
vt 0.976364 0.596011
vt 0.977613 0.780085
vt 0.436397 0.332235
vt 0.425272 0.332235
vt 0.414993 0.327977
vt 0.407126 0.320110
vt 0.402869 0.309832
vt 0.402869 0.298706
vt 0.407126 0.288427
vt 0.425272 0.276303
vt 0.436397 0.276303
vt 0.446676 0.280560
vt 0.458800 0.298706
vt 0.458800 0.309832
vt 0.454543 0.320110
vt 0.770026 0.596011
vt 0.562022 0.938889
vt 0.562022 0.945177
vt 0.559616 0.950987
vt 0.555169 0.955434
vt 0.549359 0.957841
vt 0.543071 0.957841
vt 0.537261 0.955434
vt 0.530408 0.945178
vt 0.530408 0.938889
vt 0.532814 0.933079
vt 0.543071 0.926226
vt 0.549359 0.926226
vt 0.555169 0.928632
vt 0.964113 0.461178
vt 0.962254 0.465667
vt 0.958818 0.469102
vt 0.954330 0.470961
vt 0.949472 0.470961
vt 0.944983 0.469102
vt 0.941548 0.465667
vt 0.939689 0.456320
vt 0.941548 0.451832
vt 0.944983 0.448396
vt 0.954330 0.446537
vt 0.958818 0.448396
vt 0.962254 0.451832
vt 0.917876 0.446537
vt 0.922365 0.448396
vt 0.925800 0.451832
vt 0.927659 0.456320
vt 0.927659 0.461178
vt 0.925800 0.465667
vt 0.922365 0.469102
vt 0.913018 0.470961
vt 0.908530 0.469102
vt 0.905094 0.465667
vt 0.903235 0.456320
vt 0.905094 0.451832
vt 0.908530 0.448396
vt 0.633158 0.344591
vt 0.064346 0.970427
vt 0.058735 0.972751
vt 0.052662 0.972751
vt 0.047052 0.970427
vt 0.042758 0.966133
vt 0.040434 0.960522
vt 0.040434 0.954449
vt 0.047052 0.944545
vt 0.052662 0.942221
vt 0.058735 0.942221
vt 0.068640 0.948839
vt 0.070964 0.954449
vt 0.070964 0.960522
vt 0.089612 0.970427
vt 0.085317 0.966133
vt 0.082994 0.960522
vt 0.082994 0.954449
vt 0.085317 0.948839
vt 0.089612 0.944545
vt 0.095222 0.942221
vt 0.106905 0.944545
vt 0.111199 0.948839
vt 0.113523 0.954449
vt 0.111199 0.966132
vt 0.106905 0.970427
vt 0.101295 0.972751
vt 0.925338 0.079652
vt 0.627322 0.922827
vt 0.964243 0.067622
vt 0.855146 0.920956
vt 0.793022 0.245448
vt 0.311355 0.830165
vt 0.963622 0.879994
vt 0.479565 0.946301
vt 0.963622 0.965186
vt 0.949795 0.229366
vt 0.961825 0.298996
vt 0.928005 0.331345
vt 0.230418 0.965479
vt 0.914241 0.965186
vt 0.756550 0.922016
vt 0.758239 0.920327
vt 0.760447 0.919413
vt 0.762836 0.919413
vt 0.765043 0.920327
vt 0.766732 0.922016
vt 0.767647 0.924223
vt 0.766732 0.928820
vt 0.765043 0.930509
vt 0.762836 0.931423
vt 0.758239 0.930509
vt 0.756550 0.928820
vt 0.755636 0.926613
vt 0.771239 0.321689
vt 0.772929 0.320000
vt 0.775136 0.319086
vt 0.777525 0.319086
vt 0.779732 0.320000
vt 0.781422 0.321689
vt 0.782336 0.323897
vt 0.781422 0.328493
vt 0.779732 0.330182
vt 0.777525 0.331097
vt 0.772929 0.330182
vt 0.771239 0.328493
vt 0.770325 0.326286
vt 0.378872 0.298046
vt 0.936660 0.577986
vt 0.574052 0.949637
vt 0.885710 0.764378
vt 0.895651 0.329860
vt 0.333961 0.656201
vt 0.908236 0.163120
vt 0.582538 0.971582
vt 0.585701 0.974745
vt 0.587413 0.978878
vt 0.587413 0.983351
vt 0.585701 0.987483
vt 0.582538 0.990646
vt 0.578405 0.992358
vt 0.569800 0.990646
vt 0.566637 0.987483
vt 0.564925 0.983351
vt 0.566637 0.974745
vt 0.569800 0.971582
vt 0.573932 0.969871
vt 0.543888 0.992358
vt 0.539415 0.992358
vt 0.535282 0.990646
vt 0.532119 0.987483
vt 0.530408 0.983351
vt 0.530408 0.978878
vt 0.532119 0.974745
vt 0.539415 0.969871
vt 0.543888 0.969871
vt 0.548020 0.971582
vt 0.552895 0.978878
vt 0.552895 0.983351
vt 0.551183 0.987483
vt 0.816103 0.006015
vt 0.600866 0.510395
vt 0.085995 0.377866
vt 0.075452 0.590593
vt 0.544716 0.264273
vt 0.661126 0.122426
vt 0.095540 0.372030
s 1
usemtl USMC_MAAWS_Gunner
f 1/1/1 29/2/2 16/3/3
f 27/4/4 14/5/5 1/1/1
f 23/6/6 26/7/7 2/8/8
f 2/8/8 30/9/9 23/6/6
f 14/5/5 25/10/10 3/11/11
f 3/11/11 29/2/2 14/5/5
f 3/11/11 30/9/9 18/12/12
f 25/10/10 23/6/6 3/11/11
f 4/13/13 31/14/14 20/15/15
f 16/3/3 19/16/16 4/13/13
f 15/17/17 17/18/18 5/19/19
f 5/19/19 32/20/20 15/17/17
f 19/16/16 18/12/12 6/21/21
f 6/21/21 31/14/14 19/16/16
f 6/21/21 32/20/20 22/22/22
f 18/12/12 15/17/17 6/21/21
f 20/15/15 49/23/23 7/24/24
f 50/25/25 21/26/26 8/27/27
f 49/23/23 22/22/22 46/28/28
f 22/22/22 50/25/25 46/28/28
f 39/29/29 69/30/30 35/31/10
f 25/10/10 24/32/29 9/33/10
f 12/34/31 25/10/10 9/33/10
f 35/31/10 28/35/32 38/36/31
f 38/36/31 71/37/33 36/38/7
f 26/7/7 12/34/31 10/39/7
f 24/32/29 27/4/4 11/40/4
f 37/41/4 70/42/34 39/29/29
f 37/41/4 40/43/29 43/44/4
f 44/45/31 36/38/7 42/46/7
f 35/31/10 44/45/31 41/47/10
f 40/43/29 35/31/10 41/47/10
f 24/32/29 41/47/10 9/33/10
f 41/47/10 12/34/31 9/33/10
f 12/34/31 42/46/7 10/39/7
f 43/44/4 24/32/29 11/40/4
f 45/48/35 59/49/36 48/50/37
f 48/50/37 75/51/38 45/48/35
f 75/51/38 54/52/39 45/48/35
f 45/48/35 60/53/40 55/54/41
f 61/55/42 60/53/40 54/52/39
f 54/52/39 76/56/43 61/55/42
f 74/57/44 48/50/37 62/58/45
f 62/58/45 59/49/36 67/59/46
f 65/60/47 50/61/25 8/62/27
f 49/63/23 66/64/48 7/65/24
f 50/61/25 52/66/49 46/67/28
f 52/66/49 49/63/23 46/67/28
f 67/59/46 53/68/50 63/69/51
f 63/69/51 57/70/52 65/60/47
f 64/71/53 58/72/54 51/73/55
f 51/73/55 68/74/56 64/71/53
f 47/75/57 57/70/52 53/68/50
f 53/68/50 55/54/41 47/75/57
f 55/54/41 51/73/55 47/75/57
f 47/75/57 58/72/54 52/66/49
f 70/42/34 72/76/58 69/77/30
f 28/78/32 72/76/58 71/79/33
f 81/80/59 75/81/38 56/82/60
f 77/83/61 78/84/62 79/85/63
f 75/81/38 80/86/64 73/87/65
f 80/86/64 76/56/43 73/87/65
f 74/88/44 81/80/59 56/82/60
f 85/89/66 94/90/67 93/91/68
f 96/92/69 107/93/70 112/94/71
f 90/95/72 85/89/66 93/91/68
f 87/96/73 82/97/74 86/98/75
f 136/99/76 86/98/75 134/100/77
f 194/101/78 93/91/68 196/102/79
f 83/103/80 119/104/81 115/105/82
f 84/106/83 163/107/84 135/108/85
f 106/109/86 103/110/87 99/111/88
f 105/112/89 96/92/69 98/113/90
f 104/114/91 99/111/88 95/115/92
f 95/115/92 101/116/93 100/117/94
f 100/117/94 155/118/95 152/119/96
f 103/110/87 107/93/70 97/120/97
f 197/121/98 106/109/86 104/114/91
f 98/113/90 154/122/99 105/112/89
f 199/123/100 108/124/101 106/109/86
f 86/125/102 95/126/103 100/127/102
f 82/128/103 104/129/58 95/126/103
f 89/130/104 97/131/105 91/132/106
f 83/133/107 102/134/108 88/135/109
f 92/136/110 97/131/105 105/137/89
f 84/138/111 96/139/112 83/133/107
f 137/140/113 105/137/89 154/141/99
f 135/142/114 98/143/115 84/138/111
f 87/144/116 99/145/117 85/146/118
f 86/125/102 152/147/119 134/148/119
f 87/144/116 155/149/120 101/150/121
f 88/135/109 198/151/122 195/152/122
f 89/130/104 99/145/117 103/153/123
f 90/154/58 197/155/58 104/129/58
f 88/156/124 111/157/125 110/158/126
f 195/159/127 120/160/128 88/156/124
f 91/132/106 117/161/129 116/162/130
f 110/158/126 94/90/67 109/163/131
f 89/164/132 109/163/131 94/90/67
f 108/124/101 112/94/71 107/93/70
f 112/94/71 102/165/133 96/92/69
f 113/166/134 198/167/135 102/165/133
f 202/168/136 113/166/134 108/124/101
f 114/169/137 166/170/138 163/171/139
f 116/172/140 114/169/137 115/173/141
f 115/173/141 118/174/142 116/172/140
f 109/175/143 119/104/81 110/176/144
f 83/103/80 114/177/145 84/106/83
f 92/136/110 166/178/146 117/161/129
f 91/179/147 118/180/148 109/175/143
f 196/102/79 94/90/67 201/181/149
f 201/181/149 111/157/125 200/182/150
f 200/182/150 120/160/128 204/183/151
f 133/184/152 124/185/153 132/186/154
f 139/187/155 150/188/156 140/189/157
f 129/190/158 124/185/153 121/191/159
f 121/191/159 126/192/160 125/193/161
f 125/193/161 136/194/76 134/195/77
f 205/196/98 132/186/154 129/190/158
f 122/197/162 168/198/163 157/199/164
f 163/107/84 123/200/165 135/108/85
f 149/201/166 146/202/167 151/203/168
f 139/187/155 148/204/169 141/205/170
f 147/206/171 142/207/172 149/201/166
f 144/208/173 138/209/174 143/210/175
f 155/118/95 143/210/175 152/119/96
f 150/188/156 146/202/167 140/189/157
f 208/211/78 149/201/166 210/212/176
f 141/205/170 154/122/99 153/213/177
f 210/212/176 151/203/168 213/214/178
f 125/215/179 138/216/103 121/217/180
f 121/217/180 147/218/58 129/219/58
f 140/220/181 128/221/182 130/222/183
f 145/223/184 122/224/185 127/225/109
f 131/226/186 140/220/181 130/222/183
f 139/227/187 123/228/188 122/224/185
f 137/140/113 148/229/169 131/226/186
f 141/230/189 135/142/114 123/228/188
f 142/231/190 126/232/191 124/233/192
f 134/148/119 143/234/102 125/215/179
f 144/235/193 136/236/194 126/232/191
f 209/237/122 127/225/109 206/238/122
f 128/221/182 142/231/190 124/233/192
f 129/219/58 208/239/195 205/240/195
f 157/241/196 169/242/197 127/243/198
f 169/242/197 206/244/199 127/243/198
f 164/245/200 131/226/186 130/222/183
f 157/241/196 133/184/152 158/246/201
f 128/247/202 156/248/203 130/249/204
f 151/203/168 159/250/205 160/251/206
f 145/252/207 159/250/205 139/187/155
f 209/253/208 160/251/206 145/252/207
f 160/251/206 213/214/178 151/203/168
f 161/254/209 166/170/138 165/255/210
f 162/256/211 165/255/210 164/257/212
f 162/256/211 167/258/213 168/259/214
f 168/198/163 156/260/215 157/199/164
f 123/200/165 162/261/216 122/197/162
f 131/226/186 166/178/146 137/140/113
f 167/262/217 130/263/218 156/260/215
f 133/184/152 207/264/219 212/265/220
f 158/246/201 212/265/220 211/266/221
f 211/266/221 169/242/197 158/246/201
f 181/267/222 178/268/223 180/269/224
f 179/270/225 182/271/226 183/272/227
f 171/273/58 173/274/58 170/275/58
f 184/276/228 170/277/229 173/278/229
f 177/279/230 173/280/230 174/281/230
f 185/282/231 171/273/232 170/283/232
f 179/270/225 184/284/233 177/279/230
f 185/282/231 178/268/223 176/285/232
f 172/286/234 182/287/234 175/288/234
f 181/289/235 183/290/235 182/291/235
f 179/270/236 172/286/236 175/288/236
f 190/292/10 191/293/10 192/294/10
f 216/295/58 186/296/58 217/297/58
f 189/298/10 186/299/10 187/300/10
f 190/292/10 193/301/10 189/298/10
f 191/302/237 219/303/238 192/304/239
f 222/305/240 191/306/241 188/307/242
f 193/308/243 220/309/244 218/310/245
f 193/311/246 217/312/4 186/313/246
f 225/314/10 224/315/10 223/316/10
f 580/317/247 227/318/247 578/319/247
f 223/316/10 228/320/10 225/314/10
f 579/321/248 225/322/248 228/323/248
f 580/317/249 230/324/249 229/325/249
f 228/320/10 229/325/10 230/326/10
f 575/327/250 226/328/250 577/329/250
f 578/319/251 223/316/252 574/330/252
f 223/316/252 575/327/253 574/330/252
f 576/331/254 226/332/254 225/322/254
f 285/333/255 266/334/256 284/335/257
f 237/336/258 305/337/259 308/338/260
f 299/339/261 231/340/262 234/341/263
f 327/342/264 291/343/265 307/344/266
f 258/345/267 298/346/268 283/347/269
f 288/348/270 306/349/271 325/350/272
f 256/351/273 298/352/274 290/353/275
f 232/354/276 241/355/277 238/356/278
f 287/357/279 239/358/280 233/359/281
f 326/360/282 301/361/283 327/342/264
f 242/362/284 239/358/280 238/356/278
f 299/339/261 300/363/285 301/364/283
f 242/362/284 241/355/277 247/365/286
f 247/365/286 251/366/287 252/367/288
f 251/366/287 237/368/258 248/369/289
f 248/370/289 308/338/260 310/371/290
f 289/372/291 245/373/292 250/374/293
f 290/353/275 250/374/293 256/351/273
f 253/375/294 310/371/290 312/376/295
f 251/366/287 253/377/294 257/378/296
f 246/379/297 250/374/293 245/373/292
f 254/380/298 283/381/299 256/351/273
f 252/367/288 257/378/296 255/382/300
f 320/383/301 332/384/302 333/385/303
f 297/386/304 260/387/305 294/388/306
f 262/389/307 265/390/308 260/387/305
f 318/391/309 293/392/310 263/393/311
f 332/384/302 318/391/309 264/394/312
f 294/388/306 265/390/308 293/392/310
f 244/395/313 328/396/314 302/397/315
f 252/367/316 275/398/317 247/365/318
f 249/399/319 277/400/320 274/401/321
f 255/382/322 270/402/323 252/367/316
f 243/403/324 278/404/325 244/395/313
f 249/399/319 269/405/326 254/380/326
f 313/406/327 333/385/303 259/407/328
f 295/408/329 273/409/330 297/386/304
f 296/410/331 276/411/332 295/408/329
f 255/382/322 272/412/333 268/413/334
f 246/379/335 328/396/314 277/400/320
f 254/380/326 267/414/336 282/415/336
f 292/416/337 280/417/338 296/410/331
f 247/365/318 281/418/339 242/362/340
f 242/362/340 279/419/341 243/403/324
f 313/406/342 285/333/255 324/420/343
f 255/382/300 284/421/344 286/422/345
f 292/416/346 323/423/347 298/346/268
f 285/424/348 257/378/296 253/377/294
f 253/375/294 324/425/349 285/426/348
f 290/427/275 323/428/350 311/429/351
f 249/399/352 256/351/273 250/374/293
f 232/430/276 325/350/272 305/337/259
f 232/354/276 287/357/279 288/431/270
f 314/432/353 296/410/331 322/433/354
f 322/433/354 295/408/329 321/434/355
f 321/434/355 297/386/304 319/435/356
f 315/436/357 293/392/310 317/437/358
f 297/386/304 315/436/357 319/435/356
f 311/429/351 289/438/291 290/427/275
f 309/439/359 291/343/265 289/438/291
f 304/440/360 299/441/261 326/360/282
f 236/442/361 233/359/281 231/340/262
f 235/443/362 287/357/279 233/359/281
f 235/444/362 304/440/360 306/349/271
f 243/403/363 240/445/364 239/358/280
f 239/358/280 231/340/262 233/359/281
f 301/364/283 245/373/292 291/446/265
f 302/397/365 245/373/292 300/363/285
f 300/363/285 303/447/366 302/397/365
f 303/447/366 231/340/262 240/445/364
f 244/395/367 303/447/366 240/445/364
f 269/405/368 258/345/369 267/414/370
f 280/417/338 274/401/371 276/411/332
f 276/411/332 277/400/372 273/409/330
f 279/419/373 262/389/307 278/404/374
f 281/418/375 331/448/376 279/419/373
f 272/412/333 284/335/257 266/334/256
f 328/396/377 273/409/330 277/400/372
f 260/387/305 278/404/374 262/389/307
f 263/393/311 331/448/376 329/449/378
f 329/449/378 330/450/379 264/394/312
f 261/451/380 264/394/312 330/450/379
f 281/418/375 275/398/381 271/452/382
f 275/398/381 270/402/383 271/452/382
f 268/413/384 271/452/382 270/402/383
f 330/450/379 271/452/382 261/451/380
f 261/451/380 333/385/303 332/384/302
f 259/407/328 271/452/382 266/334/385
f 268/413/384 266/334/385 271/452/382
f 361/453/386 341/454/387 340/455/386
f 365/456/388 338/457/389 353/458/390
f 338/457/389 363/459/391 342/460/392
f 334/461/386 360/462/386 339/463/386
f 342/460/392 364/464/386 349/465/386
f 334/461/393 345/466/394 335/467/395
f 336/468/396 334/461/393 335/467/395
f 346/469/397 342/460/398 337/470/399
f 353/458/400 346/469/397 347/471/401
f 337/470/399 349/465/402 336/468/396
f 340/455/403 343/472/404 344/473/405
f 351/474/406 355/475/407 350/476/408
f 354/477/409 347/471/401 348/478/410
f 339/463/411 344/473/405 345/466/394
f 352/479/412 356/480/413 351/474/406
f 355/475/407 348/478/410 350/476/408
f 341/454/414 352/479/412 343/472/404
f 367/481/415 365/456/388 366/482/416
f 368/483/417 359/484/418 365/456/388
f 363/459/391 369/485/419 362/486/420
f 362/486/420 364/464/386 363/459/391
f 364/464/386 360/462/386 358/487/386
f 356/480/421 367/481/415 355/475/422
f 349/465/386 358/487/386 334/461/386
f 366/482/416 353/458/390 354/477/423
f 360/462/386 340/455/386 339/463/386
f 357/488/424 368/483/417 356/480/421
f 367/481/415 354/477/423 355/475/422
f 362/486/420 357/488/424 341/454/387
f 371/489/425 381/490/426 370/491/427
f 380/492/428 384/493/429 391/494/430
f 388/495/431 375/496/432 377/497/433
f 386/498/434 373/499/435 375/496/432
f 391/494/430 372/500/436 380/492/428
f 376/501/437 389/502/438 378/503/439
f 374/504/440 387/505/441 376/501/437
f 371/489/425 383/506/442 382/507/443
f 378/503/439 390/508/444 379/509/445
f 370/491/427 385/510/446 374/504/440
f 710/511/447 382/507/448 383/506/447
f 717/512/449 379/513/449 390/508/449
f 703/514/450 374/515/451 376/516/450
f 711/517/452 391/494/453 384/493/454
f 709/518/448 381/490/455 382/507/448
f 701/519/451 370/520/456 374/515/451
f 718/521/453 383/506/447 391/494/453
f 386/498/457 711/517/452 384/493/454
f 702/522/458 377/523/459 375/524/458
f 377/525/460 715/526/460 388/495/460
f 712/527/461 387/505/462 385/510/461
f 705/528/463 376/516/450 378/529/463
f 708/530/455 385/510/461 381/490/455
f 706/531/464 378/529/463 379/532/464
f 715/526/465 386/498/457 388/495/465
f 707/533/466 373/534/467 380/535/466
f 697/536/456 371/537/468 370/520/456
f 714/538/462 389/502/469 387/505/462
f 699/539/470 380/535/466 372/540/470
f 700/541/467 375/524/458 373/534/467
f 716/542/469 390/508/471 389/502/469
f 406/543/472 410/544/473 409/545/474
f 392/546/475 404/547/476 394/548/477
f 409/549/478 393/550/479 395/551/480
f 403/552/481 399/553/482 396/554/483
f 397/555/484 408/556/484 405/557/484
f 258/345/267 282/415/485 267/414/486
f 405/557/487 399/558/488 397/555/489
f 407/559/490 398/560/491 399/558/488
f 406/561/492 396/562/493 398/560/491
f 400/563/494 410/564/495 408/556/496
f 402/565/497 411/566/498 410/564/495
f 401/567/499 411/566/498 403/568/500
f 678/569/501 350/570/502 677/571/502
f 664/572/503 336/573/504 663/574/504
f 662/575/505 345/576/506 672/577/506
f 673/578/507 337/579/503 664/572/503
f 679/580/508 351/581/501 678/569/501
f 670/582/509 352/583/508 679/580/508
f 674/584/510 346/585/507 673/578/507
f 671/586/511 343/587/509 670/582/509
f 698/588/468 372/540/470 371/537/468
f 675/589/512 347/590/510 674/584/510
f 663/574/504 335/591/505 662/575/505
f 672/577/506 344/592/511 671/586/511
f 176/285/236 174/281/236 171/273/236
f 178/268/236 177/279/236 176/285/236
f 192/593/513 220/309/244 193/308/243
f 185/594/514 183/595/515 180/596/515
f 413/597/7 188/307/516 190/292/516
f 189/298/516 413/597/7 190/292/516
f 187/300/516 412/598/7 189/298/516
f 1/1/1 427/599/517 418/600/518
f 418/600/518 27/4/4 1/1/1
f 26/601/7 423/602/519 2/603/8
f 2/603/8 428/604/520 17/605/18
f 425/606/96 418/600/518 414/607/521
f 414/607/521 427/599/517 420/608/522
f 414/607/521 428/604/520 423/602/519
f 423/602/519 425/606/96 414/607/521
f 4/13/13 429/609/523 421/610/524
f 421/610/524 16/3/3 4/13/13
f 17/605/18 419/611/525 5/612/19
f 5/612/19 430/613/526 21/614/26
f 420/608/522 421/610/524 415/615/527
f 415/615/527 429/609/523 422/616/528
f 415/615/527 430/613/526 419/611/525
f 419/611/525 420/608/522 415/615/527
f 443/617/529 20/15/15 7/24/24
f 21/614/26 444/618/530 8/619/27
f 422/616/528 443/617/529 440/620/531
f 444/618/530 422/616/528 440/620/531
f 455/621/532 435/622/533 433/623/96
f 424/624/533 425/606/96 416/625/96
f 425/606/96 417/626/534 416/625/96
f 433/623/96 426/627/535 455/621/532
f 71/628/33 434/629/534 36/630/7
f 417/626/534 26/601/7 10/631/7
f 27/4/4 424/624/533 11/40/4
f 37/41/4 456/632/536 13/633/537
f 436/634/533 37/41/4 43/44/4
f 36/630/7 438/635/534 42/636/7
f 438/635/534 433/623/96 437/637/96
f 433/623/96 436/634/533 437/637/96
f 437/637/96 424/624/533 416/625/96
f 417/626/534 437/637/96 416/625/96
f 42/636/7 417/626/534 10/631/7
f 424/624/533 43/44/4 11/40/4
f 439/638/538 453/639/539 449/640/540
f 458/641/541 442/642/542 439/638/538
f 448/643/543 458/641/541 439/638/538
f 439/638/538 454/644/544 448/643/543
f 61/55/42 454/644/544 68/74/56
f 76/56/43 448/643/543 61/55/42
f 442/642/542 74/645/44 62/646/45
f 62/646/45 453/639/539 442/642/542
f 444/647/530 65/648/47 8/649/27
f 66/64/48 443/650/529 7/65/24
f 446/651/545 444/647/530 440/652/531
f 443/650/529 446/651/545 440/652/531
f 447/653/546 67/654/46 63/655/51
f 63/655/51 451/656/547 447/653/546
f 64/71/53 452/657/548 66/64/48
f 68/74/56 445/658/549 64/71/53
f 441/659/550 451/656/547 446/651/545
f 449/640/540 447/653/546 441/659/550
f 445/658/549 449/640/540 441/659/550
f 441/659/550 452/657/548 445/658/549
f 72/76/58 456/632/536 455/660/532
f 426/661/535 72/76/58 455/660/532
f 458/662/541 461/663/551 450/664/552
f 79/85/63 461/663/551 459/665/553
f 458/662/541 460/666/554 459/665/553
f 76/56/43 460/666/554 457/667/555
f 74/88/44 461/663/551 78/84/62
f 474/668/556 465/669/557 473/670/558
f 476/671/559 487/672/560 477/673/561
f 470/674/562 465/669/557 462/675/563
f 462/675/563 467/676/564 466/677/565
f 466/677/565 516/678/566 514/679/567
f 194/101/78 473/670/558 470/674/562
f 463/680/568 499/681/569 490/682/570
f 543/683/571 464/684/572 515/685/573
f 486/686/574 483/687/575 488/688/576
f 476/671/559 485/689/577 478/690/578
f 484/691/579 479/692/580 486/686/574
f 481/693/581 475/694/582 480/695/583
f 535/696/584 480/695/583 532/697/10
f 487/672/560 483/687/575 477/673/561
f 197/121/98 486/686/574 199/123/100
f 478/690/578 534/698/585 533/699/586
f 199/123/100 488/688/576 202/168/136
f 466/700/587 475/701/588 462/702/588
f 462/702/588 484/703/58 470/704/58
f 477/705/589 469/706/590 471/707/591
f 482/708/592 463/709/593 468/710/594
f 472/711/595 477/705/589 471/707/591
f 476/712/596 464/713/597 463/709/593
f 517/714/598 485/715/577 472/711/595
f 478/716/599 515/717/600 464/713/597
f 479/718/601 467/719/602 465/720/603
f 532/721/604 466/700/587 514/722/604
f 467/719/602 535/723/605 516/724/606
f 198/151/122 468/710/594 195/152/122
f 469/706/590 479/718/601 465/720/603
f 470/704/58 197/155/58 194/725/58
f 490/726/607 500/727/608 468/728/609
f 500/727/608 195/159/127 468/728/609
f 471/707/591 497/729/610 472/711/595
f 490/726/607 474/668/556 491/730/611
f 469/731/612 489/732/613 471/733/614
f 488/688/576 492/734/615 493/735/616
f 482/736/617 492/734/615 476/671/559
f 198/167/135 493/735/616 482/736/617
f 493/735/616 202/168/136 488/688/576
f 494/737/618 546/738/619 497/739/620
f 494/737/618 496/740/621 495/741/622
f 495/741/622 498/742/623 499/743/624
f 499/681/569 489/744/625 490/682/570
f 494/745/626 463/680/568 464/684/572
f 472/711/595 546/746/627 517/714/598
f 498/747/628 471/748/629 489/744/625
f 474/668/556 196/102/79 201/181/149
f 491/730/611 201/181/149 200/182/150
f 200/182/150 500/727/608 491/730/611
f 504/749/630 513/750/631 512/751/632
f 519/752/633 530/753/634 539/754/635
f 509/755/636 504/749/630 512/751/632
f 506/756/637 501/757/638 505/758/639
f 516/759/566 505/758/639 514/760/567
f 205/196/98 512/751/632 207/264/219
f 502/761/640 548/762/641 542/763/642
f 503/764/643 543/683/571 515/685/573
f 529/765/644 526/766/645 522/767/646
f 528/768/647 519/752/633 521/769/648
f 527/770/649 522/767/646 518/771/650
f 518/771/650 524/772/651 523/773/652
f 523/773/652 535/696/584 532/697/10
f 526/766/645 530/753/634 520/774/653
f 208/211/78 529/765/644 527/770/649
f 521/769/648 534/698/585 528/768/647
f 210/212/176 531/775/654 529/765/644
f 505/776/655 518/777/588 523/778/587
f 501/779/656 527/780/58 518/777/588
f 508/781/657 520/782/658 510/783/659
f 502/784/660 525/785/661 507/786/594
f 511/787/662 520/782/658 528/788/647
f 503/789/663 519/790/664 502/784/660
f 517/714/598 528/788/647 534/791/585
f 515/717/600 521/792/665 503/789/663
f 506/793/666 522/794/667 504/795/668
f 514/722/604 523/778/587 532/721/604
f 516/724/606 524/796/669 506/793/666
f 507/786/594 209/237/122 206/238/122
f 508/781/657 522/794/667 526/797/670
f 509/798/58 208/239/195 527/780/58
f 507/799/671 538/800/672 537/801/673
f 206/244/199 549/802/674 507/799/671
f 511/787/662 544/803/675 510/783/659
f 537/801/673 513/750/631 536/804/676
f 508/805/677 536/804/676 513/750/631
f 531/775/654 539/754/635 530/753/634
f 539/754/635 525/806/678 519/752/633
f 540/807/679 209/253/208 525/806/678
f 213/214/178 540/807/679 531/775/654
f 541/808/680 546/738/619 543/809/681
f 542/810/682 545/811/683 541/808/680
f 542/810/682 547/812/684 544/813/685
f 536/814/686 548/762/641 537/815/687
f 503/764/643 542/763/642 541/816/688
f 511/787/662 546/746/627 545/817/689
f 510/818/690 547/819/691 536/814/686
f 207/264/219 513/750/631 212/265/220
f 212/265/220 538/800/672 211/266/221
f 211/266/221 549/802/674 215/820/692
f 558/821/693 561/822/694 560/823/695
f 559/824/696 562/825/697 555/826/698
f 551/827/58 553/828/58 554/829/58
f 550/830/699 564/831/700 553/832/699
f 553/833/701 557/834/701 554/829/701
f 551/827/702 565/835/703 550/836/702
f 564/837/704 559/824/696 557/834/701
f 565/835/703 558/821/693 560/823/695
f 562/838/705 552/839/705 555/826/705
f 563/840/706 561/841/706 562/842/706
f 552/839/707 559/824/707 555/826/707
f 570/843/96 571/844/96 568/845/96
f 216/295/58 566/846/58 567/847/58
f 566/848/96 569/849/96 567/847/96
f 573/850/96 570/843/96 569/849/96
f 571/851/708 219/303/238 221/852/709
f 571/853/710 222/305/240 568/845/242
f 573/854/711 218/310/245 220/309/244
f 217/312/4 573/855/712 566/856/712
f 576/857/96 575/327/96 577/858/96
f 579/859/96 574/330/96 576/857/96
f 579/859/96 580/317/96 578/319/96
f 636/860/713 617/861/714 610/862/715
f 305/337/259 588/863/716 308/338/260
f 650/864/717 582/865/718 587/866/719
f 642/867/720 327/342/264 307/344/266
f 649/868/721 609/869/722 634/870/723
f 639/871/724 306/349/271 586/872/725
f 607/873/726 649/874/727 634/875/728
f 583/876/729 592/877/730 588/878/716
f 590/879/731 638/880/732 584/881/733
f 652/882/734 326/360/282 327/342/264
f 593/883/735 590/879/731 594/884/736
f 651/885/737 650/864/717 652/886/734
f 592/877/730 593/883/735 598/887/738
f 602/888/739 598/887/738 603/889/740
f 602/888/739 588/878/716 592/877/730
f 308/338/260 599/890/741 310/371/290
f 640/891/742 596/892/743 642/893/720
f 641/894/744 601/895/745 640/891/742
f 310/371/290 604/896/746 312/376/295
f 604/897/746 602/888/739 608/898/747
f 597/899/748 601/895/745 600/900/749
f 605/901/750 634/875/728 633/902/751
f 608/898/747 603/889/740 606/903/752
f 320/383/301 659/904/753 316/905/754
f 648/906/755 611/907/756 624/908/757
f 616/909/758 613/910/759 611/907/756
f 656/911/760 616/909/758 317/437/358
f 659/904/753 318/391/309 316/905/754
f 645/912/761 616/909/758 611/907/756
f 655/913/762 595/914/763 653/915/764
f 626/916/765 603/889/766 598/887/318
f 600/900/767 628/917/768 597/899/769
f 621/918/770 606/903/771 603/889/766
f 629/919/772 594/884/773 595/914/763
f 620/920/774 600/900/767 605/901/774
f 313/406/327 660/921/775 320/383/301
f 646/922/776 624/908/757 627/923/777
f 647/924/778 627/923/777 631/925/779
f 606/903/771 623/926/780 637/927/781
f 597/899/769 655/913/762 653/915/764
f 618/928/782 605/901/774 633/902/782
f 643/929/783 631/925/779 609/869/784
f 632/930/339 598/887/318 593/883/340
f 630/931/341 593/883/340 594/884/773
f 313/406/342 636/860/713 610/862/715
f 635/932/785 606/903/752 637/927/786
f 323/423/347 643/929/787 649/868/721
f 608/898/747 636/933/788 604/897/746
f 324/425/349 604/896/746 636/934/788
f 641/935/744 323/428/350 649/936/727
f 600/900/749 607/873/726 605/901/750
f 583/937/729 325/350/272 639/871/724
f 583/876/729 638/880/732 589/938/789
f 314/432/353 647/924/778 643/929/783
f 322/433/354 646/922/776 647/924/778
f 321/434/355 648/906/755 646/922/776
f 315/436/357 644/939/790 645/912/761
f 315/436/357 648/906/755 319/435/356
f 311/429/351 640/940/742 309/439/359
f 309/439/359 642/867/720 307/344/266
f 650/941/717 304/440/360 326/360/282
f 587/866/719 584/881/733 586/942/725
f 638/880/732 586/942/725 584/881/733
f 586/872/725 304/440/360 587/943/719
f 591/944/791 594/884/736 590/879/731
f 590/879/731 582/865/718 591/944/791
f 596/892/743 652/886/734 642/893/720
f 596/892/743 653/915/792 651/885/737
f 651/885/737 654/945/793 585/946/794
f 582/865/718 654/945/793 591/944/791
f 595/914/795 654/945/793 653/915/792
f 620/920/796 609/869/784 631/925/779
f 631/925/779 625/947/797 620/920/796
f 627/923/777 628/917/798 625/947/797
f 613/910/759 630/931/799 629/919/800
f 658/948/801 632/930/802 630/931/799
f 623/926/780 635/949/803 637/927/781
f 655/913/804 624/908/757 611/907/756
f 611/907/756 629/919/800 655/913/804
f 614/950/805 658/948/801 613/910/759
f 656/911/760 657/951/806 658/948/801
f 612/952/807 615/953/808 659/904/753
f 632/930/802 622/954/809 626/916/810
f 626/916/810 622/954/809 621/918/811
f 619/955/812 621/918/811 622/954/809
f 657/951/806 622/954/809 632/930/802
f 660/921/775 612/952/807 659/904/753
f 610/862/813 622/954/809 660/921/775
f 619/955/812 617/861/814 623/926/815
f 668/956/816 688/957/817 667/958/817
f 665/959/818 692/960/819 680/961/820
f 665/959/818 690/962/821 686/963/822
f 661/964/817 687/965/817 685/966/817
f 669/967/823 691/968/817 690/962/821
f 672/969/824 661/964/825 662/970/826
f 663/971/827 661/964/825 676/972/828
f 673/973/829 669/967/830 665/959/831
f 673/973/829 680/961/832 674/974/833
f 664/975/834 676/972/828 669/967/830
f 670/976/835 667/958/836 671/977/837
f 678/978/838 682/979/839 683/980/840
f 674/974/833 681/981/841 675/982/842
f 671/977/837 666/983/843 672/969/824
f 679/984/844 683/980/840 684/985/845
f 677/986/846 681/981/841 682/979/839
f 679/984/844 668/956/847 670/976/835
f 693/987/848 695/988/849 694/989/850
f 686/963/822 695/988/849 692/960/819
f 696/990/851 690/962/821 689/991/852
f 691/968/817 689/991/852 690/962/821
f 687/965/817 691/968/817 685/966/817
f 683/980/853 694/989/850 695/988/849
f 676/972/817 685/966/817 691/968/817
f 680/961/820 693/987/848 681/981/854
f 667/958/817 687/965/817 666/983/817
f 684/985/855 695/988/849 696/990/851
f 681/981/854 694/989/850 682/979/856
f 684/985/855 689/991/852 668/956/816
f 708/530/857 698/992/858 697/993/859
f 707/994/860 711/517/861 700/995/862
f 702/996/863 715/526/864 704/997/865
f 700/995/862 713/998/866 702/996/863
f 699/999/867 718/521/868 707/994/860
f 716/542/869 703/1000/870 705/1001/871
f 701/1002/872 714/538/873 712/527/874
f 698/992/858 710/511/875 699/999/867
f 717/512/876 705/1001/871 706/1003/877
f 712/527/874 697/993/859 701/1002/872
f 733/1004/878 729/1005/879 394/1006/880
f 727/1007/881 392/1008/475 394/1009/477
f 732/1010/882 393/550/479 724/1011/883
f 722/1012/884 726/1013/885 393/1014/886
f 731/1015/887 720/1016/887 728/1017/887
f 633/902/888 609/869/722 618/928/889
f 728/1017/890 722/1018/891 730/1019/892
f 730/1019/892 721/1020/893 729/1005/894
f 729/1005/894 719/1021/895 727/1007/896
f 723/1022/897 733/1004/898 725/1023/899
f 725/1023/899 734/1024/900 726/1025/901
f 734/1024/900 724/1011/902 726/1025/901
f 554/829/707 556/1026/707 551/827/707
f 557/834/707 558/821/707 556/1026/707
f 572/1027/903 220/309/244 219/1028/904
f 565/1029/905 563/1030/906 564/831/700
f 568/845/907 413/597/7 570/843/907
f 413/597/7 569/849/907 570/843/907
f 412/598/7 567/847/907 569/849/907
f 677/571/502 348/1031/512 675/1032/512
f 581/1033/908 228/323/908 230/1034/908
f 1324/1035/909 773/1036/910 774/1037/909
f 1322/1038/911 782/1039/912 1325/1040/912
f 1326/1041/58 774/1037/909 775/1042/58
f 1327/1043/913 768/1044/122 767/1045/913
f 1325/1040/912 768/1044/122 1323/1046/122
f 1326/1047/58 776/1048/914 1328/1049/914
f 1329/1050/915 767/1045/913 769/1051/915
f 1328/1049/914 777/1052/916 1330/1053/916
f 1331/1054/917 769/1051/915 770/1055/917
f 1330/1053/916 778/1056/918 1332/1057/918
f 1333/1058/96 770/1055/917 771/1059/96
f 1332/1057/918 779/1060/10 1334/1061/10
f 1335/1062/919 771/1059/96 772/1063/919
f 1334/1061/10 780/1064/920 1336/1065/920
f 1321/1066/910 772/1063/919 773/1036/910
f 1336/1065/920 781/1067/911 1322/1038/911
f 756/1068/921 789/1069/922 757/1070/922
f 1337/1071/920 827/1072/10 1338/1073/10
f 751/1074/923 767/1045/924 768/1044/923
f 752/1075/924 769/1051/925 767/1045/924
f 753/1076/925 770/1055/926 769/1051/925
f 754/1077/926 771/1059/927 770/1055/926
f 755/1078/927 772/1063/928 771/1059/927
f 756/1079/928 773/1036/929 772/1063/928
f 757/1080/929 774/1037/930 773/1036/929
f 758/1081/930 775/1042/931 774/1037/930
f 760/1082/932 775/1083/931 759/1084/931
f 761/1085/933 776/1048/932 760/1082/932
f 762/1086/934 777/1052/933 761/1085/933
f 763/1087/935 778/1056/934 762/1086/934
f 764/1088/936 779/1060/935 763/1087/935
f 765/1089/937 780/1064/936 764/1088/936
f 766/1090/938 781/1067/937 765/1089/937
f 751/1074/923 782/1039/938 766/1090/938
f 794/1091/918 809/1092/916 810/1093/918
f 765/1094/939 796/1095/940 797/1096/939
f 757/1070/922 790/1097/941 758/1098/941
f 766/1099/942 797/1096/939 798/1100/942
f 758/1098/941 791/1101/943 759/1102/943
f 751/1103/944 784/1104/945 752/1105/945
f 766/1099/942 783/1106/944 751/1107/944
f 759/1108/943 792/1109/946 760/1110/946
f 752/1105/945 785/1111/947 753/1112/947
f 761/1113/948 792/1109/946 793/1114/948
f 753/1112/947 786/1115/949 754/1116/949
f 761/1113/948 794/1117/950 762/1118/950
f 754/1116/949 787/1119/951 755/1120/951
f 763/1121/952 794/1117/950 795/1122/952
f 755/1120/951 788/1123/921 756/1068/921
f 763/1121/952 796/1095/940 764/1124/940
f 809/1125/7 805/1126/7 801/1127/7
f 786/1128/917 803/1129/96 787/1130/96
f 795/1131/10 810/1093/918 811/1132/10
f 787/1130/96 804/1133/919 788/1134/919
f 796/1135/920 811/1132/10 812/1136/920
f 788/1134/919 805/1137/910 789/1138/910
f 797/1139/911 812/1136/920 813/1140/911
f 790/1141/909 805/1137/910 806/1142/909
f 798/1143/912 813/1140/911 814/1144/912
f 791/1145/58 806/1142/909 807/1146/58
f 783/1147/122 800/1148/913 784/1149/913
f 783/1150/122 814/1144/912 799/1151/122
f 791/1145/58 808/1152/914 792/1153/914
f 784/1149/913 801/1154/915 785/1155/915
f 793/1156/916 808/1152/914 809/1092/916
f 785/1155/915 802/1157/917 786/1128/917
f 825/1158/953 840/1159/954 824/1160/955
f 1340/1161/919 821/1162/910 820/1163/919
f 1341/1164/911 828/1165/920 1337/1071/920
f 1339/1166/910 822/1167/909 821/1162/910
f 1343/1168/912 829/1169/911 1341/1164/911
f 1342/1170/909 823/1171/58 822/1167/909
f 1346/1172/122 816/1173/913 815/1174/122
f 1346/1172/122 830/1175/912 1343/1168/912
f 1347/1176/914 823/1177/58 1344/1178/58
f 1345/1179/913 817/1180/915 816/1173/913
f 1349/1181/916 824/1182/914 1347/1176/914
f 1348/1183/915 818/1184/917 817/1180/915
f 1351/1185/918 825/1186/916 1349/1181/916
f 1350/1187/917 819/1188/96 818/1184/917
f 1338/1073/10 826/1189/918 1351/1185/918
f 1352/1190/96 820/1163/919 819/1188/96
f 845/1191/911 878/1192/912 877/1193/911
f 817/1194/956 834/1195/957 833/1196/956
f 826/1197/958 841/1198/953 825/1158/953
f 818/1199/957 835/1200/959 834/1195/957
f 827/1201/960 842/1202/958 826/1197/958
f 819/1203/959 836/1204/961 835/1200/959
f 828/1205/962 843/1206/960 827/1201/960
f 820/1207/961 837/1208/963 836/1204/961
f 829/1209/964 844/1210/962 828/1205/962
f 821/1211/963 838/1212/965 837/1208/963
f 830/1213/966 845/1214/964 829/1209/964
f 822/1215/965 839/1216/967 838/1212/965
f 815/1217/968 832/1218/969 831/1219/968
f 815/1217/968 846/1220/966 830/1213/966
f 824/1160/955 839/1216/967 823/1221/967
f 816/1222/969 833/1196/956 832/1218/969
f 861/1223/910 892/1224/919 860/1225/919
f 839/1226/58 870/1227/909 838/1228/909
f 832/1229/913 864/1230/122 831/1231/122
f 846/1232/912 864/1230/122 878/1192/912
f 839/1226/58 872/1233/914 871/1234/58
f 833/1235/915 863/1236/913 832/1229/913
f 841/1237/916 872/1233/914 840/1238/914
f 834/1239/917 865/1240/915 833/1235/915
f 842/1241/918 873/1242/916 841/1237/916
f 834/1239/917 867/1243/96 866/1244/917
f 842/1241/918 875/1245/10 874/1246/918
f 836/1247/919 867/1243/96 835/1248/96
f 844/1249/920 875/1245/10 843/1250/10
f 836/1247/919 869/1251/910 868/1252/919
f 845/1191/911 876/1253/920 844/1249/920
f 838/1228/909 869/1251/910 837/1254/910
f 848/1255/4 864/1256/4 863/1257/4
f 848/1255/4 865/1258/4 849/1259/4
f 850/1260/4 865/1258/4 866/1261/4
f 851/1262/4 866/1261/4 867/1263/4
f 851/1262/4 868/1264/4 852/1265/4
f 852/1265/4 869/1266/4 853/1267/4
f 854/1268/4 869/1266/4 870/1269/4
f 854/1268/4 871/1270/4 855/1271/4
f 856/1272/4 871/1270/4 872/1273/4
f 856/1272/4 873/1274/4 857/1275/4
f 858/1276/4 873/1274/4 874/1277/4
f 858/1276/4 875/1278/4 859/1279/4
f 859/1279/4 876/1280/4 860/1281/4
f 860/1281/4 877/1282/4 861/1283/4
f 862/1284/4 877/1282/4 878/1285/4
f 862/1284/4 864/1256/4 847/1286/4
f 887/1287/4 891/1288/4 879/1289/4
f 853/1290/911 886/1291/912 885/1292/911
f 862/1293/909 893/1294/910 861/1223/910
f 854/1295/912 887/1296/122 886/1291/912
f 847/1297/58 880/1298/914 879/1299/58
f 847/1297/58 894/1300/909 862/1293/909
f 856/1301/913 887/1296/122 855/1302/122
f 848/1303/914 881/1304/916 880/1298/914
f 857/1305/915 888/1306/913 856/1301/913
f 849/1307/916 882/1308/918 881/1304/916
f 858/1309/917 889/1310/915 857/1305/915
f 850/1311/918 883/1312/10 882/1308/918
f 859/1313/96 890/1314/917 858/1309/917
f 851/1315/10 884/1316/920 883/1312/10
f 860/1225/919 891/1317/96 859/1313/96
f 852/1318/920 885/1292/911 884/1316/920
f 921/1319/970 917/1320/970 913/1321/970
f 903/1322/971 907/1323/971 896/1324/971
f 904/1325/972 921/1326/973 905/1327/974
f 905/1327/974 922/1328/975 906/1329/976
f 906/1329/976 923/1330/977 907/1331/977
f 923/1330/977 908/1332/978 907/1331/977
f 924/1333/979 909/1334/980 908/1332/978
f 912/1335/981 895/1336/982 896/1337/983
f 925/1338/984 910/1339/985 909/1334/980
f 911/1340/986 897/1341/987 895/1336/982
f 926/1342/988 896/1337/983 910/1339/985
f 913/1343/989 898/1344/990 897/1341/987
f 914/1345/991 899/1346/992 898/1344/990
f 899/1346/992 916/1347/993 900/1348/994
f 900/1348/994 917/1349/995 901/1350/996
f 901/1350/996 918/1351/997 902/1352/998
f 902/1352/998 919/1353/999 903/1354/1000
f 903/1354/1000 920/1355/1001 904/1325/972
f 937/1356/7 933/1357/7 929/1358/7
f 951/1359/4 955/1360/4 943/1361/4
f 941/1362/911 956/1363/920 940/1364/920
f 934/1365/909 949/1366/910 933/1367/910
f 942/1368/912 957/1369/911 941/1362/911
f 935/1370/58 950/1371/909 934/1365/909
f 928/1372/913 943/1373/122 927/1374/122
f 942/1368/912 943/1373/122 958/1375/912
f 936/1376/914 951/1377/58 935/1370/58
f 929/1378/915 944/1379/913 928/1372/913
f 937/1380/916 952/1381/914 936/1376/914
f 930/1382/917 945/1383/915 929/1378/915
f 938/1384/918 953/1385/916 937/1380/916
f 931/1386/96 946/1387/917 930/1382/917
f 939/1388/10 954/1389/918 938/1384/918
f 932/1390/919 947/1391/96 931/1386/96
f 940/1364/920 955/1392/10 939/1388/10
f 932/1390/919 949/1366/910 948/1393/919
f 960/1394/1002 961/1395/1002 959/1396/1002
f 962/1397/7 965/1398/7 961/1399/7
f 966/1400/1003 963/1401/1003 965/1402/1003
f 963/1403/4 960/1404/4 959/1405/4
f 961/1406/1004 963/1407/1004 959/1408/1004
f 962/1409/1005 964/1410/1005 966/1411/1005
f 968/1412/96 976/1413/96 975/1414/96
f 970/1415/1006 977/1416/1007 976/1417/1007
f 977/1418/10 972/1419/10 978/1420/10
f 968/1421/122 980/1422/122 972/1423/122
f 973/1424/1008 967/1425/1008 969/1426/1008
f 970/1427/122 972/1423/122 974/1428/122
f 978/1429/1009 967/1430/1009 971/1431/1009
f 973/1432/10 978/1420/10 971/1433/10
f 976/1417/1007 973/1434/1010 969/1435/1010
f 975/1414/96 969/1436/96 967/1437/96
f 980/1438/4 981/1439/4 982/1440/4
f 978/1420/58 981/1441/58 975/1414/58
f 968/1412/96 981/1441/96 979/1442/96
f 972/1419/10 982/1443/10 978/1420/10
f 991/1444/4 995/1445/4 983/1446/4
f 1009/1447/7 1005/1448/7 1001/1449/7
f 1016/1450/58 1008/1451/914 1017/1452/914
f 1020/1453/913 1001/1454/915 1021/1455/915
f 1023/1456/916 1008/1451/914 1009/1457/916
f 1021/1455/915 1002/1458/917 1025/1459/917
f 1027/1460/918 1009/1457/916 1010/1461/918
f 1025/1459/917 1003/1462/96 1029/1463/96
f 1031/1464/10 1010/1461/918 1011/1465/10
f 1029/1463/96 1004/1466/919 1033/1467/919
f 1035/1468/920 1011/1465/10 1012/1469/920
f 1033/1467/919 1005/1470/910 1037/1471/910
f 1039/1472/911 1012/1469/920 1013/1473/911
f 1037/1471/910 1006/1474/909 1041/1475/909
f 1043/1476/912 1013/1473/911 1014/1477/912
f 1016/1450/58 1006/1474/909 1007/1478/58
f 1046/1479/122 999/1480/913 1020/1453/913
f 1046/1479/122 1014/1477/912 1000/1481/122
f 983/1482/122 1044/1483/912 1045/1484/122
f 1044/1483/912 1046/1479/122 1045/1484/122
f 983/1482/122 1019/1485/913 984/1486/913
f 1045/1484/122 1020/1453/913 1019/1485/913
f 991/1487/58 1042/1488/909 1015/1489/58
f 1015/1489/58 1041/1475/909 1016/1450/58
f 998/1490/912 1040/1491/911 1044/1483/912
f 1040/1491/911 1043/1476/912 1044/1483/912
f 989/1492/910 1042/1488/909 990/1493/909
f 1042/1488/909 1037/1471/910 1041/1475/909
f 997/1494/911 1036/1495/920 1040/1491/911
f 1036/1495/920 1039/1472/911 1040/1491/911
f 988/1496/919 1038/1497/910 989/1492/910
f 1038/1497/910 1033/1467/919 1037/1471/910
f 996/1498/920 1032/1499/10 1036/1495/920
f 1032/1499/10 1035/1468/920 1036/1495/920
f 987/1500/96 1034/1501/919 988/1496/919
f 1034/1501/919 1029/1463/96 1033/1467/919
f 995/1502/10 1028/1503/918 1032/1499/10
f 1028/1503/918 1031/1464/10 1032/1499/10
f 986/1504/917 1030/1505/96 987/1500/96
f 1030/1505/96 1025/1459/917 1029/1463/96
f 994/1506/918 1024/1507/916 1028/1503/918
f 1024/1507/916 1027/1460/918 1028/1503/918
f 985/1508/915 1026/1509/917 986/1504/917
f 1026/1509/917 1021/1455/915 1025/1459/917
f 993/1510/916 1018/1511/914 1024/1507/916
f 1018/1511/914 1023/1456/916 1024/1507/916
f 984/1486/913 1022/1512/915 985/1508/915
f 1022/1512/915 1020/1453/913 1021/1455/915
f 992/1513/914 1015/1489/58 1018/1511/914
f 1015/1489/58 1017/1452/914 1018/1511/914
f 1055/1514/96 1050/1515/96 1056/1516/96
f 1050/1517/1011 1057/1518/1012 1056/1519/1012
f 1054/1520/10 1058/1521/10 1057/1522/10
f 1048/1523/122 1060/1524/122 1052/1525/122
f 1053/1526/1008 1047/1527/1008 1049/1528/1008
f 1050/1529/122 1052/1525/122 1054/1530/122
f 1058/1531/1013 1047/1532/1013 1051/1533/1013
f 1057/1522/10 1051/1534/10 1053/1535/10
f 1056/1519/1012 1053/1536/1014 1049/1537/1014
f 1047/1538/96 1056/1516/96 1049/1539/96
f 1077/1540/10 1060/1541/10 1075/1542/10
f 1058/1543/58 1061/1544/58 1055/1545/58
f 1048/1546/96 1061/1547/96 1059/1548/96
f 1052/1549/10 1062/1550/10 1058/1521/10
f 1071/1551/10 1066/1552/10 1072/1553/10
f 1066/1554/1015 1073/1555/1016 1072/1556/1016
f 1070/1557/96 1074/1558/96 1073/1559/96
f 1064/1560/122 1076/1561/122 1068/1562/122
f 1065/1563/1017 1067/1564/1017 1063/1565/1017
f 1070/1566/122 1064/1560/122 1068/1562/122
f 1067/1567/1018 1071/1568/1018 1063/1569/1018
f 1073/1559/96 1067/1570/96 1069/1571/96
f 1072/1556/1016 1069/1572/1019 1065/1573/1019
f 1063/1574/10 1072/1553/10 1065/1575/10
f 1075/1576/122 1059/1577/122 1076/1561/122
f 1074/1578/58 1077/1579/58 1071/1580/58
f 1064/1581/10 1077/1540/10 1075/1542/10
f 1068/1582/96 1078/1583/96 1074/1558/96
f 1078/1584/58 1062/1585/58 1077/1579/58
f 1076/1586/96 1061/1547/96 1078/1583/96
f 1081/1587/1020 1086/1588/1021 1087/1589/1022
f 1079/1590/1023 1084/1591/1024 1085/1592/1025
f 1189/1593/1026 1139/1594/1027 1083/1595/1028
f 1191/1596/1029 1087/1589/1022 1088/1597/1030
f 1080/1598/7 1085/1592/1025 1086/1588/1021
f 1190/1599/1031 1083/1595/1028 1084/1591/1024
f 1187/1600/1032 1096/1601/1033 1180/1602/1034
f 1087/1589/1022 1095/1603/1035 1088/1597/1030
f 1086/1588/1021 1092/1604/1036 1093/1605/1037
f 1084/1591/1024 1090/1606/1038 1091/1607/1039
f 1095/1608/1037 1174/1609/1040 1181/1610/1041
f 1086/1588/1021 1094/1611/1042 1087/1589/1022
f 1084/1591/1024 1092/1604/1036 1085/1592/1025
f 1083/1595/1028 1139/1594/1027 1090/1606/1038
f 1091/1607/1039 1097/1612/1043 1098/1613/1044
f 1088/1614/1021 1181/1610/1041 1188/1615/1045
f 1094/1611/1042 1100/1616/1046 1101/1617/1047
f 1091/1607/1039 1099/1618/1048 1092/1604/1036
f 1090/1606/1038 1139/1594/1027 1097/1612/1043
f 1095/1603/1035 1101/1617/1047 1102/1619/1049
f 1093/1605/1037 1099/1618/1048 1100/1616/1046
f 1123/1620/1050 1160/1621/1051 1116/1622/1052
f 1100/1616/1046 1108/1623/1053 1101/1617/1047
f 1099/1618/1048 1105/1624/1054 1106/1625/1055
f 1097/1612/1043 1139/1594/1027 1104/1626/1056
f 1101/1617/1047 1109/1627/1057 1102/1619/1049
f 1099/1618/1048 1107/1628/1058 1100/1616/1046
f 1098/1613/1044 1104/1626/1056 1105/1624/1054
f 1104/1626/1056 1139/1594/1027 1111/1629/1059
f 1108/1623/1053 1116/1630/1060 1109/1627/1057
f 1107/1628/1058 1113/1631/1061 1114/1632/1052
f 1104/1626/1056 1112/1633/1062 1105/1624/1054
f 1145/1634/1063 1124/1635/1064 1131/1636/1065
f 1108/1623/1053 1114/1632/1052 1115/1637/1066
f 1106/1625/1055 1112/1633/1062 1113/1631/1061
f 1116/1630/1060 1122/1638/1067 1123/1639/1068
f 1114/1632/1052 1120/1640/1069 1121/1641/1050
f 1111/1629/1059 1119/1642/1070 1112/1633/1062
f 1123/1620/1050 1146/1643/1071 1153/1644/1072
f 1114/1632/1052 1122/1638/1067 1115/1637/1066
f 1112/1633/1062 1120/1640/1069 1113/1631/1061
f 1111/1629/1059 1139/1594/1027 1118/1645/1073
f 1191/1646/7 1188/1615/1045 1082/1647/1074
f 1122/1638/1067 1128/1648/1075 1129/1649/1076
f 1120/1640/1069 1126/1650/1077 1127/1651/1078
f 1118/1645/1073 1139/1594/1027 1125/1652/1079
f 1122/1638/1067 1130/1653/1080 1123/1639/1068
f 1121/1641/1050 1127/1651/1078 1128/1648/1075
f 1119/1642/1070 1125/1652/1079 1126/1650/1077
f 1128/1648/1075 1136/1654/1081 1129/1649/1076
f 1126/1650/1077 1134/1655/1082 1127/1651/1078
f 1125/1652/1079 1139/1594/1027 1132/1656/1083
f 1129/1649/1076 1137/1657/1084 1130/1653/1080
f 1128/1648/1075 1134/1655/1082 1135/1658/4
f 1125/1652/1079 1133/1659/1085 1126/1650/1077
f 1173/1660/1086 1096/1601/1033 1103/1661/1087
f 1137/1657/1084 1144/1662/1088 1145/1663/1089
f 1134/1655/1082 1143/1664/1063 1135/1658/4
f 1133/1659/1085 1140/1665/1090 1141/1666/1091
f 1166/1667/1092 1103/1661/1087 1110/1668/1093
f 1136/1654/1081 1143/1664/1063 1144/1662/1088
f 1133/1659/1085 1142/1669/1094 1134/1655/1082
f 1132/1656/1083 1139/1594/1027 1140/1665/1090
f 1142/1669/1094 1150/1670/1095 1143/1664/1063
f 1141/1666/1091 1147/1671/1096 1148/1672/1097
f 1145/1634/1063 1138/1673/1098 1137/1674/4
f 1143/1664/1063 1151/1675/1099 1144/1662/1088
f 1142/1669/1094 1148/1672/1097 1149/1676/1100
f 1140/1665/1090 1139/1594/1027 1147/1671/1096
f 1144/1662/1088 1152/1677/1101 1145/1663/1089
f 1102/1678/1046 1167/1679/1102 1174/1609/1040
f 1151/1675/1099 1157/1680/1103 1158/1681/1104
f 1148/1672/1097 1156/1682/1105 1149/1676/1100
f 1147/1671/1096 1139/1594/1027 1154/1683/1106
f 1151/1675/1099 1159/1684/1107 1152/1677/1101
f 1149/1676/1100 1157/1680/1103 1150/1670/1095
f 1148/1672/1097 1154/1683/1106 1155/1685/1108
f 1156/1682/1105 1162/1686/1109 1163/1687/1110
f 1154/1683/1106 1139/1594/1027 1161/1688/1111
f 1159/1684/1107 1165/1689/1112 1166/1690/1113
f 1157/1680/1103 1163/1687/1110 1164/1691/1092
f 1155/1685/1108 1161/1688/1111 1162/1686/1109
f 1116/1622/1052 1167/1679/1102 1109/1692/1058
f 1157/1680/1103 1165/1689/1112 1158/1681/1104
f 1165/1689/1112 1173/1693/1114 1166/1690/1113
f 1163/1687/1110 1171/1694/1086 1164/1691/1092
f 1161/1688/1111 1169/1695/1115 1162/1686/1109
f 1137/1674/4 1146/1643/1071 1130/1696/1075
f 1165/1689/1112 1171/1694/1086 1172/1697/1116
f 1162/1686/1109 1170/1698/1117 1163/1687/1110
f 1161/1688/1111 1139/1594/1027 1168/1699/1118
f 1169/1695/1115 1175/1700/1119 1176/1701/1120
f 1138/1702/1098 1110/1703/1093 1082/1704/1074
f 1171/1694/1086 1179/1705/1121 1172/1697/1116
f 1170/1698/1117 1176/1701/1120 1177/1706/1122
f 1168/1699/1118 1139/1594/1027 1175/1700/1119
f 1173/1693/1114 1179/1705/1121 1180/1707/1123
f 1171/1694/1086 1177/1706/1122 1178/1708/1034
f 1166/1667/1092 1117/1709/1124 1159/1710/1103
f 1178/1708/1034 1186/1711/1125 1179/1705/1121
f 1176/1701/1120 1184/1712/1126 1177/1706/1122
f 1175/1700/1119 1139/1594/1027 1182/1713/1127
f 1180/1707/1123 1186/1711/1125 1187/1714/1128
f 1178/1708/1034 1184/1712/1126 1185/1715/1032
f 1175/1700/1119 1183/1716/1129 1176/1701/1120
f 1182/1713/1127 1139/1594/1027 1189/1593/1026
f 1187/1600/1032 1082/1647/1074 1089/1717/1130
f 1187/1714/1128 1081/1587/1020 1191/1596/1029
f 1185/1715/1032 1079/1590/1023 1080/1598/7
f 1183/1716/1129 1189/1593/1026 1190/1599/1031
f 1152/1718/1095 1117/1709/1124 1124/1635/1064
f 1185/1715/1032 1081/1587/1020 1186/1711/1125
f 1184/1712/1126 1190/1599/1031 1079/1590/1023
f 1193/1719/7 1200/1720/1131 1194/1721/1132
f 1303/1722/1133 1198/1723/1134 1192/1724/1135
f 1302/1725/1136 1252/1726/96 1196/1727/1137
f 1194/1721/1132 1201/1728/1138 1304/1729/1139
f 1192/1724/1135 1199/1730/1140 1193/1719/7
f 1303/1722/1133 1196/1727/1137 1197/1731/1141
f 1300/1732/1142 1209/1733/1143 1293/1734/1144
f 1201/1728/1138 1207/1735/1145 1208/1736/1146
f 1198/1723/1134 1206/1737/1147 1199/1730/1140
f 1196/1727/1137 1204/1738/1148 1197/1731/1141
f 1208/1739/1147 1287/1740/1149 1294/1741/1150
f 1200/1720/1131 1206/1737/1147 1207/1735/1145
f 1198/1723/1134 1204/1738/1148 1205/1742/1151
f 1196/1727/1137 1252/1726/96 1203/1743/1152
f 1203/1743/1152 1211/1744/1153 1204/1738/1148
f 1208/1739/1147 1301/1745/1154 1201/1746/1140
f 1207/1735/1145 1213/1747/1155 1214/1748/1156
f 1204/1738/1148 1212/1749/1157 1205/1742/1151
f 1203/1743/1152 1252/1726/96 1210/1750/1158
f 1208/1736/1146 1214/1748/1156 1215/1751/1159
f 1206/1737/1147 1212/1749/1157 1213/1747/1155
f 1229/1752/1160 1266/1753/1161 1273/1754/1162
f 1213/1747/1155 1221/1755/1163 1214/1748/1156
f 1211/1744/1153 1219/1756/1164 1212/1749/1157
f 1210/1750/1158 1252/1726/96 1217/1757/1165
f 1215/1751/1159 1221/1755/1163 1222/1758/1166
f 1213/1747/1155 1219/1756/1164 1220/1759/122
f 1211/1744/1153 1217/1757/1165 1218/1760/1167
f 1217/1757/1165 1252/1726/96 1224/1761/1168
f 1222/1758/1166 1228/1762/1169 1229/1763/1170
f 1220/1759/122 1226/1764/1171 1227/1765/1160
f 1217/1757/1165 1225/1766/1172 1218/1760/1167
f 1258/1767/1173 1237/1768/1174 1244/1769/1175
f 1221/1755/1163 1227/1765/1160 1228/1762/1169
f 1218/1760/1167 1226/1764/1171 1219/1756/1164
f 1229/1763/1170 1235/1770/1176 1236/1771/1177
f 1226/1764/1171 1234/1772/1178 1227/1765/1160
f 1225/1766/1172 1231/1773/1179 1232/1774/1180
f 1243/1775/1181 1266/1753/1161 1236/1776/1178
f 1228/1762/1169 1234/1772/1178 1235/1770/1176
f 1226/1764/1171 1232/1774/1180 1233/1777/1182
f 1224/1761/1168 1252/1726/96 1231/1773/1179
f 1201/1746/1140 1195/1778/1183 1304/1779/7
f 1234/1772/1178 1242/1780/1184 1235/1770/1176
f 1233/1777/1182 1239/1781/1185 1240/1782/1186
f 1231/1773/1179 1252/1726/96 1238/1783/1187
f 1236/1771/1177 1242/1780/1184 1243/1784/1188
f 1234/1772/1178 1240/1782/1186 1241/1785/1181
f 1231/1773/1179 1239/1781/1185 1232/1774/1180
f 1241/1785/1181 1249/1786/1189 1242/1780/1184
f 1239/1781/1185 1247/1787/1190 1240/1782/1186
f 1238/1783/1187 1252/1726/96 1245/1788/1191
f 1242/1780/1184 1250/1789/1192 1243/1784/1188
f 1241/1785/1181 1247/1787/1190 1248/1790/4
f 1238/1783/1187 1246/1791/1193 1239/1781/1185
f 1293/1734/1144 1216/1792/1194 1286/1793/1195
f 1250/1789/1192 1257/1794/1196 1258/1795/1197
f 1248/1790/4 1255/1796/1198 1256/1797/1173
f 1245/1788/1191 1254/1798/1199 1246/1791/1193
f 1286/1793/1195 1223/1799/1200 1279/1800/58
f 1248/1790/4 1257/1794/1196 1249/1786/1189
f 1246/1791/1193 1255/1796/1198 1247/1787/1190
f 1245/1788/1191 1252/1726/96 1253/1801/1201
f 1255/1796/1198 1263/1802/1202 1256/1797/1173
f 1254/1798/1199 1260/1803/1203 1261/1804/1204
f 1258/1767/1173 1251/1805/1205 1250/1806/4
f 1256/1797/1173 1264/1807/1206 1257/1794/1196
f 1255/1796/1198 1261/1804/1204 1262/1808/1207
f 1253/1801/1201 1252/1726/96 1260/1803/1203
f 1258/1795/1197 1264/1807/1206 1265/1809/1208
f 1222/1810/122 1287/1740/1149 1215/1811/1155
f 1264/1807/1206 1270/1812/1209 1271/1813/1210
f 1262/1808/1207 1268/1814/1211 1269/1815/1212
f 1260/1803/1203 1252/1726/96 1267/1816/1213
f 1265/1809/1208 1271/1813/1210 1272/1817/1214
f 1262/1808/1207 1270/1812/1209 1263/1802/1202
f 1260/1803/1203 1268/1814/1211 1261/1804/1204
f 1269/1815/1212 1275/1818/1215 1276/1819/1216
f 1267/1816/1213 1252/1726/96 1274/1820/1217
f 1271/1813/1210 1279/1821/1218 1272/1817/1214
f 1270/1812/1209 1276/1819/1216 1277/1822/58
f 1267/1816/1213 1275/1818/1215 1268/1814/1211
f 1229/1752/1160 1280/1823/1219 1222/1810/122
f 1271/1813/1210 1277/1822/58 1278/1824/1220
f 1279/1821/1218 1285/1825/1221 1286/1826/1222
f 1277/1822/58 1283/1827/1223 1284/1828/1195
f 1275/1818/1215 1281/1829/1224 1282/1830/1225
f 1250/1806/4 1259/1831/1226 1243/1775/1181
f 1277/1822/58 1285/1825/1221 1278/1824/1220
f 1276/1819/1216 1282/1830/1225 1283/1827/1223
f 1274/1820/1217 1252/1726/96 1281/1829/1224
f 1281/1829/1224 1289/1832/1227 1282/1830/1225
f 1251/1833/1205 1223/1834/1200 1195/1835/1183
f 1284/1828/1195 1292/1836/1228 1285/1825/1221
f 1282/1830/1225 1290/1837/1229 1283/1827/1223
f 1281/1829/1224 1252/1726/96 1288/1838/1230
f 1286/1826/1222 1292/1836/1228 1293/1839/1231
f 1284/1828/1195 1290/1837/1229 1291/1840/1144
f 1279/1800/58 1230/1841/1232 1272/1842/1209
f 1291/1840/1144 1299/1843/1233 1292/1836/1228
f 1290/1837/1229 1296/1844/1234 1297/1845/1235
f 1288/1838/1230 1252/1726/96 1295/1846/1236
f 1292/1836/1228 1300/1847/1237 1293/1839/1231
f 1291/1840/1144 1297/1845/1235 1298/1848/1142
f 1288/1838/1230 1296/1844/1234 1289/1832/1227
f 1295/1846/1236 1252/1726/96 1302/1725/1136
f 1304/1779/7 1202/1849/1238 1300/1732/1142
f 1299/1843/1233 1304/1729/1139 1300/1847/1237
f 1298/1848/1142 1192/1724/1135 1193/1719/7
f 1296/1844/1234 1302/1725/1136 1303/1722/1133
f 1272/1842/1209 1237/1768/1174 1265/1850/1202
f 1299/1843/1233 1193/1719/7 1194/1721/1132
f 1296/1844/1234 1192/1724/1135 1297/1845/1235
f 748/1851/920 1307/1852/911 749/1853/911
f 741/1854/910 1319/1855/919 1305/1856/910
f 747/1857/10 1320/1858/920 748/1851/920
f 740/1859/919 1317/1860/96 1319/1855/919
f 746/1861/918 1318/1862/10 747/1857/10
f 739/1863/96 1315/1864/917 1317/1860/96
f 745/1865/916 1316/1866/918 746/1861/918
f 738/1867/917 1313/1868/915 1315/1864/917
f 744/1869/914 1314/1870/916 745/1865/916
f 737/1871/915 1311/1872/913 1313/1868/915
f 743/1873/58 1312/1874/914 744/1869/914
f 750/1875/912 1310/1876/122 735/1877/122
f 736/1878/913 1310/1876/122 1311/1872/913
f 743/1873/58 1306/1879/909 1309/1880/58
f 749/1853/911 1308/1881/912 750/1875/912
f 742/1882/909 1305/1856/910 1306/1879/909
f 1320/1883/920 1322/1038/911 1307/1884/911
f 1305/1885/910 1335/1062/919 1321/1066/910
f 1318/1886/10 1336/1065/920 1320/1883/920
f 1319/1887/919 1333/1058/96 1335/1062/919
f 1316/1888/918 1334/1061/10 1318/1886/10
f 1317/1889/96 1331/1054/917 1333/1058/96
f 1314/1890/916 1332/1057/918 1316/1888/918
f 1315/1891/917 1329/1050/915 1331/1054/917
f 1312/1892/914 1330/1053/916 1314/1890/916
f 1313/1893/915 1327/1043/913 1329/1050/915
f 1309/1894/58 1328/1049/914 1312/1892/914
f 1308/1895/912 1323/1046/122 1310/1896/122
f 1311/1897/913 1323/1046/122 1327/1043/913
f 1309/1898/58 1324/1035/909 1326/1041/58
f 1307/1884/911 1325/1040/912 1308/1895/912
f 1306/1899/909 1321/1066/910 1324/1035/909
f 739/1900/96 1340/1161/919 1352/1190/96
f 747/1901/10 1351/1185/918 746/1902/918
f 738/1903/917 1352/1190/96 1350/1187/917
f 746/1902/918 1349/1181/916 745/1904/916
f 737/1905/915 1350/1187/917 1348/1183/915
f 745/1904/916 1347/1176/914 744/1906/914
f 736/1907/913 1348/1183/915 1345/1179/913
f 744/1906/914 1344/1178/58 743/1908/58
f 735/1909/122 1343/1168/912 750/1910/912
f 735/1909/122 1345/1179/913 1346/1172/122
f 742/1911/909 1344/1912/58 1342/1170/909
f 750/1910/912 1341/1164/911 749/1913/911
f 741/1914/910 1342/1170/909 1339/1166/910
f 749/1913/911 1337/1071/920 748/1915/920
f 740/1916/919 1339/1166/910 1340/1161/919
f 748/1915/920 1338/1073/10 747/1901/10
f 1386/1917/1239 1449/1918/1240 1453/1919/1241
f 1390/1920/1242 1453/1919/1241 1457/1921/1243
f 1394/1922/1244 1457/1921/1243 1461/1923/1245
f 1398/1924/1246 1461/1923/1245 1465/1925/1247
f 1402/1926/1248 1465/1925/1247 1469/1927/1249
f 1406/1928/1250 1469/1927/1249 1473/1929/1251
f 1410/1930/1252 1473/1929/1251 1477/1931/1253
f 1414/1932/1254 1477/1931/1253 1481/1933/1255
f 1418/1934/1256 1481/1933/1255 1485/1935/1257
f 1366/1936/1258 1429/1937/1259 1433/1938/1260
f 1370/1939/1261 1433/1938/1260 1437/1940/1262
f 1374/1941/1263 1437/1940/1262 1441/1942/1264
f 1378/1943/1265 1441/1942/1264 1445/1944/1266
f 1382/1945/1267 1445/1944/1266 1449/1918/1240
f 1362/1946/1268 1425/1947/1269 1429/1937/1259
f 1357/1948/1270 1389/1949/1271 1405/1950/1272
f 1364/1951/1273 1358/1952/1274 1362/1946/1268
f 1363/1953/1275 1360/1954/1276 1364/1955/1273
f 1361/1956/1277 1359/1957/1278 1363/1953/1275
f 1368/1958/1279 1362/1946/1268 1366/1936/1258
f 1367/1959/1280 1364/1955/1273 1368/1960/1279
f 1365/1961/1281 1363/1953/1275 1367/1959/1280
f 1372/1962/1282 1366/1936/1258 1370/1939/1261
f 1371/1963/1283 1368/1960/1279 1372/1964/1282
f 1369/1965/1284 1367/1959/1280 1371/1963/1283
f 1374/1941/1263 1372/1962/1282 1370/1939/1261
f 1375/1966/1285 1372/1964/1282 1376/1967/1286
f 1373/1968/1287 1371/1963/1283 1375/1966/1285
f 1378/1943/1265 1376/1969/1286 1374/1941/1263
f 1379/1970/1288 1376/1967/1286 1380/1971/1289
f 1377/1972/1290 1375/1966/1285 1379/1970/1288
f 1382/1945/1267 1380/1973/1289 1378/1943/1265
f 1384/1974/1291 1379/1970/1288 1380/1971/1289
f 1383/1975/1292 1377/1972/1290 1379/1970/1288
f 1386/1917/1239 1384/1976/1291 1382/1945/1267
f 1387/1977/1293 1384/1974/1291 1388/1978/1294
f 1387/1977/1293 1381/1979/1295 1383/1975/1292
f 1390/1920/1242 1388/1980/1294 1386/1917/1239
f 1391/1981/1296 1388/1978/1294 1392/1982/1297
f 1389/1949/1271 1387/1977/1293 1391/1981/1296
f 1396/1983/1298 1390/1920/1242 1394/1922/1244
f 1395/1984/1299 1392/1982/1297 1396/1985/1298
f 1393/1986/1300 1391/1981/1296 1395/1984/1299
f 1400/1987/1301 1394/1922/1244 1398/1924/1246
f 1399/1988/1302 1396/1985/1298 1400/1989/1301
f 1397/1990/1303 1395/1984/1299 1399/1988/1302
f 1404/1991/1304 1398/1924/1246 1402/1926/1248
f 1403/1992/1305 1400/1989/1301 1404/1993/1304
f 1401/1994/1306 1399/1988/1302 1403/1992/1305
f 1408/1995/1307 1402/1926/1248 1406/1928/1250
f 1407/1996/1308 1404/1993/1304 1408/1997/1307
f 1405/1950/1272 1403/1992/1305 1407/1996/1308
f 1412/1998/1309 1406/1928/1250 1410/1930/1252
f 1412/1999/1309 1407/1996/1308 1408/1997/1307
f 1411/2000/1310 1405/1950/1272 1407/1996/1308
f 1414/1932/1254 1412/1998/1309 1410/1930/1252
f 1416/2001/1311 1411/2000/1310 1412/1999/1309
f 1415/2002/1312 1409/2003/1313 1411/2000/1310
f 1418/1934/1256 1416/2004/1311 1414/1932/1254
f 1419/2005/1314 1416/2001/1311 1420/2006/1315
f 1419/2005/1314 1413/2007/1316 1415/2002/1312
f 1353/2008/1317 1420/2009/1315 1418/1934/1256
f 1356/2010/1318 1420/2006/1315 1355/2011/1319
f 1356/2010/1318 1417/2012/1320 1419/2005/1314
f 1353/2008/1317 1485/1935/1257 1422/2013/1321
f 1430/2014/1322 1428/2015/1323 1426/2016/1324
f 1432/2017/1325 1427/2018/1326 1428/2015/1323
f 1429/1937/1259 1427/2019/1326 1431/2020/1327
f 1434/2021/1328 1432/2017/1325 1430/2014/1322
f 1436/2022/1329 1431/2023/1327 1432/2017/1325
f 1433/1938/1260 1431/2020/1327 1435/2024/1330
f 1438/2025/1331 1436/2022/1329 1434/2021/1328
f 1440/2026/1332 1435/2027/1330 1436/2022/1329
f 1439/2028/1333 1433/1938/1260 1435/2024/1330
f 1444/2029/1334 1438/2025/1331 1442/2030/1335
f 1444/2029/1334 1439/2031/1333 1440/2026/1332
f 1443/2032/1336 1437/1940/1262 1439/2028/1333
f 1448/2033/1337 1442/2030/1335 1446/2034/1338
f 1447/2035/1339 1444/2029/1334 1448/2033/1337
f 1445/1944/1266 1443/2032/1336 1447/2036/1339
f 1452/2037/1340 1446/2034/1338 1450/2038/1341
f 1451/2039/1342 1448/2033/1337 1452/2037/1340
f 1449/1918/1240 1447/2036/1339 1451/2040/1342
f 1456/2041/1343 1450/2038/1341 1454/2042/1344
f 1455/2043/1345 1452/2037/1340 1456/2041/1343
f 1453/1919/1241 1451/2040/1342 1455/2044/1345
f 1460/2045/1346 1454/2042/1344 1458/2046/1347
f 1459/2047/1348 1456/2041/1343 1460/2045/1346
f 1457/1921/1243 1455/2044/1345 1459/2048/1348
f 1462/2049/1349 1460/2045/1346 1458/2046/1347
f 1464/2050/1350 1459/2047/1348 1460/2045/1346
f 1463/2051/1351 1457/1921/1243 1459/2048/1348
f 1466/2052/1352 1464/2050/1350 1462/2049/1349
f 1468/2053/1353 1463/2054/1351 1464/2050/1350
f 1465/1925/1247 1463/2051/1351 1467/2055/1354
f 1470/2056/1355 1468/2053/1353 1466/2052/1352
f 1472/2057/1356 1467/2058/1354 1468/2053/1353
f 1471/2059/1357 1465/1925/1247 1467/2055/1354
f 1476/2060/1358 1470/2056/1355 1474/2061/1359
f 1476/2060/1358 1471/2062/1357 1472/2057/1356
f 1473/1929/1251 1471/2059/1357 1475/2063/1360
f 1480/2064/1361 1474/2061/1359 1478/2065/1362
f 1479/2066/1363 1476/2060/1358 1480/2064/1361
f 1477/1931/1253 1475/2063/1360 1479/2067/1363
f 1484/2068/1364 1478/2065/1362 1482/2069/1365
f 1483/2070/1366 1480/2064/1361 1484/2068/1364
f 1481/1933/1255 1479/2067/1363 1483/2071/1366
f 1488/2072/1367 1482/2069/1365 1486/2073/1368
f 1487/2074/1369 1484/2068/1364 1488/2072/1367
f 1485/1935/1257 1483/2071/1366 1487/2075/1369
f 1423/2076/1370 1486/2073/1368 1421/2077/1371
f 1424/2078/1372 1488/2072/1367 1423/2076/1370
f 1422/2013/1321 1487/2075/1369 1424/2079/1372
f 1426/2016/1324 1462/2049/1349 1446/2034/1338
f 1569/2080/1373 1514/2081/1374 1573/2082/1375
f 1573/2082/1375 1518/2083/1376 1577/2084/1377
f 1577/2084/1377 1522/2085/1378 1581/2086/1379
f 1581/2086/1379 1526/2087/1380 1585/2088/1381
f 1585/2088/1381 1530/2089/1382 1589/2090/1383
f 1589/2090/1383 1534/2091/1384 1593/2092/1385
f 1593/2092/1385 1538/2093/1386 1597/2094/1387
f 1597/2094/1387 1542/2095/1388 1601/2096/1389
f 1601/2096/1389 1546/2097/1390 1605/2098/1391
f 1549/2099/1392 1494/2100/1393 1553/2101/1394
f 1553/2101/1394 1498/2102/1395 1557/2103/1396
f 1557/2103/1396 1502/2104/1397 1561/2105/1398
f 1561/2105/1398 1506/2106/1399 1565/2107/1400
f 1565/2107/1400 1510/2108/1401 1569/2080/1373
f 1425/1947/1269 1490/2109/1402 1549/2099/1392
f 1545/2110/1403 1513/2111/1404 1497/2112/1405
f 1358/2113/1274 1492/2114/1406 1490/2109/1402
f 1360/1954/1276 1491/2115/1407 1492/2116/1406
f 1359/1957/1278 1489/2117/1408 1491/2115/1407
f 1490/2109/1402 1496/2118/1409 1494/2100/1393
f 1492/2116/1406 1495/2119/1410 1496/2120/1409
f 1491/2115/1407 1493/2121/1411 1495/2119/1410
f 1494/2100/1393 1500/2122/1412 1498/2102/1395
f 1496/2120/1409 1499/2123/1413 1500/2124/1412
f 1495/2119/1410 1497/2112/1405 1499/2123/1413
f 1502/2104/1397 1500/2122/1412 1504/2125/1414
f 1500/2124/1412 1503/2126/1415 1504/2127/1414
f 1499/2123/1413 1501/2128/1416 1503/2126/1415
f 1506/2106/1399 1504/2125/1414 1508/2129/1417
f 1504/2127/1414 1507/2130/1418 1508/2131/1417
f 1503/2126/1415 1505/2132/1419 1507/2130/1418
f 1510/2108/1401 1508/2129/1417 1512/2133/1420
f 1508/2131/1417 1511/2134/1421 1512/2135/1420
f 1511/2134/1421 1505/2132/1419 1509/2136/1422
f 1514/2081/1374 1512/2133/1420 1516/2137/1423
f 1512/2135/1420 1515/2138/1424 1516/2139/1423
f 1515/2138/1424 1509/2136/1422 1513/2111/1404
f 1518/2083/1376 1516/2137/1423 1520/2140/1425
f 1520/2141/1425 1515/2138/1424 1519/2142/1426
f 1519/2142/1426 1513/2111/1404 1517/2143/1427
f 1518/2083/1376 1524/2144/1428 1522/2085/1378
f 1520/2141/1425 1523/2145/1429 1524/2146/1428
f 1523/2145/1429 1517/2143/1427 1521/2147/1430
f 1522/2085/1378 1528/2148/1431 1526/2087/1380
f 1524/2146/1428 1527/2149/1432 1528/2150/1431
f 1523/2145/1429 1525/2151/1433 1527/2149/1432
f 1530/2089/1382 1528/2148/1431 1532/2152/1434
f 1528/2150/1431 1531/2153/1435 1532/2154/1434
f 1527/2149/1432 1529/2155/1436 1531/2153/1435
f 1530/2089/1382 1536/2156/1437 1534/2091/1384
f 1532/2154/1434 1535/2157/1438 1536/2158/1437
f 1531/2153/1435 1533/2159/1439 1535/2157/1438
f 1534/2091/1384 1540/2160/1440 1538/2093/1386
f 1540/2161/1440 1535/2157/1438 1539/2162/1441
f 1539/2162/1441 1533/2159/1439 1537/2163/1442
f 1542/2095/1388 1540/2160/1440 1544/2164/1443
f 1544/2165/1443 1539/2162/1441 1543/2166/1444
f 1543/2166/1444 1537/2163/1442 1541/2167/1445
f 1546/2097/1390 1544/2164/1443 1548/2168/1446
f 1544/2165/1443 1547/2169/1447 1548/2170/1446
f 1547/2169/1447 1541/2167/1445 1545/2110/1403
f 1546/2097/1390 1355/2171/1319 1353/2008/1317
f 1355/2011/1319 1547/2169/1447 1356/2010/1318
f 1356/2010/1318 1545/2110/1403 1354/2172/1448
f 1605/2098/1391 1353/2008/1317 1422/2013/1321
f 1550/2173/1449 1428/2015/1323 1552/2174/1450
f 1552/2174/1450 1427/2018/1326 1551/2175/1451
f 1427/2019/1326 1549/2099/1392 1551/2176/1451
f 1554/2177/1452 1552/2174/1450 1556/2178/1453
f 1556/2178/1453 1551/2175/1451 1555/2179/1454
f 1551/2176/1451 1553/2101/1394 1555/2180/1454
f 1558/2181/1455 1556/2178/1453 1560/2182/1456
f 1560/2182/1456 1555/2179/1454 1559/2183/1457
f 1559/2184/1457 1553/2101/1394 1557/2103/1396
f 1558/2181/1455 1564/2185/1458 1562/2186/1459
f 1564/2185/1458 1559/2183/1457 1563/2187/1460
f 1563/2188/1460 1557/2103/1396 1561/2105/1398
f 1562/2186/1459 1568/2189/1461 1566/2190/1462
f 1568/2189/1461 1563/2187/1460 1567/2191/1463
f 1563/2188/1460 1565/2107/1400 1567/2192/1463
f 1566/2190/1462 1572/2193/1464 1570/2194/1465
f 1568/2189/1461 1571/2195/1466 1572/2193/1464
f 1567/2192/1463 1569/2080/1373 1571/2196/1466
f 1570/2194/1465 1576/2197/1467 1574/2198/1468
f 1572/2193/1464 1575/2199/1469 1576/2197/1467
f 1571/2196/1466 1573/2082/1375 1575/2200/1469
f 1574/2198/1468 1580/2201/1470 1578/2202/1471
f 1576/2197/1467 1579/2203/1472 1580/2201/1470
f 1575/2200/1469 1577/2084/1377 1579/2204/1472
f 1582/2205/1473 1580/2201/1470 1584/2206/1474
f 1584/2206/1474 1579/2203/1472 1583/2207/1475
f 1583/2208/1475 1577/2084/1377 1581/2086/1379
f 1586/2209/1476 1584/2206/1474 1588/2210/1477
f 1588/2210/1477 1583/2207/1475 1587/2211/1478
f 1583/2208/1475 1585/2088/1381 1587/2212/1478
f 1590/2213/1479 1588/2210/1477 1592/2214/1480
f 1592/2214/1480 1587/2211/1478 1591/2215/1481
f 1587/2212/1478 1589/2090/1383 1591/2216/1481
f 1590/2213/1479 1596/2217/1482 1594/2218/1483
f 1596/2217/1482 1591/2215/1481 1595/2219/1484
f 1591/2216/1481 1593/2092/1385 1595/2220/1484
f 1594/2218/1483 1600/2221/1485 1598/2222/1486
f 1600/2221/1485 1595/2219/1484 1599/2223/1487
f 1595/2220/1484 1597/2094/1387 1599/2224/1487
f 1598/2222/1486 1604/2225/1488 1602/2226/1489
f 1600/2221/1485 1603/2227/1490 1604/2225/1488
f 1599/2224/1487 1601/2096/1389 1603/2228/1490
f 1602/2226/1489 1608/2229/1491 1606/2230/1492
f 1604/2225/1488 1607/2231/1493 1608/2229/1491
f 1603/2228/1490 1605/2098/1391 1607/2232/1493
f 1606/2230/1492 1423/2076/1370 1421/2077/1371
f 1608/2229/1491 1424/2078/1372 1423/2076/1370
f 1424/2079/1372 1605/2098/1391 1422/2013/1321
f 1554/2177/1452 1586/2209/1476 1602/2226/1489
f 1/1/1 14/5/5 29/2/2
f 27/4/4 34/2233/29 14/5/5
f 23/6/6 33/2234/31 26/7/7
f 2/8/8 17/18/18 30/9/9
f 14/5/5 34/2233/29 25/10/10
f 3/11/11 18/12/12 29/2/2
f 3/11/11 23/6/6 30/9/9
f 25/10/10 33/2234/31 23/6/6
f 4/13/13 19/16/16 31/14/14
f 16/3/3 29/2/2 19/16/16
f 15/17/17 30/9/9 17/18/18
f 5/19/19 21/26/26 32/20/20
f 19/16/16 29/2/2 18/12/12
f 6/21/21 22/22/22 31/14/14
f 6/21/21 15/17/17 32/20/20
f 18/12/12 30/9/9 15/17/17
f 20/15/15 31/14/14 49/23/23
f 50/25/25 32/20/20 21/26/26
f 49/23/23 31/14/14 22/22/22
f 22/22/22 32/20/20 50/25/25
f 39/29/29 70/42/34 69/30/30
f 25/10/10 34/2233/29 24/32/29
f 12/34/31 33/2234/31 25/10/10
f 35/31/10 69/30/30 28/35/32
f 38/36/31 28/35/32 71/37/33
f 26/7/7 33/2234/31 12/34/31
f 24/32/29 34/2233/29 27/4/4
f 37/41/4 13/633/537 70/42/34
f 37/41/4 39/29/29 40/43/29
f 44/45/31 38/36/31 36/38/7
f 35/31/10 38/36/31 44/45/31
f 40/43/29 39/29/29 35/31/10
f 24/32/29 40/43/29 41/47/10
f 41/47/10 44/45/31 12/34/31
f 12/34/31 44/45/31 42/46/7
f 43/44/4 40/43/29 24/32/29
f 45/48/35 55/54/41 59/49/36
f 48/50/37 56/2235/60 75/51/38
f 75/51/38 73/87/65 54/52/39
f 45/48/35 54/52/39 60/53/40
f 61/55/42 68/74/56 60/53/40
f 54/52/39 73/87/65 76/56/43
f 74/57/44 56/2235/60 48/50/37
f 62/58/45 48/50/37 59/49/36
f 65/60/47 57/70/52 50/61/25
f 49/63/23 58/72/54 66/64/48
f 50/61/25 57/70/52 52/66/49
f 52/66/49 58/72/54 49/63/23
f 67/59/46 59/49/36 53/68/50
f 63/69/51 53/68/50 57/70/52
f 64/71/53 66/64/48 58/72/54
f 51/73/55 60/53/40 68/74/56
f 47/75/57 52/66/49 57/70/52
f 53/68/50 59/49/36 55/54/41
f 55/54/41 60/53/40 51/73/55
f 47/75/57 51/73/55 58/72/54
f 70/42/34 13/633/537 72/76/58
f 28/78/32 69/77/30 72/76/58
f 81/80/59 77/83/61 75/81/38
f 79/85/63 80/86/64 77/83/61
f 77/83/61 81/80/59 78/84/62
f 75/81/38 77/83/61 80/86/64
f 80/86/64 79/85/63 76/56/43
f 74/88/44 78/84/62 81/80/59
f 85/89/66 89/164/132 94/90/67
f 96/92/69 97/120/97 107/93/70
f 90/95/72 82/97/74 85/89/66
f 87/96/73 85/89/66 82/97/74
f 136/99/76 87/96/73 86/98/75
f 194/101/78 90/95/72 93/91/68
f 83/103/80 110/176/144 119/104/81
f 84/106/83 114/177/145 163/107/84
f 106/109/86 108/124/101 103/110/87
f 105/112/89 97/120/97 96/92/69
f 104/114/91 106/109/86 99/111/88
f 95/115/92 99/111/88 101/116/93
f 100/117/94 101/116/93 155/118/95
f 103/110/87 108/124/101 107/93/70
f 197/121/98 199/123/100 106/109/86
f 98/113/90 153/213/177 154/122/99
f 199/123/100 202/168/136 108/124/101
f 86/125/102 82/128/103 95/126/103
f 82/128/103 90/154/58 104/129/58
f 89/130/104 103/153/123 97/131/105
f 83/133/107 96/139/112 102/134/108
f 92/136/110 91/132/106 97/131/105
f 84/138/111 98/143/115 96/139/112
f 137/140/113 92/136/110 105/137/89
f 135/142/114 153/2236/1494 98/143/115
f 87/144/116 101/150/121 99/145/117
f 86/125/102 100/127/102 152/147/119
f 87/144/116 136/236/194 155/149/120
f 88/135/109 102/134/108 198/151/122
f 89/130/104 85/146/118 99/145/117
f 90/154/58 194/725/58 197/155/58
f 110/158/126 83/2237/1495 88/156/124
f 88/156/124 120/160/128 111/157/125
f 195/159/127 204/183/151 120/160/128
f 91/132/106 92/136/110 117/161/129
f 110/158/126 111/157/125 94/90/67
f 89/164/132 91/2238/1496 109/163/131
f 108/124/101 113/166/134 112/94/71
f 112/94/71 113/166/134 102/165/133
f 113/166/134 203/2239/1497 198/167/135
f 202/168/136 203/2239/1497 113/166/134
f 114/169/137 117/2240/1498 166/170/138
f 116/172/140 117/2240/1498 114/169/137
f 115/173/141 119/2241/1499 118/174/142
f 109/175/143 118/180/148 119/104/81
f 83/103/80 115/105/82 114/177/145
f 92/136/110 137/140/113 166/178/146
f 91/179/147 116/2242/147 118/180/148
f 196/102/79 93/91/68 94/90/67
f 201/181/149 94/90/67 111/157/125
f 200/182/150 111/157/125 120/160/128
f 133/184/152 128/247/202 124/185/153
f 139/187/155 159/250/205 150/188/156
f 129/190/158 132/186/154 124/185/153
f 121/191/159 124/185/153 126/192/160
f 125/193/161 126/192/160 136/194/76
f 205/196/98 207/264/219 132/186/154
f 122/197/162 162/261/216 168/198/163
f 163/107/84 161/2243/1500 123/200/165
f 149/201/166 142/207/172 146/202/167
f 139/187/155 140/189/157 148/204/169
f 147/206/171 138/209/174 142/207/172
f 144/208/173 142/207/172 138/209/174
f 155/118/95 144/208/173 143/210/175
f 150/188/156 151/203/168 146/202/167
f 208/211/78 147/206/171 149/201/166
f 141/205/170 148/204/169 154/122/99
f 210/212/176 149/201/166 151/203/168
f 125/215/179 143/234/102 138/216/103
f 121/217/180 138/216/103 147/218/58
f 140/220/181 146/2244/1501 128/221/182
f 145/223/184 139/227/187 122/224/185
f 131/226/186 148/229/169 140/220/181
f 139/227/187 141/230/189 123/228/188
f 137/140/113 154/141/99 148/229/169
f 141/230/189 153/2236/1494 135/142/114
f 142/231/190 144/235/193 126/232/191
f 134/148/119 152/147/119 143/234/102
f 144/235/193 155/149/120 136/236/194
f 209/237/122 145/223/184 127/225/109
f 128/221/182 146/2244/1501 142/231/190
f 129/219/58 147/218/58 208/239/195
f 127/243/198 122/2245/1502 157/241/196
f 157/241/196 158/246/201 169/242/197
f 169/242/197 215/820/692 206/244/199
f 164/245/200 165/2246/1503 131/226/186
f 157/241/196 156/248/203 133/184/152
f 128/247/202 133/184/152 156/248/203
f 151/203/168 150/188/156 159/250/205
f 145/252/207 160/251/206 159/250/205
f 209/253/208 214/2247/1504 160/251/206
f 160/251/206 214/2247/1504 213/214/178
f 161/254/209 163/171/139 166/170/138
f 162/256/211 161/254/209 165/255/210
f 162/256/211 164/257/212 167/258/213
f 168/198/163 167/262/217 156/260/215
f 123/200/165 161/2243/1500 162/261/216
f 131/226/186 165/2246/1503 166/178/146
f 167/262/217 164/2248/218 130/263/218
f 133/184/152 132/186/154 207/264/219
f 158/246/201 133/184/152 212/265/220
f 211/266/221 215/820/692 169/242/197
f 181/267/222 172/286/1505 178/268/223
f 179/270/225 175/288/1506 182/271/226
f 171/273/58 174/281/58 173/274/58
f 184/276/228 185/594/514 170/277/229
f 177/279/230 184/284/233 173/280/230
f 185/282/231 176/285/232 171/273/232
f 179/270/225 183/272/227 184/284/233
f 185/282/231 180/269/224 178/268/223
f 172/286/234 181/2249/234 182/287/234
f 181/289/235 180/2250/235 183/290/235
f 179/270/236 178/268/236 172/286/236
f 190/292/10 188/307/10 191/293/10
f 216/295/58 187/300/58 186/296/58
f 189/298/10 193/301/10 186/299/10
f 190/292/10 192/294/10 193/301/10
f 191/302/237 221/852/709 219/303/238
f 222/305/240 221/2251/122 191/306/241
f 193/311/246 218/2252/4 217/312/4
f 225/314/10 226/2253/10 224/315/10
f 580/317/247 229/325/247 227/318/247
f 223/316/10 227/318/10 228/320/10
f 579/321/248 576/331/248 225/322/248
f 580/317/249 581/2254/249 230/324/249
f 228/320/10 227/318/10 229/325/10
f 575/327/250 224/315/250 226/328/250
f 578/319/251 227/318/251 223/316/252
f 223/316/252 224/315/253 575/327/253
f 576/331/254 577/2255/254 226/332/254
f 285/333/255 259/407/1507 266/334/256
f 237/336/258 232/430/276 305/337/259
f 299/339/261 236/442/361 231/340/262
f 327/342/264 301/361/283 291/343/265
f 258/345/267 292/416/346 298/346/268
f 288/348/270 235/444/362 306/349/271
f 256/351/273 283/381/299 298/352/274
f 232/354/276 237/368/258 241/355/277
f 287/357/279 238/356/278 239/358/280
f 326/360/282 299/441/261 301/361/283
f 242/362/284 243/403/363 239/358/280
f 299/339/261 234/341/263 300/363/285
f 242/362/284 238/356/278 241/355/277
f 247/365/286 241/355/277 251/366/287
f 251/366/287 241/355/277 237/368/258
f 248/370/289 237/336/258 308/338/260
f 289/372/291 291/446/265 245/373/292
f 290/353/275 289/372/291 250/374/293
f 253/375/294 248/370/289 310/371/290
f 251/366/287 248/369/289 253/377/294
f 246/379/297 249/399/352 250/374/293
f 254/380/298 282/415/1508 283/381/299
f 252/367/288 251/366/287 257/378/296
f 320/383/301 316/905/754 332/384/302
f 297/386/304 273/409/330 260/387/305
f 262/389/307 263/393/311 265/390/308
f 329/449/378 264/394/312 318/391/309
f 318/391/309 317/437/358 293/392/310
f 293/392/310 265/390/308 263/393/311
f 263/393/311 329/449/378 318/391/309
f 332/384/302 316/905/754 318/391/309
f 294/388/306 260/387/305 265/390/308
f 244/395/313 278/404/325 328/396/314
f 252/367/316 270/402/323 275/398/317
f 249/399/319 246/379/335 277/400/320
f 255/382/322 268/413/334 270/402/323
f 243/403/324 279/419/341 278/404/325
f 249/399/319 274/401/321 269/405/326
f 313/406/327 320/383/301 333/385/303
f 295/408/329 276/411/332 273/409/330
f 296/410/331 280/417/338 276/411/332
f 255/382/322 286/422/1509 272/412/333
f 246/379/335 302/397/315 328/396/314
f 254/380/326 269/405/326 267/414/336
f 292/416/337 258/345/369 280/417/338
f 247/365/318 275/398/317 281/418/339
f 242/362/340 281/418/339 279/419/341
f 313/406/342 259/407/1507 285/333/255
f 255/382/300 257/378/296 284/421/344
f 292/416/346 314/432/1510 323/423/347
f 285/424/348 284/421/344 257/378/296
f 253/375/294 312/376/295 324/425/349
f 290/427/275 298/2256/274 323/428/350
f 249/399/352 254/380/298 256/351/273
f 232/430/276 288/348/270 325/350/272
f 232/354/276 238/356/278 287/357/279
f 314/432/353 292/416/337 296/410/331
f 322/433/354 296/410/331 295/408/329
f 321/434/355 295/408/329 297/386/304
f 315/436/357 294/388/306 293/392/310
f 297/386/304 294/388/306 315/436/357
f 311/429/351 309/439/359 289/438/291
f 309/439/359 307/344/266 291/343/265
f 304/440/360 236/2257/361 299/441/261
f 236/442/361 235/443/362 233/359/281
f 235/443/362 288/431/270 287/357/279
f 235/444/362 236/2257/361 304/440/360
f 243/403/363 244/395/367 240/445/364
f 239/358/280 240/445/364 231/340/262
f 301/364/283 300/363/285 245/373/292
f 302/397/365 246/379/297 245/373/292
f 300/363/285 234/341/263 303/447/366
f 303/447/366 234/341/263 231/340/262
f 244/395/367 302/397/365 303/447/366
f 269/405/368 280/417/338 258/345/369
f 280/417/338 269/405/368 274/401/371
f 276/411/332 274/401/371 277/400/372
f 279/419/373 331/448/376 262/389/307
f 281/418/375 330/450/379 331/448/376
f 272/412/333 286/422/1509 284/335/257
f 328/396/377 260/387/305 273/409/330
f 260/387/305 328/396/377 278/404/374
f 263/393/311 262/389/307 331/448/376
f 329/449/378 331/448/376 330/450/379
f 261/451/380 332/384/302 264/394/312
f 330/450/379 281/418/375 271/452/382
f 261/451/380 271/452/382 333/385/303
f 259/407/328 333/385/303 271/452/382
f 268/413/384 272/412/1511 266/334/385
f 361/453/386 362/486/420 341/454/387
f 365/456/388 359/484/418 338/457/389
f 338/457/389 359/484/418 363/459/391
f 334/461/386 358/487/386 360/462/386
f 342/460/392 363/459/391 364/464/386
f 334/461/393 339/463/411 345/466/394
f 336/468/396 349/465/402 334/461/393
f 346/469/397 338/457/1512 342/460/398
f 353/458/400 338/457/1512 346/469/397
f 337/470/399 342/460/398 349/465/402
f 340/455/403 341/454/414 343/472/404
f 351/474/406 356/480/413 355/475/407
f 354/477/409 353/458/400 347/471/401
f 339/463/411 340/455/403 344/473/405
f 352/479/412 357/488/1513 356/480/413
f 355/475/407 354/477/409 348/478/410
f 341/454/414 357/488/1513 352/479/412
f 367/481/415 368/483/417 365/456/388
f 368/483/417 369/485/419 359/484/418
f 363/459/391 359/484/418 369/485/419
f 362/486/420 361/453/386 364/464/386
f 364/464/386 361/453/386 360/462/386
f 356/480/421 368/483/417 367/481/415
f 349/465/386 364/464/386 358/487/386
f 366/482/416 365/456/388 353/458/390
f 360/462/386 361/453/386 340/455/386
f 357/488/424 369/485/419 368/483/417
f 367/481/415 366/482/416 354/477/423
f 362/486/420 369/485/419 357/488/424
f 371/489/425 382/507/443 381/490/426
f 380/492/428 373/499/435 384/493/429
f 388/495/431 386/498/434 375/496/432
f 386/498/434 384/493/429 373/499/435
f 391/494/430 383/506/442 372/500/436
f 376/501/437 387/505/441 389/502/438
f 374/504/440 385/510/446 387/505/441
f 371/489/425 372/500/436 383/506/442
f 378/503/439 389/502/438 390/508/444
f 370/491/427 381/490/426 385/510/446
f 710/511/447 709/518/448 382/507/448
f 717/512/449 706/2258/449 379/513/449
f 703/514/450 701/519/451 374/515/451
f 711/517/452 718/521/453 391/494/453
f 709/518/448 708/530/455 381/490/455
f 701/519/451 697/536/456 370/520/456
f 718/521/453 710/511/447 383/506/447
f 386/498/457 713/998/457 711/517/452
f 702/522/458 704/2259/459 377/523/459
f 377/525/460 704/2260/460 715/526/460
f 712/527/461 714/538/462 387/505/462
f 705/528/463 703/514/450 376/516/450
f 708/530/455 712/527/461 385/510/461
f 706/531/464 705/528/463 378/529/463
f 715/526/465 713/998/457 386/498/457
f 707/533/466 700/541/467 373/534/467
f 697/536/456 698/588/468 371/537/468
f 714/538/462 716/542/469 389/502/469
f 699/539/470 707/533/466 380/535/466
f 700/541/467 702/522/458 375/524/458
f 716/542/469 717/512/471 390/508/471
f 409/545/474 395/2261/1514 394/1006/880
f 394/1006/880 404/2262/1515 406/543/472
f 406/543/472 407/2263/473 405/2264/473
f 405/2264/473 408/2265/473 410/544/473
f 410/544/473 411/2266/473 409/545/474
f 409/545/474 394/1006/880 406/543/472
f 406/543/472 405/2264/473 410/544/473
f 392/546/475 396/562/1516 404/547/476
f 409/549/478 401/567/1517 393/550/479
f 396/554/483 392/2267/1518 393/1014/1519
f 393/1014/1519 401/2268/1520 403/552/481
f 403/552/481 402/2269/1521 400/2270/482
f 400/2270/482 397/2271/482 399/553/482
f 399/553/482 398/2272/482 396/554/483
f 396/554/483 393/1014/1519 403/552/481
f 403/552/481 400/2270/482 399/553/482
f 397/555/484 400/563/484 408/556/484
f 258/345/267 283/347/269 282/415/485
f 405/557/487 407/559/490 399/558/488
f 407/559/490 406/561/492 398/560/491
f 406/561/492 404/547/1522 396/562/493
f 400/563/494 402/565/497 410/564/495
f 402/565/497 403/568/500 411/566/498
f 401/567/499 409/549/499 411/566/498
f 678/569/501 351/581/501 350/570/502
f 664/572/503 337/579/503 336/573/504
f 662/575/505 335/591/505 345/576/506
f 673/578/507 346/585/507 337/579/503
f 679/580/508 352/583/508 351/581/501
f 670/582/509 343/587/509 352/583/508
f 674/584/510 347/590/510 346/585/507
f 671/586/511 344/592/511 343/587/509
f 698/588/468 699/539/470 372/540/470
f 675/589/512 348/2273/512 347/590/510
f 663/574/504 336/573/504 335/591/505
f 672/577/506 345/576/506 344/592/511
f 176/285/236 177/279/236 174/281/236
f 178/268/236 179/270/236 177/279/236
f 192/593/513 219/1028/904 220/309/244
f 185/594/514 184/276/228 183/595/515
f 413/597/7 222/305/7 188/307/516
f 189/298/516 412/598/7 413/597/7
f 187/300/516 216/295/7 412/598/7
f 1/1/1 16/3/3 427/599/517
f 418/600/518 432/2274/533 27/4/4
f 26/601/7 431/2275/534 423/602/519
f 2/603/8 423/602/519 428/604/520
f 425/606/96 432/2274/533 418/600/518
f 414/607/521 418/600/518 427/599/517
f 414/607/521 420/608/522 428/604/520
f 423/602/519 431/2275/534 425/606/96
f 4/13/13 20/15/15 429/609/523
f 421/610/524 427/599/517 16/3/3
f 17/605/18 428/604/520 419/611/525
f 5/612/19 419/611/525 430/613/526
f 420/608/522 427/599/517 421/610/524
f 415/615/527 421/610/524 429/609/523
f 415/615/527 422/616/528 430/613/526
f 419/611/525 428/604/520 420/608/522
f 443/617/529 429/609/523 20/15/15
f 21/614/26 430/613/526 444/618/530
f 422/616/528 429/609/523 443/617/529
f 444/618/530 430/613/526 422/616/528
f 455/621/532 456/632/536 435/622/533
f 424/624/533 432/2274/533 425/606/96
f 425/606/96 431/2275/534 417/626/534
f 433/623/96 434/629/534 426/627/535
f 71/628/33 426/627/535 434/629/534
f 417/626/534 431/2275/534 26/601/7
f 27/4/4 432/2274/533 424/624/533
f 37/41/4 435/622/533 456/632/536
f 436/634/533 435/622/533 37/41/4
f 36/630/7 434/629/534 438/635/534
f 438/635/534 434/629/534 433/623/96
f 433/623/96 435/622/533 436/634/533
f 437/637/96 436/634/533 424/624/533
f 417/626/534 438/635/534 437/637/96
f 42/636/7 438/635/534 417/626/534
f 424/624/533 436/634/533 43/44/4
f 439/638/538 442/642/542 453/639/539
f 458/641/541 450/2276/552 442/642/542
f 448/643/543 457/667/555 458/641/541
f 439/638/538 449/640/540 454/644/544
f 61/55/42 448/643/543 454/644/544
f 76/56/43 457/667/555 448/643/543
f 442/642/542 450/2276/552 74/645/44
f 62/646/45 67/654/46 453/639/539
f 444/647/530 451/656/547 65/648/47
f 66/64/48 452/657/548 443/650/529
f 446/651/545 451/656/547 444/647/530
f 443/650/529 452/657/548 446/651/545
f 447/653/546 453/639/539 67/654/46
f 63/655/51 65/648/47 451/656/547
f 64/71/53 445/658/549 452/657/548
f 68/74/56 454/644/544 445/658/549
f 441/659/550 447/653/546 451/656/547
f 449/640/540 453/639/539 447/653/546
f 445/658/549 454/644/544 449/640/540
f 441/659/550 446/651/545 452/657/548
f 72/76/58 13/633/537 456/632/536
f 426/661/535 71/79/33 72/76/58
f 458/662/541 459/665/553 461/663/551
f 459/665/553 460/666/554 79/85/63
f 79/85/63 78/84/62 461/663/551
f 458/662/541 457/667/555 460/666/554
f 76/56/43 79/85/63 460/666/554
f 74/88/44 450/664/552 461/663/551
f 474/668/556 469/731/612 465/669/557
f 476/671/559 492/734/615 487/672/560
f 470/674/562 473/670/558 465/669/557
f 462/675/563 465/669/557 467/676/564
f 466/677/565 467/676/564 516/678/566
f 194/101/78 196/102/79 473/670/558
f 463/680/568 495/2277/1523 499/681/569
f 543/683/571 494/745/626 464/684/572
f 486/686/574 479/692/580 483/687/575
f 476/671/559 477/673/561 485/689/577
f 484/691/579 475/694/582 479/692/580
f 481/693/581 479/692/580 475/694/582
f 535/696/584 481/693/581 480/695/583
f 487/672/560 488/688/576 483/687/575
f 197/121/98 484/691/579 486/686/574
f 478/690/578 485/689/577 534/698/585
f 199/123/100 486/686/574 488/688/576
f 466/700/587 480/2278/587 475/701/588
f 462/702/588 475/701/588 484/703/58
f 477/705/589 483/2279/1524 469/706/590
f 482/708/592 476/712/596 463/709/593
f 472/711/595 485/715/577 477/705/589
f 476/712/596 478/716/599 464/713/597
f 517/714/598 534/791/585 485/715/577
f 478/716/599 533/2280/1525 515/717/600
f 479/718/601 481/2281/1526 467/719/602
f 532/721/604 480/2278/587 466/700/587
f 467/719/602 481/2281/1526 535/723/605
f 198/151/122 482/708/592 468/710/594
f 469/706/590 483/2279/1524 479/718/601
f 470/704/58 484/703/58 197/155/58
f 468/728/609 463/2282/1527 490/726/607
f 490/726/607 491/730/611 500/727/608
f 500/727/608 204/183/151 195/159/127
f 471/707/591 496/2283/1528 497/729/610
f 490/726/607 489/732/613 474/668/556
f 469/731/612 474/668/556 489/732/613
f 488/688/576 487/672/560 492/734/615
f 482/736/617 493/735/616 492/734/615
f 198/167/135 203/2239/1497 493/735/616
f 493/735/616 203/2239/1497 202/168/136
f 494/737/618 543/809/681 546/738/619
f 494/737/618 497/739/620 496/740/621
f 495/741/622 496/740/621 498/742/623
f 499/681/569 498/747/628 489/744/625
f 494/745/626 495/2277/1523 463/680/568
f 472/711/595 497/729/610 546/746/627
f 498/747/628 496/2284/629 471/748/629
f 474/668/556 473/670/558 196/102/79
f 491/730/611 474/668/556 201/181/149
f 200/182/150 204/183/151 500/727/608
f 504/749/630 508/805/677 513/750/631
f 519/752/633 520/774/653 530/753/634
f 509/755/636 501/757/638 504/749/630
f 506/756/637 504/749/630 501/757/638
f 516/759/566 506/756/637 505/758/639
f 205/196/98 509/755/636 512/751/632
f 502/761/640 537/815/687 548/762/641
f 503/764/643 541/816/688 543/683/571
f 529/765/644 531/775/654 526/766/645
f 528/768/647 520/774/653 519/752/633
f 527/770/649 529/765/644 522/767/646
f 518/771/650 522/767/646 524/772/651
f 523/773/652 524/772/651 535/696/584
f 526/766/645 531/775/654 530/753/634
f 208/211/78 210/212/176 529/765/644
f 521/769/648 533/699/586 534/698/585
f 210/212/176 213/214/178 531/775/654
f 505/776/655 501/779/656 518/777/588
f 501/779/656 509/798/58 527/780/58
f 508/781/657 526/797/670 520/782/658
f 502/784/660 519/790/664 525/785/661
f 511/787/662 510/783/659 520/782/658
f 503/789/663 521/792/665 519/790/664
f 517/714/598 511/787/662 528/788/647
f 515/717/600 533/2280/1525 521/792/665
f 506/793/666 524/796/669 522/794/667
f 514/722/604 505/776/655 523/778/587
f 516/724/606 535/723/605 524/796/669
f 507/786/594 525/785/661 209/237/122
f 508/781/657 504/795/668 522/794/667
f 509/798/58 205/240/195 208/239/195
f 537/801/673 502/2285/1529 507/799/671
f 507/799/671 549/802/674 538/800/672
f 206/244/199 215/820/692 549/802/674
f 511/787/662 545/817/689 544/803/675
f 537/801/673 538/800/672 513/750/631
f 508/805/677 510/2286/1530 536/804/676
f 531/775/654 540/807/679 539/754/635
f 539/754/635 540/807/679 525/806/678
f 540/807/679 214/2247/1504 209/253/208
f 213/214/178 214/2247/1504 540/807/679
f 541/808/680 545/811/683 546/738/619
f 542/810/682 544/813/685 545/811/683
f 542/810/682 548/2287/1531 547/812/684
f 536/814/686 547/819/691 548/762/641
f 503/764/643 502/761/640 542/763/642
f 511/787/662 517/714/598 546/746/627
f 510/818/690 544/2288/690 547/819/691
f 207/264/219 512/751/632 513/750/631
f 212/265/220 513/750/631 538/800/672
f 211/266/221 538/800/672 549/802/674
f 558/821/693 552/839/1532 561/822/694
f 559/824/696 563/2289/1533 562/825/697
f 551/827/58 550/2290/58 553/828/58
f 550/830/699 565/1029/905 564/831/700
f 553/833/701 564/837/704 557/834/701
f 551/827/702 556/1026/702 565/835/703
f 564/837/704 563/2289/1533 559/824/696
f 565/835/703 556/1026/702 558/821/693
f 562/838/705 561/2291/705 552/839/705
f 563/840/706 560/2292/706 561/841/706
f 552/839/707 558/821/707 559/824/707
f 570/843/96 572/2293/96 571/844/96
f 216/295/58 217/297/58 566/846/58
f 566/848/96 573/850/96 569/849/96
f 573/850/96 572/2293/96 570/843/96
f 571/851/708 572/2294/1534 219/303/238
f 571/853/710 221/2251/122 222/305/240
f 217/312/4 218/2252/4 573/855/712
f 576/857/96 574/330/96 575/327/96
f 579/859/96 578/319/96 574/330/96
f 579/859/96 581/2295/96 580/317/96
f 636/860/713 635/949/803 617/861/714
f 305/337/259 583/937/729 588/863/716
f 650/864/717 585/946/794 582/865/718
f 642/867/720 652/882/734 327/342/264
f 649/868/721 643/929/787 609/869/722
f 639/871/724 325/350/272 306/349/271
f 607/873/726 641/894/744 649/874/727
f 583/876/729 589/938/789 592/877/730
f 590/879/731 589/938/789 638/880/732
f 652/882/734 650/941/717 326/360/282
f 593/883/735 589/938/789 590/879/731
f 651/885/737 585/946/794 650/864/717
f 592/877/730 589/938/789 593/883/735
f 602/888/739 592/877/730 598/887/738
f 602/888/739 599/2296/741 588/878/716
f 308/338/260 588/863/716 599/890/741
f 640/891/742 601/895/745 596/892/743
f 641/894/744 607/873/726 601/895/745
f 310/371/290 599/890/741 604/896/746
f 604/897/746 599/2296/741 602/888/739
f 597/899/748 596/892/743 601/895/745
f 605/901/750 607/873/726 634/875/728
f 608/898/747 602/888/739 603/889/740
f 320/383/301 660/921/775 659/904/753
f 648/906/755 645/912/761 611/907/756
f 616/909/758 614/950/805 613/910/759
f 318/391/309 615/953/808 656/911/760
f 656/911/760 614/950/805 616/909/758
f 616/909/758 644/939/790 317/437/358
f 317/437/358 318/391/309 656/911/760
f 659/904/753 615/953/808 318/391/309
f 645/912/761 644/939/790 616/909/758
f 655/913/762 629/919/772 595/914/763
f 626/916/765 621/918/770 603/889/766
f 600/900/767 625/947/1535 628/917/768
f 621/918/770 619/955/1536 606/903/771
f 629/919/772 630/931/341 594/884/773
f 620/920/774 625/947/1535 600/900/767
f 313/406/327 610/862/813 660/921/775
f 646/922/776 648/906/755 624/908/757
f 647/924/778 646/922/776 627/923/777
f 606/903/771 619/955/1536 623/926/780
f 597/899/769 628/917/768 655/913/762
f 618/928/782 620/920/774 605/901/774
f 643/929/783 647/924/778 631/925/779
f 632/930/339 626/916/765 598/887/318
f 630/931/341 632/930/339 593/883/340
f 313/406/342 324/420/343 636/860/713
f 635/932/785 608/898/747 606/903/752
f 323/423/347 314/432/1510 643/929/787
f 608/898/747 635/932/785 636/933/788
f 324/425/349 312/376/295 604/896/746
f 641/935/744 311/429/351 323/428/350
f 600/900/749 601/895/745 607/873/726
f 583/937/729 305/337/259 325/350/272
f 583/876/729 639/2297/724 638/880/732
f 314/432/353 322/433/354 647/924/778
f 322/433/354 321/434/355 646/922/776
f 321/434/355 319/435/356 648/906/755
f 315/436/357 317/437/358 644/939/790
f 315/436/357 645/912/761 648/906/755
f 311/429/351 641/935/744 640/940/742
f 309/439/359 640/940/742 642/867/720
f 650/941/717 587/943/719 304/440/360
f 587/866/719 582/865/718 584/881/733
f 638/880/732 639/2297/724 586/942/725
f 586/872/725 306/349/271 304/440/360
f 591/944/791 595/914/795 594/884/736
f 590/879/731 584/881/733 582/865/718
f 596/892/743 651/885/737 652/886/734
f 596/892/743 597/899/748 653/915/792
f 651/885/737 653/915/792 654/945/793
f 582/865/718 585/946/794 654/945/793
f 595/914/795 591/944/791 654/945/793
f 620/920/796 618/928/1537 609/869/784
f 631/925/779 627/923/777 625/947/797
f 627/923/777 624/908/757 628/917/798
f 613/910/759 658/948/801 630/931/799
f 658/948/801 657/951/806 632/930/802
f 623/926/780 617/861/714 635/949/803
f 655/913/804 628/917/798 624/908/757
f 611/907/756 613/910/759 629/919/800
f 614/950/805 656/911/760 658/948/801
f 656/911/760 615/953/808 657/951/806
f 612/952/807 657/951/806 615/953/808
f 657/951/806 612/952/807 622/954/809
f 660/921/775 622/954/809 612/952/807
f 610/862/813 617/861/814 622/954/809
f 619/955/812 622/954/809 617/861/814
f 668/956/816 689/991/852 688/957/817
f 665/959/818 686/963/822 692/960/819
f 665/959/818 669/967/823 690/962/821
f 661/964/817 666/983/817 687/965/817
f 669/967/823 676/972/817 691/968/817
f 672/969/824 666/983/843 661/964/825
f 663/971/827 662/970/826 661/964/825
f 673/973/829 664/975/834 669/967/830
f 673/973/829 665/959/831 680/961/832
f 664/975/834 663/971/827 676/972/828
f 670/976/835 668/956/847 667/958/836
f 678/978/838 677/986/846 682/979/839
f 674/974/833 680/961/832 681/981/841
f 671/977/837 667/958/836 666/983/843
f 679/984/844 678/978/838 683/980/840
f 677/986/846 675/982/842 681/981/841
f 679/984/844 684/985/845 668/956/847
f 693/987/848 692/960/819 695/988/849
f 686/963/822 696/990/851 695/988/849
f 696/990/851 686/963/822 690/962/821
f 691/968/817 688/957/817 689/991/852
f 687/965/817 688/957/817 691/968/817
f 683/980/853 682/979/856 694/989/850
f 676/972/817 661/964/817 685/966/817
f 680/961/820 692/960/819 693/987/848
f 667/958/817 688/957/817 687/965/817
f 684/985/855 683/980/853 695/988/849
f 681/981/854 693/987/848 694/989/850
f 684/985/855 696/990/851 689/991/852
f 708/530/857 709/518/1538 698/992/858
f 707/994/860 718/521/868 711/517/861
f 702/996/863 713/998/866 715/526/864
f 700/995/862 711/517/861 713/998/866
f 699/999/867 710/511/875 718/521/868
f 716/542/869 714/538/873 703/1000/870
f 701/1002/872 703/1000/870 714/538/873
f 698/992/858 709/518/1538 710/511/875
f 717/512/876 716/542/869 705/1001/871
f 712/527/874 708/530/857 697/993/859
f 394/1006/880 395/2261/1514 732/1010/1539
f 732/1010/1539 734/1024/1540 733/1004/878
f 733/1004/878 731/1015/1540 728/1017/1540
f 728/1017/1540 730/1019/1540 729/1005/879
f 729/1005/879 727/1007/1541 394/1006/880
f 394/1006/880 732/1010/1539 733/1004/878
f 733/1004/878 728/1017/1540 729/1005/879
f 727/1007/881 719/1021/1542 392/1008/475
f 732/1010/882 395/551/480 393/550/479
f 393/1014/886 392/2267/1543 719/2298/1544
f 719/2298/1544 721/2299/1545 722/1012/884
f 722/1012/884 720/2300/1545 723/2301/1546
f 723/2301/1546 725/2302/1546 726/1013/885
f 726/1013/885 724/2303/1547 393/1014/886
f 393/1014/886 719/2298/1544 722/1012/884
f 722/1012/884 723/2301/1546 726/1013/885
f 731/1015/887 723/1022/887 720/1016/887
f 633/902/888 634/870/723 609/869/722
f 728/1017/890 720/1016/1548 722/1018/891
f 730/1019/892 722/1018/891 721/1020/893
f 729/1005/894 721/1020/893 719/1021/895
f 723/1022/897 731/1015/1549 733/1004/898
f 725/1023/899 733/1004/898 734/1024/900
f 734/1024/900 732/1010/1550 724/1011/902
f 554/829/707 557/834/707 556/1026/707
f 557/834/707 559/824/707 558/821/707
f 572/1027/903 573/854/711 220/309/244
f 565/1029/905 560/2304/906 563/1030/906
f 568/845/907 222/305/7 413/597/7
f 413/597/7 412/598/7 569/849/907
f 412/598/7 216/295/7 567/847/907
f 677/571/502 350/570/502 348/1031/512
f 581/1033/908 579/321/908 228/323/908
f 1324/1035/909 1321/1066/910 773/1036/910
f 1322/1038/911 781/1067/911 782/1039/912
f 1326/1041/58 1324/1035/909 774/1037/909
f 1327/1043/913 1323/1046/122 768/1044/122
f 1325/1040/912 782/1039/912 768/1044/122
f 1326/1047/58 775/1083/58 776/1048/914
f 1329/1050/915 1327/1043/913 767/1045/913
f 1328/1049/914 776/1048/914 777/1052/916
f 1331/1054/917 1329/1050/915 769/1051/915
f 1330/1053/916 777/1052/916 778/1056/918
f 1333/1058/96 1331/1054/917 770/1055/917
f 1332/1057/918 778/1056/918 779/1060/10
f 1335/1062/919 1333/1058/96 771/1059/96
f 1334/1061/10 779/1060/10 780/1064/920
f 1321/1066/910 1335/1062/919 772/1063/919
f 1336/1065/920 780/1064/920 781/1067/911
f 756/1068/921 788/1123/921 789/1069/922
f 1337/1071/920 828/1165/920 827/1072/10
f 751/1074/923 752/1075/924 767/1045/924
f 752/1075/924 753/1076/925 769/1051/925
f 753/1076/925 754/1077/926 770/1055/926
f 754/1077/926 755/1078/927 771/1059/927
f 755/1078/927 756/1079/928 772/1063/928
f 756/1079/928 757/1080/929 773/1036/929
f 757/1080/929 758/1081/930 774/1037/930
f 758/1081/930 759/2305/931 775/1042/931
f 760/1082/932 776/1048/932 775/1083/931
f 761/1085/933 777/1052/933 776/1048/932
f 762/1086/934 778/1056/934 777/1052/933
f 763/1087/935 779/1060/935 778/1056/934
f 764/1088/936 780/1064/936 779/1060/935
f 765/1089/937 781/1067/937 780/1064/936
f 766/1090/938 782/1039/938 781/1067/937
f 751/1074/923 768/1044/923 782/1039/938
f 794/1091/918 793/1156/916 809/1092/916
f 765/1094/939 764/1124/940 796/1095/940
f 757/1070/922 789/1069/922 790/1097/941
f 766/1099/942 765/1094/939 797/1096/939
f 758/1098/941 790/1097/941 791/1101/943
f 751/1103/944 783/2306/944 784/1104/945
f 766/1099/942 798/1100/942 783/1106/944
f 759/1108/943 791/2307/943 792/1109/946
f 752/1105/945 784/1104/945 785/1111/947
f 761/1113/948 760/1110/946 792/1109/946
f 753/1112/947 785/1111/947 786/1115/949
f 761/1113/948 793/1114/948 794/1117/950
f 754/1116/949 786/1115/949 787/1119/951
f 763/1121/952 762/1118/950 794/1117/950
f 755/1120/951 787/1119/951 788/1123/921
f 763/1121/952 795/1122/952 796/1095/940
f 801/1127/7 800/2308/7 799/2309/7
f 799/2309/7 814/2310/7 813/2311/7
f 813/2311/7 812/2312/7 811/2313/7
f 811/2313/7 810/2314/7 809/1125/7
f 809/1125/7 808/2315/7 807/2316/7
f 807/2316/7 806/2317/7 805/1126/7
f 805/1126/7 804/2318/7 803/2319/7
f 803/2319/7 802/2320/7 801/1127/7
f 801/1127/7 799/2309/7 813/2311/7
f 813/2311/7 811/2313/7 809/1125/7
f 809/1125/7 807/2316/7 805/1126/7
f 805/1126/7 803/2319/7 801/1127/7
f 801/1127/7 813/2311/7 809/1125/7
f 786/1128/917 802/1157/917 803/1129/96
f 795/1131/10 794/1091/918 810/1093/918
f 787/1130/96 803/1129/96 804/1133/919
f 796/1135/920 795/1131/10 811/1132/10
f 788/1134/919 804/1133/919 805/1137/910
f 797/1139/911 796/1135/920 812/1136/920
f 790/1141/909 789/1138/910 805/1137/910
f 798/1143/912 797/1139/911 813/1140/911
f 791/1145/58 790/1141/909 806/1142/909
f 783/1147/122 799/2321/122 800/1148/913
f 783/1150/122 798/1143/912 814/1144/912
f 791/1145/58 807/1146/58 808/1152/914
f 784/1149/913 800/1148/913 801/1154/915
f 793/1156/916 792/1153/914 808/1152/914
f 785/1155/915 801/1154/915 802/1157/917
f 825/1158/953 841/1198/953 840/1159/954
f 1340/1161/919 1339/1166/910 821/1162/910
f 1341/1164/911 829/1169/911 828/1165/920
f 1339/1166/910 1342/1170/909 822/1167/909
f 1343/1168/912 830/1175/912 829/1169/911
f 1342/1170/909 1344/1912/58 823/1171/58
f 1346/1172/122 1345/1179/913 816/1173/913
f 1346/1172/122 815/1174/122 830/1175/912
f 1347/1176/914 824/1182/914 823/1177/58
f 1345/1179/913 1348/1183/915 817/1180/915
f 1349/1181/916 825/1186/916 824/1182/914
f 1348/1183/915 1350/1187/917 818/1184/917
f 1351/1185/918 826/1189/918 825/1186/916
f 1350/1187/917 1352/1190/96 819/1188/96
f 1338/1073/10 827/1072/10 826/1189/918
f 1352/1190/96 1340/1161/919 820/1163/919
f 845/1191/911 846/1232/912 878/1192/912
f 817/1194/956 818/1199/957 834/1195/957
f 826/1197/958 842/1202/958 841/1198/953
f 818/1199/957 819/1203/959 835/1200/959
f 827/1201/960 843/1206/960 842/1202/958
f 819/1203/959 820/1207/961 836/1204/961
f 828/1205/962 844/1210/962 843/1206/960
f 820/1207/961 821/1211/963 837/1208/963
f 829/1209/964 845/1214/964 844/1210/962
f 821/1211/963 822/1215/965 838/1212/965
f 830/1213/966 846/1220/966 845/1214/964
f 822/1215/965 823/1221/967 839/1216/967
f 815/1217/968 816/1222/969 832/1218/969
f 815/1217/968 831/1219/968 846/1220/966
f 824/1160/955 840/1159/954 839/1216/967
f 816/1222/969 817/1194/956 833/1196/956
f 861/1223/910 893/1294/910 892/1224/919
f 839/1226/58 871/1234/58 870/1227/909
f 832/1229/913 863/1236/913 864/1230/122
f 846/1232/912 831/1231/122 864/1230/122
f 839/1226/58 840/1238/914 872/1233/914
f 833/1235/915 865/1240/915 863/1236/913
f 841/1237/916 873/1242/916 872/1233/914
f 834/1239/917 866/1244/917 865/1240/915
f 842/1241/918 874/1246/918 873/1242/916
f 834/1239/917 835/1248/96 867/1243/96
f 842/1241/918 843/1250/10 875/1245/10
f 836/1247/919 868/1252/919 867/1243/96
f 844/1249/920 876/1253/920 875/1245/10
f 836/1247/919 837/1254/910 869/1251/910
f 845/1191/911 877/1193/911 876/1253/920
f 838/1228/909 870/1227/909 869/1251/910
f 848/1255/4 847/1286/4 864/1256/4
f 848/1255/4 863/1257/4 865/1258/4
f 850/1260/4 849/1259/4 865/1258/4
f 851/1262/4 850/1260/4 866/1261/4
f 851/1262/4 867/1263/4 868/1264/4
f 852/1265/4 868/1264/4 869/1266/4
f 854/1268/4 853/1267/4 869/1266/4
f 854/1268/4 870/1269/4 871/1270/4
f 856/1272/4 855/1271/4 871/1270/4
f 856/1272/4 872/1273/4 873/1274/4
f 858/1276/4 857/1275/4 873/1274/4
f 858/1276/4 874/1277/4 875/1278/4
f 859/1279/4 875/1278/4 876/1280/4
f 860/1281/4 876/1280/4 877/1282/4
f 862/1284/4 861/1283/4 877/1282/4
f 862/1284/4 878/1285/4 864/1256/4
f 879/1289/4 880/2322/4 881/2323/4
f 881/2323/4 882/2324/4 883/2325/4
f 883/2325/4 884/2326/4 885/2327/4
f 885/2327/4 886/2328/4 887/1287/4
f 887/1287/4 888/2329/4 889/2330/4
f 889/2330/4 890/2331/4 891/1288/4
f 891/1288/4 892/2332/4 893/2333/4
f 893/2333/4 894/2334/4 879/1289/4
f 879/1289/4 881/2323/4 883/2325/4
f 883/2325/4 885/2327/4 887/1287/4
f 887/1287/4 889/2330/4 891/1288/4
f 891/1288/4 893/2333/4 879/1289/4
f 879/1289/4 883/2325/4 887/1287/4
f 853/1290/911 854/1295/912 886/1291/912
f 862/1293/909 894/1300/909 893/1294/910
f 854/1295/912 855/1302/122 887/1296/122
f 847/1297/58 848/1303/914 880/1298/914
f 847/1297/58 879/1299/58 894/1300/909
f 856/1301/913 888/1306/913 887/1296/122
f 848/1303/914 849/1307/916 881/1304/916
f 857/1305/915 889/1310/915 888/1306/913
f 849/1307/916 850/1311/918 882/1308/918
f 858/1309/917 890/1314/917 889/1310/915
f 850/1311/918 851/1315/10 883/1312/10
f 859/1313/96 891/1317/96 890/1314/917
f 851/1315/10 852/1318/920 884/1316/920
f 860/1225/919 892/1224/919 891/1317/96
f 852/1318/920 853/1290/911 885/1292/911
f 913/1321/970 911/2335/970 912/2336/970
f 912/2336/970 926/2337/970 925/2338/970
f 925/2338/970 924/2339/970 923/2340/970
f 923/2340/970 922/2341/970 921/1319/970
f 921/1319/970 920/2342/970 919/2343/970
f 919/2343/970 918/2344/970 917/1320/970
f 917/1320/970 916/2345/970 915/2346/970
f 915/2346/970 914/2347/970 913/1321/970
f 913/1321/970 912/2336/970 925/2338/970
f 925/2338/970 923/2340/970 921/1319/970
f 921/1319/970 919/2343/970 917/1320/970
f 917/1320/970 915/2346/970 913/1321/970
f 913/1321/970 925/2338/970 921/1319/970
f 896/1324/971 895/2348/971 897/2349/971
f 897/2349/971 898/2350/971 899/2351/971
f 899/2351/971 900/2352/971 901/2353/971
f 901/2353/971 902/2354/971 903/1322/971
f 903/1322/971 904/2355/971 905/2356/971
f 905/2356/971 906/2357/971 907/1323/971
f 907/1323/971 908/2358/971 909/2359/971
f 909/2359/971 910/2360/971 896/1324/971
f 896/1324/971 897/2349/971 899/2351/971
f 899/2351/971 901/2353/971 903/1322/971
f 903/1322/971 905/2356/971 907/1323/971
f 907/1323/971 909/2359/971 896/1324/971
f 896/1324/971 899/2351/971 903/1322/971
f 904/1325/972 920/1355/1001 921/1326/973
f 905/1327/974 921/1326/973 922/1328/975
f 906/1329/976 922/1328/975 923/1330/977
f 923/1330/977 924/1333/979 908/1332/978
f 924/1333/979 925/1338/984 909/1334/980
f 912/1335/981 911/1340/986 895/1336/982
f 925/1338/984 926/1342/988 910/1339/985
f 911/1340/986 913/1343/989 897/1341/987
f 926/1342/988 912/1335/981 896/1337/983
f 913/1343/989 914/1345/991 898/1344/990
f 914/1345/991 915/2361/992 899/1346/992
f 899/1346/992 915/2361/992 916/1347/993
f 900/1348/994 916/1347/993 917/1349/995
f 901/1350/996 917/1349/995 918/1351/997
f 902/1352/998 918/1351/997 919/1353/999
f 903/1354/1000 919/1353/999 920/1355/1001
f 929/1358/7 928/2362/7 927/2363/7
f 927/2363/7 942/2364/7 941/2365/7
f 941/2365/7 940/2366/7 939/2367/7
f 939/2367/7 938/2368/7 937/1356/7
f 937/1356/7 936/2369/7 935/2370/7
f 935/2370/7 934/2371/7 933/1357/7
f 933/1357/7 932/2372/7 931/2373/7
f 931/2373/7 930/2374/7 929/1358/7
f 929/1358/7 927/2363/7 941/2365/7
f 941/2365/7 939/2367/7 937/1356/7
f 937/1356/7 935/2370/7 933/1357/7
f 933/1357/7 931/2373/7 929/1358/7
f 929/1358/7 941/2365/7 937/1356/7
f 943/1361/4 944/2375/4 945/2376/4
f 945/2376/4 946/2377/4 947/2378/4
f 947/2378/4 948/2379/4 949/2380/4
f 949/2380/4 950/2381/4 951/1359/4
f 951/1359/4 952/2382/4 953/2383/4
f 953/2383/4 954/2384/4 955/1360/4
f 955/1360/4 956/2385/4 957/2386/4
f 957/2386/4 958/2387/4 943/1361/4
f 943/1361/4 945/2376/4 947/2378/4
f 947/2378/4 949/2380/4 951/1359/4
f 951/1359/4 953/2383/4 955/1360/4
f 955/1360/4 957/2386/4 943/1361/4
f 943/1361/4 947/2378/4 951/1359/4
f 941/1362/911 957/1369/911 956/1363/920
f 934/1365/909 950/1371/909 949/1366/910
f 942/1368/912 958/1375/912 957/1369/911
f 935/1370/58 951/1377/58 950/1371/909
f 928/1372/913 944/1379/913 943/1373/122
f 942/1368/912 927/1374/122 943/1373/122
f 936/1376/914 952/1381/914 951/1377/58
f 929/1378/915 945/1383/915 944/1379/913
f 937/1380/916 953/1385/916 952/1381/914
f 930/1382/917 946/1387/917 945/1383/915
f 938/1384/918 954/1389/918 953/1385/916
f 931/1386/96 947/1391/96 946/1387/917
f 939/1388/10 955/1392/10 954/1389/918
f 932/1390/919 948/1393/919 947/1391/96
f 940/1364/920 956/1363/920 955/1392/10
f 932/1390/919 933/1367/910 949/1366/910
f 960/1394/1002 962/2388/1002 961/1395/1002
f 962/1397/7 966/2389/7 965/1398/7
f 966/1400/1003 964/2390/1003 963/1401/1003
f 963/1403/4 964/2391/4 960/1404/4
f 961/1406/1004 965/2392/1004 963/1407/1004
f 962/1409/1005 960/2393/1005 964/1410/1005
f 968/1412/96 970/2394/96 976/1413/96
f 970/1415/1006 974/2395/1006 977/1416/1007
f 977/1418/10 974/2396/10 972/1419/10
f 968/1421/122 979/2397/122 980/1422/122
f 973/1424/1008 971/2398/1008 967/1425/1008
f 970/1427/122 968/1421/122 972/1423/122
f 978/1429/1009 975/2399/1009 967/1430/1009
f 973/1432/10 977/1418/10 978/1420/10
f 976/1417/1007 977/1416/1007 973/1434/1010
f 975/1414/96 976/1413/96 969/1436/96
f 980/1438/4 979/2400/4 981/1439/4
f 978/1420/58 982/1443/58 981/1441/58
f 968/1412/96 975/1414/96 981/1441/96
f 972/1419/10 980/2401/10 982/1443/10
f 983/1446/4 984/2402/4 985/2403/4
f 985/2403/4 986/2404/4 987/2405/4
f 987/2405/4 988/2406/4 989/2407/4
f 989/2407/4 990/2408/4 991/1444/4
f 991/1444/4 992/2409/4 993/2410/4
f 993/2410/4 994/2411/4 995/1445/4
f 995/1445/4 996/2412/4 997/2413/4
f 997/2413/4 998/2414/4 983/1446/4
f 983/1446/4 985/2403/4 987/2405/4
f 987/2405/4 989/2407/4 991/1444/4
f 991/1444/4 993/2410/4 995/1445/4
f 995/1445/4 997/2413/4 983/1446/4
f 983/1446/4 987/2405/4 991/1444/4
f 1001/1449/7 999/2415/7 1000/2416/7
f 1000/2416/7 1014/2417/7 1013/2418/7
f 1013/2418/7 1012/2419/7 1011/2420/7
f 1011/2420/7 1010/2421/7 1009/1447/7
f 1009/1447/7 1008/2422/7 1007/2423/7
f 1007/2423/7 1006/2424/7 1005/1448/7
f 1005/1448/7 1004/2425/7 1003/2426/7
f 1003/2426/7 1002/2427/7 1001/1449/7
f 1001/1449/7 1000/2416/7 1013/2418/7
f 1013/2418/7 1011/2420/7 1009/1447/7
f 1009/1447/7 1007/2423/7 1005/1448/7
f 1005/1448/7 1003/2426/7 1001/1449/7
f 1001/1449/7 1013/2418/7 1009/1447/7
f 1016/1450/58 1007/1478/58 1008/1451/914
f 1020/1453/913 999/1480/913 1001/1454/915
f 1023/1456/916 1017/1452/914 1008/1451/914
f 1021/1455/915 1001/1454/915 1002/1458/917
f 1027/1460/918 1023/1456/916 1009/1457/916
f 1025/1459/917 1002/1458/917 1003/1462/96
f 1031/1464/10 1027/1460/918 1010/1461/918
f 1029/1463/96 1003/1462/96 1004/1466/919
f 1035/1468/920 1031/1464/10 1011/1465/10
f 1033/1467/919 1004/1466/919 1005/1470/910
f 1039/1472/911 1035/1468/920 1012/1469/920
f 1037/1471/910 1005/1470/910 1006/1474/909
f 1043/1476/912 1039/1472/911 1013/1473/911
f 1016/1450/58 1041/1475/909 1006/1474/909
f 1046/1479/122 1000/1481/122 999/1480/913
f 1046/1479/122 1043/1476/912 1014/1477/912
f 983/1482/122 998/1490/912 1044/1483/912
f 1044/1483/912 1043/1476/912 1046/1479/122
f 983/1482/122 1045/1484/122 1019/1485/913
f 1045/1484/122 1046/1479/122 1020/1453/913
f 991/1487/58 990/1493/909 1042/1488/909
f 1015/1489/58 1042/1488/909 1041/1475/909
f 998/1490/912 997/1494/911 1040/1491/911
f 1040/1491/911 1039/1472/911 1043/1476/912
f 989/1492/910 1038/1497/910 1042/1488/909
f 1042/1488/909 1038/1497/910 1037/1471/910
f 997/1494/911 996/1498/920 1036/1495/920
f 1036/1495/920 1035/1468/920 1039/1472/911
f 988/1496/919 1034/1501/919 1038/1497/910
f 1038/1497/910 1034/1501/919 1033/1467/919
f 996/1498/920 995/1502/10 1032/1499/10
f 1032/1499/10 1031/1464/10 1035/1468/920
f 987/1500/96 1030/1505/96 1034/1501/919
f 1034/1501/919 1030/1505/96 1029/1463/96
f 995/1502/10 994/1506/918 1028/1503/918
f 1028/1503/918 1027/1460/918 1031/1464/10
f 986/1504/917 1026/1509/917 1030/1505/96
f 1030/1505/96 1026/1509/917 1025/1459/917
f 994/1506/918 993/1510/916 1024/1507/916
f 1024/1507/916 1023/1456/916 1027/1460/918
f 985/1508/915 1022/1512/915 1026/1509/917
f 1026/1509/917 1022/1512/915 1021/1455/915
f 993/1510/916 992/1513/914 1018/1511/914
f 1018/1511/914 1017/1452/914 1023/1456/916
f 984/1486/913 1019/1485/913 1022/1512/915
f 1022/1512/915 1019/1485/913 1020/1453/913
f 992/1513/914 991/1487/58 1015/1489/58
f 1015/1489/58 1016/1450/58 1017/1452/914
f 1055/1514/96 1048/1546/96 1050/1515/96
f 1050/1517/1011 1054/2428/1011 1057/1518/1012
f 1054/1520/10 1052/1549/10 1058/1521/10
f 1048/1523/122 1059/1577/122 1060/1524/122
f 1053/1526/1008 1051/2429/1008 1047/1527/1008
f 1050/1529/122 1048/1523/122 1052/1525/122
f 1058/1531/1013 1055/2430/1013 1047/1532/1013
f 1057/1522/10 1058/1521/10 1051/1534/10
f 1056/1519/1012 1057/1518/1012 1053/1536/1014
f 1047/1538/96 1055/1514/96 1056/1516/96
f 1077/1540/10 1062/1550/10 1060/1541/10
f 1058/1543/58 1062/1585/58 1061/1544/58
f 1048/1546/96 1055/1514/96 1061/1547/96
f 1052/1549/10 1060/1541/10 1062/1550/10
f 1071/1551/10 1064/1581/10 1066/1552/10
f 1066/1554/1015 1070/2431/1015 1073/1555/1016
f 1070/1557/96 1068/1582/96 1074/1558/96
f 1064/1560/122 1075/1576/122 1076/1561/122
f 1065/1563/1017 1069/2432/1017 1067/1564/1017
f 1070/1566/122 1066/2433/122 1064/1560/122
f 1067/1567/1018 1074/2434/1018 1071/1568/1018
f 1073/1559/96 1074/1558/96 1067/1570/96
f 1072/1556/1016 1073/1555/1016 1069/1572/1019
f 1063/1574/10 1071/1551/10 1072/1553/10
f 1075/1576/122 1060/1524/122 1059/1577/122
f 1074/1578/58 1078/1584/58 1077/1579/58
f 1064/1581/10 1071/1551/10 1077/1540/10
f 1068/1582/96 1076/1586/96 1078/1583/96
f 1078/1584/58 1061/1544/58 1062/1585/58
f 1076/1586/96 1059/1548/96 1061/1547/96
f 1081/1587/1020 1080/1598/7 1086/1588/1021
f 1079/1590/1023 1190/1599/1031 1084/1591/1024
f 1191/1596/1029 1081/1587/1020 1087/1589/1022
f 1080/1598/7 1079/1590/1023 1085/1592/1025
f 1190/1599/1031 1189/1593/1026 1083/1595/1028
f 1187/1600/1032 1089/1717/1130 1096/1601/1033
f 1087/1589/1022 1094/1611/1042 1095/1603/1035
f 1086/1588/1021 1085/1592/1025 1092/1604/1036
f 1084/1591/1024 1083/1595/1028 1090/1606/1038
f 1095/1608/1037 1102/1678/1046 1174/1609/1040
f 1086/1588/1021 1093/1605/1037 1094/1611/1042
f 1084/1591/1024 1091/1607/1039 1092/1604/1036
f 1091/1607/1039 1090/1606/1038 1097/1612/1043
f 1088/1614/1021 1095/1608/1037 1181/1610/1041
f 1094/1611/1042 1093/1605/1037 1100/1616/1046
f 1091/1607/1039 1098/1613/1044 1099/1618/1048
f 1095/1603/1035 1094/1611/1042 1101/1617/1047
f 1093/1605/1037 1092/1604/1036 1099/1618/1048
f 1123/1620/1050 1153/1644/1072 1160/1621/1051
f 1100/1616/1046 1107/1628/1058 1108/1623/1053
f 1099/1618/1048 1098/1613/1044 1105/1624/1054
f 1101/1617/1047 1108/1623/1053 1109/1627/1057
f 1099/1618/1048 1106/1625/1055 1107/1628/1058
f 1098/1613/1044 1097/1612/1043 1104/1626/1056
f 1108/1623/1053 1115/1637/1066 1116/1630/1060
f 1107/1628/1058 1106/1625/1055 1113/1631/1061
f 1104/1626/1056 1111/1629/1059 1112/1633/1062
f 1145/1634/1063 1152/1718/1095 1124/1635/1064
f 1108/1623/1053 1107/1628/1058 1114/1632/1052
f 1106/1625/1055 1105/1624/1054 1112/1633/1062
f 1116/1630/1060 1115/1637/1066 1122/1638/1067
f 1114/1632/1052 1113/1631/1061 1120/1640/1069
f 1111/1629/1059 1118/1645/1073 1119/1642/1070
f 1123/1620/1050 1130/1696/1075 1146/1643/1071
f 1114/1632/1052 1121/1641/1050 1122/1638/1067
f 1112/1633/1062 1119/1642/1070 1120/1640/1069
f 1191/1646/7 1088/1614/1021 1188/1615/1045
f 1122/1638/1067 1121/1641/1050 1128/1648/1075
f 1120/1640/1069 1119/1642/1070 1126/1650/1077
f 1122/1638/1067 1129/1649/1076 1130/1653/1080
f 1121/1641/1050 1120/1640/1069 1127/1651/1078
f 1119/1642/1070 1118/1645/1073 1125/1652/1079
f 1128/1648/1075 1135/1658/4 1136/1654/1081
f 1126/1650/1077 1133/1659/1085 1134/1655/1082
f 1129/1649/1076 1136/1654/1081 1137/1657/1084
f 1128/1648/1075 1127/1651/1078 1134/1655/1082
f 1125/1652/1079 1132/1656/1083 1133/1659/1085
f 1173/1660/1086 1180/1602/1034 1096/1601/1033
f 1137/1657/1084 1136/1654/1081 1144/1662/1088
f 1134/1655/1082 1142/1669/1094 1143/1664/1063
f 1133/1659/1085 1132/1656/1083 1140/1665/1090
f 1166/1667/1092 1173/1660/1086 1103/1661/1087
f 1136/1654/1081 1135/1658/4 1143/1664/1063
f 1133/1659/1085 1141/1666/1091 1142/1669/1094
f 1142/1669/1094 1149/1676/1100 1150/1670/1095
f 1141/1666/1091 1140/1665/1090 1147/1671/1096
f 1145/1634/1063 1131/1636/1065 1138/1673/1098
f 1143/1664/1063 1150/1670/1095 1151/1675/1099
f 1142/1669/1094 1141/1666/1091 1148/1672/1097
f 1144/1662/1088 1151/1675/1099 1152/1677/1101
f 1102/1678/1046 1109/1692/1058 1167/1679/1102
f 1151/1675/1099 1150/1670/1095 1157/1680/1103
f 1148/1672/1097 1155/1685/1108 1156/1682/1105
f 1151/1675/1099 1158/1681/1104 1159/1684/1107
f 1149/1676/1100 1156/1682/1105 1157/1680/1103
f 1148/1672/1097 1147/1671/1096 1154/1683/1106
f 1156/1682/1105 1155/1685/1108 1162/1686/1109
f 1159/1684/1107 1158/1681/1104 1165/1689/1112
f 1157/1680/1103 1156/1682/1105 1163/1687/1110
f 1155/1685/1108 1154/1683/1106 1161/1688/1111
f 1116/1622/1052 1160/1621/1051 1167/1679/1102
f 1157/1680/1103 1164/1691/1092 1165/1689/1112
f 1165/1689/1112 1172/1697/1116 1173/1693/1114
f 1163/1687/1110 1170/1698/1117 1171/1694/1086
f 1161/1688/1111 1168/1699/1118 1169/1695/1115
f 1137/1674/4 1138/1673/1098 1146/1643/1071
f 1165/1689/1112 1164/1691/1092 1171/1694/1086
f 1162/1686/1109 1169/1695/1115 1170/1698/1117
f 1169/1695/1115 1168/1699/1118 1175/1700/1119
f 1082/1704/1074 1188/2435/1045 1181/2436/1041
f 1181/2436/1041 1174/2437/1040 1167/2438/1102
f 1167/2438/1102 1160/2439/1051 1153/2440/1072
f 1153/2440/1072 1146/2441/1071 1138/1702/1098
f 1138/1702/1098 1131/2442/1065 1124/2443/1064
f 1124/2443/1064 1117/2444/1124 1110/1703/1093
f 1110/1703/1093 1103/2445/1087 1096/2446/1033
f 1096/2446/1033 1089/2447/1130 1082/1704/1074
f 1082/1704/1074 1181/2436/1041 1167/2438/1102
f 1167/2438/1102 1153/2440/1072 1138/1702/1098
f 1138/1702/1098 1124/2443/1064 1110/1703/1093
f 1110/1703/1093 1096/2446/1033 1082/1704/1074
f 1082/1704/1074 1167/2438/1102 1138/1702/1098
f 1171/1694/1086 1178/1708/1034 1179/1705/1121
f 1170/1698/1117 1169/1695/1115 1176/1701/1120
f 1173/1693/1114 1172/1697/1116 1179/1705/1121
f 1171/1694/1086 1170/1698/1117 1177/1706/1122
f 1166/1667/1092 1110/1668/1093 1117/1709/1124
f 1178/1708/1034 1185/1715/1032 1186/1711/1125
f 1176/1701/1120 1183/1716/1129 1184/1712/1126
f 1180/1707/1123 1179/1705/1121 1186/1711/1125
f 1178/1708/1034 1177/1706/1122 1184/1712/1126
f 1175/1700/1119 1182/1713/1127 1183/1716/1129
f 1187/1600/1032 1191/1646/7 1082/1647/1074
f 1187/1714/1128 1186/1711/1125 1081/1587/1020
f 1185/1715/1032 1184/1712/1126 1079/1590/1023
f 1183/1716/1129 1182/1713/1127 1189/1593/1026
f 1152/1718/1095 1159/1710/1103 1117/1709/1124
f 1185/1715/1032 1080/1598/7 1081/1587/1020
f 1184/1712/1126 1183/1716/1129 1190/1599/1031
f 1193/1719/7 1199/1730/1140 1200/1720/1131
f 1303/1722/1133 1197/1731/1141 1198/1723/1134
f 1194/1721/1132 1200/1720/1131 1201/1728/1138
f 1192/1724/1135 1198/1723/1134 1199/1730/1140
f 1303/1722/1133 1302/1725/1136 1196/1727/1137
f 1300/1732/1142 1202/1849/1238 1209/1733/1143
f 1201/1728/1138 1200/1720/1131 1207/1735/1145
f 1198/1723/1134 1205/1742/1151 1206/1737/1147
f 1196/1727/1137 1203/1743/1152 1204/1738/1148
f 1208/1739/1147 1215/1811/1155 1287/1740/1149
f 1200/1720/1131 1199/1730/1140 1206/1737/1147
f 1198/1723/1134 1197/1731/1141 1204/1738/1148
f 1203/1743/1152 1210/1750/1158 1211/1744/1153
f 1208/1739/1147 1294/1741/1150 1301/1745/1154
f 1207/1735/1145 1206/1737/1147 1213/1747/1155
f 1204/1738/1148 1211/1744/1153 1212/1749/1157
f 1208/1736/1146 1207/1735/1145 1214/1748/1156
f 1206/1737/1147 1205/1742/1151 1212/1749/1157
f 1229/1752/1160 1236/1776/1178 1266/1753/1161
f 1213/1747/1155 1220/1759/122 1221/1755/1163
f 1211/1744/1153 1218/1760/1167 1219/1756/1164
f 1215/1751/1159 1214/1748/1156 1221/1755/1163
f 1213/1747/1155 1212/1749/1157 1219/1756/1164
f 1211/1744/1153 1210/1750/1158 1217/1757/1165
f 1222/1758/1166 1221/1755/1163 1228/1762/1169
f 1220/1759/122 1219/1756/1164 1226/1764/1171
f 1217/1757/1165 1224/1761/1168 1225/1766/1172
f 1258/1767/1173 1265/1850/1202 1237/1768/1174
f 1221/1755/1163 1220/1759/122 1227/1765/1160
f 1218/1760/1167 1225/1766/1172 1226/1764/1171
f 1229/1763/1170 1228/1762/1169 1235/1770/1176
f 1226/1764/1171 1233/1777/1182 1234/1772/1178
f 1225/1766/1172 1224/1761/1168 1231/1773/1179
f 1243/1775/1181 1259/1831/1226 1266/1753/1161
f 1228/1762/1169 1227/1765/1160 1234/1772/1178
f 1226/1764/1171 1225/1766/1172 1232/1774/1180
f 1201/1746/1140 1301/1745/1154 1195/1778/1183
f 1234/1772/1178 1241/1785/1181 1242/1780/1184
f 1233/1777/1182 1232/1774/1180 1239/1781/1185
f 1236/1771/1177 1235/1770/1176 1242/1780/1184
f 1234/1772/1178 1233/1777/1182 1240/1782/1186
f 1231/1773/1179 1238/1783/1187 1239/1781/1185
f 1241/1785/1181 1248/1790/4 1249/1786/1189
f 1239/1781/1185 1246/1791/1193 1247/1787/1190
f 1242/1780/1184 1249/1786/1189 1250/1789/1192
f 1241/1785/1181 1240/1782/1186 1247/1787/1190
f 1238/1783/1187 1245/1788/1191 1246/1791/1193
f 1293/1734/1144 1209/1733/1143 1216/1792/1194
f 1250/1789/1192 1249/1786/1189 1257/1794/1196
f 1248/1790/4 1247/1787/1190 1255/1796/1198
f 1245/1788/1191 1253/1801/1201 1254/1798/1199
f 1286/1793/1195 1216/1792/1194 1223/1799/1200
f 1248/1790/4 1256/1797/1173 1257/1794/1196
f 1246/1791/1193 1254/1798/1199 1255/1796/1198
f 1255/1796/1198 1262/1808/1207 1263/1802/1202
f 1254/1798/1199 1253/1801/1201 1260/1803/1203
f 1258/1767/1173 1244/1769/1175 1251/1805/1205
f 1256/1797/1173 1263/1802/1202 1264/1807/1206
f 1255/1796/1198 1254/1798/1199 1261/1804/1204
f 1258/1795/1197 1257/1794/1196 1264/1807/1206
f 1222/1810/122 1280/1823/1219 1287/1740/1149
f 1264/1807/1206 1263/1802/1202 1270/1812/1209
f 1262/1808/1207 1261/1804/1204 1268/1814/1211
f 1265/1809/1208 1264/1807/1206 1271/1813/1210
f 1262/1808/1207 1269/1815/1212 1270/1812/1209
f 1260/1803/1203 1267/1816/1213 1268/1814/1211
f 1269/1815/1212 1268/1814/1211 1275/1818/1215
f 1271/1813/1210 1278/1824/1220 1279/1821/1218
f 1270/1812/1209 1269/1815/1212 1276/1819/1216
f 1267/1816/1213 1274/1820/1217 1275/1818/1215
f 1229/1752/1160 1273/1754/1162 1280/1823/1219
f 1271/1813/1210 1270/1812/1209 1277/1822/58
f 1279/1821/1218 1278/1824/1220 1285/1825/1221
f 1277/1822/58 1276/1819/1216 1283/1827/1223
f 1275/1818/1215 1274/1820/1217 1281/1829/1224
f 1250/1806/4 1251/1805/1205 1259/1831/1226
f 1277/1822/58 1284/1828/1195 1285/1825/1221
f 1276/1819/1216 1275/1818/1215 1282/1830/1225
f 1281/1829/1224 1288/1838/1230 1289/1832/1227
f 1195/1835/1183 1301/2448/1154 1294/2449/1150
f 1294/2449/1150 1287/2450/1149 1280/2451/1219
f 1280/2451/1219 1273/2452/1162 1266/2453/1161
f 1266/2453/1161 1259/2454/1226 1251/1833/1205
f 1251/1833/1205 1244/2455/1175 1237/2456/1174
f 1237/2456/1174 1230/2457/1232 1223/1834/1200
f 1223/1834/1200 1216/2458/1194 1209/2459/1143
f 1209/2459/1143 1202/2460/1238 1195/1835/1183
f 1195/1835/1183 1294/2449/1150 1280/2451/1219
f 1280/2451/1219 1266/2453/1161 1251/1833/1205
f 1251/1833/1205 1237/2456/1174 1223/1834/1200
f 1223/1834/1200 1209/2459/1143 1195/1835/1183
f 1195/1835/1183 1280/2451/1219 1251/1833/1205
f 1284/1828/1195 1291/1840/1144 1292/1836/1228
f 1282/1830/1225 1289/1832/1227 1290/1837/1229
f 1286/1826/1222 1285/1825/1221 1292/1836/1228
f 1284/1828/1195 1283/1827/1223 1290/1837/1229
f 1279/1800/58 1223/1799/1200 1230/1841/1232
f 1291/1840/1144 1298/1848/1142 1299/1843/1233
f 1290/1837/1229 1289/1832/1227 1296/1844/1234
f 1292/1836/1228 1299/1843/1233 1300/1847/1237
f 1291/1840/1144 1290/1837/1229 1297/1845/1235
f 1288/1838/1230 1295/1846/1236 1296/1844/1234
f 1304/1779/7 1195/1778/1183 1202/1849/1238
f 1299/1843/1233 1194/1721/1132 1304/1729/1139
f 1298/1848/1142 1297/1845/1235 1192/1724/1135
f 1296/1844/1234 1295/1846/1236 1302/1725/1136
f 1272/1842/1209 1230/1841/1232 1237/1768/1174
f 1299/1843/1233 1298/1848/1142 1193/1719/7
f 1296/1844/1234 1303/1722/1133 1192/1724/1135
f 748/1851/920 1320/1858/920 1307/1852/911
f 741/1854/910 740/1859/919 1319/1855/919
f 747/1857/10 1318/1862/10 1320/1858/920
f 740/1859/919 739/1863/96 1317/1860/96
f 746/1861/918 1316/1866/918 1318/1862/10
f 739/1863/96 738/1867/917 1315/1864/917
f 745/1865/916 1314/1870/916 1316/1866/918
f 738/1867/917 737/1871/915 1313/1868/915
f 744/1869/914 1312/1874/914 1314/1870/916
f 737/1871/915 736/1878/913 1311/1872/913
f 743/1873/58 1309/1880/58 1312/1874/914
f 750/1875/912 1308/1881/912 1310/1876/122
f 736/1878/913 735/1877/122 1310/1876/122
f 743/1873/58 742/1882/909 1306/1879/909
f 749/1853/911 1307/1852/911 1308/1881/912
f 742/1882/909 741/1854/910 1305/1856/910
f 1320/1883/920 1336/1065/920 1322/1038/911
f 1305/1885/910 1319/1887/919 1335/1062/919
f 1318/1886/10 1334/1061/10 1336/1065/920
f 1319/1887/919 1317/1889/96 1333/1058/96
f 1316/1888/918 1332/1057/918 1334/1061/10
f 1317/1889/96 1315/1891/917 1331/1054/917
f 1314/1890/916 1330/1053/916 1332/1057/918
f 1315/1891/917 1313/1893/915 1329/1050/915
f 1312/1892/914 1328/1049/914 1330/1053/916
f 1313/1893/915 1311/1897/913 1327/1043/913
f 1309/1894/58 1326/1047/58 1328/1049/914
f 1308/1895/912 1325/1040/912 1323/1046/122
f 1311/1897/913 1310/1896/122 1323/1046/122
f 1309/1898/58 1306/1899/909 1324/1035/909
f 1307/1884/911 1322/1038/911 1325/1040/912
f 1306/1899/909 1305/1885/910 1321/1066/910
f 739/1900/96 740/1916/919 1340/1161/919
f 747/1901/10 1338/1073/10 1351/1185/918
f 738/1903/917 739/1900/96 1352/1190/96
f 746/1902/918 1351/1185/918 1349/1181/916
f 737/1905/915 738/1903/917 1350/1187/917
f 745/1904/916 1349/1181/916 1347/1176/914
f 736/1907/913 737/1905/915 1348/1183/915
f 744/1906/914 1347/1176/914 1344/1178/58
f 735/1909/122 1346/1172/122 1343/1168/912
f 735/1909/122 736/1907/913 1345/1179/913
f 742/1911/909 743/2461/58 1344/1912/58
f 750/1910/912 1343/1168/912 1341/1164/911
f 741/1914/910 742/1911/909 1342/1170/909
f 749/1913/911 1341/1164/911 1337/1071/920
f 740/1916/919 741/1914/910 1339/1166/910
f 748/1915/920 1337/1071/920 1338/1073/10
f 1386/1917/1239 1382/1945/1267 1449/1918/1240
f 1390/1920/1242 1386/1917/1239 1453/1919/1241
f 1394/1922/1244 1390/1920/1242 1457/1921/1243
f 1398/1924/1246 1394/1922/1244 1461/1923/1245
f 1402/1926/1248 1398/1924/1246 1465/1925/1247
f 1406/1928/1250 1402/1926/1248 1469/1927/1249
f 1410/1930/1252 1406/1928/1250 1473/1929/1251
f 1414/1932/1254 1410/1930/1252 1477/1931/1253
f 1418/1934/1256 1414/1932/1254 1481/1933/1255
f 1366/1936/1258 1362/1946/1268 1429/1937/1259
f 1370/1939/1261 1366/1936/1258 1433/1938/1260
f 1374/1941/1263 1370/1939/1261 1437/1940/1262
f 1378/1943/1265 1374/1941/1263 1441/1942/1264
f 1382/1945/1267 1378/1943/1265 1445/1944/1266
f 1362/1946/1268 1358/1952/1274 1425/1947/1269
f 1417/2012/1320 1354/2172/1448 1357/1948/1270
f 1357/1948/1270 1361/1956/1277 1365/1961/1281
f 1365/1961/1281 1369/1965/1284 1373/1968/1287
f 1373/1968/1287 1377/1972/1290 1381/1979/1295
f 1381/1979/1295 1385/2462/1551 1389/1949/1271
f 1389/1949/1271 1393/1986/1300 1397/1990/1303
f 1397/1990/1303 1401/1994/1306 1405/1950/1272
f 1405/1950/1272 1409/2003/1313 1413/2007/1316
f 1413/2007/1316 1417/2012/1320 1357/1948/1270
f 1357/1948/1270 1365/1961/1281 1373/1968/1287
f 1373/1968/1287 1381/1979/1295 1389/1949/1271
f 1389/1949/1271 1397/1990/1303 1405/1950/1272
f 1405/1950/1272 1413/2007/1316 1357/1948/1270
f 1357/1948/1270 1373/1968/1287 1389/1949/1271
f 1364/1951/1273 1360/2463/1276 1358/1952/1274
f 1363/1953/1275 1359/1957/1278 1360/1954/1276
f 1361/1956/1277 1357/1948/1270 1359/1957/1278
f 1368/1958/1279 1364/1951/1273 1362/1946/1268
f 1367/1959/1280 1363/1953/1275 1364/1955/1273
f 1365/1961/1281 1361/1956/1277 1363/1953/1275
f 1372/1962/1282 1368/1958/1279 1366/1936/1258
f 1371/1963/1283 1367/1959/1280 1368/1960/1279
f 1369/1965/1284 1365/1961/1281 1367/1959/1280
f 1374/1941/1263 1376/1969/1286 1372/1962/1282
f 1375/1966/1285 1371/1963/1283 1372/1964/1282
f 1373/1968/1287 1369/1965/1284 1371/1963/1283
f 1378/1943/1265 1380/1973/1289 1376/1969/1286
f 1379/1970/1288 1375/1966/1285 1376/1967/1286
f 1377/1972/1290 1373/1968/1287 1375/1966/1285
f 1382/1945/1267 1384/1976/1291 1380/1973/1289
f 1384/1974/1291 1383/1975/1292 1379/1970/1288
f 1383/1975/1292 1381/1979/1295 1377/1972/1290
f 1386/1917/1239 1388/1980/1294 1384/1976/1291
f 1387/1977/1293 1383/1975/1292 1384/1974/1291
f 1387/1977/1293 1385/2462/1551 1381/1979/1295
f 1390/1920/1242 1392/2464/1297 1388/1980/1294
f 1391/1981/1296 1387/1977/1293 1388/1978/1294
f 1389/1949/1271 1385/2462/1551 1387/1977/1293
f 1396/1983/1298 1392/2464/1297 1390/1920/1242
f 1395/1984/1299 1391/1981/1296 1392/1982/1297
f 1393/1986/1300 1389/1949/1271 1391/1981/1296
f 1400/1987/1301 1396/1983/1298 1394/1922/1244
f 1399/1988/1302 1395/1984/1299 1396/1985/1298
f 1397/1990/1303 1393/1986/1300 1395/1984/1299
f 1404/1991/1304 1400/1987/1301 1398/1924/1246
f 1403/1992/1305 1399/1988/1302 1400/1989/1301
f 1401/1994/1306 1397/1990/1303 1399/1988/1302
f 1408/1995/1307 1404/1991/1304 1402/1926/1248
f 1407/1996/1308 1403/1992/1305 1404/1993/1304
f 1405/1950/1272 1401/1994/1306 1403/1992/1305
f 1412/1998/1309 1408/1995/1307 1406/1928/1250
f 1412/1999/1309 1411/2000/1310 1407/1996/1308
f 1411/2000/1310 1409/2003/1313 1405/1950/1272
f 1414/1932/1254 1416/2004/1311 1412/1998/1309
f 1416/2001/1311 1415/2002/1312 1411/2000/1310
f 1415/2002/1312 1413/2007/1316 1409/2003/1313
f 1418/1934/1256 1420/2009/1315 1416/2004/1311
f 1419/2005/1314 1415/2002/1312 1416/2001/1311
f 1419/2005/1314 1417/2012/1320 1413/2007/1316
f 1353/2008/1317 1355/2171/1319 1420/2009/1315
f 1356/2010/1318 1419/2005/1314 1420/2006/1315
f 1356/2010/1318 1354/2172/1448 1417/2012/1320
f 1353/2008/1317 1418/1934/1256 1485/1935/1257
f 1430/2014/1322 1432/2017/1325 1428/2015/1323
f 1432/2017/1325 1431/2023/1327 1427/2018/1326
f 1429/1937/1259 1425/1947/1269 1427/2019/1326
f 1434/2021/1328 1436/2022/1329 1432/2017/1325
f 1436/2022/1329 1435/2027/1330 1431/2023/1327
f 1433/1938/1260 1429/1937/1259 1431/2020/1327
f 1438/2025/1331 1440/2026/1332 1436/2022/1329
f 1440/2026/1332 1439/2031/1333 1435/2027/1330
f 1439/2028/1333 1437/1940/1262 1433/1938/1260
f 1444/2029/1334 1440/2026/1332 1438/2025/1331
f 1444/2029/1334 1443/2465/1336 1439/2031/1333
f 1443/2032/1336 1441/1942/1264 1437/1940/1262
f 1448/2033/1337 1444/2029/1334 1442/2030/1335
f 1447/2035/1339 1443/2465/1336 1444/2029/1334
f 1445/1944/1266 1441/1942/1264 1443/2032/1336
f 1452/2037/1340 1448/2033/1337 1446/2034/1338
f 1451/2039/1342 1447/2035/1339 1448/2033/1337
f 1449/1918/1240 1445/1944/1266 1447/2036/1339
f 1456/2041/1343 1452/2037/1340 1450/2038/1341
f 1455/2043/1345 1451/2039/1342 1452/2037/1340
f 1453/1919/1241 1449/1918/1240 1451/2040/1342
f 1460/2045/1346 1456/2041/1343 1454/2042/1344
f 1459/2047/1348 1455/2043/1345 1456/2041/1343
f 1457/1921/1243 1453/1919/1241 1455/2044/1345
f 1462/2049/1349 1464/2050/1350 1460/2045/1346
f 1464/2050/1350 1463/2054/1351 1459/2047/1348
f 1463/2051/1351 1461/1923/1245 1457/1921/1243
f 1466/2052/1352 1468/2053/1353 1464/2050/1350
f 1468/2053/1353 1467/2058/1354 1463/2054/1351
f 1465/1925/1247 1461/1923/1245 1463/2051/1351
f 1470/2056/1355 1472/2057/1356 1468/2053/1353
f 1472/2057/1356 1471/2062/1357 1467/2058/1354
f 1471/2059/1357 1469/1927/1249 1465/1925/1247
f 1476/2060/1358 1472/2057/1356 1470/2056/1355
f 1476/2060/1358 1475/2466/1360 1471/2062/1357
f 1473/1929/1251 1469/1927/1249 1471/2059/1357
f 1480/2064/1361 1476/2060/1358 1474/2061/1359
f 1479/2066/1363 1475/2466/1360 1476/2060/1358
f 1477/1931/1253 1473/1929/1251 1475/2063/1360
f 1484/2068/1364 1480/2064/1361 1478/2065/1362
f 1483/2070/1366 1479/2066/1363 1480/2064/1361
f 1481/1933/1255 1477/1931/1253 1479/2067/1363
f 1488/2072/1367 1484/2068/1364 1482/2069/1365
f 1487/2074/1369 1483/2070/1366 1484/2068/1364
f 1485/1935/1257 1481/1933/1255 1483/2071/1366
f 1423/2076/1370 1488/2072/1367 1486/2073/1368
f 1424/2078/1372 1487/2074/1369 1488/2072/1367
f 1422/2013/1321 1485/1935/1257 1487/2075/1369
f 1434/2021/1328 1430/2014/1322 1426/2016/1324
f 1426/2016/1324 1421/2077/1371 1486/2073/1368
f 1486/2073/1368 1482/2069/1365 1478/2065/1362
f 1478/2065/1362 1474/2061/1359 1470/2056/1355
f 1470/2056/1355 1466/2052/1352 1462/2049/1349
f 1462/2049/1349 1458/2046/1347 1454/2042/1344
f 1454/2042/1344 1450/2038/1341 1446/2034/1338
f 1446/2034/1338 1442/2030/1335 1438/2025/1331
f 1438/2025/1331 1434/2021/1328 1426/2016/1324
f 1426/2016/1324 1486/2073/1368 1478/2065/1362
f 1478/2065/1362 1470/2056/1355 1462/2049/1349
f 1462/2049/1349 1454/2042/1344 1446/2034/1338
f 1446/2034/1338 1438/2025/1331 1426/2016/1324
f 1426/2016/1324 1478/2065/1362 1462/2049/1349
f 1569/2080/1373 1510/2108/1401 1514/2081/1374
f 1573/2082/1375 1514/2081/1374 1518/2083/1376
f 1577/2084/1377 1518/2083/1376 1522/2085/1378
f 1581/2086/1379 1522/2085/1378 1526/2087/1380
f 1585/2088/1381 1526/2087/1380 1530/2089/1382
f 1589/2090/1383 1530/2089/1382 1534/2091/1384
f 1593/2092/1385 1534/2091/1384 1538/2093/1386
f 1597/2094/1387 1538/2093/1386 1542/2095/1388
f 1601/2096/1389 1542/2095/1388 1546/2097/1390
f 1549/2099/1392 1490/2109/1402 1494/2100/1393
f 1553/2101/1394 1494/2100/1393 1498/2102/1395
f 1557/2103/1396 1498/2102/1395 1502/2104/1397
f 1561/2105/1398 1502/2104/1397 1506/2106/1399
f 1565/2107/1400 1506/2106/1399 1510/2108/1401
f 1425/1947/1269 1358/2113/1274 1490/2109/1402
f 1357/1948/1270 1354/2172/1448 1545/2110/1403
f 1545/2110/1403 1541/2167/1445 1537/2163/1442
f 1537/2163/1442 1533/2159/1439 1529/2155/1436
f 1529/2155/1436 1525/2151/1433 1521/2147/1430
f 1521/2147/1430 1517/2143/1427 1513/2111/1404
f 1513/2111/1404 1509/2136/1422 1505/2132/1419
f 1505/2132/1419 1501/2128/1416 1497/2112/1405
f 1497/2112/1405 1493/2121/1411 1489/2117/1408
f 1489/2117/1408 1357/1948/1270 1545/2110/1403
f 1545/2110/1403 1537/2163/1442 1529/2155/1436
f 1529/2155/1436 1521/2147/1430 1513/2111/1404
f 1513/2111/1404 1505/2132/1419 1497/2112/1405
f 1497/2112/1405 1489/2117/1408 1545/2110/1403
f 1545/2110/1403 1529/2155/1436 1513/2111/1404
f 1358/2113/1274 1360/2467/1276 1492/2114/1406
f 1360/1954/1276 1359/1957/1278 1491/2115/1407
f 1359/1957/1278 1357/1948/1270 1489/2117/1408
f 1490/2109/1402 1492/2114/1406 1496/2118/1409
f 1492/2116/1406 1491/2115/1407 1495/2119/1410
f 1491/2115/1407 1489/2117/1408 1493/2121/1411
f 1494/2100/1393 1496/2118/1409 1500/2122/1412
f 1496/2120/1409 1495/2119/1410 1499/2123/1413
f 1495/2119/1410 1493/2121/1411 1497/2112/1405
f 1502/2104/1397 1498/2102/1395 1500/2122/1412
f 1500/2124/1412 1499/2123/1413 1503/2126/1415
f 1499/2123/1413 1497/2112/1405 1501/2128/1416
f 1506/2106/1399 1502/2104/1397 1504/2125/1414
f 1504/2127/1414 1503/2126/1415 1507/2130/1418
f 1503/2126/1415 1501/2128/1416 1505/2132/1419
f 1510/2108/1401 1506/2106/1399 1508/2129/1417
f 1508/2131/1417 1507/2130/1418 1511/2134/1421
f 1511/2134/1421 1507/2130/1418 1505/2132/1419
f 1514/2081/1374 1510/2108/1401 1512/2133/1420
f 1512/2135/1420 1511/2134/1421 1515/2138/1424
f 1515/2138/1424 1511/2134/1421 1509/2136/1422
f 1518/2083/1376 1514/2081/1374 1516/2137/1423
f 1520/2141/1425 1516/2139/1423 1515/2138/1424
f 1519/2142/1426 1515/2138/1424 1513/2111/1404
f 1518/2083/1376 1520/2140/1425 1524/2144/1428
f 1520/2141/1425 1519/2142/1426 1523/2145/1429
f 1523/2145/1429 1519/2142/1426 1517/2143/1427
f 1522/2085/1378 1524/2144/1428 1528/2148/1431
f 1524/2146/1428 1523/2145/1429 1527/2149/1432
f 1523/2145/1429 1521/2147/1430 1525/2151/1433
f 1530/2089/1382 1526/2087/1380 1528/2148/1431
f 1528/2150/1431 1527/2149/1432 1531/2153/1435
f 1527/2149/1432 1525/2151/1433 1529/2155/1436
f 1530/2089/1382 1532/2152/1434 1536/2156/1437
f 1532/2154/1434 1531/2153/1435 1535/2157/1438
f 1531/2153/1435 1529/2155/1436 1533/2159/1439
f 1534/2091/1384 1536/2156/1437 1540/2160/1440
f 1540/2161/1440 1536/2158/1437 1535/2157/1438
f 1539/2162/1441 1535/2157/1438 1533/2159/1439
f 1542/2095/1388 1538/2093/1386 1540/2160/1440
f 1544/2165/1443 1540/2161/1440 1539/2162/1441
f 1543/2166/1444 1539/2162/1441 1537/2163/1442
f 1546/2097/1390 1542/2095/1388 1544/2164/1443
f 1544/2165/1443 1543/2166/1444 1547/2169/1447
f 1547/2169/1447 1543/2166/1444 1541/2167/1445
f 1546/2097/1390 1548/2168/1446 1355/2171/1319
f 1355/2011/1319 1548/2170/1446 1547/2169/1447
f 1356/2010/1318 1547/2169/1447 1545/2110/1403
f 1605/2098/1391 1546/2097/1390 1353/2008/1317
f 1550/2173/1449 1426/2016/1324 1428/2015/1323
f 1552/2174/1450 1428/2015/1323 1427/2018/1326
f 1427/2019/1326 1425/1947/1269 1549/2099/1392
f 1554/2177/1452 1550/2173/1449 1552/2174/1450
f 1556/2178/1453 1552/2174/1450 1551/2175/1451
f 1551/2176/1451 1549/2099/1392 1553/2101/1394
f 1558/2181/1455 1554/2177/1452 1556/2178/1453
f 1560/2182/1456 1556/2178/1453 1555/2179/1454
f 1559/2184/1457 1555/2180/1454 1553/2101/1394
f 1558/2181/1455 1560/2182/1456 1564/2185/1458
f 1564/2185/1458 1560/2182/1456 1559/2183/1457
f 1563/2188/1460 1559/2184/1457 1557/2103/1396
f 1562/2186/1459 1564/2185/1458 1568/2189/1461
f 1568/2189/1461 1564/2185/1458 1563/2187/1460
f 1563/2188/1460 1561/2105/1398 1565/2107/1400
f 1566/2190/1462 1568/2189/1461 1572/2193/1464
f 1568/2189/1461 1567/2191/1463 1571/2195/1466
f 1567/2192/1463 1565/2107/1400 1569/2080/1373
f 1570/2194/1465 1572/2193/1464 1576/2197/1467
f 1572/2193/1464 1571/2195/1466 1575/2199/1469
f 1571/2196/1466 1569/2080/1373 1573/2082/1375
f 1574/2198/1468 1576/2197/1467 1580/2201/1470
f 1576/2197/1467 1575/2199/1469 1579/2203/1472
f 1575/2200/1469 1573/2082/1375 1577/2084/1377
f 1582/2205/1473 1578/2202/1471 1580/2201/1470
f 1584/2206/1474 1580/2201/1470 1579/2203/1472
f 1583/2208/1475 1579/2204/1472 1577/2084/1377
f 1586/2209/1476 1582/2205/1473 1584/2206/1474
f 1588/2210/1477 1584/2206/1474 1583/2207/1475
f 1583/2208/1475 1581/2086/1379 1585/2088/1381
f 1590/2213/1479 1586/2209/1476 1588/2210/1477
f 1592/2214/1480 1588/2210/1477 1587/2211/1478
f 1587/2212/1478 1585/2088/1381 1589/2090/1383
f 1590/2213/1479 1592/2214/1480 1596/2217/1482
f 1596/2217/1482 1592/2214/1480 1591/2215/1481
f 1591/2216/1481 1589/2090/1383 1593/2092/1385
f 1594/2218/1483 1596/2217/1482 1600/2221/1485
f 1600/2221/1485 1596/2217/1482 1595/2219/1484
f 1595/2220/1484 1593/2092/1385 1597/2094/1387
f 1598/2222/1486 1600/2221/1485 1604/2225/1488
f 1600/2221/1485 1599/2223/1487 1603/2227/1490
f 1599/2224/1487 1597/2094/1387 1601/2096/1389
f 1602/2226/1489 1604/2225/1488 1608/2229/1491
f 1604/2225/1488 1603/2227/1490 1607/2231/1493
f 1603/2228/1490 1601/2096/1389 1605/2098/1391
f 1606/2230/1492 1608/2229/1491 1423/2076/1370
f 1608/2229/1491 1607/2231/1493 1424/2078/1372
f 1424/2079/1372 1607/2232/1493 1605/2098/1391
f 1426/2016/1324 1550/2173/1449 1554/2177/1452
f 1554/2177/1452 1558/2181/1455 1562/2186/1459
f 1562/2186/1459 1566/2190/1462 1570/2194/1465
f 1570/2194/1465 1574/2198/1468 1578/2202/1471
f 1578/2202/1471 1582/2205/1473 1586/2209/1476
f 1586/2209/1476 1590/2213/1479 1594/2218/1483
f 1594/2218/1483 1598/2222/1486 1602/2226/1489
f 1602/2226/1489 1606/2230/1492 1421/2077/1371
f 1421/2077/1371 1426/2016/1324 1554/2177/1452
f 1554/2177/1452 1562/2186/1459 1570/2194/1465
f 1570/2194/1465 1578/2202/1471 1586/2209/1476
f 1586/2209/1476 1594/2218/1483 1602/2226/1489
f 1602/2226/1489 1421/2077/1371 1554/2177/1452
f 1554/2177/1452 1570/2194/1465 1586/2209/1476
