# Blender 4.5.1 LTS
# www.blender.org
mtllib USMC M249 Gunner.mtl
o Marine_-_Standing.015
v 0.000000 1.279982 0.291507
v 0.000000 1.279982 -0.291507
v 0.291749 1.279982 -0.000000
v 0.000000 1.424075 0.225946
v 0.000000 1.424075 -0.225946
v 0.226133 1.424075 -0.000000
v 0.000000 1.451096 0.160384
v 0.000000 1.451096 -0.160384
v 0.291749 0.537000 -0.000000
v 0.000000 0.537000 -0.291507
v 0.000000 0.537000 0.291507
v 0.218811 0.537000 -0.218631
v 0.000000 0.160000 0.291507
v 0.218812 1.279982 0.218631
v 0.169599 1.424075 -0.169459
v 0.000000 1.382296 0.275117
v 0.000000 1.382296 -0.275117
v 0.275345 1.382296 -0.000000
v 0.169600 1.424075 0.169459
v 0.000000 1.436586 0.176775
v 0.000000 1.436586 -0.176775
v 0.176921 1.436586 -0.000000
v 0.218811 1.279982 -0.218631
v 0.218812 0.537000 0.218631
v 0.291749 1.027946 -0.000000
v 0.000000 1.027946 -0.291507
v 0.000000 1.027946 0.291507
v 0.218811 0.160000 -0.218631
v 0.206509 1.382296 0.206338
v 0.206508 1.382296 -0.206338
v 0.132691 1.436586 0.132581
v 0.132690 1.436586 -0.132581
v 0.218811 1.027946 -0.218631
v 0.218812 1.027946 0.218631
v 0.291749 0.198687 -0.000000
v 0.000000 0.198687 -0.291507
v 0.000000 0.198687 0.291507
v 0.218811 0.198687 -0.218631
v 0.218812 0.198687 0.218631
v 0.218812 0.284444 0.218631
v 0.291749 0.284444 -0.000000
v 0.000000 0.284444 -0.291507
v 0.000000 0.284444 0.291507
v 0.218811 0.284444 -0.218631
v 0.220609 1.659859 -0.000000
v 0.160517 1.451096 -0.000000
v 0.190563 1.483059 -0.000000
v 0.165457 1.659859 -0.165320
v 0.120388 1.451096 0.120288
v 0.120387 1.451096 -0.120288
v 0.142922 1.483059 0.142804
v 0.168028 1.466842 -0.000000
v 0.142922 1.483059 -0.142804
v 0.165457 1.659859 0.165320
v 0.213098 1.535486 -0.000000
v 0.165457 1.820204 -0.165320
v 0.126021 1.466842 -0.125917
v 0.126021 1.466842 0.125917
v 0.159823 1.535486 -0.159691
v 0.159823 1.535486 0.159691
v 0.000000 1.659859 0.220427
v 0.000000 1.659859 -0.220427
v 0.000000 1.483059 -0.190406
v 0.000000 1.483059 0.190406
v 0.000000 1.466842 -0.167890
v 0.000000 1.466842 0.167890
v 0.000000 1.535486 -0.212922
v 0.000000 1.535486 0.212922
v 0.291749 0.160000 -0.000000
v 0.218812 0.160000 0.218631
v 0.000000 0.160000 -0.291507
v 0.000000 0.160000 0.000000
v 0.165457 1.820204 0.165320
v 0.000000 1.820204 -0.198938
v 0.220609 1.820204 -0.000000
v 0.000000 1.820204 0.198938
v 0.102013 1.898445 -0.000000
v 0.000000 1.898445 -0.091992
v 0.000000 1.898445 0.091992
v 0.076510 1.898445 0.076446
v 0.076510 1.898445 -0.076447
v 0.261185 0.828158 0.287334
v 0.142976 1.375378 0.282923
v 0.173672 1.434451 0.131204
v 0.260234 1.179188 0.288302
v 0.312564 0.828136 0.162421
v 0.312037 1.060684 0.163564
v 0.089916 1.380963 0.305524
v 0.232736 1.304162 0.277550
v 0.172328 0.828159 0.338569
v 0.230534 1.338193 0.274057
v 0.236119 1.397754 0.125895
v 0.172312 1.201644 0.338547
v 0.172320 1.278280 0.327120
v 0.209772 0.828161 0.210089
v 0.127908 1.375378 0.203621
v 0.237852 1.320580 0.194943
v 0.156294 1.405430 0.122186
v 0.234411 1.178038 0.208745
v 0.254441 0.828149 0.148930
v 0.254953 1.094507 0.147815
v 0.089916 1.380963 0.226078
v 0.235895 1.295740 0.196747
v 0.157774 0.828160 0.253381
v 0.218921 1.368468 0.117406
v 0.157795 1.199436 0.253419
v 0.163681 1.325062 0.216509
v 0.158141 1.304960 0.238121
v 0.196291 1.321811 0.308545
v 0.159133 1.338772 0.314507
v 0.134407 1.329587 0.320479
v 0.126798 1.353012 0.221293
v 0.081840 1.336438 0.238807
v 0.181313 1.447577 0.139642
v 0.150616 1.388505 0.291361
v 0.238174 1.351319 0.282495
v 0.243759 1.410881 0.134332
v 0.203931 1.334938 0.316983
v 0.166774 1.351899 0.322944
v 0.092926 1.363806 0.313432
v 0.261185 0.828158 -0.255234
v 0.142976 1.375378 -0.250823
v 0.173672 1.434451 -0.131204
v 0.260234 1.179188 -0.256202
v 0.312564 0.828136 -0.183693
v 0.312037 1.060684 -0.184836
v 0.089916 1.380963 -0.273424
v 0.232736 1.304162 -0.245450
v 0.172328 0.828159 -0.306468
v 0.230534 1.338193 -0.241957
v 0.236119 1.397754 -0.125895
v 0.172312 1.201644 -0.306446
v 0.172320 1.278280 -0.295020
v 0.340143 0.828122 0.000000
v 0.173559 1.449374 0.000000
v 0.340143 1.040459 0.000000
v 0.236289 1.412528 0.000000
v 0.209772 0.828161 -0.210089
v 0.127908 1.375378 -0.203621
v 0.237852 1.320580 -0.194943
v 0.156294 1.405430 -0.122186
v 0.234411 1.178038 -0.208745
v 0.254441 0.828149 -0.148930
v 0.254953 1.094507 -0.147815
v 0.089916 1.380963 -0.226078
v 0.235895 1.295740 -0.196747
v 0.157774 0.828160 -0.253381
v 0.218921 1.368468 -0.117406
v 0.157795 1.199436 -0.253419
v 0.163681 1.325062 -0.216509
v 0.158141 1.304960 -0.238121
v 0.279312 0.828140 0.000000
v 0.155697 1.419264 0.000000
v 0.218434 1.382413 0.000000
v 0.279312 1.075119 0.000000
v 0.196291 1.321811 -0.276444
v 0.159133 1.338772 -0.282406
v 0.134407 1.329587 -0.288378
v 0.126798 1.353012 -0.221293
v 0.081840 1.336438 -0.238807
v 0.181313 1.447577 -0.139642
v 0.150616 1.388505 -0.237988
v 0.181199 1.462501 0.000000
v 0.238174 1.351319 -0.229122
v 0.243759 1.410881 -0.134332
v 0.243930 1.425655 0.000000
v 0.203931 1.334938 -0.263609
v 0.166774 1.351899 -0.269571
v 0.092926 1.363806 -0.281331
v 0.097028 0.844467 0.469702
v 0.073190 0.844467 0.342633
v 0.073190 1.163628 0.342633
v 0.239106 0.844467 0.425788
v 0.215269 0.844467 0.298719
v 0.215269 1.163628 0.298719
v 0.073190 0.967378 0.342633
v 0.215269 0.967378 0.298719
v 0.073190 0.983078 0.342633
v 0.215269 0.983078 0.298719
v 0.101838 0.975093 0.488856
v 0.095250 1.164154 0.464638
v 0.237328 1.164154 0.420725
v 0.243917 0.975093 0.444943
v 0.239106 0.967378 0.425788
v 0.097028 0.967378 0.469702
v 0.070606 0.844467 0.473302
v 0.070606 0.844467 0.342633
v 0.070606 1.163628 0.342633
v 0.070606 0.967378 0.342633
v 0.070606 0.983078 0.342633
v 0.070606 1.164154 0.467940
v 0.070606 0.975093 0.493022
v 0.070606 0.967378 0.473302
v 0.000000 0.828152 0.367435
v 0.000000 1.380963 0.342457
v 0.000000 1.242489 0.367363
v 0.000000 0.828156 0.279080
v 0.000000 1.380963 0.255595
v 0.000000 1.239160 0.279167
v 0.000000 1.332174 0.351232
v 0.000000 1.290840 0.358666
v 0.000000 1.314666 0.266616
v 0.000000 1.347815 0.261105
v 0.000000 1.367086 0.344953
v 0.000000 0.828152 -0.335334
v 0.000000 1.380963 -0.310356
v 0.000000 1.242489 -0.335262
v 0.000000 0.828156 -0.279080
v 0.000000 1.380963 -0.255595
v 0.000000 1.239160 -0.279167
v 0.000000 1.332174 -0.319131
v 0.000000 1.290840 -0.326566
v 0.000000 1.314666 -0.266616
v 0.000000 1.347815 -0.261105
v 0.000000 1.367086 -0.312852
v 0.000000 0.844467 0.342704
v 0.000000 0.844467 0.473372
v 0.000000 0.967378 0.473372
v 0.000000 0.976664 0.495743
v 0.000000 0.970064 0.487533
v 0.000000 1.163628 0.473372
v 0.000000 1.163628 0.342703
v 0.059557 1.725104 0.296395
v 0.059557 1.897992 0.251144
v 0.059557 1.728511 0.247232
v 0.059557 1.887143 0.206632
v 0.059557 1.694292 0.280124
v 0.059557 1.722079 0.246002
v 0.059557 1.684121 0.160893
v 0.059557 1.711341 0.159479
v 0.173420 1.923019 -0.082426
v 0.130782 1.891253 0.197811
v 0.188629 1.932845 0.027216
v 0.188662 1.903999 -0.168913
v 0.126296 1.985674 0.058395
v 0.126296 1.979276 -0.099702
v 0.130782 1.818144 0.235640
v 0.221474 1.857123 0.120045
v 0.247553 1.854267 0.003088
v 0.223098 1.853155 -0.078675
v 0.218922 1.795743 0.147082
v 0.245653 1.779163 0.065111
v 0.245653 1.789732 -0.000655
v 0.233614 1.788223 -0.083447
v 0.190678 1.773441 -0.239623
v 0.228581 1.722154 -0.163836
v 0.247457 1.752052 0.096842
v 0.130782 1.781409 0.244443
v 0.223755 1.669337 -0.165364
v 0.190719 1.683018 -0.249504
v 0.218425 1.765613 0.154722
v 0.247180 1.718599 0.104604
v 0.130782 1.751275 0.250756
v 0.223991 1.627501 -0.164742
v 0.244239 1.709250 0.107230
v 0.194428 1.642226 -0.259689
v 0.217697 1.737203 0.156876
v 0.153356 1.614258 -0.202764
v 0.120988 1.703338 0.183981
v 0.148109 1.845106 -0.163249
v 0.098887 1.856395 0.160030
v 0.166086 1.866652 -0.053432
v 0.084264 1.920074 -0.023174
v 0.068613 1.920074 0.075547
v 0.068613 1.920074 -0.074525
v 0.173111 1.698779 0.147178
v 0.189984 1.601488 -0.150539
v 0.207034 1.719020 0.108664
v 0.189543 1.627501 -0.151699
v 0.210712 1.719485 0.108167
v 0.172613 1.790676 0.136210
v 0.208724 1.692955 0.106061
v 0.153182 1.734700 -0.195152
v 0.189307 1.669337 -0.152322
v 0.210619 1.752052 0.096842
v 0.152914 1.673348 -0.200360
v 0.194133 1.722154 -0.150794
v 0.218336 1.788223 -0.077816
v 0.229941 1.789732 -0.000655
v 0.156235 1.648065 -0.206378
v 0.229941 1.779163 0.065111
v 0.224431 1.601488 -0.163581
v 0.186135 1.607062 -0.254466
v 0.212441 1.701724 0.155774
v 0.130782 1.713474 0.249778
v 0.245337 1.699383 0.109566
v 0.189472 1.907803 0.099124
v 0.126296 1.940681 0.139303
v 0.125715 1.689339 -0.280018
v 0.128730 1.649513 -0.282295
v 0.122832 1.776340 -0.273114
v 0.079151 1.620906 -0.214315
v 0.035414 1.920074 -0.081909
v 0.080059 1.848385 -0.177726
v 0.078923 1.679036 -0.213702
v 0.080637 1.654540 -0.218662
v 0.077641 1.768136 -0.211385
v 0.128730 1.616354 -0.278812
v 0.126296 1.933859 -0.189190
v 0.189670 1.848806 -0.223693
v 0.122832 1.858028 -0.253767
v 0.237044 1.760292 -0.152575
v 0.200017 1.843796 -0.121090
v 0.000000 1.990507 -0.106162
v 0.000000 1.884998 0.222954
v 0.000000 1.992488 0.064750
v 0.000000 1.779433 -0.290471
v 0.000000 1.814222 0.259981
v 0.000000 1.696081 -0.295391
v 0.000000 1.786614 0.268294
v 0.000000 1.657284 -0.291257
v 0.000000 1.752921 0.274472
v 0.000000 1.703338 0.207017
v 0.000000 1.627997 -0.226635
v 0.000000 1.852243 -0.194756
v 0.000000 1.852243 0.177502
v 0.000000 1.920074 -0.089784
v 0.000000 1.920074 0.090806
v 0.000000 1.770512 -0.232903
v 0.000000 1.803172 0.203441
v 0.000000 1.685104 -0.227932
v 0.000000 1.661446 -0.231764
v 0.000000 1.626263 -0.285380
v 0.000000 1.718638 0.276459
v 0.000000 1.952251 0.153150
v 0.000000 1.938985 -0.198484
v 0.000000 1.855736 -0.270796
v 0.202596 1.760292 -0.139532
v 0.086649 1.920074 0.026187
v 0.121287 1.859814 0.088876
v 0.143686 1.863233 0.017722
v 0.064656 1.854957 0.166078
v 0.099916 1.801757 0.188866
v 0.241042 1.753497 0.027273
v 0.208227 1.773290 0.035844
v 0.208227 1.728732 0.080364
v 0.208227 1.667866 0.096660
v 0.278558 1.618756 0.079519
v 0.241042 1.753497 -0.077218
v 0.248457 1.717124 -0.115464
v 0.258587 1.667436 -0.129463
v 0.258587 1.667436 0.079519
v 0.208227 1.667866 -0.146604
v 0.208227 1.728732 -0.130309
v 0.208227 1.773290 -0.085788
v 0.208227 1.607260 0.096660
v 0.208227 1.546393 0.080364
v 0.208227 1.501836 0.035844
v 0.248457 1.717124 0.065520
v 0.208227 1.501836 -0.085788
v 0.208227 1.546393 -0.130309
v 0.208227 1.607260 -0.146604
v 0.260975 1.559242 0.065520
v 0.260975 1.520963 0.027273
v 0.260975 1.520963 -0.077218
v 0.260975 1.559242 -0.115464
v 0.278558 1.618756 -0.129463
v 0.251163 1.703851 0.006020
v 0.278505 1.618969 0.037013
v 0.251163 1.703851 -0.055965
v 0.255868 1.680774 -0.078653
v 0.262147 1.649975 -0.086957
v 0.262147 1.649975 0.037013
v 0.255868 1.680774 0.028708
v 0.292804 1.591167 0.028708
v 0.287891 1.568998 0.006020
v 0.287891 1.568998 -0.055965
v 0.292804 1.591167 -0.078653
v 0.278505 1.618969 -0.086957
v 0.281494 1.758561 0.061919
v 0.281623 1.771774 -0.001746
v 0.282445 1.771479 -0.082731
v 0.275814 1.713598 -0.144565
v 0.279233 1.739873 0.082327
v 0.269218 1.662293 -0.155881
v 0.274129 1.709010 0.094427
v 0.260923 1.611911 -0.156446
v 0.273211 1.699474 0.097435
v 0.268627 1.681100 0.103645
v 0.279625 1.728141 -0.137111
v 0.259322 1.879001 0.066661
v 0.264134 1.892028 -0.001018
v 0.250518 1.888722 -0.084278
v 0.228829 1.750080 -0.233553
v 0.250817 1.841306 0.130146
v 0.221549 1.676191 -0.234209
v 0.242281 1.777138 0.160542
v 0.217917 1.621595 -0.225202
v 0.238333 1.737203 0.167747
v 0.236394 1.713103 0.170414
v 0.239891 1.836133 -0.193073
v 0.000000 1.209820 0.337689
v 0.000000 1.339529 0.306734
v 0.000000 1.220740 0.409945
v 0.000000 1.350449 0.378990
v 0.123324 1.209811 0.321074
v 0.139417 1.226068 0.315700
v 0.131499 1.211988 0.319802
v 0.137390 1.217939 0.317835
v 0.137317 1.323260 0.292601
v 0.120520 1.339520 0.290246
v 0.134938 1.331390 0.290871
v 0.128790 1.337341 0.290009
v 0.128279 1.218207 0.376405
v 0.144204 1.234135 0.368339
v 0.136370 1.220192 0.373793
v 0.142199 1.226022 0.370841
v 0.142106 1.331175 0.345275
v 0.125475 1.347916 0.345577
v 0.139749 1.339397 0.343895
v 0.133662 1.345524 0.344005
v 0.000000 0.967378 0.342704
v 0.000000 0.983078 0.342704
v -0.291749 1.279982 -0.000000
v -0.226133 1.424075 -0.000000
v -0.291749 0.537000 -0.000000
v -0.218811 0.537000 -0.218631
v -0.218812 1.279982 0.218631
v -0.169599 1.424075 -0.169459
v -0.275345 1.382296 -0.000000
v -0.169600 1.424075 0.169459
v -0.176921 1.436586 -0.000000
v -0.218811 1.279982 -0.218631
v -0.218812 0.537000 0.218631
v -0.291749 1.027946 -0.000000
v -0.218811 0.160000 -0.218631
v -0.206509 1.382296 0.206338
v -0.206508 1.382296 -0.206338
v -0.132691 1.436586 0.132581
v -0.132690 1.436586 -0.132581
v -0.218811 1.027946 -0.218631
v -0.218812 1.027946 0.218631
v -0.291749 0.198687 -0.000000
v -0.218811 0.198687 -0.218631
v -0.218812 0.198687 0.218631
v -0.218812 0.284444 0.218631
v -0.291749 0.284444 -0.000000
v -0.218811 0.284444 -0.218631
v -0.220609 1.659859 -0.000000
v -0.160517 1.451096 -0.000000
v -0.190563 1.483059 -0.000000
v -0.165457 1.659859 -0.165320
v -0.120388 1.451096 0.120288
v -0.120387 1.451096 -0.120288
v -0.142922 1.483059 0.142804
v -0.168028 1.466842 -0.000000
v -0.142922 1.483059 -0.142804
v -0.165457 1.659859 0.165320
v -0.213098 1.535486 -0.000000
v -0.165457 1.820204 -0.165320
v -0.126021 1.466842 -0.125917
v -0.126021 1.466842 0.125917
v -0.159823 1.535486 -0.159691
v -0.159823 1.535486 0.159691
v -0.291749 0.160000 -0.000000
v -0.218812 0.160000 0.218631
v -0.165457 1.820204 0.165320
v -0.220609 1.820204 -0.000000
v -0.102013 1.898445 -0.000000
v -0.076510 1.898445 0.076446
v -0.076510 1.898445 -0.076447
v -0.261185 0.828158 0.287334
v -0.142976 1.375378 0.282923
v -0.173672 1.434451 0.131204
v -0.260234 1.179188 0.288302
v -0.312564 0.828136 0.162421
v -0.312037 1.060684 0.163564
v -0.089916 1.380963 0.305524
v -0.232736 1.304162 0.277550
v -0.172328 0.828159 0.338569
v -0.230534 1.338193 0.274057
v -0.236119 1.397754 0.125895
v -0.172312 1.201644 0.338547
v -0.172320 1.278280 0.327120
v -0.209772 0.828161 0.210089
v -0.127908 1.375378 0.203621
v -0.237852 1.320580 0.194943
v -0.156294 1.405430 0.122186
v -0.234411 1.178038 0.208745
v -0.254441 0.828149 0.148930
v -0.254953 1.094507 0.147815
v -0.089916 1.380963 0.226078
v -0.235895 1.295740 0.196747
v -0.157774 0.828160 0.253381
v -0.218921 1.368468 0.117406
v -0.157795 1.199436 0.253419
v -0.163681 1.325062 0.216509
v -0.158141 1.304960 0.238121
v -0.196291 1.321811 0.308545
v -0.159133 1.338772 0.314507
v -0.134407 1.329587 0.320479
v -0.126798 1.353012 0.221293
v -0.081840 1.336438 0.238807
v -0.181313 1.447577 0.139642
v -0.150616 1.388505 0.291361
v -0.238174 1.351319 0.282495
v -0.243759 1.410881 0.134332
v -0.203931 1.334938 0.316983
v -0.166774 1.351899 0.322944
v -0.092926 1.363806 0.313432
v -0.261185 0.828158 -0.255234
v -0.142976 1.375378 -0.250823
v -0.173672 1.434451 -0.131204
v -0.260234 1.179188 -0.256202
v -0.312564 0.828136 -0.183693
v -0.312037 1.060684 -0.184836
v -0.089916 1.380963 -0.273424
v -0.232736 1.304162 -0.245450
v -0.172328 0.828159 -0.306468
v -0.230534 1.338193 -0.241957
v -0.236119 1.397754 -0.125895
v -0.172312 1.201644 -0.306446
v -0.172320 1.278280 -0.295020
v -0.340143 0.828122 0.000000
v -0.173559 1.449374 0.000000
v -0.340143 1.040459 0.000000
v -0.236289 1.412528 0.000000
v -0.209772 0.828161 -0.210089
v -0.127908 1.375378 -0.203621
v -0.237852 1.320580 -0.194943
v -0.156294 1.405430 -0.122186
v -0.234411 1.178038 -0.208745
v -0.254441 0.828149 -0.148930
v -0.254953 1.094507 -0.147815
v -0.089916 1.380963 -0.226078
v -0.235895 1.295740 -0.196747
v -0.157774 0.828160 -0.253381
v -0.218921 1.368468 -0.117406
v -0.157795 1.199436 -0.253419
v -0.163681 1.325062 -0.216509
v -0.158141 1.304960 -0.238121
v -0.279312 0.828140 0.000000
v -0.155697 1.419264 0.000000
v -0.218434 1.382413 0.000000
v -0.279312 1.075119 0.000000
v -0.196291 1.321811 -0.276444
v -0.159133 1.338772 -0.282406
v -0.134407 1.329587 -0.288378
v -0.126798 1.353012 -0.221293
v -0.081840 1.336438 -0.238807
v -0.181313 1.447577 -0.139642
v -0.150616 1.388505 -0.237988
v -0.181199 1.462501 0.000000
v -0.238174 1.351319 -0.229122
v -0.243759 1.410881 -0.134332
v -0.243930 1.425655 0.000000
v -0.203931 1.334938 -0.263609
v -0.166774 1.351899 -0.269571
v -0.092926 1.363806 -0.281331
v -0.097028 0.844467 0.469702
v -0.073190 0.844467 0.342633
v -0.073190 1.163628 0.342633
v -0.239106 0.844467 0.425788
v -0.215269 0.844467 0.298719
v -0.215269 1.163628 0.298719
v -0.073190 0.967378 0.342633
v -0.215269 0.967378 0.298719
v -0.073190 0.983078 0.342633
v -0.215269 0.983078 0.298719
v -0.101838 0.975093 0.488856
v -0.095250 1.164154 0.464638
v -0.237328 1.164154 0.420725
v -0.243917 0.975093 0.444943
v -0.239106 0.967378 0.425788
v -0.097028 0.967378 0.469702
v -0.070606 0.844467 0.473302
v -0.070606 0.844467 0.342633
v -0.070606 1.163628 0.342633
v -0.070606 0.967378 0.342633
v -0.070606 0.983078 0.342633
v -0.070606 1.164154 0.467940
v -0.070606 0.975093 0.493022
v -0.070606 0.967378 0.473302
v -0.059557 1.725104 0.296395
v -0.059557 1.897992 0.251144
v -0.059557 1.728511 0.247232
v -0.059557 1.887143 0.206632
v -0.059557 1.694292 0.280124
v -0.059557 1.722079 0.246002
v -0.059557 1.684121 0.160893
v -0.059557 1.711341 0.159479
v -0.173420 1.923019 -0.082426
v -0.130782 1.891253 0.197811
v -0.188629 1.932845 0.027216
v -0.188662 1.903999 -0.168913
v -0.126296 1.985674 0.058395
v -0.126296 1.979276 -0.099702
v -0.130782 1.818144 0.235640
v -0.221474 1.857123 0.120045
v -0.247553 1.854267 0.003088
v -0.223098 1.853155 -0.078675
v -0.218922 1.795743 0.147082
v -0.245653 1.779163 0.065111
v -0.245653 1.789732 -0.000655
v -0.233614 1.788223 -0.083447
v -0.190678 1.773441 -0.239623
v -0.228581 1.722154 -0.163836
v -0.247457 1.752052 0.096842
v -0.130782 1.781409 0.244443
v -0.223755 1.669337 -0.165364
v -0.190719 1.683018 -0.249504
v -0.218425 1.765613 0.154722
v -0.247180 1.718599 0.104604
v -0.130782 1.751275 0.250756
v -0.223991 1.627501 -0.164742
v -0.244239 1.709250 0.107230
v -0.194428 1.642226 -0.259689
v -0.217697 1.737203 0.156876
v -0.153356 1.614258 -0.202764
v -0.120988 1.703338 0.183981
v -0.148109 1.845106 -0.163249
v -0.098887 1.856395 0.160030
v -0.166086 1.866652 -0.053432
v -0.084264 1.920074 -0.023174
v -0.068613 1.920074 0.075547
v -0.068613 1.920074 -0.074525
v -0.173111 1.698779 0.147178
v -0.189984 1.601488 -0.150539
v -0.207034 1.719020 0.108664
v -0.189543 1.627501 -0.151699
v -0.210712 1.719485 0.108167
v -0.172613 1.790676 0.136210
v -0.208724 1.692955 0.106061
v -0.153182 1.734700 -0.195152
v -0.189307 1.669337 -0.152322
v -0.210619 1.752052 0.096842
v -0.152914 1.673348 -0.200360
v -0.194133 1.722154 -0.150794
v -0.218336 1.788223 -0.077816
v -0.229941 1.789732 -0.000655
v -0.156235 1.648065 -0.206378
v -0.229941 1.779163 0.065111
v -0.224431 1.601488 -0.163581
v -0.186135 1.607062 -0.254466
v -0.212441 1.701724 0.155774
v -0.130782 1.713474 0.249778
v -0.245337 1.699383 0.109566
v -0.189472 1.907803 0.099124
v -0.126296 1.940681 0.139303
v -0.125715 1.689339 -0.280018
v -0.128730 1.649513 -0.282295
v -0.122832 1.776340 -0.273114
v -0.079151 1.620906 -0.214315
v -0.035414 1.920074 -0.081909
v -0.080059 1.848385 -0.177726
v -0.078923 1.679036 -0.213702
v -0.080637 1.654540 -0.218662
v -0.077641 1.768136 -0.211385
v -0.128730 1.616354 -0.278812
v -0.126296 1.933859 -0.189190
v -0.189670 1.848806 -0.223693
v -0.122832 1.858028 -0.253767
v -0.237044 1.760292 -0.152575
v -0.200017 1.843796 -0.121090
v -0.202596 1.760292 -0.139532
v -0.086649 1.920074 0.026187
v -0.121287 1.859814 0.088876
v -0.143686 1.863233 0.017722
v -0.064656 1.854957 0.166078
v -0.099916 1.801757 0.188866
v -0.241042 1.753497 0.027273
v -0.208227 1.773290 0.035844
v -0.208227 1.728732 0.080364
v -0.208227 1.667866 0.096660
v -0.278558 1.618756 0.079519
v -0.241042 1.753497 -0.077218
v -0.248457 1.717124 -0.115464
v -0.258587 1.667436 -0.129463
v -0.258587 1.667436 0.079519
v -0.208227 1.667866 -0.146604
v -0.208227 1.728732 -0.130309
v -0.208227 1.773290 -0.085788
v -0.208227 1.607260 0.096660
v -0.208227 1.546393 0.080364
v -0.208227 1.501836 0.035844
v -0.248457 1.717124 0.065520
v -0.208227 1.501836 -0.085788
v -0.208227 1.546393 -0.130309
v -0.208227 1.607260 -0.146604
v -0.260975 1.559242 0.065520
v -0.260975 1.520963 0.027273
v -0.260975 1.520963 -0.077218
v -0.260975 1.559242 -0.115464
v -0.278558 1.618756 -0.129463
v -0.251163 1.703851 0.006020
v -0.278505 1.618969 0.037013
v -0.251163 1.703851 -0.055965
v -0.255868 1.680774 -0.078653
v -0.262147 1.649975 -0.086957
v -0.262147 1.649975 0.037013
v -0.255868 1.680774 0.028708
v -0.292804 1.591167 0.028708
v -0.287891 1.568998 0.006020
v -0.287891 1.568998 -0.055965
v -0.292804 1.591167 -0.078653
v -0.278505 1.618969 -0.086957
v -0.281494 1.758561 0.061919
v -0.281623 1.771774 -0.001746
v -0.282445 1.771479 -0.082731
v -0.275814 1.713598 -0.144565
v -0.279233 1.739873 0.082327
v -0.269218 1.662293 -0.155881
v -0.274129 1.709010 0.094427
v -0.260923 1.611911 -0.156446
v -0.273211 1.699474 0.097435
v -0.268627 1.681100 0.103645
v -0.279625 1.728141 -0.137111
v -0.259322 1.879001 0.066661
v -0.264134 1.892028 -0.001018
v -0.250518 1.888722 -0.084278
v -0.228829 1.750080 -0.233553
v -0.250817 1.841306 0.130146
v -0.221549 1.676191 -0.234209
v -0.242281 1.777138 0.160542
v -0.217917 1.621595 -0.225202
v -0.238333 1.737203 0.167747
v -0.236394 1.713103 0.170414
v -0.239891 1.836133 -0.193073
v -0.123324 1.209811 0.321074
v -0.139417 1.226068 0.315700
v -0.131499 1.211988 0.319802
v -0.137390 1.217939 0.317835
v -0.137317 1.323260 0.292601
v -0.120520 1.339520 0.290246
v -0.134938 1.331390 0.290871
v -0.128790 1.337341 0.290009
v -0.128279 1.218207 0.376405
v -0.144204 1.234135 0.368339
v -0.136370 1.220192 0.373793
v -0.142199 1.226022 0.370841
v -0.142106 1.331175 0.345275
v -0.125475 1.347916 0.345577
v -0.139749 1.339397 0.343895
v -0.133662 1.345524 0.344005
v 0.000000 0.123155 -0.800000
v 0.000000 0.161923 -0.768835
v 0.000000 0.142539 -0.795825
v 0.000000 0.156729 -0.784418
v 0.000000 0.161923 0.768835
v 0.000000 0.123155 0.800000
v 0.000000 0.156729 0.784418
v 0.000000 0.142539 0.795825
v 0.149992 0.161923 0.754062
v 0.156072 0.123155 0.784628
v 0.153032 0.156729 0.769345
v 0.155258 0.142539 0.780533
v 0.294220 0.161923 0.710311
v 0.306147 0.123155 0.739104
v 0.300184 0.156729 0.724707
v 0.304549 0.142539 0.735246
v 0.427142 0.161923 0.639263
v 0.444456 0.123155 0.665176
v 0.435799 0.156729 0.652219
v 0.442136 0.142539 0.661704
v 0.543648 0.161923 0.543649
v 0.565685 0.123155 0.565685
v 0.554667 0.156729 0.554667
v 0.562733 0.142539 0.562733
v 0.639263 0.161923 0.427142
v 0.665176 0.123155 0.444456
v 0.652219 0.156729 0.435799
v 0.661704 0.142539 0.442137
v 0.710311 0.161923 0.294220
v 0.739103 0.123155 0.306147
v 0.724707 0.156729 0.300184
v 0.735246 0.142539 0.304549
v 0.754062 0.161923 0.149992
v 0.784628 0.123155 0.156072
v 0.769345 0.156729 0.153032
v 0.780533 0.142539 0.155258
v 0.768835 0.161923 -0.000000
v 0.800000 0.123155 -0.000000
v 0.784417 0.156729 -0.000000
v 0.795825 0.142539 -0.000000
v 0.754062 0.161923 -0.149992
v 0.784628 0.123155 -0.156072
v 0.769345 0.156729 -0.153032
v 0.780533 0.142539 -0.155258
v 0.710311 0.161923 -0.294220
v 0.739103 0.123155 -0.306147
v 0.724707 0.156729 -0.300184
v 0.735246 0.142539 -0.304549
v 0.639263 0.161923 -0.427142
v 0.665176 0.123155 -0.444456
v 0.652219 0.156729 -0.435799
v 0.661704 0.142539 -0.442137
v 0.543648 0.161923 -0.543649
v 0.565685 0.123155 -0.565685
v 0.554667 0.156729 -0.554667
v 0.562733 0.142539 -0.562733
v 0.427142 0.161923 -0.639263
v 0.444456 0.123155 -0.665176
v 0.435799 0.156729 -0.652219
v 0.442136 0.142539 -0.661704
v 0.294220 0.161923 -0.710311
v 0.306147 0.123155 -0.739104
v 0.300184 0.156729 -0.724707
v 0.304549 0.142539 -0.735246
v 0.149992 0.161923 -0.754062
v 0.156072 0.123155 -0.784628
v 0.153032 0.156729 -0.769345
v 0.155258 0.142539 -0.780533
v 0.000000 -0.001878 -0.790430
v 0.000000 0.007646 -0.800000
v 0.000000 -0.000602 -0.795215
v 0.000000 0.002884 -0.798718
v 0.000000 0.007646 0.800000
v 0.000000 -0.001878 0.790430
v 0.000000 0.002884 0.798718
v 0.000000 -0.000602 0.795215
v 0.156072 0.007646 0.784628
v 0.154205 -0.001878 0.775242
v 0.155822 0.002884 0.783371
v 0.155139 -0.000602 0.779935
v 0.306147 0.007646 0.739104
v 0.302484 -0.001878 0.730262
v 0.305656 0.002884 0.737919
v 0.304315 -0.000602 0.734683
v 0.444456 0.007646 0.665176
v 0.439139 -0.001878 0.657218
v 0.443744 0.002884 0.664110
v 0.441798 -0.000602 0.661197
v 0.565685 0.007646 0.565685
v 0.558918 -0.001878 0.558918
v 0.564779 0.002884 0.564779
v 0.562302 -0.000602 0.562302
v 0.665176 0.007646 0.444456
v 0.657218 -0.001878 0.439139
v 0.664109 0.002884 0.443744
v 0.661197 -0.000602 0.441798
v 0.739103 0.007646 0.306147
v 0.730262 -0.001878 0.302484
v 0.737919 0.002884 0.305656
v 0.734683 -0.000602 0.304315
v 0.784628 0.007646 0.156072
v 0.775242 -0.001878 0.154205
v 0.783371 0.002884 0.155822
v 0.779935 -0.000602 0.155139
v 0.800000 0.007646 -0.000000
v 0.790429 -0.001878 -0.000000
v 0.798718 0.002884 -0.000000
v 0.795215 -0.000602 -0.000000
v 0.784628 0.007646 -0.156072
v 0.775242 -0.001878 -0.154205
v 0.783371 0.002884 -0.155822
v 0.779935 -0.000602 -0.155139
v 0.739103 0.007646 -0.306147
v 0.730262 -0.001878 -0.302484
v 0.737919 0.002884 -0.305656
v 0.734683 -0.000602 -0.304315
v 0.665176 0.007646 -0.444456
v 0.657218 -0.001878 -0.439139
v 0.664109 0.002884 -0.443744
v 0.661197 -0.000602 -0.441798
v 0.565685 0.007646 -0.565685
v 0.558918 -0.001878 -0.558918
v 0.564779 0.002884 -0.564779
v 0.562302 -0.000602 -0.562302
v 0.444456 0.007646 -0.665176
v 0.439139 -0.001878 -0.657218
v 0.443744 0.002884 -0.664110
v 0.441798 -0.000602 -0.661197
v 0.306147 0.007646 -0.739104
v 0.302484 -0.001878 -0.730262
v 0.305656 0.002884 -0.737919
v 0.304315 -0.000602 -0.734683
v 0.156072 0.007646 -0.784628
v 0.154205 -0.001878 -0.775242
v 0.155822 0.002884 -0.783371
v 0.155139 -0.000602 -0.779935
v -0.149992 0.161923 0.754062
v -0.156072 0.123155 0.784628
v -0.153032 0.156729 0.769345
v -0.155258 0.142539 0.780533
v -0.294220 0.161923 0.710311
v -0.306147 0.123155 0.739104
v -0.300184 0.156729 0.724707
v -0.304549 0.142539 0.735246
v -0.427142 0.161923 0.639263
v -0.444456 0.123155 0.665176
v -0.435799 0.156729 0.652219
v -0.442136 0.142539 0.661704
v -0.543648 0.161923 0.543649
v -0.565685 0.123155 0.565685
v -0.554667 0.156729 0.554667
v -0.562733 0.142539 0.562733
v -0.639263 0.161923 0.427142
v -0.665176 0.123155 0.444456
v -0.652219 0.156729 0.435799
v -0.661704 0.142539 0.442137
v -0.710311 0.161923 0.294220
v -0.739103 0.123155 0.306147
v -0.724707 0.156729 0.300184
v -0.735246 0.142539 0.304549
v -0.754062 0.161923 0.149992
v -0.784628 0.123155 0.156072
v -0.769345 0.156729 0.153032
v -0.780533 0.142539 0.155258
v -0.768835 0.161923 -0.000000
v -0.800000 0.123155 -0.000000
v -0.784417 0.156729 -0.000000
v -0.795825 0.142539 -0.000000
v -0.754062 0.161923 -0.149992
v -0.784628 0.123155 -0.156072
v -0.769345 0.156729 -0.153032
v -0.780533 0.142539 -0.155258
v -0.710311 0.161923 -0.294220
v -0.739103 0.123155 -0.306147
v -0.724707 0.156729 -0.300184
v -0.735246 0.142539 -0.304549
v -0.639263 0.161923 -0.427142
v -0.665176 0.123155 -0.444456
v -0.652219 0.156729 -0.435799
v -0.661704 0.142539 -0.442137
v -0.543648 0.161923 -0.543649
v -0.565685 0.123155 -0.565685
v -0.554667 0.156729 -0.554667
v -0.562733 0.142539 -0.562733
v -0.427142 0.161923 -0.639263
v -0.444456 0.123155 -0.665176
v -0.435799 0.156729 -0.652219
v -0.442136 0.142539 -0.661704
v -0.294220 0.161923 -0.710311
v -0.306147 0.123155 -0.739104
v -0.300184 0.156729 -0.724707
v -0.304549 0.142539 -0.735246
v -0.149992 0.161923 -0.754062
v -0.156072 0.123155 -0.784628
v -0.153032 0.156729 -0.769345
v -0.155258 0.142539 -0.780533
v -0.156072 0.007646 0.784628
v -0.154205 -0.001878 0.775242
v -0.155822 0.002884 0.783371
v -0.155139 -0.000602 0.779935
v -0.306147 0.007646 0.739104
v -0.302484 -0.001878 0.730262
v -0.305656 0.002884 0.737919
v -0.304315 -0.000602 0.734683
v -0.444456 0.007646 0.665176
v -0.439139 -0.001878 0.657218
v -0.443744 0.002884 0.664110
v -0.441798 -0.000602 0.661197
v -0.565685 0.007646 0.565685
v -0.558918 -0.001878 0.558918
v -0.564779 0.002884 0.564779
v -0.562302 -0.000602 0.562302
v -0.665176 0.007646 0.444456
v -0.657218 -0.001878 0.439139
v -0.664109 0.002884 0.443744
v -0.661197 -0.000602 0.441798
v -0.739103 0.007646 0.306147
v -0.730262 -0.001878 0.302484
v -0.737919 0.002884 0.305656
v -0.734683 -0.000602 0.304315
v -0.784628 0.007646 0.156072
v -0.775242 -0.001878 0.154205
v -0.783371 0.002884 0.155822
v -0.779935 -0.000602 0.155139
v -0.800000 0.007646 -0.000000
v -0.790429 -0.001878 -0.000000
v -0.798718 0.002884 -0.000000
v -0.795215 -0.000602 -0.000000
v -0.784628 0.007646 -0.156072
v -0.775242 -0.001878 -0.154205
v -0.783371 0.002884 -0.155822
v -0.779935 -0.000602 -0.155139
v -0.739103 0.007646 -0.306147
v -0.730262 -0.001878 -0.302484
v -0.737919 0.002884 -0.305656
v -0.734683 -0.000602 -0.304315
v -0.665176 0.007646 -0.444456
v -0.657218 -0.001878 -0.439139
v -0.664109 0.002884 -0.443744
v -0.661197 -0.000602 -0.441798
v -0.565685 0.007646 -0.565685
v -0.558918 -0.001878 -0.558918
v -0.564779 0.002884 -0.564779
v -0.562302 -0.000602 -0.562302
v -0.444456 0.007646 -0.665176
v -0.439139 -0.001878 -0.657218
v -0.443744 0.002884 -0.664110
v -0.441798 -0.000602 -0.661197
v -0.306147 0.007646 -0.739104
v -0.302484 -0.001878 -0.730262
v -0.305656 0.002884 -0.737919
v -0.304315 -0.000602 -0.734683
v -0.156072 0.007646 -0.784628
v -0.154205 -0.001878 -0.775242
v -0.155822 0.002884 -0.783371
v -0.155139 -0.000602 -0.779935
v -0.429884 1.350589 0.807691
v -0.447639 1.342777 0.807691
v -0.461054 1.328764 0.807691
v -0.468084 1.310685 0.807691
v -0.467661 1.291291 0.807691
v -0.459848 1.273535 0.807691
v -0.445836 1.260121 0.807691
v -0.427756 1.253091 0.807691
v -0.410490 1.351012 0.807691
v -0.392411 1.343982 0.807691
v -0.378398 1.330567 0.807691
v -0.370586 1.312812 0.807691
v -0.370163 1.293418 0.807691
v -0.377193 1.275339 0.807691
v -0.390607 1.261326 0.807691
v -0.408363 1.253514 0.807691
v -0.430016 1.351328 1.029613
v -0.448135 1.343400 1.030006
v -0.461889 1.329048 1.030796
v -0.469012 1.310499 1.031877
v -0.468395 1.290739 1.032981
v -0.460284 1.272850 1.033866
v -0.446052 1.259460 1.034414
v -0.427868 1.252456 1.034598
v -0.410362 1.351738 1.029512
v -0.392034 1.344631 1.029613
v -0.377719 1.330984 1.030006
v -0.369704 1.312794 1.030796
v -0.369354 1.292927 1.031877
v -0.376692 1.274570 1.032981
v -0.390433 1.260533 1.033866
v -0.408386 1.252819 1.034414
v -0.423780 1.323056 0.772944
v -0.431463 1.319675 0.772944
v -0.437268 1.313611 0.772944
v -0.440311 1.305787 0.772944
v -0.440128 1.297395 0.772944
v -0.436747 1.289712 0.772944
v -0.430683 1.283907 0.772944
v -0.422859 1.280864 0.772944
v -0.415387 1.323239 0.772944
v -0.407564 1.320196 0.772944
v -0.401500 1.314392 0.772944
v -0.398119 1.306708 0.772944
v -0.397936 1.298316 0.772944
v -0.400978 1.290492 0.772944
v -0.406783 1.284428 0.772944
v -0.414467 1.281047 0.772944
v -0.430341 1.354263 1.049217
v -0.447945 1.349237 1.057459
v -0.460392 1.339538 1.069268
v -0.466127 1.326730 1.082876
v -0.464424 1.312732 1.096338
v -0.455559 1.299606 1.107700
v -0.440832 1.289293 1.115283
v -0.422423 1.283337 1.117947
v -0.410033 1.353604 1.046180
v -0.390725 1.347278 1.049217
v -0.375902 1.336534 1.057459
v -0.367522 1.323163 1.069268
v -0.366514 1.309165 1.082876
v -0.372902 1.296594 1.096338
v -0.385722 1.287292 1.107700
v -0.403088 1.282637 1.115283
v -0.428212 1.361390 1.048442
v -0.444483 1.364021 1.059411
v -0.455507 1.365237 1.075957
v -0.459431 1.364833 1.095468
v -0.455649 1.363025 1.114815
v -0.444881 1.360209 1.131018
v -0.428887 1.356821 1.141731
v -0.410084 1.353316 1.145472
v -0.409249 1.358050 1.044627
v -0.390288 1.354703 1.048442
v -0.374098 1.351610 1.059411
v -0.363323 1.348983 1.075957
v -0.359774 1.347261 1.095468
v -0.363947 1.346855 1.114815
v -0.375028 1.347892 1.131018
v -0.391217 1.350178 1.141731
v -0.422386 1.396305 1.049206
v -0.438342 1.400665 1.060072
v -0.448743 1.404293 1.076375
v -0.452066 1.406580 1.095596
v -0.447848 1.407261 1.114739
v -0.436792 1.406354 1.130877
v -0.420596 1.404122 1.141608
v -0.401677 1.400993 1.145366
v -0.403216 1.392265 1.045404
v -0.383821 1.389505 1.049206
v -0.367336 1.388145 1.060072
v -0.356321 1.387997 1.076375
v -0.352416 1.389009 1.095596
v -0.356147 1.391092 1.114739
v -0.366847 1.394021 1.130877
v -0.382829 1.397463 1.141608
v -0.420992 1.402717 1.044224
v -0.435944 1.413297 1.052001
v -0.444826 1.426462 1.064167
v -0.446175 1.439962 1.078753
v -0.439921 1.451758 1.093320
v -0.427169 1.460220 1.105579
v -0.409906 1.464238 1.113714
v -0.390688 1.463314 1.116559
v -0.402446 1.396631 1.041622
v -0.382938 1.396007 1.044224
v -0.365269 1.400835 1.052001
v -0.352420 1.410168 1.064167
v -0.346535 1.422393 1.078753
v -0.348377 1.435617 1.093320
v -0.357466 1.447930 1.105579
v -0.372314 1.457610 1.113714
v -0.419675 1.410598 1.027822
v -0.434033 1.424055 1.030232
v -0.442045 1.441846 1.033945
v -0.442422 1.461173 1.038375
v -0.435162 1.478997 1.042758
v -0.421509 1.492618 1.046390
v -0.403617 1.500080 1.048761
v -0.384157 1.500358 1.049582
v -0.401232 1.403519 1.026997
v -0.381480 1.403863 1.027822
v -0.363385 1.411598 1.030232
v -0.349771 1.425576 1.033945
v -0.342807 1.443608 1.038375
v -0.343533 1.462840 1.042759
v -0.351703 1.480310 1.046390
v -0.365965 1.493441 1.048761
v -0.414586 1.446398 0.805214
v -0.429786 1.460745 0.807240
v -0.438290 1.479705 0.810272
v -0.438802 1.500392 0.813848
v -0.431246 1.519657 0.817425
v -0.416770 1.534565 0.820457
v -0.397579 1.542848 0.822483
v -0.376594 1.543245 0.823194
v -0.395002 1.438848 0.804502
v -0.374018 1.439245 0.805214
v -0.354827 1.447528 0.807240
v -0.340351 1.462436 0.810272
v -0.332794 1.481700 0.813848
v -0.333307 1.502387 0.817425
v -0.341811 1.521348 0.820457
v -0.357011 1.535695 0.822483
v -0.451080 1.108630 0.759037
v -0.451080 1.377738 0.759037
v -0.451080 1.108630 0.213612
v -0.451080 1.377738 0.213612
v -0.235793 1.108630 0.759037
v -0.235793 1.377738 0.759037
v -0.235793 1.108630 0.213612
v -0.235793 1.377738 0.213612
v -0.418787 1.123767 0.222022
v -0.418787 1.312143 0.222022
v -0.268086 1.123767 0.222022
v -0.268086 1.312143 0.222022
v -0.418787 1.123767 -0.021857
v -0.418787 1.278504 -0.021857
v -0.268086 1.123767 -0.021857
v -0.268086 1.278504 -0.021857
v -0.418787 1.098538 -0.055496
v -0.418787 1.328962 -0.080725
v -0.268086 1.098538 -0.055496
v -0.268086 1.328962 -0.080725
v -0.418787 1.098538 -0.293068
v -0.418787 1.328962 -0.297273
v -0.268086 1.098538 -0.293068
v -0.268086 1.328962 -0.297273
v -0.268086 1.115357 0.100082
v -0.268086 1.286914 0.100082
v -0.418787 1.115357 0.100082
v -0.418787 1.286914 0.100082
v -0.418787 1.106948 -0.030267
v -0.268086 1.106948 -0.030267
v -0.268086 1.303733 -0.051291
v -0.418787 1.303733 -0.051291
v -0.418787 1.048080 -0.047086
v -0.268086 1.048080 -0.047086
v -0.418787 1.048080 -0.284658
v -0.268086 1.048080 -0.284658
v -0.413503 1.124678 0.748175
v -0.413503 1.294412 0.748175
v -0.273371 1.124678 0.748175
v -0.273371 1.294412 0.748175
v -0.413503 1.124678 1.202395
v -0.273371 1.124678 1.202395
v -0.267215 1.289223 0.837461
v -0.270929 1.122237 0.843134
v -0.415944 1.122237 0.843134
v -0.419659 1.289223 0.837461
v -0.413503 1.272688 1.370588
v -0.273371 1.272688 1.370588
v -0.416520 1.222684 1.204126
v -0.416520 1.270957 1.252399
v -0.421455 1.304951 1.191533
v -0.421455 1.283550 1.132324
v -0.414930 1.246823 1.211802
v -0.414930 1.263281 1.228260
v -0.270354 1.270957 1.252399
v -0.270354 1.222684 1.204126
v -0.265419 1.283550 1.132324
v -0.265419 1.304951 1.191533
v -0.271943 1.263281 1.228260
v -0.271943 1.246823 1.211802
v -0.343437 1.253948 0.742218
v -0.365063 1.258250 0.742218
v -0.383397 1.270501 0.742218
v -0.395648 1.288835 0.742218
v -0.399950 1.310461 0.742218
v -0.395648 1.332088 0.742218
v -0.383397 1.350422 0.742218
v -0.365063 1.362672 0.742218
v -0.343437 1.366974 0.742218
v -0.321810 1.362672 0.742218
v -0.303476 1.350422 0.742218
v -0.291226 1.332088 0.742218
v -0.286924 1.310461 0.742218
v -0.291226 1.288835 0.742218
v -0.303476 1.270501 0.742218
v -0.321810 1.258250 0.742218
v -0.343437 1.253948 1.863721
v -0.365063 1.258250 1.863721
v -0.383397 1.270501 1.863721
v -0.395648 1.288835 1.863721
v -0.399950 1.310461 1.863721
v -0.395648 1.332088 1.863721
v -0.383397 1.350422 1.863721
v -0.365063 1.362672 1.863721
v -0.343437 1.366974 1.863721
v -0.321810 1.362672 1.863721
v -0.303476 1.350422 1.863721
v -0.291226 1.332088 1.863721
v -0.286924 1.310461 1.863721
v -0.291226 1.288835 1.863721
v -0.303476 1.270501 1.863721
v -0.321810 1.258250 1.863721
v -0.427533 1.153033 1.258810
v -0.427533 1.157335 1.237183
v -0.427533 1.169585 1.218849
v -0.427533 1.187919 1.206599
v -0.427533 1.209545 1.202297
v -0.427533 1.231172 1.206599
v -0.427533 1.249506 1.218849
v -0.427533 1.261756 1.237183
v -0.427533 1.266058 1.258810
v -0.427533 1.261756 1.280436
v -0.427533 1.249506 1.298770
v -0.427533 1.231172 1.311021
v -0.427533 1.209545 1.315323
v -0.427533 1.187919 1.311021
v -0.427533 1.169585 1.298770
v -0.427533 1.157335 1.280436
v -0.259341 1.153033 1.258810
v -0.259341 1.157335 1.237183
v -0.259341 1.169585 1.218849
v -0.259341 1.187919 1.206599
v -0.259341 1.209545 1.202297
v -0.259341 1.231172 1.206599
v -0.259341 1.249506 1.218849
v -0.259341 1.261756 1.237183
v -0.259341 1.266058 1.258810
v -0.259341 1.261756 1.280436
v -0.259341 1.249506 1.298770
v -0.259341 1.231172 1.311021
v -0.259341 1.209545 1.315323
v -0.259341 1.187919 1.311021
v -0.259341 1.169585 1.298770
v -0.259341 1.157335 1.280436
v -0.399950 1.209545 1.174714
v -0.395648 1.187919 1.174714
v -0.383398 1.169585 1.174714
v -0.365064 1.157335 1.174714
v -0.343437 1.153033 1.174714
v -0.321811 1.157335 1.174714
v -0.303477 1.169585 1.174714
v -0.291226 1.187919 1.174714
v -0.286924 1.209545 1.174714
v -0.291226 1.231172 1.174714
v -0.303477 1.249506 1.174714
v -0.321811 1.261756 1.174714
v -0.343437 1.266058 1.174714
v -0.365064 1.261756 1.174714
v -0.383398 1.249506 1.174714
v -0.395648 1.231172 1.174714
v -0.399950 1.209545 1.427003
v -0.395648 1.187919 1.427003
v -0.383398 1.169585 1.427003
v -0.365064 1.157334 1.427003
v -0.343437 1.153033 1.427003
v -0.321811 1.157334 1.427003
v -0.303477 1.169585 1.427003
v -0.291226 1.187919 1.427003
v -0.286924 1.209545 1.427003
v -0.291226 1.231172 1.427003
v -0.303477 1.249506 1.427003
v -0.321811 1.261756 1.427003
v -0.343437 1.266058 1.427003
v -0.365064 1.261756 1.427003
v -0.383398 1.249506 1.427003
v -0.395648 1.231172 1.427003
v -0.421294 1.337863 1.191533
v -0.372857 1.386299 1.191533
v -0.414615 1.360934 1.191533
v -0.395928 1.379621 1.191533
v -0.314016 1.386299 1.191533
v -0.265580 1.337863 1.191533
v -0.290945 1.379621 1.191533
v -0.272259 1.360934 1.191533
v -0.314669 1.381342 0.830361
v -0.270537 1.337211 0.830361
v -0.293230 1.375664 0.830844
v -0.276215 1.358649 0.830844
v -0.416337 1.337211 0.830361
v -0.372205 1.381342 0.830361
v -0.410658 1.358649 0.830844
v -0.393644 1.375664 0.830844
v -0.372205 1.381342 1.372498
v -0.416337 1.337211 1.372498
v -0.393644 1.375664 1.372015
v -0.410658 1.358649 1.372015
v -0.270537 1.337211 1.372498
v -0.314669 1.381342 1.372498
v -0.276215 1.358650 1.372015
v -0.293230 1.375664 1.372015
v -0.391492 1.329683 0.381805
v -0.391492 1.425793 0.309723
v -0.391492 1.329683 0.165557
v -0.391492 1.425793 0.165557
v -0.295382 1.329683 0.381805
v -0.295382 1.425793 0.309723
v -0.295382 1.329683 0.165557
v -0.295382 1.425793 0.165557
v -0.391492 1.329683 1.342906
v -0.372270 1.473848 1.342906
v -0.391492 1.329683 1.246796
v -0.372270 1.473848 1.246796
v -0.295382 1.329683 1.342906
v -0.314604 1.473848 1.342906
v -0.295382 1.329683 1.246796
v -0.314604 1.473848 1.246796
v -0.221295 1.272065 0.419832
v -0.221295 1.272065 0.718410
v -0.186430 1.257624 0.419832
v -0.186430 1.257624 0.718410
v -0.171988 1.222758 0.419832
v -0.171988 1.222758 0.718410
v -0.186430 1.187893 0.419832
v -0.186430 1.187893 0.718410
v -0.221295 1.173451 0.419832
v -0.221295 1.173451 0.718410
v -0.256161 1.187893 0.419832
v -0.256161 1.187893 0.718410
v -0.270603 1.222758 0.419832
v -0.270603 1.222758 0.718410
v -0.256161 1.257624 0.419832
v -0.256161 1.257624 0.718410
v -0.158325 1.222352 0.419832
v -0.158325 1.222352 0.718410
v -0.123460 1.207911 0.419832
v -0.123460 1.207911 0.718410
v -0.109018 1.173045 0.419832
v -0.109018 1.173045 0.718410
v -0.123460 1.138180 0.419832
v -0.123460 1.138180 0.718410
v -0.158325 1.123738 0.419832
v -0.158325 1.123738 0.718410
v -0.193191 1.138180 0.419832
v -0.193191 1.138180 0.718410
v -0.207633 1.173045 0.419832
v -0.207633 1.173045 0.718410
v -0.193191 1.207911 0.419832
v -0.193191 1.207911 0.718410
v -0.087070 1.187553 0.419832
v -0.087070 1.187553 0.718410
v -0.052204 1.173111 0.419832
v -0.052204 1.173111 0.718410
v -0.037763 1.138246 0.419832
v -0.037763 1.138246 0.718410
v -0.052204 1.103380 0.419832
v -0.052204 1.103380 0.718410
v -0.087070 1.088939 0.419832
v -0.087070 1.088939 0.718410
v -0.121936 1.103380 0.419832
v -0.121936 1.103380 0.718410
v -0.136377 1.138246 0.419832
v -0.136377 1.138246 0.718410
v -0.121936 1.173111 0.419832
v -0.121936 1.173111 0.718410
v -0.010843 1.169325 0.419832
v -0.010843 1.169325 0.718410
v 0.024022 1.154883 0.419832
v 0.024022 1.154883 0.718410
v 0.038464 1.120018 0.419832
v 0.038464 1.120018 0.718410
v 0.024022 1.085152 0.419832
v 0.024022 1.085152 0.718410
v -0.010843 1.070710 0.419832
v -0.010843 1.070710 0.718410
v -0.045709 1.085152 0.419832
v -0.045709 1.085152 0.718410
v -0.060151 1.120018 0.419832
v -0.060151 1.120018 0.718410
v -0.045709 1.154883 0.419832
v -0.045709 1.154883 0.718410
v -0.703850 0.656912 0.742218
v -0.703850 0.656912 0.405833
v 0.137114 0.656912 0.742218
v 0.137114 1.137463 0.742218
v 0.137114 0.656912 0.405833
v 0.137114 1.137463 0.405833
v -0.459071 1.137463 0.742218
v -0.703850 0.892684 0.742218
v -0.703850 0.892684 0.405833
v -0.459071 1.137463 0.405833
vn -0.0000 0.0781 0.9969
vn 0.6250 0.4673 0.6253
vn -0.0000 0.4628 0.8864
vn -0.0000 -0.0000 1.0000
vn 0.7046 0.0821 0.7049
vn 0.7046 0.0821 -0.7049
vn -0.0000 -0.0000 -1.0000
vn -0.0000 0.0781 -0.9969
vn 0.6250 0.4673 -0.6253
vn 1.0000 -0.0000 -0.0000
vn 0.9969 0.0782 -0.0000
vn 0.8864 0.4630 -0.0000
vn -0.0000 0.8696 0.4937
vn 0.2772 0.9199 0.2774
vn -0.0000 0.9035 0.4287
vn 0.3452 0.8727 0.3455
vn 0.3452 0.8727 -0.3455
vn -0.0000 0.4628 -0.8864
vn -0.0000 0.8696 -0.4937
vn 0.2772 0.9199 -0.2774
vn 0.4935 0.8698 -0.0000
vn 0.4284 0.9036 -0.0000
vn 0.6845 0.2492 0.6851
vn -0.0000 0.2279 0.9737
vn 0.6845 0.2493 -0.6851
vn -0.0000 0.9035 -0.4287
vn -0.0000 0.2279 -0.9737
vn 0.9737 0.2280 -0.0000
vn 0.7069 -0.0000 0.7073
vn 0.7664 -0.6423 -0.0000
vn 0.7069 -0.0000 -0.7073
vn 0.5553 -0.6189 -0.5555
vn -0.0000 -0.6424 -0.7664
vn 0.5553 -0.6189 0.5555
vn 0.9996 -0.0300 -0.0000
vn 0.6877 -0.2319 -0.6880
vn 0.6958 -0.0144 -0.7181
vn 0.8990 0.4380 -0.0000
vn 0.6958 -0.0144 0.7181
vn 0.6877 -0.2319 0.6880
vn 0.9747 -0.2236 -0.0000
vn -0.0000 0.0358 0.9994
vn -0.0000 0.4630 0.8864
vn -0.0000 0.4630 -0.8864
vn -0.0000 0.0358 -0.9994
vn -0.0000 -0.2234 -0.9747
vn -0.0000 -0.6668 -0.7453
vn -0.0000 -0.6668 0.7453
vn 0.7450 -0.6671 -0.0000
vn 0.5607 -0.6091 -0.5610
vn -0.0000 -0.6006 -0.7995
vn 0.5059 -0.6985 -0.5062
vn -0.0000 -0.6006 0.7995
vn 0.5059 -0.6985 0.5062
vn 0.5607 -0.6091 0.5610
vn -0.0000 -0.2234 0.9747
vn 0.7994 -0.6008 -0.0000
vn -0.0000 -1.0000 -0.0000
vn 0.2282 0.9347 -0.2726
vn 0.6010 0.4294 -0.6741
vn 0.3395 0.9406 -0.0000
vn -0.0000 0.9384 -0.3455
vn -0.0000 0.9384 0.3455
vn 0.2282 0.9347 0.2726
vn 0.6010 0.4294 0.6741
vn 0.6291 0.0530 0.7755
vn 0.3650 0.1745 0.9145
vn 0.3465 0.0677 0.9356
vn -0.4592 -0.6158 -0.6403
vn -0.4043 -0.5055 -0.7622
vn -0.3863 -0.4644 -0.7969
vn 0.3374 -0.0004 0.9414
vn 0.9535 0.0013 0.3015
vn 0.7528 -0.0002 0.6583
vn 0.9613 0.0004 0.2756
vn 0.9999 0.0009 0.0103
vn 1.0000 -0.0000 0.0096
vn -0.0000 0.0001 1.0000
vn -0.0000 0.0968 0.9953
vn -0.8952 0.3248 0.3054
vn -0.5384 -0.2110 0.8158
vn -0.8953 0.3258 0.3038
vn -0.8733 0.4857 0.0370
vn -0.8654 0.5010 -0.0000
vn -0.8643 0.5030 -0.0000
vn -0.3420 -0.0587 -0.9379
vn -0.4130 -0.1379 -0.9002
vn -0.6075 -0.0164 -0.7941
vn 0.2468 -0.8959 -0.3693
vn -0.5020 -0.8165 -0.2852
vn -0.4029 0.0184 -0.9151
vn -0.7379 0.0264 -0.6744
vn -0.9444 0.0362 -0.3269
vn -0.9217 -0.0003 -0.3880
vn -1.0000 0.0008 -0.0000
vn -1.0000 -0.0000 -0.0000
vn -0.3788 -0.4344 -0.8171
vn -0.0000 0.0001 -1.0000
vn 0.2600 -0.9656 -0.0000
vn -0.0000 -0.0897 -0.9960
vn -0.3644 -0.3440 -0.8654
vn -0.0002 -1.0000 -0.0000
vn -0.0001 -1.0000 -0.0000
vn 0.9984 0.0551 -0.0124
vn 0.9997 -0.0026 0.0239
vn 0.9867 -0.1611 -0.0238
vn -0.0768 0.9967 0.0259
vn 0.0763 0.9970 -0.0100
vn 0.0392 0.9992 -0.0000
vn 0.8982 -0.4197 -0.1308
vn -0.8386 0.5446 0.0122
vn -0.4907 0.8687 0.0679
vn 0.8632 -0.5049 -0.0000
vn -0.8611 0.5084 -0.0000
vn -0.8546 0.5190 -0.0198
vn 0.5826 0.7791 -0.2314
vn 0.8694 0.4065 -0.2810
vn 0.8873 0.3559 -0.2932
vn -0.0003 -1.0000 -0.0000
vn 0.4975 0.8675 0.0044
vn 0.5468 0.7454 -0.3812
vn -0.0000 1.0000 -0.0000
vn 0.9982 -0.0415 0.0433
vn 0.2973 0.4943 0.8169
vn 0.1583 0.3062 0.9387
vn 0.2051 0.3629 0.9090
vn -0.0000 0.2126 0.9771
vn 0.2499 0.4192 0.8728
vn 0.8872 -0.4495 -0.1040
vn 0.8921 -0.4298 -0.1392
vn 0.5242 0.1041 0.8452
vn 0.6280 0.1212 0.7687
vn -0.3403 -0.2811 -0.8973
vn -0.2394 -0.3209 -0.9163
vn -0.0000 -0.1815 -0.9834
vn -0.0000 -0.1947 -0.9809
vn 0.4898 0.8403 0.2324
vn 0.5083 0.8612 -0.0000
vn 0.5065 0.8623 -0.0000
vn 0.3978 0.7694 0.4998
vn 0.3897 0.7724 0.5015
vn 0.3661 0.6722 0.6435
vn 0.2976 -0.6327 0.7149
vn -0.5149 -0.2310 0.8256
vn -0.8724 0.4878 0.0312
vn 0.8655 -0.5010 -0.0000
vn 0.6780 -0.6339 0.3721
vn 0.3599 -0.6436 0.6754
vn -0.0000 0.1876 0.9823
vn -0.0000 0.2088 0.9780
vn -0.0000 0.1770 0.9842
vn 0.3650 0.1745 -0.9145
vn 0.5760 0.0546 -0.8157
vn 0.3465 0.0677 -0.9356
vn -0.4592 -0.6158 0.6403
vn -0.4043 -0.5055 0.7622
vn -0.3788 -0.4344 0.8171
vn 0.3374 -0.0004 -0.9414
vn 0.6710 -0.0009 -0.7415
vn 0.8993 0.0008 -0.4374
vn 0.9266 -0.0002 -0.3760
vn -0.0408 0.7106 -0.7024
vn 0.2035 0.6214 -0.7566
vn 0.2728 0.5867 -0.7625
vn -0.8734 0.4853 -0.0399
vn -0.3420 -0.0587 0.9379
vn -0.4130 -0.1379 0.9002
vn -0.3644 -0.3440 0.8654
vn 0.2468 -0.8959 0.3693
vn -0.5020 -0.8165 0.2852
vn -0.4029 0.0184 0.9151
vn -0.6075 -0.0164 0.7941
vn -0.9444 0.0362 0.3269
vn -0.7379 0.0264 0.6744
vn -0.9217 -0.0003 0.3880
vn -0.0000 -0.0897 0.9960
vn -0.5065 -0.8623 -0.0000
vn -0.0000 -0.1947 0.9809
vn -0.0002 -1.0000 -0.0001
vn -0.0001 -1.0000 -0.0001
vn 0.9981 0.0181 -0.0594
vn 0.9992 0.0354 -0.0185
vn 0.9978 -0.0517 -0.0420
vn 0.0708 0.9974 0.0113
vn -0.1175 0.9918 -0.0502
vn 0.8950 -0.4211 0.1472
vn -0.4274 0.8984 -0.1009
vn -0.8381 0.5453 -0.0165
vn -0.8546 0.5190 0.0198
vn 0.8296 0.3710 0.4173
vn 0.6235 0.7392 0.2546
vn 0.8177 0.3545 0.4535
vn 0.6134 0.7394 0.2774
vn 0.4984 0.8670 0.0026
vn -0.0000 -1.0000 0.0001
vn 0.2104 0.3617 -0.9083
vn 0.2233 0.4122 -0.8833
vn 0.2915 0.5019 -0.8143
vn -0.0000 0.2126 -0.9771
vn 0.6618 -0.6787 0.3185
vn 0.1588 0.2938 -0.9426
vn 0.6280 0.1212 -0.7687
vn 0.5242 0.1041 -0.8452
vn 0.6759 0.1184 -0.7274
vn -0.3863 -0.4644 0.7969
vn -0.2394 -0.3209 0.9163
vn -0.3403 -0.2811 0.8973
vn -0.0000 -0.1815 0.9834
vn 0.4968 0.7983 -0.3404
vn 0.4784 0.8115 -0.3355
vn 0.3964 0.7182 -0.5719
vn 0.3691 0.7326 -0.5719
vn 0.3661 0.6722 -0.6435
vn 0.4113 0.6927 -0.5925
vn 0.4050 0.5077 -0.7604
vn -0.7420 0.6363 -0.2109
vn 0.4892 0.4473 -0.7487
vn 0.5491 0.3986 -0.7346
vn -0.0000 0.0968 -0.9953
vn -0.0000 0.1876 -0.9823
vn -0.0000 0.2088 -0.9780
vn -0.9829 -0.0042 0.1839
vn -0.9826 -0.0006 0.1859
vn -0.9809 0.0205 0.1933
vn 0.9826 0.0006 -0.1859
vn 0.9829 0.0042 -0.1839
vn 0.9809 -0.0205 -0.1933
vn 0.2457 -0.5546 0.7950
vn 0.2953 -0.0000 0.9554
vn 0.9829 -0.0000 -0.1844
vn -0.9787 0.0718 0.1925
vn -0.9829 -0.0000 0.1844
vn 0.9787 -0.0718 -0.1925
vn -0.0013 1.0000 -0.0041
vn 0.2927 0.1315 0.9471
vn -0.2953 -0.0000 -0.9554
vn 0.0674 0.1215 0.9903
vn -0.0000 0.1287 0.9917
vn 0.0411 0.1314 0.9905
vn -0.0000 1.0000 -0.0028
vn -0.0051 1.0000 -0.0013
vn -0.0000 1.0000 -0.0042
vn 0.0332 -0.9391 0.3420
vn -0.0000 -0.9072 0.4207
vn -0.0000 -0.9825 0.1863
vn 0.0010 -0.0000 1.0000
vn -0.0000 -0.9964 0.0850
vn -0.0000 0.1878 -0.9822
vn -0.0000 -0.0519 -0.9987
vn -0.0000 0.9716 -0.2368
vn -0.0000 -0.4670 0.8843
vn -0.0000 -0.1147 0.9934
vn -0.0000 0.2532 0.9674
vn -0.0000 -0.2479 -0.9688
vn 0.0228 -0.9862 0.1639
vn 0.0351 -0.9864 0.1605
vn 0.0649 -0.9843 0.1640
vn 0.4529 0.3131 0.8348
vn -0.0000 0.5867 0.8098
vn -0.0000 0.3676 0.9300
vn 0.3231 0.7702 -0.5499
vn 0.7901 0.5851 -0.1829
vn 0.7921 0.5634 -0.2350
vn -0.0000 0.4516 -0.8922
vn 0.2881 0.1520 -0.9455
vn -0.0000 0.1552 -0.9879
vn -0.1433 -0.9897 -0.0079
vn -0.1106 -0.9938 0.0130
vn -0.1777 -0.9838 0.0243
vn 0.3721 0.7738 0.5126
vn -0.0000 0.9739 0.2271
vn -0.0000 0.8316 0.5553
vn 0.7084 -0.0131 -0.7057
vn 0.1979 -0.1220 -0.9726
vn 0.2163 0.0002 -0.9763
vn 0.4189 0.5650 0.7108
vn 0.8324 0.1863 0.5220
vn 0.8335 0.3735 0.4071
vn 0.7088 0.6263 0.3246
vn 0.9481 0.3115 -0.0633
vn 0.7470 0.6634 0.0438
vn -0.0000 0.7722 -0.6353
vn 0.2639 0.4341 -0.8614
vn 0.9693 0.1523 0.1932
vn 0.7239 0.3577 -0.5899
vn 0.9169 0.2040 0.3429
vn 0.8145 0.0880 0.5735
vn 0.8741 -0.0247 0.4852
vn 0.4710 0.1951 0.8603
vn -0.0000 0.2363 0.9717
vn 0.2693 0.0732 -0.9603
vn 0.6971 0.1119 -0.7082
vn 0.7168 0.1285 -0.6853
vn 0.4740 0.0796 0.8769
vn -0.0000 0.1190 0.9929
vn 0.8046 -0.0455 0.5921
vn 0.9026 -0.0330 -0.4291
vn 0.9391 -0.0307 -0.3422
vn 0.7002 -0.2408 -0.6721
vn 0.8391 0.0083 0.5440
vn -0.0000 -0.2552 -0.9669
vn -0.1119 -0.6474 -0.7539
vn -0.3602 -0.2469 -0.8996
vn -0.2471 -0.2004 0.9480
vn -0.5122 -0.5929 0.6214
vn -0.1899 -0.6235 0.7584
vn -0.6656 -0.7449 0.0453
vn -0.2222 -0.9397 0.2600
vn -0.0000 -0.9356 -0.3531
vn -0.0674 -0.9557 0.2867
vn -0.3350 -0.9421 0.0159
vn -0.3212 -0.9044 -0.2808
vn 0.0868 -0.9684 0.2338
vn 0.2590 -0.6810 0.6849
vn 0.2702 -0.6462 0.7137
vn -0.0713 -0.2594 -0.9631
vn -0.0315 -0.5020 -0.8643
vn -0.0000 -0.5160 -0.8566
vn 0.3540 -0.0226 0.9350
vn 0.3476 -0.1911 0.9180
vn 0.3540 -0.0208 0.9350
vn -0.0018 -0.1681 -0.9858
vn -0.1001 -0.2700 -0.9576
vn 0.0004 -0.9972 -0.0743
vn 0.0678 -0.9804 0.1851
vn 0.3539 0.0318 0.9347
vn -0.0000 -0.0139 -0.9999
vn -0.4276 -0.0516 -0.9025
vn -0.1884 -0.1220 0.9745
vn -0.4991 -0.1321 0.8564
vn -0.1654 -0.0390 0.9855
vn -0.5099 -0.1562 0.8459
vn 0.1120 -0.8757 -0.4696
vn -0.0339 0.0177 -0.9993
vn 0.3465 -0.2063 0.9151
vn 0.3537 0.0477 0.9342
vn -0.1437 0.1309 0.9809
vn -0.5379 -0.0496 0.8415
vn -0.0000 -0.8928 -0.4504
vn -0.0000 -0.9060 -0.4232
vn -0.0000 -0.9978 -0.0658
vn -0.0000 -0.9806 0.1958
vn -0.0000 -0.9766 0.2152
vn 0.7925 -0.1159 0.5987
vn 0.7997 0.2211 0.5581
vn -0.0845 -0.9964 0.0111
vn -0.0000 -0.9998 0.0212
vn 0.5041 -0.0327 0.8630
vn -0.0000 0.0433 0.9991
vn -0.0000 -0.1736 -0.9848
vn -0.0000 -0.1280 -0.9918
vn 0.9406 -0.0113 -0.3393
vn -0.0000 0.1474 0.9891
vn -0.0000 -0.0172 0.9999
vn -0.0000 -0.0712 0.9975
vn -0.0000 -0.1851 0.9827
vn -0.0000 -0.6321 0.7749
vn -0.0000 -0.9480 0.3183
vn -0.0000 -0.0158 -0.9999
vn -0.0000 0.9654 -0.2609
vn 0.4411 0.8641 -0.2424
vn 0.3656 0.9060 0.2136
vn 0.9930 0.0172 -0.1171
vn 0.8660 0.3443 -0.3626
vn 0.9267 0.2149 -0.3082
vn 0.9159 0.3426 -0.2091
vn 0.9350 0.2825 -0.2146
vn -0.8339 0.0277 0.5512
vn -0.5557 0.1195 0.8228
vn -0.8173 0.0119 0.5761
vn -0.8202 -0.0017 0.5721
vn -0.7543 -0.0172 0.6563
vn -0.7160 -0.6950 -0.0663
vn -0.8060 -0.5392 0.2442
vn -0.7028 -0.6276 -0.3348
vn -0.6500 -0.7323 -0.2031
vn -0.7662 -0.2685 0.5839
vn -0.4250 -0.9019 -0.0774
vn -0.6716 -0.6929 -0.2625
vn -0.4191 -0.6609 -0.6225
vn -0.7890 -0.1767 -0.5884
vn -0.6881 -0.3885 -0.6128
vn -0.4693 0.0947 -0.8780
vn -0.5357 0.1033 -0.8381
vn -0.6616 -0.0774 -0.7459
vn 0.9798 0.1998 -0.0000
vn 0.9611 0.2744 0.0322
vn 0.9844 -0.0244 0.1743
vn 0.9717 0.2013 0.1236
vn 0.8529 -0.3728 0.3655
vn 0.9412 0.3377 -0.0134
vn 0.9611 0.2744 -0.0322
vn 0.5263 0.7867 0.3226
vn 0.5492 0.7714 -0.3213
vn 0.5492 0.7714 0.3213
vn 0.4442 0.4742 0.7601
vn 0.2882 -0.1279 0.9490
vn 0.2870 0.1664 0.9434
vn 0.3382 0.1390 0.9307
vn 0.3264 -0.4582 0.8267
vn 0.3438 -0.4774 0.8086
vn 0.3976 0.4767 0.7840
vn 0.3976 0.4767 -0.7840
vn 0.3382 0.1390 -0.9307
vn 0.4442 0.4742 -0.7601
vn 0.3438 -0.4774 -0.8086
vn 0.3691 -0.8596 -0.3533
vn 0.3692 -0.8577 -0.3578
vn 0.3691 -0.8596 0.3533
vn 0.3692 -0.8577 0.3578
vn 0.5263 0.7867 -0.3226
vn 0.2882 -0.1279 -0.9490
vn 0.3264 -0.4582 -0.8267
vn 0.2870 0.1664 -0.9434
vn 0.9227 -0.3720 -0.1010
vn 0.9227 -0.3720 0.1010
vn 0.9844 -0.0244 -0.1743
vn 0.8869 0.4619 0.0006
vn 0.8869 0.4619 -0.0006
vn 0.9412 0.3377 0.0134
vn 0.8529 -0.3728 -0.3655
vn 0.8899 -0.4207 -0.1763
vn 0.8899 -0.4207 0.1763
vn 0.9717 0.2013 -0.1236
vn 0.9814 0.1919 0.0026
vn 0.9774 0.1598 0.1386
vn 0.9724 0.1663 0.1636
vn 0.9213 0.1185 -0.3703
vn 0.8825 0.0089 -0.4702
vn 0.9309 0.1873 -0.3135
vn 0.8334 -0.1395 -0.5348
vn 0.8460 -0.0647 -0.5292
vn 0.8321 -0.1310 -0.5389
vn 0.8519 -0.0946 -0.5151
vn 0.8737 -0.0119 -0.4863
vn 0.9595 0.2511 -0.1273
vn 0.9047 0.0275 0.4252
vn 0.8951 -0.0120 0.4458
vn 0.8966 -0.0090 0.4428
vn 0.9319 0.0759 0.3546
vn 0.9081 0.0343 0.4174
vn 0.9645 0.2174 -0.1501
vn 0.9887 0.1440 -0.0409
vn 0.8904 -0.0273 0.4543
vn 0.8859 -0.0658 0.4592
vn 0.9469 0.1301 0.2941
vn -0.0000 0.9739 -0.2268
vn -0.0000 0.9969 0.0788
vn -0.0000 -0.9018 0.4322
vn -0.0000 -0.3356 -0.9420
vn -0.0000 -0.5804 -0.8144
vn -0.0000 0.2368 -0.9715
vn -0.0000 0.7196 -0.6944
vn -0.0000 0.2368 -0.9716
vn -0.0000 0.9385 0.3453
vn -0.0000 -0.8936 -0.4489
vn -0.0000 -0.0728 -0.9973
vn -0.0000 -0.1234 0.9924
vn -0.0000 -0.0112 0.9999
vn -0.0000 -0.9902 -0.1395
vn -0.0000 0.6900 0.7238
vn -0.0000 0.3141 0.9494
vn -0.0000 -0.3095 -0.9509
vn -0.0000 -0.3202 -0.9474
vn -0.0000 -0.1628 -0.9867
vn -0.0000 -0.6484 0.7613
vn -0.0000 -0.3518 0.9361
vn -0.0000 -0.9950 -0.0999
vn -0.0000 0.1457 0.9893
vn -0.0000 -0.9445 0.3286
vn -0.0000 0.1100 0.9939
vn 0.2495 0.2281 0.9411
vn 0.2477 0.2291 0.9414
vn 0.2504 0.2279 0.9409
vn -0.0000 -0.9888 0.1491
vn 0.0198 -0.9887 0.1486
vn -0.0000 -0.9888 0.1494
vn -0.0201 0.9887 -0.1486
vn -0.0000 0.9888 -0.1491
vn -0.0000 0.9888 -0.1494
vn -0.1160 -0.2453 -0.9625
vn -0.0889 -0.2321 -0.9686
vn -0.1121 -0.2309 -0.9665
vn 0.9959 -0.0000 -0.0906
vn -0.1224 -0.9874 -0.0998
vn -0.0716 -0.9793 -0.1892
vn 0.9660 -0.2538 -0.0490
vn 0.8766 -0.4813 -0.0061
vn 0.9660 -0.2538 -0.0489
vn 0.8587 -0.5125 0.0002
vn 0.5186 -0.8510 0.0825
vn 0.4865 -0.8692 0.0882
vn 0.2730 -0.9544 0.1204
vn 0.9591 0.2540 -0.1254
vn 0.8568 0.4927 -0.1521
vn 0.9591 0.2539 -0.1254
vn 0.8512 0.5021 -0.1531
vn 0.4751 0.8626 -0.1736
vn 0.2468 0.9546 -0.1669
vn 0.4830 0.8582 -0.1736
vn -0.0000 -0.4997 -0.8662
vn -0.0000 -0.9238 -0.3829
vn -0.0000 0.1304 0.9915
vn -0.0000 0.4997 0.8662
vn -0.0000 0.9238 0.3829
vn -0.0000 0.9238 -0.3829
vn -0.0000 -0.1304 0.9915
vn -0.0000 -0.1304 -0.9915
vn -0.0000 0.1304 -0.9915
vn -0.0000 -0.4997 0.8662
vn -0.0000 0.4997 -0.8662
vn -0.0000 -0.9238 0.3829
vn 0.0353 -0.9203 0.3897
vn 0.2421 -0.5726 0.7833
vn 0.1076 -0.9313 0.3481
vn -0.0010 -0.0000 -1.0000
vn -0.6250 0.4673 0.6253
vn -0.7046 0.0821 0.7049
vn -0.7046 0.0821 -0.7049
vn -0.6250 0.4673 -0.6253
vn -0.9969 0.0782 -0.0000
vn -0.8864 0.4630 -0.0000
vn -0.2772 0.9199 0.2774
vn -0.3452 0.8727 0.3455
vn -0.3452 0.8727 -0.3455
vn -0.2772 0.9199 -0.2774
vn -0.4935 0.8698 -0.0000
vn -0.4284 0.9036 -0.0000
vn -0.6845 0.2492 0.6851
vn -0.6845 0.2493 -0.6851
vn -0.9737 0.2280 -0.0000
vn -0.7664 -0.6423 -0.0000
vn -0.7069 -0.0000 0.7073
vn -0.7069 -0.0000 -0.7073
vn -0.5553 -0.6189 -0.5555
vn -0.5553 -0.6189 0.5555
vn -0.0000 -0.6424 0.7664
vn -0.9996 -0.0300 -0.0000
vn -0.6877 -0.2319 -0.6880
vn -0.9747 -0.2236 -0.0000
vn -0.8990 0.4380 -0.0000
vn -0.6958 -0.0144 -0.7181
vn -0.6958 -0.0144 0.7181
vn -0.6877 -0.2319 0.6880
vn -0.7450 -0.6671 -0.0000
vn -0.5607 -0.6091 -0.5610
vn -0.5059 -0.6985 -0.5062
vn -0.5059 -0.6985 0.5062
vn -0.5607 -0.6091 0.5610
vn -0.7994 -0.6008 -0.0000
vn -0.2282 0.9347 -0.2726
vn -0.6010 0.4294 -0.6741
vn -0.3395 0.9406 -0.0000
vn -0.2282 0.9347 0.2726
vn -0.6010 0.4294 0.6741
vn -0.3650 0.1745 0.9145
vn -0.6291 0.0530 0.7755
vn -0.3465 0.0677 0.9356
vn 0.4592 -0.6158 -0.6403
vn 0.4043 -0.5055 -0.7622
vn 0.3788 -0.4344 -0.8171
vn -0.3374 -0.0004 0.9414
vn -0.7528 -0.0002 0.6583
vn -0.9535 0.0013 0.3015
vn -0.9613 0.0004 0.2756
vn -0.9999 0.0009 0.0103
vn -1.0000 -0.0000 0.0096
vn 0.8952 0.3248 0.3054
vn 0.5384 -0.2110 0.8158
vn 0.5149 -0.2310 0.8256
vn 0.8654 0.5010 -0.0000
vn 0.8733 0.4857 0.0370
vn 0.8643 0.5030 -0.0000
vn 0.3420 -0.0587 -0.9379
vn 0.4130 -0.1379 -0.9002
vn 0.3644 -0.3440 -0.8654
vn -0.2468 -0.8959 -0.3693
vn 0.5020 -0.8165 -0.2852
vn 0.4029 0.0184 -0.9151
vn 0.6075 -0.0164 -0.7941
vn 0.9444 0.0362 -0.3269
vn 0.7379 0.0264 -0.6744
vn 0.9217 -0.0003 -0.3880
vn 1.0000 0.0008 -0.0000
vn -0.2600 -0.9656 -0.0000
vn 0.5065 -0.8623 -0.0000
vn 0.0002 -1.0000 -0.0000
vn 0.0001 -1.0000 -0.0000
vn -0.9997 -0.0026 0.0239
vn -0.9984 0.0551 -0.0124
vn -0.9867 -0.1611 -0.0238
vn -0.0763 0.9970 -0.0100
vn 0.0768 0.9967 0.0259
vn -0.0392 0.9992 -0.0000
vn -0.8982 -0.4197 -0.1308
vn 0.4907 0.8687 0.0679
vn 0.8386 0.5446 0.0122
vn -0.8632 -0.5049 -0.0000
vn 0.8546 0.5190 -0.0198
vn 0.8611 0.5084 -0.0000
vn -0.8694 0.4065 -0.2810
vn -0.5826 0.7791 -0.2314
vn -0.8873 0.3559 -0.2932
vn 0.0003 -1.0000 -0.0000
vn -0.4975 0.8675 0.0044
vn -0.4984 0.8670 0.0026
vn -0.2104 0.3617 0.9083
vn -0.2233 0.4122 0.8833
vn -0.2915 0.5019 0.8143
vn -0.8872 -0.4495 -0.1040
vn -0.1588 0.2938 0.9426
vn -0.6280 0.1212 0.7687
vn -0.5242 0.1041 0.8452
vn -0.6759 0.1184 0.7274
vn 0.3863 -0.4644 -0.7969
vn 0.2394 -0.3209 -0.9163
vn 0.3403 -0.2811 -0.8973
vn -0.4898 0.8403 0.2324
vn -0.5083 0.8612 -0.0000
vn -0.5080 0.8324 0.2216
vn -0.3978 0.7694 0.4998
vn -0.3897 0.7724 0.5015
vn -0.3661 0.6722 0.6435
vn -0.4113 0.6927 0.5925
vn -0.2976 -0.6327 0.7149
vn 0.8724 0.4878 0.0312
vn -0.8655 -0.5010 -0.0000
vn -0.3599 -0.6436 0.6754
vn -0.6780 -0.6339 0.3721
vn -0.5760 0.0546 -0.8157
vn -0.3650 0.1745 -0.9145
vn -0.3465 0.0677 -0.9356
vn 0.4592 -0.6158 0.6403
vn 0.4043 -0.5055 0.7622
vn 0.3863 -0.4644 0.7969
vn -0.3374 -0.0004 -0.9414
vn -0.8993 0.0008 -0.4374
vn -0.6710 -0.0009 -0.7415
vn -0.9266 -0.0002 -0.3760
vn 0.0408 0.7106 -0.7024
vn -0.2035 0.6214 -0.7566
vn 0.7420 0.6363 -0.2109
vn 0.8734 0.4853 -0.0399
vn 0.3420 -0.0587 0.9379
vn 0.4130 -0.1379 0.9002
vn 0.6075 -0.0164 0.7941
vn -0.2468 -0.8959 0.3693
vn 0.5020 -0.8165 0.2852
vn 0.4029 0.0184 0.9151
vn 0.7379 0.0264 0.6744
vn 0.9444 0.0362 0.3269
vn 0.9217 -0.0003 0.3880
vn 0.3788 -0.4344 0.8171
vn 0.3644 -0.3440 0.8654
vn 0.0002 -1.0000 -0.0001
vn 0.0001 -1.0000 -0.0001
vn -0.9992 0.0354 -0.0185
vn -0.9981 0.0181 -0.0594
vn -0.9978 -0.0517 -0.0420
vn 0.1175 0.9918 -0.0502
vn -0.0708 0.9974 0.0113
vn -0.8950 -0.4211 0.1472
vn 0.8381 0.5453 -0.0165
vn 0.4274 0.8984 -0.1009
vn 0.8546 0.5190 0.0198
vn -0.6235 0.7392 0.2546
vn -0.8296 0.3710 0.4173
vn -0.8177 0.3545 0.4535
vn -0.6134 0.7394 0.2774
vn -0.9968 -0.0376 -0.0711
vn -0.2973 0.4943 -0.8169
vn -0.1583 0.3062 -0.9387
vn -0.2051 0.3629 -0.9090
vn -0.2499 0.4192 -0.8728
vn -0.6618 -0.6787 0.3185
vn -0.5242 0.1041 -0.8452
vn -0.6280 0.1212 -0.7687
vn 0.3403 -0.2811 0.8973
vn 0.2394 -0.3209 0.9163
vn -0.4968 0.7983 -0.3404
vn -0.5065 0.8623 -0.0000
vn -0.3964 0.7182 -0.5719
vn -0.4784 0.8115 -0.3355
vn -0.3661 0.6722 -0.6435
vn -0.3691 0.7326 -0.5719
vn -0.4050 0.5077 -0.7604
vn -0.2728 0.5867 -0.7625
vn 0.8736 0.4854 -0.0359
vn -0.8916 -0.4323 0.1348
vn -0.5491 0.3986 -0.7346
vn -0.4892 0.4473 -0.7487
vn -0.0000 0.1770 -0.9842
vn 0.9826 -0.0006 0.1859
vn 0.9829 -0.0042 0.1839
vn 0.9809 0.0205 0.1933
vn -0.9826 0.0006 -0.1859
vn -0.9829 0.0042 -0.1839
vn -0.9840 -0.0000 -0.1779
vn -0.2953 -0.0000 0.9554
vn -0.2457 -0.5546 0.7950
vn -0.9829 -0.0000 -0.1844
vn 0.9829 -0.0000 0.1844
vn 0.9787 0.0718 0.1925
vn -0.9787 -0.0718 -0.1925
vn 0.0013 1.0000 -0.0041
vn -0.2927 0.1315 0.9471
vn 0.2953 -0.0000 -0.9554
vn -0.0674 0.1215 0.9903
vn -0.0000 0.1188 0.9929
vn 0.0051 1.0000 -0.0013
vn -0.0332 -0.9391 0.3420
vn -0.0010 -0.0000 1.0000
vn -0.0228 -0.9862 0.1639
vn -0.0351 -0.9864 0.1605
vn -0.0230 -0.9886 0.1489
vn -0.4529 0.3131 0.8348
vn -0.3231 0.7702 -0.5499
vn -0.7901 0.5851 -0.1829
vn -0.4411 0.8641 -0.2424
vn -0.2881 0.1520 -0.9455
vn 0.1106 -0.9938 0.0130
vn 0.1433 -0.9897 -0.0079
vn 0.1777 -0.9838 0.0243
vn -0.3721 0.7738 0.5126
vn -0.3656 0.9060 0.2136
vn -0.7084 -0.0131 -0.7057
vn -0.1979 -0.1220 -0.9726
vn -0.7002 -0.2408 -0.6721
vn -0.4189 0.5650 0.7108
vn -0.8324 0.1863 0.5220
vn -0.9481 0.3115 -0.0633
vn -0.7088 0.6263 0.3246
vn -0.7470 0.6634 0.0438
vn -0.2639 0.4341 -0.8614
vn -0.9693 0.1523 0.1932
vn -0.9930 0.0172 -0.1171
vn -0.7239 0.3577 -0.5899
vn -0.9169 0.2040 0.3429
vn -0.8145 0.0880 0.5735
vn -0.8741 -0.0247 0.4852
vn -0.4710 0.1951 0.8603
vn -0.2693 0.0732 -0.9603
vn -0.6971 0.1119 -0.7082
vn -0.2163 0.0002 -0.9763
vn -0.7168 0.1285 -0.6853
vn -0.4740 0.0796 0.8769
vn -0.8046 -0.0455 0.5921
vn -0.9026 -0.0330 -0.4291
vn -0.9406 -0.0113 -0.3393
vn -0.9391 -0.0307 -0.3422
vn -0.9215 -0.0017 -0.3884
vn -0.8391 0.0083 0.5440
vn 0.1119 -0.6474 -0.7539
vn -0.0000 -0.6271 -0.7789
vn 0.2471 -0.2004 0.9480
vn 0.5122 -0.5929 0.6214
vn 0.4991 -0.1321 0.8564
vn 0.2222 -0.9397 0.2600
vn 0.6656 -0.7449 0.0453
vn 0.4250 -0.9019 -0.0774
vn 0.1899 -0.6235 0.7584
vn -0.2590 -0.6810 0.6849
vn -0.0868 -0.9684 0.2338
vn -0.2702 -0.6462 0.7137
vn 0.0315 -0.5020 -0.8643
vn 0.0713 -0.2594 -0.9631
vn -0.3540 -0.0226 0.9350
vn -0.3476 -0.1911 0.9180
vn -0.3465 -0.2063 0.9151
vn 0.1001 -0.2700 -0.9576
vn 0.0018 -0.1681 -0.9858
vn -0.0678 -0.9804 0.1851
vn -0.0004 -0.9972 -0.0743
vn -0.3539 0.0318 0.9347
vn 0.3602 -0.2469 -0.8996
vn 0.1884 -0.1220 0.9745
vn 0.5099 -0.1562 0.8459
vn 0.1654 -0.0390 0.9855
vn 0.5379 -0.0496 0.8415
vn -0.1120 -0.8757 -0.4696
vn -0.1883 -0.6933 -0.6956
vn -0.3537 0.0477 0.9342
vn 0.1437 0.1309 0.9809
vn 0.5557 0.1195 0.8228
vn -0.7925 -0.1159 0.5987
vn -0.7997 0.2211 0.5581
vn 0.0845 -0.9964 0.0111
vn -0.5041 -0.0327 0.8630
vn -0.8335 0.3735 0.4071
vn 0.0674 -0.9556 0.2867
vn -0.8660 0.3443 -0.3626
vn -0.9267 0.2149 -0.3082
vn -0.9159 0.3426 -0.2091
vn -0.7921 0.5634 -0.2350
vn -0.9350 0.2825 -0.2146
vn 0.8339 0.0277 0.5512
vn 0.8202 -0.0017 0.5721
vn 0.7543 -0.0172 0.6563
vn 0.7160 -0.6950 -0.0663
vn 0.8060 -0.5392 0.2442
vn 0.6500 -0.7323 -0.2031
vn 0.7028 -0.6276 -0.3348
vn -0.0649 -0.9843 0.1640
vn 0.7662 -0.2685 0.5839
vn 0.3350 -0.9421 0.0159
vn 0.6716 -0.6929 -0.2625
vn 0.4191 -0.6609 -0.6225
vn 0.3212 -0.9044 -0.2808
vn 0.6881 -0.3885 -0.6128
vn 0.7890 -0.1767 -0.5884
vn 0.4693 0.0947 -0.8780
vn 0.5357 0.1033 -0.8381
vn 0.4276 -0.0516 -0.9025
vn 0.6616 -0.0774 -0.7459
vn 0.7546 0.0166 -0.6560
vn -0.9611 0.2744 0.0322
vn -0.9798 0.1998 -0.0000
vn -0.9717 0.2013 0.1236
vn -0.9844 -0.0244 0.1743
vn -0.8529 -0.3728 0.3655
vn -0.9412 0.3377 -0.0134
vn -0.8869 0.4619 0.0006
vn -0.9611 0.2744 -0.0322
vn -0.5492 0.7714 -0.3213
vn -0.5263 0.7867 0.3226
vn -0.5492 0.7714 0.3213
vn -0.4442 0.4742 0.7601
vn -0.3976 0.4767 0.7840
vn -0.2882 -0.1279 0.9490
vn -0.2870 0.1664 0.9434
vn -0.2501 -0.0930 0.9638
vn -0.3264 -0.4582 0.8267
vn -0.3438 -0.4774 0.8086
vn -0.3382 0.1390 0.9307
vn -0.3382 0.1390 -0.9307
vn -0.3976 0.4767 -0.7840
vn -0.4442 0.4742 -0.7601
vn -0.3438 -0.4774 -0.8086
vn -0.3691 -0.8596 -0.3533
vn -0.3264 -0.4582 -0.8267
vn -0.3691 -0.8596 0.3533
vn -0.3692 -0.8577 0.3578
vn -0.5263 0.7867 -0.3226
vn -0.2882 -0.1279 -0.9490
vn -0.2501 -0.0930 -0.9638
vn -0.3692 -0.8577 -0.3578
vn -0.2870 0.1664 -0.9434
vn -0.9227 -0.3720 0.1010
vn -0.9844 -0.0244 -0.1743
vn -0.9227 -0.3720 -0.1010
vn -0.8869 0.4619 -0.0006
vn -0.9412 0.3377 0.0134
vn -0.8529 -0.3728 -0.3655
vn -0.8899 -0.4207 0.1763
vn -0.9717 0.2013 -0.1236
vn -0.8899 -0.4207 -0.1763
vn -0.9774 0.1598 0.1386
vn -0.9814 0.1919 0.0026
vn -0.9724 0.1663 0.1636
vn -0.9213 0.1185 -0.3703
vn -0.8825 0.0089 -0.4702
vn -0.8737 -0.0119 -0.4863
vn -0.8460 -0.0647 -0.5292
vn -0.8334 -0.1395 -0.5348
vn -0.8321 -0.1310 -0.5389
vn -0.8519 -0.0946 -0.5151
vn -0.9595 0.2511 -0.1273
vn -0.9309 0.1873 -0.3135
vn -0.8951 -0.0120 0.4458
vn -0.9047 0.0275 0.4252
vn -0.8966 -0.0090 0.4428
vn -0.9319 0.0759 0.3546
vn -0.9081 0.0343 0.4174
vn -0.9469 0.1301 0.2941
vn -0.9645 0.2174 -0.1501
vn -0.8904 -0.0273 0.4543
vn -0.8859 -0.0658 0.4592
vn -0.2489 0.2298 0.9409
vn -0.2496 0.2279 0.9411
vn -0.0000 0.2343 0.9722
vn -0.0198 -0.9887 0.1486
vn 0.0201 0.9887 -0.1486
vn 0.0202 0.9887 -0.1482
vn 0.1085 -0.2205 -0.9693
vn 0.1177 -0.2479 -0.9616
vn 0.1281 -0.2323 -0.9642
vn -0.9959 -0.0000 -0.0906
vn 0.1224 -0.9874 -0.0998
vn 0.0716 -0.9793 -0.1892
vn -0.9660 -0.2538 -0.0490
vn -0.8766 -0.4813 -0.0061
vn -0.8587 -0.5125 0.0002
vn -0.5186 -0.8510 0.0825
vn -0.4865 -0.8692 0.0882
vn -0.2730 -0.9544 0.1204
vn -0.2730 -0.9545 0.1204
vn -0.9591 0.2540 -0.1254
vn -0.8568 0.4927 -0.1521
vn -0.8512 0.5021 -0.1531
vn -0.4751 0.8626 -0.1736
vn -0.4830 0.8582 -0.1736
vn -0.2467 0.9546 -0.1669
vn -0.0353 -0.9203 0.3897
vn -0.0000 -0.7794 0.6265
vn -0.2421 -0.5726 0.7833
vn -0.1076 -0.9313 0.3481
vn 0.0010 -0.0000 -1.0000
vn -0.0000 0.9924 -0.1232
vn 0.9753 0.1052 0.1940
vn 0.9160 -0.1301 0.3794
vn 0.9725 -0.1301 0.1934
vn 0.9945 0.1052 -0.0000
vn 0.9915 -0.1301 -0.0000
vn 0.9753 0.1052 -0.1940
vn 0.9725 -0.1301 -0.1934
vn 0.9188 0.1052 -0.3806
vn 0.9160 -0.1301 -0.3794
vn 0.8269 0.1052 -0.5525
vn 0.8244 -0.1301 -0.5509
vn 0.7032 0.1052 -0.7032
vn 0.7011 -0.1301 -0.7011
vn 0.5525 0.1052 -0.8269
vn 0.5509 -0.1301 -0.8244
vn 0.3806 0.1052 -0.9188
vn 0.3794 -0.1301 -0.9160
vn 0.1940 0.1052 -0.9753
vn 0.1934 -0.1301 -0.9725
vn 0.3806 0.1052 0.9188
vn 0.1934 -0.1301 0.9725
vn 0.3794 -0.1301 0.9160
vn 0.5525 0.1052 0.8269
vn 0.5509 -0.1301 0.8244
vn 0.7032 0.1052 0.7032
vn 0.7011 -0.1301 0.7011
vn 0.8269 0.1052 0.5525
vn 0.8244 -0.1301 0.5508
vn 0.9188 0.1052 0.3806
vn 0.1940 0.1052 0.9753
vn -0.0000 -0.1301 0.9915
vn -0.0000 0.9855 0.1699
vn 0.1699 0.9855 -0.0000
vn 0.1201 0.9855 -0.1201
vn 0.1766 0.4246 0.8880
vn -0.0000 0.1052 0.9945
vn 0.1137 0.8127 0.5714
vn -0.0000 0.4246 0.9054
vn 0.0331 0.9855 0.1666
vn -0.0000 0.8127 0.5826
vn 0.3465 0.4246 0.8364
vn 0.2230 0.8127 0.5383
vn 0.0650 0.9855 0.1570
vn 0.5030 0.4246 0.7528
vn 0.3237 0.8127 0.4844
vn 0.0944 0.9855 0.1413
vn 0.4120 0.8127 0.4120
vn 0.6402 0.4246 0.6402
vn 0.1201 0.9855 0.1201
vn 0.4844 0.8127 0.3237
vn 0.7528 0.4246 0.5030
vn 0.1413 0.9855 0.0944
vn 0.8364 0.4246 0.3465
vn 0.5383 0.8127 0.2230
vn 0.5714 0.8127 0.1137
vn 0.8880 0.4246 0.1766
vn 0.1570 0.9855 0.0650
vn 0.5826 0.8127 -0.0000
vn 0.9054 0.4246 -0.0000
vn 0.8880 0.4246 -0.1766
vn 0.5714 0.8127 -0.1137
vn 0.1666 0.9855 -0.0331
vn 0.8364 0.4246 -0.3465
vn 0.5383 0.8127 -0.2230
vn 0.1570 0.9855 -0.0650
vn 0.7528 0.4246 -0.5030
vn 0.4844 0.8127 -0.3237
vn 0.1413 0.9855 -0.0944
vn 0.6402 0.4246 -0.6402
vn 0.4120 0.8127 -0.4120
vn 0.5030 0.4246 -0.7528
vn 0.3237 0.8127 -0.4844
vn 0.3465 0.4246 -0.8364
vn 0.2230 0.8127 -0.5383
vn 0.0944 0.9855 -0.1413
vn 0.1137 0.8127 -0.5714
vn 0.1766 0.4246 -0.8880
vn 0.0650 0.9855 -0.1570
vn -0.0000 0.1052 -0.9945
vn -0.0000 0.8127 -0.5826
vn -0.0000 0.4246 -0.9054
vn 0.0331 0.9855 -0.1666
vn -0.0000 -0.1301 -0.9915
vn 0.0269 -0.9904 0.1352
vn -0.0000 -0.8600 0.5104
vn -0.0000 -0.9904 0.1379
vn 0.0996 -0.8600 0.5006
vn -0.0000 -0.4947 0.8691
vn 0.1695 -0.4947 0.8524
vn 0.0528 -0.9904 0.1274
vn 0.1953 -0.8600 0.4715
vn 0.3326 -0.4947 0.8029
vn 0.0766 -0.9904 0.1147
vn 0.2835 -0.8600 0.4244
vn 0.4828 -0.4947 0.7226
vn 0.3609 -0.8600 0.3609
vn 0.0975 -0.9904 0.0975
vn 0.6145 -0.4947 0.6145
vn 0.4243 -0.8600 0.2835
vn 0.1147 -0.9904 0.0766
vn 0.7226 -0.4947 0.4828
vn 0.4715 -0.8600 0.1953
vn 0.1274 -0.9904 0.0528
vn 0.8029 -0.4947 0.3326
vn 0.5006 -0.8600 0.0996
vn 0.1352 -0.9904 0.0269
vn 0.8524 -0.4947 0.1695
vn 0.5104 -0.8600 -0.0000
vn 0.1379 -0.9904 -0.0000
vn 0.8691 -0.4947 -0.0000
vn 0.1352 -0.9904 -0.0269
vn 0.5006 -0.8600 -0.0996
vn 0.8524 -0.4947 -0.1695
vn 0.1274 -0.9904 -0.0528
vn 0.4715 -0.8600 -0.1953
vn 0.8029 -0.4947 -0.3326
vn 0.1147 -0.9904 -0.0766
vn 0.4244 -0.8600 -0.2835
vn 0.7226 -0.4947 -0.4828
vn 0.3609 -0.8600 -0.3609
vn 0.0975 -0.9904 -0.0975
vn 0.6145 -0.4947 -0.6145
vn 0.2835 -0.8600 -0.4243
vn 0.0766 -0.9904 -0.1147
vn 0.4828 -0.4947 -0.7226
vn 0.1953 -0.8600 -0.4715
vn 0.0528 -0.9904 -0.1274
vn 0.3326 -0.4947 -0.8029
vn 0.0996 -0.8600 -0.5006
vn 0.0269 -0.9904 -0.1352
vn 0.1695 -0.4947 -0.8524
vn -0.0000 -0.8600 -0.5104
vn -0.0000 -0.9904 -0.1379
vn -0.0000 -0.4947 -0.8691
vn -0.9160 -0.1301 0.3794
vn -0.9753 0.1052 0.1940
vn -0.9725 -0.1301 0.1934
vn -0.9945 0.1052 -0.0000
vn -0.9915 -0.1301 -0.0000
vn -0.9753 0.1052 -0.1940
vn -0.9725 -0.1301 -0.1934
vn -0.9188 0.1052 -0.3806
vn -0.9160 -0.1301 -0.3794
vn -0.8269 0.1052 -0.5525
vn -0.8244 -0.1301 -0.5509
vn -0.7032 0.1052 -0.7032
vn -0.7011 -0.1301 -0.7011
vn -0.5525 0.1052 -0.8269
vn -0.5509 -0.1301 -0.8244
vn -0.3806 0.1052 -0.9188
vn -0.3794 -0.1301 -0.9160
vn -0.1940 0.1052 -0.9753
vn -0.1934 -0.1301 -0.9725
vn -0.1934 -0.1301 0.9725
vn -0.3806 0.1052 0.9188
vn -0.3794 -0.1301 0.9160
vn -0.5525 0.1052 0.8269
vn -0.5509 -0.1301 0.8244
vn -0.7032 0.1052 0.7032
vn -0.7011 -0.1301 0.7011
vn -0.8269 0.1052 0.5525
vn -0.8244 -0.1301 0.5508
vn -0.9188 0.1052 0.3806
vn -0.1940 0.1052 0.9753
vn -0.0331 0.9855 -0.1666
vn -0.1666 0.9855 0.0331
vn -0.0944 0.9855 0.1413
vn -0.1766 0.4246 0.8880
vn -0.1137 0.8127 0.5714
vn -0.0331 0.9855 0.1666
vn -0.3465 0.4246 0.8364
vn -0.2230 0.8127 0.5383
vn -0.0650 0.9855 0.1570
vn -0.5030 0.4246 0.7528
vn -0.3237 0.8127 0.4844
vn -0.6402 0.4246 0.6402
vn -0.4120 0.8127 0.4120
vn -0.1201 0.9855 0.1201
vn -0.7528 0.4246 0.5030
vn -0.4844 0.8127 0.3237
vn -0.1413 0.9855 0.0944
vn -0.8364 0.4246 0.3465
vn -0.5383 0.8127 0.2230
vn -0.1570 0.9855 0.0650
vn -0.8880 0.4246 0.1766
vn -0.5714 0.8127 0.1137
vn -0.9054 0.4246 -0.0000
vn -0.5826 0.8127 -0.0000
vn -0.1699 0.9855 -0.0000
vn -0.8880 0.4246 -0.1766
vn -0.5714 0.8127 -0.1137
vn -0.1666 0.9855 -0.0331
vn -0.8364 0.4246 -0.3465
vn -0.5383 0.8127 -0.2230
vn -0.1570 0.9855 -0.0650
vn -0.7528 0.4246 -0.5030
vn -0.4844 0.8127 -0.3237
vn -0.1413 0.9855 -0.0944
vn -0.6402 0.4246 -0.6402
vn -0.4120 0.8127 -0.4120
vn -0.1201 0.9855 -0.1201
vn -0.5030 0.4246 -0.7528
vn -0.3237 0.8127 -0.4844
vn -0.0944 0.9855 -0.1413
vn -0.3465 0.4246 -0.8364
vn -0.2230 0.8127 -0.5383
vn -0.0650 0.9855 -0.1570
vn -0.1766 0.4246 -0.8880
vn -0.1137 0.8127 -0.5714
vn -0.0000 0.9855 -0.1699
vn -0.0269 -0.9904 0.1352
vn -0.0996 -0.8600 0.5006
vn -0.1695 -0.4947 0.8524
vn -0.0528 -0.9904 0.1274
vn -0.1953 -0.8600 0.4715
vn -0.3326 -0.4947 0.8029
vn -0.0766 -0.9904 0.1147
vn -0.2835 -0.8600 0.4244
vn -0.4828 -0.4947 0.7226
vn -0.3609 -0.8600 0.3609
vn -0.0975 -0.9904 0.0975
vn -0.6145 -0.4947 0.6145
vn -0.4243 -0.8600 0.2835
vn -0.1147 -0.9904 0.0766
vn -0.7226 -0.4947 0.4828
vn -0.4715 -0.8600 0.1953
vn -0.1274 -0.9904 0.0528
vn -0.8029 -0.4947 0.3326
vn -0.5006 -0.8600 0.0996
vn -0.1352 -0.9904 0.0269
vn -0.8524 -0.4947 0.1695
vn -0.5104 -0.8600 -0.0000
vn -0.1379 -0.9904 -0.0000
vn -0.8691 -0.4947 -0.0000
vn -0.1352 -0.9904 -0.0269
vn -0.5006 -0.8600 -0.0996
vn -0.8524 -0.4947 -0.1695
vn -0.1274 -0.9904 -0.0528
vn -0.4715 -0.8600 -0.1953
vn -0.8029 -0.4947 -0.3326
vn -0.1147 -0.9904 -0.0766
vn -0.4244 -0.8600 -0.2835
vn -0.7226 -0.4947 -0.4828
vn -0.3609 -0.8600 -0.3609
vn -0.0975 -0.9904 -0.0975
vn -0.6145 -0.4947 -0.6145
vn -0.2835 -0.8600 -0.4244
vn -0.0766 -0.9904 -0.1147
vn -0.4828 -0.4947 -0.7226
vn -0.1953 -0.8600 -0.4715
vn -0.0528 -0.9904 -0.1274
vn -0.3326 -0.4947 -0.8029
vn -0.0996 -0.8600 -0.5006
vn -0.0269 -0.9904 -0.1352
vn -0.1695 -0.4947 -0.8524
vn 0.9317 -0.1643 -0.3239
vn 0.9786 0.1989 -0.0526
vn 0.9799 -0.1993 0.0046
vn -0.1643 -0.9319 -0.3234
vn -0.5208 -0.8382 0.1620
vn -0.5083 -0.7981 -0.3235
vn 0.5426 -0.7751 -0.3237
vn 0.8268 -0.5581 0.0703
vn 0.5521 -0.8242 0.1262
vn -0.9237 -0.2048 -0.3239
vn -0.9890 0.1478 0.0046
vn -0.9317 0.1643 -0.3239
vn 0.2027 -0.9657 0.1620
vn -0.1710 -0.9698 0.1742
vn 0.2047 -0.9238 -0.3235
vn -0.8007 -0.5857 0.1262
vn -0.7750 -0.5428 -0.3237
vn 0.9237 0.2049 -0.3237
vn 0.8184 0.5690 -0.0802
vn -0.9678 -0.2417 0.0703
vn 0.5084 0.7980 -0.3235
vn 0.1734 0.9831 -0.0585
vn 0.5324 0.8434 -0.0721
vn 0.7751 0.5428 -0.3236
vn -0.5427 0.7751 -0.3236
vn -0.2119 0.9746 -0.0721
vn -0.2048 0.9238 -0.3235
vn 0.1643 0.9319 -0.3235
vn -0.7979 0.5084 -0.3237
vn -0.5745 0.8146 -0.0802
vn 0.7979 -0.5084 -0.3239
vn -0.8516 0.5216 -0.0526
vn -0.6827 0.5677 -0.4601
vn 0.3979 -0.2535 -0.8817
vn -0.4606 -0.1021 -0.8817
vn -0.1021 0.4606 -0.8817
vn 0.4606 0.1021 -0.8817
vn -0.0819 -0.4646 -0.8817
vn 0.1021 -0.4606 -0.8817
vn 0.2706 -0.3864 -0.8817
vn -0.2535 -0.3979 -0.8817
vn 0.3864 0.2706 -0.8817
vn -0.3864 -0.2706 -0.8817
vn 0.2535 0.3979 -0.8817
vn 0.0819 0.4646 -0.8817
vn -0.2706 0.3864 -0.8817
vn -0.3979 0.2535 -0.8817
vn 0.4646 -0.0819 -0.8817
vn -0.4646 0.0819 -0.8817
vn 0.5760 -0.6326 0.5177
vn 0.3324 -0.2281 0.9152
vn 0.2421 -0.7150 0.6558
vn 0.9731 -0.2247 0.0514
vn 0.8320 -0.4620 0.3071
vn -0.9011 0.3764 -0.2155
vn -0.4721 -0.5891 0.6558
vn -0.9912 0.1217 0.0514
vn 0.9754 0.0455 -0.2155
vn -0.1234 -0.6996 0.7038
vn -0.7576 -0.3975 0.5177
vn 0.8356 0.3000 -0.4601
vn -0.9398 -0.1496 0.3071
vn 0.0925 0.5245 -0.8464
vn 0.5699 0.4630 -0.6788
vn -0.3772 0.6300 -0.6788
vn 0.8840 -0.2308 0.4066
vn 0.9863 -0.1606 0.0373
vn 0.9112 -0.0623 0.4073
vn -0.9096 0.0855 0.4066
vn -0.9856 0.1669 0.0263
vn 0.9833 -0.1802 0.0263
vn -0.0311 -0.1764 0.9838
vn -0.3903 -0.1007 0.9152
vn -0.6984 -0.0095 0.7156
vn 0.9226 -0.1127 -0.3690
vn 0.3485 -0.0922 -0.9328
vn 0.6984 -0.0631 -0.7130
vn -0.6778 0.1796 -0.7130
vn -0.3590 0.0326 -0.9328
vn -0.0262 -0.1484 -0.9886
vn -0.9055 0.2096 -0.3690
vn 0.6530 -0.2478 0.7156
vn -0.0583 -0.3307 -0.9419
vn 0.2573 -0.7681 -0.5864
vn 0.3490 -0.3437 -0.8718
vn -0.9366 0.0805 -0.3411
vn 0.7017 0.0379 0.7115
vn 0.0363 0.2060 0.9779
vn -0.3266 0.2574 0.9094
vn 0.3949 0.1302 0.9094
vn -0.9818 0.1865 0.0373
vn 0.9076 -0.2447 -0.3411
vn -0.6464 0.2756 0.7115
vn 0.6838 -0.3057 -0.6626
vn -0.8775 0.2531 0.4073
vn -0.4455 -0.2036 -0.8718
vn -0.7471 -0.0534 -0.6626
vn -0.9775 0.2080 0.0350
vn -0.8300 0.5383 0.1459
vn -0.9800 0.1981 0.0186
vn 0.6226 -0.6294 -0.4650
vn -0.8003 -0.3785 -0.4650
vn -0.5045 -0.6338 -0.5864
vn -0.1378 -0.7814 -0.6086
vn -0.9672 -0.0804 -0.2408
vn 0.9420 0.1326 0.3084
vn 0.7571 0.3739 0.5357
vn 0.1174 0.6658 0.7368
vn -0.2490 0.6847 0.6850
vn 0.4682 0.5582 0.6850
vn -0.8398 0.4468 0.3084
vn 0.9897 -0.1389 0.0350
vn -0.5836 0.6103 0.5357
vn 0.8814 -0.4063 -0.2408
vn 0.9887 -0.1490 0.0186
vn 0.9747 0.2084 0.0804
vn 0.9641 0.2219 0.1459
vn 0.1632 0.9258 0.3410
vn -0.2107 0.9244 0.3180
vn -0.5585 0.7908 0.2506
vn 0.8575 -0.5029 -0.1087
vn 0.2291 -0.9330 -0.2776
vn 0.5891 -0.7797 -0.2123
vn -0.8202 -0.5312 -0.2123
vn -0.5344 -0.7984 -0.2776
vn -0.1657 -0.9395 -0.2999
vn -0.9778 -0.1793 -0.1087
vn 0.7952 0.5521 0.2506
vn 0.5142 0.7966 0.3180
vn 0.0302 0.1710 -0.9848
vn -0.9851 0.1712 0.0138
vn -0.9756 -0.2132 -0.0526
vn 0.8167 0.5606 0.1371
vn 0.1705 0.9671 0.1887
vn -0.2192 0.9598 0.1752
vn 0.5342 0.8270 0.1752
vn -0.8447 0.5292 0.0804
vn 0.9843 -0.1760 0.0138
vn -0.5757 0.8061 0.1371
vn 0.8438 -0.5340 -0.0526
vn 0.2184 -0.9649 -0.1460
vn 0.5749 -0.8110 -0.1086
vn -0.8176 -0.5655 -0.1086
vn -0.5352 -0.8320 -0.1460
vn -0.1714 -0.9723 -0.1592
vn -0.0000 0.7754 0.6314
vn -0.0000 -0.7555 0.6552
vn -0.0000 -0.5158 0.8567
vn -0.0000 -0.8683 0.4961
vn -0.0000 0.9907 -0.1360
vn -0.0000 0.9493 0.3144
vn -0.0000 0.7593 0.6508
vn -0.0000 0.9379 0.3469
vn -0.0000 -0.0182 -0.9998
vn -0.0000 -0.0916 -0.9958
vn -0.0000 0.7755 0.6314
vn -0.0000 -0.9976 0.0688
vn -0.0000 -0.8682 0.4961
vn -0.0000 -0.6464 0.7630
vn -0.0000 -0.7630 -0.6464
vn -0.0000 -0.9873 0.1588
vn -0.0000 -0.9999 0.0146
vn 0.9988 -0.0437 0.0223
vn 0.9934 0.1102 0.0316
vn 0.9981 -0.0511 0.0351
vn -0.0000 -1.0000 -0.0094
vn -0.0000 -1.0000 0.0068
vn 0.9993 -0.0377 0.0005
vn 0.9864 0.1641 -0.0100
vn 0.9896 0.1437 0.0082
vn 0.0302 -0.0651 -0.9974
vn 0.0020 0.0032 -1.0000
vn -0.0004 -0.0742 -0.9972
vn -0.0000 0.9983 0.0580
vn -0.0000 0.6749 -0.7379
vn -0.9991 -0.0159 -0.0396
vn -0.9996 0.0147 -0.0224
vn -0.9976 -0.0000 -0.0688
vn -0.0000 -0.9997 -0.0257
vn 0.9991 -0.0159 -0.0396
vn 0.9997 0.0122 -0.0189
vn 0.9997 -0.0226 -0.0092
vn -0.9997 -0.0237 0.0092
vn -0.9896 0.1437 0.0082
vn -0.9864 0.1641 -0.0100
vn -0.1283 0.9916 -0.0138
vn 0.1398 0.9902 0.0066
vn 0.1283 0.9916 -0.0138
vn -0.0000 -0.1605 0.9870
vn -0.0000 -0.0177 0.9998
vn -0.0087 -0.0110 0.9999
vn -0.0020 0.0032 1.0000
vn -0.0012 -0.0083 1.0000
vn -0.9985 -0.0506 0.0216
vn -0.9981 -0.0511 0.0351
vn -0.9934 0.1102 0.0316
vn 0.9993 -0.0175 0.0339
vn 0.9996 -0.0284 0.0040
vn -0.9918 -0.1269 0.0162
vn 0.9963 -0.0316 0.0794
vn -0.0000 -0.8567 0.5157
vn -0.0000 -0.5157 0.8567
vn -0.9996 -0.0266 -0.0133
vn -0.9990 -0.0174 0.0406
vn -0.9239 -0.3827 -0.0000
vn 0.9239 0.3827 -0.0000
vn -0.9239 0.3827 -0.0000
vn 0.9239 -0.3827 -0.0000
vn -0.7071 0.7071 -0.0000
vn 0.7071 -0.7071 -0.0000
vn -0.3827 0.9239 -0.0000
vn 0.3827 -0.9239 -0.0000
vn -0.3827 -0.9239 -0.0000
vn 0.3827 0.9239 -0.0000
vn -0.7071 -0.7071 -0.0000
vn 0.7071 0.7071 -0.0000
vn -0.0000 -0.7071 -0.7071
vn -0.0000 -0.9239 -0.3827
vn -0.0000 0.7071 0.7071
vn -0.0000 0.9239 0.3827
vn -0.0000 -0.3827 -0.9239
vn -0.0000 0.3827 0.9239
vn -0.0000 0.3827 -0.9239
vn -0.0000 -0.3827 0.9239
vn -0.0000 0.7071 -0.7071
vn -0.0000 -0.7071 0.7071
vn -0.0000 0.9239 -0.3827
vn -0.0000 -0.9239 0.3827
vn 0.4976 0.8673 -0.0134
vn 0.8610 0.5086 0.0063
vn 0.8673 0.4976 -0.0134
vn -0.1398 0.9902 0.0066
vn -0.4976 0.8673 -0.0134
vn -0.5086 0.8610 0.0063
vn -0.8610 0.5086 0.0063
vn -0.8673 0.4976 -0.0134
vn -0.4980 0.8667 0.0267
vn -0.1284 0.9913 0.0276
vn -0.8667 0.4980 0.0267
vn 0.8667 0.4980 0.0267
vn 0.5086 0.8610 0.0063
vn 0.4980 0.8667 0.0267
vn 0.1284 0.9913 0.0276
vn -0.0000 0.8944 0.4472
vn -0.0000 -0.4471 0.8945
vn -0.0000 -0.4472 0.8944
vn -0.6587 0.7524 -0.0000
vn -0.7524 -0.6587 -0.0000
vn 0.6587 0.7524 -0.0000
vn 0.7524 -0.6587 -0.0000
vn -0.8601 0.5102 -0.0000
vn 0.3422 0.6958 0.6314
vn 0.6759 0.1184 0.7274
vn -0.0000 -0.1640 -0.9865
vn 0.5080 0.8324 0.2216
vn 0.4113 0.6927 0.5925
vn -0.8736 0.4854 -0.0359
vn 0.9968 -0.0376 -0.0711
vn 0.3422 0.6958 -0.6314
vn 0.8916 -0.4323 0.1348
vn -0.0000 -0.1640 0.9865
vn -0.9840 -0.0000 0.1779
vn 0.9840 -0.0000 -0.1779
vn 0.0230 -0.9886 0.1489
vn 0.9215 -0.0017 -0.3884
vn 0.1883 -0.6933 -0.6956
vn -0.0000 -0.9996 0.0295
vn -0.7546 0.0166 -0.6560
vn 0.2501 -0.0930 0.9638
vn 0.2501 -0.0930 -0.9638
vn -0.0000 0.2321 0.9727
vn 0.2509 0.2182 0.9431
vn 0.0199 -0.9887 0.1482
vn -0.0202 0.9887 -0.1482
vn -0.1299 -0.2302 -0.9644
vn -0.1295 -0.2315 -0.9642
vn -0.1256 -0.3767 -0.9178
vn -0.0890 -0.2321 -0.9686
vn 0.2730 -0.9545 0.1204
vn 0.8953 0.3258 0.3038
vn -0.9982 -0.0415 0.0433
vn 0.8601 0.5102 -0.0000
vn -0.5468 0.7454 -0.3812
vn -0.3422 0.6958 0.6314
vn -0.8921 -0.4298 -0.1392
vn -0.3422 0.6958 -0.6314
vn -0.6759 0.1184 -0.7274
vn -0.4113 0.6927 -0.5925
vn 0.9840 -0.0000 0.1779
vn -0.9809 -0.0205 -0.1933
vn -0.0411 0.1314 0.9905
vn -0.3540 -0.0208 0.9350
vn 0.0339 0.0177 -0.9993
vn 0.8173 0.0119 0.5761
vn -0.9887 0.1440 -0.0409
vn -0.2503 0.2289 0.9407
vn -0.2477 0.2291 0.9414
vn -0.2509 0.2182 0.9431
vn -0.0199 -0.9887 0.1482
vn 0.1299 -0.2302 -0.9644
vn 0.1105 -0.2160 -0.9701
vn 0.0889 -0.2321 -0.9686
vn 0.0890 -0.2321 -0.9686
vn 0.1256 -0.3767 -0.9178
vn -0.9660 -0.2538 -0.0489
vn -0.9591 0.2539 -0.1254
vn -0.2468 0.9546 -0.1669
vn 0.1666 0.9855 0.0331
vn 0.0301 0.1710 -0.9848
vn 0.9934 -0.1130 0.0174
vn 0.0162 0.6889 -0.7247
vn 0.6489 -0.1551 -0.7449
vn -0.0306 0.0306 -0.9991
vn 0.0007 -0.0240 -0.9997
vn -0.0000 -0.0847 -0.9964
vn 0.0306 0.0306 -0.9991
vn 0.9976 -0.0000 -0.0688
vn -0.0000 -0.0296 0.9996
vn -0.0039 -0.0201 0.9998
vn -0.1664 -0.0219 0.9858
vn 0.0306 0.0306 0.9991
vn -0.0007 -0.0240 0.9997
vn -0.0000 -0.0847 0.9964
vn -0.0306 0.0306 0.9991
vn -0.9934 -0.1130 0.0174
vn -0.9970 -0.0137 0.0755
vn 0.9913 -0.1281 0.0307
vn -0.9995 -0.0309 0.0070
vt 0.173726 0.303245
vt 0.207432 0.319505
vt 0.173684 0.319675
vt 0.174425 0.263345
vt 0.208512 0.304104
vt 0.277199 0.314287
vt 0.323868 0.282222
vt 0.313658 0.324800
vt 0.272965 0.329426
vt 0.248324 0.268997
vt 0.242722 0.308122
vt 0.240253 0.323865
vt 0.173733 0.330729
vt 0.206147 0.339794
vt 0.173865 0.340897
vt 0.206742 0.329852
vt 0.269885 0.339200
vt 0.306473 0.342503
vt 0.298918 0.352685
vt 0.266916 0.348222
vt 0.238593 0.334312
vt 0.237141 0.343820
vt 0.205889 0.344940
vt 0.173985 0.346107
vt 0.265502 0.352691
vt 0.291985 0.360199
vt 0.289171 0.363716
vt 0.236464 0.348637
vt 0.223054 0.120742
vt 0.266818 0.119250
vt 0.265726 0.126306
vt 0.218086 0.182431
vt 0.258123 0.186489
vt 0.297909 0.191819
vt 0.307708 0.125759
vt 0.306631 0.132576
vt 0.348053 0.132177
vt 0.346976 0.138944
vt 0.337697 0.198009
vt 0.177798 0.179913
vt 0.181580 0.122309
vt 0.223702 0.112376
vt 0.221860 0.137232
vt 0.180564 0.135754
vt 0.304312 0.147680
vt 0.344601 0.153942
vt 0.263565 0.141840
vt 0.744860 0.066411
vt 0.721566 0.041175
vt 0.741616 0.037936
vt 0.771980 0.064086
vt 0.746545 0.095048
vt 0.725978 0.095536
vt 0.724394 0.068150
vt 0.746036 0.123396
vt 0.771981 0.122224
vt 0.763773 0.005564
vt 0.736205 0.009096
vt 0.715229 0.013868
vt 0.701200 0.020121
vt 0.704245 0.044315
vt 0.698189 0.021375
vt 0.707391 0.095709
vt 0.709408 0.123370
vt 0.705621 0.123218
vt 0.709693 0.069291
vt 0.706240 0.069519
vt 0.712339 0.042835
vt 0.705685 0.017584
vt 0.707528 0.043732
vt 0.714844 0.123507
vt 0.711015 0.095720
vt 0.716229 0.095675
vt 0.725125 0.123635
vt 0.714727 0.068918
vt 0.188050 0.063637
vt 0.244944 0.072111
vt 0.237322 0.026690
vt 0.195962 0.005564
vt 0.815689 0.107495
vt 0.801414 0.080753
vt 0.831317 0.088284
vt 0.804168 0.104372
vt 0.819445 0.118471
vt 0.792261 0.120779
vt 0.793483 0.109344
vt 0.774036 0.094554
vt 0.841796 0.116351
vt 0.691674 0.768970
vt 0.674178 0.751520
vt 0.687904 0.751002
vt 0.733495 0.546507
vt 0.730274 0.548157
vt 0.731454 0.546185
vt 0.753962 0.751117
vt 0.712644 0.792968
vt 0.753934 0.769312
vt 0.753895 0.793273
vt 0.716166 0.822417
vt 0.753834 0.822502
vt 0.753985 0.720164
vt 0.680734 0.720164
vt 0.308887 0.563321
vt 0.307117 0.554237
vt 0.311693 0.562042
vt 0.318522 0.591102
vt 0.321655 0.614745
vt 0.318967 0.614534
vt 0.720650 0.549030
vt 0.729975 0.551215
vt 0.725340 0.555815
vt 0.737439 0.553369
vt 0.738827 0.550299
vt 0.668487 0.563050
vt 0.686372 0.582227
vt 0.727275 0.562716
vt 0.708658 0.597851
vt 0.746327 0.567914
vt 0.746571 0.606698
vt 0.731120 0.552671
vt 0.654113 0.522828
vt 0.746419 0.555155
vt 0.721323 0.533096
vt 0.728395 0.547412
vt 0.775261 0.854717
vt 0.794652 0.849387
vt 0.785040 0.858783
vt 0.787917 0.834359
vt 0.805022 0.843334
vt 0.377966 0.850297
vt 0.375944 0.865590
vt 0.371765 0.851326
vt 0.898481 0.628700
vt 0.888829 0.638667
vt 0.888961 0.624514
vt 0.362723 0.879048
vt 0.368775 0.880519
vt 0.906720 0.656592
vt 0.895530 0.642435
vt 0.361926 0.902031
vt 0.368205 0.901471
vt 0.906934 0.679523
vt 0.900593 0.657593
vt 0.427356 0.866243
vt 0.401222 0.861193
vt 0.401131 0.846146
vt 0.776320 0.884122
vt 0.765672 0.882339
vt 0.423386 0.896584
vt 0.416459 0.871008
vt 0.872848 0.633386
vt 0.872868 0.617827
vt 0.380474 0.865007
vt 0.804973 0.827997
vt 0.833392 0.843462
vt 0.654386 0.737652
vt 0.664554 0.745111
vt 0.663046 0.749788
vt 0.655623 0.720164
vt 0.657833 0.737921
vt 0.359879 0.877658
vt 0.368932 0.849890
vt 0.666141 0.756537
vt 0.668945 0.765286
vt 0.732621 0.544285
vt 0.729844 0.543435
vt 0.730996 0.539676
vt 0.727306 0.536712
vt 0.316917 0.760741
vt 0.305402 0.735836
vt 0.318313 0.735856
vt 0.299406 0.787756
vt 0.316194 0.790136
vt 0.303295 0.795986
vt 0.301374 0.548805
vt 0.304311 0.555517
vt 0.321328 0.589823
vt 0.359182 0.902276
vt 0.299406 0.539919
vt 0.304179 0.547526
vt 0.672053 0.720164
vt 0.664549 0.720164
vt 0.658161 0.720164
vt 0.379247 0.705945
vt 0.396743 0.688495
vt 0.392973 0.706463
vt 0.758687 0.546660
vt 0.762210 0.548211
vt 0.761572 0.552854
vt 0.459028 0.706349
vt 0.459001 0.688155
vt 0.417732 0.672818
vt 0.458983 0.672530
vt 0.421258 0.639645
vt 0.458927 0.639574
vt 0.459050 0.737299
vt 0.301452 0.657864
vt 0.302271 0.664617
vt 0.299406 0.666676
vt 0.314869 0.637609
vt 0.772421 0.548913
vt 0.762746 0.551567
vt 0.764200 0.547342
vt 0.755242 0.553680
vt 0.754044 0.550526
vt 0.824997 0.563249
vt 0.767749 0.555782
vt 0.766557 0.562398
vt 0.807155 0.582377
vt 0.784762 0.598007
vt 0.839494 0.523025
vt 0.772121 0.532593
vt 0.746490 0.553013
vt 0.765953 0.535939
vt 0.765113 0.915300
vt 0.782332 0.922935
vt 0.772009 0.929329
vt 0.790164 0.932037
vt 0.786060 0.940902
vt 0.382046 0.935570
vt 0.386101 0.944507
vt 0.379724 0.944576
vt 0.888835 0.720781
vt 0.898383 0.725127
vt 0.888857 0.729213
vt 0.366795 0.924434
vt 0.895613 0.716843
vt 0.906917 0.702442
vt 0.372527 0.921927
vt 0.900813 0.701502
vt 0.407530 0.935119
vt 0.432694 0.929346
vt 0.409768 0.944576
vt 0.776306 0.910920
vt 0.421054 0.922951
vt 0.436128 0.895503
vt 0.872805 0.725994
vt 0.872812 0.735781
vt 0.817027 0.941161
vt 0.815378 0.951008
vt 0.368115 0.707677
vt 0.362902 0.719544
vt 0.359455 0.719813
vt 0.360692 0.737300
vt 0.376574 0.942734
vt 0.369622 0.712354
vt 0.374014 0.692179
vt 0.371210 0.700928
vt 0.367840 0.692324
vt 0.760739 0.546217
vt 0.762410 0.543160
vt 0.758832 0.544182
vt 0.761423 0.538663
vt 0.316992 0.710966
vt 0.304136 0.711885
vt 0.316152 0.689906
vt 0.299406 0.692562
vt 0.303159 0.684270
vt 0.310365 0.682952
vt 0.304619 0.671823
vt 0.304317 0.655804
vt 0.307485 0.669763
vt 0.313582 0.670234
vt 0.385803 0.737300
vt 0.377121 0.737300
vt 0.369618 0.737300
vt 0.927768 0.085100
vt 0.905766 0.052960
vt 0.932212 0.051545
vt 0.879370 0.052960
vt 0.857368 0.085100
vt 0.852925 0.051545
vt 0.905764 0.028358
vt 0.881990 0.005564
vt 0.908381 0.005564
vt 0.967028 0.871440
vt 0.945214 0.897833
vt 0.945214 0.871440
vt 0.879371 0.050172
vt 0.856429 0.028354
vt 0.879373 0.028358
vt 0.928711 0.050166
vt 0.928707 0.028354
vt 0.856425 0.050166
vt 0.905765 0.050172
vt 0.905764 0.085005
vt 0.882025 0.106848
vt 0.879372 0.085005
vt 0.615428 0.817735
vt 0.641820 0.784006
vt 0.641820 0.817854
vt 0.877484 0.517791
vt 0.855217 0.549907
vt 0.850796 0.516350
vt 0.890037 0.493197
vt 0.877528 0.470003
vt 0.890058 0.470003
vt 0.877487 0.515005
vt 0.854315 0.493172
vt 0.877505 0.493192
vt 0.854297 0.514985
vt 0.968474 0.200223
vt 0.955907 0.166598
vt 0.968448 0.166375
vt 0.889987 0.549850
vt 0.877438 0.572070
vt 0.877455 0.549833
vt 0.341673 0.399917
vt 0.339149 0.387381
vt 0.341707 0.387381
vt 0.411413 0.955705
vt 0.389599 0.968236
vt 0.389599 0.955705
vt 0.973870 0.257877
vt 0.970616 0.290334
vt 0.966559 0.259139
vt 0.945484 0.235307
vt 0.966115 0.255492
vt 0.947131 0.256274
vt 0.972213 0.254055
vt 0.964480 0.079927
vt 0.943341 0.081090
vt 0.943340 0.079927
vt 0.967078 0.230849
vt 0.966973 0.235767
vt 0.972515 0.236259
vt 0.948777 0.293168
vt 0.971706 0.298734
vt 0.949867 0.301568
vt 0.947093 0.260394
vt 0.964480 0.081090
vt 0.943341 0.110151
vt 0.148472 0.824390
vt 0.148234 0.796999
vt 0.156837 0.795222
vt 0.471177 0.793610
vt 0.494719 0.782564
vt 0.494719 0.796483
vt 0.164338 0.716185
vt 0.161694 0.731093
vt 0.156938 0.720389
vt 0.494719 0.682040
vt 0.472666 0.668722
vt 0.494719 0.668430
vt 0.109355 0.687100
vt 0.099614 0.668686
vt 0.114417 0.673837
vt 0.472301 0.764897
vt 0.494719 0.749073
vt 0.494719 0.765827
vt 0.135754 0.691796
vt 0.140400 0.685798
vt 0.142279 0.688676
vt 0.181502 0.767320
vt 0.163276 0.772927
vt 0.165194 0.763544
vt 0.170436 0.756355
vt 0.152829 0.749245
vt 0.167776 0.745978
vt 0.494719 0.701106
vt 0.472956 0.683914
vt 0.148661 0.766701
vt 0.151771 0.712655
vt 0.157935 0.706648
vt 0.152283 0.775523
vt 0.162560 0.776980
vt 0.154145 0.781315
vt 0.179612 0.778036
vt 0.178052 0.782433
vt 0.470871 0.800520
vt 0.494719 0.801483
vt 0.144761 0.691999
vt 0.144230 0.706236
vt 0.137365 0.696229
vt 0.470669 0.806191
vt 0.494719 0.807551
vt 0.176847 0.785909
vt 0.161806 0.780589
vt 0.129371 0.709734
vt 0.124697 0.694028
vt 0.134375 0.688244
vt 0.154913 0.782941
vt 0.106382 0.805953
vt 0.112227 0.791364
vt 0.122154 0.796969
vt 0.093351 0.720139
vt 0.108075 0.734293
vt 0.096621 0.735277
vt 0.117791 0.750849
vt 0.099869 0.755144
vt 0.098017 0.780852
vt 0.095032 0.755544
vt 0.104617 0.761370
vt 0.106602 0.775639
vt 0.135894 0.735327
vt 0.124270 0.721911
vt 0.132987 0.718281
vt 0.145658 0.779218
vt 0.125827 0.700355
vt 0.121273 0.711746
vt 0.119398 0.700951
vt 0.149492 0.784778
vt 0.142084 0.753334
vt 0.132032 0.737590
vt 0.119624 0.694226
vt 0.113316 0.826758
vt 0.139037 0.809606
vt 0.091195 0.702000
vt 0.108460 0.713080
vt 0.090739 0.696180
vt 0.107783 0.700411
vt 0.152141 0.787864
vt 0.149273 0.785832
vt 0.120038 0.691657
vt 0.124409 0.690342
vt 0.089972 0.687951
vt 0.108178 0.694859
vt 0.144428 0.768607
vt 0.139308 0.754166
vt 0.119712 0.845953
vt 0.160908 0.784628
vt 0.156185 0.784447
vt 0.062185 0.673327
vt 0.174753 0.789902
vt 0.494719 0.813780
vt 0.470179 0.813123
vt 0.471284 0.645662
vt 0.494719 0.640979
vt 0.494719 0.646706
vt 0.471512 0.778766
vt 0.181378 0.757177
vt 0.068160 0.691258
vt 0.071235 0.700484
vt 0.073248 0.706524
vt 0.078803 0.723193
vt 0.083605 0.737603
vt 0.089760 0.756074
vt 0.471922 0.652931
vt 0.494719 0.653681
vt 0.494719 0.719342
vt 0.472365 0.701859
vt 0.170516 0.726370
vt 0.179544 0.745054
vt 0.472395 0.748216
vt 0.149180 0.735252
vt 0.151142 0.699791
vt 0.148335 0.727271
vt 0.119382 0.763799
vt 0.107046 0.768110
vt 0.118979 0.776655
vt 0.116710 0.788476
vt 0.134405 0.785332
vt 0.876502 0.784036
vt 0.885319 0.780620
vt 0.883700 0.790151
vt 0.860163 0.767798
vt 0.852388 0.771156
vt 0.853866 0.761535
vt 0.857265 0.777972
vt 0.849330 0.779005
vt 0.855965 0.797485
vt 0.872584 0.788258
vt 0.876884 0.797809
vt 0.857830 0.783430
vt 0.849803 0.788902
vt 0.880046 0.805504
vt 0.852078 0.805504
vt 0.841685 0.793635
vt 0.840814 0.766307
vt 0.838857 0.779224
vt 0.846598 0.754675
vt 0.895509 0.782086
vt 0.890956 0.795528
vt 0.891111 0.756598
vt 0.876963 0.756756
vt 0.881063 0.747246
vt 0.860412 0.756231
vt 0.857179 0.746910
vt 0.895376 0.769113
vt 0.882966 0.762767
vt 0.872980 0.764948
vt 0.863589 0.764599
vt 0.875982 0.768382
vt 0.858288 0.772416
vt 0.877284 0.773146
vt 0.877652 0.778734
vt 0.861265 0.788055
vt 0.883282 0.772535
vt 0.600285 0.882253
vt 0.578646 0.873534
vt 0.598507 0.866702
vt 0.597855 0.920122
vt 0.577101 0.928130
vt 0.576169 0.913287
vt 0.580108 0.951903
vt 0.597764 0.939250
vt 0.598682 0.950845
vt 0.578578 0.941028
vt 0.597434 0.926687
vt 0.599235 0.902275
vt 0.600035 0.850731
vt 0.581789 0.844427
vt 0.600680 0.848212
vt 0.598149 0.858506
vt 0.580202 0.851560
vt 0.577505 0.894744
vt 0.579029 0.882941
vt 0.582917 0.839710
vt 0.601711 0.843590
vt 0.578645 0.862760
vt 0.494409 0.894663
vt 0.488964 0.839628
vt 0.589335 0.825002
vt 0.923140 0.329169
vt 0.917256 0.230960
vt 0.923140 0.231866
vt 0.494871 0.928095
vt 0.492881 0.882839
vt 0.917256 0.330075
vt 0.912345 0.230559
vt 0.495746 0.913226
vt 0.861867 0.328297
vt 0.852925 0.234210
vt 0.861867 0.232738
vt 0.588809 0.965950
vt 0.491935 0.951902
vt 0.493259 0.862652
vt 0.924914 0.329006
vt 0.924914 0.232029
vt 0.493269 0.873415
vt 0.928357 0.328192
vt 0.928357 0.232843
vt 0.874091 0.330144
vt 0.871191 0.231567
vt 0.874091 0.230891
vt 0.912345 0.330476
vt 0.900806 0.230536
vt 0.491678 0.851469
vt 0.886432 0.330645
vt 0.886432 0.230390
vt 0.871191 0.329468
vt 0.490090 0.844342
vt 0.245538 0.690241
vt 0.246503 0.709503
vt 0.244219 0.710789
vt 0.210874 0.820092
vt 0.219204 0.792678
vt 0.226470 0.820031
vt 0.213450 0.760824
vt 0.200699 0.737546
vt 0.215024 0.734695
vt 0.940733 0.536603
vt 0.962492 0.535074
vt 0.964028 0.537581
vt 0.206451 0.788338
vt 0.213983 0.766286
vt 0.217811 0.787262
vt 0.206772 0.790155
vt 0.218210 0.789081
vt 0.207053 0.791969
vt 0.218704 0.790883
vt 0.207265 0.793782
vt 0.202694 0.767359
vt 0.213652 0.764448
vt 0.202443 0.765561
vt 0.213484 0.762626
vt 0.202101 0.762041
vt 0.202236 0.763789
vt 0.530388 0.760941
vt 0.604299 0.772120
vt 0.530388 0.772120
vt 0.530388 0.672692
vt 0.604299 0.683875
vt 0.530388 0.683875
vt 0.530388 0.695054
vt 0.604299 0.716640
vt 0.530388 0.716640
vt 0.530388 0.661936
vt 0.604299 0.672692
vt 0.530388 0.749758
vt 0.604299 0.760941
vt 0.530388 0.739002
vt 0.604299 0.749758
vt 0.530388 0.650753
vt 0.604299 0.661936
vt 0.530388 0.727819
vt 0.604299 0.739002
vt 0.900806 0.330499
vt 0.530388 0.639574
vt 0.604299 0.650753
vt 0.604299 0.695054
vt 0.604299 0.727819
vt 0.337914 0.399917
vt 0.967028 0.897833
vt 0.970786 0.871628
vt 0.970786 0.898021
vt 0.890016 0.517802
vt 0.890018 0.515015
vt 0.139083 0.319811
vt 0.138193 0.303630
vt 0.017214 0.272947
vt 0.064436 0.311163
vt 0.024429 0.319422
vt 0.067837 0.327906
vt 0.030571 0.339151
vt 0.098256 0.264929
vt 0.101860 0.306788
vt 0.103760 0.324070
vt 0.140544 0.341349
vt 0.139773 0.330761
vt 0.070392 0.338830
vt 0.037788 0.350855
vt 0.072858 0.348988
vt 0.044585 0.359639
vt 0.105087 0.335813
vt 0.106277 0.346790
vt 0.141025 0.346875
vt 0.073971 0.354051
vt 0.047294 0.363716
vt 0.106803 0.352824
vt 0.093334 0.106000
vt 0.140149 0.113082
vt 0.093719 0.113719
vt 0.136928 0.177991
vt 0.095089 0.178062
vt 0.052820 0.179804
vt 0.049032 0.108852
vt 0.005564 0.111773
vt 0.049505 0.116215
vt 0.006055 0.119065
vt 0.010190 0.182612
vt 0.141102 0.103680
vt 0.181851 0.117960
vt 0.138721 0.130833
vt 0.050458 0.132498
vt 0.007127 0.135218
vt 0.094249 0.130550
vt 0.748111 0.185283
vt 0.723306 0.216846
vt 0.724170 0.184884
vt 0.779269 0.185178
vt 0.747022 0.218551
vt 0.748125 0.152874
vt 0.725540 0.153199
vt 0.776129 0.253719
vt 0.743798 0.252616
vt 0.702555 0.215202
vt 0.701836 0.243686
vt 0.698189 0.242580
vt 0.704603 0.152577
vt 0.705864 0.184839
vt 0.701079 0.185046
vt 0.712279 0.215922
vt 0.718876 0.249365
vt 0.707344 0.246120
vt 0.706498 0.215455
vt 0.708755 0.152810
vt 0.714655 0.153004
vt 0.712376 0.184747
vt 0.129673 0.057526
vt 0.149725 0.013893
vt 0.808561 0.159470
vt 0.817774 0.130006
vt 0.836914 0.146126
vt 0.807032 0.135105
vt 0.795767 0.131864
vt 0.778114 0.150423
vt 0.674178 0.688809
vt 0.691674 0.671358
vt 0.687904 0.689327
vt 0.733923 0.537488
vt 0.733919 0.527478
vt 0.739927 0.525158
vt 0.753962 0.689212
vt 0.753934 0.671017
vt 0.712644 0.647361
vt 0.753895 0.647056
vt 0.716166 0.617912
vt 0.753834 0.617827
vt 0.624909 0.748076
vt 0.623139 0.757160
vt 0.620333 0.755880
vt 0.637677 0.696652
vt 0.634544 0.720295
vt 0.634989 0.696863
vt 0.721025 0.512249
vt 0.736654 0.515935
vt 0.730962 0.523799
vt 0.744676 0.539705
vt 0.740620 0.548181
vt 0.654113 0.473081
vt 0.725102 0.498602
vt 0.719560 0.474811
vt 0.658955 0.435199
vt 0.678538 0.393982
vt 0.748164 0.456897
vt 0.747518 0.344641
vt 0.747675 0.551793
vt 0.747313 0.569166
vt 0.884682 0.873046
vt 0.868088 0.861688
vt 0.879352 0.849675
vt 0.860255 0.852586
vt 0.865301 0.838102
vt 0.065749 0.876525
vt 0.063727 0.861233
vt 0.069927 0.862261
vt 0.856870 0.638609
vt 0.847158 0.628670
vt 0.856734 0.624458
vt 0.078970 0.889984
vt 0.850186 0.642565
vt 0.838857 0.656875
vt 0.079767 0.912966
vt 0.072918 0.891454
vt 0.845007 0.657855
vt 0.838857 0.679823
vt 0.040470 0.872128
vt 0.014336 0.877179
vt 0.040561 0.857082
vt 0.874100 0.900501
vt 0.884748 0.902284
vt 0.018307 0.907519
vt 0.005564 0.906439
vt 0.835983 0.827997
vt 0.663046 0.690541
vt 0.657833 0.702408
vt 0.654386 0.702677
vt 0.081813 0.888594
vt 0.664554 0.695218
vt 0.668945 0.675043
vt 0.666141 0.683792
vt 0.662771 0.675188
vt 0.733440 0.533979
vt 0.730453 0.535073
vt 0.733448 0.538643
vt 0.868307 0.381085
vt 0.856792 0.405990
vt 0.855453 0.382042
vt 0.850796 0.354069
vt 0.867584 0.351689
vt 0.854685 0.345840
vt 0.861912 0.344641
vt 0.617396 0.762592
vt 0.637350 0.721574
vt 0.082511 0.913212
vt 0.620201 0.763871
vt 0.615428 0.771479
vt 0.396743 0.786106
vt 0.379247 0.768655
vt 0.392973 0.768137
vt 0.761879 0.536020
vt 0.761378 0.526845
vt 0.762008 0.532616
vt 0.459027 0.768249
vt 0.417733 0.801782
vt 0.459000 0.786442
vt 0.458983 0.802065
vt 0.421264 0.834957
vt 0.458932 0.835017
vt 0.617473 0.653534
vt 0.618293 0.646781
vt 0.620339 0.655593
vt 0.630891 0.673789
vt 0.773001 0.511811
vt 0.758716 0.516945
vt 0.768533 0.498167
vt 0.751475 0.539449
vt 0.756117 0.547481
vt 0.839667 0.473333
vt 0.834853 0.435554
vt 0.773392 0.474102
vt 0.815640 0.394448
vt 0.755650 0.525566
vt 0.763943 0.523164
vt 0.874534 0.933629
vt 0.855768 0.935236
vt 0.865380 0.925840
vt 0.863444 0.944645
vt 0.845397 0.941289
vt 0.055592 0.955442
vt 0.059647 0.946506
vt 0.061969 0.955512
vt 0.847235 0.725250
vt 0.856749 0.720784
vt 0.856777 0.729230
vt 0.074898 0.935369
vt 0.069166 0.932862
vt 0.838917 0.702708
vt 0.849924 0.717064
vt 0.073488 0.912407
vt 0.845015 0.701792
vt 0.008998 0.940281
vt 0.034163 0.946055
vt 0.031924 0.955512
vt 0.020639 0.933886
vt 0.055128 0.946333
vt 0.846388 0.951008
vt 0.359455 0.754787
vt 0.369622 0.762246
vt 0.368115 0.766923
vt 0.362902 0.755056
vt 0.065119 0.953670
vt 0.371210 0.773672
vt 0.374015 0.782421
vt 0.762124 0.535948
vt 0.764280 0.533591
vt 0.868383 0.430859
vt 0.869704 0.405970
vt 0.867543 0.451919
vt 0.855526 0.429941
vt 0.854549 0.457556
vt 0.850796 0.449263
vt 0.620641 0.639574
vt 0.615428 0.644721
vt 0.633462 0.672087
vt 0.077466 0.937225
vt 0.629604 0.641163
vt 0.623507 0.641634
vt 0.363230 0.737300
vt 0.879370 0.165373
vt 0.857368 0.197513
vt 0.852925 0.163958
vt 0.905766 0.165373
vt 0.927768 0.197513
vt 0.905764 0.197417
vt 0.879373 0.140771
vt 0.903146 0.117977
vt 0.905763 0.140771
vt 0.168549 0.975224
vt 0.146736 0.948831
vt 0.168549 0.948831
vt 0.928707 0.140767
vt 0.905765 0.162585
vt 0.856425 0.162579
vt 0.856429 0.140767
vt 0.928711 0.162579
vt 0.903111 0.219261
vt 0.879372 0.197417
vt 0.943340 0.121398
vt 0.969733 0.155128
vt 0.943340 0.155246
vt 0.902547 0.517813
vt 0.924757 0.549968
vt 0.902520 0.549856
vt 0.902588 0.470025
vt 0.902570 0.493214
vt 0.925759 0.493235
vt 0.902549 0.515027
vt 0.925739 0.515048
vt 0.943340 0.200223
vt 0.955907 0.200016
vt 0.902498 0.572092
vt 0.341675 0.374845
vt 0.411413 0.980767
vt 0.389599 0.980767
vt 0.939487 0.260064
vt 0.939485 0.293274
vt 0.940715 0.255447
vt 0.083766 0.845953
vt 0.067526 0.823895
vt 0.082447 0.828465
vt 0.518261 0.793610
vt 0.006162 0.768897
vt 0.017221 0.779239
vt 0.007329 0.780752
vt 0.516772 0.668722
vt 0.029454 0.692067
vt 0.032706 0.712643
vt 0.020700 0.705068
vt 0.517137 0.764897
vt 0.517043 0.748216
vt 0.014402 0.732237
vt 0.007087 0.730224
vt 0.013375 0.728567
vt 0.023105 0.820105
vt 0.041051 0.813659
vt 0.031045 0.827546
vt 0.035203 0.788444
vt 0.025380 0.804695
vt 0.021284 0.794797
vt 0.516482 0.683914
vt 0.049010 0.799910
vt 0.046252 0.785270
vt 0.014100 0.758534
vt 0.005564 0.757426
vt 0.051403 0.809141
vt 0.044055 0.816471
vt 0.053388 0.814892
vt 0.518567 0.800520
vt 0.007317 0.737803
vt 0.016282 0.748875
vt 0.006886 0.747864
vt 0.007310 0.733655
vt 0.015772 0.736750
vt 0.518769 0.806191
vt 0.037980 0.832186
vt 0.046824 0.818907
vt 0.030270 0.742760
vt 0.027479 0.733129
vt 0.024588 0.727390
vt 0.022607 0.724268
vt 0.053749 0.816654
vt 0.092954 0.797787
vt 0.103280 0.796643
vt 0.065331 0.729477
vt 0.062041 0.749634
vt 0.049007 0.732893
vt 0.081114 0.761394
vt 0.064199 0.768709
vt 0.083150 0.776073
vt 0.071795 0.743550
vt 0.041655 0.749442
vt 0.040403 0.767149
vt 0.032503 0.751768
vt 0.058921 0.808124
vt 0.037955 0.739512
vt 0.059188 0.814871
vt 0.044851 0.766643
vt 0.028765 0.724505
vt 0.088374 0.808226
vt 0.056174 0.713671
vt 0.041949 0.722351
vt 0.053047 0.708741
vt 0.038302 0.718145
vt 0.058920 0.818930
vt 0.053634 0.818622
vt 0.026893 0.722697
vt 0.048725 0.701697
vt 0.053539 0.798896
vt 0.048973 0.784270
vt 0.049965 0.821600
vt 0.042051 0.834125
vt 0.519259 0.813123
vt 0.518154 0.645662
vt 0.518288 0.639574
vt 0.517926 0.778766
vt 0.033887 0.807302
vt 0.085224 0.758812
vt 0.517516 0.652931
vt 0.517073 0.701859
vt 0.011314 0.801117
vt 0.517033 0.719944
vt 0.029728 0.775059
vt 0.025617 0.768166
vt 0.014605 0.767822
vt 0.032980 0.729750
vt 0.070694 0.780024
vt 0.059576 0.827634
vt 0.081051 0.769223
vt 0.078729 0.790068
vt 0.087635 0.798165
vt 0.088021 0.781831
vt 0.071592 0.806265
vt 0.059996 0.815584
vt 0.906331 0.967944
vt 0.914784 0.972353
vt 0.906811 0.977821
vt 0.940280 0.961489
vt 0.932953 0.957301
vt 0.939989 0.951682
vt 0.934637 0.967693
vt 0.934268 0.962091
vt 0.933921 0.986742
vt 0.918218 0.976919
vt 0.929567 0.977272
vt 0.942308 0.969591
vt 0.933470 0.973012
vt 0.909044 0.994436
vt 0.936987 0.994436
vt 0.947924 0.984509
vt 0.940685 0.979121
vt 0.952413 0.958101
vt 0.948212 0.945551
vt 0.952504 0.971081
vt 0.895877 0.968150
vt 0.898695 0.982541
vt 0.903662 0.943634
vt 0.917412 0.945279
vt 0.910884 0.950524
vt 0.933962 0.945589
vt 0.938245 0.936081
vt 0.913051 0.986403
vt 0.897848 0.955249
vt 0.909392 0.960114
vt 0.914307 0.935926
vt 0.929919 0.953825
vt 0.917147 0.956780
vt 0.920571 0.953618
vt 0.915284 0.961378
vt 0.914255 0.966919
vt 0.471607 0.882167
vt 0.473388 0.866609
vt 0.474064 0.920111
vt 0.474506 0.926697
vt 0.474215 0.939285
vt 0.473330 0.950899
vt 0.493437 0.941015
vt 0.472660 0.902220
vt 0.471857 0.850650
vt 0.471211 0.848132
vt 0.473745 0.858420
vt 0.470179 0.843512
vt 0.201571 0.709850
vt 0.201718 0.691618
vt 0.223420 0.689463
vt 0.202655 0.690726
vt 0.196175 0.668686
vt 0.208678 0.668848
vt 0.203515 0.711627
vt 0.193084 0.714698
vt 0.962492 0.584236
vt 0.940733 0.582707
vt 0.941044 0.559655
vt 0.201168 0.708798
vt 0.192630 0.694252
vt 0.200736 0.693642
vt 0.192759 0.692717
vt 0.201079 0.692615
vt 0.192927 0.691220
vt 0.193091 0.689754
vt 0.192853 0.709878
vt 0.192840 0.711451
vt 0.202364 0.710788
vt 0.192915 0.713056
vt 0.879371 0.162585
vt 0.337916 0.374845
vt 0.337281 0.387381
vt 0.146736 0.975224
vt 0.142977 0.949019
vt 0.604299 0.793707
vt 0.530388 0.793707
vt 0.964480 0.064454
vt 0.943340 0.064454
vt 0.382815 0.246385
vt 0.390716 0.211031
vt 0.401523 0.236060
vt 0.400581 0.272287
vt 0.416953 0.258546
vt 0.423011 0.294281
vt 0.436430 0.277640
vt 0.449261 0.311541
vt 0.459223 0.292625
vt 0.478343 0.323423
vt 0.484479 0.302940
vt 0.509170 0.329487
vt 0.511253 0.308198
vt 0.540599 0.329522
vt 0.538551 0.308201
vt 0.571505 0.323539
vt 0.565367 0.302936
vt 0.600852 0.311705
vt 0.590710 0.292553
vt 0.379190 0.095949
vt 0.412600 0.081155
vt 0.398452 0.104817
vt 0.368464 0.124925
vt 0.388965 0.130366
vt 0.363146 0.155612
vt 0.384358 0.157184
vt 0.363754 0.186898
vt 0.384930 0.184404
vt 0.370385 0.217554
vt 0.394330 0.069359
vt 0.430935 0.058574
vt 0.565396 0.366223
vt 0.621399 0.550853
vt 0.540685 0.617095
vt 0.391040 0.067258
vt 0.412316 0.044213
vt 0.589483 0.378828
vt 0.568302 0.360785
vt 0.591541 0.376319
vt 0.587632 0.381082
vt 0.566771 0.363650
vt 0.375642 0.094299
vt 0.608797 0.398144
vt 0.611306 0.396084
vt 0.606543 0.399994
vt 0.364650 0.123899
vt 0.623972 0.420857
vt 0.626835 0.419326
vt 0.621401 0.422231
vt 0.634425 0.446093
vt 0.637531 0.445150
vt 0.631635 0.446940
vt 0.359182 0.155312
vt 0.639753 0.472885
vt 0.642984 0.472567
vt 0.636851 0.473170
vt 0.359791 0.187361
vt 0.642983 0.500519
vt 0.639753 0.500200
vt 0.366578 0.218774
vt 0.634424 0.526991
vt 0.637530 0.527934
vt 0.636851 0.499915
vt 0.379313 0.248319
vt 0.623971 0.552228
vt 0.626833 0.553758
vt 0.420498 0.297396
vt 0.608795 0.574940
vt 0.611304 0.576999
vt 0.606541 0.573090
vt 0.447395 0.315082
vt 0.589480 0.594256
vt 0.591540 0.596765
vt 0.587630 0.592002
vt 0.477194 0.327256
vt 0.566767 0.609432
vt 0.568298 0.612294
vt 0.565393 0.606860
vt 0.508778 0.333471
vt 0.541531 0.619886
vt 0.542473 0.622992
vt 0.540979 0.333512
vt 0.515057 0.628445
vt 0.514740 0.625215
vt 0.487105 0.628445
vt 0.487424 0.625215
vt 0.514454 0.622313
vt 0.572644 0.327396
vt 0.460633 0.619887
vt 0.459691 0.622993
vt 0.487710 0.622313
vt 0.627697 0.294185
vt 0.602735 0.315303
vt 0.435395 0.609436
vt 0.433864 0.612300
vt 0.461479 0.617096
vt 0.613554 0.277324
vt 0.038480 0.427206
vt 0.057368 0.407081
vt 0.057926 0.407760
vt 0.037801 0.426648
vt 0.056811 0.406402
vt 0.432213 0.060391
vt 0.413395 0.081367
vt 0.023202 0.450072
vt 0.022427 0.449657
vt 0.037122 0.426092
vt 0.399144 0.104962
vt 0.012678 0.475479
vt 0.011837 0.475224
vt 0.021653 0.449244
vt 0.389718 0.130527
vt 0.006438 0.502365
vt 0.007313 0.502451
vt 0.010997 0.474969
vt 0.385148 0.157231
vt 0.006438 0.530037
vt 0.007313 0.529951
vt 0.005565 0.530123
vt 0.385731 0.184309
vt 0.011837 0.557178
vt 0.012678 0.556923
vt 0.010997 0.557433
vt 0.391493 0.210783
vt 0.022427 0.582744
vt 0.023202 0.582330
vt 0.021652 0.583158
vt 0.402241 0.235666
vt 0.037801 0.605753
vt 0.038480 0.605196
vt 0.037122 0.606310
vt 0.417582 0.258019
vt 0.057926 0.624641
vt 0.057368 0.625321
vt 0.436945 0.277001
vt 0.080791 0.639920
vt 0.080377 0.640695
vt 0.056811 0.625999
vt 0.459606 0.291900
vt 0.106198 0.650444
vt 0.105943 0.651285
vt 0.079963 0.641469
vt 0.484716 0.302154
vt 0.133084 0.656684
vt 0.133170 0.655809
vt 0.105688 0.652125
vt 0.511338 0.307379
vt 0.160757 0.656684
vt 0.160671 0.655809
vt 0.160843 0.657557
vt 0.538481 0.307373
vt 0.187898 0.651285
vt 0.187643 0.650444
vt 0.188153 0.652125
vt 0.565137 0.302113
vt 0.213464 0.640695
vt 0.213050 0.639920
vt 0.213878 0.641469
vt 0.590288 0.291737
vt 0.236473 0.625321
vt 0.235915 0.624642
vt 0.237030 0.626000
vt 0.612882 0.276528
vt 0.587287 0.046383
vt 0.623476 0.044820
vt 0.610025 0.061419
vt 0.645839 0.066861
vt 0.629440 0.080556
vt 0.663534 0.092794
vt 0.644806 0.103074
vt 0.675903 0.121644
vt 0.655548 0.128128
vt 0.682493 0.152328
vt 0.661271 0.154780
vt 0.683073 0.183705
vt 0.661764 0.182040
vt 0.677636 0.214627
vt 0.657011 0.208900
vt 0.666378 0.244001
vt 0.647178 0.234376
vt 0.649616 0.270819
vt 0.632535 0.257500
vt 0.455896 0.045236
vt 0.476027 0.015240
vt 0.481487 0.035543
vt 0.506330 0.009495
vt 0.508194 0.030565
vt 0.537509 0.009526
vt 0.535384 0.030688
vt 0.568247 0.015591
vt 0.562087 0.036013
vt 0.597280 0.027509
vt 0.447656 0.025767
vt 0.414534 0.592004
vt 0.395624 0.399995
vt 0.487712 0.350773
vt 0.421130 0.039021
vt 0.446149 0.022275
vt 0.541533 0.353199
vt 0.542476 0.350093
vt 0.540687 0.355990
vt 0.474987 0.011496
vt 0.514742 0.347871
vt 0.515061 0.344641
vt 0.514456 0.350773
vt 0.505963 0.005564
vt 0.487426 0.347871
vt 0.487108 0.344641
vt 0.537899 0.005564
vt 0.460635 0.353201
vt 0.459693 0.350095
vt 0.461481 0.355991
vt 0.569397 0.011765
vt 0.435398 0.363654
vt 0.433868 0.360791
vt 0.436773 0.366226
vt 0.599151 0.023974
vt 0.412686 0.378830
vt 0.410627 0.376320
vt 0.414536 0.381084
vt 0.625994 0.041712
vt 0.393370 0.398145
vt 0.390862 0.396085
vt 0.648909 0.064296
vt 0.375332 0.419327
vt 0.378195 0.420858
vt 0.380766 0.422232
vt 0.667039 0.090869
vt 0.367741 0.446094
vt 0.364635 0.445151
vt 0.370532 0.446941
vt 0.679713 0.120429
vt 0.362412 0.472885
vt 0.359182 0.472566
vt 0.365314 0.473171
vt 0.686465 0.151868
vt 0.362412 0.500201
vt 0.359182 0.500519
vt 0.365314 0.499915
vt 0.687060 0.184015
vt 0.367741 0.526992
vt 0.364635 0.527934
vt 0.370532 0.526146
vt 0.681495 0.215695
vt 0.375332 0.553760
vt 0.378194 0.552229
vt 0.380766 0.550854
vt 0.669976 0.245794
vt 0.390861 0.577001
vt 0.393370 0.574942
vt 0.395624 0.573092
vt 0.652829 0.273300
vt 0.412684 0.594258
vt 0.410624 0.596767
vt 0.630311 0.297304
vt 0.436770 0.606863
vt 0.080792 0.392482
vt 0.080377 0.391707
vt 0.079963 0.390933
vt 0.455989 0.045942
vt 0.106199 0.381958
vt 0.105943 0.381117
vt 0.105689 0.380277
vt 0.481558 0.036212
vt 0.133171 0.376593
vt 0.133084 0.375718
vt 0.132998 0.374845
vt 0.508236 0.031306
vt 0.160757 0.375718
vt 0.160671 0.376593
vt 0.160843 0.374845
vt 0.535308 0.031473
vt 0.187898 0.381117
vt 0.187643 0.381958
vt 0.188153 0.380277
vt 0.561859 0.036790
vt 0.213464 0.391707
vt 0.213050 0.392482
vt 0.213878 0.390933
vt 0.586908 0.047107
vt 0.236473 0.407081
vt 0.235916 0.407761
vt 0.237030 0.406403
vt 0.609510 0.062057
vt 0.256041 0.426649
vt 0.255361 0.427206
vt 0.256719 0.426092
vt 0.628811 0.081082
vt 0.270640 0.450072
vt 0.271415 0.449658
vt 0.272189 0.449244
vt 0.644087 0.103469
vt 0.281163 0.475479
vt 0.282005 0.475224
vt 0.282845 0.474969
vt 0.654767 0.128378
vt 0.286528 0.502451
vt 0.287403 0.502365
vt 0.288277 0.502279
vt 0.660455 0.154877
vt 0.287403 0.530038
vt 0.286528 0.529952
vt 0.288277 0.530124
vt 0.660942 0.181981
vt 0.282005 0.557179
vt 0.281163 0.556923
vt 0.282844 0.557433
vt 0.656206 0.208684
vt 0.271415 0.582745
vt 0.270639 0.582330
vt 0.272189 0.583159
vt 0.646416 0.234009
vt 0.256041 0.605754
vt 0.255361 0.605196
vt 0.256719 0.606311
vt 0.631802 0.256944
vt 0.314348 0.810498
vt 0.312775 0.844049
vt 0.310104 0.843059
vt 0.302420 0.809529
vt 0.298686 0.840967
vt 0.299436 0.809394
vt 0.308378 0.809936
vt 0.307663 0.842232
vt 0.305359 0.841596
vt 0.293440 0.809253
vt 0.291482 0.842237
vt 0.290421 0.809233
vt 0.303124 0.841166
vt 0.300912 0.840954
vt 0.305399 0.809710
vt 0.296407 0.841196
vt 0.296444 0.809304
vt 0.317346 0.810816
vt 0.315765 0.845107
vt 0.294029 0.841625
vt 0.323375 0.811481
vt 0.322625 0.846432
vt 0.319096 0.846019
vt 0.320355 0.811146
vt 0.284336 0.809244
vt 0.281981 0.844381
vt 0.281273 0.809259
vt 0.278304 0.844402
vt 0.278200 0.809270
vt 0.287386 0.809233
vt 0.285503 0.843785
vt 0.311359 0.810202
vt 0.288670 0.842993
vt 0.286963 0.848997
vt 0.853120 0.602235
vt 0.860031 0.598210
vt 0.855799 0.604777
vt 0.860022 0.592609
vt 0.864572 0.594033
vt 0.862408 0.598426
vt 0.851368 0.591819
vt 0.858344 0.595440
vt 0.850796 0.595417
vt 0.858546 0.596531
vt 0.859126 0.597487
vt 0.859154 0.584441
vt 0.855759 0.586034
vt 0.859198 0.606361
vt 0.862931 0.606625
vt 0.851422 0.599003
vt 0.853078 0.588581
vt 0.858537 0.594333
vt 0.866592 0.605784
vt 0.863544 0.597849
vt 0.859115 0.593347
vt 0.872717 0.601154
vt 0.864554 0.596803
vt 0.865449 0.595417
vt 0.869923 0.603910
vt 0.869911 0.586899
vt 0.863504 0.592987
vt 0.866565 0.585024
vt 0.862890 0.584172
vt 0.862310 0.592405
vt 0.861143 0.598529
vt 0.861102 0.592290
vt 0.304067 0.848923
vt 0.302525 0.854551
vt 0.302348 0.848798
vt 0.308041 0.849318
vt 0.305922 0.849092
vt 0.290439 0.848880
vt 0.298994 0.848670
vt 0.293131 0.848765
vt 0.310621 0.849619
vt 0.300678 0.848714
vt 0.297239 0.848663
vt 0.313931 0.849986
vt 0.295329 0.848693
vt 0.322752 0.849897
vt 0.318165 0.850156
vt 0.282505 0.848793
vt 0.277678 0.847993
vt 0.306377 0.854452
vt 0.308826 0.859973
vt 0.306387 0.859639
vt 0.294614 0.854109
vt 0.292170 0.853676
vt 0.308694 0.854155
vt 0.300778 0.854350
vt 0.298793 0.854429
vt 0.296775 0.854350
vt 0.311477 0.853653
vt 0.318882 0.851910
vt 0.314864 0.852889
vt 0.285746 0.851952
vt 0.281559 0.850572
vt 0.276844 0.849097
vt 0.289266 0.852989
vt 0.304362 0.854581
vt 0.325072 0.859445
vt 0.320771 0.862530
vt 0.320072 0.860328
vt 0.288505 0.859965
vt 0.304267 0.859363
vt 0.300433 0.859072
vt 0.298509 0.859109
vt 0.302320 0.859164
vt 0.291657 0.859716
vt 0.311780 0.860320
vt 0.296480 0.859248
vt 0.315487 0.860550
vt 0.294245 0.859459
vt 0.279524 0.859587
vt 0.274016 0.858224
vt 0.284520 0.860057
vt 0.290870 0.865147
vt 0.291531 0.873363
vt 0.288359 0.872213
vt 0.316289 0.863825
vt 0.283496 0.863550
vt 0.278603 0.861990
vt 0.273101 0.860109
vt 0.287561 0.864560
vt 0.306715 0.865503
vt 0.304404 0.865663
vt 0.300221 0.865764
vt 0.298155 0.865736
vt 0.302274 0.865741
vt 0.293613 0.865473
vt 0.309351 0.865212
vt 0.295989 0.865650
vt 0.312490 0.864696
vt 0.311657 0.871977
vt 0.316633 0.921817
vt 0.308645 0.873153
vt 0.300182 0.874772
vt 0.297377 0.874641
vt 0.294511 0.874171
vt 0.314899 0.870499
vt 0.325666 0.861086
vt 0.322511 0.866953
vt 0.318473 0.868770
vt 0.280984 0.868900
vt 0.276475 0.866917
vt 0.271259 0.865133
vt 0.284887 0.870715
vt 0.305771 0.874016
vt 0.302966 0.874560
vt 0.704233 0.964540
vt 0.715466 0.957035
vt 0.722971 0.968267
vt 0.281171 0.925784
vt 0.275622 0.925844
vt 0.311814 0.922740
vt 0.301998 0.924265
vt 0.296966 0.924837
vt 0.306942 0.923560
vt 0.286569 0.925598
vt 0.321412 0.920804
vt 0.291829 0.925282
vt 0.326167 0.919715
vt 0.327038 0.865385
vt 0.335644 0.917369
vt 0.330908 0.918565
vt 0.269910 0.925778
vt 0.264031 0.925588
vt 0.257985 0.925274
vt 0.880833 0.441441
vt 0.928593 0.344641
vt 0.928593 0.441441
vt 0.943340 0.005564
vt 0.981549 0.053325
vt 0.943340 0.053325
vt 0.240391 0.831221
vt 0.192630 0.928021
vt 0.192630 0.831221
vt 0.977930 0.457111
vt 0.939722 0.409351
vt 0.977930 0.409351
vt 0.934085 0.827997
vt 0.895877 0.924797
vt 0.895877 0.827997
vt 0.131848 0.857082
vt 0.093640 0.953882
vt 0.093640 0.857082
vt 0.257985 0.798104
vt 0.284731 0.764671
vt 0.284731 0.798104
vt 0.326152 0.480787
vt 0.299406 0.476067
vt 0.326152 0.476067
vt 0.960450 0.688348
vt 0.931495 0.666707
vt 0.958958 0.666707
vt 0.299406 0.505817
vt 0.326152 0.484124
vt 0.326152 0.505817
vt 0.257985 0.742571
vt 0.284731 0.720879
vt 0.284731 0.742571
vt 0.925525 0.791640
vt 0.954480 0.769999
vt 0.955972 0.791640
vt 0.967913 0.656259
vt 0.927018 0.618573
vt 0.967913 0.617827
vt 0.257985 0.713998
vt 0.284731 0.707118
vt 0.284731 0.713998
vt 0.922540 0.764775
vt 0.958957 0.764029
vt 0.957465 0.768506
vt 0.963435 0.661483
vt 0.927018 0.660737
vt 0.299406 0.374845
vt 0.326152 0.415747
vt 0.299406 0.415747
vt 0.967913 0.723358
vt 0.967913 0.765521
vt 0.257985 0.707118
vt 0.284731 0.668686
vt 0.918063 0.759551
vt 0.958957 0.721865
vt 0.954480 0.813281
vt 0.257985 0.764671
vt 0.299406 0.527510
vt 0.326152 0.527510
vt 0.931495 0.709990
vt 0.964928 0.709990
vt 0.257985 0.720879
vt 0.299406 0.484124
vt 0.299406 0.466989
vt 0.326152 0.424825
vt 0.326152 0.466989
vt 0.918063 0.620066
vt 0.299406 0.424825
vt 0.346975 0.936973
vt 0.322105 0.967097
vt 0.322105 0.936973
vt 0.821013 0.295366
vt 0.795608 0.316344
vt 0.795072 0.295366
vt 0.674761 0.865786
vt 0.642628 0.872305
vt 0.642641 0.860770
vt 0.142977 0.920844
vt 0.168281 0.857082
vt 0.168714 0.920844
vt 0.685324 0.862082
vt 0.738766 0.872469
vt 0.674785 0.871566
vt 0.946810 0.832023
vt 0.967653 0.829003
vt 0.971680 0.835829
vt 0.946306 0.860311
vt 0.972269 0.844438
vt 0.971177 0.860311
vt 0.753959 0.944641
vt 0.737637 0.915652
vt 0.753518 0.914498
vt 0.143411 0.937702
vt 0.168281 0.937702
vt 0.753984 0.834904
vt 0.737654 0.863901
vt 0.737117 0.834214
vt 0.685320 0.917463
vt 0.674784 0.907979
vt 0.738754 0.907086
vt 0.738661 0.894883
vt 0.674822 0.884596
vt 0.738663 0.884676
vt 0.821013 0.282244
vt 0.795608 0.264848
vt 0.820478 0.264848
vt 0.374444 0.956711
vt 0.377464 0.977555
vt 0.370638 0.981581
vt 0.674759 0.913758
vt 0.642641 0.918774
vt 0.642628 0.907240
vt 0.672660 0.851054
vt 0.673284 0.833631
vt 0.668111 0.921213
vt 0.671155 0.855355
vt 0.820731 0.290871
vt 0.795354 0.290871
vt 0.820731 0.286740
vt 0.795072 0.282244
vt 0.737097 0.945330
vt 0.672658 0.928488
vt 0.815988 0.617827
vt 0.812074 0.816868
vt 0.812074 0.617827
vt 0.784680 0.617827
vt 0.780767 0.816868
vt 0.780767 0.617827
vt 0.808161 0.816868
vt 0.808161 0.617827
vt 0.776854 0.816868
vt 0.776854 0.617827
vt 0.804247 0.816868
vt 0.804247 0.617827
vt 0.772940 0.816868
vt 0.772940 0.617827
vt 0.800334 0.816868
vt 0.800334 0.617827
vt 0.769027 0.816868
vt 0.769027 0.617827
vt 0.796421 0.816868
vt 0.796421 0.617827
vt 0.827728 0.617827
vt 0.823814 0.816868
vt 0.823814 0.617827
vt 0.765114 0.816868
vt 0.765114 0.617827
vt 0.792507 0.816868
vt 0.792507 0.617827
vt 0.819901 0.816868
vt 0.819901 0.617827
vt 0.788594 0.816868
vt 0.788594 0.617827
vt 0.815988 0.816868
vt 0.784680 0.816868
vt 0.693104 0.968828
vt 0.681311 0.976709
vt 0.673430 0.964915
vt 0.783943 0.288328
vt 0.754093 0.292242
vt 0.754093 0.288328
vt 0.783943 0.319635
vt 0.754093 0.323549
vt 0.754093 0.319635
vt 0.754093 0.284415
vt 0.783943 0.315722
vt 0.754093 0.315722
vt 0.783943 0.280502
vt 0.754093 0.280502
vt 0.783943 0.311809
vt 0.754093 0.311809
vt 0.754093 0.276588
vt 0.754093 0.307895
vt 0.783943 0.272675
vt 0.754093 0.272675
vt 0.783943 0.303982
vt 0.754093 0.303982
vt 0.754093 0.268761
vt 0.754093 0.300069
vt 0.783943 0.264848
vt 0.754093 0.264848
vt 0.783943 0.296155
vt 0.754093 0.296155
vt 0.783943 0.327462
vt 0.754093 0.327462
vt 0.883846 0.595966
vt 0.891727 0.584172
vt 0.903520 0.592053
vt 0.658037 0.958532
vt 0.660804 0.972444
vt 0.646892 0.975211
vt 0.698189 0.319635
vt 0.742964 0.315722
vt 0.742964 0.319635
vt 0.698189 0.288328
vt 0.742964 0.284415
vt 0.742964 0.288328
vt 0.742964 0.323549
vt 0.698189 0.292242
vt 0.742964 0.292242
vt 0.742964 0.327462
vt 0.698189 0.323549
vt 0.698189 0.296155
vt 0.742964 0.296155
vt 0.698189 0.268761
vt 0.742964 0.264848
vt 0.742964 0.268761
vt 0.698189 0.300068
vt 0.742964 0.300068
vt 0.698189 0.272675
vt 0.742964 0.272675
vt 0.698189 0.303982
vt 0.742964 0.303982
vt 0.698189 0.276588
vt 0.742964 0.276588
vt 0.698189 0.307895
vt 0.742964 0.307895
vt 0.698189 0.280502
vt 0.742964 0.280502
vt 0.698189 0.315722
vt 0.742964 0.311809
vt 0.698189 0.311809
vt 0.698189 0.284415
vt 0.434336 0.975379
vt 0.422542 0.967499
vt 0.430422 0.955705
vt 0.959159 0.324491
vt 0.947366 0.332371
vt 0.939485 0.320577
vt 0.738590 0.880717
vt 0.674806 0.875777
vt 0.738625 0.876426
vt 0.674821 0.894950
vt 0.738584 0.898841
vt 0.674818 0.899143
vt 0.674805 0.903769
vt 0.738616 0.903131
vt 0.642838 0.898909
vt 0.642760 0.894906
vt 0.642792 0.903244
vt 0.642792 0.876301
vt 0.674819 0.880402
vt 0.642839 0.880636
vt 0.642761 0.884640
vt 0.345730 0.434943
vt 0.345687 0.434986
vt 0.345687 0.434943
vt 0.345730 0.434986
vt 0.345687 0.435028
vt 0.345730 0.435071
vt 0.345687 0.435071
vt 0.345687 0.435114
vt 0.345645 0.435071
vt 0.345645 0.435028
vt 0.345772 0.435028
vt 0.345730 0.435028
vt 0.345730 0.446242
vt 0.345687 0.446285
vt 0.345687 0.446242
vt 0.345730 0.446285
vt 0.345687 0.446328
vt 0.345730 0.446328
vt 0.345687 0.446370
vt 0.345730 0.446370
vt 0.345687 0.446413
vt 0.345645 0.446370
vt 0.345645 0.446328
vt 0.345772 0.446328
vt 0.192630 0.965941
vt 0.245621 0.959243
vt 0.245621 0.965941
vt 0.192630 0.959243
vt 0.245621 0.952546
vt 0.192630 0.952546
vt 0.245621 0.945848
vt 0.192630 0.945848
vt 0.245621 0.939150
vt 0.192630 0.992731
vt 0.245621 0.986034
vt 0.245621 0.992731
vt 0.192630 0.979336
vt 0.245621 0.979336
vt 0.615329 0.926960
vt 0.620065 0.915526
vt 0.631499 0.920262
vt 0.245621 0.972639
vt 0.192630 0.972638
vt 0.340876 0.737549
vt 0.345612 0.748983
vt 0.334178 0.753719
vt 0.939722 0.371431
vt 0.992713 0.364734
vt 0.992713 0.371431
vt 0.939722 0.364734
vt 0.992713 0.358036
vt 0.939722 0.358036
vt 0.992713 0.351338
vt 0.939722 0.351338
vt 0.992713 0.344641
vt 0.939722 0.398222
vt 0.992713 0.391524
vt 0.992713 0.398222
vt 0.939722 0.391524
vt 0.992713 0.384827
vt 0.334178 0.710250
vt 0.345612 0.714986
vt 0.340876 0.726420
vt 0.939722 0.384826
vt 0.992713 0.378129
vt 0.939722 0.378129
vt 0.626763 0.833631
vt 0.631499 0.845065
vt 0.620065 0.849800
vt 0.940367 0.496793
vt 0.993357 0.490095
vt 0.993357 0.496793
vt 0.940367 0.490095
vt 0.993357 0.483398
vt 0.940367 0.483398
vt 0.993357 0.476700
vt 0.940367 0.476700
vt 0.993357 0.470003
vt 0.940367 0.523584
vt 0.993357 0.516886
vt 0.993357 0.523584
vt 0.940367 0.516886
vt 0.993357 0.510188
vt 0.626763 0.888228
vt 0.631499 0.899661
vt 0.620065 0.904397
vt 0.940367 0.510188
vt 0.993357 0.503491
vt 0.940367 0.503491
vt 0.329442 0.776281
vt 0.334178 0.764848
vt 0.345612 0.769583
vt 0.257985 0.963764
vt 0.310976 0.957066
vt 0.310976 0.963764
vt 0.257985 0.957066
vt 0.310976 0.950368
vt 0.257985 0.950368
vt 0.310976 0.943671
vt 0.257985 0.943671
vt 0.310976 0.936973
vt 0.257985 0.990554
vt 0.310976 0.983857
vt 0.310976 0.990554
vt 0.257985 0.977159
vt 0.310976 0.977159
vt 0.620065 0.860929
vt 0.631499 0.865665
vt 0.626763 0.877099
vt 0.310976 0.970461
vt 0.257985 0.970461
vt 0.334178 0.682952
vt 0.345612 0.687688
vt 0.340876 0.699121
vt 0.345773 0.417430
vt 0.343664 0.420622
vt 0.343664 0.417430
vt 0.340472 0.420622
vt 0.340472 0.417430
vt 0.342039 0.411046
vt 0.340472 0.414238
vt 0.340472 0.411046
vt 0.337281 0.420622
vt 0.337281 0.417430
vt 0.342039 0.414238
vt 0.343664 0.414238
vt 0.343664 0.411046
vt 0.342039 0.423814
vt 0.340472 0.423814
vt 0.211497 0.265154
vt 0.285503 0.274709
vt 0.768426 0.034222
vt 0.900731 0.679550
vt 0.654113 0.748045
vt 0.662771 0.765141
vt 0.729328 0.538308
vt 0.304063 0.759783
vt 0.310522 0.797185
vt 0.302211 0.538639
vt 0.317440 0.639310
vt 0.386565 0.935397
vt 0.359182 0.709420
vt 0.364226 0.926289
vt 0.763595 0.537394
vt 0.316448 0.668174
vt 0.908418 0.106848
vt 0.615428 0.783887
vt 0.889967 0.573043
vt 0.411413 0.968236
vt 0.979316 0.288910
vt 0.945589 0.230390
vt 0.964480 0.110151
vt 0.471150 0.639574
vt 0.472405 0.719944
vt 0.482572 0.824908
vt 0.852925 0.326825
vt 0.483234 0.965950
vt 0.223850 0.710378
vt 0.244219 0.689870
vt 0.246503 0.691219
vt 0.246856 0.692541
vt 0.246856 0.708191
vt 0.245538 0.710454
vt 0.964711 0.559655
vt 0.940367 0.538077
vt 0.941796 0.535508
vt 0.943271 0.535084
vt 0.961001 0.534713
vt 0.963600 0.536124
vt 0.604299 0.639574
vt 0.136762 0.263194
vt 0.058600 0.268208
vt 0.778410 0.220007
vt 0.627715 0.749355
vt 0.874113 0.873703
vt 0.061219 0.875943
vt 0.845061 0.679816
vt 0.025234 0.881944
vt 0.654113 0.692284
vt 0.072760 0.860826
vt 0.618233 0.772758
vt 0.359182 0.765180
vt 0.367840 0.782276
vt 0.861756 0.458874
vt 0.632469 0.643223
vt 0.932212 0.163958
vt 0.876755 0.117977
vt 0.876718 0.219261
vt 0.969733 0.121280
vt 0.929238 0.516419
vt 0.943366 0.166375
vt 0.939485 0.236123
vt 0.034931 0.830128
vt 0.017120 0.811916
vt 0.964028 0.581729
vt 0.963600 0.583186
vt 0.961001 0.584597
vt 0.943271 0.584225
vt 0.941796 0.583802
vt 0.940367 0.581233
vt 0.142977 0.975412
vt 0.631634 0.526145
vt 0.409058 0.041989
vt 0.397516 0.274860
vt 0.005565 0.502278
vt 0.132998 0.657557
vt 0.419506 0.035601
vt 0.326402 0.811813
vt 0.872717 0.589648
vt 0.323337 0.850981
vt 0.721544 0.971710
vt 0.718909 0.974346
vt 0.715465 0.975772
vt 0.711738 0.975772
vt 0.708295 0.974346
vt 0.705660 0.971710
vt 0.704233 0.968267
vt 0.705660 0.961096
vt 0.708295 0.958461
vt 0.711739 0.957035
vt 0.718909 0.958461
vt 0.721544 0.961096
vt 0.722971 0.964540
vt 0.340377 0.916140
vt 0.880833 0.344641
vt 0.981549 0.005564
vt 0.240391 0.928021
vt 0.939722 0.457111
vt 0.934085 0.924797
vt 0.131848 0.953882
vt 0.299406 0.480787
vt 0.930003 0.688348
vt 0.927018 0.769999
vt 0.928510 0.665214
vt 0.326152 0.374845
vt 0.257985 0.668686
vt 0.918063 0.721119
vt 0.921048 0.813281
vt 0.918063 0.662229
vt 0.346975 0.967097
vt 0.820478 0.316344
vt 0.663731 0.859887
vt 0.143411 0.857082
vt 0.945214 0.844438
vt 0.945803 0.835829
vt 0.949830 0.829003
vt 0.953636 0.827997
vt 0.963847 0.827997
vt 0.970673 0.832023
vt 0.753542 0.865057
vt 0.359182 0.981078
vt 0.359182 0.956208
vt 0.370638 0.955705
vt 0.377464 0.959731
vt 0.378470 0.963537
vt 0.378470 0.973749
vt 0.374444 0.980574
vt 0.663730 0.919657
vt 0.671153 0.924187
vt 0.668112 0.858331
vt 0.795354 0.286740
vt 0.673280 0.945906
vt 0.827728 0.816868
vt 0.674928 0.961300
vt 0.677695 0.958532
vt 0.681311 0.957035
vt 0.685224 0.957035
vt 0.688840 0.958532
vt 0.691607 0.961300
vt 0.693104 0.964915
vt 0.691607 0.972444
vt 0.688839 0.975211
vt 0.685224 0.976709
vt 0.677695 0.975211
vt 0.674928 0.972444
vt 0.673430 0.968828
vt 0.783943 0.292242
vt 0.783943 0.323549
vt 0.783943 0.284415
vt 0.783943 0.276588
vt 0.783943 0.307895
vt 0.783943 0.268761
vt 0.783943 0.300069
vt 0.903520 0.595966
vt 0.902023 0.599581
vt 0.899255 0.602349
vt 0.895640 0.603846
vt 0.891726 0.603846
vt 0.888111 0.602349
vt 0.885344 0.599581
vt 0.883846 0.592053
vt 0.885344 0.588437
vt 0.888111 0.585670
vt 0.895640 0.584172
vt 0.899255 0.585670
vt 0.902023 0.588437
vt 0.644125 0.972444
vt 0.642628 0.968828
vt 0.642628 0.964915
vt 0.644125 0.961300
vt 0.646892 0.958532
vt 0.650508 0.957035
vt 0.654421 0.957035
vt 0.660804 0.961300
vt 0.662302 0.964915
vt 0.662302 0.968828
vt 0.658037 0.975211
vt 0.654421 0.976709
vt 0.650508 0.976709
vt 0.698189 0.327462
vt 0.698189 0.264848
vt 0.434336 0.955705
vt 0.437951 0.957202
vt 0.440719 0.959970
vt 0.442216 0.963585
vt 0.442216 0.967499
vt 0.440719 0.971114
vt 0.437951 0.973881
vt 0.430422 0.975379
vt 0.426807 0.973881
vt 0.424040 0.971114
vt 0.422542 0.963585
vt 0.424040 0.959970
vt 0.426807 0.957202
vt 0.940983 0.316962
vt 0.943750 0.314195
vt 0.947366 0.312697
vt 0.951279 0.312697
vt 0.954895 0.314195
vt 0.957662 0.316962
vt 0.959159 0.320577
vt 0.957662 0.328106
vt 0.954895 0.330873
vt 0.951279 0.332371
vt 0.943750 0.330873
vt 0.940983 0.328106
vt 0.939485 0.324491
vt 0.345730 0.435114
vt 0.345772 0.435071
vt 0.345730 0.446413
vt 0.345772 0.446370
vt 0.192630 0.939150
vt 0.192630 0.986034
vt 0.631499 0.926960
vt 0.626763 0.931696
vt 0.620065 0.931696
vt 0.615329 0.920262
vt 0.626763 0.915526
vt 0.329442 0.748983
vt 0.329442 0.742285
vt 0.334178 0.737549
vt 0.345612 0.742285
vt 0.340876 0.753719
vt 0.939722 0.344641
vt 0.334178 0.726420
vt 0.329442 0.721684
vt 0.329442 0.714986
vt 0.340876 0.710250
vt 0.345612 0.721684
vt 0.615329 0.845064
vt 0.615329 0.838367
vt 0.620065 0.833631
vt 0.631499 0.838367
vt 0.626763 0.849800
vt 0.940367 0.470003
vt 0.615329 0.899661
vt 0.615329 0.892964
vt 0.620065 0.888228
vt 0.631499 0.892964
vt 0.626763 0.904397
vt 0.345612 0.776281
vt 0.340876 0.781017
vt 0.334178 0.781017
vt 0.329442 0.769584
vt 0.340876 0.764848
vt 0.257985 0.936973
vt 0.257985 0.983857
vt 0.620065 0.877099
vt 0.615329 0.872363
vt 0.615329 0.865665
vt 0.626763 0.860929
vt 0.631499 0.872363
vt 0.334178 0.699121
vt 0.329442 0.694385
vt 0.329442 0.687688
vt 0.340876 0.682952
vt 0.345612 0.694385
vt 0.345773 0.420622
vt 0.343664 0.415322
vt 0.343664 0.422730
s 1
usemtl USMC_M249_Gunner
f 1/1/1 29/2/2 16/3/3
f 27/4/4 14/5/5 1/1/1
f 23/6/6 26/7/7 2/8/8
f 2/8/8 30/9/9 23/6/6
f 14/5/5 25/10/10 3/11/11
f 3/11/11 29/2/2 14/5/5
f 3/11/11 30/9/9 18/12/12
f 25/10/10 23/6/6 3/11/11
f 4/13/13 31/14/14 20/15/15
f 16/3/3 19/16/16 4/13/13
f 15/17/17 17/18/18 5/19/19
f 5/19/19 32/20/20 15/17/17
f 19/16/16 18/12/12 6/21/21
f 6/21/21 31/14/14 19/16/16
f 6/21/21 32/20/20 22/22/22
f 18/12/12 15/17/17 6/21/21
f 20/15/15 49/23/23 7/24/24
f 50/25/25 21/26/26 8/27/27
f 49/23/23 22/22/22 46/28/28
f 22/22/22 50/25/25 46/28/28
f 39/29/29 69/30/30 35/31/10
f 25/10/10 24/32/29 9/33/10
f 12/34/31 25/10/10 9/33/10
f 35/31/10 28/35/32 38/36/31
f 38/36/31 71/37/33 36/38/7
f 26/7/7 12/34/31 10/39/7
f 24/32/29 27/4/4 11/40/4
f 37/41/4 70/42/34 39/29/29
f 37/41/4 40/43/29 43/44/4
f 44/45/31 36/38/7 42/46/7
f 35/31/10 44/45/31 41/47/10
f 40/43/29 35/31/10 41/47/10
f 24/32/29 41/47/10 9/33/10
f 41/47/10 12/34/31 9/33/10
f 12/34/31 42/46/7 10/39/7
f 43/44/4 24/32/29 11/40/4
f 45/48/35 59/49/36 48/50/37
f 48/50/37 75/51/38 45/48/35
f 75/51/38 54/52/39 45/48/35
f 45/48/35 60/53/40 55/54/41
f 61/55/42 60/53/40 54/52/39
f 54/52/39 76/56/43 61/55/42
f 74/57/44 48/50/37 62/58/45
f 62/58/45 59/49/36 67/59/46
f 65/60/47 50/61/25 8/62/27
f 49/63/23 66/64/48 7/65/24
f 50/61/25 52/66/49 46/67/28
f 52/66/49 49/63/23 46/67/28
f 67/59/46 53/68/50 63/69/51
f 63/69/51 57/70/52 65/60/47
f 64/71/53 58/72/54 51/73/55
f 51/73/55 68/74/56 64/71/53
f 47/75/57 57/70/52 53/68/50
f 53/68/50 55/54/41 47/75/57
f 55/54/41 51/73/55 47/75/57
f 47/75/57 58/72/54 52/66/49
f 70/42/34 72/76/58 69/77/30
f 28/78/32 72/76/58 71/79/33
f 81/80/59 75/81/38 56/82/60
f 77/83/61 78/84/62 79/85/63
f 75/81/38 80/86/64 73/87/65
f 80/86/64 76/56/43 73/87/65
f 74/88/44 81/80/59 56/82/60
f 85/89/66 94/90/67 93/91/68
f 96/92/69 107/93/70 112/94/71
f 90/95/72 85/89/66 93/91/68
f 87/96/73 82/97/74 86/98/75
f 136/99/76 86/98/75 134/100/77
f 194/101/78 93/91/68 196/102/79
f 83/103/80 119/104/81 115/105/82
f 84/106/83 163/107/84 135/108/85
f 106/109/86 103/110/87 99/111/88
f 105/112/89 96/92/69 98/113/90
f 104/114/91 99/111/88 95/115/92
f 95/115/92 101/116/93 100/117/94
f 100/117/94 155/118/95 152/119/96
f 103/110/87 107/93/70 97/120/97
f 197/121/98 106/109/86 104/114/91
f 98/113/90 154/122/99 105/112/89
f 199/123/100 108/124/101 106/109/86
f 86/125/102 95/126/103 100/127/102
f 82/128/103 104/129/58 95/126/103
f 89/130/104 97/131/105 91/132/106
f 83/133/107 102/134/108 88/135/109
f 92/136/110 97/131/105 105/137/89
f 84/138/111 96/139/112 83/133/107
f 137/140/113 105/137/89 154/141/99
f 135/142/114 98/143/115 84/138/111
f 87/144/116 99/145/117 85/146/118
f 86/125/102 152/147/119 134/148/119
f 87/144/116 155/149/120 101/150/121
f 88/135/109 198/151/122 195/152/122
f 89/130/104 99/145/117 103/153/123
f 90/154/58 197/155/58 104/129/58
f 88/156/124 111/157/125 110/158/126
f 195/159/127 120/160/128 88/156/124
f 91/132/106 117/161/129 116/162/130
f 110/158/126 94/90/67 109/163/131
f 89/164/132 109/163/131 94/90/67
f 108/124/101 112/94/71 107/93/70
f 112/94/71 102/165/133 96/92/69
f 113/166/134 198/167/135 102/165/133
f 202/168/136 113/166/134 108/124/101
f 114/169/137 166/170/138 163/171/139
f 116/172/140 114/169/137 115/173/141
f 115/173/141 118/174/142 116/172/140
f 109/175/143 119/104/81 110/176/144
f 83/103/80 114/177/145 84/106/83
f 92/136/110 166/178/146 117/161/129
f 91/179/147 118/180/148 109/175/143
f 196/102/79 94/90/67 201/181/149
f 201/181/149 111/157/125 200/182/150
f 200/182/150 120/160/128 204/183/151
f 133/184/152 124/185/153 132/186/154
f 139/187/155 150/188/156 140/189/157
f 129/190/158 124/185/153 121/191/159
f 121/191/159 126/192/160 125/193/161
f 125/193/161 136/194/76 134/195/77
f 205/196/98 132/186/154 129/190/158
f 122/197/162 168/198/163 157/199/164
f 163/107/84 123/200/165 135/108/85
f 149/201/166 146/202/167 151/203/168
f 139/187/155 148/204/169 141/205/170
f 147/206/171 142/207/172 149/201/166
f 144/208/173 138/209/174 143/210/175
f 155/118/95 143/210/175 152/119/96
f 150/188/156 146/202/167 140/189/157
f 208/211/78 149/201/166 210/212/176
f 141/205/170 154/122/99 153/213/177
f 210/212/176 151/203/168 213/214/178
f 125/215/179 138/216/103 121/217/180
f 121/217/180 147/218/58 129/219/58
f 140/220/181 128/221/182 130/222/183
f 145/223/184 122/224/185 127/225/109
f 131/226/186 140/220/181 130/222/183
f 139/227/187 123/228/188 122/224/185
f 137/140/113 148/229/169 131/226/186
f 141/230/189 135/142/114 123/228/188
f 142/231/190 126/232/191 124/233/192
f 134/148/119 143/234/102 125/215/179
f 144/235/193 136/236/194 126/232/191
f 209/237/122 127/225/109 206/238/122
f 128/221/182 142/231/190 124/233/192
f 129/219/58 208/239/195 205/240/195
f 157/241/196 169/242/197 127/243/198
f 169/242/197 206/244/199 127/243/198
f 164/245/200 131/226/186 130/222/183
f 157/241/196 133/184/152 158/246/201
f 128/247/202 156/248/203 130/249/204
f 151/203/168 159/250/205 160/251/206
f 145/252/207 159/250/205 139/187/155
f 209/253/208 160/251/206 145/252/207
f 160/251/206 213/214/178 151/203/168
f 161/254/209 166/170/138 165/255/210
f 162/256/211 165/255/210 164/257/212
f 162/256/211 167/258/213 168/259/214
f 168/198/163 156/260/215 157/199/164
f 123/200/165 162/261/216 122/197/162
f 131/226/186 166/178/146 137/140/113
f 167/262/217 130/263/218 156/260/215
f 133/184/152 207/264/219 212/265/220
f 158/246/201 212/265/220 211/266/221
f 211/266/221 169/242/197 158/246/201
f 181/267/222 178/268/223 180/269/224
f 179/270/225 182/271/226 183/272/227
f 171/273/58 173/274/58 170/275/58
f 184/276/228 170/277/229 173/278/229
f 177/279/230 173/280/230 174/281/230
f 185/282/231 171/273/232 170/283/232
f 179/270/225 184/284/233 177/279/230
f 185/282/231 178/268/223 176/285/232
f 172/286/234 182/287/234 175/288/234
f 181/289/235 183/290/235 182/291/235
f 179/270/236 172/286/236 175/288/236
f 190/292/10 191/293/10 192/294/10
f 216/295/58 186/296/58 217/297/58
f 189/298/10 186/299/10 187/300/10
f 190/292/10 193/301/10 189/298/10
f 191/302/237 219/303/238 192/304/239
f 222/305/240 191/306/241 188/307/242
f 193/308/243 220/309/244 218/310/245
f 193/311/246 217/312/4 186/313/246
f 225/314/10 224/315/10 223/316/10
f 580/317/247 227/318/247 578/319/247
f 223/316/10 228/320/10 225/314/10
f 579/321/248 225/322/248 228/323/248
f 580/317/249 230/324/249 229/325/249
f 228/320/10 229/325/10 230/326/10
f 575/327/250 226/328/250 577/329/250
f 578/319/251 223/316/252 574/330/252
f 223/316/252 575/327/253 574/330/252
f 576/331/254 226/332/254 225/322/254
f 285/333/255 266/334/256 284/335/257
f 237/336/258 305/337/259 308/338/260
f 299/339/261 231/340/262 234/341/263
f 327/342/264 291/343/265 307/344/266
f 258/345/267 298/346/268 283/347/269
f 288/348/270 306/349/271 325/350/272
f 256/351/273 298/352/274 290/353/275
f 232/354/276 241/355/277 238/356/278
f 287/357/279 239/358/280 233/359/281
f 326/360/282 301/361/283 327/342/264
f 242/362/284 239/358/280 238/356/278
f 299/339/261 300/363/285 301/364/283
f 242/362/284 241/355/277 247/365/286
f 247/365/286 251/366/287 252/367/288
f 251/366/287 237/368/258 248/369/289
f 248/370/289 308/338/260 310/371/290
f 289/372/291 245/373/292 250/374/293
f 290/353/275 250/374/293 256/351/273
f 253/375/294 310/371/290 312/376/295
f 251/366/287 253/377/294 257/378/296
f 246/379/297 250/374/293 245/373/292
f 254/380/298 283/381/299 256/351/273
f 252/367/288 257/378/296 255/382/300
f 320/383/301 332/384/302 333/385/303
f 297/386/304 260/387/305 294/388/306
f 262/389/307 265/390/308 260/387/305
f 318/391/309 293/392/310 263/393/311
f 332/384/302 318/391/309 264/394/312
f 294/388/306 265/390/308 293/392/310
f 244/395/313 328/396/314 302/397/315
f 252/367/316 275/398/317 247/365/318
f 249/399/319 277/400/320 274/401/321
f 255/382/322 270/402/323 252/367/316
f 243/403/324 278/404/325 244/395/313
f 249/399/319 269/405/326 254/380/326
f 313/406/327 333/385/303 259/407/328
f 295/408/329 273/409/330 297/386/304
f 296/410/331 276/411/332 295/408/329
f 255/382/322 272/412/333 268/413/334
f 246/379/335 328/396/314 277/400/320
f 254/380/326 267/414/336 282/415/336
f 292/416/337 280/417/338 296/410/331
f 247/365/318 281/418/339 242/362/340
f 242/362/340 279/419/341 243/403/324
f 313/406/342 285/333/255 324/420/343
f 255/382/300 284/421/344 286/422/345
f 292/416/346 323/423/347 298/346/268
f 285/424/348 257/378/296 253/377/294
f 253/375/294 324/425/349 285/426/348
f 290/427/275 323/428/350 311/429/351
f 249/399/352 256/351/273 250/374/293
f 232/430/276 325/350/272 305/337/259
f 232/354/276 287/357/279 288/431/270
f 314/432/353 296/410/331 322/433/354
f 322/433/354 295/408/329 321/434/355
f 321/434/355 297/386/304 319/435/356
f 315/436/357 293/392/310 317/437/358
f 297/386/304 315/436/357 319/435/356
f 311/429/351 289/438/291 290/427/275
f 309/439/359 291/343/265 289/438/291
f 304/440/360 299/441/261 326/360/282
f 236/442/361 233/359/281 231/340/262
f 235/443/362 287/357/279 233/359/281
f 235/444/362 304/440/360 306/349/271
f 243/403/363 240/445/364 239/358/280
f 239/358/280 231/340/262 233/359/281
f 301/364/283 245/373/292 291/446/265
f 302/397/365 245/373/292 300/363/285
f 300/363/285 303/447/366 302/397/365
f 303/447/366 231/340/262 240/445/364
f 244/395/367 303/447/366 240/445/364
f 269/405/368 258/345/369 267/414/370
f 280/417/338 274/401/371 276/411/332
f 276/411/332 277/400/372 273/409/330
f 279/419/373 262/389/307 278/404/374
f 281/418/375 331/448/376 279/419/373
f 272/412/333 284/335/257 266/334/256
f 328/396/377 273/409/330 277/400/372
f 260/387/305 278/404/374 262/389/307
f 263/393/311 331/448/376 329/449/378
f 329/449/378 330/450/379 264/394/312
f 261/451/380 264/394/312 330/450/379
f 281/418/375 275/398/381 271/452/382
f 275/398/381 270/402/383 271/452/382
f 268/413/384 271/452/382 270/402/383
f 330/450/379 271/452/382 261/451/380
f 261/451/380 333/385/303 332/384/302
f 259/407/328 271/452/382 266/334/385
f 268/413/384 266/334/385 271/452/382
f 361/453/386 341/454/387 340/455/386
f 365/456/388 338/457/389 353/458/390
f 338/457/389 363/459/391 342/460/392
f 334/461/386 360/462/386 339/463/386
f 342/460/392 364/464/386 349/465/386
f 334/461/393 345/466/394 335/467/395
f 336/468/396 334/461/393 335/467/395
f 346/469/397 342/460/398 337/470/399
f 353/458/400 346/469/397 347/471/401
f 337/470/399 349/465/402 336/468/396
f 340/455/403 343/472/404 344/473/405
f 351/474/406 355/475/407 350/476/408
f 354/477/409 347/471/401 348/478/410
f 339/463/411 344/473/405 345/466/394
f 352/479/412 356/480/413 351/474/406
f 355/475/407 348/478/410 350/476/408
f 341/454/414 352/479/412 343/472/404
f 367/481/415 365/456/388 366/482/416
f 368/483/417 359/484/418 365/456/388
f 363/459/391 369/485/419 362/486/420
f 362/486/420 364/464/386 363/459/391
f 364/464/386 360/462/386 358/487/386
f 356/480/421 367/481/415 355/475/422
f 349/465/386 358/487/386 334/461/386
f 366/482/416 353/458/390 354/477/423
f 360/462/386 340/455/386 339/463/386
f 357/488/424 368/483/417 356/480/421
f 367/481/415 354/477/423 355/475/422
f 362/486/420 357/488/424 341/454/387
f 371/489/425 381/490/426 370/491/427
f 380/492/428 384/493/429 391/494/430
f 388/495/431 375/496/432 377/497/433
f 386/498/434 373/499/435 375/496/432
f 391/494/430 372/500/436 380/492/428
f 376/501/437 389/502/438 378/503/439
f 374/504/440 387/505/441 376/501/437
f 371/489/425 383/506/442 382/507/443
f 378/503/439 390/508/444 379/509/445
f 370/491/427 385/510/446 374/504/440
f 710/511/447 382/507/448 383/506/447
f 717/512/449 379/513/449 390/508/449
f 703/514/450 374/515/451 376/516/450
f 711/517/452 391/494/453 384/493/454
f 709/518/448 381/490/455 382/507/448
f 701/519/451 370/520/456 374/515/451
f 718/521/453 383/506/447 391/494/453
f 386/498/457 711/517/452 384/493/454
f 702/522/458 377/523/459 375/524/458
f 377/525/460 715/526/460 388/495/460
f 712/527/461 387/505/462 385/510/461
f 705/528/463 376/516/450 378/529/463
f 708/530/455 385/510/461 381/490/455
f 706/531/464 378/529/463 379/532/464
f 715/526/465 386/498/457 388/495/465
f 707/533/466 373/534/467 380/535/466
f 697/536/456 371/537/468 370/520/456
f 714/538/462 389/502/469 387/505/462
f 699/539/470 380/535/466 372/540/470
f 700/541/467 375/524/458 373/534/467
f 716/542/469 390/508/471 389/502/469
f 406/543/472 410/544/473 409/545/474
f 392/546/475 404/547/476 394/548/477
f 409/549/478 393/550/479 395/551/480
f 403/552/481 399/553/482 396/554/483
f 397/555/484 408/556/484 405/557/484
f 258/345/267 282/415/485 267/414/486
f 405/557/487 399/558/488 397/555/489
f 407/559/490 398/560/491 399/558/488
f 406/561/492 396/562/493 398/560/491
f 400/563/494 410/564/495 408/556/496
f 402/565/497 411/566/498 410/564/495
f 401/567/499 411/566/498 403/568/500
f 678/569/501 350/570/502 677/571/502
f 664/572/503 336/573/504 663/574/504
f 662/575/505 345/576/506 672/577/506
f 673/578/507 337/579/503 664/572/503
f 679/580/508 351/581/501 678/569/501
f 670/582/509 352/583/508 679/580/508
f 674/584/510 346/585/507 673/578/507
f 671/586/511 343/587/509 670/582/509
f 698/588/468 372/540/470 371/537/468
f 675/589/512 347/590/510 674/584/510
f 663/574/504 335/591/505 662/575/505
f 672/577/506 344/592/511 671/586/511
f 176/285/236 174/281/236 171/273/236
f 178/268/236 177/279/236 176/285/236
f 192/593/513 220/309/244 193/308/243
f 185/594/514 183/595/515 180/596/515
f 413/597/7 188/307/516 190/292/516
f 189/298/516 413/597/7 190/292/516
f 187/300/516 412/598/7 189/298/516
f 1/1/1 427/599/517 418/600/518
f 418/600/518 27/4/4 1/1/1
f 26/601/7 423/602/519 2/603/8
f 2/603/8 428/604/520 17/605/18
f 425/606/96 418/600/518 414/607/521
f 414/607/521 427/599/517 420/608/522
f 414/607/521 428/604/520 423/602/519
f 423/602/519 425/606/96 414/607/521
f 4/13/13 429/609/523 421/610/524
f 421/610/524 16/3/3 4/13/13
f 17/605/18 419/611/525 5/612/19
f 5/612/19 430/613/526 21/614/26
f 420/608/522 421/610/524 415/615/527
f 415/615/527 429/609/523 422/616/528
f 415/615/527 430/613/526 419/611/525
f 419/611/525 420/608/522 415/615/527
f 443/617/529 20/15/15 7/24/24
f 21/614/26 444/618/530 8/619/27
f 422/616/528 443/617/529 440/620/531
f 444/618/530 422/616/528 440/620/531
f 455/621/532 435/622/533 433/623/96
f 424/624/533 425/606/96 416/625/96
f 425/606/96 417/626/534 416/625/96
f 433/623/96 426/627/535 455/621/532
f 71/628/33 434/629/534 36/630/7
f 417/626/534 26/601/7 10/631/7
f 27/4/4 424/624/533 11/40/4
f 37/41/4 456/632/536 13/633/537
f 436/634/533 37/41/4 43/44/4
f 36/630/7 438/635/534 42/636/7
f 438/635/534 433/623/96 437/637/96
f 433/623/96 436/634/533 437/637/96
f 437/637/96 424/624/533 416/625/96
f 417/626/534 437/637/96 416/625/96
f 42/636/7 417/626/534 10/631/7
f 424/624/533 43/44/4 11/40/4
f 439/638/538 453/639/539 449/640/540
f 458/641/541 442/642/542 439/638/538
f 448/643/543 458/641/541 439/638/538
f 439/638/538 454/644/544 448/643/543
f 61/55/42 454/644/544 68/74/56
f 76/56/43 448/643/543 61/55/42
f 442/642/542 74/645/44 62/646/45
f 62/646/45 453/639/539 442/642/542
f 444/647/530 65/648/47 8/649/27
f 66/64/48 443/650/529 7/65/24
f 446/651/545 444/647/530 440/652/531
f 443/650/529 446/651/545 440/652/531
f 447/653/546 67/654/46 63/655/51
f 63/655/51 451/656/547 447/653/546
f 64/71/53 452/657/548 66/64/48
f 68/74/56 445/658/549 64/71/53
f 441/659/550 451/656/547 446/651/545
f 449/640/540 447/653/546 441/659/550
f 445/658/549 449/640/540 441/659/550
f 441/659/550 452/657/548 445/658/549
f 72/76/58 456/632/536 455/660/532
f 426/661/535 72/76/58 455/660/532
f 458/662/541 461/663/551 450/664/552
f 79/85/63 461/663/551 459/665/553
f 458/662/541 460/666/554 459/665/553
f 76/56/43 460/666/554 457/667/555
f 74/88/44 461/663/551 78/84/62
f 474/668/556 465/669/557 473/670/558
f 476/671/559 487/672/560 477/673/561
f 470/674/562 465/669/557 462/675/563
f 462/675/563 467/676/564 466/677/565
f 466/677/565 516/678/566 514/679/567
f 194/101/78 473/670/558 470/674/562
f 463/680/568 499/681/569 490/682/570
f 543/683/571 464/684/572 515/685/573
f 486/686/574 483/687/575 488/688/576
f 476/671/559 485/689/577 478/690/578
f 484/691/579 479/692/580 486/686/574
f 481/693/581 475/694/582 480/695/583
f 535/696/584 480/695/583 532/697/10
f 487/672/560 483/687/575 477/673/561
f 197/121/98 486/686/574 199/123/100
f 478/690/578 534/698/585 533/699/586
f 199/123/100 488/688/576 202/168/136
f 466/700/587 475/701/588 462/702/588
f 462/702/588 484/703/58 470/704/58
f 477/705/589 469/706/590 471/707/591
f 482/708/592 463/709/593 468/710/594
f 472/711/595 477/705/589 471/707/591
f 476/712/596 464/713/597 463/709/593
f 517/714/598 485/715/577 472/711/595
f 478/716/599 515/717/600 464/713/597
f 479/718/601 467/719/602 465/720/603
f 532/721/604 466/700/587 514/722/604
f 467/719/602 535/723/605 516/724/606
f 198/151/122 468/710/594 195/152/122
f 469/706/590 479/718/601 465/720/603
f 470/704/58 197/155/58 194/725/58
f 490/726/607 500/727/608 468/728/609
f 500/727/608 195/159/127 468/728/609
f 471/707/591 497/729/610 472/711/595
f 490/726/607 474/668/556 491/730/611
f 469/731/612 489/732/613 471/733/614
f 488/688/576 492/734/615 493/735/616
f 482/736/617 492/734/615 476/671/559
f 198/167/135 493/735/616 482/736/617
f 493/735/616 202/168/136 488/688/576
f 494/737/618 546/738/619 497/739/620
f 494/737/618 496/740/621 495/741/622
f 495/741/622 498/742/623 499/743/624
f 499/681/569 489/744/625 490/682/570
f 494/745/626 463/680/568 464/684/572
f 472/711/595 546/746/627 517/714/598
f 498/747/628 471/748/629 489/744/625
f 474/668/556 196/102/79 201/181/149
f 491/730/611 201/181/149 200/182/150
f 200/182/150 500/727/608 491/730/611
f 504/749/630 513/750/631 512/751/632
f 519/752/633 530/753/634 539/754/635
f 509/755/636 504/749/630 512/751/632
f 506/756/637 501/757/638 505/758/639
f 516/759/566 505/758/639 514/760/567
f 205/196/98 512/751/632 207/264/219
f 502/761/640 548/762/641 542/763/642
f 503/764/643 543/683/571 515/685/573
f 529/765/644 526/766/645 522/767/646
f 528/768/647 519/752/633 521/769/648
f 527/770/649 522/767/646 518/771/650
f 518/771/650 524/772/651 523/773/652
f 523/773/652 535/696/584 532/697/10
f 526/766/645 530/753/634 520/774/653
f 208/211/78 529/765/644 527/770/649
f 521/769/648 534/698/585 528/768/647
f 210/212/176 531/775/654 529/765/644
f 505/776/655 518/777/588 523/778/587
f 501/779/656 527/780/58 518/777/588
f 508/781/657 520/782/658 510/783/659
f 502/784/660 525/785/661 507/786/594
f 511/787/662 520/782/658 528/788/647
f 503/789/663 519/790/664 502/784/660
f 517/714/598 528/788/647 534/791/585
f 515/717/600 521/792/665 503/789/663
f 506/793/666 522/794/667 504/795/668
f 514/722/604 523/778/587 532/721/604
f 516/724/606 524/796/669 506/793/666
f 507/786/594 209/237/122 206/238/122
f 508/781/657 522/794/667 526/797/670
f 509/798/58 208/239/195 527/780/58
f 507/799/671 538/800/672 537/801/673
f 206/244/199 549/802/674 507/799/671
f 511/787/662 544/803/675 510/783/659
f 537/801/673 513/750/631 536/804/676
f 508/805/677 536/804/676 513/750/631
f 531/775/654 539/754/635 530/753/634
f 539/754/635 525/806/678 519/752/633
f 540/807/679 209/253/208 525/806/678
f 213/214/178 540/807/679 531/775/654
f 541/808/680 546/738/619 543/809/681
f 542/810/682 545/811/683 541/808/680
f 542/810/682 547/812/684 544/813/685
f 536/814/686 548/762/641 537/815/687
f 503/764/643 542/763/642 541/816/688
f 511/787/662 546/746/627 545/817/689
f 510/818/690 547/819/691 536/814/686
f 207/264/219 513/750/631 212/265/220
f 212/265/220 538/800/672 211/266/221
f 211/266/221 549/802/674 215/820/692
f 558/821/693 561/822/694 560/823/695
f 559/824/696 562/825/697 555/826/698
f 551/827/58 553/828/58 554/829/58
f 550/830/699 564/831/700 553/832/699
f 553/833/701 557/834/701 554/829/701
f 551/827/702 565/835/703 550/836/702
f 564/837/704 559/824/696 557/834/701
f 565/835/703 558/821/693 560/823/695
f 562/838/705 552/839/705 555/826/705
f 563/840/706 561/841/706 562/842/706
f 552/839/707 559/824/707 555/826/707
f 570/843/96 571/844/96 568/845/96
f 216/295/58 566/846/58 567/847/58
f 566/848/96 569/849/96 567/847/96
f 573/850/96 570/843/96 569/849/96
f 571/851/708 219/303/238 221/852/709
f 571/853/710 222/305/240 568/845/242
f 573/854/711 218/310/245 220/309/244
f 217/312/4 573/855/712 566/856/712
f 576/857/96 575/327/96 577/858/96
f 579/859/96 574/330/96 576/857/96
f 579/859/96 580/317/96 578/319/96
f 636/860/713 617/861/714 610/862/715
f 305/337/259 588/863/716 308/338/260
f 650/864/717 582/865/718 587/866/719
f 642/867/720 327/342/264 307/344/266
f 649/868/721 609/869/722 634/870/723
f 639/871/724 306/349/271 586/872/725
f 607/873/726 649/874/727 634/875/728
f 583/876/729 592/877/730 588/878/716
f 590/879/731 638/880/732 584/881/733
f 652/882/734 326/360/282 327/342/264
f 593/883/735 590/879/731 594/884/736
f 651/885/737 650/864/717 652/886/734
f 592/877/730 593/883/735 598/887/738
f 602/888/739 598/887/738 603/889/740
f 602/888/739 588/878/716 592/877/730
f 308/338/260 599/890/741 310/371/290
f 640/891/742 596/892/743 642/893/720
f 641/894/744 601/895/745 640/891/742
f 310/371/290 604/896/746 312/376/295
f 604/897/746 602/888/739 608/898/747
f 597/899/748 601/895/745 600/900/749
f 605/901/750 634/875/728 633/902/751
f 608/898/747 603/889/740 606/903/752
f 320/383/301 659/904/753 316/905/754
f 648/906/755 611/907/756 624/908/757
f 616/909/758 613/910/759 611/907/756
f 656/911/760 616/909/758 317/437/358
f 659/904/753 318/391/309 316/905/754
f 645/912/761 616/909/758 611/907/756
f 655/913/762 595/914/763 653/915/764
f 626/916/765 603/889/766 598/887/318
f 600/900/767 628/917/768 597/899/769
f 621/918/770 606/903/771 603/889/766
f 629/919/772 594/884/773 595/914/763
f 620/920/774 600/900/767 605/901/774
f 313/406/327 660/921/775 320/383/301
f 646/922/776 624/908/757 627/923/777
f 647/924/778 627/923/777 631/925/779
f 606/903/771 623/926/780 637/927/781
f 597/899/769 655/913/762 653/915/764
f 618/928/782 605/901/774 633/902/782
f 643/929/783 631/925/779 609/869/784
f 632/930/339 598/887/318 593/883/340
f 630/931/341 593/883/340 594/884/773
f 313/406/342 636/860/713 610/862/715
f 635/932/785 606/903/752 637/927/786
f 323/423/347 643/929/787 649/868/721
f 608/898/747 636/933/788 604/897/746
f 324/425/349 604/896/746 636/934/788
f 641/935/744 323/428/350 649/936/727
f 600/900/749 607/873/726 605/901/750
f 583/937/729 325/350/272 639/871/724
f 583/876/729 638/880/732 589/938/789
f 314/432/353 647/924/778 643/929/783
f 322/433/354 646/922/776 647/924/778
f 321/434/355 648/906/755 646/922/776
f 315/436/357 644/939/790 645/912/761
f 315/436/357 648/906/755 319/435/356
f 311/429/351 640/940/742 309/439/359
f 309/439/359 642/867/720 307/344/266
f 650/941/717 304/440/360 326/360/282
f 587/866/719 584/881/733 586/942/725
f 638/880/732 586/942/725 584/881/733
f 586/872/725 304/440/360 587/943/719
f 591/944/791 594/884/736 590/879/731
f 590/879/731 582/865/718 591/944/791
f 596/892/743 652/886/734 642/893/720
f 596/892/743 653/915/792 651/885/737
f 651/885/737 654/945/793 585/946/794
f 582/865/718 654/945/793 591/944/791
f 595/914/795 654/945/793 653/915/792
f 620/920/796 609/869/784 631/925/779
f 631/925/779 625/947/797 620/920/796
f 627/923/777 628/917/798 625/947/797
f 613/910/759 630/931/799 629/919/800
f 658/948/801 632/930/802 630/931/799
f 623/926/780 635/949/803 637/927/781
f 655/913/804 624/908/757 611/907/756
f 611/907/756 629/919/800 655/913/804
f 614/950/805 658/948/801 613/910/759
f 656/911/760 657/951/806 658/948/801
f 612/952/807 615/953/808 659/904/753
f 632/930/802 622/954/809 626/916/810
f 626/916/810 622/954/809 621/918/811
f 619/955/812 621/918/811 622/954/809
f 657/951/806 622/954/809 632/930/802
f 660/921/775 612/952/807 659/904/753
f 610/862/813 622/954/809 660/921/775
f 619/955/812 617/861/814 623/926/815
f 668/956/816 688/957/817 667/958/817
f 665/959/818 692/960/819 680/961/820
f 665/959/818 690/962/821 686/963/822
f 661/964/817 687/965/817 685/966/817
f 669/967/823 691/968/817 690/962/821
f 672/969/824 661/964/825 662/970/826
f 663/971/827 661/964/825 676/972/828
f 673/973/829 669/967/830 665/959/831
f 673/973/829 680/961/832 674/974/833
f 664/975/834 676/972/828 669/967/830
f 670/976/835 667/958/836 671/977/837
f 678/978/838 682/979/839 683/980/840
f 674/974/833 681/981/841 675/982/842
f 671/977/837 666/983/843 672/969/824
f 679/984/844 683/980/840 684/985/845
f 675/982/842 682/979/839 677/986/846
f 679/984/844 668/956/847 670/976/835
f 693/987/848 695/988/849 694/989/850
f 686/963/822 695/988/849 692/960/819
f 696/990/851 690/962/821 689/991/852
f 691/968/817 689/991/852 690/962/821
f 687/965/817 691/968/817 685/966/817
f 683/980/853 694/989/850 695/988/849
f 676/972/817 685/966/817 691/968/817
f 680/961/820 693/987/848 681/981/854
f 667/958/817 687/965/817 666/983/817
f 684/985/855 695/988/849 696/990/851
f 681/981/854 694/989/850 682/979/856
f 684/985/855 689/991/852 668/956/816
f 708/530/857 698/992/858 697/993/859
f 707/994/860 711/517/861 700/995/862
f 702/996/863 715/526/864 704/997/865
f 700/995/862 713/998/866 702/996/863
f 699/999/867 718/521/868 707/994/860
f 716/542/869 703/1000/870 705/1001/871
f 701/1002/872 714/538/873 712/527/874
f 698/992/858 710/511/875 699/999/867
f 717/512/876 705/1001/871 706/1003/877
f 712/527/874 697/993/859 701/1002/872
f 733/1004/878 729/1005/879 394/1006/880
f 727/1007/881 392/1008/475 394/1009/477
f 732/1010/882 393/550/479 724/1011/883
f 722/1012/884 726/1013/885 393/1014/886
f 731/1015/887 720/1016/887 728/1017/887
f 633/902/888 609/869/722 618/928/889
f 728/1017/890 722/1018/891 730/1019/892
f 730/1019/892 721/1020/893 729/1005/894
f 729/1005/894 719/1021/895 727/1007/896
f 723/1022/897 733/1004/898 725/1023/899
f 725/1023/899 734/1024/900 726/1025/901
f 734/1024/900 724/1011/902 726/1025/901
f 554/829/707 556/1026/707 551/827/707
f 557/834/707 558/821/707 556/1026/707
f 572/1027/903 220/309/244 219/1028/904
f 565/1029/905 563/1030/906 564/831/700
f 568/845/907 413/597/7 570/843/907
f 413/597/7 569/849/907 570/843/907
f 412/598/7 567/847/907 569/849/907
f 677/571/502 348/1031/512 675/1032/512
f 581/1033/908 228/323/908 230/1034/908
f 768/1035/909 831/1036/910 835/1037/911
f 772/1038/912 835/1037/911 839/1039/913
f 776/1040/914 839/1039/913 843/1041/915
f 780/1042/916 843/1041/915 847/1043/917
f 784/1044/918 847/1043/917 851/1045/919
f 788/1046/920 851/1045/919 855/1047/921
f 792/1048/922 855/1047/921 859/1049/923
f 796/1050/924 859/1049/923 863/1051/925
f 800/1052/926 863/1051/925 867/1053/927
f 748/1054/928 811/1055/929 815/1056/930
f 752/1057/931 815/1056/930 819/1058/932
f 756/1059/933 819/1058/932 823/1060/934
f 760/1061/935 823/1060/934 827/1062/936
f 764/1063/937 827/1062/936 831/1036/910
f 744/1064/938 807/1065/939 811/1055/929
f 739/1066/940 771/1067/941 787/1068/942
f 746/1069/943 740/1070/944 744/1064/938
f 745/1071/945 742/1072/946 746/1073/943
f 743/1074/947 741/1075/948 745/1071/945
f 750/1076/949 744/1064/938 748/1054/928
f 749/1077/950 746/1073/943 750/1078/949
f 747/1079/951 745/1071/945 749/1077/950
f 754/1080/952 748/1054/928 752/1057/931
f 753/1081/953 750/1078/949 754/1082/952
f 751/1083/954 749/1077/950 753/1081/953
f 756/1059/933 754/1080/952 752/1057/931
f 757/1084/955 754/1082/952 758/1085/956
f 755/1086/957 753/1081/953 757/1084/955
f 760/1061/935 758/1087/956 756/1059/933
f 761/1088/958 758/1085/956 762/1089/959
f 759/1090/960 757/1084/955 761/1088/958
f 764/1063/937 762/1091/959 760/1061/935
f 766/1092/961 761/1088/958 762/1089/959
f 765/1093/962 759/1090/960 761/1088/958
f 768/1035/909 766/1094/961 764/1063/937
f 769/1095/963 766/1092/961 770/1096/964
f 769/1095/963 763/1097/965 765/1093/962
f 772/1038/912 770/1098/964 768/1035/909
f 773/1099/966 770/1096/964 774/1100/967
f 771/1067/941 769/1095/963 773/1099/966
f 778/1101/968 772/1038/912 776/1040/914
f 777/1102/969 774/1100/967 778/1103/968
f 775/1104/970 773/1099/966 777/1102/969
f 782/1105/971 776/1040/914 780/1042/916
f 781/1106/972 778/1103/968 782/1107/971
f 779/1108/973 777/1102/969 781/1106/972
f 786/1109/974 780/1042/916 784/1044/918
f 785/1110/975 782/1107/971 786/1111/974
f 783/1112/976 781/1106/972 785/1110/975
f 790/1113/977 784/1044/918 788/1046/920
f 789/1114/978 786/1111/974 790/1115/977
f 787/1068/942 785/1110/975 789/1114/978
f 794/1116/979 788/1046/920 792/1048/922
f 794/1117/979 789/1114/978 790/1115/977
f 793/1118/980 787/1068/942 789/1114/978
f 796/1050/924 794/1116/979 792/1048/922
f 798/1119/981 793/1118/980 794/1117/979
f 797/1120/982 791/1121/983 793/1118/980
f 800/1052/926 798/1122/981 796/1050/924
f 801/1123/984 798/1119/981 802/1124/985
f 801/1123/984 795/1125/986 797/1120/982
f 735/1126/987 802/1127/985 800/1052/926
f 738/1128/988 802/1124/985 737/1129/989
f 738/1128/988 799/1130/990 801/1123/984
f 735/1126/987 867/1053/927 804/1131/991
f 812/1132/992 810/1133/993 808/1134/994
f 814/1135/995 809/1136/996 810/1133/993
f 811/1055/929 809/1137/996 813/1138/997
f 816/1139/998 814/1135/995 812/1132/992
f 818/1140/999 813/1141/997 814/1135/995
f 815/1056/930 813/1138/997 817/1142/1000
f 820/1143/1001 818/1140/999 816/1139/998
f 822/1144/1002 817/1145/1000 818/1140/999
f 821/1146/1003 815/1056/930 817/1142/1000
f 826/1147/1004 820/1143/1001 824/1148/1005
f 826/1147/1004 821/1149/1003 822/1144/1002
f 825/1150/1006 819/1058/932 821/1146/1003
f 830/1151/1007 824/1148/1005 828/1152/1008
f 829/1153/1009 826/1147/1004 830/1151/1007
f 827/1062/936 825/1150/1006 829/1154/1009
f 834/1155/1010 828/1152/1008 832/1156/1011
f 833/1157/1012 830/1151/1007 834/1155/1010
f 831/1036/910 829/1154/1009 833/1158/1012
f 838/1159/1013 832/1156/1011 836/1160/1014
f 837/1161/1015 834/1155/1010 838/1159/1013
f 835/1037/911 833/1158/1012 837/1162/1015
f 842/1163/1016 836/1160/1014 840/1164/1017
f 841/1165/1018 838/1159/1013 842/1163/1016
f 839/1039/913 837/1162/1015 841/1166/1018
f 844/1167/1019 842/1163/1016 840/1164/1017
f 846/1168/1020 841/1165/1018 842/1163/1016
f 845/1169/1021 839/1039/913 841/1166/1018
f 848/1170/1022 846/1168/1020 844/1167/1019
f 850/1171/1023 845/1172/1021 846/1168/1020
f 847/1043/917 845/1169/1021 849/1173/1024
f 852/1174/1025 850/1171/1023 848/1170/1022
f 854/1175/1026 849/1176/1024 850/1171/1023
f 853/1177/1027 847/1043/917 849/1173/1024
f 858/1178/1028 852/1174/1025 856/1179/1029
f 858/1178/1028 853/1180/1027 854/1175/1026
f 855/1047/921 853/1177/1027 857/1181/1030
f 862/1182/1031 856/1179/1029 860/1183/1032
f 861/1184/1033 858/1178/1028 862/1182/1031
f 859/1049/923 857/1181/1030 861/1185/1033
f 866/1186/1034 860/1183/1032 864/1187/1035
f 865/1188/1036 862/1182/1031 866/1186/1034
f 863/1051/925 861/1185/1033 865/1189/1036
f 870/1190/1037 864/1187/1035 868/1191/1038
f 869/1192/1039 866/1186/1034 870/1190/1037
f 867/1053/927 865/1189/1036 869/1193/1039
f 805/1194/1040 868/1191/1038 803/1195/1041
f 806/1196/1042 870/1190/1037 805/1194/1040
f 804/1131/991 869/1193/1039 806/1197/1042
f 808/1134/994 844/1167/1019 828/1152/1008
f 951/1198/1043 896/1199/1044 955/1200/1045
f 955/1200/1045 900/1201/1046 959/1202/1047
f 959/1202/1047 904/1203/1048 963/1204/1049
f 963/1204/1049 908/1205/1050 967/1206/1051
f 967/1206/1051 912/1207/1052 971/1208/1053
f 971/1208/1053 916/1209/1054 975/1210/1055
f 975/1210/1055 920/1211/1056 979/1212/1057
f 979/1212/1057 924/1213/1058 983/1214/1059
f 983/1214/1059 928/1215/1060 987/1216/1061
f 931/1217/1062 876/1218/1063 935/1219/1064
f 935/1219/1064 880/1220/1065 939/1221/1066
f 939/1221/1066 884/1222/1067 943/1223/1068
f 943/1223/1068 888/1224/1069 947/1225/1070
f 947/1225/1070 892/1226/1071 951/1198/1043
f 807/1065/939 872/1227/1072 931/1217/1062
f 927/1228/1073 895/1229/1074 879/1230/1075
f 740/1231/944 874/1232/1076 872/1227/1072
f 742/1072/946 873/1233/1077 874/1234/1076
f 741/1075/948 871/1235/1078 873/1233/1077
f 872/1227/1072 878/1236/1079 876/1218/1063
f 874/1234/1076 877/1237/1080 878/1238/1079
f 873/1233/1077 875/1239/1081 877/1237/1080
f 876/1218/1063 882/1240/1082 880/1220/1065
f 878/1238/1079 881/1241/1083 882/1242/1082
f 877/1237/1080 879/1230/1075 881/1241/1083
f 884/1222/1067 882/1240/1082 886/1243/1084
f 882/1242/1082 885/1244/1085 886/1245/1084
f 881/1241/1083 883/1246/1086 885/1244/1085
f 888/1224/1069 886/1243/1084 890/1247/1087
f 886/1245/1084 889/1248/1088 890/1249/1087
f 885/1244/1085 887/1250/1089 889/1248/1088
f 892/1226/1071 890/1247/1087 894/1251/1090
f 890/1249/1087 893/1252/1091 894/1253/1090
f 893/1252/1091 887/1250/1089 891/1254/1092
f 896/1199/1044 894/1251/1090 898/1255/1093
f 894/1253/1090 897/1256/1094 898/1257/1093
f 897/1256/1094 891/1254/1092 895/1229/1074
f 900/1201/1046 898/1255/1093 902/1258/1095
f 902/1259/1095 897/1256/1094 901/1260/1096
f 901/1260/1096 895/1229/1074 899/1261/1097
f 900/1201/1046 906/1262/1098 904/1203/1048
f 902/1259/1095 905/1263/1099 906/1264/1098
f 905/1263/1099 899/1261/1097 903/1265/1100
f 904/1203/1048 910/1266/1101 908/1205/1050
f 906/1264/1098 909/1267/1102 910/1268/1101
f 905/1263/1099 907/1269/1103 909/1267/1102
f 912/1207/1052 910/1266/1101 914/1270/1104
f 910/1268/1101 913/1271/1105 914/1272/1104
f 909/1267/1102 911/1273/1106 913/1271/1105
f 912/1207/1052 918/1274/1107 916/1209/1054
f 914/1272/1104 917/1275/1108 918/1276/1107
f 913/1271/1105 915/1277/1109 917/1275/1108
f 916/1209/1054 922/1278/1110 920/1211/1056
f 922/1279/1110 917/1275/1108 921/1280/1111
f 921/1280/1111 915/1277/1109 919/1281/1112
f 924/1213/1058 922/1278/1110 926/1282/1113
f 926/1283/1113 921/1280/1111 925/1284/1114
f 925/1284/1114 919/1281/1112 923/1285/1115
f 928/1215/1060 926/1282/1113 930/1286/1116
f 926/1283/1113 929/1287/1117 930/1288/1116
f 929/1287/1117 923/1285/1115 927/1228/1073
f 928/1215/1060 737/1289/989 735/1126/987
f 737/1129/989 929/1287/1117 738/1128/988
f 738/1128/988 927/1228/1073 736/1290/1118
f 987/1216/1061 735/1126/987 804/1131/991
f 932/1291/1119 810/1133/993 934/1292/1120
f 934/1292/1120 809/1136/996 933/1293/1121
f 809/1137/996 931/1217/1062 933/1294/1121
f 936/1295/1122 934/1292/1120 938/1296/1123
f 938/1296/1123 933/1293/1121 937/1297/1124
f 933/1294/1121 935/1219/1064 937/1298/1124
f 940/1299/1125 938/1296/1123 942/1300/1126
f 942/1300/1126 937/1297/1124 941/1301/1127
f 941/1302/1127 935/1219/1064 939/1221/1066
f 940/1299/1125 946/1303/1128 944/1304/1129
f 946/1303/1128 941/1301/1127 945/1305/1130
f 945/1306/1130 939/1221/1066 943/1223/1068
f 944/1304/1129 950/1307/1131 948/1308/1132
f 950/1307/1131 945/1305/1130 949/1309/1133
f 945/1306/1130 947/1225/1070 949/1310/1133
f 948/1308/1132 954/1311/1134 952/1312/1135
f 950/1307/1131 953/1313/1136 954/1311/1134
f 949/1310/1133 951/1198/1043 953/1314/1136
f 952/1312/1135 958/1315/1137 956/1316/1138
f 954/1311/1134 957/1317/1139 958/1315/1137
f 953/1314/1136 955/1200/1045 957/1318/1139
f 956/1316/1138 962/1319/1140 960/1320/1141
f 958/1315/1137 961/1321/1142 962/1319/1140
f 957/1318/1139 959/1202/1047 961/1322/1142
f 964/1323/1143 962/1319/1140 966/1324/1144
f 966/1324/1144 961/1321/1142 965/1325/1145
f 965/1326/1145 959/1202/1047 963/1204/1049
f 968/1327/1146 966/1324/1144 970/1328/1147
f 970/1328/1147 965/1325/1145 969/1329/1148
f 965/1326/1145 967/1206/1051 969/1330/1148
f 972/1331/1149 970/1328/1147 974/1332/1150
f 974/1332/1150 969/1329/1148 973/1333/1151
f 969/1330/1148 971/1208/1053 973/1334/1151
f 972/1331/1149 978/1335/1152 976/1336/1153
f 978/1335/1152 973/1333/1151 977/1337/1154
f 973/1334/1151 975/1210/1055 977/1338/1154
f 976/1336/1153 982/1339/1155 980/1340/1156
f 982/1339/1155 977/1337/1154 981/1341/1157
f 977/1338/1154 979/1212/1057 981/1342/1157
f 980/1340/1156 986/1343/1158 984/1344/1159
f 982/1339/1155 985/1345/1160 986/1343/1158
f 981/1342/1157 983/1214/1059 985/1346/1160
f 984/1344/1159 990/1347/1161 988/1348/1162
f 986/1343/1158 989/1349/1163 990/1347/1161
f 985/1346/1160 987/1216/1061 989/1350/1163
f 988/1348/1162 805/1194/1040 803/1195/1041
f 990/1347/1161 806/1196/1042 805/1194/1040
f 806/1197/1042 987/1216/1061 804/1131/991
f 936/1295/1122 968/1327/1146 984/1344/1159
f 1003/1351/1164 1018/1352/1165 1019/1353/1166
f 998/1354/1167 1013/1355/1168 997/1356/1169
f 1005/1357/1170 1020/1358/1171 1021/1359/1172
f 995/1360/1173 1010/1361/1174 994/1362/1175
f 998/1354/1167 1022/1363/1176 1014/1364/1177
f 1006/1365/1178 1021/1359/1172 1022/1363/1176
f 997/1356/1169 1012/1366/1179 996/1367/1180
f 1002/1368/1181 1017/1369/1182 1018/1352/1165
f 996/1367/1180 1011/1370/1183 995/1360/1173
f 1000/1371/1184 1015/1372/1185 1016/1373/1186
f 1001/1374/1187 1016/1373/1186 1017/1369/1182
f 992/1375/1188 1007/1376/1189 991/1377/1190
f 991/1377/1190 1015/1378/1185 999/1379/1191
f 993/1380/1192 1008/1381/1193 992/1375/1188
f 1004/1382/1194 1019/1353/1166 1020/1358/1171
f 994/1362/1175 1009/1383/1195 993/1380/1192
f 1009/1383/1195 1040/1384/1196 1008/1381/1193
f 1005/1385/1170 1036/1386/1197 1004/1387/1194
f 1027/1388/1198 1023/1389/1199 1034/1390/1200
f 997/1391/1169 1030/1392/1201 998/1393/1167
f 1005/1385/1170 1038/1394/1202 1037/1395/1203
f 994/1396/1175 1027/1388/1198 995/1397/1173
f 1003/1398/1164 1034/1390/1200 1002/1399/1181
f 998/1393/1167 1038/1394/1202 1006/1400/1178
f 996/1401/1180 1029/1402/1204 997/1391/1169
f 1001/1403/1187 1034/1390/1200 1033/1404/1205
f 995/1397/1173 1028/1405/1206 996/1401/1180
f 999/1406/1191 1032/1407/1207 1031/1408/1208
f 1000/1409/1184 1033/1404/1205 1032/1407/1207
f 991/1410/1190 1024/1411/1209 992/1412/1188
f 991/1410/1190 1031/1408/1208 1023/1389/1199
f 993/1413/1192 1024/1411/1209 1025/1414/1210
f 1003/1398/1164 1036/1386/1197 1035/1415/1211
f 993/1413/1192 1026/1416/1212 994/1396/1175
f 1053/1417/1213 1070/1418/1214 1054/1419/1215
f 1020/1358/1171 1051/1420/1216 1052/1421/1217
f 1010/1361/1174 1041/1422/1218 1009/1383/1195
f 1021/1359/1172 1052/1421/1217 1053/1417/1213
f 1014/1364/1177 1045/1423/1219 1013/1355/1168
f 1022/1363/1176 1053/1417/1213 1054/1419/1215
f 1011/1370/1183 1042/1424/1220 1010/1361/1174
f 1019/1353/1166 1050/1425/1221 1051/1420/1216
f 1014/1364/1177 1054/1419/1215 1046/1426/1222
f 1013/1355/1168 1044/1427/1223 1012/1366/1179
f 1018/1352/1165 1049/1428/1224 1050/1425/1221
f 1012/1366/1179 1043/1429/1225 1011/1370/1183
f 1016/1373/1186 1047/1430/1226 1048/1431/1227
f 1017/1369/1182 1048/1431/1227 1049/1428/1224
f 1008/1381/1193 1039/1432/1228 1007/1376/1189
f 1007/1376/1189 1047/1433/1226 1015/1378/1185
f 1068/1434/1229 1083/1435/1230 1084/1436/1231
f 1042/1424/1220 1059/1437/1232 1058/1438/1233
f 1050/1425/1221 1067/1439/1234 1051/1420/1216
f 1054/1419/1215 1062/1440/1235 1046/1426/1222
f 1044/1427/1223 1061/1441/1236 1060/1442/1237
f 1049/1428/1224 1066/1443/1238 1050/1425/1221
f 1043/1429/1225 1060/1442/1237 1059/1437/1232
f 1047/1430/1226 1064/1444/1239 1048/1431/1227
f 1048/1431/1227 1065/1445/1240 1049/1428/1224
f 1039/1432/1228 1056/1446/1241 1055/1447/1242
f 1047/1433/1226 1055/1447/1242 1063/1448/1243
f 1040/1384/1196 1057/1449/1244 1056/1446/1241
f 1051/1420/1216 1068/1434/1229 1052/1421/1217
f 1041/1422/1218 1058/1438/1233 1057/1449/1244
f 1052/1421/1217 1069/1450/1245 1053/1417/1213
f 1045/1423/1219 1062/1440/1235 1061/1441/1236
f 1079/1451/1246 1096/1452/1247 1080/1453/1248
f 1058/1438/1233 1073/1454/1249 1057/1449/1244
f 1069/1450/1245 1084/1436/1231 1085/1455/1250
f 1061/1441/1236 1078/1456/1251 1077/1457/1252
f 1069/1450/1245 1086/1458/1253 1070/1418/1214
f 1059/1437/1232 1074/1459/1254 1058/1438/1233
f 1067/1439/1234 1082/1460/1255 1083/1435/1230
f 1070/1418/1214 1078/1456/1251 1062/1440/1235
f 1060/1442/1237 1077/1457/1252 1076/1461/1256
f 1066/1443/1238 1081/1462/1257 1082/1460/1255
f 1060/1442/1237 1075/1463/1258 1059/1437/1232
f 1064/1444/1239 1079/1451/1246 1080/1453/1248
f 1065/1445/1240 1080/1453/1248 1081/1462/1257
f 1056/1446/1241 1071/1464/1259 1055/1447/1242
f 1055/1447/1242 1079/1465/1246 1063/1448/1243
f 1057/1449/1244 1072/1466/1260 1056/1446/1241
f 1090/1467/1261 1107/1468/1262 1106/1469/1263
f 1080/1453/1248 1097/1470/1264 1081/1462/1257
f 1071/1464/1259 1088/1471/1265 1087/1472/1266
f 1079/1465/1246 1087/1472/1266 1095/1473/1267
f 1072/1466/1260 1089/1474/1268 1088/1471/1265
f 1083/1435/1230 1100/1475/1269 1084/1436/1231
f 1073/1454/1249 1090/1467/1261 1089/1474/1268
f 1084/1436/1231 1101/1476/1270 1085/1455/1250
f 1077/1457/1252 1094/1477/1271 1093/1478/1272
f 1085/1455/1250 1102/1479/1273 1086/1458/1253
f 1074/1459/1254 1091/1480/1274 1090/1467/1261
f 1082/1460/1255 1099/1481/1275 1083/1435/1230
f 1086/1458/1253 1094/1477/1271 1078/1456/1251
f 1076/1461/1256 1093/1478/1272 1092/1482/1276
f 1081/1462/1257 1098/1483/1277 1082/1460/1255
f 1075/1463/1258 1092/1482/1276 1091/1480/1274
f 1115/1484/1278 1132/1485/1279 1116/1486/1280
f 1098/1483/1277 1115/1484/1278 1099/1481/1275
f 1102/1479/1273 1110/1487/1281 1094/1477/1271
f 1092/1482/1276 1109/1488/1282 1108/1489/1283
f 1097/1470/1264 1114/1490/1284 1098/1483/1277
f 1091/1480/1274 1108/1489/1283 1107/1468/1262
f 1095/1491/1267 1112/1492/1285 1096/1452/1247
f 1096/1452/1247 1113/1493/1286 1097/1470/1264
f 1087/1472/1266 1104/1494/1287 1103/1495/1288
f 1095/1473/1267 1103/1495/1288 1111/1496/1289
f 1088/1471/1265 1105/1497/1290 1104/1494/1287
f 1099/1481/1275 1116/1486/1280 1100/1475/1269
f 1089/1474/1268 1106/1469/1263 1105/1497/1290
f 1100/1475/1269 1117/1498/1291 1101/1476/1270
f 1093/1478/1272 1110/1487/1281 1109/1488/1282
f 1101/1476/1270 1118/1499/1292 1102/1479/1273
f 1121/1500/1293 1125/1501/1293 1132/1502/1293
f 1105/1497/1290 1122/1503/1294 1121/1504/1295
f 1116/1486/1280 1133/1505/1296 1117/1498/1291
f 1109/1488/1282 1126/1506/1297 1125/1507/1298
f 1117/1498/1291 1134/1508/1299 1118/1499/1292
f 1106/1469/1263 1123/1509/1300 1122/1503/1294
f 1114/1490/1284 1131/1510/1301 1115/1484/1278
f 1118/1499/1292 1126/1506/1297 1110/1487/1281
f 1108/1489/1283 1125/1507/1298 1124/1511/1302
f 1113/1493/1286 1130/1512/1303 1114/1490/1284
f 1107/1468/1262 1124/1511/1302 1123/1509/1300
f 1111/1513/1289 1128/1514/1304 1112/1492/1285
f 1112/1492/1285 1129/1515/1305 1113/1493/1286
f 1103/1495/1288 1120/1516/1306 1119/1517/1307
f 1111/1496/1289 1119/1517/1307 1127/1518/1308
f 1104/1494/1287 1121/1504/1295 1120/1516/1306
f 1136/1519/96 1137/1520/96 1135/1521/96
f 1138/1522/7 1141/1523/7 1137/1524/7
f 1142/1525/10 1139/1526/10 1141/1527/10
f 1140/1528/4 1135/1529/4 1139/1530/4
f 1141/1531/58 1135/1532/58 1137/1533/58
f 1138/1534/122 1140/1535/122 1142/1536/122
f 1145/1537/4 1144/1538/1309 1143/1539/4
f 1164/1540/1310 1151/1541/1311 1153/1542/1311
f 1160/1543/10 1149/1544/10 1150/1545/10
f 1161/1546/58 1149/1547/1312 1159/1548/58
f 1160/1549/1313 1148/1550/1314 1162/1551/1313
f 1162/1552/96 1147/1553/96 1161/1554/96
f 1154/1555/10 1157/1556/10 1158/1557/10
f 1165/1558/1315 1152/1559/1316 1166/1560/1315
f 1166/1561/96 1151/1562/96 1163/1563/96
f 1165/1564/10 1153/1565/10 1154/1555/10
f 1156/1566/1317 1157/1567/1318 1155/1568/1318
f 1151/1562/96 1169/1569/96 1167/1570/96
f 1154/1571/1316 1156/1572/122 1152/1559/1316
f 1152/1573/96 1155/1574/96 1151/1562/96
f 1143/1575/96 1162/1552/96 1161/1554/96
f 1146/1576/1319 1162/1551/1313 1144/1538/1309
f 1143/1577/1320 1159/1548/58 1145/1578/1320
f 1145/1579/10 1160/1543/10 1146/1580/10
f 1149/1544/10 1165/1564/10 1150/1545/10
f 1147/1553/96 1166/1561/96 1163/1563/96
f 1150/1581/1314 1166/1560/1315 1148/1550/1314
f 1147/1582/1321 1164/1540/1310 1149/1547/1312
f 1167/1583/1322 1170/1584/1323 1168/1585/1322
f 1151/1541/1311 1168/1585/1322 1153/1542/1311
f 1153/1565/10 1170/1586/10 1157/1556/10
f 1157/1567/1318 1169/1587/1323 1155/1568/1318
f 1171/1588/7 1174/1589/7 1173/1590/7
f 1189/1591/1324 1181/1592/1325 1184/1593/1324
f 1192/1594/1326 1311/1595/1327 1182/1596/1328
f 1178/1597/1329 1175/1598/1330 1179/1599/1329
f 1191/1600/1331 1300/1601/1332 1296/1602/1333
f 1305/1603/1334 1301/1604/1335 1300/1605/1336
f 1172/1606/1337 1177/1607/1338 1174/1608/1337
f 1171/1609/1339 1180/1610/1340 1172/1611/1341
f 1173/1612/1342 1179/1599/1329 1171/1613/1342
f 1173/1614/1343 1177/1615/1344 1178/1616/1345
f 1186/1617/1346 1291/1618/1347 1303/1619/1348
f 1304/1620/1349 1295/1621/1350 1299/1622/1351
f 1190/1623/1352 1175/1624/1353 1176/1625/1353
f 1313/1626/1354 1309/1627/1355 1308/1628/1356
f 1185/1629/1357 1181/1630/1358 1308/1631/1359
f 1177/1615/1344 1190/1632/1360 1176/1633/1361
f 1188/1634/1362 1185/1629/1357 1186/1617/1346
f 1194/1635/1363 1191/1600/1331 1192/1594/1326
f 1184/1593/1324 1193/1636/1364 1189/1591/1324
f 1188/1637/1364 1194/1638/1365 1193/1636/1364
f 1194/1638/1365 1183/1639/1352 1190/1623/1352
f 1179/1640/1366 1183/1641/1367 1186/1617/1346
f 1198/1642/1368 1215/1643/96 1199/1644/96
f 1206/1645/1369 1223/1646/10 1207/1647/10
f 1199/1644/96 1216/1648/1370 1200/1649/1370
f 1207/1647/10 1224/1650/1371 1208/1651/1371
f 1200/1649/1370 1217/1652/1372 1201/1653/1372
f 1208/1651/1371 1225/1654/1373 1209/1655/1373
f 1201/1653/1372 1218/1656/1374 1202/1657/1374
f 1209/1655/1373 1226/1658/1375 1210/1659/1375
f 1202/1657/1374 1219/1660/122 1203/1661/122
f 1195/1662/58 1212/1663/1376 1196/1664/1376
f 1210/1659/1375 1211/1665/58 1195/1666/58
f 1203/1661/122 1220/1667/1377 1204/1668/1377
f 1196/1664/1376 1213/1669/1378 1197/1670/1378
f 1204/1668/1377 1221/1671/1379 1205/1672/1379
f 1197/1670/1378 1214/1673/1368 1198/1642/1368
f 1205/1672/1379 1222/1674/1369 1206/1645/1369
f 1221/1675/4 1217/1676/4 1213/1677/4
f 1245/1678/1380 1228/1679/1381 1229/1680/1380
f 1253/1681/1382 1236/1682/1383 1237/1683/1382
f 1230/1684/1384 1245/1678/1380 1229/1680/1380
f 1254/1685/1385 1237/1683/1382 1238/1686/1385
f 1247/1687/7 1230/1684/1384 1231/1688/7
f 1255/1689/4 1238/1686/1385 1239/1690/4
f 1232/1691/1386 1247/1687/7 1231/1688/7
f 1240/1692/1387 1255/1689/4 1239/1690/4
f 1249/1693/1388 1232/1691/1386 1233/1694/1388
f 1257/1695/1389 1240/1692/1387 1241/1696/1389
f 1234/1697/1390 1249/1693/1388 1233/1694/1388
f 1242/1698/1391 1257/1695/1389 1241/1696/1389
f 1251/1699/122 1234/1697/1390 1235/1700/122
f 1228/1679/1381 1243/1701/58 1227/1702/58
f 1243/1701/58 1242/1698/1391 1227/1702/58
f 1236/1682/1383 1251/1703/122 1235/1704/122
f 1251/1705/10 1255/1706/10 1243/1707/10
f 1237/1708/96 1233/1709/96 1229/1710/96
f 1277/1711/1378 1260/1712/1368 1261/1713/1378
f 1285/1714/1379 1268/1715/1369 1269/1716/1379
f 1262/1717/1376 1277/1711/1378 1261/1713/1378
f 1286/1718/1377 1269/1716/1379 1270/1719/1377
f 1263/1720/58 1278/1721/1376 1262/1717/1376
f 1287/1722/122 1270/1719/1377 1271/1723/122
f 1280/1724/1375 1263/1725/58 1264/1726/1375
f 1288/1727/1374 1271/1723/122 1272/1728/1374
f 1281/1729/1373 1264/1726/1375 1265/1730/1373
f 1289/1731/1372 1272/1728/1374 1273/1732/1372
f 1282/1733/1371 1265/1730/1373 1266/1734/1371
f 1290/1735/1370 1273/1732/1372 1274/1736/1370
f 1283/1737/10 1266/1734/1371 1267/1738/10
f 1276/1739/1368 1259/1740/96 1260/1712/1368
f 1275/1741/96 1274/1736/1370 1259/1740/96
f 1284/1742/1369 1267/1738/10 1268/1715/1369
f 1283/1743/4 1287/1744/4 1275/1745/4
f 1269/1746/7 1265/1747/7 1261/1748/7
f 1295/1621/1350 1301/1749/1392 1299/1622/1351
f 1301/1749/1392 1298/1750/1393 1302/1751/1394
f 1302/1751/1394 1296/1602/1333 1300/1601/1332
f 1292/1752/1395 1306/1753/1396 1294/1754/1397
f 1306/1753/1396 1293/1755/1398 1294/1754/1397
f 1305/1756/1399 1291/1618/1347 1293/1755/1398
f 1292/1752/1395 1309/1757/1400 1307/1758/1401
f 1294/1754/1397 1310/1759/1402 1309/1757/1400
f 1310/1759/1402 1291/1618/1347 1308/1631/1359
f 1296/1602/1333 1313/1760/1403 1311/1595/1327
f 1313/1760/1403 1297/1761/1404 1314/1762/1405
f 1314/1762/1405 1295/1621/1350 1312/1763/1406
f 1295/1621/1350 1307/1758/1401 1312/1763/1406
f 1316/1764/96 1317/1765/96 1315/1766/96
f 1318/1767/7 1321/1768/7 1317/1765/7
f 1321/1768/10 1320/1769/10 1319/1770/10
f 1320/1769/1407 1315/1771/1408 1319/1770/1409
f 1321/1768/58 1315/1772/1408 1317/1773/58
f 1318/1774/122 1320/1769/1407 1322/1775/122
f 1324/1776/1410 1325/1777/1411 1323/1778/1411
f 1326/1779/7 1329/1780/7 1325/1777/7
f 1330/1781/1412 1327/1782/1413 1329/1780/1413
f 1328/1783/4 1323/1784/4 1327/1782/4
f 1329/1780/1413 1323/1785/1411 1325/1786/1411
f 1326/1787/1410 1328/1783/1412 1330/1781/1412
f 1332/1788/122 1333/1789/1379 1331/1790/122
f 1334/1791/1379 1335/1792/10 1333/1789/1379
f 1336/1793/10 1337/1794/1373 1335/1792/10
f 1338/1795/1373 1339/1796/58 1337/1794/1373
f 1340/1797/58 1341/1798/1378 1339/1799/58
f 1341/1798/1378 1344/1800/96 1343/1801/96
f 1344/1802/4 1340/1803/4 1336/1804/4
f 1344/1800/96 1345/1805/1372 1343/1801/96
f 1346/1806/1372 1331/1790/122 1345/1805/1372
f 1337/1807/7 1341/1808/7 1345/1809/7
f 1348/1810/122 1349/1811/1379 1347/1812/122
f 1350/1813/1379 1351/1814/10 1349/1811/1379
f 1352/1815/10 1353/1816/1373 1351/1814/10
f 1354/1817/1373 1355/1818/58 1353/1816/1373
f 1356/1819/58 1357/1820/1378 1355/1821/58
f 1358/1822/1378 1359/1823/96 1357/1820/1378
f 1360/1824/4 1356/1825/4 1352/1826/4
f 1360/1827/96 1361/1828/1372 1359/1823/96
f 1362/1829/1372 1347/1812/122 1361/1828/1372
f 1353/1830/7 1357/1831/7 1361/1832/7
f 1364/1833/122 1365/1834/1379 1363/1835/122
f 1366/1836/1379 1367/1837/10 1365/1834/1379
f 1368/1838/10 1369/1839/1373 1367/1837/10
f 1370/1840/1373 1371/1841/58 1369/1839/1373
f 1372/1842/58 1373/1843/1378 1371/1844/58
f 1374/1845/1378 1375/1846/96 1373/1843/1378
f 1376/1847/4 1372/1848/4 1368/1849/4
f 1376/1850/96 1377/1851/1372 1375/1846/96
f 1378/1852/1372 1363/1835/122 1377/1851/1372
f 1369/1853/7 1373/1854/7 1377/1855/7
f 1380/1856/122 1381/1857/1379 1379/1858/122
f 1382/1859/1379 1383/1860/10 1381/1857/1379
f 1384/1861/10 1385/1862/1373 1383/1860/10
f 1386/1863/1373 1387/1864/58 1385/1862/1373
f 1388/1865/58 1389/1866/1378 1387/1867/58
f 1389/1866/1378 1392/1868/96 1391/1869/96
f 1392/1870/4 1388/1871/4 1384/1872/4
f 1392/1868/96 1393/1873/1372 1391/1869/96
f 1394/1874/1372 1379/1858/122 1393/1873/1372
f 1385/1875/7 1389/1876/7 1393/1877/7
f 1404/1878/1374 1398/1879/122 1400/1880/122
f 1400/1880/10 1397/1881/10 1399/1882/10
f 1402/1883/1370 1396/1884/96 1395/1885/96
f 1399/1882/58 1395/1886/58 1396/1887/58
f 1403/1888/7 1400/1880/7 1399/1882/7
f 1404/1889/1374 1402/1883/1370 1401/1890/1374
f 1398/1879/4 1402/1891/4 1395/1892/4
f 1/1/1 14/5/5 29/2/2
f 27/4/4 34/1893/29 14/5/5
f 23/6/6 33/1894/31 26/7/7
f 2/8/8 17/18/18 30/9/9
f 14/5/5 34/1893/29 25/10/10
f 3/11/11 18/12/12 29/2/2
f 3/11/11 23/6/6 30/9/9
f 25/10/10 33/1894/31 23/6/6
f 4/13/13 19/16/16 31/14/14
f 16/3/3 29/2/2 19/16/16
f 15/17/17 30/9/9 17/18/18
f 5/19/19 21/26/26 32/20/20
f 19/16/16 29/2/2 18/12/12
f 6/21/21 22/22/22 31/14/14
f 6/21/21 15/17/17 32/20/20
f 18/12/12 30/9/9 15/17/17
f 20/15/15 31/14/14 49/23/23
f 50/25/25 32/20/20 21/26/26
f 49/23/23 31/14/14 22/22/22
f 22/22/22 32/20/20 50/25/25
f 39/29/29 70/42/34 69/30/30
f 25/10/10 34/1893/29 24/32/29
f 12/34/31 33/1894/31 25/10/10
f 35/31/10 69/30/30 28/35/32
f 38/36/31 28/35/32 71/37/33
f 26/7/7 33/1894/31 12/34/31
f 24/32/29 34/1893/29 27/4/4
f 37/41/4 13/633/537 70/42/34
f 37/41/4 39/29/29 40/43/29
f 44/45/31 38/36/31 36/38/7
f 35/31/10 38/36/31 44/45/31
f 40/43/29 39/29/29 35/31/10
f 24/32/29 40/43/29 41/47/10
f 41/47/10 44/45/31 12/34/31
f 12/34/31 44/45/31 42/46/7
f 43/44/4 40/43/29 24/32/29
f 45/48/35 55/54/41 59/49/36
f 48/50/37 56/1895/60 75/51/38
f 75/51/38 73/87/65 54/52/39
f 45/48/35 54/52/39 60/53/40
f 61/55/42 68/74/56 60/53/40
f 54/52/39 73/87/65 76/56/43
f 74/57/44 56/1895/60 48/50/37
f 62/58/45 48/50/37 59/49/36
f 65/60/47 57/70/52 50/61/25
f 49/63/23 58/72/54 66/64/48
f 50/61/25 57/70/52 52/66/49
f 52/66/49 58/72/54 49/63/23
f 67/59/46 59/49/36 53/68/50
f 63/69/51 53/68/50 57/70/52
f 64/71/53 66/64/48 58/72/54
f 51/73/55 60/53/40 68/74/56
f 47/75/57 52/66/49 57/70/52
f 53/68/50 59/49/36 55/54/41
f 55/54/41 60/53/40 51/73/55
f 47/75/57 51/73/55 58/72/54
f 70/42/34 13/633/537 72/76/58
f 28/78/32 69/77/30 72/76/58
f 81/80/59 77/83/61 75/81/38
f 79/85/63 80/86/64 77/83/61
f 77/83/61 81/80/59 78/84/62
f 75/81/38 77/83/61 80/86/64
f 80/86/64 79/85/63 76/56/43
f 74/88/44 78/84/62 81/80/59
f 85/89/66 89/164/132 94/90/67
f 96/92/69 97/120/97 107/93/70
f 90/95/72 82/97/74 85/89/66
f 87/96/73 85/89/66 82/97/74
f 136/99/76 87/96/73 86/98/75
f 194/101/78 90/95/72 93/91/68
f 83/103/80 110/176/144 119/104/81
f 84/106/83 114/177/145 163/107/84
f 106/109/86 108/124/101 103/110/87
f 105/112/89 97/120/97 96/92/69
f 104/114/91 106/109/86 99/111/88
f 95/115/92 99/111/88 101/116/93
f 100/117/94 101/116/93 155/118/95
f 103/110/87 108/124/101 107/93/70
f 197/121/98 199/123/100 106/109/86
f 98/113/90 153/213/177 154/122/99
f 199/123/100 202/168/136 108/124/101
f 86/125/102 82/128/103 95/126/103
f 82/128/103 90/154/58 104/129/58
f 89/130/104 103/153/123 97/131/105
f 83/133/107 96/139/112 102/134/108
f 92/136/110 91/132/106 97/131/105
f 84/138/111 98/143/115 96/139/112
f 137/140/113 92/136/110 105/137/89
f 135/142/114 153/1896/1414 98/143/115
f 87/144/116 101/150/121 99/145/117
f 86/125/102 100/127/102 152/147/119
f 87/144/116 136/236/194 155/149/120
f 88/135/109 102/134/108 198/151/122
f 89/130/104 85/146/118 99/145/117
f 90/154/58 194/725/58 197/155/58
f 110/158/126 83/1897/1415 88/156/124
f 88/156/124 120/160/128 111/157/125
f 195/159/127 204/183/151 120/160/128
f 91/132/106 92/136/110 117/161/129
f 110/158/126 111/157/125 94/90/67
f 89/164/132 91/1898/1416 109/163/131
f 108/124/101 113/166/134 112/94/71
f 112/94/71 113/166/134 102/165/133
f 113/166/134 203/1899/1417 198/167/135
f 202/168/136 203/1899/1417 113/166/134
f 114/169/137 117/1900/1418 166/170/138
f 116/172/140 117/1900/1418 114/169/137
f 115/173/141 119/1901/1419 118/174/142
f 109/175/143 118/180/148 119/104/81
f 83/103/80 115/105/82 114/177/145
f 92/136/110 137/140/113 166/178/146
f 91/179/147 116/1902/147 118/180/148
f 196/102/79 93/91/68 94/90/67
f 201/181/149 94/90/67 111/157/125
f 200/182/150 111/157/125 120/160/128
f 133/184/152 128/247/202 124/185/153
f 139/187/155 159/250/205 150/188/156
f 129/190/158 132/186/154 124/185/153
f 121/191/159 124/185/153 126/192/160
f 125/193/161 126/192/160 136/194/76
f 205/196/98 207/264/219 132/186/154
f 122/197/162 162/261/216 168/198/163
f 163/107/84 161/1903/1420 123/200/165
f 149/201/166 142/207/172 146/202/167
f 139/187/155 140/189/157 148/204/169
f 147/206/171 138/209/174 142/207/172
f 144/208/173 142/207/172 138/209/174
f 155/118/95 144/208/173 143/210/175
f 150/188/156 151/203/168 146/202/167
f 208/211/78 147/206/171 149/201/166
f 141/205/170 148/204/169 154/122/99
f 210/212/176 149/201/166 151/203/168
f 125/215/179 143/234/102 138/216/103
f 121/217/180 138/216/103 147/218/58
f 140/220/181 146/1904/1421 128/221/182
f 145/223/184 139/227/187 122/224/185
f 131/226/186 148/229/169 140/220/181
f 139/227/187 141/230/189 123/228/188
f 137/140/113 154/141/99 148/229/169
f 141/230/189 153/1896/1414 135/142/114
f 142/231/190 144/235/193 126/232/191
f 134/148/119 152/147/119 143/234/102
f 144/235/193 155/149/120 136/236/194
f 209/237/122 145/223/184 127/225/109
f 128/221/182 146/1904/1421 142/231/190
f 129/219/58 147/218/58 208/239/195
f 127/243/198 122/1905/1422 157/241/196
f 157/241/196 158/246/201 169/242/197
f 169/242/197 215/820/692 206/244/199
f 164/245/200 165/1906/1423 131/226/186
f 157/241/196 156/248/203 133/184/152
f 128/247/202 133/184/152 156/248/203
f 151/203/168 150/188/156 159/250/205
f 145/252/207 160/251/206 159/250/205
f 209/253/208 214/1907/1424 160/251/206
f 160/251/206 214/1907/1424 213/214/178
f 161/254/209 163/171/139 166/170/138
f 162/256/211 161/254/209 165/255/210
f 162/256/211 164/257/212 167/258/213
f 168/198/163 167/262/217 156/260/215
f 123/200/165 161/1903/1420 162/261/216
f 131/226/186 165/1906/1423 166/178/146
f 167/262/217 164/1908/218 130/263/218
f 133/184/152 132/186/154 207/264/219
f 158/246/201 133/184/152 212/265/220
f 211/266/221 215/820/692 169/242/197
f 181/267/222 172/286/1425 178/268/223
f 179/270/225 175/288/1426 182/271/226
f 171/273/58 174/281/58 173/274/58
f 184/276/228 185/594/514 170/277/229
f 177/279/230 184/284/233 173/280/230
f 185/282/231 176/285/232 171/273/232
f 179/270/225 183/272/227 184/284/233
f 185/282/231 180/269/224 178/268/223
f 172/286/234 181/1909/234 182/287/234
f 181/289/235 180/1910/235 183/290/235
f 179/270/236 178/268/236 172/286/236
f 190/292/10 188/307/10 191/293/10
f 216/295/58 187/300/58 186/296/58
f 189/298/10 193/301/10 186/299/10
f 190/292/10 192/294/10 193/301/10
f 191/302/237 221/852/709 219/303/238
f 222/305/240 221/1911/122 191/306/241
f 193/311/246 218/1912/4 217/312/4
f 225/314/10 226/1913/10 224/315/10
f 580/317/247 229/325/247 227/318/247
f 223/316/10 227/318/10 228/320/10
f 579/321/248 576/331/248 225/322/248
f 580/317/249 581/1914/249 230/324/249
f 228/320/10 227/318/10 229/325/10
f 575/327/250 224/315/250 226/328/250
f 578/319/251 227/318/251 223/316/252
f 223/316/252 224/315/253 575/327/253
f 576/331/254 577/1915/254 226/332/254
f 285/333/255 259/407/1427 266/334/256
f 237/336/258 232/430/276 305/337/259
f 299/339/261 236/442/361 231/340/262
f 327/342/264 301/361/283 291/343/265
f 258/345/267 292/416/346 298/346/268
f 288/348/270 235/444/362 306/349/271
f 256/351/273 283/381/299 298/352/274
f 232/354/276 237/368/258 241/355/277
f 287/357/279 238/356/278 239/358/280
f 326/360/282 299/441/261 301/361/283
f 242/362/284 243/403/363 239/358/280
f 299/339/261 234/341/263 300/363/285
f 242/362/284 238/356/278 241/355/277
f 247/365/286 241/355/277 251/366/287
f 251/366/287 241/355/277 237/368/258
f 248/370/289 237/336/258 308/338/260
f 289/372/291 291/446/265 245/373/292
f 290/353/275 289/372/291 250/374/293
f 253/375/294 248/370/289 310/371/290
f 251/366/287 248/369/289 253/377/294
f 246/379/297 249/399/352 250/374/293
f 254/380/298 282/415/1428 283/381/299
f 252/367/288 251/366/287 257/378/296
f 320/383/301 316/905/754 332/384/302
f 297/386/304 273/409/330 260/387/305
f 262/389/307 263/393/311 265/390/308
f 329/449/378 264/394/312 318/391/309
f 318/391/309 317/437/358 293/392/310
f 293/392/310 265/390/308 263/393/311
f 263/393/311 329/449/378 318/391/309
f 332/384/302 316/905/754 318/391/309
f 294/388/306 260/387/305 265/390/308
f 244/395/313 278/404/325 328/396/314
f 252/367/316 270/402/323 275/398/317
f 249/399/319 246/379/335 277/400/320
f 255/382/322 268/413/334 270/402/323
f 243/403/324 279/419/341 278/404/325
f 249/399/319 274/401/321 269/405/326
f 313/406/327 320/383/301 333/385/303
f 295/408/329 276/411/332 273/409/330
f 296/410/331 280/417/338 276/411/332
f 255/382/322 286/422/1429 272/412/333
f 246/379/335 302/397/315 328/396/314
f 254/380/326 269/405/326 267/414/336
f 292/416/337 258/345/369 280/417/338
f 247/365/318 275/398/317 281/418/339
f 242/362/340 281/418/339 279/419/341
f 313/406/342 259/407/1427 285/333/255
f 255/382/300 257/378/296 284/421/344
f 292/416/346 314/432/1430 323/423/347
f 285/424/348 284/421/344 257/378/296
f 253/375/294 312/376/295 324/425/349
f 290/427/275 298/1916/274 323/428/350
f 249/399/352 254/380/298 256/351/273
f 232/430/276 288/348/270 325/350/272
f 232/354/276 238/356/278 287/357/279
f 314/432/353 292/416/337 296/410/331
f 322/433/354 296/410/331 295/408/329
f 321/434/355 295/408/329 297/386/304
f 315/436/357 294/388/306 293/392/310
f 297/386/304 294/388/306 315/436/357
f 311/429/351 309/439/359 289/438/291
f 309/439/359 307/344/266 291/343/265
f 304/440/360 236/1917/361 299/441/261
f 236/442/361 235/443/362 233/359/281
f 235/443/362 288/431/270 287/357/279
f 235/444/362 236/1917/361 304/440/360
f 243/403/363 244/395/367 240/445/364
f 239/358/280 240/445/364 231/340/262
f 301/364/283 300/363/285 245/373/292
f 302/397/365 246/379/297 245/373/292
f 300/363/285 234/341/263 303/447/366
f 303/447/366 234/341/263 231/340/262
f 244/395/367 302/397/365 303/447/366
f 269/405/368 280/417/338 258/345/369
f 280/417/338 269/405/368 274/401/371
f 276/411/332 274/401/371 277/400/372
f 279/419/373 331/448/376 262/389/307
f 281/418/375 330/450/379 331/448/376
f 272/412/333 286/422/1429 284/335/257
f 328/396/377 260/387/305 273/409/330
f 260/387/305 328/396/377 278/404/374
f 263/393/311 262/389/307 331/448/376
f 329/449/378 331/448/376 330/450/379
f 261/451/380 332/384/302 264/394/312
f 330/450/379 281/418/375 271/452/382
f 261/451/380 271/452/382 333/385/303
f 259/407/328 333/385/303 271/452/382
f 268/413/384 272/412/1431 266/334/385
f 361/453/386 362/486/420 341/454/387
f 365/456/388 359/484/418 338/457/389
f 338/457/389 359/484/418 363/459/391
f 334/461/386 358/487/386 360/462/386
f 342/460/392 363/459/391 364/464/386
f 334/461/393 339/463/411 345/466/394
f 336/468/396 349/465/402 334/461/393
f 346/469/397 338/457/1432 342/460/398
f 353/458/400 338/457/1432 346/469/397
f 337/470/399 342/460/398 349/465/402
f 340/455/403 341/454/414 343/472/404
f 351/474/406 356/480/413 355/475/407
f 354/477/409 353/458/400 347/471/401
f 339/463/411 340/455/403 344/473/405
f 352/479/412 357/488/1433 356/480/413
f 355/475/407 354/477/409 348/478/410
f 341/454/414 357/488/1433 352/479/412
f 367/481/415 368/483/417 365/456/388
f 368/483/417 369/485/419 359/484/418
f 363/459/391 359/484/418 369/485/419
f 362/486/420 361/453/386 364/464/386
f 364/464/386 361/453/386 360/462/386
f 356/480/421 368/483/417 367/481/415
f 349/465/386 364/464/386 358/487/386
f 366/482/416 365/456/388 353/458/390
f 360/462/386 361/453/386 340/455/386
f 357/488/424 369/485/419 368/483/417
f 367/481/415 366/482/416 354/477/423
f 362/486/420 369/485/419 357/488/424
f 371/489/425 382/507/443 381/490/426
f 380/492/428 373/499/435 384/493/429
f 388/495/431 386/498/434 375/496/432
f 386/498/434 384/493/429 373/499/435
f 391/494/430 383/506/442 372/500/436
f 376/501/437 387/505/441 389/502/438
f 374/504/440 385/510/446 387/505/441
f 371/489/425 372/500/436 383/506/442
f 378/503/439 389/502/438 390/508/444
f 370/491/427 381/490/426 385/510/446
f 710/511/447 709/518/448 382/507/448
f 717/512/449 706/1918/449 379/513/449
f 703/514/450 701/519/451 374/515/451
f 711/517/452 718/521/453 391/494/453
f 709/518/448 708/530/455 381/490/455
f 701/519/451 697/536/456 370/520/456
f 718/521/453 710/511/447 383/506/447
f 386/498/457 713/998/457 711/517/452
f 702/522/458 704/1919/459 377/523/459
f 377/525/460 704/1920/460 715/526/460
f 712/527/461 714/538/462 387/505/462
f 705/528/463 703/514/450 376/516/450
f 708/530/455 712/527/461 385/510/461
f 706/531/464 705/528/463 378/529/463
f 715/526/465 713/998/457 386/498/457
f 707/533/466 700/541/467 373/534/467
f 697/536/456 698/588/468 371/537/468
f 714/538/462 716/542/469 389/502/469
f 699/539/470 707/533/466 380/535/466
f 700/541/467 702/522/458 375/524/458
f 716/542/469 717/512/471 390/508/471
f 409/545/474 395/1921/1434 394/1006/880
f 394/1006/880 404/1922/1435 406/543/472
f 406/543/472 407/1923/473 405/1924/473
f 405/1924/473 408/1925/473 410/544/473
f 410/544/473 411/1926/473 409/545/474
f 409/545/474 394/1006/880 406/543/472
f 406/543/472 405/1924/473 410/544/473
f 392/546/475 396/562/1436 404/547/476
f 409/549/478 401/567/1437 393/550/479
f 396/554/483 392/1927/1438 393/1014/1439
f 393/1014/1439 401/1928/1440 403/552/481
f 403/552/481 402/1929/1441 400/1930/482
f 400/1930/482 397/1931/482 399/553/482
f 399/553/482 398/1932/482 396/554/483
f 396/554/483 393/1014/1439 403/552/481
f 403/552/481 400/1930/482 399/553/482
f 397/555/484 400/563/484 408/556/484
f 258/345/267 283/347/269 282/415/485
f 405/557/487 407/559/490 399/558/488
f 407/559/490 406/561/492 398/560/491
f 406/561/492 404/547/1442 396/562/493
f 400/563/494 402/565/497 410/564/495
f 402/565/497 403/568/500 411/566/498
f 401/567/499 409/549/499 411/566/498
f 678/569/501 351/581/501 350/570/502
f 664/572/503 337/579/503 336/573/504
f 662/575/505 335/591/505 345/576/506
f 673/578/507 346/585/507 337/579/503
f 679/580/508 352/583/508 351/581/501
f 670/582/509 343/587/509 352/583/508
f 674/584/510 347/590/510 346/585/507
f 671/586/511 344/592/511 343/587/509
f 698/588/468 699/539/470 372/540/470
f 675/589/512 348/1933/512 347/590/510
f 663/574/504 336/573/504 335/591/505
f 672/577/506 345/576/506 344/592/511
f 176/285/236 177/279/236 174/281/236
f 178/268/236 179/270/236 177/279/236
f 192/593/513 219/1028/904 220/309/244
f 185/594/514 184/276/228 183/595/515
f 413/597/7 222/305/7 188/307/516
f 189/298/516 412/598/7 413/597/7
f 187/300/516 216/295/7 412/598/7
f 1/1/1 16/3/3 427/599/517
f 418/600/518 432/1934/533 27/4/4
f 26/601/7 431/1935/534 423/602/519
f 2/603/8 423/602/519 428/604/520
f 425/606/96 432/1934/533 418/600/518
f 414/607/521 418/600/518 427/599/517
f 414/607/521 420/608/522 428/604/520
f 423/602/519 431/1935/534 425/606/96
f 4/13/13 20/15/15 429/609/523
f 421/610/524 427/599/517 16/3/3
f 17/605/18 428/604/520 419/611/525
f 5/612/19 419/611/525 430/613/526
f 420/608/522 427/599/517 421/610/524
f 415/615/527 421/610/524 429/609/523
f 415/615/527 422/616/528 430/613/526
f 419/611/525 428/604/520 420/608/522
f 443/617/529 429/609/523 20/15/15
f 21/614/26 430/613/526 444/618/530
f 422/616/528 429/609/523 443/617/529
f 444/618/530 430/613/526 422/616/528
f 455/621/532 456/632/536 435/622/533
f 424/624/533 432/1934/533 425/606/96
f 425/606/96 431/1935/534 417/626/534
f 433/623/96 434/629/534 426/627/535
f 71/628/33 426/627/535 434/629/534
f 417/626/534 431/1935/534 26/601/7
f 27/4/4 432/1934/533 424/624/533
f 37/41/4 435/622/533 456/632/536
f 436/634/533 435/622/533 37/41/4
f 36/630/7 434/629/534 438/635/534
f 438/635/534 434/629/534 433/623/96
f 433/623/96 435/622/533 436/634/533
f 437/637/96 436/634/533 424/624/533
f 417/626/534 438/635/534 437/637/96
f 42/636/7 438/635/534 417/626/534
f 424/624/533 436/634/533 43/44/4
f 439/638/538 442/642/542 453/639/539
f 458/641/541 450/1936/552 442/642/542
f 448/643/543 457/667/555 458/641/541
f 439/638/538 449/640/540 454/644/544
f 61/55/42 448/643/543 454/644/544
f 76/56/43 457/667/555 448/643/543
f 442/642/542 450/1936/552 74/645/44
f 62/646/45 67/654/46 453/639/539
f 444/647/530 451/656/547 65/648/47
f 66/64/48 452/657/548 443/650/529
f 446/651/545 451/656/547 444/647/530
f 443/650/529 452/657/548 446/651/545
f 447/653/546 453/639/539 67/654/46
f 63/655/51 65/648/47 451/656/547
f 64/71/53 445/658/549 452/657/548
f 68/74/56 454/644/544 445/658/549
f 441/659/550 447/653/546 451/656/547
f 449/640/540 453/639/539 447/653/546
f 445/658/549 454/644/544 449/640/540
f 441/659/550 446/651/545 452/657/548
f 72/76/58 13/633/537 456/632/536
f 426/661/535 71/79/33 72/76/58
f 458/662/541 459/665/553 461/663/551
f 459/665/553 460/666/554 79/85/63
f 79/85/63 78/84/62 461/663/551
f 458/662/541 457/667/555 460/666/554
f 76/56/43 79/85/63 460/666/554
f 74/88/44 450/664/552 461/663/551
f 474/668/556 469/731/612 465/669/557
f 476/671/559 492/734/615 487/672/560
f 470/674/562 473/670/558 465/669/557
f 462/675/563 465/669/557 467/676/564
f 466/677/565 467/676/564 516/678/566
f 194/101/78 196/102/79 473/670/558
f 463/680/568 495/1937/1443 499/681/569
f 543/683/571 494/745/626 464/684/572
f 486/686/574 479/692/580 483/687/575
f 476/671/559 477/673/561 485/689/577
f 484/691/579 475/694/582 479/692/580
f 481/693/581 479/692/580 475/694/582
f 535/696/584 481/693/581 480/695/583
f 487/672/560 488/688/576 483/687/575
f 197/121/98 484/691/579 486/686/574
f 478/690/578 485/689/577 534/698/585
f 199/123/100 486/686/574 488/688/576
f 466/700/587 480/1938/587 475/701/588
f 462/702/588 475/701/588 484/703/58
f 477/705/589 483/1939/1444 469/706/590
f 482/708/592 476/712/596 463/709/593
f 472/711/595 485/715/577 477/705/589
f 476/712/596 478/716/599 464/713/597
f 517/714/598 534/791/585 485/715/577
f 478/716/599 533/1940/1445 515/717/600
f 479/718/601 481/1941/1446 467/719/602
f 532/721/604 480/1938/587 466/700/587
f 467/719/602 481/1941/1446 535/723/605
f 198/151/122 482/708/592 468/710/594
f 469/706/590 483/1939/1444 479/718/601
f 470/704/58 484/703/58 197/155/58
f 468/728/609 463/1942/1447 490/726/607
f 490/726/607 491/730/611 500/727/608
f 500/727/608 204/183/151 195/159/127
f 471/707/591 496/1943/1448 497/729/610
f 490/726/607 489/732/613 474/668/556
f 469/731/612 474/668/556 489/732/613
f 488/688/576 487/672/560 492/734/615
f 482/736/617 493/735/616 492/734/615
f 198/167/135 203/1899/1417 493/735/616
f 493/735/616 203/1899/1417 202/168/136
f 494/737/618 543/809/681 546/738/619
f 494/737/618 497/739/620 496/740/621
f 495/741/622 496/740/621 498/742/623
f 499/681/569 498/747/628 489/744/625
f 494/745/626 495/1937/1443 463/680/568
f 472/711/595 497/729/610 546/746/627
f 498/747/628 496/1944/629 471/748/629
f 474/668/556 473/670/558 196/102/79
f 491/730/611 474/668/556 201/181/149
f 200/182/150 204/183/151 500/727/608
f 504/749/630 508/805/677 513/750/631
f 519/752/633 520/774/653 530/753/634
f 509/755/636 501/757/638 504/749/630
f 506/756/637 504/749/630 501/757/638
f 516/759/566 506/756/637 505/758/639
f 205/196/98 509/755/636 512/751/632
f 502/761/640 537/815/687 548/762/641
f 503/764/643 541/816/688 543/683/571
f 529/765/644 531/775/654 526/766/645
f 528/768/647 520/774/653 519/752/633
f 527/770/649 529/765/644 522/767/646
f 518/771/650 522/767/646 524/772/651
f 523/773/652 524/772/651 535/696/584
f 526/766/645 531/775/654 530/753/634
f 208/211/78 210/212/176 529/765/644
f 521/769/648 533/699/586 534/698/585
f 210/212/176 213/214/178 531/775/654
f 505/776/655 501/779/656 518/777/588
f 501/779/656 509/798/58 527/780/58
f 508/781/657 526/797/670 520/782/658
f 502/784/660 519/790/664 525/785/661
f 511/787/662 510/783/659 520/782/658
f 503/789/663 521/792/665 519/790/664
f 517/714/598 511/787/662 528/788/647
f 515/717/600 533/1940/1445 521/792/665
f 506/793/666 524/796/669 522/794/667
f 514/722/604 505/776/655 523/778/587
f 516/724/606 535/723/605 524/796/669
f 507/786/594 525/785/661 209/237/122
f 508/781/657 504/795/668 522/794/667
f 509/798/58 205/240/195 208/239/195
f 537/801/673 502/1945/1449 507/799/671
f 507/799/671 549/802/674 538/800/672
f 206/244/199 215/820/692 549/802/674
f 511/787/662 545/817/689 544/803/675
f 537/801/673 538/800/672 513/750/631
f 508/805/677 510/1946/1450 536/804/676
f 531/775/654 540/807/679 539/754/635
f 539/754/635 540/807/679 525/806/678
f 540/807/679 214/1907/1424 209/253/208
f 213/214/178 214/1907/1424 540/807/679
f 541/808/680 545/811/683 546/738/619
f 542/810/682 544/813/685 545/811/683
f 542/810/682 548/1947/1451 547/812/684
f 536/814/686 547/819/691 548/762/641
f 503/764/643 502/761/640 542/763/642
f 511/787/662 517/714/598 546/746/627
f 510/818/690 544/1948/690 547/819/691
f 207/264/219 512/751/632 513/750/631
f 212/265/220 513/750/631 538/800/672
f 211/266/221 538/800/672 549/802/674
f 558/821/693 552/839/1452 561/822/694
f 559/824/696 563/1949/1453 562/825/697
f 551/827/58 550/1950/58 553/828/58
f 550/830/699 565/1029/905 564/831/700
f 553/833/701 564/837/704 557/834/701
f 551/827/702 556/1026/702 565/835/703
f 564/837/704 563/1949/1453 559/824/696
f 565/835/703 556/1026/702 558/821/693
f 562/838/705 561/1951/705 552/839/705
f 563/840/706 560/1952/706 561/841/706
f 552/839/707 558/821/707 559/824/707
f 570/843/96 572/1953/96 571/844/96
f 216/295/58 217/297/58 566/846/58
f 566/848/96 573/850/96 569/849/96
f 573/850/96 572/1953/96 570/843/96
f 571/851/708 572/1954/1454 219/303/238
f 571/853/710 221/1911/122 222/305/240
f 217/312/4 218/1912/4 573/855/712
f 576/857/96 574/330/96 575/327/96
f 579/859/96 578/319/96 574/330/96
f 579/859/96 581/1955/96 580/317/96
f 636/860/713 635/949/803 617/861/714
f 305/337/259 583/937/729 588/863/716
f 650/864/717 585/946/794 582/865/718
f 642/867/720 652/882/734 327/342/264
f 649/868/721 643/929/787 609/869/722
f 639/871/724 325/350/272 306/349/271
f 607/873/726 641/894/744 649/874/727
f 583/876/729 589/938/789 592/877/730
f 590/879/731 589/938/789 638/880/732
f 652/882/734 650/941/717 326/360/282
f 593/883/735 589/938/789 590/879/731
f 651/885/737 585/946/794 650/864/717
f 592/877/730 589/938/789 593/883/735
f 602/888/739 592/877/730 598/887/738
f 602/888/739 599/1956/741 588/878/716
f 308/338/260 588/863/716 599/890/741
f 640/891/742 601/895/745 596/892/743
f 641/894/744 607/873/726 601/895/745
f 310/371/290 599/890/741 604/896/746
f 604/897/746 599/1956/741 602/888/739
f 597/899/748 596/892/743 601/895/745
f 605/901/750 607/873/726 634/875/728
f 608/898/747 602/888/739 603/889/740
f 320/383/301 660/921/775 659/904/753
f 648/906/755 645/912/761 611/907/756
f 616/909/758 614/950/805 613/910/759
f 318/391/309 615/953/808 656/911/760
f 656/911/760 614/950/805 616/909/758
f 616/909/758 644/939/790 317/437/358
f 317/437/358 318/391/309 656/911/760
f 659/904/753 615/953/808 318/391/309
f 645/912/761 644/939/790 616/909/758
f 655/913/762 629/919/772 595/914/763
f 626/916/765 621/918/770 603/889/766
f 600/900/767 625/947/1455 628/917/768
f 621/918/770 619/955/1456 606/903/771
f 629/919/772 630/931/341 594/884/773
f 620/920/774 625/947/1455 600/900/767
f 313/406/327 610/862/813 660/921/775
f 646/922/776 648/906/755 624/908/757
f 647/924/778 646/922/776 627/923/777
f 606/903/771 619/955/1456 623/926/780
f 597/899/769 628/917/768 655/913/762
f 618/928/782 620/920/774 605/901/774
f 643/929/783 647/924/778 631/925/779
f 632/930/339 626/916/765 598/887/318
f 630/931/341 632/930/339 593/883/340
f 313/406/342 324/420/343 636/860/713
f 635/932/785 608/898/747 606/903/752
f 323/423/347 314/432/1430 643/929/787
f 608/898/747 635/932/785 636/933/788
f 324/425/349 312/376/295 604/896/746
f 641/935/744 311/429/351 323/428/350
f 600/900/749 601/895/745 607/873/726
f 583/937/729 305/337/259 325/350/272
f 583/876/729 639/1957/724 638/880/732
f 314/432/353 322/433/354 647/924/778
f 322/433/354 321/434/355 646/922/776
f 321/434/355 319/435/356 648/906/755
f 315/436/357 317/437/358 644/939/790
f 315/436/357 645/912/761 648/906/755
f 311/429/351 641/935/744 640/940/742
f 309/439/359 640/940/742 642/867/720
f 650/941/717 587/943/719 304/440/360
f 587/866/719 582/865/718 584/881/733
f 638/880/732 639/1957/724 586/942/725
f 586/872/725 306/349/271 304/440/360
f 591/944/791 595/914/795 594/884/736
f 590/879/731 584/881/733 582/865/718
f 596/892/743 651/885/737 652/886/734
f 596/892/743 597/899/748 653/915/792
f 651/885/737 653/915/792 654/945/793
f 582/865/718 585/946/794 654/945/793
f 595/914/795 591/944/791 654/945/793
f 620/920/796 618/928/1457 609/869/784
f 631/925/779 627/923/777 625/947/797
f 627/923/777 624/908/757 628/917/798
f 613/910/759 658/948/801 630/931/799
f 658/948/801 657/951/806 632/930/802
f 623/926/780 617/861/714 635/949/803
f 655/913/804 628/917/798 624/908/757
f 611/907/756 613/910/759 629/919/800
f 614/950/805 656/911/760 658/948/801
f 656/911/760 615/953/808 657/951/806
f 612/952/807 657/951/806 615/953/808
f 657/951/806 612/952/807 622/954/809
f 660/921/775 622/954/809 612/952/807
f 610/862/813 617/861/814 622/954/809
f 619/955/812 622/954/809 617/861/814
f 668/956/816 689/991/852 688/957/817
f 665/959/818 686/963/822 692/960/819
f 665/959/818 669/967/823 690/962/821
f 661/964/817 666/983/817 687/965/817
f 669/967/823 676/972/817 691/968/817
f 672/969/824 666/983/843 661/964/825
f 663/971/827 662/970/826 661/964/825
f 673/973/829 664/975/834 669/967/830
f 673/973/829 665/959/831 680/961/832
f 664/975/834 663/971/827 676/972/828
f 670/976/835 668/956/847 667/958/836
f 678/978/838 677/986/846 682/979/839
f 674/974/833 680/961/832 681/981/841
f 671/977/837 667/958/836 666/983/843
f 679/984/844 678/978/838 683/980/840
f 675/982/842 681/981/841 682/979/839
f 679/984/844 684/985/845 668/956/847
f 693/987/848 692/960/819 695/988/849
f 686/963/822 696/990/851 695/988/849
f 696/990/851 686/963/822 690/962/821
f 691/968/817 688/957/817 689/991/852
f 687/965/817 688/957/817 691/968/817
f 683/980/853 682/979/856 694/989/850
f 676/972/817 661/964/817 685/966/817
f 680/961/820 692/960/819 693/987/848
f 667/958/817 688/957/817 687/965/817
f 684/985/855 683/980/853 695/988/849
f 681/981/854 693/987/848 694/989/850
f 684/985/855 696/990/851 689/991/852
f 708/530/857 709/518/1458 698/992/858
f 707/994/860 718/521/868 711/517/861
f 702/996/863 713/998/866 715/526/864
f 700/995/862 711/517/861 713/998/866
f 699/999/867 710/511/875 718/521/868
f 716/542/869 714/538/873 703/1000/870
f 701/1002/872 703/1000/870 714/538/873
f 698/992/858 709/518/1458 710/511/875
f 717/512/876 716/542/869 705/1001/871
f 712/527/874 708/530/857 697/993/859
f 394/1006/880 395/1921/1434 732/1010/1459
f 732/1010/1459 734/1024/1460 733/1004/878
f 733/1004/878 731/1015/1460 728/1017/1460
f 728/1017/1460 730/1019/1460 729/1005/879
f 729/1005/879 727/1007/1461 394/1006/880
f 394/1006/880 732/1010/1459 733/1004/878
f 733/1004/878 728/1017/1460 729/1005/879
f 727/1007/881 719/1021/1462 392/1008/475
f 732/1010/882 395/551/480 393/550/479
f 393/1014/886 392/1927/1463 719/1958/1464
f 719/1958/1464 721/1959/1465 722/1012/884
f 722/1012/884 720/1960/1465 723/1961/1466
f 723/1961/1466 725/1962/1466 726/1013/885
f 726/1013/885 724/1963/1467 393/1014/886
f 393/1014/886 719/1958/1464 722/1012/884
f 722/1012/884 723/1961/1466 726/1013/885
f 731/1015/887 723/1022/887 720/1016/887
f 633/902/888 634/870/723 609/869/722
f 728/1017/890 720/1016/1468 722/1018/891
f 730/1019/892 722/1018/891 721/1020/893
f 729/1005/894 721/1020/893 719/1021/895
f 723/1022/897 731/1015/1469 733/1004/898
f 725/1023/899 733/1004/898 734/1024/900
f 734/1024/900 732/1010/1470 724/1011/902
f 554/829/707 557/834/707 556/1026/707
f 557/834/707 559/824/707 558/821/707
f 572/1027/903 573/854/711 220/309/244
f 565/1029/905 560/1964/906 563/1030/906
f 568/845/907 222/305/7 413/597/7
f 413/597/7 412/598/7 569/849/907
f 412/598/7 216/295/7 567/847/907
f 677/571/502 350/570/502 348/1031/512
f 581/1033/908 579/321/908 228/323/908
f 768/1035/909 764/1063/937 831/1036/910
f 772/1038/912 768/1035/909 835/1037/911
f 776/1040/914 772/1038/912 839/1039/913
f 780/1042/916 776/1040/914 843/1041/915
f 784/1044/918 780/1042/916 847/1043/917
f 788/1046/920 784/1044/918 851/1045/919
f 792/1048/922 788/1046/920 855/1047/921
f 796/1050/924 792/1048/922 859/1049/923
f 800/1052/926 796/1050/924 863/1051/925
f 748/1054/928 744/1064/938 811/1055/929
f 752/1057/931 748/1054/928 815/1056/930
f 756/1059/933 752/1057/931 819/1058/932
f 760/1061/935 756/1059/933 823/1060/934
f 764/1063/937 760/1061/935 827/1062/936
f 744/1064/938 740/1070/944 807/1065/939
f 799/1130/990 736/1290/1118 739/1066/940
f 739/1066/940 743/1074/947 747/1079/951
f 747/1079/951 751/1083/954 755/1086/957
f 755/1086/957 759/1090/960 763/1097/965
f 763/1097/965 767/1965/1471 771/1067/941
f 771/1067/941 775/1104/970 779/1108/973
f 779/1108/973 783/1112/976 787/1068/942
f 787/1068/942 791/1121/983 795/1125/986
f 795/1125/986 799/1130/990 739/1066/940
f 739/1066/940 747/1079/951 755/1086/957
f 755/1086/957 763/1097/965 771/1067/941
f 771/1067/941 779/1108/973 787/1068/942
f 787/1068/942 795/1125/986 739/1066/940
f 739/1066/940 755/1086/957 771/1067/941
f 746/1069/943 742/1966/946 740/1070/944
f 745/1071/945 741/1075/948 742/1072/946
f 743/1074/947 739/1066/940 741/1075/948
f 750/1076/949 746/1069/943 744/1064/938
f 749/1077/950 745/1071/945 746/1073/943
f 747/1079/951 743/1074/947 745/1071/945
f 754/1080/952 750/1076/949 748/1054/928
f 753/1081/953 749/1077/950 750/1078/949
f 751/1083/954 747/1079/951 749/1077/950
f 756/1059/933 758/1087/956 754/1080/952
f 757/1084/955 753/1081/953 754/1082/952
f 755/1086/957 751/1083/954 753/1081/953
f 760/1061/935 762/1091/959 758/1087/956
f 761/1088/958 757/1084/955 758/1085/956
f 759/1090/960 755/1086/957 757/1084/955
f 764/1063/937 766/1094/961 762/1091/959
f 766/1092/961 765/1093/962 761/1088/958
f 765/1093/962 763/1097/965 759/1090/960
f 768/1035/909 770/1098/964 766/1094/961
f 769/1095/963 765/1093/962 766/1092/961
f 769/1095/963 767/1965/1471 763/1097/965
f 772/1038/912 774/1967/967 770/1098/964
f 773/1099/966 769/1095/963 770/1096/964
f 771/1067/941 767/1965/1471 769/1095/963
f 778/1101/968 774/1967/967 772/1038/912
f 777/1102/969 773/1099/966 774/1100/967
f 775/1104/970 771/1067/941 773/1099/966
f 782/1105/971 778/1101/968 776/1040/914
f 781/1106/972 777/1102/969 778/1103/968
f 779/1108/973 775/1104/970 777/1102/969
f 786/1109/974 782/1105/971 780/1042/916
f 785/1110/975 781/1106/972 782/1107/971
f 783/1112/976 779/1108/973 781/1106/972
f 790/1113/977 786/1109/974 784/1044/918
f 789/1114/978 785/1110/975 786/1111/974
f 787/1068/942 783/1112/976 785/1110/975
f 794/1116/979 790/1113/977 788/1046/920
f 794/1117/979 793/1118/980 789/1114/978
f 793/1118/980 791/1121/983 787/1068/942
f 796/1050/924 798/1122/981 794/1116/979
f 798/1119/981 797/1120/982 793/1118/980
f 797/1120/982 795/1125/986 791/1121/983
f 800/1052/926 802/1127/985 798/1122/981
f 801/1123/984 797/1120/982 798/1119/981
f 801/1123/984 799/1130/990 795/1125/986
f 735/1126/987 737/1289/989 802/1127/985
f 738/1128/988 801/1123/984 802/1124/985
f 738/1128/988 736/1290/1118 799/1130/990
f 735/1126/987 800/1052/926 867/1053/927
f 812/1132/992 814/1135/995 810/1133/993
f 814/1135/995 813/1141/997 809/1136/996
f 811/1055/929 807/1065/939 809/1137/996
f 816/1139/998 818/1140/999 814/1135/995
f 818/1140/999 817/1145/1000 813/1141/997
f 815/1056/930 811/1055/929 813/1138/997
f 820/1143/1001 822/1144/1002 818/1140/999
f 822/1144/1002 821/1149/1003 817/1145/1000
f 821/1146/1003 819/1058/932 815/1056/930
f 826/1147/1004 822/1144/1002 820/1143/1001
f 826/1147/1004 825/1968/1006 821/1149/1003
f 825/1150/1006 823/1060/934 819/1058/932
f 830/1151/1007 826/1147/1004 824/1148/1005
f 829/1153/1009 825/1968/1006 826/1147/1004
f 827/1062/936 823/1060/934 825/1150/1006
f 834/1155/1010 830/1151/1007 828/1152/1008
f 833/1157/1012 829/1153/1009 830/1151/1007
f 831/1036/910 827/1062/936 829/1154/1009
f 838/1159/1013 834/1155/1010 832/1156/1011
f 837/1161/1015 833/1157/1012 834/1155/1010
f 835/1037/911 831/1036/910 833/1158/1012
f 842/1163/1016 838/1159/1013 836/1160/1014
f 841/1165/1018 837/1161/1015 838/1159/1013
f 839/1039/913 835/1037/911 837/1162/1015
f 844/1167/1019 846/1168/1020 842/1163/1016
f 846/1168/1020 845/1172/1021 841/1165/1018
f 845/1169/1021 843/1041/915 839/1039/913
f 848/1170/1022 850/1171/1023 846/1168/1020
f 850/1171/1023 849/1176/1024 845/1172/1021
f 847/1043/917 843/1041/915 845/1169/1021
f 852/1174/1025 854/1175/1026 850/1171/1023
f 854/1175/1026 853/1180/1027 849/1176/1024
f 853/1177/1027 851/1045/919 847/1043/917
f 858/1178/1028 854/1175/1026 852/1174/1025
f 858/1178/1028 857/1969/1030 853/1180/1027
f 855/1047/921 851/1045/919 853/1177/1027
f 862/1182/1031 858/1178/1028 856/1179/1029
f 861/1184/1033 857/1969/1030 858/1178/1028
f 859/1049/923 855/1047/921 857/1181/1030
f 866/1186/1034 862/1182/1031 860/1183/1032
f 865/1188/1036 861/1184/1033 862/1182/1031
f 863/1051/925 859/1049/923 861/1185/1033
f 870/1190/1037 866/1186/1034 864/1187/1035
f 869/1192/1039 865/1188/1036 866/1186/1034
f 867/1053/927 863/1051/925 865/1189/1036
f 805/1194/1040 870/1190/1037 868/1191/1038
f 806/1196/1042 869/1192/1039 870/1190/1037
f 804/1131/991 867/1053/927 869/1193/1039
f 816/1139/998 812/1132/992 808/1134/994
f 808/1134/994 803/1195/1041 868/1191/1038
f 868/1191/1038 864/1187/1035 860/1183/1032
f 860/1183/1032 856/1179/1029 852/1174/1025
f 852/1174/1025 848/1170/1022 844/1167/1019
f 844/1167/1019 840/1164/1017 836/1160/1014
f 836/1160/1014 832/1156/1011 828/1152/1008
f 828/1152/1008 824/1148/1005 820/1143/1001
f 820/1143/1001 816/1139/998 808/1134/994
f 808/1134/994 868/1191/1038 860/1183/1032
f 860/1183/1032 852/1174/1025 844/1167/1019
f 844/1167/1019 836/1160/1014 828/1152/1008
f 828/1152/1008 820/1143/1001 808/1134/994
f 808/1134/994 860/1183/1032 844/1167/1019
f 951/1198/1043 892/1226/1071 896/1199/1044
f 955/1200/1045 896/1199/1044 900/1201/1046
f 959/1202/1047 900/1201/1046 904/1203/1048
f 963/1204/1049 904/1203/1048 908/1205/1050
f 967/1206/1051 908/1205/1050 912/1207/1052
f 971/1208/1053 912/1207/1052 916/1209/1054
f 975/1210/1055 916/1209/1054 920/1211/1056
f 979/1212/1057 920/1211/1056 924/1213/1058
f 983/1214/1059 924/1213/1058 928/1215/1060
f 931/1217/1062 872/1227/1072 876/1218/1063
f 935/1219/1064 876/1218/1063 880/1220/1065
f 939/1221/1066 880/1220/1065 884/1222/1067
f 943/1223/1068 884/1222/1067 888/1224/1069
f 947/1225/1070 888/1224/1069 892/1226/1071
f 807/1065/939 740/1231/944 872/1227/1072
f 739/1066/940 736/1290/1118 927/1228/1073
f 927/1228/1073 923/1285/1115 919/1281/1112
f 919/1281/1112 915/1277/1109 911/1273/1106
f 911/1273/1106 907/1269/1103 903/1265/1100
f 903/1265/1100 899/1261/1097 895/1229/1074
f 895/1229/1074 891/1254/1092 887/1250/1089
f 887/1250/1089 883/1246/1086 879/1230/1075
f 879/1230/1075 875/1239/1081 871/1235/1078
f 871/1235/1078 739/1066/940 927/1228/1073
f 927/1228/1073 919/1281/1112 911/1273/1106
f 911/1273/1106 903/1265/1100 895/1229/1074
f 895/1229/1074 887/1250/1089 879/1230/1075
f 879/1230/1075 871/1235/1078 927/1228/1073
f 927/1228/1073 911/1273/1106 895/1229/1074
f 740/1231/944 742/1970/946 874/1232/1076
f 742/1072/946 741/1075/948 873/1233/1077
f 741/1075/948 739/1066/940 871/1235/1078
f 872/1227/1072 874/1232/1076 878/1236/1079
f 874/1234/1076 873/1233/1077 877/1237/1080
f 873/1233/1077 871/1235/1078 875/1239/1081
f 876/1218/1063 878/1236/1079 882/1240/1082
f 878/1238/1079 877/1237/1080 881/1241/1083
f 877/1237/1080 875/1239/1081 879/1230/1075
f 884/1222/1067 880/1220/1065 882/1240/1082
f 882/1242/1082 881/1241/1083 885/1244/1085
f 881/1241/1083 879/1230/1075 883/1246/1086
f 888/1224/1069 884/1222/1067 886/1243/1084
f 886/1245/1084 885/1244/1085 889/1248/1088
f 885/1244/1085 883/1246/1086 887/1250/1089
f 892/1226/1071 888/1224/1069 890/1247/1087
f 890/1249/1087 889/1248/1088 893/1252/1091
f 893/1252/1091 889/1248/1088 887/1250/1089
f 896/1199/1044 892/1226/1071 894/1251/1090
f 894/1253/1090 893/1252/1091 897/1256/1094
f 897/1256/1094 893/1252/1091 891/1254/1092
f 900/1201/1046 896/1199/1044 898/1255/1093
f 902/1259/1095 898/1257/1093 897/1256/1094
f 901/1260/1096 897/1256/1094 895/1229/1074
f 900/1201/1046 902/1258/1095 906/1262/1098
f 902/1259/1095 901/1260/1096 905/1263/1099
f 905/1263/1099 901/1260/1096 899/1261/1097
f 904/1203/1048 906/1262/1098 910/1266/1101
f 906/1264/1098 905/1263/1099 909/1267/1102
f 905/1263/1099 903/1265/1100 907/1269/1103
f 912/1207/1052 908/1205/1050 910/1266/1101
f 910/1268/1101 909/1267/1102 913/1271/1105
f 909/1267/1102 907/1269/1103 911/1273/1106
f 912/1207/1052 914/1270/1104 918/1274/1107
f 914/1272/1104 913/1271/1105 917/1275/1108
f 913/1271/1105 911/1273/1106 915/1277/1109
f 916/1209/1054 918/1274/1107 922/1278/1110
f 922/1279/1110 918/1276/1107 917/1275/1108
f 921/1280/1111 917/1275/1108 915/1277/1109
f 924/1213/1058 920/1211/1056 922/1278/1110
f 926/1283/1113 922/1279/1110 921/1280/1111
f 925/1284/1114 921/1280/1111 919/1281/1112
f 928/1215/1060 924/1213/1058 926/1282/1113
f 926/1283/1113 925/1284/1114 929/1287/1117
f 929/1287/1117 925/1284/1114 923/1285/1115
f 928/1215/1060 930/1286/1116 737/1289/989
f 737/1129/989 930/1288/1116 929/1287/1117
f 738/1128/988 929/1287/1117 927/1228/1073
f 987/1216/1061 928/1215/1060 735/1126/987
f 932/1291/1119 808/1134/994 810/1133/993
f 934/1292/1120 810/1133/993 809/1136/996
f 809/1137/996 807/1065/939 931/1217/1062
f 936/1295/1122 932/1291/1119 934/1292/1120
f 938/1296/1123 934/1292/1120 933/1293/1121
f 933/1294/1121 931/1217/1062 935/1219/1064
f 940/1299/1125 936/1295/1122 938/1296/1123
f 942/1300/1126 938/1296/1123 937/1297/1124
f 941/1302/1127 937/1298/1124 935/1219/1064
f 940/1299/1125 942/1300/1126 946/1303/1128
f 946/1303/1128 942/1300/1126 941/1301/1127
f 945/1306/1130 941/1302/1127 939/1221/1066
f 944/1304/1129 946/1303/1128 950/1307/1131
f 950/1307/1131 946/1303/1128 945/1305/1130
f 945/1306/1130 943/1223/1068 947/1225/1070
f 948/1308/1132 950/1307/1131 954/1311/1134
f 950/1307/1131 949/1309/1133 953/1313/1136
f 949/1310/1133 947/1225/1070 951/1198/1043
f 952/1312/1135 954/1311/1134 958/1315/1137
f 954/1311/1134 953/1313/1136 957/1317/1139
f 953/1314/1136 951/1198/1043 955/1200/1045
f 956/1316/1138 958/1315/1137 962/1319/1140
f 958/1315/1137 957/1317/1139 961/1321/1142
f 957/1318/1139 955/1200/1045 959/1202/1047
f 964/1323/1143 960/1320/1141 962/1319/1140
f 966/1324/1144 962/1319/1140 961/1321/1142
f 965/1326/1145 961/1322/1142 959/1202/1047
f 968/1327/1146 964/1323/1143 966/1324/1144
f 970/1328/1147 966/1324/1144 965/1325/1145
f 965/1326/1145 963/1204/1049 967/1206/1051
f 972/1331/1149 968/1327/1146 970/1328/1147
f 974/1332/1150 970/1328/1147 969/1329/1148
f 969/1330/1148 967/1206/1051 971/1208/1053
f 972/1331/1149 974/1332/1150 978/1335/1152
f 978/1335/1152 974/1332/1150 973/1333/1151
f 973/1334/1151 971/1208/1053 975/1210/1055
f 976/1336/1153 978/1335/1152 982/1339/1155
f 982/1339/1155 978/1335/1152 977/1337/1154
f 977/1338/1154 975/1210/1055 979/1212/1057
f 980/1340/1156 982/1339/1155 986/1343/1158
f 982/1339/1155 981/1341/1157 985/1345/1160
f 981/1342/1157 979/1212/1057 983/1214/1059
f 984/1344/1159 986/1343/1158 990/1347/1161
f 986/1343/1158 985/1345/1160 989/1349/1163
f 985/1346/1160 983/1214/1059 987/1216/1061
f 988/1348/1162 990/1347/1161 805/1194/1040
f 990/1347/1161 989/1349/1163 806/1196/1042
f 806/1197/1042 989/1350/1163 987/1216/1061
f 808/1134/994 932/1291/1119 936/1295/1122
f 936/1295/1122 940/1299/1125 944/1304/1129
f 944/1304/1129 948/1308/1132 952/1312/1135
f 952/1312/1135 956/1316/1138 960/1320/1141
f 960/1320/1141 964/1323/1143 968/1327/1146
f 968/1327/1146 972/1331/1149 976/1336/1153
f 976/1336/1153 980/1340/1156 984/1344/1159
f 984/1344/1159 988/1348/1162 803/1195/1041
f 803/1195/1041 808/1134/994 936/1295/1122
f 936/1295/1122 944/1304/1129 952/1312/1135
f 952/1312/1135 960/1320/1141 968/1327/1146
f 968/1327/1146 976/1336/1153 984/1344/1159
f 984/1344/1159 803/1195/1041 936/1295/1122
f 936/1295/1122 952/1312/1135 968/1327/1146
f 1003/1351/1164 1002/1368/1181 1018/1352/1165
f 998/1354/1167 1014/1364/1177 1013/1355/1168
f 1005/1357/1170 1004/1382/1194 1020/1358/1171
f 995/1360/1173 1011/1370/1183 1010/1361/1174
f 998/1354/1167 1006/1365/1178 1022/1363/1176
f 1006/1365/1178 1005/1357/1170 1021/1359/1172
f 997/1356/1169 1013/1355/1168 1012/1366/1179
f 1002/1368/1181 1001/1374/1187 1017/1369/1182
f 996/1367/1180 1012/1366/1179 1011/1370/1183
f 1000/1371/1184 999/1971/1191 1015/1372/1185
f 1001/1374/1187 1000/1371/1184 1016/1373/1186
f 992/1375/1188 1008/1381/1193 1007/1376/1189
f 991/1377/1190 1007/1376/1189 1015/1378/1185
f 993/1380/1192 1009/1383/1195 1008/1381/1193
f 1004/1382/1194 1003/1351/1164 1019/1353/1166
f 994/1362/1175 1010/1361/1174 1009/1383/1195
f 1009/1383/1195 1041/1422/1218 1040/1384/1196
f 1005/1385/1170 1037/1395/1203 1036/1386/1197
f 1034/1390/1200 1035/1415/1211 1036/1386/1197
f 1036/1386/1197 1037/1395/1203 1038/1394/1202
f 1038/1394/1202 1030/1392/1201 1029/1402/1204
f 1029/1402/1204 1028/1405/1206 1027/1388/1198
f 1027/1388/1198 1026/1416/1212 1025/1414/1210
f 1025/1414/1210 1024/1411/1209 1023/1389/1199
f 1023/1389/1199 1031/1408/1208 1032/1407/1207
f 1032/1407/1207 1033/1404/1205 1034/1390/1200
f 1034/1390/1200 1036/1386/1197 1038/1394/1202
f 1038/1394/1202 1029/1402/1204 1027/1388/1198
f 1027/1388/1198 1025/1414/1210 1023/1389/1199
f 1023/1389/1199 1032/1407/1207 1034/1390/1200
f 1034/1390/1200 1038/1394/1202 1027/1388/1198
f 997/1391/1169 1029/1402/1204 1030/1392/1201
f 1005/1385/1170 1006/1400/1178 1038/1394/1202
f 994/1396/1175 1026/1416/1212 1027/1388/1198
f 1003/1398/1164 1035/1415/1211 1034/1390/1200
f 998/1393/1167 1030/1392/1201 1038/1394/1202
f 996/1401/1180 1028/1405/1206 1029/1402/1204
f 1001/1403/1187 1002/1399/1181 1034/1390/1200
f 995/1397/1173 1027/1388/1198 1028/1405/1206
f 999/1406/1191 1000/1409/1184 1032/1407/1207
f 1000/1409/1184 1001/1403/1187 1033/1404/1205
f 991/1410/1190 1023/1389/1199 1024/1411/1209
f 991/1410/1190 999/1972/1191 1031/1408/1208
f 993/1413/1192 992/1412/1188 1024/1411/1209
f 1003/1398/1164 1004/1387/1194 1036/1386/1197
f 993/1413/1192 1025/1414/1210 1026/1416/1212
f 1053/1417/1213 1069/1450/1245 1070/1418/1214
f 1020/1358/1171 1019/1353/1166 1051/1420/1216
f 1010/1361/1174 1042/1424/1220 1041/1422/1218
f 1021/1359/1172 1020/1358/1171 1052/1421/1217
f 1014/1364/1177 1046/1426/1222 1045/1423/1219
f 1022/1363/1176 1021/1359/1172 1053/1417/1213
f 1011/1370/1183 1043/1429/1225 1042/1424/1220
f 1019/1353/1166 1018/1352/1165 1050/1425/1221
f 1014/1364/1177 1022/1363/1176 1054/1419/1215
f 1013/1355/1168 1045/1423/1219 1044/1427/1223
f 1018/1352/1165 1017/1369/1182 1049/1428/1224
f 1012/1366/1179 1044/1427/1223 1043/1429/1225
f 1016/1373/1186 1015/1372/1185 1047/1430/1226
f 1017/1369/1182 1016/1373/1186 1048/1431/1227
f 1008/1381/1193 1040/1384/1196 1039/1432/1228
f 1007/1376/1189 1039/1432/1228 1047/1433/1226
f 1068/1434/1229 1067/1439/1234 1083/1435/1230
f 1042/1424/1220 1043/1429/1225 1059/1437/1232
f 1050/1425/1221 1066/1443/1238 1067/1439/1234
f 1054/1419/1215 1070/1418/1214 1062/1440/1235
f 1044/1427/1223 1045/1423/1219 1061/1441/1236
f 1049/1428/1224 1065/1445/1240 1066/1443/1238
f 1043/1429/1225 1044/1427/1223 1060/1442/1237
f 1047/1430/1226 1063/1973/1243 1064/1444/1239
f 1048/1431/1227 1064/1444/1239 1065/1445/1240
f 1039/1432/1228 1040/1384/1196 1056/1446/1241
f 1047/1433/1226 1039/1432/1228 1055/1447/1242
f 1040/1384/1196 1041/1422/1218 1057/1449/1244
f 1051/1420/1216 1067/1439/1234 1068/1434/1229
f 1041/1422/1218 1042/1424/1220 1058/1438/1233
f 1052/1421/1217 1068/1434/1229 1069/1450/1245
f 1045/1423/1219 1046/1426/1222 1062/1440/1235
f 1079/1451/1246 1095/1491/1267 1096/1452/1247
f 1058/1438/1233 1074/1459/1254 1073/1454/1249
f 1069/1450/1245 1068/1434/1229 1084/1436/1231
f 1061/1441/1236 1062/1440/1235 1078/1456/1251
f 1069/1450/1245 1085/1455/1250 1086/1458/1253
f 1059/1437/1232 1075/1463/1258 1074/1459/1254
f 1067/1439/1234 1066/1443/1238 1082/1460/1255
f 1070/1418/1214 1086/1458/1253 1078/1456/1251
f 1060/1442/1237 1061/1441/1236 1077/1457/1252
f 1066/1443/1238 1065/1445/1240 1081/1462/1257
f 1060/1442/1237 1076/1461/1256 1075/1463/1258
f 1064/1444/1239 1063/1973/1243 1079/1451/1246
f 1065/1445/1240 1064/1444/1239 1080/1453/1248
f 1056/1446/1241 1072/1466/1260 1071/1464/1259
f 1055/1447/1242 1071/1464/1259 1079/1465/1246
f 1057/1449/1244 1073/1454/1249 1072/1466/1260
f 1090/1467/1261 1091/1480/1274 1107/1468/1262
f 1080/1453/1248 1096/1452/1247 1097/1470/1264
f 1071/1464/1259 1072/1466/1260 1088/1471/1265
f 1079/1465/1246 1071/1464/1259 1087/1472/1266
f 1072/1466/1260 1073/1454/1249 1089/1474/1268
f 1083/1435/1230 1099/1481/1275 1100/1475/1269
f 1073/1454/1249 1074/1459/1254 1090/1467/1261
f 1084/1436/1231 1100/1475/1269 1101/1476/1270
f 1077/1457/1252 1078/1456/1251 1094/1477/1271
f 1085/1455/1250 1101/1476/1270 1102/1479/1273
f 1074/1459/1254 1075/1463/1258 1091/1480/1274
f 1082/1460/1255 1098/1483/1277 1099/1481/1275
f 1086/1458/1253 1102/1479/1273 1094/1477/1271
f 1076/1461/1256 1077/1457/1252 1093/1478/1272
f 1081/1462/1257 1097/1470/1264 1098/1483/1277
f 1075/1463/1258 1076/1461/1256 1092/1482/1276
f 1115/1484/1278 1131/1510/1301 1132/1485/1279
f 1098/1483/1277 1114/1490/1284 1115/1484/1278
f 1102/1479/1273 1118/1499/1292 1110/1487/1281
f 1092/1482/1276 1093/1478/1272 1109/1488/1282
f 1097/1470/1264 1113/1493/1286 1114/1490/1284
f 1091/1480/1274 1092/1482/1276 1108/1489/1283
f 1095/1491/1267 1111/1513/1289 1112/1492/1285
f 1096/1452/1247 1112/1492/1285 1113/1493/1286
f 1087/1472/1266 1088/1471/1265 1104/1494/1287
f 1095/1473/1267 1087/1472/1266 1103/1495/1288
f 1088/1471/1265 1089/1474/1268 1105/1497/1290
f 1099/1481/1275 1115/1484/1278 1116/1486/1280
f 1089/1474/1268 1090/1467/1261 1106/1469/1263
f 1100/1475/1269 1116/1486/1280 1117/1498/1291
f 1093/1478/1272 1094/1477/1271 1110/1487/1281
f 1101/1476/1270 1117/1498/1291 1118/1499/1292
f 1132/1502/1293 1131/1974/1293 1130/1975/1293
f 1130/1975/1293 1129/1976/1293 1128/1977/1293
f 1128/1977/1293 1127/1978/1293 1119/1979/1293
f 1119/1979/1293 1120/1980/1472 1121/1500/1293
f 1121/1500/1293 1122/1981/1472 1123/1982/1293
f 1123/1982/1293 1124/1983/1293 1125/1501/1293
f 1125/1501/1293 1126/1984/1293 1134/1985/1293
f 1134/1985/1293 1133/1986/1293 1132/1502/1293
f 1132/1502/1293 1130/1975/1293 1128/1977/1293
f 1128/1977/1293 1119/1979/1293 1121/1500/1293
f 1121/1500/1293 1123/1982/1293 1125/1501/1293
f 1125/1501/1293 1134/1985/1293 1132/1502/1293
f 1132/1502/1293 1128/1977/1293 1121/1500/1293
f 1105/1497/1290 1106/1469/1263 1122/1503/1294
f 1116/1486/1280 1132/1485/1279 1133/1505/1296
f 1109/1488/1282 1110/1487/1281 1126/1506/1297
f 1117/1498/1291 1133/1505/1296 1134/1508/1299
f 1106/1469/1263 1107/1468/1262 1123/1509/1300
f 1114/1490/1284 1130/1512/1303 1131/1510/1301
f 1118/1499/1292 1134/1508/1299 1126/1506/1297
f 1108/1489/1283 1109/1488/1282 1125/1507/1298
f 1113/1493/1286 1129/1515/1305 1130/1512/1303
f 1107/1468/1262 1108/1489/1283 1124/1511/1302
f 1111/1513/1289 1127/1987/1308 1128/1514/1304
f 1112/1492/1285 1128/1514/1304 1129/1515/1305
f 1103/1495/1288 1104/1494/1287 1120/1516/1306
f 1111/1496/1289 1103/1495/1288 1119/1517/1307
f 1104/1494/1287 1105/1497/1290 1121/1504/1295
f 1136/1519/96 1138/1988/96 1137/1520/96
f 1138/1522/7 1142/1989/7 1141/1523/7
f 1142/1525/10 1140/1990/10 1139/1526/10
f 1140/1528/4 1136/1991/4 1135/1529/4
f 1141/1531/58 1139/1992/58 1135/1532/58
f 1138/1534/122 1136/1993/122 1140/1535/122
f 1145/1537/4 1146/1576/1319 1144/1538/1309
f 1164/1540/1310 1163/1994/1310 1151/1541/1311
f 1160/1543/10 1159/1995/10 1149/1544/10
f 1161/1546/58 1147/1582/1321 1149/1547/1312
f 1160/1549/1313 1150/1581/1314 1148/1550/1314
f 1162/1552/96 1148/1996/96 1147/1553/96
f 1154/1555/10 1153/1565/10 1157/1556/10
f 1165/1558/1315 1154/1571/1316 1152/1559/1316
f 1166/1561/96 1152/1573/96 1151/1562/96
f 1165/1564/10 1164/1997/10 1153/1565/10
f 1156/1566/1317 1158/1998/1317 1157/1567/1318
f 1151/1562/96 1155/1574/96 1169/1569/96
f 1154/1571/1316 1158/1999/122 1156/1572/122
f 1152/1573/96 1156/2000/96 1155/1574/96
f 1143/1575/96 1144/2001/96 1162/1552/96
f 1146/1576/1319 1160/1549/1313 1162/1551/1313
f 1143/1577/1320 1161/1546/58 1159/1548/58
f 1145/1579/10 1159/1995/10 1160/1543/10
f 1149/1544/10 1164/1997/10 1165/1564/10
f 1147/1553/96 1148/1996/96 1166/1561/96
f 1150/1581/1314 1165/1558/1315 1166/1560/1315
f 1147/1582/1321 1163/1994/1310 1164/1540/1310
f 1167/1583/1322 1169/1587/1323 1170/1584/1323
f 1151/1541/1311 1167/1583/1322 1168/1585/1322
f 1153/1565/10 1168/2002/10 1170/1586/10
f 1157/1567/1318 1170/1584/1323 1169/1587/1323
f 1171/1588/7 1172/2003/7 1174/1589/7
f 1189/1591/1324 1182/2004/1325 1181/1592/1325
f 1182/1596/1328 1189/2005/1473 1192/1594/1326
f 1192/1594/1326 1296/1602/1333 1311/1595/1327
f 1178/1597/1329 1176/2006/1330 1175/1598/1330
f 1296/1602/1333 1192/1594/1326 1191/1600/1331
f 1191/1600/1331 1177/1615/1344 1300/1601/1332
f 1300/1605/1336 1177/1607/1338 1180/2007/1474
f 1180/2007/1474 1303/2008/1475 1305/1603/1334
f 1305/1603/1334 1306/2009/1476 1304/2010/1477
f 1304/2010/1477 1299/2011/1478 1301/1604/1335
f 1301/1604/1335 1302/2012/1479 1300/1605/1336
f 1300/1605/1336 1180/2007/1474 1305/1603/1334
f 1305/1603/1334 1304/2010/1477 1301/1604/1335
f 1172/1606/1337 1180/2007/1474 1177/1607/1338
f 1171/1609/1339 1179/1640/1366 1180/1610/1340
f 1173/1612/1342 1178/1597/1329 1179/1599/1329
f 1173/1614/1343 1174/2013/1480 1177/1615/1344
f 1303/1619/1348 1180/1610/1340 1186/1617/1346
f 1186/1617/1346 1185/1629/1357 1291/1618/1347
f 1304/1620/1349 1292/1752/1395 1295/1621/1350
f 1190/1623/1352 1183/1639/1352 1175/1624/1353
f 1308/1628/1356 1181/2014/1481 1182/2015/1482
f 1182/2015/1482 1311/2016/1483 1313/1626/1354
f 1313/1626/1354 1314/2017/1484 1312/2018/1485
f 1312/2018/1485 1307/2019/1486 1309/1627/1355
f 1309/1627/1355 1310/2020/1487 1308/1628/1356
f 1308/1628/1356 1182/2015/1482 1313/1626/1354
f 1313/1626/1354 1312/2018/1485 1309/1627/1355
f 1308/1631/1359 1291/1618/1347 1185/1629/1357
f 1185/1629/1357 1184/2021/1488 1181/1630/1358
f 1176/1633/1361 1178/1616/1345 1177/1615/1344
f 1177/1615/1344 1191/1600/1331 1190/1632/1360
f 1186/1617/1346 1183/1641/1367 1187/2022/1489
f 1188/1634/1362 1184/2021/1488 1185/1629/1357
f 1186/1617/1346 1187/2022/1489 1188/1634/1362
f 1192/1594/1326 1189/2005/1473 1193/2023/1490
f 1194/1635/1363 1190/1632/1360 1191/1600/1331
f 1192/1594/1326 1193/2023/1490 1194/1635/1363
f 1184/1593/1324 1188/1637/1364 1193/1636/1364
f 1188/1637/1364 1187/2024/1365 1194/1638/1365
f 1194/1638/1365 1187/2024/1365 1183/1639/1352
f 1186/1617/1346 1180/1610/1340 1179/1640/1366
f 1179/1640/1366 1175/2025/1491 1183/1641/1367
f 1198/1642/1368 1214/1673/1368 1215/1643/96
f 1206/1645/1369 1222/1674/1369 1223/1646/10
f 1199/1644/96 1215/1643/96 1216/1648/1370
f 1207/1647/10 1223/1646/10 1224/1650/1371
f 1200/1649/1370 1216/1648/1370 1217/1652/1372
f 1208/1651/1371 1224/1650/1371 1225/1654/1373
f 1201/1653/1372 1217/1652/1372 1218/1656/1374
f 1209/1655/1373 1225/1654/1373 1226/1658/1375
f 1202/1657/1374 1218/1656/1374 1219/1660/122
f 1195/1662/58 1211/2026/58 1212/1663/1376
f 1210/1659/1375 1226/1658/1375 1211/1665/58
f 1203/1661/122 1219/1660/122 1220/1667/1377
f 1196/1664/1376 1212/1663/1376 1213/1669/1378
f 1204/1668/1377 1220/1667/1377 1221/1671/1379
f 1197/1670/1378 1213/1669/1378 1214/1673/1368
f 1205/1672/1379 1221/1671/1379 1222/1674/1369
f 1213/1677/4 1212/2027/4 1211/2028/4
f 1211/2028/4 1226/2029/4 1225/2030/4
f 1225/2030/4 1224/2031/4 1223/2032/4
f 1223/2032/4 1222/2033/4 1221/1675/4
f 1221/1675/4 1220/2034/4 1219/2035/4
f 1219/2035/4 1218/2036/4 1217/1676/4
f 1217/1676/4 1216/2037/4 1215/2038/4
f 1215/2038/4 1214/2039/4 1213/1677/4
f 1213/1677/4 1211/2028/4 1225/2030/4
f 1225/2030/4 1223/2032/4 1221/1675/4
f 1221/1675/4 1219/2035/4 1217/1676/4
f 1217/1676/4 1215/2038/4 1213/1677/4
f 1213/1677/4 1225/2030/4 1221/1675/4
f 1245/1678/1380 1244/2040/1381 1228/1679/1381
f 1253/1681/1382 1252/2041/1383 1236/1682/1383
f 1230/1684/1384 1246/2042/1384 1245/1678/1380
f 1254/1685/1385 1253/1681/1382 1237/1683/1382
f 1247/1687/7 1246/2042/1384 1230/1684/1384
f 1255/1689/4 1254/1685/1385 1238/1686/1385
f 1232/1691/1386 1248/2043/1386 1247/1687/7
f 1240/1692/1387 1256/2044/1387 1255/1689/4
f 1249/1693/1388 1248/2043/1386 1232/1691/1386
f 1257/1695/1389 1256/2044/1387 1240/1692/1387
f 1234/1697/1390 1250/2045/1390 1249/1693/1388
f 1242/1698/1391 1258/2046/1391 1257/1695/1389
f 1251/1699/122 1250/2045/1390 1234/1697/1390
f 1228/1679/1381 1244/2040/1381 1243/1701/58
f 1243/1701/58 1258/2046/1391 1242/1698/1391
f 1236/1682/1383 1252/2041/1383 1251/1703/122
f 1243/1707/10 1244/2047/10 1245/2048/10
f 1245/2048/10 1246/2049/10 1247/2050/10
f 1247/2050/10 1248/2051/10 1249/2052/10
f 1249/2052/10 1250/2053/10 1251/1705/10
f 1251/1705/10 1252/2054/10 1253/2055/10
f 1253/2055/10 1254/2056/10 1255/1706/10
f 1255/1706/10 1256/2057/10 1257/2058/10
f 1257/2058/10 1258/2059/10 1243/1707/10
f 1243/1707/10 1245/2048/10 1247/2050/10
f 1247/2050/10 1249/2052/10 1251/1705/10
f 1251/1705/10 1253/2055/10 1255/1706/10
f 1255/1706/10 1257/2058/10 1243/1707/10
f 1243/1707/10 1247/2050/10 1251/1705/10
f 1229/1710/96 1228/2060/96 1227/2061/96
f 1227/2061/96 1242/2062/96 1241/2063/96
f 1241/2063/96 1240/2064/96 1239/2065/96
f 1239/2065/96 1238/2066/96 1237/1708/96
f 1237/1708/96 1236/2067/96 1235/2068/96
f 1235/2068/96 1234/2069/96 1233/1709/96
f 1233/1709/96 1232/2070/96 1231/2071/96
f 1231/2071/96 1230/2072/96 1229/1710/96
f 1229/1710/96 1227/2061/96 1241/2063/96
f 1241/2063/96 1239/2065/96 1237/1708/96
f 1237/1708/96 1235/2068/96 1233/1709/96
f 1233/1709/96 1231/2071/96 1229/1710/96
f 1229/1710/96 1241/2063/96 1237/1708/96
f 1277/1711/1378 1276/1739/1368 1260/1712/1368
f 1285/1714/1379 1284/1742/1369 1268/1715/1369
f 1262/1717/1376 1278/1721/1376 1277/1711/1378
f 1286/1718/1377 1285/1714/1379 1269/1716/1379
f 1263/1720/58 1279/2073/58 1278/1721/1376
f 1287/1722/122 1286/1718/1377 1270/1719/1377
f 1280/1724/1375 1279/2074/58 1263/1725/58
f 1288/1727/1374 1287/1722/122 1271/1723/122
f 1281/1729/1373 1280/1724/1375 1264/1726/1375
f 1289/1731/1372 1288/1727/1374 1272/1728/1374
f 1282/1733/1371 1281/1729/1373 1265/1730/1373
f 1290/1735/1370 1289/1731/1372 1273/1732/1372
f 1283/1737/10 1282/1733/1371 1266/1734/1371
f 1276/1739/1368 1275/1741/96 1259/1740/96
f 1275/1741/96 1290/1735/1370 1274/1736/1370
f 1284/1742/1369 1283/1737/10 1267/1738/10
f 1275/1745/4 1276/2075/4 1277/2076/4
f 1277/2076/4 1278/2077/4 1279/2078/4
f 1279/2078/4 1280/2079/4 1281/2080/4
f 1281/2080/4 1282/2081/4 1283/1743/4
f 1283/1743/4 1284/2082/4 1285/2083/4
f 1285/2083/4 1286/2084/4 1287/1744/4
f 1287/1744/4 1288/2085/4 1289/2086/4
f 1289/2086/4 1290/2087/4 1275/1745/4
f 1275/1745/4 1277/2076/4 1279/2078/4
f 1279/2078/4 1281/2080/4 1283/1743/4
f 1283/1743/4 1285/2083/4 1287/1744/4
f 1287/1744/4 1289/2086/4 1275/1745/4
f 1275/1745/4 1279/2078/4 1283/1743/4
f 1261/1748/7 1260/2088/7 1259/2089/7
f 1259/2089/7 1274/2090/7 1273/2091/7
f 1273/2091/7 1272/2092/7 1271/2093/7
f 1271/2093/7 1270/2094/7 1269/1746/7
f 1269/1746/7 1268/2095/7 1267/2096/7
f 1267/2096/7 1266/2097/7 1265/1747/7
f 1265/1747/7 1264/2098/7 1263/2099/7
f 1263/2099/7 1262/2100/7 1261/1748/7
f 1261/1748/7 1259/2089/7 1273/2091/7
f 1273/2091/7 1271/2093/7 1269/1746/7
f 1269/1746/7 1267/2096/7 1265/1747/7
f 1265/1747/7 1263/2099/7 1261/1748/7
f 1261/1748/7 1273/2091/7 1269/1746/7
f 1295/1621/1350 1297/1761/1404 1301/1749/1392
f 1301/1749/1392 1297/1761/1404 1298/1750/1393
f 1302/1751/1394 1298/1750/1393 1296/1602/1333
f 1292/1752/1395 1304/1620/1349 1306/1753/1396
f 1306/1753/1396 1305/1756/1399 1293/1755/1398
f 1305/1756/1399 1303/1619/1348 1291/1618/1347
f 1292/1752/1395 1294/1754/1397 1309/1757/1400
f 1294/1754/1397 1293/1755/1398 1310/1759/1402
f 1310/1759/1402 1293/1755/1398 1291/1618/1347
f 1296/1602/1333 1298/1750/1393 1313/1760/1403
f 1313/1760/1403 1298/1750/1393 1297/1761/1404
f 1314/1762/1405 1297/1761/1404 1295/1621/1350
f 1295/1621/1350 1292/1752/1395 1307/1758/1401
f 1316/1764/96 1318/1767/96 1317/1765/96
f 1318/1767/7 1322/1775/7 1321/1768/7
f 1321/1768/10 1322/1775/10 1320/1769/10
f 1320/1769/1407 1316/2101/1407 1315/1771/1408
f 1321/1768/58 1319/1770/1409 1315/1772/1408
f 1318/1774/122 1316/2102/1407 1320/1769/1407
f 1324/1776/1410 1326/1779/1410 1325/1777/1411
f 1326/1779/7 1330/1781/7 1329/1780/7
f 1330/1781/1412 1328/1783/1412 1327/1782/1413
f 1328/1783/4 1324/2103/4 1323/1784/4
f 1329/1780/1413 1327/1782/1413 1323/1785/1411
f 1326/1787/1410 1324/2104/1410 1328/1783/1412
f 1332/1788/122 1334/1791/1379 1333/1789/1379
f 1334/1791/1379 1336/1793/10 1335/1792/10
f 1336/1793/10 1338/1795/1373 1337/1794/1373
f 1338/1795/1373 1340/2105/58 1339/1796/58
f 1340/1797/58 1342/2106/1378 1341/1798/1378
f 1341/1798/1378 1342/2106/1378 1344/1800/96
f 1336/1804/4 1334/2107/4 1332/2108/4
f 1332/2108/4 1346/2109/4 1344/1802/4
f 1344/1802/4 1342/2110/4 1340/1803/4
f 1340/1803/4 1338/2111/4 1336/1804/4
f 1336/1804/4 1332/2108/4 1344/1802/4
f 1344/1800/96 1346/1806/1372 1345/1805/1372
f 1346/1806/1372 1332/1788/122 1331/1790/122
f 1345/1809/7 1331/2112/7 1333/2113/7
f 1333/2113/7 1335/2114/7 1337/1807/7
f 1337/1807/7 1339/2115/7 1341/1808/7
f 1341/1808/7 1343/2116/7 1345/1809/7
f 1345/1809/7 1333/2113/7 1337/1807/7
f 1348/1810/122 1350/1813/1379 1349/1811/1379
f 1350/1813/1379 1352/1815/10 1351/1814/10
f 1352/1815/10 1354/1817/1373 1353/1816/1373
f 1354/1817/1373 1356/2117/58 1355/1818/58
f 1356/1819/58 1358/1822/1378 1357/1820/1378
f 1358/1822/1378 1360/1827/96 1359/1823/96
f 1352/1826/4 1350/2118/4 1348/2119/4
f 1348/2119/4 1362/2120/4 1360/1824/4
f 1360/1824/4 1358/2121/4 1356/1825/4
f 1356/1825/4 1354/2122/4 1352/1826/4
f 1352/1826/4 1348/2119/4 1360/1824/4
f 1360/1827/96 1362/1829/1372 1361/1828/1372
f 1362/1829/1372 1348/1810/122 1347/1812/122
f 1361/1832/7 1347/2123/7 1349/2124/7
f 1349/2124/7 1351/2125/7 1353/1830/7
f 1353/1830/7 1355/2126/7 1357/1831/7
f 1357/1831/7 1359/2127/7 1361/1832/7
f 1361/1832/7 1349/2124/7 1353/1830/7
f 1364/1833/122 1366/1836/1379 1365/1834/1379
f 1366/1836/1379 1368/1838/10 1367/1837/10
f 1368/1838/10 1370/1840/1373 1369/1839/1373
f 1370/1840/1373 1372/2128/58 1371/1841/58
f 1372/1842/58 1374/1845/1378 1373/1843/1378
f 1374/1845/1378 1376/1850/96 1375/1846/96
f 1368/1849/4 1366/2129/4 1364/2130/4
f 1364/2130/4 1378/2131/4 1376/1847/4
f 1376/1847/4 1374/2132/4 1372/1848/4
f 1372/1848/4 1370/2133/4 1368/1849/4
f 1368/1849/4 1364/2130/4 1376/1847/4
f 1376/1850/96 1378/1852/1372 1377/1851/1372
f 1378/1852/1372 1364/1833/122 1363/1835/122
f 1377/1855/7 1363/2134/7 1365/2135/7
f 1365/2135/7 1367/2136/7 1369/1853/7
f 1369/1853/7 1371/2137/7 1373/1854/7
f 1373/1854/7 1375/2138/7 1377/1855/7
f 1377/1855/7 1365/2135/7 1369/1853/7
f 1380/1856/122 1382/1859/1379 1381/1857/1379
f 1382/1859/1379 1384/1861/10 1383/1860/10
f 1384/1861/10 1386/1863/1373 1385/1862/1373
f 1386/1863/1373 1388/2139/58 1387/1864/58
f 1388/1865/58 1390/2140/1378 1389/1866/1378
f 1389/1866/1378 1390/2140/1378 1392/1868/96
f 1384/1872/4 1382/2141/4 1380/2142/4
f 1380/2142/4 1394/2143/4 1392/1870/4
f 1392/1870/4 1390/2144/4 1388/1871/4
f 1388/1871/4 1386/2145/4 1384/1872/4
f 1384/1872/4 1380/2142/4 1392/1870/4
f 1392/1868/96 1394/1874/1372 1393/1873/1372
f 1394/1874/1372 1380/1856/122 1379/1858/122
f 1393/1877/7 1379/2146/7 1381/2147/7
f 1381/2147/7 1383/2148/7 1385/1875/7
f 1385/1875/7 1387/2149/7 1389/1876/7
f 1389/1876/7 1391/2150/7 1393/1877/7
f 1393/1877/7 1381/2147/7 1385/1875/7
f 1404/1878/1374 1401/2151/1374 1398/1879/122
f 1400/1880/10 1398/1879/10 1397/1881/10
f 1402/1883/1370 1403/1888/1370 1396/1884/96
f 1399/1882/58 1397/1881/58 1395/1886/58
f 1399/1882/7 1396/1884/7 1403/1888/7
f 1403/1888/7 1404/2152/7 1400/1880/7
f 1404/1889/1374 1403/1888/1370 1402/1883/1370
f 1395/1892/4 1397/1881/4 1398/1879/4
f 1398/1879/4 1401/2153/4 1402/1891/4
