# Blender 4.5.1 LTS
# www.blender.org
mtllib USMC Officer.mtl
o Marine_-_Standing.015
v -0.000000 1.279982 0.291507
v -0.000000 1.279982 -0.291507
v 0.291749 1.279982 -0.000000
v -0.000000 1.424075 0.225946
v -0.000000 1.424075 -0.225946
v 0.226133 1.424075 -0.000000
v -0.000000 1.451096 0.160384
v -0.000000 1.451096 -0.160384
v 0.291749 0.537000 -0.000000
v -0.000000 0.537000 -0.291507
v -0.000000 0.537000 0.291507
v 0.218811 0.537000 -0.218631
v -0.000000 0.160000 0.291507
v 0.218811 1.279982 0.218631
v 0.169599 1.424075 -0.169459
v -0.000000 1.382296 0.275117
v -0.000000 1.382296 -0.275117
v 0.275345 1.382296 -0.000000
v 0.169599 1.424075 0.169459
v -0.000000 1.436586 0.176775
v -0.000000 1.436586 -0.176775
v 0.176921 1.436586 -0.000000
v 0.218811 1.279982 -0.218631
v 0.218811 0.537000 0.218631
v 0.291749 1.027946 -0.000000
v -0.000000 1.027946 -0.291507
v -0.000000 1.027946 0.291507
v 0.218811 0.160000 -0.218631
v 0.206508 1.382296 0.206338
v 0.206508 1.382296 -0.206338
v 0.132690 1.436586 0.132581
v 0.132690 1.436586 -0.132581
v 0.218811 1.027946 -0.218631
v 0.218811 1.027946 0.218631
v 0.291749 0.198687 -0.000000
v -0.000000 0.198687 -0.291507
v -0.000000 0.198687 0.291507
v 0.218811 0.198687 -0.218631
v 0.218811 0.198687 0.218631
v 0.218811 0.284444 0.218631
v 0.291749 0.284444 -0.000000
v -0.000000 0.284444 -0.291507
v -0.000000 0.284444 0.291507
v 0.218811 0.284444 -0.218631
v 0.220609 1.659859 -0.000000
v 0.160517 1.451096 -0.000000
v 0.190563 1.483059 -0.000000
v 0.165457 1.659859 -0.165320
v 0.120387 1.451096 0.120288
v 0.120387 1.451096 -0.120288
v 0.142922 1.483059 0.142804
v 0.168028 1.466842 -0.000000
v 0.142922 1.483059 -0.142804
v 0.165457 1.659859 0.165320
v 0.213098 1.535486 -0.000000
v 0.165457 1.820204 -0.165320
v 0.126021 1.466842 -0.125917
v 0.126021 1.466842 0.125917
v 0.159823 1.535486 -0.159691
v 0.159823 1.535486 0.159691
v -0.000000 1.659859 0.220427
v -0.000000 1.659859 -0.220427
v -0.000000 1.483059 -0.190406
v -0.000000 1.483059 0.190406
v -0.000000 1.466842 -0.167890
v -0.000000 1.466842 0.167890
v -0.000000 1.535486 -0.212922
v -0.000000 1.535486 0.212922
v 0.291749 0.160000 -0.000000
v 0.218811 0.160000 0.218631
v -0.000000 0.160000 -0.291507
v -0.000000 0.160000 0.000000
v 0.165457 1.820204 0.165320
v -0.000000 1.820204 -0.198938
v 0.220609 1.820204 -0.000000
v -0.000000 1.820204 0.198938
v 0.102013 1.898445 -0.000000
v -0.000000 1.898445 -0.091992
v -0.000000 1.898445 0.091992
v 0.076510 1.898445 0.076446
v 0.076509 1.898445 -0.076447
v 0.261185 0.828158 0.287334
v 0.142975 1.375378 0.282923
v 0.173672 1.434451 0.131204
v 0.260233 1.179188 0.288302
v 0.312563 0.828136 0.162421
v 0.312036 1.060684 0.163564
v 0.089916 1.380963 0.305524
v 0.232736 1.304162 0.277550
v 0.172328 0.828159 0.338569
v 0.230534 1.338193 0.274057
v 0.236118 1.397754 0.125895
v 0.172312 1.201644 0.338547
v 0.172320 1.278280 0.327120
v 0.209772 0.828161 0.210089
v 0.127908 1.375378 0.203621
v 0.237852 1.320580 0.194943
v 0.156294 1.405430 0.122186
v 0.234411 1.178038 0.208745
v 0.254440 0.828149 0.148930
v 0.254953 1.094507 0.147815
v 0.089916 1.380963 0.226078
v 0.235895 1.295740 0.196747
v 0.157774 0.828160 0.253381
v 0.218921 1.368468 0.117406
v 0.157795 1.199436 0.253419
v 0.163681 1.325062 0.216509
v 0.158141 1.304960 0.238121
v 0.196291 1.321811 0.308545
v 0.159133 1.338772 0.314507
v 0.134406 1.329587 0.320479
v 0.126798 1.353012 0.221293
v 0.081840 1.336438 0.238807
v 0.181312 1.447577 0.139642
v 0.150616 1.388505 0.291361
v 0.238174 1.351319 0.282495
v 0.243759 1.410881 0.134332
v 0.203931 1.334938 0.316983
v 0.166774 1.351899 0.322944
v 0.092926 1.363806 0.313432
v 0.261185 0.828158 -0.255234
v 0.142975 1.375378 -0.250823
v 0.173672 1.434451 -0.131204
v 0.260233 1.179188 -0.256202
v 0.312563 0.828136 -0.183693
v 0.312036 1.060684 -0.184836
v 0.089916 1.380963 -0.273424
v 0.232736 1.304162 -0.245450
v 0.172328 0.828159 -0.306468
v 0.230534 1.338193 -0.241957
v 0.236118 1.397754 -0.125895
v 0.172312 1.201644 -0.306446
v 0.172320 1.278280 -0.295020
v 0.340143 0.828122 0.000000
v 0.173558 1.449374 0.000000
v 0.340143 1.040459 0.000000
v 0.236289 1.412528 0.000000
v 0.209772 0.828161 -0.210089
v 0.127908 1.375378 -0.203621
v 0.237852 1.320580 -0.194943
v 0.156294 1.405430 -0.122186
v 0.234411 1.178038 -0.208745
v 0.254440 0.828149 -0.148930
v 0.254953 1.094507 -0.147815
v 0.089916 1.380963 -0.226078
v 0.235895 1.295740 -0.196747
v 0.157774 0.828160 -0.253381
v 0.218921 1.368468 -0.117406
v 0.157795 1.199436 -0.253419
v 0.163681 1.325062 -0.216509
v 0.158141 1.304960 -0.238121
v 0.279311 0.828140 0.000000
v 0.155697 1.419264 0.000000
v 0.218434 1.382413 0.000000
v 0.279311 1.075119 0.000000
v 0.196291 1.321811 -0.276444
v 0.159133 1.338772 -0.282406
v 0.134406 1.329587 -0.288378
v 0.126798 1.353012 -0.221293
v 0.081840 1.336438 -0.238807
v 0.181312 1.447577 -0.139642
v 0.150616 1.388505 -0.237988
v 0.181199 1.462501 0.000000
v 0.238174 1.351319 -0.229122
v 0.243759 1.410881 -0.134332
v 0.243930 1.425655 0.000000
v 0.203931 1.334938 -0.263609
v 0.166774 1.351899 -0.269571
v 0.092926 1.363806 -0.281331
v 0.097027 0.844467 0.469702
v 0.073190 0.844467 0.342633
v 0.073190 1.163628 0.342633
v 0.239106 0.844467 0.425788
v 0.215269 0.844467 0.298719
v 0.215269 1.163628 0.298719
v 0.073190 0.967378 0.342633
v 0.215269 0.967378 0.298719
v 0.073190 0.983078 0.342633
v 0.215269 0.983078 0.298719
v 0.101838 0.975093 0.488856
v 0.095249 1.164154 0.464638
v 0.237328 1.164154 0.420725
v 0.243917 0.975093 0.444943
v 0.239106 0.967378 0.425788
v 0.097027 0.967378 0.469702
v 0.070606 0.844467 0.473302
v 0.070606 0.844467 0.342633
v 0.070606 1.163628 0.342633
v 0.070606 0.967378 0.342633
v 0.070606 0.983078 0.342633
v 0.070606 1.164154 0.467940
v 0.070606 0.975093 0.493022
v 0.070606 0.967378 0.473302
v -0.000000 0.828152 0.367435
v -0.000000 1.380963 0.342457
v -0.000000 1.242489 0.367363
v -0.000000 0.828156 0.279080
v -0.000000 1.380963 0.255595
v -0.000000 1.239160 0.279167
v -0.000000 1.332174 0.351232
v -0.000000 1.290840 0.358666
v -0.000000 1.314666 0.266616
v -0.000000 1.347815 0.261105
v -0.000000 1.367086 0.344953
v -0.000000 0.828152 -0.335334
v -0.000000 1.380963 -0.310356
v -0.000000 1.242489 -0.335262
v -0.000000 0.828156 -0.279080
v -0.000000 1.380963 -0.255595
v -0.000000 1.239160 -0.279167
v -0.000000 1.332174 -0.319131
v -0.000000 1.290840 -0.326566
v -0.000000 1.314666 -0.266616
v -0.000000 1.347815 -0.261105
v -0.000000 1.367086 -0.312852
v -0.000000 0.844467 0.342704
v -0.000000 0.844467 0.473372
v -0.000000 0.967378 0.473372
v -0.000000 0.976664 0.495743
v -0.000000 0.970064 0.487533
v -0.000000 1.163628 0.473372
v -0.000000 1.163628 0.342703
v 0.059556 1.725104 0.296395
v 0.059556 1.897992 0.251144
v 0.059556 1.728511 0.247232
v 0.059556 1.887143 0.206632
v 0.059556 1.694292 0.280124
v 0.059556 1.722079 0.246002
v 0.059556 1.684121 0.160893
v 0.059556 1.711341 0.159479
v 0.173420 1.923019 -0.082426
v 0.130782 1.891253 0.197811
v 0.188628 1.932845 0.027216
v 0.188662 1.903999 -0.168913
v 0.126296 1.985674 0.058395
v 0.126296 1.979276 -0.099702
v 0.130782 1.818144 0.235640
v 0.221474 1.857123 0.120045
v 0.247553 1.854267 0.003088
v 0.223098 1.853155 -0.078675
v 0.218921 1.795743 0.147082
v 0.245653 1.779163 0.065111
v 0.245653 1.789732 -0.000655
v 0.233614 1.788223 -0.083447
v 0.190678 1.773441 -0.239623
v 0.228581 1.722154 -0.163836
v 0.247457 1.752052 0.096842
v 0.130782 1.781409 0.244443
v 0.223755 1.669337 -0.165364
v 0.190719 1.683018 -0.249504
v 0.218425 1.765613 0.154722
v 0.247180 1.718599 0.104604
v 0.130782 1.751275 0.250756
v 0.223991 1.627501 -0.164742
v 0.244239 1.709250 0.107230
v 0.194428 1.642226 -0.259689
v 0.217696 1.737203 0.156876
v 0.153356 1.614258 -0.202764
v 0.120987 1.703338 0.183981
v 0.148108 1.845106 -0.163249
v 0.098887 1.856395 0.160030
v 0.166085 1.866652 -0.053432
v 0.084264 1.920074 -0.023174
v 0.068613 1.920074 0.075547
v 0.068613 1.920074 -0.074525
v 0.173111 1.698779 0.147178
v 0.189983 1.601488 -0.150539
v 0.207034 1.719020 0.108664
v 0.189543 1.627501 -0.151699
v 0.210712 1.719485 0.108167
v 0.172612 1.790676 0.136210
v 0.208724 1.692955 0.106061
v 0.153182 1.734700 -0.195152
v 0.189307 1.669337 -0.152322
v 0.210619 1.752052 0.096842
v 0.152913 1.673348 -0.200360
v 0.194133 1.722154 -0.150794
v 0.218336 1.788223 -0.077816
v 0.229941 1.789732 -0.000655
v 0.156235 1.648065 -0.206378
v 0.229941 1.779163 0.065111
v 0.224431 1.601488 -0.163581
v 0.186134 1.607062 -0.254466
v 0.212441 1.701724 0.155774
v 0.130782 1.713474 0.249778
v 0.245336 1.699383 0.109566
v 0.189471 1.907803 0.099124
v 0.126296 1.940681 0.139303
v 0.125715 1.689339 -0.280018
v 0.128729 1.649513 -0.282295
v 0.122832 1.776340 -0.273114
v 0.079151 1.620906 -0.214315
v 0.035414 1.920074 -0.081909
v 0.080059 1.848385 -0.177726
v 0.078922 1.679036 -0.213702
v 0.080637 1.654540 -0.218662
v 0.077641 1.768136 -0.211385
v 0.128729 1.616354 -0.278812
v 0.126296 1.933859 -0.189190
v 0.189670 1.848806 -0.223693
v 0.122832 1.858028 -0.253767
v 0.237043 1.760292 -0.152575
v 0.200017 1.843796 -0.121090
v -0.000000 1.990507 -0.106162
v -0.000000 1.884998 0.222954
v -0.000000 1.992488 0.064750
v -0.000000 1.779433 -0.290471
v -0.000000 1.814222 0.259981
v -0.000000 1.696081 -0.295391
v -0.000000 1.786614 0.268294
v -0.000000 1.657284 -0.291257
v -0.000000 1.752921 0.274472
v -0.000000 1.703338 0.207017
v -0.000000 1.627997 -0.226635
v -0.000000 1.852243 -0.194756
v -0.000000 1.852243 0.177502
v -0.000000 1.920074 -0.089784
v -0.000000 1.920074 0.090806
v -0.000000 1.770512 -0.232903
v -0.000000 1.803172 0.203441
v -0.000000 1.685104 -0.227932
v -0.000000 1.661446 -0.231764
v -0.000000 1.626263 -0.285380
v -0.000000 1.718638 0.276459
v -0.000000 1.952251 0.153150
v -0.000000 1.938985 -0.198484
v -0.000000 1.855736 -0.270796
v 0.202596 1.760292 -0.139532
v 0.086649 1.920074 0.026187
v 0.121286 1.859814 0.088876
v 0.143686 1.863233 0.017722
v 0.064655 1.854957 0.166078
v 0.099916 1.801757 0.188866
v 0.241041 1.753497 0.027273
v 0.208227 1.773290 0.035844
v 0.208227 1.728732 0.080364
v 0.208227 1.667866 0.096660
v 0.278558 1.618756 0.079519
v 0.241041 1.753497 -0.077218
v 0.248457 1.717124 -0.115464
v 0.258587 1.667436 -0.129463
v 0.258587 1.667436 0.079519
v 0.208227 1.667866 -0.146604
v 0.208227 1.728732 -0.130309
v 0.208227 1.773290 -0.085788
v 0.208227 1.607260 0.096660
v 0.208227 1.546393 0.080364
v 0.208227 1.501836 0.035844
v 0.248457 1.717124 0.065520
v 0.208227 1.501836 -0.085788
v 0.208227 1.546393 -0.130309
v 0.208227 1.607260 -0.146604
v 0.260974 1.559242 0.065520
v 0.260974 1.520963 0.027273
v 0.260974 1.520963 -0.077218
v 0.260974 1.559242 -0.115464
v 0.278558 1.618756 -0.129463
v 0.251163 1.703851 0.006020
v 0.278504 1.618969 0.037013
v 0.251163 1.703851 -0.055965
v 0.255868 1.680774 -0.078653
v 0.262147 1.649975 -0.086957
v 0.262147 1.649975 0.037013
v 0.255868 1.680774 0.028708
v 0.292804 1.591167 0.028708
v 0.287891 1.568998 0.006020
v 0.287891 1.568998 -0.055965
v 0.292804 1.591167 -0.078653
v 0.278504 1.618969 -0.086957
v 0.281494 1.758561 0.061919
v 0.281623 1.771774 -0.001746
v 0.282445 1.771479 -0.082731
v 0.275814 1.713598 -0.144565
v 0.279232 1.739873 0.082327
v 0.269218 1.662293 -0.155881
v 0.274129 1.709010 0.094427
v 0.260923 1.611911 -0.156446
v 0.273210 1.699474 0.097435
v 0.268626 1.681100 0.103645
v 0.279625 1.728141 -0.137111
v 0.259322 1.879001 0.066661
v 0.264134 1.892028 -0.001018
v 0.250518 1.888722 -0.084278
v 0.228829 1.750080 -0.233553
v 0.250817 1.841306 0.130146
v 0.221549 1.676191 -0.234209
v 0.242281 1.777138 0.160542
v 0.217917 1.621595 -0.225202
v 0.238333 1.737203 0.167747
v 0.236394 1.713103 0.170414
v 0.239891 1.836133 -0.193073
v -0.000000 1.209820 0.337689
v -0.000000 1.339529 0.306734
v -0.000000 1.220740 0.409945
v -0.000000 1.350449 0.378990
v 0.123323 1.209811 0.321074
v 0.139417 1.226068 0.315700
v 0.131499 1.211988 0.319802
v 0.137389 1.217939 0.317835
v 0.137316 1.323260 0.292601
v 0.120520 1.339520 0.290246
v 0.134937 1.331390 0.290871
v 0.128790 1.337341 0.290009
v 0.128278 1.218207 0.376405
v 0.144203 1.234135 0.368339
v 0.136370 1.220192 0.373793
v 0.142199 1.226022 0.370841
v 0.142106 1.331175 0.345275
v 0.125475 1.347916 0.345577
v 0.139749 1.339397 0.343895
v 0.133661 1.345524 0.344005
v -0.000000 0.967378 0.342704
v -0.000000 0.983078 0.342704
v -0.291749 1.279982 -0.000000
v -0.226133 1.424075 -0.000000
v -0.291749 0.537000 -0.000000
v -0.218812 0.537000 -0.218631
v -0.218812 1.279982 0.218631
v -0.169600 1.424075 -0.169459
v -0.275345 1.382296 -0.000000
v -0.169600 1.424075 0.169459
v -0.176921 1.436586 -0.000000
v -0.218812 1.279982 -0.218631
v -0.218812 0.537000 0.218631
v -0.291749 1.027946 -0.000000
v -0.218812 0.160000 -0.218631
v -0.206509 1.382296 0.206338
v -0.206509 1.382296 -0.206338
v -0.132691 1.436586 0.132581
v -0.132691 1.436586 -0.132581
v -0.218812 1.027946 -0.218631
v -0.218812 1.027946 0.218631
v -0.291749 0.198687 -0.000000
v -0.218812 0.198687 -0.218631
v -0.218812 0.198687 0.218631
v -0.218812 0.284444 0.218631
v -0.291749 0.284444 -0.000000
v -0.218812 0.284444 -0.218631
v -0.220610 1.659859 -0.000000
v -0.160517 1.451096 -0.000000
v -0.190563 1.483059 -0.000000
v -0.165457 1.659859 -0.165320
v -0.120388 1.451096 0.120288
v -0.120388 1.451096 -0.120288
v -0.142923 1.483059 0.142804
v -0.168029 1.466842 -0.000000
v -0.142922 1.483059 -0.142804
v -0.165457 1.659859 0.165320
v -0.213098 1.535486 -0.000000
v -0.165457 1.820204 -0.165320
v -0.126021 1.466842 -0.125917
v -0.126021 1.466842 0.125917
v -0.159823 1.535486 -0.159691
v -0.159824 1.535486 0.159691
v -0.291749 0.160000 -0.000000
v -0.218812 0.160000 0.218631
v -0.165457 1.820204 0.165320
v -0.220610 1.820204 -0.000000
v -0.102013 1.898445 -0.000000
v -0.076510 1.898445 0.076446
v -0.076510 1.898445 -0.076447
v -0.261185 0.828158 0.287334
v -0.142976 1.375378 0.282923
v -0.173672 1.434451 0.131204
v -0.260234 1.179188 0.288302
v -0.312564 0.828136 0.162421
v -0.312037 1.060684 0.163564
v -0.089916 1.380963 0.305524
v -0.232737 1.304162 0.277550
v -0.172329 0.828159 0.338569
v -0.230534 1.338193 0.274057
v -0.236119 1.397754 0.125895
v -0.172313 1.201644 0.338547
v -0.172320 1.278280 0.327120
v -0.209772 0.828161 0.210089
v -0.127909 1.375378 0.203621
v -0.237852 1.320580 0.194943
v -0.156294 1.405430 0.122186
v -0.234411 1.178038 0.208745
v -0.254441 0.828149 0.148930
v -0.254953 1.094507 0.147815
v -0.089916 1.380963 0.226078
v -0.235895 1.295740 0.196747
v -0.157774 0.828160 0.253381
v -0.218921 1.368468 0.117406
v -0.157796 1.199436 0.253419
v -0.163681 1.325062 0.216509
v -0.158141 1.304960 0.238121
v -0.196291 1.321811 0.308545
v -0.159133 1.338772 0.314507
v -0.134407 1.329587 0.320479
v -0.126799 1.353012 0.221293
v -0.081841 1.336438 0.238807
v -0.181313 1.447577 0.139642
v -0.150617 1.388505 0.291361
v -0.238175 1.351319 0.282495
v -0.243759 1.410881 0.134332
v -0.203932 1.334938 0.316983
v -0.166774 1.351899 0.322944
v -0.092926 1.363806 0.313432
v -0.261185 0.828158 -0.255234
v -0.142976 1.375378 -0.250823
v -0.173672 1.434451 -0.131204
v -0.260234 1.179188 -0.256202
v -0.312564 0.828136 -0.183693
v -0.312037 1.060684 -0.184836
v -0.089916 1.380963 -0.273424
v -0.232737 1.304162 -0.245450
v -0.172329 0.828159 -0.306468
v -0.230534 1.338193 -0.241957
v -0.236119 1.397754 -0.125895
v -0.172313 1.201644 -0.306446
v -0.172320 1.278280 -0.295020
v -0.340143 0.828122 0.000000
v -0.173559 1.449374 0.000000
v -0.340143 1.040459 0.000000
v -0.236289 1.412528 0.000000
v -0.209772 0.828161 -0.210089
v -0.127909 1.375378 -0.203621
v -0.237852 1.320580 -0.194943
v -0.156294 1.405430 -0.122186
v -0.234411 1.178038 -0.208745
v -0.254441 0.828149 -0.148930
v -0.254953 1.094507 -0.147815
v -0.089916 1.380963 -0.226078
v -0.235895 1.295740 -0.196747
v -0.157774 0.828160 -0.253381
v -0.218921 1.368468 -0.117406
v -0.157796 1.199436 -0.253419
v -0.163681 1.325062 -0.216509
v -0.158141 1.304960 -0.238121
v -0.279312 0.828140 0.000000
v -0.155697 1.419264 0.000000
v -0.218435 1.382413 0.000000
v -0.279312 1.075119 0.000000
v -0.196291 1.321811 -0.276444
v -0.159133 1.338772 -0.282406
v -0.134407 1.329587 -0.288378
v -0.126799 1.353012 -0.221293
v -0.081841 1.336438 -0.238807
v -0.181313 1.447577 -0.139642
v -0.150617 1.388505 -0.237988
v -0.181199 1.462501 0.000000
v -0.238175 1.351319 -0.229122
v -0.243759 1.410881 -0.134332
v -0.243930 1.425655 0.000000
v -0.203932 1.334938 -0.263609
v -0.166774 1.351899 -0.269571
v -0.092926 1.363806 -0.281331
v -0.097028 0.844467 0.469702
v -0.073190 0.844467 0.342633
v -0.073190 1.163628 0.342633
v -0.239107 0.844467 0.425788
v -0.215269 0.844467 0.298719
v -0.215269 1.163628 0.298719
v -0.073190 0.967378 0.342633
v -0.215269 0.967378 0.298719
v -0.073190 0.983078 0.342633
v -0.215269 0.983078 0.298719
v -0.101838 0.975093 0.488856
v -0.095250 1.164154 0.464638
v -0.237329 1.164154 0.420725
v -0.243917 0.975093 0.444943
v -0.239107 0.967378 0.425788
v -0.097028 0.967378 0.469702
v -0.070606 0.844467 0.473302
v -0.070606 0.844467 0.342633
v -0.070606 1.163628 0.342633
v -0.070606 0.967378 0.342633
v -0.070606 0.983078 0.342633
v -0.070606 1.164154 0.467940
v -0.070606 0.975093 0.493022
v -0.070606 0.967378 0.473302
v -0.059557 1.725104 0.296395
v -0.059557 1.897992 0.251144
v -0.059557 1.728511 0.247232
v -0.059557 1.887143 0.206632
v -0.059557 1.694292 0.280124
v -0.059557 1.722079 0.246002
v -0.059557 1.684121 0.160893
v -0.059557 1.711341 0.159479
v -0.173421 1.923019 -0.082426
v -0.130782 1.891253 0.197811
v -0.188629 1.932845 0.027216
v -0.188662 1.903999 -0.168913
v -0.126297 1.985674 0.058395
v -0.126297 1.979276 -0.099702
v -0.130782 1.818144 0.235640
v -0.221474 1.857123 0.120045
v -0.247554 1.854267 0.003088
v -0.223099 1.853155 -0.078675
v -0.218922 1.795743 0.147082
v -0.245653 1.779163 0.065111
v -0.245653 1.789732 -0.000655
v -0.233614 1.788223 -0.083447
v -0.190678 1.773441 -0.239623
v -0.228581 1.722154 -0.163836
v -0.247458 1.752052 0.096842
v -0.130782 1.781409 0.244443
v -0.223756 1.669337 -0.165364
v -0.190719 1.683018 -0.249504
v -0.218426 1.765613 0.154722
v -0.247180 1.718599 0.104604
v -0.130782 1.751275 0.250756
v -0.223992 1.627501 -0.164742
v -0.244239 1.709250 0.107230
v -0.194428 1.642226 -0.259689
v -0.217697 1.737203 0.156876
v -0.153356 1.614258 -0.202764
v -0.120988 1.703338 0.183981
v -0.148109 1.845106 -0.163249
v -0.098887 1.856395 0.160030
v -0.166086 1.866652 -0.053432
v -0.084264 1.920074 -0.023174
v -0.068614 1.920074 0.075547
v -0.068613 1.920074 -0.074525
v -0.173112 1.698779 0.147178
v -0.189984 1.601488 -0.150539
v -0.207034 1.719020 0.108664
v -0.189544 1.627501 -0.151699
v -0.210712 1.719485 0.108167
v -0.172613 1.790676 0.136210
v -0.208725 1.692955 0.106061
v -0.153182 1.734700 -0.195152
v -0.189308 1.669337 -0.152322
v -0.210619 1.752052 0.096842
v -0.152914 1.673348 -0.200360
v -0.194133 1.722154 -0.150794
v -0.218336 1.788223 -0.077816
v -0.229942 1.789732 -0.000655
v -0.156236 1.648065 -0.206378
v -0.229942 1.779163 0.065111
v -0.224432 1.601488 -0.163581
v -0.186135 1.607062 -0.254466
v -0.212441 1.701724 0.155774
v -0.130782 1.713474 0.249778
v -0.245337 1.699383 0.109566
v -0.189472 1.907803 0.099124
v -0.126297 1.940681 0.139303
v -0.125715 1.689339 -0.280018
v -0.128730 1.649513 -0.282295
v -0.122833 1.776340 -0.273114
v -0.079151 1.620906 -0.214315
v -0.035415 1.920074 -0.081909
v -0.080059 1.848385 -0.177726
v -0.078923 1.679036 -0.213702
v -0.080637 1.654540 -0.218662
v -0.077641 1.768136 -0.211385
v -0.128730 1.616354 -0.278812
v -0.126296 1.933859 -0.189190
v -0.189670 1.848806 -0.223693
v -0.122833 1.858028 -0.253767
v -0.237044 1.760292 -0.152575
v -0.200017 1.843796 -0.121090
v -0.202596 1.760292 -0.139532
v -0.086649 1.920074 0.026187
v -0.121287 1.859814 0.088876
v -0.143686 1.863233 0.017722
v -0.064656 1.854957 0.166078
v -0.099916 1.801757 0.188866
v -0.241042 1.753497 0.027273
v -0.208228 1.773290 0.035844
v -0.208228 1.728732 0.080364
v -0.208228 1.667866 0.096660
v -0.278558 1.618756 0.079519
v -0.241042 1.753497 -0.077218
v -0.248458 1.717124 -0.115464
v -0.258588 1.667436 -0.129463
v -0.258588 1.667436 0.079519
v -0.208228 1.667866 -0.146604
v -0.208228 1.728732 -0.130309
v -0.208228 1.773290 -0.085788
v -0.208228 1.607260 0.096660
v -0.208228 1.546393 0.080364
v -0.208228 1.501836 0.035844
v -0.248458 1.717124 0.065520
v -0.208227 1.501836 -0.085788
v -0.208227 1.546393 -0.130309
v -0.208228 1.607260 -0.146604
v -0.260975 1.559242 0.065520
v -0.260975 1.520963 0.027273
v -0.260975 1.520963 -0.077218
v -0.260975 1.559242 -0.115464
v -0.278558 1.618756 -0.129463
v -0.251163 1.703851 0.006020
v -0.278505 1.618969 0.037013
v -0.251163 1.703851 -0.055965
v -0.255868 1.680774 -0.078653
v -0.262147 1.649975 -0.086957
v -0.262147 1.649975 0.037013
v -0.255868 1.680774 0.028708
v -0.292805 1.591167 0.028708
v -0.287891 1.568998 0.006020
v -0.287891 1.568998 -0.055965
v -0.292805 1.591167 -0.078653
v -0.278505 1.618969 -0.086957
v -0.281494 1.758561 0.061919
v -0.281623 1.771774 -0.001746
v -0.282445 1.771479 -0.082731
v -0.275815 1.713598 -0.144565
v -0.279233 1.739873 0.082327
v -0.269218 1.662293 -0.155881
v -0.274130 1.709010 0.094427
v -0.260924 1.611911 -0.156446
v -0.273211 1.699474 0.097435
v -0.268627 1.681100 0.103645
v -0.279625 1.728141 -0.137111
v -0.259323 1.879001 0.066661
v -0.264134 1.892028 -0.001018
v -0.250518 1.888722 -0.084278
v -0.228830 1.750080 -0.233553
v -0.250818 1.841306 0.130146
v -0.221549 1.676191 -0.234209
v -0.242281 1.777138 0.160542
v -0.217917 1.621595 -0.225202
v -0.238333 1.737203 0.167747
v -0.236395 1.713103 0.170414
v -0.239891 1.836133 -0.193073
v -0.123324 1.209811 0.321074
v -0.139417 1.226068 0.315700
v -0.131499 1.211988 0.319802
v -0.137390 1.217939 0.317835
v -0.137317 1.323260 0.292601
v -0.120521 1.339520 0.290246
v -0.134938 1.331390 0.290871
v -0.128790 1.337341 0.290009
v -0.128279 1.218207 0.376405
v -0.144204 1.234135 0.368339
v -0.136371 1.220192 0.373793
v -0.142200 1.226022 0.370841
v -0.142107 1.331175 0.345275
v -0.125475 1.347916 0.345577
v -0.139749 1.339397 0.343895
v -0.133662 1.345524 0.344005
v -0.092951 0.039125 0.382925
v -0.092951 0.287449 0.382925
v -0.405168 0.039125 0.115194
v -0.405168 0.287449 0.115194
v 0.405168 0.039125 -0.115194
v 0.405168 0.287449 -0.115194
v 0.092951 0.039125 -0.382925
v 0.092951 0.287449 -0.382925
v -0.144987 0.039125 0.144987
v -0.144987 0.287449 0.144987
v 0.144987 0.039125 -0.144987
v 0.144987 0.287449 -0.144987
v 0.382925 0.039125 -0.672899
v 0.382925 0.287449 -0.672899
v 0.390731 0.039125 -0.637209
v 0.390731 0.287449 -0.637209
v -0.382925 0.039125 0.672899
v -0.382925 0.287449 0.672899
v -0.390731 0.039125 0.637209
v -0.390731 0.287449 0.637209
v 0.000000 0.123155 -0.800000
v 0.000000 0.161923 -0.768835
v 0.000000 0.142539 -0.795825
v 0.000000 0.156729 -0.784418
v 0.000000 0.161923 0.768835
v 0.000000 0.123155 0.800000
v 0.000000 0.156729 0.784418
v 0.000000 0.142539 0.795825
v 0.149992 0.161923 0.754062
v 0.156072 0.123155 0.784628
v 0.153032 0.156729 0.769345
v 0.155258 0.142539 0.780533
v 0.294220 0.161923 0.710311
v 0.306147 0.123155 0.739104
v 0.300184 0.156729 0.724707
v 0.304549 0.142539 0.735246
v 0.427142 0.161923 0.639263
v 0.444456 0.123155 0.665176
v 0.435799 0.156729 0.652219
v 0.442136 0.142539 0.661704
v 0.543648 0.161923 0.543649
v 0.565685 0.123155 0.565685
v 0.554667 0.156729 0.554667
v 0.562733 0.142539 0.562733
v 0.639263 0.161923 0.427142
v 0.665176 0.123155 0.444456
v 0.652219 0.156729 0.435799
v 0.661704 0.142539 0.442137
v 0.710311 0.161923 0.294220
v 0.739103 0.123155 0.306147
v 0.724707 0.156729 0.300184
v 0.735246 0.142539 0.304549
v 0.754062 0.161923 0.149992
v 0.784628 0.123155 0.156072
v 0.769345 0.156729 0.153032
v 0.780533 0.142539 0.155258
v 0.768835 0.161923 -0.000000
v 0.800000 0.123155 -0.000000
v 0.784417 0.156729 -0.000000
v 0.795825 0.142539 -0.000000
v 0.754062 0.161923 -0.149992
v 0.784628 0.123155 -0.156072
v 0.769345 0.156729 -0.153032
v 0.780533 0.142539 -0.155258
v 0.710311 0.161923 -0.294220
v 0.739103 0.123155 -0.306147
v 0.724707 0.156729 -0.300184
v 0.735246 0.142539 -0.304549
v 0.639263 0.161923 -0.427142
v 0.665176 0.123155 -0.444456
v 0.652219 0.156729 -0.435799
v 0.661704 0.142539 -0.442137
v 0.543648 0.161923 -0.543649
v 0.565685 0.123155 -0.565685
v 0.554667 0.156729 -0.554667
v 0.562733 0.142539 -0.562733
v 0.427142 0.161923 -0.639263
v 0.444456 0.123155 -0.665176
v 0.435799 0.156729 -0.652219
v 0.442136 0.142539 -0.661704
v 0.294220 0.161923 -0.710311
v 0.306147 0.123155 -0.739104
v 0.300184 0.156729 -0.724707
v 0.304549 0.142539 -0.735246
v 0.149992 0.161923 -0.754062
v 0.156072 0.123155 -0.784628
v 0.153032 0.156729 -0.769345
v 0.155258 0.142539 -0.780533
v 0.000000 -0.001878 -0.790430
v 0.000000 0.007646 -0.800000
v 0.000000 -0.000602 -0.795215
v 0.000000 0.002884 -0.798718
v 0.000000 0.007646 0.800000
v 0.000000 -0.001878 0.790430
v 0.000000 0.002884 0.798718
v 0.000000 -0.000602 0.795215
v 0.156072 0.007646 0.784628
v 0.154205 -0.001878 0.775242
v 0.155822 0.002884 0.783371
v 0.155139 -0.000602 0.779935
v 0.306147 0.007646 0.739104
v 0.302484 -0.001878 0.730262
v 0.305656 0.002884 0.737919
v 0.304315 -0.000602 0.734683
v 0.444456 0.007646 0.665176
v 0.439139 -0.001878 0.657218
v 0.443744 0.002884 0.664110
v 0.441798 -0.000602 0.661197
v 0.565685 0.007646 0.565685
v 0.558918 -0.001878 0.558918
v 0.564779 0.002884 0.564779
v 0.562302 -0.000602 0.562302
v 0.665176 0.007646 0.444456
v 0.657218 -0.001878 0.439139
v 0.664109 0.002884 0.443744
v 0.661197 -0.000602 0.441798
v 0.739103 0.007646 0.306147
v 0.730262 -0.001878 0.302484
v 0.737919 0.002884 0.305656
v 0.734683 -0.000602 0.304315
v 0.784628 0.007646 0.156072
v 0.775242 -0.001878 0.154205
v 0.783371 0.002884 0.155822
v 0.779935 -0.000602 0.155139
v 0.800000 0.007646 -0.000000
v 0.790429 -0.001878 -0.000000
v 0.798718 0.002884 -0.000000
v 0.795215 -0.000602 -0.000000
v 0.784628 0.007646 -0.156072
v 0.775242 -0.001878 -0.154205
v 0.783371 0.002884 -0.155822
v 0.779935 -0.000602 -0.155139
v 0.739103 0.007646 -0.306147
v 0.730262 -0.001878 -0.302484
v 0.737919 0.002884 -0.305656
v 0.734683 -0.000602 -0.304315
v 0.665176 0.007646 -0.444456
v 0.657218 -0.001878 -0.439139
v 0.664109 0.002884 -0.443744
v 0.661197 -0.000602 -0.441798
v 0.565685 0.007646 -0.565685
v 0.558918 -0.001878 -0.558918
v 0.564779 0.002884 -0.564779
v 0.562302 -0.000602 -0.562302
v 0.444456 0.007646 -0.665176
v 0.439139 -0.001878 -0.657218
v 0.443744 0.002884 -0.664110
v 0.441798 -0.000602 -0.661197
v 0.306147 0.007646 -0.739104
v 0.302484 -0.001878 -0.730262
v 0.305656 0.002884 -0.737919
v 0.304315 -0.000602 -0.734683
v 0.156072 0.007646 -0.784628
v 0.154205 -0.001878 -0.775242
v 0.155822 0.002884 -0.783371
v 0.155139 -0.000602 -0.779935
v -0.149992 0.161923 0.754062
v -0.156072 0.123155 0.784628
v -0.153032 0.156729 0.769345
v -0.155258 0.142539 0.780533
v -0.294220 0.161923 0.710311
v -0.306147 0.123155 0.739104
v -0.300184 0.156729 0.724707
v -0.304549 0.142539 0.735246
v -0.427142 0.161923 0.639263
v -0.444456 0.123155 0.665176
v -0.435799 0.156729 0.652219
v -0.442136 0.142539 0.661704
v -0.543648 0.161923 0.543649
v -0.565685 0.123155 0.565685
v -0.554667 0.156729 0.554667
v -0.562733 0.142539 0.562733
v -0.639263 0.161923 0.427142
v -0.665176 0.123155 0.444456
v -0.652219 0.156729 0.435799
v -0.661704 0.142539 0.442137
v -0.710311 0.161923 0.294220
v -0.739103 0.123155 0.306147
v -0.724707 0.156729 0.300184
v -0.735246 0.142539 0.304549
v -0.754062 0.161923 0.149992
v -0.784628 0.123155 0.156072
v -0.769345 0.156729 0.153032
v -0.780533 0.142539 0.155258
v -0.768835 0.161923 -0.000000
v -0.800000 0.123155 -0.000000
v -0.784417 0.156729 -0.000000
v -0.795825 0.142539 -0.000000
v -0.754062 0.161923 -0.149992
v -0.784628 0.123155 -0.156072
v -0.769345 0.156729 -0.153032
v -0.780533 0.142539 -0.155258
v -0.710311 0.161923 -0.294220
v -0.739103 0.123155 -0.306147
v -0.724707 0.156729 -0.300184
v -0.735246 0.142539 -0.304549
v -0.639263 0.161923 -0.427142
v -0.665176 0.123155 -0.444456
v -0.652219 0.156729 -0.435799
v -0.661704 0.142539 -0.442137
v -0.543648 0.161923 -0.543649
v -0.565685 0.123155 -0.565685
v -0.554667 0.156729 -0.554667
v -0.562733 0.142539 -0.562733
v -0.427142 0.161923 -0.639263
v -0.444456 0.123155 -0.665176
v -0.435799 0.156729 -0.652219
v -0.442136 0.142539 -0.661704
v -0.294220 0.161923 -0.710311
v -0.306147 0.123155 -0.739104
v -0.300184 0.156729 -0.724707
v -0.304549 0.142539 -0.735246
v -0.149992 0.161923 -0.754062
v -0.156072 0.123155 -0.784628
v -0.153032 0.156729 -0.769345
v -0.155258 0.142539 -0.780533
v -0.156072 0.007646 0.784628
v -0.154205 -0.001878 0.775242
v -0.155822 0.002884 0.783371
v -0.155139 -0.000602 0.779935
v -0.306147 0.007646 0.739104
v -0.302484 -0.001878 0.730262
v -0.305656 0.002884 0.737919
v -0.304315 -0.000602 0.734683
v -0.444456 0.007646 0.665176
v -0.439139 -0.001878 0.657218
v -0.443744 0.002884 0.664110
v -0.441798 -0.000602 0.661197
v -0.565685 0.007646 0.565685
v -0.558918 -0.001878 0.558918
v -0.564779 0.002884 0.564779
v -0.562302 -0.000602 0.562302
v -0.665176 0.007646 0.444456
v -0.657218 -0.001878 0.439139
v -0.664109 0.002884 0.443744
v -0.661197 -0.000602 0.441798
v -0.739103 0.007646 0.306147
v -0.730262 -0.001878 0.302484
v -0.737919 0.002884 0.305656
v -0.734683 -0.000602 0.304315
v -0.784628 0.007646 0.156072
v -0.775242 -0.001878 0.154205
v -0.783371 0.002884 0.155822
v -0.779935 -0.000602 0.155139
v -0.800000 0.007646 -0.000000
v -0.790429 -0.001878 -0.000000
v -0.798718 0.002884 -0.000000
v -0.795215 -0.000602 -0.000000
v -0.784628 0.007646 -0.156072
v -0.775242 -0.001878 -0.154205
v -0.783371 0.002884 -0.155822
v -0.779935 -0.000602 -0.155139
v -0.739103 0.007646 -0.306147
v -0.730262 -0.001878 -0.302484
v -0.737919 0.002884 -0.305656
v -0.734683 -0.000602 -0.304315
v -0.665176 0.007646 -0.444456
v -0.657218 -0.001878 -0.439139
v -0.664109 0.002884 -0.443744
v -0.661197 -0.000602 -0.441798
v -0.565685 0.007646 -0.565685
v -0.558918 -0.001878 -0.558918
v -0.564779 0.002884 -0.564779
v -0.562302 -0.000602 -0.562302
v -0.444456 0.007646 -0.665176
v -0.439139 -0.001878 -0.657218
v -0.443744 0.002884 -0.664110
v -0.441798 -0.000602 -0.661197
v -0.306147 0.007646 -0.739104
v -0.302484 -0.001878 -0.730262
v -0.305656 0.002884 -0.737919
v -0.304315 -0.000602 -0.734683
v -0.156072 0.007646 -0.784628
v -0.154205 -0.001878 -0.775242
v -0.155822 0.002884 -0.783371
v -0.155139 -0.000602 -0.779935
v -0.357684 0.796733 -0.293755
v -0.357684 0.755480 -0.075653
v -0.355733 0.943704 -0.269344
v -0.355733 0.904464 -0.046086
v -0.267343 0.796733 -0.293755
v -0.267343 0.755480 -0.075653
v -0.269294 0.943704 -0.269344
v -0.269294 0.904464 -0.046086
v -0.364977 0.731605 0.095766
v -0.364977 0.904464 0.095766
v -0.260049 0.731605 0.095766
v -0.260049 0.904464 0.095766
v -0.338638 0.344106 -0.066819
v -0.286389 0.344106 -0.066819
v -0.357078 0.344106 0.086932
v -0.267948 0.344106 0.086932
v -0.376037 0.928150 -0.035186
v -0.248990 0.928150 -0.035186
v -0.364977 0.928150 0.084866
v -0.260049 0.928150 0.084866
v -0.260049 0.640962 0.095766
v -0.281819 0.640962 -0.075653
v -0.364977 0.640962 0.095766
v -0.343208 0.640962 -0.075653
v -0.357684 0.778473 -0.183812
v -0.355733 0.919217 -0.121915
v -0.269294 0.919217 -0.121915
v -0.267343 0.778473 -0.183812
v -0.367381 0.904464 -0.016053
v -0.268204 0.344106 -0.016053
v -0.356822 0.344106 -0.016053
v -0.367381 0.928150 -0.016053
v -0.257646 0.928150 -0.016053
v -0.257646 0.904464 -0.016053
v -0.367381 0.640962 -0.016053
v -0.367381 0.731605 -0.016053
v -0.257646 0.640962 -0.016053
v -0.257646 0.731605 -0.016053
v -0.248990 0.904464 -0.002827
v -0.248990 0.904464 -0.029279
v -0.248990 0.731605 -0.029279
v -0.248990 0.731605 -0.002827
v -0.376037 0.731605 -0.002827
v -0.376037 0.731605 -0.029279
v -0.376037 0.904464 -0.029279
v -0.376037 0.904464 -0.002827
v -0.259676 0.344106 -0.029084
v -0.258124 0.344106 -0.000650
v -0.365351 0.344106 -0.029084
v -0.366903 0.344106 -0.000650
v -0.248990 0.928150 -0.029279
v -0.248990 0.928150 -0.002827
v -0.376037 0.928150 -0.029279
v -0.376037 0.928150 -0.002827
v -0.376037 0.640962 -0.029279
v -0.376037 0.640962 -0.002827
v -0.248990 0.640962 -0.002827
v -0.248990 0.640962 -0.029279
v -0.390473 0.870219 -0.281549
v -0.390473 0.829972 -0.075555
v -0.234554 0.870219 -0.281549
v -0.234554 0.829972 -0.075555
v -0.364977 0.818035 0.095766
v -0.260049 0.818035 0.095766
v -0.367381 0.818034 -0.016053
v -0.234554 0.848845 -0.152864
v -0.390473 0.848845 -0.152864
v -0.257646 0.818035 -0.016053
v -0.376037 0.818035 -0.002827
v -0.376037 0.818034 -0.029279
v -0.248990 0.818034 -0.002827
v -0.248990 0.818035 -0.029279
v -0.312513 0.943704 -0.269344
v -0.312513 0.904464 -0.046086
v -0.312513 0.796733 -0.293755
v -0.312513 0.755480 -0.075653
v -0.312513 0.904464 0.095766
v -0.312513 0.731605 0.095766
v -0.312513 0.344106 -0.066819
v -0.312513 0.344106 0.086932
v -0.312513 0.928150 -0.035186
v -0.312513 0.928150 0.084866
v -0.312513 0.640962 -0.075653
v -0.312513 0.640962 0.095766
v -0.312513 0.778473 -0.183812
v -0.312513 0.919217 -0.121915
v -0.312513 0.344106 -0.016053
v -0.312513 0.928150 -0.016053
v -0.312513 0.928150 -0.002827
v -0.312513 0.928150 -0.029279
v -0.312513 0.344106 -0.002827
v -0.312513 0.344106 -0.029279
v -0.312513 0.818035 0.095766
v -0.312513 0.870219 -0.281549
v -0.312513 0.344106 -0.075653
v -0.343208 0.344106 -0.075653
v -0.312513 0.344106 0.095766
v -0.364977 0.344106 0.095766
v -0.248990 0.344106 -0.029279
v -0.257646 0.344106 -0.016053
v -0.376037 0.344106 -0.029279
v -0.367381 0.344106 -0.016053
v -0.376037 0.344106 -0.002827
v -0.248990 0.344106 -0.002827
v -0.281819 0.344106 -0.075653
v -0.260049 0.344106 0.095766
v -0.312514 0.351574 0.085696
v -0.328937 0.351574 0.082429
v -0.342861 0.351574 0.073126
v -0.352164 0.351574 0.059202
v -0.355431 0.351574 0.042778
v -0.352164 0.351574 0.026354
v -0.342861 0.351574 0.012431
v -0.328937 0.351574 0.003128
v -0.312514 0.351574 -0.000139
v -0.296090 0.351574 0.003128
v -0.282166 0.351574 0.012431
v -0.272863 0.351574 0.026354
v -0.269596 0.351574 0.042778
v -0.272863 0.351574 0.059202
v -0.282166 0.351574 0.073126
v -0.296090 0.351574 0.082429
v -0.328937 0.309927 0.082429
v -0.312514 0.309927 0.085696
v -0.342861 0.309927 0.073126
v -0.352164 0.309927 0.059202
v -0.355431 0.309927 0.042778
v -0.352164 0.309927 0.026354
v -0.342861 0.309927 0.012431
v -0.328937 0.309927 0.003128
v -0.312514 0.309927 -0.000139
v -0.296090 0.309927 0.003128
v -0.282166 0.309927 0.012431
v -0.272863 0.309927 0.026354
v -0.269596 0.309927 0.042778
v -0.272863 0.309927 0.059202
v -0.282166 0.309927 0.073126
v -0.296090 0.309927 0.082429
v 0.292322 0.735565 0.425130
v 0.256596 1.181952 0.376670
v 0.187290 0.720059 0.359729
v 0.129866 1.259836 0.323973
v 0.383661 0.735565 0.278443
v 0.324410 1.181952 0.267763
v 0.278629 0.720059 0.213042
v 0.221205 1.259836 0.177286
v 0.279810 0.853178 0.417339
v 0.278156 1.006677 0.383601
v 0.161379 0.963620 0.343595
v 0.174778 0.837672 0.351938
v 0.252718 0.963620 0.196908
v 0.266117 0.837672 0.205251
v 0.340142 1.006677 0.284054
v 0.371148 0.853178 0.270652
v 0.281027 0.884665 0.407919
v 0.279321 0.916152 0.403193
v 0.274327 0.947639 0.403747
v 0.169296 0.932133 0.338346
v 0.174289 0.900646 0.337792
v 0.175995 0.869159 0.342518
v 0.251501 0.932133 0.206328
v 0.253206 0.900646 0.211054
v 0.258200 0.869159 0.210500
v 0.356532 0.947639 0.271729
v 0.358238 0.916152 0.276455
v 0.363232 0.884665 0.275901
v 0.268262 1.099684 0.377439
v 0.145623 1.111728 0.333784
v 0.236962 1.111728 0.187097
v 0.330248 1.099684 0.277893
v 0.328628 1.142299 0.270390
v 0.357750 0.979126 0.262309
v 0.266411 0.979126 0.408996
v 0.260814 1.142299 0.379296
v 0.287217 1.093331 0.251099
v 0.297111 1.000324 0.257260
v 0.235126 1.000324 0.356806
v 0.225231 1.093331 0.350645
v 0.250654 1.127234 0.399185
v 0.234898 1.275342 0.389374
v 0.326237 1.275342 0.242687
v 0.341993 1.127234 0.252498
v 0.245355 1.140017 0.369670
v 0.241136 1.179670 0.367043
v 0.308950 1.179670 0.258137
v 0.313168 1.140017 0.260764
v 0.190371 1.256290 0.305554
v 0.187189 1.256508 0.313954
v 0.187445 1.257129 0.322913
v 0.191099 1.258058 0.331069
v 0.197595 1.259153 0.337178
v 0.205944 1.260249 0.340312
v 0.214875 1.261178 0.339993
v 0.223028 1.261799 0.336269
v 0.229162 1.262017 0.329708
v 0.232344 1.261799 0.321309
v 0.232088 1.261178 0.312349
v 0.228434 1.260249 0.304193
v 0.221938 1.259153 0.298084
v 0.213589 1.258058 0.294950
v 0.204658 1.257129 0.295269
v 0.196505 1.256508 0.298993
v 0.182923 1.326296 0.300916
v 0.179742 1.326514 0.309316
v 0.179997 1.327135 0.318276
v 0.183651 1.328064 0.326431
v 0.190147 1.329160 0.332541
v 0.198496 1.330256 0.335675
v 0.207427 1.331185 0.335356
v 0.215580 1.331805 0.331632
v 0.221715 1.332023 0.325071
v 0.224896 1.331805 0.316671
v 0.224640 1.331185 0.307712
v 0.220987 1.330256 0.299556
v 0.214491 1.329160 0.293446
v 0.206142 1.328064 0.290313
v 0.197211 1.327135 0.290632
v 0.189058 1.326514 0.294355
v 0.205801 1.251392 0.215887
v 0.197833 1.251938 0.236923
v 0.198473 1.253492 0.259361
v 0.207624 1.255819 0.279785
v 0.223892 1.258563 0.295086
v 0.244801 1.261307 0.302934
v 0.267167 1.263634 0.302135
v 0.287585 1.265188 0.292810
v 0.302948 1.265734 0.276378
v 0.310916 1.265188 0.255342
v 0.310275 1.263634 0.232904
v 0.294202 1.261307 0.223597
v 0.275614 1.258563 0.212023
v 0.257025 1.255819 0.200448
v 0.241582 1.253492 0.190130
v 0.221163 1.251938 0.199455
v 0.080809 2.473641 0.138057
v 0.073654 2.474131 0.156946
v 0.074229 2.475527 0.177094
v 0.082446 2.477616 0.195434
v 0.097054 2.480080 0.209173
v 0.115828 2.482544 0.216220
v 0.135912 2.484633 0.215502
v 0.154246 2.486029 0.207129
v 0.168041 2.486519 0.192375
v 0.175195 2.486029 0.173486
v 0.174620 2.484633 0.153338
v 0.166404 2.482544 0.134998
v 0.151796 2.480080 0.121259
v 0.133021 2.477616 0.114211
v 0.112938 2.475527 0.114929
v 0.094603 2.474131 0.123303
v 0.239454 1.273710 0.188886
v 0.219069 1.272158 0.198195
v 0.285380 1.285386 0.291392
v 0.300716 1.285931 0.274989
v 0.203733 1.271613 0.214599
v 0.195779 1.272158 0.235600
v 0.308670 1.285386 0.253988
v 0.196418 1.273710 0.258000
v 0.308031 1.283834 0.231588
v 0.205553 1.276032 0.278390
v 0.298896 1.281511 0.211198
v 0.221794 1.278772 0.293665
v 0.282655 1.278772 0.195923
v 0.242667 1.281511 0.301500
v 0.261782 1.276032 0.188088
v 0.264995 1.283834 0.300702
v -0.066813 1.348139 1.246067
v -0.082705 1.346167 1.248515
v -0.096642 1.338191 1.250660
v -0.106501 1.325426 1.252176
v -0.110782 1.309816 1.252833
v -0.108833 1.293736 1.252530
v -0.100950 1.279636 1.251313
v -0.088334 1.269661 1.249368
v -0.072906 1.265330 1.246991
v -0.057014 1.267302 1.244544
v -0.043078 1.275278 1.242398
v -0.033219 1.288043 1.240882
v -0.028938 1.303653 1.240225
v -0.030887 1.319733 1.240528
v -0.038769 1.333833 1.241745
v -0.051385 1.343808 1.243690
v -0.230903 1.355622 0.177233
v -0.249595 1.353302 0.180112
v -0.265987 1.343921 0.182635
v -0.277583 1.328907 0.184419
v -0.282618 1.310547 0.185191
v -0.280326 1.291634 0.184834
v -0.271054 1.275049 0.183403
v -0.256216 1.263316 0.181116
v -0.238069 1.258222 0.178320
v -0.219377 1.260543 0.175441
v -0.202985 1.269924 0.172917
v -0.191389 1.284937 0.171134
v -0.186354 1.303298 0.170361
v -0.188646 1.322211 0.170718
v -0.197918 1.338796 0.172149
v -0.212756 1.350528 0.174437
v -0.259532 1.389564 0.194123
v -0.226224 1.393699 0.188993
v -0.288741 1.372848 0.198619
v -0.309404 1.346095 0.201797
v -0.318376 1.313378 0.203173
v -0.314291 1.279678 0.202538
v -0.297770 1.250125 0.199988
v -0.271330 1.229219 0.195912
v -0.238994 1.220142 0.190929
v -0.205686 1.224276 0.185800
v -0.176478 1.240992 0.181303
v -0.155814 1.267745 0.178125
v -0.146842 1.300462 0.176749
v -0.150928 1.334163 0.177384
v -0.167448 1.363716 0.179934
v -0.193889 1.384622 0.184010
v -0.256271 1.355651 0.012543
v -0.274963 1.353331 0.015422
v -0.291355 1.343950 0.017945
v -0.302951 1.328936 0.019728
v -0.307986 1.310576 0.020501
v -0.305694 1.291663 0.020144
v -0.296423 1.275078 0.018713
v -0.281584 1.263345 0.016426
v -0.263437 1.258251 0.013629
v -0.244745 1.260571 0.010751
v -0.228353 1.269953 0.008227
v -0.216757 1.284966 0.006444
v -0.211722 1.303327 0.005671
v -0.214014 1.322240 0.006028
v -0.223286 1.338825 0.007459
v -0.238124 1.350557 0.009747
v -0.207582 1.238040 0.784820
v -0.193090 1.435007 0.782622
v -0.289282 1.238134 0.254426
v -0.274789 1.435100 0.252229
v -0.088243 1.229055 0.766436
v -0.073750 1.426021 0.764238
v -0.169942 1.229148 0.236042
v -0.155450 1.426114 0.233845
v -0.214980 1.137499 0.785942
v -0.281117 1.137574 0.356577
v -0.095640 1.128513 0.767558
v -0.161778 1.128588 0.338192
v -0.265389 1.238106 0.409541
v -0.250896 1.435073 0.407343
v -0.146049 1.229121 0.391157
v -0.131557 1.426087 0.388959
v -0.272786 1.137565 0.410663
v -0.153447 1.128579 0.392279
v -0.245906 1.238084 0.536024
v -0.112074 1.426065 0.515442
v -0.253303 1.137542 0.537146
v -0.231413 1.435050 0.533826
v -0.126566 1.229098 0.517640
v -0.133964 1.128557 0.518762
v -0.225871 0.989479 0.787594
v -0.106531 0.980493 0.769209
v -0.264194 0.989523 0.538797
v -0.144855 0.980537 0.520413
v -0.229920 0.827652 0.840405
v -0.110580 0.818667 0.822021
v -0.272414 0.729612 0.612479
v -0.153074 0.720626 0.594095
v -0.110107 0.911004 0.779963
v -0.151061 0.847541 0.545133
v -0.270400 0.856527 0.563518
v -0.229446 0.919990 0.798347
v -0.316597 0.956120 0.153027
v -0.215792 0.948530 0.137499
v -0.302950 0.918153 0.259803
v -0.202256 0.910571 0.244291
v -0.295251 1.238141 0.215676
v -0.280758 1.435107 0.213478
v -0.175911 1.229155 0.197292
v -0.161419 1.426121 0.195094
v -0.282201 1.210415 0.248365
v -0.273266 1.123600 0.330793
v -0.182487 1.202907 0.233004
v -0.178941 1.116498 0.316263
v -0.319892 1.245151 0.052292
v -0.310537 1.372297 0.050873
v -0.200552 1.236166 0.033908
v -0.191197 1.363311 0.032489
v -0.354230 1.167218 -0.132518
v -0.339138 1.372330 -0.134807
v -0.234890 1.158232 -0.150902
v -0.219799 1.363344 -0.153191
v -0.119834 1.555138 0.800713
v -0.145682 1.551929 0.804694
v -0.168350 1.538957 0.808183
v -0.184386 1.518195 0.810649
v -0.191348 1.492804 0.811718
v -0.188178 1.466651 0.811225
v -0.175357 1.443716 0.809246
v -0.154838 1.427492 0.806082
v -0.129744 1.420448 0.802215
v -0.103895 1.423656 0.798234
v -0.081227 1.436629 0.794745
v -0.065192 1.457391 0.792279
v -0.058229 1.482781 0.791211
v -0.061399 1.508934 0.791703
v -0.074220 1.531869 0.793682
v -0.094739 1.548093 0.796846
v -0.199452 1.569711 0.276753
v -0.230858 1.565812 0.281590
v -0.258400 1.550050 0.285829
v -0.277884 1.524824 0.288826
v -0.286344 1.493974 0.290124
v -0.282492 1.462197 0.289525
v -0.266915 1.434331 0.287121
v -0.241983 1.414618 0.283277
v -0.211493 1.406059 0.278579
v -0.180086 1.409957 0.273742
v -0.152544 1.425719 0.269502
v -0.133060 1.450945 0.266505
v -0.124600 1.481795 0.265207
v -0.128452 1.513572 0.265806
v -0.144030 1.541438 0.268211
v -0.168962 1.561152 0.272055
v -0.091298 1.372542 1.249843
v -0.064776 1.375834 1.245758
v -0.114556 1.359231 1.253423
v -0.131009 1.337929 1.255954
v -0.138154 1.311877 1.257050
v -0.134901 1.285042 1.256544
v -0.121746 1.261510 1.254513
v -0.100692 1.244863 1.251267
v -0.074944 1.237635 1.247300
v -0.048422 1.240927 1.243215
v -0.025164 1.254238 1.239635
v -0.008710 1.275540 1.237104
v -0.001566 1.301592 1.236009
v -0.004819 1.328427 1.236514
v -0.017974 1.351959 1.238545
v -0.039028 1.368606 1.241791
v -0.006397 1.301598 1.204645
v -0.013541 1.275546 1.205740
v -0.139732 1.285048 1.225180
v -0.142985 1.311882 1.225686
v -0.009650 1.328432 1.205150
v -0.126577 1.261515 1.223150
v -0.022805 1.351965 1.207181
v -0.105523 1.244868 1.219904
v -0.043859 1.368612 1.210427
v -0.079775 1.237641 1.215936
v -0.096129 1.372548 1.218479
v -0.069607 1.375839 1.214394
v -0.053253 1.240933 1.211851
v -0.119387 1.359237 1.222059
v -0.029995 1.254243 1.208271
v -0.135841 1.337934 1.224590
v -0.125534 1.555144 0.763705
v -0.151383 1.551936 0.767686
v -0.100440 1.548100 0.759838
v -0.135444 1.420454 0.765208
v -0.109596 1.423663 0.761227
v -0.174050 1.538963 0.771175
v -0.086928 1.436635 0.757737
v -0.190086 1.518201 0.773642
v -0.070892 1.457397 0.755271
v -0.197049 1.492811 0.774710
v -0.063929 1.482787 0.754203
v -0.193879 1.466658 0.774217
v -0.067100 1.508941 0.754696
v -0.181058 1.443723 0.772238
v -0.079920 1.531875 0.756675
v -0.160538 1.427498 0.769074
v -0.192509 1.569703 0.321826
v -0.162019 1.561144 0.317128
v -0.204550 1.406051 0.323652
v -0.223915 1.565804 0.326663
v -0.173143 1.409949 0.318815
v -0.251457 1.550042 0.330903
v -0.145601 1.425711 0.314576
v -0.270941 1.524816 0.333900
v -0.126117 1.450938 0.311579
v -0.279401 1.493966 0.335198
v -0.117657 1.481787 0.310281
v -0.275549 1.462189 0.334599
v -0.121509 1.513564 0.310880
v -0.259972 1.434323 0.332194
v -0.137087 1.541431 0.313285
v -0.235040 1.414610 0.328350
v -0.091902 1.088032 0.777780
v -0.221367 1.097780 0.797724
v -0.262942 1.097827 0.527819
v -0.133477 1.088079 0.507875
v -0.219191 1.080269 0.786581
v -0.216347 1.118918 0.786149
v -0.097007 1.109932 0.767765
v -0.099851 1.071283 0.768196
v -0.135331 1.109976 0.518969
v -0.138174 1.071327 0.519400
v -0.257514 1.080313 0.537784
v -0.254670 1.118962 0.537353
v -0.194078 1.551984 0.490505
v -0.152291 1.423711 0.484046
v -0.216746 1.539012 0.493995
v -0.129624 1.436684 0.480557
v -0.232782 1.518250 0.496461
v -0.113588 1.457446 0.478090
v -0.239745 1.492860 0.497529
v -0.106625 1.482836 0.477022
v -0.236574 1.466706 0.497036
v -0.109795 1.508989 0.477515
v -0.223754 1.443772 0.495057
v -0.122616 1.531924 0.479494
v -0.203234 1.427547 0.491894
v -0.168230 1.555193 0.486524
v -0.143136 1.548149 0.482658
v -0.178140 1.420503 0.488027
v -0.168699 1.569676 0.476397
v -0.138209 1.561117 0.471699
v -0.180740 1.406024 0.478223
v -0.200106 1.565777 0.481234
v -0.149334 1.409922 0.473386
v -0.227648 1.550015 0.485474
v -0.121792 1.425684 0.469146
v -0.247132 1.524789 0.488471
v -0.102308 1.450910 0.466150
v -0.255592 1.493939 0.489768
v -0.093848 1.481760 0.464852
v -0.251740 1.462162 0.489169
v -0.097700 1.513537 0.465451
v -0.236162 1.434296 0.486765
v -0.113278 1.541403 0.467855
v -0.211230 1.414583 0.482921
v -0.186106 1.551975 0.542265
v -0.144319 1.423702 0.535806
v -0.208773 1.539003 0.545754
v -0.121651 1.436675 0.532316
v -0.224809 1.518241 0.548221
v -0.105615 1.457437 0.529850
v -0.231772 1.492850 0.549289
v -0.098652 1.482827 0.528782
v -0.228602 1.466697 0.548796
v -0.101823 1.508980 0.529275
v -0.215781 1.443762 0.546817
v -0.114643 1.531915 0.531254
v -0.195261 1.427538 0.543653
v -0.160257 1.555184 0.538284
v -0.135163 1.548139 0.534417
v -0.170167 1.420494 0.539787
v -0.070315 1.301671 0.789689
v -0.203650 1.285121 0.810224
v -0.073568 1.328505 0.790195
v -0.190495 1.261588 0.808194
v -0.086723 1.352038 0.792225
v -0.169441 1.244941 0.804948
v -0.107777 1.368685 0.795471
v -0.143693 1.237713 0.800981
v -0.160047 1.372620 0.803523
v -0.117171 1.241006 0.796896
v -0.183305 1.359310 0.807104
v -0.093913 1.254316 0.793316
v -0.199759 1.338007 0.809634
v -0.077459 1.275619 0.790785
v -0.206903 1.311955 0.810730
v -0.133525 1.375912 0.799439
v -0.057246 1.300360 0.758410
v -0.224694 1.279576 0.784199
v -0.061331 1.334060 0.759045
v -0.208174 1.250023 0.781649
v -0.077851 1.363613 0.761595
v -0.181733 1.229116 0.777573
v -0.104292 1.384519 0.765671
v -0.149397 1.220039 0.772590
v -0.169935 1.389462 0.775784
v -0.116090 1.224174 0.767460
v -0.199144 1.372746 0.780280
v -0.086881 1.240890 0.762964
v -0.219807 1.345993 0.783458
v -0.066218 1.267643 0.759786
v -0.228779 1.313276 0.784834
v -0.136627 1.393596 0.770654
vn -0.0000 0.0781 0.9969
vn 0.6250 0.4673 0.6253
vn -0.0000 0.4628 0.8864
vn -0.0000 -0.0000 1.0000
vn 0.7046 0.0821 0.7049
vn 0.7046 0.0821 -0.7049
vn -0.0000 -0.0000 -1.0000
vn -0.0000 0.0781 -0.9969
vn 0.6250 0.4673 -0.6253
vn 1.0000 -0.0000 -0.0000
vn 0.9969 0.0782 -0.0000
vn 0.8864 0.4630 -0.0000
vn -0.0000 0.8696 0.4937
vn 0.2772 0.9199 0.2774
vn -0.0000 0.9035 0.4287
vn 0.3452 0.8727 0.3455
vn 0.3452 0.8727 -0.3455
vn -0.0000 0.4628 -0.8864
vn -0.0000 0.8696 -0.4937
vn 0.2772 0.9199 -0.2774
vn 0.4935 0.8698 -0.0000
vn 0.4284 0.9036 -0.0000
vn 0.6845 0.2492 0.6851
vn -0.0000 0.2279 0.9737
vn 0.6845 0.2493 -0.6851
vn -0.0000 0.9035 -0.4287
vn -0.0000 0.2279 -0.9737
vn 0.9737 0.2280 -0.0000
vn 0.7069 -0.0000 0.7073
vn 0.7664 -0.6423 -0.0000
vn 0.7069 -0.0000 -0.7073
vn 0.5553 -0.6189 -0.5555
vn -0.0000 -0.6424 -0.7664
vn 0.5553 -0.6189 0.5555
vn 0.9996 -0.0300 -0.0000
vn 0.6877 -0.2319 -0.6880
vn 0.6958 -0.0144 -0.7181
vn 0.8990 0.4380 -0.0000
vn 0.6958 -0.0144 0.7181
vn 0.6877 -0.2319 0.6880
vn 0.9747 -0.2236 -0.0000
vn -0.0000 0.0358 0.9994
vn -0.0000 0.4630 0.8864
vn -0.0000 0.4630 -0.8864
vn -0.0000 0.0358 -0.9994
vn -0.0000 -0.2234 -0.9747
vn -0.0000 -0.6668 -0.7453
vn -0.0000 -0.6668 0.7453
vn 0.7450 -0.6671 -0.0000
vn 0.5607 -0.6091 -0.5610
vn -0.0000 -0.6006 -0.7995
vn 0.5059 -0.6985 -0.5062
vn -0.0000 -0.6006 0.7995
vn 0.5059 -0.6985 0.5062
vn 0.5607 -0.6091 0.5610
vn -0.0000 -0.2234 0.9747
vn 0.7994 -0.6008 -0.0000
vn -0.0000 -1.0000 -0.0000
vn 0.2282 0.9347 -0.2726
vn 0.6010 0.4294 -0.6741
vn 0.3395 0.9406 -0.0000
vn -0.0000 0.9384 -0.3455
vn -0.0000 0.9384 0.3455
vn 0.2282 0.9347 0.2726
vn 0.6010 0.4294 0.6741
vn 0.6291 0.0530 0.7755
vn 0.3650 0.1745 0.9145
vn 0.3465 0.0677 0.9356
vn -0.4592 -0.6158 -0.6403
vn -0.4043 -0.5055 -0.7622
vn -0.3863 -0.4644 -0.7969
vn 0.3374 -0.0004 0.9414
vn 0.9535 0.0013 0.3015
vn 0.7528 -0.0002 0.6583
vn 0.9613 0.0004 0.2756
vn 0.9999 0.0009 0.0103
vn 1.0000 -0.0000 0.0096
vn -0.0000 0.0001 1.0000
vn -0.0000 0.0968 0.9953
vn -0.8952 0.3248 0.3054
vn -0.5384 -0.2110 0.8158
vn -0.8953 0.3258 0.3038
vn -0.8733 0.4857 0.0370
vn -0.8654 0.5010 -0.0000
vn -0.8643 0.5030 -0.0000
vn -0.3420 -0.0587 -0.9379
vn -0.4130 -0.1379 -0.9002
vn -0.6075 -0.0164 -0.7941
vn 0.2468 -0.8959 -0.3693
vn -0.5020 -0.8165 -0.2852
vn -0.4029 0.0184 -0.9151
vn -0.7379 0.0264 -0.6744
vn -0.9444 0.0362 -0.3269
vn -0.9217 -0.0003 -0.3880
vn -1.0000 0.0008 -0.0000
vn -1.0000 -0.0000 -0.0000
vn -0.3788 -0.4344 -0.8171
vn -0.0000 0.0001 -1.0000
vn 0.2600 -0.9656 -0.0000
vn -0.0000 -0.0897 -0.9960
vn -0.3644 -0.3440 -0.8654
vn -0.0002 -1.0000 -0.0000
vn -0.0001 -1.0000 -0.0000
vn 0.9984 0.0551 -0.0124
vn 0.9997 -0.0026 0.0239
vn 0.9867 -0.1611 -0.0238
vn -0.0768 0.9967 0.0259
vn 0.0763 0.9970 -0.0100
vn 0.0392 0.9992 -0.0000
vn 0.8982 -0.4197 -0.1308
vn -0.8386 0.5446 0.0122
vn -0.4907 0.8687 0.0679
vn 0.8632 -0.5049 -0.0000
vn -0.8611 0.5084 -0.0000
vn -0.8546 0.5190 -0.0198
vn 0.5826 0.7791 -0.2314
vn 0.8694 0.4065 -0.2810
vn 0.8873 0.3559 -0.2932
vn -0.0003 -1.0000 -0.0000
vn 0.4975 0.8675 0.0044
vn 0.5468 0.7454 -0.3812
vn -0.0000 1.0000 -0.0000
vn 0.9982 -0.0415 0.0433
vn 0.2973 0.4943 0.8169
vn 0.1583 0.3062 0.9387
vn 0.2051 0.3629 0.9090
vn -0.0000 0.2126 0.9771
vn 0.2499 0.4192 0.8728
vn 0.8872 -0.4495 -0.1040
vn 0.8921 -0.4298 -0.1392
vn 0.5242 0.1041 0.8452
vn 0.6280 0.1212 0.7687
vn -0.3403 -0.2811 -0.8973
vn -0.2394 -0.3209 -0.9163
vn -0.0000 -0.1815 -0.9834
vn -0.0000 -0.1947 -0.9809
vn 0.4898 0.8403 0.2324
vn 0.5083 0.8612 -0.0000
vn 0.5065 0.8623 -0.0000
vn 0.3978 0.7694 0.4998
vn 0.3897 0.7724 0.5015
vn 0.3661 0.6722 0.6435
vn 0.2976 -0.6327 0.7149
vn -0.5149 -0.2310 0.8256
vn -0.8724 0.4878 0.0312
vn 0.8655 -0.5010 -0.0000
vn 0.6780 -0.6339 0.3721
vn 0.3599 -0.6436 0.6754
vn -0.0000 0.1876 0.9823
vn -0.0000 0.2088 0.9780
vn -0.0000 0.1770 0.9842
vn 0.3650 0.1745 -0.9145
vn 0.5760 0.0546 -0.8157
vn 0.3465 0.0677 -0.9356
vn -0.4592 -0.6158 0.6403
vn -0.4043 -0.5055 0.7622
vn -0.3788 -0.4344 0.8171
vn 0.3374 -0.0004 -0.9414
vn 0.6710 -0.0009 -0.7415
vn 0.8993 0.0008 -0.4374
vn 0.9266 -0.0002 -0.3760
vn -0.0408 0.7106 -0.7024
vn 0.2035 0.6214 -0.7566
vn 0.2728 0.5867 -0.7625
vn -0.8734 0.4853 -0.0399
vn -0.3420 -0.0587 0.9379
vn -0.4130 -0.1379 0.9002
vn -0.3644 -0.3440 0.8654
vn 0.2468 -0.8959 0.3693
vn -0.5020 -0.8165 0.2852
vn -0.4029 0.0184 0.9151
vn -0.6075 -0.0164 0.7941
vn -0.9444 0.0362 0.3269
vn -0.7379 0.0264 0.6744
vn -0.9217 -0.0003 0.3880
vn -0.0000 -0.0897 0.9960
vn -0.5065 -0.8623 -0.0000
vn -0.0000 -0.1947 0.9809
vn -0.0002 -1.0000 -0.0001
vn -0.0001 -1.0000 -0.0001
vn 0.9981 0.0181 -0.0594
vn 0.9992 0.0354 -0.0185
vn 0.9978 -0.0517 -0.0420
vn 0.0708 0.9974 0.0113
vn -0.1175 0.9918 -0.0502
vn 0.8950 -0.4211 0.1472
vn -0.4274 0.8984 -0.1009
vn -0.8381 0.5453 -0.0165
vn -0.8546 0.5190 0.0198
vn 0.8296 0.3710 0.4173
vn 0.6235 0.7392 0.2546
vn 0.8177 0.3545 0.4535
vn 0.6134 0.7394 0.2774
vn 0.4984 0.8670 0.0026
vn -0.0000 -1.0000 0.0001
vn 0.2104 0.3617 -0.9083
vn 0.2233 0.4122 -0.8833
vn 0.2915 0.5019 -0.8143
vn -0.0000 0.2126 -0.9771
vn 0.6618 -0.6787 0.3185
vn 0.1588 0.2938 -0.9426
vn 0.6280 0.1212 -0.7687
vn 0.5242 0.1041 -0.8452
vn 0.6759 0.1184 -0.7274
vn -0.3863 -0.4644 0.7969
vn -0.2394 -0.3209 0.9163
vn -0.3403 -0.2811 0.8973
vn -0.0000 -0.1815 0.9834
vn 0.4968 0.7983 -0.3404
vn 0.4784 0.8115 -0.3355
vn 0.3964 0.7182 -0.5719
vn 0.3691 0.7326 -0.5719
vn 0.3661 0.6722 -0.6435
vn 0.4113 0.6927 -0.5925
vn 0.4050 0.5077 -0.7604
vn -0.7420 0.6363 -0.2109
vn 0.4892 0.4473 -0.7487
vn 0.5491 0.3986 -0.7346
vn -0.0000 0.0968 -0.9953
vn -0.0000 0.1876 -0.9823
vn -0.0000 0.2088 -0.9780
vn -0.9829 -0.0042 0.1839
vn -0.9826 -0.0006 0.1859
vn -0.9809 0.0205 0.1933
vn 0.9826 0.0006 -0.1859
vn 0.9829 0.0042 -0.1839
vn 0.9809 -0.0205 -0.1933
vn 0.2457 -0.5546 0.7950
vn 0.2953 -0.0000 0.9554
vn 0.9829 -0.0000 -0.1844
vn -0.9787 0.0718 0.1925
vn -0.9829 -0.0000 0.1844
vn 0.9787 -0.0718 -0.1925
vn -0.0013 1.0000 -0.0041
vn 0.2927 0.1315 0.9471
vn -0.2953 -0.0000 -0.9554
vn 0.0674 0.1215 0.9903
vn -0.0000 0.1287 0.9917
vn 0.0411 0.1314 0.9905
vn -0.0000 1.0000 -0.0028
vn -0.0051 1.0000 -0.0013
vn -0.0000 1.0000 -0.0042
vn 0.0332 -0.9391 0.3420
vn -0.0000 -0.9072 0.4207
vn -0.0000 -0.9825 0.1863
vn 0.0010 -0.0000 1.0000
vn -0.0000 -0.9964 0.0850
vn -0.0000 0.1878 -0.9822
vn -0.0000 -0.0519 -0.9987
vn -0.0000 0.9716 -0.2368
vn -0.0000 -0.4670 0.8843
vn -0.0000 -0.1147 0.9934
vn -0.0000 0.2532 0.9674
vn -0.0000 -0.2479 -0.9688
vn 0.0228 -0.9862 0.1639
vn 0.0351 -0.9864 0.1605
vn 0.0649 -0.9843 0.1640
vn 0.4529 0.3131 0.8348
vn -0.0000 0.5867 0.8098
vn -0.0000 0.3676 0.9300
vn 0.3231 0.7702 -0.5499
vn 0.7901 0.5851 -0.1829
vn 0.7921 0.5634 -0.2350
vn -0.0000 0.4516 -0.8922
vn 0.2881 0.1520 -0.9455
vn -0.0000 0.1552 -0.9879
vn -0.1433 -0.9897 -0.0079
vn -0.1106 -0.9938 0.0130
vn -0.1777 -0.9838 0.0243
vn 0.3721 0.7738 0.5126
vn -0.0000 0.9739 0.2271
vn -0.0000 0.8316 0.5553
vn 0.7084 -0.0131 -0.7057
vn 0.1979 -0.1220 -0.9726
vn 0.2163 0.0002 -0.9763
vn 0.4189 0.5650 0.7108
vn 0.8324 0.1863 0.5220
vn 0.8335 0.3735 0.4071
vn 0.7088 0.6263 0.3246
vn 0.9481 0.3115 -0.0633
vn 0.7470 0.6634 0.0438
vn -0.0000 0.7722 -0.6353
vn 0.2639 0.4341 -0.8614
vn 0.9693 0.1523 0.1932
vn 0.7239 0.3577 -0.5899
vn 0.9169 0.2040 0.3429
vn 0.8145 0.0880 0.5735
vn 0.8741 -0.0247 0.4852
vn 0.4710 0.1951 0.8603
vn -0.0000 0.2363 0.9717
vn 0.2693 0.0732 -0.9603
vn 0.6971 0.1119 -0.7082
vn 0.7168 0.1285 -0.6853
vn 0.4740 0.0796 0.8769
vn -0.0000 0.1190 0.9929
vn 0.8046 -0.0455 0.5921
vn 0.9026 -0.0330 -0.4291
vn 0.9391 -0.0307 -0.3422
vn 0.7002 -0.2408 -0.6721
vn 0.8391 0.0083 0.5440
vn -0.0000 -0.2552 -0.9669
vn -0.1119 -0.6474 -0.7539
vn -0.3602 -0.2469 -0.8996
vn -0.2471 -0.2004 0.9480
vn -0.5122 -0.5929 0.6214
vn -0.1899 -0.6235 0.7584
vn -0.6656 -0.7449 0.0453
vn -0.2222 -0.9397 0.2600
vn -0.0000 -0.9356 -0.3531
vn -0.0674 -0.9557 0.2867
vn -0.3350 -0.9421 0.0159
vn -0.3212 -0.9044 -0.2808
vn 0.0868 -0.9684 0.2338
vn 0.2590 -0.6810 0.6849
vn 0.2702 -0.6462 0.7137
vn -0.0713 -0.2594 -0.9631
vn -0.0315 -0.5020 -0.8643
vn -0.0000 -0.5160 -0.8566
vn 0.3540 -0.0226 0.9350
vn 0.3476 -0.1911 0.9180
vn 0.3540 -0.0208 0.9350
vn -0.0018 -0.1681 -0.9858
vn -0.1001 -0.2700 -0.9576
vn 0.0004 -0.9972 -0.0743
vn 0.0678 -0.9804 0.1851
vn 0.3539 0.0318 0.9347
vn -0.0000 -0.0139 -0.9999
vn -0.4276 -0.0516 -0.9025
vn -0.1884 -0.1220 0.9745
vn -0.4991 -0.1321 0.8564
vn -0.1654 -0.0390 0.9855
vn -0.5099 -0.1562 0.8459
vn 0.1120 -0.8757 -0.4696
vn -0.0339 0.0177 -0.9993
vn 0.3465 -0.2063 0.9151
vn 0.3537 0.0477 0.9342
vn -0.1437 0.1309 0.9809
vn -0.5379 -0.0496 0.8415
vn -0.0000 -0.8928 -0.4504
vn -0.0000 -0.9060 -0.4232
vn -0.0000 -0.9978 -0.0658
vn -0.0000 -0.9806 0.1958
vn -0.0000 -0.9766 0.2152
vn 0.7925 -0.1159 0.5987
vn 0.7997 0.2211 0.5581
vn -0.0845 -0.9964 0.0111
vn -0.0000 -0.9998 0.0212
vn 0.5041 -0.0327 0.8630
vn -0.0000 0.0433 0.9991
vn -0.0000 -0.1736 -0.9848
vn -0.0000 -0.1280 -0.9918
vn 0.9406 -0.0113 -0.3393
vn -0.0000 0.1474 0.9891
vn -0.0000 -0.0172 0.9999
vn -0.0000 -0.0712 0.9975
vn -0.0000 -0.1851 0.9827
vn -0.0000 -0.6321 0.7749
vn -0.0000 -0.9480 0.3183
vn -0.0000 -0.0158 -0.9999
vn -0.0000 0.9654 -0.2609
vn 0.4411 0.8641 -0.2424
vn 0.3656 0.9060 0.2136
vn 0.9930 0.0172 -0.1171
vn 0.8660 0.3443 -0.3626
vn 0.9267 0.2149 -0.3082
vn 0.9159 0.3426 -0.2091
vn 0.9350 0.2825 -0.2146
vn -0.8339 0.0277 0.5512
vn -0.5557 0.1195 0.8228
vn -0.8173 0.0119 0.5761
vn -0.8202 -0.0017 0.5721
vn -0.7543 -0.0172 0.6563
vn -0.7160 -0.6950 -0.0663
vn -0.8060 -0.5392 0.2442
vn -0.7028 -0.6276 -0.3348
vn -0.6500 -0.7323 -0.2031
vn -0.7662 -0.2685 0.5839
vn -0.4250 -0.9019 -0.0774
vn -0.6716 -0.6929 -0.2625
vn -0.4191 -0.6609 -0.6225
vn -0.7890 -0.1767 -0.5884
vn -0.6881 -0.3885 -0.6128
vn -0.4693 0.0947 -0.8780
vn -0.5357 0.1033 -0.8381
vn -0.6616 -0.0774 -0.7459
vn 0.9798 0.1998 -0.0000
vn 0.9611 0.2744 0.0322
vn 0.9844 -0.0244 0.1743
vn 0.9717 0.2013 0.1236
vn 0.8529 -0.3728 0.3655
vn 0.9412 0.3377 -0.0134
vn 0.9611 0.2744 -0.0322
vn 0.5263 0.7867 0.3226
vn 0.5492 0.7714 -0.3213
vn 0.5492 0.7714 0.3213
vn 0.4442 0.4742 0.7601
vn 0.2882 -0.1279 0.9490
vn 0.2870 0.1664 0.9434
vn 0.3382 0.1390 0.9307
vn 0.3264 -0.4582 0.8267
vn 0.3438 -0.4774 0.8086
vn 0.3976 0.4767 0.7840
vn 0.3976 0.4767 -0.7840
vn 0.3382 0.1390 -0.9307
vn 0.4442 0.4742 -0.7601
vn 0.3438 -0.4774 -0.8086
vn 0.3691 -0.8596 -0.3533
vn 0.3692 -0.8577 -0.3578
vn 0.3691 -0.8596 0.3533
vn 0.3692 -0.8577 0.3578
vn 0.5263 0.7867 -0.3226
vn 0.2882 -0.1279 -0.9490
vn 0.3264 -0.4582 -0.8267
vn 0.2870 0.1664 -0.9434
vn 0.9227 -0.3720 -0.1010
vn 0.9227 -0.3720 0.1010
vn 0.9844 -0.0244 -0.1743
vn 0.8869 0.4619 0.0006
vn 0.8869 0.4619 -0.0006
vn 0.9412 0.3377 0.0134
vn 0.8529 -0.3728 -0.3655
vn 0.8899 -0.4207 -0.1763
vn 0.8899 -0.4207 0.1763
vn 0.9717 0.2013 -0.1236
vn 0.9814 0.1919 0.0026
vn 0.9774 0.1598 0.1386
vn 0.9724 0.1663 0.1636
vn 0.9213 0.1185 -0.3703
vn 0.8825 0.0089 -0.4702
vn 0.9309 0.1873 -0.3135
vn 0.8334 -0.1395 -0.5348
vn 0.8460 -0.0647 -0.5292
vn 0.8321 -0.1310 -0.5389
vn 0.8519 -0.0946 -0.5151
vn 0.8737 -0.0119 -0.4863
vn 0.9595 0.2511 -0.1273
vn 0.9047 0.0275 0.4252
vn 0.8951 -0.0120 0.4458
vn 0.8966 -0.0090 0.4428
vn 0.9319 0.0759 0.3546
vn 0.9081 0.0343 0.4174
vn 0.9645 0.2174 -0.1501
vn 0.9887 0.1440 -0.0409
vn 0.8904 -0.0273 0.4543
vn 0.8859 -0.0658 0.4592
vn 0.9469 0.1301 0.2941
vn -0.0000 0.9739 -0.2268
vn -0.0000 0.9969 0.0788
vn -0.0000 -0.9018 0.4322
vn -0.0000 -0.3356 -0.9420
vn -0.0000 -0.5804 -0.8144
vn -0.0000 0.2368 -0.9715
vn -0.0000 0.7196 -0.6944
vn -0.0000 0.2368 -0.9716
vn -0.0000 0.9385 0.3453
vn -0.0000 -0.8936 -0.4489
vn -0.0000 -0.0728 -0.9973
vn -0.0000 -0.1234 0.9924
vn -0.0000 -0.0112 0.9999
vn -0.0000 -0.9902 -0.1395
vn -0.0000 0.6900 0.7238
vn -0.0000 0.3141 0.9494
vn -0.0000 -0.3095 -0.9509
vn -0.0000 -0.3202 -0.9474
vn -0.0000 -0.1628 -0.9867
vn -0.0000 -0.6484 0.7613
vn -0.0000 -0.3518 0.9361
vn -0.0000 -0.9950 -0.0999
vn -0.0000 0.1457 0.9893
vn -0.0000 -0.9445 0.3286
vn -0.0000 0.1100 0.9939
vn 0.2495 0.2281 0.9411
vn 0.2477 0.2291 0.9414
vn 0.2504 0.2279 0.9409
vn -0.0000 -0.9888 0.1491
vn 0.0198 -0.9887 0.1486
vn -0.0000 -0.9888 0.1494
vn -0.0201 0.9887 -0.1486
vn -0.0000 0.9888 -0.1491
vn -0.0000 0.9888 -0.1494
vn -0.1160 -0.2453 -0.9625
vn -0.0889 -0.2321 -0.9686
vn -0.1121 -0.2309 -0.9665
vn 0.9959 -0.0000 -0.0906
vn -0.1224 -0.9874 -0.0998
vn -0.0716 -0.9793 -0.1892
vn 0.9660 -0.2538 -0.0490
vn 0.8766 -0.4813 -0.0061
vn 0.9660 -0.2538 -0.0489
vn 0.8587 -0.5125 0.0002
vn 0.5186 -0.8510 0.0825
vn 0.4865 -0.8692 0.0882
vn 0.2730 -0.9544 0.1204
vn 0.9591 0.2540 -0.1254
vn 0.8568 0.4927 -0.1521
vn 0.9591 0.2539 -0.1254
vn 0.8512 0.5021 -0.1531
vn 0.4751 0.8626 -0.1736
vn 0.2468 0.9546 -0.1669
vn 0.4830 0.8582 -0.1736
vn -0.0000 -0.4997 -0.8662
vn -0.0000 -0.9238 -0.3829
vn -0.0000 0.1304 0.9915
vn -0.0000 0.4997 0.8662
vn -0.0000 0.9238 0.3829
vn -0.0000 0.9238 -0.3829
vn -0.0000 -0.1304 0.9915
vn -0.0000 -0.1304 -0.9915
vn -0.0000 0.1304 -0.9915
vn -0.0000 -0.4997 0.8662
vn -0.0000 0.4997 -0.8662
vn -0.0000 -0.9238 0.3829
vn 0.0353 -0.9203 0.3897
vn 0.2421 -0.5726 0.7833
vn 0.1076 -0.9313 0.3481
vn -0.0010 -0.0000 -1.0000
vn -0.6250 0.4673 0.6253
vn -0.7046 0.0821 0.7049
vn -0.7046 0.0821 -0.7049
vn -0.6250 0.4673 -0.6253
vn -0.9969 0.0782 -0.0000
vn -0.8864 0.4630 -0.0000
vn -0.2772 0.9199 0.2774
vn -0.3452 0.8727 0.3455
vn -0.3452 0.8727 -0.3455
vn -0.2772 0.9199 -0.2774
vn -0.4935 0.8698 -0.0000
vn -0.4284 0.9036 -0.0000
vn -0.6845 0.2492 0.6851
vn -0.6845 0.2493 -0.6851
vn -0.9737 0.2280 -0.0000
vn -0.7664 -0.6423 -0.0000
vn -0.7069 -0.0000 0.7073
vn -0.7069 -0.0000 -0.7073
vn -0.5553 -0.6189 -0.5555
vn -0.5553 -0.6189 0.5555
vn -0.0000 -0.6424 0.7664
vn -0.9996 -0.0300 -0.0000
vn -0.6877 -0.2319 -0.6880
vn -0.9747 -0.2236 -0.0000
vn -0.8990 0.4380 -0.0000
vn -0.6958 -0.0144 -0.7181
vn -0.6958 -0.0144 0.7181
vn -0.6877 -0.2319 0.6880
vn -0.7450 -0.6671 -0.0000
vn -0.5607 -0.6091 -0.5610
vn -0.5059 -0.6985 -0.5062
vn -0.5059 -0.6985 0.5062
vn -0.5607 -0.6091 0.5610
vn -0.7994 -0.6008 -0.0000
vn -0.2282 0.9347 -0.2726
vn -0.6010 0.4294 -0.6741
vn -0.3395 0.9406 -0.0000
vn -0.2282 0.9347 0.2726
vn -0.6010 0.4294 0.6741
vn -0.3650 0.1745 0.9145
vn -0.6291 0.0530 0.7755
vn -0.3465 0.0677 0.9356
vn 0.4592 -0.6158 -0.6403
vn 0.4043 -0.5055 -0.7622
vn 0.3788 -0.4344 -0.8171
vn -0.3374 -0.0004 0.9414
vn -0.7528 -0.0002 0.6583
vn -0.9535 0.0013 0.3015
vn -0.9613 0.0004 0.2756
vn -0.9999 0.0009 0.0103
vn -1.0000 -0.0000 0.0096
vn 0.8952 0.3248 0.3054
vn 0.5384 -0.2110 0.8158
vn 0.5149 -0.2310 0.8256
vn 0.8654 0.5010 -0.0000
vn 0.8733 0.4857 0.0370
vn 0.8643 0.5030 -0.0000
vn 0.3420 -0.0587 -0.9379
vn 0.4130 -0.1379 -0.9002
vn 0.3644 -0.3440 -0.8654
vn -0.2468 -0.8959 -0.3693
vn 0.5020 -0.8165 -0.2852
vn 0.4029 0.0184 -0.9151
vn 0.6075 -0.0164 -0.7941
vn 0.9444 0.0362 -0.3269
vn 0.7379 0.0264 -0.6744
vn 0.9217 -0.0003 -0.3880
vn 1.0000 0.0008 -0.0000
vn -0.2600 -0.9656 -0.0000
vn 0.5065 -0.8623 -0.0000
vn 0.0002 -1.0000 -0.0000
vn 0.0001 -1.0000 -0.0000
vn -0.9997 -0.0026 0.0239
vn -0.9984 0.0551 -0.0124
vn -0.9867 -0.1611 -0.0238
vn -0.0763 0.9970 -0.0100
vn 0.0768 0.9967 0.0259
vn -0.0392 0.9992 -0.0000
vn -0.8982 -0.4197 -0.1308
vn 0.4907 0.8687 0.0679
vn 0.8386 0.5446 0.0122
vn -0.8632 -0.5049 -0.0000
vn 0.8546 0.5190 -0.0198
vn 0.8611 0.5084 -0.0000
vn -0.8694 0.4065 -0.2810
vn -0.5826 0.7791 -0.2314
vn -0.8873 0.3559 -0.2932
vn 0.0003 -1.0000 -0.0000
vn -0.4975 0.8675 0.0044
vn -0.4984 0.8670 0.0026
vn -0.2104 0.3617 0.9083
vn -0.2233 0.4122 0.8833
vn -0.2915 0.5019 0.8143
vn -0.8872 -0.4495 -0.1040
vn -0.1588 0.2938 0.9426
vn -0.6280 0.1212 0.7687
vn -0.5242 0.1041 0.8452
vn -0.6759 0.1184 0.7274
vn 0.3863 -0.4644 -0.7969
vn 0.2394 -0.3209 -0.9163
vn 0.3403 -0.2811 -0.8973
vn -0.4898 0.8403 0.2324
vn -0.5083 0.8612 -0.0000
vn -0.5080 0.8324 0.2216
vn -0.3978 0.7694 0.4998
vn -0.3897 0.7724 0.5015
vn -0.3661 0.6722 0.6435
vn -0.4113 0.6927 0.5925
vn -0.2976 -0.6327 0.7149
vn 0.8724 0.4878 0.0312
vn -0.8655 -0.5010 -0.0000
vn -0.3599 -0.6436 0.6754
vn -0.6780 -0.6339 0.3721
vn -0.5760 0.0546 -0.8157
vn -0.3650 0.1745 -0.9145
vn -0.3465 0.0677 -0.9356
vn 0.4592 -0.6158 0.6403
vn 0.4043 -0.5055 0.7622
vn 0.3863 -0.4644 0.7969
vn -0.3374 -0.0004 -0.9414
vn -0.8993 0.0008 -0.4374
vn -0.6710 -0.0009 -0.7415
vn -0.9266 -0.0002 -0.3760
vn 0.0408 0.7106 -0.7024
vn -0.2035 0.6214 -0.7566
vn 0.7420 0.6363 -0.2109
vn 0.8734 0.4853 -0.0399
vn 0.3420 -0.0587 0.9379
vn 0.4130 -0.1379 0.9002
vn 0.6075 -0.0164 0.7941
vn -0.2468 -0.8959 0.3693
vn 0.5020 -0.8165 0.2852
vn 0.4029 0.0184 0.9151
vn 0.7379 0.0264 0.6744
vn 0.9444 0.0362 0.3269
vn 0.9217 -0.0003 0.3880
vn 0.3788 -0.4344 0.8171
vn 0.3644 -0.3440 0.8654
vn 0.0002 -1.0000 -0.0001
vn 0.0001 -1.0000 -0.0001
vn -0.9992 0.0354 -0.0185
vn -0.9981 0.0181 -0.0594
vn -0.9978 -0.0517 -0.0420
vn 0.1175 0.9918 -0.0502
vn -0.0708 0.9974 0.0113
vn -0.8950 -0.4211 0.1472
vn 0.8381 0.5453 -0.0165
vn 0.4274 0.8984 -0.1009
vn 0.8546 0.5190 0.0198
vn -0.6235 0.7392 0.2546
vn -0.8296 0.3710 0.4173
vn -0.8177 0.3545 0.4535
vn -0.6134 0.7394 0.2774
vn -0.9968 -0.0376 -0.0711
vn -0.2973 0.4943 -0.8169
vn -0.1583 0.3062 -0.9387
vn -0.2051 0.3629 -0.9090
vn -0.2499 0.4192 -0.8728
vn -0.6618 -0.6787 0.3185
vn -0.5242 0.1041 -0.8452
vn -0.6280 0.1212 -0.7687
vn 0.3403 -0.2811 0.8973
vn 0.2394 -0.3209 0.9163
vn -0.4968 0.7983 -0.3404
vn -0.5065 0.8623 -0.0000
vn -0.3964 0.7182 -0.5719
vn -0.4784 0.8115 -0.3355
vn -0.3661 0.6722 -0.6435
vn -0.3691 0.7326 -0.5719
vn -0.4050 0.5077 -0.7604
vn -0.2728 0.5867 -0.7625
vn 0.8736 0.4854 -0.0359
vn -0.8916 -0.4323 0.1348
vn -0.5491 0.3986 -0.7346
vn -0.4892 0.4473 -0.7487
vn -0.0000 0.1770 -0.9842
vn 0.9826 -0.0006 0.1859
vn 0.9829 -0.0042 0.1839
vn 0.9809 0.0205 0.1933
vn -0.9826 0.0006 -0.1859
vn -0.9829 0.0042 -0.1839
vn -0.9840 -0.0000 -0.1779
vn -0.2953 -0.0000 0.9554
vn -0.2457 -0.5546 0.7950
vn -0.9829 -0.0000 -0.1844
vn 0.9829 -0.0000 0.1844
vn 0.9787 0.0718 0.1925
vn -0.9787 -0.0718 -0.1925
vn 0.0013 1.0000 -0.0041
vn -0.2927 0.1315 0.9471
vn 0.2953 -0.0000 -0.9554
vn -0.0674 0.1215 0.9903
vn -0.0000 0.1188 0.9929
vn 0.0051 1.0000 -0.0013
vn -0.0332 -0.9391 0.3420
vn -0.0010 -0.0000 1.0000
vn -0.0228 -0.9862 0.1639
vn -0.0351 -0.9864 0.1605
vn -0.0230 -0.9886 0.1489
vn -0.4529 0.3131 0.8348
vn -0.3231 0.7702 -0.5499
vn -0.7901 0.5851 -0.1829
vn -0.4411 0.8641 -0.2424
vn -0.2881 0.1520 -0.9455
vn 0.1106 -0.9938 0.0130
vn 0.1433 -0.9897 -0.0079
vn 0.1777 -0.9838 0.0243
vn -0.3721 0.7738 0.5126
vn -0.3656 0.9060 0.2136
vn -0.7084 -0.0131 -0.7057
vn -0.1979 -0.1220 -0.9726
vn -0.7002 -0.2408 -0.6721
vn -0.4189 0.5650 0.7108
vn -0.8324 0.1863 0.5220
vn -0.9481 0.3115 -0.0633
vn -0.7088 0.6263 0.3246
vn -0.7470 0.6634 0.0438
vn -0.2639 0.4341 -0.8614
vn -0.9693 0.1523 0.1932
vn -0.9930 0.0172 -0.1171
vn -0.7239 0.3577 -0.5899
vn -0.9169 0.2040 0.3429
vn -0.8145 0.0880 0.5735
vn -0.8741 -0.0247 0.4852
vn -0.4710 0.1951 0.8603
vn -0.2693 0.0732 -0.9603
vn -0.6971 0.1119 -0.7082
vn -0.2163 0.0002 -0.9763
vn -0.7168 0.1285 -0.6853
vn -0.4740 0.0796 0.8769
vn -0.8046 -0.0455 0.5921
vn -0.9026 -0.0330 -0.4291
vn -0.9406 -0.0113 -0.3393
vn -0.9391 -0.0307 -0.3422
vn -0.9215 -0.0017 -0.3884
vn -0.8391 0.0083 0.5440
vn 0.1119 -0.6474 -0.7539
vn -0.0000 -0.6271 -0.7789
vn 0.2471 -0.2004 0.9480
vn 0.5122 -0.5929 0.6214
vn 0.4991 -0.1321 0.8564
vn 0.2222 -0.9397 0.2600
vn 0.6656 -0.7449 0.0453
vn 0.4250 -0.9019 -0.0774
vn 0.1899 -0.6235 0.7584
vn -0.2590 -0.6810 0.6849
vn -0.0868 -0.9684 0.2338
vn -0.2702 -0.6462 0.7137
vn 0.0315 -0.5020 -0.8643
vn 0.0713 -0.2594 -0.9631
vn -0.3540 -0.0226 0.9350
vn -0.3476 -0.1911 0.9180
vn -0.3465 -0.2063 0.9151
vn 0.1001 -0.2700 -0.9576
vn 0.0018 -0.1681 -0.9858
vn -0.0678 -0.9804 0.1851
vn -0.0004 -0.9972 -0.0743
vn -0.3539 0.0318 0.9347
vn 0.3602 -0.2469 -0.8996
vn 0.1884 -0.1220 0.9745
vn 0.5099 -0.1562 0.8459
vn 0.1654 -0.0390 0.9855
vn 0.5379 -0.0496 0.8415
vn -0.1120 -0.8757 -0.4696
vn -0.1883 -0.6933 -0.6956
vn -0.3537 0.0477 0.9342
vn 0.1437 0.1309 0.9809
vn 0.5557 0.1195 0.8228
vn -0.7925 -0.1159 0.5987
vn -0.7997 0.2211 0.5581
vn 0.0845 -0.9964 0.0111
vn -0.5041 -0.0327 0.8630
vn -0.8335 0.3735 0.4071
vn 0.0674 -0.9556 0.2867
vn -0.8660 0.3443 -0.3626
vn -0.9267 0.2149 -0.3082
vn -0.9159 0.3426 -0.2091
vn -0.7921 0.5634 -0.2350
vn -0.9350 0.2825 -0.2146
vn 0.8339 0.0277 0.5512
vn 0.8202 -0.0017 0.5721
vn 0.7543 -0.0172 0.6563
vn 0.7160 -0.6950 -0.0663
vn 0.8060 -0.5392 0.2442
vn 0.6500 -0.7323 -0.2031
vn 0.7028 -0.6276 -0.3348
vn -0.0649 -0.9843 0.1640
vn 0.7662 -0.2685 0.5839
vn 0.3350 -0.9421 0.0159
vn 0.6716 -0.6929 -0.2625
vn 0.4191 -0.6609 -0.6225
vn 0.3212 -0.9044 -0.2808
vn 0.6881 -0.3885 -0.6128
vn 0.7890 -0.1767 -0.5884
vn 0.4693 0.0947 -0.8780
vn 0.5357 0.1033 -0.8381
vn 0.4276 -0.0516 -0.9025
vn 0.6616 -0.0774 -0.7459
vn 0.7546 0.0166 -0.6560
vn -0.9611 0.2744 0.0322
vn -0.9798 0.1998 -0.0000
vn -0.9717 0.2013 0.1236
vn -0.9844 -0.0244 0.1743
vn -0.8529 -0.3728 0.3655
vn -0.9412 0.3377 -0.0134
vn -0.8869 0.4619 0.0006
vn -0.9611 0.2744 -0.0322
vn -0.5492 0.7714 -0.3213
vn -0.5263 0.7867 0.3226
vn -0.5492 0.7714 0.3213
vn -0.4442 0.4742 0.7601
vn -0.3976 0.4767 0.7840
vn -0.2882 -0.1279 0.9490
vn -0.2870 0.1664 0.9434
vn -0.2501 -0.0930 0.9638
vn -0.3264 -0.4582 0.8267
vn -0.3438 -0.4774 0.8086
vn -0.3382 0.1390 0.9307
vn -0.3382 0.1390 -0.9307
vn -0.3976 0.4767 -0.7840
vn -0.4442 0.4742 -0.7601
vn -0.3438 -0.4774 -0.8086
vn -0.3691 -0.8596 -0.3533
vn -0.3264 -0.4582 -0.8267
vn -0.3691 -0.8596 0.3533
vn -0.3692 -0.8577 0.3578
vn -0.5263 0.7867 -0.3226
vn -0.2882 -0.1279 -0.9490
vn -0.2501 -0.0930 -0.9638
vn -0.3692 -0.8577 -0.3578
vn -0.2870 0.1664 -0.9434
vn -0.9227 -0.3720 0.1010
vn -0.9844 -0.0244 -0.1743
vn -0.9227 -0.3720 -0.1010
vn -0.8869 0.4619 -0.0006
vn -0.9412 0.3377 0.0134
vn -0.8529 -0.3728 -0.3655
vn -0.8899 -0.4207 0.1763
vn -0.9717 0.2013 -0.1236
vn -0.8899 -0.4207 -0.1763
vn -0.9774 0.1598 0.1386
vn -0.9814 0.1919 0.0026
vn -0.9724 0.1663 0.1636
vn -0.9213 0.1185 -0.3703
vn -0.8825 0.0089 -0.4702
vn -0.8737 -0.0119 -0.4863
vn -0.8460 -0.0647 -0.5292
vn -0.8334 -0.1395 -0.5348
vn -0.8321 -0.1310 -0.5389
vn -0.8519 -0.0946 -0.5151
vn -0.9595 0.2511 -0.1273
vn -0.9309 0.1873 -0.3135
vn -0.8951 -0.0120 0.4458
vn -0.9047 0.0275 0.4252
vn -0.8966 -0.0090 0.4428
vn -0.9319 0.0759 0.3546
vn -0.9081 0.0343 0.4174
vn -0.9469 0.1301 0.2941
vn -0.9645 0.2174 -0.1501
vn -0.8904 -0.0273 0.4543
vn -0.8859 -0.0658 0.4592
vn -0.2489 0.2298 0.9409
vn -0.2496 0.2279 0.9411
vn -0.0000 0.2343 0.9722
vn -0.0198 -0.9887 0.1486
vn 0.0201 0.9887 -0.1486
vn 0.0202 0.9887 -0.1482
vn 0.1085 -0.2205 -0.9693
vn 0.1177 -0.2479 -0.9616
vn 0.1281 -0.2323 -0.9642
vn -0.9959 -0.0000 -0.0906
vn 0.1224 -0.9874 -0.0998
vn 0.0716 -0.9793 -0.1892
vn -0.9660 -0.2538 -0.0490
vn -0.8766 -0.4813 -0.0061
vn -0.8587 -0.5125 0.0002
vn -0.5186 -0.8510 0.0825
vn -0.4865 -0.8692 0.0882
vn -0.2730 -0.9544 0.1204
vn -0.2730 -0.9545 0.1204
vn -0.9591 0.2540 -0.1254
vn -0.8568 0.4927 -0.1521
vn -0.8512 0.5021 -0.1531
vn -0.4751 0.8626 -0.1736
vn -0.4830 0.8582 -0.1736
vn -0.2467 0.9546 -0.1669
vn -0.0353 -0.9203 0.3897
vn -0.0000 -0.7794 0.6265
vn -0.2421 -0.5726 0.7833
vn -0.1076 -0.9313 0.3481
vn 0.0010 -0.0000 -1.0000
vn -0.0000 0.9924 -0.1232
vn -0.1138 -0.0000 0.9935
vn -0.7071 -0.0000 -0.7071
vn 0.1138 -0.0000 -0.9935
vn 0.7071 -0.0000 0.7071
vn 0.9769 -0.0000 -0.2136
vn 0.8947 -0.0000 0.4467
vn -0.9769 -0.0000 0.2136
vn -0.8947 -0.0000 -0.4467
vn 0.9753 0.1052 0.1940
vn 0.9160 -0.1301 0.3794
vn 0.9725 -0.1301 0.1934
vn 0.9945 0.1052 -0.0000
vn 0.9915 -0.1301 -0.0000
vn 0.9753 0.1052 -0.1940
vn 0.9725 -0.1301 -0.1934
vn 0.9188 0.1052 -0.3806
vn 0.9160 -0.1301 -0.3794
vn 0.8269 0.1052 -0.5525
vn 0.8244 -0.1301 -0.5509
vn 0.7032 0.1052 -0.7032
vn 0.7011 -0.1301 -0.7011
vn 0.5525 0.1052 -0.8269
vn 0.5509 -0.1301 -0.8244
vn 0.3806 0.1052 -0.9188
vn 0.3794 -0.1301 -0.9160
vn 0.1940 0.1052 -0.9753
vn 0.1934 -0.1301 -0.9725
vn 0.3806 0.1052 0.9188
vn 0.1934 -0.1301 0.9725
vn 0.3794 -0.1301 0.9160
vn 0.5525 0.1052 0.8269
vn 0.5509 -0.1301 0.8244
vn 0.7032 0.1052 0.7032
vn 0.7011 -0.1301 0.7011
vn 0.8269 0.1052 0.5525
vn 0.8244 -0.1301 0.5508
vn 0.9188 0.1052 0.3806
vn 0.1940 0.1052 0.9753
vn -0.0000 -0.1301 0.9915
vn -0.0000 0.9855 0.1699
vn 0.1699 0.9855 -0.0000
vn 0.1201 0.9855 -0.1201
vn 0.1766 0.4246 0.8880
vn -0.0000 0.1052 0.9945
vn 0.1137 0.8127 0.5714
vn -0.0000 0.4246 0.9054
vn 0.0331 0.9855 0.1666
vn -0.0000 0.8127 0.5826
vn 0.3465 0.4246 0.8364
vn 0.2230 0.8127 0.5383
vn 0.0650 0.9855 0.1570
vn 0.5030 0.4246 0.7528
vn 0.3237 0.8127 0.4844
vn 0.0944 0.9855 0.1413
vn 0.4120 0.8127 0.4120
vn 0.6402 0.4246 0.6402
vn 0.1201 0.9855 0.1201
vn 0.4844 0.8127 0.3237
vn 0.7528 0.4246 0.5030
vn 0.1413 0.9855 0.0944
vn 0.8364 0.4246 0.3465
vn 0.5383 0.8127 0.2230
vn 0.5714 0.8127 0.1137
vn 0.8880 0.4246 0.1766
vn 0.1570 0.9855 0.0650
vn 0.5826 0.8127 -0.0000
vn 0.9054 0.4246 -0.0000
vn 0.8880 0.4246 -0.1766
vn 0.5714 0.8127 -0.1137
vn 0.1666 0.9855 -0.0331
vn 0.8364 0.4246 -0.3465
vn 0.5383 0.8127 -0.2230
vn 0.1570 0.9855 -0.0650
vn 0.7528 0.4246 -0.5030
vn 0.4844 0.8127 -0.3237
vn 0.1413 0.9855 -0.0944
vn 0.6402 0.4246 -0.6402
vn 0.4120 0.8127 -0.4120
vn 0.5030 0.4246 -0.7528
vn 0.3237 0.8127 -0.4844
vn 0.3465 0.4246 -0.8364
vn 0.2230 0.8127 -0.5383
vn 0.0944 0.9855 -0.1413
vn 0.1137 0.8127 -0.5714
vn 0.1766 0.4246 -0.8880
vn 0.0650 0.9855 -0.1570
vn -0.0000 0.1052 -0.9945
vn -0.0000 0.8127 -0.5826
vn -0.0000 0.4246 -0.9054
vn 0.0331 0.9855 -0.1666
vn -0.0000 -0.1301 -0.9915
vn 0.0269 -0.9904 0.1352
vn -0.0000 -0.8600 0.5104
vn -0.0000 -0.9904 0.1379
vn 0.0996 -0.8600 0.5006
vn -0.0000 -0.4947 0.8691
vn 0.1695 -0.4947 0.8524
vn 0.0528 -0.9904 0.1274
vn 0.1953 -0.8600 0.4715
vn 0.3326 -0.4947 0.8029
vn 0.0766 -0.9904 0.1147
vn 0.2835 -0.8600 0.4244
vn 0.4828 -0.4947 0.7226
vn 0.3609 -0.8600 0.3609
vn 0.0975 -0.9904 0.0975
vn 0.6145 -0.4947 0.6145
vn 0.4243 -0.8600 0.2835
vn 0.1147 -0.9904 0.0766
vn 0.7226 -0.4947 0.4828
vn 0.4715 -0.8600 0.1953
vn 0.1274 -0.9904 0.0528
vn 0.8029 -0.4947 0.3326
vn 0.5006 -0.8600 0.0996
vn 0.1352 -0.9904 0.0269
vn 0.8524 -0.4947 0.1695
vn 0.5104 -0.8600 -0.0000
vn 0.1379 -0.9904 -0.0000
vn 0.8691 -0.4947 -0.0000
vn 0.1352 -0.9904 -0.0269
vn 0.5006 -0.8600 -0.0996
vn 0.8524 -0.4947 -0.1695
vn 0.1274 -0.9904 -0.0528
vn 0.4715 -0.8600 -0.1953
vn 0.8029 -0.4947 -0.3326
vn 0.1147 -0.9904 -0.0766
vn 0.4244 -0.8600 -0.2835
vn 0.7226 -0.4947 -0.4828
vn 0.3609 -0.8600 -0.3609
vn 0.0975 -0.9904 -0.0975
vn 0.6145 -0.4947 -0.6145
vn 0.2835 -0.8600 -0.4243
vn 0.0766 -0.9904 -0.1147
vn 0.4828 -0.4947 -0.7226
vn 0.1953 -0.8600 -0.4715
vn 0.0528 -0.9904 -0.1274
vn 0.3326 -0.4947 -0.8029
vn 0.0996 -0.8600 -0.5006
vn 0.0269 -0.9904 -0.1352
vn 0.1695 -0.4947 -0.8524
vn -0.0000 -0.8600 -0.5104
vn -0.0000 -0.9904 -0.1379
vn -0.0000 -0.4947 -0.8691
vn -0.9160 -0.1301 0.3794
vn -0.9753 0.1052 0.1940
vn -0.9725 -0.1301 0.1934
vn -0.9945 0.1052 -0.0000
vn -0.9915 -0.1301 -0.0000
vn -0.9753 0.1052 -0.1940
vn -0.9725 -0.1301 -0.1934
vn -0.9188 0.1052 -0.3806
vn -0.9160 -0.1301 -0.3794
vn -0.8269 0.1052 -0.5525
vn -0.8244 -0.1301 -0.5509
vn -0.7032 0.1052 -0.7032
vn -0.7011 -0.1301 -0.7011
vn -0.5525 0.1052 -0.8269
vn -0.5509 -0.1301 -0.8244
vn -0.3806 0.1052 -0.9188
vn -0.3794 -0.1301 -0.9160
vn -0.1940 0.1052 -0.9753
vn -0.1934 -0.1301 -0.9725
vn -0.1934 -0.1301 0.9725
vn -0.3806 0.1052 0.9188
vn -0.3794 -0.1301 0.9160
vn -0.5525 0.1052 0.8269
vn -0.5509 -0.1301 0.8244
vn -0.7032 0.1052 0.7032
vn -0.7011 -0.1301 0.7011
vn -0.8269 0.1052 0.5525
vn -0.8244 -0.1301 0.5508
vn -0.9188 0.1052 0.3806
vn -0.1940 0.1052 0.9753
vn -0.0331 0.9855 -0.1666
vn -0.1666 0.9855 0.0331
vn -0.0944 0.9855 0.1413
vn -0.1766 0.4246 0.8880
vn -0.1137 0.8127 0.5714
vn -0.0331 0.9855 0.1666
vn -0.3465 0.4246 0.8364
vn -0.2230 0.8127 0.5383
vn -0.0650 0.9855 0.1570
vn -0.5030 0.4246 0.7528
vn -0.3237 0.8127 0.4844
vn -0.6402 0.4246 0.6402
vn -0.4120 0.8127 0.4120
vn -0.1201 0.9855 0.1201
vn -0.7528 0.4246 0.5030
vn -0.4844 0.8127 0.3237
vn -0.1413 0.9855 0.0944
vn -0.8364 0.4246 0.3465
vn -0.5383 0.8127 0.2230
vn -0.1570 0.9855 0.0650
vn -0.8880 0.4246 0.1766
vn -0.5714 0.8127 0.1137
vn -0.9054 0.4246 -0.0000
vn -0.5826 0.8127 -0.0000
vn -0.1699 0.9855 -0.0000
vn -0.8880 0.4246 -0.1766
vn -0.5714 0.8127 -0.1137
vn -0.1666 0.9855 -0.0331
vn -0.8364 0.4246 -0.3465
vn -0.5383 0.8127 -0.2230
vn -0.1570 0.9855 -0.0650
vn -0.7528 0.4246 -0.5030
vn -0.4844 0.8127 -0.3237
vn -0.1413 0.9855 -0.0944
vn -0.6402 0.4246 -0.6402
vn -0.4120 0.8127 -0.4120
vn -0.1201 0.9855 -0.1201
vn -0.5030 0.4246 -0.7528
vn -0.3237 0.8127 -0.4844
vn -0.0944 0.9855 -0.1413
vn -0.3465 0.4246 -0.8364
vn -0.2230 0.8127 -0.5383
vn -0.0650 0.9855 -0.1570
vn -0.1766 0.4246 -0.8880
vn -0.1137 0.8127 -0.5714
vn -0.0000 0.9855 -0.1699
vn -0.0269 -0.9904 0.1352
vn -0.0996 -0.8600 0.5006
vn -0.1695 -0.4947 0.8524
vn -0.0528 -0.9904 0.1274
vn -0.1953 -0.8600 0.4715
vn -0.3326 -0.4947 0.8029
vn -0.0766 -0.9904 0.1147
vn -0.2835 -0.8600 0.4244
vn -0.4828 -0.4947 0.7226
vn -0.3609 -0.8600 0.3609
vn -0.0975 -0.9904 0.0975
vn -0.6145 -0.4947 0.6145
vn -0.4243 -0.8600 0.2835
vn -0.1147 -0.9904 0.0766
vn -0.7226 -0.4947 0.4828
vn -0.4715 -0.8600 0.1953
vn -0.1274 -0.9904 0.0528
vn -0.8029 -0.4947 0.3326
vn -0.5006 -0.8600 0.0996
vn -0.1352 -0.9904 0.0269
vn -0.8524 -0.4947 0.1695
vn -0.5104 -0.8600 -0.0000
vn -0.1379 -0.9904 -0.0000
vn -0.8691 -0.4947 -0.0000
vn -0.1352 -0.9904 -0.0269
vn -0.5006 -0.8600 -0.0996
vn -0.8524 -0.4947 -0.1695
vn -0.1274 -0.9904 -0.0528
vn -0.4715 -0.8600 -0.1953
vn -0.8029 -0.4947 -0.3326
vn -0.1147 -0.9904 -0.0766
vn -0.4244 -0.8600 -0.2835
vn -0.7226 -0.4947 -0.4828
vn -0.3609 -0.8600 -0.3609
vn -0.0975 -0.9904 -0.0975
vn -0.6145 -0.4947 -0.6145
vn -0.2835 -0.8600 -0.4244
vn -0.0766 -0.9904 -0.1147
vn -0.4828 -0.4947 -0.7226
vn -0.1953 -0.8600 -0.4715
vn -0.0528 -0.9904 -0.1274
vn -0.3326 -0.4947 -0.8029
vn -0.0996 -0.8600 -0.5006
vn -0.0269 -0.9904 -0.1352
vn -0.1695 -0.4947 -0.8524
vn -1.0000 -0.0083 -0.0027
vn -0.5386 0.8286 0.1530
vn -0.9998 0.0209 0.0022
vn -0.0000 0.9816 0.1910
vn 0.5386 0.8286 0.1530
vn -0.0000 0.9841 0.1774
vn 1.0000 -0.0083 -0.0027
vn 0.5499 -0.8205 -0.1561
vn 0.9998 0.0209 0.0022
vn -0.0000 -0.9781 -0.2079
vn -0.5499 -0.8205 -0.1561
vn -0.0000 -0.9826 -0.1859
vn -0.0000 0.1639 -0.9865
vn -0.0000 0.1638 -0.9865
vn 0.7951 0.1428 -0.5894
vn 0.9368 -0.0847 -0.3395
vn -0.9014 -0.0534 -0.4297
vn -0.8327 -0.0185 -0.5534
vn -0.8162 -0.0000 -0.5778
vn -0.9938 -0.0000 0.1115
vn 0.8162 -0.0000 -0.5778
vn 0.8327 -0.0185 -0.5534
vn -0.0000 0.2140 0.9768
vn -0.0000 0.4180 0.9084
vn -0.0000 0.4180 -0.9084
vn 0.9014 -0.0534 -0.4297
vn 0.9494 -0.1266 -0.2874
vn -0.7951 0.1428 -0.5894
vn -0.9368 -0.0847 -0.3395
vn -0.6118 0.2820 -0.7391
vn -0.5464 -0.8262 -0.1372
vn -0.0000 -0.9865 -0.1639
vn 0.9999 0.0107 0.0018
vn 0.5464 -0.8262 -0.1372
vn 0.5373 0.8320 0.1382
vn -0.0000 0.9865 0.1639
vn -0.5373 0.8320 0.1382
vn -0.9999 0.0107 0.0018
vn 0.9938 -0.0000 0.1115
vn -0.9494 -0.1266 -0.2874
vn -0.9791 -0.1633 0.1211
vn -0.9788 -0.1331 0.1557
vn 0.9788 -0.1331 0.1557
vn 0.9791 -0.1633 0.1211
vn 0.8367 -0.0000 -0.5476
vn -0.9931 0.0043 0.1172
vn -0.9926 0.0445 0.1132
vn -0.9921 -0.0000 0.1251
vn 0.9931 0.0043 0.1172
vn 0.8367 -0.0000 0.5476
vn -0.8367 -0.0000 -0.5476
vn -0.8367 -0.0000 0.5476
vn 0.9926 0.0445 0.1132
vn 0.9935 0.0216 0.1114
vn -0.9935 0.0216 0.1114
vn 0.5076 -0.8428 -0.1792
vn -0.5146 0.8416 0.1637
vn 0.9239 -0.0000 -0.3827
vn -0.9239 -0.0000 -0.3827
vn 0.9239 -0.0000 0.3827
vn -0.3827 -0.0000 -0.9239
vn 0.3827 -0.0000 0.9239
vn -0.3827 -0.0000 0.9239
vn 0.3827 -0.0000 -0.9239
vn -0.7071 -0.0000 0.7071
vn 0.7071 -0.0000 -0.7071
vn -0.9239 -0.0000 0.3827
vn -0.5286 -0.0000 0.8489
vn -0.8423 -0.1243 -0.5245
vn 0.5286 -0.0000 -0.8489
vn 0.1056 -0.9922 0.0657
vn -0.1056 0.9922 -0.0657
vn 0.8423 0.1243 0.5245
vn 0.5099 0.1315 -0.8501
vn 0.5390 -0.1794 -0.8230
vn 0.5379 -0.1315 -0.8327
vn -0.5379 0.1315 0.8327
vn -0.5099 -0.1315 0.8501
vn -0.5008 -0.1794 0.8468
vn -0.5390 0.1794 0.8230
vn 0.5008 0.1794 -0.8468
vn 0.8423 0.1244 0.5245
vn -0.8107 -0.0476 0.5836
vn 0.8107 0.0476 -0.5836
vn -0.1660 0.0476 0.9850
vn 0.1660 -0.0476 -0.9850
vn 0.2218 0.0879 0.9711
vn -0.2218 -0.0879 -0.9711
vn 0.5759 0.1149 0.8094
vn -0.5759 -0.1149 -0.8094
vn -0.9805 -0.1149 -0.1597
vn 0.9805 0.1149 0.1597
vn -0.9694 -0.0879 0.2294
vn 0.9694 0.0879 -0.2294
vn -0.5764 -0.1101 -0.8097
vn -0.1475 -0.1538 -0.9770
vn 0.8418 0.1291 0.5242
vn 0.5754 0.1196 0.8091
vn -0.9810 -0.1101 -0.1600
vn -0.8428 -0.1196 -0.5248
vn 0.9799 0.1196 0.1594
vn -0.9698 -0.0832 0.2291
vn 0.9688 0.0927 -0.2297
vn 0.9572 0.0093 -0.2891
vn -0.8112 -0.0428 0.5832
vn 0.7912 -0.2339 -0.5650
vn -0.5291 0.0047 0.8486
vn 0.5281 0.0047 -0.8492
vn 0.5338 -0.3280 -0.7794
vn -0.1665 0.0523 0.9846
vn 0.1655 -0.0428 -0.9853
vn 0.2168 -0.3187 -0.9227
vn 0.2213 0.0927 0.9708
vn -0.2223 -0.0832 -0.9714
vn 0.2360 -0.5930 0.7698
vn 0.5007 -0.5729 0.6489
vn 0.3051 -0.8456 -0.4380
vn 0.1313 -0.6511 -0.7476
vn -0.0541 -0.6232 0.7802
vn 0.3328 -0.8854 -0.3246
vn -0.3252 -0.6588 0.6784
vn 0.4363 -0.8262 -0.3563
vn -0.5361 -0.6944 0.4800
vn 0.7419 -0.5609 -0.3674
vn -0.6548 -0.7245 0.2152
vn 0.8033 -0.5729 0.1631
vn -0.6631 -0.7447 -0.0758
vn 0.6999 -0.5658 0.4358
vn -0.3606 -0.7447 -0.5616
vn -0.5598 -0.7517 -0.3486
vn 0.1522 -0.0002 0.9883
vn 0.6451 -0.7576 -0.0995
vn 0.8825 -0.4502 -0.1360
vn 0.9910 -0.0716 0.1135
vn 0.8915 -0.4344 0.1288
vn -0.9856 0.0742 0.1518
vn -0.8656 -0.3021 0.3994
vn -0.9109 0.0716 0.4065
vn 0.9856 -0.0742 -0.1518
vn 0.9457 0.3020 0.1205
vn -0.9387 -0.3131 0.1445
vn -0.6824 -0.6297 0.3712
vn 0.9387 0.3131 -0.1445
vn 0.7625 0.6296 0.1488
vn -0.7488 -0.6527 0.1152
vn -0.3893 -0.8615 0.3260
vn 0.4450 0.8929 -0.0684
vn 0.4693 0.8614 0.1940
vn -0.0734 -0.9972 0.0111
vn -0.0307 -0.9622 0.2707
vn 0.0734 0.9972 -0.0111
vn -0.2584 0.9162 0.3061
vn 0.1108 0.9621 0.2493
vn 0.3385 -0.9163 0.2139
vn -0.3094 0.9497 0.0478
vn -0.5823 0.7309 0.3560
vn 0.3094 -0.9497 -0.0478
vn 0.6624 -0.7310 0.1640
vn -0.8825 0.4502 0.1360
vn -0.8114 0.4343 0.3912
vn -0.2399 0.2920 -0.9258
vn -0.1223 0.3066 -0.9440
vn -0.3431 0.2330 -0.9100
vn -0.4160 0.1385 -0.8987
vn -0.4477 0.0230 -0.8939
vn -0.4333 -0.0960 -0.8961
vn -0.3750 -0.2004 -0.9051
vn -0.2816 -0.2742 -0.9195
vn -0.1674 -0.3062 -0.9371
vn -0.0498 -0.2916 -0.9552
vn 0.0533 -0.2326 -0.9711
vn 0.1263 -0.1382 -0.9823
vn 0.1580 -0.0226 -0.9872
vn 0.1435 0.0964 -0.9849
vn 0.0852 0.2007 -0.9759
vn -0.0082 0.2745 -0.9615
vn -0.1522 0.0002 -0.9883
vn 0.7488 0.6527 -0.1152
vn -0.4450 -0.8929 0.0684
vn -0.6450 0.7576 0.0995
vn -0.6451 0.7576 0.0995
vn -0.9675 0.2044 0.1491
vn -0.9825 0.0716 0.1720
vn -0.9833 0.0816 0.1628
vn -0.9837 0.0879 0.1570
vn -0.0405 -0.9760 0.2139
vn -0.1300 0.2415 -0.9617
vn 0.1655 0.2412 0.9563
vn 0.1239 -0.2939 0.9478
vn 0.1492 -0.0404 0.9880
vn -0.0081 -0.9180 0.3964
vn -0.1662 -0.2639 -0.9501
vn -0.1684 -0.3525 -0.9206
vn 0.1667 0.2780 0.9460
vn 0.1689 0.4078 0.8973
vn 0.1571 0.0715 0.9850
vn -0.1581 -0.0867 -0.9836
vn -0.1199 -0.9401 -0.3190
vn -0.1152 0.3623 -0.9249
vn 0.1182 -0.3395 0.9331
vn 0.9883 -0.0768 -0.1316
vn 0.9878 -0.0668 -0.1409
vn 0.9885 -0.0818 -0.1270
vn -0.1560 -0.7448 -0.6488
vn 0.8214 -0.3770 -0.4281
vn 0.8367 -0.3560 -0.4162
vn 0.8388 -0.3530 -0.4145
vn 0.0076 -0.8782 0.4783
vn -0.0405 -0.9760 0.2138
vn -0.1367 0.1782 -0.9745
vn -0.9577 -0.2430 -0.1540
vn -0.9655 -0.2203 -0.1386
vn -0.9561 -0.2475 -0.1570
vn -0.0093 -0.9208 0.3900
vn -0.1671 -0.2936 -0.9412
vn 0.9867 0.0572 -0.1520
vn 0.9598 -0.2386 -0.1479
vn -0.1551 -0.0400 -0.9871
vn -0.9867 0.0568 0.1520
vn 0.9842 -0.0916 -0.1516
vn -0.9841 -0.0922 0.1516
vn 0.1669 0.5686 0.8055
vn -0.0514 0.5416 0.8391
vn 0.3788 0.5092 0.7728
vn 0.3015 -0.5418 0.7845
vn 0.0832 -0.5689 0.8182
vn -0.2429 0.4320 0.8686
vn 0.4930 -0.4323 0.7551
vn -0.3783 0.2566 0.8894
vn 0.6284 -0.2569 0.7342
vn -0.4371 0.0422 0.8984
vn 0.6872 -0.0425 0.7252
vn -0.4103 -0.1787 0.8943
vn 0.6604 0.1784 0.7294
vn -0.3021 -0.3724 0.8775
vn 0.5521 0.3721 0.7461
vn -0.1287 -0.5094 0.8508
vn -0.8043 0.4320 0.4080
vn 0.6619 -0.7272 0.1820
vn -0.5764 0.7271 0.3729
vn 0.3397 -0.9116 0.2315
vn -0.2542 0.9115 0.3233
vn -0.0277 -0.9572 0.2881
vn 0.1132 0.9571 0.2668
vn -0.3843 -0.8571 0.3431
vn 0.7614 0.6264 0.1669
vn -0.6760 -0.6265 0.3880
vn -0.8582 -0.3005 0.4162
vn 0.9437 0.3004 0.1387
vn 0.8898 -0.4321 0.1469
vn -0.9032 0.0712 0.4232
vn 0.4698 0.8570 0.2118
vn 0.9887 -0.0713 0.1317
vn -0.8601 0.5102 -0.0000
vn 0.3422 0.6958 0.6314
vn 0.6759 0.1184 0.7274
vn -0.0000 -0.1640 -0.9865
vn 0.5080 0.8324 0.2216
vn 0.4113 0.6927 0.5925
vn -0.8736 0.4854 -0.0359
vn 0.9968 -0.0376 -0.0711
vn 0.3422 0.6958 -0.6314
vn 0.8916 -0.4323 0.1348
vn -0.0000 -0.1640 0.9865
vn -0.9840 -0.0000 0.1779
vn 0.9840 -0.0000 -0.1779
vn 0.0230 -0.9886 0.1489
vn 0.9215 -0.0017 -0.3884
vn 0.1883 -0.6933 -0.6956
vn -0.0000 -0.9996 0.0295
vn -0.7546 0.0166 -0.6560
vn 0.2501 -0.0930 0.9638
vn 0.2501 -0.0930 -0.9638
vn -0.0000 0.2321 0.9727
vn 0.2509 0.2182 0.9431
vn 0.0199 -0.9887 0.1482
vn -0.0202 0.9887 -0.1482
vn -0.1299 -0.2302 -0.9644
vn -0.1295 -0.2315 -0.9642
vn -0.1256 -0.3767 -0.9178
vn -0.0890 -0.2321 -0.9686
vn 0.2730 -0.9545 0.1204
vn 0.8953 0.3258 0.3038
vn -0.9982 -0.0415 0.0433
vn 0.8601 0.5102 -0.0000
vn -0.5468 0.7454 -0.3812
vn -0.3422 0.6958 0.6314
vn -0.8921 -0.4298 -0.1392
vn -0.3422 0.6958 -0.6314
vn -0.6759 0.1184 -0.7274
vn -0.4113 0.6927 -0.5925
vn 0.9840 -0.0000 0.1779
vn -0.9809 -0.0205 -0.1933
vn -0.0411 0.1314 0.9905
vn -0.3540 -0.0208 0.9350
vn 0.0339 0.0177 -0.9993
vn 0.8173 0.0119 0.5761
vn -0.9887 0.1440 -0.0409
vn -0.2503 0.2289 0.9407
vn -0.2477 0.2291 0.9414
vn -0.2509 0.2182 0.9431
vn -0.0199 -0.9887 0.1482
vn 0.1299 -0.2302 -0.9644
vn 0.1105 -0.2160 -0.9701
vn 0.0889 -0.2321 -0.9686
vn 0.0890 -0.2321 -0.9686
vn 0.1256 -0.3767 -0.9178
vn -0.9660 -0.2538 -0.0489
vn -0.9591 0.2539 -0.1254
vn -0.2468 0.9546 -0.1669
vn 0.1666 0.9855 0.0331
vn 0.5146 0.8416 0.1637
vn -0.5076 -0.8428 -0.1792
vn 0.6118 0.2820 -0.7391
vn 0.9921 -0.0000 0.1251
vn 0.1055 -0.9922 0.0657
vn -0.1055 0.9922 -0.0657
vn -0.1055 0.9922 -0.0658
vn 0.8102 0.0523 -0.5839
vn -0.9820 0.0666 0.1766
vn 0.9873 -0.0605 -0.1467
vn 0.8183 -0.3811 -0.4303
vn 0.0075 -0.8782 0.4783
vn -0.9666 -0.2171 -0.1364
vt 0.176941 0.283615
vt 0.209964 0.297949
vt 0.177589 0.298993
vt 0.174757 0.246086
vt 0.210371 0.282778
vt 0.281390 0.288890
vt 0.326638 0.249465
vt 0.321703 0.296015
vt 0.278124 0.305596
vt 0.247310 0.244765
vt 0.244895 0.284982
vt 0.243182 0.301343
vt 0.177958 0.309315
vt 0.209165 0.317940
vt 0.178228 0.318796
vt 0.209600 0.308144
vt 0.275465 0.316558
vt 0.316503 0.316601
vt 0.309704 0.329478
vt 0.272640 0.326800
vt 0.241860 0.312240
vt 0.240543 0.322175
vt 0.208898 0.323008
vt 0.178329 0.323647
vt 0.271121 0.331929
vt 0.302873 0.339731
vt 0.300115 0.345270
vt 0.239836 0.327208
vt 0.199322 0.101861
vt 0.243832 0.091875
vt 0.243968 0.099351
vt 0.206397 0.163391
vt 0.246433 0.161269
vt 0.287289 0.160754
vt 0.286920 0.091920
vt 0.286899 0.099083
vt 0.329260 0.092258
vt 0.329203 0.099360
vt 0.328788 0.161226
vt 0.167740 0.167338
vt 0.160953 0.113230
vt 0.197652 0.093019
vt 0.201929 0.118628
vt 0.162708 0.125815
vt 0.286930 0.114903
vt 0.329088 0.115091
vt 0.244523 0.115592
vt 0.746230 0.173090
vt 0.770939 0.205178
vt 0.746533 0.206582
vt 0.715694 0.171571
vt 0.747452 0.141998
vt 0.768565 0.143035
vt 0.769402 0.172906
vt 0.750728 0.114662
vt 0.726798 0.112306
vt 0.715167 0.241625
vt 0.748599 0.242139
vt 0.775012 0.240007
vt 0.794539 0.235492
vt 0.792893 0.202725
vt 0.799363 0.234912
vt 0.787731 0.142960
vt 0.784457 0.116129
vt 0.787927 0.116143
vt 0.786252 0.172083
vt 0.790252 0.171777
vt 0.782486 0.204034
vt 0.787872 0.237414
vt 0.788625 0.203301
vt 0.779470 0.116039
vt 0.783983 0.143069
vt 0.778605 0.143113
vt 0.770018 0.115751
vt 0.780461 0.172425
vt 0.151039 0.058938
vt 0.204921 0.049188
vt 0.183129 0.010142
vt 0.139729 0.005588
vt 0.684328 0.116769
vt 0.690908 0.144269
vt 0.665847 0.130336
vt 0.693885 0.122082
vt 0.683480 0.106114
vt 0.708276 0.109824
vt 0.704477 0.119804
vt 0.719338 0.138033
vt 0.663180 0.102853
vt 0.728727 0.732341
vt 0.712102 0.715758
vt 0.725145 0.715266
vt 0.723699 0.510379
vt 0.723224 0.501661
vt 0.723821 0.507144
vt 0.787916 0.715375
vt 0.748654 0.755144
vt 0.787889 0.732665
vt 0.787852 0.755434
vt 0.752001 0.783128
vt 0.787795 0.783208
vt 0.787938 0.685963
vt 0.718332 0.685963
vt 0.899213 0.351975
vt 0.897531 0.343343
vt 0.901879 0.350760
vt 0.908369 0.378374
vt 0.911346 0.400841
vt 0.908792 0.400640
vt 0.734267 0.487374
vt 0.720694 0.492253
vt 0.730022 0.474409
vt 0.713813 0.513637
vt 0.718224 0.521270
vt 0.797617 0.450811
vt 0.793043 0.414912
vt 0.734640 0.451541
vt 0.774785 0.375850
vt 0.710667 0.435193
vt 0.710053 0.328521
vt 0.717780 0.500445
vt 0.797452 0.498030
vt 0.710202 0.525367
vt 0.733432 0.507122
vt 0.725661 0.498162
vt 0.630938 0.834002
vt 0.649363 0.828938
vt 0.640229 0.837866
vt 0.642964 0.814657
vt 0.659218 0.823186
vt 0.939143 0.157652
vt 0.937222 0.172184
vt 0.933251 0.158630
vt 0.158056 0.826226
vt 0.148884 0.835696
vt 0.149010 0.822247
vt 0.924659 0.184973
vt 0.930409 0.186370
vt 0.165885 0.852730
vt 0.155252 0.839277
vt 0.923902 0.206812
vt 0.929868 0.206280
vt 0.166088 0.874519
vt 0.160062 0.853681
vt 0.986076 0.172805
vt 0.961243 0.168006
vt 0.961156 0.153708
vt 0.631943 0.861944
vt 0.621825 0.860249
vt 0.982303 0.201636
vt 0.975721 0.177333
vt 0.133698 0.830678
vt 0.133717 0.815893
vt 0.941526 0.171630
vt 0.659171 0.808611
vt 0.686176 0.823307
vt 0.693295 0.702580
vt 0.702956 0.709668
vt 0.701524 0.714113
vt 0.694471 0.685963
vt 0.696571 0.702836
vt 0.921957 0.183652
vt 0.930559 0.157265
vt 0.704464 0.720526
vt 0.707130 0.728839
vt 0.723932 0.510311
vt 0.725981 0.508071
vt 0.723266 0.512890
vt 0.727570 0.510302
vt 0.786611 0.868304
vt 0.775669 0.844638
vt 0.787938 0.844657
vt 0.769971 0.893975
vt 0.785924 0.896237
vt 0.773667 0.901795
vt 0.892074 0.338182
vt 0.894865 0.344559
vt 0.911035 0.377159
vt 0.921294 0.207045
vt 0.890204 0.329737
vt 0.894740 0.336966
vt 0.710082 0.685963
vt 0.702952 0.685963
vt 0.696882 0.685963
vt 0.521106 0.672451
vt 0.537731 0.655869
vt 0.534149 0.672943
vt 0.697134 0.511774
vt 0.697131 0.502262
vt 0.702839 0.500058
vt 0.596917 0.672835
vt 0.596891 0.655546
vt 0.557676 0.640972
vt 0.596875 0.640698
vt 0.561027 0.609449
vt 0.596822 0.609382
vt 0.596938 0.702245
vt 0.892148 0.441814
vt 0.892927 0.448231
vt 0.890204 0.450188
vt 0.904897 0.422567
vt 0.684878 0.487790
vt 0.699730 0.491293
vt 0.694320 0.498766
vt 0.707352 0.513881
vt 0.703498 0.521935
vt 0.621295 0.450572
vt 0.688752 0.474823
vt 0.683486 0.452215
vt 0.625896 0.414574
vt 0.644505 0.375407
vt 0.621295 0.497843
vt 0.685161 0.507600
vt 0.709858 0.541876
vt 0.690847 0.511037
vt 0.621295 0.891571
vt 0.637656 0.898826
vt 0.627847 0.904902
vt 0.645099 0.907475
vt 0.641199 0.915899
vt 0.943020 0.238682
vt 0.946873 0.247175
vt 0.940814 0.247240
vt 0.148890 0.913724
vt 0.157962 0.917855
vt 0.148910 0.921737
vt 0.928528 0.228100
vt 0.155330 0.909983
vt 0.166072 0.896298
vt 0.933975 0.225718
vt 0.160271 0.895405
vt 0.967236 0.238254
vt 0.991149 0.232768
vt 0.969364 0.247240
vt 0.631931 0.887408
vt 0.980088 0.226691
vt 0.994412 0.200609
vt 0.133658 0.918678
vt 0.133664 0.927979
vt 0.670625 0.916145
vt 0.669058 0.925502
vt 0.510527 0.674096
vt 0.505574 0.685373
vt 0.502299 0.685629
vt 0.503475 0.702246
vt 0.937821 0.245490
vt 0.511960 0.678541
vt 0.516134 0.659370
vt 0.513468 0.667683
vt 0.510267 0.659508
vt 0.696676 0.508439
vt 0.693837 0.509479
vt 0.696683 0.512871
vt 0.694353 0.513853
vt 0.786682 0.821006
vt 0.774466 0.821878
vt 0.785884 0.800993
vt 0.769971 0.803517
vt 0.773538 0.795638
vt 0.780385 0.794385
vt 0.895158 0.455079
vt 0.894871 0.439857
vt 0.897881 0.453121
vt 0.903675 0.453569
vt 0.527336 0.702246
vt 0.519086 0.702246
vt 0.511956 0.702246
vt 0.076708 0.905734
vt 0.055801 0.875193
vt 0.080930 0.873848
vt 0.030718 0.875193
vt 0.009811 0.905734
vt 0.005588 0.873848
vt 0.055798 0.851816
vt 0.033208 0.830156
vt 0.058285 0.830156
vt 0.904145 0.290201
vt 0.883416 0.315280
vt 0.883416 0.290201
vt 0.030719 0.872544
vt 0.008919 0.851812
vt 0.030721 0.851816
vt 0.077604 0.872539
vt 0.077600 0.851812
vt 0.008915 0.872539
vt 0.055800 0.872544
vt 0.055799 0.905643
vt 0.033241 0.926400
vt 0.030720 0.905643
vt 0.177265 0.957148
vt 0.202344 0.925097
vt 0.202344 0.957261
vt 0.202625 0.861304
vt 0.181466 0.891822
vt 0.177265 0.859935
vt 0.214554 0.837933
vt 0.202666 0.815893
vt 0.214573 0.815893
vt 0.202628 0.858656
vt 0.180609 0.837910
vt 0.202644 0.837929
vt 0.180592 0.858637
vt 0.959162 0.884528
vt 0.947221 0.852576
vt 0.959138 0.852364
vt 0.214506 0.891768
vt 0.202581 0.912882
vt 0.202597 0.891752
vt 0.328955 0.380272
vt 0.326557 0.368359
vt 0.328987 0.368359
vt 0.642023 0.936679
vt 0.621295 0.948586
vt 0.621295 0.936679
vt 0.967005 0.697468
vt 0.958177 0.728925
vt 0.959777 0.697781
vt 0.940887 0.674380
vt 0.959741 0.693866
vt 0.941702 0.693124
vt 0.965838 0.693081
vt 0.915917 0.719863
vt 0.895829 0.720968
vt 0.895829 0.719863
vt 0.961206 0.669271
vt 0.961306 0.673943
vt 0.967006 0.674718
vt 0.937425 0.726232
vt 0.957142 0.736907
vt 0.936389 0.734215
vt 0.941280 0.696589
vt 0.915917 0.720968
vt 0.895829 0.748583
vt 0.194270 0.804717
vt 0.209703 0.783757
vt 0.217257 0.787309
vt 0.280706 0.782642
vt 0.303077 0.772146
vt 0.303077 0.785371
vt 0.268014 0.731494
vt 0.257505 0.741322
vt 0.259990 0.730473
vt 0.303077 0.676622
vt 0.282121 0.663967
vt 0.303077 0.663690
vt 0.242790 0.678039
vt 0.245880 0.658487
vt 0.254199 0.670841
vt 0.281774 0.755357
vt 0.303077 0.740321
vt 0.303077 0.756241
vt 0.260184 0.696658
vt 0.267135 0.694746
vt 0.266923 0.698006
vt 0.251914 0.780155
vt 0.234860 0.774029
vt 0.241668 0.767989
vt 0.249751 0.765511
vt 0.240417 0.750069
vt 0.253644 0.756105
vt 0.303077 0.694740
vt 0.282397 0.678403
vt 0.227298 0.760965
vt 0.260471 0.721647
vt 0.268581 0.720594
vt 0.225023 0.769736
vt 0.232006 0.776702
vt 0.223138 0.775201
vt 0.244369 0.787225
vt 0.240676 0.789679
vt 0.280415 0.789208
vt 0.303077 0.790123
vt 0.266916 0.701947
vt 0.258397 0.712468
vt 0.258882 0.700947
vt 0.280224 0.794596
vt 0.303077 0.795888
vt 0.237778 0.791634
vt 0.229375 0.779016
vt 0.245105 0.706658
vt 0.250504 0.692052
vt 0.261160 0.693171
vt 0.222794 0.776875
vt 0.172780 0.766707
vt 0.185540 0.758947
vt 0.189892 0.768867
vt 0.211789 0.694035
vt 0.214915 0.713190
vt 0.205646 0.707409
vt 0.212864 0.731316
vt 0.196791 0.724365
vt 0.180728 0.742854
vt 0.192885 0.721911
vt 0.196851 0.731804
vt 0.190227 0.743785
vt 0.235476 0.729833
vt 0.234286 0.713008
vt 0.242983 0.715217
vt 0.217880 0.768769
vt 0.247757 0.697506
vt 0.237802 0.703571
vt 0.242530 0.694295
vt 0.217626 0.775181
vt 0.229918 0.747053
vt 0.231249 0.729353
vt 0.246535 0.689311
vt 0.166191 0.786477
vt 0.195524 0.788099
vt 0.220490 0.679016
vt 0.227300 0.697282
vt 0.223461 0.674331
vt 0.234007 0.687264
vt 0.217881 0.779038
vt 0.216858 0.775859
vt 0.248314 0.687593
vt 0.252387 0.689086
vt 0.227568 0.667638
vt 0.237472 0.683268
vt 0.222994 0.760001
vt 0.227333 0.746102
vt 0.160113 0.804717
vt 0.226390 0.781576
vt 0.222903 0.778745
vt 0.214778 0.640680
vt 0.233910 0.793477
vt 0.303077 0.801808
vt 0.279758 0.801183
vt 0.280808 0.642055
vt 0.303077 0.637605
vt 0.303077 0.643047
vt 0.281025 0.768536
vt 0.257601 0.772373
vt 0.209100 0.657718
vt 0.206178 0.666485
vt 0.204266 0.672225
vt 0.198987 0.688065
vt 0.194424 0.701758
vt 0.188575 0.719309
vt 0.281415 0.648962
vt 0.303077 0.649674
vt 0.303077 0.712069
vt 0.281835 0.695456
vt 0.266904 0.742760
vt 0.263118 0.762111
vt 0.281864 0.739506
vt 0.245620 0.737350
vt 0.267326 0.711508
vt 0.249527 0.730800
vt 0.206692 0.742068
vt 0.194856 0.738314
vt 0.199057 0.751612
vt 0.190594 0.759306
vt 0.205839 0.767003
vt 0.698266 0.289472
vt 0.706551 0.285097
vt 0.706016 0.294856
vt 0.680856 0.275726
vt 0.674238 0.279812
vt 0.674241 0.270894
vt 0.679513 0.285424
vt 0.672473 0.287256
vt 0.680134 0.303138
vt 0.694971 0.293936
vt 0.699761 0.303113
vt 0.680634 0.290368
vt 0.673951 0.296018
vt 0.703296 0.311015
vt 0.677147 0.310254
vt 0.667254 0.300924
vt 0.663180 0.276994
vt 0.663180 0.288670
vt 0.666651 0.265742
vt 0.716961 0.285258
vt 0.713934 0.299645
vt 0.708482 0.260514
vt 0.694843 0.263037
vt 0.696984 0.253316
vt 0.679415 0.265093
vt 0.674984 0.257051
vt 0.714837 0.272179
vt 0.701609 0.267854
vt 0.692375 0.271416
vt 0.683577 0.272339
vt 0.695723 0.274343
vt 0.679764 0.280208
vt 0.697663 0.278782
vt 0.698751 0.284169
vt 0.684276 0.294318
vt 0.703420 0.277360
vt 0.922747 0.816875
vt 0.902185 0.808590
vt 0.921058 0.802098
vt 0.920438 0.852861
vt 0.900717 0.860469
vt 0.899831 0.846365
vt 0.903574 0.883059
vt 0.920351 0.871037
vt 0.921223 0.882054
vt 0.902121 0.872727
vt 0.920038 0.859099
vt 0.921749 0.835901
vt 0.922510 0.786921
vt 0.905172 0.780931
vt 0.923123 0.784528
vt 0.920718 0.794309
vt 0.903663 0.787709
vt 0.901101 0.828745
vt 0.902548 0.817529
vt 0.906243 0.776449
vt 0.924103 0.780136
vt 0.902184 0.798352
vt 0.822139 0.828668
vt 0.816965 0.776371
vt 0.912342 0.762473
vt 0.977196 0.099453
vt 0.971605 0.006130
vt 0.977196 0.006991
vt 0.822578 0.860436
vt 0.820687 0.817432
vt 0.971605 0.100313
vt 0.966938 0.005749
vt 0.823409 0.846307
vt 0.918971 0.098624
vt 0.910474 0.009218
vt 0.918971 0.007819
vt 0.911842 0.896408
vt 0.819788 0.883059
vt 0.821046 0.798250
vt 0.978882 0.099298
vt 0.978882 0.007146
vt 0.821055 0.808477
vt 0.982153 0.098525
vt 0.982153 0.007919
vt 0.930588 0.100379
vt 0.927832 0.006707
vt 0.930588 0.006064
vt 0.966938 0.100695
vt 0.955973 0.005727
vt 0.819544 0.787623
vt 0.942315 0.100855
vt 0.942315 0.005588
vt 0.927832 0.099737
vt 0.818034 0.780851
vt 0.865543 0.027535
vt 0.866609 0.047693
vt 0.864220 0.049038
vt 0.829965 0.142531
vt 0.836230 0.119650
vt 0.842872 0.142122
vt 0.831046 0.093374
vt 0.819575 0.073143
vt 0.832205 0.070455
vt 0.799463 0.909381
vt 0.820139 0.907928
vt 0.821599 0.910310
vt 0.825576 0.116351
vt 0.831365 0.097941
vt 0.834953 0.115200
vt 0.825883 0.117847
vt 0.835325 0.116696
vt 0.826157 0.119342
vt 0.835775 0.118176
vt 0.826374 0.120838
vt 0.821982 0.099064
vt 0.831121 0.096429
vt 0.821676 0.097568
vt 0.831022 0.094906
vt 0.821192 0.094576
vt 0.821404 0.096073
vt 0.808794 0.443850
vt 0.879027 0.454472
vt 0.808794 0.454472
vt 0.808794 0.359991
vt 0.879027 0.370618
vt 0.808794 0.370618
vt 0.808794 0.381240
vt 0.879027 0.401753
vt 0.808794 0.401753
vt 0.808794 0.349770
vt 0.879027 0.359991
vt 0.808794 0.433223
vt 0.879027 0.443850
vt 0.808794 0.423002
vt 0.879027 0.433223
vt 0.808794 0.339144
vt 0.879027 0.349770
vt 0.808794 0.412376
vt 0.879027 0.423002
vt 0.955973 0.100716
vt 0.808794 0.328521
vt 0.879027 0.339144
vt 0.879027 0.381240
vt 0.879027 0.412376
vt 0.325383 0.380271
vt 0.904145 0.315280
vt 0.907716 0.290380
vt 0.907716 0.315459
vt 0.214533 0.861315
vt 0.214535 0.858666
vt 0.145979 0.300208
vt 0.144324 0.285820
vt 0.035098 0.270386
vt 0.080325 0.298374
vt 0.046592 0.309872
vt 0.084971 0.312385
vt 0.054127 0.326154
vt 0.105427 0.254583
vt 0.112398 0.291063
vt 0.115402 0.305716
vt 0.148039 0.319144
vt 0.147059 0.309867
vt 0.088295 0.321413
vt 0.061671 0.335364
vt 0.091483 0.329740
vt 0.068510 0.342098
vt 0.117415 0.315435
vt 0.119196 0.324281
vt 0.148502 0.323943
vt 0.093008 0.333866
vt 0.071307 0.345270
vt 0.120044 0.328763
vt 0.081143 0.114909
vt 0.122082 0.114246
vt 0.082484 0.121455
vt 0.129885 0.171752
vt 0.092452 0.177490
vt 0.055351 0.184343
vt 0.043129 0.122854
vt 0.005588 0.130704
vt 0.044447 0.129195
vt 0.006905 0.137002
vt 0.018299 0.191971
vt 0.121055 0.106557
vt 0.160447 0.109148
vt 0.124050 0.129538
vt 0.047310 0.143245
vt 0.009815 0.150957
vt 0.085229 0.135886
vt 0.754466 0.062295
vt 0.777003 0.040208
vt 0.773168 0.064829
vt 0.729686 0.058903
vt 0.758756 0.036313
vt 0.751595 0.088518
vt 0.770467 0.089892
vt 0.739920 0.005588
vt 0.765051 0.010101
vt 0.792749 0.043886
vt 0.796658 0.021830
vt 0.799363 0.023119
vt 0.787510 0.090876
vt 0.786602 0.066546
vt 0.789759 0.066914
vt 0.785391 0.042156
vt 0.784075 0.015447
vt 0.792661 0.019295
vt 0.789764 0.043200
vt 0.784187 0.090724
vt 0.779408 0.090452
vt 0.782002 0.065975
vt 0.098740 0.070567
vt 0.102806 0.027942
vt 0.702107 0.072646
vt 0.687550 0.096283
vt 0.674369 0.077830
vt 0.698276 0.094093
vt 0.707775 0.099261
vt 0.726383 0.086762
vt 0.712102 0.656167
vt 0.728727 0.639585
vt 0.725145 0.656660
vt 0.720666 0.520490
vt 0.724013 0.521964
vt 0.723407 0.526375
vt 0.787916 0.656550
vt 0.787889 0.639261
vt 0.748654 0.616781
vt 0.787852 0.616492
vt 0.752001 0.588798
vt 0.787795 0.588717
vt 0.887165 0.108692
vt 0.885483 0.117324
vt 0.882817 0.116108
vt 0.899297 0.059826
vt 0.896321 0.082293
vt 0.896744 0.060027
vt 0.733716 0.522630
vt 0.724523 0.525152
vt 0.725905 0.521138
vt 0.717392 0.527161
vt 0.716254 0.524163
vt 0.783677 0.536253
vt 0.729277 0.529157
vt 0.728145 0.535444
vt 0.766723 0.554429
vt 0.745443 0.569281
vt 0.708921 0.540686
vt 0.709153 0.577540
vt 0.709009 0.528561
vt 0.709076 0.526526
vt 0.734915 0.851419
vt 0.719145 0.840627
vt 0.729849 0.829211
vt 0.711703 0.831977
vt 0.716497 0.818213
vt 0.976537 0.484732
vt 0.974616 0.470200
vt 0.980508 0.471177
vt 0.118515 0.835641
vt 0.109287 0.826197
vt 0.118386 0.822194
vt 0.989100 0.497521
vt 0.112164 0.839400
vt 0.101398 0.852999
vt 0.989858 0.519359
vt 0.983350 0.498918
vt 0.107243 0.853930
vt 0.101398 0.874805
vt 0.952516 0.480553
vt 0.927683 0.485352
vt 0.952603 0.466255
vt 0.724859 0.877508
vt 0.734977 0.879203
vt 0.931456 0.514184
vt 0.919347 0.513157
vt 0.688638 0.808611
vt 0.701524 0.657813
vt 0.696571 0.669090
vt 0.693295 0.669346
vt 0.991803 0.496200
vt 0.702956 0.662257
vt 0.707130 0.643087
vt 0.704464 0.651400
vt 0.701263 0.643224
vt 0.722616 0.520069
vt 0.724203 0.517163
vt 0.720804 0.518135
vt 0.906844 0.500886
vt 0.895902 0.524552
vt 0.894630 0.501796
vt 0.890204 0.475215
vt 0.906157 0.472953
vt 0.893900 0.467395
vt 0.900767 0.466255
vt 0.880026 0.122485
vt 0.898987 0.083508
vt 0.992466 0.519593
vt 0.882692 0.123701
vt 0.878155 0.130930
vt 0.537732 0.748623
vt 0.521106 0.732041
vt 0.534149 0.731548
vt 0.696728 0.520344
vt 0.693667 0.521912
vt 0.694788 0.520038
vt 0.596917 0.731655
vt 0.557677 0.763520
vt 0.596891 0.748943
vt 0.596874 0.763789
vt 0.561033 0.795044
vt 0.596827 0.795101
vt 0.880099 0.018853
vt 0.880879 0.012436
vt 0.882823 0.020810
vt 0.892849 0.038100
vt 0.684521 0.522741
vt 0.693383 0.524818
vt 0.688978 0.529189
vt 0.700475 0.526865
vt 0.701794 0.523947
vt 0.634954 0.536064
vt 0.651949 0.554287
vt 0.690816 0.535747
vt 0.673126 0.569134
vt 0.694471 0.526202
vt 0.691881 0.521204
vt 0.725271 0.908988
vt 0.707439 0.910514
vt 0.716572 0.901586
vt 0.714733 0.919456
vt 0.697584 0.916266
vt 0.966886 0.559722
vt 0.970739 0.551230
vt 0.972945 0.559788
vt 0.109360 0.917971
vt 0.118400 0.913727
vt 0.118427 0.921754
vt 0.985231 0.540648
vt 0.979785 0.538266
vt 0.101456 0.896551
vt 0.111914 0.910193
vt 0.983891 0.518828
vt 0.107250 0.895681
vt 0.922610 0.545316
vt 0.946523 0.550802
vt 0.944396 0.559788
vt 0.933672 0.539239
vt 0.966445 0.551066
vt 0.698526 0.925502
vt 0.502299 0.718863
vt 0.511960 0.725951
vt 0.510528 0.730395
vt 0.505575 0.719119
vt 0.975939 0.558038
vt 0.513468 0.736809
vt 0.516134 0.745122
vt 0.695897 0.518232
vt 0.693258 0.517425
vt 0.906915 0.548184
vt 0.908171 0.524533
vt 0.906117 0.568197
vt 0.894699 0.547311
vt 0.893771 0.573552
vt 0.890204 0.565673
vt 0.883110 0.005588
vt 0.878155 0.010479
vt 0.895292 0.036483
vt 0.987672 0.542411
vt 0.891626 0.007098
vt 0.885833 0.007546
vt 0.505886 0.702246
vt 0.408563 0.866164
vt 0.387656 0.896705
vt 0.383433 0.864820
vt 0.433645 0.866164
vt 0.454553 0.896705
vt 0.433644 0.896614
vt 0.408565 0.842787
vt 0.431156 0.821127
vt 0.433643 0.842787
vt 0.490372 0.954499
vt 0.469644 0.929420
vt 0.490372 0.929420
vt 0.455445 0.842783
vt 0.433645 0.863515
vt 0.386760 0.863510
vt 0.386764 0.842783
vt 0.455449 0.863510
vt 0.431122 0.917371
vt 0.408565 0.896614
vt 0.213521 0.925097
vt 0.238600 0.957148
vt 0.213521 0.957261
vt 0.226441 0.861325
vt 0.247546 0.891880
vt 0.226415 0.891773
vt 0.226480 0.815914
vt 0.226463 0.837950
vt 0.248498 0.837970
vt 0.226443 0.858677
vt 0.248479 0.858697
vt 0.935279 0.884528
vt 0.947221 0.884331
vt 0.226394 0.912903
vt 0.328957 0.356447
vt 0.642023 0.960493
vt 0.621295 0.960493
vt 0.934333 0.695390
vt 0.929158 0.724879
vt 0.935907 0.691758
vt 0.132784 0.784226
vt 0.133010 0.758199
vt 0.141750 0.770178
vt 0.325448 0.782642
vt 0.117707 0.681405
vt 0.120220 0.695572
vt 0.111837 0.691084
vt 0.324033 0.663967
vt 0.179211 0.636270
vt 0.169955 0.653767
vt 0.165145 0.641164
vt 0.324380 0.755357
vt 0.324290 0.739506
vt 0.144869 0.658230
vt 0.140455 0.652530
vt 0.146180 0.654855
vt 0.101398 0.729996
vt 0.118717 0.735325
vt 0.103193 0.740179
vt 0.128644 0.712821
vt 0.111913 0.719577
vt 0.114440 0.709716
vt 0.323757 0.678403
vt 0.132605 0.729408
vt 0.138854 0.716706
vt 0.129649 0.678051
vt 0.123792 0.672343
vt 0.129163 0.737791
vt 0.119397 0.739175
vt 0.127393 0.743294
vt 0.325739 0.789208
vt 0.136310 0.658423
vt 0.136815 0.671951
vt 0.130247 0.665827
vt 0.138669 0.655265
vt 0.143338 0.662442
vt 0.325930 0.794596
vt 0.105821 0.747660
vt 0.120114 0.742605
vt 0.150935 0.675276
vt 0.154302 0.666363
vt 0.155377 0.660351
vt 0.155649 0.656848
vt 0.126664 0.744840
vt 0.167226 0.752844
vt 0.175728 0.757860
vt 0.185163 0.685162
vt 0.171171 0.698612
vt 0.170805 0.678455
vt 0.178968 0.718426
vt 0.161939 0.714345
vt 0.172149 0.730746
vt 0.182055 0.699547
vt 0.155782 0.686846
vt 0.144736 0.699595
vt 0.147498 0.683397
vt 0.135458 0.741302
vt 0.158629 0.677187
vt 0.131815 0.746585
vt 0.148406 0.701746
vt 0.160197 0.660539
vt 0.157792 0.758170
vt 0.187211 0.667926
vt 0.171448 0.666416
vt 0.187644 0.662395
vt 0.171073 0.661140
vt 0.129298 0.749518
vt 0.125455 0.746271
vt 0.159804 0.658098
vt 0.188374 0.654576
vt 0.136626 0.731219
vt 0.141492 0.717496
vt 0.120967 0.746443
vt 0.107811 0.751455
vt 0.326396 0.801183
vt 0.325346 0.642055
vt 0.325474 0.636270
vt 0.325129 0.768536
vt 0.116894 0.726408
vt 0.183565 0.718806
vt 0.324739 0.648962
vt 0.324319 0.695456
vt 0.103258 0.708838
vt 0.324281 0.712640
vt 0.132111 0.699524
vt 0.132914 0.691939
vt 0.124739 0.685400
vt 0.160411 0.666929
vt 0.160427 0.726650
vt 0.124835 0.756510
vt 0.174458 0.724342
vt 0.160810 0.738866
vt 0.162966 0.750099
vt 0.172571 0.737901
vt 0.146151 0.747112
vt 0.132023 0.747587
vt 0.737821 0.285348
vt 0.746199 0.288594
vt 0.739359 0.294405
vt 0.769113 0.276355
vt 0.761725 0.273164
vt 0.767709 0.267213
vt 0.764478 0.282832
vt 0.763507 0.277553
vt 0.765714 0.301374
vt 0.749922 0.292606
vt 0.760677 0.292413
vt 0.772019 0.283814
vt 0.763941 0.288019
vt 0.742831 0.308994
vt 0.769407 0.308994
vt 0.779284 0.297715
vt 0.771569 0.293218
vt 0.780111 0.271747
vt 0.774615 0.260694
vt 0.781971 0.284021
vt 0.728137 0.286741
vt 0.732464 0.299514
vt 0.732317 0.262521
vt 0.745761 0.262672
vt 0.740056 0.268383
vt 0.761488 0.262172
vt 0.764561 0.253316
vt 0.745836 0.301682
vt 0.728263 0.274413
vt 0.739756 0.277665
vt 0.741865 0.253634
vt 0.758469 0.270124
vt 0.746692 0.273719
vt 0.749546 0.270456
vt 0.745456 0.278246
vt 0.745106 0.283556
vt 0.800472 0.816794
vt 0.802164 0.802010
vt 0.802806 0.852850
vt 0.803226 0.859108
vt 0.802949 0.871069
vt 0.802109 0.882106
vt 0.821215 0.872713
vt 0.801472 0.835849
vt 0.800709 0.786844
vt 0.800095 0.784452
vt 0.802503 0.794228
vt 0.799115 0.780062
vt 0.819954 0.048178
vt 0.819792 0.029437
vt 0.842345 0.026890
vt 0.820755 0.028462
vt 0.813156 0.005929
vt 0.826095 0.005588
vt 0.821814 0.049994
vt 0.812324 0.052909
vt 0.820139 0.954643
vt 0.799463 0.953190
vt 0.799759 0.931286
vt 0.819569 0.047104
vt 0.810540 0.032507
vt 0.818796 0.031603
vt 0.810604 0.030922
vt 0.819141 0.030511
vt 0.810713 0.029369
vt 0.810822 0.027846
vt 0.811350 0.048407
vt 0.811593 0.049947
vt 0.820720 0.049136
vt 0.811918 0.051446
vt 0.408564 0.863515
vt 0.325385 0.356447
vt 0.324781 0.368359
vt 0.469643 0.954499
vt 0.466072 0.929599
vt 0.879027 0.474985
vt 0.808794 0.474985
vt 0.915917 0.705159
vt 0.895829 0.705159
vt 0.440720 0.634453
vt 0.390578 0.659524
vt 0.390578 0.634453
vt 0.440720 0.659524
vt 0.390578 0.709666
vt 0.440720 0.734737
vt 0.390578 0.759808
vt 0.390578 0.734737
vt 0.440720 0.759808
vt 0.390578 0.809950
vt 0.340436 0.759808
vt 0.340436 0.734737
vt 0.490862 0.759808
vt 0.440720 0.709666
vt 0.490862 0.734737
vt 0.340436 0.709666
vt 0.440720 0.609382
vt 0.390578 0.609382
vt 0.440720 0.809950
vt 0.377902 0.257024
vt 0.379360 0.222610
vt 0.393676 0.244219
vt 0.398880 0.278279
vt 0.411892 0.262669
vt 0.423564 0.295092
vt 0.433325 0.277265
vt 0.451027 0.306833
vt 0.457170 0.287457
vt 0.480240 0.313063
vt 0.482535 0.292864
vt 0.510112 0.313550
vt 0.508471 0.293281
vt 0.539530 0.308273
vt 0.534006 0.288688
vt 0.567408 0.297414
vt 0.558185 0.279248
vt 0.592708 0.281329
vt 0.580100 0.265313
vt 0.349516 0.116884
vt 0.377990 0.097666
vt 0.368823 0.122010
vt 0.344174 0.145713
vt 0.364220 0.147428
vt 0.344273 0.175338
vt 0.364387 0.173281
vt 0.350073 0.204539
vt 0.369479 0.198660
vt 0.361425 0.232127
vt 0.359457 0.089877
vt 0.390620 0.073903
vt 0.536390 0.349029
vt 0.589608 0.524474
vt 0.512910 0.587420
vt 0.356133 0.088452
vt 0.372004 0.064621
vt 0.559278 0.361008
vt 0.539151 0.343863
vt 0.561234 0.358623
vt 0.557520 0.363149
vt 0.537696 0.346584
vt 0.345953 0.115907
vt 0.577632 0.379362
vt 0.580015 0.377405
vt 0.575490 0.381120
vt 0.340436 0.145377
vt 0.592052 0.400944
vt 0.594772 0.399490
vt 0.589608 0.402251
vt 0.601985 0.424926
vt 0.604937 0.424030
vt 0.599334 0.425730
vt 0.340509 0.175716
vt 0.607048 0.450384
vt 0.610118 0.450082
vt 0.604291 0.450655
vt 0.346439 0.205636
vt 0.610118 0.476644
vt 0.607048 0.476341
vt 0.358066 0.233908
vt 0.601984 0.501799
vt 0.604936 0.502695
vt 0.604291 0.476069
vt 0.374949 0.259421
vt 0.592052 0.525780
vt 0.594772 0.527234
vt 0.421736 0.298428
vt 0.577631 0.547362
vt 0.580015 0.549318
vt 0.575489 0.545604
vt 0.449876 0.310460
vt 0.559277 0.565717
vt 0.561234 0.568101
vt 0.557519 0.563575
vt 0.479809 0.316844
vt 0.537695 0.580138
vt 0.539149 0.582858
vt 0.536388 0.577694
vt 0.510417 0.317345
vt 0.513714 0.590072
vt 0.514609 0.593024
vt 0.540562 0.311940
vt 0.488557 0.598205
vt 0.488256 0.595136
vt 0.461996 0.598206
vt 0.462299 0.595136
vt 0.487984 0.592378
vt 0.569133 0.300818
vt 0.436841 0.590073
vt 0.435946 0.593025
vt 0.462570 0.592379
vt 0.614387 0.260515
vt 0.595072 0.284337
vt 0.412858 0.580142
vt 0.411404 0.582864
vt 0.437645 0.587422
vt 0.598873 0.247531
vt 0.077072 0.608333
vt 0.054814 0.594461
vt 0.055344 0.593815
vt 0.076679 0.609070
vt 0.054285 0.595106
vt 0.392375 0.075122
vt 0.378667 0.097752
vt 0.101215 0.618334
vt 0.100973 0.619133
vt 0.076285 0.609806
vt 0.369439 0.122074
vt 0.126845 0.623432
vt 0.126763 0.624263
vt 0.100731 0.619931
vt 0.364942 0.147473
vt 0.153059 0.624263
vt 0.152977 0.623432
vt 0.126682 0.625093
vt 0.365134 0.173203
vt 0.178850 0.619133
vt 0.178607 0.618334
vt 0.179092 0.619931
vt 0.370216 0.198440
vt 0.203144 0.609070
vt 0.202750 0.608333
vt 0.203537 0.609805
vt 0.380048 0.222249
vt 0.225008 0.594461
vt 0.224478 0.593815
vt 0.225537 0.595105
vt 0.394283 0.243729
vt 0.243602 0.575867
vt 0.242956 0.575337
vt 0.244247 0.576396
vt 0.412392 0.262070
vt 0.257475 0.553609
vt 0.258211 0.554003
vt 0.433700 0.276580
vt 0.267475 0.529466
vt 0.268274 0.529708
vt 0.258947 0.554396
vt 0.457407 0.286713
vt 0.272573 0.503836
vt 0.273404 0.503918
vt 0.269072 0.529950
vt 0.482624 0.292088
vt 0.273404 0.477622
vt 0.272573 0.477704
vt 0.274234 0.504000
vt 0.508408 0.292501
vt 0.268274 0.451831
vt 0.267475 0.452074
vt 0.269072 0.451589
vt 0.533792 0.287931
vt 0.258211 0.427537
vt 0.257475 0.427931
vt 0.258947 0.427144
vt 0.557817 0.278543
vt 0.243602 0.405673
vt 0.242957 0.406203
vt 0.244247 0.405144
vt 0.579553 0.264680
vt 0.225008 0.387079
vt 0.224478 0.387725
vt 0.225538 0.386434
vt 0.598072 0.246857
vt 0.535716 0.035674
vt 0.569364 0.028216
vt 0.559511 0.045996
vt 0.593971 0.045162
vt 0.580874 0.060711
vt 0.614849 0.066530
vt 0.599002 0.079265
vt 0.631222 0.091515
vt 0.613220 0.100963
vt 0.642481 0.119183
vt 0.622996 0.124992
vt 0.648214 0.148500
vt 0.627969 0.150456
vt 0.648211 0.178387
vt 0.627953 0.176408
vt 0.642454 0.207751
vt 0.622947 0.201877
vt 0.631072 0.235504
vt 0.613080 0.225909
vt 0.412149 0.056445
vt 0.426242 0.024648
vt 0.434689 0.042989
vt 0.453791 0.014418
vt 0.458964 0.033913
vt 0.483004 0.009363
vt 0.484483 0.029548
vt 0.512789 0.009978
vt 0.510388 0.030127
vt 0.541955 0.016338
vt 0.400925 0.039022
vt 0.393035 0.563578
vt 0.375065 0.381122
vt 0.462571 0.334349
vt 0.376903 0.056110
vt 0.398929 0.035884
vt 0.513714 0.336654
vt 0.514610 0.333702
vt 0.512910 0.339306
vt 0.424674 0.021272
vt 0.488256 0.331591
vt 0.488559 0.328521
vt 0.487984 0.334348
vt 0.452813 0.010789
vt 0.462299 0.331591
vt 0.461997 0.328522
vt 0.482720 0.005588
vt 0.436841 0.336656
vt 0.435946 0.333704
vt 0.437645 0.339307
vt 0.513235 0.006205
vt 0.412860 0.346589
vt 0.411406 0.343869
vt 0.414166 0.349033
vt 0.543122 0.012717
vt 0.391278 0.361010
vt 0.389322 0.358626
vt 0.393036 0.363152
vt 0.571209 0.024887
vt 0.372923 0.379364
vt 0.370539 0.377407
vt 0.596422 0.042250
vt 0.355783 0.399492
vt 0.358503 0.400947
vt 0.360947 0.402253
vt 0.617815 0.064145
vt 0.348570 0.424928
vt 0.345618 0.424032
vt 0.351221 0.425732
vt 0.634591 0.089746
vt 0.343506 0.450386
vt 0.340437 0.450083
vt 0.346264 0.450658
vt 0.646127 0.118094
vt 0.343506 0.476343
vt 0.340436 0.476645
vt 0.346264 0.476072
vt 0.652003 0.148132
vt 0.348570 0.501801
vt 0.345619 0.502696
vt 0.351222 0.500997
vt 0.652003 0.178756
vt 0.355783 0.527237
vt 0.358503 0.525782
vt 0.360947 0.524476
vt 0.646109 0.208849
vt 0.370540 0.549322
vt 0.372924 0.547365
vt 0.375066 0.545607
vt 0.634449 0.237303
vt 0.391277 0.565720
vt 0.389320 0.568104
vt 0.617320 0.262970
vt 0.414165 0.577698
vt 0.036866 0.575337
vt 0.036221 0.575867
vt 0.035576 0.576396
vt 0.412353 0.057208
vt 0.022348 0.553609
vt 0.021611 0.554003
vt 0.020876 0.554396
vt 0.434834 0.043669
vt 0.012348 0.529466
vt 0.011548 0.529708
vt 0.010750 0.529950
vt 0.459102 0.034618
vt 0.006418 0.503918
vt 0.007250 0.503836
vt 0.005588 0.504000
vt 0.484530 0.030296
vt 0.006418 0.477622
vt 0.007250 0.477704
vt 0.005588 0.477540
vt 0.510299 0.030890
vt 0.011548 0.451831
vt 0.012348 0.452074
vt 0.010750 0.451589
vt 0.535481 0.036413
vt 0.021611 0.427537
vt 0.022348 0.427931
vt 0.020876 0.427144
vt 0.559134 0.046679
vt 0.036221 0.405673
vt 0.036866 0.406203
vt 0.035576 0.405144
vt 0.580371 0.061309
vt 0.055345 0.387725
vt 0.054815 0.387079
vt 0.054286 0.386434
vt 0.598394 0.079755
vt 0.077073 0.373207
vt 0.076679 0.372470
vt 0.076286 0.371734
vt 0.612528 0.101327
vt 0.101216 0.363206
vt 0.100973 0.362407
vt 0.100731 0.361609
vt 0.622247 0.125217
vt 0.126764 0.357277
vt 0.126845 0.358108
vt 0.126682 0.356447
vt 0.627188 0.150533
vt 0.153059 0.357277
vt 0.152978 0.358108
vt 0.153141 0.356447
vt 0.627166 0.176330
vt 0.178850 0.362407
vt 0.178608 0.363206
vt 0.179092 0.361609
vt 0.622195 0.201638
vt 0.203144 0.372470
vt 0.202750 0.373207
vt 0.203537 0.371734
vt 0.612362 0.225482
vt 0.820161 0.715955
vt 0.834702 0.726208
vt 0.820934 0.729288
vt 0.841884 0.713253
vt 0.849081 0.726199
vt 0.841892 0.726197
vt 0.863609 0.715930
vt 0.876565 0.732353
vt 0.862852 0.729263
vt 0.799114 0.714002
vt 0.807224 0.732395
vt 0.799627 0.732506
vt 0.859677 0.303348
vt 0.872240 0.295731
vt 0.872240 0.303348
vt 0.362299 0.916354
vt 0.362002 0.920321
vt 0.361406 0.920088
vt 0.832950 0.669377
vt 0.841867 0.654674
vt 0.841870 0.669373
vt 0.289223 0.878439
vt 0.279758 0.863038
vt 0.289328 0.863105
vt 0.311354 0.863201
vt 0.294867 0.813049
vt 0.311601 0.813132
vt 0.362688 0.871243
vt 0.372077 0.821127
vt 0.372257 0.871179
vt 0.925593 0.113522
vt 0.921187 0.119853
vt 0.921187 0.113522
vt 0.832936 0.639252
vt 0.841864 0.588717
vt 0.841866 0.639250
vt 0.931599 0.638781
vt 0.936776 0.588717
vt 0.936776 0.638781
vt 0.841880 0.703371
vt 0.832966 0.688497
vt 0.841874 0.688491
vt 0.831127 0.708877
vt 0.841882 0.707850
vt 0.841882 0.708848
vt 0.850786 0.684063
vt 0.841873 0.684062
vt 0.834582 0.713283
vt 0.362793 0.886575
vt 0.371245 0.890541
vt 0.289738 0.908236
vt 0.290040 0.912211
vt 0.285618 0.909753
vt 0.936776 0.658094
vt 0.832942 0.654677
vt 0.294561 0.878471
vt 0.311298 0.878453
vt 0.807220 0.751134
vt 0.799664 0.751148
vt 0.862949 0.751138
vt 0.876592 0.751091
vt 0.849168 0.751194
vt 0.841907 0.751207
vt 0.834645 0.751204
vt 0.820864 0.751165
vt 0.340713 0.886594
vt 0.357387 0.871276
vt 0.357455 0.886607
vt 0.280768 0.882409
vt 0.289012 0.893308
vt 0.280929 0.896031
vt 0.371089 0.904153
vt 0.363011 0.901438
vt 0.357432 0.901314
vt 0.360124 0.886593
vt 0.360210 0.901374
vt 0.289543 0.813024
vt 0.340659 0.871334
vt 0.357172 0.821184
vt 0.295027 0.907753
vt 0.309852 0.911363
vt 0.295227 0.911578
vt 0.921187 0.124314
vt 0.928703 0.139451
vt 0.921187 0.139451
vt 0.311344 0.892960
vt 0.294592 0.893179
vt 0.357017 0.915884
vt 0.340675 0.901111
vt 0.360037 0.871261
vt 0.291979 0.863123
vt 0.291892 0.878458
vt 0.359187 0.919773
vt 0.359628 0.916067
vt 0.851181 0.705619
vt 0.841881 0.705611
vt 0.292205 0.813032
vt 0.294629 0.863138
vt 0.913714 0.122083
vt 0.921187 0.122083
vt 0.292865 0.911661
vt 0.292413 0.907944
vt 0.359836 0.821168
vt 0.291813 0.893242
vt 0.342193 0.919534
vt 0.340436 0.915562
vt 0.311601 0.907398
vt 0.832960 0.684068
vt 0.847114 0.296060
vt 0.847114 0.303348
vt 0.847114 0.310637
vt 0.859677 0.316496
vt 0.850789 0.669373
vt 0.832579 0.705627
vt 0.831104 0.703382
vt 0.928660 0.122083
vt 0.930360 0.124681
vt 0.930098 0.119885
vt 0.831121 0.707874
vt 0.913671 0.139451
vt 0.912014 0.124681
vt 0.884147 0.751096
vt 0.850795 0.639250
vt 0.850792 0.654674
vt 0.941952 0.638781
vt 0.944393 0.658094
vt 0.849186 0.713275
vt 0.852636 0.708867
vt 0.852641 0.707865
vt 0.850782 0.688491
vt 0.852655 0.703374
vt 0.941952 0.588717
vt 0.850795 0.588717
vt 0.916781 0.113522
vt 0.912276 0.119885
vt 0.872240 0.310966
vt 0.877093 0.713752
vt 0.884162 0.732455
vt 0.921187 0.112032
vt 0.921187 0.140941
vt 0.912339 0.140941
vt 0.930440 0.122083
vt 0.911934 0.122083
vt 0.910474 0.119853
vt 0.931900 0.124314
vt 0.926364 0.112032
vt 0.931900 0.119853
vt 0.910474 0.124314
vt 0.930035 0.140941
vt 0.916010 0.112032
vt 0.115596 0.947666
vt 0.107085 0.953353
vt 0.101398 0.944842
vt 0.139889 0.942233
vt 0.137892 0.952272
vt 0.127853 0.950275
vt 0.360881 0.951606
vt 0.357163 0.945147
vt 0.363516 0.947788
vt 0.351008 0.939240
vt 0.344393 0.935805
vt 0.348096 0.933010
vt 0.354267 0.948172
vt 0.357178 0.954400
vt 0.352988 0.938593
vt 0.352590 0.931498
vt 0.352286 0.948820
vt 0.352684 0.955912
vt 0.354987 0.938669
vt 0.357564 0.931498
vt 0.350293 0.948735
vt 0.347712 0.955911
vt 0.356674 0.939496
vt 0.362673 0.933233
vt 0.347692 0.946277
vt 0.342603 0.954177
vt 0.340649 0.949150
vt 0.348602 0.947911
vt 0.357580 0.941135
vt 0.364626 0.938262
vt 0.347538 0.944282
vt 0.340436 0.944180
vt 0.357731 0.943135
vt 0.364837 0.943232
vt 0.348112 0.942264
vt 0.341758 0.939624
vt 0.753568 0.861402
vt 0.754174 0.865042
vt 0.753568 0.865042
vt 0.753568 0.868681
vt 0.754174 0.868681
vt 0.753568 0.872320
vt 0.753658 0.872789
vt 0.754084 0.872789
vt 0.750535 0.868681
vt 0.746895 0.872320
vt 0.746895 0.868681
vt 0.757813 0.868681
vt 0.754174 0.872320
vt 0.751748 0.872320
vt 0.750535 0.875960
vt 0.750535 0.872320
vt 0.752658 0.872320
vt 0.752961 0.875960
vt 0.752658 0.875960
vt 0.752658 0.868681
vt 0.752961 0.872320
vt 0.751748 0.865042
vt 0.750535 0.865042
vt 0.752961 0.865042
vt 0.752658 0.865042
vt 0.751748 0.861402
vt 0.750535 0.861402
vt 0.752961 0.861402
vt 0.752658 0.861402
vt 0.752051 0.861402
vt 0.752354 0.865042
vt 0.752051 0.865042
vt 0.752354 0.861402
vt 0.752051 0.868681
vt 0.751748 0.868681
vt 0.752354 0.868681
vt 0.752051 0.872320
vt 0.752354 0.872320
vt 0.751748 0.875960
vt 0.752051 0.875960
vt 0.752354 0.875960
vt 0.753455 0.875375
vt 0.753074 0.875375
vt 0.752961 0.868681
vt 0.753074 0.872905
vt 0.753455 0.872905
vt 0.753568 0.875960
vt 0.754084 0.875491
vt 0.753658 0.875491
vt 0.754174 0.875960
vt 0.811845 0.576056
vt 0.808794 0.571489
vt 0.813360 0.568438
vt 0.833554 0.569018
vt 0.834626 0.574405
vt 0.829239 0.575476
vt 0.758794 0.812568
vt 0.746895 0.814083
vt 0.746895 0.812568
vt 0.746895 0.800446
vt 0.758794 0.801961
vt 0.746895 0.801961
vt 0.758794 0.811053
vt 0.746895 0.811053
vt 0.746895 0.798931
vt 0.758794 0.800446
vt 0.758794 0.809538
vt 0.746895 0.809538
vt 0.758794 0.797416
vt 0.746895 0.797416
vt 0.758794 0.808022
vt 0.746895 0.808022
vt 0.746895 0.795900
vt 0.746895 0.806507
vt 0.758794 0.817114
vt 0.746895 0.818629
vt 0.746895 0.817114
vt 0.746895 0.794385
vt 0.758794 0.795900
vt 0.758794 0.804992
vt 0.746895 0.804992
vt 0.758794 0.815598
vt 0.746895 0.815598
vt 0.746895 0.803477
vt 0.758794 0.803477
vt 0.634551 0.797311
vt 0.628817 0.593033
vt 0.632636 0.593039
vt 0.047430 0.938881
vt 0.049840 0.950994
vt 0.037727 0.953403
vt 0.665228 0.797285
vt 0.662940 0.593015
vt 0.666726 0.593032
vt 0.641368 0.797261
vt 0.636428 0.593030
vt 0.640214 0.593013
vt 0.637959 0.797283
vt 0.670517 0.593041
vt 0.644000 0.592998
vt 0.672044 0.797347
vt 0.674336 0.593034
vt 0.648185 0.797236
vt 0.647788 0.592988
vt 0.678101 0.593273
vt 0.651593 0.797233
vt 0.651577 0.592985
vt 0.678861 0.797434
vt 0.681858 0.593212
vt 0.655366 0.592989
vt 0.627734 0.797387
vt 0.621295 0.593212
vt 0.625051 0.593273
vt 0.658411 0.797246
vt 0.659154 0.593000
vt 0.631143 0.797346
vt 0.661819 0.797263
vt 0.659168 0.589569
vt 0.662956 0.589591
vt 0.625812 0.589354
vt 0.628940 0.589557
vt 0.655374 0.589555
vt 0.622094 0.588717
vt 0.651577 0.589550
vt 0.681058 0.588717
vt 0.677340 0.589354
vt 0.647781 0.589554
vt 0.674212 0.589558
vt 0.643987 0.589567
vt 0.670482 0.589623
vt 0.640198 0.589588
vt 0.666731 0.589616
vt 0.632670 0.589621
vt 0.636422 0.589612
vt 0.256654 0.944435
vt 0.252932 0.925724
vt 0.265639 0.930988
vt 0.657793 0.949506
vt 0.663295 0.941272
vt 0.671528 0.946774
vt 0.921293 0.303405
vt 0.949395 0.300192
vt 0.949395 0.303405
vt 0.074340 0.818872
vt 0.067966 0.727495
vt 0.073132 0.727411
vt 0.026722 0.818974
vt 0.021589 0.727671
vt 0.026758 0.727714
vt 0.069047 0.818939
vt 0.062825 0.727569
vt 0.021439 0.818969
vt 0.016389 0.727643
vt 0.063744 0.818953
vt 0.057688 0.727598
vt 0.016156 0.818961
vt 0.011139 0.727558
vt 0.053153 0.818971
vt 0.052540 0.727624
vt 0.005588 0.818942
vt 0.005769 0.727347
vt 0.047862 0.818976
vt 0.042225 0.727686
vt 0.047380 0.727639
vt 0.090221 0.818659
vt 0.083596 0.727161
vt 0.088970 0.726889
vt 0.042575 0.818979
vt 0.037069 0.727677
vt 0.084927 0.818731
vt 0.078336 0.727298
vt 0.032005 0.818978
vt 0.031909 0.727701
vt 0.079633 0.818802
vt 0.431132 0.952479
vt 0.426164 0.958765
vt 0.427928 0.952232
vt 0.437350 0.957532
vt 0.434205 0.951540
vt 0.436724 0.949544
vt 0.444719 0.949027
vt 0.438341 0.946767
vt 0.445596 0.943369
vt 0.438833 0.943592
vt 0.444348 0.937780
vt 0.438133 0.940455
vt 0.441148 0.933032
vt 0.436337 0.937791
vt 0.433692 0.935965
vt 0.426164 0.928988
vt 0.431132 0.935274
vt 0.427928 0.935521
vt 0.421009 0.931481
vt 0.425035 0.936920
vt 0.417119 0.935682
vt 0.422852 0.939278
vt 0.421679 0.942270
vt 0.421679 0.945483
vt 0.415030 0.941014
vt 0.422852 0.948475
vt 0.415030 0.946740
vt 0.425035 0.950833
vt 0.417119 0.952071
vt 0.072005 0.937577
vt 0.078475 0.947261
vt 0.068791 0.953732
vt 0.949395 0.274484
vt 0.921293 0.271271
vt 0.949395 0.271271
vt 0.921293 0.300192
vt 0.949395 0.296978
vt 0.949395 0.268057
vt 0.921293 0.296978
vt 0.949395 0.293765
vt 0.921293 0.264844
vt 0.949395 0.264844
vt 0.921293 0.293765
vt 0.949395 0.290551
vt 0.949395 0.261630
vt 0.921293 0.290551
vt 0.949395 0.287338
vt 0.921293 0.261630
vt 0.949395 0.258417
vt 0.921293 0.284125
vt 0.949395 0.280911
vt 0.949395 0.284125
vt 0.921293 0.287338
vt 0.921293 0.309832
vt 0.949395 0.306619
vt 0.949395 0.309832
vt 0.921293 0.277698
vt 0.949395 0.277698
vt 0.921293 0.306619
vt 0.846309 0.275644
vt 0.817128 0.244682
vt 0.843502 0.242453
vt 0.595027 0.897253
vt 0.598810 0.931001
vt 0.592221 0.930444
vt 0.544341 0.926395
vt 0.504845 0.889628
vt 0.547148 0.893204
vt 0.917115 0.693983
vt 0.896695 0.660673
vt 0.917115 0.660673
vt 0.917115 0.643670
vt 0.469952 0.863580
vt 0.490372 0.821127
vt 0.490372 0.863580
vt 0.905878 0.220115
vt 0.863311 0.220561
vt 0.905613 0.216984
vt 0.313604 0.448992
vt 0.289075 0.394422
vt 0.292387 0.383307
vt 0.832874 0.226288
vt 0.842070 0.225510
vt 0.548580 0.876262
vt 0.568653 0.895023
vt 0.579282 0.878858
vt 0.865008 0.240634
vt 0.863576 0.223692
vt 0.853844 0.938396
vt 0.833425 0.929167
vt 0.853844 0.929167
vt 0.469952 0.911631
vt 0.490372 0.885163
vt 0.490372 0.911631
vt 0.565847 0.928214
vt 0.867814 0.273825
vt 0.910117 0.270249
vt 0.907311 0.237058
vt 0.570086 0.878080
vt 0.853844 0.907584
vt 0.469952 0.885163
vt 0.507699 0.835662
vt 0.542376 0.806278
vt 0.548652 0.828347
vt 0.923389 0.400270
vt 0.943809 0.397128
vt 0.943809 0.400270
vt 0.896695 0.640528
vt 0.917115 0.640528
vt 0.917115 0.633057
vt 0.895829 0.636468
vt 0.896695 0.633057
vt 0.942942 0.411447
vt 0.922522 0.453900
vt 0.922522 0.411447
vt 0.904456 0.183092
vt 0.869779 0.153708
vt 0.910117 0.166943
vt 0.923389 0.351465
vt 0.943809 0.328521
vt 0.943809 0.351465
vt 0.896695 0.605829
vt 0.917115 0.588717
vt 0.917115 0.605829
vt 0.896695 0.617703
vt 0.917115 0.617703
vt 0.923389 0.374303
vt 0.943809 0.374303
vt 0.903750 0.194944
vt 0.863503 0.175776
vt 0.508406 0.847515
vt 0.550708 0.851091
vt 0.005588 0.956827
vt 0.022827 0.937577
vt 0.022837 0.956827
vt 0.285411 0.472993
vt 0.308156 0.517997
vt 0.290694 0.431615
vt 0.285411 0.356447
vt 0.288292 0.384585
vt 0.955699 0.807878
vt 0.935279 0.841188
vt 0.935279 0.807878
vt 0.751533 0.829806
vt 0.758145 0.850226
vt 0.751533 0.850226
vt 0.469952 0.918243
vt 0.819935 0.277874
vt 0.810540 0.245240
vt 0.322777 0.812984
vt 0.326959 0.834583
vt 0.322777 0.837198
vt 0.835565 0.943047
vt 0.833425 0.938396
vt 0.746896 0.831485
vt 0.798082 0.253316
vt 0.793900 0.274914
vt 0.793148 0.254683
vt 0.741235 0.936679
vt 0.720815 0.958180
vt 0.720815 0.936679
vt 0.767518 0.914111
vt 0.787938 0.948798
vt 0.767518 0.948798
vt 0.403853 0.928548
vt 0.383433 0.960232
vt 0.383433 0.928548
vt 0.896705 0.920770
vt 0.865021 0.942272
vt 0.865021 0.907584
vt 0.907882 0.920770
vt 0.939565 0.942271
vt 0.907882 0.942271
vt 0.935279 0.796702
vt 0.955699 0.762384
vt 0.955699 0.796702
vt 0.688999 0.941521
vt 0.704796 0.938379
vt 0.707938 0.954176
vt 0.808794 0.306472
vt 0.819666 0.290201
vt 0.835937 0.301073
vt 0.311786 0.572368
vt 0.319477 0.577767
vt 0.311786 0.577767
vt 0.319478 0.566969
vt 0.319477 0.572368
vt 0.311786 0.534573
vt 0.319478 0.529174
vt 0.319478 0.534573
vt 0.311786 0.583166
vt 0.319478 0.583166
vt 0.311786 0.539972
vt 0.319478 0.539972
vt 0.319478 0.588566
vt 0.311786 0.588566
vt 0.319478 0.545372
vt 0.311786 0.545372
vt 0.319478 0.593965
vt 0.311786 0.593965
vt 0.311786 0.550771
vt 0.319478 0.550771
vt 0.319478 0.599364
vt 0.311786 0.599364
vt 0.311786 0.556170
vt 0.319478 0.556170
vt 0.319478 0.604763
vt 0.311786 0.604763
vt 0.311786 0.561569
vt 0.319478 0.561569
vt 0.311786 0.610163
vt 0.319478 0.610163
vt 0.311786 0.566969
vt 0.311786 0.615562
vt 0.319478 0.615562
vt 0.676122 0.945860
vt 0.671528 0.949506
vt 0.674377 0.954632
vt 0.670483 0.952030
vt 0.671153 0.957856
vt 0.668551 0.953962
vt 0.666027 0.955007
vt 0.662381 0.959601
vt 0.663295 0.955007
vt 0.658169 0.957856
vt 0.660771 0.953962
vt 0.658839 0.952030
vt 0.653200 0.950419
vt 0.657793 0.946774
vt 0.654945 0.941647
vt 0.658839 0.944250
vt 0.660771 0.942318
vt 0.658169 0.938423
vt 0.662381 0.936679
vt 0.666027 0.941272
vt 0.671153 0.938423
vt 0.668551 0.942318
vt 0.670483 0.944249
vt 0.031587 0.642319
vt 0.026420 0.636270
vt 0.031584 0.636278
vt 0.077559 0.636299
vt 0.072479 0.642293
vt 0.072465 0.636311
vt 0.036714 0.642318
vt 0.036722 0.636295
vt 0.082650 0.636285
vt 0.077575 0.642279
vt 0.041845 0.636309
vt 0.087760 0.642246
vt 0.087742 0.636270
vt 0.052067 0.636325
vt 0.046953 0.642322
vt 0.046958 0.636319
vt 0.011040 0.636450
vt 0.005992 0.642493
vt 0.005934 0.636499
vt 0.057171 0.636327
vt 0.052065 0.642322
vt 0.016151 0.636396
vt 0.011099 0.642449
vt 0.062278 0.642313
vt 0.062272 0.636325
vt 0.021329 0.642364
vt 0.021273 0.636335
vt 0.067370 0.636320
vt 0.067380 0.642304
vt 0.862405 0.486162
vt 0.856090 0.490606
vt 0.856090 0.486162
vt 0.862405 0.530599
vt 0.856090 0.526155
vt 0.862405 0.526155
vt 0.862405 0.490606
vt 0.856090 0.495049
vt 0.856090 0.535043
vt 0.856090 0.530599
vt 0.862405 0.499493
vt 0.862405 0.495049
vt 0.862405 0.535043
vt 0.856090 0.539487
vt 0.856090 0.503937
vt 0.856090 0.499493
vt 0.862405 0.539487
vt 0.856090 0.543930
vt 0.862405 0.508380
vt 0.862405 0.503937
vt 0.862405 0.548374
vt 0.862405 0.543930
vt 0.856090 0.512824
vt 0.856090 0.508380
vt 0.862405 0.552818
vt 0.856090 0.548374
vt 0.862405 0.512824
vt 0.856090 0.517268
vt 0.862405 0.557261
vt 0.856090 0.552818
vt 0.862405 0.521712
vt 0.856090 0.521712
vt 0.862405 0.517268
vt 0.285411 0.615562
vt 0.285411 0.561569
vt 0.285411 0.566969
vt 0.285411 0.604763
vt 0.285411 0.610163
vt 0.285411 0.556170
vt 0.285411 0.550771
vt 0.285411 0.593965
vt 0.285411 0.599364
vt 0.285411 0.545372
vt 0.285411 0.539972
vt 0.285411 0.583166
vt 0.285411 0.588566
vt 0.285411 0.577767
vt 0.285411 0.529174
vt 0.285411 0.534573
vt 0.285411 0.572368
vt 0.923389 0.389656
vt 0.943809 0.389656
vt 0.506542 0.869554
vt 0.548845 0.873131
vt 0.507112 0.862814
vt 0.549415 0.866391
vt 0.944675 0.393068
vt 0.923389 0.397128
vt 0.922523 0.393068
vt 0.907093 0.213105
vt 0.861201 0.216985
vt 0.550955 0.869555
vt 0.505063 0.865675
vt 0.917981 0.636468
vt 0.862741 0.213820
vt 0.905043 0.210244
vt 0.817626 0.517268
vt 0.808794 0.521712
vt 0.808794 0.517268
vt 0.817626 0.521712
vt 0.808794 0.526155
vt 0.817626 0.552818
vt 0.808794 0.557261
vt 0.808794 0.552818
vt 0.808794 0.512824
vt 0.817626 0.512824
vt 0.808794 0.548374
vt 0.817626 0.548374
vt 0.817626 0.508380
vt 0.808794 0.508380
vt 0.817626 0.543930
vt 0.808794 0.543930
vt 0.808794 0.503937
vt 0.817626 0.503937
vt 0.817626 0.539487
vt 0.808794 0.539487
vt 0.808794 0.499493
vt 0.817626 0.499493
vt 0.817626 0.535043
vt 0.808794 0.535043
vt 0.808794 0.495049
vt 0.817626 0.495049
vt 0.808794 0.530599
vt 0.817626 0.530599
vt 0.817626 0.490606
vt 0.808794 0.490606
vt 0.817626 0.526155
vt 0.808794 0.486162
vt 0.817626 0.486162
vt 0.307838 0.940222
vt 0.309954 0.945551
vt 0.307126 0.944608
vt 0.309954 0.934892
vt 0.310819 0.940222
vt 0.285229 0.929461
vt 0.279758 0.931179
vt 0.283349 0.927147
vt 0.307447 0.950333
vt 0.305063 0.948544
vt 0.289082 0.927247
vt 0.288030 0.924458
vt 0.303557 0.954077
vt 0.301861 0.951625
vt 0.293438 0.926367
vt 0.293322 0.923387
vt 0.298681 0.956397
vt 0.297848 0.953534
vt 0.297848 0.926909
vt 0.298681 0.924046
vt 0.293438 0.954077
vt 0.293323 0.957056
vt 0.301860 0.928819
vt 0.303557 0.926367
vt 0.289082 0.953196
vt 0.288030 0.955986
vt 0.305063 0.931899
vt 0.307447 0.930110
vt 0.285229 0.950982
vt 0.283349 0.953296
vt 0.307126 0.935835
vt 0.282274 0.947664
vt 0.279758 0.949264
vt 0.856090 0.557261
vt 0.031939 0.722068
vt 0.026455 0.642331
vt 0.078109 0.721659
vt 0.037069 0.722047
vt 0.083139 0.721528
vt 0.082668 0.642263
vt 0.042204 0.722053
vt 0.041836 0.642320
vt 0.088041 0.721310
vt 0.047339 0.722010
vt 0.011544 0.721921
vt 0.057610 0.721968
vt 0.057173 0.642319
vt 0.016587 0.722001
vt 0.016211 0.642405
vt 0.021679 0.722034
vt 0.062761 0.721936
vt 0.073027 0.721773
vt 0.026800 0.722077
vt 0.052469 0.721994
vt 0.006633 0.721758
vt 0.067906 0.721861
vt 0.210435 0.244468
vt 0.285855 0.246582
vt 0.714556 0.206718
vt 0.160194 0.874545
vt 0.693035 0.712456
vt 0.701263 0.728701
vt 0.725330 0.511684
vt 0.774397 0.867394
vt 0.780534 0.902935
vt 0.892870 0.328521
vt 0.907341 0.424184
vt 0.947314 0.238518
vt 0.502039 0.675753
vt 0.926087 0.229863
vt 0.692767 0.512553
vt 0.906398 0.451612
vt 0.058321 0.926400
vt 0.177265 0.924984
vt 0.214487 0.913807
vt 0.642023 0.948586
vt 0.967006 0.729026
vt 0.940787 0.669707
vt 0.915917 0.748583
vt 0.280680 0.636270
vt 0.281873 0.712640
vt 0.810891 0.762384
vt 0.910474 0.097225
vt 0.811520 0.896408
vt 0.842920 0.048667
vt 0.864141 0.027166
vt 0.866582 0.028553
vt 0.866979 0.029946
vt 0.866979 0.046320
vt 0.865599 0.048688
vt 0.822248 0.931286
vt 0.799115 0.910781
vt 0.800473 0.908340
vt 0.801874 0.907938
vt 0.818722 0.907584
vt 0.821192 0.908925
vt 0.879027 0.328521
vt 0.139885 0.249356
vt 0.070768 0.261607
vt 0.734328 0.031667
vt 0.889831 0.109907
vt 0.724871 0.852044
vt 0.972233 0.484178
vt 0.107294 0.874797
vt 0.938038 0.489881
vt 0.693035 0.659470
vt 0.983200 0.469813
vt 0.880821 0.132146
vt 0.502039 0.728739
vt 0.510267 0.744984
vt 0.900618 0.574805
vt 0.894349 0.009055
vt 0.458775 0.864820
vt 0.406078 0.821127
vt 0.406043 0.917371
vt 0.238600 0.924984
vt 0.251804 0.860001
vt 0.935303 0.852364
vt 0.935620 0.674847
vt 0.104676 0.744357
vt 0.101516 0.720358
vt 0.821599 0.952262
vt 0.821192 0.953646
vt 0.818722 0.954987
vt 0.801874 0.954634
vt 0.800473 0.954231
vt 0.799115 0.951790
vt 0.466072 0.954678
vt 0.490862 0.709666
vt 0.599333 0.500994
vt 0.368747 0.063084
vt 0.396443 0.281201
vt 0.153141 0.625093
vt 0.274234 0.477540
vt 0.374792 0.052998
vt 0.806673 0.713793
vt 0.859677 0.290201
vt 0.366415 0.917865
vt 0.362497 0.821161
vt 0.832933 0.588717
vt 0.931599 0.588717
vt 0.290638 0.911978
vt 0.929158 0.658094
vt 0.279963 0.812984
vt 0.340436 0.821258
vt 0.356830 0.919706
vt 0.884652 0.713952
vt 0.102479 0.942233
vt 0.104476 0.940236
vt 0.107085 0.939155
vt 0.109909 0.939155
vt 0.112518 0.940236
vt 0.114515 0.942233
vt 0.115596 0.944842
vt 0.114515 0.950275
vt 0.112518 0.952272
vt 0.109909 0.953353
vt 0.104476 0.952272
vt 0.102479 0.950275
vt 0.101398 0.947666
vt 0.126772 0.947666
vt 0.126772 0.944842
vt 0.127853 0.942233
vt 0.129850 0.940236
vt 0.132459 0.939155
vt 0.135283 0.939155
vt 0.137892 0.940236
vt 0.140970 0.944842
vt 0.140970 0.947666
vt 0.139889 0.950275
vt 0.135283 0.953353
vt 0.132459 0.953353
vt 0.129850 0.952272
vt 0.355964 0.946894
vt 0.349310 0.940518
vt 0.754174 0.861402
vt 0.757813 0.872320
vt 0.814760 0.569018
vt 0.815831 0.570089
vt 0.816411 0.571489
vt 0.816411 0.573005
vt 0.815831 0.574405
vt 0.814760 0.575476
vt 0.813360 0.576056
vt 0.810445 0.575476
vt 0.809373 0.574405
vt 0.808794 0.573005
vt 0.809373 0.570089
vt 0.810445 0.569018
vt 0.811845 0.568438
vt 0.828168 0.574405
vt 0.827588 0.573005
vt 0.827588 0.571489
vt 0.828168 0.570089
vt 0.829239 0.569018
vt 0.830639 0.568438
vt 0.832154 0.568438
vt 0.834626 0.570089
vt 0.835206 0.571489
vt 0.835206 0.573005
vt 0.833554 0.575476
vt 0.832154 0.576056
vt 0.830639 0.576056
vt 0.758794 0.814083
vt 0.758794 0.798931
vt 0.758794 0.806507
vt 0.758794 0.818629
vt 0.758794 0.794385
vt 0.035317 0.950994
vt 0.034013 0.947846
vt 0.034013 0.944439
vt 0.035317 0.941290
vt 0.037727 0.938881
vt 0.040875 0.937577
vt 0.044282 0.937577
vt 0.049840 0.941290
vt 0.051144 0.944439
vt 0.051144 0.947846
vt 0.047430 0.953403
vt 0.044282 0.954707
vt 0.040875 0.954707
vt 0.668636 0.797313
vt 0.644776 0.797245
vt 0.675453 0.797388
vt 0.655002 0.797237
vt 0.624326 0.797434
vt 0.263531 0.941587
vt 0.260375 0.943695
vt 0.252932 0.943695
vt 0.249777 0.941587
vt 0.249877 0.938431
vt 0.265639 0.938431
vt 0.266379 0.934710
vt 0.260375 0.925724
vt 0.263531 0.927833
vt 0.256654 0.924984
vt 0.249877 0.930988
vt 0.249777 0.927833
vt 0.249877 0.934710
vt 0.058446 0.818963
vt 0.010873 0.818952
vt 0.037289 0.818979
vt 0.431873 0.959205
vt 0.441838 0.953976
vt 0.436436 0.929779
vt 0.431874 0.928548
vt 0.421009 0.956272
vt 0.065822 0.952502
vt 0.063550 0.950230
vt 0.062320 0.947261
vt 0.062320 0.944048
vt 0.063550 0.941079
vt 0.065822 0.938807
vt 0.068791 0.937577
vt 0.074973 0.938807
vt 0.077246 0.941079
vt 0.078475 0.944048
vt 0.077246 0.950230
vt 0.074973 0.952502
vt 0.072005 0.953732
vt 0.921293 0.274484
vt 0.921293 0.268057
vt 0.921293 0.258417
vt 0.921293 0.280911
vt 0.601616 0.897810
vt 0.502039 0.922819
vt 0.896695 0.693983
vt 0.896695 0.643670
vt 0.469952 0.821127
vt 0.506278 0.872685
vt 0.833425 0.907584
vt 0.502039 0.819513
vt 0.942942 0.453900
vt 0.923389 0.328521
vt 0.896695 0.588717
vt 0.861447 0.198521
vt 0.005598 0.937577
vt 0.955699 0.841188
vt 0.758145 0.829806
vt 0.490372 0.918243
vt 0.813346 0.278431
vt 0.327711 0.814351
vt 0.851704 0.943047
vt 0.746896 0.848547
vt 0.798082 0.277529
vt 0.741235 0.958180
vt 0.787938 0.914111
vt 0.403853 0.960232
vt 0.896705 0.942272
vt 0.939565 0.907584
vt 0.935279 0.762384
vt 0.704796 0.957318
vt 0.700691 0.959019
vt 0.696247 0.959019
vt 0.692141 0.957318
vt 0.688999 0.954176
vt 0.687299 0.950070
vt 0.687299 0.945627
vt 0.692141 0.938379
vt 0.696247 0.936679
vt 0.700691 0.936679
vt 0.707938 0.941521
vt 0.709639 0.945627
vt 0.709639 0.950071
vt 0.835937 0.306472
vt 0.833871 0.311461
vt 0.830053 0.315278
vt 0.825065 0.317345
vt 0.819666 0.317345
vt 0.814678 0.315278
vt 0.810860 0.311461
vt 0.808794 0.301073
vt 0.810860 0.296085
vt 0.814678 0.292267
vt 0.825065 0.290201
vt 0.830053 0.292267
vt 0.833871 0.296085
vt 0.311786 0.529174
vt 0.676122 0.950419
vt 0.666941 0.959601
vt 0.654945 0.954632
vt 0.653200 0.945860
vt 0.666941 0.936679
vt 0.674377 0.941647
vt 0.817626 0.557261
vt 0.282274 0.932780
s 1
usemtl USMC_Officer
f 1/1/1 29/2/2 16/3/3
f 27/4/4 14/5/5 1/1/1
f 23/6/6 26/7/7 2/8/8
f 2/8/8 30/9/9 23/6/6
f 14/5/5 25/10/10 3/11/11
f 3/11/11 29/2/2 14/5/5
f 3/11/11 30/9/9 18/12/12
f 25/10/10 23/6/6 3/11/11
f 4/13/13 31/14/14 20/15/15
f 16/3/3 19/16/16 4/13/13
f 15/17/17 17/18/18 5/19/19
f 5/19/19 32/20/20 15/17/17
f 19/16/16 18/12/12 6/21/21
f 6/21/21 31/14/14 19/16/16
f 6/21/21 32/20/20 22/22/22
f 18/12/12 15/17/17 6/21/21
f 20/15/15 49/23/23 7/24/24
f 50/25/25 21/26/26 8/27/27
f 49/23/23 22/22/22 46/28/28
f 22/22/22 50/25/25 46/28/28
f 39/29/29 69/30/30 35/31/10
f 25/10/10 24/32/29 9/33/10
f 12/34/31 25/10/10 9/33/10
f 35/31/10 28/35/32 38/36/31
f 38/36/31 71/37/33 36/38/7
f 26/7/7 12/34/31 10/39/7
f 24/32/29 27/4/4 11/40/4
f 37/41/4 70/42/34 39/29/29
f 37/41/4 40/43/29 43/44/4
f 44/45/31 36/38/7 42/46/7
f 35/31/10 44/45/31 41/47/10
f 40/43/29 35/31/10 41/47/10
f 24/32/29 41/47/10 9/33/10
f 41/47/10 12/34/31 9/33/10
f 12/34/31 42/46/7 10/39/7
f 43/44/4 24/32/29 11/40/4
f 45/48/35 59/49/36 48/50/37
f 48/50/37 75/51/38 45/48/35
f 75/51/38 54/52/39 45/48/35
f 45/48/35 60/53/40 55/54/41
f 61/55/42 60/53/40 54/52/39
f 54/52/39 76/56/43 61/55/42
f 74/57/44 48/50/37 62/58/45
f 62/58/45 59/49/36 67/59/46
f 65/60/47 50/61/25 8/62/27
f 49/63/23 66/64/48 7/65/24
f 50/61/25 52/66/49 46/67/28
f 52/66/49 49/63/23 46/67/28
f 67/59/46 53/68/50 63/69/51
f 63/69/51 57/70/52 65/60/47
f 64/71/53 58/72/54 51/73/55
f 51/73/55 68/74/56 64/71/53
f 47/75/57 57/70/52 53/68/50
f 53/68/50 55/54/41 47/75/57
f 55/54/41 51/73/55 47/75/57
f 47/75/57 58/72/54 52/66/49
f 70/42/34 72/76/58 69/77/30
f 28/78/32 72/76/58 71/79/33
f 81/80/59 75/81/38 56/82/60
f 77/83/61 78/84/62 79/85/63
f 75/81/38 80/86/64 73/87/65
f 80/86/64 76/56/43 73/87/65
f 74/88/44 81/80/59 56/82/60
f 85/89/66 94/90/67 93/91/68
f 96/92/69 107/93/70 112/94/71
f 90/95/72 85/89/66 93/91/68
f 87/96/73 82/97/74 86/98/75
f 136/99/76 86/98/75 134/100/77
f 194/101/78 93/91/68 196/102/79
f 83/103/80 119/104/81 115/105/82
f 84/106/83 163/107/84 135/108/85
f 106/109/86 103/110/87 99/111/88
f 105/112/89 96/92/69 98/113/90
f 104/114/91 99/111/88 95/115/92
f 95/115/92 101/116/93 100/117/94
f 100/117/94 155/118/95 152/119/96
f 103/110/87 107/93/70 97/120/97
f 197/121/98 106/109/86 104/114/91
f 98/113/90 154/122/99 105/112/89
f 199/123/100 108/124/101 106/109/86
f 86/125/102 95/126/103 100/127/102
f 82/128/103 104/129/58 95/126/103
f 89/130/104 97/131/105 91/132/106
f 83/133/107 102/134/108 88/135/109
f 92/136/110 97/131/105 105/137/89
f 84/138/111 96/139/112 83/133/107
f 137/140/113 105/137/89 154/141/99
f 135/142/114 98/143/115 84/138/111
f 87/144/116 99/145/117 85/146/118
f 86/125/102 152/147/119 134/148/119
f 87/144/116 155/149/120 101/150/121
f 88/135/109 198/151/122 195/152/122
f 89/130/104 99/145/117 103/153/123
f 90/154/58 197/155/58 104/129/58
f 88/156/124 111/157/125 110/158/126
f 195/159/127 120/160/128 88/156/124
f 91/132/106 117/161/129 116/162/130
f 110/158/126 94/90/67 109/163/131
f 89/164/132 109/163/131 94/90/67
f 108/124/101 112/94/71 107/93/70
f 112/94/71 102/165/133 96/92/69
f 113/166/134 198/167/135 102/165/133
f 202/168/136 113/166/134 108/124/101
f 114/169/137 166/170/138 163/171/139
f 116/172/140 114/169/137 115/173/141
f 115/173/141 118/174/142 116/172/140
f 109/175/143 119/104/81 110/176/144
f 83/103/80 114/177/145 84/106/83
f 92/136/110 166/178/146 117/161/129
f 91/179/147 118/180/148 109/175/143
f 196/102/79 94/90/67 201/181/149
f 201/181/149 111/157/125 200/182/150
f 200/182/150 120/160/128 204/183/151
f 133/184/152 124/185/153 132/186/154
f 139/187/155 150/188/156 140/189/157
f 129/190/158 124/185/153 121/191/159
f 121/191/159 126/192/160 125/193/161
f 125/193/161 136/194/76 134/195/77
f 205/196/98 132/186/154 129/190/158
f 122/197/162 168/198/163 157/199/164
f 163/107/84 123/200/165 135/108/85
f 149/201/166 146/202/167 151/203/168
f 139/187/155 148/204/169 141/205/170
f 147/206/171 142/207/172 149/201/166
f 144/208/173 138/209/174 143/210/175
f 155/118/95 143/210/175 152/119/96
f 150/188/156 146/202/167 140/189/157
f 208/211/78 149/201/166 210/212/176
f 141/205/170 154/122/99 153/213/177
f 210/212/176 151/203/168 213/214/178
f 125/215/179 138/216/103 121/217/180
f 121/217/180 147/218/58 129/219/58
f 140/220/181 128/221/182 130/222/183
f 145/223/184 122/224/185 127/225/109
f 131/226/186 140/220/181 130/222/183
f 139/227/187 123/228/188 122/224/185
f 137/140/113 148/229/169 131/226/186
f 141/230/189 135/142/114 123/228/188
f 142/231/190 126/232/191 124/233/192
f 134/148/119 143/234/102 125/215/179
f 144/235/193 136/236/194 126/232/191
f 209/237/122 127/225/109 206/238/122
f 128/221/182 142/231/190 124/233/192
f 129/219/58 208/239/195 205/240/195
f 157/241/196 169/242/197 127/243/198
f 169/242/197 206/244/199 127/243/198
f 164/245/200 131/226/186 130/222/183
f 157/241/196 133/184/152 158/246/201
f 128/247/202 156/248/203 130/249/204
f 151/203/168 159/250/205 160/251/206
f 145/252/207 159/250/205 139/187/155
f 209/253/208 160/251/206 145/252/207
f 160/251/206 213/214/178 151/203/168
f 161/254/209 166/170/138 165/255/210
f 162/256/211 165/255/210 164/257/212
f 162/256/211 167/258/213 168/259/214
f 168/198/163 156/260/215 157/199/164
f 123/200/165 162/261/216 122/197/162
f 131/226/186 166/178/146 137/140/113
f 167/262/217 130/263/218 156/260/215
f 133/184/152 207/264/219 212/265/220
f 158/246/201 212/265/220 211/266/221
f 211/266/221 169/242/197 158/246/201
f 181/267/222 178/268/223 180/269/224
f 179/270/225 182/271/226 183/272/227
f 171/273/58 173/274/58 170/275/58
f 184/276/228 170/277/229 173/278/229
f 177/279/230 173/280/230 174/281/230
f 185/282/231 171/273/232 170/283/232
f 179/270/225 184/284/233 177/279/230
f 185/282/231 178/268/223 176/285/232
f 172/286/234 182/287/234 175/288/234
f 181/289/235 183/290/235 182/291/235
f 179/270/236 172/286/236 175/288/236
f 190/292/10 191/293/10 192/294/10
f 216/295/58 186/296/58 217/297/58
f 189/298/10 186/299/10 187/300/10
f 190/292/10 193/301/10 189/298/10
f 191/302/237 219/303/238 192/304/239
f 222/305/240 191/306/241 188/307/242
f 193/308/243 220/309/244 218/310/245
f 193/311/246 217/312/4 186/313/246
f 225/314/10 224/315/10 223/316/10
f 580/317/247 227/318/247 578/319/247
f 223/316/10 228/320/10 225/314/10
f 579/321/248 225/322/248 228/323/248
f 580/317/249 230/324/249 229/325/249
f 228/320/10 229/325/10 230/326/10
f 575/327/250 226/328/250 577/329/250
f 578/319/251 223/316/252 574/330/252
f 223/316/252 575/327/253 574/330/252
f 576/331/254 226/332/254 225/322/254
f 285/333/255 266/334/256 284/335/257
f 237/336/258 305/337/259 308/338/260
f 299/339/261 231/340/262 234/341/263
f 327/342/264 291/343/265 307/344/266
f 258/345/267 298/346/268 283/347/269
f 288/348/270 306/349/271 325/350/272
f 256/351/273 298/352/274 290/353/275
f 232/354/276 241/355/277 238/356/278
f 287/357/279 239/358/280 233/359/281
f 326/360/282 301/361/283 327/342/264
f 242/362/284 239/358/280 238/356/278
f 299/339/261 300/363/285 301/364/283
f 242/362/284 241/355/277 247/365/286
f 247/365/286 251/366/287 252/367/288
f 251/366/287 237/368/258 248/369/289
f 248/370/289 308/338/260 310/371/290
f 289/372/291 245/373/292 250/374/293
f 290/353/275 250/374/293 256/351/273
f 253/375/294 310/371/290 312/376/295
f 251/366/287 253/377/294 257/378/296
f 246/379/297 250/374/293 245/373/292
f 254/380/298 283/381/299 256/351/273
f 252/367/288 257/378/296 255/382/300
f 320/383/301 332/384/302 333/385/303
f 297/386/304 260/387/305 294/388/306
f 262/389/307 265/390/308 260/387/305
f 318/391/309 293/392/310 263/393/311
f 332/384/302 318/391/309 264/394/312
f 294/388/306 265/390/308 293/392/310
f 244/395/313 328/396/314 302/397/315
f 252/367/316 275/398/317 247/365/318
f 249/399/319 277/400/320 274/401/321
f 255/382/322 270/402/323 252/367/316
f 243/403/324 278/404/325 244/395/313
f 249/399/319 269/405/326 254/380/326
f 313/406/327 333/385/303 259/407/328
f 295/408/329 273/409/330 297/386/304
f 296/410/331 276/411/332 295/408/329
f 255/382/322 272/412/333 268/413/334
f 246/379/335 328/396/314 277/400/320
f 254/380/326 267/414/336 282/415/336
f 292/416/337 280/417/338 296/410/331
f 247/365/318 281/418/339 242/362/340
f 242/362/340 279/419/341 243/403/324
f 313/406/342 285/333/255 324/420/343
f 255/382/300 284/421/344 286/422/345
f 292/416/346 323/423/347 298/346/268
f 285/424/348 257/378/296 253/377/294
f 253/375/294 324/425/349 285/426/348
f 290/427/275 323/428/350 311/429/351
f 249/399/352 256/351/273 250/374/293
f 232/430/276 325/350/272 305/337/259
f 232/354/276 287/357/279 288/431/270
f 314/432/353 296/410/331 322/433/354
f 322/433/354 295/408/329 321/434/355
f 321/434/355 297/386/304 319/435/356
f 315/436/357 293/392/310 317/437/358
f 297/386/304 315/436/357 319/435/356
f 311/429/351 289/438/291 290/427/275
f 309/439/359 291/343/265 289/438/291
f 304/440/360 299/441/261 326/360/282
f 236/442/361 233/359/281 231/340/262
f 235/443/362 287/357/279 233/359/281
f 235/444/362 304/440/360 306/349/271
f 243/403/363 240/445/364 239/358/280
f 239/358/280 231/340/262 233/359/281
f 301/364/283 245/373/292 291/446/265
f 302/397/365 245/373/292 300/363/285
f 300/363/285 303/447/366 302/397/365
f 303/447/366 231/340/262 240/445/364
f 244/395/367 303/447/366 240/445/364
f 269/405/368 258/345/369 267/414/370
f 280/417/338 274/401/371 276/411/332
f 276/411/332 277/400/372 273/409/330
f 279/419/373 262/389/307 278/404/374
f 281/418/375 331/448/376 279/419/373
f 272/412/333 284/335/257 266/334/256
f 328/396/377 273/409/330 277/400/372
f 260/387/305 278/404/374 262/389/307
f 263/393/311 331/448/376 329/449/378
f 329/449/378 330/450/379 264/394/312
f 261/451/380 264/394/312 330/450/379
f 281/418/375 275/398/381 271/452/382
f 275/398/381 270/402/383 271/452/382
f 268/413/384 271/452/382 270/402/383
f 330/450/379 271/452/382 261/451/380
f 261/451/380 333/385/303 332/384/302
f 259/407/328 271/452/382 266/334/385
f 268/413/384 266/334/385 271/452/382
f 361/453/386 341/454/387 340/455/386
f 365/456/388 338/457/389 353/458/390
f 338/457/389 363/459/391 342/460/392
f 334/461/386 360/462/386 339/463/386
f 342/460/392 364/464/386 349/465/386
f 334/461/393 345/466/394 335/467/395
f 336/468/396 334/461/393 335/467/395
f 346/469/397 342/460/398 337/470/399
f 353/458/400 346/469/397 347/471/401
f 337/470/399 349/465/402 336/468/396
f 340/455/403 343/472/404 344/473/405
f 351/474/406 355/475/407 350/476/408
f 354/477/409 347/471/401 348/478/410
f 339/463/411 344/473/405 345/466/394
f 352/479/412 356/480/413 351/474/406
f 355/475/407 348/478/410 350/476/408
f 341/454/414 352/479/412 343/472/404
f 367/481/415 365/456/388 366/482/416
f 368/483/417 359/484/418 365/456/388
f 363/459/391 369/485/419 362/486/420
f 362/486/420 364/464/386 363/459/391
f 364/464/386 360/462/386 358/487/386
f 356/480/421 367/481/415 355/475/422
f 349/465/386 358/487/386 334/461/386
f 366/482/416 353/458/390 354/477/423
f 360/462/386 340/455/386 339/463/386
f 357/488/424 368/483/417 356/480/421
f 367/481/415 354/477/423 355/475/422
f 362/486/420 357/488/424 341/454/387
f 371/489/425 381/490/426 370/491/427
f 380/492/428 384/493/429 391/494/430
f 388/495/431 375/496/432 377/497/433
f 386/498/434 373/499/435 375/496/432
f 391/494/430 372/500/436 380/492/428
f 376/501/437 389/502/438 378/503/439
f 374/504/440 387/505/441 376/501/437
f 371/489/425 383/506/442 382/507/443
f 378/503/439 390/508/444 379/509/445
f 370/491/427 385/510/446 374/504/440
f 710/511/447 382/507/448 383/506/447
f 717/512/449 379/513/449 390/508/449
f 703/514/450 374/515/451 376/516/450
f 711/517/452 391/494/453 384/493/454
f 709/518/448 381/490/455 382/507/448
f 701/519/451 370/520/456 374/515/451
f 718/521/453 383/506/447 391/494/453
f 386/498/457 711/517/452 384/493/454
f 702/522/458 377/523/459 375/524/458
f 377/525/460 715/526/460 388/495/460
f 712/527/461 387/505/462 385/510/461
f 705/528/463 376/516/450 378/529/463
f 708/530/455 385/510/461 381/490/455
f 706/531/464 378/529/463 379/532/464
f 715/526/465 386/498/457 388/495/465
f 707/533/466 373/534/467 380/535/466
f 697/536/456 371/537/468 370/520/456
f 714/538/462 389/502/469 387/505/462
f 699/539/470 380/535/466 372/540/470
f 700/541/467 375/524/458 373/534/467
f 716/542/469 390/508/471 389/502/469
f 406/543/472 410/544/473 409/545/474
f 392/546/475 404/547/476 394/548/477
f 409/549/478 393/550/479 395/551/480
f 403/552/481 399/553/482 396/554/483
f 397/555/484 408/556/484 405/557/484
f 258/345/267 282/415/485 267/414/486
f 405/557/487 399/558/488 397/555/489
f 407/559/490 398/560/491 399/558/488
f 406/561/492 396/562/493 398/560/491
f 400/563/494 410/564/495 408/556/496
f 402/565/497 411/566/498 410/564/495
f 401/567/499 411/566/498 403/568/500
f 678/569/501 350/570/502 677/571/502
f 664/572/503 336/573/504 663/574/504
f 662/575/505 345/576/506 672/577/506
f 673/578/507 337/579/503 664/572/503
f 679/580/508 351/581/501 678/569/501
f 670/582/509 352/583/508 679/580/508
f 674/584/510 346/585/507 673/578/507
f 671/586/511 343/587/509 670/582/509
f 698/588/468 372/540/470 371/537/468
f 675/589/512 347/590/510 674/584/510
f 663/574/504 335/591/505 662/575/505
f 672/577/506 344/592/511 671/586/511
f 176/285/236 174/281/236 171/273/236
f 178/268/236 177/279/236 176/285/236
f 192/593/513 220/309/244 193/308/243
f 185/594/514 183/595/515 180/596/515
f 413/597/7 188/307/516 190/292/516
f 189/298/516 413/597/7 190/292/516
f 187/300/516 412/598/7 189/298/516
f 1/1/1 427/599/517 418/600/518
f 418/600/518 27/4/4 1/1/1
f 26/601/7 423/602/519 2/603/8
f 2/603/8 428/604/520 17/605/18
f 425/606/96 418/600/518 414/607/521
f 414/607/521 427/599/517 420/608/522
f 414/607/521 428/604/520 423/602/519
f 423/602/519 425/606/96 414/607/521
f 4/13/13 429/609/523 421/610/524
f 421/610/524 16/3/3 4/13/13
f 17/605/18 419/611/525 5/612/19
f 5/612/19 430/613/526 21/614/26
f 420/608/522 421/610/524 415/615/527
f 415/615/527 429/609/523 422/616/528
f 415/615/527 430/613/526 419/611/525
f 419/611/525 420/608/522 415/615/527
f 443/617/529 20/15/15 7/24/24
f 21/614/26 444/618/530 8/619/27
f 422/616/528 443/617/529 440/620/531
f 444/618/530 422/616/528 440/620/531
f 455/621/532 435/622/533 433/623/96
f 424/624/533 425/606/96 416/625/96
f 425/606/96 417/626/534 416/625/96
f 433/623/96 426/627/535 455/621/532
f 71/628/33 434/629/534 36/630/7
f 417/626/534 26/601/7 10/631/7
f 27/4/4 424/624/533 11/40/4
f 37/41/4 456/632/536 13/633/537
f 436/634/533 37/41/4 43/44/4
f 36/630/7 438/635/534 42/636/7
f 438/635/534 433/623/96 437/637/96
f 433/623/96 436/634/533 437/637/96
f 437/637/96 424/624/533 416/625/96
f 417/626/534 437/637/96 416/625/96
f 42/636/7 417/626/534 10/631/7
f 424/624/533 43/44/4 11/40/4
f 439/638/538 453/639/539 449/640/540
f 458/641/541 442/642/542 439/638/538
f 448/643/543 458/641/541 439/638/538
f 439/638/538 454/644/544 448/643/543
f 61/55/42 454/644/544 68/74/56
f 76/56/43 448/643/543 61/55/42
f 442/642/542 74/645/44 62/646/45
f 62/646/45 453/639/539 442/642/542
f 444/647/530 65/648/47 8/649/27
f 66/64/48 443/650/529 7/65/24
f 446/651/545 444/647/530 440/652/531
f 443/650/529 446/651/545 440/652/531
f 447/653/546 67/654/46 63/655/51
f 63/655/51 451/656/547 447/653/546
f 64/71/53 452/657/548 66/64/48
f 68/74/56 445/658/549 64/71/53
f 441/659/550 451/656/547 446/651/545
f 449/640/540 447/653/546 441/659/550
f 445/658/549 449/640/540 441/659/550
f 441/659/550 452/657/548 445/658/549
f 72/76/58 456/632/536 455/660/532
f 426/661/535 72/76/58 455/660/532
f 458/662/541 461/663/551 450/664/552
f 79/85/63 461/663/551 459/665/553
f 458/662/541 460/666/554 459/665/553
f 76/56/43 460/666/554 457/667/555
f 74/88/44 461/663/551 78/84/62
f 474/668/556 465/669/557 473/670/558
f 476/671/559 487/672/560 477/673/561
f 470/674/562 465/669/557 462/675/563
f 462/675/563 467/676/564 466/677/565
f 466/677/565 516/678/566 514/679/567
f 194/101/78 473/670/558 470/674/562
f 463/680/568 499/681/569 490/682/570
f 543/683/571 464/684/572 515/685/573
f 486/686/574 483/687/575 488/688/576
f 476/671/559 485/689/577 478/690/578
f 484/691/579 479/692/580 486/686/574
f 481/693/581 475/694/582 480/695/583
f 535/696/584 480/695/583 532/697/10
f 487/672/560 483/687/575 477/673/561
f 197/121/98 486/686/574 199/123/100
f 478/690/578 534/698/585 533/699/586
f 199/123/100 488/688/576 202/168/136
f 466/700/587 475/701/588 462/702/588
f 462/702/588 484/703/58 470/704/58
f 477/705/589 469/706/590 471/707/591
f 482/708/592 463/709/593 468/710/594
f 472/711/595 477/705/589 471/707/591
f 476/712/596 464/713/597 463/709/593
f 517/714/598 485/715/577 472/711/595
f 478/716/599 515/717/600 464/713/597
f 479/718/601 467/719/602 465/720/603
f 532/721/604 466/700/587 514/722/604
f 467/719/602 535/723/605 516/724/606
f 198/151/122 468/710/594 195/152/122
f 469/706/590 479/718/601 465/720/603
f 470/704/58 197/155/58 194/725/58
f 490/726/607 500/727/608 468/728/609
f 500/727/608 195/159/127 468/728/609
f 471/707/591 497/729/610 472/711/595
f 490/726/607 474/668/556 491/730/611
f 469/731/612 489/732/613 471/733/614
f 488/688/576 492/734/615 493/735/616
f 482/736/617 492/734/615 476/671/559
f 198/167/135 493/735/616 482/736/617
f 493/735/616 202/168/136 488/688/576
f 494/737/618 546/738/619 497/739/620
f 494/737/618 496/740/621 495/741/622
f 495/741/622 498/742/623 499/743/624
f 499/681/569 489/744/625 490/682/570
f 494/745/626 463/680/568 464/684/572
f 472/711/595 546/746/627 517/714/598
f 498/747/628 471/748/629 489/744/625
f 474/668/556 196/102/79 201/181/149
f 491/730/611 201/181/149 200/182/150
f 200/182/150 500/727/608 491/730/611
f 504/749/630 513/750/631 512/751/632
f 519/752/633 530/753/634 539/754/635
f 509/755/636 504/749/630 512/751/632
f 506/756/637 501/757/638 505/758/639
f 516/759/566 505/758/639 514/760/567
f 205/196/98 512/751/632 207/264/219
f 502/761/640 548/762/641 542/763/642
f 503/764/643 543/683/571 515/685/573
f 529/765/644 526/766/645 522/767/646
f 528/768/647 519/752/633 521/769/648
f 527/770/649 522/767/646 518/771/650
f 518/771/650 524/772/651 523/773/652
f 523/773/652 535/696/584 532/697/10
f 526/766/645 530/753/634 520/774/653
f 208/211/78 529/765/644 527/770/649
f 521/769/648 534/698/585 528/768/647
f 210/212/176 531/775/654 529/765/644
f 505/776/655 518/777/588 523/778/587
f 501/779/656 527/780/58 518/777/588
f 508/781/657 520/782/658 510/783/659
f 502/784/660 525/785/661 507/786/594
f 511/787/662 520/782/658 528/788/647
f 503/789/663 519/790/664 502/784/660
f 517/714/598 528/788/647 534/791/585
f 515/717/600 521/792/665 503/789/663
f 506/793/666 522/794/667 504/795/668
f 514/722/604 523/778/587 532/721/604
f 516/724/606 524/796/669 506/793/666
f 507/786/594 209/237/122 206/238/122
f 508/781/657 522/794/667 526/797/670
f 509/798/58 208/239/195 527/780/58
f 507/799/671 538/800/672 537/801/673
f 206/244/199 549/802/674 507/799/671
f 511/787/662 544/803/675 510/783/659
f 537/801/673 513/750/631 536/804/676
f 508/805/677 536/804/676 513/750/631
f 531/775/654 539/754/635 530/753/634
f 539/754/635 525/806/678 519/752/633
f 540/807/679 209/253/208 525/806/678
f 213/214/178 540/807/679 531/775/654
f 541/808/680 546/738/619 543/809/681
f 542/810/682 545/811/683 541/808/680
f 542/810/682 547/812/684 544/813/685
f 536/814/686 548/762/641 537/815/687
f 503/764/643 542/763/642 541/816/688
f 511/787/662 546/746/627 545/817/689
f 510/818/690 547/819/691 536/814/686
f 207/264/219 513/750/631 212/265/220
f 212/265/220 538/800/672 211/266/221
f 211/266/221 549/802/674 215/820/692
f 558/821/693 561/822/694 560/823/695
f 559/824/696 562/825/697 555/826/698
f 551/827/58 553/828/58 554/829/58
f 550/830/699 564/831/700 553/832/699
f 553/833/701 557/834/701 554/829/701
f 551/827/702 565/835/703 550/836/702
f 564/837/704 559/824/696 557/834/701
f 565/835/703 558/821/693 560/823/695
f 562/838/705 552/839/705 555/826/705
f 563/840/706 561/841/706 562/842/706
f 552/839/707 559/824/707 555/826/707
f 570/843/96 571/844/96 568/845/96
f 216/295/58 566/846/58 567/847/58
f 566/848/96 569/849/96 567/847/96
f 573/850/96 570/843/96 569/849/96
f 571/851/708 219/303/238 221/852/709
f 571/853/710 222/305/240 568/845/242
f 573/854/711 218/310/245 220/309/244
f 217/312/4 573/855/712 566/856/712
f 576/857/96 575/327/96 577/858/96
f 579/859/96 574/330/96 576/857/96
f 579/859/96 580/317/96 578/319/96
f 636/860/713 617/861/714 610/862/715
f 305/337/259 588/863/716 308/338/260
f 650/864/717 582/865/718 587/866/719
f 642/867/720 327/342/264 307/344/266
f 649/868/721 609/869/722 634/870/723
f 639/871/724 306/349/271 586/872/725
f 607/873/726 649/874/727 634/875/728
f 583/876/729 592/877/730 588/878/716
f 590/879/731 638/880/732 584/881/733
f 652/882/734 326/360/282 327/342/264
f 593/883/735 590/879/731 594/884/736
f 651/885/737 650/864/717 652/886/734
f 592/877/730 593/883/735 598/887/738
f 602/888/739 598/887/738 603/889/740
f 602/888/739 588/878/716 592/877/730
f 308/338/260 599/890/741 310/371/290
f 640/891/742 596/892/743 642/893/720
f 641/894/744 601/895/745 640/891/742
f 310/371/290 604/896/746 312/376/295
f 604/897/746 602/888/739 608/898/747
f 597/899/748 601/895/745 600/900/749
f 605/901/750 634/875/728 633/902/751
f 608/898/747 603/889/740 606/903/752
f 320/383/301 659/904/753 316/905/754
f 648/906/755 611/907/756 624/908/757
f 616/909/758 613/910/759 611/907/756
f 656/911/760 616/909/758 317/437/358
f 659/904/753 318/391/309 316/905/754
f 645/912/761 616/909/758 611/907/756
f 655/913/762 595/914/763 653/915/764
f 626/916/765 603/889/766 598/887/318
f 600/900/767 628/917/768 597/899/769
f 621/918/770 606/903/771 603/889/766
f 629/919/772 594/884/773 595/914/763
f 620/920/774 600/900/767 605/901/774
f 313/406/327 660/921/775 320/383/301
f 646/922/776 624/908/757 627/923/777
f 647/924/778 627/923/777 631/925/779
f 606/903/771 623/926/780 637/927/781
f 597/899/769 655/913/762 653/915/764
f 618/928/782 605/901/774 633/902/782
f 643/929/783 631/925/779 609/869/784
f 632/930/339 598/887/318 593/883/340
f 630/931/341 593/883/340 594/884/773
f 313/406/342 636/860/713 610/862/715
f 635/932/785 606/903/752 637/927/786
f 323/423/347 643/929/787 649/868/721
f 608/898/747 636/933/788 604/897/746
f 324/425/349 604/896/746 636/934/788
f 641/935/744 323/428/350 649/936/727
f 600/900/749 607/873/726 605/901/750
f 583/937/729 325/350/272 639/871/724
f 583/876/729 638/880/732 589/938/789
f 314/432/353 647/924/778 643/929/783
f 322/433/354 646/922/776 647/924/778
f 321/434/355 648/906/755 646/922/776
f 315/436/357 644/939/790 645/912/761
f 315/436/357 648/906/755 319/435/356
f 311/429/351 640/940/742 309/439/359
f 309/439/359 642/867/720 307/344/266
f 650/941/717 304/440/360 326/360/282
f 587/866/719 584/881/733 586/942/725
f 638/880/732 586/942/725 584/881/733
f 586/872/725 304/440/360 587/943/719
f 591/944/791 594/884/736 590/879/731
f 590/879/731 582/865/718 591/944/791
f 596/892/743 652/886/734 642/893/720
f 596/892/743 653/915/792 651/885/737
f 651/885/737 654/945/793 585/946/794
f 582/865/718 654/945/793 591/944/791
f 595/914/795 654/945/793 653/915/792
f 620/920/796 609/869/784 631/925/779
f 631/925/779 625/947/797 620/920/796
f 627/923/777 628/917/798 625/947/797
f 613/910/759 630/931/799 629/919/800
f 658/948/801 632/930/802 630/931/799
f 623/926/780 635/949/803 637/927/781
f 655/913/804 624/908/757 611/907/756
f 611/907/756 629/919/800 655/913/804
f 614/950/805 658/948/801 613/910/759
f 656/911/760 657/951/806 658/948/801
f 612/952/807 615/953/808 659/904/753
f 632/930/802 622/954/809 626/916/810
f 626/916/810 622/954/809 621/918/811
f 619/955/812 621/918/811 622/954/809
f 657/951/806 622/954/809 632/930/802
f 660/921/775 612/952/807 659/904/753
f 610/862/813 622/954/809 660/921/775
f 619/955/812 617/861/814 623/926/815
f 668/956/816 688/957/817 667/958/817
f 665/959/818 692/960/819 680/961/820
f 665/959/818 690/962/821 686/963/822
f 661/964/817 687/965/817 685/966/817
f 669/967/823 691/968/817 690/962/821
f 672/969/824 661/964/825 662/970/826
f 663/971/827 661/964/825 676/972/828
f 673/973/829 669/967/830 665/959/831
f 673/973/829 680/961/832 674/974/833
f 664/975/834 676/972/828 669/967/830
f 670/976/835 667/958/836 671/977/837
f 678/978/838 682/979/839 683/980/840
f 674/974/833 681/981/841 675/982/842
f 671/977/837 666/983/843 672/969/824
f 679/984/844 683/980/840 684/985/845
f 677/986/846 681/981/841 682/979/839
f 679/984/844 668/956/847 670/976/835
f 693/987/848 695/988/849 694/989/850
f 686/963/822 695/988/849 692/960/819
f 696/990/851 690/962/821 689/991/852
f 691/968/817 689/991/852 690/962/821
f 687/965/817 691/968/817 685/966/817
f 683/980/853 694/989/850 695/988/849
f 676/972/817 685/966/817 691/968/817
f 680/961/820 693/987/848 681/981/854
f 667/958/817 687/965/817 666/983/817
f 684/985/855 695/988/849 696/990/851
f 681/981/854 694/989/850 682/979/856
f 684/985/855 689/991/852 668/956/816
f 708/530/857 698/992/858 697/993/859
f 707/994/860 711/517/861 700/995/862
f 702/996/863 715/526/864 704/997/865
f 700/995/862 713/998/866 702/996/863
f 699/999/867 718/521/868 707/994/860
f 716/542/869 703/1000/870 705/1001/871
f 701/1002/872 714/538/873 712/527/874
f 698/992/858 710/511/875 699/999/867
f 717/512/876 705/1001/871 706/1003/877
f 712/527/874 697/993/859 701/1002/872
f 733/1004/878 729/1005/879 394/1006/880
f 727/1007/881 392/1008/475 394/1009/477
f 732/1010/882 393/550/479 724/1011/883
f 722/1012/884 726/1013/885 393/1014/886
f 731/1015/887 720/1016/887 728/1017/887
f 633/902/888 609/869/722 618/928/889
f 728/1017/890 722/1018/891 730/1019/892
f 730/1019/892 721/1020/893 729/1005/894
f 729/1005/894 719/1021/895 727/1007/896
f 723/1022/897 733/1004/898 725/1023/899
f 725/1023/899 734/1024/900 726/1025/901
f 734/1024/900 724/1011/902 726/1025/901
f 554/829/707 556/1026/707 551/827/707
f 557/834/707 558/821/707 556/1026/707
f 572/1027/903 220/309/244 219/1028/904
f 565/1029/905 563/1030/906 564/831/700
f 568/845/907 413/597/7 570/843/907
f 413/597/7 569/849/907 570/843/907
f 412/598/7 567/847/907 569/849/907
f 677/571/502 348/1031/512 675/1032/512
f 581/1033/908 228/323/908 230/1034/908
s 0
f 744/1035/909 737/1036/909 743/1037/909
f 738/1038/910 741/1039/910 737/1036/910
f 746/1040/911 739/1041/911 745/1042/911
f 740/1043/912 735/1044/912 739/1041/912
f 745/1042/58 735/1045/58 743/1046/58
f 746/1040/122 736/1047/122 740/1043/122
f 742/1048/122 744/1049/122 746/1040/122
f 741/1039/58 743/1046/58 737/1050/58
f 742/1048/910 747/1039/910 741/1039/910
f 736/1047/122 754/1049/122 752/1047/122
f 748/1048/913 749/1042/913 747/1039/913
f 742/1048/122 750/1040/122 748/1048/122
f 741/1039/58 749/1042/58 745/1042/58
f 745/1042/914 750/1040/914 746/1040/914
f 752/1051/915 753/1037/915 751/1052/915
f 735/1045/58 753/1046/58 743/1046/58
f 736/1053/912 751/1044/912 735/1044/912
f 743/1037/916 754/1035/916 744/1035/916
s 1
f 788/1054/917 851/1055/918 855/1056/919
f 792/1057/920 855/1056/919 859/1058/921
f 796/1059/922 859/1058/921 863/1060/923
f 800/1061/924 863/1060/923 867/1062/925
f 804/1063/926 867/1062/925 871/1064/927
f 808/1065/928 871/1064/927 875/1066/929
f 812/1067/930 875/1066/929 879/1068/931
f 816/1069/932 879/1068/931 883/1070/933
f 820/1071/934 883/1070/933 887/1072/935
f 768/1073/936 831/1074/937 835/1075/938
f 772/1076/939 835/1075/938 839/1077/940
f 776/1078/941 839/1077/940 843/1079/942
f 780/1080/943 843/1079/942 847/1081/944
f 784/1082/945 847/1081/944 851/1055/918
f 764/1083/946 827/1084/947 831/1074/937
f 759/1085/948 791/1086/949 807/1087/950
f 766/1088/951 760/1089/952 764/1083/946
f 765/1090/953 762/1091/954 766/1092/951
f 763/1093/955 761/1094/956 765/1090/953
f 770/1095/957 764/1083/946 768/1073/936
f 769/1096/958 766/1092/951 770/1097/957
f 767/1098/959 765/1090/953 769/1096/958
f 774/1099/960 768/1073/936 772/1076/939
f 773/1100/961 770/1097/957 774/1101/960
f 771/1102/962 769/1096/958 773/1100/961
f 776/1078/941 774/1099/960 772/1076/939
f 777/1103/963 774/1101/960 778/1104/964
f 775/1105/965 773/1100/961 777/1103/963
f 780/1080/943 778/1106/964 776/1078/941
f 781/1107/966 778/1104/964 782/1108/967
f 779/1109/968 777/1103/963 781/1107/966
f 784/1082/945 782/1110/967 780/1080/943
f 786/1111/969 781/1107/966 782/1108/967
f 785/1112/970 779/1109/968 781/1107/966
f 788/1054/917 786/1113/969 784/1082/945
f 789/1114/971 786/1111/969 790/1115/972
f 789/1114/971 783/1116/973 785/1112/970
f 792/1057/920 790/1117/972 788/1054/917
f 793/1118/974 790/1115/972 794/1119/975
f 791/1086/949 789/1114/971 793/1118/974
f 798/1120/976 792/1057/920 796/1059/922
f 797/1121/977 794/1119/975 798/1122/976
f 795/1123/978 793/1118/974 797/1121/977
f 802/1124/979 796/1059/922 800/1061/924
f 801/1125/980 798/1122/976 802/1126/979
f 799/1127/981 797/1121/977 801/1125/980
f 806/1128/982 800/1061/924 804/1063/926
f 805/1129/983 802/1126/979 806/1130/982
f 803/1131/984 801/1125/980 805/1129/983
f 810/1132/985 804/1063/926 808/1065/928
f 809/1133/986 806/1130/982 810/1134/985
f 807/1087/950 805/1129/983 809/1133/986
f 814/1135/987 808/1065/928 812/1067/930
f 814/1136/987 809/1133/986 810/1134/985
f 813/1137/988 807/1087/950 809/1133/986
f 816/1069/932 814/1135/987 812/1067/930
f 818/1138/989 813/1137/988 814/1136/987
f 817/1139/990 811/1140/991 813/1137/988
f 820/1071/934 818/1141/989 816/1069/932
f 821/1142/992 818/1138/989 822/1143/993
f 821/1142/992 815/1144/994 817/1139/990
f 755/1145/995 822/1146/993 820/1071/934
f 758/1147/996 822/1143/993 757/1148/997
f 758/1147/996 819/1149/998 821/1142/992
f 755/1145/995 887/1072/935 824/1150/999
f 832/1151/1000 830/1152/1001 828/1153/1002
f 834/1154/1003 829/1155/1004 830/1152/1001
f 831/1074/937 829/1156/1004 833/1157/1005
f 836/1158/1006 834/1154/1003 832/1151/1000
f 838/1159/1007 833/1160/1005 834/1154/1003
f 835/1075/938 833/1157/1005 837/1161/1008
f 840/1162/1009 838/1159/1007 836/1158/1006
f 842/1163/1010 837/1164/1008 838/1159/1007
f 841/1165/1011 835/1075/938 837/1161/1008
f 846/1166/1012 840/1162/1009 844/1167/1013
f 846/1166/1012 841/1168/1011 842/1163/1010
f 845/1169/1014 839/1077/940 841/1165/1011
f 850/1170/1015 844/1167/1013 848/1171/1016
f 849/1172/1017 846/1166/1012 850/1170/1015
f 847/1081/944 845/1169/1014 849/1173/1017
f 854/1174/1018 848/1171/1016 852/1175/1019
f 853/1176/1020 850/1170/1015 854/1174/1018
f 851/1055/918 849/1173/1017 853/1177/1020
f 858/1178/1021 852/1175/1019 856/1179/1022
f 857/1180/1023 854/1174/1018 858/1178/1021
f 855/1056/919 853/1177/1020 857/1181/1023
f 862/1182/1024 856/1179/1022 860/1183/1025
f 861/1184/1026 858/1178/1021 862/1182/1024
f 859/1058/921 857/1181/1023 861/1185/1026
f 864/1186/1027 862/1182/1024 860/1183/1025
f 866/1187/1028 861/1184/1026 862/1182/1024
f 865/1188/1029 859/1058/921 861/1185/1026
f 868/1189/1030 866/1187/1028 864/1186/1027
f 870/1190/1031 865/1191/1029 866/1187/1028
f 867/1062/925 865/1188/1029 869/1192/1032
f 872/1193/1033 870/1190/1031 868/1189/1030
f 874/1194/1034 869/1195/1032 870/1190/1031
f 873/1196/1035 867/1062/925 869/1192/1032
f 878/1197/1036 872/1193/1033 876/1198/1037
f 878/1197/1036 873/1199/1035 874/1194/1034
f 875/1066/929 873/1196/1035 877/1200/1038
f 882/1201/1039 876/1198/1037 880/1202/1040
f 881/1203/1041 878/1197/1036 882/1201/1039
f 879/1068/931 877/1200/1038 881/1204/1041
f 886/1205/1042 880/1202/1040 884/1206/1043
f 885/1207/1044 882/1201/1039 886/1205/1042
f 883/1070/933 881/1204/1041 885/1208/1044
f 890/1209/1045 884/1206/1043 888/1210/1046
f 889/1211/1047 886/1205/1042 890/1209/1045
f 887/1072/935 885/1208/1044 889/1212/1047
f 825/1213/1048 888/1210/1046 823/1214/1049
f 826/1215/1050 890/1209/1045 825/1213/1048
f 824/1150/999 889/1212/1047 826/1216/1050
f 828/1153/1002 864/1186/1027 848/1171/1016
f 971/1217/1051 916/1218/1052 975/1219/1053
f 975/1219/1053 920/1220/1054 979/1221/1055
f 979/1221/1055 924/1222/1056 983/1223/1057
f 983/1223/1057 928/1224/1058 987/1225/1059
f 987/1225/1059 932/1226/1060 991/1227/1061
f 991/1227/1061 936/1228/1062 995/1229/1063
f 995/1229/1063 940/1230/1064 999/1231/1065
f 999/1231/1065 944/1232/1066 1003/1233/1067
f 1003/1233/1067 948/1234/1068 1007/1235/1069
f 951/1236/1070 896/1237/1071 955/1238/1072
f 955/1238/1072 900/1239/1073 959/1240/1074
f 959/1240/1074 904/1241/1075 963/1242/1076
f 963/1242/1076 908/1243/1077 967/1244/1078
f 967/1244/1078 912/1245/1079 971/1217/1051
f 827/1084/947 892/1246/1080 951/1236/1070
f 947/1247/1081 915/1248/1082 899/1249/1083
f 760/1250/952 894/1251/1084 892/1246/1080
f 762/1091/954 893/1252/1085 894/1253/1084
f 761/1094/956 891/1254/1086 893/1252/1085
f 892/1246/1080 898/1255/1087 896/1237/1071
f 894/1253/1084 897/1256/1088 898/1257/1087
f 893/1252/1085 895/1258/1089 897/1256/1088
f 896/1237/1071 902/1259/1090 900/1239/1073
f 898/1257/1087 901/1260/1091 902/1261/1090
f 897/1256/1088 899/1249/1083 901/1260/1091
f 904/1241/1075 902/1259/1090 906/1262/1092
f 902/1261/1090 905/1263/1093 906/1264/1092
f 901/1260/1091 903/1265/1094 905/1263/1093
f 908/1243/1077 906/1262/1092 910/1266/1095
f 906/1264/1092 909/1267/1096 910/1268/1095
f 905/1263/1093 907/1269/1097 909/1267/1096
f 912/1245/1079 910/1266/1095 914/1270/1098
f 910/1268/1095 913/1271/1099 914/1272/1098
f 913/1271/1099 907/1269/1097 911/1273/1100
f 916/1218/1052 914/1270/1098 918/1274/1101
f 914/1272/1098 917/1275/1102 918/1276/1101
f 917/1275/1102 911/1273/1100 915/1248/1082
f 920/1220/1054 918/1274/1101 922/1277/1103
f 922/1278/1103 917/1275/1102 921/1279/1104
f 921/1279/1104 915/1248/1082 919/1280/1105
f 920/1220/1054 926/1281/1106 924/1222/1056
f 922/1278/1103 925/1282/1107 926/1283/1106
f 925/1282/1107 919/1280/1105 923/1284/1108
f 924/1222/1056 930/1285/1109 928/1224/1058
f 926/1283/1106 929/1286/1110 930/1287/1109
f 925/1282/1107 927/1288/1111 929/1286/1110
f 932/1226/1060 930/1285/1109 934/1289/1112
f 930/1287/1109 933/1290/1113 934/1291/1112
f 929/1286/1110 931/1292/1114 933/1290/1113
f 932/1226/1060 938/1293/1115 936/1228/1062
f 934/1291/1112 937/1294/1116 938/1295/1115
f 933/1290/1113 935/1296/1117 937/1294/1116
f 936/1228/1062 942/1297/1118 940/1230/1064
f 942/1298/1118 937/1294/1116 941/1299/1119
f 941/1299/1119 935/1296/1117 939/1300/1120
f 944/1232/1066 942/1297/1118 946/1301/1121
f 946/1302/1121 941/1299/1119 945/1303/1122
f 945/1303/1122 939/1300/1120 943/1304/1123
f 948/1234/1068 946/1301/1121 950/1305/1124
f 946/1302/1121 949/1306/1125 950/1307/1124
f 949/1306/1125 943/1304/1123 947/1247/1081
f 948/1234/1068 757/1308/997 755/1145/995
f 757/1148/997 949/1306/1125 758/1147/996
f 758/1147/996 947/1247/1081 756/1309/1126
f 1007/1235/1069 755/1145/995 824/1150/999
f 952/1310/1127 830/1152/1001 954/1311/1128
f 954/1311/1128 829/1155/1004 953/1312/1129
f 829/1156/1004 951/1236/1070 953/1313/1129
f 956/1314/1130 954/1311/1128 958/1315/1131
f 958/1315/1131 953/1312/1129 957/1316/1132
f 953/1313/1129 955/1238/1072 957/1317/1132
f 960/1318/1133 958/1315/1131 962/1319/1134
f 962/1319/1134 957/1316/1132 961/1320/1135
f 961/1321/1135 955/1238/1072 959/1240/1074
f 960/1318/1133 966/1322/1136 964/1323/1137
f 966/1322/1136 961/1320/1135 965/1324/1138
f 965/1325/1138 959/1240/1074 963/1242/1076
f 964/1323/1137 970/1326/1139 968/1327/1140
f 970/1326/1139 965/1324/1138 969/1328/1141
f 965/1325/1138 967/1244/1078 969/1329/1141
f 968/1327/1140 974/1330/1142 972/1331/1143
f 970/1326/1139 973/1332/1144 974/1330/1142
f 969/1329/1141 971/1217/1051 973/1333/1144
f 972/1331/1143 978/1334/1145 976/1335/1146
f 974/1330/1142 977/1336/1147 978/1334/1145
f 973/1333/1144 975/1219/1053 977/1337/1147
f 976/1335/1146 982/1338/1148 980/1339/1149
f 978/1334/1145 981/1340/1150 982/1338/1148
f 977/1337/1147 979/1221/1055 981/1341/1150
f 984/1342/1151 982/1338/1148 986/1343/1152
f 986/1343/1152 981/1340/1150 985/1344/1153
f 985/1345/1153 979/1221/1055 983/1223/1057
f 988/1346/1154 986/1343/1152 990/1347/1155
f 990/1347/1155 985/1344/1153 989/1348/1156
f 985/1345/1153 987/1225/1059 989/1349/1156
f 992/1350/1157 990/1347/1155 994/1351/1158
f 994/1351/1158 989/1348/1156 993/1352/1159
f 989/1349/1156 991/1227/1061 993/1353/1159
f 992/1350/1157 998/1354/1160 996/1355/1161
f 998/1354/1160 993/1352/1159 997/1356/1162
f 993/1353/1159 995/1229/1063 997/1357/1162
f 996/1355/1161 1002/1358/1163 1000/1359/1164
f 1002/1358/1163 997/1356/1162 1001/1360/1165
f 997/1357/1162 999/1231/1065 1001/1361/1165
f 1000/1359/1164 1006/1362/1166 1004/1363/1167
f 1002/1358/1163 1005/1364/1168 1006/1362/1166
f 1001/1361/1165 1003/1233/1067 1005/1365/1168
f 1004/1363/1167 1010/1366/1169 1008/1367/1170
f 1006/1362/1166 1009/1368/1171 1010/1366/1169
f 1005/1365/1168 1007/1235/1069 1009/1369/1171
f 1008/1367/1170 825/1213/1048 823/1214/1049
f 1010/1366/1169 826/1215/1050 825/1213/1048
f 826/1216/1050 1007/1235/1069 824/1150/999
f 956/1314/1130 988/1346/1154 1004/1363/1167
f 1070/1370/1172 1036/1371/1173 1077/1372/1174
f 1084/1373/1175 1037/1374/1176 1096/1375/1177
f 1072/1376/1178 1038/1377/1179 1076/1378/1180
f 1086/1379/1181 1035/1380/1182 1095/1381/1183
f 1104/1382/1184 1015/1383/1185 1085/1384/1185
f 1050/1385/1186 1028/1386/1187 1061/1387/10
f 1073/1388/4 1088/1389/4 1103/1390/4
f 1054/1391/1188 1034/1392/1189 1065/1393/1190
f 1033/1394/1191 1113/1395/1191 1108/1396/1191
f 1068/1397/1192 1115/1398/1192 1032/1399/1193
f 1024/1400/58 1102/1401/58 1089/1402/58
f 1033/1403/4 1107/1404/4 1094/1405/4
f 1032/1406/7 1105/1407/7 1093/1408/7
f 1099/1409/122 1029/1410/122 1092/1411/122
f 1027/1412/122 1100/1413/122 1091/1414/122
f 1022/1415/1194 1092/1411/1195 1087/1416/1194
f 1014/1417/1196 1091/1414/1196 1084/1373/1196
f 1051/1418/1197 1032/1399/1193 1016/1419/1198
f 1055/1420/1199 1027/1421/1200 1014/1422/1201
f 1086/1423/7 1032/1406/7 1093/1408/7
f 1019/1424/4 1094/1405/4 1088/1389/4
f 1053/1425/1191 1033/1394/1191 1019/1426/1191
f 1095/1381/1183 1011/1427/1202 1085/1428/1203
f 1071/1429/1204 1038/1377/1179 1015/1430/1205
f 1096/1375/1177 1017/1431/1206 1083/1432/1207
f 1077/1372/1174 1013/1433/1208 1069/1434/1209
f 1021/1435/1210 1067/1436/1210 1052/1437/1210
f 1012/1438/1211 1080/1439/1212 1070/1440/1213
f 1072/1441/1214 1050/1385/1186 1082/1442/1215
f 1081/1443/1216 1048/1444/1216 1078/1445/1216
f 1034/1392/1189 1111/1446/1190 1065/1393/1190
f 1031/1447/1210 1114/1448/1210 1067/1436/1210
f 1056/1449/1217 1029/1450/1218 1064/1451/1219
f 1101/1452/58 1026/1453/58 1090/1454/58
f 1053/1425/1191 1073/1455/1191 1079/1456/1191
f 1049/1457/1220 1074/1458/1210 1081/1443/1210
f 1047/1459/1221 1051/1418/1221 1048/1444/1221
f 1045/1460/1222 1053/1425/1222 1046/1461/1222
f 1043/1462/1216 1049/1457/1216 1044/1463/1216
f 1043/1464/122 1100/1413/122 1098/1465/122
f 1112/1466/1222 1066/1467/1222 1045/1460/1222
f 1041/1468/58 1102/1401/58 1097/1469/58
f 1042/1470/1223 1055/1420/1223 1039/1471/1223
f 1110/1472/1221 1068/1397/1221 1047/1459/1221
f 1039/1471/1223 1080/1439/1223 1075/1473/1223
f 1048/1444/1221 1082/1442/1221 1078/1445/1221
f 1049/1457/1220 1030/1474/1224 1022/1475/1225
f 1079/1456/1222 1039/1471/1222 1075/1473/1222
f 1114/1448/1216 1047/1459/1216 1067/1436/1216
f 1064/1451/1222 1039/1471/1222 1056/1449/1222
f 1101/1452/58 1041/1468/58 1097/1469/58
f 1065/1393/1223 1112/1466/1223 1045/1460/1223
f 1099/1409/122 1043/1464/122 1098/1465/122
f 1061/1387/1221 1044/1463/1221 1050/1385/1221
f 1065/1393/1223 1046/1461/1223 1054/1391/1223
f 1067/1436/1216 1048/1444/1216 1052/1437/1216
f 1053/1425/1222 1075/1473/1222 1046/1461/1222
f 1078/1445/1221 1050/1385/1221 1044/1463/1221
f 1075/1473/1223 1054/1391/1223 1046/1461/1223
f 1081/1443/1210 1021/1435/1210 1052/1437/1210
f 1079/1456/1191 1020/1476/1226 1056/1449/1217
f 1049/1457/1216 1078/1445/1216 1044/1463/1216
f 1016/1419/1198 1082/1442/1215 1051/1418/1197
f 1070/1440/1213 1055/1420/1199 1014/1422/1201
f 1035/1380/1182 1069/1434/1209 1011/1427/1202
f 1017/1431/1206 1076/1378/1180 1071/1429/1204
f 1020/1477/1194 1103/1390/4 1087/1416/1194
f 1017/1478/1184 1104/1382/1184 1083/1479/1184
f 1037/1374/1176 1072/1376/1178 1076/1378/1180
f 1035/1380/1182 1070/1370/1172 1077/1372/1174
f 1013/1480/1184 1104/1382/1184 1069/1481/1184
f 1087/1416/1194 1074/1482/4 1022/1415/1194
f 1099/1409/122 1042/1483/122 1064/1484/122
f 1101/1452/58 1040/1485/58 1058/1486/58
f 1040/1485/58 1102/1401/58 1057/1487/58
f 1042/1483/122 1100/1413/122 1063/1488/122
f 1101/1452/58 1025/1489/58 1060/1490/58
f 1036/1371/1173 1083/1432/1207 1013/1433/1208
f 1038/1377/1179 1085/1491/1203 1015/1430/1205
f 1088/1389/4 1031/1492/4 1021/1493/4
f 1086/1423/7 1034/1494/7 1012/1495/7
f 1018/1496/1196 1091/1414/1196 1028/1497/1196
f 1087/1416/1194 1029/1410/1195 1020/1477/1194
f 1091/1414/122 1061/1498/122 1028/1497/122
f 1099/1409/122 1030/1499/122 1062/1500/122
f 1093/1408/7 1106/1501/7 1034/1494/7
f 1094/1405/4 1116/1502/4 1031/1492/4
f 1023/1503/58 1102/1401/58 1059/1504/58
f 1103/1390/4 1021/1493/4 1074/1482/4
f 1104/1382/1184 1011/1505/1184 1069/1481/1184
f 1016/1506/1227 1095/1507/1183 1038/1377/1179
f 1014/1417/1228 1096/1375/1177 1036/1371/1173
f 1023/1503/58 1105/1508/58 1089/1402/58
f 1025/1489/58 1107/1509/58 1108/1510/58
f 1057/1487/58 1110/1511/58 1040/1485/58
f 1059/1504/58 1112/1512/58 1111/1513/58
f 1060/1490/58 1112/1512/58 1041/1468/58
f 1058/1486/58 1110/1511/58 1114/1514/58
f 1057/1487/58 1115/1515/58 1109/1516/58
f 1025/1489/58 1113/1517/58 1060/1490/58
f 1026/1453/58 1114/1514/58 1116/1518/58
f 1059/1504/58 1106/1519/58 1023/1503/58
f 1024/1400/58 1105/1508/58 1115/1515/58
f 1026/1453/58 1107/1509/58 1090/1454/58
f 1127/1520/122 1123/1521/122 1119/1522/122
f 1141/1523/58 1145/1524/58 1134/1525/58
f 1129/1526/10 1144/1527/1229 1128/1528/1229
f 1138/1529/1230 1121/1530/96 1122/1531/1230
f 1146/1532/1231 1129/1526/10 1130/1533/1231
f 1139/1534/910 1122/1531/1230 1123/1535/910
f 1147/1536/912 1130/1533/1231 1131/1537/912
f 1140/1538/1232 1123/1535/910 1124/1539/1232
f 1148/1540/1233 1131/1537/912 1132/1541/1233
f 1141/1542/7 1124/1539/1232 1125/1543/7
f 1133/1544/1234 1117/1545/4 1118/1546/1234
f 1134/1547/4 1132/1541/1233 1117/1545/4
f 1142/1548/1235 1125/1543/7 1126/1549/1235
f 1135/1550/1236 1118/1546/1234 1119/1551/1236
f 1143/1552/1237 1126/1549/1235 1127/1553/1237
f 1136/1554/1238 1119/1551/1236 1120/1555/1238
f 1128/1528/1229 1143/1552/1237 1127/1553/1237
f 1121/1530/96 1136/1554/1238 1120/1555/1238
f 1189/1556/1239 1152/1557/1239 1178/1558/1239
f 1152/1557/1240 1179/1559/1240 1178/1558/1240
f 1156/1560/1241 1192/1561/1241 1179/1559/1241
f 1181/1562/1239 1195/1563/1239 1196/1562/1239
f 1155/1564/1242 1149/1565/1242 1151/1566/1242
f 1152/1567/1243 1191/1568/1243 1156/1560/1243
f 1164/1569/1244 1149/1570/1244 1153/1571/1244
f 1174/1572/1244 1183/1573/1244 1167/1574/1244
f 1155/1564/1241 1164/1569/1245 1153/1571/1241
f 1171/1575/1246 1182/1576/1247 1174/1572/1246
f 1160/1577/1240 1155/1564/1240 1151/1578/1240
f 1159/1579/1240 1171/1575/1240 1168/1580/1240
f 1157/1581/1248 1151/1578/1239 1149/1582/1239
f 1183/1583/1249 1168/1580/1250 1167/1584/1250
f 1165/1585/1251 1160/1577/1248 1157/1581/1248
f 1165/1585/1251 1169/1586/1239 1170/1587/1251
f 1167/1584/1250 1169/1586/1239 1166/1588/1239
f 1160/1577/1240 1173/1589/1240 1162/1590/1240
f 1169/1586/1240 1173/1589/1240 1170/1587/1240
f 1168/1580/1240 1172/1591/1240 1169/1586/1240
f 1173/1589/1252 1164/1569/1245 1162/1590/1245
f 1172/1591/1241 1176/1592/1252 1173/1589/1252
f 1171/1575/1246 1175/1593/1241 1172/1591/1241
f 1176/1592/1244 1157/1594/1244 1164/1569/1244
f 1175/1593/1244 1165/1595/1244 1176/1592/1244
f 1174/1572/1244 1166/1596/1244 1175/1593/1244
f 1177/1597/1241 1187/1598/1241 1188/1597/1241
f 1161/1599/1247 1192/1561/1241 1182/1576/1247
f 1178/1558/1240 1161/1599/1240 1159/1579/1240
f 1189/1556/1239 1159/1579/1249 1183/1583/1249
f 1163/1600/1244 1192/1561/1244 1180/1601/1244
f 1158/1598/1244 1182/1576/1244 1163/1600/1244
f 1158/1598/1244 1189/1602/1244 1183/1573/1244
f 1180/1601/1244 1189/1602/1244 1177/1597/1244
f 1185/1601/1244 1187/1598/1244 1186/1600/1244
f 1180/1601/1239 1186/1600/1239 1163/1600/1239
f 1177/1597/1242 1185/1601/1242 1180/1601/1242
f 1163/1600/1243 1187/1598/1243 1158/1598/1243
f 1150/1603/1244 1189/1602/1244 1184/1604/1253
f 1154/1563/1244 1190/1605/1244 1150/1603/1244
f 1154/1563/1244 1192/1561/1244 1191/1568/1244
f 1184/1604/1253 1192/1561/1244 1181/1562/1244
f 1195/1563/1244 1193/1604/1244 1196/1562/1244
f 1184/1604/1241 1194/1603/1241 1150/1603/1241
f 1181/1562/1243 1193/1604/1243 1184/1604/1243
f 1150/1603/1242 1195/1563/1242 1154/1563/1242
f 1207/1606/1242 1203/1607/1242 1199/1608/1242
f 1221/1609/1243 1225/1610/1243 1213/1611/1243
f 1217/1612/1239 1200/1613/1254 1201/1614/1239
f 1209/1615/1241 1224/1616/1255 1208/1617/1255
f 1218/1618/1256 1201/1614/1239 1202/1619/1256
f 1210/1620/1257 1225/1621/1241 1209/1615/1241
f 1219/1622/1258 1202/1619/1256 1203/1623/1258
f 1227/1624/1259 1210/1620/1257 1211/1625/1259
f 1220/1626/1260 1203/1623/1258 1204/1627/1260
f 1212/1628/1261 1227/1624/1259 1211/1625/1259
f 1205/1629/1244 1220/1626/1260 1204/1627/1260
f 1214/1630/1262 1197/1631/1240 1198/1632/1262
f 1197/1633/1240 1228/1634/1261 1212/1628/1261
f 1222/1635/1263 1205/1629/1244 1206/1636/1263
f 1215/1637/1264 1198/1632/1262 1199/1638/1264
f 1207/1639/1265 1222/1635/1263 1206/1636/1263
f 1200/1613/1254 1215/1637/1264 1199/1638/1264
f 1208/1617/1255 1223/1640/1265 1207/1639/1265
f 1260/1641/1266 1261/1642/1267 1262/1643/1266
f 1253/1644/1243 1257/1645/1243 1245/1646/1243
f 1253/1647/1268 1263/1648/1269 1264/1649/1268
f 1246/1650/1270 1265/1651/1271 1266/1652/1270
f 1245/1653/1271 1262/1643/1266 1265/1651/1271
f 1267/1654/1272 1253/1647/1268 1264/1649/1268
f 1268/1655/1273 1246/1650/1270 1266/1652/1270
f 1255/1656/1274 1267/1654/1272 1269/1657/1275
f 1248/1658/1276 1268/1655/1273 1270/1659/1276
f 1271/1660/1277 1255/1656/1274 1269/1657/1275
f 1249/1661/1278 1270/1659/1276 1272/1662/1278
f 1257/1663/1279 1271/1660/1277 1273/1664/1280
f 1274/1665/1281 1249/1661/1278 1272/1662/1278
f 1258/1666/1282 1273/1667/1280 1275/1668/1283
f 1251/1669/1284 1274/1665/1281 1276/1670/1284
f 1259/1671/1285 1275/1668/1283 1261/1642/1267
f 1252/1672/1269 1276/1670/1284 1263/1648/1269
f 1263/1648/1269 1235/1673/1286 1236/1674/1287
f 1261/1642/1267 1242/1675/1288 1243/1676/1289
f 1235/1673/1286 1274/1665/1281 1234/1677/1290
f 1275/1668/1283 1241/1678/1291 1242/1675/1288
f 1274/1665/1281 1233/1679/1292 1234/1677/1290
f 1241/1680/1291 1271/1660/1277 1240/1681/1293
f 1272/1662/1278 1232/1682/1294 1233/1679/1292
f 1240/1681/1293 1269/1657/1275 1239/1683/1295
f 1270/1659/1276 1231/1684/1296 1232/1682/1294
f 1269/1657/1275 1238/1685/1297 1239/1683/1295
f 1231/1684/1296 1266/1652/1270 1230/1686/1298
f 1267/1654/1272 1237/1687/1299 1238/1685/1297
f 1265/1651/1271 1244/1688/1300 1229/1689/1301
f 1266/1652/1270 1229/1689/1301 1230/1686/1298
f 1264/1649/1268 1236/1674/1287 1237/1687/1299
f 1244/1688/1300 1261/1642/1267 1243/1676/1289
f 1229/1690/1301 1238/1691/1297 1234/1692/1290
f 1285/1693/1302 1289/1694/1302 1277/1695/1302
f 1335/1696/1303 1304/1697/1304 1303/1698/1303
f 1320/1699/1304 1569/1700/1305 1582/1701/1306
f 1313/1702/1307 1570/1703/1308 1583/1704/1309
f 1321/1705/1310 1571/1706/1311 1569/1700/1305
f 1314/1707/1312 1572/1708/1313 1570/1703/1308
f 1322/1709/1314 1573/1710/1315 1571/1706/1311
f 1315/1711/1316 1574/1712/1317 1572/1708/1313
f 1573/1710/1315 1324/1713/1318 1575/1714/1319
f 1574/1712/1317 1317/1715/1320 1576/1716/1321
f 1310/1717/1322 1577/1718/1323 1584/1719/1324
f 1575/1714/1319 1310/1717/1322 1584/1719/1324
f 1317/1720/1320 1578/1721/1325 1576/1722/1321
f 1309/1723/1326 1579/1724/1327 1577/1718/1323
f 1318/1725/1328 1580/1726/1329 1578/1721/1325
f 1579/1724/1327 1312/1727/1330 1581/1728/1331
f 1319/1729/1303 1582/1701/1306 1580/1726/1329
f 1312/1727/1330 1583/1704/1309 1581/1728/1331
f 1294/1730/1332 1310/1731/1333 1293/1732/1333
f 1311/1733/1334 1294/1730/1332 1295/1734/1334
f 1296/1735/1335 1311/1733/1334 1295/1734/1334
f 1313/1736/1336 1296/1735/1335 1297/1737/1336
f 1314/1738/1337 1297/1737/1336 1298/1739/1337
f 1315/1740/1338 1298/1739/1337 1299/1741/1338
f 1316/1742/1339 1299/1741/1338 1300/1743/1339
f 1301/1744/1340 1316/1742/1339 1300/1743/1339
f 1318/1745/1341 1301/1746/1340 1302/1747/1341
f 1319/1748/1342 1302/1747/1341 1303/1749/1342
f 1320/1750/1343 1303/1749/1342 1304/1751/1343
f 1305/1752/1344 1320/1750/1343 1304/1751/1343
f 1306/1753/1345 1321/1754/1344 1305/1752/1344
f 1307/1755/1346 1322/1756/1345 1306/1753/1345
f 1308/1757/1347 1323/1758/1346 1307/1755/1346
f 1310/1731/1333 1308/1757/1347 1293/1732/1333
f 1335/1759/1348 1331/1760/1348 1327/1761/1348
f 1296/1762/1330 1329/1763/1307 1297/1764/1307
f 1336/1765/1304 1305/1766/1310 1304/1697/1304
f 1329/1763/1307 1298/1767/1312 1297/1764/1307
f 1337/1768/1310 1306/1769/1314 1305/1766/1310
f 1298/1767/1312 1331/1770/1316 1299/1771/1316
f 1338/1772/1314 1307/1773/1349 1306/1769/1314
f 1331/1770/1316 1300/1774/1350 1299/1771/1316
f 1339/1775/1349 1308/1776/1318 1307/1773/1349
f 1332/1777/1350 1301/1778/1320 1300/1774/1350
f 1325/1779/1322 1294/1780/1326 1293/1781/1322
f 1340/1782/1318 1293/1781/1322 1308/1776/1318
f 1333/1783/1320 1302/1784/1328 1301/1785/1320
f 1294/1780/1326 1327/1786/1351 1295/1787/1352
f 1334/1788/1328 1303/1698/1303 1302/1784/1328
f 1327/1786/1351 1296/1762/1330 1295/1787/1352
f 1354/1789/1307 1343/1790/1307 1353/1791/1307
f 1347/1792/1310 1384/1793/1310 1348/1794/1310
f 1360/1795/1310 1345/1796/1310 1363/1797/1310
f 1346/1798/1302 1341/1799/1302 1345/1800/1302
f 1341/1799/1302 1351/1801/1302 1345/1800/1302
f 1362/1802/1322 1346/1803/1322 1360/1804/1322
f 1349/1805/1307 1504/1806/1353 1498/1807/1353
f 1386/1808/1354 1377/1809/1355 1379/1810/1356
f 1353/1791/1307 1350/1811/1307 1357/1812/1307
f 1345/1796/1310 1364/1813/1310 1363/1797/1310
f 1355/1814/1310 1352/1815/1310 1347/1792/1310
f 1359/1816/1307 1357/1812/1307 1361/1817/1307
f 1350/1818/1357 1358/1819/1320 1357/1820/1320
f 1344/1821/1322 1356/1822/1322 1348/1823/1322
f 1347/1792/1310 1356/1824/1310 1355/1814/1310
f 1362/1825/1307 1353/1791/1307 1359/1816/1307
f 1342/1826/1307 1359/1816/1307 1341/1827/1307
f 1359/1816/1307 1349/1805/1307 1341/1827/1307
f 1363/1797/1310 1358/1828/1310 1355/1814/1310
f 1358/1819/1320 1361/1829/1320 1357/1820/1320
f 1354/1830/1322 1360/1804/1322 1356/1822/1322
f 1355/1814/1310 1360/1795/1310 1363/1797/1310
f 1373/1831/1310 1372/1832/1310 1374/1833/1310
f 1364/1834/1348 1504/1835/1358 1361/1836/1348
f 1351/1801/1302 1498/1837/1359 1499/1838/1359
f 1500/1839/1360 1494/1840/1361 1497/1841/1360
f 1372/1842/1362 1369/1843/1362 1371/1844/1362
f 1376/1845/1307 1371/1846/1307 1369/1847/1307
f 1374/1848/1363 1371/1849/1364 1375/1850/1363
f 1376/1851/1365 1370/1852/1366 1373/1853/1365
f 1365/1854/1367 1373/1853/1365 1366/1855/1367
f 1368/1856/1368 1375/1850/1363 1367/1857/1368
f 1365/1858/1307 1375/1859/1307 1376/1845/1307
f 1366/1860/1310 1374/1833/1310 1368/1861/1310
f 1378/1862/1369 1379/1863/1369 1377/1864/1369
f 1387/1865/1370 1377/1809/1370 1385/1866/1370
f 1388/1867/1371 1379/1810/1371 1380/1868/1371
f 1388/1867/1372 1378/1869/1373 1387/1865/1374
f 1381/1870/1348 1384/1871/1348 1383/1872/1348
f 1343/1873/1375 1383/1874/1320 1347/1875/1375
f 1348/1823/1322 1382/1876/1322 1344/1821/1322
f 1344/1877/1307 1381/1878/1307 1343/1790/1307
f 1352/1879/1376 1387/1880/1377 1347/1881/1378
f 1350/1818/1357 1388/1882/1379 1352/1883/1380
f 1347/1875/1375 1385/1884/1381 1343/1873/1375
f 1350/1885/1382 1385/1886/1383 1386/1887/1384
f 1391/1888/1302 1390/1889/1302 1389/1890/1302
f 1394/1891/1348 1395/1892/1348 1393/1893/1348
f 1392/1894/1322 1394/1895/1322 1390/1896/1322
f 1389/1897/1307 1394/1898/1307 1393/1899/1307
f 1391/1900/1310 1396/1901/1310 1392/1902/1310
f 1389/1903/1385 1395/1904/1385 1391/1905/1385
f 1405/1906/1302 1409/1907/1302 1397/1908/1302
f 1423/1909/1348 1419/1910/1348 1415/1911/1348
f 1477/1912/1322 1414/1913/1326 1480/1914/1326
f 1477/1912/1322 1428/1915/1318 1413/1916/1322
f 1481/1917/1328 1421/1918/1320 1422/1919/1328
f 1482/1920/1352 1414/1913/1326 1415/1921/1351
f 1483/1922/1303 1422/1919/1328 1423/1923/1303
f 1482/1920/1352 1416/1924/1330 1484/1925/1330
f 1483/1922/1303 1424/1926/1304 1485/1927/1304
f 1484/1925/1330 1417/1928/1307 1486/1929/1307
f 1487/1930/1310 1424/1926/1304 1425/1931/1310
f 1486/1929/1307 1418/1932/1312 1488/1933/1312
f 1489/1934/1314 1425/1931/1310 1426/1935/1314
f 1488/1933/1312 1419/1936/1316 1490/1937/1316
f 1491/1938/1349 1426/1935/1314 1427/1939/1349
f 1492/1940/1350 1419/1936/1316 1420/1941/1350
f 1491/1938/1349 1428/1915/1318 1478/1942/1318
f 1479/1943/1320 1420/1941/1350 1421/1944/1320
f 1430/1945/1302 1278/1946/1302 1277/1695/1302
f 1278/1946/1302 1431/1947/1302 1279/1948/1302
f 1279/1948/1302 1432/1949/1302 1280/1950/1302
f 1432/1949/1302 1281/1951/1302 1280/1950/1302
f 1281/1951/1302 1434/1952/1302 1282/1953/1302
f 1282/1953/1302 1435/1954/1302 1283/1955/1302
f 1435/1954/1302 1284/1956/1302 1283/1955/1302
f 1284/1956/1302 1437/1957/1302 1285/1693/1302
f 1437/1957/1302 1286/1958/1302 1285/1693/1302
f 1286/1958/1302 1439/1959/1302 1287/1960/1302
f 1439/1959/1302 1288/1961/1302 1287/1960/1302
f 1440/1962/1302 1289/1694/1302 1288/1961/1302
f 1441/1963/1302 1290/1964/1302 1289/1694/1302
f 1290/1964/1302 1443/1965/1302 1291/1966/1302
f 1443/1965/1302 1292/1967/1302 1291/1966/1302
f 1292/1967/1302 1430/1945/1302 1277/1695/1302
f 1460/1968/1330 1433/1969/1307 1432/1970/1330
f 1439/1971/1303 1446/1972/1304 1440/1973/1304
f 1458/1974/1352 1432/1970/1330 1431/1975/1351
f 1438/1976/1328 1459/1977/1303 1439/1971/1303
f 1429/1978/1326 1458/1974/1352 1431/1975/1351
f 1454/1979/1320 1438/1976/1328 1437/1980/1320
f 1444/1981/1318 1456/1982/1322 1430/1983/1322
f 1456/1982/1322 1429/1978/1326 1430/1983/1322
f 1436/1984/1350 1454/1985/1320 1437/1986/1320
f 1443/1987/1349 1453/1988/1318 1444/1981/1318
f 1435/1989/1316 1452/1990/1350 1436/1984/1350
f 1449/1991/1314 1443/1987/1349 1442/1992/1314
f 1447/1993/1312 1435/1989/1316 1434/1994/1312
f 1441/1995/1310 1449/1991/1314 1442/1992/1314
f 1433/1969/1307 1447/1993/1312 1434/1994/1312
f 1440/1973/1304 1445/1996/1310 1441/1995/1310
f 1405/1997/1320 1476/1998/1350 1464/1999/1320
f 1411/2000/1349 1463/2001/1318 1412/2002/1318
f 1404/2003/1350 1474/2004/1316 1476/1998/1350
f 1411/2000/1349 1473/2005/1314 1475/2006/1349
f 1402/2007/1312 1474/2004/1316 1403/2008/1316
f 1410/2009/1314 1471/2010/1310 1473/2005/1314
f 1402/2007/1312 1470/2011/1307 1472/2012/1312
f 1409/2013/1310 1469/2014/1304 1471/2010/1310
f 1400/2015/1330 1470/2011/1307 1401/2016/1307
f 1407/2017/1303 1469/2014/1304 1408/2018/1304
f 1400/2015/1330 1466/2019/1352 1468/2020/1330
f 1406/2021/1328 1467/2022/1303 1407/2017/1303
f 1399/2023/1351 1462/2024/1326 1466/2019/1352
f 1405/2025/1320 1465/2026/1328 1406/2021/1328
f 1397/2027/1322 1463/2001/1318 1461/2028/1322
f 1397/2027/1322 1462/2024/1326 1398/2029/1326
f 1523/2030/1320 1492/1940/1350 1479/1943/1320
f 1535/2031/1349 1478/1942/1318 1522/2032/1318
f 1534/2033/1316 1492/1940/1350 1536/2034/1350
f 1533/2035/1314 1491/1938/1349 1535/2031/1349
f 1534/2033/1316 1488/1933/1312 1490/1937/1316
f 1531/2036/1310 1489/1934/1314 1533/2035/1314
f 1530/2037/1307 1488/1933/1312 1532/2038/1312
f 1529/2039/1304 1487/1930/1310 1531/2036/1310
f 1530/2037/1307 1484/1925/1330 1486/1929/1307
f 1527/2040/1303 1485/1927/1304 1529/2039/1304
f 1526/2041/1351 1484/1925/1330 1528/2042/1330
f 1527/2040/1303 1481/1917/1328 1483/1922/1303
f 1524/2043/1326 1482/1920/1352 1526/2041/1351
f 1523/2044/1320 1481/1917/1328 1525/2045/1328
f 1521/2046/1322 1478/1942/1318 1477/1912/1322
f 1521/2046/1322 1480/1914/1326 1524/2043/1326
f 1502/2047/1386 1367/1857/1368 1503/2048/1386
f 1364/1813/1310 1499/2049/1387 1501/2050/1387
f 1500/2051/1388 1368/1861/1310 1502/2052/1388
f 1500/1839/1360 1365/1854/1367 1366/1855/1367
f 1495/2053/1389 1501/2054/1358 1496/2055/1389
f 1494/2056/1390 1504/1806/1353 1495/2057/1390
f 1496/2058/1391 1499/2049/1387 1493/2059/1391
f 1493/2060/1361 1498/1837/1359 1494/1840/1361
f 1503/2061/1392 1365/1858/1307 1497/2062/1392
f 1502/2052/1388 1493/2059/1391 1500/2051/1388
f 1497/2062/1392 1495/2057/1390 1503/2061/1392
f 1503/2048/1386 1496/2055/1389 1502/2047/1386
f 1537/2063/1326 1518/2064/1322 1505/2065/1326
f 1550/2066/1322 1519/2067/1318 1518/2064/1322
f 1538/2068/1328 1520/2069/1320 1506/2070/1328
f 1537/2063/1326 1507/2071/1352 1539/2072/1352
f 1538/2068/1328 1508/2073/1303 1540/2074/1303
f 1541/2075/1330 1507/2071/1352 1509/2076/1330
f 1542/2077/1304 1508/2073/1303 1510/2078/1304
f 1541/2075/1330 1511/2079/1307 1543/2080/1307
f 1544/2081/1310 1510/2078/1304 1512/2082/1310
f 1543/2080/1307 1513/2083/1312 1545/2084/1312
f 1546/2085/1314 1512/2082/1310 1514/2086/1314
f 1545/2084/1312 1515/2087/1316 1547/2088/1316
f 1546/2085/1314 1516/2089/1349 1548/2090/1349
f 1549/2091/1350 1515/2087/1316 1517/2092/1350
f 1548/2090/1349 1519/2067/1318 1551/2093/1318
f 1549/2091/1350 1520/2094/1320 1552/2095/1320
f 1518/2096/1393 1524/2097/1394 1505/2098/1394
f 1518/2096/1393 1522/2099/1395 1521/2100/1393
f 1506/2101/1396 1523/2102/1397 1525/2103/1396
f 1505/2098/1394 1526/2104/1398 1507/2105/1398
f 1508/2106/1399 1525/2103/1396 1527/2107/1399
f 1507/2105/1398 1528/2108/1400 1509/2109/1400
f 1510/2110/1401 1527/2107/1399 1529/2111/1401
f 1509/2109/1400 1530/2112/1402 1511/2113/1402
f 1512/2114/1403 1529/2111/1401 1531/2115/1403
f 1513/2116/1404 1530/2112/1402 1532/2117/1404
f 1514/2118/1405 1531/2115/1403 1533/2119/1405
f 1515/2120/1406 1532/2117/1404 1534/2121/1406
f 1516/2122/1407 1533/2119/1405 1535/2123/1407
f 1517/2124/1408 1534/2121/1406 1536/2125/1408
f 1519/2126/1395 1535/2123/1407 1522/2099/1395
f 1520/2127/1397 1536/2125/1408 1523/2128/1397
f 1476/1998/1350 1552/2095/1320 1464/1999/1320
f 1475/2006/1349 1551/2093/1318 1463/2001/1318
f 1476/1998/1350 1547/2088/1316 1549/2091/1350
f 1475/2006/1349 1546/2085/1314 1548/2090/1349
f 1472/2012/1312 1547/2088/1316 1474/2004/1316
f 1471/2010/1310 1546/2085/1314 1473/2005/1314
f 1470/2011/1307 1545/2084/1312 1472/2012/1312
f 1469/2014/1304 1544/2081/1310 1471/2010/1310
f 1468/2020/1330 1543/2080/1307 1470/2011/1307
f 1467/2022/1303 1542/2077/1304 1469/2014/1304
f 1466/2019/1352 1541/2075/1330 1468/2020/1330
f 1467/2022/1303 1538/2068/1328 1540/2074/1303
f 1466/2019/1352 1537/2063/1326 1539/2072/1352
f 1464/2129/1320 1538/2068/1328 1465/2026/1328
f 1463/2001/1318 1550/2066/1322 1461/2028/1322
f 1462/2024/1326 1550/2066/1322 1537/2063/1326
f 1565/2130/1409 1448/2131/1307 1460/1968/1330
f 1564/2132/1410 1446/1972/1304 1459/1977/1303
f 1563/2133/1411 1460/1968/1330 1458/1974/1352
f 1562/2134/1412 1459/1977/1303 1457/2135/1328
f 1561/2136/1413 1458/1974/1352 1455/2137/1326
f 1560/2138/1414 1457/2135/1328 1454/1979/1320
f 1453/1988/1318 1568/2139/1415 1456/1982/1322
f 1456/1982/1322 1561/2136/1413 1455/2137/1326
f 1558/2140/1416 1454/1985/1320 1452/1990/1350
f 1557/2141/1417 1453/1988/1318 1451/2142/1349
f 1556/2143/1418 1452/1990/1350 1450/2144/1316
f 1449/1991/1314 1557/2141/1417 1451/2142/1349
f 1554/2145/1419 1450/2144/1316 1447/1993/1312
f 1445/1996/1310 1555/2146/1420 1449/1991/1314
f 1448/2131/1307 1554/2145/1419 1447/1993/1312
f 1566/2147/1421 1445/1996/1310 1446/1972/1304
f 1581/1728/1331 1567/2148/1422 1565/2130/1409
f 1564/2132/1410 1582/1701/1306 1566/2147/1421
f 1563/2133/1411 1581/1728/1331 1565/2130/1409
f 1578/1721/1325 1564/2132/1410 1562/2134/1412
f 1561/2136/1413 1579/1724/1327 1563/2133/1411
f 1560/2138/1414 1578/1721/1325 1562/2134/1412
f 1559/2149/1423 1584/1719/1324 1568/2139/1415
f 1584/1719/1324 1561/2136/1413 1568/2139/1415
f 1558/2140/1416 1576/1716/1321 1560/2150/1414
f 1557/2141/1417 1575/1714/1319 1559/2149/1423
f 1572/1708/1313 1558/2140/1416 1556/2143/1418
f 1571/1706/1311 1557/2141/1417 1555/2146/1420
f 1570/1703/1308 1556/2143/1418 1554/2145/1419
f 1553/2151/1424 1571/1706/1311 1555/2146/1420
f 1567/2148/1422 1570/1703/1308 1554/2145/1419
f 1566/2147/1421 1569/1700/1305 1553/2151/1424
f 1/1/1 14/5/5 29/2/2
f 27/4/4 34/2152/29 14/5/5
f 23/6/6 33/2153/31 26/7/7
f 2/8/8 17/18/18 30/9/9
f 14/5/5 34/2152/29 25/10/10
f 3/11/11 18/12/12 29/2/2
f 3/11/11 23/6/6 30/9/9
f 25/10/10 33/2153/31 23/6/6
f 4/13/13 19/16/16 31/14/14
f 16/3/3 29/2/2 19/16/16
f 15/17/17 30/9/9 17/18/18
f 5/19/19 21/26/26 32/20/20
f 19/16/16 29/2/2 18/12/12
f 6/21/21 22/22/22 31/14/14
f 6/21/21 15/17/17 32/20/20
f 18/12/12 30/9/9 15/17/17
f 20/15/15 31/14/14 49/23/23
f 50/25/25 32/20/20 21/26/26
f 49/23/23 31/14/14 22/22/22
f 22/22/22 32/20/20 50/25/25
f 39/29/29 70/42/34 69/30/30
f 25/10/10 34/2152/29 24/32/29
f 12/34/31 33/2153/31 25/10/10
f 35/31/10 69/30/30 28/35/32
f 38/36/31 28/35/32 71/37/33
f 26/7/7 33/2153/31 12/34/31
f 24/32/29 34/2152/29 27/4/4
f 37/41/4 13/633/537 70/42/34
f 37/41/4 39/29/29 40/43/29
f 44/45/31 38/36/31 36/38/7
f 35/31/10 38/36/31 44/45/31
f 40/43/29 39/29/29 35/31/10
f 24/32/29 40/43/29 41/47/10
f 41/47/10 44/45/31 12/34/31
f 12/34/31 44/45/31 42/46/7
f 43/44/4 40/43/29 24/32/29
f 45/48/35 55/54/41 59/49/36
f 48/50/37 56/2154/60 75/51/38
f 75/51/38 73/87/65 54/52/39
f 45/48/35 54/52/39 60/53/40
f 61/55/42 68/74/56 60/53/40
f 54/52/39 73/87/65 76/56/43
f 74/57/44 56/2154/60 48/50/37
f 62/58/45 48/50/37 59/49/36
f 65/60/47 57/70/52 50/61/25
f 49/63/23 58/72/54 66/64/48
f 50/61/25 57/70/52 52/66/49
f 52/66/49 58/72/54 49/63/23
f 67/59/46 59/49/36 53/68/50
f 63/69/51 53/68/50 57/70/52
f 64/71/53 66/64/48 58/72/54
f 51/73/55 60/53/40 68/74/56
f 47/75/57 52/66/49 57/70/52
f 53/68/50 59/49/36 55/54/41
f 55/54/41 60/53/40 51/73/55
f 47/75/57 51/73/55 58/72/54
f 70/42/34 13/633/537 72/76/58
f 28/78/32 69/77/30 72/76/58
f 81/80/59 77/83/61 75/81/38
f 79/85/63 80/86/64 77/83/61
f 77/83/61 81/80/59 78/84/62
f 75/81/38 77/83/61 80/86/64
f 80/86/64 79/85/63 76/56/43
f 74/88/44 78/84/62 81/80/59
f 85/89/66 89/164/132 94/90/67
f 96/92/69 97/120/97 107/93/70
f 90/95/72 82/97/74 85/89/66
f 87/96/73 85/89/66 82/97/74
f 136/99/76 87/96/73 86/98/75
f 194/101/78 90/95/72 93/91/68
f 83/103/80 110/176/144 119/104/81
f 84/106/83 114/177/145 163/107/84
f 106/109/86 108/124/101 103/110/87
f 105/112/89 97/120/97 96/92/69
f 104/114/91 106/109/86 99/111/88
f 95/115/92 99/111/88 101/116/93
f 100/117/94 101/116/93 155/118/95
f 103/110/87 108/124/101 107/93/70
f 197/121/98 199/123/100 106/109/86
f 98/113/90 153/213/177 154/122/99
f 199/123/100 202/168/136 108/124/101
f 86/125/102 82/128/103 95/126/103
f 82/128/103 90/154/58 104/129/58
f 89/130/104 103/153/123 97/131/105
f 83/133/107 96/139/112 102/134/108
f 92/136/110 91/132/106 97/131/105
f 84/138/111 98/143/115 96/139/112
f 137/140/113 92/136/110 105/137/89
f 135/142/114 153/2155/1425 98/143/115
f 87/144/116 101/150/121 99/145/117
f 86/125/102 100/127/102 152/147/119
f 87/144/116 136/236/194 155/149/120
f 88/135/109 102/134/108 198/151/122
f 89/130/104 85/146/118 99/145/117
f 90/154/58 194/725/58 197/155/58
f 110/158/126 83/2156/1426 88/156/124
f 88/156/124 120/160/128 111/157/125
f 195/159/127 204/183/151 120/160/128
f 91/132/106 92/136/110 117/161/129
f 110/158/126 111/157/125 94/90/67
f 89/164/132 91/2157/1427 109/163/131
f 108/124/101 113/166/134 112/94/71
f 112/94/71 113/166/134 102/165/133
f 113/166/134 203/2158/1428 198/167/135
f 202/168/136 203/2158/1428 113/166/134
f 114/169/137 117/2159/1429 166/170/138
f 116/172/140 117/2159/1429 114/169/137
f 115/173/141 119/2160/1430 118/174/142
f 109/175/143 118/180/148 119/104/81
f 83/103/80 115/105/82 114/177/145
f 92/136/110 137/140/113 166/178/146
f 91/179/147 116/2161/147 118/180/148
f 196/102/79 93/91/68 94/90/67
f 201/181/149 94/90/67 111/157/125
f 200/182/150 111/157/125 120/160/128
f 133/184/152 128/247/202 124/185/153
f 139/187/155 159/250/205 150/188/156
f 129/190/158 132/186/154 124/185/153
f 121/191/159 124/185/153 126/192/160
f 125/193/161 126/192/160 136/194/76
f 205/196/98 207/264/219 132/186/154
f 122/197/162 162/261/216 168/198/163
f 163/107/84 161/2162/1431 123/200/165
f 149/201/166 142/207/172 146/202/167
f 139/187/155 140/189/157 148/204/169
f 147/206/171 138/209/174 142/207/172
f 144/208/173 142/207/172 138/209/174
f 155/118/95 144/208/173 143/210/175
f 150/188/156 151/203/168 146/202/167
f 208/211/78 147/206/171 149/201/166
f 141/205/170 148/204/169 154/122/99
f 210/212/176 149/201/166 151/203/168
f 125/215/179 143/234/102 138/216/103
f 121/217/180 138/216/103 147/218/58
f 140/220/181 146/2163/1432 128/221/182
f 145/223/184 139/227/187 122/224/185
f 131/226/186 148/229/169 140/220/181
f 139/227/187 141/230/189 123/228/188
f 137/140/113 154/141/99 148/229/169
f 141/230/189 153/2155/1425 135/142/114
f 142/231/190 144/235/193 126/232/191
f 134/148/119 152/147/119 143/234/102
f 144/235/193 155/149/120 136/236/194
f 209/237/122 145/223/184 127/225/109
f 128/221/182 146/2163/1432 142/231/190
f 129/219/58 147/218/58 208/239/195
f 127/243/198 122/2164/1433 157/241/196
f 157/241/196 158/246/201 169/242/197
f 169/242/197 215/820/692 206/244/199
f 164/245/200 165/2165/1434 131/226/186
f 157/241/196 156/248/203 133/184/152
f 128/247/202 133/184/152 156/248/203
f 151/203/168 150/188/156 159/250/205
f 145/252/207 160/251/206 159/250/205
f 209/253/208 214/2166/1435 160/251/206
f 160/251/206 214/2166/1435 213/214/178
f 161/254/209 163/171/139 166/170/138
f 162/256/211 161/254/209 165/255/210
f 162/256/211 164/257/212 167/258/213
f 168/198/163 167/262/217 156/260/215
f 123/200/165 161/2162/1431 162/261/216
f 131/226/186 165/2165/1434 166/178/146
f 167/262/217 164/2167/218 130/263/218
f 133/184/152 132/186/154 207/264/219
f 158/246/201 133/184/152 212/265/220
f 211/266/221 215/820/692 169/242/197
f 181/267/222 172/286/1436 178/268/223
f 179/270/225 175/288/1437 182/271/226
f 171/273/58 174/281/58 173/274/58
f 184/276/228 185/594/514 170/277/229
f 177/279/230 184/284/233 173/280/230
f 185/282/231 176/285/232 171/273/232
f 179/270/225 183/272/227 184/284/233
f 185/282/231 180/269/224 178/268/223
f 172/286/234 181/2168/234 182/287/234
f 181/289/235 180/2169/235 183/290/235
f 179/270/236 178/268/236 172/286/236
f 190/292/10 188/307/10 191/293/10
f 216/295/58 187/300/58 186/296/58
f 189/298/10 193/301/10 186/299/10
f 190/292/10 192/294/10 193/301/10
f 191/302/237 221/852/709 219/303/238
f 222/305/240 221/2170/122 191/306/241
f 193/311/246 218/2171/4 217/312/4
f 225/314/10 226/2172/10 224/315/10
f 580/317/247 229/325/247 227/318/247
f 223/316/10 227/318/10 228/320/10
f 579/321/248 576/331/248 225/322/248
f 580/317/249 581/2173/249 230/324/249
f 228/320/10 227/318/10 229/325/10
f 575/327/250 224/315/250 226/328/250
f 578/319/251 227/318/251 223/316/252
f 223/316/252 224/315/253 575/327/253
f 576/331/254 577/2174/254 226/332/254
f 285/333/255 259/407/1438 266/334/256
f 237/336/258 232/430/276 305/337/259
f 299/339/261 236/442/361 231/340/262
f 327/342/264 301/361/283 291/343/265
f 258/345/267 292/416/346 298/346/268
f 288/348/270 235/444/362 306/349/271
f 256/351/273 283/381/299 298/352/274
f 232/354/276 237/368/258 241/355/277
f 287/357/279 238/356/278 239/358/280
f 326/360/282 299/441/261 301/361/283
f 242/362/284 243/403/363 239/358/280
f 299/339/261 234/341/263 300/363/285
f 242/362/284 238/356/278 241/355/277
f 247/365/286 241/355/277 251/366/287
f 251/366/287 241/355/277 237/368/258
f 248/370/289 237/336/258 308/338/260
f 289/372/291 291/446/265 245/373/292
f 290/353/275 289/372/291 250/374/293
f 253/375/294 248/370/289 310/371/290
f 251/366/287 248/369/289 253/377/294
f 246/379/297 249/399/352 250/374/293
f 254/380/298 282/415/1439 283/381/299
f 252/367/288 251/366/287 257/378/296
f 320/383/301 316/905/754 332/384/302
f 297/386/304 273/409/330 260/387/305
f 262/389/307 263/393/311 265/390/308
f 329/449/378 264/394/312 318/391/309
f 318/391/309 317/437/358 293/392/310
f 293/392/310 265/390/308 263/393/311
f 263/393/311 329/449/378 318/391/309
f 332/384/302 316/905/754 318/391/309
f 294/388/306 260/387/305 265/390/308
f 244/395/313 278/404/325 328/396/314
f 252/367/316 270/402/323 275/398/317
f 249/399/319 246/379/335 277/400/320
f 255/382/322 268/413/334 270/402/323
f 243/403/324 279/419/341 278/404/325
f 249/399/319 274/401/321 269/405/326
f 313/406/327 320/383/301 333/385/303
f 295/408/329 276/411/332 273/409/330
f 296/410/331 280/417/338 276/411/332
f 255/382/322 286/422/1440 272/412/333
f 246/379/335 302/397/315 328/396/314
f 254/380/326 269/405/326 267/414/336
f 292/416/337 258/345/369 280/417/338
f 247/365/318 275/398/317 281/418/339
f 242/362/340 281/418/339 279/419/341
f 313/406/342 259/407/1438 285/333/255
f 255/382/300 257/378/296 284/421/344
f 292/416/346 314/432/1441 323/423/347
f 285/424/348 284/421/344 257/378/296
f 253/375/294 312/376/295 324/425/349
f 290/427/275 298/2175/274 323/428/350
f 249/399/352 254/380/298 256/351/273
f 232/430/276 288/348/270 325/350/272
f 232/354/276 238/356/278 287/357/279
f 314/432/353 292/416/337 296/410/331
f 322/433/354 296/410/331 295/408/329
f 321/434/355 295/408/329 297/386/304
f 315/436/357 294/388/306 293/392/310
f 297/386/304 294/388/306 315/436/357
f 311/429/351 309/439/359 289/438/291
f 309/439/359 307/344/266 291/343/265
f 304/440/360 236/2176/361 299/441/261
f 236/442/361 235/443/362 233/359/281
f 235/443/362 288/431/270 287/357/279
f 235/444/362 236/2176/361 304/440/360
f 243/403/363 244/395/367 240/445/364
f 239/358/280 240/445/364 231/340/262
f 301/364/283 300/363/285 245/373/292
f 302/397/365 246/379/297 245/373/292
f 300/363/285 234/341/263 303/447/366
f 303/447/366 234/341/263 231/340/262
f 244/395/367 302/397/365 303/447/366
f 269/405/368 280/417/338 258/345/369
f 280/417/338 269/405/368 274/401/371
f 276/411/332 274/401/371 277/400/372
f 279/419/373 331/448/376 262/389/307
f 281/418/375 330/450/379 331/448/376
f 272/412/333 286/422/1440 284/335/257
f 328/396/377 260/387/305 273/409/330
f 260/387/305 328/396/377 278/404/374
f 263/393/311 262/389/307 331/448/376
f 329/449/378 331/448/376 330/450/379
f 261/451/380 332/384/302 264/394/312
f 330/450/379 281/418/375 271/452/382
f 261/451/380 271/452/382 333/385/303
f 259/407/328 333/385/303 271/452/382
f 268/413/384 272/412/1442 266/334/385
f 361/453/386 362/486/420 341/454/387
f 365/456/388 359/484/418 338/457/389
f 338/457/389 359/484/418 363/459/391
f 334/461/386 358/487/386 360/462/386
f 342/460/392 363/459/391 364/464/386
f 334/461/393 339/463/411 345/466/394
f 336/468/396 349/465/402 334/461/393
f 346/469/397 338/457/1443 342/460/398
f 353/458/400 338/457/1443 346/469/397
f 337/470/399 342/460/398 349/465/402
f 340/455/403 341/454/414 343/472/404
f 351/474/406 356/480/413 355/475/407
f 354/477/409 353/458/400 347/471/401
f 339/463/411 340/455/403 344/473/405
f 352/479/412 357/488/1444 356/480/413
f 355/475/407 354/477/409 348/478/410
f 341/454/414 357/488/1444 352/479/412
f 367/481/415 368/483/417 365/456/388
f 368/483/417 369/485/419 359/484/418
f 363/459/391 359/484/418 369/485/419
f 362/486/420 361/453/386 364/464/386
f 364/464/386 361/453/386 360/462/386
f 356/480/421 368/483/417 367/481/415
f 349/465/386 364/464/386 358/487/386
f 366/482/416 365/456/388 353/458/390
f 360/462/386 361/453/386 340/455/386
f 357/488/424 369/485/419 368/483/417
f 367/481/415 366/482/416 354/477/423
f 362/486/420 369/485/419 357/488/424
f 371/489/425 382/507/443 381/490/426
f 380/492/428 373/499/435 384/493/429
f 388/495/431 386/498/434 375/496/432
f 386/498/434 384/493/429 373/499/435
f 391/494/430 383/506/442 372/500/436
f 376/501/437 387/505/441 389/502/438
f 374/504/440 385/510/446 387/505/441
f 371/489/425 372/500/436 383/506/442
f 378/503/439 389/502/438 390/508/444
f 370/491/427 381/490/426 385/510/446
f 710/511/447 709/518/448 382/507/448
f 717/512/449 706/2177/449 379/513/449
f 703/514/450 701/519/451 374/515/451
f 711/517/452 718/521/453 391/494/453
f 709/518/448 708/530/455 381/490/455
f 701/519/451 697/536/456 370/520/456
f 718/521/453 710/511/447 383/506/447
f 386/498/457 713/998/457 711/517/452
f 702/522/458 704/2178/459 377/523/459
f 377/525/460 704/2179/460 715/526/460
f 712/527/461 714/538/462 387/505/462
f 705/528/463 703/514/450 376/516/450
f 708/530/455 712/527/461 385/510/461
f 706/531/464 705/528/463 378/529/463
f 715/526/465 713/998/457 386/498/457
f 707/533/466 700/541/467 373/534/467
f 697/536/456 698/588/468 371/537/468
f 714/538/462 716/542/469 389/502/469
f 699/539/470 707/533/466 380/535/466
f 700/541/467 702/522/458 375/524/458
f 716/542/469 717/512/471 390/508/471
f 409/545/474 395/2180/1445 394/1006/880
f 394/1006/880 404/2181/1446 406/543/472
f 406/543/472 407/2182/473 405/2183/473
f 405/2183/473 408/2184/473 410/544/473
f 410/544/473 411/2185/473 409/545/474
f 409/545/474 394/1006/880 406/543/472
f 406/543/472 405/2183/473 410/544/473
f 392/546/475 396/562/1447 404/547/476
f 409/549/478 401/567/1448 393/550/479
f 396/554/483 392/2186/1449 393/1014/1450
f 393/1014/1450 401/2187/1451 403/552/481
f 403/552/481 402/2188/1452 400/2189/482
f 400/2189/482 397/2190/482 399/553/482
f 399/553/482 398/2191/482 396/554/483
f 396/554/483 393/1014/1450 403/552/481
f 403/552/481 400/2189/482 399/553/482
f 397/555/484 400/563/484 408/556/484
f 258/345/267 283/347/269 282/415/485
f 405/557/487 407/559/490 399/558/488
f 407/559/490 406/561/492 398/560/491
f 406/561/492 404/547/1453 396/562/493
f 400/563/494 402/565/497 410/564/495
f 402/565/497 403/568/500 411/566/498
f 401/567/499 409/549/499 411/566/498
f 678/569/501 351/581/501 350/570/502
f 664/572/503 337/579/503 336/573/504
f 662/575/505 335/591/505 345/576/506
f 673/578/507 346/585/507 337/579/503
f 679/580/508 352/583/508 351/581/501
f 670/582/509 343/587/509 352/583/508
f 674/584/510 347/590/510 346/585/507
f 671/586/511 344/592/511 343/587/509
f 698/588/468 699/539/470 372/540/470
f 675/589/512 348/2192/512 347/590/510
f 663/574/504 336/573/504 335/591/505
f 672/577/506 345/576/506 344/592/511
f 176/285/236 177/279/236 174/281/236
f 178/268/236 179/270/236 177/279/236
f 192/593/513 219/1028/904 220/309/244
f 185/594/514 184/276/228 183/595/515
f 413/597/7 222/305/7 188/307/516
f 189/298/516 412/598/7 413/597/7
f 187/300/516 216/295/7 412/598/7
f 1/1/1 16/3/3 427/599/517
f 418/600/518 432/2193/533 27/4/4
f 26/601/7 431/2194/534 423/602/519
f 2/603/8 423/602/519 428/604/520
f 425/606/96 432/2193/533 418/600/518
f 414/607/521 418/600/518 427/599/517
f 414/607/521 420/608/522 428/604/520
f 423/602/519 431/2194/534 425/606/96
f 4/13/13 20/15/15 429/609/523
f 421/610/524 427/599/517 16/3/3
f 17/605/18 428/604/520 419/611/525
f 5/612/19 419/611/525 430/613/526
f 420/608/522 427/599/517 421/610/524
f 415/615/527 421/610/524 429/609/523
f 415/615/527 422/616/528 430/613/526
f 419/611/525 428/604/520 420/608/522
f 443/617/529 429/609/523 20/15/15
f 21/614/26 430/613/526 444/618/530
f 422/616/528 429/609/523 443/617/529
f 444/618/530 430/613/526 422/616/528
f 455/621/532 456/632/536 435/622/533
f 424/624/533 432/2193/533 425/606/96
f 425/606/96 431/2194/534 417/626/534
f 433/623/96 434/629/534 426/627/535
f 71/628/33 426/627/535 434/629/534
f 417/626/534 431/2194/534 26/601/7
f 27/4/4 432/2193/533 424/624/533
f 37/41/4 435/622/533 456/632/536
f 436/634/533 435/622/533 37/41/4
f 36/630/7 434/629/534 438/635/534
f 438/635/534 434/629/534 433/623/96
f 433/623/96 435/622/533 436/634/533
f 437/637/96 436/634/533 424/624/533
f 417/626/534 438/635/534 437/637/96
f 42/636/7 438/635/534 417/626/534
f 424/624/533 436/634/533 43/44/4
f 439/638/538 442/642/542 453/639/539
f 458/641/541 450/2195/552 442/642/542
f 448/643/543 457/667/555 458/641/541
f 439/638/538 449/640/540 454/644/544
f 61/55/42 448/643/543 454/644/544
f 76/56/43 457/667/555 448/643/543
f 442/642/542 450/2195/552 74/645/44
f 62/646/45 67/654/46 453/639/539
f 444/647/530 451/656/547 65/648/47
f 66/64/48 452/657/548 443/650/529
f 446/651/545 451/656/547 444/647/530
f 443/650/529 452/657/548 446/651/545
f 447/653/546 453/639/539 67/654/46
f 63/655/51 65/648/47 451/656/547
f 64/71/53 445/658/549 452/657/548
f 68/74/56 454/644/544 445/658/549
f 441/659/550 447/653/546 451/656/547
f 449/640/540 453/639/539 447/653/546
f 445/658/549 454/644/544 449/640/540
f 441/659/550 446/651/545 452/657/548
f 72/76/58 13/633/537 456/632/536
f 426/661/535 71/79/33 72/76/58
f 458/662/541 459/665/553 461/663/551
f 459/665/553 460/666/554 79/85/63
f 79/85/63 78/84/62 461/663/551
f 458/662/541 457/667/555 460/666/554
f 76/56/43 79/85/63 460/666/554
f 74/88/44 450/664/552 461/663/551
f 474/668/556 469/731/612 465/669/557
f 476/671/559 492/734/615 487/672/560
f 470/674/562 473/670/558 465/669/557
f 462/675/563 465/669/557 467/676/564
f 466/677/565 467/676/564 516/678/566
f 194/101/78 196/102/79 473/670/558
f 463/680/568 495/2196/1454 499/681/569
f 543/683/571 494/745/626 464/684/572
f 486/686/574 479/692/580 483/687/575
f 476/671/559 477/673/561 485/689/577
f 484/691/579 475/694/582 479/692/580
f 481/693/581 479/692/580 475/694/582
f 535/696/584 481/693/581 480/695/583
f 487/672/560 488/688/576 483/687/575
f 197/121/98 484/691/579 486/686/574
f 478/690/578 485/689/577 534/698/585
f 199/123/100 486/686/574 488/688/576
f 466/700/587 480/2197/587 475/701/588
f 462/702/588 475/701/588 484/703/58
f 477/705/589 483/2198/1455 469/706/590
f 482/708/592 476/712/596 463/709/593
f 472/711/595 485/715/577 477/705/589
f 476/712/596 478/716/599 464/713/597
f 517/714/598 534/791/585 485/715/577
f 478/716/599 533/2199/1456 515/717/600
f 479/718/601 481/2200/1457 467/719/602
f 532/721/604 480/2197/587 466/700/587
f 467/719/602 481/2200/1457 535/723/605
f 198/151/122 482/708/592 468/710/594
f 469/706/590 483/2198/1455 479/718/601
f 470/704/58 484/703/58 197/155/58
f 468/728/609 463/2201/1458 490/726/607
f 490/726/607 491/730/611 500/727/608
f 500/727/608 204/183/151 195/159/127
f 471/707/591 496/2202/1459 497/729/610
f 490/726/607 489/732/613 474/668/556
f 469/731/612 474/668/556 489/732/613
f 488/688/576 487/672/560 492/734/615
f 482/736/617 493/735/616 492/734/615
f 198/167/135 203/2158/1428 493/735/616
f 493/735/616 203/2158/1428 202/168/136
f 494/737/618 543/809/681 546/738/619
f 494/737/618 497/739/620 496/740/621
f 495/741/622 496/740/621 498/742/623
f 499/681/569 498/747/628 489/744/625
f 494/745/626 495/2196/1454 463/680/568
f 472/711/595 497/729/610 546/746/627
f 498/747/628 496/2203/629 471/748/629
f 474/668/556 473/670/558 196/102/79
f 491/730/611 474/668/556 201/181/149
f 200/182/150 204/183/151 500/727/608
f 504/749/630 508/805/677 513/750/631
f 519/752/633 520/774/653 530/753/634
f 509/755/636 501/757/638 504/749/630
f 506/756/637 504/749/630 501/757/638
f 516/759/566 506/756/637 505/758/639
f 205/196/98 509/755/636 512/751/632
f 502/761/640 537/815/687 548/762/641
f 503/764/643 541/816/688 543/683/571
f 529/765/644 531/775/654 526/766/645
f 528/768/647 520/774/653 519/752/633
f 527/770/649 529/765/644 522/767/646
f 518/771/650 522/767/646 524/772/651
f 523/773/652 524/772/651 535/696/584
f 526/766/645 531/775/654 530/753/634
f 208/211/78 210/212/176 529/765/644
f 521/769/648 533/699/586 534/698/585
f 210/212/176 213/214/178 531/775/654
f 505/776/655 501/779/656 518/777/588
f 501/779/656 509/798/58 527/780/58
f 508/781/657 526/797/670 520/782/658
f 502/784/660 519/790/664 525/785/661
f 511/787/662 510/783/659 520/782/658
f 503/789/663 521/792/665 519/790/664
f 517/714/598 511/787/662 528/788/647
f 515/717/600 533/2199/1456 521/792/665
f 506/793/666 524/796/669 522/794/667
f 514/722/604 505/776/655 523/778/587
f 516/724/606 535/723/605 524/796/669
f 507/786/594 525/785/661 209/237/122
f 508/781/657 504/795/668 522/794/667
f 509/798/58 205/240/195 208/239/195
f 537/801/673 502/2204/1460 507/799/671
f 507/799/671 549/802/674 538/800/672
f 206/244/199 215/820/692 549/802/674
f 511/787/662 545/817/689 544/803/675
f 537/801/673 538/800/672 513/750/631
f 508/805/677 510/2205/1461 536/804/676
f 531/775/654 540/807/679 539/754/635
f 539/754/635 540/807/679 525/806/678
f 540/807/679 214/2166/1435 209/253/208
f 213/214/178 214/2166/1435 540/807/679
f 541/808/680 545/811/683 546/738/619
f 542/810/682 544/813/685 545/811/683
f 542/810/682 548/2206/1462 547/812/684
f 536/814/686 547/819/691 548/762/641
f 503/764/643 502/761/640 542/763/642
f 511/787/662 517/714/598 546/746/627
f 510/818/690 544/2207/690 547/819/691
f 207/264/219 512/751/632 513/750/631
f 212/265/220 513/750/631 538/800/672
f 211/266/221 538/800/672 549/802/674
f 558/821/693 552/839/1463 561/822/694
f 559/824/696 563/2208/1464 562/825/697
f 551/827/58 550/2209/58 553/828/58
f 550/830/699 565/1029/905 564/831/700
f 553/833/701 564/837/704 557/834/701
f 551/827/702 556/1026/702 565/835/703
f 564/837/704 563/2208/1464 559/824/696
f 565/835/703 556/1026/702 558/821/693
f 562/838/705 561/2210/705 552/839/705
f 563/840/706 560/2211/706 561/841/706
f 552/839/707 558/821/707 559/824/707
f 570/843/96 572/2212/96 571/844/96
f 216/295/58 217/297/58 566/846/58
f 566/848/96 573/850/96 569/849/96
f 573/850/96 572/2212/96 570/843/96
f 571/851/708 572/2213/1465 219/303/238
f 571/853/710 221/2170/122 222/305/240
f 217/312/4 218/2171/4 573/855/712
f 576/857/96 574/330/96 575/327/96
f 579/859/96 578/319/96 574/330/96
f 579/859/96 581/2214/96 580/317/96
f 636/860/713 635/949/803 617/861/714
f 305/337/259 583/937/729 588/863/716
f 650/864/717 585/946/794 582/865/718
f 642/867/720 652/882/734 327/342/264
f 649/868/721 643/929/787 609/869/722
f 639/871/724 325/350/272 306/349/271
f 607/873/726 641/894/744 649/874/727
f 583/876/729 589/938/789 592/877/730
f 590/879/731 589/938/789 638/880/732
f 652/882/734 650/941/717 326/360/282
f 593/883/735 589/938/789 590/879/731
f 651/885/737 585/946/794 650/864/717
f 592/877/730 589/938/789 593/883/735
f 602/888/739 592/877/730 598/887/738
f 602/888/739 599/2215/741 588/878/716
f 308/338/260 588/863/716 599/890/741
f 640/891/742 601/895/745 596/892/743
f 641/894/744 607/873/726 601/895/745
f 310/371/290 599/890/741 604/896/746
f 604/897/746 599/2215/741 602/888/739
f 597/899/748 596/892/743 601/895/745
f 605/901/750 607/873/726 634/875/728
f 608/898/747 602/888/739 603/889/740
f 320/383/301 660/921/775 659/904/753
f 648/906/755 645/912/761 611/907/756
f 616/909/758 614/950/805 613/910/759
f 318/391/309 615/953/808 656/911/760
f 656/911/760 614/950/805 616/909/758
f 616/909/758 644/939/790 317/437/358
f 317/437/358 318/391/309 656/911/760
f 659/904/753 615/953/808 318/391/309
f 645/912/761 644/939/790 616/909/758
f 655/913/762 629/919/772 595/914/763
f 626/916/765 621/918/770 603/889/766
f 600/900/767 625/947/1466 628/917/768
f 621/918/770 619/955/1467 606/903/771
f 629/919/772 630/931/341 594/884/773
f 620/920/774 625/947/1466 600/900/767
f 313/406/327 610/862/813 660/921/775
f 646/922/776 648/906/755 624/908/757
f 647/924/778 646/922/776 627/923/777
f 606/903/771 619/955/1467 623/926/780
f 597/899/769 628/917/768 655/913/762
f 618/928/782 620/920/774 605/901/774
f 643/929/783 647/924/778 631/925/779
f 632/930/339 626/916/765 598/887/318
f 630/931/341 632/930/339 593/883/340
f 313/406/342 324/420/343 636/860/713
f 635/932/785 608/898/747 606/903/752
f 323/423/347 314/432/1441 643/929/787
f 608/898/747 635/932/785 636/933/788
f 324/425/349 312/376/295 604/896/746
f 641/935/744 311/429/351 323/428/350
f 600/900/749 601/895/745 607/873/726
f 583/937/729 305/337/259 325/350/272
f 583/876/729 639/2216/724 638/880/732
f 314/432/353 322/433/354 647/924/778
f 322/433/354 321/434/355 646/922/776
f 321/434/355 319/435/356 648/906/755
f 315/436/357 317/437/358 644/939/790
f 315/436/357 645/912/761 648/906/755
f 311/429/351 641/935/744 640/940/742
f 309/439/359 640/940/742 642/867/720
f 650/941/717 587/943/719 304/440/360
f 587/866/719 582/865/718 584/881/733
f 638/880/732 639/2216/724 586/942/725
f 586/872/725 306/349/271 304/440/360
f 591/944/791 595/914/795 594/884/736
f 590/879/731 584/881/733 582/865/718
f 596/892/743 651/885/737 652/886/734
f 596/892/743 597/899/748 653/915/792
f 651/885/737 653/915/792 654/945/793
f 582/865/718 585/946/794 654/945/793
f 595/914/795 591/944/791 654/945/793
f 620/920/796 618/928/1468 609/869/784
f 631/925/779 627/923/777 625/947/797
f 627/923/777 624/908/757 628/917/798
f 613/910/759 658/948/801 630/931/799
f 658/948/801 657/951/806 632/930/802
f 623/926/780 617/861/714 635/949/803
f 655/913/804 628/917/798 624/908/757
f 611/907/756 613/910/759 629/919/800
f 614/950/805 656/911/760 658/948/801
f 656/911/760 615/953/808 657/951/806
f 612/952/807 657/951/806 615/953/808
f 657/951/806 612/952/807 622/954/809
f 660/921/775 622/954/809 612/952/807
f 610/862/813 617/861/814 622/954/809
f 619/955/812 622/954/809 617/861/814
f 668/956/816 689/991/852 688/957/817
f 665/959/818 686/963/822 692/960/819
f 665/959/818 669/967/823 690/962/821
f 661/964/817 666/983/817 687/965/817
f 669/967/823 676/972/817 691/968/817
f 672/969/824 666/983/843 661/964/825
f 663/971/827 662/970/826 661/964/825
f 673/973/829 664/975/834 669/967/830
f 673/973/829 665/959/831 680/961/832
f 664/975/834 663/971/827 676/972/828
f 670/976/835 668/956/847 667/958/836
f 678/978/838 677/986/846 682/979/839
f 674/974/833 680/961/832 681/981/841
f 671/977/837 667/958/836 666/983/843
f 679/984/844 678/978/838 683/980/840
f 677/986/846 675/982/842 681/981/841
f 679/984/844 684/985/845 668/956/847
f 693/987/848 692/960/819 695/988/849
f 686/963/822 696/990/851 695/988/849
f 696/990/851 686/963/822 690/962/821
f 691/968/817 688/957/817 689/991/852
f 687/965/817 688/957/817 691/968/817
f 683/980/853 682/979/856 694/989/850
f 676/972/817 661/964/817 685/966/817
f 680/961/820 692/960/819 693/987/848
f 667/958/817 688/957/817 687/965/817
f 684/985/855 683/980/853 695/988/849
f 681/981/854 693/987/848 694/989/850
f 684/985/855 696/990/851 689/991/852
f 708/530/857 709/518/1469 698/992/858
f 707/994/860 718/521/868 711/517/861
f 702/996/863 713/998/866 715/526/864
f 700/995/862 711/517/861 713/998/866
f 699/999/867 710/511/875 718/521/868
f 716/542/869 714/538/873 703/1000/870
f 701/1002/872 703/1000/870 714/538/873
f 698/992/858 709/518/1469 710/511/875
f 717/512/876 716/542/869 705/1001/871
f 712/527/874 708/530/857 697/993/859
f 394/1006/880 395/2180/1445 732/1010/1470
f 732/1010/1470 734/1024/1471 733/1004/878
f 733/1004/878 731/1015/1471 728/1017/1471
f 728/1017/1471 730/1019/1471 729/1005/879
f 729/1005/879 727/1007/1472 394/1006/880
f 394/1006/880 732/1010/1470 733/1004/878
f 733/1004/878 728/1017/1471 729/1005/879
f 727/1007/881 719/1021/1473 392/1008/475
f 732/1010/882 395/551/480 393/550/479
f 393/1014/886 392/2186/1474 719/2217/1475
f 719/2217/1475 721/2218/1476 722/1012/884
f 722/1012/884 720/2219/1476 723/2220/1477
f 723/2220/1477 725/2221/1477 726/1013/885
f 726/1013/885 724/2222/1478 393/1014/886
f 393/1014/886 719/2217/1475 722/1012/884
f 722/1012/884 723/2220/1477 726/1013/885
f 731/1015/887 723/1022/887 720/1016/887
f 633/902/888 634/870/723 609/869/722
f 728/1017/890 720/1016/1479 722/1018/891
f 730/1019/892 722/1018/891 721/1020/893
f 729/1005/894 721/1020/893 719/1021/895
f 723/1022/897 731/1015/1480 733/1004/898
f 725/1023/899 733/1004/898 734/1024/900
f 734/1024/900 732/1010/1481 724/1011/902
f 554/829/707 557/834/707 556/1026/707
f 557/834/707 559/824/707 558/821/707
f 572/1027/903 573/854/711 220/309/244
f 565/1029/905 560/2223/906 563/1030/906
f 568/845/907 222/305/7 413/597/7
f 413/597/7 412/598/7 569/849/907
f 412/598/7 216/295/7 567/847/907
f 677/571/502 350/570/502 348/1031/512
f 581/1033/908 579/321/908 228/323/908
s 0
f 744/1035/909 738/1038/909 737/1036/909
f 738/1038/910 742/1048/910 741/1039/910
f 746/1040/911 740/1043/911 739/1041/911
f 740/1043/912 736/1053/912 735/1044/912
f 745/1042/58 739/1041/58 735/1045/58
f 746/1040/122 744/1049/122 736/1047/122
f 742/1048/122 738/2224/122 744/1049/122
f 741/1039/58 745/1042/58 743/1046/58
f 742/1048/910 748/1048/910 747/1039/910
f 736/1047/122 744/1049/122 754/1049/122
f 748/1048/913 750/1040/913 749/1042/913
f 742/1048/122 746/1040/122 750/1040/122
f 741/1039/58 747/1039/58 749/1042/58
f 745/1042/914 749/1042/914 750/1040/914
f 752/1051/915 754/1035/915 753/1037/915
f 735/1045/58 751/1045/58 753/1046/58
f 736/1053/912 752/1053/912 751/1044/912
f 743/1037/916 753/1037/916 754/1035/916
s 1
f 788/1054/917 784/1082/945 851/1055/918
f 792/1057/920 788/1054/917 855/1056/919
f 796/1059/922 792/1057/920 859/1058/921
f 800/1061/924 796/1059/922 863/1060/923
f 804/1063/926 800/1061/924 867/1062/925
f 808/1065/928 804/1063/926 871/1064/927
f 812/1067/930 808/1065/928 875/1066/929
f 816/1069/932 812/1067/930 879/1068/931
f 820/1071/934 816/1069/932 883/1070/933
f 768/1073/936 764/1083/946 831/1074/937
f 772/1076/939 768/1073/936 835/1075/938
f 776/1078/941 772/1076/939 839/1077/940
f 780/1080/943 776/1078/941 843/1079/942
f 784/1082/945 780/1080/943 847/1081/944
f 764/1083/946 760/1089/952 827/1084/947
f 819/1149/998 756/1309/1126 759/1085/948
f 759/1085/948 763/1093/955 767/1098/959
f 767/1098/959 771/1102/962 775/1105/965
f 775/1105/965 779/1109/968 783/1116/973
f 783/1116/973 787/2225/1482 791/1086/949
f 791/1086/949 795/1123/978 799/1127/981
f 799/1127/981 803/1131/984 807/1087/950
f 807/1087/950 811/1140/991 815/1144/994
f 815/1144/994 819/1149/998 759/1085/948
f 759/1085/948 767/1098/959 775/1105/965
f 775/1105/965 783/1116/973 791/1086/949
f 791/1086/949 799/1127/981 807/1087/950
f 807/1087/950 815/1144/994 759/1085/948
f 759/1085/948 775/1105/965 791/1086/949
f 766/1088/951 762/2226/954 760/1089/952
f 765/1090/953 761/1094/956 762/1091/954
f 763/1093/955 759/1085/948 761/1094/956
f 770/1095/957 766/1088/951 764/1083/946
f 769/1096/958 765/1090/953 766/1092/951
f 767/1098/959 763/1093/955 765/1090/953
f 774/1099/960 770/1095/957 768/1073/936
f 773/1100/961 769/1096/958 770/1097/957
f 771/1102/962 767/1098/959 769/1096/958
f 776/1078/941 778/1106/964 774/1099/960
f 777/1103/963 773/1100/961 774/1101/960
f 775/1105/965 771/1102/962 773/1100/961
f 780/1080/943 782/1110/967 778/1106/964
f 781/1107/966 777/1103/963 778/1104/964
f 779/1109/968 775/1105/965 777/1103/963
f 784/1082/945 786/1113/969 782/1110/967
f 786/1111/969 785/1112/970 781/1107/966
f 785/1112/970 783/1116/973 779/1109/968
f 788/1054/917 790/1117/972 786/1113/969
f 789/1114/971 785/1112/970 786/1111/969
f 789/1114/971 787/2225/1482 783/1116/973
f 792/1057/920 794/2227/975 790/1117/972
f 793/1118/974 789/1114/971 790/1115/972
f 791/1086/949 787/2225/1482 789/1114/971
f 798/1120/976 794/2227/975 792/1057/920
f 797/1121/977 793/1118/974 794/1119/975
f 795/1123/978 791/1086/949 793/1118/974
f 802/1124/979 798/1120/976 796/1059/922
f 801/1125/980 797/1121/977 798/1122/976
f 799/1127/981 795/1123/978 797/1121/977
f 806/1128/982 802/1124/979 800/1061/924
f 805/1129/983 801/1125/980 802/1126/979
f 803/1131/984 799/1127/981 801/1125/980
f 810/1132/985 806/1128/982 804/1063/926
f 809/1133/986 805/1129/983 806/1130/982
f 807/1087/950 803/1131/984 805/1129/983
f 814/1135/987 810/1132/985 808/1065/928
f 814/1136/987 813/1137/988 809/1133/986
f 813/1137/988 811/1140/991 807/1087/950
f 816/1069/932 818/1141/989 814/1135/987
f 818/1138/989 817/1139/990 813/1137/988
f 817/1139/990 815/1144/994 811/1140/991
f 820/1071/934 822/1146/993 818/1141/989
f 821/1142/992 817/1139/990 818/1138/989
f 821/1142/992 819/1149/998 815/1144/994
f 755/1145/995 757/1308/997 822/1146/993
f 758/1147/996 821/1142/992 822/1143/993
f 758/1147/996 756/1309/1126 819/1149/998
f 755/1145/995 820/1071/934 887/1072/935
f 832/1151/1000 834/1154/1003 830/1152/1001
f 834/1154/1003 833/1160/1005 829/1155/1004
f 831/1074/937 827/1084/947 829/1156/1004
f 836/1158/1006 838/1159/1007 834/1154/1003
f 838/1159/1007 837/1164/1008 833/1160/1005
f 835/1075/938 831/1074/937 833/1157/1005
f 840/1162/1009 842/1163/1010 838/1159/1007
f 842/1163/1010 841/1168/1011 837/1164/1008
f 841/1165/1011 839/1077/940 835/1075/938
f 846/1166/1012 842/1163/1010 840/1162/1009
f 846/1166/1012 845/2228/1014 841/1168/1011
f 845/1169/1014 843/1079/942 839/1077/940
f 850/1170/1015 846/1166/1012 844/1167/1013
f 849/1172/1017 845/2228/1014 846/1166/1012
f 847/1081/944 843/1079/942 845/1169/1014
f 854/1174/1018 850/1170/1015 848/1171/1016
f 853/1176/1020 849/1172/1017 850/1170/1015
f 851/1055/918 847/1081/944 849/1173/1017
f 858/1178/1021 854/1174/1018 852/1175/1019
f 857/1180/1023 853/1176/1020 854/1174/1018
f 855/1056/919 851/1055/918 853/1177/1020
f 862/1182/1024 858/1178/1021 856/1179/1022
f 861/1184/1026 857/1180/1023 858/1178/1021
f 859/1058/921 855/1056/919 857/1181/1023
f 864/1186/1027 866/1187/1028 862/1182/1024
f 866/1187/1028 865/1191/1029 861/1184/1026
f 865/1188/1029 863/1060/923 859/1058/921
f 868/1189/1030 870/1190/1031 866/1187/1028
f 870/1190/1031 869/1195/1032 865/1191/1029
f 867/1062/925 863/1060/923 865/1188/1029
f 872/1193/1033 874/1194/1034 870/1190/1031
f 874/1194/1034 873/1199/1035 869/1195/1032
f 873/1196/1035 871/1064/927 867/1062/925
f 878/1197/1036 874/1194/1034 872/1193/1033
f 878/1197/1036 877/2229/1038 873/1199/1035
f 875/1066/929 871/1064/927 873/1196/1035
f 882/1201/1039 878/1197/1036 876/1198/1037
f 881/1203/1041 877/2229/1038 878/1197/1036
f 879/1068/931 875/1066/929 877/1200/1038
f 886/1205/1042 882/1201/1039 880/1202/1040
f 885/1207/1044 881/1203/1041 882/1201/1039
f 883/1070/933 879/1068/931 881/1204/1041
f 890/1209/1045 886/1205/1042 884/1206/1043
f 889/1211/1047 885/1207/1044 886/1205/1042
f 887/1072/935 883/1070/933 885/1208/1044
f 825/1213/1048 890/1209/1045 888/1210/1046
f 826/1215/1050 889/1211/1047 890/1209/1045
f 824/1150/999 887/1072/935 889/1212/1047
f 836/1158/1006 832/1151/1000 828/1153/1002
f 828/1153/1002 823/1214/1049 888/1210/1046
f 888/1210/1046 884/1206/1043 880/1202/1040
f 880/1202/1040 876/1198/1037 872/1193/1033
f 872/1193/1033 868/1189/1030 864/1186/1027
f 864/1186/1027 860/1183/1025 856/1179/1022
f 856/1179/1022 852/1175/1019 848/1171/1016
f 848/1171/1016 844/1167/1013 840/1162/1009
f 840/1162/1009 836/1158/1006 828/1153/1002
f 828/1153/1002 888/1210/1046 880/1202/1040
f 880/1202/1040 872/1193/1033 864/1186/1027
f 864/1186/1027 856/1179/1022 848/1171/1016
f 848/1171/1016 840/1162/1009 828/1153/1002
f 828/1153/1002 880/1202/1040 864/1186/1027
f 971/1217/1051 912/1245/1079 916/1218/1052
f 975/1219/1053 916/1218/1052 920/1220/1054
f 979/1221/1055 920/1220/1054 924/1222/1056
f 983/1223/1057 924/1222/1056 928/1224/1058
f 987/1225/1059 928/1224/1058 932/1226/1060
f 991/1227/1061 932/1226/1060 936/1228/1062
f 995/1229/1063 936/1228/1062 940/1230/1064
f 999/1231/1065 940/1230/1064 944/1232/1066
f 1003/1233/1067 944/1232/1066 948/1234/1068
f 951/1236/1070 892/1246/1080 896/1237/1071
f 955/1238/1072 896/1237/1071 900/1239/1073
f 959/1240/1074 900/1239/1073 904/1241/1075
f 963/1242/1076 904/1241/1075 908/1243/1077
f 967/1244/1078 908/1243/1077 912/1245/1079
f 827/1084/947 760/1250/952 892/1246/1080
f 759/1085/948 756/1309/1126 947/1247/1081
f 947/1247/1081 943/1304/1123 939/1300/1120
f 939/1300/1120 935/1296/1117 931/1292/1114
f 931/1292/1114 927/1288/1111 923/1284/1108
f 923/1284/1108 919/1280/1105 915/1248/1082
f 915/1248/1082 911/1273/1100 907/1269/1097
f 907/1269/1097 903/1265/1094 899/1249/1083
f 899/1249/1083 895/1258/1089 891/1254/1086
f 891/1254/1086 759/1085/948 947/1247/1081
f 947/1247/1081 939/1300/1120 931/1292/1114
f 931/1292/1114 923/1284/1108 915/1248/1082
f 915/1248/1082 907/1269/1097 899/1249/1083
f 899/1249/1083 891/1254/1086 947/1247/1081
f 947/1247/1081 931/1292/1114 915/1248/1082
f 760/1250/952 762/2230/954 894/1251/1084
f 762/1091/954 761/1094/956 893/1252/1085
f 761/1094/956 759/1085/948 891/1254/1086
f 892/1246/1080 894/1251/1084 898/1255/1087
f 894/1253/1084 893/1252/1085 897/1256/1088
f 893/1252/1085 891/1254/1086 895/1258/1089
f 896/1237/1071 898/1255/1087 902/1259/1090
f 898/1257/1087 897/1256/1088 901/1260/1091
f 897/1256/1088 895/1258/1089 899/1249/1083
f 904/1241/1075 900/1239/1073 902/1259/1090
f 902/1261/1090 901/1260/1091 905/1263/1093
f 901/1260/1091 899/1249/1083 903/1265/1094
f 908/1243/1077 904/1241/1075 906/1262/1092
f 906/1264/1092 905/1263/1093 909/1267/1096
f 905/1263/1093 903/1265/1094 907/1269/1097
f 912/1245/1079 908/1243/1077 910/1266/1095
f 910/1268/1095 909/1267/1096 913/1271/1099
f 913/1271/1099 909/1267/1096 907/1269/1097
f 916/1218/1052 912/1245/1079 914/1270/1098
f 914/1272/1098 913/1271/1099 917/1275/1102
f 917/1275/1102 913/1271/1099 911/1273/1100
f 920/1220/1054 916/1218/1052 918/1274/1101
f 922/1278/1103 918/1276/1101 917/1275/1102
f 921/1279/1104 917/1275/1102 915/1248/1082
f 920/1220/1054 922/1277/1103 926/1281/1106
f 922/1278/1103 921/1279/1104 925/1282/1107
f 925/1282/1107 921/1279/1104 919/1280/1105
f 924/1222/1056 926/1281/1106 930/1285/1109
f 926/1283/1106 925/1282/1107 929/1286/1110
f 925/1282/1107 923/1284/1108 927/1288/1111
f 932/1226/1060 928/1224/1058 930/1285/1109
f 930/1287/1109 929/1286/1110 933/1290/1113
f 929/1286/1110 927/1288/1111 931/1292/1114
f 932/1226/1060 934/1289/1112 938/1293/1115
f 934/1291/1112 933/1290/1113 937/1294/1116
f 933/1290/1113 931/1292/1114 935/1296/1117
f 936/1228/1062 938/1293/1115 942/1297/1118
f 942/1298/1118 938/1295/1115 937/1294/1116
f 941/1299/1119 937/1294/1116 935/1296/1117
f 944/1232/1066 940/1230/1064 942/1297/1118
f 946/1302/1121 942/1298/1118 941/1299/1119
f 945/1303/1122 941/1299/1119 939/1300/1120
f 948/1234/1068 944/1232/1066 946/1301/1121
f 946/1302/1121 945/1303/1122 949/1306/1125
f 949/1306/1125 945/1303/1122 943/1304/1123
f 948/1234/1068 950/1305/1124 757/1308/997
f 757/1148/997 950/1307/1124 949/1306/1125
f 758/1147/996 949/1306/1125 947/1247/1081
f 1007/1235/1069 948/1234/1068 755/1145/995
f 952/1310/1127 828/1153/1002 830/1152/1001
f 954/1311/1128 830/1152/1001 829/1155/1004
f 829/1156/1004 827/1084/947 951/1236/1070
f 956/1314/1130 952/1310/1127 954/1311/1128
f 958/1315/1131 954/1311/1128 953/1312/1129
f 953/1313/1129 951/1236/1070 955/1238/1072
f 960/1318/1133 956/1314/1130 958/1315/1131
f 962/1319/1134 958/1315/1131 957/1316/1132
f 961/1321/1135 957/1317/1132 955/1238/1072
f 960/1318/1133 962/1319/1134 966/1322/1136
f 966/1322/1136 962/1319/1134 961/1320/1135
f 965/1325/1138 961/1321/1135 959/1240/1074
f 964/1323/1137 966/1322/1136 970/1326/1139
f 970/1326/1139 966/1322/1136 965/1324/1138
f 965/1325/1138 963/1242/1076 967/1244/1078
f 968/1327/1140 970/1326/1139 974/1330/1142
f 970/1326/1139 969/1328/1141 973/1332/1144
f 969/1329/1141 967/1244/1078 971/1217/1051
f 972/1331/1143 974/1330/1142 978/1334/1145
f 974/1330/1142 973/1332/1144 977/1336/1147
f 973/1333/1144 971/1217/1051 975/1219/1053
f 976/1335/1146 978/1334/1145 982/1338/1148
f 978/1334/1145 977/1336/1147 981/1340/1150
f 977/1337/1147 975/1219/1053 979/1221/1055
f 984/1342/1151 980/1339/1149 982/1338/1148
f 986/1343/1152 982/1338/1148 981/1340/1150
f 985/1345/1153 981/1341/1150 979/1221/1055
f 988/1346/1154 984/1342/1151 986/1343/1152
f 990/1347/1155 986/1343/1152 985/1344/1153
f 985/1345/1153 983/1223/1057 987/1225/1059
f 992/1350/1157 988/1346/1154 990/1347/1155
f 994/1351/1158 990/1347/1155 989/1348/1156
f 989/1349/1156 987/1225/1059 991/1227/1061
f 992/1350/1157 994/1351/1158 998/1354/1160
f 998/1354/1160 994/1351/1158 993/1352/1159
f 993/1353/1159 991/1227/1061 995/1229/1063
f 996/1355/1161 998/1354/1160 1002/1358/1163
f 1002/1358/1163 998/1354/1160 997/1356/1162
f 997/1357/1162 995/1229/1063 999/1231/1065
f 1000/1359/1164 1002/1358/1163 1006/1362/1166
f 1002/1358/1163 1001/1360/1165 1005/1364/1168
f 1001/1361/1165 999/1231/1065 1003/1233/1067
f 1004/1363/1167 1006/1362/1166 1010/1366/1169
f 1006/1362/1166 1005/1364/1168 1009/1368/1171
f 1005/1365/1168 1003/1233/1067 1007/1235/1069
f 1008/1367/1170 1010/1366/1169 825/1213/1048
f 1010/1366/1169 1009/1368/1171 826/1215/1050
f 826/1216/1050 1009/1369/1171 1007/1235/1069
f 828/1153/1002 952/1310/1127 956/1314/1130
f 956/1314/1130 960/1318/1133 964/1323/1137
f 964/1323/1137 968/1327/1140 972/1331/1143
f 972/1331/1143 976/1335/1146 980/1339/1149
f 980/1339/1149 984/1342/1151 988/1346/1154
f 988/1346/1154 992/1350/1157 996/1355/1161
f 996/1355/1161 1000/1359/1164 1004/1363/1167
f 1004/1363/1167 1008/1367/1170 823/1214/1049
f 823/1214/1049 828/1153/1002 956/1314/1130
f 956/1314/1130 964/1323/1137 972/1331/1143
f 972/1331/1143 980/1339/1149 988/1346/1154
f 988/1346/1154 996/1355/1161 1004/1363/1167
f 1004/1363/1167 823/1214/1049 956/1314/1130
f 956/1314/1130 972/1331/1143 988/1346/1154
f 1070/1370/1172 1014/1417/1228 1036/1371/1173
f 1084/1373/1175 1018/1496/1483 1037/1374/1176
f 1072/1376/1178 1016/1506/1227 1038/1377/1179
f 1086/1379/1181 1012/2231/1484 1035/1380/1182
f 1104/1382/1184 1071/2232/1184 1015/1383/1185
f 1050/1385/1186 1018/2233/1485 1028/1386/1187
f 1073/1388/4 1019/1424/4 1088/1389/4
f 1054/1391/1188 1012/1438/1211 1034/1392/1189
f 1033/1394/1191 1066/1467/1191 1113/1395/1191
f 1068/1397/1192 1109/2234/1192 1115/1398/1192
f 1024/1400/58 1057/1487/58 1102/1401/58
f 1033/1403/4 1108/2235/4 1107/1404/4
f 1032/1406/7 1115/2236/7 1105/1407/7
f 1099/1409/122 1064/1484/122 1029/1410/122
f 1027/1412/122 1063/1488/122 1100/1413/122
f 1022/1415/1194 1030/1499/1195 1092/1411/1195
f 1014/1417/1196 1027/1412/1196 1091/1414/1196
f 1051/1418/1197 1068/1397/1192 1032/1399/1193
f 1055/1420/1199 1063/2237/96 1027/1421/1200
f 1086/1423/7 1016/2238/7 1032/1406/7
f 1019/1424/4 1033/1403/4 1094/1405/4
f 1053/1425/1191 1066/1467/1191 1033/1394/1191
f 1095/1381/1183 1035/1380/1182 1011/1427/1202
f 1071/1429/1204 1076/1378/1180 1038/1377/1179
f 1096/1375/1177 1037/1374/1176 1017/1431/1206
f 1077/1372/1174 1036/1371/1173 1013/1433/1208
f 1021/1435/1210 1031/1447/1210 1067/1436/1210
f 1012/1438/1211 1054/1391/1188 1080/1439/1212
f 1072/1441/1214 1018/2233/1485 1050/1385/1186
f 1081/1443/1216 1052/1437/1216 1048/1444/1216
f 1034/1392/1189 1106/2239/1190 1111/1446/1190
f 1031/1447/1210 1116/2240/1210 1114/1448/1210
f 1056/1449/1217 1020/1476/1226 1029/1450/1218
f 1101/1452/58 1058/1486/58 1026/1453/58
f 1053/1425/1191 1019/1426/1191 1073/1455/1191
f 1049/1457/1220 1022/1475/1225 1074/1458/1210
f 1047/1459/1221 1068/1397/1221 1051/1418/1221
f 1045/1460/1222 1066/1467/1222 1053/1425/1222
f 1043/1462/1216 1062/2241/1216 1049/1457/1216
f 1043/1464/122 1061/1498/122 1100/1413/122
f 1112/1466/1222 1113/1395/1222 1066/1467/1222
f 1041/1468/58 1059/1504/58 1102/1401/58
f 1042/1470/1223 1063/2237/1223 1055/1420/1223
f 1110/1472/1221 1109/2234/1221 1068/1397/1221
f 1039/1471/1223 1055/1420/1223 1080/1439/1223
f 1048/1444/1221 1051/1418/1221 1082/1442/1221
f 1049/1457/1220 1062/2241/1486 1030/1474/1224
f 1079/1456/1222 1056/1449/1222 1039/1471/1222
f 1114/1448/1216 1110/1472/1216 1047/1459/1216
f 1064/1451/1222 1042/1470/1222 1039/1471/1222
f 1101/1452/58 1060/1490/58 1041/1468/58
f 1065/1393/1223 1111/1446/1223 1112/1466/1223
f 1099/1409/122 1062/1500/122 1043/1464/122
f 1061/1387/1221 1043/1462/1221 1044/1463/1221
f 1065/1393/1223 1045/1460/1223 1046/1461/1223
f 1067/1436/1216 1047/1459/1216 1048/1444/1216
f 1053/1425/1222 1079/1456/1222 1075/1473/1222
f 1078/1445/1221 1082/1442/1221 1050/1385/1221
f 1075/1473/1223 1080/1439/1223 1054/1391/1223
f 1081/1443/1210 1074/1458/1210 1021/1435/1210
f 1079/1456/1191 1073/1455/1191 1020/1476/1226
f 1049/1457/1216 1081/1443/1216 1078/1445/1216
f 1016/1419/1198 1072/1441/1214 1082/1442/1215
f 1070/1440/1213 1080/1439/1212 1055/1420/1199
f 1035/1380/1182 1077/1372/1174 1069/1434/1209
f 1017/1431/1206 1037/1374/1176 1076/1378/1180
f 1020/1477/1194 1073/1388/4 1103/1390/4
f 1017/1478/1184 1071/2232/1184 1104/1382/1184
f 1037/1374/1176 1018/1496/1483 1072/1376/1178
f 1035/1380/1182 1012/2231/1484 1070/1370/1172
f 1013/1480/1184 1083/1479/1184 1104/1382/1184
f 1087/1416/1194 1103/1390/4 1074/1482/4
f 1099/1409/122 1098/1465/122 1042/1483/122
f 1101/1452/58 1097/1469/58 1040/1485/58
f 1040/1485/58 1097/1469/58 1102/1401/58
f 1042/1483/122 1098/1465/122 1100/1413/122
f 1101/1452/58 1090/1454/58 1025/1489/58
f 1036/1371/1173 1096/1375/1177 1083/1432/1207
f 1038/1377/1179 1095/1507/1183 1085/1491/1203
f 1088/1389/4 1094/1405/4 1031/1492/4
f 1086/1423/7 1093/1408/7 1034/1494/7
f 1018/1496/1196 1084/1373/1196 1091/1414/1196
f 1087/1416/1194 1092/1411/1195 1029/1410/1195
f 1091/1414/122 1100/1413/122 1061/1498/122
f 1099/1409/122 1092/1411/122 1030/1499/122
f 1093/1408/7 1105/1407/7 1106/1501/7
f 1094/1405/4 1107/1404/4 1116/1502/4
f 1023/1503/58 1089/1402/58 1102/1401/58
f 1103/1390/4 1088/1389/4 1021/1493/4
f 1104/1382/1184 1085/1384/1185 1011/1505/1184
f 1016/1506/1227 1086/2242/1181 1095/1507/1183
f 1014/1417/1228 1084/1373/1175 1096/1375/1177
f 1023/1503/58 1106/1519/58 1105/1508/58
f 1025/1489/58 1090/1454/58 1107/1509/58
f 1057/1487/58 1109/1516/58 1110/1511/58
f 1059/1504/58 1041/1468/58 1112/1512/58
f 1060/1490/58 1113/1517/58 1112/1512/58
f 1058/1486/58 1040/1485/58 1110/1511/58
f 1057/1487/58 1024/1400/58 1115/1515/58
f 1025/1489/58 1108/1510/58 1113/1517/58
f 1026/1453/58 1058/1486/58 1114/1514/58
f 1059/1504/58 1111/1513/58 1106/1519/58
f 1024/1400/58 1089/1402/58 1105/1508/58
f 1026/1453/58 1116/1518/58 1107/1509/58
f 1119/1522/122 1118/2243/122 1117/2244/122
f 1117/2244/122 1132/2245/122 1131/2246/122
f 1131/2246/122 1130/2247/122 1129/2248/122
f 1129/2248/122 1128/2249/122 1127/1520/122
f 1127/1520/122 1126/2250/122 1125/2251/122
f 1125/2251/122 1124/2252/122 1123/1521/122
f 1123/1521/122 1122/2253/122 1121/2254/122
f 1121/2254/122 1120/2255/122 1119/1522/122
f 1119/1522/122 1117/2244/122 1131/2246/122
f 1131/2246/122 1129/2248/122 1127/1520/122
f 1127/1520/122 1125/2251/122 1123/1521/122
f 1123/1521/122 1121/2254/122 1119/1522/122
f 1119/1522/122 1131/2246/122 1127/1520/122
f 1134/1525/58 1133/2256/58 1135/2257/58
f 1135/2257/58 1136/2258/58 1137/2259/58
f 1137/2259/58 1138/2260/58 1139/2261/58
f 1139/2261/58 1140/2262/58 1141/1523/58
f 1141/1523/58 1142/2263/58 1143/2264/58
f 1143/2264/58 1144/2265/58 1145/1524/58
f 1145/1524/58 1146/2266/58 1147/2267/58
f 1147/2267/58 1148/2268/58 1134/1525/58
f 1134/1525/58 1135/2257/58 1137/2259/58
f 1137/2259/58 1139/2261/58 1141/1523/58
f 1141/1523/58 1143/2264/58 1145/1524/58
f 1145/1524/58 1147/2267/58 1134/1525/58
f 1134/1525/58 1137/2259/58 1141/1523/58
f 1129/1526/10 1145/2269/10 1144/1527/1229
f 1138/1529/1230 1137/2270/96 1121/1530/96
f 1146/1532/1231 1145/2269/10 1129/1526/10
f 1139/1534/910 1138/1529/1230 1122/1531/1230
f 1147/1536/912 1146/1532/1231 1130/1533/1231
f 1140/1538/1232 1139/1534/910 1123/1535/910
f 1148/1540/1233 1147/1536/912 1131/1537/912
f 1141/1542/7 1140/1538/1232 1124/1539/1232
f 1133/1544/1234 1134/1547/4 1117/1545/4
f 1134/1547/4 1148/1540/1233 1132/1541/1233
f 1142/1548/1235 1141/1542/7 1125/1543/7
f 1135/1550/1236 1133/1544/1234 1118/1546/1234
f 1143/1552/1237 1142/1548/1235 1126/1549/1235
f 1136/1554/1238 1135/1550/1236 1119/1551/1236
f 1128/1528/1229 1144/1527/1229 1143/1552/1237
f 1121/1530/96 1137/2270/96 1136/1554/1238
f 1189/1556/1239 1190/2271/1239 1152/1557/1239
f 1152/1557/1240 1156/1560/1240 1179/1559/1240
f 1156/1560/1241 1191/1568/1241 1192/1561/1241
f 1181/1562/1239 1154/1563/1239 1195/1563/1239
f 1155/1564/1242 1153/1571/1242 1149/1565/1242
f 1152/1567/1243 1190/2272/1243 1191/1568/1243
f 1164/1569/1244 1157/1594/1244 1149/1570/1244
f 1174/1572/1244 1182/1576/1244 1183/1573/1244
f 1155/1564/1241 1162/1590/1245 1164/1569/1245
f 1171/1575/1246 1161/1599/1247 1182/1576/1247
f 1160/1577/1240 1162/1590/1240 1155/1564/1240
f 1159/1579/1240 1161/1599/1240 1171/1575/1240
f 1157/1581/1248 1160/1577/1248 1151/1578/1239
f 1183/1583/1249 1159/1579/1249 1168/1580/1250
f 1165/1585/1251 1170/1587/1251 1160/1577/1248
f 1165/1585/1251 1166/1588/1239 1169/1586/1239
f 1167/1584/1250 1168/1580/1250 1169/1586/1239
f 1160/1577/1240 1170/1587/1240 1173/1589/1240
f 1169/1586/1240 1172/1591/1240 1173/1589/1240
f 1168/1580/1240 1171/1575/1240 1172/1591/1240
f 1173/1589/1252 1176/1592/1252 1164/1569/1245
f 1172/1591/1241 1175/1593/1241 1176/1592/1252
f 1171/1575/1246 1174/1572/1246 1175/1593/1241
f 1176/1592/1244 1165/1595/1244 1157/1594/1244
f 1175/1593/1244 1166/1596/1244 1165/1595/1244
f 1174/1572/1244 1167/1574/1244 1166/1596/1244
f 1177/1597/1241 1158/1598/1241 1187/1598/1241
f 1161/1599/1247 1179/1559/1241 1192/1561/1241
f 1178/1558/1240 1179/1559/1240 1161/1599/1240
f 1189/1556/1239 1178/1558/1239 1159/1579/1249
f 1163/1600/1244 1182/1576/1244 1192/1561/1244
f 1158/1598/1244 1183/1573/1244 1182/1576/1244
f 1158/1598/1244 1177/1597/1244 1189/1602/1244
f 1180/1601/1244 1192/1561/1244 1189/1602/1244
f 1185/1601/1244 1188/1597/1244 1187/1598/1244
f 1180/1601/1239 1185/1601/1239 1186/1600/1239
f 1177/1597/1242 1188/1597/1242 1185/1601/1242
f 1163/1600/1243 1186/1600/1243 1187/1598/1243
f 1150/1603/1244 1190/1605/1244 1189/1602/1244
f 1154/1563/1244 1191/1568/1244 1190/1605/1244
f 1154/1563/1244 1181/1562/1244 1192/1561/1244
f 1184/1604/1253 1189/1602/1244 1192/1561/1244
f 1195/1563/1244 1194/1603/1244 1193/1604/1244
f 1184/1604/1241 1193/1604/1241 1194/1603/1241
f 1181/1562/1243 1196/1562/1243 1193/1604/1243
f 1150/1603/1242 1194/1603/1242 1195/1563/1242
f 1199/1608/1242 1198/2273/1242 1197/2274/1242
f 1197/2274/1242 1212/2275/1242 1211/2276/1242
f 1211/2276/1242 1210/2277/1487 1209/2278/1242
f 1209/2278/1242 1208/2279/1487 1207/1606/1242
f 1207/1606/1242 1206/2280/1242 1205/2281/1242
f 1205/2281/1242 1204/2282/1242 1203/1607/1242
f 1203/1607/1242 1202/2283/1487 1201/2284/1242
f 1201/2284/1242 1200/2285/1242 1199/1608/1242
f 1199/1608/1242 1197/2274/1242 1211/2276/1242
f 1211/2276/1242 1209/2278/1242 1207/1606/1242
f 1207/1606/1242 1205/2281/1242 1203/1607/1242
f 1203/1607/1242 1201/2284/1242 1199/1608/1242
f 1199/1608/1242 1211/2276/1242 1207/1606/1242
f 1213/1611/1243 1214/2286/1243 1215/2287/1243
f 1215/2287/1243 1216/2288/1243 1217/2289/1243
f 1217/2289/1243 1218/2290/1488 1219/2291/1243
f 1219/2291/1243 1220/2292/1243 1221/1609/1243
f 1221/1609/1243 1222/2293/1243 1223/2294/1488
f 1223/2294/1488 1224/2295/1488 1225/1610/1243
f 1225/1610/1243 1226/2296/1488 1227/2297/1243
f 1227/2297/1243 1228/2298/1243 1213/1611/1243
f 1213/1611/1243 1215/2287/1243 1217/2289/1243
f 1217/2289/1243 1219/2291/1243 1221/1609/1243
f 1221/1609/1243 1223/2294/1488 1225/1610/1243
f 1225/1610/1243 1227/2297/1243 1213/1611/1243
f 1213/1611/1243 1217/2289/1243 1221/1609/1243
f 1217/1612/1239 1216/2299/1254 1200/1613/1254
f 1209/1615/1241 1225/1621/1241 1224/1616/1255
f 1218/1618/1256 1217/1612/1239 1201/1614/1239
f 1210/1620/1257 1226/2300/1257 1225/1621/1241
f 1219/1622/1258 1218/1618/1256 1202/1619/1256
f 1227/1624/1259 1226/2300/1257 1210/1620/1257
f 1220/1626/1260 1219/1622/1258 1203/1623/1258
f 1212/1628/1261 1228/1634/1261 1227/1624/1259
f 1205/1629/1244 1221/2301/1244 1220/1626/1260
f 1214/1630/1262 1213/2302/1240 1197/1631/1240
f 1197/1633/1240 1213/2303/1240 1228/1634/1261
f 1222/1635/1263 1221/2301/1244 1205/1629/1244
f 1215/1637/1264 1214/1630/1262 1198/1632/1262
f 1207/1639/1265 1223/1640/1265 1222/1635/1263
f 1200/1613/1254 1216/2299/1254 1215/1637/1264
f 1208/1617/1255 1224/1616/1255 1223/1640/1265
f 1260/1641/1266 1259/1671/1285 1261/1642/1267
f 1245/1646/1243 1246/2304/1243 1247/2305/1243
f 1247/2305/1243 1248/2306/1488 1249/2307/1243
f 1249/2307/1243 1250/2308/1243 1251/2309/1243
f 1251/2309/1243 1252/2310/1488 1253/1644/1243
f 1253/1644/1243 1254/2311/1488 1255/2312/1243
f 1255/2312/1243 1256/2313/1243 1257/1645/1243
f 1257/1645/1243 1258/2314/1243 1259/2315/1243
f 1259/2315/1243 1260/2316/1489 1245/1646/1243
f 1245/1646/1243 1247/2305/1243 1249/2307/1243
f 1249/2307/1243 1251/2309/1243 1253/1644/1243
f 1253/1644/1243 1255/2312/1243 1257/1645/1243
f 1257/1645/1243 1259/2315/1243 1245/1646/1243
f 1245/1646/1243 1249/2307/1243 1253/1644/1243
f 1253/1647/1268 1252/1672/1269 1263/1648/1269
f 1246/1650/1270 1245/1653/1271 1265/1651/1271
f 1245/1653/1271 1260/1641/1266 1262/1643/1266
f 1267/1654/1272 1254/2317/1272 1253/1647/1268
f 1268/1655/1273 1247/2318/1273 1246/1650/1270
f 1255/1656/1274 1254/2317/1272 1267/1654/1272
f 1248/1658/1276 1247/2318/1273 1268/1655/1273
f 1271/1660/1277 1256/2319/1490 1255/1656/1274
f 1249/1661/1278 1248/1658/1276 1270/1659/1276
f 1257/1663/1279 1256/2319/1490 1271/1660/1277
f 1274/1665/1281 1250/2320/1281 1249/1661/1278
f 1258/1666/1282 1257/2321/1279 1273/1667/1280
f 1251/1669/1284 1250/2320/1281 1274/1665/1281
f 1259/1671/1285 1258/1666/1282 1275/1668/1283
f 1252/1672/1269 1251/1669/1284 1276/1670/1284
f 1263/1648/1269 1276/1670/1284 1235/1673/1286
f 1261/1642/1267 1275/1668/1283 1242/1675/1288
f 1235/1673/1286 1276/1670/1284 1274/1665/1281
f 1275/1668/1283 1273/1667/1280 1241/1678/1291
f 1274/1665/1281 1272/1662/1278 1233/1679/1292
f 1241/1680/1291 1273/1664/1280 1271/1660/1277
f 1272/1662/1278 1270/1659/1276 1232/1682/1294
f 1240/1681/1293 1271/1660/1277 1269/1657/1275
f 1270/1659/1276 1268/1655/1273 1231/1684/1296
f 1269/1657/1275 1267/1654/1272 1238/1685/1297
f 1231/1684/1296 1268/1655/1273 1266/1652/1270
f 1267/1654/1272 1264/1649/1268 1237/1687/1299
f 1265/1651/1271 1262/1643/1266 1244/1688/1300
f 1266/1652/1270 1265/1651/1271 1229/1689/1301
f 1264/1649/1268 1263/1648/1269 1236/1674/1287
f 1244/1688/1300 1262/1643/1266 1261/1642/1267
f 1231/2322/1296 1230/2323/1298 1229/1690/1301
f 1229/1690/1301 1244/2324/1300 1243/2325/1289
f 1229/1690/1301 1243/2325/1289 1242/2326/1288
f 1232/2327/1294 1231/2322/1296 1229/1690/1301
f 1234/1692/1290 1233/2328/1292 1232/2327/1294
f 1236/2329/1287 1235/2330/1286 1234/1692/1290
f 1238/1691/1297 1237/2331/1299 1236/2329/1287
f 1240/2332/1293 1239/2333/1295 1238/1691/1297
f 1229/1690/1301 1242/2326/1288 1241/2334/1291
f 1241/2334/1291 1240/2332/1293 1238/1691/1297
f 1238/1691/1297 1236/2329/1287 1234/1692/1290
f 1234/1692/1290 1232/2327/1294 1229/1690/1301
f 1229/1690/1301 1241/2334/1291 1238/1691/1297
f 1277/1695/1302 1278/1946/1302 1279/1948/1302
f 1279/1948/1302 1280/1950/1302 1281/1951/1302
f 1281/1951/1302 1282/1953/1302 1283/1955/1302
f 1283/1955/1302 1284/1956/1302 1285/1693/1302
f 1285/1693/1302 1286/1958/1302 1287/1960/1302
f 1287/1960/1302 1288/1961/1302 1289/1694/1302
f 1289/1694/1302 1290/1964/1302 1291/1966/1302
f 1291/1966/1302 1292/1967/1302 1277/1695/1302
f 1277/1695/1302 1279/1948/1302 1281/1951/1302
f 1281/1951/1302 1283/1955/1302 1285/1693/1302
f 1285/1693/1302 1287/1960/1302 1289/1694/1302
f 1289/1694/1302 1291/1966/1302 1277/1695/1302
f 1277/1695/1302 1281/1951/1302 1285/1693/1302
f 1335/1696/1303 1336/1765/1304 1304/1697/1304
f 1320/1699/1304 1321/1705/1310 1569/1700/1305
f 1313/1702/1307 1314/1707/1312 1570/1703/1308
f 1321/1705/1310 1322/1709/1314 1571/1706/1311
f 1314/1707/1312 1315/1711/1316 1572/1708/1313
f 1322/1709/1314 1323/2335/1349 1573/1710/1315
f 1315/1711/1316 1316/2336/1350 1574/1712/1317
f 1573/1710/1315 1323/2335/1349 1324/1713/1318
f 1574/1712/1317 1316/2336/1350 1317/1715/1320
f 1310/1717/1322 1309/1723/1326 1577/1718/1323
f 1575/1714/1319 1324/1713/1318 1310/1717/1322
f 1317/1720/1320 1318/1725/1328 1578/1721/1325
f 1309/1723/1326 1311/2337/1352 1579/1724/1327
f 1318/1725/1328 1319/1729/1303 1580/1726/1329
f 1579/1724/1327 1311/2337/1352 1312/1727/1330
f 1319/1729/1303 1320/1699/1304 1582/1701/1306
f 1312/1727/1330 1313/1702/1307 1583/1704/1309
f 1294/1730/1332 1309/2338/1332 1310/1731/1333
f 1311/1733/1334 1309/2338/1332 1294/1730/1332
f 1296/1735/1335 1312/2339/1335 1311/1733/1334
f 1313/1736/1336 1312/2339/1335 1296/1735/1335
f 1314/1738/1337 1313/1736/1336 1297/1737/1336
f 1315/1740/1338 1314/1738/1337 1298/1739/1337
f 1316/1742/1339 1315/1740/1338 1299/1741/1338
f 1301/1744/1340 1317/2340/1340 1316/1742/1339
f 1318/1745/1341 1317/2341/1340 1301/1746/1340
f 1319/1748/1342 1318/1745/1341 1302/1747/1341
f 1320/1750/1343 1319/1748/1342 1303/1749/1342
f 1305/1752/1344 1321/1754/1344 1320/1750/1343
f 1306/1753/1345 1322/1756/1345 1321/1754/1344
f 1307/1755/1346 1323/1758/1346 1322/1756/1345
f 1308/1757/1347 1324/2342/1347 1323/1758/1346
f 1310/1731/1333 1324/2342/1347 1308/1757/1347
f 1327/1761/1348 1326/2343/1348 1325/2344/1348
f 1325/2344/1348 1340/2345/1348 1339/2346/1348
f 1339/2346/1348 1338/2347/1348 1337/2348/1348
f 1337/2348/1348 1336/2349/1348 1335/1759/1348
f 1335/1759/1348 1334/2350/1348 1333/2351/1348
f 1333/2351/1348 1332/2352/1348 1331/1760/1348
f 1331/1760/1348 1330/2353/1348 1329/2354/1348
f 1329/2354/1348 1328/2355/1348 1327/1761/1348
f 1327/1761/1348 1325/2344/1348 1339/2346/1348
f 1339/2346/1348 1337/2348/1348 1335/1759/1348
f 1335/1759/1348 1333/2351/1348 1331/1760/1348
f 1331/1760/1348 1329/2354/1348 1327/1761/1348
f 1327/1761/1348 1339/2346/1348 1335/1759/1348
f 1296/1762/1330 1328/2356/1330 1329/1763/1307
f 1336/1765/1304 1337/1768/1310 1305/1766/1310
f 1329/1763/1307 1330/2357/1312 1298/1767/1312
f 1337/1768/1310 1338/1772/1314 1306/1769/1314
f 1298/1767/1312 1330/2357/1312 1331/1770/1316
f 1338/1772/1314 1339/1775/1349 1307/1773/1349
f 1331/1770/1316 1332/1777/1350 1300/1774/1350
f 1339/1775/1349 1340/1782/1318 1308/1776/1318
f 1332/1777/1350 1333/2358/1320 1301/1778/1320
f 1325/1779/1322 1326/2359/1326 1294/1780/1326
f 1340/1782/1318 1325/1779/1322 1293/1781/1322
f 1333/1783/1320 1334/1788/1328 1302/1784/1328
f 1294/1780/1326 1326/2359/1326 1327/1786/1351
f 1334/1788/1328 1335/1696/1303 1303/1698/1303
f 1327/1786/1351 1328/2356/1330 1296/1762/1330
f 1354/1789/1307 1344/1877/1307 1343/1790/1307
f 1347/1792/1310 1383/2360/1310 1384/1793/1310
f 1360/1795/1310 1346/2361/1310 1345/1796/1310
f 1346/1798/1302 1342/2362/1302 1341/1799/1302
f 1341/1799/1302 1349/2363/1302 1351/1801/1302
f 1362/1802/1322 1342/2364/1322 1346/1803/1322
f 1349/1805/1307 1361/1817/1307 1504/1806/1353
f 1386/1808/1354 1385/1866/1491 1377/1809/1355
f 1353/1791/1307 1343/1790/1307 1350/1811/1307
f 1345/1796/1310 1351/2365/1310 1364/1813/1310
f 1355/1814/1310 1358/1828/1310 1352/1815/1310
f 1359/1816/1307 1353/1791/1307 1357/1812/1307
f 1350/1818/1357 1352/1883/1380 1358/1819/1320
f 1344/1821/1322 1354/1830/1322 1356/1822/1322
f 1347/1792/1310 1348/1794/1310 1356/1824/1310
f 1362/1825/1307 1354/1789/1307 1353/1791/1307
f 1342/1826/1307 1362/1825/1307 1359/1816/1307
f 1359/1816/1307 1361/1817/1307 1349/1805/1307
f 1363/1797/1310 1364/1813/1310 1358/1828/1310
f 1358/1819/1320 1364/2366/1320 1361/1829/1320
f 1354/1830/1322 1362/1802/1322 1360/1804/1322
f 1355/1814/1310 1356/1824/1310 1360/1795/1310
f 1373/1831/1310 1370/2367/1310 1372/1832/1310
f 1364/1834/1348 1501/2054/1358 1504/1835/1358
f 1351/1801/1302 1349/2363/1302 1498/1837/1359
f 1500/1839/1360 1493/2060/1361 1494/1840/1361
f 1372/1842/1362 1370/2368/1362 1369/1843/1362
f 1376/1845/1307 1375/1859/1307 1371/1846/1307
f 1374/1848/1363 1372/2369/1364 1371/1849/1364
f 1376/1851/1365 1369/2370/1366 1370/1852/1366
f 1365/1854/1367 1376/1851/1365 1373/1853/1365
f 1368/1856/1368 1374/1848/1363 1375/1850/1363
f 1365/1858/1307 1367/2371/1307 1375/1859/1307
f 1366/1860/1310 1373/1831/1310 1374/1833/1310
f 1378/1862/1369 1380/2372/1369 1379/1863/1369
f 1387/1865/1370 1378/1869/1370 1377/1809/1370
f 1388/1867/1371 1386/1808/1371 1379/1810/1371
f 1388/1867/1372 1380/1868/1492 1378/1869/1373
f 1381/1870/1348 1382/2373/1348 1384/1871/1348
f 1343/1873/1375 1381/2374/1320 1383/1874/1320
f 1348/1823/1322 1384/2375/1322 1382/1876/1322
f 1344/1877/1307 1382/2376/1307 1381/1878/1307
f 1352/1879/1376 1388/2377/1493 1387/1880/1377
f 1350/1818/1357 1386/2378/1494 1388/1882/1379
f 1347/1875/1375 1387/2379/1381 1385/1884/1381
f 1350/1885/1382 1343/2380/1495 1385/1886/1383
f 1391/1888/1302 1392/2381/1302 1390/1889/1302
f 1394/1891/1348 1396/2382/1348 1395/1892/1348
f 1392/1894/1322 1396/2383/1322 1394/1895/1322
f 1389/1897/1307 1390/2384/1307 1394/1898/1307
f 1391/1900/1310 1395/2385/1310 1396/1901/1310
f 1389/1903/1385 1393/2386/1385 1395/1904/1385
f 1397/1908/1302 1398/2387/1302 1399/2388/1302
f 1399/2388/1302 1400/2389/1302 1401/2390/1302
f 1401/2390/1302 1402/2391/1302 1403/2392/1302
f 1403/2392/1302 1404/2393/1302 1405/1906/1302
f 1405/1906/1302 1406/2394/1302 1407/2395/1302
f 1407/2395/1302 1408/2396/1302 1409/1907/1302
f 1409/1907/1302 1410/2397/1302 1411/2398/1302
f 1411/2398/1302 1412/2399/1302 1397/1908/1302
f 1397/1908/1302 1399/2388/1302 1401/2390/1302
f 1401/2390/1302 1403/2392/1302 1405/1906/1302
f 1405/1906/1302 1407/2395/1302 1409/1907/1302
f 1409/1907/1302 1411/2398/1302 1397/1908/1302
f 1397/1908/1302 1401/2390/1302 1405/1906/1302
f 1415/1911/1348 1414/2400/1348 1413/2401/1348
f 1413/2401/1348 1428/2402/1348 1427/2403/1348
f 1427/2403/1348 1426/2404/1348 1425/2405/1348
f 1425/2405/1348 1424/2406/1348 1423/1909/1348
f 1423/1909/1348 1422/2407/1348 1421/2408/1348
f 1421/2408/1348 1420/2409/1348 1419/1910/1348
f 1419/1910/1348 1418/2410/1348 1417/2411/1348
f 1417/2411/1348 1416/2412/1348 1415/1911/1348
f 1415/1911/1348 1413/2401/1348 1427/2403/1348
f 1427/2403/1348 1425/2405/1348 1423/1909/1348
f 1423/1909/1348 1421/2408/1348 1419/1910/1348
f 1419/1910/1348 1417/2411/1348 1415/1911/1348
f 1415/1911/1348 1427/2403/1348 1423/1909/1348
f 1477/1912/1322 1413/1916/1322 1414/1913/1326
f 1477/1912/1322 1478/1942/1318 1428/1915/1318
f 1481/1917/1328 1479/2413/1320 1421/1918/1320
f 1482/1920/1352 1480/1914/1326 1414/1913/1326
f 1483/1922/1303 1481/1917/1328 1422/1919/1328
f 1482/1920/1352 1415/1921/1351 1416/1924/1330
f 1483/1922/1303 1423/1923/1303 1424/1926/1304
f 1484/1925/1330 1416/1924/1330 1417/1928/1307
f 1487/1930/1310 1485/1927/1304 1424/1926/1304
f 1486/1929/1307 1417/1928/1307 1418/1932/1312
f 1489/1934/1314 1487/1930/1310 1425/1931/1310
f 1488/1933/1312 1418/1932/1312 1419/1936/1316
f 1491/1938/1349 1489/1934/1314 1426/1935/1314
f 1492/1940/1350 1490/1937/1316 1419/1936/1316
f 1491/1938/1349 1427/1939/1349 1428/1915/1318
f 1479/1943/1320 1492/1940/1350 1420/1941/1350
f 1430/1945/1302 1429/2414/1302 1278/1946/1302
f 1278/1946/1302 1429/2414/1302 1431/1947/1302
f 1279/1948/1302 1431/1947/1302 1432/1949/1302
f 1432/1949/1302 1433/2415/1302 1281/1951/1302
f 1281/1951/1302 1433/2415/1302 1434/1952/1302
f 1282/1953/1302 1434/1952/1302 1435/1954/1302
f 1435/1954/1302 1436/2416/1302 1284/1956/1302
f 1284/1956/1302 1436/2416/1302 1437/1957/1302
f 1437/1957/1302 1438/2417/1302 1286/1958/1302
f 1286/1958/1302 1438/2417/1302 1439/1959/1302
f 1439/1959/1302 1440/1962/1302 1288/1961/1302
f 1440/1962/1302 1441/1963/1302 1289/1694/1302
f 1441/1963/1302 1442/2418/1302 1290/1964/1302
f 1290/1964/1302 1442/2418/1302 1443/1965/1302
f 1443/1965/1302 1444/2419/1302 1292/1967/1302
f 1292/1967/1302 1444/2419/1302 1430/1945/1302
f 1460/1968/1330 1448/2131/1307 1433/1969/1307
f 1439/1971/1303 1459/1977/1303 1446/1972/1304
f 1458/1974/1352 1460/1968/1330 1432/1970/1330
f 1438/1976/1328 1457/2135/1328 1459/1977/1303
f 1429/1978/1326 1455/2137/1326 1458/1974/1352
f 1454/1979/1320 1457/2135/1328 1438/1976/1328
f 1444/1981/1318 1453/1988/1318 1456/1982/1322
f 1456/1982/1322 1455/2137/1326 1429/1978/1326
f 1436/1984/1350 1452/1990/1350 1454/1985/1320
f 1443/1987/1349 1451/2142/1349 1453/1988/1318
f 1435/1989/1316 1450/2144/1316 1452/1990/1350
f 1449/1991/1314 1451/2142/1349 1443/1987/1349
f 1447/1993/1312 1450/2144/1316 1435/1989/1316
f 1441/1995/1310 1445/1996/1310 1449/1991/1314
f 1433/1969/1307 1448/2131/1307 1447/1993/1312
f 1440/1973/1304 1446/1972/1304 1445/1996/1310
f 1405/1997/1320 1404/2003/1350 1476/1998/1350
f 1411/2000/1349 1475/2006/1349 1463/2001/1318
f 1404/2003/1350 1403/2008/1316 1474/2004/1316
f 1411/2000/1349 1410/2009/1314 1473/2005/1314
f 1402/2007/1312 1472/2012/1312 1474/2004/1316
f 1410/2009/1314 1409/2013/1310 1471/2010/1310
f 1402/2007/1312 1401/2016/1307 1470/2011/1307
f 1409/2013/1310 1408/2018/1304 1469/2014/1304
f 1400/2015/1330 1468/2020/1330 1470/2011/1307
f 1407/2017/1303 1467/2022/1303 1469/2014/1304
f 1400/2015/1330 1399/2023/1351 1466/2019/1352
f 1406/2021/1328 1465/2026/1328 1467/2022/1303
f 1399/2023/1351 1398/2029/1326 1462/2024/1326
f 1405/2025/1320 1464/2129/1320 1465/2026/1328
f 1397/2027/1322 1412/2002/1318 1463/2001/1318
f 1397/2027/1322 1461/2028/1322 1462/2024/1326
f 1523/2030/1320 1536/2034/1350 1492/1940/1350
f 1535/2031/1349 1491/1938/1349 1478/1942/1318
f 1534/2033/1316 1490/1937/1316 1492/1940/1350
f 1533/2035/1314 1489/1934/1314 1491/1938/1349
f 1534/2033/1316 1532/2038/1312 1488/1933/1312
f 1531/2036/1310 1487/1930/1310 1489/1934/1314
f 1530/2037/1307 1486/1929/1307 1488/1933/1312
f 1529/2039/1304 1485/1927/1304 1487/1930/1310
f 1530/2037/1307 1528/2042/1330 1484/1925/1330
f 1527/2040/1303 1483/1922/1303 1485/1927/1304
f 1526/2041/1351 1482/1920/1352 1484/1925/1330
f 1527/2040/1303 1525/2045/1328 1481/1917/1328
f 1524/2043/1326 1480/1914/1326 1482/1920/1352
f 1523/2044/1320 1479/2413/1320 1481/1917/1328
f 1521/2046/1322 1522/2032/1318 1478/1942/1318
f 1521/2046/1322 1477/1912/1322 1480/1914/1326
f 1502/2047/1386 1368/1856/1368 1367/1857/1368
f 1364/1813/1310 1351/2365/1310 1499/2049/1387
f 1500/2051/1388 1366/1860/1310 1368/1861/1310
f 1500/1839/1360 1497/1841/1360 1365/1854/1367
f 1495/2053/1389 1504/1835/1358 1501/2054/1358
f 1494/2056/1390 1498/1807/1353 1504/1806/1353
f 1496/2058/1391 1501/2050/1387 1499/2049/1387
f 1493/2060/1361 1499/1838/1359 1498/1837/1359
f 1503/2061/1392 1367/2371/1307 1365/1858/1307
f 1502/2052/1388 1496/2058/1391 1493/2059/1391
f 1497/2062/1392 1494/2056/1390 1495/2057/1390
f 1503/2048/1386 1495/2053/1389 1496/2055/1389
f 1537/2063/1326 1550/2066/1322 1518/2064/1322
f 1550/2066/1322 1551/2093/1318 1519/2067/1318
f 1538/2068/1328 1552/2420/1320 1520/2069/1320
f 1537/2063/1326 1505/2065/1326 1507/2071/1352
f 1538/2068/1328 1506/2070/1328 1508/2073/1303
f 1541/2075/1330 1539/2072/1352 1507/2071/1352
f 1542/2077/1304 1540/2074/1303 1508/2073/1303
f 1541/2075/1330 1509/2076/1330 1511/2079/1307
f 1544/2081/1310 1542/2077/1304 1510/2078/1304
f 1543/2080/1307 1511/2079/1307 1513/2083/1312
f 1546/2085/1314 1544/2081/1310 1512/2082/1310
f 1545/2084/1312 1513/2083/1312 1515/2087/1316
f 1546/2085/1314 1514/2086/1314 1516/2089/1349
f 1549/2091/1350 1547/2088/1316 1515/2087/1316
f 1548/2090/1349 1516/2089/1349 1519/2067/1318
f 1549/2091/1350 1517/2092/1350 1520/2094/1320
f 1518/2096/1393 1521/2100/1393 1524/2097/1394
f 1518/2096/1393 1519/2126/1395 1522/2099/1395
f 1506/2101/1396 1520/2421/1397 1523/2102/1397
f 1505/2098/1394 1524/2097/1394 1526/2104/1398
f 1508/2106/1399 1506/2101/1396 1525/2103/1396
f 1507/2105/1398 1526/2104/1398 1528/2108/1400
f 1510/2110/1401 1508/2106/1399 1527/2107/1399
f 1509/2109/1400 1528/2108/1400 1530/2112/1402
f 1512/2114/1403 1510/2110/1401 1529/2111/1401
f 1513/2116/1404 1511/2113/1402 1530/2112/1402
f 1514/2118/1405 1512/2114/1403 1531/2115/1403
f 1515/2120/1406 1513/2116/1404 1532/2117/1404
f 1516/2122/1407 1514/2118/1405 1533/2119/1405
f 1517/2124/1408 1515/2120/1406 1534/2121/1406
f 1519/2126/1395 1516/2122/1407 1535/2123/1407
f 1520/2127/1397 1517/2124/1408 1536/2125/1408
f 1476/1998/1350 1549/2091/1350 1552/2095/1320
f 1475/2006/1349 1548/2090/1349 1551/2093/1318
f 1476/1998/1350 1474/2004/1316 1547/2088/1316
f 1475/2006/1349 1473/2005/1314 1546/2085/1314
f 1472/2012/1312 1545/2084/1312 1547/2088/1316
f 1471/2010/1310 1544/2081/1310 1546/2085/1314
f 1470/2011/1307 1543/2080/1307 1545/2084/1312
f 1469/2014/1304 1542/2077/1304 1544/2081/1310
f 1468/2020/1330 1541/2075/1330 1543/2080/1307
f 1467/2022/1303 1540/2074/1303 1542/2077/1304
f 1466/2019/1352 1539/2072/1352 1541/2075/1330
f 1467/2022/1303 1465/2026/1328 1538/2068/1328
f 1466/2019/1352 1462/2024/1326 1537/2063/1326
f 1464/2129/1320 1552/2420/1320 1538/2068/1328
f 1463/2001/1318 1551/2093/1318 1550/2066/1322
f 1462/2024/1326 1461/2028/1322 1550/2066/1322
f 1565/2130/1409 1567/2148/1422 1448/2131/1307
f 1564/2132/1410 1566/2147/1421 1446/1972/1304
f 1563/2133/1411 1565/2130/1409 1460/1968/1330
f 1562/2134/1412 1564/2132/1410 1459/1977/1303
f 1561/2136/1413 1563/2133/1411 1458/1974/1352
f 1560/2138/1414 1562/2134/1412 1457/2135/1328
f 1453/1988/1318 1559/2149/1423 1568/2139/1415
f 1456/1982/1322 1568/2139/1415 1561/2136/1413
f 1558/2140/1416 1560/2150/1414 1454/1985/1320
f 1557/2141/1417 1559/2149/1423 1453/1988/1318
f 1556/2143/1418 1558/2140/1416 1452/1990/1350
f 1449/1991/1314 1555/2146/1420 1557/2141/1417
f 1554/2145/1419 1556/2143/1418 1450/2144/1316
f 1445/1996/1310 1553/2151/1424 1555/2146/1420
f 1448/2131/1307 1567/2148/1422 1554/2145/1419
f 1566/2147/1421 1553/2151/1424 1445/1996/1310
f 1581/1728/1331 1583/1704/1309 1567/2148/1422
f 1564/2132/1410 1580/1726/1329 1582/1701/1306
f 1563/2133/1411 1579/1724/1327 1581/1728/1331
f 1578/1721/1325 1580/1726/1329 1564/2132/1410
f 1561/2136/1413 1577/1718/1323 1579/1724/1327
f 1560/2138/1414 1576/1722/1321 1578/1721/1325
f 1559/2149/1423 1575/1714/1319 1584/1719/1324
f 1584/1719/1324 1577/1718/1323 1561/2136/1413
f 1558/2140/1416 1574/1712/1317 1576/1716/1321
f 1557/2141/1417 1573/1710/1315 1575/1714/1319
f 1572/1708/1313 1574/1712/1317 1558/2140/1416
f 1571/1706/1311 1573/1710/1315 1557/2141/1417
f 1570/1703/1308 1572/1708/1313 1556/2143/1418
f 1553/2151/1424 1569/1700/1305 1571/1706/1311
f 1567/2148/1422 1583/1704/1309 1570/1703/1308
f 1566/2147/1421 1582/1701/1306 1569/1700/1305
