# Blender 4.5.1 LTS
# www.blender.org
mtllib USMC Corpsman.mtl
o Corpsman_Figure_Pack.003
v 0.191843 0.740000 -0.240000
v 0.256000 0.804157 -0.240000
v 0.237209 0.758791 -0.240000
v 0.256000 1.474687 -0.240000
v 0.191843 1.538845 -0.240000
v 0.237209 1.520053 -0.240000
v 0.191843 0.740000 -0.441329
v 0.191843 0.804157 -0.505486
v 0.256000 0.804157 -0.441329
v 0.191843 0.758791 -0.486695
v 0.228884 0.767116 -0.478370
v 0.237209 0.804157 -0.486695
v 0.237209 0.758791 -0.441329
v 0.191843 1.538845 -0.441329
v 0.256000 1.474687 -0.441329
v 0.191843 1.474687 -0.505486
v 0.237209 1.520053 -0.441329
v 0.228884 1.511729 -0.478370
v 0.237209 1.474687 -0.486695
v 0.191843 1.520053 -0.486695
v 0.256000 1.006854 -0.441329
v 0.256000 0.898854 -0.441329
v 0.231039 0.952854 -0.418606
v 0.237209 1.006854 -0.486695
v 0.237209 0.898854 -0.486695
v 0.214080 0.952854 -0.459549
v 0.191843 0.898854 -0.505486
v 0.191843 1.006854 -0.505486
v 0.173137 0.952854 -0.476508
v 0.256000 1.006854 -0.240000
v 0.256000 0.898854 -0.240000
v 0.231039 0.952854 -0.236908
v 0.000000 0.740000 -0.441329
v 0.000000 0.758791 -0.486695
v 0.000000 1.538845 -0.441329
v 0.000000 1.520053 -0.486695
v 0.000000 1.474687 -0.505486
v 0.000000 0.740000 -0.240000
v 0.000000 1.538845 -0.240000
v 0.000000 1.006854 -0.505486
v 0.000000 0.952854 -0.476508
v 0.000000 0.898854 -0.505486
v 0.000000 0.804157 -0.505486
v 0.000000 0.804157 -0.240000
v 0.000000 1.474687 -0.240000
v 0.000000 1.006854 -0.240000
v 0.000000 0.898854 -0.240000
v -0.024961 0.952854 -0.236908
v 0.000000 0.758791 -0.240000
v 0.000000 1.520053 -0.240000
v -0.191843 0.740000 -0.240000
v -0.256000 0.804157 -0.240000
v -0.237209 0.758791 -0.240000
v -0.256000 1.474687 -0.240000
v -0.191843 1.538845 -0.240000
v -0.237209 1.520053 -0.240000
v -0.191843 0.740000 -0.441329
v -0.191843 0.804157 -0.505486
v -0.256000 0.804157 -0.441329
v -0.191843 0.758791 -0.486695
v -0.228884 0.767116 -0.478370
v -0.237209 0.804157 -0.486695
v -0.237209 0.758791 -0.441329
v -0.191843 1.538845 -0.441329
v -0.256000 1.474687 -0.441329
v -0.191843 1.474687 -0.505486
v -0.237209 1.520053 -0.441329
v -0.228884 1.511729 -0.478370
v -0.237209 1.474687 -0.486695
v -0.191843 1.520053 -0.486695
v -0.256000 1.006854 -0.441329
v -0.256000 0.898854 -0.441329
v -0.231039 0.952854 -0.418606
v -0.237209 1.006854 -0.486695
v -0.237209 0.898854 -0.486695
v -0.214080 0.952854 -0.459549
v -0.191843 0.898854 -0.505486
v -0.191843 1.006854 -0.505486
v -0.173137 0.952854 -0.476508
v -0.256000 1.006854 -0.240000
v -0.256000 0.898854 -0.240000
v -0.231039 0.952854 -0.236908
v 0.024961 0.952854 -0.236908
v 0.000000 1.279982 0.291507
v 0.000000 1.279982 -0.291507
v 0.291749 1.279982 -0.000000
v 0.000000 1.424075 0.225946
v 0.000000 1.424075 -0.225946
v 0.226133 1.424075 -0.000000
v 0.000000 1.451096 0.160384
v 0.000000 1.451096 -0.160384
v 0.291749 0.537000 -0.000000
v 0.000000 0.537000 -0.291507
v 0.000000 0.537000 0.291507
v 0.218811 0.537000 -0.218631
v 0.000000 0.160000 0.291507
v 0.218812 1.279982 0.218631
v 0.169599 1.424075 -0.169459
v 0.000000 1.382296 0.275117
v 0.000000 1.382296 -0.275117
v 0.275345 1.382296 -0.000000
v 0.169600 1.424075 0.169459
v 0.000000 1.436586 0.176775
v 0.000000 1.436586 -0.176775
v 0.176921 1.436586 -0.000000
v 0.218811 1.279982 -0.218631
v 0.218812 0.537000 0.218631
v 0.291749 1.027946 -0.000000
v 0.000000 1.027946 -0.291507
v 0.000000 1.027946 0.291507
v 0.218811 0.160000 -0.218631
v 0.206509 1.382296 0.206338
v 0.206508 1.382296 -0.206338
v 0.132691 1.436586 0.132581
v 0.132690 1.436586 -0.132581
v 0.218811 1.027946 -0.218631
v 0.218812 1.027946 0.218631
v 0.291749 0.198687 -0.000000
v 0.000000 0.198687 -0.291507
v 0.000000 0.198687 0.291507
v 0.218811 0.198687 -0.218631
v 0.218812 0.198687 0.218631
v 0.218812 0.284444 0.218631
v 0.291749 0.284444 -0.000000
v 0.000000 0.284444 -0.291507
v 0.000000 0.284444 0.291507
v 0.218811 0.284444 -0.218631
v 0.220609 1.659859 -0.000000
v 0.160517 1.451096 -0.000000
v 0.190563 1.483059 -0.000000
v 0.165457 1.659859 -0.165320
v 0.120388 1.451096 0.120288
v 0.120387 1.451096 -0.120288
v 0.142922 1.483059 0.142804
v 0.168028 1.466842 -0.000000
v 0.142922 1.483059 -0.142804
v 0.165457 1.659859 0.165320
v 0.213098 1.535486 -0.000000
v 0.165457 1.820204 -0.165320
v 0.126021 1.466842 -0.125917
v 0.126021 1.466842 0.125917
v 0.159823 1.535486 -0.159691
v 0.159823 1.535486 0.159691
v 0.000000 1.659859 0.220427
v 0.000000 1.659859 -0.220427
v 0.000000 1.483059 -0.190406
v 0.000000 1.483059 0.190406
v 0.000000 1.466842 -0.167890
v 0.000000 1.466842 0.167890
v 0.000000 1.535486 -0.212922
v 0.000000 1.535486 0.212922
v 0.291749 0.160000 -0.000000
v 0.218812 0.160000 0.218631
v 0.000000 0.160000 -0.291507
v 0.000000 0.160000 0.000000
v 0.165457 1.820204 0.165320
v 0.000000 1.820204 -0.198938
v 0.220609 1.820204 -0.000000
v 0.000000 1.820204 0.198938
v 0.102013 1.898445 -0.000000
v 0.000000 1.898445 -0.091992
v 0.000000 1.898445 0.091992
v 0.076510 1.898445 0.076446
v 0.076510 1.898445 -0.076447
v 0.261185 0.828158 0.287334
v 0.142976 1.375378 0.282923
v 0.173672 1.434451 0.131204
v 0.260234 1.179188 0.288302
v 0.312564 0.828136 0.162421
v 0.312037 1.060684 0.163564
v 0.089916 1.380963 0.305524
v 0.232736 1.304162 0.277550
v 0.172328 0.828159 0.338569
v 0.230534 1.338193 0.274057
v 0.236119 1.397754 0.125895
v 0.172312 1.201644 0.338547
v 0.172320 1.278280 0.327120
v 0.209772 0.828161 0.210089
v 0.127908 1.375378 0.203621
v 0.237852 1.320580 0.194943
v 0.156294 1.405430 0.122186
v 0.234411 1.178038 0.208745
v 0.254441 0.828149 0.148930
v 0.254953 1.094507 0.147815
v 0.089916 1.380963 0.226078
v 0.235895 1.295740 0.196747
v 0.157774 0.828160 0.253381
v 0.218921 1.368468 0.117406
v 0.157795 1.199436 0.253419
v 0.163681 1.325062 0.216509
v 0.158141 1.304960 0.238121
v 0.196291 1.321811 0.308545
v 0.159133 1.338772 0.314507
v 0.134407 1.329587 0.320479
v 0.126798 1.353012 0.221293
v 0.081840 1.336438 0.238807
v 0.181313 1.447577 0.139642
v 0.150616 1.388505 0.291361
v 0.238174 1.351319 0.282495
v 0.243759 1.410881 0.134332
v 0.203931 1.334938 0.316983
v 0.166774 1.351899 0.322944
v 0.092926 1.363806 0.313432
v 0.261185 0.828158 -0.255234
v 0.142976 1.375378 -0.250823
v 0.173672 1.434451 -0.131204
v 0.260234 1.179188 -0.256202
v 0.312564 0.828136 -0.183693
v 0.312037 1.060684 -0.184836
v 0.089916 1.380963 -0.273424
v 0.232736 1.304162 -0.245450
v 0.172328 0.828159 -0.306468
v 0.230534 1.338193 -0.241957
v 0.236119 1.397754 -0.125895
v 0.172312 1.201644 -0.306446
v 0.172320 1.278280 -0.295020
v 0.340143 0.828122 0.000000
v 0.173559 1.449374 0.000000
v 0.340143 1.040459 0.000000
v 0.236289 1.412528 0.000000
v 0.209772 0.828161 -0.210089
v 0.127908 1.375378 -0.203621
v 0.237852 1.320580 -0.194943
v 0.156294 1.405430 -0.122186
v 0.234411 1.178038 -0.208745
v 0.254441 0.828149 -0.148930
v 0.254953 1.094507 -0.147815
v 0.089916 1.380963 -0.226078
v 0.235895 1.295740 -0.196747
v 0.157774 0.828160 -0.253381
v 0.218921 1.368468 -0.117406
v 0.157795 1.199436 -0.253419
v 0.163681 1.325062 -0.216509
v 0.158141 1.304960 -0.238121
v 0.279312 0.828140 0.000000
v 0.155697 1.419264 0.000000
v 0.218434 1.382413 0.000000
v 0.279312 1.075119 0.000000
v 0.196291 1.321811 -0.276444
v 0.159133 1.338772 -0.282406
v 0.134407 1.329587 -0.288378
v 0.126798 1.353012 -0.221293
v 0.081840 1.336438 -0.238807
v 0.181313 1.447577 -0.139642
v 0.150616 1.388505 -0.237988
v 0.181199 1.462501 0.000000
v 0.238174 1.351319 -0.229122
v 0.243759 1.410881 -0.134332
v 0.243930 1.425655 0.000000
v 0.203931 1.334938 -0.263609
v 0.166774 1.351899 -0.269571
v 0.092926 1.363806 -0.281331
v 0.097028 0.844467 0.469702
v 0.073190 0.844467 0.342633
v 0.073190 1.163628 0.342633
v 0.239106 0.844467 0.425788
v 0.215269 0.844467 0.298719
v 0.215269 1.163628 0.298719
v 0.073190 0.967378 0.342633
v 0.215269 0.967378 0.298719
v 0.073190 0.983078 0.342633
v 0.215269 0.983078 0.298719
v 0.101838 0.975093 0.488856
v 0.095250 1.164154 0.464638
v 0.237328 1.164154 0.420725
v 0.243917 0.975093 0.444943
v 0.239106 0.967378 0.425788
v 0.097028 0.967378 0.469702
v 0.070606 0.844467 0.473302
v 0.070606 0.844467 0.342633
v 0.070606 1.163628 0.342633
v 0.070606 0.967378 0.342633
v 0.070606 0.983078 0.342633
v 0.070606 1.164154 0.467940
v 0.070606 0.975093 0.493022
v 0.070606 0.967378 0.473302
v 0.000000 0.828152 0.367435
v 0.000000 1.380963 0.342457
v 0.000000 1.242489 0.367363
v 0.000000 0.828156 0.279080
v 0.000000 1.380963 0.255595
v 0.000000 1.239160 0.279167
v 0.000000 1.332174 0.351232
v 0.000000 1.290840 0.358666
v 0.000000 1.314666 0.266616
v 0.000000 1.347815 0.261105
v 0.000000 1.367086 0.344953
v 0.000000 0.828152 -0.335334
v 0.000000 1.380963 -0.310356
v 0.000000 1.242489 -0.335262
v 0.000000 0.828156 -0.279080
v 0.000000 1.380963 -0.255595
v 0.000000 1.239160 -0.279167
v 0.000000 1.332174 -0.319131
v 0.000000 1.290840 -0.326566
v 0.000000 1.314666 -0.266616
v 0.000000 1.347815 -0.261105
v 0.000000 1.367086 -0.312852
v 0.000000 0.844467 0.342704
v 0.000000 0.844467 0.473372
v 0.000000 0.967378 0.473372
v 0.000000 0.976664 0.495743
v 0.000000 0.970064 0.487533
v 0.000000 1.163628 0.473372
v 0.000000 1.163628 0.342703
v 0.059557 1.725104 0.296395
v 0.059557 1.897992 0.251144
v 0.059557 1.728511 0.247232
v 0.059557 1.887143 0.206632
v 0.059557 1.694292 0.280124
v 0.059557 1.722079 0.246002
v 0.059557 1.684121 0.160893
v 0.059557 1.711341 0.159479
v 0.173420 1.923019 -0.082426
v 0.130782 1.891253 0.197811
v 0.188629 1.932845 0.027216
v 0.188662 1.903999 -0.168913
v 0.126296 1.985674 0.058395
v 0.126296 1.979276 -0.099702
v 0.130782 1.818144 0.235640
v 0.221474 1.857123 0.120045
v 0.247553 1.854267 0.003088
v 0.223098 1.853155 -0.078675
v 0.218922 1.795743 0.147082
v 0.245653 1.779163 0.065111
v 0.245653 1.789732 -0.000655
v 0.233614 1.788223 -0.083447
v 0.190678 1.773441 -0.239623
v 0.228581 1.722154 -0.163836
v 0.247457 1.752052 0.096842
v 0.130782 1.781409 0.244443
v 0.223755 1.669337 -0.165364
v 0.190719 1.683018 -0.249504
v 0.218425 1.765613 0.154722
v 0.247180 1.718599 0.104604
v 0.130782 1.751275 0.250756
v 0.223991 1.627501 -0.164742
v 0.244239 1.709250 0.107230
v 0.194428 1.642226 -0.259689
v 0.217697 1.737203 0.156876
v 0.153356 1.614258 -0.202764
v 0.120988 1.703338 0.183981
v 0.148109 1.845106 -0.163249
v 0.098887 1.856395 0.160030
v 0.166086 1.866652 -0.053432
v 0.084264 1.920074 -0.023174
v 0.068613 1.920074 0.075547
v 0.068613 1.920074 -0.074525
v 0.173111 1.698779 0.147178
v 0.189984 1.601488 -0.150539
v 0.207034 1.719020 0.108664
v 0.189543 1.627501 -0.151699
v 0.210712 1.719485 0.108167
v 0.172613 1.790676 0.136210
v 0.208724 1.692955 0.106061
v 0.153182 1.734700 -0.195152
v 0.189307 1.669337 -0.152322
v 0.210619 1.752052 0.096842
v 0.152914 1.673348 -0.200360
v 0.194133 1.722154 -0.150794
v 0.218336 1.788223 -0.077816
v 0.229941 1.789732 -0.000655
v 0.156235 1.648065 -0.206378
v 0.229941 1.779163 0.065111
v 0.224431 1.601488 -0.163581
v 0.186135 1.607062 -0.254466
v 0.212441 1.701724 0.155774
v 0.130782 1.713474 0.249778
v 0.245337 1.699383 0.109566
v 0.189472 1.907803 0.099124
v 0.126296 1.940681 0.139303
v 0.125715 1.689339 -0.280018
v 0.128730 1.649513 -0.282295
v 0.122832 1.776340 -0.273114
v 0.079151 1.620906 -0.214315
v 0.035414 1.920074 -0.081909
v 0.080059 1.848385 -0.177726
v 0.078923 1.679036 -0.213702
v 0.080637 1.654540 -0.218662
v 0.077641 1.768136 -0.211385
v 0.128730 1.616354 -0.278812
v 0.126296 1.933859 -0.189190
v 0.189670 1.848806 -0.223693
v 0.122832 1.858028 -0.253767
v 0.237044 1.760292 -0.152575
v 0.200017 1.843796 -0.121090
v 0.000000 1.990507 -0.106162
v 0.000000 1.884998 0.222954
v 0.000000 1.992488 0.064750
v 0.000000 1.779433 -0.290471
v 0.000000 1.814222 0.259981
v 0.000000 1.696081 -0.295391
v 0.000000 1.786614 0.268294
v 0.000000 1.657284 -0.291257
v 0.000000 1.752921 0.274472
v 0.000000 1.703338 0.207017
v 0.000000 1.627997 -0.226635
v 0.000000 1.852243 -0.194756
v 0.000000 1.852243 0.177502
v 0.000000 1.920074 -0.089784
v 0.000000 1.920074 0.090806
v 0.000000 1.770512 -0.232903
v 0.000000 1.803172 0.203441
v 0.000000 1.685104 -0.227932
v 0.000000 1.661446 -0.231764
v 0.000000 1.626263 -0.285380
v 0.000000 1.718638 0.276459
v 0.000000 1.952251 0.153150
v 0.000000 1.938985 -0.198484
v 0.000000 1.855736 -0.270796
v 0.202596 1.760292 -0.139532
v 0.086649 1.920074 0.026187
v 0.121287 1.859814 0.088876
v 0.143686 1.863233 0.017722
v 0.064656 1.854957 0.166078
v 0.099916 1.801757 0.188866
v 0.241042 1.753497 0.027273
v 0.208227 1.773290 0.035844
v 0.208227 1.728732 0.080364
v 0.208227 1.667866 0.096660
v 0.278558 1.618756 0.079519
v 0.241042 1.753497 -0.077218
v 0.248457 1.717124 -0.115464
v 0.258587 1.667436 -0.129463
v 0.258587 1.667436 0.079519
v 0.208227 1.667866 -0.146604
v 0.208227 1.728732 -0.130309
v 0.208227 1.773290 -0.085788
v 0.208227 1.607260 0.096660
v 0.208227 1.546393 0.080364
v 0.208227 1.501836 0.035844
v 0.248457 1.717124 0.065520
v 0.208227 1.501836 -0.085788
v 0.208227 1.546393 -0.130309
v 0.208227 1.607260 -0.146604
v 0.260975 1.559242 0.065520
v 0.260975 1.520963 0.027273
v 0.260975 1.520963 -0.077218
v 0.260975 1.559242 -0.115464
v 0.278558 1.618756 -0.129463
v 0.251163 1.703851 0.006020
v 0.278505 1.618969 0.037013
v 0.251163 1.703851 -0.055965
v 0.255868 1.680774 -0.078653
v 0.262147 1.649975 -0.086957
v 0.262147 1.649975 0.037013
v 0.255868 1.680774 0.028708
v 0.292804 1.591167 0.028708
v 0.287891 1.568998 0.006020
v 0.287891 1.568998 -0.055965
v 0.292804 1.591167 -0.078653
v 0.278505 1.618969 -0.086957
v 0.281494 1.758561 0.061919
v 0.281623 1.771774 -0.001746
v 0.282445 1.771479 -0.082731
v 0.275814 1.713598 -0.144565
v 0.279233 1.739873 0.082327
v 0.269218 1.662293 -0.155881
v 0.274129 1.709010 0.094427
v 0.260923 1.611911 -0.156446
v 0.273211 1.699474 0.097435
v 0.268627 1.681100 0.103645
v 0.279625 1.728141 -0.137111
v 0.259322 1.879001 0.066661
v 0.264134 1.892028 -0.001018
v 0.250518 1.888722 -0.084278
v 0.228829 1.750080 -0.233553
v 0.250817 1.841306 0.130146
v 0.221549 1.676191 -0.234209
v 0.242281 1.777138 0.160542
v 0.217917 1.621595 -0.225202
v 0.238333 1.737203 0.167747
v 0.236394 1.713103 0.170414
v 0.239891 1.836133 -0.193073
v 0.000000 1.209820 0.337689
v 0.000000 1.339529 0.306734
v 0.000000 1.220740 0.409945
v 0.000000 1.350449 0.378990
v 0.123324 1.209811 0.321074
v 0.139417 1.226068 0.315700
v 0.131499 1.211988 0.319802
v 0.137390 1.217939 0.317835
v 0.137317 1.323260 0.292601
v 0.120520 1.339520 0.290246
v 0.134938 1.331390 0.290871
v 0.128790 1.337341 0.290009
v 0.128279 1.218207 0.376405
v 0.144204 1.234135 0.368339
v 0.136370 1.220192 0.373793
v 0.142199 1.226022 0.370841
v 0.142106 1.331175 0.345275
v 0.125475 1.347916 0.345577
v 0.139749 1.339397 0.343895
v 0.133662 1.345524 0.344005
v 0.000000 0.967378 0.342704
v 0.000000 0.983078 0.342704
v -0.291749 1.279982 -0.000000
v -0.226133 1.424075 -0.000000
v -0.291749 0.537000 -0.000000
v -0.218811 0.537000 -0.218631
v -0.218812 1.279982 0.218631
v -0.169599 1.424075 -0.169459
v -0.275345 1.382296 -0.000000
v -0.169600 1.424075 0.169459
v -0.176921 1.436586 -0.000000
v -0.218811 1.279982 -0.218631
v -0.218812 0.537000 0.218631
v -0.291749 1.027946 -0.000000
v -0.218811 0.160000 -0.218631
v -0.206509 1.382296 0.206338
v -0.206508 1.382296 -0.206338
v -0.132691 1.436586 0.132581
v -0.132690 1.436586 -0.132581
v -0.218811 1.027946 -0.218631
v -0.218812 1.027946 0.218631
v -0.291749 0.198687 -0.000000
v -0.218811 0.198687 -0.218631
v -0.218812 0.198687 0.218631
v -0.218812 0.284444 0.218631
v -0.291749 0.284444 -0.000000
v -0.218811 0.284444 -0.218631
v -0.220609 1.659859 -0.000000
v -0.160517 1.451096 -0.000000
v -0.190563 1.483059 -0.000000
v -0.165457 1.659859 -0.165320
v -0.120388 1.451096 0.120288
v -0.120387 1.451096 -0.120288
v -0.142922 1.483059 0.142804
v -0.168028 1.466842 -0.000000
v -0.142922 1.483059 -0.142804
v -0.165457 1.659859 0.165320
v -0.213098 1.535486 -0.000000
v -0.165457 1.820204 -0.165320
v -0.126021 1.466842 -0.125917
v -0.126021 1.466842 0.125917
v -0.159823 1.535486 -0.159691
v -0.159823 1.535486 0.159691
v -0.291749 0.160000 -0.000000
v -0.218812 0.160000 0.218631
v -0.165457 1.820204 0.165320
v -0.220609 1.820204 -0.000000
v -0.102013 1.898445 -0.000000
v -0.076510 1.898445 0.076446
v -0.076510 1.898445 -0.076447
v -0.261185 0.828158 0.287334
v -0.142976 1.375378 0.282923
v -0.173672 1.434451 0.131204
v -0.260234 1.179188 0.288302
v -0.312564 0.828136 0.162421
v -0.312037 1.060684 0.163564
v -0.089916 1.380963 0.305524
v -0.232736 1.304162 0.277550
v -0.172328 0.828159 0.338569
v -0.230534 1.338193 0.274057
v -0.236119 1.397754 0.125895
v -0.172312 1.201644 0.338547
v -0.172320 1.278280 0.327120
v -0.209772 0.828161 0.210089
v -0.127908 1.375378 0.203621
v -0.237852 1.320580 0.194943
v -0.156294 1.405430 0.122186
v -0.234411 1.178038 0.208745
v -0.254441 0.828149 0.148930
v -0.254953 1.094507 0.147815
v -0.089916 1.380963 0.226078
v -0.235895 1.295740 0.196747
v -0.157774 0.828160 0.253381
v -0.218921 1.368468 0.117406
v -0.157795 1.199436 0.253419
v -0.163681 1.325062 0.216509
v -0.158141 1.304960 0.238121
v -0.196291 1.321811 0.308545
v -0.159133 1.338772 0.314507
v -0.134407 1.329587 0.320479
v -0.126798 1.353012 0.221293
v -0.081840 1.336438 0.238807
v -0.181313 1.447577 0.139642
v -0.150616 1.388505 0.291361
v -0.238174 1.351319 0.282495
v -0.243759 1.410881 0.134332
v -0.203931 1.334938 0.316983
v -0.166774 1.351899 0.322944
v -0.092926 1.363806 0.313432
v -0.261185 0.828158 -0.255234
v -0.142976 1.375378 -0.250823
v -0.173672 1.434451 -0.131204
v -0.260234 1.179188 -0.256202
v -0.312564 0.828136 -0.183693
v -0.312037 1.060684 -0.184836
v -0.089916 1.380963 -0.273424
v -0.232736 1.304162 -0.245450
v -0.172328 0.828159 -0.306468
v -0.230534 1.338193 -0.241957
v -0.236119 1.397754 -0.125895
v -0.172312 1.201644 -0.306446
v -0.172320 1.278280 -0.295020
v -0.340143 0.828122 0.000000
v -0.173559 1.449374 0.000000
v -0.340143 1.040459 0.000000
v -0.236289 1.412528 0.000000
v -0.209772 0.828161 -0.210089
v -0.127908 1.375378 -0.203621
v -0.237852 1.320580 -0.194943
v -0.156294 1.405430 -0.122186
v -0.234411 1.178038 -0.208745
v -0.254441 0.828149 -0.148930
v -0.254953 1.094507 -0.147815
v -0.089916 1.380963 -0.226078
v -0.235895 1.295740 -0.196747
v -0.157774 0.828160 -0.253381
v -0.218921 1.368468 -0.117406
v -0.157795 1.199436 -0.253419
v -0.163681 1.325062 -0.216509
v -0.158141 1.304960 -0.238121
v -0.279312 0.828140 0.000000
v -0.155697 1.419264 0.000000
v -0.218434 1.382413 0.000000
v -0.279312 1.075119 0.000000
v -0.196291 1.321811 -0.276444
v -0.159133 1.338772 -0.282406
v -0.134407 1.329587 -0.288378
v -0.126798 1.353012 -0.221293
v -0.081840 1.336438 -0.238807
v -0.181313 1.447577 -0.139642
v -0.150616 1.388505 -0.237988
v -0.181199 1.462501 0.000000
v -0.238174 1.351319 -0.229122
v -0.243759 1.410881 -0.134332
v -0.243930 1.425655 0.000000
v -0.203931 1.334938 -0.263609
v -0.166774 1.351899 -0.269571
v -0.092926 1.363806 -0.281331
v -0.097028 0.844467 0.469702
v -0.073190 0.844467 0.342633
v -0.073190 1.163628 0.342633
v -0.239106 0.844467 0.425788
v -0.215269 0.844467 0.298719
v -0.215269 1.163628 0.298719
v -0.073190 0.967378 0.342633
v -0.215269 0.967378 0.298719
v -0.073190 0.983078 0.342633
v -0.215269 0.983078 0.298719
v -0.101838 0.975093 0.488856
v -0.095250 1.164154 0.464638
v -0.237328 1.164154 0.420725
v -0.243917 0.975093 0.444943
v -0.239106 0.967378 0.425788
v -0.097028 0.967378 0.469702
v -0.070606 0.844467 0.473302
v -0.070606 0.844467 0.342633
v -0.070606 1.163628 0.342633
v -0.070606 0.967378 0.342633
v -0.070606 0.983078 0.342633
v -0.070606 1.164154 0.467940
v -0.070606 0.975093 0.493022
v -0.070606 0.967378 0.473302
v -0.059557 1.725104 0.296395
v -0.059557 1.897992 0.251144
v -0.059557 1.728511 0.247232
v -0.059557 1.887143 0.206632
v -0.059557 1.694292 0.280124
v -0.059557 1.722079 0.246002
v -0.059557 1.684121 0.160893
v -0.059557 1.711341 0.159479
v -0.173420 1.923019 -0.082426
v -0.130782 1.891253 0.197811
v -0.188629 1.932845 0.027216
v -0.188662 1.903999 -0.168913
v -0.126296 1.985674 0.058395
v -0.126296 1.979276 -0.099702
v -0.130782 1.818144 0.235640
v -0.221474 1.857123 0.120045
v -0.247553 1.854267 0.003088
v -0.223098 1.853155 -0.078675
v -0.218922 1.795743 0.147082
v -0.245653 1.779163 0.065111
v -0.245653 1.789732 -0.000655
v -0.233614 1.788223 -0.083447
v -0.190678 1.773441 -0.239623
v -0.228581 1.722154 -0.163836
v -0.247457 1.752052 0.096842
v -0.130782 1.781409 0.244443
v -0.223755 1.669337 -0.165364
v -0.190719 1.683018 -0.249504
v -0.218425 1.765613 0.154722
v -0.247180 1.718599 0.104604
v -0.130782 1.751275 0.250756
v -0.223991 1.627501 -0.164742
v -0.244239 1.709250 0.107230
v -0.194428 1.642226 -0.259689
v -0.217697 1.737203 0.156876
v -0.153356 1.614258 -0.202764
v -0.120988 1.703338 0.183981
v -0.148109 1.845106 -0.163249
v -0.098887 1.856395 0.160030
v -0.166086 1.866652 -0.053432
v -0.084264 1.920074 -0.023174
v -0.068613 1.920074 0.075547
v -0.068613 1.920074 -0.074525
v -0.173111 1.698779 0.147178
v -0.189984 1.601488 -0.150539
v -0.207034 1.719020 0.108664
v -0.189543 1.627501 -0.151699
v -0.210712 1.719485 0.108167
v -0.172613 1.790676 0.136210
v -0.208724 1.692955 0.106061
v -0.153182 1.734700 -0.195152
v -0.189307 1.669337 -0.152322
v -0.210619 1.752052 0.096842
v -0.152914 1.673348 -0.200360
v -0.194133 1.722154 -0.150794
v -0.218336 1.788223 -0.077816
v -0.229941 1.789732 -0.000655
v -0.156235 1.648065 -0.206378
v -0.229941 1.779163 0.065111
v -0.224431 1.601488 -0.163581
v -0.186135 1.607062 -0.254466
v -0.212441 1.701724 0.155774
v -0.130782 1.713474 0.249778
v -0.245337 1.699383 0.109566
v -0.189472 1.907803 0.099124
v -0.126296 1.940681 0.139303
v -0.125715 1.689339 -0.280018
v -0.128730 1.649513 -0.282295
v -0.122832 1.776340 -0.273114
v -0.079151 1.620906 -0.214315
v -0.035414 1.920074 -0.081909
v -0.080059 1.848385 -0.177726
v -0.078923 1.679036 -0.213702
v -0.080637 1.654540 -0.218662
v -0.077641 1.768136 -0.211385
v -0.128730 1.616354 -0.278812
v -0.126296 1.933859 -0.189190
v -0.189670 1.848806 -0.223693
v -0.122832 1.858028 -0.253767
v -0.237044 1.760292 -0.152575
v -0.200017 1.843796 -0.121090
v -0.202596 1.760292 -0.139532
v -0.086649 1.920074 0.026187
v -0.121287 1.859814 0.088876
v -0.143686 1.863233 0.017722
v -0.064656 1.854957 0.166078
v -0.099916 1.801757 0.188866
v -0.241042 1.753497 0.027273
v -0.208227 1.773290 0.035844
v -0.208227 1.728732 0.080364
v -0.208227 1.667866 0.096660
v -0.278558 1.618756 0.079519
v -0.241042 1.753497 -0.077218
v -0.248457 1.717124 -0.115464
v -0.258587 1.667436 -0.129463
v -0.258587 1.667436 0.079519
v -0.208227 1.667866 -0.146604
v -0.208227 1.728732 -0.130309
v -0.208227 1.773290 -0.085788
v -0.208227 1.607260 0.096660
v -0.208227 1.546393 0.080364
v -0.208227 1.501836 0.035844
v -0.248457 1.717124 0.065520
v -0.208227 1.501836 -0.085788
v -0.208227 1.546393 -0.130309
v -0.208227 1.607260 -0.146604
v -0.260975 1.559242 0.065520
v -0.260975 1.520963 0.027273
v -0.260975 1.520963 -0.077218
v -0.260975 1.559242 -0.115464
v -0.278558 1.618756 -0.129463
v -0.251163 1.703851 0.006020
v -0.278505 1.618969 0.037013
v -0.251163 1.703851 -0.055965
v -0.255868 1.680774 -0.078653
v -0.262147 1.649975 -0.086957
v -0.262147 1.649975 0.037013
v -0.255868 1.680774 0.028708
v -0.292804 1.591167 0.028708
v -0.287891 1.568998 0.006020
v -0.287891 1.568998 -0.055965
v -0.292804 1.591167 -0.078653
v -0.278505 1.618969 -0.086957
v -0.281494 1.758561 0.061919
v -0.281623 1.771774 -0.001746
v -0.282445 1.771479 -0.082731
v -0.275814 1.713598 -0.144565
v -0.279233 1.739873 0.082327
v -0.269218 1.662293 -0.155881
v -0.274129 1.709010 0.094427
v -0.260923 1.611911 -0.156446
v -0.273211 1.699474 0.097435
v -0.268627 1.681100 0.103645
v -0.279625 1.728141 -0.137111
v -0.259322 1.879001 0.066661
v -0.264134 1.892028 -0.001018
v -0.250518 1.888722 -0.084278
v -0.228829 1.750080 -0.233553
v -0.250817 1.841306 0.130146
v -0.221549 1.676191 -0.234209
v -0.242281 1.777138 0.160542
v -0.217917 1.621595 -0.225202
v -0.238333 1.737203 0.167747
v -0.236394 1.713103 0.170414
v -0.239891 1.836133 -0.193073
v -0.123324 1.209811 0.321074
v -0.139417 1.226068 0.315700
v -0.131499 1.211988 0.319802
v -0.137390 1.217939 0.317835
v -0.137317 1.323260 0.292601
v -0.120520 1.339520 0.290246
v -0.134938 1.331390 0.290871
v -0.128790 1.337341 0.290009
v -0.128279 1.218207 0.376405
v -0.144204 1.234135 0.368339
v -0.136370 1.220192 0.373793
v -0.142199 1.226022 0.370841
v -0.142106 1.331175 0.345275
v -0.125475 1.347916 0.345577
v -0.139749 1.339397 0.343895
v -0.133662 1.345524 0.344005
v 0.200000 0.038505 0.700000
v 0.200000 0.300000 0.700000
v 0.200000 0.038505 0.200000
v 0.200000 0.300000 0.200000
v 0.700000 0.038505 0.200000
v 0.700000 0.300000 0.200000
v 0.200000 0.038505 0.200000
v 0.200000 0.300000 0.200000
v -0.005828 0.038505 0.700000
v -0.005828 0.300000 0.700000
v -0.005828 0.300000 0.011138
v -0.005828 0.038505 0.011138
v 0.700000 0.038505 0.011138
v 0.700000 0.300000 0.011138
v -0.005828 0.300000 0.011138
v -0.005828 0.038505 0.011138
v -0.211656 0.038505 0.700000
v -0.211656 0.300000 0.700000
v -0.211656 0.038505 0.200000
v -0.211656 0.300000 0.200000
v -0.711656 0.038505 0.200000
v -0.711656 0.300000 0.200000
v -0.211656 0.038505 0.200000
v -0.211656 0.300000 0.200000
v -0.711656 0.038505 0.011138
v -0.711656 0.300000 0.011138
v 0.200000 0.038505 -0.677723
v 0.200000 0.300000 -0.677723
v 0.200000 0.038505 -0.177723
v 0.200000 0.300000 -0.177723
v 0.700000 0.038505 -0.177723
v 0.700000 0.300000 -0.177723
v 0.200000 0.038505 -0.177723
v 0.200000 0.300000 -0.177723
v -0.005828 0.038505 -0.677723
v -0.005828 0.300000 -0.677723
v -0.211656 0.038505 -0.677723
v -0.211656 0.300000 -0.677723
v -0.211656 0.038505 -0.177723
v -0.211656 0.300000 -0.177723
v -0.711656 0.038505 -0.177723
v -0.711656 0.300000 -0.177723
v -0.211656 0.038505 -0.177723
v -0.211656 0.300000 -0.177723
v 0.000000 0.123155 -0.800000
v 0.000000 0.161923 -0.768835
v 0.000000 0.142539 -0.795825
v 0.000000 0.156729 -0.784418
v 0.000000 0.161923 0.768835
v 0.000000 0.123155 0.800000
v 0.000000 0.156729 0.784418
v 0.000000 0.142539 0.795825
v 0.149992 0.161923 0.754062
v 0.156072 0.123155 0.784628
v 0.153032 0.156729 0.769345
v 0.155258 0.142539 0.780533
v 0.294220 0.161923 0.710311
v 0.306147 0.123155 0.739104
v 0.300184 0.156729 0.724707
v 0.304549 0.142539 0.735246
v 0.427142 0.161923 0.639263
v 0.444456 0.123155 0.665176
v 0.435799 0.156729 0.652219
v 0.442136 0.142539 0.661704
v 0.543648 0.161923 0.543649
v 0.565685 0.123155 0.565685
v 0.554667 0.156729 0.554667
v 0.562733 0.142539 0.562733
v 0.639263 0.161923 0.427142
v 0.665176 0.123155 0.444456
v 0.652219 0.156729 0.435799
v 0.661704 0.142539 0.442137
v 0.710311 0.161923 0.294220
v 0.739103 0.123155 0.306147
v 0.724707 0.156729 0.300184
v 0.735246 0.142539 0.304549
v 0.754062 0.161923 0.149992
v 0.784628 0.123155 0.156072
v 0.769345 0.156729 0.153032
v 0.780533 0.142539 0.155258
v 0.768835 0.161923 -0.000000
v 0.800000 0.123155 -0.000000
v 0.784417 0.156729 -0.000000
v 0.795825 0.142539 -0.000000
v 0.754062 0.161923 -0.149992
v 0.784628 0.123155 -0.156072
v 0.769345 0.156729 -0.153032
v 0.780533 0.142539 -0.155258
v 0.710311 0.161923 -0.294220
v 0.739103 0.123155 -0.306147
v 0.724707 0.156729 -0.300184
v 0.735246 0.142539 -0.304549
v 0.639263 0.161923 -0.427142
v 0.665176 0.123155 -0.444456
v 0.652219 0.156729 -0.435799
v 0.661704 0.142539 -0.442137
v 0.543648 0.161923 -0.543649
v 0.565685 0.123155 -0.565685
v 0.554667 0.156729 -0.554667
v 0.562733 0.142539 -0.562733
v 0.427142 0.161923 -0.639263
v 0.444456 0.123155 -0.665176
v 0.435799 0.156729 -0.652219
v 0.442136 0.142539 -0.661704
v 0.294220 0.161923 -0.710311
v 0.306147 0.123155 -0.739104
v 0.300184 0.156729 -0.724707
v 0.304549 0.142539 -0.735246
v 0.149992 0.161923 -0.754062
v 0.156072 0.123155 -0.784628
v 0.153032 0.156729 -0.769345
v 0.155258 0.142539 -0.780533
v 0.000000 -0.001878 -0.790430
v 0.000000 0.007646 -0.800000
v 0.000000 -0.000602 -0.795215
v 0.000000 0.002884 -0.798718
v 0.000000 0.007646 0.800000
v 0.000000 -0.001878 0.790430
v 0.000000 0.002884 0.798718
v 0.000000 -0.000602 0.795215
v 0.156072 0.007646 0.784628
v 0.154205 -0.001878 0.775242
v 0.155822 0.002884 0.783371
v 0.155139 -0.000602 0.779935
v 0.306147 0.007646 0.739104
v 0.302484 -0.001878 0.730262
v 0.305656 0.002884 0.737919
v 0.304315 -0.000602 0.734683
v 0.444456 0.007646 0.665176
v 0.439139 -0.001878 0.657218
v 0.443744 0.002884 0.664110
v 0.441798 -0.000602 0.661197
v 0.565685 0.007646 0.565685
v 0.558918 -0.001878 0.558918
v 0.564779 0.002884 0.564779
v 0.562302 -0.000602 0.562302
v 0.665176 0.007646 0.444456
v 0.657218 -0.001878 0.439139
v 0.664109 0.002884 0.443744
v 0.661197 -0.000602 0.441798
v 0.739103 0.007646 0.306147
v 0.730262 -0.001878 0.302484
v 0.737919 0.002884 0.305656
v 0.734683 -0.000602 0.304315
v 0.784628 0.007646 0.156072
v 0.775242 -0.001878 0.154205
v 0.783371 0.002884 0.155822
v 0.779935 -0.000602 0.155139
v 0.800000 0.007646 -0.000000
v 0.790429 -0.001878 -0.000000
v 0.798718 0.002884 -0.000000
v 0.795215 -0.000602 -0.000000
v 0.784628 0.007646 -0.156072
v 0.775242 -0.001878 -0.154205
v 0.783371 0.002884 -0.155822
v 0.779935 -0.000602 -0.155139
v 0.739103 0.007646 -0.306147
v 0.730262 -0.001878 -0.302484
v 0.737919 0.002884 -0.305656
v 0.734683 -0.000602 -0.304315
v 0.665176 0.007646 -0.444456
v 0.657218 -0.001878 -0.439139
v 0.664109 0.002884 -0.443744
v 0.661197 -0.000602 -0.441798
v 0.565685 0.007646 -0.565685
v 0.558918 -0.001878 -0.558918
v 0.564779 0.002884 -0.564779
v 0.562302 -0.000602 -0.562302
v 0.444456 0.007646 -0.665176
v 0.439139 -0.001878 -0.657218
v 0.443744 0.002884 -0.664110
v 0.441798 -0.000602 -0.661197
v 0.306147 0.007646 -0.739104
v 0.302484 -0.001878 -0.730262
v 0.305656 0.002884 -0.737919
v 0.304315 -0.000602 -0.734683
v 0.156072 0.007646 -0.784628
v 0.154205 -0.001878 -0.775242
v 0.155822 0.002884 -0.783371
v 0.155139 -0.000602 -0.779935
v -0.149992 0.161923 0.754062
v -0.156072 0.123155 0.784628
v -0.153032 0.156729 0.769345
v -0.155258 0.142539 0.780533
v -0.294220 0.161923 0.710311
v -0.306147 0.123155 0.739104
v -0.300184 0.156729 0.724707
v -0.304549 0.142539 0.735246
v -0.427142 0.161923 0.639263
v -0.444456 0.123155 0.665176
v -0.435799 0.156729 0.652219
v -0.442136 0.142539 0.661704
v -0.543648 0.161923 0.543649
v -0.565685 0.123155 0.565685
v -0.554667 0.156729 0.554667
v -0.562733 0.142539 0.562733
v -0.639263 0.161923 0.427142
v -0.665176 0.123155 0.444456
v -0.652219 0.156729 0.435799
v -0.661704 0.142539 0.442137
v -0.710311 0.161923 0.294220
v -0.739103 0.123155 0.306147
v -0.724707 0.156729 0.300184
v -0.735246 0.142539 0.304549
v -0.754062 0.161923 0.149992
v -0.784628 0.123155 0.156072
v -0.769345 0.156729 0.153032
v -0.780533 0.142539 0.155258
v -0.768835 0.161923 -0.000000
v -0.800000 0.123155 -0.000000
v -0.784417 0.156729 -0.000000
v -0.795825 0.142539 -0.000000
v -0.754062 0.161923 -0.149992
v -0.784628 0.123155 -0.156072
v -0.769345 0.156729 -0.153032
v -0.780533 0.142539 -0.155258
v -0.710311 0.161923 -0.294220
v -0.739103 0.123155 -0.306147
v -0.724707 0.156729 -0.300184
v -0.735246 0.142539 -0.304549
v -0.639263 0.161923 -0.427142
v -0.665176 0.123155 -0.444456
v -0.652219 0.156729 -0.435799
v -0.661704 0.142539 -0.442137
v -0.543648 0.161923 -0.543649
v -0.565685 0.123155 -0.565685
v -0.554667 0.156729 -0.554667
v -0.562733 0.142539 -0.562733
v -0.427142 0.161923 -0.639263
v -0.444456 0.123155 -0.665176
v -0.435799 0.156729 -0.652219
v -0.442136 0.142539 -0.661704
v -0.294220 0.161923 -0.710311
v -0.306147 0.123155 -0.739104
v -0.300184 0.156729 -0.724707
v -0.304549 0.142539 -0.735246
v -0.149992 0.161923 -0.754062
v -0.156072 0.123155 -0.784628
v -0.153032 0.156729 -0.769345
v -0.155258 0.142539 -0.780533
v -0.156072 0.007646 0.784628
v -0.154205 -0.001878 0.775242
v -0.155822 0.002884 0.783371
v -0.155139 -0.000602 0.779935
v -0.306147 0.007646 0.739104
v -0.302484 -0.001878 0.730262
v -0.305656 0.002884 0.737919
v -0.304315 -0.000602 0.734683
v -0.444456 0.007646 0.665176
v -0.439139 -0.001878 0.657218
v -0.443744 0.002884 0.664110
v -0.441798 -0.000602 0.661197
v -0.565685 0.007646 0.565685
v -0.558918 -0.001878 0.558918
v -0.564779 0.002884 0.564779
v -0.562302 -0.000602 0.562302
v -0.665176 0.007646 0.444456
v -0.657218 -0.001878 0.439139
v -0.664109 0.002884 0.443744
v -0.661197 -0.000602 0.441798
v -0.739103 0.007646 0.306147
v -0.730262 -0.001878 0.302484
v -0.737919 0.002884 0.305656
v -0.734683 -0.000602 0.304315
v -0.784628 0.007646 0.156072
v -0.775242 -0.001878 0.154205
v -0.783371 0.002884 0.155822
v -0.779935 -0.000602 0.155139
v -0.800000 0.007646 -0.000000
v -0.790429 -0.001878 -0.000000
v -0.798718 0.002884 -0.000000
v -0.795215 -0.000602 -0.000000
v -0.784628 0.007646 -0.156072
v -0.775242 -0.001878 -0.154205
v -0.783371 0.002884 -0.155822
v -0.779935 -0.000602 -0.155139
v -0.739103 0.007646 -0.306147
v -0.730262 -0.001878 -0.302484
v -0.737919 0.002884 -0.305656
v -0.734683 -0.000602 -0.304315
v -0.665176 0.007646 -0.444456
v -0.657218 -0.001878 -0.439139
v -0.664109 0.002884 -0.443744
v -0.661197 -0.000602 -0.441798
v -0.565685 0.007646 -0.565685
v -0.558918 -0.001878 -0.558918
v -0.564779 0.002884 -0.564779
v -0.562302 -0.000602 -0.562302
v -0.444456 0.007646 -0.665176
v -0.439139 -0.001878 -0.657218
v -0.443744 0.002884 -0.664110
v -0.441798 -0.000602 -0.661197
v -0.306147 0.007646 -0.739104
v -0.302484 -0.001878 -0.730262
v -0.305656 0.002884 -0.737919
v -0.304315 -0.000602 -0.734683
v -0.156072 0.007646 -0.784628
v -0.154205 -0.001878 -0.775242
v -0.155822 0.002884 -0.783371
v -0.155139 -0.000602 -0.779935
v -0.101401 0.530726 1.121742
v -0.117293 0.527679 1.122517
v -0.131229 0.520011 1.119449
v -0.141089 0.508888 1.113005
v -0.145369 0.496005 1.104166
v -0.143420 0.483322 1.094278
v -0.135538 0.472770 1.084846
v -0.122922 0.465956 1.077306
v -0.107494 0.463917 1.072806
v -0.091602 0.466963 1.072031
v -0.077665 0.474631 1.075099
v -0.067806 0.485754 1.081543
v -0.063525 0.498638 1.090382
v -0.065474 0.511321 1.100270
v -0.073357 0.521873 1.109702
v -0.085973 0.528687 1.117242
v -0.296159 1.297350 0.111793
v -0.314851 1.293766 0.112705
v -0.331243 1.284747 0.109096
v -0.342839 1.271665 0.101517
v -0.347874 1.256511 0.091120
v -0.345582 1.241593 0.079490
v -0.336310 1.229182 0.068396
v -0.321472 1.221167 0.059527
v -0.303325 1.218769 0.054234
v -0.284633 1.222352 0.053323
v -0.268241 1.231372 0.056931
v -0.256645 1.244454 0.064511
v -0.251610 1.259608 0.074907
v -0.253902 1.274525 0.086538
v -0.263173 1.286937 0.097632
v -0.278012 1.294951 0.106500
v -0.321855 1.305519 0.148906
v -0.290620 1.311506 0.147383
v -0.349247 1.290447 0.142876
v -0.368625 1.268586 0.130210
v -0.377039 1.243263 0.112838
v -0.373208 1.218335 0.093402
v -0.357715 1.197595 0.074864
v -0.332919 1.184202 0.060044
v -0.302595 1.180195 0.051199
v -0.271360 1.186182 0.049676
v -0.243968 1.201254 0.055706
v -0.224590 1.223115 0.068372
v -0.216177 1.248438 0.085745
v -0.220008 1.273366 0.105180
v -0.235500 1.294106 0.123718
v -0.260296 1.307499 0.138538
v -0.321527 1.396167 -0.019956
v -0.340219 1.392584 -0.019045
v -0.356611 1.383565 -0.022653
v -0.368207 1.370482 -0.030233
v -0.373242 1.355329 -0.040629
v -0.370950 1.340411 -0.052260
v -0.361678 1.328000 -0.063354
v -0.346840 1.319985 -0.072222
v -0.328693 1.317587 -0.077515
v -0.310001 1.321170 -0.078427
v -0.293609 1.330189 -0.074818
v -0.282013 1.343271 -0.067238
v -0.276978 1.358425 -0.056842
v -0.279270 1.373343 -0.045212
v -0.288542 1.385754 -0.034118
v -0.303380 1.393769 -0.025249
v -0.272838 0.838793 0.527382
v -0.258346 0.997702 0.643780
v -0.354538 1.157041 0.103076
v -0.340045 1.315950 0.219474
v -0.153498 0.842632 0.507283
v -0.139006 1.001541 0.623681
v -0.235198 1.160880 0.082976
v -0.220706 1.319789 0.199374
v -0.280236 0.757678 0.467967
v -0.346373 1.015307 0.124481
v -0.160896 0.761517 0.447867
v -0.227034 1.019145 0.104382
v -0.330644 1.063969 0.227165
v -0.316152 1.222878 0.343563
v -0.211305 1.067808 0.207066
v -0.196813 1.226717 0.323464
v -0.338042 0.982854 0.167750
v -0.218702 0.986693 0.147650
v -0.311161 0.988076 0.328349
v -0.177330 1.150824 0.424648
v -0.318559 0.906961 0.268934
v -0.296669 1.146985 0.444747
v -0.191822 0.991915 0.308250
v -0.199220 0.910800 0.248834
v -0.291127 0.638258 0.380494
v -0.171787 0.642097 0.360395
v -0.329450 0.787542 0.181461
v -0.210110 0.791380 0.161362
v -0.295176 0.477102 0.325671
v -0.175836 0.480941 0.305572
v -0.337670 0.535390 0.084497
v -0.218330 0.539228 0.064398
v -0.175363 0.580049 0.327313
v -0.216316 0.670142 0.101358
v -0.335656 0.666304 0.121458
v -0.294702 0.576210 0.347413
v -0.381853 0.992233 -0.147227
v -0.281048 0.995475 -0.164205
v -0.368206 0.897802 -0.084573
v -0.267512 0.901041 -0.101532
v -0.360507 1.180292 0.072076
v -0.346014 1.339201 0.188474
v -0.241167 1.184131 0.051977
v -0.226675 1.343040 0.168375
v -0.347457 1.138500 0.081598
v -0.338522 1.019593 0.095470
v -0.247743 1.141707 0.064804
v -0.244197 1.022627 0.079583
v -0.385148 1.283913 -0.054440
v -0.375793 1.386492 0.020697
v -0.265808 1.287751 -0.074540
v -0.256453 1.390330 0.000598
v -0.419486 1.332423 -0.249056
v -0.404394 1.497904 -0.127844
v -0.300146 1.336262 -0.269155
v -0.285055 1.501742 -0.147943
v -0.171087 1.035782 0.804444
v -0.196936 1.030827 0.805704
v -0.219603 1.018355 0.800714
v -0.235639 1.000264 0.790233
v -0.242602 0.979309 0.775856
v -0.239432 0.958679 0.759773
v -0.226611 0.941517 0.744431
v -0.206092 0.930433 0.732168
v -0.180997 0.927117 0.724848
v -0.155149 0.932072 0.723588
v -0.132481 0.944545 0.728578
v -0.116445 0.962636 0.739059
v -0.109482 0.983591 0.753436
v -0.112653 1.004220 0.769519
v -0.125474 1.021383 0.784860
v -0.145993 1.032466 0.797124
v -0.267634 1.427697 0.306055
v -0.299040 1.421676 0.307586
v -0.326582 1.406522 0.301523
v -0.346066 1.384541 0.288788
v -0.354526 1.359079 0.271320
v -0.350674 1.334014 0.251779
v -0.335096 1.313161 0.233138
v -0.310165 1.299695 0.218237
v -0.279675 1.295665 0.209344
v -0.248268 1.301686 0.207813
v -0.220726 1.316840 0.213876
v -0.201242 1.338821 0.226611
v -0.192782 1.364282 0.244079
v -0.196634 1.389348 0.263621
v -0.212212 1.410201 0.282261
v -0.237144 1.423667 0.297162
v -0.125885 0.547985 1.139402
v -0.099363 0.553069 1.138109
v -0.149143 0.535188 1.134282
v -0.165597 0.516626 1.123528
v -0.172741 0.495124 1.108776
v -0.169488 0.473958 1.092274
v -0.156333 0.456348 1.076533
v -0.135279 0.444976 1.063950
v -0.109532 0.441573 1.056440
v -0.083010 0.446657 1.055146
v -0.059751 0.459455 1.060266
v -0.043298 0.478017 1.071021
v -0.036153 0.499518 1.085772
v -0.039406 0.520685 1.102274
v -0.052561 0.538295 1.118015
v -0.073615 0.549667 1.130599
v -0.040985 0.518337 1.060681
v -0.048129 0.496836 1.045930
v -0.174319 0.492777 1.067183
v -0.177572 0.513943 1.083686
v -0.044238 0.539504 1.077184
v -0.161165 0.475167 1.051442
v -0.057392 0.557114 1.092925
v -0.140111 0.463795 1.038859
v -0.078446 0.568486 1.105508
v -0.114363 0.460392 1.031349
v -0.130716 0.566804 1.114311
v -0.104194 0.571888 1.113018
v -0.087841 0.465476 1.030056
v -0.153975 0.554007 1.109191
v -0.064583 0.478274 1.035176
v -0.170428 0.535445 1.098437
v -0.176788 1.057988 0.774838
v -0.202636 1.053033 0.776099
v -0.151694 1.054671 0.767519
v -0.186698 0.949322 0.695243
v -0.160849 0.954278 0.693982
v -0.225304 1.040560 0.771109
v -0.138182 0.966750 0.698972
v -0.241340 1.022469 0.760627
v -0.122146 0.984841 0.709454
v -0.248303 1.001514 0.746251
v -0.115183 1.005796 0.723830
v -0.245132 0.980885 0.730167
v -0.118353 1.026425 0.739914
v -0.232312 0.963722 0.714826
v -0.131174 1.043588 0.755255
v -0.211792 0.952639 0.702562
v -0.260691 1.400651 0.342113
v -0.230201 1.396622 0.333220
v -0.272732 1.268620 0.245402
v -0.292097 1.394631 0.343645
v -0.241325 1.274641 0.243871
v -0.319639 1.379476 0.337581
v -0.213783 1.289795 0.249934
v -0.339123 1.357495 0.324846
v -0.194299 1.311776 0.262669
v -0.347583 1.332034 0.307378
v -0.185839 1.337237 0.280137
v -0.343731 1.306969 0.287837
v -0.189691 1.362302 0.299679
v -0.328153 1.286116 0.269197
v -0.205269 1.383155 0.318319
v -0.303222 1.272650 0.254296
v -0.157158 0.722996 0.431762
v -0.286623 0.718832 0.453567
v -0.328198 0.880781 0.237647
v -0.198733 0.884945 0.215842
v -0.284446 0.711506 0.434147
v -0.281603 0.742688 0.456986
v -0.162263 0.746526 0.436887
v -0.165107 0.715345 0.414047
v -0.200587 0.895810 0.237854
v -0.203430 0.864628 0.215015
v -0.322770 0.860789 0.235114
v -0.319926 0.891971 0.257954
v -0.262260 1.285288 0.466442
v -0.220473 1.186533 0.384326
v -0.284928 1.272815 0.461452
v -0.197806 1.199005 0.389316
v -0.300964 1.254725 0.450971
v -0.181770 1.217096 0.399797
v -0.307927 1.233769 0.436594
v -0.174807 1.238051 0.414174
v -0.304756 1.213140 0.420511
v -0.177977 1.258681 0.430257
v -0.291935 1.195977 0.405170
v -0.190798 1.275843 0.445599
v -0.271416 1.184894 0.392906
v -0.236412 1.290243 0.465182
v -0.211318 1.286927 0.457863
v -0.246322 1.181578 0.385586
v -0.236881 1.307906 0.465767
v -0.206391 1.303876 0.456874
v -0.248922 1.175874 0.369057
v -0.268288 1.301885 0.467299
v -0.217516 1.181895 0.367525
v -0.295830 1.286731 0.461235
v -0.189974 1.197049 0.373588
v -0.315314 1.264750 0.448500
v -0.170490 1.219030 0.386323
v -0.323774 1.239289 0.431032
v -0.162030 1.244491 0.403791
v -0.319922 1.214224 0.411491
v -0.165882 1.269557 0.423333
v -0.304344 1.193370 0.392851
v -0.181459 1.290410 0.441973
v -0.279412 1.179904 0.377950
v -0.254287 1.254231 0.507849
v -0.212500 1.155476 0.425733
v -0.276955 1.241759 0.502859
v -0.189833 1.167948 0.430723
v -0.292991 1.223668 0.492378
v -0.173797 1.186039 0.441204
v -0.299954 1.202713 0.478001
v -0.166834 1.206995 0.455581
v -0.296783 1.182083 0.461918
v -0.170004 1.227624 0.471664
v -0.283963 1.164921 0.446577
v -0.182825 1.244787 0.487006
v -0.263443 1.153837 0.434313
v -0.228439 1.259186 0.506589
v -0.203345 1.255870 0.499269
v -0.238349 1.150521 0.426993
v -0.127213 0.901896 0.547775
v -0.284245 0.871793 0.555432
v -0.131044 0.926824 0.567210
v -0.268752 0.851053 0.536894
v -0.146537 0.947564 0.585749
v -0.243956 0.837660 0.522074
v -0.171333 0.960957 0.600568
v -0.213632 0.833652 0.513229
v -0.232892 0.958977 0.610936
v -0.182397 0.839640 0.511706
v -0.260284 0.943905 0.604906
v -0.155005 0.854712 0.517736
v -0.279662 0.922044 0.592240
v -0.135627 0.876573 0.530402
v -0.288076 0.896721 0.574868
v -0.201657 0.964964 0.609413
v -0.138599 0.849247 0.576074
v -0.268043 0.866355 0.613830
v -0.194664 0.924300 0.643162
v -0.131455 0.870749 0.590826
v -0.264790 0.845188 0.597328
v -0.134708 0.891915 0.607328
v -0.251635 0.827578 0.581587
v -0.147863 0.909525 0.623069
v -0.230581 0.816206 0.569003
v -0.168917 0.920897 0.635652
v -0.204833 0.812804 0.561493
v -0.221186 0.919216 0.644456
v -0.178311 0.817888 0.560200
v -0.244445 0.906418 0.639336
v -0.155053 0.830685 0.565320
v -0.260898 0.887856 0.628581
v -0.260450 1.259277 0.044748
v -0.272046 1.246194 0.037169
v -0.351679 1.271334 0.071358
v -0.346644 1.286487 0.081754
v -0.255415 1.274430 0.055145
v -0.349387 1.256416 0.059727
v -0.257707 1.289348 0.066775
v -0.340116 1.244005 0.048633
v -0.266979 1.301759 0.077869
v -0.325277 1.235990 0.039765
v -0.281817 1.309774 0.086738
v -0.307130 1.233592 0.034472
v -0.318656 1.308589 0.092942
v -0.299964 1.312172 0.092031
v -0.288438 1.237175 0.033560
v -0.335048 1.299570 0.089334
vn 0.9493 -0.2401 -0.2030
vn 0.6993 0.1479 -0.6993
vn 0.9673 0.1794 -0.1794
vn 0.1794 -0.9673 -0.1794
vn 0.5774 -0.5774 -0.5774
vn 0.6993 -0.6993 -0.1479
vn 0.1794 -0.1794 -0.9673
vn 0.1479 -0.6993 -0.6993
vn 0.9673 -0.1794 -0.1794
vn 0.6993 -0.1479 -0.6993
vn 0.1794 0.9673 -0.1794
vn 0.5774 0.5773 -0.5774
vn 0.1479 0.6993 -0.6993
vn 0.6993 0.6993 -0.1479
vn 0.1794 0.1794 -0.9673
vn -0.0000 0.1951 -0.9808
vn 0.1980 -0.2585 -0.9455
vn -0.0000 -0.2438 -0.9698
vn -0.0000 0.7071 -0.7071
vn -0.0000 0.9808 -0.1951
vn 0.9759 -0.2183 -0.0000
vn 0.7071 -0.7071 -0.0000
vn 0.1951 -0.9808 -0.0000
vn 0.9808 -0.1951 -0.0000
vn 0.1951 0.9808 -0.0000
vn 0.7071 0.7071 -0.0000
vn -0.0000 -1.0000 -0.0000
vn -0.0000 -0.9808 -0.1951
vn 0.6783 0.2696 -0.6835
vn 0.1980 0.2585 -0.9455
vn 0.9493 0.2401 -0.2030
vn 0.5986 0.5494 -0.5829
vn 0.5986 -0.5494 -0.5829
vn 0.6783 -0.2696 -0.6835
vn 0.8750 0.4634 -0.1401
vn 0.8750 -0.4634 -0.1401
vn 0.1451 -0.5064 -0.8500
vn -0.0000 -0.4729 -0.8811
vn 0.1451 0.5064 -0.8500
vn -0.0000 0.2438 -0.9698
vn -0.0000 0.4729 -0.8811
vn 0.9759 0.2183 -0.0000
vn -0.0000 -0.1951 -0.9808
vn -0.0000 -0.0000 1.0000
vn -0.0000 -0.0321 0.9995
vn -0.0000 -0.0240 0.9997
vn -0.0000 0.0321 0.9995
vn -0.0000 0.0240 0.9997
vn -0.6993 0.1479 -0.6993
vn -0.9493 -0.2401 -0.2030
vn -0.9673 0.1794 -0.1794
vn -0.1794 -0.9673 -0.1794
vn -0.5774 -0.5774 -0.5774
vn -0.1479 -0.6993 -0.6993
vn -0.1794 -0.1794 -0.9673
vn -0.6993 -0.1479 -0.6993
vn -0.9673 -0.1794 -0.1794
vn -0.6993 -0.6993 -0.1479
vn -0.1794 0.9673 -0.1794
vn -0.5774 0.5773 -0.5774
vn -0.6993 0.6993 -0.1479
vn -0.1794 0.1794 -0.9673
vn -0.1479 0.6993 -0.6993
vn -0.1980 -0.2585 -0.9455
vn -0.9759 -0.2183 -0.0000
vn -0.7071 -0.7071 -0.0000
vn -0.1951 -0.9808 -0.0000
vn -0.9808 -0.1951 -0.0000
vn -0.1951 0.9808 -0.0000
vn -0.7071 0.7071 -0.0000
vn -0.6783 0.2696 -0.6835
vn -0.6783 -0.2696 -0.6835
vn -0.9493 0.2401 -0.2030
vn -0.5986 0.5494 -0.5829
vn -0.1980 0.2585 -0.9455
vn -0.5986 -0.5494 -0.5829
vn -0.1451 -0.5064 -0.8500
vn -0.8750 -0.4634 -0.1401
vn -0.1451 0.5064 -0.8500
vn -0.8750 0.4634 -0.1401
vn -0.9759 0.2183 -0.0000
vn -0.9077 0.4196 -0.0000
vn -0.0000 0.0781 0.9969
vn 0.6250 0.4673 0.6253
vn -0.0000 0.4628 0.8864
vn 0.7046 0.0821 0.7049
vn 0.7046 0.0821 -0.7049
vn -0.0000 -0.0000 -1.0000
vn -0.0000 0.0781 -0.9969
vn 0.6250 0.4673 -0.6253
vn 1.0000 -0.0000 -0.0000
vn 0.9969 0.0782 -0.0000
vn 0.8864 0.4630 -0.0000
vn -0.0000 0.8696 0.4937
vn 0.2772 0.9199 0.2774
vn -0.0000 0.9035 0.4287
vn 0.3452 0.8727 0.3455
vn 0.3452 0.8727 -0.3455
vn -0.0000 0.4628 -0.8864
vn -0.0000 0.8696 -0.4937
vn 0.2772 0.9199 -0.2774
vn 0.4935 0.8698 -0.0000
vn 0.4284 0.9036 -0.0000
vn 0.6845 0.2492 0.6851
vn -0.0000 0.2279 0.9737
vn 0.6845 0.2493 -0.6851
vn -0.0000 0.9035 -0.4287
vn -0.0000 0.2279 -0.9737
vn 0.9737 0.2280 -0.0000
vn 0.7069 -0.0000 0.7073
vn 0.7664 -0.6423 -0.0000
vn 0.7069 -0.0000 -0.7073
vn 0.5553 -0.6189 -0.5555
vn -0.0000 -0.6424 -0.7664
vn 0.5553 -0.6189 0.5555
vn 0.9996 -0.0300 -0.0000
vn 0.6877 -0.2319 -0.6880
vn 0.6958 -0.0144 -0.7181
vn 0.8990 0.4380 -0.0000
vn 0.6958 -0.0144 0.7181
vn 0.6877 -0.2319 0.6880
vn 0.9747 -0.2236 -0.0000
vn -0.0000 0.0358 0.9994
vn -0.0000 0.4630 0.8864
vn -0.0000 0.4630 -0.8864
vn -0.0000 0.0358 -0.9994
vn -0.0000 -0.2234 -0.9747
vn -0.0000 -0.6668 -0.7453
vn -0.0000 -0.6668 0.7453
vn 0.7450 -0.6671 -0.0000
vn 0.5607 -0.6091 -0.5610
vn -0.0000 -0.6006 -0.7995
vn 0.5059 -0.6985 -0.5062
vn -0.0000 -0.6006 0.7995
vn 0.5059 -0.6985 0.5062
vn 0.5607 -0.6091 0.5610
vn -0.0000 -0.2234 0.9747
vn 0.7994 -0.6008 -0.0000
vn 0.2282 0.9347 -0.2726
vn 0.6010 0.4294 -0.6741
vn 0.3395 0.9406 -0.0000
vn -0.0000 0.9384 -0.3455
vn -0.0000 0.9384 0.3455
vn 0.2282 0.9347 0.2726
vn 0.6010 0.4294 0.6741
vn 0.6291 0.0530 0.7755
vn 0.3650 0.1745 0.9145
vn 0.3465 0.0677 0.9356
vn -0.4592 -0.6158 -0.6403
vn -0.4043 -0.5055 -0.7622
vn -0.3863 -0.4644 -0.7969
vn 0.3374 -0.0004 0.9414
vn 0.9535 0.0013 0.3015
vn 0.7528 -0.0002 0.6583
vn 0.9613 0.0004 0.2756
vn 0.9999 0.0009 0.0103
vn 1.0000 -0.0000 0.0096
vn -0.0000 0.0001 1.0000
vn -0.0000 0.0968 0.9953
vn -0.8952 0.3248 0.3054
vn -0.5384 -0.2110 0.8158
vn -0.8953 0.3258 0.3038
vn -0.8733 0.4857 0.0370
vn -0.8654 0.5010 -0.0000
vn -0.8643 0.5030 -0.0000
vn -0.3420 -0.0587 -0.9379
vn -0.4130 -0.1379 -0.9002
vn -0.6075 -0.0164 -0.7941
vn 0.2468 -0.8959 -0.3693
vn -0.5020 -0.8165 -0.2852
vn -0.4029 0.0184 -0.9151
vn -0.7379 0.0264 -0.6744
vn -0.9444 0.0362 -0.3269
vn -0.9217 -0.0003 -0.3880
vn -1.0000 0.0008 -0.0000
vn -1.0000 -0.0000 -0.0000
vn -0.3788 -0.4344 -0.8171
vn -0.0000 0.0001 -1.0000
vn 0.2600 -0.9656 -0.0000
vn -0.0000 -0.0897 -0.9960
vn -0.3644 -0.3440 -0.8654
vn -0.0002 -1.0000 -0.0000
vn -0.0001 -1.0000 -0.0000
vn 0.9984 0.0551 -0.0124
vn 0.9997 -0.0026 0.0239
vn 0.9867 -0.1611 -0.0238
vn -0.0768 0.9967 0.0259
vn 0.0763 0.9970 -0.0100
vn 0.0392 0.9992 -0.0000
vn 0.8982 -0.4197 -0.1308
vn -0.8386 0.5446 0.0122
vn -0.4907 0.8687 0.0679
vn 0.8632 -0.5049 -0.0000
vn -0.8611 0.5084 -0.0000
vn -0.8546 0.5190 -0.0198
vn 0.5826 0.7791 -0.2314
vn 0.8694 0.4065 -0.2810
vn 0.8873 0.3559 -0.2932
vn -0.0003 -1.0000 -0.0000
vn 0.4975 0.8675 0.0044
vn 0.5468 0.7454 -0.3812
vn -0.0000 1.0000 -0.0000
vn 0.9982 -0.0415 0.0433
vn 0.2973 0.4943 0.8169
vn 0.1583 0.3062 0.9387
vn 0.2051 0.3629 0.9090
vn -0.0000 0.2126 0.9771
vn 0.2499 0.4192 0.8728
vn 0.8872 -0.4495 -0.1040
vn 0.8921 -0.4298 -0.1392
vn 0.5242 0.1041 0.8452
vn 0.6280 0.1212 0.7687
vn -0.3403 -0.2811 -0.8973
vn -0.2394 -0.3209 -0.9163
vn -0.0000 -0.1815 -0.9834
vn -0.0000 -0.1947 -0.9809
vn 0.4898 0.8403 0.2324
vn 0.5083 0.8612 -0.0000
vn 0.5065 0.8623 -0.0000
vn 0.3978 0.7694 0.4998
vn 0.3897 0.7724 0.5015
vn 0.3661 0.6722 0.6435
vn 0.2976 -0.6327 0.7149
vn -0.5149 -0.2310 0.8256
vn -0.8724 0.4878 0.0312
vn 0.8655 -0.5010 -0.0000
vn 0.6780 -0.6339 0.3721
vn 0.3599 -0.6436 0.6754
vn -0.0000 0.1876 0.9823
vn -0.0000 0.2088 0.9780
vn -0.0000 0.1770 0.9842
vn 0.3650 0.1745 -0.9145
vn 0.5760 0.0546 -0.8157
vn 0.3465 0.0677 -0.9356
vn -0.4592 -0.6158 0.6403
vn -0.4043 -0.5055 0.7622
vn -0.3788 -0.4344 0.8171
vn 0.3374 -0.0004 -0.9414
vn 0.6710 -0.0009 -0.7415
vn 0.8993 0.0008 -0.4374
vn 0.9266 -0.0002 -0.3760
vn -0.0408 0.7106 -0.7024
vn 0.2035 0.6214 -0.7566
vn 0.2728 0.5867 -0.7625
vn -0.8734 0.4853 -0.0399
vn -0.3420 -0.0587 0.9379
vn -0.4130 -0.1379 0.9002
vn -0.3644 -0.3440 0.8654
vn 0.2468 -0.8959 0.3693
vn -0.5020 -0.8165 0.2852
vn -0.4029 0.0184 0.9151
vn -0.6075 -0.0164 0.7941
vn -0.9444 0.0362 0.3269
vn -0.7379 0.0264 0.6744
vn -0.9217 -0.0003 0.3880
vn -0.0000 -0.0897 0.9960
vn -0.5065 -0.8623 -0.0000
vn -0.0000 -0.1947 0.9809
vn -0.0002 -1.0000 -0.0001
vn -0.0001 -1.0000 -0.0001
vn 0.9981 0.0181 -0.0594
vn 0.9992 0.0354 -0.0185
vn 0.9978 -0.0517 -0.0420
vn 0.0708 0.9974 0.0113
vn -0.1175 0.9918 -0.0502
vn 0.8950 -0.4211 0.1472
vn -0.4274 0.8984 -0.1009
vn -0.8381 0.5453 -0.0165
vn -0.8546 0.5190 0.0198
vn 0.8296 0.3710 0.4173
vn 0.6235 0.7392 0.2546
vn 0.8177 0.3545 0.4535
vn 0.6134 0.7394 0.2774
vn 0.4984 0.8670 0.0026
vn -0.0000 -1.0000 0.0001
vn 0.2104 0.3617 -0.9083
vn 0.2233 0.4122 -0.8833
vn 0.2915 0.5019 -0.8143
vn -0.0000 0.2126 -0.9771
vn 0.6618 -0.6787 0.3185
vn 0.1588 0.2938 -0.9426
vn 0.6280 0.1212 -0.7687
vn 0.5242 0.1041 -0.8452
vn 0.6759 0.1184 -0.7274
vn -0.3863 -0.4644 0.7969
vn -0.2394 -0.3209 0.9163
vn -0.3403 -0.2811 0.8973
vn -0.0000 -0.1815 0.9834
vn 0.4968 0.7983 -0.3404
vn 0.4784 0.8115 -0.3355
vn 0.3964 0.7182 -0.5719
vn 0.3691 0.7326 -0.5719
vn 0.3661 0.6722 -0.6435
vn 0.4113 0.6927 -0.5925
vn 0.4050 0.5077 -0.7604
vn -0.7420 0.6363 -0.2109
vn 0.4892 0.4473 -0.7487
vn 0.5491 0.3986 -0.7346
vn -0.0000 0.0968 -0.9953
vn -0.0000 0.1876 -0.9823
vn -0.0000 0.2088 -0.9780
vn -0.9829 -0.0042 0.1839
vn -0.9826 -0.0006 0.1859
vn -0.9809 0.0205 0.1933
vn 0.9826 0.0006 -0.1859
vn 0.9829 0.0042 -0.1839
vn 0.9809 -0.0205 -0.1933
vn 0.2457 -0.5546 0.7950
vn 0.2953 -0.0000 0.9554
vn 0.9829 -0.0000 -0.1844
vn -0.9787 0.0718 0.1925
vn -0.9829 -0.0000 0.1844
vn 0.9787 -0.0718 -0.1925
vn -0.0013 1.0000 -0.0041
vn 0.2927 0.1315 0.9471
vn -0.2953 -0.0000 -0.9554
vn 0.0674 0.1215 0.9903
vn -0.0000 0.1287 0.9917
vn 0.0411 0.1314 0.9905
vn -0.0000 1.0000 -0.0028
vn -0.0051 1.0000 -0.0013
vn -0.0000 1.0000 -0.0042
vn 0.0332 -0.9391 0.3420
vn -0.0000 -0.9072 0.4207
vn -0.0000 -0.9825 0.1863
vn 0.0010 -0.0000 1.0000
vn -0.0000 -0.9964 0.0850
vn -0.0000 0.1878 -0.9822
vn -0.0000 -0.0519 -0.9987
vn -0.0000 0.9716 -0.2368
vn -0.0000 -0.4670 0.8843
vn -0.0000 -0.1147 0.9934
vn -0.0000 0.2532 0.9674
vn -0.0000 -0.2479 -0.9688
vn 0.0228 -0.9862 0.1639
vn 0.0351 -0.9864 0.1605
vn 0.0649 -0.9843 0.1640
vn 0.4529 0.3131 0.8348
vn -0.0000 0.5867 0.8098
vn -0.0000 0.3676 0.9300
vn 0.3231 0.7702 -0.5499
vn 0.7901 0.5851 -0.1829
vn 0.7921 0.5634 -0.2350
vn -0.0000 0.4516 -0.8922
vn 0.2881 0.1520 -0.9455
vn -0.0000 0.1552 -0.9879
vn -0.1433 -0.9897 -0.0079
vn -0.1106 -0.9938 0.0130
vn -0.1777 -0.9838 0.0243
vn 0.3721 0.7738 0.5126
vn -0.0000 0.9739 0.2271
vn -0.0000 0.8316 0.5553
vn 0.7084 -0.0131 -0.7057
vn 0.1979 -0.1220 -0.9726
vn 0.2163 0.0002 -0.9763
vn 0.4189 0.5650 0.7108
vn 0.8324 0.1863 0.5220
vn 0.8335 0.3735 0.4071
vn 0.7088 0.6263 0.3246
vn 0.9481 0.3115 -0.0633
vn 0.7470 0.6634 0.0438
vn -0.0000 0.7722 -0.6353
vn 0.2639 0.4341 -0.8614
vn 0.9693 0.1523 0.1932
vn 0.7239 0.3577 -0.5899
vn 0.9169 0.2040 0.3429
vn 0.8145 0.0880 0.5735
vn 0.8741 -0.0247 0.4852
vn 0.4710 0.1951 0.8603
vn -0.0000 0.2363 0.9717
vn 0.2693 0.0732 -0.9603
vn 0.6971 0.1119 -0.7082
vn 0.7168 0.1285 -0.6853
vn 0.4740 0.0796 0.8769
vn -0.0000 0.1190 0.9929
vn 0.8046 -0.0455 0.5921
vn 0.9026 -0.0330 -0.4291
vn 0.9391 -0.0307 -0.3422
vn 0.7002 -0.2408 -0.6721
vn 0.8391 0.0083 0.5440
vn -0.0000 -0.2552 -0.9669
vn -0.1119 -0.6474 -0.7539
vn -0.3602 -0.2469 -0.8996
vn -0.2471 -0.2004 0.9480
vn -0.5122 -0.5929 0.6214
vn -0.1899 -0.6235 0.7584
vn -0.6656 -0.7449 0.0453
vn -0.2222 -0.9397 0.2600
vn -0.0000 -0.9356 -0.3531
vn -0.0674 -0.9557 0.2867
vn -0.3350 -0.9421 0.0159
vn -0.3212 -0.9044 -0.2808
vn 0.0868 -0.9684 0.2338
vn 0.2590 -0.6810 0.6849
vn 0.2702 -0.6462 0.7137
vn -0.0713 -0.2594 -0.9631
vn -0.0315 -0.5020 -0.8643
vn -0.0000 -0.5160 -0.8566
vn 0.3540 -0.0226 0.9350
vn 0.3476 -0.1911 0.9180
vn 0.3540 -0.0208 0.9350
vn -0.0018 -0.1681 -0.9858
vn -0.1001 -0.2700 -0.9576
vn 0.0004 -0.9972 -0.0743
vn 0.0678 -0.9804 0.1851
vn 0.3539 0.0318 0.9347
vn -0.0000 -0.0139 -0.9999
vn -0.4276 -0.0516 -0.9025
vn -0.1884 -0.1220 0.9745
vn -0.4991 -0.1321 0.8564
vn -0.1654 -0.0390 0.9855
vn -0.5099 -0.1562 0.8459
vn 0.1120 -0.8757 -0.4696
vn -0.0339 0.0177 -0.9993
vn 0.3465 -0.2063 0.9151
vn 0.3537 0.0477 0.9342
vn -0.1437 0.1309 0.9809
vn -0.5379 -0.0496 0.8415
vn -0.0000 -0.8928 -0.4504
vn -0.0000 -0.9060 -0.4232
vn -0.0000 -0.9978 -0.0658
vn -0.0000 -0.9806 0.1958
vn -0.0000 -0.9766 0.2152
vn 0.7925 -0.1159 0.5987
vn 0.7997 0.2211 0.5581
vn -0.0845 -0.9964 0.0111
vn -0.0000 -0.9998 0.0212
vn 0.5041 -0.0327 0.8630
vn -0.0000 0.0433 0.9991
vn -0.0000 -0.1736 -0.9848
vn -0.0000 -0.1280 -0.9918
vn 0.9406 -0.0113 -0.3393
vn -0.0000 0.1474 0.9891
vn -0.0000 -0.0172 0.9999
vn -0.0000 -0.0712 0.9975
vn -0.0000 -0.1851 0.9827
vn -0.0000 -0.6321 0.7749
vn -0.0000 -0.9480 0.3183
vn -0.0000 -0.0158 -0.9999
vn -0.0000 0.9654 -0.2609
vn 0.4411 0.8641 -0.2424
vn 0.3656 0.9060 0.2136
vn 0.9930 0.0172 -0.1171
vn 0.8660 0.3443 -0.3626
vn 0.9267 0.2149 -0.3082
vn 0.9159 0.3426 -0.2091
vn 0.9350 0.2825 -0.2146
vn -0.8339 0.0277 0.5512
vn -0.5557 0.1195 0.8228
vn -0.8173 0.0119 0.5761
vn -0.8202 -0.0017 0.5721
vn -0.7543 -0.0172 0.6563
vn -0.7160 -0.6950 -0.0663
vn -0.8060 -0.5392 0.2442
vn -0.7028 -0.6276 -0.3348
vn -0.6500 -0.7323 -0.2031
vn -0.7662 -0.2685 0.5839
vn -0.4250 -0.9019 -0.0774
vn -0.6716 -0.6929 -0.2625
vn -0.4191 -0.6609 -0.6225
vn -0.7890 -0.1767 -0.5884
vn -0.6881 -0.3885 -0.6128
vn -0.4693 0.0947 -0.8780
vn -0.5357 0.1033 -0.8381
vn -0.6616 -0.0774 -0.7459
vn 0.9798 0.1998 -0.0000
vn 0.9611 0.2744 0.0322
vn 0.9844 -0.0244 0.1743
vn 0.9717 0.2013 0.1236
vn 0.8529 -0.3728 0.3655
vn 0.9412 0.3377 -0.0134
vn 0.9611 0.2744 -0.0322
vn 0.5263 0.7867 0.3226
vn 0.5492 0.7714 -0.3213
vn 0.5492 0.7714 0.3213
vn 0.4442 0.4742 0.7601
vn 0.2882 -0.1279 0.9490
vn 0.2870 0.1664 0.9434
vn 0.3382 0.1390 0.9307
vn 0.3264 -0.4582 0.8267
vn 0.3438 -0.4774 0.8086
vn 0.3976 0.4767 0.7840
vn 0.3976 0.4767 -0.7840
vn 0.3382 0.1390 -0.9307
vn 0.4442 0.4742 -0.7601
vn 0.3438 -0.4774 -0.8086
vn 0.3691 -0.8596 -0.3533
vn 0.3692 -0.8577 -0.3578
vn 0.3691 -0.8596 0.3533
vn 0.3692 -0.8577 0.3578
vn 0.5263 0.7867 -0.3226
vn 0.2882 -0.1279 -0.9490
vn 0.3264 -0.4582 -0.8267
vn 0.2870 0.1664 -0.9434
vn 0.9227 -0.3720 -0.1010
vn 0.9227 -0.3720 0.1010
vn 0.9844 -0.0244 -0.1743
vn 0.8869 0.4619 0.0006
vn 0.8869 0.4619 -0.0006
vn 0.9412 0.3377 0.0134
vn 0.8529 -0.3728 -0.3655
vn 0.8899 -0.4207 -0.1763
vn 0.8899 -0.4207 0.1763
vn 0.9717 0.2013 -0.1236
vn 0.9814 0.1919 0.0026
vn 0.9774 0.1598 0.1386
vn 0.9724 0.1663 0.1636
vn 0.9213 0.1185 -0.3703
vn 0.8825 0.0089 -0.4702
vn 0.9309 0.1873 -0.3135
vn 0.8334 -0.1395 -0.5348
vn 0.8460 -0.0647 -0.5292
vn 0.8321 -0.1310 -0.5389
vn 0.8519 -0.0946 -0.5151
vn 0.8737 -0.0119 -0.4863
vn 0.9595 0.2511 -0.1273
vn 0.9047 0.0275 0.4252
vn 0.8951 -0.0120 0.4458
vn 0.8966 -0.0090 0.4428
vn 0.9319 0.0759 0.3546
vn 0.9081 0.0343 0.4174
vn 0.9645 0.2174 -0.1501
vn 0.9887 0.1440 -0.0409
vn 0.8904 -0.0273 0.4543
vn 0.8859 -0.0658 0.4592
vn 0.9469 0.1301 0.2941
vn -0.0000 0.9739 -0.2268
vn -0.0000 0.9969 0.0788
vn -0.0000 -0.9018 0.4322
vn -0.0000 -0.3356 -0.9420
vn -0.0000 -0.5804 -0.8144
vn -0.0000 0.2368 -0.9715
vn -0.0000 0.7196 -0.6944
vn -0.0000 0.2368 -0.9716
vn -0.0000 0.9385 0.3453
vn -0.0000 -0.8936 -0.4489
vn -0.0000 -0.0728 -0.9973
vn -0.0000 -0.1234 0.9924
vn -0.0000 -0.0112 0.9999
vn -0.0000 -0.9902 -0.1395
vn -0.0000 0.6900 0.7238
vn -0.0000 0.3141 0.9494
vn -0.0000 -0.3095 -0.9509
vn -0.0000 -0.3202 -0.9474
vn -0.0000 -0.1628 -0.9867
vn -0.0000 -0.6484 0.7613
vn -0.0000 -0.3518 0.9361
vn -0.0000 -0.9950 -0.0999
vn -0.0000 0.1457 0.9893
vn -0.0000 -0.9445 0.3286
vn -0.0000 0.1100 0.9939
vn 0.2495 0.2281 0.9411
vn 0.2477 0.2291 0.9414
vn 0.2504 0.2279 0.9409
vn -0.0000 -0.9888 0.1491
vn 0.0198 -0.9887 0.1486
vn -0.0000 -0.9888 0.1494
vn -0.0201 0.9887 -0.1486
vn -0.0000 0.9888 -0.1491
vn -0.0000 0.9888 -0.1494
vn -0.1160 -0.2453 -0.9625
vn -0.0889 -0.2321 -0.9686
vn -0.1121 -0.2309 -0.9665
vn 0.9959 -0.0000 -0.0906
vn -0.1224 -0.9874 -0.0998
vn -0.0716 -0.9793 -0.1892
vn 0.9660 -0.2538 -0.0490
vn 0.8766 -0.4813 -0.0061
vn 0.9660 -0.2538 -0.0489
vn 0.8587 -0.5125 0.0002
vn 0.5186 -0.8510 0.0825
vn 0.4865 -0.8692 0.0882
vn 0.2730 -0.9544 0.1204
vn 0.9591 0.2540 -0.1254
vn 0.8568 0.4927 -0.1521
vn 0.9591 0.2539 -0.1254
vn 0.8512 0.5021 -0.1531
vn 0.4751 0.8626 -0.1736
vn 0.2468 0.9546 -0.1669
vn 0.4830 0.8582 -0.1736
vn -0.0000 -0.4997 -0.8662
vn -0.0000 -0.9238 -0.3829
vn -0.0000 0.1304 0.9915
vn -0.0000 0.4997 0.8662
vn -0.0000 0.9238 0.3829
vn -0.0000 0.9238 -0.3829
vn -0.0000 -0.1304 0.9915
vn -0.0000 -0.1304 -0.9915
vn -0.0000 0.1304 -0.9915
vn -0.0000 -0.4997 0.8662
vn -0.0000 0.4997 -0.8662
vn -0.0000 -0.9238 0.3829
vn 0.0353 -0.9203 0.3897
vn 0.2421 -0.5726 0.7833
vn 0.1076 -0.9313 0.3481
vn -0.0010 -0.0000 -1.0000
vn -0.6250 0.4673 0.6253
vn -0.7046 0.0821 0.7049
vn -0.7046 0.0821 -0.7049
vn -0.6250 0.4673 -0.6253
vn -0.9969 0.0782 -0.0000
vn -0.8864 0.4630 -0.0000
vn -0.2772 0.9199 0.2774
vn -0.3452 0.8727 0.3455
vn -0.3452 0.8727 -0.3455
vn -0.2772 0.9199 -0.2774
vn -0.4935 0.8698 -0.0000
vn -0.4284 0.9036 -0.0000
vn -0.6845 0.2492 0.6851
vn -0.6845 0.2493 -0.6851
vn -0.9737 0.2280 -0.0000
vn -0.7664 -0.6423 -0.0000
vn -0.7069 -0.0000 0.7073
vn -0.7069 -0.0000 -0.7073
vn -0.5553 -0.6189 -0.5555
vn -0.5553 -0.6189 0.5555
vn -0.0000 -0.6424 0.7664
vn -0.9996 -0.0300 -0.0000
vn -0.6877 -0.2319 -0.6880
vn -0.9747 -0.2236 -0.0000
vn -0.8990 0.4380 -0.0000
vn -0.6958 -0.0144 -0.7181
vn -0.6958 -0.0144 0.7181
vn -0.6877 -0.2319 0.6880
vn -0.7450 -0.6671 -0.0000
vn -0.5607 -0.6091 -0.5610
vn -0.5059 -0.6985 -0.5062
vn -0.5059 -0.6985 0.5062
vn -0.5607 -0.6091 0.5610
vn -0.7994 -0.6008 -0.0000
vn -0.2282 0.9347 -0.2726
vn -0.6010 0.4294 -0.6741
vn -0.3395 0.9406 -0.0000
vn -0.2282 0.9347 0.2726
vn -0.6010 0.4294 0.6741
vn -0.3650 0.1745 0.9145
vn -0.6291 0.0530 0.7755
vn -0.3465 0.0677 0.9356
vn 0.4592 -0.6158 -0.6403
vn 0.4043 -0.5055 -0.7622
vn 0.3788 -0.4344 -0.8171
vn -0.3374 -0.0004 0.9414
vn -0.7528 -0.0002 0.6583
vn -0.9535 0.0013 0.3015
vn -0.9613 0.0004 0.2756
vn -0.9999 0.0009 0.0103
vn -1.0000 -0.0000 0.0096
vn 0.8952 0.3248 0.3054
vn 0.5384 -0.2110 0.8158
vn 0.5149 -0.2310 0.8256
vn 0.8654 0.5010 -0.0000
vn 0.8733 0.4857 0.0370
vn 0.8643 0.5030 -0.0000
vn 0.3420 -0.0587 -0.9379
vn 0.4130 -0.1379 -0.9002
vn 0.3644 -0.3440 -0.8654
vn -0.2468 -0.8959 -0.3693
vn 0.5020 -0.8165 -0.2852
vn 0.4029 0.0184 -0.9151
vn 0.6075 -0.0164 -0.7941
vn 0.9444 0.0362 -0.3269
vn 0.7379 0.0264 -0.6744
vn 0.9217 -0.0003 -0.3880
vn 1.0000 0.0008 -0.0000
vn -0.2600 -0.9656 -0.0000
vn 0.5065 -0.8623 -0.0000
vn 0.0002 -1.0000 -0.0000
vn 0.0001 -1.0000 -0.0000
vn -0.9997 -0.0026 0.0239
vn -0.9984 0.0551 -0.0124
vn -0.9867 -0.1611 -0.0238
vn -0.0763 0.9970 -0.0100
vn 0.0768 0.9967 0.0259
vn -0.0392 0.9992 -0.0000
vn -0.8982 -0.4197 -0.1308
vn 0.4907 0.8687 0.0679
vn 0.8386 0.5446 0.0122
vn -0.8632 -0.5049 -0.0000
vn 0.8546 0.5190 -0.0198
vn 0.8611 0.5084 -0.0000
vn -0.8694 0.4065 -0.2810
vn -0.5826 0.7791 -0.2314
vn -0.8873 0.3559 -0.2932
vn 0.0003 -1.0000 -0.0000
vn -0.4975 0.8675 0.0044
vn -0.4984 0.8670 0.0026
vn -0.2104 0.3617 0.9083
vn -0.2233 0.4122 0.8833
vn -0.2915 0.5019 0.8143
vn -0.8872 -0.4495 -0.1040
vn -0.1588 0.2938 0.9426
vn -0.6280 0.1212 0.7687
vn -0.5242 0.1041 0.8452
vn -0.6759 0.1184 0.7274
vn 0.3863 -0.4644 -0.7969
vn 0.2394 -0.3209 -0.9163
vn 0.3403 -0.2811 -0.8973
vn -0.4898 0.8403 0.2324
vn -0.5083 0.8612 -0.0000
vn -0.5080 0.8324 0.2216
vn -0.3978 0.7694 0.4998
vn -0.3897 0.7724 0.5015
vn -0.3661 0.6722 0.6435
vn -0.4113 0.6927 0.5925
vn -0.2976 -0.6327 0.7149
vn 0.8724 0.4878 0.0312
vn -0.8655 -0.5010 -0.0000
vn -0.3599 -0.6436 0.6754
vn -0.6780 -0.6339 0.3721
vn -0.5760 0.0546 -0.8157
vn -0.3650 0.1745 -0.9145
vn -0.3465 0.0677 -0.9356
vn 0.4592 -0.6158 0.6403
vn 0.4043 -0.5055 0.7622
vn 0.3863 -0.4644 0.7969
vn -0.3374 -0.0004 -0.9414
vn -0.8993 0.0008 -0.4374
vn -0.6710 -0.0009 -0.7415
vn -0.9266 -0.0002 -0.3760
vn 0.0408 0.7106 -0.7024
vn -0.2035 0.6214 -0.7566
vn 0.7420 0.6363 -0.2109
vn 0.8734 0.4853 -0.0399
vn 0.3420 -0.0587 0.9379
vn 0.4130 -0.1379 0.9002
vn 0.6075 -0.0164 0.7941
vn -0.2468 -0.8959 0.3693
vn 0.5020 -0.8165 0.2852
vn 0.4029 0.0184 0.9151
vn 0.7379 0.0264 0.6744
vn 0.9444 0.0362 0.3269
vn 0.9217 -0.0003 0.3880
vn 0.3788 -0.4344 0.8171
vn 0.3644 -0.3440 0.8654
vn 0.0002 -1.0000 -0.0001
vn 0.0001 -1.0000 -0.0001
vn -0.9992 0.0354 -0.0185
vn -0.9981 0.0181 -0.0594
vn -0.9978 -0.0517 -0.0420
vn 0.1175 0.9918 -0.0502
vn -0.0708 0.9974 0.0113
vn -0.8950 -0.4211 0.1472
vn 0.8381 0.5453 -0.0165
vn 0.4274 0.8984 -0.1009
vn 0.8546 0.5190 0.0198
vn -0.6235 0.7392 0.2546
vn -0.8296 0.3710 0.4173
vn -0.8177 0.3545 0.4535
vn -0.6134 0.7394 0.2774
vn -0.9968 -0.0376 -0.0711
vn -0.2973 0.4943 -0.8169
vn -0.1583 0.3062 -0.9387
vn -0.2051 0.3629 -0.9090
vn -0.2499 0.4192 -0.8728
vn -0.6618 -0.6787 0.3185
vn -0.5242 0.1041 -0.8452
vn -0.6280 0.1212 -0.7687
vn 0.3403 -0.2811 0.8973
vn 0.2394 -0.3209 0.9163
vn -0.4968 0.7983 -0.3404
vn -0.5065 0.8623 -0.0000
vn -0.3964 0.7182 -0.5719
vn -0.4784 0.8115 -0.3355
vn -0.3661 0.6722 -0.6435
vn -0.3691 0.7326 -0.5719
vn -0.4050 0.5077 -0.7604
vn -0.2728 0.5867 -0.7625
vn 0.8736 0.4854 -0.0359
vn -0.8916 -0.4323 0.1348
vn -0.5491 0.3986 -0.7346
vn -0.4892 0.4473 -0.7487
vn -0.0000 0.1770 -0.9842
vn 0.9826 -0.0006 0.1859
vn 0.9829 -0.0042 0.1839
vn 0.9809 0.0205 0.1933
vn -0.9826 0.0006 -0.1859
vn -0.9829 0.0042 -0.1839
vn -0.9840 -0.0000 -0.1779
vn -0.2953 -0.0000 0.9554
vn -0.2457 -0.5546 0.7950
vn -0.9829 -0.0000 -0.1844
vn 0.9829 -0.0000 0.1844
vn 0.9787 0.0718 0.1925
vn -0.9787 -0.0718 -0.1925
vn 0.0013 1.0000 -0.0041
vn -0.2927 0.1315 0.9471
vn 0.2953 -0.0000 -0.9554
vn -0.0674 0.1215 0.9903
vn -0.0000 0.1188 0.9929
vn 0.0051 1.0000 -0.0013
vn -0.0332 -0.9391 0.3420
vn -0.0010 -0.0000 1.0000
vn -0.0228 -0.9862 0.1639
vn -0.0351 -0.9864 0.1605
vn -0.0230 -0.9886 0.1489
vn -0.4529 0.3131 0.8348
vn -0.3231 0.7702 -0.5499
vn -0.7901 0.5851 -0.1829
vn -0.4411 0.8641 -0.2424
vn -0.2881 0.1520 -0.9455
vn 0.1106 -0.9938 0.0130
vn 0.1433 -0.9897 -0.0079
vn 0.1777 -0.9838 0.0243
vn -0.3721 0.7738 0.5126
vn -0.3656 0.9060 0.2136
vn -0.7084 -0.0131 -0.7057
vn -0.1979 -0.1220 -0.9726
vn -0.7002 -0.2408 -0.6721
vn -0.4189 0.5650 0.7108
vn -0.8324 0.1863 0.5220
vn -0.9481 0.3115 -0.0633
vn -0.7088 0.6263 0.3246
vn -0.7470 0.6634 0.0438
vn -0.2639 0.4341 -0.8614
vn -0.9693 0.1523 0.1932
vn -0.9930 0.0172 -0.1171
vn -0.7239 0.3577 -0.5899
vn -0.9169 0.2040 0.3429
vn -0.8145 0.0880 0.5735
vn -0.8741 -0.0247 0.4852
vn -0.4710 0.1951 0.8603
vn -0.2693 0.0732 -0.9603
vn -0.6971 0.1119 -0.7082
vn -0.2163 0.0002 -0.9763
vn -0.7168 0.1285 -0.6853
vn -0.4740 0.0796 0.8769
vn -0.8046 -0.0455 0.5921
vn -0.9026 -0.0330 -0.4291
vn -0.9406 -0.0113 -0.3393
vn -0.9391 -0.0307 -0.3422
vn -0.9215 -0.0017 -0.3884
vn -0.8391 0.0083 0.5440
vn 0.1119 -0.6474 -0.7539
vn -0.0000 -0.6271 -0.7789
vn 0.2471 -0.2004 0.9480
vn 0.5122 -0.5929 0.6214
vn 0.4991 -0.1321 0.8564
vn 0.2222 -0.9397 0.2600
vn 0.6656 -0.7449 0.0453
vn 0.4250 -0.9019 -0.0774
vn 0.1899 -0.6235 0.7584
vn -0.2590 -0.6810 0.6849
vn -0.0868 -0.9684 0.2338
vn -0.2702 -0.6462 0.7137
vn 0.0315 -0.5020 -0.8643
vn 0.0713 -0.2594 -0.9631
vn -0.3540 -0.0226 0.9350
vn -0.3476 -0.1911 0.9180
vn -0.3465 -0.2063 0.9151
vn 0.1001 -0.2700 -0.9576
vn 0.0018 -0.1681 -0.9858
vn -0.0678 -0.9804 0.1851
vn -0.0004 -0.9972 -0.0743
vn -0.3539 0.0318 0.9347
vn 0.3602 -0.2469 -0.8996
vn 0.1884 -0.1220 0.9745
vn 0.5099 -0.1562 0.8459
vn 0.1654 -0.0390 0.9855
vn 0.5379 -0.0496 0.8415
vn -0.1120 -0.8757 -0.4696
vn -0.1883 -0.6933 -0.6956
vn -0.3537 0.0477 0.9342
vn 0.1437 0.1309 0.9809
vn 0.5557 0.1195 0.8228
vn -0.7925 -0.1159 0.5987
vn -0.7997 0.2211 0.5581
vn 0.0845 -0.9964 0.0111
vn -0.5041 -0.0327 0.8630
vn -0.8335 0.3735 0.4071
vn 0.0674 -0.9556 0.2867
vn -0.8660 0.3443 -0.3626
vn -0.9267 0.2149 -0.3082
vn -0.9159 0.3426 -0.2091
vn -0.7921 0.5634 -0.2350
vn -0.9350 0.2825 -0.2146
vn 0.8339 0.0277 0.5512
vn 0.8202 -0.0017 0.5721
vn 0.7543 -0.0172 0.6563
vn 0.7160 -0.6950 -0.0663
vn 0.8060 -0.5392 0.2442
vn 0.6500 -0.7323 -0.2031
vn 0.7028 -0.6276 -0.3348
vn -0.0649 -0.9843 0.1640
vn 0.7662 -0.2685 0.5839
vn 0.3350 -0.9421 0.0159
vn 0.6716 -0.6929 -0.2625
vn 0.4191 -0.6609 -0.6225
vn 0.3212 -0.9044 -0.2808
vn 0.6881 -0.3885 -0.6128
vn 0.7890 -0.1767 -0.5884
vn 0.4693 0.0947 -0.8780
vn 0.5357 0.1033 -0.8381
vn 0.4276 -0.0516 -0.9025
vn 0.6616 -0.0774 -0.7459
vn 0.7546 0.0166 -0.6560
vn -0.9611 0.2744 0.0322
vn -0.9798 0.1998 -0.0000
vn -0.9717 0.2013 0.1236
vn -0.9844 -0.0244 0.1743
vn -0.8529 -0.3728 0.3655
vn -0.9412 0.3377 -0.0134
vn -0.8869 0.4619 0.0006
vn -0.9611 0.2744 -0.0322
vn -0.5492 0.7714 -0.3213
vn -0.5263 0.7867 0.3226
vn -0.5492 0.7714 0.3213
vn -0.4442 0.4742 0.7601
vn -0.3976 0.4767 0.7840
vn -0.2882 -0.1279 0.9490
vn -0.2870 0.1664 0.9434
vn -0.2501 -0.0930 0.9638
vn -0.3264 -0.4582 0.8267
vn -0.3438 -0.4774 0.8086
vn -0.3382 0.1390 0.9307
vn -0.3382 0.1390 -0.9307
vn -0.3976 0.4767 -0.7840
vn -0.4442 0.4742 -0.7601
vn -0.3438 -0.4774 -0.8086
vn -0.3691 -0.8596 -0.3533
vn -0.3264 -0.4582 -0.8267
vn -0.3691 -0.8596 0.3533
vn -0.3692 -0.8577 0.3578
vn -0.5263 0.7867 -0.3226
vn -0.2882 -0.1279 -0.9490
vn -0.2501 -0.0930 -0.9638
vn -0.3692 -0.8577 -0.3578
vn -0.2870 0.1664 -0.9434
vn -0.9227 -0.3720 0.1010
vn -0.9844 -0.0244 -0.1743
vn -0.9227 -0.3720 -0.1010
vn -0.8869 0.4619 -0.0006
vn -0.9412 0.3377 0.0134
vn -0.8529 -0.3728 -0.3655
vn -0.8899 -0.4207 0.1763
vn -0.9717 0.2013 -0.1236
vn -0.8899 -0.4207 -0.1763
vn -0.9774 0.1598 0.1386
vn -0.9814 0.1919 0.0026
vn -0.9724 0.1663 0.1636
vn -0.9213 0.1185 -0.3703
vn -0.8825 0.0089 -0.4702
vn -0.8737 -0.0119 -0.4863
vn -0.8460 -0.0647 -0.5292
vn -0.8334 -0.1395 -0.5348
vn -0.8321 -0.1310 -0.5389
vn -0.8519 -0.0946 -0.5151
vn -0.9595 0.2511 -0.1273
vn -0.9309 0.1873 -0.3135
vn -0.8951 -0.0120 0.4458
vn -0.9047 0.0275 0.4252
vn -0.8966 -0.0090 0.4428
vn -0.9319 0.0759 0.3546
vn -0.9081 0.0343 0.4174
vn -0.9469 0.1301 0.2941
vn -0.9645 0.2174 -0.1501
vn -0.8904 -0.0273 0.4543
vn -0.8859 -0.0658 0.4592
vn -0.2489 0.2298 0.9409
vn -0.2496 0.2279 0.9411
vn -0.0000 0.2343 0.9722
vn -0.0198 -0.9887 0.1486
vn 0.0201 0.9887 -0.1486
vn 0.0202 0.9887 -0.1482
vn 0.1085 -0.2205 -0.9693
vn 0.1177 -0.2479 -0.9616
vn 0.1281 -0.2323 -0.9642
vn -0.9959 -0.0000 -0.0906
vn 0.1224 -0.9874 -0.0998
vn 0.0716 -0.9793 -0.1892
vn -0.9660 -0.2538 -0.0490
vn -0.8766 -0.4813 -0.0061
vn -0.8587 -0.5125 0.0002
vn -0.5186 -0.8510 0.0825
vn -0.4865 -0.8692 0.0882
vn -0.2730 -0.9544 0.1204
vn -0.2730 -0.9545 0.1204
vn -0.9591 0.2540 -0.1254
vn -0.8568 0.4927 -0.1521
vn -0.8512 0.5021 -0.1531
vn -0.4751 0.8626 -0.1736
vn -0.4830 0.8582 -0.1736
vn -0.2467 0.9546 -0.1669
vn -0.0353 -0.9203 0.3897
vn -0.0000 -0.7794 0.6265
vn -0.2421 -0.5726 0.7833
vn -0.1076 -0.9313 0.3481
vn 0.0010 -0.0000 -1.0000
vn -0.0000 0.9924 -0.1232
vn 0.9753 0.1052 0.1940
vn 0.9160 -0.1301 0.3794
vn 0.9725 -0.1301 0.1934
vn 0.9945 0.1052 -0.0000
vn 0.9915 -0.1301 -0.0000
vn 0.9753 0.1052 -0.1940
vn 0.9725 -0.1301 -0.1934
vn 0.9188 0.1052 -0.3806
vn 0.9160 -0.1301 -0.3794
vn 0.8269 0.1052 -0.5525
vn 0.8244 -0.1301 -0.5509
vn 0.7032 0.1052 -0.7032
vn 0.7011 -0.1301 -0.7011
vn 0.5525 0.1052 -0.8269
vn 0.5509 -0.1301 -0.8244
vn 0.3806 0.1052 -0.9188
vn 0.3794 -0.1301 -0.9160
vn 0.1940 0.1052 -0.9753
vn 0.1934 -0.1301 -0.9725
vn 0.3806 0.1052 0.9188
vn 0.1934 -0.1301 0.9725
vn 0.3794 -0.1301 0.9160
vn 0.5525 0.1052 0.8269
vn 0.5509 -0.1301 0.8244
vn 0.7032 0.1052 0.7032
vn 0.7011 -0.1301 0.7011
vn 0.8269 0.1052 0.5525
vn 0.8244 -0.1301 0.5508
vn 0.9188 0.1052 0.3806
vn 0.1940 0.1052 0.9753
vn -0.0000 -0.1301 0.9915
vn -0.0000 0.9855 0.1699
vn 0.1699 0.9855 -0.0000
vn 0.1201 0.9855 -0.1201
vn 0.1766 0.4246 0.8880
vn -0.0000 0.1052 0.9945
vn 0.1137 0.8127 0.5714
vn -0.0000 0.4246 0.9054
vn 0.0331 0.9855 0.1666
vn -0.0000 0.8127 0.5826
vn 0.3465 0.4246 0.8364
vn 0.2230 0.8127 0.5383
vn 0.0650 0.9855 0.1570
vn 0.5030 0.4246 0.7528
vn 0.3237 0.8127 0.4844
vn 0.0944 0.9855 0.1413
vn 0.4120 0.8127 0.4120
vn 0.6402 0.4246 0.6402
vn 0.1201 0.9855 0.1201
vn 0.4844 0.8127 0.3237
vn 0.7528 0.4246 0.5030
vn 0.1413 0.9855 0.0944
vn 0.8364 0.4246 0.3465
vn 0.5383 0.8127 0.2230
vn 0.5714 0.8127 0.1137
vn 0.8880 0.4246 0.1766
vn 0.1570 0.9855 0.0650
vn 0.5826 0.8127 -0.0000
vn 0.9054 0.4246 -0.0000
vn 0.8880 0.4246 -0.1766
vn 0.5714 0.8127 -0.1137
vn 0.1666 0.9855 -0.0331
vn 0.8364 0.4246 -0.3465
vn 0.5383 0.8127 -0.2230
vn 0.1570 0.9855 -0.0650
vn 0.7528 0.4246 -0.5030
vn 0.4844 0.8127 -0.3237
vn 0.1413 0.9855 -0.0944
vn 0.6402 0.4246 -0.6402
vn 0.4120 0.8127 -0.4120
vn 0.5030 0.4246 -0.7528
vn 0.3237 0.8127 -0.4844
vn 0.3465 0.4246 -0.8364
vn 0.2230 0.8127 -0.5383
vn 0.0944 0.9855 -0.1413
vn 0.1137 0.8127 -0.5714
vn 0.1766 0.4246 -0.8880
vn 0.0650 0.9855 -0.1570
vn -0.0000 0.1052 -0.9945
vn -0.0000 0.8127 -0.5826
vn -0.0000 0.4246 -0.9054
vn 0.0331 0.9855 -0.1666
vn -0.0000 -0.1301 -0.9915
vn 0.0269 -0.9904 0.1352
vn -0.0000 -0.8600 0.5104
vn -0.0000 -0.9904 0.1379
vn 0.0996 -0.8600 0.5006
vn -0.0000 -0.4947 0.8691
vn 0.1695 -0.4947 0.8524
vn 0.0528 -0.9904 0.1274
vn 0.1953 -0.8600 0.4715
vn 0.3326 -0.4947 0.8029
vn 0.0766 -0.9904 0.1147
vn 0.2835 -0.8600 0.4244
vn 0.4828 -0.4947 0.7226
vn 0.3609 -0.8600 0.3609
vn 0.0975 -0.9904 0.0975
vn 0.6145 -0.4947 0.6145
vn 0.1147 -0.9904 0.0766
vn 0.7226 -0.4947 0.4828
vn 0.4243 -0.8600 0.2835
vn 0.4715 -0.8600 0.1953
vn 0.1274 -0.9904 0.0528
vn 0.8029 -0.4947 0.3326
vn 0.5006 -0.8600 0.0996
vn 0.1352 -0.9904 0.0269
vn 0.8524 -0.4947 0.1695
vn 0.5104 -0.8600 -0.0000
vn 0.1379 -0.9904 -0.0000
vn 0.8691 -0.4947 -0.0000
vn 0.1352 -0.9904 -0.0269
vn 0.5006 -0.8600 -0.0996
vn 0.8524 -0.4947 -0.1695
vn 0.1274 -0.9904 -0.0528
vn 0.4715 -0.8600 -0.1953
vn 0.8029 -0.4947 -0.3326
vn 0.1147 -0.9904 -0.0766
vn 0.4243 -0.8600 -0.2835
vn 0.7226 -0.4947 -0.4828
vn 0.3609 -0.8600 -0.3609
vn 0.0975 -0.9904 -0.0975
vn 0.6145 -0.4947 -0.6145
vn 0.2835 -0.8600 -0.4243
vn 0.0766 -0.9904 -0.1147
vn 0.4828 -0.4947 -0.7226
vn 0.1953 -0.8600 -0.4715
vn 0.0528 -0.9904 -0.1274
vn 0.3326 -0.4947 -0.8029
vn 0.0996 -0.8600 -0.5006
vn 0.0269 -0.9904 -0.1352
vn 0.1695 -0.4947 -0.8524
vn -0.0000 -0.8600 -0.5104
vn -0.0000 -0.9904 -0.1379
vn -0.0000 -0.4947 -0.8691
vn -0.9160 -0.1301 0.3794
vn -0.9753 0.1052 0.1940
vn -0.9725 -0.1301 0.1934
vn -0.9945 0.1052 -0.0000
vn -0.9915 -0.1301 -0.0000
vn -0.9753 0.1052 -0.1940
vn -0.9725 -0.1301 -0.1934
vn -0.9188 0.1052 -0.3806
vn -0.9160 -0.1301 -0.3794
vn -0.8269 0.1052 -0.5525
vn -0.8244 -0.1301 -0.5509
vn -0.7032 0.1052 -0.7032
vn -0.7011 -0.1301 -0.7011
vn -0.5525 0.1052 -0.8269
vn -0.5509 -0.1301 -0.8244
vn -0.3806 0.1052 -0.9188
vn -0.3794 -0.1301 -0.9160
vn -0.1940 0.1052 -0.9753
vn -0.1934 -0.1301 -0.9725
vn -0.1934 -0.1301 0.9725
vn -0.3806 0.1052 0.9188
vn -0.3794 -0.1301 0.9160
vn -0.5525 0.1052 0.8269
vn -0.5509 -0.1301 0.8244
vn -0.7032 0.1052 0.7032
vn -0.7011 -0.1301 0.7011
vn -0.8269 0.1052 0.5525
vn -0.8244 -0.1301 0.5508
vn -0.9188 0.1052 0.3806
vn -0.1940 0.1052 0.9753
vn -0.0331 0.9855 -0.1666
vn -0.1666 0.9855 0.0331
vn -0.0944 0.9855 0.1413
vn -0.1766 0.4246 0.8880
vn -0.1137 0.8127 0.5714
vn -0.0331 0.9855 0.1666
vn -0.3465 0.4246 0.8364
vn -0.2230 0.8127 0.5383
vn -0.0650 0.9855 0.1570
vn -0.5030 0.4246 0.7528
vn -0.3237 0.8127 0.4844
vn -0.6402 0.4246 0.6402
vn -0.4120 0.8127 0.4120
vn -0.1201 0.9855 0.1201
vn -0.7528 0.4246 0.5030
vn -0.4844 0.8127 0.3237
vn -0.1413 0.9855 0.0944
vn -0.8364 0.4246 0.3465
vn -0.5383 0.8127 0.2230
vn -0.1570 0.9855 0.0650
vn -0.8880 0.4246 0.1766
vn -0.5714 0.8127 0.1137
vn -0.9054 0.4246 -0.0000
vn -0.5826 0.8127 -0.0000
vn -0.1699 0.9855 -0.0000
vn -0.8880 0.4246 -0.1766
vn -0.5714 0.8127 -0.1137
vn -0.1666 0.9855 -0.0331
vn -0.8364 0.4246 -0.3465
vn -0.5383 0.8127 -0.2230
vn -0.1570 0.9855 -0.0650
vn -0.7528 0.4246 -0.5030
vn -0.4844 0.8127 -0.3237
vn -0.1413 0.9855 -0.0944
vn -0.6402 0.4246 -0.6402
vn -0.4120 0.8127 -0.4120
vn -0.1201 0.9855 -0.1201
vn -0.5030 0.4246 -0.7528
vn -0.3237 0.8127 -0.4844
vn -0.0944 0.9855 -0.1413
vn -0.3465 0.4246 -0.8364
vn -0.2230 0.8127 -0.5383
vn -0.0650 0.9855 -0.1570
vn -0.1766 0.4246 -0.8880
vn -0.1137 0.8127 -0.5714
vn -0.0000 0.9855 -0.1699
vn -0.0269 -0.9904 0.1352
vn -0.0996 -0.8600 0.5006
vn -0.1695 -0.4947 0.8524
vn -0.0528 -0.9904 0.1274
vn -0.1953 -0.8600 0.4715
vn -0.3326 -0.4947 0.8029
vn -0.0766 -0.9904 0.1147
vn -0.2835 -0.8600 0.4244
vn -0.4828 -0.4947 0.7226
vn -0.3609 -0.8600 0.3609
vn -0.0975 -0.9904 0.0975
vn -0.6145 -0.4947 0.6145
vn -0.1147 -0.9904 0.0766
vn -0.4243 -0.8600 0.2835
vn -0.7226 -0.4947 0.4828
vn -0.4715 -0.8600 0.1953
vn -0.1274 -0.9904 0.0528
vn -0.8029 -0.4947 0.3326
vn -0.5006 -0.8600 0.0996
vn -0.1352 -0.9904 0.0269
vn -0.8524 -0.4947 0.1695
vn -0.5104 -0.8600 -0.0000
vn -0.1379 -0.9904 -0.0000
vn -0.8691 -0.4947 -0.0000
vn -0.1352 -0.9904 -0.0269
vn -0.5006 -0.8600 -0.0996
vn -0.8524 -0.4947 -0.1695
vn -0.1274 -0.9904 -0.0528
vn -0.4715 -0.8600 -0.1953
vn -0.8029 -0.4947 -0.3326
vn -0.1147 -0.9904 -0.0766
vn -0.4243 -0.8600 -0.2835
vn -0.7226 -0.4947 -0.4828
vn -0.3609 -0.8600 -0.3609
vn -0.0975 -0.9904 -0.0975
vn -0.6145 -0.4947 -0.6145
vn -0.2835 -0.8600 -0.4244
vn -0.0766 -0.9904 -0.1147
vn -0.4828 -0.4947 -0.7226
vn -0.1953 -0.8600 -0.4715
vn -0.0528 -0.9904 -0.1274
vn -0.3326 -0.4947 -0.8029
vn -0.0996 -0.8600 -0.5006
vn -0.0269 -0.9904 -0.1352
vn -0.1695 -0.4947 -0.8524
vn 0.1522 -0.5930 0.7907
vn 0.6451 -0.5465 -0.5341
vn 0.8825 -0.2786 -0.3789
vn 0.9966 -0.0365 -0.0742
vn 0.8941 -0.3448 -0.2857
vn -0.9856 -0.0317 0.1660
vn -0.9150 -0.4030 0.0190
vn -0.9617 -0.0995 0.2556
vn 0.9387 0.3372 0.0722
vn 0.9499 0.2670 0.1623
vn -0.9387 -0.3372 -0.0722
vn -0.7264 -0.6554 -0.2067
vn 0.7613 0.5194 0.3880
vn -0.7488 -0.5913 -0.2993
vn -0.4246 -0.8185 -0.3871
vn 0.7488 0.5913 0.2993
vn 0.4595 0.6825 0.5684
vn -0.4450 -0.7554 -0.4809
vn -0.0554 -0.8672 -0.4948
vn 0.0903 0.7313 0.6761
vn -0.3094 0.7312 0.6080
vn -0.2899 0.6584 0.6946
vn 0.4450 0.7554 0.4809
vn -0.0734 -0.8046 -0.5893
vn 0.3248 -0.7944 -0.5133
vn -0.6451 0.5465 0.5341
vn -0.6233 0.4749 0.6212
vn 0.3094 -0.7312 -0.6080
vn 0.6583 -0.6109 -0.4399
vn -0.8592 0.2088 0.4670
vn -0.8825 0.2786 0.3789
vn -0.2935 0.8911 -0.3461
vn -0.0899 0.9302 -0.3560
vn -0.4721 0.7929 -0.3854
vn -0.5984 0.6504 -0.4679
vn -0.6532 0.4853 -0.5812
vn -0.6283 0.3228 -0.7079
vn -0.5273 0.1876 -0.8287
vn -0.6282 0.3228 -0.7079
vn -0.3656 0.1003 -0.9253
vn -0.1679 0.0742 -0.9830
vn 0.0357 0.1132 -0.9929
vn 0.2142 0.2114 -0.9536
vn 0.3405 0.3540 -0.8711
vn 0.3954 0.5190 -0.7578
vn 0.3704 0.6815 -0.6311
vn 0.2694 0.8167 -0.5103
vn 0.1078 0.9040 -0.4137
vn -0.1522 0.5930 -0.7907
vn 0.9856 0.0317 -0.1660
vn 0.0734 0.8046 0.5893
vn 0.6450 -0.5465 -0.5341
vn -0.9675 0.0741 0.2419
vn -0.9825 -0.0459 0.1806
vn -0.9833 -0.0323 0.1792
vn -0.9837 -0.0238 0.1783
vn -0.0405 -0.9092 -0.4144
vn -0.0406 -0.9092 -0.4144
vn -0.1300 0.7701 -0.6245
vn 0.1655 -0.3807 0.9098
vn 0.0906 -0.9284 0.3604
vn 0.1492 -0.6250 0.7663
vn -0.0081 -0.9723 -0.2336
vn -0.1662 0.3588 -0.9185
vn -0.1684 0.2702 -0.9480
vn 0.1667 -0.3451 0.9237
vn 0.1689 -0.2120 0.9626
vn 0.1571 -0.5337 0.8310
vn -0.1581 0.5207 -0.8390
vn -0.1662 0.3589 -0.9185
vn -0.1199 -0.5609 -0.8192
vn -0.1152 0.8447 -0.5226
vn 0.1182 -0.8314 0.5429
vn 0.9883 0.0175 -0.1513
vn 0.9878 0.0311 -0.1528
vn 0.9885 0.0107 -0.1506
vn -0.1560 -0.2067 -0.9659
vn 0.8214 -0.0448 -0.5686
vn 0.8367 -0.0351 -0.5466
vn 0.8388 -0.0338 -0.5434
vn 0.0076 -0.9895 -0.1442
vn -0.1367 0.7271 -0.6728
vn -0.9577 -0.1021 -0.2690
vn -0.9655 -0.0931 -0.2430
vn -0.9561 -0.1038 -0.2741
vn -0.0093 -0.9707 -0.2403
vn 0.1523 -0.5930 0.7907
vn 0.1522 -0.5930 0.7906
vn -0.6450 0.5465 0.5341
vn 0.9867 0.1369 -0.0873
vn -0.1551 0.5601 -0.8138
vn -0.9867 -0.0457 0.1557
vn 0.9842 0.0177 -0.1762
vn 0.9233 -0.2001 -0.3279
vn -0.9653 -0.2609 -0.0098
vn -0.1680 0.0789 -0.9826
vn 0.1669 -0.0282 0.9856
vn -0.0514 -0.0701 0.9962
vn 0.3788 -0.0562 0.9237
vn 0.3015 -0.9041 0.3027
vn 0.0832 -0.9460 0.3133
vn -0.2429 -0.1754 0.9541
vn 0.4930 -0.7988 0.3448
vn -0.3783 -0.3282 0.8655
vn 0.6284 -0.6460 0.4333
vn -0.4371 -0.5052 0.7441
vn 0.6872 -0.4690 0.5548
vn -0.4103 -0.6794 0.6083
vn 0.6604 -0.2948 0.6906
vn -0.3020 -0.8244 0.4787
vn 0.5521 -0.1498 0.8202
vn 0.5522 -0.1498 0.8202
vn -0.1287 -0.9180 0.3751
vn 0.3788 -0.0562 0.9238
vn -0.9608 -0.1015 0.2581
vn -0.8584 0.2067 0.4695
vn 0.6585 -0.6126 -0.4371
vn 0.8943 -0.3466 -0.2829
vn -0.6226 0.4727 0.6237
vn 0.3252 -0.7961 -0.5104
vn -0.2893 0.6561 0.6970
vn -0.0549 -0.8689 -0.4919
vn 0.0908 0.7290 0.6785
vn 0.4598 0.6802 0.5709
vn -0.4239 -0.8201 -0.3843
vn 0.7616 0.5172 0.3905
vn -0.7256 -0.6572 -0.2039
vn 0.9501 0.2648 0.1650
vn -0.9141 -0.4048 0.0216
vn 0.9967 -0.0385 -0.0715
vn 0.9808 0.1951 -0.0000
vn 0.9077 -0.4196 -0.0000
vn 0.9077 0.4196 -0.0000
vn -0.0000 -0.7071 -0.7071
vn -0.9808 0.1951 -0.0000
vn -0.9077 -0.4196 -0.0000
vn -0.8601 0.5102 -0.0000
vn 0.3422 0.6958 0.6314
vn 0.6759 0.1184 0.7274
vn -0.0000 -0.1640 -0.9865
vn 0.5080 0.8324 0.2216
vn 0.4113 0.6927 0.5925
vn -0.8736 0.4854 -0.0359
vn 0.9968 -0.0376 -0.0711
vn 0.3422 0.6958 -0.6314
vn 0.8916 -0.4323 0.1348
vn -0.0000 -0.1640 0.9865
vn -0.9840 -0.0000 0.1779
vn 0.9840 -0.0000 -0.1779
vn 0.0230 -0.9886 0.1489
vn 0.9215 -0.0017 -0.3884
vn 0.1883 -0.6933 -0.6956
vn -0.0000 -0.9996 0.0295
vn -0.7546 0.0166 -0.6560
vn 0.2501 -0.0930 0.9638
vn 0.2501 -0.0930 -0.9638
vn -0.0000 0.2321 0.9727
vn 0.2509 0.2182 0.9431
vn 0.0199 -0.9887 0.1482
vn -0.0202 0.9887 -0.1482
vn -0.1299 -0.2302 -0.9644
vn -0.1295 -0.2315 -0.9642
vn -0.1256 -0.3767 -0.9178
vn -0.0890 -0.2321 -0.9686
vn 0.2730 -0.9545 0.1204
vn 0.8953 0.3258 0.3038
vn -0.9982 -0.0415 0.0433
vn 0.8601 0.5102 -0.0000
vn -0.5468 0.7454 -0.3812
vn -0.3422 0.6958 0.6314
vn -0.8921 -0.4298 -0.1392
vn -0.3422 0.6958 -0.6314
vn -0.6759 0.1184 -0.7274
vn -0.4113 0.6927 -0.5925
vn 0.9840 -0.0000 0.1779
vn -0.9809 -0.0205 -0.1933
vn -0.0411 0.1314 0.9905
vn -0.3540 -0.0208 0.9350
vn 0.0339 0.0177 -0.9993
vn 0.8173 0.0119 0.5761
vn -0.9887 0.1440 -0.0409
vn -0.2503 0.2289 0.9407
vn -0.2477 0.2291 0.9414
vn -0.2509 0.2182 0.9431
vn -0.0199 -0.9887 0.1482
vn 0.1299 -0.2302 -0.9644
vn 0.1105 -0.2160 -0.9701
vn 0.0889 -0.2321 -0.9686
vn 0.0890 -0.2321 -0.9686
vn 0.1256 -0.3767 -0.9178
vn -0.9660 -0.2538 -0.0489
vn -0.9591 0.2539 -0.1254
vn -0.2468 0.9546 -0.1669
vn 0.1666 0.9855 0.0331
vn -0.1523 0.5930 -0.7907
vn -0.9820 -0.0526 0.1813
vn 0.9873 0.0396 -0.1537
vn 0.8183 -0.0467 -0.5729
vn 0.0075 -0.9895 -0.1442
vn -0.9666 -0.0918 -0.2394
vt 0.046857 0.220669
vt 0.013951 0.398859
vt 0.029994 0.404520
vt 0.042578 0.114536
vt 0.035778 0.138742
vt 0.032843 0.135268
vt 0.035791 0.146737
vt 0.040245 0.131535
vt 0.030195 0.153749
vt 0.034121 0.149545
vt 0.005204 0.427690
vt 0.013455 0.405230
vt 0.011839 0.403988
vt 0.014571 0.412959
vt 0.005204 0.382324
vt 0.024001 0.354124
vt 0.022423 0.204444
vt 0.028261 0.198946
vt 0.024209 0.369566
vt 0.024910 0.384493
vt 0.036808 0.242285
vt 0.026866 0.157369
vt 0.026090 0.138811
vt 0.027529 0.174080
vt 0.031870 0.573170
vt 0.021116 0.495394
vt 0.028644 0.099813
vt 0.028846 0.005204
vt 0.033114 0.176018
vt 0.034826 0.171771
vt 0.031067 0.179883
vt 0.034133 0.194835
vt 0.036679 0.207692
vt 0.034281 0.201272
vt 0.031988 0.189431
vt 0.028692 0.174062
vt 0.028958 0.146375
vt 0.029314 0.196129
vt 0.028647 0.106007
vt 0.032064 0.218100
vt 0.030527 0.186267
vt 0.032140 0.237388
vt 0.025010 0.211709
vt 0.030380 0.155924
vt 0.025428 0.426795
vt 0.029625 0.126960
vt 0.028077 0.375892
vt 0.040976 0.401024
vt 0.025041 0.339216
vt 0.018127 0.202902
vt 0.015129 0.333346
vt 0.016046 0.109046
vt 0.022829 0.131825
vt 0.018391 0.125341
vt 0.022691 0.139985
vt 0.024620 0.141969
vt 0.028560 0.145319
vt 0.025595 0.128280
vt 0.027646 0.348289
vt 0.026173 0.340665
vt 0.024392 0.339898
vt 0.035841 0.339326
vt 0.029076 0.342987
vt 0.034725 0.196419
vt 0.026797 0.221617
vt 0.032058 0.149296
vt 0.031615 0.132949
vt 0.032321 0.164177
vt 0.046498 0.357659
vt 0.032892 0.344821
vt 0.026157 0.166480
vt 0.025344 0.195766
vt 0.028475 0.169083
vt 0.026059 0.183627
vt 0.024197 0.163735
vt 0.026712 0.181063
vt 0.026838 0.187521
vt 0.031079 0.183744
vt 0.029758 0.202826
vt 0.023092 0.336169
vt 0.509182 0.629735
vt 0.539515 0.644368
vt 0.509144 0.644521
vt 0.509811 0.593827
vt 0.540488 0.630508
vt 0.602304 0.639672
vt 0.644304 0.610815
vt 0.635115 0.649134
vt 0.598493 0.653297
vt 0.576317 0.598913
vt 0.571276 0.634124
vt 0.569053 0.648292
vt 0.509188 0.654470
vt 0.538359 0.662628
vt 0.509307 0.663620
vt 0.538895 0.653680
vt 0.595721 0.662093
vt 0.628648 0.665066
vt 0.621849 0.674229
vt 0.593049 0.670213
vt 0.567560 0.657694
vt 0.566252 0.666251
vt 0.538127 0.667259
vt 0.509415 0.668309
vt 0.591777 0.674235
vt 0.615610 0.680991
vt 0.613078 0.684156
vt 0.565643 0.670586
vt 0.553575 0.465489
vt 0.592961 0.464147
vt 0.591978 0.470497
vt 0.549104 0.521007
vt 0.585136 0.524659
vt 0.620942 0.529456
vt 0.629760 0.470005
vt 0.628791 0.476140
vt 0.666069 0.475780
vt 0.665100 0.481871
vt 0.656749 0.535027
vt 0.512846 0.518741
vt 0.516250 0.466900
vt 0.554159 0.457961
vt 0.552500 0.480330
vt 0.515336 0.479000
vt 0.626704 0.489733
vt 0.662962 0.495368
vt 0.590033 0.484477
vt 0.718478 0.662842
vt 0.697515 0.640131
vt 0.715558 0.637216
vt 0.742885 0.660750
vt 0.719994 0.688614
vt 0.701485 0.689054
vt 0.700060 0.664407
vt 0.719536 0.714126
vt 0.742885 0.713072
vt 0.735499 0.608083
vt 0.710688 0.611261
vt 0.691811 0.615556
vt 0.679186 0.621183
vt 0.681926 0.642957
vt 0.676476 0.622312
vt 0.684758 0.689209
vt 0.686573 0.714103
vt 0.683164 0.713966
vt 0.686829 0.665434
vt 0.683721 0.665640
vt 0.689211 0.641625
vt 0.683222 0.618900
vt 0.684881 0.642432
vt 0.691465 0.714226
vt 0.688019 0.689219
vt 0.692712 0.689178
vt 0.700718 0.714342
vt 0.691360 0.665099
vt 0.522073 0.414097
vt 0.573275 0.421724
vt 0.566416 0.380847
vt 0.529193 0.361835
vt 0.782221 0.699816
vt 0.769374 0.675750
vt 0.796286 0.682527
vt 0.771853 0.697005
vt 0.785602 0.709694
vt 0.761137 0.711771
vt 0.762236 0.701480
vt 0.744735 0.688170
vt 0.805716 0.707786
vt 0.391647 0.830586
vt 0.375902 0.814881
vt 0.388254 0.814415
vt 0.747917 0.543507
vt 0.745018 0.544991
vt 0.746080 0.543216
vt 0.447704 0.814519
vt 0.410519 0.852183
vt 0.447678 0.830893
vt 0.447643 0.852457
vt 0.413689 0.878686
vt 0.447589 0.878762
vt 0.447724 0.786663
vt 0.381802 0.786663
vt 0.866933 0.155946
vt 0.865340 0.147771
vt 0.869458 0.154795
vt 0.875605 0.180948
vt 0.878424 0.202225
vt 0.876005 0.202035
vt 0.736357 0.545777
vt 0.744749 0.547743
vt 0.740578 0.551883
vt 0.751466 0.549682
vt 0.752715 0.546919
vt 0.689412 0.558395
vt 0.705508 0.575653
vt 0.742319 0.558094
vt 0.725564 0.589714
vt 0.759465 0.562772
vt 0.759685 0.597676
vt 0.745779 0.549054
vt 0.676476 0.522196
vt 0.759548 0.551289
vt 0.736962 0.531437
vt 0.743327 0.544321
vt 0.467264 0.904920
vt 0.484714 0.900123
vt 0.476064 0.908578
vt 0.478653 0.886598
vt 0.494048 0.894675
vt 0.942453 0.494100
vt 0.940633 0.507863
vt 0.936873 0.495026
vt 0.907534 0.500150
vt 0.898847 0.509119
vt 0.898966 0.496382
vt 0.928735 0.519975
vt 0.934181 0.521298
vt 0.914948 0.525251
vt 0.904878 0.512511
vt 0.928018 0.540658
vt 0.933669 0.540155
vt 0.915141 0.545888
vt 0.909434 0.526152
vt 0.986902 0.508451
vt 0.963383 0.503906
vt 0.963301 0.490364
vt 0.468216 0.931382
vt 0.458634 0.929777
vt 0.983329 0.535756
vt 0.977095 0.512739
vt 0.884465 0.504366
vt 0.884483 0.490364
vt 0.944710 0.507339
vt 0.494003 0.880872
vt 0.519579 0.894790
vt 0.358090 0.802400
vt 0.367240 0.809114
vt 0.365883 0.813323
vt 0.359203 0.786663
vt 0.361192 0.802643
vt 0.926176 0.518724
vt 0.934323 0.493734
vt 0.368668 0.819397
vt 0.371192 0.827270
vt 0.747130 0.541506
vt 0.744631 0.540742
vt 0.745667 0.537359
vt 0.742347 0.534692
vt 0.908806 0.848029
vt 0.898443 0.825616
vt 0.910063 0.825634
vt 0.893047 0.872342
vt 0.908156 0.874484
vt 0.896547 0.879748
vt 0.860172 0.142882
vt 0.862815 0.148922
vt 0.878130 0.179796
vt 0.925548 0.540879
vt 0.858401 0.134884
vt 0.862697 0.141731
vt 0.373989 0.786663
vt 0.367236 0.786663
vt 0.361487 0.786663
vt 0.476189 0.754296
vt 0.491934 0.738592
vt 0.488541 0.754763
vt 0.770588 0.543644
vt 0.773759 0.545040
vt 0.773185 0.549218
vt 0.547988 0.754659
vt 0.547963 0.738285
vt 0.510822 0.724484
vt 0.547946 0.724222
vt 0.513993 0.694629
vt 0.547893 0.694563
vt 0.548009 0.782514
vt 0.860242 0.241030
vt 0.860980 0.247107
vt 0.858401 0.248961
vt 0.872317 0.222801
vt 0.782948 0.545671
vt 0.774241 0.548060
vt 0.775550 0.544258
vt 0.767488 0.549962
vt 0.766410 0.547124
vt 0.830264 0.558574
vt 0.778744 0.551853
vt 0.777671 0.557807
vt 0.814208 0.575788
vt 0.794054 0.589854
vt 0.843311 0.522373
vt 0.782679 0.530984
vt 0.759612 0.549361
vt 0.777127 0.533996
vt 0.458131 0.959442
vt 0.473627 0.966312
vt 0.464337 0.972067
vt 0.480676 0.974504
vt 0.476982 0.982482
vt 0.946124 0.570842
vt 0.949774 0.578885
vt 0.944035 0.578947
vt 0.898853 0.583018
vt 0.907445 0.586930
vt 0.898872 0.590607
vt 0.932399 0.560820
vt 0.904953 0.579475
vt 0.915126 0.566514
vt 0.937558 0.558564
vt 0.909632 0.565668
vt 0.969059 0.570437
vt 0.991706 0.565241
vt 0.971074 0.578947
vt 0.468204 0.955499
vt 0.981230 0.559485
vt 0.994796 0.534784
vt 0.884427 0.587710
vt 0.884433 0.596518
vt 0.504851 0.982715
vt 0.503367 0.991577
vt 0.466170 0.755855
vt 0.461480 0.766535
vt 0.458378 0.766777
vt 0.459491 0.782514
vt 0.941200 0.577290
vt 0.467527 0.760064
vt 0.471480 0.741908
vt 0.468956 0.749781
vt 0.465923 0.742039
vt 0.772435 0.543245
vt 0.773939 0.540494
vt 0.770719 0.541414
vt 0.773051 0.536447
vt 0.908874 0.803234
vt 0.897304 0.804061
vt 0.908118 0.784281
vt 0.893047 0.786672
vt 0.896425 0.779209
vt 0.902910 0.778023
vt 0.863093 0.253593
vt 0.862821 0.239176
vt 0.865672 0.251739
vt 0.871159 0.252163
vt 0.482089 0.782514
vt 0.474276 0.782514
vt 0.467523 0.782514
vt 0.580203 0.900444
vt 0.600004 0.929369
vt 0.576204 0.930642
vt 0.623759 0.929369
vt 0.643560 0.900444
vt 0.647559 0.930642
vt 0.600006 0.951509
vt 0.621401 0.972023
vt 0.597651 0.972023
vt 0.606722 0.334744
vt 0.626354 0.310991
vt 0.626354 0.334744
vt 0.623759 0.931878
vt 0.644405 0.951513
vt 0.623757 0.951509
vt 0.579355 0.931883
vt 0.579358 0.951513
vt 0.644409 0.931883
vt 0.600005 0.931878
vt 0.600006 0.900530
vt 0.621370 0.880872
vt 0.623758 0.900530
vt 0.465882 0.341284
vt 0.489634 0.310929
vt 0.489634 0.341391
vt 0.795402 0.298864
vt 0.775414 0.327802
vt 0.771382 0.297610
vt 0.806660 0.276710
vt 0.795366 0.255857
vt 0.806642 0.255837
vt 0.795400 0.296357
vt 0.774512 0.276745
vt 0.795382 0.276726
vt 0.774530 0.296376
vt 0.556819 0.341284
vt 0.545509 0.311022
vt 0.556796 0.310822
vt 0.806705 0.327696
vt 0.795447 0.347713
vt 0.795427 0.327701
vt 0.347406 0.402966
vt 0.345135 0.391684
vt 0.347436 0.391684
vt 0.689813 0.310822
vt 0.670182 0.322099
vt 0.670182 0.310822
vt 0.171821 0.951207
vt 0.163461 0.980999
vt 0.164976 0.951503
vt 0.147085 0.929340
vt 0.164942 0.947796
vt 0.147857 0.947092
vt 0.170716 0.947052
vt 0.036591 0.928232
vt 0.055616 0.927186
vt 0.055616 0.928232
vt 0.166330 0.924501
vt 0.166424 0.928927
vt 0.171823 0.929661
vt 0.143806 0.978449
vt 0.162480 0.988559
vt 0.142825 0.986009
vt 0.147458 0.950374
vt 0.036591 0.927186
vt 0.055616 0.901032
vt 0.944734 0.748210
vt 0.944520 0.723559
vt 0.952262 0.721960
vt 0.559314 0.833189
vt 0.580501 0.823249
vt 0.580501 0.835775
vt 0.959013 0.650830
vt 0.956634 0.664247
vt 0.952353 0.654614
vt 0.580501 0.732781
vt 0.560654 0.720795
vt 0.580501 0.720532
vt 0.909530 0.624655
vt 0.900764 0.608083
vt 0.914086 0.612718
vt 0.560325 0.807349
vt 0.580501 0.793108
vt 0.580501 0.808186
vt 0.933289 0.628881
vt 0.937469 0.623483
vt 0.939161 0.626073
vt 0.974459 0.696849
vt 0.958057 0.701896
vt 0.959783 0.693451
vt 0.964501 0.686981
vt 0.948655 0.680583
vt 0.962107 0.677643
vt 0.580501 0.749939
vt 0.560915 0.734467
vt 0.944904 0.696293
vt 0.947703 0.647653
vt 0.953250 0.642247
vt 0.948164 0.704231
vt 0.957413 0.705543
vt 0.949840 0.709444
vt 0.972759 0.706493
vt 0.971355 0.710451
vt 0.559038 0.839408
vt 0.580501 0.840275
vt 0.941395 0.629064
vt 0.940917 0.641876
vt 0.934739 0.632870
vt 0.558857 0.844511
vt 0.580501 0.845735
vt 0.970270 0.713578
vt 0.956734 0.708791
vt 0.927544 0.645025
vt 0.923337 0.630890
vt 0.932047 0.625684
vt 0.950531 0.710907
vt 0.906855 0.731617
vt 0.912115 0.718488
vt 0.921049 0.723532
vt 0.895127 0.654388
vt 0.908378 0.667126
vt 0.898070 0.668012
vt 0.917122 0.682026
vt 0.900994 0.685892
vt 0.899327 0.709027
vt 0.896640 0.686251
vt 0.905266 0.691494
vt 0.907053 0.704336
vt 0.933414 0.668057
vt 0.922954 0.655983
vt 0.930799 0.652716
vt 0.942202 0.707557
vt 0.924354 0.636583
vt 0.920256 0.646835
vt 0.918569 0.637120
vt 0.945652 0.712560
vt 0.938985 0.684262
vt 0.929939 0.670094
vt 0.918772 0.631068
vt 0.913095 0.750341
vt 0.936243 0.734905
vt 0.893187 0.638064
vt 0.908725 0.648036
vt 0.892777 0.632826
vt 0.908116 0.636634
vt 0.948036 0.715338
vt 0.945455 0.713510
vt 0.919144 0.628756
vt 0.923079 0.627573
vt 0.892086 0.625421
vt 0.908471 0.631638
vt 0.941095 0.698007
vt 0.936487 0.685011
vt 0.918851 0.767615
vt 0.955926 0.712426
vt 0.951676 0.712263
vt 0.867079 0.612260
vt 0.968386 0.717172
vt 0.580501 0.851341
vt 0.558416 0.850750
vt 0.559411 0.700042
vt 0.580501 0.695828
vt 0.580501 0.700982
vt 0.559616 0.819830
vt 0.974348 0.687721
vt 0.872457 0.628397
vt 0.875224 0.636699
vt 0.877035 0.642135
vt 0.882034 0.657137
vt 0.886356 0.670105
vt 0.891896 0.686728
vt 0.559985 0.706584
vt 0.580501 0.707259
vt 0.580501 0.766351
vt 0.560383 0.750617
vt 0.964573 0.659996
vt 0.972698 0.676811
vt 0.560410 0.792336
vt 0.945371 0.667989
vt 0.947137 0.636076
vt 0.944611 0.660807
vt 0.918554 0.693680
vt 0.907453 0.697560
vt 0.918191 0.705250
vt 0.916149 0.715888
vt 0.932074 0.713060
vt 0.216634 0.959743
vt 0.224343 0.956822
vt 0.222930 0.965110
vt 0.202401 0.944537
vt 0.195080 0.947401
vt 0.196798 0.938364
vt 0.199507 0.953866
vt 0.192106 0.954741
vt 0.198437 0.971837
vt 0.213162 0.963440
vt 0.217021 0.971869
vt 0.199985 0.958900
vt 0.192595 0.963999
vt 0.219919 0.978599
vt 0.195182 0.979274
vt 0.185096 0.968534
vt 0.184234 0.942493
vt 0.182230 0.954895
vt 0.190230 0.931412
vt 0.233132 0.958163
vt 0.229269 0.969756
vt 0.229832 0.936465
vt 0.217784 0.935912
vt 0.221896 0.928262
vt 0.203257 0.933751
vt 0.201097 0.924501
vt 0.233132 0.947114
vt 0.222669 0.941364
vt 0.213854 0.942752
vt 0.205606 0.941758
vt 0.216424 0.945932
vt 0.200547 0.948754
vt 0.217453 0.950159
vt 0.217686 0.955084
vt 0.203106 0.963180
vt 0.222677 0.949786
vt 0.793565 0.893426
vt 0.774092 0.885579
vt 0.791966 0.879432
vt 0.791378 0.927507
vt 0.772701 0.934714
vt 0.771862 0.921356
vt 0.775407 0.956108
vt 0.791296 0.944722
vt 0.792123 0.955156
vt 0.774031 0.946322
vt 0.791000 0.933415
vt 0.792621 0.911445
vt 0.793341 0.865058
vt 0.776920 0.859385
vt 0.793921 0.862791
vt 0.791644 0.872055
vt 0.775492 0.865804
vt 0.773065 0.904668
vt 0.774436 0.894046
vt 0.777935 0.855140
vt 0.794849 0.858631
vt 0.774091 0.875883
vt 0.698282 0.904595
vt 0.693382 0.855066
vt 0.783711 0.841903
vt 0.956238 0.980132
vt 0.950943 0.891748
vt 0.956238 0.892563
vt 0.698698 0.934682
vt 0.696907 0.893953
vt 0.950943 0.980947
vt 0.946523 0.891386
vt 0.699485 0.921301
vt 0.901094 0.979347
vt 0.893047 0.894672
vt 0.901094 0.893347
vt 0.783238 0.968750
vt 0.696055 0.956108
vt 0.697247 0.875787
vt 0.957835 0.979985
vt 0.957835 0.892709
vt 0.697255 0.885472
vt 0.960933 0.979253
vt 0.960933 0.893442
vt 0.912096 0.981009
vt 0.909486 0.892294
vt 0.912096 0.891685
vt 0.946523 0.981308
vt 0.936138 0.891366
vt 0.695824 0.865722
vt 0.923203 0.981460
vt 0.923203 0.891235
vt 0.909486 0.980401
vt 0.694394 0.859308
vt 0.660607 0.713962
vt 0.661476 0.731297
vt 0.659420 0.732454
vt 0.629412 0.830822
vt 0.636908 0.806151
vt 0.643447 0.830768
vt 0.631730 0.777483
vt 0.620254 0.756534
vt 0.633146 0.753969
vt 0.852713 0.305377
vt 0.872295 0.304001
vt 0.873678 0.306256
vt 0.625431 0.802245
vt 0.632209 0.782399
vt 0.635654 0.801277
vt 0.625720 0.803880
vt 0.636014 0.802913
vt 0.625973 0.805513
vt 0.636458 0.804536
vt 0.626164 0.807145
vt 0.622050 0.783365
vt 0.631911 0.780745
vt 0.621824 0.781746
vt 0.631760 0.779105
vt 0.621516 0.778579
vt 0.621637 0.780152
vt 0.816123 0.887248
vt 0.882640 0.897308
vt 0.816123 0.897308
vt 0.816123 0.807827
vt 0.882640 0.817891
vt 0.816123 0.817891
vt 0.816123 0.827952
vt 0.882640 0.847379
vt 0.816123 0.847379
vt 0.816123 0.798147
vt 0.882640 0.807827
vt 0.816123 0.877184
vt 0.882640 0.887248
vt 0.816123 0.867504
vt 0.882640 0.877184
vt 0.816123 0.788083
vt 0.882640 0.798147
vt 0.816123 0.857440
vt 0.882640 0.867504
vt 0.936138 0.981328
vt 0.816123 0.778023
vt 0.882640 0.788083
vt 0.882640 0.827952
vt 0.882640 0.857440
vt 0.344023 0.402966
vt 0.606722 0.310991
vt 0.603340 0.334574
vt 0.603340 0.310822
vt 0.806680 0.298854
vt 0.806678 0.296346
vt 0.478005 0.644644
vt 0.477204 0.630082
vt 0.368328 0.602468
vt 0.410825 0.636861
vt 0.374821 0.644294
vt 0.413886 0.651929
vt 0.380348 0.662049
vt 0.441262 0.595252
vt 0.444506 0.632924
vt 0.446216 0.648477
vt 0.479319 0.664027
vt 0.478626 0.654498
vt 0.416185 0.661760
vt 0.386843 0.672582
vt 0.418405 0.670902
vt 0.392961 0.680487
vt 0.447409 0.659044
vt 0.448481 0.668923
vt 0.479752 0.669000
vt 0.419407 0.675459
vt 0.395399 0.684156
vt 0.448954 0.674354
vt 0.436832 0.452222
vt 0.478964 0.458596
vt 0.437179 0.459170
vt 0.476065 0.517011
vt 0.438412 0.517076
vt 0.400372 0.518644
vt 0.396963 0.454789
vt 0.357844 0.457418
vt 0.397388 0.461416
vt 0.358285 0.463981
vt 0.362006 0.521170
vt 0.479821 0.450135
vt 0.516494 0.462986
vt 0.477678 0.474572
vt 0.398246 0.476069
vt 0.359250 0.478518
vt 0.437656 0.474316
vt 0.721404 0.769822
vt 0.699081 0.798228
vt 0.699858 0.769463
vt 0.749445 0.769728
vt 0.720424 0.799762
vt 0.721417 0.740655
vt 0.701091 0.740948
vt 0.746619 0.831412
vt 0.717522 0.830419
vt 0.680405 0.796748
vt 0.679758 0.822383
vt 0.676476 0.821387
vt 0.682249 0.740388
vt 0.683383 0.769423
vt 0.679077 0.769609
vt 0.689156 0.797396
vt 0.695094 0.827494
vt 0.684716 0.824573
vt 0.683954 0.796976
vt 0.685985 0.740598
vt 0.691295 0.740773
vt 0.689244 0.769339
vt 0.469536 0.408598
vt 0.487582 0.369330
vt 0.775807 0.746592
vt 0.784098 0.720075
vt 0.801323 0.734582
vt 0.774430 0.724664
vt 0.764293 0.721747
vt 0.748405 0.738450
vt 0.375902 0.758444
vt 0.391647 0.742739
vt 0.388254 0.758910
vt 0.748301 0.535389
vt 0.748299 0.526381
vt 0.753705 0.524294
vt 0.447704 0.758807
vt 0.447678 0.742432
vt 0.410519 0.721142
vt 0.447643 0.720868
vt 0.413689 0.694639
vt 0.447589 0.694563
vt 0.045123 0.868412
vt 0.043530 0.876587
vt 0.041005 0.875436
vt 0.056614 0.822133
vt 0.053795 0.843410
vt 0.054195 0.822323
vt 0.736694 0.512675
vt 0.750760 0.515993
vt 0.745637 0.523070
vt 0.757979 0.537385
vt 0.754329 0.545013
vt 0.676476 0.477426
vt 0.740364 0.500394
vt 0.735376 0.478983
vt 0.680834 0.443334
vt 0.698458 0.406240
vt 0.761118 0.462861
vt 0.760537 0.361835
vt 0.760678 0.548263
vt 0.760352 0.563899
vt 0.565738 0.921414
vt 0.550804 0.911193
vt 0.560941 0.900382
vt 0.543755 0.903001
vt 0.548295 0.889966
vt 0.974633 0.795521
vt 0.972814 0.781758
vt 0.978394 0.782684
vt 0.870086 0.509067
vt 0.861346 0.500123
vt 0.869963 0.496332
vt 0.986532 0.807633
vt 0.864071 0.512627
vt 0.853874 0.525506
vt 0.987249 0.828316
vt 0.981086 0.808957
vt 0.859410 0.526388
vt 0.853874 0.546158
vt 0.951884 0.791564
vt 0.928364 0.796109
vt 0.951966 0.778023
vt 0.556214 0.946123
vt 0.565797 0.947728
vt 0.931938 0.823414
vt 0.920470 0.822442
vt 0.521911 0.880872
vt 0.365883 0.760003
vt 0.361192 0.770683
vt 0.358090 0.770925
vt 0.989091 0.806382
vt 0.367240 0.764212
vt 0.371192 0.746056
vt 0.368668 0.753929
vt 0.365636 0.746186
vt 0.747868 0.532232
vt 0.745179 0.533216
vt 0.747875 0.536429
vt 0.020963 0.856263
vt 0.010600 0.878676
vt 0.009395 0.857125
vt 0.005204 0.831950
vt 0.020312 0.829808
vt 0.008704 0.824544
vt 0.015208 0.823465
vt 0.038362 0.881476
vt 0.056320 0.844562
vt 0.989719 0.828537
vt 0.040887 0.882627
vt 0.036591 0.889474
vt 0.491934 0.826436
vt 0.476189 0.810732
vt 0.488541 0.810265
vt 0.773461 0.534068
vt 0.773011 0.525812
vt 0.773577 0.531005
vt 0.547988 0.810369
vt 0.510822 0.840544
vt 0.547963 0.826743
vt 0.547946 0.840806
vt 0.513993 0.870399
vt 0.547893 0.870465
vt 0.038432 0.783328
vt 0.039170 0.777251
vt 0.041011 0.785182
vt 0.050507 0.801557
vt 0.783470 0.512281
vt 0.770615 0.516902
vt 0.779449 0.500002
vt 0.764098 0.537154
vt 0.768276 0.544383
vt 0.843467 0.477653
vt 0.839135 0.443653
vt 0.783823 0.478345
vt 0.821844 0.406659
vt 0.767855 0.524660
vt 0.775319 0.522498
vt 0.556605 0.975937
vt 0.539717 0.977382
vt 0.548367 0.968927
vt 0.546624 0.985851
vt 0.530383 0.982830
vt 0.965493 0.866543
vt 0.969142 0.858500
vt 0.971232 0.866605
vt 0.861415 0.587040
vt 0.869977 0.583021
vt 0.870002 0.590623
vt 0.982867 0.848478
vt 0.977709 0.846222
vt 0.853929 0.566754
vt 0.863834 0.579674
vt 0.981598 0.827813
vt 0.859417 0.565930
vt 0.923560 0.852899
vt 0.946208 0.858095
vt 0.944193 0.866605
vt 0.934036 0.847144
vt 0.965075 0.858345
vt 0.531275 0.991577
vt 0.458378 0.798251
vt 0.467527 0.804964
vt 0.466170 0.809173
vt 0.461480 0.798493
vt 0.974067 0.864948
vt 0.468956 0.815247
vt 0.471480 0.823120
vt 0.773681 0.534004
vt 0.775622 0.531883
vt 0.021031 0.901058
vt 0.022220 0.878659
vt 0.020275 0.920011
vt 0.009460 0.900231
vt 0.008581 0.925083
vt 0.005204 0.917621
vt 0.041283 0.770765
vt 0.036591 0.775397
vt 0.052821 0.800025
vt 0.985179 0.850148
vt 0.049349 0.772195
vt 0.043862 0.772619
vt 0.461775 0.782514
vt 0.381644 0.931823
vt 0.361843 0.960748
vt 0.357844 0.930550
vt 0.405398 0.931823
vt 0.425200 0.960748
vt 0.405397 0.960662
vt 0.381646 0.909683
vt 0.403041 0.889169
vt 0.405396 0.909683
vt 0.659775 0.334574
vt 0.640143 0.310822
vt 0.659775 0.310822
vt 0.426045 0.909679
vt 0.405398 0.929314
vt 0.360994 0.929309
vt 0.360998 0.909679
vt 0.426048 0.929309
vt 0.403009 0.980320
vt 0.381645 0.960662
vt 0.500041 0.310929
vt 0.523793 0.341284
vt 0.500041 0.341391
vt 0.817958 0.298844
vt 0.837997 0.327747
vt 0.817984 0.327681
vt 0.817919 0.255837
vt 0.817939 0.276706
vt 0.838809 0.276689
vt 0.817955 0.296337
vt 0.838825 0.296319
vt 0.534200 0.341284
vt 0.545509 0.341097
vt 0.817999 0.347693
vt 0.347408 0.380402
vt 0.689813 0.333377
vt 0.670182 0.333377
vt 0.140878 0.949239
vt 0.135977 0.977167
vt 0.142369 0.945799
vt 0.886502 0.767615
vt 0.871886 0.747765
vt 0.885314 0.751877
vt 0.601688 0.833189
vt 0.816661 0.698268
vt 0.826613 0.707576
vt 0.817712 0.708938
vt 0.600348 0.720795
vt 0.837623 0.629124
vt 0.840550 0.647642
vt 0.829745 0.640825
vt 0.600676 0.807349
vt 0.600591 0.792336
vt 0.824076 0.665276
vt 0.817493 0.663465
vt 0.823152 0.661974
vt 0.831909 0.744354
vt 0.848060 0.738552
vt 0.839054 0.751050
vt 0.842797 0.715860
vt 0.833957 0.730485
vt 0.830270 0.721577
vt 0.600087 0.734467
vt 0.855222 0.726179
vt 0.852741 0.713003
vt 0.823805 0.688942
vt 0.816123 0.687945
vt 0.857376 0.734486
vt 0.850763 0.741084
vt 0.859162 0.739662
vt 0.601963 0.839408
vt 0.817701 0.670285
vt 0.825769 0.680249
vt 0.817312 0.679340
vt 0.817694 0.666552
vt 0.825309 0.669337
vt 0.602145 0.844511
vt 0.845296 0.755226
vt 0.853255 0.743275
vt 0.838357 0.674746
vt 0.835845 0.666079
vt 0.833244 0.660914
vt 0.831460 0.658104
vt 0.859487 0.741248
vt 0.894771 0.724268
vt 0.904063 0.723239
vt 0.869910 0.662792
vt 0.866949 0.680932
vt 0.855220 0.665866
vt 0.884115 0.691516
vt 0.868892 0.698099
vt 0.885947 0.704727
vt 0.875728 0.675457
vt 0.848603 0.680760
vt 0.847477 0.696695
vt 0.840367 0.682853
vt 0.864141 0.733571
vt 0.845274 0.671823
vt 0.864382 0.739644
vt 0.851480 0.696240
vt 0.837003 0.658317
vt 0.890648 0.733663
vt 0.861670 0.648567
vt 0.848868 0.656379
vt 0.858856 0.644130
vt 0.845586 0.652594
vt 0.864141 0.743296
vt 0.859384 0.743019
vt 0.835318 0.656691
vt 0.854966 0.637791
vt 0.859298 0.725266
vt 0.855189 0.712103
vt 0.856081 0.745699
vt 0.848959 0.756971
vt 0.602586 0.850750
vt 0.601591 0.700042
vt 0.601712 0.694563
vt 0.601386 0.819830
vt 0.841613 0.732831
vt 0.887814 0.689192
vt 0.601017 0.706584
vt 0.600618 0.750617
vt 0.821298 0.727265
vt 0.600583 0.766892
vt 0.837869 0.703814
vt 0.834169 0.697611
vt 0.824260 0.697301
vt 0.840796 0.663038
vt 0.874737 0.708282
vt 0.864732 0.751129
vt 0.884058 0.698562
vt 0.881968 0.717321
vt 0.889983 0.724608
vt 0.890331 0.709909
vt 0.875545 0.731898
vt 0.865109 0.740285
vt 0.252710 0.954839
vt 0.260645 0.957913
vt 0.254167 0.963416
vt 0.282346 0.946322
vt 0.275349 0.943299
vt 0.281016 0.937663
vt 0.277957 0.952456
vt 0.277037 0.947456
vt 0.279127 0.970016
vt 0.264171 0.961713
vt 0.274357 0.961530
vt 0.285098 0.953386
vt 0.277448 0.957368
vt 0.257455 0.977233
vt 0.282625 0.977233
vt 0.291978 0.966551
vt 0.284672 0.962292
vt 0.292762 0.941958
vt 0.287557 0.931490
vt 0.294524 0.953582
vt 0.243539 0.956158
vt 0.247637 0.968255
vt 0.247497 0.933220
vt 0.260230 0.933362
vt 0.254827 0.938772
vt 0.275125 0.932889
vt 0.278035 0.924501
vt 0.260301 0.970308
vt 0.243658 0.944483
vt 0.254543 0.947563
vt 0.256540 0.924803
vt 0.272265 0.940420
vt 0.261112 0.943825
vt 0.263814 0.940735
vt 0.259941 0.948112
vt 0.259610 0.953141
vt 0.677761 0.893349
vt 0.679364 0.879347
vt 0.679972 0.927497
vt 0.680370 0.933424
vt 0.680108 0.944752
vt 0.679312 0.955205
vt 0.697407 0.946310
vt 0.678708 0.911396
vt 0.677986 0.864985
vt 0.677405 0.862719
vt 0.679685 0.871978
vt 0.676476 0.858561
vt 0.621039 0.731609
vt 0.621171 0.715201
vt 0.640702 0.713262
vt 0.622014 0.714398
vt 0.616183 0.694563
vt 0.627435 0.694709
vt 0.622789 0.733208
vt 0.613401 0.735972
vt 0.872295 0.348244
vt 0.852713 0.346868
vt 0.852993 0.326122
vt 0.620677 0.730662
vt 0.612993 0.717572
vt 0.620287 0.717022
vt 0.613109 0.716191
vt 0.620596 0.716099
vt 0.613259 0.714843
vt 0.613407 0.713524
vt 0.613193 0.731634
vt 0.613181 0.733050
vt 0.621753 0.732453
vt 0.613248 0.734495
vt 0.381644 0.929314
vt 0.344025 0.380402
vt 0.343453 0.391684
vt 0.640143 0.334574
vt 0.636761 0.310991
vt 0.882640 0.916735
vt 0.816123 0.916735
vt 0.036591 0.942157
vt 0.055616 0.942157
vt 0.347436 0.172553
vt 0.297311 0.042267
vt 0.327057 0.101350
vt 0.116098 0.331975
vt 0.110994 0.383439
vt 0.111159 0.347153
vt 0.110031 0.346299
vt 0.068763 0.209311
vt 0.295844 0.047568
vt 0.297646 0.005204
vt 0.290846 0.059018
vt 0.285979 0.103088
vt 0.082342 0.278652
vt 0.120561 0.272689
vt 0.284547 0.072582
vt 0.254598 0.198915
vt 0.254598 0.121331
vt 0.201960 0.383439
vt 0.196855 0.331975
vt 0.201795 0.347153
vt 0.244191 0.209311
vt 0.202923 0.346299
vt 0.290089 0.076540
vt 0.230611 0.278652
vt 0.409937 0.005204
vt 0.357844 0.175097
vt 0.376500 0.090667
vt 0.114866 0.317582
vt 0.151273 0.188586
vt 0.121758 0.319699
vt 0.413553 0.068988
vt 0.405939 0.058061
vt 0.419375 0.047479
vt 0.151273 0.263283
vt 0.455475 0.193879
vt 0.426667 0.069351
vt 0.455475 0.113544
vt 0.198087 0.317582
vt 0.191195 0.319699
vt 0.161680 0.188586
vt 0.421233 0.085252
vt 0.420931 0.092684
vt 0.161680 0.263283
vt 0.192393 0.272689
vt 0.487189 0.222000
vt 0.494299 0.190154
vt 0.504038 0.212697
vt 0.503197 0.245329
vt 0.517942 0.232948
vt 0.523406 0.265136
vt 0.535490 0.250143
vt 0.547055 0.280679
vt 0.556025 0.263636
vt 0.573259 0.291375
vt 0.578777 0.272920
vt 0.601037 0.296825
vt 0.602896 0.277646
vt 0.629357 0.296822
vt 0.627480 0.277632
vt 0.657175 0.291356
vt 0.651610 0.272872
vt 0.683460 0.280583
vt 0.674379 0.263539
vt 0.483874 0.086493
vt 0.513986 0.073143
vt 0.501240 0.094473
vt 0.474231 0.112602
vt 0.492702 0.117494
vt 0.469453 0.140244
vt 0.488560 0.141652
vt 0.470008 0.168423
vt 0.489081 0.166171
vt 0.475987 0.196034
vt 0.497489 0.062511
vt 0.530533 0.052770
vt 0.254346 0.413268
vt 0.304748 0.579428
vt 0.232108 0.639043
vt 0.494518 0.060619
vt 0.513688 0.039768
vt 0.276023 0.424613
vt 0.256961 0.408375
vt 0.277876 0.422354
vt 0.274358 0.426641
vt 0.255583 0.410953
vt 0.480676 0.085010
vt 0.293405 0.441996
vt 0.295663 0.440142
vt 0.291377 0.443661
vt 0.470794 0.111680
vt 0.307063 0.462436
vt 0.309638 0.461058
vt 0.304748 0.463673
vt 0.316470 0.485148
vt 0.319265 0.484299
vt 0.313959 0.485910
vt 0.465882 0.139974
vt 0.321265 0.509259
vt 0.324172 0.508973
vt 0.318654 0.509516
vt 0.466438 0.168841
vt 0.324172 0.534129
vt 0.321265 0.533842
vt 0.472558 0.197133
vt 0.316469 0.557953
vt 0.319264 0.558802
vt 0.318653 0.533585
vt 0.484035 0.223743
vt 0.307062 0.580665
vt 0.309638 0.582042
vt 0.521143 0.267942
vt 0.293404 0.601105
vt 0.295663 0.602958
vt 0.291376 0.599440
vt 0.545375 0.283869
vt 0.276022 0.618488
vt 0.277876 0.620746
vt 0.274357 0.616460
vt 0.572224 0.294830
vt 0.255582 0.632146
vt 0.256959 0.634722
vt 0.254345 0.629832
vt 0.600688 0.300415
vt 0.232870 0.641554
vt 0.233717 0.644350
vt 0.629707 0.300415
vt 0.209045 0.649258
vt 0.208759 0.646351
vt 0.183889 0.649258
vt 0.184176 0.646351
vt 0.208502 0.643739
vt 0.658214 0.294819
vt 0.160065 0.641556
vt 0.159217 0.644352
vt 0.184433 0.643739
vt 0.707154 0.264794
vt 0.685162 0.283783
vt 0.137352 0.632151
vt 0.135974 0.634728
vt 0.160827 0.639045
vt 0.694864 0.250095
vt 0.136464 0.898222
vt 0.115384 0.885083
vt 0.115885 0.884472
vt 0.136091 0.898919
vt 0.114882 0.885694
vt 0.531687 0.054432
vt 0.514711 0.073336
vt 0.159329 0.907693
vt 0.159099 0.908450
vt 0.135718 0.899616
vt 0.501868 0.094601
vt 0.183602 0.912521
vt 0.183525 0.913308
vt 0.158870 0.909206
vt 0.493381 0.117638
vt 0.208429 0.913308
vt 0.208352 0.912521
vt 0.208507 0.914094
vt 0.489271 0.141694
vt 0.232625 0.907693
vt 0.233084 0.909206
vt 0.232855 0.908450
vt 0.489803 0.166085
vt 0.255863 0.898919
vt 0.255491 0.898222
vt 0.256236 0.899616
vt 0.494998 0.189930
vt 0.276571 0.885083
vt 0.276069 0.884472
vt 0.277072 0.885694
vt 0.504685 0.212341
vt 0.294180 0.867473
vt 0.293569 0.866971
vt 0.294791 0.867974
vt 0.518508 0.232473
vt 0.307319 0.846393
vt 0.308017 0.846766
vt 0.535954 0.249567
vt 0.316790 0.823528
vt 0.317547 0.823758
vt 0.308713 0.847139
vt 0.556369 0.262982
vt 0.321618 0.799254
vt 0.322406 0.799332
vt 0.318303 0.823987
vt 0.578990 0.272211
vt 0.322406 0.774428
vt 0.321618 0.774505
vt 0.323192 0.799409
vt 0.602969 0.276908
vt 0.317547 0.750002
vt 0.316790 0.750232
vt 0.318303 0.749773
vt 0.627407 0.276891
vt 0.308017 0.726993
vt 0.307319 0.727366
vt 0.308713 0.726621
vt 0.651384 0.272152
vt 0.294181 0.706286
vt 0.293569 0.706788
vt 0.294791 0.705785
vt 0.673974 0.262859
vt 0.276571 0.688676
vt 0.276069 0.689288
vt 0.277072 0.688066
vt 0.694224 0.249337
vt 0.671403 0.042144
vt 0.704004 0.040813
vt 0.691852 0.055736
vt 0.724102 0.060715
vt 0.709300 0.073016
vt 0.739987 0.084113
vt 0.723094 0.093333
vt 0.751068 0.110130
vt 0.732716 0.115926
vt 0.756938 0.137790
vt 0.737812 0.139949
vt 0.757383 0.166066
vt 0.738192 0.164506
vt 0.752388 0.193913
vt 0.733843 0.188685
vt 0.742119 0.220312
vt 0.724924 0.211580
vt 0.726879 0.244271
vt 0.711715 0.232325
vt 0.553051 0.040826
vt 0.571253 0.013853
vt 0.576126 0.032153
vt 0.598559 0.008745
vt 0.600193 0.027727
vt 0.626643 0.008839
vt 0.624685 0.027896
vt 0.654318 0.014367
vt 0.648726 0.032749
vt 0.680445 0.025164
vt 0.545678 0.023269
vt 0.118578 0.616462
vt 0.101559 0.443663
vt 0.184433 0.399365
vt 0.521753 0.035136
vt 0.544329 0.020120
vt 0.232870 0.401548
vt 0.233719 0.398752
vt 0.232109 0.404059
vt 0.570325 0.010479
vt 0.208759 0.396753
vt 0.209046 0.393846
vt 0.208502 0.399364
vt 0.598237 0.005204
vt 0.184176 0.396753
vt 0.183890 0.393846
vt 0.627003 0.005272
vt 0.160065 0.401550
vt 0.159217 0.398754
vt 0.160827 0.404061
vt 0.655362 0.010924
vt 0.137353 0.410957
vt 0.135976 0.408381
vt 0.138591 0.413272
vt 0.682137 0.021984
vt 0.116913 0.424615
vt 0.115061 0.422357
vt 0.118578 0.426644
vt 0.706279 0.038019
vt 0.099530 0.441998
vt 0.097273 0.440144
vt 0.726873 0.058411
vt 0.083297 0.461061
vt 0.085873 0.462438
vt 0.088187 0.463675
vt 0.743149 0.082387
vt 0.076465 0.485150
vt 0.073670 0.484302
vt 0.078977 0.485912
vt 0.754503 0.109044
vt 0.071670 0.509261
vt 0.068763 0.508974
vt 0.074282 0.509518
vt 0.760518 0.137385
vt 0.071670 0.533844
vt 0.068763 0.534130
vt 0.074281 0.533587
vt 0.760975 0.166356
vt 0.076466 0.557955
vt 0.073671 0.558803
vt 0.078977 0.557193
vt 0.755860 0.194890
vt 0.083297 0.582045
vt 0.085873 0.580667
vt 0.088188 0.579430
vt 0.745342 0.221946
vt 0.097273 0.602961
vt 0.099531 0.601107
vt 0.101559 0.599443
vt 0.729726 0.246512
vt 0.116913 0.618491
vt 0.115059 0.620749
vt 0.709478 0.267573
vt 0.138590 0.629835
vt 0.098385 0.866972
vt 0.097774 0.867473
vt 0.097163 0.867975
vt 0.553134 0.041465
vt 0.084635 0.846393
vt 0.083938 0.846766
vt 0.083241 0.847139
vt 0.576188 0.032755
vt 0.075164 0.823528
vt 0.074407 0.823758
vt 0.073651 0.823987
vt 0.600229 0.028395
vt 0.069549 0.799332
vt 0.070336 0.799254
vt 0.068763 0.799409
vt 0.624614 0.028602
vt 0.070336 0.774505
vt 0.069549 0.774428
vt 0.068763 0.774350
vt 0.648519 0.033448
vt 0.074407 0.750002
vt 0.075164 0.750232
vt 0.073651 0.749773
vt 0.671060 0.042796
vt 0.083938 0.726994
vt 0.084635 0.727366
vt 0.083241 0.726621
vt 0.691387 0.056310
vt 0.097774 0.706286
vt 0.098385 0.706788
vt 0.097163 0.705785
vt 0.708732 0.073489
vt 0.115886 0.689288
vt 0.115384 0.688676
vt 0.114883 0.688066
vt 0.722445 0.093688
vt 0.136464 0.675538
vt 0.136091 0.674840
vt 0.135718 0.674144
vt 0.732011 0.116149
vt 0.159329 0.666067
vt 0.159099 0.665310
vt 0.158870 0.664554
vt 0.737076 0.140033
vt 0.183525 0.660451
vt 0.183603 0.661239
vt 0.183448 0.659665
vt 0.737451 0.164447
vt 0.208429 0.660451
vt 0.208352 0.661239
vt 0.208507 0.659665
vt 0.733122 0.188481
vt 0.232855 0.665310
vt 0.232625 0.666067
vt 0.233084 0.664554
vt 0.724263 0.211232
vt 0.255864 0.674840
vt 0.255491 0.675538
vt 0.256236 0.674144
vt 0.711115 0.231807
vt 0.704571 0.320383
vt 0.712369 0.315172
vt 0.717579 0.322970
vt 0.834318 0.216377
vt 0.829118 0.244745
vt 0.830533 0.216121
vt 0.831336 0.205339
vt 0.829384 0.123938
vt 0.833978 0.123973
vt 0.795476 0.204732
vt 0.788380 0.124320
vt 0.792947 0.124221
vt 0.823247 0.204865
vt 0.824810 0.123916
vt 0.791469 0.204974
vt 0.783793 0.124444
vt 0.820250 0.123911
vt 0.787411 0.205189
vt 0.779176 0.124572
vt 0.819277 0.204679
vt 0.815696 0.123908
vt 0.783284 0.205574
vt 0.774501 0.124677
vt 0.811145 0.123939
vt 0.807411 0.204554
vt 0.806600 0.123987
vt 0.815307 0.204669
vt 0.844217 0.206854
vt 0.843263 0.124076
vt 0.847994 0.124112
vt 0.803450 0.204608
vt 0.802052 0.124038
vt 0.839750 0.206079
vt 0.838600 0.124017
vt 0.797501 0.124121
vt 0.835492 0.205695
vt 0.799464 0.204710
vt 0.811248 0.210138
vt 0.807297 0.210147
vt 0.803400 0.210192
vt 0.799558 0.210279
vt 0.795714 0.210321
vt 0.791915 0.210532
vt 0.788183 0.210743
vt 0.784560 0.211089
vt 0.778946 0.206368
vt 0.781414 0.211628
vt 0.841812 0.212392
vt 0.838499 0.211819
vt 0.834763 0.211428
vt 0.830948 0.211061
vt 0.827048 0.210767
vt 0.823110 0.210527
vt 0.827264 0.205076
vt 0.819135 0.210326
vt 0.815185 0.210271
vt 0.628293 0.847358
vt 0.622164 0.856530
vt 0.612993 0.850401
vt 0.799144 0.243117
vt 0.795868 0.215328
vt 0.799643 0.215282
vt 0.826698 0.215886
vt 0.791819 0.242895
vt 0.792143 0.215418
vt 0.821519 0.244232
vt 0.822828 0.215683
vt 0.788486 0.215527
vt 0.818940 0.215516
vt 0.788178 0.242805
vt 0.784923 0.215647
vt 0.813992 0.243782
vt 0.815050 0.215399
vt 0.780928 0.242650
vt 0.781490 0.215731
vt 0.810255 0.243586
vt 0.807296 0.215263
vt 0.811167 0.215306
vt 0.840646 0.245430
vt 0.838039 0.216629
vt 0.841680 0.216843
vt 0.806534 0.243410
vt 0.803453 0.215257
vt 0.832947 0.245016
vt 0.885092 0.445883
vt 0.862772 0.479430
vt 0.860114 0.447995
vt 0.943810 0.122798
vt 0.952708 0.091891
vt 0.950050 0.123326
vt 0.898465 0.118964
vt 0.861059 0.084142
vt 0.901122 0.087530
vt 0.025363 0.683272
vt 0.006024 0.651725
vt 0.025363 0.651725
vt 0.025363 0.635622
vt 0.025363 0.723479
vt 0.006024 0.683272
vt 0.944167 0.424728
vt 0.903853 0.425150
vt 0.943916 0.421763
vt 0.071746 0.937190
vt 0.089206 0.972813
vt 0.070959 0.972269
vt 0.875026 0.430574
vt 0.883736 0.429837
vt 0.902479 0.071484
vt 0.921490 0.089252
vt 0.931556 0.073942
vt 0.946468 0.091364
vt 0.905460 0.444161
vt 0.904103 0.428115
vt 0.037411 0.720916
vt 0.056750 0.712176
vt 0.056750 0.720916
vt 0.025363 0.768986
vt 0.006024 0.743919
vt 0.025363 0.743919
vt 0.908118 0.475596
vt 0.948182 0.472208
vt 0.945524 0.440774
vt 0.922847 0.073206
vt 0.037411 0.712176
vt 0.056750 0.691735
vt 0.918832 0.120686
vt 0.863762 0.033032
vt 0.896604 0.005204
vt 0.902547 0.026104
vt 0.037411 0.691735
vt 0.056750 0.688760
vt 0.006024 0.635622
vt 0.025363 0.632646
vt 0.025363 0.625570
vt 0.005204 0.628801
vt 0.006024 0.625570
vt 0.056750 0.623784
vt 0.037411 0.583577
vt 0.056750 0.583577
vt 0.942821 0.389664
vt 0.909979 0.361835
vt 0.948182 0.374370
vt 0.056750 0.645513
vt 0.037411 0.623784
vt 0.006024 0.599783
vt 0.025363 0.583577
vt 0.025363 0.599783
vt 0.006024 0.611029
vt 0.025363 0.611029
vt 0.056750 0.667142
vt 0.037411 0.645513
vt 0.942152 0.400889
vt 0.904035 0.382736
vt 0.864431 0.044258
vt 0.904495 0.047645
vt 0.105567 0.972776
vt 0.089257 0.991072
vt 0.105351 0.928864
vt 0.089083 0.928872
vt 0.054724 0.725321
vt 0.038922 0.760358
vt 0.039438 0.725321
vt 0.122671 0.937087
vt 0.006024 0.806795
vt 0.025363 0.775249
vt 0.025363 0.806795
vt 0.025363 0.813058
vt 0.006024 0.768986
vt 0.006024 0.775249
vt 0.853874 0.448523
vt 0.125570 0.933514
vt 0.105809 0.924501
vt 0.088589 0.924501
vt 0.068763 0.933554
vt 0.903231 0.316220
vt 0.902506 0.344295
vt 0.888831 0.330620
vt 0.926213 0.293238
vt 0.963117 0.283683
vt 0.939888 0.306913
vt 0.984335 0.262465
vt 0.949442 0.270009
vt 0.970660 0.248790
vt 0.913824 0.263190
vt 0.969935 0.319301
vt 0.984335 0.304902
vt 0.916906 0.329895
vt 0.751884 0.315408
vt 0.748908 0.330369
vt 0.733947 0.327393
vt 0.592933 0.321119
vt 0.582636 0.336529
vt 0.567226 0.326232
vt 0.924981 0.231565
vt 0.920373 0.237945
vt 0.920462 0.231510
vt 0.929509 0.231617
vt 0.924894 0.238013
vt 0.961656 0.231662
vt 0.957060 0.238383
vt 0.957010 0.231720
vt 0.915951 0.231451
vt 0.915859 0.237877
vt 0.952377 0.238366
vt 0.952378 0.231746
vt 0.911352 0.237808
vt 0.911446 0.231390
vt 0.947733 0.238327
vt 0.947766 0.231748
vt 0.906944 0.231326
vt 0.906847 0.237740
vt 0.943175 0.231732
vt 0.943121 0.238275
vt 0.902344 0.237670
vt 0.902446 0.231257
vt 0.938604 0.231703
vt 0.938536 0.238214
vt 0.897947 0.231184
vt 0.897840 0.237597
vt 0.934049 0.231663
vt 0.933973 0.238149
vt 0.893447 0.231107
vt 0.893336 0.237521
vt 0.929426 0.238082
vt 0.888942 0.231026
vt 0.888831 0.237443
vt 0.720277 0.327825
vt 0.716589 0.325361
vt 0.717224 0.330879
vt 0.714759 0.327190
vt 0.713234 0.332531
vt 0.712369 0.328181
vt 0.708916 0.332531
vt 0.709781 0.328181
vt 0.704927 0.330879
vt 0.707391 0.327190
vt 0.701873 0.327825
vt 0.705561 0.325361
vt 0.704571 0.322970
vt 0.700221 0.319517
vt 0.705561 0.317992
vt 0.704927 0.312474
vt 0.707391 0.316163
vt 0.709781 0.315172
vt 0.713234 0.310822
vt 0.717224 0.312474
vt 0.714759 0.316163
vt 0.720277 0.315528
vt 0.716589 0.317992
vt 0.717579 0.320383
vt 0.721930 0.319517
vt 0.795355 0.011195
vt 0.790398 0.005732
vt 0.795173 0.005564
vt 0.838469 0.005387
vt 0.833686 0.010965
vt 0.833705 0.005370
vt 0.800144 0.011065
vt 0.799980 0.005383
vt 0.843214 0.010993
vt 0.843232 0.005403
vt 0.804952 0.010963
vt 0.804855 0.005204
vt 0.847976 0.011007
vt 0.847994 0.005417
vt 0.814571 0.010917
vt 0.809755 0.005223
vt 0.814590 0.005262
vt 0.776133 0.006185
vt 0.771550 0.011905
vt 0.771382 0.006328
vt 0.819388 0.005298
vt 0.780885 0.006039
vt 0.776303 0.011763
vt 0.824143 0.010936
vt 0.824168 0.005327
vt 0.785815 0.011478
vt 0.785639 0.005890
vt 0.828939 0.005350
vt 0.790580 0.011335
vt 0.888914 0.134236
vt 0.893458 0.140513
vt 0.888999 0.140571
vt 0.933784 0.133736
vt 0.929294 0.140138
vt 0.929282 0.133733
vt 0.897831 0.134115
vt 0.893372 0.134176
vt 0.938281 0.140123
vt 0.933789 0.140129
vt 0.902292 0.134051
vt 0.897918 0.140455
vt 0.942767 0.133741
vt 0.938278 0.133739
vt 0.906850 0.140338
vt 0.902382 0.140397
vt 0.947255 0.140114
vt 0.942769 0.140118
vt 0.906757 0.133982
vt 0.911324 0.140281
vt 0.951734 0.133739
vt 0.947252 0.133741
vt 0.911230 0.133909
vt 0.915806 0.140226
vt 0.956221 0.140105
vt 0.951739 0.140109
vt 0.920229 0.133748
vt 0.915717 0.133830
vt 0.960697 0.133733
vt 0.956216 0.133736
vt 0.924796 0.140153
vt 0.924765 0.133734
vt 0.920297 0.140180
vt 0.893890 0.209188
vt 0.889352 0.209016
vt 0.934098 0.209524
vt 0.929613 0.209519
vt 0.898345 0.209277
vt 0.938578 0.209524
vt 0.907247 0.209397
vt 0.902797 0.209332
vt 0.943062 0.209486
vt 0.952072 0.209362
vt 0.947561 0.209435
vt 0.916180 0.209458
vt 0.911705 0.209418
vt 0.920653 0.209486
vt 0.956612 0.209252
vt 0.925131 0.209506
vt 0.037411 0.681683
vt 0.056750 0.681683
vt 0.862666 0.065131
vt 0.902730 0.068519
vt 0.863206 0.058748
vt 0.903270 0.062135
vt 0.057571 0.684914
vt 0.037411 0.688760
vt 0.036591 0.684914
vt 0.901855 0.421764
vt 0.904728 0.065132
vt 0.861265 0.061458
vt 0.026184 0.628801
vt 0.006024 0.632646
vt 0.903313 0.418766
vt 0.943377 0.415379
vt 0.920652 0.197949
vt 0.925099 0.206848
vt 0.920626 0.206832
vt 0.929579 0.197947
vt 0.925113 0.197950
vt 0.960764 0.197788
vt 0.956486 0.206583
vt 0.956348 0.197810
vt 0.916163 0.206808
vt 0.916199 0.197945
vt 0.951912 0.197843
vt 0.952043 0.206692
vt 0.911717 0.206774
vt 0.911754 0.197939
vt 0.947563 0.206766
vt 0.947458 0.197875
vt 0.907319 0.197934
vt 0.907271 0.206758
vt 0.942994 0.197903
vt 0.943071 0.206818
vt 0.902838 0.206700
vt 0.902896 0.197929
vt 0.938523 0.197926
vt 0.938567 0.206858
vt 0.898488 0.197929
vt 0.898432 0.206652
vt 0.934050 0.197939
vt 0.934065 0.206861
vt 0.894062 0.206576
vt 0.894098 0.197939
vt 0.929578 0.206858
vt 0.889846 0.206459
vt 0.889729 0.197970
vt 0.961273 0.209057
vt 0.960701 0.140101
vt 0.792805 0.116011
vt 0.797375 0.115920
vt 0.838576 0.115703
vt 0.834000 0.115697
vt 0.801944 0.115841
vt 0.843145 0.115710
vt 0.806517 0.115790
vt 0.847681 0.115672
vt 0.811093 0.115739
vt 0.815669 0.115703
vt 0.779143 0.116296
vt 0.774637 0.116359
vt 0.820248 0.115695
vt 0.783685 0.116200
vt 0.824833 0.115686
vt 0.788241 0.116097
vt 0.829417 0.115688
vt 0.828917 0.010950
vt 0.781057 0.011621
vt 0.819362 0.010924
vt 0.809767 0.010924
vt 0.838451 0.010979
vt 0.028782 0.060084
vt 0.058356 0.415742
vt 0.037699 0.212084
vt 0.543174 0.595455
vt 0.609776 0.604054
vt 0.739687 0.633873
vt 0.909558 0.545912
vt 0.357844 0.811754
vt 0.365636 0.827139
vt 0.744166 0.536127
vt 0.897238 0.847168
vt 0.903051 0.880828
vt 0.860926 0.133733
vt 0.874631 0.224333
vt 0.950191 0.570687
vt 0.458131 0.757424
vt 0.930088 0.562490
vt 0.775005 0.535305
vt 0.873738 0.250309
vt 0.597617 0.880872
vt 0.465882 0.310822
vt 0.806724 0.348569
vt 0.689813 0.322099
vt 0.171823 0.981095
vt 0.146990 0.924915
vt 0.036591 0.901032
vt 0.559289 0.694563
vt 0.560419 0.766892
vt 0.687629 0.841819
vt 0.893047 0.978022
vt 0.688225 0.968750
vt 0.641089 0.732084
vt 0.659420 0.713628
vt 0.661476 0.714842
vt 0.661794 0.716032
vt 0.661794 0.730116
vt 0.660607 0.732153
vt 0.874292 0.326122
vt 0.852383 0.306703
vt 0.853670 0.304391
vt 0.854997 0.304010
vt 0.870953 0.303675
vt 0.873292 0.304945
vt 0.882640 0.778023
vt 0.475916 0.593690
vt 0.405573 0.598203
vt 0.748672 0.801072
vt 0.047648 0.869564
vt 0.556226 0.922006
vt 0.970557 0.794997
vt 0.859458 0.546151
vt 0.938172 0.800398
vt 0.357844 0.761572
vt 0.980944 0.781392
vt 0.039116 0.890625
vt 0.458131 0.807604
vt 0.465923 0.822989
vt 0.015067 0.926270
vt 0.051928 0.774049
vt 0.429199 0.930550
vt 0.379290 0.889169
vt 0.379257 0.980320
vt 0.523793 0.310822
vt 0.841976 0.297548
vt 0.534223 0.310822
vt 0.142097 0.929783
vt 0.842552 0.753374
vt 0.826522 0.736983
vt 0.873678 0.345988
vt 0.873292 0.347299
vt 0.870953 0.348569
vt 0.854997 0.348235
vt 0.853670 0.347853
vt 0.852383 0.345542
vt 0.636761 0.334744
vt 0.314768 0.369995
vt 0.101357 0.005204
vt 0.211597 0.005204
vt 0.395904 0.351428
vt 0.313958 0.557191
vt 0.510741 0.037766
vt 0.500436 0.247646
vt 0.183448 0.914094
vt 0.323192 0.774350
vt 0.520300 0.032051
vt 0.811352 0.204524
vt 0.612993 0.847358
vt 0.614157 0.844546
vt 0.616309 0.842394
vt 0.619121 0.841230
vt 0.622164 0.841230
vt 0.624976 0.842394
vt 0.627128 0.844546
vt 0.628293 0.850401
vt 0.627128 0.853213
vt 0.624976 0.855365
vt 0.619121 0.856530
vt 0.616309 0.855365
vt 0.614157 0.853213
vt 0.795474 0.242998
vt 0.825309 0.244482
vt 0.817747 0.243998
vt 0.784550 0.242725
vt 0.836801 0.245291
vt 0.802831 0.243254
vt 0.887750 0.477318
vt 0.858401 0.115577
vt 0.006024 0.723479
vt 0.862415 0.068097
vt 0.858401 0.017738
vt 0.006024 0.583577
vt 0.037411 0.667142
vt 0.902088 0.404277
vt 0.105600 0.991035
vt 0.055240 0.760358
vt 0.123765 0.972073
vt 0.006024 0.813058
vt 0.856532 0.479957
vt 0.928224 0.248790
vt 0.732337 0.323505
vt 0.732337 0.319297
vt 0.733947 0.315408
vt 0.736923 0.312433
vt 0.740811 0.310822
vt 0.745020 0.310822
vt 0.748908 0.312433
vt 0.753495 0.319297
vt 0.753495 0.323505
vt 0.751884 0.327393
vt 0.745020 0.331980
vt 0.740811 0.331980
vt 0.736923 0.330369
vt 0.567226 0.321119
vt 0.569183 0.316395
vt 0.572798 0.312779
vt 0.577523 0.310822
vt 0.582636 0.310822
vt 0.587360 0.312779
vt 0.590976 0.316395
vt 0.592933 0.326232
vt 0.590976 0.330957
vt 0.587360 0.334572
vt 0.577523 0.336529
vt 0.572798 0.334572
vt 0.569183 0.330957
vt 0.961738 0.238326
vt 0.721930 0.323836
vt 0.700221 0.323836
vt 0.701873 0.315528
vt 0.708916 0.310822
vt 0.945318 0.418089
vt 0.960767 0.206424
s 1
usemtl USMC_Corpsman
f 21/1/1 19/2/2 15/3/3
f 7/4/4 11/5/5 13/6/6
f 8/7/7 11/5/5 10/8/8
f 9/9/9 11/5/5 12/10/10
f 14/11/11 18/12/12 20/13/13
f 15/3/3 18/12/12 17/14/14
f 16/15/15 18/12/12 19/2/2
f 37/16/16 28/17/17 40/18/18
f 14/11/11 36/19/19 35/20/20
f 20/13/13 37/16/16 36/19/19
f 15/3/3 30/21/21 21/1/1
f 7/4/4 3/22/22 1/23/23
f 13/6/6 2/24/24 3/22/22
f 5/25/25 17/14/14 14/11/11
f 6/26/26 15/3/3 17/14/14
f 7/4/4 38/27/27 33/28/28
f 25/29/29 8/7/7 27/30/30
f 19/2/2 28/17/17 16/15/15
f 22/31/31 2/24/24 9/9/9
f 9/9/9 25/29/29 22/31/31
f 27/30/30 26/32/32 25/29/29
f 26/32/33 28/17/17 24/33/34
f 22/31/31 26/32/32 23/34/35
f 26/32/33 21/1/1 23/34/36
f 40/18/18 29/35/37 41/36/38
f 29/35/39 42/37/40 41/36/41
f 30/21/21 23/34/36 21/1/1
f 23/34/35 31/38/42 22/31/31
f 33/28/28 10/8/8 7/4/4
f 35/20/20 5/25/25 14/11/11
f 43/39/43 27/30/30 8/7/7
f 10/8/8 43/39/43 8/7/7
f 32/40/44 47/41/45 31/38/46
f 32/40/44 46/42/47 48/43/44
f 31/38/46 44/44/44 2/24/44
f 4/45/44 46/42/47 30/21/48
f 3/22/44 44/44/44 49/46/44
f 49/46/44 1/23/44 3/22/44
f 45/47/44 6/26/44 50/48/44
f 5/25/44 50/48/44 6/26/44
f 69/49/49 71/50/50 65/51/51
f 57/52/52 61/53/53 60/54/54
f 58/55/55 61/53/53 62/56/56
f 59/57/57 61/53/53 63/58/58
f 64/59/59 68/60/60 67/61/61
f 65/51/51 68/60/60 69/49/49
f 66/62/62 68/60/60 70/63/63
f 78/64/64 37/16/16 40/18/18
f 36/19/19 64/59/59 35/20/20
f 37/16/16 70/63/63 36/19/19
f 80/65/65 65/51/51 71/50/50
f 53/66/66 57/52/52 51/67/67
f 52/68/68 63/58/58 53/66/66
f 67/61/61 55/69/69 64/59/59
f 65/51/51 56/70/70 67/61/61
f 38/27/27 57/52/52 33/28/28
f 75/71/71 58/55/55 62/56/56
f 69/49/49 78/64/64 74/72/72
f 52/68/68 72/73/73 59/57/57
f 75/71/71 59/57/57 72/73/73
f 76/74/74 77/75/75 75/71/71
f 76/74/76 78/64/64 79/76/77
f 72/73/73 76/74/74 75/71/71
f 71/50/50 76/74/76 73/77/78
f 40/18/18 79/76/77 78/64/64
f 42/37/40 79/76/79 41/36/41
f 73/77/78 80/65/65 71/50/50
f 73/77/80 81/78/81 82/79/82
f 60/54/54 33/28/28 57/52/52
f 55/69/69 35/20/20 64/59/59
f 77/75/75 43/39/43 58/55/55
f 43/39/43 60/54/54 58/55/55
f 47/41/45 82/79/44 81/78/46
f 82/79/44 46/42/47 80/65/48
f 44/44/44 81/78/46 52/68/44
f 46/42/47 54/80/44 80/65/48
f 53/66/44 44/44/44 52/68/44
f 51/67/44 49/46/44 53/66/44
f 56/70/44 45/47/44 50/48/44
f 50/48/44 55/69/44 56/70/44
f 84/81/83 112/82/84 99/83/85
f 110/84/44 97/85/86 84/81/83
f 106/86/87 109/87/88 85/88/89
f 85/88/89 113/89/90 106/86/87
f 97/85/86 108/90/91 86/91/92
f 86/91/92 112/82/84 97/85/86
f 86/91/92 113/89/90 101/92/93
f 108/90/91 106/86/87 86/91/92
f 87/93/94 114/94/95 103/95/96
f 99/83/85 102/96/97 87/93/94
f 98/97/98 100/98/99 88/99/100
f 88/99/100 115/100/101 98/97/98
f 102/96/97 101/92/93 89/101/102
f 89/101/102 114/94/95 102/96/97
f 89/101/102 115/100/101 105/102/103
f 101/92/93 98/97/98 89/101/102
f 103/95/96 132/103/104 90/104/105
f 133/105/106 104/106/107 91/107/108
f 132/103/104 105/102/103 129/108/109
f 105/102/103 133/105/106 129/108/109
f 122/109/110 152/110/111 118/111/91
f 108/90/91 107/112/110 92/113/91
f 95/114/112 108/90/91 92/113/91
f 118/111/91 111/115/113 121/116/112
f 121/116/112 154/117/114 119/118/88
f 109/87/88 95/114/112 93/119/88
f 107/112/110 110/84/44 94/120/44
f 120/121/44 153/122/115 122/109/110
f 120/121/44 123/123/110 126/124/44
f 127/125/112 119/118/88 125/126/88
f 118/111/91 127/125/112 124/127/91
f 123/123/110 118/111/91 124/127/91
f 107/112/110 124/127/91 92/113/91
f 124/127/91 95/114/112 92/113/91
f 95/114/112 125/126/88 93/119/88
f 126/124/44 107/112/110 94/120/44
f 128/128/116 142/129/117 131/130/118
f 131/130/118 158/131/119 128/128/116
f 158/131/119 137/132/120 128/128/116
f 128/128/116 143/133/121 138/134/122
f 144/135/123 143/133/121 137/132/120
f 137/132/120 159/136/124 144/135/123
f 157/137/125 131/130/118 145/138/126
f 145/138/126 142/129/117 150/139/127
f 148/140/128 133/141/106 91/142/108
f 132/143/104 149/144/129 90/145/105
f 133/141/106 135/146/130 129/147/109
f 135/146/130 132/143/104 129/147/109
f 150/139/127 136/148/131 146/149/132
f 146/149/132 140/150/133 148/140/128
f 147/151/134 141/152/135 134/153/136
f 134/153/136 151/154/137 147/151/134
f 130/155/138 140/150/133 136/148/131
f 136/148/131 138/134/122 130/155/138
f 138/134/122 134/153/136 130/155/138
f 130/155/138 141/152/135 135/146/130
f 153/122/115 155/156/27 152/157/111
f 111/158/113 155/156/27 154/159/114
f 164/160/139 158/161/119 139/162/140
f 160/163/141 161/164/142 162/165/143
f 158/161/119 163/166/144 156/167/145
f 163/166/144 159/136/124 156/167/145
f 157/168/125 164/160/139 139/162/140
f 168/169/146 177/170/147 176/171/148
f 179/172/149 190/173/150 195/174/151
f 173/175/152 168/169/146 176/171/148
f 170/176/153 165/177/154 169/178/155
f 219/179/156 169/178/155 217/180/157
f 277/181/158 176/171/148 279/182/159
f 166/183/160 202/184/161 198/185/162
f 167/186/163 246/187/164 218/188/165
f 189/189/166 186/190/167 182/191/168
f 188/192/169 179/172/149 181/193/170
f 187/194/171 182/191/168 178/195/172
f 178/195/172 184/196/173 183/197/174
f 183/197/174 238/198/175 235/199/176
f 186/190/167 190/173/150 180/200/177
f 280/201/178 189/189/166 187/194/171
f 181/193/170 237/202/179 188/192/169
f 282/203/180 191/204/181 189/189/166
f 169/205/182 178/206/183 183/207/182
f 165/208/183 187/209/27 178/206/183
f 172/210/184 180/211/185 174/212/186
f 166/213/187 185/214/188 171/215/189
f 175/216/190 180/211/185 188/217/169
f 167/218/191 179/219/192 166/213/187
f 220/220/193 188/217/169 237/221/179
f 218/222/194 181/223/195 167/218/191
f 170/224/196 182/225/197 168/226/198
f 169/205/182 235/227/199 217/228/199
f 170/224/196 238/229/200 184/230/201
f 171/215/189 281/231/202 278/232/202
f 172/210/184 182/225/197 186/233/203
f 173/234/27 280/235/27 187/209/27
f 171/236/204 194/237/205 193/238/206
f 278/239/207 203/240/208 171/236/204
f 174/212/186 200/241/209 199/242/210
f 193/238/206 177/170/147 192/243/211
f 172/244/212 192/243/211 177/170/147
f 191/204/181 195/174/151 190/173/150
f 195/174/151 185/245/213 179/172/149
f 196/246/214 281/247/215 185/245/213
f 285/248/216 196/246/214 191/204/181
f 197/249/217 249/250/218 246/251/219
f 199/252/220 197/249/217 198/253/221
f 198/253/221 201/254/222 199/252/220
f 192/255/223 202/184/161 193/256/224
f 166/183/160 197/257/225 167/186/163
f 175/216/190 249/258/226 200/241/209
f 174/259/227 201/260/228 192/255/223
f 279/182/159 177/170/147 284/261/229
f 284/261/229 194/237/205 283/262/230
f 283/262/230 203/240/208 287/263/231
f 216/264/232 207/265/233 215/266/234
f 222/267/235 233/268/236 223/269/237
f 212/270/238 207/265/233 204/271/239
f 204/271/239 209/272/240 208/273/241
f 208/273/241 219/274/156 217/275/157
f 288/276/178 215/266/234 212/270/238
f 205/277/242 251/278/243 240/279/244
f 246/187/164 206/280/245 218/188/165
f 232/281/246 229/282/247 234/283/248
f 222/267/235 231/284/249 224/285/250
f 230/286/251 225/287/252 232/281/246
f 227/288/253 221/289/254 226/290/255
f 238/198/175 226/290/255 235/199/176
f 233/268/236 229/282/247 223/269/237
f 291/291/158 232/281/246 293/292/256
f 224/285/250 237/202/179 236/293/257
f 293/292/256 234/283/248 296/294/258
f 208/295/259 221/296/183 204/297/260
f 204/297/260 230/298/27 212/299/27
f 223/300/261 211/301/262 213/302/263
f 228/303/264 205/304/265 210/305/189
f 214/306/266 223/300/261 213/302/263
f 222/307/267 206/308/268 205/304/265
f 220/220/193 231/309/249 214/306/266
f 224/310/269 218/222/194 206/308/268
f 225/311/270 209/312/271 207/313/272
f 217/228/199 226/314/182 208/295/259
f 227/315/273 219/316/274 209/312/271
f 292/317/202 210/305/189 289/318/202
f 211/301/262 225/311/270 207/313/272
f 212/299/27 291/319/275 288/320/275
f 240/321/276 252/322/277 210/323/278
f 252/322/277 289/324/279 210/323/278
f 247/325/280 214/306/266 213/302/263
f 240/321/276 216/264/232 241/326/281
f 211/327/282 239/328/283 213/329/284
f 234/283/248 242/330/285 243/331/286
f 228/332/287 242/330/285 222/267/235
f 292/333/288 243/331/286 228/332/287
f 243/331/286 296/294/258 234/283/248
f 244/334/289 249/250/218 248/335/290
f 245/336/291 248/335/290 247/337/292
f 245/336/291 250/338/293 251/339/294
f 251/278/243 239/340/295 240/279/244
f 206/280/245 245/341/296 205/277/242
f 214/306/266 249/258/226 220/220/193
f 250/342/297 213/343/298 239/340/295
f 216/264/232 290/344/299 295/345/300
f 241/326/281 295/345/300 294/346/301
f 294/346/301 252/322/277 241/326/281
f 264/347/302 261/348/303 263/349/304
f 262/350/305 265/351/306 266/352/307
f 254/353/27 256/354/27 253/355/27
f 267/356/308 253/357/309 256/358/309
f 260/359/310 256/360/310 257/361/310
f 268/362/311 254/353/312 253/363/312
f 262/350/305 267/364/313 260/359/310
f 268/362/311 261/348/303 259/365/312
f 255/366/314 265/367/314 258/368/314
f 264/369/315 266/370/315 265/371/315
f 262/350/316 255/366/316 258/368/316
f 273/372/91 274/373/91 275/374/91
f 299/375/27 269/376/27 300/377/27
f 272/378/91 269/379/91 270/380/91
f 273/372/91 276/381/91 272/378/91
f 274/382/317 302/383/318 275/384/319
f 305/385/320 274/386/321 271/387/322
f 276/388/323 303/389/324 301/390/325
f 276/391/326 300/392/44 269/393/326
f 308/394/91 307/395/91 306/396/91
f 663/397/327 310/398/327 661/399/327
f 306/396/91 311/400/91 308/394/91
f 662/401/328 308/402/328 311/403/328
f 663/397/329 313/404/329 312/405/329
f 311/400/91 312/405/91 313/406/91
f 658/407/330 309/408/330 660/409/330
f 661/399/331 306/396/332 657/410/332
f 306/396/332 658/407/333 657/410/332
f 659/411/334 309/412/334 308/402/334
f 368/413/335 349/414/336 367/415/337
f 320/416/338 388/417/339 391/418/340
f 382/419/341 314/420/342 317/421/343
f 410/422/344 374/423/345 390/424/346
f 341/425/347 381/426/348 366/427/349
f 371/428/350 389/429/351 408/430/352
f 339/431/353 381/432/354 373/433/355
f 315/434/356 324/435/357 321/436/358
f 370/437/359 322/438/360 316/439/361
f 409/440/362 384/441/363 410/422/344
f 325/442/364 322/438/360 321/436/358
f 382/419/341 383/443/365 384/444/363
f 325/442/364 324/435/357 330/445/366
f 330/445/366 334/446/367 335/447/368
f 334/446/367 320/448/338 331/449/369
f 331/450/369 391/418/340 393/451/370
f 372/452/371 328/453/372 333/454/373
f 373/433/355 333/454/373 339/431/353
f 336/455/374 393/451/370 395/456/375
f 334/446/367 336/457/374 340/458/376
f 329/459/377 333/454/373 328/453/372
f 337/460/378 366/461/379 339/431/353
f 335/447/368 340/458/376 338/462/380
f 403/463/381 415/464/382 416/465/383
f 380/466/384 343/467/385 377/468/386
f 345/469/387 348/470/388 343/467/385
f 401/471/389 376/472/390 346/473/391
f 415/464/382 401/471/389 347/474/392
f 377/468/386 348/470/388 376/472/390
f 327/475/393 411/476/394 385/477/395
f 335/447/396 358/478/397 330/445/398
f 332/479/399 360/480/400 357/481/401
f 338/462/402 353/482/403 335/447/396
f 326/483/404 361/484/405 327/475/393
f 332/479/399 352/485/406 337/460/406
f 396/486/407 416/465/383 342/487/408
f 378/488/409 356/489/410 380/466/384
f 379/490/411 359/491/412 378/488/409
f 338/462/402 355/492/413 351/493/414
f 329/459/415 411/476/394 360/480/400
f 337/460/406 350/494/416 365/495/416
f 375/496/417 363/497/418 379/490/411
f 330/445/398 364/498/419 325/442/420
f 325/442/420 362/499/421 326/483/404
f 396/486/422 368/413/335 407/500/423
f 338/462/380 367/501/424 369/502/425
f 375/496/426 406/503/427 381/426/348
f 368/504/428 340/458/376 336/457/374
f 336/455/374 407/505/429 368/506/428
f 373/507/355 406/508/430 394/509/431
f 332/479/432 339/431/353 333/454/373
f 315/510/356 408/430/352 388/417/339
f 315/434/356 370/437/359 371/511/350
f 397/512/433 379/490/411 405/513/434
f 405/513/434 378/488/409 404/514/435
f 404/514/435 380/466/384 402/515/436
f 398/516/437 376/472/390 400/517/438
f 380/466/384 398/516/437 402/515/436
f 394/509/431 372/518/371 373/507/355
f 392/519/439 374/423/345 372/518/371
f 387/520/440 382/521/341 409/440/362
f 319/522/441 316/439/361 314/420/342
f 318/523/442 370/437/359 316/439/361
f 318/524/442 387/520/440 389/429/351
f 326/483/443 323/525/444 322/438/360
f 322/438/360 314/420/342 316/439/361
f 384/444/363 328/453/372 374/526/345
f 385/477/445 328/453/372 383/443/365
f 383/443/365 386/527/446 385/477/445
f 386/527/446 314/420/342 323/525/444
f 327/475/447 386/527/446 323/525/444
f 352/485/448 341/425/449 350/494/450
f 363/497/418 357/481/451 359/491/412
f 359/491/412 360/480/452 356/489/410
f 362/499/453 345/469/387 361/484/454
f 364/498/455 414/528/456 362/499/453
f 355/492/413 367/415/337 349/414/336
f 411/476/457 356/489/410 360/480/452
f 343/467/385 361/484/454 345/469/387
f 346/473/391 414/528/456 412/529/458
f 412/529/458 413/530/459 347/474/392
f 344/531/460 347/474/392 413/530/459
f 364/498/455 358/478/461 354/532/462
f 358/478/461 353/482/463 354/532/462
f 351/493/464 354/532/462 353/482/463
f 413/530/459 354/532/462 344/531/460
f 344/531/460 416/465/383 415/464/382
f 342/487/408 354/532/462 349/414/465
f 351/493/464 349/414/465 354/532/462
f 444/533/466 424/534/467 423/535/466
f 448/536/468 421/537/469 436/538/470
f 421/537/469 446/539/471 425/540/472
f 417/541/466 443/542/466 422/543/466
f 425/540/472 447/544/466 432/545/466
f 417/541/473 428/546/474 418/547/475
f 419/548/476 417/541/473 418/547/475
f 429/549/477 425/540/478 420/550/479
f 436/538/480 429/549/477 430/551/481
f 420/550/479 432/545/482 419/548/476
f 423/535/483 426/552/484 427/553/485
f 434/554/486 438/555/487 433/556/488
f 437/557/489 430/551/481 431/558/490
f 422/543/491 427/553/485 428/546/474
f 435/559/492 439/560/493 434/554/486
f 438/555/487 431/558/490 433/556/488
f 424/534/494 435/559/492 426/552/484
f 450/561/495 448/536/468 449/562/496
f 451/563/497 442/564/498 448/536/468
f 446/539/471 452/565/499 445/566/500
f 445/566/500 447/544/466 446/539/471
f 447/544/466 443/542/466 441/567/466
f 439/560/501 450/561/495 438/555/502
f 432/545/466 441/567/466 417/541/466
f 449/562/496 436/538/470 437/557/503
f 443/542/466 423/535/466 422/543/466
f 440/568/504 451/563/497 439/560/501
f 450/561/495 437/557/503 438/555/502
f 445/566/500 440/568/504 424/534/467
f 454/569/505 464/570/506 453/571/507
f 463/572/508 467/573/509 474/574/510
f 471/575/511 458/576/512 460/577/513
f 469/578/514 456/579/515 458/576/512
f 474/574/510 455/580/516 463/572/508
f 459/581/517 472/582/518 461/583/519
f 457/584/520 470/585/521 459/581/517
f 454/569/505 466/586/522 465/587/523
f 461/583/519 473/588/524 462/589/525
f 453/571/507 468/590/526 457/584/520
f 793/591/527 465/587/528 466/586/527
f 800/592/529 462/593/529 473/588/529
f 786/594/530 457/595/531 459/596/530
f 794/597/532 474/574/533 467/573/534
f 792/598/528 464/570/535 465/587/528
f 784/599/531 453/600/536 457/595/531
f 801/601/533 466/586/527 474/574/533
f 469/578/537 794/597/532 467/573/534
f 785/602/538 460/603/539 458/604/538
f 460/605/540 798/606/540 471/575/540
f 795/607/541 470/585/542 468/590/541
f 788/608/543 459/596/530 461/609/543
f 791/610/535 468/590/541 464/570/535
f 789/611/544 461/609/543 462/612/544
f 798/606/545 469/578/537 471/575/545
f 790/613/546 456/614/547 463/615/546
f 780/616/536 454/617/548 453/600/536
f 797/618/542 472/582/549 470/585/542
f 782/619/550 463/615/546 455/620/550
f 783/621/547 458/604/538 456/614/547
f 799/622/549 473/588/551 472/582/549
f 489/623/552 493/624/553 492/625/554
f 475/626/555 487/627/556 477/628/557
f 492/629/558 476/630/559 478/631/560
f 486/632/561 482/633/562 479/634/563
f 480/635/564 491/636/564 488/637/564
f 341/425/347 365/495/565 350/494/566
f 488/637/567 482/638/568 480/635/569
f 490/639/570 481/640/571 482/638/568
f 489/641/572 479/642/573 481/640/571
f 483/643/574 493/644/575 491/636/576
f 485/645/577 494/646/578 493/644/575
f 484/647/579 494/646/578 486/648/580
f 761/649/581 433/650/582 760/651/582
f 747/652/583 419/653/584 746/654/584
f 745/655/585 428/656/586 755/657/586
f 756/658/587 420/659/583 747/652/583
f 762/660/588 434/661/581 761/649/581
f 753/662/589 435/663/588 762/660/588
f 757/664/590 429/665/587 756/658/587
f 754/666/591 426/667/589 753/662/589
f 781/668/548 455/620/550 454/617/548
f 758/669/592 430/670/590 757/664/590
f 746/654/584 418/671/585 745/655/585
f 755/657/586 427/672/591 754/666/591
f 259/365/316 257/361/316 254/353/316
f 261/348/316 260/359/316 259/365/316
f 275/673/593 303/389/324 276/388/323
f 268/674/594 266/675/595 263/676/595
f 496/677/88 271/387/596 273/372/596
f 272/378/596 496/677/88 273/372/596
f 270/380/596 495/678/88 272/378/596
f 84/81/83 510/679/597 501/680/598
f 501/680/598 110/84/44 84/81/83
f 109/681/88 506/682/599 85/683/89
f 85/683/89 511/684/600 100/685/99
f 508/686/176 501/680/598 497/687/601
f 497/687/601 510/679/597 503/688/602
f 497/687/601 511/684/600 506/682/599
f 506/682/599 508/686/176 497/687/601
f 87/93/94 512/689/603 504/690/604
f 504/690/604 99/83/85 87/93/94
f 100/685/99 502/691/605 88/692/100
f 88/692/100 513/693/606 104/694/107
f 503/688/602 504/690/604 498/695/607
f 498/695/607 512/689/603 505/696/608
f 498/695/607 513/693/606 502/691/605
f 502/691/605 503/688/602 498/695/607
f 526/697/609 103/95/96 90/104/105
f 104/694/107 527/698/610 91/699/108
f 505/696/608 526/697/609 523/700/611
f 527/698/610 505/696/608 523/700/611
f 538/701/612 518/702/613 516/703/176
f 507/704/613 508/686/176 499/705/176
f 508/686/176 500/706/614 499/705/176
f 516/703/176 509/707/615 538/701/612
f 154/708/114 517/709/614 119/710/88
f 500/706/614 109/681/88 93/711/88
f 110/84/44 507/704/613 94/120/44
f 120/121/44 539/712/616 96/713/617
f 519/714/613 120/121/44 126/124/44
f 119/710/88 521/715/614 125/716/88
f 521/715/614 516/703/176 520/717/176
f 516/703/176 519/714/613 520/717/176
f 520/717/176 507/704/613 499/705/176
f 500/706/614 520/717/176 499/705/176
f 125/716/88 500/706/614 93/711/88
f 507/704/613 126/124/44 94/120/44
f 522/718/618 536/719/619 532/720/620
f 541/721/621 525/722/622 522/718/618
f 531/723/623 541/721/621 522/718/618
f 522/718/618 537/724/624 531/723/623
f 144/135/123 537/724/624 151/154/137
f 159/136/124 531/723/623 144/135/123
f 525/722/622 157/725/125 145/726/126
f 145/726/126 536/719/619 525/722/622
f 527/727/610 148/728/128 91/729/108
f 149/144/129 526/730/609 90/145/105
f 529/731/625 527/727/610 523/732/611
f 526/730/609 529/731/625 523/732/611
f 530/733/626 150/734/127 146/735/132
f 146/735/132 534/736/627 530/733/626
f 147/151/134 535/737/628 149/144/129
f 151/154/137 528/738/629 147/151/134
f 524/739/630 534/736/627 529/731/625
f 532/720/620 530/733/626 524/739/630
f 528/738/629 532/720/620 524/739/630
f 524/739/630 535/737/628 528/738/629
f 155/156/27 539/712/616 538/740/612
f 509/741/615 155/156/27 538/740/612
f 541/742/621 544/743/631 533/744/632
f 162/165/143 544/743/631 542/745/633
f 541/742/621 543/746/634 542/745/633
f 159/136/124 543/746/634 540/747/635
f 157/168/125 544/743/631 161/164/142
f 557/748/636 548/749/637 556/750/638
f 559/751/639 570/752/640 560/753/641
f 553/754/642 548/749/637 545/755/643
f 545/755/643 550/756/644 549/757/645
f 549/757/645 599/758/646 597/759/647
f 277/181/158 556/750/638 553/754/642
f 546/760/648 582/761/649 573/762/650
f 626/763/651 547/764/652 598/765/653
f 569/766/654 566/767/655 571/768/656
f 559/751/639 568/769/657 561/770/658
f 567/771/659 562/772/660 569/766/654
f 564/773/661 558/774/662 563/775/663
f 618/776/664 563/775/663 615/777/91
f 570/752/640 566/767/655 560/753/641
f 280/201/178 569/766/654 282/203/180
f 561/770/658 617/778/665 616/779/666
f 282/203/180 571/768/656 285/248/216
f 549/780/667 558/781/668 545/782/668
f 545/782/668 567/783/27 553/784/27
f 560/785/669 552/786/670 554/787/671
f 565/788/672 546/789/673 551/790/674
f 555/791/675 560/785/669 554/787/671
f 559/792/676 547/793/677 546/789/673
f 600/794/678 568/795/657 555/791/675
f 561/796/679 598/797/680 547/793/677
f 562/798/681 550/799/682 548/800/683
f 615/801/684 549/780/667 597/802/684
f 550/799/682 618/803/685 599/804/686
f 281/231/202 551/790/674 278/232/202
f 552/786/670 562/798/681 548/800/683
f 553/784/27 280/235/27 277/805/27
f 573/806/687 583/807/688 551/808/689
f 583/807/688 278/239/207 551/808/689
f 554/787/671 580/809/690 555/791/675
f 573/806/687 557/748/636 574/810/691
f 552/811/692 572/812/693 554/813/694
f 571/768/656 575/814/695 576/815/696
f 565/816/697 575/814/695 559/751/639
f 281/247/215 576/815/696 565/816/697
f 576/815/696 285/248/216 571/768/656
f 577/817/698 629/818/699 580/819/700
f 577/817/698 579/820/701 578/821/702
f 578/821/702 581/822/703 582/823/704
f 582/761/649 572/824/705 573/762/650
f 577/825/706 546/760/648 547/764/652
f 555/791/675 629/826/707 600/794/678
f 581/827/708 554/828/709 572/824/705
f 557/748/636 279/182/159 284/261/229
f 574/810/691 284/261/229 283/262/230
f 283/262/230 583/807/688 574/810/691
f 587/829/710 596/830/711 595/831/712
f 602/832/713 613/833/714 622/834/715
f 592/835/716 587/829/710 595/831/712
f 589/836/717 584/837/718 588/838/719
f 599/839/646 588/838/719 597/840/647
f 288/276/178 595/831/712 290/344/299
f 585/841/720 631/842/721 625/843/722
f 586/844/723 626/763/651 598/765/653
f 612/845/724 609/846/725 605/847/726
f 611/848/727 602/832/713 604/849/728
f 610/850/729 605/847/726 601/851/730
f 601/851/730 607/852/731 606/853/732
f 606/853/732 618/776/664 615/777/91
f 609/846/725 613/833/714 603/854/733
f 291/291/158 612/845/724 610/850/729
f 604/849/728 617/778/665 611/848/727
f 293/292/256 614/855/734 612/845/724
f 588/856/735 601/857/668 606/858/667
f 584/859/736 610/860/27 601/857/668
f 591/861/737 603/862/738 593/863/739
f 585/864/740 608/865/741 590/866/674
f 594/867/742 603/862/738 611/868/727
f 586/869/743 602/870/744 585/864/740
f 600/794/678 611/868/727 617/871/665
f 598/797/680 604/872/745 586/869/743
f 589/873/746 605/874/747 587/875/748
f 597/802/684 606/858/667 615/801/684
f 599/804/686 607/876/749 589/873/746
f 590/866/674 292/317/202 289/318/202
f 591/861/737 605/874/747 609/877/750
f 592/878/27 291/319/275 610/860/27
f 590/879/751 621/880/752 620/881/753
f 289/324/279 632/882/754 590/879/751
f 594/867/742 627/883/755 593/863/739
f 620/881/753 596/830/711 619/884/756
f 591/885/757 619/884/756 596/830/711
f 614/855/734 622/834/715 613/833/714
f 622/834/715 608/886/758 602/832/713
f 623/887/759 292/333/288 608/886/758
f 296/294/258 623/887/759 614/855/734
f 624/888/760 629/818/699 626/889/761
f 625/890/762 628/891/763 624/888/760
f 625/890/762 630/892/764 627/893/765
f 619/894/766 631/842/721 620/895/767
f 586/844/723 625/843/722 624/896/768
f 594/867/742 629/826/707 628/897/769
f 593/898/770 630/899/771 619/894/766
f 290/344/299 596/830/711 295/345/300
f 295/345/300 621/880/752 294/346/301
f 294/346/301 632/882/754 298/900/772
f 641/901/773 644/902/774 643/903/775
f 642/904/776 645/905/777 638/906/778
f 634/907/27 636/908/27 637/909/27
f 633/910/779 647/911/780 636/912/779
f 636/913/781 640/914/781 637/909/781
f 634/907/782 648/915/783 633/916/782
f 647/917/784 642/904/776 640/914/781
f 648/915/783 641/901/773 643/903/775
f 645/918/785 635/919/785 638/906/785
f 646/920/786 644/921/786 645/922/786
f 635/919/787 642/904/787 638/906/787
f 653/923/176 654/924/176 651/925/176
f 299/375/27 649/926/27 650/927/27
f 649/928/176 652/929/176 650/927/176
f 656/930/176 653/923/176 652/929/176
f 654/931/788 302/383/318 304/932/789
f 654/933/790 305/385/320 651/925/322
f 656/934/791 301/390/325 303/389/324
f 300/392/44 656/935/792 649/936/792
f 659/937/176 658/407/176 660/938/176
f 662/939/176 657/410/176 659/937/176
f 662/939/176 663/397/176 661/399/176
f 719/940/793 700/941/794 693/942/795
f 388/417/339 671/943/796 391/418/340
f 733/944/797 665/945/798 670/946/799
f 725/947/800 410/422/344 390/424/346
f 732/948/801 692/949/802 717/950/803
f 722/951/804 389/429/351 669/952/805
f 690/953/806 732/954/807 717/955/808
f 666/956/809 675/957/810 671/958/796
f 673/959/811 721/960/812 667/961/813
f 735/962/814 409/440/362 410/422/344
f 676/963/815 673/959/811 677/964/816
f 734/965/817 733/944/797 735/966/814
f 675/957/810 676/963/815 681/967/818
f 685/968/819 681/967/818 686/969/820
f 685/968/819 671/958/796 675/957/810
f 391/418/340 682/970/821 393/451/370
f 723/971/822 679/972/823 725/973/800
f 724/974/824 684/975/825 723/971/822
f 393/451/370 687/976/826 395/456/375
f 687/977/826 685/968/819 691/978/827
f 680/979/828 684/975/825 683/980/829
f 688/981/830 717/955/808 716/982/831
f 691/978/827 686/969/820 689/983/832
f 403/463/381 742/984/833 399/985/834
f 731/986/835 694/987/836 707/988/837
f 699/989/838 696/990/839 694/987/836
f 739/991/840 699/989/838 400/517/438
f 742/984/833 401/471/389 399/985/834
f 728/992/841 699/989/838 694/987/836
f 738/993/842 678/994/843 736/995/844
f 709/996/845 686/969/846 681/967/398
f 683/980/847 711/997/848 680/979/849
f 704/998/850 689/983/851 686/969/846
f 712/999/852 677/964/853 678/994/843
f 703/1000/854 683/980/847 688/981/854
f 396/486/407 743/1001/855 403/463/381
f 729/1002/856 707/988/837 710/1003/857
f 730/1004/858 710/1003/857 714/1005/859
f 689/983/851 706/1006/860 720/1007/861
f 680/979/849 738/993/842 736/995/844
f 701/1008/862 688/981/854 716/982/862
f 726/1009/863 714/1005/859 692/949/864
f 715/1010/419 681/967/398 676/963/420
f 713/1011/421 676/963/420 677/964/853
f 396/486/422 719/940/793 693/942/795
f 718/1012/865 689/983/832 720/1007/866
f 406/503/427 726/1009/867 732/948/801
f 691/978/827 719/1013/868 687/977/826
f 407/505/429 687/976/826 719/1014/868
f 724/1015/824 406/508/430 732/1016/807
f 683/980/829 690/953/806 688/981/830
f 666/1017/809 408/430/352 722/951/804
f 666/956/809 721/960/812 672/1018/869
f 397/512/433 730/1004/858 726/1009/863
f 405/513/434 729/1002/856 730/1004/858
f 404/514/435 731/986/835 729/1002/856
f 398/516/437 727/1019/870 728/992/841
f 398/516/437 731/986/835 402/515/436
f 394/509/431 723/1020/822 392/519/439
f 392/519/439 725/947/800 390/424/346
f 733/1021/797 387/520/440 409/440/362
f 670/946/799 667/961/813 669/1022/805
f 721/960/812 669/1022/805 667/961/813
f 669/952/805 387/520/440 670/1023/799
f 674/1024/871 677/964/816 673/959/811
f 673/959/811 665/945/798 674/1024/871
f 679/972/823 735/966/814 725/973/800
f 679/972/823 736/995/872 734/965/817
f 734/965/817 737/1025/873 668/1026/874
f 665/945/798 737/1025/873 674/1024/871
f 678/994/875 737/1025/873 736/995/872
f 703/1000/876 692/949/864 714/1005/859
f 714/1005/859 708/1027/877 703/1000/876
f 710/1003/857 711/997/878 708/1027/877
f 696/990/839 713/1011/879 712/999/880
f 741/1028/881 715/1010/882 713/1011/879
f 706/1006/860 718/1029/883 720/1007/861
f 738/993/884 707/988/837 694/987/836
f 694/987/836 712/999/880 738/993/884
f 697/1030/885 741/1028/881 696/990/839
f 739/991/840 740/1031/886 741/1028/881
f 695/1032/887 698/1033/888 742/984/833
f 715/1010/882 705/1034/889 709/996/890
f 709/996/890 705/1034/889 704/998/891
f 702/1035/892 704/998/891 705/1034/889
f 740/1031/886 705/1034/889 715/1010/882
f 743/1001/855 695/1032/887 742/984/833
f 693/942/893 705/1034/889 743/1001/855
f 702/1035/892 700/941/894 706/1006/895
f 751/1036/896 771/1037/897 750/1038/897
f 748/1039/898 775/1040/899 763/1041/900
f 748/1039/898 773/1042/901 769/1043/902
f 744/1044/897 770/1045/897 768/1046/897
f 752/1047/903 774/1048/897 773/1042/901
f 755/1049/904 744/1044/905 745/1050/906
f 746/1051/907 744/1044/905 759/1052/908
f 756/1053/909 752/1047/910 748/1039/911
f 756/1053/909 763/1041/912 757/1054/913
f 747/1055/914 759/1052/908 752/1047/910
f 753/1056/915 750/1038/916 754/1057/917
f 761/1058/918 765/1059/919 766/1060/920
f 757/1054/913 764/1061/921 758/1062/922
f 754/1057/917 749/1063/923 755/1049/904
f 762/1064/924 766/1060/920 767/1065/925
f 758/1062/922 765/1059/919 760/1066/926
f 762/1064/924 751/1036/927 753/1056/915
f 776/1067/928 778/1068/929 777/1069/930
f 769/1043/902 778/1068/929 775/1040/899
f 779/1070/931 773/1042/901 772/1071/932
f 774/1048/897 772/1071/932 773/1042/901
f 770/1045/897 774/1048/897 768/1046/897
f 766/1060/933 777/1069/930 778/1068/929
f 759/1052/897 768/1046/897 774/1048/897
f 763/1041/900 776/1067/928 764/1061/934
f 750/1038/897 770/1045/897 749/1063/897
f 767/1065/935 778/1068/929 779/1070/931
f 764/1061/934 777/1069/930 765/1059/936
f 767/1065/935 772/1071/932 751/1036/896
f 791/610/937 781/1072/938 780/1073/939
f 790/1074/940 794/597/941 783/1075/942
f 785/1076/943 798/606/944 787/1077/945
f 783/1075/942 796/1078/946 785/1076/943
f 782/1079/947 801/601/948 790/1074/940
f 799/622/949 786/1080/950 788/1081/951
f 784/1082/952 797/618/953 795/607/954
f 781/1072/938 793/591/955 782/1079/947
f 800/592/956 788/1081/951 789/1083/957
f 795/607/954 780/1073/939 784/1082/952
f 816/1084/958 812/1085/959 477/1086/960
f 810/1087/961 475/1088/555 477/1089/557
f 815/1090/962 476/630/559 807/1091/963
f 805/1092/964 809/1093/965 476/1094/966
f 814/1095/967 803/1096/967 811/1097/967
f 716/982/968 692/949/802 701/1008/969
f 811/1097/970 805/1098/971 813/1099/972
f 813/1099/972 804/1100/973 812/1085/974
f 812/1085/974 802/1101/975 810/1087/976
f 806/1102/977 816/1084/978 808/1103/979
f 808/1103/979 817/1104/980 809/1105/981
f 817/1104/980 807/1091/982 809/1105/981
f 637/909/787 639/1106/787 634/907/787
f 640/914/787 641/901/787 639/1106/787
f 655/1107/983 303/389/324 302/1108/984
f 648/1109/985 646/1110/986 647/911/780
f 651/925/987 496/677/88 653/923/987
f 496/677/88 652/929/987 653/923/987
f 495/678/88 650/927/987 652/929/987
f 760/651/582 431/1111/592 758/1112/592
f 664/1113/988 311/403/988 313/1114/988
f 821/1115/91 818/1116/91 820/1117/91
f 831/1118/91 822/1119/91 830/1120/91
f 823/1121/44 824/1122/44 822/1119/44
f 821/1115/202 827/1123/202 819/1124/202
f 820/1117/27 826/1125/27 829/1126/27
f 819/1124/44 826/1125/44 818/1116/44
f 824/1122/27 830/1120/27 822/1119/27
f 825/1127/202 831/1118/202 832/1128/202
f 834/1129/176 837/1130/176 836/1131/176
f 838/1132/176 843/1133/176 842/1134/176
f 840/1135/44 839/1136/44 838/1132/44
f 827/1123/202 837/1130/202 835/1137/202
f 836/1131/27 826/1125/27 834/1129/27
f 826/1125/44 835/1137/44 834/1129/44
f 842/1134/27 840/1135/27 838/1132/27
f 841/1138/202 843/1133/202 839/1136/202
f 844/1139/91 847/1140/91 846/1141/91
f 848/1142/91 831/1118/91 830/1120/91
f 850/1143/88 849/1144/88 848/1142/88
f 853/1145/202 847/1140/202 845/1146/202
f 846/1141/27 852/1147/27 844/1139/27
f 852/1147/88 845/1146/88 844/1139/88
f 830/1120/27 850/1143/27 848/1142/27
f 851/1148/202 831/1118/202 849/1144/202
f 857/1149/176 854/1150/176 856/1151/176
f 843/1133/176 858/1152/176 842/1134/176
f 859/1153/88 860/1154/88 858/1152/88
f 857/1149/202 853/1145/202 855/1155/202
f 856/1151/27 852/1147/27 829/1156/27
f 855/1155/88 852/1147/88 854/1150/88
f 860/1154/27 842/1134/27 858/1152/27
f 861/1157/202 843/1133/202 832/1158/202
f 895/1159/989 958/1160/990 962/1161/991
f 899/1162/992 962/1161/991 966/1163/993
f 903/1164/994 966/1163/993 970/1165/995
f 907/1166/996 970/1165/995 974/1167/997
f 911/1168/998 974/1167/997 978/1169/999
f 915/1170/1000 978/1169/999 982/1171/1001
f 919/1172/1002 982/1171/1001 986/1173/1003
f 923/1174/1004 986/1173/1003 990/1175/1005
f 927/1176/1006 990/1175/1005 994/1177/1007
f 875/1178/1008 938/1179/1009 942/1180/1010
f 879/1181/1011 942/1180/1010 946/1182/1012
f 883/1183/1013 946/1182/1012 950/1184/1014
f 887/1185/1015 950/1184/1014 954/1186/1016
f 891/1187/1017 954/1186/1016 958/1160/990
f 871/1188/1018 934/1189/1019 938/1179/1009
f 866/1190/1020 898/1191/1021 914/1192/1022
f 873/1193/1023 867/1194/1024 871/1188/1018
f 872/1195/1025 869/1196/1026 873/1197/1023
f 870/1198/1027 868/1199/1028 872/1195/1025
f 877/1200/1029 871/1188/1018 875/1178/1008
f 876/1201/1030 873/1197/1023 877/1202/1029
f 874/1203/1031 872/1195/1025 876/1201/1030
f 881/1204/1032 875/1178/1008 879/1181/1011
f 880/1205/1033 877/1202/1029 881/1206/1032
f 878/1207/1034 876/1201/1030 880/1205/1033
f 883/1183/1013 881/1204/1032 879/1181/1011
f 884/1208/1035 881/1206/1032 885/1209/1036
f 882/1210/1037 880/1205/1033 884/1208/1035
f 887/1185/1015 885/1211/1036 883/1183/1013
f 888/1212/1038 885/1209/1036 889/1213/1039
f 886/1214/1040 884/1208/1035 888/1212/1038
f 891/1187/1017 889/1215/1039 887/1185/1015
f 893/1216/1041 888/1212/1038 889/1213/1039
f 892/1217/1042 886/1214/1040 888/1212/1038
f 895/1159/989 893/1218/1041 891/1187/1017
f 896/1219/1043 893/1216/1041 897/1220/1044
f 896/1219/1043 890/1221/1045 892/1217/1042
f 899/1162/992 897/1222/1044 895/1159/989
f 900/1223/1046 897/1220/1044 901/1224/1047
f 898/1191/1021 896/1219/1043 900/1223/1046
f 905/1225/1048 899/1162/992 903/1164/994
f 904/1226/1049 901/1224/1047 905/1227/1048
f 902/1228/1050 900/1223/1046 904/1226/1049
f 909/1229/1051 903/1164/994 907/1166/996
f 908/1230/1052 905/1227/1048 909/1231/1051
f 906/1232/1053 904/1226/1049 908/1230/1052
f 913/1233/1054 907/1166/996 911/1168/998
f 912/1234/1055 909/1231/1051 913/1235/1054
f 910/1236/1056 908/1230/1052 912/1234/1055
f 917/1237/1057 911/1168/998 915/1170/1000
f 916/1238/1058 913/1235/1054 917/1239/1057
f 914/1192/1022 912/1234/1055 916/1238/1058
f 921/1240/1059 915/1170/1000 919/1172/1002
f 921/1241/1059 916/1238/1058 917/1239/1057
f 920/1242/1060 914/1192/1022 916/1238/1058
f 923/1174/1004 921/1240/1059 919/1172/1002
f 925/1243/1061 920/1242/1060 921/1241/1059
f 924/1244/1062 918/1245/1063 920/1242/1060
f 927/1176/1006 925/1246/1061 923/1174/1004
f 928/1247/1064 925/1243/1061 929/1248/1065
f 928/1247/1064 922/1249/1066 924/1244/1062
f 862/1250/1067 929/1251/1065 927/1176/1006
f 865/1252/1068 929/1248/1065 864/1253/1069
f 865/1252/1068 926/1254/1070 928/1247/1064
f 862/1250/1067 994/1177/1007 931/1255/1071
f 939/1256/1072 937/1257/1073 935/1258/1074
f 941/1259/1075 936/1260/1076 937/1257/1073
f 938/1179/1009 936/1261/1076 940/1262/1077
f 943/1263/1078 941/1259/1075 939/1256/1072
f 945/1264/1079 940/1265/1077 941/1259/1075
f 942/1180/1010 940/1262/1077 944/1266/1080
f 947/1267/1081 945/1264/1079 943/1263/1078
f 949/1268/1082 944/1269/1080 945/1264/1079
f 948/1270/1083 942/1180/1010 944/1266/1080
f 953/1271/1084 947/1267/1081 951/1272/1085
f 952/1273/1086 949/1268/1082 953/1271/1084
f 952/1274/1086 946/1182/1012 948/1270/1083
f 955/1275/1087 953/1271/1084 951/1272/1085
f 956/1276/1088 953/1271/1084 957/1277/1089
f 954/1186/1016 952/1274/1086 956/1278/1088
f 961/1279/1090 955/1275/1087 959/1280/1091
f 960/1281/1092 957/1277/1089 961/1279/1090
f 958/1160/990 956/1278/1088 960/1282/1092
f 965/1283/1093 959/1280/1091 963/1284/1094
f 964/1285/1095 961/1279/1090 965/1283/1093
f 962/1161/991 960/1282/1092 964/1286/1095
f 969/1287/1096 963/1284/1094 967/1288/1097
f 968/1289/1098 965/1283/1093 969/1287/1096
f 968/1290/1098 962/1161/991 964/1286/1095
f 971/1291/1099 969/1287/1096 967/1288/1097
f 973/1292/1100 968/1289/1098 969/1287/1096
f 970/1165/995 968/1290/1098 972/1293/1101
f 975/1294/1102 973/1292/1100 971/1291/1099
f 977/1295/1103 972/1296/1101 973/1292/1100
f 976/1297/1104 970/1165/995 972/1293/1101
f 979/1298/1105 977/1295/1103 975/1294/1102
f 981/1299/1106 976/1300/1104 977/1295/1103
f 978/1169/999 976/1297/1104 980/1301/1107
f 985/1302/1108 979/1298/1105 983/1303/1109
f 985/1302/1108 980/1304/1107 981/1299/1106
f 982/1171/1001 980/1301/1107 984/1305/1110
f 989/1306/1111 983/1303/1109 987/1307/1112
f 988/1308/1113 985/1302/1108 989/1306/1111
f 986/1173/1003 984/1305/1110 988/1309/1113
f 993/1310/1114 987/1307/1112 991/1311/1115
f 992/1312/1116 989/1306/1111 993/1310/1114
f 990/1175/1005 988/1309/1113 992/1313/1116
f 997/1314/1117 991/1311/1115 995/1315/1118
f 996/1316/1119 993/1310/1114 997/1314/1117
f 994/1177/1007 992/1313/1116 996/1317/1119
f 932/1318/1120 995/1315/1118 930/1319/1121
f 933/1320/1122 997/1314/1117 932/1318/1120
f 931/1255/1071 996/1317/1119 933/1321/1122
f 935/1258/1074 971/1291/1099 955/1275/1087
f 1078/1322/1123 1023/1323/1124 1082/1324/1125
f 1082/1324/1125 1027/1325/1126 1086/1326/1127
f 1086/1326/1127 1031/1327/1128 1090/1328/1129
f 1090/1328/1129 1035/1329/1130 1094/1330/1131
f 1094/1330/1131 1039/1331/1132 1098/1332/1133
f 1098/1332/1133 1043/1333/1134 1102/1334/1135
f 1102/1334/1135 1047/1335/1136 1106/1336/1137
f 1106/1336/1137 1051/1337/1138 1110/1338/1139
f 1110/1338/1139 1055/1339/1140 1114/1340/1141
f 1058/1341/1142 1003/1342/1143 1062/1343/1144
f 1062/1343/1144 1007/1344/1145 1066/1345/1146
f 1066/1345/1146 1011/1346/1147 1070/1347/1148
f 1070/1347/1148 1015/1348/1149 1074/1349/1150
f 1074/1349/1150 1019/1350/1151 1078/1322/1123
f 934/1189/1019 999/1351/1152 1058/1341/1142
f 1054/1352/1153 1022/1353/1154 1006/1354/1155
f 867/1355/1024 1001/1356/1156 999/1351/1152
f 869/1196/1026 1000/1357/1157 1001/1358/1156
f 868/1199/1028 998/1359/1158 1000/1357/1157
f 999/1351/1152 1005/1360/1159 1003/1342/1143
f 1001/1358/1156 1004/1361/1160 1005/1362/1159
f 1000/1357/1157 1002/1363/1161 1004/1361/1160
f 1003/1342/1143 1009/1364/1162 1007/1344/1145
f 1005/1362/1159 1008/1365/1163 1009/1366/1162
f 1004/1361/1160 1006/1354/1155 1008/1365/1163
f 1011/1346/1147 1009/1364/1162 1013/1367/1164
f 1009/1366/1162 1012/1368/1165 1013/1369/1164
f 1008/1365/1163 1010/1370/1166 1012/1368/1165
f 1015/1348/1149 1013/1367/1164 1017/1371/1167
f 1013/1369/1164 1016/1372/1168 1017/1373/1167
f 1012/1368/1165 1014/1374/1169 1016/1372/1168
f 1019/1350/1151 1017/1371/1167 1021/1375/1170
f 1017/1373/1167 1020/1376/1171 1021/1377/1170
f 1020/1376/1171 1014/1374/1169 1018/1378/1172
f 1023/1323/1124 1021/1375/1170 1025/1379/1173
f 1021/1377/1170 1024/1380/1174 1025/1381/1173
f 1024/1380/1174 1018/1378/1172 1022/1353/1154
f 1027/1325/1126 1025/1379/1173 1029/1382/1175
f 1029/1383/1175 1024/1380/1174 1028/1384/1176
f 1028/1384/1176 1022/1353/1154 1026/1385/1177
f 1027/1325/1126 1033/1386/1178 1031/1327/1128
f 1029/1383/1175 1032/1387/1179 1033/1388/1178
f 1032/1387/1179 1026/1385/1177 1030/1389/1180
f 1031/1327/1128 1037/1390/1181 1035/1329/1130
f 1033/1388/1178 1036/1391/1182 1037/1392/1181
f 1032/1387/1179 1034/1393/1183 1036/1391/1182
f 1039/1331/1132 1037/1390/1181 1041/1394/1184
f 1037/1392/1181 1040/1395/1185 1041/1396/1184
f 1036/1391/1182 1038/1397/1186 1040/1395/1185
f 1039/1331/1132 1045/1398/1187 1043/1333/1134
f 1041/1396/1184 1044/1399/1188 1045/1400/1187
f 1040/1395/1185 1042/1401/1189 1044/1399/1188
f 1043/1333/1134 1049/1402/1190 1047/1335/1136
f 1049/1403/1190 1044/1399/1188 1048/1404/1191
f 1048/1404/1191 1042/1401/1189 1046/1405/1192
f 1051/1337/1138 1049/1402/1190 1053/1406/1193
f 1053/1407/1193 1048/1404/1191 1052/1408/1194
f 1052/1408/1194 1046/1405/1192 1050/1409/1195
f 1055/1339/1140 1053/1406/1193 1057/1410/1196
f 1053/1407/1193 1056/1411/1197 1057/1412/1196
f 1056/1411/1197 1050/1409/1195 1054/1352/1153
f 1055/1339/1140 864/1413/1069 862/1250/1067
f 864/1253/1069 1056/1411/1197 865/1252/1068
f 865/1252/1068 1054/1352/1153 863/1414/1198
f 1114/1340/1141 862/1250/1067 931/1255/1071
f 1059/1415/1199 937/1257/1073 1061/1416/1200
f 1061/1416/1200 936/1260/1076 1060/1417/1201
f 936/1261/1076 1058/1341/1142 1060/1418/1201
f 1063/1419/1202 1061/1416/1200 1065/1420/1203
f 1065/1420/1203 1060/1417/1201 1064/1421/1204
f 1060/1418/1201 1062/1343/1144 1064/1422/1204
f 1067/1423/1205 1065/1420/1203 1069/1424/1206
f 1069/1424/1206 1064/1421/1204 1068/1425/1207
f 1068/1426/1207 1062/1343/1144 1066/1345/1146
f 1067/1423/1205 1073/1427/1208 1071/1428/1209
f 1069/1424/1206 1072/1429/1210 1073/1427/1208
f 1072/1430/1210 1066/1345/1146 1070/1347/1148
f 1075/1431/1211 1073/1427/1208 1077/1432/1212
f 1077/1432/1212 1072/1429/1210 1076/1433/1213
f 1072/1430/1210 1074/1349/1150 1076/1434/1213
f 1075/1431/1211 1081/1435/1214 1079/1436/1215
f 1077/1432/1212 1080/1437/1216 1081/1435/1214
f 1076/1434/1213 1078/1322/1123 1080/1438/1216
f 1079/1436/1215 1085/1439/1217 1083/1440/1218
f 1081/1435/1214 1084/1441/1219 1085/1439/1217
f 1080/1438/1216 1082/1324/1125 1084/1442/1219
f 1083/1440/1218 1089/1443/1220 1087/1444/1221
f 1085/1439/1217 1088/1445/1222 1089/1443/1220
f 1088/1446/1222 1082/1324/1125 1086/1326/1127
f 1091/1447/1223 1089/1443/1220 1093/1448/1224
f 1093/1448/1224 1088/1445/1222 1092/1449/1225
f 1088/1446/1222 1090/1328/1129 1092/1450/1225
f 1095/1451/1226 1093/1448/1224 1097/1452/1227
f 1097/1452/1227 1092/1449/1225 1096/1453/1228
f 1092/1450/1225 1094/1330/1131 1096/1454/1228
f 1099/1455/1229 1097/1452/1227 1101/1456/1230
f 1101/1456/1230 1096/1453/1228 1100/1457/1231
f 1100/1458/1231 1094/1330/1131 1098/1332/1133
f 1099/1455/1229 1105/1459/1232 1103/1460/1233
f 1105/1459/1232 1100/1457/1231 1104/1461/1234
f 1100/1458/1231 1102/1334/1135 1104/1462/1234
f 1103/1460/1233 1109/1463/1235 1107/1464/1236
f 1109/1463/1235 1104/1461/1234 1108/1465/1237
f 1104/1462/1234 1106/1336/1137 1108/1466/1237
f 1107/1464/1236 1113/1467/1238 1111/1468/1239
f 1109/1463/1235 1112/1469/1240 1113/1467/1238
f 1108/1466/1237 1110/1338/1139 1112/1470/1240
f 1111/1468/1239 1117/1471/1241 1115/1472/1242
f 1113/1467/1238 1116/1473/1243 1117/1471/1241
f 1112/1470/1240 1114/1340/1141 1116/1474/1243
f 1115/1472/1242 932/1318/1120 930/1319/1121
f 1117/1471/1241 933/1320/1122 932/1318/1120
f 1116/1474/1243 931/1255/1071 933/1321/1122
f 1063/1419/1202 1095/1451/1226 1111/1468/1239
f 1126/1475/1244 1130/1476/1244 1118/1477/1244
f 1427/1478/1245 1177/1479/1246 1426/1480/1246
f 1161/1481/1246 1394/1482/1247 1407/1483/1248
f 1154/1484/1249 1395/1485/1250 1408/1486/1251
f 1394/1482/1247 1163/1487/1252 1396/1488/1253
f 1155/1489/1254 1397/1490/1255 1395/1485/1250
f 1163/1487/1252 1398/1491/1256 1396/1488/1253
f 1156/1492/1257 1399/1493/1258 1397/1490/1255
f 1164/1494/1259 1400/1495/1260 1398/1491/1256
f 1157/1496/1261 1401/1497/1262 1399/1493/1258
f 1409/1498/1263 1150/1499/1264 1402/1500/1265
f 1165/1501/1266 1409/1498/1263 1400/1495/1260
f 1158/1502/1267 1403/1503/1268 1401/1504/1262
f 1402/1500/1265 1152/1505/1269 1404/1506/1270
f 1159/1507/1271 1405/1508/1272 1403/1503/1268
f 1152/1505/1269 1406/1509/1273 1404/1506/1270
f 1160/1510/1245 1407/1483/1248 1405/1508/1272
f 1153/1511/1274 1408/1486/1251 1406/1509/1273
f 1150/1499/1275 1134/1512/1276 1135/1513/1275
f 1136/1514/1277 1150/1499/1275 1135/1513/1275
f 1153/1511/1278 1136/1514/1277 1137/1515/1278
f 1138/1516/1279 1153/1511/1278 1137/1515/1278
f 1139/1517/1280 1154/1484/1279 1138/1516/1279
f 1140/1518/1281 1155/1489/1282 1139/1517/1280
f 1141/1519/1283 1156/1492/1281 1140/1518/1281
f 1158/1520/1284 1141/1519/1283 1142/1521/1284
f 1159/1507/1285 1142/1522/1284 1143/1523/1285
f 1160/1510/1286 1143/1523/1285 1144/1524/1286
f 1145/1525/1287 1160/1510/1286 1144/1524/1286
f 1146/1526/1288 1161/1481/1287 1145/1525/1287
f 1147/1527/1289 1162/1528/1288 1146/1526/1288
f 1164/1494/1290 1147/1527/1289 1148/1529/1290
f 1165/1501/1291 1148/1529/1290 1149/1530/1291
f 1134/1512/1276 1165/1501/1291 1149/1530/1291
f 1176/1531/1292 1172/1532/1292 1168/1533/1292
f 1169/1534/1274 1428/1535/1249 1429/1536/1274
f 1177/1479/1246 1430/1537/1293 1426/1480/1246
f 1428/1535/1249 1171/1538/1254 1431/1539/1254
f 1430/1537/1293 1179/1540/1252 1432/1541/1252
f 1171/1538/1254 1433/1542/1257 1431/1539/1254
f 1179/1540/1252 1434/1543/1259 1432/1541/1252
f 1172/1544/1257 1435/1545/1261 1433/1542/1257
f 1434/1543/1259 1181/1546/1266 1436/1547/1266
f 1435/1545/1261 1174/1548/1267 1437/1549/1267
f 1166/1550/1294 1438/1551/1264 1439/1552/1294
f 1181/1546/1266 1439/1552/1294 1436/1547/1266
f 1174/1553/1267 1440/1554/1271 1437/1555/1267
f 1167/1556/1264 1441/1557/1269 1438/1551/1264
f 1440/1554/1271 1176/1558/1295 1427/1478/1245
f 1441/1557/1269 1169/1534/1274 1429/1536/1274
f 1194/1559/1249 1185/1560/1249 1184/1561/1249
f 1189/1562/1293 1224/1563/1293 1225/1564/1293
f 1201/1565/1293 1186/1566/1293 1204/1567/1293
f 1187/1568/1244 1182/1569/1244 1186/1570/1244
f 1182/1569/1244 1192/1571/1244 1186/1570/1244
f 1201/1572/1294 1183/1573/1294 1187/1568/1294
f 1190/1574/1249 1345/1575/1296 1339/1576/1296
f 1227/1577/1297 1218/1578/1298 1220/1579/1299
f 1194/1559/1249 1191/1580/1249 1198/1581/1249
f 1186/1566/1293 1205/1582/1293 1204/1567/1293
f 1196/1583/1293 1193/1584/1293 1188/1585/1293
f 1200/1586/1249 1198/1581/1249 1202/1587/1249
f 1193/1588/1300 1198/1589/1267 1191/1590/1301
f 1189/1591/1294 1195/1592/1294 1197/1593/1294
f 1189/1562/1293 1196/1583/1293 1188/1585/1293
f 1203/1594/1249 1194/1559/1249 1200/1586/1249
f 1183/1595/1249 1200/1586/1249 1182/1596/1249
f 1200/1586/1249 1190/1574/1249 1182/1596/1249
f 1204/1567/1293 1199/1597/1293 1196/1583/1293
f 1199/1598/1267 1202/1599/1267 1198/1589/1267
f 1195/1592/1294 1201/1572/1294 1197/1593/1294
f 1197/1600/1293 1204/1567/1293 1196/1583/1293
f 1214/1601/1293 1213/1602/1293 1215/1603/1293
f 1205/1604/1292 1345/1605/1302 1202/1599/1292
f 1190/1606/1244 1340/1607/1303 1192/1571/1244
f 1341/1608/1304 1335/1609/1305 1338/1610/1304
f 1212/1611/1306 1211/1612/1306 1210/1613/1306
f 1217/1614/1249 1212/1615/1249 1210/1616/1249
f 1216/1617/1307 1213/1618/1308 1212/1611/1308
f 1217/1619/1309 1211/1620/1310 1214/1621/1309
f 1206/1622/1311 1214/1621/1309 1207/1623/1311
f 1208/1624/1312 1215/1625/1313 1216/1617/1307
f 1206/1626/1249 1216/1627/1249 1217/1614/1249
f 1207/1628/1293 1215/1603/1293 1209/1629/1293
f 1219/1630/1314 1220/1631/1314 1218/1578/1314
f 1228/1632/1315 1218/1578/1315 1226/1633/1315
f 1227/1634/1316 1221/1635/1316 1229/1636/1316
f 1229/1637/1317 1219/1630/1318 1228/1632/1319
f 1222/1638/1292 1225/1639/1292 1224/1640/1292
f 1188/1641/1320 1222/1638/1267 1224/1640/1267
f 1185/1642/1294 1225/1639/1294 1223/1643/1294
f 1185/1560/1249 1222/1644/1249 1184/1561/1249
f 1193/1645/1321 1228/1632/1322 1188/1646/1323
f 1191/1590/1301 1229/1636/1324 1193/1588/1300
f 1188/1646/1320 1226/1633/1325 1184/1647/1320
f 1191/1648/1326 1226/1633/1327 1227/1577/1328
f 1230/1649/1244 1233/1650/1244 1231/1651/1244
f 1234/1652/1292 1237/1653/1292 1236/1654/1292
f 1233/1655/1294 1235/1656/1294 1231/1657/1294
f 1230/1658/1249 1235/1656/1249 1234/1652/1249
f 1232/1659/1293 1237/1653/1293 1233/1660/1293
f 1230/1649/1329 1236/1654/1329 1232/1661/1329
f 1246/1662/1244 1250/1663/1244 1238/1664/1244
f 1264/1665/1292 1260/1666/1292 1256/1667/1292
f 1318/1668/1294 1255/1669/1264 1321/1670/1264
f 1319/1671/1266 1254/1672/1294 1318/1668/1294
f 1320/1673/1267 1263/1674/1271 1322/1675/1271
f 1323/1676/1269 1255/1669/1264 1256/1677/1269
f 1322/1675/1271 1264/1678/1295 1324/1679/1245
f 1323/1676/1269 1257/1680/1274 1325/1681/1274
f 1324/1679/1245 1265/1682/1246 1326/1683/1246
f 1327/1684/1249 1257/1680/1274 1258/1685/1249
f 1328/1686/1293 1265/1682/1246 1266/1687/1293
f 1327/1684/1249 1259/1688/1254 1329/1689/1254
f 1330/1690/1252 1266/1687/1293 1267/1691/1252
f 1331/1692/1257 1259/1688/1254 1260/1693/1257
f 1332/1694/1259 1267/1691/1252 1268/1695/1259
f 1333/1696/1261 1260/1693/1257 1261/1697/1261
f 1319/1671/1266 1268/1695/1259 1269/1698/1266
f 1320/1699/1267 1261/1697/1261 1262/1700/1267
f 1118/1477/1244 1270/1701/1244 1119/1702/1244
f 1119/1702/1244 1272/1703/1244 1120/1704/1244
f 1120/1704/1244 1273/1705/1244 1121/1706/1244
f 1121/1706/1244 1274/1707/1244 1122/1708/1244
f 1122/1708/1244 1275/1709/1244 1123/1710/1330
f 1123/1710/1330 1276/1711/1244 1124/1712/1244
f 1276/1711/1244 1125/1713/1331 1124/1712/1244
f 1125/1713/1331 1278/1714/1244 1126/1475/1244
f 1278/1714/1244 1127/1715/1244 1126/1475/1244
f 1127/1715/1244 1280/1716/1244 1128/1717/1244
f 1280/1716/1244 1129/1718/1244 1128/1717/1244
f 1129/1718/1244 1282/1719/1244 1130/1476/1244
f 1130/1476/1244 1283/1720/1244 1131/1721/1244
f 1131/1721/1244 1284/1722/1244 1132/1723/1244
f 1284/1722/1244 1133/1724/1244 1132/1723/1244
f 1285/1725/1244 1118/1477/1244 1133/1724/1244
f 1301/1726/1274 1274/1727/1249 1273/1728/1274
f 1280/1729/1245 1287/1730/1246 1281/1731/1246
f 1299/1732/1269 1273/1728/1274 1272/1733/1332
f 1298/1734/1271 1280/1729/1245 1279/1735/1271
f 1296/1736/1264 1272/1733/1332 1270/1737/1264
f 1295/1738/1267 1279/1735/1271 1278/1739/1267
f 1294/1740/1266 1271/1741/1294 1285/1742/1266
f 1271/1741/1294 1296/1736/1264 1270/1737/1264
f 1277/1743/1261 1295/1744/1267 1278/1745/1267
f 1284/1746/1259 1294/1740/1266 1285/1742/1266
f 1276/1747/1257 1293/1748/1261 1277/1743/1261
f 1290/1749/1252 1284/1746/1259 1283/1750/1252
f 1288/1751/1254 1276/1747/1257 1275/1752/1254
f 1282/1753/1293 1290/1749/1252 1283/1750/1252
f 1289/1754/1249 1275/1752/1254 1274/1727/1249
f 1287/1730/1246 1282/1753/1293 1281/1731/1246
f 1246/1755/1267 1317/1756/1261 1305/1757/1267
f 1252/1758/1259 1304/1759/1266 1253/1760/1266
f 1244/1761/1257 1317/1756/1261 1245/1762/1261
f 1252/1758/1259 1314/1763/1252 1316/1764/1259
f 1243/1765/1254 1315/1766/1257 1244/1761/1257
f 1250/1767/1293 1314/1763/1252 1251/1768/1252
f 1243/1765/1254 1311/1769/1249 1313/1770/1254
f 1250/1767/1293 1310/1771/1246 1312/1772/1293
f 1242/1773/1249 1309/1774/1274 1311/1769/1249
f 1248/1775/1245 1310/1771/1246 1249/1776/1246
f 1241/1777/1274 1307/1778/1269 1309/1774/1274
f 1248/1775/1245 1306/1779/1271 1308/1780/1245
f 1239/1781/1264 1307/1778/1269 1240/1782/1269
f 1246/1783/1267 1306/1779/1271 1247/1784/1271
f 1253/1760/1266 1302/1785/1294 1238/1786/1294
f 1239/1781/1264 1302/1785/1294 1303/1787/1264
f 1377/1788/1261 1320/1699/1267 1364/1789/1267
f 1376/1790/1259 1319/1671/1266 1363/1791/1266
f 1377/1788/1261 1331/1692/1257 1333/1696/1261
f 1376/1790/1259 1330/1690/1252 1332/1694/1259
f 1375/1792/1257 1329/1689/1254 1331/1692/1257
f 1374/1793/1252 1328/1686/1293 1330/1690/1252
f 1371/1794/1249 1329/1689/1254 1373/1795/1254
f 1372/1796/1293 1326/1683/1246 1328/1686/1293
f 1371/1794/1249 1325/1681/1274 1327/1684/1249
f 1368/1797/1245 1326/1683/1246 1370/1798/1246
f 1367/1799/1269 1325/1681/1274 1369/1800/1274
f 1368/1797/1245 1322/1675/1271 1324/1679/1245
f 1365/1801/1264 1323/1676/1269 1367/1799/1269
f 1366/1802/1271 1320/1673/1267 1322/1675/1271
f 1363/1791/1266 1318/1668/1294 1362/1803/1294
f 1365/1801/1264 1318/1668/1294 1321/1670/1264
f 1343/1804/1292 1208/1624/1312 1344/1805/1292
f 1205/1582/1293 1340/1806/1333 1342/1807/1333
f 1341/1808/1293 1209/1629/1293 1343/1809/1293
f 1338/1610/1244 1207/1623/1311 1341/1608/1244
f 1336/1810/1334 1342/1811/1302 1337/1812/1334
f 1336/1813/1335 1339/1576/1296 1345/1575/1296
f 1337/1814/1336 1340/1806/1333 1334/1815/1336
f 1334/1816/1305 1339/1817/1303 1335/1609/1305
f 1344/1818/1249 1206/1626/1249 1338/1819/1249
f 1343/1809/1337 1334/1815/1336 1341/1808/1337
f 1338/1819/1338 1336/1813/1335 1344/1818/1338
f 1343/1804/1339 1336/1810/1334 1337/1812/1334
f 1378/1820/1264 1359/1821/1294 1346/1822/1264
f 1392/1823/1266 1359/1821/1294 1391/1824/1294
f 1393/1825/1267 1347/1826/1271 1379/1827/1271
f 1378/1820/1264 1348/1828/1269 1380/1829/1269
f 1381/1830/1245 1347/1826/1271 1349/1831/1245
f 1380/1829/1269 1350/1832/1274 1382/1833/1274
f 1381/1830/1245 1351/1834/1246 1383/1835/1246
f 1384/1836/1249 1350/1832/1274 1352/1837/1249
f 1385/1838/1293 1351/1834/1246 1353/1839/1293
f 1384/1836/1249 1354/1840/1254 1386/1841/1254
f 1387/1842/1252 1353/1839/1293 1355/1843/1252
f 1388/1844/1257 1354/1840/1254 1356/1845/1257
f 1389/1846/1259 1355/1843/1252 1357/1847/1259
f 1388/1844/1257 1358/1848/1261 1390/1849/1261
f 1392/1823/1266 1357/1847/1259 1360/1850/1266
f 1390/1849/1261 1361/1851/1267 1393/1852/1267
f 1359/1821/1340 1365/1801/1341 1346/1822/1341
f 1360/1850/1342 1362/1803/1340 1359/1821/1340
f 1347/1826/1343 1364/1853/1344 1366/1802/1343
f 1346/1822/1341 1367/1799/1345 1348/1828/1345
f 1349/1831/1346 1366/1802/1343 1368/1797/1346
f 1348/1828/1345 1369/1800/1347 1350/1832/1347
f 1349/1831/1346 1370/1798/1348 1351/1834/1348
f 1352/1837/1349 1369/1800/1347 1371/1794/1349
f 1353/1839/1350 1370/1798/1348 1372/1796/1350
f 1352/1837/1349 1373/1795/1351 1354/1840/1351
f 1355/1843/1352 1372/1796/1350 1374/1793/1352
f 1356/1845/1353 1373/1795/1351 1375/1792/1353
f 1355/1843/1352 1376/1790/1354 1357/1847/1355
f 1358/1848/1356 1375/1792/1353 1377/1788/1356
f 1357/1847/1355 1363/1791/1357 1360/1850/1342
f 1361/1851/1344 1377/1788/1356 1364/1789/1344
f 1305/1757/1267 1390/1849/1261 1393/1852/1267
f 1304/1759/1266 1389/1846/1259 1392/1823/1266
f 1317/1756/1261 1388/1844/1257 1390/1849/1261
f 1314/1763/1252 1389/1846/1259 1316/1764/1259
f 1313/1770/1254 1388/1844/1257 1315/1766/1257
f 1312/1772/1293 1387/1842/1252 1314/1763/1252
f 1311/1769/1249 1386/1841/1254 1313/1770/1254
f 1310/1771/1246 1385/1838/1293 1312/1772/1293
f 1311/1769/1249 1382/1833/1274 1384/1836/1249
f 1308/1780/1245 1383/1835/1246 1310/1771/1246
f 1307/1778/1269 1382/1833/1274 1309/1774/1274
f 1308/1780/1245 1379/1827/1271 1381/1830/1245
f 1307/1778/1269 1378/1820/1264 1380/1829/1269
f 1305/1854/1267 1379/1827/1271 1306/1779/1271
f 1304/1759/1266 1391/1824/1294 1302/1785/1294
f 1303/1787/1264 1391/1824/1294 1378/1820/1264
f 1406/1509/1273 1411/1855/1358 1425/1856/1359
f 1424/1857/1360 1407/1483/1248 1410/1858/1361
f 1404/1506/1270 1425/1856/1359 1423/1859/1362
f 1403/1503/1268 1424/1857/1360 1422/1860/1363
f 1421/1861/1364 1404/1506/1270 1423/1859/1362
f 1401/1504/1262 1422/1860/1363 1420/1862/1365
f 1400/1495/1260 1412/1863/1366 1419/1864/1367
f 1409/1498/1263 1421/1861/1364 1412/1863/1366
f 1418/1865/1368 1401/1497/1262 1420/1866/1365
f 1398/1491/1256 1419/1864/1367 1417/1867/1369
f 1397/1490/1255 1418/1865/1368 1416/1868/1370
f 1396/1488/1253 1417/1867/1369 1415/1869/1371
f 1395/1485/1250 1416/1868/1370 1414/1870/1372
f 1394/1482/1247 1415/1869/1371 1413/1871/1373
f 1411/1855/1358 1395/1485/1250 1414/1870/1372
f 1407/1483/1248 1413/1871/1373 1410/1858/1361
f 1410/1858/1361 1286/1872/1293 1287/1730/1246
f 1289/1754/1249 1414/1870/1372 1288/1751/1254
f 1413/1871/1373 1290/1749/1252 1286/1872/1293
f 1414/1870/1372 1291/1873/1257 1288/1751/1254
f 1290/1749/1252 1417/1867/1369 1292/1874/1259
f 1416/1868/1370 1293/1748/1261 1291/1873/1257
f 1417/1867/1369 1294/1740/1266 1292/1874/1259
f 1293/1748/1261 1420/1866/1365 1295/1744/1267
f 1412/1863/1366 1296/1736/1264 1297/1875/1294
f 1419/1864/1367 1297/1875/1294 1294/1740/1266
f 1295/1738/1267 1422/1860/1363 1298/1734/1271
f 1296/1736/1264 1423/1859/1362 1299/1732/1269
f 1422/1860/1363 1300/1876/1245 1298/1734/1271
f 1423/1859/1362 1301/1726/1274 1299/1732/1269
f 1424/1857/1360 1287/1730/1246 1300/1876/1245
f 1301/1726/1274 1411/1855/1358 1289/1754/1249
f 1441/1557/1269 1137/1515/1274 1136/1514/1332
f 1143/1523/1271 1427/1478/1245 1144/1524/1245
f 1438/1551/1264 1136/1514/1332 1135/1513/1264
f 1142/1522/1267 1440/1554/1271 1143/1523/1271
f 1436/1547/1266 1134/1512/1294 1149/1530/1266
f 1439/1552/1294 1135/1513/1264 1134/1512/1294
f 1435/1545/1261 1142/1521/1267 1141/1519/1261
f 1148/1529/1259 1436/1547/1266 1149/1530/1266
f 1433/1542/1257 1141/1519/1261 1140/1518/1257
f 1147/1527/1252 1434/1543/1259 1148/1529/1259
f 1139/1517/1254 1433/1542/1257 1140/1518/1257
f 1146/1526/1293 1432/1541/1252 1147/1527/1252
f 1138/1516/1249 1431/1539/1254 1139/1517/1254
f 1426/1480/1246 1146/1526/1293 1145/1525/1246
f 1429/1536/1274 1138/1516/1249 1137/1515/1274
f 1427/1478/1245 1145/1525/1246 1144/1524/1245
f 21/1/1 24/33/34 19/2/2
f 7/4/4 10/8/8 11/5/5
f 8/7/7 12/10/10 11/5/5
f 9/9/9 13/6/6 11/5/5
f 14/11/11 17/14/14 18/12/12
f 15/3/3 19/2/2 18/12/12
f 16/15/15 20/13/13 18/12/12
f 37/16/16 16/15/15 28/17/17
f 14/11/11 20/13/13 36/19/19
f 20/13/13 16/15/15 37/16/16
f 15/3/3 4/45/1374 30/21/21
f 7/4/4 13/6/6 3/22/22
f 13/6/6 9/9/9 2/24/24
f 5/25/25 6/26/26 17/14/14
f 6/26/26 4/45/1374 15/3/3
f 7/4/4 1/23/23 38/27/27
f 25/29/29 12/10/10 8/7/7
f 19/2/2 24/33/34 28/17/17
f 22/31/31 31/38/42 2/24/24
f 9/9/9 12/10/10 25/29/29
f 27/30/30 29/35/39 26/32/32
f 26/32/33 29/35/37 28/17/17
f 22/31/31 25/29/29 26/32/32
f 26/32/33 24/33/34 21/1/1
f 40/18/18 28/17/17 29/35/37
f 29/35/39 27/30/30 42/37/40
f 30/21/21 32/40/1375 23/34/36
f 23/34/35 32/40/1376 31/38/42
f 33/28/28 34/1877/1377 10/8/8
f 35/20/20 39/1878/202 5/25/25
f 43/39/43 42/37/40 27/30/30
f 10/8/8 34/1877/1377 43/39/43
f 32/40/44 48/43/44 47/41/45
f 32/40/44 30/21/48 46/42/47
f 31/38/46 47/41/45 44/44/44
f 4/45/44 45/47/44 46/42/47
f 3/22/44 2/24/44 44/44/44
f 49/46/44 38/27/44 1/23/44
f 45/47/44 4/45/44 6/26/44
f 5/25/44 39/1878/44 50/48/44
f 69/49/49 74/72/72 71/50/50
f 57/52/52 63/58/58 61/53/53
f 58/55/55 60/54/54 61/53/53
f 59/57/57 62/56/56 61/53/53
f 64/59/59 70/63/63 68/60/60
f 65/51/51 67/61/61 68/60/60
f 66/62/62 69/49/49 68/60/60
f 78/64/64 66/62/62 37/16/16
f 36/19/19 70/63/63 64/59/59
f 37/16/16 66/62/62 70/63/63
f 80/65/65 54/80/1378 65/51/51
f 53/66/66 63/58/58 57/52/52
f 52/68/68 59/57/57 63/58/58
f 67/61/61 56/70/70 55/69/69
f 65/51/51 54/80/1378 56/70/70
f 38/27/27 51/67/67 57/52/52
f 75/71/71 77/75/75 58/55/55
f 69/49/49 66/62/62 78/64/64
f 52/68/68 81/78/81 72/73/73
f 75/71/71 62/56/56 59/57/57
f 76/74/74 79/76/79 77/75/75
f 76/74/76 74/72/72 78/64/64
f 72/73/73 73/77/80 76/74/74
f 71/50/50 74/72/72 76/74/76
f 40/18/18 41/36/38 79/76/77
f 42/37/40 77/75/75 79/76/79
f 73/77/78 82/79/1379 80/65/65
f 73/77/80 72/73/73 81/78/81
f 60/54/54 34/1877/1377 33/28/28
f 55/69/69 39/1878/202 35/20/20
f 77/75/75 42/37/40 43/39/43
f 43/39/43 34/1877/1377 60/54/54
f 47/41/45 83/1879/44 82/79/44
f 82/79/44 83/1879/44 46/42/47
f 44/44/44 47/41/45 81/78/46
f 46/42/47 45/47/44 54/80/44
f 53/66/44 49/46/44 44/44/44
f 51/67/44 38/27/44 49/46/44
f 56/70/44 54/80/44 45/47/44
f 50/48/44 39/1878/44 55/69/44
f 84/81/83 97/85/86 112/82/84
f 110/84/44 117/1880/110 97/85/86
f 106/86/87 116/1881/112 109/87/88
f 85/88/89 100/98/99 113/89/90
f 97/85/86 117/1880/110 108/90/91
f 86/91/92 101/92/93 112/82/84
f 86/91/92 106/86/87 113/89/90
f 108/90/91 116/1881/112 106/86/87
f 87/93/94 102/96/97 114/94/95
f 99/83/85 112/82/84 102/96/97
f 98/97/98 113/89/90 100/98/99
f 88/99/100 104/106/107 115/100/101
f 102/96/97 112/82/84 101/92/93
f 89/101/102 105/102/103 114/94/95
f 89/101/102 98/97/98 115/100/101
f 101/92/93 113/89/90 98/97/98
f 103/95/96 114/94/95 132/103/104
f 133/105/106 115/100/101 104/106/107
f 132/103/104 114/94/95 105/102/103
f 105/102/103 115/100/101 133/105/106
f 122/109/110 153/122/115 152/110/111
f 108/90/91 117/1880/110 107/112/110
f 95/114/112 116/1881/112 108/90/91
f 118/111/91 152/110/111 111/115/113
f 121/116/112 111/115/113 154/117/114
f 109/87/88 116/1881/112 95/114/112
f 107/112/110 117/1880/110 110/84/44
f 120/121/44 96/713/617 153/122/115
f 120/121/44 122/109/110 123/123/110
f 127/125/112 121/116/112 119/118/88
f 118/111/91 121/116/112 127/125/112
f 123/123/110 122/109/110 118/111/91
f 107/112/110 123/123/110 124/127/91
f 124/127/91 127/125/112 95/114/112
f 95/114/112 127/125/112 125/126/88
f 126/124/44 123/123/110 107/112/110
f 128/128/116 138/134/122 142/129/117
f 131/130/118 139/1882/140 158/131/119
f 158/131/119 156/167/145 137/132/120
f 128/128/116 137/132/120 143/133/121
f 144/135/123 151/154/137 143/133/121
f 137/132/120 156/167/145 159/136/124
f 157/137/125 139/1882/140 131/130/118
f 145/138/126 131/130/118 142/129/117
f 148/140/128 140/150/133 133/141/106
f 132/143/104 141/152/135 149/144/129
f 133/141/106 140/150/133 135/146/130
f 135/146/130 141/152/135 132/143/104
f 150/139/127 142/129/117 136/148/131
f 146/149/132 136/148/131 140/150/133
f 147/151/134 149/144/129 141/152/135
f 134/153/136 143/133/121 151/154/137
f 130/155/138 135/146/130 140/150/133
f 136/148/131 142/129/117 138/134/122
f 138/134/122 143/133/121 134/153/136
f 130/155/138 134/153/136 141/152/135
f 153/122/115 96/713/617 155/156/27
f 111/158/113 152/157/111 155/156/27
f 164/160/139 160/163/141 158/161/119
f 162/165/143 163/166/144 160/163/141
f 160/163/141 164/160/139 161/164/142
f 158/161/119 160/163/141 163/166/144
f 163/166/144 162/165/143 159/136/124
f 157/168/125 161/164/142 164/160/139
f 168/169/146 172/244/212 177/170/147
f 179/172/149 180/200/177 190/173/150
f 173/175/152 165/177/154 168/169/146
f 170/176/153 168/169/146 165/177/154
f 219/179/156 170/176/153 169/178/155
f 277/181/158 173/175/152 176/171/148
f 166/183/160 193/256/224 202/184/161
f 167/186/163 197/257/225 246/187/164
f 189/189/166 191/204/181 186/190/167
f 188/192/169 180/200/177 179/172/149
f 187/194/171 189/189/166 182/191/168
f 178/195/172 182/191/168 184/196/173
f 183/197/174 184/196/173 238/198/175
f 186/190/167 191/204/181 190/173/150
f 280/201/178 282/203/180 189/189/166
f 181/193/170 236/293/257 237/202/179
f 282/203/180 285/248/216 191/204/181
f 169/205/182 165/208/183 178/206/183
f 165/208/183 173/234/27 187/209/27
f 172/210/184 186/233/203 180/211/185
f 166/213/187 179/219/192 185/214/188
f 175/216/190 174/212/186 180/211/185
f 167/218/191 181/223/195 179/219/192
f 220/220/193 175/216/190 188/217/169
f 218/222/194 236/1883/1380 181/223/195
f 170/224/196 184/230/201 182/225/197
f 169/205/182 183/207/182 235/227/199
f 170/224/196 219/316/274 238/229/200
f 171/215/189 185/214/188 281/231/202
f 172/210/184 168/226/198 182/225/197
f 173/234/27 277/805/27 280/235/27
f 193/238/206 166/1884/1381 171/236/204
f 171/236/204 203/240/208 194/237/205
f 278/239/207 287/263/231 203/240/208
f 174/212/186 175/216/190 200/241/209
f 193/238/206 194/237/205 177/170/147
f 172/244/212 174/1885/1382 192/243/211
f 191/204/181 196/246/214 195/174/151
f 195/174/151 196/246/214 185/245/213
f 196/246/214 286/1886/1383 281/247/215
f 285/248/216 286/1886/1383 196/246/214
f 197/249/217 200/1887/1384 249/250/218
f 199/252/220 200/1887/1384 197/249/217
f 198/253/221 202/1888/1385 201/254/222
f 192/255/223 201/260/228 202/184/161
f 166/183/160 198/185/162 197/257/225
f 175/216/190 220/220/193 249/258/226
f 174/259/227 199/1889/227 201/260/228
f 279/182/159 176/171/148 177/170/147
f 284/261/229 177/170/147 194/237/205
f 283/262/230 194/237/205 203/240/208
f 216/264/232 211/327/282 207/265/233
f 222/267/235 242/330/285 233/268/236
f 212/270/238 215/266/234 207/265/233
f 204/271/239 207/265/233 209/272/240
f 208/273/241 209/272/240 219/274/156
f 288/276/178 290/344/299 215/266/234
f 205/277/242 245/341/296 251/278/243
f 246/187/164 244/1890/1386 206/280/245
f 232/281/246 225/287/252 229/282/247
f 222/267/235 223/269/237 231/284/249
f 230/286/251 221/289/254 225/287/252
f 227/288/253 225/287/252 221/289/254
f 238/198/175 227/288/253 226/290/255
f 233/268/236 234/283/248 229/282/247
f 291/291/158 230/286/251 232/281/246
f 224/285/250 231/284/249 237/202/179
f 293/292/256 232/281/246 234/283/248
f 208/295/259 226/314/182 221/296/183
f 204/297/260 221/296/183 230/298/27
f 223/300/261 229/1891/1387 211/301/262
f 228/303/264 222/307/267 205/304/265
f 214/306/266 231/309/249 223/300/261
f 222/307/267 224/310/269 206/308/268
f 220/220/193 237/221/179 231/309/249
f 224/310/269 236/1883/1380 218/222/194
f 225/311/270 227/315/273 209/312/271
f 217/228/199 235/227/199 226/314/182
f 227/315/273 238/229/200 219/316/274
f 292/317/202 228/303/264 210/305/189
f 211/301/262 229/1891/1387 225/311/270
f 212/299/27 230/298/27 291/319/275
f 210/323/278 205/1892/1388 240/321/276
f 240/321/276 241/326/281 252/322/277
f 252/322/277 298/900/772 289/324/279
f 247/325/280 248/1893/1389 214/306/266
f 240/321/276 239/328/283 216/264/232
f 211/327/282 216/264/232 239/328/283
f 234/283/248 233/268/236 242/330/285
f 228/332/287 243/331/286 242/330/285
f 292/333/288 297/1894/1390 243/331/286
f 243/331/286 297/1894/1390 296/294/258
f 244/334/289 246/251/219 249/250/218
f 245/336/291 244/334/289 248/335/290
f 245/336/291 247/337/292 250/338/293
f 251/278/243 250/342/297 239/340/295
f 206/280/245 244/1890/1386 245/341/296
f 214/306/266 248/1893/1389 249/258/226
f 250/342/297 247/1895/298 213/343/298
f 216/264/232 215/266/234 290/344/299
f 241/326/281 216/264/232 295/345/300
f 294/346/301 298/900/772 252/322/277
f 264/347/302 255/366/1391 261/348/303
f 262/350/305 258/368/1392 265/351/306
f 254/353/27 257/361/27 256/354/27
f 267/356/308 268/674/594 253/357/309
f 260/359/310 267/364/313 256/360/310
f 268/362/311 259/365/312 254/353/312
f 262/350/305 266/352/307 267/364/313
f 268/362/311 263/349/304 261/348/303
f 255/366/314 264/1896/314 265/367/314
f 264/369/315 263/1897/315 266/370/315
f 262/350/316 261/348/316 255/366/316
f 273/372/91 271/387/91 274/373/91
f 299/375/27 270/380/27 269/376/27
f 272/378/91 276/381/91 269/379/91
f 273/372/91 275/374/91 276/381/91
f 274/382/317 304/932/789 302/383/318
f 305/385/320 304/1898/202 274/386/321
f 276/391/326 301/1899/44 300/392/44
f 308/394/91 309/1900/91 307/395/91
f 663/397/327 312/405/327 310/398/327
f 306/396/91 310/398/91 311/400/91
f 662/401/328 659/411/328 308/402/328
f 663/397/329 664/1901/329 313/404/329
f 311/400/91 310/398/91 312/405/91
f 658/407/330 307/395/330 309/408/330
f 661/399/331 310/398/331 306/396/332
f 306/396/332 307/395/333 658/407/333
f 659/411/334 660/1902/334 309/412/334
f 368/413/335 342/487/1393 349/414/336
f 320/416/338 315/510/356 388/417/339
f 382/419/341 319/522/441 314/420/342
f 410/422/344 384/441/363 374/423/345
f 341/425/347 375/496/426 381/426/348
f 371/428/350 318/524/442 389/429/351
f 339/431/353 366/461/379 381/432/354
f 315/434/356 320/448/338 324/435/357
f 370/437/359 321/436/358 322/438/360
f 409/440/362 382/521/341 384/441/363
f 325/442/364 326/483/443 322/438/360
f 382/419/341 317/421/343 383/443/365
f 325/442/364 321/436/358 324/435/357
f 330/445/366 324/435/357 334/446/367
f 334/446/367 324/435/357 320/448/338
f 331/450/369 320/416/338 391/418/340
f 372/452/371 374/526/345 328/453/372
f 373/433/355 372/452/371 333/454/373
f 336/455/374 331/450/369 393/451/370
f 334/446/367 331/449/369 336/457/374
f 329/459/377 332/479/432 333/454/373
f 337/460/378 365/495/1394 366/461/379
f 335/447/368 334/446/367 340/458/376
f 403/463/381 399/985/834 415/464/382
f 380/466/384 356/489/410 343/467/385
f 345/469/387 346/473/391 348/470/388
f 412/529/458 347/474/392 401/471/389
f 401/471/389 400/517/438 376/472/390
f 376/472/390 348/470/388 346/473/391
f 346/473/391 412/529/458 401/471/389
f 415/464/382 399/985/834 401/471/389
f 377/468/386 343/467/385 348/470/388
f 327/475/393 361/484/405 411/476/394
f 335/447/396 353/482/403 358/478/397
f 332/479/399 329/459/415 360/480/400
f 338/462/402 351/493/414 353/482/403
f 326/483/404 362/499/421 361/484/405
f 332/479/399 357/481/401 352/485/406
f 396/486/407 403/463/381 416/465/383
f 378/488/409 359/491/412 356/489/410
f 379/490/411 363/497/418 359/491/412
f 338/462/402 369/502/1395 355/492/413
f 329/459/415 385/477/395 411/476/394
f 337/460/406 352/485/406 350/494/416
f 375/496/417 341/425/449 363/497/418
f 330/445/398 358/478/397 364/498/419
f 325/442/420 364/498/419 362/499/421
f 396/486/422 342/487/1393 368/413/335
f 338/462/380 340/458/376 367/501/424
f 375/496/426 397/512/1396 406/503/427
f 368/504/428 367/501/424 340/458/376
f 336/455/374 395/456/375 407/505/429
f 373/507/355 381/1903/354 406/508/430
f 332/479/432 337/460/378 339/431/353
f 315/510/356 371/428/350 408/430/352
f 315/434/356 321/436/358 370/437/359
f 397/512/433 375/496/417 379/490/411
f 405/513/434 379/490/411 378/488/409
f 404/514/435 378/488/409 380/466/384
f 398/516/437 377/468/386 376/472/390
f 380/466/384 377/468/386 398/516/437
f 394/509/431 392/519/439 372/518/371
f 392/519/439 390/424/346 374/423/345
f 387/520/440 319/1904/441 382/521/341
f 319/522/441 318/523/442 316/439/361
f 318/523/442 371/511/350 370/437/359
f 318/524/442 319/1904/441 387/520/440
f 326/483/443 327/475/447 323/525/444
f 322/438/360 323/525/444 314/420/342
f 384/444/363 383/443/365 328/453/372
f 385/477/445 329/459/377 328/453/372
f 383/443/365 317/421/343 386/527/446
f 386/527/446 317/421/343 314/420/342
f 327/475/447 385/477/445 386/527/446
f 352/485/448 363/497/418 341/425/449
f 363/497/418 352/485/448 357/481/451
f 359/491/412 357/481/451 360/480/452
f 362/499/453 414/528/456 345/469/387
f 364/498/455 413/530/459 414/528/456
f 355/492/413 369/502/1395 367/415/337
f 411/476/457 343/467/385 356/489/410
f 343/467/385 411/476/457 361/484/454
f 346/473/391 345/469/387 414/528/456
f 412/529/458 414/528/456 413/530/459
f 344/531/460 415/464/382 347/474/392
f 413/530/459 364/498/455 354/532/462
f 344/531/460 354/532/462 416/465/383
f 342/487/408 416/465/383 354/532/462
f 351/493/464 355/492/1397 349/414/465
f 444/533/466 445/566/500 424/534/467
f 448/536/468 442/564/498 421/537/469
f 421/537/469 442/564/498 446/539/471
f 417/541/466 441/567/466 443/542/466
f 425/540/472 446/539/471 447/544/466
f 417/541/473 422/543/491 428/546/474
f 419/548/476 432/545/482 417/541/473
f 429/549/477 421/537/1398 425/540/478
f 436/538/480 421/537/1398 429/549/477
f 420/550/479 425/540/478 432/545/482
f 423/535/483 424/534/494 426/552/484
f 434/554/486 439/560/493 438/555/487
f 437/557/489 436/538/480 430/551/481
f 422/543/491 423/535/483 427/553/485
f 435/559/492 440/568/1399 439/560/493
f 438/555/487 437/557/489 431/558/490
f 424/534/494 440/568/1399 435/559/492
f 450/561/495 451/563/497 448/536/468
f 451/563/497 452/565/499 442/564/498
f 446/539/471 442/564/498 452/565/499
f 445/566/500 444/533/466 447/544/466
f 447/544/466 444/533/466 443/542/466
f 439/560/501 451/563/497 450/561/495
f 432/545/466 447/544/466 441/567/466
f 449/562/496 448/536/468 436/538/470
f 443/542/466 444/533/466 423/535/466
f 440/568/504 452/565/499 451/563/497
f 450/561/495 449/562/496 437/557/503
f 445/566/500 452/565/499 440/568/504
f 454/569/505 465/587/523 464/570/506
f 463/572/508 456/579/515 467/573/509
f 471/575/511 469/578/514 458/576/512
f 469/578/514 467/573/509 456/579/515
f 474/574/510 466/586/522 455/580/516
f 459/581/517 470/585/521 472/582/518
f 457/584/520 468/590/526 470/585/521
f 454/569/505 455/580/516 466/586/522
f 461/583/519 472/582/518 473/588/524
f 453/571/507 464/570/506 468/590/526
f 793/591/527 792/598/528 465/587/528
f 800/592/529 789/1905/529 462/593/529
f 786/594/530 784/599/531 457/595/531
f 794/597/532 801/601/533 474/574/533
f 792/598/528 791/610/535 464/570/535
f 784/599/531 780/616/536 453/600/536
f 801/601/533 793/591/527 466/586/527
f 469/578/537 796/1078/537 794/597/532
f 785/602/538 787/1906/539 460/603/539
f 460/605/540 787/1907/540 798/606/540
f 795/607/541 797/618/542 470/585/542
f 788/608/543 786/594/530 459/596/530
f 791/610/535 795/607/541 468/590/541
f 789/611/544 788/608/543 461/609/543
f 798/606/545 796/1078/537 469/578/537
f 790/613/546 783/621/547 456/614/547
f 780/616/536 781/668/548 454/617/548
f 797/618/542 799/622/549 472/582/549
f 782/619/550 790/613/546 463/615/546
f 783/621/547 785/602/538 458/604/538
f 799/622/549 800/592/551 473/588/551
f 492/625/554 478/1908/1400 477/1086/960
f 477/1086/960 487/1909/1401 489/623/552
f 489/623/552 490/1910/553 488/1911/553
f 488/1911/553 491/1912/553 493/624/553
f 493/624/553 494/1913/553 492/625/554
f 492/625/554 477/1086/960 489/623/552
f 489/623/552 488/1911/553 493/624/553
f 475/626/555 479/642/1402 487/627/556
f 492/629/558 484/647/1403 476/630/559
f 479/634/563 475/1914/1404 476/1094/1405
f 476/1094/1405 484/1915/1406 486/632/561
f 486/632/561 485/1916/1407 483/1917/562
f 483/1917/562 480/1918/562 482/633/562
f 482/633/562 481/1919/562 479/634/563
f 479/634/563 476/1094/1405 486/632/561
f 486/632/561 483/1917/562 482/633/562
f 480/635/564 483/643/564 491/636/564
f 341/425/347 366/427/349 365/495/565
f 488/637/567 490/639/570 482/638/568
f 490/639/570 489/641/572 481/640/571
f 489/641/572 487/627/1408 479/642/573
f 483/643/574 485/645/577 493/644/575
f 485/645/577 486/648/580 494/646/578
f 484/647/579 492/629/579 494/646/578
f 761/649/581 434/661/581 433/650/582
f 747/652/583 420/659/583 419/653/584
f 745/655/585 418/671/585 428/656/586
f 756/658/587 429/665/587 420/659/583
f 762/660/588 435/663/588 434/661/581
f 753/662/589 426/667/589 435/663/588
f 757/664/590 430/670/590 429/665/587
f 754/666/591 427/672/591 426/667/589
f 781/668/548 782/619/550 455/620/550
f 758/669/592 431/1920/592 430/670/590
f 746/654/584 419/653/584 418/671/585
f 755/657/586 428/656/586 427/672/591
f 259/365/316 260/359/316 257/361/316
f 261/348/316 262/350/316 260/359/316
f 275/673/593 302/1108/984 303/389/324
f 268/674/594 267/356/308 266/675/595
f 496/677/88 305/385/88 271/387/596
f 272/378/596 495/678/88 496/677/88
f 270/380/596 299/375/88 495/678/88
f 84/81/83 99/83/85 510/679/597
f 501/680/598 515/1921/613 110/84/44
f 109/681/88 514/1922/614 506/682/599
f 85/683/89 506/682/599 511/684/600
f 508/686/176 515/1921/613 501/680/598
f 497/687/601 501/680/598 510/679/597
f 497/687/601 503/688/602 511/684/600
f 506/682/599 514/1922/614 508/686/176
f 87/93/94 103/95/96 512/689/603
f 504/690/604 510/679/597 99/83/85
f 100/685/99 511/684/600 502/691/605
f 88/692/100 502/691/605 513/693/606
f 503/688/602 510/679/597 504/690/604
f 498/695/607 504/690/604 512/689/603
f 498/695/607 505/696/608 513/693/606
f 502/691/605 511/684/600 503/688/602
f 526/697/609 512/689/603 103/95/96
f 104/694/107 513/693/606 527/698/610
f 505/696/608 512/689/603 526/697/609
f 527/698/610 513/693/606 505/696/608
f 538/701/612 539/712/616 518/702/613
f 507/704/613 515/1921/613 508/686/176
f 508/686/176 514/1922/614 500/706/614
f 516/703/176 517/709/614 509/707/615
f 154/708/114 509/707/615 517/709/614
f 500/706/614 514/1922/614 109/681/88
f 110/84/44 515/1921/613 507/704/613
f 120/121/44 518/702/613 539/712/616
f 519/714/613 518/702/613 120/121/44
f 119/710/88 517/709/614 521/715/614
f 521/715/614 517/709/614 516/703/176
f 516/703/176 518/702/613 519/714/613
f 520/717/176 519/714/613 507/704/613
f 500/706/614 521/715/614 520/717/176
f 125/716/88 521/715/614 500/706/614
f 507/704/613 519/714/613 126/124/44
f 522/718/618 525/722/622 536/719/619
f 541/721/621 533/1923/632 525/722/622
f 531/723/623 540/747/635 541/721/621
f 522/718/618 532/720/620 537/724/624
f 144/135/123 531/723/623 537/724/624
f 159/136/124 540/747/635 531/723/623
f 525/722/622 533/1923/632 157/725/125
f 145/726/126 150/734/127 536/719/619
f 527/727/610 534/736/627 148/728/128
f 149/144/129 535/737/628 526/730/609
f 529/731/625 534/736/627 527/727/610
f 526/730/609 535/737/628 529/731/625
f 530/733/626 536/719/619 150/734/127
f 146/735/132 148/728/128 534/736/627
f 147/151/134 528/738/629 535/737/628
f 151/154/137 537/724/624 528/738/629
f 524/739/630 530/733/626 534/736/627
f 532/720/620 536/719/619 530/733/626
f 528/738/629 537/724/624 532/720/620
f 524/739/630 529/731/625 535/737/628
f 155/156/27 96/713/617 539/712/616
f 509/741/615 154/159/114 155/156/27
f 541/742/621 542/745/633 544/743/631
f 542/745/633 543/746/634 162/165/143
f 162/165/143 161/164/142 544/743/631
f 541/742/621 540/747/635 543/746/634
f 159/136/124 162/165/143 543/746/634
f 157/168/125 533/744/632 544/743/631
f 557/748/636 552/811/692 548/749/637
f 559/751/639 575/814/695 570/752/640
f 553/754/642 556/750/638 548/749/637
f 545/755/643 548/749/637 550/756/644
f 549/757/645 550/756/644 599/758/646
f 277/181/158 279/182/159 556/750/638
f 546/760/648 578/1924/1409 582/761/649
f 626/763/651 577/825/706 547/764/652
f 569/766/654 562/772/660 566/767/655
f 559/751/639 560/753/641 568/769/657
f 567/771/659 558/774/662 562/772/660
f 564/773/661 562/772/660 558/774/662
f 618/776/664 564/773/661 563/775/663
f 570/752/640 571/768/656 566/767/655
f 280/201/178 567/771/659 569/766/654
f 561/770/658 568/769/657 617/778/665
f 282/203/180 569/766/654 571/768/656
f 549/780/667 563/1925/667 558/781/668
f 545/782/668 558/781/668 567/783/27
f 560/785/669 566/1926/1410 552/786/670
f 565/788/672 559/792/676 546/789/673
f 555/791/675 568/795/657 560/785/669
f 559/792/676 561/796/679 547/793/677
f 600/794/678 617/871/665 568/795/657
f 561/796/679 616/1927/1411 598/797/680
f 562/798/681 564/1928/1412 550/799/682
f 615/801/684 563/1925/667 549/780/667
f 550/799/682 564/1928/1412 618/803/685
f 281/231/202 565/788/672 551/790/674
f 552/786/670 566/1926/1410 562/798/681
f 553/784/27 567/783/27 280/235/27
f 551/808/689 546/1929/1413 573/806/687
f 573/806/687 574/810/691 583/807/688
f 583/807/688 287/263/231 278/239/207
f 554/787/671 579/1930/1414 580/809/690
f 573/806/687 572/812/693 557/748/636
f 552/811/692 557/748/636 572/812/693
f 571/768/656 570/752/640 575/814/695
f 565/816/697 576/815/696 575/814/695
f 281/247/215 286/1886/1383 576/815/696
f 576/815/696 286/1886/1383 285/248/216
f 577/817/698 626/889/761 629/818/699
f 577/817/698 580/819/700 579/820/701
f 578/821/702 579/820/701 581/822/703
f 582/761/649 581/827/708 572/824/705
f 577/825/706 578/1924/1409 546/760/648
f 555/791/675 580/809/690 629/826/707
f 581/827/708 579/1931/709 554/828/709
f 557/748/636 556/750/638 279/182/159
f 574/810/691 557/748/636 284/261/229
f 283/262/230 287/263/231 583/807/688
f 587/829/710 591/885/757 596/830/711
f 602/832/713 603/854/733 613/833/714
f 592/835/716 584/837/718 587/829/710
f 589/836/717 587/829/710 584/837/718
f 599/839/646 589/836/717 588/838/719
f 288/276/178 592/835/716 595/831/712
f 585/841/720 620/895/767 631/842/721
f 586/844/723 624/896/768 626/763/651
f 612/845/724 614/855/734 609/846/725
f 611/848/727 603/854/733 602/832/713
f 610/850/729 612/845/724 605/847/726
f 601/851/730 605/847/726 607/852/731
f 606/853/732 607/852/731 618/776/664
f 609/846/725 614/855/734 613/833/714
f 291/291/158 293/292/256 612/845/724
f 604/849/728 616/779/666 617/778/665
f 293/292/256 296/294/258 614/855/734
f 588/856/735 584/859/736 601/857/668
f 584/859/736 592/878/27 610/860/27
f 591/861/737 609/877/750 603/862/738
f 585/864/740 602/870/744 608/865/741
f 594/867/742 593/863/739 603/862/738
f 586/869/743 604/872/745 602/870/744
f 600/794/678 594/867/742 611/868/727
f 598/797/680 616/1927/1411 604/872/745
f 589/873/746 607/876/749 605/874/747
f 597/802/684 588/856/735 606/858/667
f 599/804/686 618/803/685 607/876/749
f 590/866/674 608/865/741 292/317/202
f 591/861/737 587/875/748 605/874/747
f 592/878/27 288/320/275 291/319/275
f 620/881/753 585/1932/1415 590/879/751
f 590/879/751 632/882/754 621/880/752
f 289/324/279 298/900/772 632/882/754
f 594/867/742 628/897/769 627/883/755
f 620/881/753 621/880/752 596/830/711
f 591/885/757 593/1933/1416 619/884/756
f 614/855/734 623/887/759 622/834/715
f 622/834/715 623/887/759 608/886/758
f 623/887/759 297/1894/1390 292/333/288
f 296/294/258 297/1894/1390 623/887/759
f 624/888/760 628/891/763 629/818/699
f 625/890/762 627/893/765 628/891/763
f 625/890/762 631/1934/1417 630/892/764
f 619/894/766 630/899/771 631/842/721
f 586/844/723 585/841/720 625/843/722
f 594/867/742 600/794/678 629/826/707
f 593/898/770 627/1935/770 630/899/771
f 290/344/299 595/831/712 596/830/711
f 295/345/300 596/830/711 621/880/752
f 294/346/301 621/880/752 632/882/754
f 641/901/773 635/919/1418 644/902/774
f 642/904/776 646/1936/1419 645/905/777
f 634/907/27 633/1937/27 636/908/27
f 633/910/779 648/1109/985 647/911/780
f 636/913/781 647/917/784 640/914/781
f 634/907/782 639/1106/782 648/915/783
f 647/917/784 646/1936/1419 642/904/776
f 648/915/783 639/1106/782 641/901/773
f 645/918/785 644/1938/785 635/919/785
f 646/920/786 643/1939/786 644/921/786
f 635/919/787 641/901/787 642/904/787
f 653/923/176 655/1940/176 654/924/176
f 299/375/27 300/377/27 649/926/27
f 649/928/176 656/930/176 652/929/176
f 656/930/176 655/1940/176 653/923/176
f 654/931/788 655/1941/1420 302/383/318
f 654/933/790 304/1898/202 305/385/320
f 300/392/44 301/1899/44 656/935/792
f 659/937/176 657/410/176 658/407/176
f 662/939/176 661/399/176 657/410/176
f 662/939/176 664/1942/176 663/397/176
f 719/940/793 718/1029/883 700/941/794
f 388/417/339 666/1017/809 671/943/796
f 733/944/797 668/1026/874 665/945/798
f 725/947/800 735/962/814 410/422/344
f 732/948/801 726/1009/867 692/949/802
f 722/951/804 408/430/352 389/429/351
f 690/953/806 724/974/824 732/954/807
f 666/956/809 672/1018/869 675/957/810
f 673/959/811 672/1018/869 721/960/812
f 735/962/814 733/1021/797 409/440/362
f 676/963/815 672/1018/869 673/959/811
f 734/965/817 668/1026/874 733/944/797
f 675/957/810 672/1018/869 676/963/815
f 685/968/819 675/957/810 681/967/818
f 685/968/819 682/1943/821 671/958/796
f 391/418/340 671/943/796 682/970/821
f 723/971/822 684/975/825 679/972/823
f 724/974/824 690/953/806 684/975/825
f 393/451/370 682/970/821 687/976/826
f 687/977/826 682/1943/821 685/968/819
f 680/979/828 679/972/823 684/975/825
f 688/981/830 690/953/806 717/955/808
f 691/978/827 685/968/819 686/969/820
f 403/463/381 743/1001/855 742/984/833
f 731/986/835 728/992/841 694/987/836
f 699/989/838 697/1030/885 696/990/839
f 401/471/389 698/1033/888 739/991/840
f 739/991/840 697/1030/885 699/989/838
f 699/989/838 727/1019/870 400/517/438
f 400/517/438 401/471/389 739/991/840
f 742/984/833 698/1033/888 401/471/389
f 728/992/841 727/1019/870 699/989/838
f 738/993/842 712/999/852 678/994/843
f 709/996/845 704/998/850 686/969/846
f 683/980/847 708/1027/1421 711/997/848
f 704/998/850 702/1035/1422 689/983/851
f 712/999/852 713/1011/421 677/964/853
f 703/1000/854 708/1027/1421 683/980/847
f 396/486/407 693/942/893 743/1001/855
f 729/1002/856 731/986/835 707/988/837
f 730/1004/858 729/1002/856 710/1003/857
f 689/983/851 702/1035/1422 706/1006/860
f 680/979/849 711/997/848 738/993/842
f 701/1008/862 703/1000/854 688/981/854
f 726/1009/863 730/1004/858 714/1005/859
f 715/1010/419 709/996/845 681/967/398
f 713/1011/421 715/1010/419 676/963/420
f 396/486/422 407/500/423 719/940/793
f 718/1012/865 691/978/827 689/983/832
f 406/503/427 397/512/1396 726/1009/867
f 691/978/827 718/1012/865 719/1013/868
f 407/505/429 395/456/375 687/976/826
f 724/1015/824 394/509/431 406/508/430
f 683/980/829 684/975/825 690/953/806
f 666/1017/809 388/417/339 408/430/352
f 666/956/809 722/1944/804 721/960/812
f 397/512/433 405/513/434 730/1004/858
f 405/513/434 404/514/435 729/1002/856
f 404/514/435 402/515/436 731/986/835
f 398/516/437 400/517/438 727/1019/870
f 398/516/437 728/992/841 731/986/835
f 394/509/431 724/1015/824 723/1020/822
f 392/519/439 723/1020/822 725/947/800
f 733/1021/797 670/1023/799 387/520/440
f 670/946/799 665/945/798 667/961/813
f 721/960/812 722/1944/804 669/1022/805
f 669/952/805 389/429/351 387/520/440
f 674/1024/871 678/994/875 677/964/816
f 673/959/811 667/961/813 665/945/798
f 679/972/823 734/965/817 735/966/814
f 679/972/823 680/979/828 736/995/872
f 734/965/817 736/995/872 737/1025/873
f 665/945/798 668/1026/874 737/1025/873
f 678/994/875 674/1024/871 737/1025/873
f 703/1000/876 701/1008/1423 692/949/864
f 714/1005/859 710/1003/857 708/1027/877
f 710/1003/857 707/988/837 711/997/878
f 696/990/839 741/1028/881 713/1011/879
f 741/1028/881 740/1031/886 715/1010/882
f 706/1006/860 700/941/794 718/1029/883
f 738/993/884 711/997/878 707/988/837
f 694/987/836 696/990/839 712/999/880
f 697/1030/885 739/991/840 741/1028/881
f 739/991/840 698/1033/888 740/1031/886
f 695/1032/887 740/1031/886 698/1033/888
f 740/1031/886 695/1032/887 705/1034/889
f 743/1001/855 705/1034/889 695/1032/887
f 693/942/893 700/941/894 705/1034/889
f 702/1035/892 705/1034/889 700/941/894
f 751/1036/896 772/1071/932 771/1037/897
f 748/1039/898 769/1043/902 775/1040/899
f 748/1039/898 752/1047/903 773/1042/901
f 744/1044/897 749/1063/897 770/1045/897
f 752/1047/903 759/1052/897 774/1048/897
f 755/1049/904 749/1063/923 744/1044/905
f 746/1051/907 745/1050/906 744/1044/905
f 756/1053/909 747/1055/914 752/1047/910
f 756/1053/909 748/1039/911 763/1041/912
f 747/1055/914 746/1051/907 759/1052/908
f 753/1056/915 751/1036/927 750/1038/916
f 761/1058/918 760/1066/926 765/1059/919
f 757/1054/913 763/1041/912 764/1061/921
f 754/1057/917 750/1038/916 749/1063/923
f 762/1064/924 761/1058/918 766/1060/920
f 758/1062/922 764/1061/921 765/1059/919
f 762/1064/924 767/1065/925 751/1036/927
f 776/1067/928 775/1040/899 778/1068/929
f 769/1043/902 779/1070/931 778/1068/929
f 779/1070/931 769/1043/902 773/1042/901
f 774/1048/897 771/1037/897 772/1071/932
f 770/1045/897 771/1037/897 774/1048/897
f 766/1060/933 765/1059/936 777/1069/930
f 759/1052/897 744/1044/897 768/1046/897
f 763/1041/900 775/1040/899 776/1067/928
f 750/1038/897 771/1037/897 770/1045/897
f 767/1065/935 766/1060/933 778/1068/929
f 764/1061/934 776/1067/928 777/1069/930
f 767/1065/935 779/1070/931 772/1071/932
f 791/610/937 792/598/1424 781/1072/938
f 790/1074/940 801/601/948 794/597/941
f 785/1076/943 796/1078/946 798/606/944
f 783/1075/942 794/597/941 796/1078/946
f 782/1079/947 793/591/955 801/601/948
f 799/622/949 797/618/953 786/1080/950
f 784/1082/952 786/1080/950 797/618/953
f 781/1072/938 792/598/1424 793/591/955
f 800/592/956 799/622/949 788/1081/951
f 795/607/954 791/610/937 780/1073/939
f 477/1086/960 478/1908/1400 815/1090/1425
f 815/1090/1425 817/1104/1426 816/1084/958
f 816/1084/958 814/1095/1426 811/1097/1426
f 811/1097/1426 813/1099/1426 812/1085/959
f 812/1085/959 810/1087/1427 477/1086/960
f 477/1086/960 815/1090/1425 816/1084/958
f 816/1084/958 811/1097/1426 812/1085/959
f 810/1087/961 802/1101/1428 475/1088/555
f 815/1090/962 478/631/560 476/630/559
f 476/1094/966 475/1914/1429 802/1945/1430
f 802/1945/1430 804/1946/1431 805/1092/964
f 805/1092/964 803/1947/1431 806/1948/1432
f 806/1948/1432 808/1949/1432 809/1093/965
f 809/1093/965 807/1950/1433 476/1094/966
f 476/1094/966 802/1945/1430 805/1092/964
f 805/1092/964 806/1948/1432 809/1093/965
f 814/1095/967 806/1102/967 803/1096/967
f 716/982/968 717/950/803 692/949/802
f 811/1097/970 803/1096/1434 805/1098/971
f 813/1099/972 805/1098/971 804/1100/973
f 812/1085/974 804/1100/973 802/1101/975
f 806/1102/977 814/1095/1435 816/1084/978
f 808/1103/979 816/1084/978 817/1104/980
f 817/1104/980 815/1090/1436 807/1091/982
f 637/909/787 640/914/787 639/1106/787
f 640/914/787 642/904/787 641/901/787
f 655/1107/983 656/934/791 303/389/324
f 648/1109/985 643/1951/986 646/1110/986
f 651/925/987 305/385/88 496/677/88
f 496/677/88 495/678/88 652/929/987
f 495/678/88 299/375/88 650/927/987
f 760/651/582 433/650/582 431/1111/592
f 664/1113/988 662/401/988 311/403/988
f 821/1115/91 819/1124/91 818/1116/91
f 831/1118/91 823/1121/91 822/1119/91
f 823/1121/44 825/1127/44 824/1122/44
f 821/1115/202 828/1952/202 827/1123/202
f 820/1117/27 818/1116/27 826/1125/27
f 819/1124/44 827/1123/44 826/1125/44
f 824/1122/27 833/1953/27 830/1120/27
f 825/1127/202 823/1121/202 831/1118/202
f 834/1129/176 835/1137/176 837/1130/176
f 838/1132/176 839/1136/176 843/1133/176
f 840/1135/44 841/1138/44 839/1136/44
f 827/1123/202 828/1952/202 837/1130/202
f 836/1131/27 829/1126/27 826/1125/27
f 826/1125/44 827/1123/44 835/1137/44
f 842/1134/27 833/1954/27 840/1135/27
f 841/1138/202 832/1158/202 843/1133/202
f 844/1139/91 845/1146/91 847/1140/91
f 848/1142/91 849/1144/91 831/1118/91
f 850/1143/88 851/1148/88 849/1144/88
f 853/1145/202 828/1955/202 847/1140/202
f 846/1141/27 829/1156/27 852/1147/27
f 852/1147/88 853/1145/88 845/1146/88
f 830/1120/27 833/1953/27 850/1143/27
f 851/1148/202 832/1128/202 831/1118/202
f 857/1149/176 855/1155/176 854/1150/176
f 843/1133/176 859/1153/176 858/1152/176
f 859/1153/88 861/1157/88 860/1154/88
f 857/1149/202 828/1955/202 853/1145/202
f 856/1151/27 854/1150/27 852/1147/27
f 855/1155/88 853/1145/88 852/1147/88
f 860/1154/27 833/1954/27 842/1134/27
f 861/1157/202 859/1153/202 843/1133/202
f 895/1159/989 891/1187/1017 958/1160/990
f 899/1162/992 895/1159/989 962/1161/991
f 903/1164/994 899/1162/992 966/1163/993
f 907/1166/996 903/1164/994 970/1165/995
f 911/1168/998 907/1166/996 974/1167/997
f 915/1170/1000 911/1168/998 978/1169/999
f 919/1172/1002 915/1170/1000 982/1171/1001
f 923/1174/1004 919/1172/1002 986/1173/1003
f 927/1176/1006 923/1174/1004 990/1175/1005
f 875/1178/1008 871/1188/1018 938/1179/1009
f 879/1181/1011 875/1178/1008 942/1180/1010
f 883/1183/1013 879/1181/1011 946/1182/1012
f 887/1185/1015 883/1183/1013 950/1184/1014
f 891/1187/1017 887/1185/1015 954/1186/1016
f 871/1188/1018 867/1194/1024 934/1189/1019
f 926/1254/1070 863/1414/1198 866/1190/1020
f 866/1190/1020 870/1198/1027 874/1203/1031
f 874/1203/1031 878/1207/1034 882/1210/1037
f 882/1210/1037 886/1214/1040 890/1221/1045
f 890/1221/1045 894/1956/1437 898/1191/1021
f 898/1191/1021 902/1228/1050 906/1232/1053
f 906/1232/1053 910/1236/1056 914/1192/1022
f 914/1192/1022 918/1245/1063 922/1249/1066
f 922/1249/1066 926/1254/1070 866/1190/1020
f 866/1190/1020 874/1203/1031 882/1210/1037
f 882/1210/1037 890/1221/1045 898/1191/1021
f 898/1191/1021 906/1232/1053 914/1192/1022
f 914/1192/1022 922/1249/1066 866/1190/1020
f 866/1190/1020 882/1210/1037 898/1191/1021
f 873/1193/1023 869/1957/1026 867/1194/1024
f 872/1195/1025 868/1199/1028 869/1196/1026
f 870/1198/1027 866/1190/1020 868/1199/1028
f 877/1200/1029 873/1193/1023 871/1188/1018
f 876/1201/1030 872/1195/1025 873/1197/1023
f 874/1203/1031 870/1198/1027 872/1195/1025
f 881/1204/1032 877/1200/1029 875/1178/1008
f 880/1205/1033 876/1201/1030 877/1202/1029
f 878/1207/1034 874/1203/1031 876/1201/1030
f 883/1183/1013 885/1211/1036 881/1204/1032
f 884/1208/1035 880/1205/1033 881/1206/1032
f 882/1210/1037 878/1207/1034 880/1205/1033
f 887/1185/1015 889/1215/1039 885/1211/1036
f 888/1212/1038 884/1208/1035 885/1209/1036
f 886/1214/1040 882/1210/1037 884/1208/1035
f 891/1187/1017 893/1218/1041 889/1215/1039
f 893/1216/1041 892/1217/1042 888/1212/1038
f 892/1217/1042 890/1221/1045 886/1214/1040
f 895/1159/989 897/1222/1044 893/1218/1041
f 896/1219/1043 892/1217/1042 893/1216/1041
f 896/1219/1043 894/1956/1437 890/1221/1045
f 899/1162/992 901/1958/1047 897/1222/1044
f 900/1223/1046 896/1219/1043 897/1220/1044
f 898/1191/1021 894/1956/1437 896/1219/1043
f 905/1225/1048 901/1958/1047 899/1162/992
f 904/1226/1049 900/1223/1046 901/1224/1047
f 902/1228/1050 898/1191/1021 900/1223/1046
f 909/1229/1051 905/1225/1048 903/1164/994
f 908/1230/1052 904/1226/1049 905/1227/1048
f 906/1232/1053 902/1228/1050 904/1226/1049
f 913/1233/1054 909/1229/1051 907/1166/996
f 912/1234/1055 908/1230/1052 909/1231/1051
f 910/1236/1056 906/1232/1053 908/1230/1052
f 917/1237/1057 913/1233/1054 911/1168/998
f 916/1238/1058 912/1234/1055 913/1235/1054
f 914/1192/1022 910/1236/1056 912/1234/1055
f 921/1240/1059 917/1237/1057 915/1170/1000
f 921/1241/1059 920/1242/1060 916/1238/1058
f 920/1242/1060 918/1245/1063 914/1192/1022
f 923/1174/1004 925/1246/1061 921/1240/1059
f 925/1243/1061 924/1244/1062 920/1242/1060
f 924/1244/1062 922/1249/1066 918/1245/1063
f 927/1176/1006 929/1251/1065 925/1246/1061
f 928/1247/1064 924/1244/1062 925/1243/1061
f 928/1247/1064 926/1254/1070 922/1249/1066
f 862/1250/1067 864/1413/1069 929/1251/1065
f 865/1252/1068 928/1247/1064 929/1248/1065
f 865/1252/1068 863/1414/1198 926/1254/1070
f 862/1250/1067 927/1176/1006 994/1177/1007
f 939/1256/1072 941/1259/1075 937/1257/1073
f 941/1259/1075 940/1265/1077 936/1260/1076
f 938/1179/1009 934/1189/1019 936/1261/1076
f 943/1263/1078 945/1264/1079 941/1259/1075
f 945/1264/1079 944/1269/1080 940/1265/1077
f 942/1180/1010 938/1179/1009 940/1262/1077
f 947/1267/1081 949/1268/1082 945/1264/1079
f 949/1268/1082 948/1959/1083 944/1269/1080
f 948/1270/1083 946/1182/1012 942/1180/1010
f 953/1271/1084 949/1268/1082 947/1267/1081
f 952/1273/1086 948/1959/1083 949/1268/1082
f 952/1274/1086 950/1184/1014 946/1182/1012
f 955/1275/1087 957/1277/1089 953/1271/1084
f 956/1276/1088 952/1273/1086 953/1271/1084
f 954/1186/1016 950/1184/1014 952/1274/1086
f 961/1279/1090 957/1277/1089 955/1275/1087
f 960/1281/1092 956/1276/1088 957/1277/1089
f 958/1160/990 954/1186/1016 956/1278/1088
f 965/1283/1093 961/1279/1090 959/1280/1091
f 964/1285/1095 960/1281/1092 961/1279/1090
f 962/1161/991 958/1160/990 960/1282/1092
f 969/1287/1096 965/1283/1093 963/1284/1094
f 968/1289/1098 964/1285/1095 965/1283/1093
f 968/1290/1098 966/1163/993 962/1161/991
f 971/1291/1099 973/1292/1100 969/1287/1096
f 973/1292/1100 972/1296/1101 968/1289/1098
f 970/1165/995 966/1163/993 968/1290/1098
f 975/1294/1102 977/1295/1103 973/1292/1100
f 977/1295/1103 976/1300/1104 972/1296/1101
f 976/1297/1104 974/1167/997 970/1165/995
f 979/1298/1105 981/1299/1106 977/1295/1103
f 981/1299/1106 980/1304/1107 976/1300/1104
f 978/1169/999 974/1167/997 976/1297/1104
f 985/1302/1108 981/1299/1106 979/1298/1105
f 985/1302/1108 984/1960/1110 980/1304/1107
f 982/1171/1001 978/1169/999 980/1301/1107
f 989/1306/1111 985/1302/1108 983/1303/1109
f 988/1308/1113 984/1960/1110 985/1302/1108
f 986/1173/1003 982/1171/1001 984/1305/1110
f 993/1310/1114 989/1306/1111 987/1307/1112
f 992/1312/1116 988/1308/1113 989/1306/1111
f 990/1175/1005 986/1173/1003 988/1309/1113
f 997/1314/1117 993/1310/1114 991/1311/1115
f 996/1316/1119 992/1312/1116 993/1310/1114
f 994/1177/1007 990/1175/1005 992/1313/1116
f 932/1318/1120 997/1314/1117 995/1315/1118
f 933/1320/1122 996/1316/1119 997/1314/1117
f 931/1255/1071 994/1177/1007 996/1317/1119
f 943/1263/1078 939/1256/1072 935/1258/1074
f 935/1258/1074 930/1319/1121 995/1315/1118
f 995/1315/1118 991/1311/1115 987/1307/1112
f 987/1307/1112 983/1303/1109 979/1298/1105
f 979/1298/1105 975/1294/1102 971/1291/1099
f 971/1291/1099 967/1288/1097 963/1284/1094
f 963/1284/1094 959/1280/1091 955/1275/1087
f 955/1275/1087 951/1272/1085 947/1267/1081
f 947/1267/1081 943/1263/1078 935/1258/1074
f 935/1258/1074 995/1315/1118 987/1307/1112
f 987/1307/1112 979/1298/1105 971/1291/1099
f 971/1291/1099 963/1284/1094 955/1275/1087
f 955/1275/1087 947/1267/1081 935/1258/1074
f 935/1258/1074 987/1307/1112 971/1291/1099
f 1078/1322/1123 1019/1350/1151 1023/1323/1124
f 1082/1324/1125 1023/1323/1124 1027/1325/1126
f 1086/1326/1127 1027/1325/1126 1031/1327/1128
f 1090/1328/1129 1031/1327/1128 1035/1329/1130
f 1094/1330/1131 1035/1329/1130 1039/1331/1132
f 1098/1332/1133 1039/1331/1132 1043/1333/1134
f 1102/1334/1135 1043/1333/1134 1047/1335/1136
f 1106/1336/1137 1047/1335/1136 1051/1337/1138
f 1110/1338/1139 1051/1337/1138 1055/1339/1140
f 1058/1341/1142 999/1351/1152 1003/1342/1143
f 1062/1343/1144 1003/1342/1143 1007/1344/1145
f 1066/1345/1146 1007/1344/1145 1011/1346/1147
f 1070/1347/1148 1011/1346/1147 1015/1348/1149
f 1074/1349/1150 1015/1348/1149 1019/1350/1151
f 934/1189/1019 867/1355/1024 999/1351/1152
f 866/1190/1020 863/1414/1198 1054/1352/1153
f 1054/1352/1153 1050/1409/1195 1046/1405/1192
f 1046/1405/1192 1042/1401/1189 1038/1397/1186
f 1038/1397/1186 1034/1393/1183 1030/1389/1180
f 1030/1389/1180 1026/1385/1177 1022/1353/1154
f 1022/1353/1154 1018/1378/1172 1014/1374/1169
f 1014/1374/1169 1010/1370/1166 1006/1354/1155
f 1006/1354/1155 1002/1363/1161 998/1359/1158
f 998/1359/1158 866/1190/1020 1054/1352/1153
f 1054/1352/1153 1046/1405/1192 1038/1397/1186
f 1038/1397/1186 1030/1389/1180 1022/1353/1154
f 1022/1353/1154 1014/1374/1169 1006/1354/1155
f 1006/1354/1155 998/1359/1158 1054/1352/1153
f 1054/1352/1153 1038/1397/1186 1022/1353/1154
f 867/1355/1024 869/1961/1026 1001/1356/1156
f 869/1196/1026 868/1199/1028 1000/1357/1157
f 868/1199/1028 866/1190/1020 998/1359/1158
f 999/1351/1152 1001/1356/1156 1005/1360/1159
f 1001/1358/1156 1000/1357/1157 1004/1361/1160
f 1000/1357/1157 998/1359/1158 1002/1363/1161
f 1003/1342/1143 1005/1360/1159 1009/1364/1162
f 1005/1362/1159 1004/1361/1160 1008/1365/1163
f 1004/1361/1160 1002/1363/1161 1006/1354/1155
f 1011/1346/1147 1007/1344/1145 1009/1364/1162
f 1009/1366/1162 1008/1365/1163 1012/1368/1165
f 1008/1365/1163 1006/1354/1155 1010/1370/1166
f 1015/1348/1149 1011/1346/1147 1013/1367/1164
f 1013/1369/1164 1012/1368/1165 1016/1372/1168
f 1012/1368/1165 1010/1370/1166 1014/1374/1169
f 1019/1350/1151 1015/1348/1149 1017/1371/1167
f 1017/1373/1167 1016/1372/1168 1020/1376/1171
f 1020/1376/1171 1016/1372/1168 1014/1374/1169
f 1023/1323/1124 1019/1350/1151 1021/1375/1170
f 1021/1377/1170 1020/1376/1171 1024/1380/1174
f 1024/1380/1174 1020/1376/1171 1018/1378/1172
f 1027/1325/1126 1023/1323/1124 1025/1379/1173
f 1029/1383/1175 1025/1381/1173 1024/1380/1174
f 1028/1384/1176 1024/1380/1174 1022/1353/1154
f 1027/1325/1126 1029/1382/1175 1033/1386/1178
f 1029/1383/1175 1028/1384/1176 1032/1387/1179
f 1032/1387/1179 1028/1384/1176 1026/1385/1177
f 1031/1327/1128 1033/1386/1178 1037/1390/1181
f 1033/1388/1178 1032/1387/1179 1036/1391/1182
f 1032/1387/1179 1030/1389/1180 1034/1393/1183
f 1039/1331/1132 1035/1329/1130 1037/1390/1181
f 1037/1392/1181 1036/1391/1182 1040/1395/1185
f 1036/1391/1182 1034/1393/1183 1038/1397/1186
f 1039/1331/1132 1041/1394/1184 1045/1398/1187
f 1041/1396/1184 1040/1395/1185 1044/1399/1188
f 1040/1395/1185 1038/1397/1186 1042/1401/1189
f 1043/1333/1134 1045/1398/1187 1049/1402/1190
f 1049/1403/1190 1045/1400/1187 1044/1399/1188
f 1048/1404/1191 1044/1399/1188 1042/1401/1189
f 1051/1337/1138 1047/1335/1136 1049/1402/1190
f 1053/1407/1193 1049/1403/1190 1048/1404/1191
f 1052/1408/1194 1048/1404/1191 1046/1405/1192
f 1055/1339/1140 1051/1337/1138 1053/1406/1193
f 1053/1407/1193 1052/1408/1194 1056/1411/1197
f 1056/1411/1197 1052/1408/1194 1050/1409/1195
f 1055/1339/1140 1057/1410/1196 864/1413/1069
f 864/1253/1069 1057/1412/1196 1056/1411/1197
f 865/1252/1068 1056/1411/1197 1054/1352/1153
f 1114/1340/1141 1055/1339/1140 862/1250/1067
f 1059/1415/1199 935/1258/1074 937/1257/1073
f 1061/1416/1200 937/1257/1073 936/1260/1076
f 936/1261/1076 934/1189/1019 1058/1341/1142
f 1063/1419/1202 1059/1415/1199 1061/1416/1200
f 1065/1420/1203 1061/1416/1200 1060/1417/1201
f 1060/1418/1201 1058/1341/1142 1062/1343/1144
f 1067/1423/1205 1063/1419/1202 1065/1420/1203
f 1069/1424/1206 1065/1420/1203 1064/1421/1204
f 1068/1426/1207 1064/1422/1204 1062/1343/1144
f 1067/1423/1205 1069/1424/1206 1073/1427/1208
f 1069/1424/1206 1068/1425/1207 1072/1429/1210
f 1072/1430/1210 1068/1426/1207 1066/1345/1146
f 1075/1431/1211 1071/1428/1209 1073/1427/1208
f 1077/1432/1212 1073/1427/1208 1072/1429/1210
f 1072/1430/1210 1070/1347/1148 1074/1349/1150
f 1075/1431/1211 1077/1432/1212 1081/1435/1214
f 1077/1432/1212 1076/1433/1213 1080/1437/1216
f 1076/1434/1213 1074/1349/1150 1078/1322/1123
f 1079/1436/1215 1081/1435/1214 1085/1439/1217
f 1081/1435/1214 1080/1437/1216 1084/1441/1219
f 1080/1438/1216 1078/1322/1123 1082/1324/1125
f 1083/1440/1218 1085/1439/1217 1089/1443/1220
f 1085/1439/1217 1084/1441/1219 1088/1445/1222
f 1088/1446/1222 1084/1442/1219 1082/1324/1125
f 1091/1447/1223 1087/1444/1221 1089/1443/1220
f 1093/1448/1224 1089/1443/1220 1088/1445/1222
f 1088/1446/1222 1086/1326/1127 1090/1328/1129
f 1095/1451/1226 1091/1447/1223 1093/1448/1224
f 1097/1452/1227 1093/1448/1224 1092/1449/1225
f 1092/1450/1225 1090/1328/1129 1094/1330/1131
f 1099/1455/1229 1095/1451/1226 1097/1452/1227
f 1101/1456/1230 1097/1452/1227 1096/1453/1228
f 1100/1458/1231 1096/1454/1228 1094/1330/1131
f 1099/1455/1229 1101/1456/1230 1105/1459/1232
f 1105/1459/1232 1101/1456/1230 1100/1457/1231
f 1100/1458/1231 1098/1332/1133 1102/1334/1135
f 1103/1460/1233 1105/1459/1232 1109/1463/1235
f 1109/1463/1235 1105/1459/1232 1104/1461/1234
f 1104/1462/1234 1102/1334/1135 1106/1336/1137
f 1107/1464/1236 1109/1463/1235 1113/1467/1238
f 1109/1463/1235 1108/1465/1237 1112/1469/1240
f 1108/1466/1237 1106/1336/1137 1110/1338/1139
f 1111/1468/1239 1113/1467/1238 1117/1471/1241
f 1113/1467/1238 1112/1469/1240 1116/1473/1243
f 1112/1470/1240 1110/1338/1139 1114/1340/1141
f 1115/1472/1242 1117/1471/1241 932/1318/1120
f 1117/1471/1241 1116/1473/1243 933/1320/1122
f 1116/1474/1243 1114/1340/1141 931/1255/1071
f 935/1258/1074 1059/1415/1199 1063/1419/1202
f 1063/1419/1202 1067/1423/1205 1071/1428/1209
f 1071/1428/1209 1075/1431/1211 1079/1436/1215
f 1079/1436/1215 1083/1440/1218 1087/1444/1221
f 1087/1444/1221 1091/1447/1223 1095/1451/1226
f 1095/1451/1226 1099/1455/1229 1103/1460/1233
f 1103/1460/1233 1107/1464/1236 1111/1468/1239
f 1111/1468/1239 1115/1472/1242 930/1319/1121
f 930/1319/1121 935/1258/1074 1063/1419/1202
f 1063/1419/1202 1071/1428/1209 1079/1436/1215
f 1079/1436/1215 1087/1444/1221 1095/1451/1226
f 1095/1451/1226 1103/1460/1233 1111/1468/1239
f 1111/1468/1239 930/1319/1121 1063/1419/1202
f 1063/1419/1202 1079/1436/1215 1095/1451/1226
f 1118/1477/1244 1119/1702/1244 1120/1704/1244
f 1120/1704/1244 1121/1706/1244 1122/1708/1244
f 1122/1708/1244 1123/1710/1330 1124/1712/1244
f 1124/1712/1244 1125/1713/1331 1126/1475/1244
f 1126/1475/1244 1127/1715/1244 1128/1717/1244
f 1128/1717/1244 1129/1718/1244 1130/1476/1244
f 1130/1476/1244 1131/1721/1244 1132/1723/1244
f 1132/1723/1244 1133/1724/1244 1118/1477/1244
f 1118/1477/1244 1120/1704/1244 1122/1708/1244
f 1122/1708/1244 1124/1712/1244 1126/1475/1244
f 1126/1475/1244 1128/1717/1244 1130/1476/1244
f 1130/1476/1244 1132/1723/1244 1118/1477/1244
f 1118/1477/1244 1122/1708/1244 1126/1475/1244
f 1427/1478/1245 1176/1558/1295 1177/1479/1246
f 1161/1481/1246 1162/1528/1293 1394/1482/1247
f 1154/1484/1249 1155/1489/1254 1395/1485/1250
f 1394/1482/1247 1162/1528/1293 1163/1487/1252
f 1155/1489/1254 1156/1492/1257 1397/1490/1255
f 1163/1487/1252 1164/1494/1259 1398/1491/1256
f 1156/1492/1257 1157/1496/1261 1399/1493/1258
f 1164/1494/1259 1165/1501/1266 1400/1495/1260
f 1157/1496/1261 1158/1520/1267 1401/1497/1262
f 1409/1498/1263 1151/1962/1294 1150/1499/1264
f 1165/1501/1266 1151/1962/1294 1409/1498/1263
f 1158/1502/1267 1159/1507/1271 1403/1503/1268
f 1402/1500/1265 1150/1499/1264 1152/1505/1269
f 1159/1507/1271 1160/1510/1245 1405/1508/1272
f 1152/1505/1269 1153/1511/1274 1406/1509/1273
f 1160/1510/1245 1161/1481/1246 1407/1483/1248
f 1153/1511/1274 1154/1484/1249 1408/1486/1251
f 1150/1499/1275 1151/1962/1276 1134/1512/1276
f 1136/1514/1277 1152/1505/1277 1150/1499/1275
f 1153/1511/1278 1152/1505/1277 1136/1514/1277
f 1138/1516/1279 1154/1484/1279 1153/1511/1278
f 1139/1517/1280 1155/1489/1282 1154/1484/1279
f 1140/1518/1281 1156/1492/1281 1155/1489/1282
f 1141/1519/1283 1157/1496/1283 1156/1492/1281
f 1158/1520/1284 1157/1496/1283 1141/1519/1283
f 1159/1507/1285 1158/1502/1284 1142/1522/1284
f 1160/1510/1286 1159/1507/1285 1143/1523/1285
f 1145/1525/1287 1161/1481/1287 1160/1510/1286
f 1146/1526/1288 1162/1528/1288 1161/1481/1287
f 1147/1527/1289 1163/1487/1289 1162/1528/1288
f 1164/1494/1290 1163/1487/1289 1147/1527/1289
f 1165/1501/1291 1164/1494/1290 1148/1529/1290
f 1134/1512/1276 1151/1962/1276 1165/1501/1291
f 1168/1533/1292 1167/1963/1292 1166/1964/1292
f 1166/1964/1292 1181/1965/1438 1180/1966/1292
f 1180/1966/1292 1179/1967/1292 1178/1968/1292
f 1178/1968/1292 1177/1969/1292 1176/1531/1292
f 1176/1531/1292 1175/1970/1292 1174/1971/1292
f 1174/1971/1292 1173/1972/1292 1172/1532/1292
f 1172/1532/1292 1171/1973/1292 1170/1974/1292
f 1170/1974/1292 1169/1975/1292 1168/1533/1292
f 1168/1533/1292 1166/1964/1292 1180/1966/1292
f 1180/1966/1292 1178/1968/1292 1176/1531/1292
f 1176/1531/1292 1174/1971/1292 1172/1532/1292
f 1172/1532/1292 1170/1974/1292 1168/1533/1292
f 1168/1533/1292 1180/1966/1292 1176/1531/1292
f 1169/1534/1274 1170/1976/1249 1428/1535/1249
f 1177/1479/1246 1178/1977/1293 1430/1537/1293
f 1428/1535/1249 1170/1976/1249 1171/1538/1254
f 1430/1537/1293 1178/1977/1293 1179/1540/1252
f 1171/1538/1254 1172/1544/1257 1433/1542/1257
f 1179/1540/1252 1180/1978/1259 1434/1543/1259
f 1172/1544/1257 1173/1979/1261 1435/1545/1261
f 1434/1543/1259 1180/1978/1259 1181/1546/1266
f 1435/1545/1261 1173/1979/1261 1174/1548/1267
f 1166/1550/1294 1167/1556/1264 1438/1551/1264
f 1181/1546/1266 1166/1550/1294 1439/1552/1294
f 1174/1553/1267 1175/1980/1271 1440/1554/1271
f 1167/1556/1264 1168/1981/1269 1441/1557/1269
f 1440/1554/1271 1175/1980/1271 1176/1558/1295
f 1441/1557/1269 1168/1981/1269 1169/1534/1274
f 1194/1559/1249 1195/1982/1249 1185/1560/1249
f 1189/1562/1293 1188/1585/1293 1224/1563/1293
f 1201/1565/1293 1187/1983/1293 1186/1566/1293
f 1187/1568/1244 1183/1573/1244 1182/1569/1244
f 1182/1569/1244 1190/1606/1244 1192/1571/1244
f 1201/1572/1294 1203/1984/1294 1183/1573/1294
f 1190/1574/1249 1202/1587/1249 1345/1575/1296
f 1227/1577/1297 1226/1633/1439 1218/1578/1298
f 1194/1559/1249 1184/1561/1249 1191/1580/1249
f 1186/1566/1293 1192/1985/1293 1205/1582/1293
f 1196/1583/1293 1199/1597/1293 1193/1584/1293
f 1200/1586/1249 1194/1559/1249 1198/1581/1249
f 1193/1588/1300 1199/1598/1267 1198/1589/1267
f 1189/1591/1294 1185/1642/1294 1195/1592/1294
f 1189/1562/1293 1197/1600/1293 1196/1583/1293
f 1203/1594/1249 1195/1982/1249 1194/1559/1249
f 1183/1595/1249 1203/1594/1249 1200/1586/1249
f 1200/1586/1249 1202/1587/1249 1190/1574/1249
f 1204/1567/1293 1205/1582/1293 1199/1597/1293
f 1199/1598/1267 1205/1604/1267 1202/1599/1267
f 1195/1592/1294 1203/1984/1294 1201/1572/1294
f 1197/1600/1293 1201/1565/1293 1204/1567/1293
f 1214/1601/1293 1211/1986/1293 1213/1602/1293
f 1205/1604/1292 1342/1811/1302 1345/1605/1302
f 1190/1606/1244 1339/1817/1303 1340/1607/1303
f 1341/1608/1304 1334/1816/1305 1335/1609/1305
f 1212/1611/1306 1213/1618/1306 1211/1612/1306
f 1217/1614/1249 1216/1627/1249 1212/1615/1249
f 1216/1617/1307 1215/1625/1313 1213/1618/1308
f 1217/1619/1309 1210/1987/1310 1211/1620/1310
f 1206/1622/1311 1217/1619/1309 1214/1621/1309
f 1208/1624/1312 1209/1988/1312 1215/1625/1313
f 1206/1626/1249 1208/1989/1249 1216/1627/1249
f 1207/1628/1293 1214/1601/1293 1215/1603/1293
f 1219/1630/1314 1221/1990/1314 1220/1631/1314
f 1228/1632/1315 1219/1630/1315 1218/1578/1315
f 1227/1634/1316 1220/1991/1316 1221/1635/1316
f 1229/1637/1317 1221/1992/1440 1219/1630/1318
f 1222/1638/1292 1223/1643/1292 1225/1639/1292
f 1188/1641/1320 1184/1993/1320 1222/1638/1267
f 1185/1642/1294 1189/1591/1294 1225/1639/1294
f 1185/1560/1249 1223/1994/1249 1222/1644/1249
f 1193/1645/1321 1229/1637/1441 1228/1632/1322
f 1191/1590/1301 1227/1634/1442 1229/1636/1324
f 1188/1646/1320 1228/1632/1325 1226/1633/1325
f 1191/1648/1326 1184/1647/1443 1226/1633/1327
f 1230/1649/1244 1232/1661/1244 1233/1650/1244
f 1234/1652/1292 1235/1656/1292 1237/1653/1292
f 1233/1655/1294 1237/1653/1294 1235/1656/1294
f 1230/1658/1249 1231/1995/1249 1235/1656/1249
f 1232/1659/1293 1236/1654/1293 1237/1653/1293
f 1230/1649/1329 1234/1652/1329 1236/1654/1329
f 1238/1664/1244 1239/1996/1244 1240/1997/1244
f 1240/1997/1244 1241/1998/1244 1242/1999/1244
f 1242/1999/1244 1243/2000/1244 1244/2001/1244
f 1244/2001/1244 1245/2002/1330 1246/1662/1244
f 1246/1662/1244 1247/2003/1244 1248/2004/1244
f 1248/2004/1244 1249/2005/1244 1250/1663/1244
f 1250/1663/1244 1251/2006/1244 1252/2007/1244
f 1252/2007/1244 1253/2008/1244 1238/1664/1244
f 1238/1664/1244 1240/1997/1244 1242/1999/1244
f 1242/1999/1244 1244/2001/1244 1246/1662/1244
f 1246/1662/1244 1248/2004/1244 1250/1663/1244
f 1250/1663/1244 1252/2007/1244 1238/1664/1244
f 1238/1664/1244 1242/1999/1244 1246/1662/1244
f 1256/1667/1292 1255/2009/1292 1254/2010/1292
f 1254/2010/1292 1269/2011/1292 1268/2012/1292
f 1268/2012/1292 1267/2013/1292 1266/2014/1292
f 1266/2014/1292 1265/2015/1292 1264/1665/1292
f 1264/1665/1292 1263/2016/1292 1262/2017/1292
f 1262/2017/1292 1261/2018/1292 1260/1666/1292
f 1260/1666/1292 1259/2019/1292 1258/2020/1292
f 1258/2020/1292 1257/2021/1438 1256/1667/1292
f 1256/1667/1292 1254/2010/1292 1268/2012/1292
f 1268/2012/1292 1266/2014/1292 1264/1665/1292
f 1264/1665/1292 1262/2017/1292 1260/1666/1292
f 1260/1666/1292 1258/2020/1292 1256/1667/1292
f 1256/1667/1292 1268/2012/1292 1264/1665/1292
f 1318/1668/1294 1254/1672/1294 1255/1669/1264
f 1319/1671/1266 1269/1698/1266 1254/1672/1294
f 1320/1673/1267 1262/2022/1267 1263/1674/1271
f 1323/1676/1269 1321/1670/1264 1255/1669/1264
f 1322/1675/1271 1263/1674/1271 1264/1678/1295
f 1323/1676/1269 1256/1677/1269 1257/1680/1274
f 1324/1679/1245 1264/1678/1295 1265/1682/1246
f 1327/1684/1249 1325/1681/1274 1257/1680/1274
f 1328/1686/1293 1326/1683/1246 1265/1682/1246
f 1327/1684/1249 1258/1685/1249 1259/1688/1254
f 1330/1690/1252 1328/1686/1293 1266/1687/1293
f 1331/1692/1257 1329/1689/1254 1259/1688/1254
f 1332/1694/1259 1330/1690/1252 1267/1691/1252
f 1333/1696/1261 1331/1692/1257 1260/1693/1257
f 1319/1671/1266 1332/1694/1259 1268/1695/1259
f 1320/1699/1267 1333/1696/1261 1261/1697/1261
f 1118/1477/1244 1271/2023/1244 1270/1701/1244
f 1119/1702/1244 1270/1701/1244 1272/1703/1244
f 1120/1704/1244 1272/1703/1244 1273/1705/1244
f 1121/1706/1244 1273/1705/1244 1274/1707/1244
f 1122/1708/1244 1274/1707/1244 1275/1709/1244
f 1123/1710/1330 1275/1709/1244 1276/1711/1244
f 1276/1711/1244 1277/2024/1244 1125/1713/1331
f 1125/1713/1331 1277/2024/1244 1278/1714/1244
f 1278/1714/1244 1279/2025/1244 1127/1715/1244
f 1127/1715/1244 1279/2025/1244 1280/1716/1244
f 1280/1716/1244 1281/2026/1244 1129/1718/1244
f 1129/1718/1244 1281/2026/1244 1282/1719/1244
f 1130/1476/1244 1282/1719/1244 1283/1720/1244
f 1131/1721/1244 1283/1720/1244 1284/1722/1244
f 1284/1722/1244 1285/1725/1244 1133/1724/1244
f 1285/1725/1244 1271/2023/1244 1118/1477/1244
f 1301/1726/1274 1289/1754/1249 1274/1727/1249
f 1280/1729/1245 1300/1876/1245 1287/1730/1246
f 1299/1732/1269 1301/1726/1274 1273/1728/1274
f 1298/1734/1271 1300/1876/1245 1280/1729/1245
f 1296/1736/1264 1299/1732/1269 1272/1733/1332
f 1295/1738/1267 1298/1734/1271 1279/1735/1271
f 1294/1740/1266 1297/1875/1294 1271/1741/1294
f 1271/1741/1294 1297/1875/1294 1296/1736/1264
f 1277/1743/1261 1293/1748/1261 1295/1744/1267
f 1284/1746/1259 1292/1874/1259 1294/1740/1266
f 1276/1747/1257 1291/1873/1257 1293/1748/1261
f 1290/1749/1252 1292/1874/1259 1284/1746/1259
f 1288/1751/1254 1291/1873/1257 1276/1747/1257
f 1282/1753/1293 1286/1872/1293 1290/1749/1252
f 1289/1754/1249 1288/1751/1254 1275/1752/1254
f 1287/1730/1246 1286/1872/1293 1282/1753/1293
f 1246/1755/1267 1245/1762/1261 1317/1756/1261
f 1252/1758/1259 1316/1764/1259 1304/1759/1266
f 1244/1761/1257 1315/1766/1257 1317/1756/1261
f 1252/1758/1259 1251/1768/1252 1314/1763/1252
f 1243/1765/1254 1313/1770/1254 1315/1766/1257
f 1250/1767/1293 1312/1772/1293 1314/1763/1252
f 1243/1765/1254 1242/1773/1249 1311/1769/1249
f 1250/1767/1293 1249/1776/1246 1310/1771/1246
f 1242/1773/1249 1241/1777/1274 1309/1774/1274
f 1248/1775/1245 1308/1780/1245 1310/1771/1246
f 1241/1777/1274 1240/1782/1269 1307/1778/1269
f 1248/1775/1245 1247/1784/1271 1306/1779/1271
f 1239/1781/1264 1303/1787/1264 1307/1778/1269
f 1246/1783/1267 1305/1854/1267 1306/1779/1271
f 1253/1760/1266 1304/1759/1266 1302/1785/1294
f 1239/1781/1264 1238/1786/1294 1302/1785/1294
f 1377/1788/1261 1333/1696/1261 1320/1699/1267
f 1376/1790/1259 1332/1694/1259 1319/1671/1266
f 1377/1788/1261 1375/1792/1257 1331/1692/1257
f 1376/1790/1259 1374/1793/1252 1330/1690/1252
f 1375/1792/1257 1373/1795/1254 1329/1689/1254
f 1374/1793/1252 1372/1796/1293 1328/1686/1293
f 1371/1794/1249 1327/1684/1249 1329/1689/1254
f 1372/1796/1293 1370/1798/1246 1326/1683/1246
f 1371/1794/1249 1369/1800/1274 1325/1681/1274
f 1368/1797/1245 1324/1679/1245 1326/1683/1246
f 1367/1799/1269 1323/1676/1269 1325/1681/1274
f 1368/1797/1245 1366/1802/1271 1322/1675/1271
f 1365/1801/1264 1321/1670/1264 1323/1676/1269
f 1366/1802/1271 1364/1853/1267 1320/1673/1267
f 1363/1791/1266 1319/1671/1266 1318/1668/1294
f 1365/1801/1264 1362/1803/1294 1318/1668/1294
f 1343/1804/1292 1209/1988/1312 1208/1624/1312
f 1205/1582/1293 1192/1985/1293 1340/1806/1333
f 1341/1808/1293 1207/1628/1293 1209/1629/1293
f 1338/1610/1244 1206/1622/1311 1207/1623/1311
f 1336/1810/1334 1345/1605/1302 1342/1811/1302
f 1336/1813/1335 1335/2027/1335 1339/1576/1296
f 1337/1814/1336 1342/1807/1333 1340/1806/1333
f 1334/1816/1305 1340/1607/1303 1339/1817/1303
f 1344/1818/1249 1208/1989/1249 1206/1626/1249
f 1343/1809/1337 1337/1814/1336 1334/1815/1336
f 1338/1819/1338 1335/2027/1335 1336/1813/1335
f 1343/1804/1339 1344/1805/1339 1336/1810/1334
f 1378/1820/1264 1391/1824/1294 1359/1821/1294
f 1392/1823/1266 1360/1850/1266 1359/1821/1294
f 1393/1825/1267 1361/2028/1267 1347/1826/1271
f 1378/1820/1264 1346/1822/1264 1348/1828/1269
f 1381/1830/1245 1379/1827/1271 1347/1826/1271
f 1380/1829/1269 1348/1828/1269 1350/1832/1274
f 1381/1830/1245 1349/1831/1245 1351/1834/1246
f 1384/1836/1249 1382/1833/1274 1350/1832/1274
f 1385/1838/1293 1383/1835/1246 1351/1834/1246
f 1384/1836/1249 1352/1837/1249 1354/1840/1254
f 1387/1842/1252 1385/1838/1293 1353/1839/1293
f 1388/1844/1257 1386/1841/1254 1354/1840/1254
f 1389/1846/1259 1387/1842/1252 1355/1843/1252
f 1388/1844/1257 1356/1845/1257 1358/1848/1261
f 1392/1823/1266 1389/1846/1259 1357/1847/1259
f 1390/1849/1261 1358/1848/1261 1361/1851/1267
f 1359/1821/1340 1362/1803/1340 1365/1801/1341
f 1360/1850/1342 1363/1791/1357 1362/1803/1340
f 1347/1826/1343 1361/2028/1344 1364/1853/1344
f 1346/1822/1341 1365/1801/1341 1367/1799/1345
f 1349/1831/1346 1347/1826/1343 1366/1802/1343
f 1348/1828/1345 1367/1799/1345 1369/1800/1347
f 1349/1831/1346 1368/1797/1346 1370/1798/1348
f 1352/1837/1349 1350/1832/1347 1369/1800/1347
f 1353/1839/1350 1351/1834/1348 1370/1798/1348
f 1352/1837/1349 1371/1794/1349 1373/1795/1351
f 1355/1843/1352 1353/1839/1350 1372/1796/1350
f 1356/1845/1353 1354/1840/1351 1373/1795/1351
f 1355/1843/1352 1374/1793/1352 1376/1790/1354
f 1358/1848/1356 1356/1845/1353 1375/1792/1353
f 1357/1847/1355 1376/1790/1354 1363/1791/1357
f 1361/1851/1344 1358/1848/1356 1377/1788/1356
f 1305/1757/1267 1317/1756/1261 1390/1849/1261
f 1304/1759/1266 1316/1764/1259 1389/1846/1259
f 1317/1756/1261 1315/1766/1257 1388/1844/1257
f 1314/1763/1252 1387/1842/1252 1389/1846/1259
f 1313/1770/1254 1386/1841/1254 1388/1844/1257
f 1312/1772/1293 1385/1838/1293 1387/1842/1252
f 1311/1769/1249 1384/1836/1249 1386/1841/1254
f 1310/1771/1246 1383/1835/1246 1385/1838/1293
f 1311/1769/1249 1309/1774/1274 1382/1833/1274
f 1308/1780/1245 1381/1830/1245 1383/1835/1246
f 1307/1778/1269 1380/1829/1269 1382/1833/1274
f 1308/1780/1245 1306/1779/1271 1379/1827/1271
f 1307/1778/1269 1303/1787/1264 1378/1820/1264
f 1305/1854/1267 1393/1825/1267 1379/1827/1271
f 1304/1759/1266 1392/1823/1266 1391/1824/1294
f 1303/1787/1264 1302/1785/1294 1391/1824/1294
f 1406/1509/1273 1408/1486/1251 1411/1855/1358
f 1424/1857/1360 1405/1508/1272 1407/1483/1248
f 1404/1506/1270 1406/1509/1273 1425/1856/1359
f 1403/1503/1268 1405/1508/1272 1424/1857/1360
f 1421/1861/1364 1402/1500/1265 1404/1506/1270
f 1401/1504/1262 1403/1503/1268 1422/1860/1363
f 1400/1495/1260 1409/1498/1263 1412/1863/1366
f 1409/1498/1263 1402/1500/1265 1421/1861/1364
f 1418/1865/1368 1399/1493/1258 1401/1497/1262
f 1398/1491/1256 1400/1495/1260 1419/1864/1367
f 1397/1490/1255 1399/1493/1258 1418/1865/1368
f 1396/1488/1253 1398/1491/1256 1417/1867/1369
f 1395/1485/1250 1397/1490/1255 1416/1868/1370
f 1394/1482/1247 1396/1488/1253 1415/1869/1371
f 1411/1855/1358 1408/1486/1251 1395/1485/1250
f 1407/1483/1248 1394/1482/1247 1413/1871/1373
f 1410/1858/1361 1413/1871/1373 1286/1872/1293
f 1289/1754/1249 1411/1855/1358 1414/1870/1372
f 1413/1871/1373 1415/1869/1371 1290/1749/1252
f 1414/1870/1372 1416/1868/1370 1291/1873/1257
f 1290/1749/1252 1415/1869/1371 1417/1867/1369
f 1416/1868/1370 1418/1865/1368 1293/1748/1261
f 1417/1867/1369 1419/1864/1367 1294/1740/1266
f 1293/1748/1261 1418/1865/1368 1420/1866/1365
f 1412/1863/1366 1421/1861/1364 1296/1736/1264
f 1419/1864/1367 1412/1863/1366 1297/1875/1294
f 1295/1738/1267 1420/1862/1365 1422/1860/1363
f 1296/1736/1264 1421/1861/1364 1423/1859/1362
f 1422/1860/1363 1424/1857/1360 1300/1876/1245
f 1423/1859/1362 1425/1856/1359 1301/1726/1274
f 1424/1857/1360 1410/1858/1361 1287/1730/1246
f 1301/1726/1274 1425/1856/1359 1411/1855/1358
f 1441/1557/1269 1429/1536/1274 1137/1515/1274
f 1143/1523/1271 1440/1554/1271 1427/1478/1245
f 1438/1551/1264 1441/1557/1269 1136/1514/1332
f 1142/1522/1267 1437/1555/1267 1440/1554/1271
f 1436/1547/1266 1439/1552/1294 1134/1512/1294
f 1439/1552/1294 1438/1551/1264 1135/1513/1264
f 1435/1545/1261 1437/1549/1267 1142/1521/1267
f 1148/1529/1259 1434/1543/1259 1436/1547/1266
f 1433/1542/1257 1435/1545/1261 1141/1519/1261
f 1147/1527/1252 1432/1541/1252 1434/1543/1259
f 1139/1517/1254 1431/1539/1254 1433/1542/1257
f 1146/1526/1293 1430/1537/1293 1432/1541/1252
f 1138/1516/1249 1428/1535/1249 1431/1539/1254
f 1426/1480/1246 1430/1537/1293 1146/1526/1293
f 1429/1536/1274 1428/1535/1249 1138/1516/1249
f 1427/1478/1245 1426/1480/1246 1145/1525/1246
